route,target,budget,source_system,destination_system,heldout_cluster,destination_state,panel_index,source_frequency_hz,source_f_char_hz,source_normalized_coordinate,destination_f_char_hz,requested_destination_hz,mapped_destination_hz,relative_mapping_error,mapping_method,train_only_clock,n_training_animals_clock,state_fallback,n_training_clusters_clock,clock_fit_stable_1pct
rat_Model16D_to_Awinda,ATP0.1,1,Rat_Model16D,Awinda,Mouse_328,N47K|Control,1,3.16228,15.398299849943184,0.2053655293647024,7.005420833333334,1.4386719578600147,1.5083,0.04839744165414548,nearest measured frequency in log distance; no interpolation,True,4.0,False,,
rat_Model16D_to_Awinda,ATP0.1,2,Rat_Model16D,Awinda,Mouse_328,N47K|Control,1,10.0,15.398299849943184,0.6494223451582479,7.005420833333334,4.549476826403781,4.5083,0.009050892657547627,nearest measured frequency in log distance; no interpolation,True,4.0,False,,
rat_Model16D_to_Awinda,ATP0.1,2,Rat_Model16D,Awinda,Mouse_328,N47K|Control,2,1.0,15.398299849943184,0.0649422345158248,7.005420833333334,0.45494768264037816,0.5083,0.11727132458391956,nearest measured frequency in log distance; no interpolation,True,4.0,False,,
rat_Model16D_to_Awinda,ATP0.1,3,Rat_Model16D,Awinda,Mouse_328,N47K|Control,1,10.0,15.398299849943184,0.6494223451582479,7.005420833333334,4.549476826403781,4.5083,0.009050892657547627,nearest measured frequency in log distance; no interpolation,True,4.0,False,,
rat_Model16D_to_Awinda,ATP0.1,3,Rat_Model16D,Awinda,Mouse_328,N47K|Control,2,1.0,15.398299849943184,0.0649422345158248,7.005420833333334,0.45494768264037816,0.5083,0.11727132458391956,nearest measured frequency in log distance; no interpolation,True,4.0,False,,
rat_Model16D_to_Awinda,ATP0.1,3,Rat_Model16D,Awinda,Mouse_328,N47K|Control,3,3.16228,15.398299849943184,0.2053655293647024,7.005420833333334,1.4386719578600147,1.5083,0.04839744165414548,nearest measured frequency in log distance; no interpolation,True,4.0,False,,
rat_Model16D_to_Awinda,ATP0.1,1,Rat_Model16D,Awinda,Mouse_331,N47K|0.3_uM_mavacamten,1,3.16228,15.398299849943184,0.2053655293647024,5.3053,1.0895257429385556,1.0083,0.07455146742974796,nearest measured frequency in log distance; no interpolation,True,3.0,False,,
rat_Model16D_to_Awinda,ATP0.1,2,Rat_Model16D,Awinda,Mouse_331,N47K|0.3_uM_mavacamten,1,10.0,15.398299849943184,0.6494223451582479,5.3053,3.4453803677680526,3.5083,0.018262027850558492,nearest measured frequency in log distance; no interpolation,True,3.0,False,,
rat_Model16D_to_Awinda,ATP0.1,2,Rat_Model16D,Awinda,Mouse_331,N47K|0.3_uM_mavacamten,2,1.0,15.398299849943184,0.0649422345158248,5.3053,0.34453803677680533,0.5083,0.4753088069903905,nearest measured frequency in log distance; no interpolation,True,3.0,False,,
rat_Model16D_to_Awinda,ATP0.1,3,Rat_Model16D,Awinda,Mouse_331,N47K|0.3_uM_mavacamten,1,10.0,15.398299849943184,0.6494223451582479,5.3053,3.4453803677680526,3.5083,0.018262027850558492,nearest measured frequency in log distance; no interpolation,True,3.0,False,,
rat_Model16D_to_Awinda,ATP0.1,3,Rat_Model16D,Awinda,Mouse_331,N47K|0.3_uM_mavacamten,2,1.0,15.398299849943184,0.0649422345158248,5.3053,0.34453803677680533,0.5083,0.4753088069903905,nearest measured frequency in log distance; no interpolation,True,3.0,False,,
rat_Model16D_to_Awinda,ATP0.1,3,Rat_Model16D,Awinda,Mouse_331,N47K|0.3_uM_mavacamten,3,3.16228,15.398299849943184,0.2053655293647024,5.3053,1.0895257429385556,1.0083,0.07455146742974796,nearest measured frequency in log distance; no interpolation,True,3.0,False,,
rat_Model16D_to_Awinda,ATP0.1,1,Rat_Model16D,Awinda,Mouse_331,N47K|Control,1,3.16228,15.398299849943184,0.2053655293647024,7.629408333333334,1.566817481114472,1.5083,0.0373479884031219,nearest measured frequency in log distance; no interpolation,True,4.0,False,,
rat_Model16D_to_Awinda,ATP0.1,2,Rat_Model16D,Awinda,Mouse_331,N47K|Control,1,10.0,15.398299849943184,0.6494223451582479,7.629408333333334,4.954708252003213,5.0083,0.010816327676835404,nearest measured frequency in log distance; no interpolation,True,4.0,False,,
rat_Model16D_to_Awinda,ATP0.1,2,Rat_Model16D,Awinda,Mouse_331,N47K|Control,2,1.0,15.398299849943184,0.0649422345158248,7.629408333333334,0.49547082520032143,0.5083,0.025892896508067136,nearest measured frequency in log distance; no interpolation,True,4.0,False,,
rat_Model16D_to_Awinda,ATP0.1,3,Rat_Model16D,Awinda,Mouse_331,N47K|Control,1,10.0,15.398299849943184,0.6494223451582479,7.629408333333334,4.954708252003213,5.0083,0.010816327676835404,nearest measured frequency in log distance; no interpolation,True,4.0,False,,
rat_Model16D_to_Awinda,ATP0.1,3,Rat_Model16D,Awinda,Mouse_331,N47K|Control,2,1.0,15.398299849943184,0.0649422345158248,7.629408333333334,0.49547082520032143,0.5083,0.025892896508067136,nearest measured frequency in log distance; no interpolation,True,4.0,False,,
rat_Model16D_to_Awinda,ATP0.1,3,Rat_Model16D,Awinda,Mouse_331,N47K|Control,3,3.16228,15.398299849943184,0.2053655293647024,7.629408333333334,1.566817481114472,1.5083,0.0373479884031219,nearest measured frequency in log distance; no interpolation,True,4.0,False,,
rat_Model16D_to_Awinda,ATP0.1,1,Rat_Model16D,Awinda,Mouse_333,N47K|0.3_uM_mavacamten,1,3.16228,15.398299849943184,0.2053655293647024,5.7442,1.1796606737767235,1.0083,0.14526268238484757,nearest measured frequency in log distance; no interpolation,True,3.0,False,,
rat_Model16D_to_Awinda,ATP0.1,2,Rat_Model16D,Awinda,Mouse_333,N47K|0.3_uM_mavacamten,1,10.0,15.398299849943184,0.6494223451582479,5.7442,3.7304118350580078,3.7583,0.007475894398549366,nearest measured frequency in log distance; no interpolation,True,3.0,False,,
rat_Model16D_to_Awinda,ATP0.1,2,Rat_Model16D,Awinda,Mouse_333,N47K|0.3_uM_mavacamten,2,1.0,15.398299849943184,0.0649422345158248,5.7442,0.37304118350580084,0.5083,0.3625841394321435,nearest measured frequency in log distance; no interpolation,True,3.0,False,,
rat_Model16D_to_Awinda,ATP0.1,3,Rat_Model16D,Awinda,Mouse_333,N47K|0.3_uM_mavacamten,1,10.0,15.398299849943184,0.6494223451582479,5.7442,3.7304118350580078,3.7583,0.007475894398549366,nearest measured frequency in log distance; no interpolation,True,3.0,False,,
rat_Model16D_to_Awinda,ATP0.1,3,Rat_Model16D,Awinda,Mouse_333,N47K|0.3_uM_mavacamten,2,1.0,15.398299849943184,0.0649422345158248,5.7442,0.37304118350580084,0.5083,0.3625841394321435,nearest measured frequency in log distance; no interpolation,True,3.0,False,,
rat_Model16D_to_Awinda,ATP0.1,3,Rat_Model16D,Awinda,Mouse_333,N47K|0.3_uM_mavacamten,3,3.16228,15.398299849943184,0.2053655293647024,5.7442,1.1796606737767235,1.0083,0.14526268238484757,nearest measured frequency in log distance; no interpolation,True,3.0,False,,
rat_Model16D_to_Awinda,ATP0.1,1,Rat_Model16D,Awinda,Mouse_333,N47K|Control,1,3.16228,15.398299849943184,0.2053655293647024,7.629408333333334,1.566817481114472,1.5083,0.0373479884031219,nearest measured frequency in log distance; no interpolation,True,4.0,False,,
rat_Model16D_to_Awinda,ATP0.1,2,Rat_Model16D,Awinda,Mouse_333,N47K|Control,1,10.0,15.398299849943184,0.6494223451582479,7.629408333333334,4.954708252003213,5.0083,0.010816327676835404,nearest measured frequency in log distance; no interpolation,True,4.0,False,,
rat_Model16D_to_Awinda,ATP0.1,2,Rat_Model16D,Awinda,Mouse_333,N47K|Control,2,1.0,15.398299849943184,0.0649422345158248,7.629408333333334,0.49547082520032143,0.5083,0.025892896508067136,nearest measured frequency in log distance; no interpolation,True,4.0,False,,
rat_Model16D_to_Awinda,ATP0.1,3,Rat_Model16D,Awinda,Mouse_333,N47K|Control,1,10.0,15.398299849943184,0.6494223451582479,7.629408333333334,4.954708252003213,5.0083,0.010816327676835404,nearest measured frequency in log distance; no interpolation,True,4.0,False,,
rat_Model16D_to_Awinda,ATP0.1,3,Rat_Model16D,Awinda,Mouse_333,N47K|Control,2,1.0,15.398299849943184,0.0649422345158248,7.629408333333334,0.49547082520032143,0.5083,0.025892896508067136,nearest measured frequency in log distance; no interpolation,True,4.0,False,,
rat_Model16D_to_Awinda,ATP0.1,3,Rat_Model16D,Awinda,Mouse_333,N47K|Control,3,3.16228,15.398299849943184,0.2053655293647024,7.629408333333334,1.566817481114472,1.5083,0.0373479884031219,nearest measured frequency in log distance; no interpolation,True,4.0,False,,
rat_Model16D_to_Awinda,ATP0.1,1,Rat_Model16D,Awinda,Mouse_394,N47K|0.3_uM_mavacamten,1,3.16228,15.398299849943184,0.2053655293647024,5.3053,1.0895257429385556,1.0083,0.07455146742974796,nearest measured frequency in log distance; no interpolation,True,3.0,False,,
rat_Model16D_to_Awinda,ATP0.1,2,Rat_Model16D,Awinda,Mouse_394,N47K|0.3_uM_mavacamten,1,10.0,15.398299849943184,0.6494223451582479,5.3053,3.4453803677680526,3.5083,0.018262027850558492,nearest measured frequency in log distance; no interpolation,True,3.0,False,,
rat_Model16D_to_Awinda,ATP0.1,2,Rat_Model16D,Awinda,Mouse_394,N47K|0.3_uM_mavacamten,2,1.0,15.398299849943184,0.0649422345158248,5.3053,0.34453803677680533,0.5083,0.4753088069903905,nearest measured frequency in log distance; no interpolation,True,3.0,False,,
rat_Model16D_to_Awinda,ATP0.1,3,Rat_Model16D,Awinda,Mouse_394,N47K|0.3_uM_mavacamten,1,10.0,15.398299849943184,0.6494223451582479,5.3053,3.4453803677680526,3.5083,0.018262027850558492,nearest measured frequency in log distance; no interpolation,True,3.0,False,,
rat_Model16D_to_Awinda,ATP0.1,3,Rat_Model16D,Awinda,Mouse_394,N47K|0.3_uM_mavacamten,2,1.0,15.398299849943184,0.0649422345158248,5.3053,0.34453803677680533,0.5083,0.4753088069903905,nearest measured frequency in log distance; no interpolation,True,3.0,False,,
rat_Model16D_to_Awinda,ATP0.1,3,Rat_Model16D,Awinda,Mouse_394,N47K|0.3_uM_mavacamten,3,3.16228,15.398299849943184,0.2053655293647024,5.3053,1.0895257429385556,1.0083,0.07455146742974796,nearest measured frequency in log distance; no interpolation,True,3.0,False,,
rat_Model16D_to_Awinda,ATP0.1,1,Rat_Model16D,Awinda,Mouse_394,N47K|Control,1,3.16228,15.398299849943184,0.2053655293647024,5.1760625000000005,1.062984815337285,1.0083,0.05144458749388014,nearest measured frequency in log distance; no interpolation,True,4.0,False,,
rat_Model16D_to_Awinda,ATP0.1,2,Rat_Model16D,Awinda,Mouse_394,N47K|Control,1,10.0,15.398299849943184,0.6494223451582479,5.1760625000000005,3.361450647435664,3.2583,0.030686348917350226,nearest measured frequency in log distance; no interpolation,True,4.0,False,,
rat_Model16D_to_Awinda,ATP0.1,2,Rat_Model16D,Awinda,Mouse_394,N47K|Control,2,1.0,15.398299849943184,0.0649422345158248,5.1760625000000005,0.3361450647435664,0.5083,0.5121447652005977,nearest measured frequency in log distance; no interpolation,True,4.0,False,,
rat_Model16D_to_Awinda,ATP0.1,3,Rat_Model16D,Awinda,Mouse_394,N47K|Control,1,10.0,15.398299849943184,0.6494223451582479,5.1760625000000005,3.361450647435664,3.2583,0.030686348917350226,nearest measured frequency in log distance; no interpolation,True,4.0,False,,
rat_Model16D_to_Awinda,ATP0.1,3,Rat_Model16D,Awinda,Mouse_394,N47K|Control,2,1.0,15.398299849943184,0.0649422345158248,5.1760625000000005,0.3361450647435664,0.5083,0.5121447652005977,nearest measured frequency in log distance; no interpolation,True,4.0,False,,
rat_Model16D_to_Awinda,ATP0.1,3,Rat_Model16D,Awinda,Mouse_394,N47K|Control,3,3.16228,15.398299849943184,0.2053655293647024,5.1760625000000005,1.062984815337285,1.0083,0.05144458749388014,nearest measured frequency in log distance; no interpolation,True,4.0,False,,
rat_Model16D_to_Awinda,ATP0.1,1,Rat_Model16D,Awinda,Mouse_401,N47K|0.3_uM_mavacamten,1,3.16228,15.398299849943184,0.2053655293647024,5.7442,1.1796606737767235,1.0083,0.14526268238484757,nearest measured frequency in log distance; no interpolation,True,3.0,False,,
rat_Model16D_to_Awinda,ATP0.1,2,Rat_Model16D,Awinda,Mouse_401,N47K|0.3_uM_mavacamten,1,10.0,15.398299849943184,0.6494223451582479,5.7442,3.7304118350580078,3.7583,0.007475894398549366,nearest measured frequency in log distance; no interpolation,True,3.0,False,,
rat_Model16D_to_Awinda,ATP0.1,2,Rat_Model16D,Awinda,Mouse_401,N47K|0.3_uM_mavacamten,2,1.0,15.398299849943184,0.0649422345158248,5.7442,0.37304118350580084,0.5083,0.3625841394321435,nearest measured frequency in log distance; no interpolation,True,3.0,False,,
rat_Model16D_to_Awinda,ATP0.1,3,Rat_Model16D,Awinda,Mouse_401,N47K|0.3_uM_mavacamten,1,10.0,15.398299849943184,0.6494223451582479,5.7442,3.7304118350580078,3.7583,0.007475894398549366,nearest measured frequency in log distance; no interpolation,True,3.0,False,,
rat_Model16D_to_Awinda,ATP0.1,3,Rat_Model16D,Awinda,Mouse_401,N47K|0.3_uM_mavacamten,2,1.0,15.398299849943184,0.0649422345158248,5.7442,0.37304118350580084,0.5083,0.3625841394321435,nearest measured frequency in log distance; no interpolation,True,3.0,False,,
rat_Model16D_to_Awinda,ATP0.1,3,Rat_Model16D,Awinda,Mouse_401,N47K|0.3_uM_mavacamten,3,3.16228,15.398299849943184,0.2053655293647024,5.7442,1.1796606737767235,1.0083,0.14526268238484757,nearest measured frequency in log distance; no interpolation,True,3.0,False,,
rat_Model16D_to_Awinda,ATP0.1,1,Rat_Model16D,Awinda,Mouse_401,N47K|Control,1,3.16228,15.398299849943184,0.2053655293647024,5.1760625000000005,1.062984815337285,1.0083,0.05144458749388014,nearest measured frequency in log distance; no interpolation,True,4.0,False,,
rat_Model16D_to_Awinda,ATP0.1,2,Rat_Model16D,Awinda,Mouse_401,N47K|Control,1,10.0,15.398299849943184,0.6494223451582479,5.1760625000000005,3.361450647435664,3.2583,0.030686348917350226,nearest measured frequency in log distance; no interpolation,True,4.0,False,,
rat_Model16D_to_Awinda,ATP0.1,2,Rat_Model16D,Awinda,Mouse_401,N47K|Control,2,1.0,15.398299849943184,0.0649422345158248,5.1760625000000005,0.3361450647435664,0.5083,0.5121447652005977,nearest measured frequency in log distance; no interpolation,True,4.0,False,,
rat_Model16D_to_Awinda,ATP0.1,3,Rat_Model16D,Awinda,Mouse_401,N47K|Control,1,10.0,15.398299849943184,0.6494223451582479,5.1760625000000005,3.361450647435664,3.2583,0.030686348917350226,nearest measured frequency in log distance; no interpolation,True,4.0,False,,
rat_Model16D_to_Awinda,ATP0.1,3,Rat_Model16D,Awinda,Mouse_401,N47K|Control,2,1.0,15.398299849943184,0.0649422345158248,5.1760625000000005,0.3361450647435664,0.5083,0.5121447652005977,nearest measured frequency in log distance; no interpolation,True,4.0,False,,
rat_Model16D_to_Awinda,ATP0.1,3,Rat_Model16D,Awinda,Mouse_401,N47K|Control,3,3.16228,15.398299849943184,0.2053655293647024,5.1760625000000005,1.062984815337285,1.0083,0.05144458749388014,nearest measured frequency in log distance; no interpolation,True,4.0,False,,
rat_Model16D_to_Awinda,ATP0.1,1,Rat_Model16D,Awinda,Mouse_460,WT-RLC|0.3_uM_mavacamten,1,3.16228,15.398299849943184,0.2053655293647024,8.029233333333334,1.648927753892714,1.5083,0.08528436346633529,nearest measured frequency in log distance; no interpolation,True,4.0,False,,
rat_Model16D_to_Awinda,ATP0.1,2,Rat_Model16D,Awinda,Mouse_460,WT-RLC|0.3_uM_mavacamten,1,10.0,15.398299849943184,0.6494223451582479,8.029233333333334,5.21436354115611,5.0083,0.039518445449705245,nearest measured frequency in log distance; no interpolation,True,4.0,False,,
rat_Model16D_to_Awinda,ATP0.1,2,Rat_Model16D,Awinda,Mouse_460,WT-RLC|0.3_uM_mavacamten,2,1.0,15.398299849943184,0.0649422345158248,8.029233333333334,0.5214363541156111,0.5083,0.025192631875257675,nearest measured frequency in log distance; no interpolation,True,4.0,False,,
rat_Model16D_to_Awinda,ATP0.1,3,Rat_Model16D,Awinda,Mouse_460,WT-RLC|0.3_uM_mavacamten,1,10.0,15.398299849943184,0.6494223451582479,8.029233333333334,5.21436354115611,5.0083,0.039518445449705245,nearest measured frequency in log distance; no interpolation,True,4.0,False,,
rat_Model16D_to_Awinda,ATP0.1,3,Rat_Model16D,Awinda,Mouse_460,WT-RLC|0.3_uM_mavacamten,2,1.0,15.398299849943184,0.0649422345158248,8.029233333333334,0.5214363541156111,0.5083,0.025192631875257675,nearest measured frequency in log distance; no interpolation,True,4.0,False,,
rat_Model16D_to_Awinda,ATP0.1,3,Rat_Model16D,Awinda,Mouse_460,WT-RLC|0.3_uM_mavacamten,3,3.16228,15.398299849943184,0.2053655293647024,8.029233333333334,1.648927753892714,1.5083,0.08528436346633529,nearest measured frequency in log distance; no interpolation,True,4.0,False,,
rat_Model16D_to_Awinda,ATP0.1,1,Rat_Model16D,Awinda,Mouse_460,WT-RLC|Control,1,3.16228,15.398299849943184,0.2053655293647024,4.672983333333333,0.9596696959624315,1.0083,0.0506740019427187,nearest measured frequency in log distance; no interpolation,True,4.0,False,,
rat_Model16D_to_Awinda,ATP0.1,2,Rat_Model16D,Awinda,Mouse_460,WT-RLC|Control,1,10.0,15.398299849943184,0.6494223451582479,4.672983333333333,3.0347397952187394,3.0083,0.008712376349496363,nearest measured frequency in log distance; no interpolation,True,4.0,False,,
rat_Model16D_to_Awinda,ATP0.1,2,Rat_Model16D,Awinda,Mouse_460,WT-RLC|Control,2,1.0,15.398299849943184,0.0649422345158248,4.672983333333333,0.303473979521874,0.5083,0.6749376694530161,nearest measured frequency in log distance; no interpolation,True,4.0,False,,
rat_Model16D_to_Awinda,ATP0.1,3,Rat_Model16D,Awinda,Mouse_460,WT-RLC|Control,1,10.0,15.398299849943184,0.6494223451582479,4.672983333333333,3.0347397952187394,3.0083,0.008712376349496363,nearest measured frequency in log distance; no interpolation,True,4.0,False,,
rat_Model16D_to_Awinda,ATP0.1,3,Rat_Model16D,Awinda,Mouse_460,WT-RLC|Control,2,1.0,15.398299849943184,0.0649422345158248,4.672983333333333,0.303473979521874,0.5083,0.6749376694530161,nearest measured frequency in log distance; no interpolation,True,4.0,False,,
rat_Model16D_to_Awinda,ATP0.1,3,Rat_Model16D,Awinda,Mouse_460,WT-RLC|Control,3,3.16228,15.398299849943184,0.2053655293647024,4.672983333333333,0.9596696959624315,1.0083,0.0506740019427187,nearest measured frequency in log distance; no interpolation,True,4.0,False,,
rat_Model16D_to_Awinda,ATP0.1,1,Rat_Model16D,Awinda,Mouse_464,WT-RLC|0.3_uM_mavacamten,1,3.16228,15.398299849943184,0.2053655293647024,7.6924874999999995,1.579771767568856,1.5083,0.045241831153145305,nearest measured frequency in log distance; no interpolation,True,4.0,False,,
rat_Model16D_to_Awinda,ATP0.1,2,Rat_Model16D,Awinda,Mouse_464,WT-RLC|0.3_uM_mavacamten,1,10.0,15.398299849943184,0.6494223451582479,7.6924874999999995,4.9956732723505075,5.0083,0.0025275327190386293,nearest measured frequency in log distance; no interpolation,True,4.0,False,,
rat_Model16D_to_Awinda,ATP0.1,2,Rat_Model16D,Awinda,Mouse_464,WT-RLC|0.3_uM_mavacamten,2,1.0,15.398299849943184,0.0649422345158248,7.6924874999999995,0.4995673272350508,0.5083,0.017480472178358367,nearest measured frequency in log distance; no interpolation,True,4.0,False,,
rat_Model16D_to_Awinda,ATP0.1,3,Rat_Model16D,Awinda,Mouse_464,WT-RLC|0.3_uM_mavacamten,1,10.0,15.398299849943184,0.6494223451582479,7.6924874999999995,4.9956732723505075,5.0083,0.0025275327190386293,nearest measured frequency in log distance; no interpolation,True,4.0,False,,
rat_Model16D_to_Awinda,ATP0.1,3,Rat_Model16D,Awinda,Mouse_464,WT-RLC|0.3_uM_mavacamten,2,1.0,15.398299849943184,0.0649422345158248,7.6924874999999995,0.4995673272350508,0.5083,0.017480472178358367,nearest measured frequency in log distance; no interpolation,True,4.0,False,,
rat_Model16D_to_Awinda,ATP0.1,3,Rat_Model16D,Awinda,Mouse_464,WT-RLC|0.3_uM_mavacamten,3,3.16228,15.398299849943184,0.2053655293647024,7.6924874999999995,1.579771767568856,1.5083,0.045241831153145305,nearest measured frequency in log distance; no interpolation,True,4.0,False,,
rat_Model16D_to_Awinda,ATP0.1,1,Rat_Model16D,Awinda,Mouse_464,WT-RLC|Control,1,3.16228,15.398299849943184,0.2053655293647024,5.3446,1.0975966082425883,1.0083,0.08135649069248235,nearest measured frequency in log distance; no interpolation,True,4.0,False,,
rat_Model16D_to_Awinda,ATP0.1,2,Rat_Model16D,Awinda,Mouse_464,WT-RLC|Control,1,10.0,15.398299849943184,0.6494223451582479,5.3446,3.4709026659327717,3.5083,0.010774526878637858,nearest measured frequency in log distance; no interpolation,True,4.0,False,,
rat_Model16D_to_Awinda,ATP0.1,2,Rat_Model16D,Awinda,Mouse_464,WT-RLC|Control,2,1.0,15.398299849943184,0.0649422345158248,5.3446,0.34709026659327724,0.5083,0.4644605421782957,nearest measured frequency in log distance; no interpolation,True,4.0,False,,
rat_Model16D_to_Awinda,ATP0.1,3,Rat_Model16D,Awinda,Mouse_464,WT-RLC|Control,1,10.0,15.398299849943184,0.6494223451582479,5.3446,3.4709026659327717,3.5083,0.010774526878637858,nearest measured frequency in log distance; no interpolation,True,4.0,False,,
rat_Model16D_to_Awinda,ATP0.1,3,Rat_Model16D,Awinda,Mouse_464,WT-RLC|Control,2,1.0,15.398299849943184,0.0649422345158248,5.3446,0.34709026659327724,0.5083,0.4644605421782957,nearest measured frequency in log distance; no interpolation,True,4.0,False,,
rat_Model16D_to_Awinda,ATP0.1,3,Rat_Model16D,Awinda,Mouse_464,WT-RLC|Control,3,3.16228,15.398299849943184,0.2053655293647024,5.3446,1.0975966082425883,1.0083,0.08135649069248235,nearest measured frequency in log distance; no interpolation,True,4.0,False,,
rat_Model16D_to_Awinda,ATP0.1,1,Rat_Model16D,Awinda,Mouse_467,WT-RLC|0.3_uM_mavacamten,1,3.16228,15.398299849943184,0.2053655293647024,8.029233333333334,1.648927753892714,1.5083,0.08528436346633529,nearest measured frequency in log distance; no interpolation,True,4.0,False,,
rat_Model16D_to_Awinda,ATP0.1,2,Rat_Model16D,Awinda,Mouse_467,WT-RLC|0.3_uM_mavacamten,1,10.0,15.398299849943184,0.6494223451582479,8.029233333333334,5.21436354115611,5.0083,0.039518445449705245,nearest measured frequency in log distance; no interpolation,True,4.0,False,,
rat_Model16D_to_Awinda,ATP0.1,2,Rat_Model16D,Awinda,Mouse_467,WT-RLC|0.3_uM_mavacamten,2,1.0,15.398299849943184,0.0649422345158248,8.029233333333334,0.5214363541156111,0.5083,0.025192631875257675,nearest measured frequency in log distance; no interpolation,True,4.0,False,,
rat_Model16D_to_Awinda,ATP0.1,3,Rat_Model16D,Awinda,Mouse_467,WT-RLC|0.3_uM_mavacamten,1,10.0,15.398299849943184,0.6494223451582479,8.029233333333334,5.21436354115611,5.0083,0.039518445449705245,nearest measured frequency in log distance; no interpolation,True,4.0,False,,
rat_Model16D_to_Awinda,ATP0.1,3,Rat_Model16D,Awinda,Mouse_467,WT-RLC|0.3_uM_mavacamten,2,1.0,15.398299849943184,0.0649422345158248,8.029233333333334,0.5214363541156111,0.5083,0.025192631875257675,nearest measured frequency in log distance; no interpolation,True,4.0,False,,
rat_Model16D_to_Awinda,ATP0.1,3,Rat_Model16D,Awinda,Mouse_467,WT-RLC|0.3_uM_mavacamten,3,3.16228,15.398299849943184,0.2053655293647024,8.029233333333334,1.648927753892714,1.5083,0.08528436346633529,nearest measured frequency in log distance; no interpolation,True,4.0,False,,
rat_Model16D_to_Awinda,ATP0.1,1,Rat_Model16D,Awinda,Mouse_467,WT-RLC|Control,1,3.16228,15.398299849943184,0.2053655293647024,4.672983333333333,0.9596696959624315,1.0083,0.0506740019427187,nearest measured frequency in log distance; no interpolation,True,4.0,False,,
rat_Model16D_to_Awinda,ATP0.1,2,Rat_Model16D,Awinda,Mouse_467,WT-RLC|Control,1,10.0,15.398299849943184,0.6494223451582479,4.672983333333333,3.0347397952187394,3.0083,0.008712376349496363,nearest measured frequency in log distance; no interpolation,True,4.0,False,,
rat_Model16D_to_Awinda,ATP0.1,2,Rat_Model16D,Awinda,Mouse_467,WT-RLC|Control,2,1.0,15.398299849943184,0.0649422345158248,4.672983333333333,0.303473979521874,0.5083,0.6749376694530161,nearest measured frequency in log distance; no interpolation,True,4.0,False,,
rat_Model16D_to_Awinda,ATP0.1,3,Rat_Model16D,Awinda,Mouse_467,WT-RLC|Control,1,10.0,15.398299849943184,0.6494223451582479,4.672983333333333,3.0347397952187394,3.0083,0.008712376349496363,nearest measured frequency in log distance; no interpolation,True,4.0,False,,
rat_Model16D_to_Awinda,ATP0.1,3,Rat_Model16D,Awinda,Mouse_467,WT-RLC|Control,2,1.0,15.398299849943184,0.0649422345158248,4.672983333333333,0.303473979521874,0.5083,0.6749376694530161,nearest measured frequency in log distance; no interpolation,True,4.0,False,,
rat_Model16D_to_Awinda,ATP0.1,3,Rat_Model16D,Awinda,Mouse_467,WT-RLC|Control,3,3.16228,15.398299849943184,0.2053655293647024,4.672983333333333,0.9596696959624315,1.0083,0.0506740019427187,nearest measured frequency in log distance; no interpolation,True,4.0,False,,
rat_Model16D_to_Awinda,ATP0.1,1,Rat_Model16D,Awinda,Mouse_469,WT-RLC|0.3_uM_mavacamten,1,3.16228,15.398299849943184,0.2053655293647024,7.683320833333333,1.5778892502163464,1.5083,0.04410274688594587,nearest measured frequency in log distance; no interpolation,True,4.0,False,,
rat_Model16D_to_Awinda,ATP0.1,2,Rat_Model16D,Awinda,Mouse_469,WT-RLC|0.3_uM_mavacamten,1,10.0,15.398299849943184,0.6494223451582479,7.683320833333333,4.989720234186557,5.0083,0.0037236087278291518,nearest measured frequency in log distance; no interpolation,True,4.0,False,,
rat_Model16D_to_Awinda,ATP0.1,2,Rat_Model16D,Awinda,Mouse_469,WT-RLC|0.3_uM_mavacamten,2,1.0,15.398299849943184,0.0649422345158248,7.683320833333333,0.49897202341865576,0.5083,0.01869438794871611,nearest measured frequency in log distance; no interpolation,True,4.0,False,,
rat_Model16D_to_Awinda,ATP0.1,3,Rat_Model16D,Awinda,Mouse_469,WT-RLC|0.3_uM_mavacamten,1,10.0,15.398299849943184,0.6494223451582479,7.683320833333333,4.989720234186557,5.0083,0.0037236087278291518,nearest measured frequency in log distance; no interpolation,True,4.0,False,,
rat_Model16D_to_Awinda,ATP0.1,3,Rat_Model16D,Awinda,Mouse_469,WT-RLC|0.3_uM_mavacamten,2,1.0,15.398299849943184,0.0649422345158248,7.683320833333333,0.49897202341865576,0.5083,0.01869438794871611,nearest measured frequency in log distance; no interpolation,True,4.0,False,,
rat_Model16D_to_Awinda,ATP0.1,3,Rat_Model16D,Awinda,Mouse_469,WT-RLC|0.3_uM_mavacamten,3,3.16228,15.398299849943184,0.2053655293647024,7.683320833333333,1.5778892502163464,1.5083,0.04410274688594587,nearest measured frequency in log distance; no interpolation,True,4.0,False,,
rat_Model16D_to_Awinda,ATP0.1,1,Rat_Model16D,Awinda,Mouse_469,WT-RLC|Control,1,3.16228,15.398299849943184,0.2053655293647024,4.703016666666667,0.9658375073610181,1.0083,0.04396442705461207,nearest measured frequency in log distance; no interpolation,True,4.0,False,,
rat_Model16D_to_Awinda,ATP0.1,2,Rat_Model16D,Awinda,Mouse_469,WT-RLC|Control,1,10.0,15.398299849943184,0.6494223451582479,4.703016666666667,3.0542441129849927,3.0083,0.015042711481267316,nearest measured frequency in log distance; no interpolation,True,4.0,False,,
rat_Model16D_to_Awinda,ATP0.1,2,Rat_Model16D,Awinda,Mouse_469,WT-RLC|Control,2,1.0,15.398299849943184,0.0649422345158248,4.703016666666667,0.3054244112984993,0.5083,0.6642415641859912,nearest measured frequency in log distance; no interpolation,True,4.0,False,,
rat_Model16D_to_Awinda,ATP0.1,3,Rat_Model16D,Awinda,Mouse_469,WT-RLC|Control,1,10.0,15.398299849943184,0.6494223451582479,4.703016666666667,3.0542441129849927,3.0083,0.015042711481267316,nearest measured frequency in log distance; no interpolation,True,4.0,False,,
rat_Model16D_to_Awinda,ATP0.1,3,Rat_Model16D,Awinda,Mouse_469,WT-RLC|Control,2,1.0,15.398299849943184,0.0649422345158248,4.703016666666667,0.3054244112984993,0.5083,0.6642415641859912,nearest measured frequency in log distance; no interpolation,True,4.0,False,,
rat_Model16D_to_Awinda,ATP0.1,3,Rat_Model16D,Awinda,Mouse_469,WT-RLC|Control,3,3.16228,15.398299849943184,0.2053655293647024,4.703016666666667,0.9658375073610181,1.0083,0.04396442705461207,nearest measured frequency in log distance; no interpolation,True,4.0,False,,
rat_Model16D_to_Awinda,ATP0.1,1,Rat_Model16D,Awinda,Mouse_470,WT-RLC|0.3_uM_mavacamten,1,3.16228,15.398299849943184,0.2053655293647024,7.683320833333333,1.5778892502163464,1.5083,0.04410274688594587,nearest measured frequency in log distance; no interpolation,True,4.0,False,,
rat_Model16D_to_Awinda,ATP0.1,2,Rat_Model16D,Awinda,Mouse_470,WT-RLC|0.3_uM_mavacamten,1,10.0,15.398299849943184,0.6494223451582479,7.683320833333333,4.989720234186557,5.0083,0.0037236087278291518,nearest measured frequency in log distance; no interpolation,True,4.0,False,,
rat_Model16D_to_Awinda,ATP0.1,2,Rat_Model16D,Awinda,Mouse_470,WT-RLC|0.3_uM_mavacamten,2,1.0,15.398299849943184,0.0649422345158248,7.683320833333333,0.49897202341865576,0.5083,0.01869438794871611,nearest measured frequency in log distance; no interpolation,True,4.0,False,,
rat_Model16D_to_Awinda,ATP0.1,3,Rat_Model16D,Awinda,Mouse_470,WT-RLC|0.3_uM_mavacamten,1,10.0,15.398299849943184,0.6494223451582479,7.683320833333333,4.989720234186557,5.0083,0.0037236087278291518,nearest measured frequency in log distance; no interpolation,True,4.0,False,,
rat_Model16D_to_Awinda,ATP0.1,3,Rat_Model16D,Awinda,Mouse_470,WT-RLC|0.3_uM_mavacamten,2,1.0,15.398299849943184,0.0649422345158248,7.683320833333333,0.49897202341865576,0.5083,0.01869438794871611,nearest measured frequency in log distance; no interpolation,True,4.0,False,,
rat_Model16D_to_Awinda,ATP0.1,3,Rat_Model16D,Awinda,Mouse_470,WT-RLC|0.3_uM_mavacamten,3,3.16228,15.398299849943184,0.2053655293647024,7.683320833333333,1.5778892502163464,1.5083,0.04410274688594587,nearest measured frequency in log distance; no interpolation,True,4.0,False,,
rat_Model16D_to_Awinda,ATP0.1,1,Rat_Model16D,Awinda,Mouse_470,WT-RLC|Control,1,3.16228,15.398299849943184,0.2053655293647024,5.3446,1.0975966082425883,1.0083,0.08135649069248235,nearest measured frequency in log distance; no interpolation,True,4.0,False,,
rat_Model16D_to_Awinda,ATP0.1,2,Rat_Model16D,Awinda,Mouse_470,WT-RLC|Control,1,10.0,15.398299849943184,0.6494223451582479,5.3446,3.4709026659327717,3.5083,0.010774526878637858,nearest measured frequency in log distance; no interpolation,True,4.0,False,,
rat_Model16D_to_Awinda,ATP0.1,2,Rat_Model16D,Awinda,Mouse_470,WT-RLC|Control,2,1.0,15.398299849943184,0.0649422345158248,5.3446,0.34709026659327724,0.5083,0.4644605421782957,nearest measured frequency in log distance; no interpolation,True,4.0,False,,
rat_Model16D_to_Awinda,ATP0.1,3,Rat_Model16D,Awinda,Mouse_470,WT-RLC|Control,1,10.0,15.398299849943184,0.6494223451582479,5.3446,3.4709026659327717,3.5083,0.010774526878637858,nearest measured frequency in log distance; no interpolation,True,4.0,False,,
rat_Model16D_to_Awinda,ATP0.1,3,Rat_Model16D,Awinda,Mouse_470,WT-RLC|Control,2,1.0,15.398299849943184,0.0649422345158248,5.3446,0.34709026659327724,0.5083,0.4644605421782957,nearest measured frequency in log distance; no interpolation,True,4.0,False,,
rat_Model16D_to_Awinda,ATP0.1,3,Rat_Model16D,Awinda,Mouse_470,WT-RLC|Control,3,3.16228,15.398299849943184,0.2053655293647024,5.3446,1.0975966082425883,1.0083,0.08135649069248235,nearest measured frequency in log distance; no interpolation,True,4.0,False,,
rat_Model16D_to_Awinda,ATP1,1,Rat_Model16D,Awinda,Mouse_328,N47K|Control,1,1.0,14.906442441091428,0.0670850878036048,9.2622,0.6213555002545483,0.5083,0.1819497859248584,nearest measured frequency in log distance; no interpolation,True,4.0,False,,
rat_Model16D_to_Awinda,ATP1,2,Rat_Model16D,Awinda,Mouse_328,N47K|Control,1,10.0,14.906442441091428,0.6708508780360484,9.2622,6.213555002545487,6.0083,0.033033424901107424,nearest measured frequency in log distance; no interpolation,True,4.0,False,,
rat_Model16D_to_Awinda,ATP1,2,Rat_Model16D,Awinda,Mouse_328,N47K|Control,2,1.0,14.906442441091428,0.0670850878036048,9.2622,0.6213555002545483,0.5083,0.1819497859248584,nearest measured frequency in log distance; no interpolation,True,4.0,False,,
rat_Model16D_to_Awinda,ATP1,3,Rat_Model16D,Awinda,Mouse_328,N47K|Control,1,10.0,14.906442441091428,0.6708508780360484,9.2622,6.213555002545487,6.0083,0.033033424901107424,nearest measured frequency in log distance; no interpolation,True,4.0,False,,
rat_Model16D_to_Awinda,ATP1,3,Rat_Model16D,Awinda,Mouse_328,N47K|Control,2,1.0,14.906442441091428,0.0670850878036048,9.2622,0.6213555002545483,0.5083,0.1819497859248584,nearest measured frequency in log distance; no interpolation,True,4.0,False,,
rat_Model16D_to_Awinda,ATP1,3,Rat_Model16D,Awinda,Mouse_328,N47K|Control,3,31.6228,14.906442441091428,2.121418314595835,9.2622,19.649000713449542,20.0084,0.018290970202085362,nearest measured frequency in log distance; no interpolation,True,4.0,False,,
rat_Model16D_to_Awinda,ATP1,1,Rat_Model16D,Awinda,Mouse_331,N47K|0.3_uM_mavacamten,1,1.0,14.906442441091428,0.0670850878036048,10.558833333333332,0.7083402612702957,0.5083,0.28240701850203365,nearest measured frequency in log distance; no interpolation,True,3.0,False,,
rat_Model16D_to_Awinda,ATP1,2,Rat_Model16D,Awinda,Mouse_331,N47K|0.3_uM_mavacamten,1,10.0,14.906442441091428,0.6708508780360484,10.558833333333332,7.083402612702962,7.0083,0.010602618093213681,nearest measured frequency in log distance; no interpolation,True,3.0,False,,
rat_Model16D_to_Awinda,ATP1,2,Rat_Model16D,Awinda,Mouse_331,N47K|0.3_uM_mavacamten,2,1.0,14.906442441091428,0.0670850878036048,10.558833333333332,0.7083402612702957,0.5083,0.28240701850203365,nearest measured frequency in log distance; no interpolation,True,3.0,False,,
rat_Model16D_to_Awinda,ATP1,3,Rat_Model16D,Awinda,Mouse_331,N47K|0.3_uM_mavacamten,1,10.0,14.906442441091428,0.6708508780360484,10.558833333333332,7.083402612702962,7.0083,0.010602618093213681,nearest measured frequency in log distance; no interpolation,True,3.0,False,,
rat_Model16D_to_Awinda,ATP1,3,Rat_Model16D,Awinda,Mouse_331,N47K|0.3_uM_mavacamten,2,1.0,14.906442441091428,0.0670850878036048,10.558833333333332,0.7083402612702957,0.5083,0.28240701850203365,nearest measured frequency in log distance; no interpolation,True,3.0,False,,
rat_Model16D_to_Awinda,ATP1,3,Rat_Model16D,Awinda,Mouse_331,N47K|0.3_uM_mavacamten,3,31.6228,14.906442441091428,2.121418314595835,10.558833333333332,22.39970241409832,22.0084,0.01746908985058814,nearest measured frequency in log distance; no interpolation,True,3.0,False,,
rat_Model16D_to_Awinda,ATP1,1,Rat_Model16D,Awinda,Mouse_331,N47K|Control,1,1.0,14.906442441091428,0.0670850878036048,9.948912499999999,0.6674236686128812,0.5083,0.238414782238081,nearest measured frequency in log distance; no interpolation,True,4.0,False,,
rat_Model16D_to_Awinda,ATP1,2,Rat_Model16D,Awinda,Mouse_331,N47K|Control,1,10.0,14.906442441091428,0.6708508780360484,9.948912499999999,6.6742366861288165,6.5083,0.02486227173718388,nearest measured frequency in log distance; no interpolation,True,4.0,False,,
rat_Model16D_to_Awinda,ATP1,2,Rat_Model16D,Awinda,Mouse_331,N47K|Control,2,1.0,14.906442441091428,0.0670850878036048,9.948912499999999,0.6674236686128812,0.5083,0.238414782238081,nearest measured frequency in log distance; no interpolation,True,4.0,False,,
rat_Model16D_to_Awinda,ATP1,3,Rat_Model16D,Awinda,Mouse_331,N47K|Control,1,10.0,14.906442441091428,0.6708508780360484,9.948912499999999,6.6742366861288165,6.5083,0.02486227173718388,nearest measured frequency in log distance; no interpolation,True,4.0,False,,
rat_Model16D_to_Awinda,ATP1,3,Rat_Model16D,Awinda,Mouse_331,N47K|Control,2,1.0,14.906442441091428,0.0670850878036048,9.948912499999999,0.6674236686128812,0.5083,0.238414782238081,nearest measured frequency in log distance; no interpolation,True,4.0,False,,
rat_Model16D_to_Awinda,ATP1,3,Rat_Model16D,Awinda,Mouse_331,N47K|Control,3,31.6228,14.906442441091428,2.121418314595835,9.948912499999999,21.10580518781143,22.0084,0.04276523942852549,nearest measured frequency in log distance; no interpolation,True,4.0,False,,
rat_Model16D_to_Awinda,ATP1,1,Rat_Model16D,Awinda,Mouse_333,N47K|0.3_uM_mavacamten,1,1.0,14.906442441091428,0.0670850878036048,10.558833333333332,0.7083402612702957,0.5083,0.28240701850203365,nearest measured frequency in log distance; no interpolation,True,3.0,False,,
rat_Model16D_to_Awinda,ATP1,2,Rat_Model16D,Awinda,Mouse_333,N47K|0.3_uM_mavacamten,1,10.0,14.906442441091428,0.6708508780360484,10.558833333333332,7.083402612702962,7.0083,0.010602618093213681,nearest measured frequency in log distance; no interpolation,True,3.0,False,,
rat_Model16D_to_Awinda,ATP1,2,Rat_Model16D,Awinda,Mouse_333,N47K|0.3_uM_mavacamten,2,1.0,14.906442441091428,0.0670850878036048,10.558833333333332,0.7083402612702957,0.5083,0.28240701850203365,nearest measured frequency in log distance; no interpolation,True,3.0,False,,
rat_Model16D_to_Awinda,ATP1,3,Rat_Model16D,Awinda,Mouse_333,N47K|0.3_uM_mavacamten,1,10.0,14.906442441091428,0.6708508780360484,10.558833333333332,7.083402612702962,7.0083,0.010602618093213681,nearest measured frequency in log distance; no interpolation,True,3.0,False,,
rat_Model16D_to_Awinda,ATP1,3,Rat_Model16D,Awinda,Mouse_333,N47K|0.3_uM_mavacamten,2,1.0,14.906442441091428,0.0670850878036048,10.558833333333332,0.7083402612702957,0.5083,0.28240701850203365,nearest measured frequency in log distance; no interpolation,True,3.0,False,,
rat_Model16D_to_Awinda,ATP1,3,Rat_Model16D,Awinda,Mouse_333,N47K|0.3_uM_mavacamten,3,31.6228,14.906442441091428,2.121418314595835,10.558833333333332,22.39970241409832,22.0084,0.01746908985058814,nearest measured frequency in log distance; no interpolation,True,3.0,False,,
rat_Model16D_to_Awinda,ATP1,1,Rat_Model16D,Awinda,Mouse_333,N47K|Control,1,1.0,14.906442441091428,0.0670850878036048,9.2622,0.6213555002545483,0.5083,0.1819497859248584,nearest measured frequency in log distance; no interpolation,True,4.0,False,,
rat_Model16D_to_Awinda,ATP1,2,Rat_Model16D,Awinda,Mouse_333,N47K|Control,1,10.0,14.906442441091428,0.6708508780360484,9.2622,6.213555002545487,6.0083,0.033033424901107424,nearest measured frequency in log distance; no interpolation,True,4.0,False,,
rat_Model16D_to_Awinda,ATP1,2,Rat_Model16D,Awinda,Mouse_333,N47K|Control,2,1.0,14.906442441091428,0.0670850878036048,9.2622,0.6213555002545483,0.5083,0.1819497859248584,nearest measured frequency in log distance; no interpolation,True,4.0,False,,
rat_Model16D_to_Awinda,ATP1,3,Rat_Model16D,Awinda,Mouse_333,N47K|Control,1,10.0,14.906442441091428,0.6708508780360484,9.2622,6.213555002545487,6.0083,0.033033424901107424,nearest measured frequency in log distance; no interpolation,True,4.0,False,,
rat_Model16D_to_Awinda,ATP1,3,Rat_Model16D,Awinda,Mouse_333,N47K|Control,2,1.0,14.906442441091428,0.0670850878036048,9.2622,0.6213555002545483,0.5083,0.1819497859248584,nearest measured frequency in log distance; no interpolation,True,4.0,False,,
rat_Model16D_to_Awinda,ATP1,3,Rat_Model16D,Awinda,Mouse_333,N47K|Control,3,31.6228,14.906442441091428,2.121418314595835,9.2622,19.649000713449542,20.0084,0.018290970202085362,nearest measured frequency in log distance; no interpolation,True,4.0,False,,
rat_Model16D_to_Awinda,ATP1,1,Rat_Model16D,Awinda,Mouse_394,N47K|0.3_uM_mavacamten,1,1.0,14.906442441091428,0.0670850878036048,13.915175,0.9335007366775263,1.0083,0.08012769608377153,nearest measured frequency in log distance; no interpolation,True,3.0,False,,
rat_Model16D_to_Awinda,ATP1,2,Rat_Model16D,Awinda,Mouse_394,N47K|0.3_uM_mavacamten,1,10.0,14.906442441091428,0.6708508780360484,13.915175,9.335007366775269,9.5083,0.01856373823994039,nearest measured frequency in log distance; no interpolation,True,3.0,False,,
rat_Model16D_to_Awinda,ATP1,2,Rat_Model16D,Awinda,Mouse_394,N47K|0.3_uM_mavacamten,2,1.0,14.906442441091428,0.0670850878036048,13.915175,0.9335007366775263,1.0083,0.08012769608377153,nearest measured frequency in log distance; no interpolation,True,3.0,False,,
rat_Model16D_to_Awinda,ATP1,3,Rat_Model16D,Awinda,Mouse_394,N47K|0.3_uM_mavacamten,1,10.0,14.906442441091428,0.6708508780360484,13.915175,9.335007366775269,9.5083,0.01856373823994039,nearest measured frequency in log distance; no interpolation,True,3.0,False,,
rat_Model16D_to_Awinda,ATP1,3,Rat_Model16D,Awinda,Mouse_394,N47K|0.3_uM_mavacamten,2,1.0,14.906442441091428,0.0670850878036048,13.915175,0.9335007366775263,1.0083,0.08012769608377153,nearest measured frequency in log distance; no interpolation,True,3.0,False,,
rat_Model16D_to_Awinda,ATP1,3,Rat_Model16D,Awinda,Mouse_394,N47K|0.3_uM_mavacamten,3,31.6228,14.906442441091428,2.121418314595835,13.915175,29.519907095806097,30.0084,0.016547914687146996,nearest measured frequency in log distance; no interpolation,True,3.0,False,,
rat_Model16D_to_Awinda,ATP1,1,Rat_Model16D,Awinda,Mouse_394,N47K|Control,1,1.0,14.906442441091428,0.0670850878036048,10.809787499999999,0.7251755435758095,1.0083,0.3904219591136733,nearest measured frequency in log distance; no interpolation,True,4.0,False,,
rat_Model16D_to_Awinda,ATP1,2,Rat_Model16D,Awinda,Mouse_394,N47K|Control,1,10.0,14.906442441091428,0.6708508780360484,10.809787499999999,7.251755435758099,7.0083,0.033571931364043316,nearest measured frequency in log distance; no interpolation,True,4.0,False,,
rat_Model16D_to_Awinda,ATP1,2,Rat_Model16D,Awinda,Mouse_394,N47K|Control,2,1.0,14.906442441091428,0.0670850878036048,10.809787499999999,0.7251755435758095,1.0083,0.3904219591136733,nearest measured frequency in log distance; no interpolation,True,4.0,False,,
rat_Model16D_to_Awinda,ATP1,3,Rat_Model16D,Awinda,Mouse_394,N47K|Control,1,10.0,14.906442441091428,0.6708508780360484,10.809787499999999,7.251755435758099,7.0083,0.033571931364043316,nearest measured frequency in log distance; no interpolation,True,4.0,False,,
rat_Model16D_to_Awinda,ATP1,3,Rat_Model16D,Awinda,Mouse_394,N47K|Control,2,1.0,14.906442441091428,0.0670850878036048,10.809787499999999,0.7251755435758095,1.0083,0.3904219591136733,nearest measured frequency in log distance; no interpolation,True,4.0,False,,
rat_Model16D_to_Awinda,ATP1,3,Rat_Model16D,Awinda,Mouse_394,N47K|Control,3,31.6228,14.906442441091428,2.121418314595835,10.809787499999999,22.932081179389122,22.0084,0.04027899483537962,nearest measured frequency in log distance; no interpolation,True,4.0,False,,
rat_Model16D_to_Awinda,ATP1,1,Rat_Model16D,Awinda,Mouse_401,N47K|0.3_uM_mavacamten,1,1.0,14.906442441091428,0.0670850878036048,13.915175,0.9335007366775263,1.0083,0.08012769608377153,nearest measured frequency in log distance; no interpolation,True,3.0,False,,
rat_Model16D_to_Awinda,ATP1,2,Rat_Model16D,Awinda,Mouse_401,N47K|0.3_uM_mavacamten,1,10.0,14.906442441091428,0.6708508780360484,13.915175,9.335007366775269,9.5083,0.01856373823994039,nearest measured frequency in log distance; no interpolation,True,3.0,False,,
rat_Model16D_to_Awinda,ATP1,2,Rat_Model16D,Awinda,Mouse_401,N47K|0.3_uM_mavacamten,2,1.0,14.906442441091428,0.0670850878036048,13.915175,0.9335007366775263,1.0083,0.08012769608377153,nearest measured frequency in log distance; no interpolation,True,3.0,False,,
rat_Model16D_to_Awinda,ATP1,3,Rat_Model16D,Awinda,Mouse_401,N47K|0.3_uM_mavacamten,1,10.0,14.906442441091428,0.6708508780360484,13.915175,9.335007366775269,9.5083,0.01856373823994039,nearest measured frequency in log distance; no interpolation,True,3.0,False,,
rat_Model16D_to_Awinda,ATP1,3,Rat_Model16D,Awinda,Mouse_401,N47K|0.3_uM_mavacamten,2,1.0,14.906442441091428,0.0670850878036048,13.915175,0.9335007366775263,1.0083,0.08012769608377153,nearest measured frequency in log distance; no interpolation,True,3.0,False,,
rat_Model16D_to_Awinda,ATP1,3,Rat_Model16D,Awinda,Mouse_401,N47K|0.3_uM_mavacamten,3,31.6228,14.906442441091428,2.121418314595835,13.915175,29.519907095806097,30.0084,0.016547914687146996,nearest measured frequency in log distance; no interpolation,True,3.0,False,,
rat_Model16D_to_Awinda,ATP1,1,Rat_Model16D,Awinda,Mouse_401,N47K|Control,1,1.0,14.906442441091428,0.0670850878036048,10.809787499999999,0.7251755435758095,1.0083,0.3904219591136733,nearest measured frequency in log distance; no interpolation,True,4.0,False,,
rat_Model16D_to_Awinda,ATP1,2,Rat_Model16D,Awinda,Mouse_401,N47K|Control,1,10.0,14.906442441091428,0.6708508780360484,10.809787499999999,7.251755435758099,7.0083,0.033571931364043316,nearest measured frequency in log distance; no interpolation,True,4.0,False,,
rat_Model16D_to_Awinda,ATP1,2,Rat_Model16D,Awinda,Mouse_401,N47K|Control,2,1.0,14.906442441091428,0.0670850878036048,10.809787499999999,0.7251755435758095,1.0083,0.3904219591136733,nearest measured frequency in log distance; no interpolation,True,4.0,False,,
rat_Model16D_to_Awinda,ATP1,3,Rat_Model16D,Awinda,Mouse_401,N47K|Control,1,10.0,14.906442441091428,0.6708508780360484,10.809787499999999,7.251755435758099,7.0083,0.033571931364043316,nearest measured frequency in log distance; no interpolation,True,4.0,False,,
rat_Model16D_to_Awinda,ATP1,3,Rat_Model16D,Awinda,Mouse_401,N47K|Control,2,1.0,14.906442441091428,0.0670850878036048,10.809787499999999,0.7251755435758095,1.0083,0.3904219591136733,nearest measured frequency in log distance; no interpolation,True,4.0,False,,
rat_Model16D_to_Awinda,ATP1,3,Rat_Model16D,Awinda,Mouse_401,N47K|Control,3,31.6228,14.906442441091428,2.121418314595835,10.809787499999999,22.932081179389122,22.0084,0.04027899483537962,nearest measured frequency in log distance; no interpolation,True,4.0,False,,
rat_Model16D_to_Awinda,ATP1,1,Rat_Model16D,Awinda,Mouse_460,WT-RLC|0.3_uM_mavacamten,1,1.0,14.906442441091428,0.0670850878036048,11.880416666666665,0.796998795226743,1.0083,0.26512110939031297,nearest measured frequency in log distance; no interpolation,True,4.0,False,,
rat_Model16D_to_Awinda,ATP1,2,Rat_Model16D,Awinda,Mouse_460,WT-RLC|0.3_uM_mavacamten,1,10.0,14.906442441091428,0.6708508780360484,11.880416666666665,7.969987952267435,8.0083,0.004807039604327791,nearest measured frequency in log distance; no interpolation,True,4.0,False,,
rat_Model16D_to_Awinda,ATP1,2,Rat_Model16D,Awinda,Mouse_460,WT-RLC|0.3_uM_mavacamten,2,1.0,14.906442441091428,0.0670850878036048,11.880416666666665,0.796998795226743,1.0083,0.26512110939031297,nearest measured frequency in log distance; no interpolation,True,4.0,False,,
rat_Model16D_to_Awinda,ATP1,3,Rat_Model16D,Awinda,Mouse_460,WT-RLC|0.3_uM_mavacamten,1,10.0,14.906442441091428,0.6708508780360484,11.880416666666665,7.969987952267435,8.0083,0.004807039604327791,nearest measured frequency in log distance; no interpolation,True,4.0,False,,
rat_Model16D_to_Awinda,ATP1,3,Rat_Model16D,Awinda,Mouse_460,WT-RLC|0.3_uM_mavacamten,2,1.0,14.906442441091428,0.0670850878036048,11.880416666666665,0.796998795226743,1.0083,0.26512110939031297,nearest measured frequency in log distance; no interpolation,True,4.0,False,,
rat_Model16D_to_Awinda,ATP1,3,Rat_Model16D,Awinda,Mouse_460,WT-RLC|0.3_uM_mavacamten,3,31.6228,14.906442441091428,2.121418314595835,11.880416666666665,25.203333501696264,26.0084,0.03194285780686727,nearest measured frequency in log distance; no interpolation,True,4.0,False,,
rat_Model16D_to_Awinda,ATP1,1,Rat_Model16D,Awinda,Mouse_460,WT-RLC|Control,1,1.0,14.906442441091428,0.0670850878036048,9.785633333333333,0.6564700713805486,0.5083,0.22570727568577306,nearest measured frequency in log distance; no interpolation,True,4.0,False,,
rat_Model16D_to_Awinda,ATP1,2,Rat_Model16D,Awinda,Mouse_460,WT-RLC|Control,1,10.0,14.906442441091428,0.6708508780360484,9.785633333333333,6.56470071380549,6.5083,0.008591513347574147,nearest measured frequency in log distance; no interpolation,True,4.0,False,,
rat_Model16D_to_Awinda,ATP1,2,Rat_Model16D,Awinda,Mouse_460,WT-RLC|Control,2,1.0,14.906442441091428,0.0670850878036048,9.785633333333333,0.6564700713805486,0.5083,0.22570727568577306,nearest measured frequency in log distance; no interpolation,True,4.0,False,,
rat_Model16D_to_Awinda,ATP1,3,Rat_Model16D,Awinda,Mouse_460,WT-RLC|Control,1,10.0,14.906442441091428,0.6708508780360484,9.785633333333333,6.56470071380549,6.5083,0.008591513347574147,nearest measured frequency in log distance; no interpolation,True,4.0,False,,
rat_Model16D_to_Awinda,ATP1,3,Rat_Model16D,Awinda,Mouse_460,WT-RLC|Control,2,1.0,14.906442441091428,0.0670850878036048,9.785633333333333,0.6564700713805486,0.5083,0.22570727568577306,nearest measured frequency in log distance; no interpolation,True,4.0,False,,
rat_Model16D_to_Awinda,ATP1,3,Rat_Model16D,Awinda,Mouse_460,WT-RLC|Control,3,31.6228,14.906442441091428,2.121418314595835,9.785633333333333,20.75942177325282,20.0084,0.03617739364111109,nearest measured frequency in log distance; no interpolation,True,4.0,False,,
rat_Model16D_to_Awinda,ATP1,1,Rat_Model16D,Awinda,Mouse_464,WT-RLC|0.3_uM_mavacamten,1,1.0,14.906442441091428,0.0670850878036048,12.280716666666667,0.8238529558745261,1.0083,0.22388345251451083,nearest measured frequency in log distance; no interpolation,True,4.0,False,,
rat_Model16D_to_Awinda,ATP1,2,Rat_Model16D,Awinda,Mouse_464,WT-RLC|0.3_uM_mavacamten,1,10.0,14.906442441091428,0.6708508780360484,12.280716666666667,8.238529558745267,8.0083,0.027945467343850935,nearest measured frequency in log distance; no interpolation,True,4.0,False,,
rat_Model16D_to_Awinda,ATP1,2,Rat_Model16D,Awinda,Mouse_464,WT-RLC|0.3_uM_mavacamten,2,1.0,14.906442441091428,0.0670850878036048,12.280716666666667,0.8238529558745261,1.0083,0.22388345251451083,nearest measured frequency in log distance; no interpolation,True,4.0,False,,
rat_Model16D_to_Awinda,ATP1,3,Rat_Model16D,Awinda,Mouse_464,WT-RLC|0.3_uM_mavacamten,1,10.0,14.906442441091428,0.6708508780360484,12.280716666666667,8.238529558745267,8.0083,0.027945467343850935,nearest measured frequency in log distance; no interpolation,True,4.0,False,,
rat_Model16D_to_Awinda,ATP1,3,Rat_Model16D,Awinda,Mouse_464,WT-RLC|0.3_uM_mavacamten,2,1.0,14.906442441091428,0.0670850878036048,12.280716666666667,0.8238529558745261,1.0083,0.22388345251451083,nearest measured frequency in log distance; no interpolation,True,4.0,False,,
rat_Model16D_to_Awinda,ATP1,3,Rat_Model16D,Awinda,Mouse_464,WT-RLC|0.3_uM_mavacamten,3,31.6228,14.906442441091428,2.121418314595835,12.280716666666667,26.05253725302898,26.0084,0.0016941633208430293,nearest measured frequency in log distance; no interpolation,True,4.0,False,,
rat_Model16D_to_Awinda,ATP1,1,Rat_Model16D,Awinda,Mouse_464,WT-RLC|Control,1,1.0,14.906442441091428,0.0670850878036048,9.7306125,0.6527789939453543,0.5083,0.22132911028912342,nearest measured frequency in log distance; no interpolation,True,4.0,False,,
rat_Model16D_to_Awinda,ATP1,2,Rat_Model16D,Awinda,Mouse_464,WT-RLC|Control,1,10.0,14.906442441091428,0.6708508780360484,9.7306125,6.527789939453547,6.5083,0.0029856872899281105,nearest measured frequency in log distance; no interpolation,True,4.0,False,,
rat_Model16D_to_Awinda,ATP1,2,Rat_Model16D,Awinda,Mouse_464,WT-RLC|Control,2,1.0,14.906442441091428,0.0670850878036048,9.7306125,0.6527789939453543,0.5083,0.22132911028912342,nearest measured frequency in log distance; no interpolation,True,4.0,False,,
rat_Model16D_to_Awinda,ATP1,3,Rat_Model16D,Awinda,Mouse_464,WT-RLC|Control,1,10.0,14.906442441091428,0.6708508780360484,9.7306125,6.527789939453547,6.5083,0.0029856872899281105,nearest measured frequency in log distance; no interpolation,True,4.0,False,,
rat_Model16D_to_Awinda,ATP1,3,Rat_Model16D,Awinda,Mouse_464,WT-RLC|Control,2,1.0,14.906442441091428,0.0670850878036048,9.7306125,0.6527789939453543,0.5083,0.22132911028912342,nearest measured frequency in log distance; no interpolation,True,4.0,False,,
rat_Model16D_to_Awinda,ATP1,3,Rat_Model16D,Awinda,Mouse_464,WT-RLC|Control,3,31.6228,14.906442441091428,2.121418314595835,9.7306125,20.642699569735164,20.0084,0.030727549349462355,nearest measured frequency in log distance; no interpolation,True,4.0,False,,
rat_Model16D_to_Awinda,ATP1,1,Rat_Model16D,Awinda,Mouse_467,WT-RLC|0.3_uM_mavacamten,1,1.0,14.906442441091428,0.0670850878036048,12.1991,0.8183776946249552,1.0083,0.23207170310535163,nearest measured frequency in log distance; no interpolation,True,4.0,False,,
rat_Model16D_to_Awinda,ATP1,2,Rat_Model16D,Awinda,Mouse_467,WT-RLC|0.3_uM_mavacamten,1,10.0,14.906442441091428,0.6708508780360484,12.1991,8.183776946249557,8.0083,0.021442048995479263,nearest measured frequency in log distance; no interpolation,True,4.0,False,,
rat_Model16D_to_Awinda,ATP1,2,Rat_Model16D,Awinda,Mouse_467,WT-RLC|0.3_uM_mavacamten,2,1.0,14.906442441091428,0.0670850878036048,12.1991,0.8183776946249552,1.0083,0.23207170310535163,nearest measured frequency in log distance; no interpolation,True,4.0,False,,
rat_Model16D_to_Awinda,ATP1,3,Rat_Model16D,Awinda,Mouse_467,WT-RLC|0.3_uM_mavacamten,1,10.0,14.906442441091428,0.6708508780360484,12.1991,8.183776946249557,8.0083,0.021442048995479263,nearest measured frequency in log distance; no interpolation,True,4.0,False,,
rat_Model16D_to_Awinda,ATP1,3,Rat_Model16D,Awinda,Mouse_467,WT-RLC|0.3_uM_mavacamten,2,1.0,14.906442441091428,0.0670850878036048,12.1991,0.8183776946249552,1.0083,0.23207170310535163,nearest measured frequency in log distance; no interpolation,True,4.0,False,,
rat_Model16D_to_Awinda,ATP1,3,Rat_Model16D,Awinda,Mouse_467,WT-RLC|0.3_uM_mavacamten,3,31.6228,14.906442441091428,2.121418314595835,12.1991,25.87939416158605,26.0084,0.004984886338855719,nearest measured frequency in log distance; no interpolation,True,4.0,False,,
rat_Model16D_to_Awinda,ATP1,1,Rat_Model16D,Awinda,Mouse_467,WT-RLC|Control,1,1.0,14.906442441091428,0.0670850878036048,9.166545833333334,0.6149385320849344,0.5083,0.17341331941483493,nearest measured frequency in log distance; no interpolation,True,4.0,False,,
rat_Model16D_to_Awinda,ATP1,2,Rat_Model16D,Awinda,Mouse_467,WT-RLC|Control,1,10.0,14.906442441091428,0.6708508780360484,9.166545833333334,6.149385320849348,6.0083,0.0229429956797472,nearest measured frequency in log distance; no interpolation,True,4.0,False,,
rat_Model16D_to_Awinda,ATP1,2,Rat_Model16D,Awinda,Mouse_467,WT-RLC|Control,2,1.0,14.906442441091428,0.0670850878036048,9.166545833333334,0.6149385320849344,0.5083,0.17341331941483493,nearest measured frequency in log distance; no interpolation,True,4.0,False,,
rat_Model16D_to_Awinda,ATP1,3,Rat_Model16D,Awinda,Mouse_467,WT-RLC|Control,1,10.0,14.906442441091428,0.6708508780360484,9.166545833333334,6.149385320849348,6.0083,0.0229429956797472,nearest measured frequency in log distance; no interpolation,True,4.0,False,,
rat_Model16D_to_Awinda,ATP1,3,Rat_Model16D,Awinda,Mouse_467,WT-RLC|Control,2,1.0,14.906442441091428,0.0670850878036048,9.166545833333334,0.6149385320849344,0.5083,0.17341331941483493,nearest measured frequency in log distance; no interpolation,True,4.0,False,,
rat_Model16D_to_Awinda,ATP1,3,Rat_Model16D,Awinda,Mouse_467,WT-RLC|Control,3,31.6228,14.906442441091428,2.121418314595835,9.166545833333334,19.446078212415475,19.0083,0.02251241652087847,nearest measured frequency in log distance; no interpolation,True,4.0,False,,
rat_Model16D_to_Awinda,ATP1,1,Rat_Model16D,Awinda,Mouse_469,WT-RLC|0.3_uM_mavacamten,1,1.0,14.906442441091428,0.0670850878036048,11.880416666666665,0.796998795226743,1.0083,0.26512110939031297,nearest measured frequency in log distance; no interpolation,True,4.0,False,,
rat_Model16D_to_Awinda,ATP1,2,Rat_Model16D,Awinda,Mouse_469,WT-RLC|0.3_uM_mavacamten,1,10.0,14.906442441091428,0.6708508780360484,11.880416666666665,7.969987952267435,8.0083,0.004807039604327791,nearest measured frequency in log distance; no interpolation,True,4.0,False,,
rat_Model16D_to_Awinda,ATP1,2,Rat_Model16D,Awinda,Mouse_469,WT-RLC|0.3_uM_mavacamten,2,1.0,14.906442441091428,0.0670850878036048,11.880416666666665,0.796998795226743,1.0083,0.26512110939031297,nearest measured frequency in log distance; no interpolation,True,4.0,False,,
rat_Model16D_to_Awinda,ATP1,3,Rat_Model16D,Awinda,Mouse_469,WT-RLC|0.3_uM_mavacamten,1,10.0,14.906442441091428,0.6708508780360484,11.880416666666665,7.969987952267435,8.0083,0.004807039604327791,nearest measured frequency in log distance; no interpolation,True,4.0,False,,
rat_Model16D_to_Awinda,ATP1,3,Rat_Model16D,Awinda,Mouse_469,WT-RLC|0.3_uM_mavacamten,2,1.0,14.906442441091428,0.0670850878036048,11.880416666666665,0.796998795226743,1.0083,0.26512110939031297,nearest measured frequency in log distance; no interpolation,True,4.0,False,,
rat_Model16D_to_Awinda,ATP1,3,Rat_Model16D,Awinda,Mouse_469,WT-RLC|0.3_uM_mavacamten,3,31.6228,14.906442441091428,2.121418314595835,11.880416666666665,25.203333501696264,26.0084,0.03194285780686727,nearest measured frequency in log distance; no interpolation,True,4.0,False,,
rat_Model16D_to_Awinda,ATP1,1,Rat_Model16D,Awinda,Mouse_469,WT-RLC|Control,1,1.0,14.906442441091428,0.0670850878036048,9.166545833333334,0.6149385320849344,0.5083,0.17341331941483493,nearest measured frequency in log distance; no interpolation,True,4.0,False,,
rat_Model16D_to_Awinda,ATP1,2,Rat_Model16D,Awinda,Mouse_469,WT-RLC|Control,1,10.0,14.906442441091428,0.6708508780360484,9.166545833333334,6.149385320849348,6.0083,0.0229429956797472,nearest measured frequency in log distance; no interpolation,True,4.0,False,,
rat_Model16D_to_Awinda,ATP1,2,Rat_Model16D,Awinda,Mouse_469,WT-RLC|Control,2,1.0,14.906442441091428,0.0670850878036048,9.166545833333334,0.6149385320849344,0.5083,0.17341331941483493,nearest measured frequency in log distance; no interpolation,True,4.0,False,,
rat_Model16D_to_Awinda,ATP1,3,Rat_Model16D,Awinda,Mouse_469,WT-RLC|Control,1,10.0,14.906442441091428,0.6708508780360484,9.166545833333334,6.149385320849348,6.0083,0.0229429956797472,nearest measured frequency in log distance; no interpolation,True,4.0,False,,
rat_Model16D_to_Awinda,ATP1,3,Rat_Model16D,Awinda,Mouse_469,WT-RLC|Control,2,1.0,14.906442441091428,0.0670850878036048,9.166545833333334,0.6149385320849344,0.5083,0.17341331941483493,nearest measured frequency in log distance; no interpolation,True,4.0,False,,
rat_Model16D_to_Awinda,ATP1,3,Rat_Model16D,Awinda,Mouse_469,WT-RLC|Control,3,31.6228,14.906442441091428,2.121418314595835,9.166545833333334,19.446078212415475,19.0083,0.02251241652087847,nearest measured frequency in log distance; no interpolation,True,4.0,False,,
rat_Model16D_to_Awinda,ATP1,1,Rat_Model16D,Awinda,Mouse_470,WT-RLC|0.3_uM_mavacamten,1,1.0,14.906442441091428,0.0670850878036048,12.280716666666667,0.8238529558745261,1.0083,0.22388345251451083,nearest measured frequency in log distance; no interpolation,True,4.0,False,,
rat_Model16D_to_Awinda,ATP1,2,Rat_Model16D,Awinda,Mouse_470,WT-RLC|0.3_uM_mavacamten,1,10.0,14.906442441091428,0.6708508780360484,12.280716666666667,8.238529558745267,8.0083,0.027945467343850935,nearest measured frequency in log distance; no interpolation,True,4.0,False,,
rat_Model16D_to_Awinda,ATP1,2,Rat_Model16D,Awinda,Mouse_470,WT-RLC|0.3_uM_mavacamten,2,1.0,14.906442441091428,0.0670850878036048,12.280716666666667,0.8238529558745261,1.0083,0.22388345251451083,nearest measured frequency in log distance; no interpolation,True,4.0,False,,
rat_Model16D_to_Awinda,ATP1,3,Rat_Model16D,Awinda,Mouse_470,WT-RLC|0.3_uM_mavacamten,1,10.0,14.906442441091428,0.6708508780360484,12.280716666666667,8.238529558745267,8.0083,0.027945467343850935,nearest measured frequency in log distance; no interpolation,True,4.0,False,,
rat_Model16D_to_Awinda,ATP1,3,Rat_Model16D,Awinda,Mouse_470,WT-RLC|0.3_uM_mavacamten,2,1.0,14.906442441091428,0.0670850878036048,12.280716666666667,0.8238529558745261,1.0083,0.22388345251451083,nearest measured frequency in log distance; no interpolation,True,4.0,False,,
rat_Model16D_to_Awinda,ATP1,3,Rat_Model16D,Awinda,Mouse_470,WT-RLC|0.3_uM_mavacamten,3,31.6228,14.906442441091428,2.121418314595835,12.280716666666667,26.05253725302898,26.0084,0.0016941633208430293,nearest measured frequency in log distance; no interpolation,True,4.0,False,,
rat_Model16D_to_Awinda,ATP1,1,Rat_Model16D,Awinda,Mouse_470,WT-RLC|Control,1,1.0,14.906442441091428,0.0670850878036048,9.785633333333333,0.6564700713805486,0.5083,0.22570727568577306,nearest measured frequency in log distance; no interpolation,True,4.0,False,,
rat_Model16D_to_Awinda,ATP1,2,Rat_Model16D,Awinda,Mouse_470,WT-RLC|Control,1,10.0,14.906442441091428,0.6708508780360484,9.785633333333333,6.56470071380549,6.5083,0.008591513347574147,nearest measured frequency in log distance; no interpolation,True,4.0,False,,
rat_Model16D_to_Awinda,ATP1,2,Rat_Model16D,Awinda,Mouse_470,WT-RLC|Control,2,1.0,14.906442441091428,0.0670850878036048,9.785633333333333,0.6564700713805486,0.5083,0.22570727568577306,nearest measured frequency in log distance; no interpolation,True,4.0,False,,
rat_Model16D_to_Awinda,ATP1,3,Rat_Model16D,Awinda,Mouse_470,WT-RLC|Control,1,10.0,14.906442441091428,0.6708508780360484,9.785633333333333,6.56470071380549,6.5083,0.008591513347574147,nearest measured frequency in log distance; no interpolation,True,4.0,False,,
rat_Model16D_to_Awinda,ATP1,3,Rat_Model16D,Awinda,Mouse_470,WT-RLC|Control,2,1.0,14.906442441091428,0.0670850878036048,9.785633333333333,0.6564700713805486,0.5083,0.22570727568577306,nearest measured frequency in log distance; no interpolation,True,4.0,False,,
rat_Model16D_to_Awinda,ATP1,3,Rat_Model16D,Awinda,Mouse_470,WT-RLC|Control,3,31.6228,14.906442441091428,2.121418314595835,9.785633333333333,20.75942177325282,20.0084,0.03617739364111109,nearest measured frequency in log distance; no interpolation,True,4.0,False,,
rat_Model16D_to_Human_ND,ATP0.1,1,Rat_Model16D,Human_non-diabetic,Muscle-02,non-diabetic,1,3.16228,15.398299849943184,0.2053655293647024,11.877439955404382,2.439216743939088,3.162,0.2963177658799152,nearest measured frequency in log distance; no interpolation,True,,,9.0,True
rat_Model16D_to_Human_ND,ATP0.1,2,Rat_Model16D,Human_non-diabetic,Muscle-02,non-diabetic,1,10.0,15.398299849943184,0.6494223451582479,11.877439955404382,7.713474910314989,10.0,0.2964325568269253,nearest measured frequency in log distance; no interpolation,True,,,9.0,True
rat_Model16D_to_Human_ND,ATP0.1,2,Rat_Model16D,Human_non-diabetic,Muscle-02,non-diabetic,2,1.0,15.398299849943184,0.0649422345158248,11.877439955404382,0.771347491031499,1.0,0.29643255682692515,nearest measured frequency in log distance; no interpolation,True,,,9.0,True
rat_Model16D_to_Human_ND,ATP0.1,3,Rat_Model16D,Human_non-diabetic,Muscle-02,non-diabetic,1,10.0,15.398299849943184,0.6494223451582479,11.877439955404382,7.713474910314989,10.0,0.2964325568269253,nearest measured frequency in log distance; no interpolation,True,,,9.0,True
rat_Model16D_to_Human_ND,ATP0.1,3,Rat_Model16D,Human_non-diabetic,Muscle-02,non-diabetic,2,1.0,15.398299849943184,0.0649422345158248,11.877439955404382,0.771347491031499,1.0,0.29643255682692515,nearest measured frequency in log distance; no interpolation,True,,,9.0,True
rat_Model16D_to_Human_ND,ATP0.1,3,Rat_Model16D,Human_non-diabetic,Muscle-02,non-diabetic,3,3.16228,15.398299849943184,0.2053655293647024,11.877439955404382,2.439216743939088,3.162,0.2963177658799152,nearest measured frequency in log distance; no interpolation,True,,,9.0,True
rat_Model16D_to_Human_ND,ATP0.1,1,Rat_Model16D,Human_non-diabetic,Muscle-03,non-diabetic,1,3.16228,15.398299849943184,0.2053655293647024,12.529313871655953,2.573089175829134,3.162,0.22887307198791493,nearest measured frequency in log distance; no interpolation,True,,,9.0,True
rat_Model16D_to_Human_ND,ATP0.1,2,Rat_Model16D,Human_non-diabetic,Muscle-03,non-diabetic,1,10.0,15.398299849943184,0.6494223451582479,12.529313871655953,8.136816397754576,10.0,0.22898189060276522,nearest measured frequency in log distance; no interpolation,True,,,9.0,True
rat_Model16D_to_Human_ND,ATP0.1,2,Rat_Model16D,Human_non-diabetic,Muscle-03,non-diabetic,2,1.0,15.398299849943184,0.0649422345158248,12.529313871655953,0.8136816397754577,1.0,0.228981890602765,nearest measured frequency in log distance; no interpolation,True,,,9.0,True
rat_Model16D_to_Human_ND,ATP0.1,3,Rat_Model16D,Human_non-diabetic,Muscle-03,non-diabetic,1,10.0,15.398299849943184,0.6494223451582479,12.529313871655953,8.136816397754576,10.0,0.22898189060276522,nearest measured frequency in log distance; no interpolation,True,,,9.0,True
rat_Model16D_to_Human_ND,ATP0.1,3,Rat_Model16D,Human_non-diabetic,Muscle-03,non-diabetic,2,1.0,15.398299849943184,0.0649422345158248,12.529313871655953,0.8136816397754577,1.0,0.228981890602765,nearest measured frequency in log distance; no interpolation,True,,,9.0,True
rat_Model16D_to_Human_ND,ATP0.1,3,Rat_Model16D,Human_non-diabetic,Muscle-03,non-diabetic,3,3.16228,15.398299849943184,0.2053655293647024,12.529313871655953,2.573089175829134,3.162,0.22887307198791493,nearest measured frequency in log distance; no interpolation,True,,,9.0,True
rat_Model16D_to_Human_ND,ATP0.1,1,Rat_Model16D,Human_non-diabetic,Muscle-04,non-diabetic,1,3.16228,15.398299849943184,0.2053655293647024,10.230005671536853,2.1008905301390737,1.778,0.15369222027846405,nearest measured frequency in log distance; no interpolation,True,,,9.0,True
rat_Model16D_to_Human_ND,ATP0.1,2,Rat_Model16D,Human_non-diabetic,Muscle-04,non-diabetic,1,10.0,15.398299849943184,0.6494223451582479,10.230005671536853,6.64359427419164,5.623,0.15362080104083733,nearest measured frequency in log distance; no interpolation,True,,,9.0,True
rat_Model16D_to_Human_ND,ATP0.1,2,Rat_Model16D,Human_non-diabetic,Muscle-04,non-diabetic,2,1.0,15.398299849943184,0.0649422345158248,10.230005671536853,0.6643594274191641,0.5623,0.15362080104083742,nearest measured frequency in log distance; no interpolation,True,,,9.0,True
rat_Model16D_to_Human_ND,ATP0.1,3,Rat_Model16D,Human_non-diabetic,Muscle-04,non-diabetic,1,10.0,15.398299849943184,0.6494223451582479,10.230005671536853,6.64359427419164,5.623,0.15362080104083733,nearest measured frequency in log distance; no interpolation,True,,,9.0,True
rat_Model16D_to_Human_ND,ATP0.1,3,Rat_Model16D,Human_non-diabetic,Muscle-04,non-diabetic,2,1.0,15.398299849943184,0.0649422345158248,10.230005671536853,0.6643594274191641,0.5623,0.15362080104083742,nearest measured frequency in log distance; no interpolation,True,,,9.0,True
rat_Model16D_to_Human_ND,ATP0.1,3,Rat_Model16D,Human_non-diabetic,Muscle-04,non-diabetic,3,3.16228,15.398299849943184,0.2053655293647024,10.230005671536853,2.1008905301390737,1.778,0.15369222027846405,nearest measured frequency in log distance; no interpolation,True,,,9.0,True
rat_Model16D_to_Human_ND,ATP0.1,1,Rat_Model16D,Human_non-diabetic,Muscle-05,non-diabetic,1,3.16228,15.398299849943184,0.2053655293647024,9.48695142588264,1.9482928016336067,1.778,0.0874061647668253,nearest measured frequency in log distance; no interpolation,True,,,9.0,True
rat_Model16D_to_Human_ND,ATP0.1,2,Rat_Model16D,Human_non-diabetic,Muscle-05,non-diabetic,1,10.0,15.398299849943184,0.6494223451582479,9.48695142588264,6.161038243399089,5.623,0.08732915170191333,nearest measured frequency in log distance; no interpolation,True,,,9.0,True
rat_Model16D_to_Human_ND,ATP0.1,2,Rat_Model16D,Human_non-diabetic,Muscle-05,non-diabetic,2,1.0,15.398299849943184,0.0649422345158248,9.48695142588264,0.616103824339909,0.5623,0.08732915170191344,nearest measured frequency in log distance; no interpolation,True,,,9.0,True
rat_Model16D_to_Human_ND,ATP0.1,3,Rat_Model16D,Human_non-diabetic,Muscle-05,non-diabetic,1,10.0,15.398299849943184,0.6494223451582479,9.48695142588264,6.161038243399089,5.623,0.08732915170191333,nearest measured frequency in log distance; no interpolation,True,,,9.0,True
rat_Model16D_to_Human_ND,ATP0.1,3,Rat_Model16D,Human_non-diabetic,Muscle-05,non-diabetic,2,1.0,15.398299849943184,0.0649422345158248,9.48695142588264,0.616103824339909,0.5623,0.08732915170191344,nearest measured frequency in log distance; no interpolation,True,,,9.0,True
rat_Model16D_to_Human_ND,ATP0.1,3,Rat_Model16D,Human_non-diabetic,Muscle-05,non-diabetic,3,3.16228,15.398299849943184,0.2053655293647024,9.48695142588264,1.9482928016336067,1.778,0.0874061647668253,nearest measured frequency in log distance; no interpolation,True,,,9.0,True
rat_Model16D_to_Human_ND,ATP0.1,1,Rat_Model16D,Human_non-diabetic,Muscle-06,non-diabetic,1,3.16228,15.398299849943184,0.2053655293647024,12.819416675001415,2.6326662916083587,3.162,0.20106373150250598,nearest measured frequency in log distance; no interpolation,True,,,9.0,True
rat_Model16D_to_Human_ND,ATP0.1,2,Rat_Model16D,Human_non-diabetic,Muscle-06,non-diabetic,1,10.0,15.398299849943184,0.6494223451582479,12.819416675001415,8.325215640640169,10.0,0.20117008755716131,nearest measured frequency in log distance; no interpolation,True,,,9.0,True
rat_Model16D_to_Human_ND,ATP0.1,2,Rat_Model16D,Human_non-diabetic,Muscle-06,non-diabetic,2,1.0,15.398299849943184,0.0649422345158248,12.819416675001415,0.8325215640640169,1.0,0.20117008755716126,nearest measured frequency in log distance; no interpolation,True,,,9.0,True
rat_Model16D_to_Human_ND,ATP0.1,3,Rat_Model16D,Human_non-diabetic,Muscle-06,non-diabetic,1,10.0,15.398299849943184,0.6494223451582479,12.819416675001415,8.325215640640169,10.0,0.20117008755716131,nearest measured frequency in log distance; no interpolation,True,,,9.0,True
rat_Model16D_to_Human_ND,ATP0.1,3,Rat_Model16D,Human_non-diabetic,Muscle-06,non-diabetic,2,1.0,15.398299849943184,0.0649422345158248,12.819416675001415,0.8325215640640169,1.0,0.20117008755716126,nearest measured frequency in log distance; no interpolation,True,,,9.0,True
rat_Model16D_to_Human_ND,ATP0.1,3,Rat_Model16D,Human_non-diabetic,Muscle-06,non-diabetic,3,3.16228,15.398299849943184,0.2053655293647024,12.819416675001415,2.6326662916083587,3.162,0.20106373150250598,nearest measured frequency in log distance; no interpolation,True,,,9.0,True
rat_Model16D_to_Human_ND,ATP0.1,1,Rat_Model16D,Human_non-diabetic,Muscle-07,non-diabetic,1,3.16228,15.398299849943184,0.2053655293647024,11.360332550650304,2.3330207080233594,1.778,0.23789789182522858,nearest measured frequency in log distance; no interpolation,True,,,9.0,True
rat_Model16D_to_Human_ND,ATP0.1,2,Rat_Model16D,Human_non-diabetic,Muscle-07,non-diabetic,1,10.0,15.398299849943184,0.6494223451582479,11.360332550650304,7.3776538068209,5.623,0.23783357863697277,nearest measured frequency in log distance; no interpolation,True,,,9.0,True
rat_Model16D_to_Human_ND,ATP0.1,2,Rat_Model16D,Human_non-diabetic,Muscle-07,non-diabetic,2,1.0,15.398299849943184,0.0649422345158248,11.360332550650304,0.7377653806820902,0.5623,0.23783357863697294,nearest measured frequency in log distance; no interpolation,True,,,9.0,True
rat_Model16D_to_Human_ND,ATP0.1,3,Rat_Model16D,Human_non-diabetic,Muscle-07,non-diabetic,1,10.0,15.398299849943184,0.6494223451582479,11.360332550650304,7.3776538068209,5.623,0.23783357863697277,nearest measured frequency in log distance; no interpolation,True,,,9.0,True
rat_Model16D_to_Human_ND,ATP0.1,3,Rat_Model16D,Human_non-diabetic,Muscle-07,non-diabetic,2,1.0,15.398299849943184,0.0649422345158248,11.360332550650304,0.7377653806820902,0.5623,0.23783357863697294,nearest measured frequency in log distance; no interpolation,True,,,9.0,True
rat_Model16D_to_Human_ND,ATP0.1,3,Rat_Model16D,Human_non-diabetic,Muscle-07,non-diabetic,3,3.16228,15.398299849943184,0.2053655293647024,11.360332550650304,2.3330207080233594,1.778,0.23789789182522858,nearest measured frequency in log distance; no interpolation,True,,,9.0,True
rat_Model16D_to_Human_ND,ATP0.1,1,Rat_Model16D,Human_non-diabetic,Muscle-09,non-diabetic,1,3.16228,15.398299849943184,0.2053655293647024,12.604900390689332,2.588612041323259,3.162,0.22150401432253009,nearest measured frequency in log distance; no interpolation,True,,,9.0,True
rat_Model16D_to_Human_ND,ATP0.1,2,Rat_Model16D,Human_non-diabetic,Muscle-09,non-diabetic,1,10.0,15.398299849943184,0.6494223451582479,12.604900390689332,8.185903972207582,10.0,0.22161218039590455,nearest measured frequency in log distance; no interpolation,True,,,9.0,True
rat_Model16D_to_Human_ND,ATP0.1,2,Rat_Model16D,Human_non-diabetic,Muscle-09,non-diabetic,2,1.0,15.398299849943184,0.0649422345158248,12.604900390689332,0.8185903972207582,1.0,0.2216121803959045,nearest measured frequency in log distance; no interpolation,True,,,9.0,True
rat_Model16D_to_Human_ND,ATP0.1,3,Rat_Model16D,Human_non-diabetic,Muscle-09,non-diabetic,1,10.0,15.398299849943184,0.6494223451582479,12.604900390689332,8.185903972207582,10.0,0.22161218039590455,nearest measured frequency in log distance; no interpolation,True,,,9.0,True
rat_Model16D_to_Human_ND,ATP0.1,3,Rat_Model16D,Human_non-diabetic,Muscle-09,non-diabetic,2,1.0,15.398299849943184,0.0649422345158248,12.604900390689332,0.8185903972207582,1.0,0.2216121803959045,nearest measured frequency in log distance; no interpolation,True,,,9.0,True
rat_Model16D_to_Human_ND,ATP0.1,3,Rat_Model16D,Human_non-diabetic,Muscle-09,non-diabetic,3,3.16228,15.398299849943184,0.2053655293647024,12.604900390689332,2.588612041323259,3.162,0.22150401432253009,nearest measured frequency in log distance; no interpolation,True,,,9.0,True
rat_Model16D_to_Human_ND,ATP0.1,1,Rat_Model16D,Human_non-diabetic,Muscle-12,non-diabetic,1,3.16228,15.398299849943184,0.2053655293647024,15.523727281063964,3.1880384707889733,3.162,0.008167552251190176,nearest measured frequency in log distance; no interpolation,True,,,9.0,True
rat_Model16D_to_Human_ND,ATP0.1,2,Rat_Model16D,Human_non-diabetic,Muscle-12,non-diabetic,1,10.0,15.398299849943184,0.6494223451582479,15.523727281063964,10.081455376465632,10.0,0.00807972395094693,nearest measured frequency in log distance; no interpolation,True,,,9.0,True
rat_Model16D_to_Human_ND,ATP0.1,2,Rat_Model16D,Human_non-diabetic,Muscle-12,non-diabetic,2,1.0,15.398299849943184,0.0649422345158248,15.523727281063964,1.0081455376465633,1.0,0.00807972395094706,nearest measured frequency in log distance; no interpolation,True,,,9.0,True
rat_Model16D_to_Human_ND,ATP0.1,3,Rat_Model16D,Human_non-diabetic,Muscle-12,non-diabetic,1,10.0,15.398299849943184,0.6494223451582479,15.523727281063964,10.081455376465632,10.0,0.00807972395094693,nearest measured frequency in log distance; no interpolation,True,,,9.0,True
rat_Model16D_to_Human_ND,ATP0.1,3,Rat_Model16D,Human_non-diabetic,Muscle-12,non-diabetic,2,1.0,15.398299849943184,0.0649422345158248,15.523727281063964,1.0081455376465633,1.0,0.00807972395094706,nearest measured frequency in log distance; no interpolation,True,,,9.0,True
rat_Model16D_to_Human_ND,ATP0.1,3,Rat_Model16D,Human_non-diabetic,Muscle-12,non-diabetic,3,3.16228,15.398299849943184,0.2053655293647024,15.523727281063964,3.1880384707889733,3.162,0.008167552251190176,nearest measured frequency in log distance; no interpolation,True,,,9.0,True
rat_Model16D_to_Human_ND,ATP0.1,1,Rat_Model16D,Human_non-diabetic,Muscle-13,non-diabetic,1,3.16228,15.398299849943184,0.2053655293647024,13.844294346331226,2.843140837115069,3.162,0.11215032288322271,nearest measured frequency in log distance; no interpolation,True,,,9.0,True
rat_Model16D_to_Human_ND,ATP0.1,2,Rat_Model16D,Human_non-diabetic,Muscle-13,non-diabetic,1,10.0,15.398299849943184,0.6494223451582479,13.844294346331226,8.990794101455498,10.0,0.11224880551776006,nearest measured frequency in log distance; no interpolation,True,,,9.0,True
rat_Model16D_to_Human_ND,ATP0.1,2,Rat_Model16D,Human_non-diabetic,Muscle-13,non-diabetic,2,1.0,15.398299849943184,0.0649422345158248,13.844294346331226,0.8990794101455499,1.0,0.11224880551775984,nearest measured frequency in log distance; no interpolation,True,,,9.0,True
rat_Model16D_to_Human_ND,ATP0.1,3,Rat_Model16D,Human_non-diabetic,Muscle-13,non-diabetic,1,10.0,15.398299849943184,0.6494223451582479,13.844294346331226,8.990794101455498,10.0,0.11224880551776006,nearest measured frequency in log distance; no interpolation,True,,,9.0,True
rat_Model16D_to_Human_ND,ATP0.1,3,Rat_Model16D,Human_non-diabetic,Muscle-13,non-diabetic,2,1.0,15.398299849943184,0.0649422345158248,13.844294346331226,0.8990794101455499,1.0,0.11224880551775984,nearest measured frequency in log distance; no interpolation,True,,,9.0,True
rat_Model16D_to_Human_ND,ATP0.1,3,Rat_Model16D,Human_non-diabetic,Muscle-13,non-diabetic,3,3.16228,15.398299849943184,0.2053655293647024,13.844294346331226,2.843140837115069,3.162,0.11215032288322271,nearest measured frequency in log distance; no interpolation,True,,,9.0,True
rat_Model16D_to_Human_ND,ATP0.1,1,Rat_Model16D,Human_non-diabetic,Muscle-14,non-diabetic,1,3.16228,15.398299849943184,0.2053655293647024,12.668838840539351,2.6017427949234664,3.162,0.21533919731408893,nearest measured frequency in log distance; no interpolation,True,,,9.0,True
rat_Model16D_to_Human_ND,ATP0.1,2,Rat_Model16D,Human_non-diabetic,Muscle-14,non-diabetic,1,10.0,15.398299849943184,0.6494223451582479,12.668838840539351,8.227427030254963,10.0,0.215446817483364,nearest measured frequency in log distance; no interpolation,True,,,9.0,True
rat_Model16D_to_Human_ND,ATP0.1,2,Rat_Model16D,Human_non-diabetic,Muscle-14,non-diabetic,2,1.0,15.398299849943184,0.0649422345158248,12.668838840539351,0.8227427030254965,1.0,0.21544681748336383,nearest measured frequency in log distance; no interpolation,True,,,9.0,True
rat_Model16D_to_Human_ND,ATP0.1,3,Rat_Model16D,Human_non-diabetic,Muscle-14,non-diabetic,1,10.0,15.398299849943184,0.6494223451582479,12.668838840539351,8.227427030254963,10.0,0.215446817483364,nearest measured frequency in log distance; no interpolation,True,,,9.0,True
rat_Model16D_to_Human_ND,ATP0.1,3,Rat_Model16D,Human_non-diabetic,Muscle-14,non-diabetic,2,1.0,15.398299849943184,0.0649422345158248,12.668838840539351,0.8227427030254965,1.0,0.21544681748336383,nearest measured frequency in log distance; no interpolation,True,,,9.0,True
rat_Model16D_to_Human_ND,ATP0.1,3,Rat_Model16D,Human_non-diabetic,Muscle-14,non-diabetic,3,3.16228,15.398299849943184,0.2053655293647024,12.668838840539351,2.6017427949234664,3.162,0.21533919731408893,nearest measured frequency in log distance; no interpolation,True,,,9.0,True
rat_Model16D_to_Human_ND,ATP1,1,Rat_Model16D,Human_non-diabetic,Muscle-02,non-diabetic,1,1.0,14.906442441091428,0.0670850878036048,31.08490692799563,2.08533371063147,1.778,0.1473786708883178,nearest measured frequency in log distance; no interpolation,True,,,9.0,True
rat_Model16D_to_Human_ND,ATP1,2,Rat_Model16D,Human_non-diabetic,Muscle-02,non-diabetic,1,10.0,14.906442441091428,0.6708508780360484,31.08490692799563,20.85333710631471,17.78,0.14737867088831824,nearest measured frequency in log distance; no interpolation,True,,,9.0,True
rat_Model16D_to_Human_ND,ATP1,2,Rat_Model16D,Human_non-diabetic,Muscle-02,non-diabetic,2,1.0,14.906442441091428,0.0670850878036048,31.08490692799563,2.08533371063147,1.778,0.1473786708883178,nearest measured frequency in log distance; no interpolation,True,,,9.0,True
rat_Model16D_to_Human_ND,ATP1,3,Rat_Model16D,Human_non-diabetic,Muscle-02,non-diabetic,1,10.0,14.906442441091428,0.6708508780360484,31.08490692799563,20.85333710631471,17.78,0.14737867088831824,nearest measured frequency in log distance; no interpolation,True,,,9.0,True
rat_Model16D_to_Human_ND,ATP1,3,Rat_Model16D,Human_non-diabetic,Muscle-02,non-diabetic,2,1.0,14.906442441091428,0.0670850878036048,31.08490692799563,2.08533371063147,1.778,0.1473786708883178,nearest measured frequency in log distance; no interpolation,True,,,9.0,True
rat_Model16D_to_Human_ND,ATP1,3,Rat_Model16D,Human_non-diabetic,Muscle-02,non-diabetic,3,31.6228,14.906442441091428,2.121418314595835,31.08490692799563,65.94409086455688,56.23,0.1473079807030586,nearest measured frequency in log distance; no interpolation,True,,,9.0,True
rat_Model16D_to_Human_ND,ATP1,1,Rat_Model16D,Human_non-diabetic,Muscle-03,non-diabetic,1,1.0,14.906442441091428,0.0670850878036048,34.883863250979545,2.3401870291209055,1.778,0.24023166615537211,nearest measured frequency in log distance; no interpolation,True,,,9.0,True
rat_Model16D_to_Human_ND,ATP1,2,Rat_Model16D,Human_non-diabetic,Muscle-03,non-diabetic,1,10.0,14.906442441091428,0.6708508780360484,34.883863250979545,23.401870291209068,17.78,0.2402316661553725,nearest measured frequency in log distance; no interpolation,True,,,9.0,True
rat_Model16D_to_Human_ND,ATP1,2,Rat_Model16D,Human_non-diabetic,Muscle-03,non-diabetic,2,1.0,14.906442441091428,0.0670850878036048,34.883863250979545,2.3401870291209055,1.778,0.24023166615537211,nearest measured frequency in log distance; no interpolation,True,,,9.0,True
rat_Model16D_to_Human_ND,ATP1,3,Rat_Model16D,Human_non-diabetic,Muscle-03,non-diabetic,1,10.0,14.906442441091428,0.6708508780360484,34.883863250979545,23.401870291209068,17.78,0.2402316661553725,nearest measured frequency in log distance; no interpolation,True,,,9.0,True
rat_Model16D_to_Human_ND,ATP1,3,Rat_Model16D,Human_non-diabetic,Muscle-03,non-diabetic,2,1.0,14.906442441091428,0.0670850878036048,34.883863250979545,2.3401870291209055,1.778,0.24023166615537211,nearest measured frequency in log distance; no interpolation,True,,,9.0,True
rat_Model16D_to_Human_ND,ATP1,3,Rat_Model16D,Human_non-diabetic,Muscle-03,non-diabetic,3,31.6228,14.906442441091428,2.121418314595835,34.883863250979545,74.0032663844846,56.23,0.24016867434125744,nearest measured frequency in log distance; no interpolation,True,,,9.0,True
rat_Model16D_to_Human_ND,ATP1,1,Rat_Model16D,Human_non-diabetic,Muscle-04,non-diabetic,1,1.0,14.906442441091428,0.0670850878036048,30.53529567919782,2.04846299174802,1.778,0.13203215915422767,nearest measured frequency in log distance; no interpolation,True,,,9.0,True
rat_Model16D_to_Human_ND,ATP1,2,Rat_Model16D,Human_non-diabetic,Muscle-04,non-diabetic,1,10.0,14.906442441091428,0.6708508780360484,30.53529567919782,20.484629917480213,17.78,0.13203215915422817,nearest measured frequency in log distance; no interpolation,True,,,9.0,True
rat_Model16D_to_Human_ND,ATP1,2,Rat_Model16D,Human_non-diabetic,Muscle-04,non-diabetic,2,1.0,14.906442441091428,0.0670850878036048,30.53529567919782,2.04846299174802,1.778,0.13203215915422767,nearest measured frequency in log distance; no interpolation,True,,,9.0,True
rat_Model16D_to_Human_ND,ATP1,3,Rat_Model16D,Human_non-diabetic,Muscle-04,non-diabetic,1,10.0,14.906442441091428,0.6708508780360484,30.53529567919782,20.484629917480213,17.78,0.13203215915422817,nearest measured frequency in log distance; no interpolation,True,,,9.0,True
rat_Model16D_to_Human_ND,ATP1,3,Rat_Model16D,Human_non-diabetic,Muscle-04,non-diabetic,2,1.0,14.906442441091428,0.0670850878036048,30.53529567919782,2.04846299174802,1.778,0.13203215915422767,nearest measured frequency in log distance; no interpolation,True,,,9.0,True
rat_Model16D_to_Human_ND,ATP1,3,Rat_Model16D,Human_non-diabetic,Muscle-04,non-diabetic,3,31.6228,14.906442441091428,2.121418314595835,30.53529567919782,64.77813549544932,56.23,0.13196019660136454,nearest measured frequency in log distance; no interpolation,True,,,9.0,True
rat_Model16D_to_Human_ND,ATP1,1,Rat_Model16D,Human_non-diabetic,Muscle-05,non-diabetic,1,1.0,14.906442441091428,0.0670850878036048,26.951845586401383,1.808066927632935,1.778,0.016629322274202395,nearest measured frequency in log distance; no interpolation,True,,,9.0,True
rat_Model16D_to_Human_ND,ATP1,2,Rat_Model16D,Human_non-diabetic,Muscle-05,non-diabetic,1,10.0,14.906442441091428,0.6708508780360484,26.951845586401383,18.080669276329363,17.78,0.016629322274203023,nearest measured frequency in log distance; no interpolation,True,,,9.0,True
rat_Model16D_to_Human_ND,ATP1,2,Rat_Model16D,Human_non-diabetic,Muscle-05,non-diabetic,2,1.0,14.906442441091428,0.0670850878036048,26.951845586401383,1.808066927632935,1.778,0.016629322274202395,nearest measured frequency in log distance; no interpolation,True,,,9.0,True
rat_Model16D_to_Human_ND,ATP1,3,Rat_Model16D,Human_non-diabetic,Muscle-05,non-diabetic,1,10.0,14.906442441091428,0.6708508780360484,26.951845586401383,18.080669276329363,17.78,0.016629322274203023,nearest measured frequency in log distance; no interpolation,True,,,9.0,True
rat_Model16D_to_Human_ND,ATP1,3,Rat_Model16D,Human_non-diabetic,Muscle-05,non-diabetic,2,1.0,14.906442441091428,0.0670850878036048,26.951845586401383,1.808066927632935,1.778,0.016629322274202395,nearest measured frequency in log distance; no interpolation,True,,,9.0,True
rat_Model16D_to_Human_ND,ATP1,3,Rat_Model16D,Human_non-diabetic,Muscle-05,non-diabetic,3,31.6228,14.906442441091428,2.121418314595835,26.951845586401383,57.176138839150816,56.23,0.016547791759994816,nearest measured frequency in log distance; no interpolation,True,,,9.0,True
rat_Model16D_to_Human_ND,ATP1,1,Rat_Model16D,Human_non-diabetic,Muscle-06,non-diabetic,1,1.0,14.906442441091428,0.0670850878036048,34.04574377364072,2.283961710393719,1.778,0.22152810534923514,nearest measured frequency in log distance; no interpolation,True,,,9.0,True
rat_Model16D_to_Human_ND,ATP1,2,Rat_Model16D,Human_non-diabetic,Muscle-06,non-diabetic,1,10.0,14.906442441091428,0.6708508780360484,34.04574377364072,22.839617103937204,17.78,0.22152810534923556,nearest measured frequency in log distance; no interpolation,True,,,9.0,True
rat_Model16D_to_Human_ND,ATP1,2,Rat_Model16D,Human_non-diabetic,Muscle-06,non-diabetic,2,1.0,14.906442441091428,0.0670850878036048,34.04574377364072,2.283961710393719,1.778,0.22152810534923514,nearest measured frequency in log distance; no interpolation,True,,,9.0,True
rat_Model16D_to_Human_ND,ATP1,3,Rat_Model16D,Human_non-diabetic,Muscle-06,non-diabetic,1,10.0,14.906442441091428,0.6708508780360484,34.04574377364072,22.839617103937204,17.78,0.22152810534923556,nearest measured frequency in log distance; no interpolation,True,,,9.0,True
rat_Model16D_to_Human_ND,ATP1,3,Rat_Model16D,Human_non-diabetic,Muscle-06,non-diabetic,2,1.0,14.906442441091428,0.0670850878036048,34.04574377364072,2.283961710393719,1.778,0.22152810534923514,nearest measured frequency in log distance; no interpolation,True,,,9.0,True
rat_Model16D_to_Human_ND,ATP1,3,Rat_Model16D,Human_non-diabetic,Muscle-06,non-diabetic,3,31.6228,14.906442441091428,2.121418314595835,34.04574377364072,72.22526437543854,56.23,0.22146356283713395,nearest measured frequency in log distance; no interpolation,True,,,9.0,True
rat_Model16D_to_Human_ND,ATP1,1,Rat_Model16D,Human_non-diabetic,Muscle-07,non-diabetic,1,1.0,14.906442441091428,0.0670850878036048,32.427288221673514,2.1753874775837674,1.778,0.18267434269923769,nearest measured frequency in log distance; no interpolation,True,,,9.0,True
rat_Model16D_to_Human_ND,ATP1,2,Rat_Model16D,Human_non-diabetic,Muscle-07,non-diabetic,1,10.0,14.906442441091428,0.6708508780360484,32.427288221673514,21.753874775837687,17.78,0.18267434269923816,nearest measured frequency in log distance; no interpolation,True,,,9.0,True
rat_Model16D_to_Human_ND,ATP1,2,Rat_Model16D,Human_non-diabetic,Muscle-07,non-diabetic,2,1.0,14.906442441091428,0.0670850878036048,32.427288221673514,2.1753874775837674,1.778,0.18267434269923769,nearest measured frequency in log distance; no interpolation,True,,,9.0,True
rat_Model16D_to_Human_ND,ATP1,3,Rat_Model16D,Human_non-diabetic,Muscle-07,non-diabetic,1,10.0,14.906442441091428,0.6708508780360484,32.427288221673514,21.753874775837687,17.78,0.18267434269923816,nearest measured frequency in log distance; no interpolation,True,,,9.0,True
rat_Model16D_to_Human_ND,ATP1,3,Rat_Model16D,Human_non-diabetic,Muscle-07,non-diabetic,2,1.0,14.906442441091428,0.0670850878036048,32.427288221673514,2.1753874775837674,1.778,0.18267434269923769,nearest measured frequency in log distance; no interpolation,True,,,9.0,True
rat_Model16D_to_Human_ND,ATP1,3,Rat_Model16D,Human_non-diabetic,Muscle-07,non-diabetic,3,31.6228,14.906442441091428,2.121418314595835,32.427288221673514,68.791843126136,56.23,0.18260657885125625,nearest measured frequency in log distance; no interpolation,True,,,9.0,True
rat_Model16D_to_Human_ND,ATP1,1,Rat_Model16D,Human_non-diabetic,Muscle-09,non-diabetic,1,1.0,14.906442441091428,0.0670850878036048,34.21420846478126,2.295263178990689,1.778,0.22536116281800359,nearest measured frequency in log distance; no interpolation,True,,,9.0,True
rat_Model16D_to_Human_ND,ATP1,2,Rat_Model16D,Human_non-diabetic,Muscle-09,non-diabetic,1,10.0,14.906442441091428,0.6708508780360484,34.21420846478126,22.952631789906906,17.78,0.225361162818004,nearest measured frequency in log distance; no interpolation,True,,,9.0,True
rat_Model16D_to_Human_ND,ATP1,2,Rat_Model16D,Human_non-diabetic,Muscle-09,non-diabetic,2,1.0,14.906442441091428,0.0670850878036048,34.21420846478126,2.295263178990689,1.778,0.22536116281800359,nearest measured frequency in log distance; no interpolation,True,,,9.0,True
rat_Model16D_to_Human_ND,ATP1,3,Rat_Model16D,Human_non-diabetic,Muscle-09,non-diabetic,1,10.0,14.906442441091428,0.6708508780360484,34.21420846478126,22.952631789906906,17.78,0.225361162818004,nearest measured frequency in log distance; no interpolation,True,,,9.0,True
rat_Model16D_to_Human_ND,ATP1,3,Rat_Model16D,Human_non-diabetic,Muscle-09,non-diabetic,2,1.0,14.906442441091428,0.0670850878036048,34.21420846478126,2.295263178990689,1.778,0.22536116281800359,nearest measured frequency in log distance; no interpolation,True,,,9.0,True
rat_Model16D_to_Human_ND,ATP1,3,Rat_Model16D,Human_non-diabetic,Muscle-09,non-diabetic,3,31.6228,14.906442441091428,2.121418314595835,34.21420846478126,72.58264845658681,56.23,0.22529693810177887,nearest measured frequency in log distance; no interpolation,True,,,9.0,True
rat_Model16D_to_Human_ND,ATP1,1,Rat_Model16D,Human_non-diabetic,Muscle-12,non-diabetic,1,1.0,14.906442441091428,0.0670850878036048,34.63819391076275,2.323706279861808,1.778,0.2348430542152089,nearest measured frequency in log distance; no interpolation,True,,,9.0,True
rat_Model16D_to_Human_ND,ATP1,2,Rat_Model16D,Human_non-diabetic,Muscle-12,non-diabetic,1,10.0,14.906442441091428,0.6708508780360484,34.63819391076275,23.237062798618098,17.78,0.23484305421520946,nearest measured frequency in log distance; no interpolation,True,,,9.0,True
rat_Model16D_to_Human_ND,ATP1,2,Rat_Model16D,Human_non-diabetic,Muscle-12,non-diabetic,2,1.0,14.906442441091428,0.0670850878036048,34.63819391076275,2.323706279861808,1.778,0.2348430542152089,nearest measured frequency in log distance; no interpolation,True,,,9.0,True
rat_Model16D_to_Human_ND,ATP1,3,Rat_Model16D,Human_non-diabetic,Muscle-12,non-diabetic,1,10.0,14.906442441091428,0.6708508780360484,34.63819391076275,23.237062798618098,17.78,0.23484305421520946,nearest measured frequency in log distance; no interpolation,True,,,9.0,True
rat_Model16D_to_Human_ND,ATP1,3,Rat_Model16D,Human_non-diabetic,Muscle-12,non-diabetic,2,1.0,14.906442441091428,0.0670850878036048,34.63819391076275,2.323706279861808,1.778,0.2348430542152089,nearest measured frequency in log distance; no interpolation,True,,,9.0,True
rat_Model16D_to_Human_ND,ATP1,3,Rat_Model16D,Human_non-diabetic,Muscle-12,non-diabetic,3,31.6228,14.906442441091428,2.121418314595835,34.63819391076275,73.48209894681403,56.23,0.23477961563538105,nearest measured frequency in log distance; no interpolation,True,,,9.0,True
rat_Model16D_to_Human_ND,ATP1,1,Rat_Model16D,Human_non-diabetic,Muscle-13,non-diabetic,1,1.0,14.906442441091428,0.0670850878036048,33.71792093926794,2.2619696867657946,1.778,0.21395940431800534,nearest measured frequency in log distance; no interpolation,True,,,9.0,True
rat_Model16D_to_Human_ND,ATP1,2,Rat_Model16D,Human_non-diabetic,Muscle-13,non-diabetic,1,10.0,14.906442441091428,0.6708508780360484,33.71792093926794,22.619696867657957,17.78,0.2139594043180057,nearest measured frequency in log distance; no interpolation,True,,,9.0,True
rat_Model16D_to_Human_ND,ATP1,2,Rat_Model16D,Human_non-diabetic,Muscle-13,non-diabetic,2,1.0,14.906442441091428,0.0670850878036048,33.71792093926794,2.2619696867657946,1.778,0.21395940431800534,nearest measured frequency in log distance; no interpolation,True,,,9.0,True
rat_Model16D_to_Human_ND,ATP1,3,Rat_Model16D,Human_non-diabetic,Muscle-13,non-diabetic,1,10.0,14.906442441091428,0.6708508780360484,33.71792093926794,22.619696867657957,17.78,0.2139594043180057,nearest measured frequency in log distance; no interpolation,True,,,9.0,True
rat_Model16D_to_Human_ND,ATP1,3,Rat_Model16D,Human_non-diabetic,Muscle-13,non-diabetic,2,1.0,14.906442441091428,0.0670850878036048,33.71792093926794,2.2619696867657946,1.778,0.21395940431800534,nearest measured frequency in log distance; no interpolation,True,,,9.0,True
rat_Model16D_to_Human_ND,ATP1,3,Rat_Model16D,Human_non-diabetic,Muscle-13,non-diabetic,3,31.6228,14.906442441091428,2.121418314595835,33.71792093926794,71.5298150106574,56.23,0.21389423429066393,nearest measured frequency in log distance; no interpolation,True,,,9.0,True
rat_Model16D_to_Human_ND,ATP1,1,Rat_Model16D,Human_non-diabetic,Muscle-14,non-diabetic,1,1.0,14.906442441091428,0.0670850878036048,32.94634522947141,2.210208462526966,1.778,0.19555099433146458,nearest measured frequency in log distance; no interpolation,True,,,9.0,True
rat_Model16D_to_Human_ND,ATP1,2,Rat_Model16D,Human_non-diabetic,Muscle-14,non-diabetic,1,10.0,14.906442441091428,0.6708508780360484,32.94634522947141,22.10208462526967,17.78,0.19555099433146494,nearest measured frequency in log distance; no interpolation,True,,,9.0,True
rat_Model16D_to_Human_ND,ATP1,2,Rat_Model16D,Human_non-diabetic,Muscle-14,non-diabetic,2,1.0,14.906442441091428,0.0670850878036048,32.94634522947141,2.210208462526966,1.778,0.19555099433146458,nearest measured frequency in log distance; no interpolation,True,,,9.0,True
rat_Model16D_to_Human_ND,ATP1,3,Rat_Model16D,Human_non-diabetic,Muscle-14,non-diabetic,1,10.0,14.906442441091428,0.6708508780360484,32.94634522947141,22.10208462526967,17.78,0.19555099433146494,nearest measured frequency in log distance; no interpolation,True,,,9.0,True
rat_Model16D_to_Human_ND,ATP1,3,Rat_Model16D,Human_non-diabetic,Muscle-14,non-diabetic,2,1.0,14.906442441091428,0.0670850878036048,32.94634522947141,2.210208462526966,1.778,0.19555099433146458,nearest measured frequency in log distance; no interpolation,True,,,9.0,True
rat_Model16D_to_Human_ND,ATP1,3,Rat_Model16D,Human_non-diabetic,Muscle-14,non-diabetic,3,31.6228,14.906442441091428,2.121418314595835,32.94634522947141,69.89298016879776,56.23,0.1954842980768663,nearest measured frequency in log distance; no interpolation,True,,,9.0,True
rat_Model16D_to_Human_T2D,ATP0.1,1,Rat_Model16D,Human_diabetic,Muscle-01,diabetic,1,3.16228,15.398299849943184,0.2053655293647024,6.897840843923858,1.4165787363858886,1.778,0.2551367278999288,nearest measured frequency in log distance; no interpolation,True,,,9.0,True
rat_Model16D_to_Human_T2D,ATP0.1,2,Rat_Model16D,Human_diabetic,Muscle-01,diabetic,1,10.0,15.398299849943184,0.6494223451582479,6.897840843923858,4.47961197738938,5.623,0.25524264788598083,nearest measured frequency in log distance; no interpolation,True,,,9.0,True
rat_Model16D_to_Human_T2D,ATP0.1,2,Rat_Model16D,Human_diabetic,Muscle-01,diabetic,2,1.0,15.398299849943184,0.0649422345158248,6.897840843923858,0.44796119773893806,0.5623,0.2552426478859808,nearest measured frequency in log distance; no interpolation,True,,,9.0,True
rat_Model16D_to_Human_T2D,ATP0.1,3,Rat_Model16D,Human_diabetic,Muscle-01,diabetic,1,10.0,15.398299849943184,0.6494223451582479,6.897840843923858,4.47961197738938,5.623,0.25524264788598083,nearest measured frequency in log distance; no interpolation,True,,,9.0,True
rat_Model16D_to_Human_T2D,ATP0.1,3,Rat_Model16D,Human_diabetic,Muscle-01,diabetic,2,1.0,15.398299849943184,0.0649422345158248,6.897840843923858,0.44796119773893806,0.5623,0.2552426478859808,nearest measured frequency in log distance; no interpolation,True,,,9.0,True
rat_Model16D_to_Human_T2D,ATP0.1,3,Rat_Model16D,Human_diabetic,Muscle-01,diabetic,3,3.16228,15.398299849943184,0.2053655293647024,6.897840843923858,1.4165787363858886,1.778,0.2551367278999288,nearest measured frequency in log distance; no interpolation,True,,,9.0,True
rat_Model16D_to_Human_T2D,ATP0.1,1,Rat_Model16D,Human_diabetic,Muscle-08,diabetic,1,3.16228,15.398299849943184,0.2053655293647024,6.997545352658501,1.4370546056022262,1.778,0.2372529151422843,nearest measured frequency in log distance; no interpolation,True,,,9.0,True
rat_Model16D_to_Human_T2D,ATP0.1,2,Rat_Model16D,Human_diabetic,Muscle-08,diabetic,1,10.0,15.398299849943184,0.6494223451582479,6.997545352658501,4.544362313274683,5.623,0.2373573259276607,nearest measured frequency in log distance; no interpolation,True,,,9.0,True
rat_Model16D_to_Human_T2D,ATP0.1,2,Rat_Model16D,Human_diabetic,Muscle-08,diabetic,2,1.0,15.398299849943184,0.0649422345158248,6.997545352658501,0.45443623132746835,0.5623,0.2373573259276606,nearest measured frequency in log distance; no interpolation,True,,,9.0,True
rat_Model16D_to_Human_T2D,ATP0.1,3,Rat_Model16D,Human_diabetic,Muscle-08,diabetic,1,10.0,15.398299849943184,0.6494223451582479,6.997545352658501,4.544362313274683,5.623,0.2373573259276607,nearest measured frequency in log distance; no interpolation,True,,,9.0,True
rat_Model16D_to_Human_T2D,ATP0.1,3,Rat_Model16D,Human_diabetic,Muscle-08,diabetic,2,1.0,15.398299849943184,0.0649422345158248,6.997545352658501,0.45443623132746835,0.5623,0.2373573259276606,nearest measured frequency in log distance; no interpolation,True,,,9.0,True
rat_Model16D_to_Human_T2D,ATP0.1,3,Rat_Model16D,Human_diabetic,Muscle-08,diabetic,3,3.16228,15.398299849943184,0.2053655293647024,6.997545352658501,1.4370546056022262,1.778,0.2372529151422843,nearest measured frequency in log distance; no interpolation,True,,,9.0,True
rat_Model16D_to_Human_T2D,ATP0.1,1,Rat_Model16D,Human_diabetic,Muscle-10,diabetic,1,3.16228,15.398299849943184,0.2053655293647024,7.089152901133079,1.4558676382885105,1.778,0.22126486861826397,nearest measured frequency in log distance; no interpolation,True,,,9.0,True
rat_Model16D_to_Human_T2D,ATP0.1,2,Rat_Model16D,Human_diabetic,Muscle-10,diabetic,1,10.0,15.398299849943184,0.6494223451582479,7.089152901133079,4.603854302239241,5.623,0.22136793018516318,nearest measured frequency in log distance; no interpolation,True,,,9.0,True
rat_Model16D_to_Human_T2D,ATP0.1,2,Rat_Model16D,Human_diabetic,Muscle-10,diabetic,2,1.0,15.398299849943184,0.0649422345158248,7.089152901133079,0.46038543022392414,0.5623,0.22136793018516301,nearest measured frequency in log distance; no interpolation,True,,,9.0,True
rat_Model16D_to_Human_T2D,ATP0.1,3,Rat_Model16D,Human_diabetic,Muscle-10,diabetic,1,10.0,15.398299849943184,0.6494223451582479,7.089152901133079,4.603854302239241,5.623,0.22136793018516318,nearest measured frequency in log distance; no interpolation,True,,,9.0,True
rat_Model16D_to_Human_T2D,ATP0.1,3,Rat_Model16D,Human_diabetic,Muscle-10,diabetic,2,1.0,15.398299849943184,0.0649422345158248,7.089152901133079,0.46038543022392414,0.5623,0.22136793018516301,nearest measured frequency in log distance; no interpolation,True,,,9.0,True
rat_Model16D_to_Human_T2D,ATP0.1,3,Rat_Model16D,Human_diabetic,Muscle-10,diabetic,3,3.16228,15.398299849943184,0.2053655293647024,7.089152901133079,1.4558676382885105,1.778,0.22126486861826397,nearest measured frequency in log distance; no interpolation,True,,,9.0,True
rat_Model16D_to_Human_T2D,ATP0.1,1,Rat_Model16D,Human_diabetic,Muscle-11,diabetic,1,3.16228,15.398299849943184,0.2053655293647024,7.372374957781156,1.5140316858798026,1.778,0.17434794567513004,nearest measured frequency in log distance; no interpolation,True,,,9.0,True
rat_Model16D_to_Human_T2D,ATP0.1,2,Rat_Model16D,Human_diabetic,Muscle-11,diabetic,1,10.0,15.398299849943184,0.6494223451582479,7.372374957781156,4.787785034468178,5.623,0.17444704796037214,nearest measured frequency in log distance; no interpolation,True,,,9.0,True
rat_Model16D_to_Human_T2D,ATP0.1,2,Rat_Model16D,Human_diabetic,Muscle-11,diabetic,2,1.0,15.398299849943184,0.0649422345158248,7.372374957781156,0.4787785034468178,0.5623,0.17444704796037208,nearest measured frequency in log distance; no interpolation,True,,,9.0,True
rat_Model16D_to_Human_T2D,ATP0.1,3,Rat_Model16D,Human_diabetic,Muscle-11,diabetic,1,10.0,15.398299849943184,0.6494223451582479,7.372374957781156,4.787785034468178,5.623,0.17444704796037214,nearest measured frequency in log distance; no interpolation,True,,,9.0,True
rat_Model16D_to_Human_T2D,ATP0.1,3,Rat_Model16D,Human_diabetic,Muscle-11,diabetic,2,1.0,15.398299849943184,0.0649422345158248,7.372374957781156,0.4787785034468178,0.5623,0.17444704796037208,nearest measured frequency in log distance; no interpolation,True,,,9.0,True
rat_Model16D_to_Human_T2D,ATP0.1,3,Rat_Model16D,Human_diabetic,Muscle-11,diabetic,3,3.16228,15.398299849943184,0.2053655293647024,7.372374957781156,1.5140316858798026,1.778,0.17434794567513004,nearest measured frequency in log distance; no interpolation,True,,,9.0,True
rat_Model16D_to_Human_T2D,ATP0.1,1,Rat_Model16D,Human_diabetic,Muscle-15,diabetic,1,3.16228,15.398299849943184,0.2053655293647024,7.0562393375400205,1.4491083268779432,1.778,0.22696141276797657,nearest measured frequency in log distance; no interpolation,True,,,9.0,True
rat_Model16D_to_Human_T2D,ATP0.1,2,Rat_Model16D,Human_diabetic,Muscle-15,diabetic,1,10.0,15.398299849943184,0.6494223451582479,7.0562393375400205,4.582479498583122,5.623,0.22706495506168703,nearest measured frequency in log distance; no interpolation,True,,,9.0,True
rat_Model16D_to_Human_T2D,ATP0.1,2,Rat_Model16D,Human_diabetic,Muscle-15,diabetic,2,1.0,15.398299849943184,0.0649422345158248,7.0562393375400205,0.45824794985831224,0.5623,0.2270649550616868,nearest measured frequency in log distance; no interpolation,True,,,9.0,True
rat_Model16D_to_Human_T2D,ATP0.1,3,Rat_Model16D,Human_diabetic,Muscle-15,diabetic,1,10.0,15.398299849943184,0.6494223451582479,7.0562393375400205,4.582479498583122,5.623,0.22706495506168703,nearest measured frequency in log distance; no interpolation,True,,,9.0,True
rat_Model16D_to_Human_T2D,ATP0.1,3,Rat_Model16D,Human_diabetic,Muscle-15,diabetic,2,1.0,15.398299849943184,0.0649422345158248,7.0562393375400205,0.45824794985831224,0.5623,0.2270649550616868,nearest measured frequency in log distance; no interpolation,True,,,9.0,True
rat_Model16D_to_Human_T2D,ATP0.1,3,Rat_Model16D,Human_diabetic,Muscle-15,diabetic,3,3.16228,15.398299849943184,0.2053655293647024,7.0562393375400205,1.4491083268779432,1.778,0.22696141276797657,nearest measured frequency in log distance; no interpolation,True,,,9.0,True
rat_Model16D_to_Human_T2D,ATP0.1,1,Rat_Model16D,Human_diabetic,Muscle-16,diabetic,1,3.16228,15.398299849943184,0.2053655293647024,6.810717271917343,1.398686557900627,1.778,0.2711925984823273,nearest measured frequency in log distance; no interpolation,True,,,9.0,True
rat_Model16D_to_Human_T2D,ATP0.1,2,Rat_Model16D,Human_diabetic,Muscle-16,diabetic,1,10.0,15.398299849943184,0.6494223451582479,6.810717271917343,4.423031982938346,5.623,0.2712998734104748,nearest measured frequency in log distance; no interpolation,True,,,9.0,True
rat_Model16D_to_Human_T2D,ATP0.1,2,Rat_Model16D,Human_diabetic,Muscle-16,diabetic,2,1.0,15.398299849943184,0.0649422345158248,6.810717271917343,0.44230319829383463,0.5623,0.2712998734104746,nearest measured frequency in log distance; no interpolation,True,,,9.0,True
rat_Model16D_to_Human_T2D,ATP0.1,3,Rat_Model16D,Human_diabetic,Muscle-16,diabetic,1,10.0,15.398299849943184,0.6494223451582479,6.810717271917343,4.423031982938346,5.623,0.2712998734104748,nearest measured frequency in log distance; no interpolation,True,,,9.0,True
rat_Model16D_to_Human_T2D,ATP0.1,3,Rat_Model16D,Human_diabetic,Muscle-16,diabetic,2,1.0,15.398299849943184,0.0649422345158248,6.810717271917343,0.44230319829383463,0.5623,0.2712998734104746,nearest measured frequency in log distance; no interpolation,True,,,9.0,True
rat_Model16D_to_Human_T2D,ATP0.1,3,Rat_Model16D,Human_diabetic,Muscle-16,diabetic,3,3.16228,15.398299849943184,0.2053655293647024,6.810717271917343,1.398686557900627,1.778,0.2711925984823273,nearest measured frequency in log distance; no interpolation,True,,,9.0,True
rat_Model16D_to_Human_T2D,ATP0.1,1,Rat_Model16D,Human_diabetic,Muscle-17,diabetic,1,3.16228,15.398299849943184,0.2053655293647024,7.118694838602363,1.461934533915349,1.778,0.2161967302586151,nearest measured frequency in log distance; no interpolation,True,,,9.0,True
rat_Model16D_to_Human_T2D,ATP0.1,2,Rat_Model16D,Human_diabetic,Muscle-17,diabetic,1,10.0,15.398299849943184,0.6494223451582479,7.118694838602363,4.623039496551062,5.623,0.21629936412936585,nearest measured frequency in log distance; no interpolation,True,,,9.0,True
rat_Model16D_to_Human_T2D,ATP0.1,2,Rat_Model16D,Human_diabetic,Muscle-17,diabetic,2,1.0,15.398299849943184,0.0649422345158248,7.118694838602363,0.46230394965510624,0.5623,0.21629936412936573,nearest measured frequency in log distance; no interpolation,True,,,9.0,True
rat_Model16D_to_Human_T2D,ATP0.1,3,Rat_Model16D,Human_diabetic,Muscle-17,diabetic,1,10.0,15.398299849943184,0.6494223451582479,7.118694838602363,4.623039496551062,5.623,0.21629936412936585,nearest measured frequency in log distance; no interpolation,True,,,9.0,True
rat_Model16D_to_Human_T2D,ATP0.1,3,Rat_Model16D,Human_diabetic,Muscle-17,diabetic,2,1.0,15.398299849943184,0.0649422345158248,7.118694838602363,0.46230394965510624,0.5623,0.21629936412936573,nearest measured frequency in log distance; no interpolation,True,,,9.0,True
rat_Model16D_to_Human_T2D,ATP0.1,3,Rat_Model16D,Human_diabetic,Muscle-17,diabetic,3,3.16228,15.398299849943184,0.2053655293647024,7.118694838602363,1.461934533915349,1.778,0.2161967302586151,nearest measured frequency in log distance; no interpolation,True,,,9.0,True
rat_Model16D_to_Human_T2D,ATP0.1,1,Rat_Model16D,Human_diabetic,Muscle-18,diabetic,1,3.16228,15.398299849943184,0.2053655293647024,7.113732633484249,1.4609154680344512,1.778,0.21704509186432366,nearest measured frequency in log distance; no interpolation,True,,,9.0,True
rat_Model16D_to_Human_T2D,ATP0.1,2,Rat_Model16D,Human_diabetic,Muscle-18,diabetic,1,10.0,15.398299849943184,0.6494223451582479,7.113732633484249,4.6198169296661,5.623,0.21714779732763265,nearest measured frequency in log distance; no interpolation,True,,,9.0,True
rat_Model16D_to_Human_T2D,ATP0.1,2,Rat_Model16D,Human_diabetic,Muscle-18,diabetic,2,1.0,15.398299849943184,0.0649422345158248,7.113732633484249,0.46198169296661,0.5623,0.21714779732763256,nearest measured frequency in log distance; no interpolation,True,,,9.0,True
rat_Model16D_to_Human_T2D,ATP0.1,3,Rat_Model16D,Human_diabetic,Muscle-18,diabetic,1,10.0,15.398299849943184,0.6494223451582479,7.113732633484249,4.6198169296661,5.623,0.21714779732763265,nearest measured frequency in log distance; no interpolation,True,,,9.0,True
rat_Model16D_to_Human_T2D,ATP0.1,3,Rat_Model16D,Human_diabetic,Muscle-18,diabetic,2,1.0,15.398299849943184,0.0649422345158248,7.113732633484249,0.46198169296661,0.5623,0.21714779732763256,nearest measured frequency in log distance; no interpolation,True,,,9.0,True
rat_Model16D_to_Human_T2D,ATP0.1,3,Rat_Model16D,Human_diabetic,Muscle-18,diabetic,3,3.16228,15.398299849943184,0.2053655293647024,7.113732633484249,1.4609154680344512,1.778,0.21704509186432366,nearest measured frequency in log distance; no interpolation,True,,,9.0,True
rat_Model16D_to_Human_T2D,ATP0.1,1,Rat_Model16D,Human_diabetic,Muscle-19,diabetic,1,3.16228,15.398299849943184,0.2053655293647024,7.103745698819035,1.4588644959101988,1.778,0.21875609762556436,nearest measured frequency in log distance; no interpolation,True,,,9.0,True
rat_Model16D_to_Human_T2D,ATP0.1,2,Rat_Model16D,Human_diabetic,Muscle-19,diabetic,1,10.0,15.398299849943184,0.6494223451582479,7.103745698819035,4.613331191134874,5.623,0.21885894747928322,nearest measured frequency in log distance; no interpolation,True,,,9.0,True
rat_Model16D_to_Human_T2D,ATP0.1,2,Rat_Model16D,Human_diabetic,Muscle-19,diabetic,2,1.0,15.398299849943184,0.0649422345158248,7.103745698819035,0.46133311911348746,0.5623,0.21885894747928303,nearest measured frequency in log distance; no interpolation,True,,,9.0,True
rat_Model16D_to_Human_T2D,ATP0.1,3,Rat_Model16D,Human_diabetic,Muscle-19,diabetic,1,10.0,15.398299849943184,0.6494223451582479,7.103745698819035,4.613331191134874,5.623,0.21885894747928322,nearest measured frequency in log distance; no interpolation,True,,,9.0,True
rat_Model16D_to_Human_T2D,ATP0.1,3,Rat_Model16D,Human_diabetic,Muscle-19,diabetic,2,1.0,15.398299849943184,0.0649422345158248,7.103745698819035,0.46133311911348746,0.5623,0.21885894747928303,nearest measured frequency in log distance; no interpolation,True,,,9.0,True
rat_Model16D_to_Human_T2D,ATP0.1,3,Rat_Model16D,Human_diabetic,Muscle-19,diabetic,3,3.16228,15.398299849943184,0.2053655293647024,7.103745698819035,1.4588644959101988,1.778,0.21875609762556436,nearest measured frequency in log distance; no interpolation,True,,,9.0,True
rat_Model16D_to_Human_T2D,ATP0.1,1,Rat_Model16D,Human_diabetic,Muscle-20,diabetic,1,3.16228,15.398299849943184,0.2053655293647024,7.073475309590901,1.4526480014022876,1.778,0.22397166986333908,nearest measured frequency in log distance; no interpolation,True,,,9.0,True
rat_Model16D_to_Human_T2D,ATP0.1,2,Rat_Model16D,Human_diabetic,Muscle-20,diabetic,1,10.0,15.398299849943184,0.6494223451582479,7.073475309590901,4.593672923973487,5.623,0.2240749598550335,nearest measured frequency in log distance; no interpolation,True,,,9.0,True
rat_Model16D_to_Human_T2D,ATP0.1,2,Rat_Model16D,Human_diabetic,Muscle-20,diabetic,2,1.0,15.398299849943184,0.0649422345158248,7.073475309590901,0.4593672923973487,0.5623,0.22407495985503348,nearest measured frequency in log distance; no interpolation,True,,,9.0,True
rat_Model16D_to_Human_T2D,ATP0.1,3,Rat_Model16D,Human_diabetic,Muscle-20,diabetic,1,10.0,15.398299849943184,0.6494223451582479,7.073475309590901,4.593672923973487,5.623,0.2240749598550335,nearest measured frequency in log distance; no interpolation,True,,,9.0,True
rat_Model16D_to_Human_T2D,ATP0.1,3,Rat_Model16D,Human_diabetic,Muscle-20,diabetic,2,1.0,15.398299849943184,0.0649422345158248,7.073475309590901,0.4593672923973487,0.5623,0.22407495985503348,nearest measured frequency in log distance; no interpolation,True,,,9.0,True
rat_Model16D_to_Human_T2D,ATP0.1,3,Rat_Model16D,Human_diabetic,Muscle-20,diabetic,3,3.16228,15.398299849943184,0.2053655293647024,7.073475309590901,1.4526480014022876,1.778,0.22397166986333908,nearest measured frequency in log distance; no interpolation,True,,,9.0,True
rat_Model16D_to_Human_T2D,ATP1,1,Rat_Model16D,Human_diabetic,Muscle-01,diabetic,1,1.0,14.906442441091428,0.0670850878036048,8.270569889954999,0.5548319072534811,0.5623,0.013460099624564415,nearest measured frequency in log distance; no interpolation,True,,,9.0,True
rat_Model16D_to_Human_T2D,ATP1,2,Rat_Model16D,Human_diabetic,Muscle-01,diabetic,1,10.0,14.906442441091428,0.6708508780360484,8.270569889954999,5.548319072534815,5.623,0.013460099624563685,nearest measured frequency in log distance; no interpolation,True,,,9.0,True
rat_Model16D_to_Human_T2D,ATP1,2,Rat_Model16D,Human_diabetic,Muscle-01,diabetic,2,1.0,14.906442441091428,0.0670850878036048,8.270569889954999,0.5548319072534811,0.5623,0.013460099624564415,nearest measured frequency in log distance; no interpolation,True,,,9.0,True
rat_Model16D_to_Human_T2D,ATP1,3,Rat_Model16D,Human_diabetic,Muscle-01,diabetic,1,10.0,14.906442441091428,0.6708508780360484,8.270569889954999,5.548319072534815,5.623,0.013460099624563685,nearest measured frequency in log distance; no interpolation,True,,,9.0,True
rat_Model16D_to_Human_T2D,ATP1,3,Rat_Model16D,Human_diabetic,Muscle-01,diabetic,2,1.0,14.906442441091428,0.0670850878036048,8.270569889954999,0.5548319072534811,0.5623,0.013460099624564415,nearest measured frequency in log distance; no interpolation,True,,,9.0,True
rat_Model16D_to_Human_T2D,ATP1,3,Rat_Model16D,Human_diabetic,Muscle-01,diabetic,3,31.6228,14.906442441091428,2.121418314595835,8.270569889954999,17.545338436695392,17.78,0.013374581752941492,nearest measured frequency in log distance; no interpolation,True,,,9.0,True
rat_Model16D_to_Human_T2D,ATP1,1,Rat_Model16D,Human_diabetic,Muscle-08,diabetic,1,1.0,14.906442441091428,0.0670850878036048,8.835046937111374,0.5926998995250861,0.5623,0.05129054273409635,nearest measured frequency in log distance; no interpolation,True,,,9.0,True
rat_Model16D_to_Human_T2D,ATP1,2,Rat_Model16D,Human_diabetic,Muscle-08,diabetic,1,10.0,14.906442441091428,0.6708508780360484,8.835046937111374,5.926998995250865,5.623,0.051290542734097055,nearest measured frequency in log distance; no interpolation,True,,,9.0,True
rat_Model16D_to_Human_T2D,ATP1,2,Rat_Model16D,Human_diabetic,Muscle-08,diabetic,2,1.0,14.906442441091428,0.0670850878036048,8.835046937111374,0.5926998995250861,0.5623,0.05129054273409635,nearest measured frequency in log distance; no interpolation,True,,,9.0,True
rat_Model16D_to_Human_T2D,ATP1,3,Rat_Model16D,Human_diabetic,Muscle-08,diabetic,1,10.0,14.906442441091428,0.6708508780360484,8.835046937111374,5.926998995250865,5.623,0.051290542734097055,nearest measured frequency in log distance; no interpolation,True,,,9.0,True
rat_Model16D_to_Human_T2D,ATP1,3,Rat_Model16D,Human_diabetic,Muscle-08,diabetic,2,1.0,14.906442441091428,0.0670850878036048,8.835046937111374,0.5926998995250861,0.5623,0.05129054273409635,nearest measured frequency in log distance; no interpolation,True,,,9.0,True
rat_Model16D_to_Human_T2D,ATP1,3,Rat_Model16D,Human_diabetic,Muscle-08,diabetic,3,31.6228,14.906442441091428,2.121418314595835,8.835046937111374,18.742830382701904,17.78,0.05137059681180896,nearest measured frequency in log distance; no interpolation,True,,,9.0,True
rat_Model16D_to_Human_T2D,ATP1,1,Rat_Model16D,Human_diabetic,Muscle-10,diabetic,1,1.0,14.906442441091428,0.0670850878036048,10.39691945661393,0.6974782546339525,0.5623,0.19380999154575243,nearest measured frequency in log distance; no interpolation,True,,,9.0,True
rat_Model16D_to_Human_T2D,ATP1,2,Rat_Model16D,Human_diabetic,Muscle-10,diabetic,1,10.0,14.906442441091428,0.6708508780360484,10.39691945661393,6.974782546339529,5.623,0.19380999154575293,nearest measured frequency in log distance; no interpolation,True,,,9.0,True
rat_Model16D_to_Human_T2D,ATP1,2,Rat_Model16D,Human_diabetic,Muscle-10,diabetic,2,1.0,14.906442441091428,0.0670850878036048,10.39691945661393,0.6974782546339525,0.5623,0.19380999154575243,nearest measured frequency in log distance; no interpolation,True,,,9.0,True
rat_Model16D_to_Human_T2D,ATP1,3,Rat_Model16D,Human_diabetic,Muscle-10,diabetic,1,10.0,14.906442441091428,0.6708508780360484,10.39691945661393,6.974782546339529,5.623,0.19380999154575293,nearest measured frequency in log distance; no interpolation,True,,,9.0,True
rat_Model16D_to_Human_T2D,ATP1,3,Rat_Model16D,Human_diabetic,Muscle-10,diabetic,2,1.0,14.906442441091428,0.0670850878036048,10.39691945661393,0.6974782546339525,0.5623,0.19380999154575243,nearest measured frequency in log distance; no interpolation,True,,,9.0,True
rat_Model16D_to_Human_T2D,ATP1,3,Rat_Model16D,Human_diabetic,Muscle-10,diabetic,3,31.6228,14.906442441091428,2.121418314595835,10.39691945661393,22.056215350638567,17.78,0.1938780195358748,nearest measured frequency in log distance; no interpolation,True,,,9.0,True
rat_Model16D_to_Human_T2D,ATP1,1,Rat_Model16D,Human_diabetic,Muscle-11,diabetic,1,1.0,14.906442441091428,0.0670850878036048,9.937183147585529,0.6666368039762771,0.5623,0.15651221677822338,nearest measured frequency in log distance; no interpolation,True,,,9.0,True
rat_Model16D_to_Human_T2D,ATP1,2,Rat_Model16D,Human_diabetic,Muscle-11,diabetic,1,10.0,14.906442441091428,0.6708508780360484,9.937183147585529,6.666368039762775,5.623,0.15651221677822383,nearest measured frequency in log distance; no interpolation,True,,,9.0,True
rat_Model16D_to_Human_T2D,ATP1,2,Rat_Model16D,Human_diabetic,Muscle-11,diabetic,2,1.0,14.906442441091428,0.0670850878036048,9.937183147585529,0.6666368039762771,0.5623,0.15651221677822338,nearest measured frequency in log distance; no interpolation,True,,,9.0,True
rat_Model16D_to_Human_T2D,ATP1,3,Rat_Model16D,Human_diabetic,Muscle-11,diabetic,1,10.0,14.906442441091428,0.6708508780360484,9.937183147585529,6.666368039762775,5.623,0.15651221677822383,nearest measured frequency in log distance; no interpolation,True,,,9.0,True
rat_Model16D_to_Human_T2D,ATP1,3,Rat_Model16D,Human_diabetic,Muscle-11,diabetic,2,1.0,14.906442441091428,0.0670850878036048,9.937183147585529,0.6666368039762771,0.5623,0.15651221677822338,nearest measured frequency in log distance; no interpolation,True,,,9.0,True
rat_Model16D_to_Human_T2D,ATP1,3,Rat_Model16D,Human_diabetic,Muscle-11,diabetic,3,31.6228,14.906442441091428,2.121418314595835,9.937183147585529,21.080922324781028,17.78,0.15658339203217544,nearest measured frequency in log distance; no interpolation,True,,,9.0,True
rat_Model16D_to_Human_T2D,ATP1,1,Rat_Model16D,Human_diabetic,Muscle-15,diabetic,1,1.0,14.906442441091428,0.0670850878036048,11.696544860143236,0.7846637389415113,1.0,0.2744312631917604,nearest measured frequency in log distance; no interpolation,True,,,9.0,True
rat_Model16D_to_Human_T2D,ATP1,2,Rat_Model16D,Human_diabetic,Muscle-15,diabetic,1,10.0,14.906442441091428,0.6708508780360484,11.696544860143236,7.846637389415118,10.0,0.2744312631917596,nearest measured frequency in log distance; no interpolation,True,,,9.0,True
rat_Model16D_to_Human_T2D,ATP1,2,Rat_Model16D,Human_diabetic,Muscle-15,diabetic,2,1.0,14.906442441091428,0.0670850878036048,11.696544860143236,0.7846637389415113,1.0,0.2744312631917604,nearest measured frequency in log distance; no interpolation,True,,,9.0,True
rat_Model16D_to_Human_T2D,ATP1,3,Rat_Model16D,Human_diabetic,Muscle-15,diabetic,1,10.0,14.906442441091428,0.6708508780360484,11.696544860143236,7.846637389415118,10.0,0.2744312631917596,nearest measured frequency in log distance; no interpolation,True,,,9.0,True
rat_Model16D_to_Human_T2D,ATP1,3,Rat_Model16D,Human_diabetic,Muscle-15,diabetic,2,1.0,14.906442441091428,0.0670850878036048,11.696544860143236,0.7846637389415113,1.0,0.2744312631917604,nearest measured frequency in log distance; no interpolation,True,,,9.0,True
rat_Model16D_to_Human_T2D,ATP1,3,Rat_Model16D,Human_diabetic,Muscle-15,diabetic,3,31.6228,14.906442441091428,2.121418314595835,11.696544860143236,24.81326448379964,31.62,0.27431842032089004,nearest measured frequency in log distance; no interpolation,True,,,9.0,True
rat_Model16D_to_Human_T2D,ATP1,1,Rat_Model16D,Human_diabetic,Muscle-16,diabetic,1,1.0,14.906442441091428,0.0670850878036048,8.113242525578082,0.5442775872003459,0.5623,0.03311253893873853,nearest measured frequency in log distance; no interpolation,True,,,9.0,True
rat_Model16D_to_Human_T2D,ATP1,2,Rat_Model16D,Human_diabetic,Muscle-16,diabetic,1,10.0,14.906442441091428,0.6708508780360484,8.113242525578082,5.442775872003463,5.623,0.03311253893873772,nearest measured frequency in log distance; no interpolation,True,,,9.0,True
rat_Model16D_to_Human_T2D,ATP1,2,Rat_Model16D,Human_diabetic,Muscle-16,diabetic,2,1.0,14.906442441091428,0.0670850878036048,8.113242525578082,0.5442775872003459,0.5623,0.03311253893873853,nearest measured frequency in log distance; no interpolation,True,,,9.0,True
rat_Model16D_to_Human_T2D,ATP1,3,Rat_Model16D,Human_diabetic,Muscle-16,diabetic,1,10.0,14.906442441091428,0.6708508780360484,8.113242525578082,5.442775872003463,5.623,0.03311253893873772,nearest measured frequency in log distance; no interpolation,True,,,9.0,True
rat_Model16D_to_Human_T2D,ATP1,3,Rat_Model16D,Human_diabetic,Muscle-16,diabetic,2,1.0,14.906442441091428,0.0670850878036048,8.113242525578082,0.5442775872003459,0.5623,0.03311253893873853,nearest measured frequency in log distance; no interpolation,True,,,9.0,True
rat_Model16D_to_Human_T2D,ATP1,3,Rat_Model16D,Human_diabetic,Muscle-16,diabetic,3,31.6228,14.906442441091428,2.121418314595835,8.113242525578082,17.21158128451911,17.78,0.03302536275340103,nearest measured frequency in log distance; no interpolation,True,,,9.0,True
rat_Model16D_to_Human_T2D,ATP1,1,Rat_Model16D,Human_diabetic,Muscle-17,diabetic,1,1.0,14.906442441091428,0.0670850878036048,8.307808939385456,0.5573300921542461,0.5623,0.008917350625270814,nearest measured frequency in log distance; no interpolation,True,,,9.0,True
rat_Model16D_to_Human_T2D,ATP1,2,Rat_Model16D,Human_diabetic,Muscle-17,diabetic,1,10.0,14.906442441091428,0.6708508780360484,8.307808939385456,5.573300921542465,5.623,0.00891735062527009,nearest measured frequency in log distance; no interpolation,True,,,9.0,True
rat_Model16D_to_Human_T2D,ATP1,2,Rat_Model16D,Human_diabetic,Muscle-17,diabetic,2,1.0,14.906442441091428,0.0670850878036048,8.307808939385456,0.5573300921542461,0.5623,0.008917350625270814,nearest measured frequency in log distance; no interpolation,True,,,9.0,True
rat_Model16D_to_Human_T2D,ATP1,3,Rat_Model16D,Human_diabetic,Muscle-17,diabetic,1,10.0,14.906442441091428,0.6708508780360484,8.307808939385456,5.573300921542465,5.623,0.00891735062527009,nearest measured frequency in log distance; no interpolation,True,,,9.0,True
rat_Model16D_to_Human_T2D,ATP1,3,Rat_Model16D,Human_diabetic,Muscle-17,diabetic,2,1.0,14.906442441091428,0.0670850878036048,8.307808939385456,0.5573300921542461,0.5623,0.008917350625270814,nearest measured frequency in log distance; no interpolation,True,,,9.0,True
rat_Model16D_to_Human_T2D,ATP1,3,Rat_Model16D,Human_diabetic,Muscle-17,diabetic,3,31.6228,14.906442441091428,2.121418314595835,8.307808939385456,17.624338038175306,17.78,0.008832216080259143,nearest measured frequency in log distance; no interpolation,True,,,9.0,True
rat_Model16D_to_Human_T2D,ATP1,1,Rat_Model16D,Human_diabetic,Muscle-18,diabetic,1,1.0,14.906442441091428,0.0670850878036048,8.690640691322375,0.5830123938469423,0.5623,0.0355265069242762,nearest measured frequency in log distance; no interpolation,True,,,9.0,True
rat_Model16D_to_Human_T2D,ATP1,2,Rat_Model16D,Human_diabetic,Muscle-18,diabetic,1,10.0,14.906442441091428,0.6708508780360484,8.690640691322375,5.830123938469426,5.623,0.03552650692427678,nearest measured frequency in log distance; no interpolation,True,,,9.0,True
rat_Model16D_to_Human_T2D,ATP1,2,Rat_Model16D,Human_diabetic,Muscle-18,diabetic,2,1.0,14.906442441091428,0.0670850878036048,8.690640691322375,0.5830123938469423,0.5623,0.0355265069242762,nearest measured frequency in log distance; no interpolation,True,,,9.0,True
rat_Model16D_to_Human_T2D,ATP1,3,Rat_Model16D,Human_diabetic,Muscle-18,diabetic,1,10.0,14.906442441091428,0.6708508780360484,8.690640691322375,5.830123938469426,5.623,0.03552650692427678,nearest measured frequency in log distance; no interpolation,True,,,9.0,True
rat_Model16D_to_Human_T2D,ATP1,3,Rat_Model16D,Human_diabetic,Muscle-18,diabetic,2,1.0,14.906442441091428,0.0670850878036048,8.690640691322375,0.5830123938469423,0.5623,0.0355265069242762,nearest measured frequency in log distance; no interpolation,True,,,9.0,True
rat_Model16D_to_Human_T2D,ATP1,3,Rat_Model16D,Human_diabetic,Muscle-18,diabetic,3,31.6228,14.906442441091428,2.121418314595835,8.690640691322375,18.436484328143095,17.78,0.03560789120412603,nearest measured frequency in log distance; no interpolation,True,,,9.0,True
rat_Model16D_to_Human_T2D,ATP1,1,Rat_Model16D,Human_diabetic,Muscle-19,diabetic,1,1.0,14.906442441091428,0.0670850878036048,8.526014985450226,0.5719684639137786,0.5623,0.01690384089993482,nearest measured frequency in log distance; no interpolation,True,,,9.0,True
rat_Model16D_to_Human_T2D,ATP1,2,Rat_Model16D,Human_diabetic,Muscle-19,diabetic,1,10.0,14.906442441091428,0.6708508780360484,8.526014985450226,5.719684639137791,5.623,0.016903840899935546,nearest measured frequency in log distance; no interpolation,True,,,9.0,True
rat_Model16D_to_Human_T2D,ATP1,2,Rat_Model16D,Human_diabetic,Muscle-19,diabetic,2,1.0,14.906442441091428,0.0670850878036048,8.526014985450226,0.5719684639137786,0.5623,0.01690384089993482,nearest measured frequency in log distance; no interpolation,True,,,9.0,True
rat_Model16D_to_Human_T2D,ATP1,3,Rat_Model16D,Human_diabetic,Muscle-19,diabetic,1,10.0,14.906442441091428,0.6708508780360484,8.526014985450226,5.719684639137791,5.623,0.016903840899935546,nearest measured frequency in log distance; no interpolation,True,,,9.0,True
rat_Model16D_to_Human_T2D,ATP1,3,Rat_Model16D,Human_diabetic,Muscle-19,diabetic,2,1.0,14.906442441091428,0.0670850878036048,8.526014985450226,0.5719684639137786,0.5623,0.01690384089993482,nearest measured frequency in log distance; no interpolation,True,,,9.0,True
rat_Model16D_to_Human_T2D,ATP1,3,Rat_Model16D,Human_diabetic,Muscle-19,diabetic,3,31.6228,14.906442441091428,2.121418314595835,8.526014985450226,18.087244340652653,17.78,0.01698679659908687,nearest measured frequency in log distance; no interpolation,True,,,9.0,True
rat_Model16D_to_Human_T2D,ATP1,1,Rat_Model16D,Human_diabetic,Muscle-20,diabetic,1,1.0,14.906442441091428,0.0670850878036048,8.333413466046034,0.5590477740734408,0.5623,0.005817438289508392,nearest measured frequency in log distance; no interpolation,True,,,9.0,True
rat_Model16D_to_Human_T2D,ATP1,2,Rat_Model16D,Human_diabetic,Muscle-20,diabetic,1,10.0,14.906442441091428,0.6708508780360484,8.333413466046034,5.590477740734411,5.623,0.005817438289507833,nearest measured frequency in log distance; no interpolation,True,,,9.0,True
rat_Model16D_to_Human_T2D,ATP1,2,Rat_Model16D,Human_diabetic,Muscle-20,diabetic,2,1.0,14.906442441091428,0.0670850878036048,8.333413466046034,0.5590477740734408,0.5623,0.005817438289508392,nearest measured frequency in log distance; no interpolation,True,,,9.0,True
rat_Model16D_to_Human_T2D,ATP1,3,Rat_Model16D,Human_diabetic,Muscle-20,diabetic,1,10.0,14.906442441091428,0.6708508780360484,8.333413466046034,5.590477740734411,5.623,0.005817438289507833,nearest measured frequency in log distance; no interpolation,True,,,9.0,True
rat_Model16D_to_Human_T2D,ATP1,3,Rat_Model16D,Human_diabetic,Muscle-20,diabetic,2,1.0,14.906442441091428,0.0670850878036048,8.333413466046034,0.5590477740734408,0.5623,0.005817438289508392,nearest measured frequency in log distance; no interpolation,True,,,9.0,True
rat_Model16D_to_Human_T2D,ATP1,3,Rat_Model16D,Human_diabetic,Muscle-20,diabetic,3,31.6228,14.906442441091428,2.121418314595835,8.333413466046034,17.678655949969613,17.78,0.005732565321548787,nearest measured frequency in log distance; no interpolation,True,,,9.0,True
human_ND_to_Human_T2D,ATP0.1,1,Human_ND,Human_diabetic,Muscle-01,diabetic,1,3.1622776601683795,12.46476311327122,0.2536973732618718,6.897840843923858,1.749964103281936,1.778,0.016020841036387366,nearest measured frequency in log distance; no interpolation,True,,,9.0,True
human_ND_to_Human_T2D,ATP0.1,2,Human_ND,Human_diabetic,Muscle-01,diabetic,1,3.1622776601683795,12.46476311327122,0.2536973732618718,6.897840843923858,1.749964103281936,1.778,0.016020841036387366,nearest measured frequency in log distance; no interpolation,True,,,9.0,True
human_ND_to_Human_T2D,ATP0.1,2,Human_ND,Human_diabetic,Muscle-01,diabetic,2,31.622776601683796,12.46476311327122,2.5369737326187174,6.897840843923858,17.499641032819355,17.78,0.0160208410363877,nearest measured frequency in log distance; no interpolation,True,,,9.0,True
human_ND_to_Human_T2D,ATP0.1,3,Human_ND,Human_diabetic,Muscle-01,diabetic,1,3.1622776601683795,12.46476311327122,0.2536973732618718,6.897840843923858,1.749964103281936,1.778,0.016020841036387366,nearest measured frequency in log distance; no interpolation,True,,,9.0,True
human_ND_to_Human_T2D,ATP0.1,3,Human_ND,Human_diabetic,Muscle-01,diabetic,2,10.0,12.46476311327122,0.8022615359094158,6.897840843923858,5.5338723899050555,5.623,0.016105830386969566,nearest measured frequency in log distance; no interpolation,True,,,9.0,True
human_ND_to_Human_T2D,ATP0.1,3,Human_ND,Human_diabetic,Muscle-01,diabetic,3,31.622776601683796,12.46476311327122,2.5369737326187174,6.897840843923858,17.499641032819355,17.78,0.0160208410363877,nearest measured frequency in log distance; no interpolation,True,,,9.0,True
human_ND_to_Human_T2D,ATP0.1,1,Human_ND,Human_diabetic,Muscle-08,diabetic,1,3.1622776601683795,12.46476311327122,0.2536973732618718,6.997545352658501,1.7752588752502803,1.778,0.0015440704383654015,nearest measured frequency in log distance; no interpolation,True,,,9.0,True
human_ND_to_Human_T2D,ATP0.1,2,Human_ND,Human_diabetic,Muscle-08,diabetic,1,3.1622776601683795,12.46476311327122,0.2536973732618718,6.997545352658501,1.7752588752502803,1.778,0.0015440704383654015,nearest measured frequency in log distance; no interpolation,True,,,9.0,True
human_ND_to_Human_T2D,ATP0.1,2,Human_ND,Human_diabetic,Muscle-08,diabetic,2,31.622776601683796,12.46476311327122,2.5369737326187174,6.997545352658501,17.752588752502795,17.78,0.0015440704383658525,nearest measured frequency in log distance; no interpolation,True,,,9.0,True
human_ND_to_Human_T2D,ATP0.1,3,Human_ND,Human_diabetic,Muscle-08,diabetic,1,3.1622776601683795,12.46476311327122,0.2536973732618718,6.997545352658501,1.7752588752502803,1.778,0.0015440704383654015,nearest measured frequency in log distance; no interpolation,True,,,9.0,True
human_ND_to_Human_T2D,ATP0.1,3,Human_ND,Human_diabetic,Muscle-08,diabetic,2,10.0,12.46476311327122,0.8022615359094158,6.997545352658501,5.613861482219604,5.623,0.0016278488183828945,nearest measured frequency in log distance; no interpolation,True,,,9.0,True
human_ND_to_Human_T2D,ATP0.1,3,Human_ND,Human_diabetic,Muscle-08,diabetic,3,31.622776601683796,12.46476311327122,2.5369737326187174,6.997545352658501,17.752588752502795,17.78,0.0015440704383658525,nearest measured frequency in log distance; no interpolation,True,,,9.0,True
human_ND_to_Human_T2D,ATP0.1,1,Human_ND,Human_diabetic,Muscle-10,diabetic,1,3.1622776601683795,12.46476311327122,0.2536973732618718,7.089152901133079,1.79849946966924,1.778,0.011398096032249607,nearest measured frequency in log distance; no interpolation,True,,,9.0,True
human_ND_to_Human_T2D,ATP0.1,2,Human_ND,Human_diabetic,Muscle-10,diabetic,1,3.1622776601683795,12.46476311327122,0.2536973732618718,7.089152901133079,1.79849946966924,1.778,0.011398096032249607,nearest measured frequency in log distance; no interpolation,True,,,9.0,True
human_ND_to_Human_T2D,ATP0.1,2,Human_ND,Human_diabetic,Muscle-10,diabetic,2,31.622776601683796,12.46476311327122,2.5369737326187174,7.089152901133079,17.984994696692397,17.78,0.011398096032249363,nearest measured frequency in log distance; no interpolation,True,,,9.0,True
human_ND_to_Human_T2D,ATP0.1,3,Human_ND,Human_diabetic,Muscle-10,diabetic,1,3.1622776601683795,12.46476311327122,0.2536973732618718,7.089152901133079,1.79849946966924,1.778,0.011398096032249607,nearest measured frequency in log distance; no interpolation,True,,,9.0,True
human_ND_to_Human_T2D,ATP0.1,3,Human_ND,Human_diabetic,Muscle-10,diabetic,2,10.0,12.46476311327122,0.8022615359094158,7.089152901133079,5.687354694759715,5.623,0.01131540025435909,nearest measured frequency in log distance; no interpolation,True,,,9.0,True
human_ND_to_Human_T2D,ATP0.1,3,Human_ND,Human_diabetic,Muscle-10,diabetic,3,31.622776601683796,12.46476311327122,2.5369737326187174,7.089152901133079,17.984994696692397,17.78,0.011398096032249363,nearest measured frequency in log distance; no interpolation,True,,,9.0,True
human_ND_to_Human_T2D,ATP0.1,1,Human_ND,Human_diabetic,Muscle-11,diabetic,1,3.1622776601683795,12.46476311327122,0.2536973732618718,7.372374957781156,1.8703521614906824,1.778,0.04937688387895738,nearest measured frequency in log distance; no interpolation,True,,,9.0,True
human_ND_to_Human_T2D,ATP0.1,2,Human_ND,Human_diabetic,Muscle-11,diabetic,1,3.1622776601683795,12.46476311327122,0.2536973732618718,7.372374957781156,1.8703521614906824,1.778,0.04937688387895738,nearest measured frequency in log distance; no interpolation,True,,,9.0,True
human_ND_to_Human_T2D,ATP0.1,2,Human_ND,Human_diabetic,Muscle-11,diabetic,2,31.622776601683796,12.46476311327122,2.5369737326187174,7.372374957781156,18.70352161490682,17.78,0.049376883878957084,nearest measured frequency in log distance; no interpolation,True,,,9.0,True
human_ND_to_Human_T2D,ATP0.1,3,Human_ND,Human_diabetic,Muscle-11,diabetic,1,3.1622776601683795,12.46476311327122,0.2536973732618718,7.372374957781156,1.8703521614906824,1.778,0.04937688387895738,nearest measured frequency in log distance; no interpolation,True,,,9.0,True
human_ND_to_Human_T2D,ATP0.1,3,Human_ND,Human_diabetic,Muscle-11,diabetic,2,10.0,12.46476311327122,0.8022615359094158,7.372374957781156,5.914572856929626,5.623,0.04929736499703662,nearest measured frequency in log distance; no interpolation,True,,,9.0,True
human_ND_to_Human_T2D,ATP0.1,3,Human_ND,Human_diabetic,Muscle-11,diabetic,3,31.622776601683796,12.46476311327122,2.5369737326187174,7.372374957781156,18.70352161490682,17.78,0.049376883878957084,nearest measured frequency in log distance; no interpolation,True,,,9.0,True
human_ND_to_Human_T2D,ATP0.1,1,Human_ND,Human_diabetic,Muscle-15,diabetic,1,3.1622776601683795,12.46476311327122,0.2536973732618718,7.0562393375400205,1.7901493850409935,1.778,0.006786799550091896,nearest measured frequency in log distance; no interpolation,True,,,9.0,True
human_ND_to_Human_T2D,ATP0.1,2,Human_ND,Human_diabetic,Muscle-15,diabetic,1,3.1622776601683795,12.46476311327122,0.2536973732618718,7.0562393375400205,1.7901493850409935,1.778,0.006786799550091896,nearest measured frequency in log distance; no interpolation,True,,,9.0,True
human_ND_to_Human_T2D,ATP0.1,2,Human_ND,Human_diabetic,Muscle-15,diabetic,2,31.622776601683796,12.46476311327122,2.5369737326187174,7.0562393375400205,17.90149385040993,17.78,0.006786799550091625,nearest measured frequency in log distance; no interpolation,True,,,9.0,True
human_ND_to_Human_T2D,ATP0.1,3,Human_ND,Human_diabetic,Muscle-15,diabetic,1,3.1622776601683795,12.46476311327122,0.2536973732618718,7.0562393375400205,1.7901493850409935,1.778,0.006786799550091896,nearest measured frequency in log distance; no interpolation,True,,,9.0,True
human_ND_to_Human_T2D,ATP0.1,3,Human_ND,Human_diabetic,Muscle-15,diabetic,2,10.0,12.46476311327122,0.8022615359094158,7.0562393375400205,5.660949408679296,5.623,0.00670371804084884,nearest measured frequency in log distance; no interpolation,True,,,9.0,True
human_ND_to_Human_T2D,ATP0.1,3,Human_ND,Human_diabetic,Muscle-15,diabetic,3,31.622776601683796,12.46476311327122,2.5369737326187174,7.0562393375400205,17.90149385040993,17.78,0.006786799550091625,nearest measured frequency in log distance; no interpolation,True,,,9.0,True
human_ND_to_Human_T2D,ATP0.1,1,Human_ND,Human_diabetic,Muscle-16,diabetic,1,3.1622776601683795,12.46476311327122,0.2536973732618718,6.810717271917343,1.7278610819146916,1.778,0.02901791041542999,nearest measured frequency in log distance; no interpolation,True,,,9.0,True
human_ND_to_Human_T2D,ATP0.1,2,Human_ND,Human_diabetic,Muscle-16,diabetic,1,3.1622776601683795,12.46476311327122,0.2536973732618718,6.810717271917343,1.7278610819146916,1.778,0.02901791041542999,nearest measured frequency in log distance; no interpolation,True,,,9.0,True
human_ND_to_Human_T2D,ATP0.1,2,Human_ND,Human_diabetic,Muscle-16,diabetic,2,31.622776601683796,12.46476311327122,2.5369737326187174,6.810717271917343,17.27861081914691,17.78,0.029017910415430438,nearest measured frequency in log distance; no interpolation,True,,,9.0,True
human_ND_to_Human_T2D,ATP0.1,3,Human_ND,Human_diabetic,Muscle-16,diabetic,1,3.1622776601683795,12.46476311327122,0.2536973732618718,6.810717271917343,1.7278610819146916,1.778,0.02901791041542999,nearest measured frequency in log distance; no interpolation,True,,,9.0,True
human_ND_to_Human_T2D,ATP0.1,3,Human_ND,Human_diabetic,Muscle-16,diabetic,2,10.0,12.46476311327122,0.8022615359094158,6.810717271917343,5.463976499213194,5.623,0.029103986960724547,nearest measured frequency in log distance; no interpolation,True,,,9.0,True
human_ND_to_Human_T2D,ATP0.1,3,Human_ND,Human_diabetic,Muscle-16,diabetic,3,31.622776601683796,12.46476311327122,2.5369737326187174,6.810717271917343,17.27861081914691,17.78,0.029017910415430438,nearest measured frequency in log distance; no interpolation,True,,,9.0,True
human_ND_to_Human_T2D,ATP0.1,1,Human_ND,Human_diabetic,Muscle-17,diabetic,1,3.1622776601683795,12.46476311327122,0.2536973732618718,7.118694838602363,1.805994181606264,1.778,0.015500704205683353,nearest measured frequency in log distance; no interpolation,True,,,9.0,True
human_ND_to_Human_T2D,ATP0.1,2,Human_ND,Human_diabetic,Muscle-17,diabetic,1,3.1622776601683795,12.46476311327122,0.2536973732618718,7.118694838602363,1.805994181606264,1.778,0.015500704205683353,nearest measured frequency in log distance; no interpolation,True,,,9.0,True
human_ND_to_Human_T2D,ATP0.1,2,Human_ND,Human_diabetic,Muscle-17,diabetic,2,31.622776601683796,12.46476311327122,2.5369737326187174,7.118694838602363,18.059941816062636,17.78,0.015500704205683159,nearest measured frequency in log distance; no interpolation,True,,,9.0,True
human_ND_to_Human_T2D,ATP0.1,3,Human_ND,Human_diabetic,Muscle-17,diabetic,1,3.1622776601683795,12.46476311327122,0.2536973732618718,7.118694838602363,1.805994181606264,1.778,0.015500704205683353,nearest measured frequency in log distance; no interpolation,True,,,9.0,True
human_ND_to_Human_T2D,ATP0.1,3,Human_ND,Human_diabetic,Muscle-17,diabetic,2,10.0,12.46476311327122,0.8022615359094158,7.118694838602363,5.711055054887563,5.623,0.01541835160776546,nearest measured frequency in log distance; no interpolation,True,,,9.0,True
human_ND_to_Human_T2D,ATP0.1,3,Human_ND,Human_diabetic,Muscle-17,diabetic,3,31.622776601683796,12.46476311327122,2.5369737326187174,7.118694838602363,18.059941816062636,17.78,0.015500704205683159,nearest measured frequency in log distance; no interpolation,True,,,9.0,True
human_ND_to_Human_T2D,ATP0.1,1,Human_ND,Human_diabetic,Muscle-18,diabetic,1,3.1622776601683795,12.46476311327122,0.2536973732618718,7.113732633484249,1.8047352832022117,1.778,0.014813963826747038,nearest measured frequency in log distance; no interpolation,True,,,9.0,True
human_ND_to_Human_T2D,ATP0.1,2,Human_ND,Human_diabetic,Muscle-18,diabetic,1,3.1622776601683795,12.46476311327122,0.2536973732618718,7.113732633484249,1.8047352832022117,1.778,0.014813963826747038,nearest measured frequency in log distance; no interpolation,True,,,9.0,True
human_ND_to_Human_T2D,ATP0.1,2,Human_ND,Human_diabetic,Muscle-18,diabetic,2,31.622776601683796,12.46476311327122,2.5369737326187174,7.113732633484249,18.047352832022113,17.78,0.01481396382674682,nearest measured frequency in log distance; no interpolation,True,,,9.0,True
human_ND_to_Human_T2D,ATP0.1,3,Human_ND,Human_diabetic,Muscle-18,diabetic,1,3.1622776601683795,12.46476311327122,0.2536973732618718,7.113732633484249,1.8047352832022117,1.778,0.014813963826747038,nearest measured frequency in log distance; no interpolation,True,,,9.0,True
human_ND_to_Human_T2D,ATP0.1,3,Human_ND,Human_diabetic,Muscle-18,diabetic,2,10.0,12.46476311327122,0.8022615359094158,7.113732633484249,5.707074068588007,5.623,0.014731553783532275,nearest measured frequency in log distance; no interpolation,True,,,9.0,True
human_ND_to_Human_T2D,ATP0.1,3,Human_ND,Human_diabetic,Muscle-18,diabetic,3,31.622776601683796,12.46476311327122,2.5369737326187174,7.113732633484249,18.047352832022113,17.78,0.01481396382674682,nearest measured frequency in log distance; no interpolation,True,,,9.0,True
human_ND_to_Human_T2D,ATP0.1,1,Human_ND,Human_diabetic,Muscle-19,diabetic,1,3.1622776601683795,12.46476311327122,0.2536973732618718,7.103745698819035,1.802201624110709,1.778,0.013428921485214646,nearest measured frequency in log distance; no interpolation,True,,,9.0,True
human_ND_to_Human_T2D,ATP0.1,2,Human_ND,Human_diabetic,Muscle-19,diabetic,1,3.1622776601683795,12.46476311327122,0.2536973732618718,7.103745698819035,1.802201624110709,1.778,0.013428921485214646,nearest measured frequency in log distance; no interpolation,True,,,9.0,True
human_ND_to_Human_T2D,ATP0.1,2,Human_ND,Human_diabetic,Muscle-19,diabetic,2,31.622776601683796,12.46476311327122,2.5369737326187174,7.103745698819035,18.022016241107085,17.78,0.013428921485214304,nearest measured frequency in log distance; no interpolation,True,,,9.0,True
human_ND_to_Human_T2D,ATP0.1,3,Human_ND,Human_diabetic,Muscle-19,diabetic,1,3.1622776601683795,12.46476311327122,0.2536973732618718,7.103745698819035,1.802201624110709,1.778,0.013428921485214646,nearest measured frequency in log distance; no interpolation,True,,,9.0,True
human_ND_to_Human_T2D,ATP0.1,3,Human_ND,Human_diabetic,Muscle-19,diabetic,2,10.0,12.46476311327122,0.8022615359094158,7.103745698819035,5.699061935044465,5.623,0.013346395584288675,nearest measured frequency in log distance; no interpolation,True,,,9.0,True
human_ND_to_Human_T2D,ATP0.1,3,Human_ND,Human_diabetic,Muscle-19,diabetic,3,31.622776601683796,12.46476311327122,2.5369737326187174,7.103745698819035,18.022016241107085,17.78,0.013428921485214304,nearest measured frequency in log distance; no interpolation,True,,,9.0,True
human_ND_to_Human_T2D,ATP0.1,1,Human_ND,Human_diabetic,Muscle-20,diabetic,1,3.1622776601683795,12.46476311327122,0.2536973732618718,7.073475309590901,1.7945221058759169,1.778,0.009206967036971835,nearest measured frequency in log distance; no interpolation,True,,,9.0,True
human_ND_to_Human_T2D,ATP0.1,2,Human_ND,Human_diabetic,Muscle-20,diabetic,1,3.1622776601683795,12.46476311327122,0.2536973732618718,7.073475309590901,1.7945221058759169,1.778,0.009206967036971835,nearest measured frequency in log distance; no interpolation,True,,,9.0,True
human_ND_to_Human_T2D,ATP0.1,2,Human_ND,Human_diabetic,Muscle-20,diabetic,2,31.622776601683796,12.46476311327122,2.5369737326187174,7.073475309590901,17.945221058759167,17.78,0.009206967036971664,nearest measured frequency in log distance; no interpolation,True,,,9.0,True
human_ND_to_Human_T2D,ATP0.1,3,Human_ND,Human_diabetic,Muscle-20,diabetic,1,3.1622776601683795,12.46476311327122,0.2536973732618718,7.073475309590901,1.7945221058759169,1.778,0.009206967036971835,nearest measured frequency in log distance; no interpolation,True,,,9.0,True
human_ND_to_Human_T2D,ATP0.1,3,Human_ND,Human_diabetic,Muscle-20,diabetic,2,10.0,12.46476311327122,0.8022615359094158,7.073475309590901,5.674777166089727,5.623,0.00912408797285058,nearest measured frequency in log distance; no interpolation,True,,,9.0,True
human_ND_to_Human_T2D,ATP0.1,3,Human_ND,Human_diabetic,Muscle-20,diabetic,3,31.622776601683796,12.46476311327122,2.5369737326187174,7.073475309590901,17.945221058759167,17.78,0.009206967036971664,nearest measured frequency in log distance; no interpolation,True,,,9.0,True
human_ND_to_Human_T2D,ATP1,1,Human_ND,Human_diabetic,Muscle-01,diabetic,1,31.622776601683796,32.87657266212315,0.9618635411505698,8.270569889954999,7.955159641685394,10.0,0.2570457980000239,nearest measured frequency in log distance; no interpolation,True,,,9.0,True
human_ND_to_Human_T2D,ATP1,2,Human_ND,Human_diabetic,Muscle-01,diabetic,1,1.0,32.87657266212315,0.0304167958831089,8.270569889954999,0.2515642361797476,0.3162,0.256935424533354,nearest measured frequency in log distance; no interpolation,True,,,9.0,True
human_ND_to_Human_T2D,ATP1,2,Human_ND,Human_diabetic,Muscle-01,diabetic,2,31.622776601683796,32.87657266212315,0.9618635411505698,8.270569889954999,7.955159641685394,10.0,0.2570457980000239,nearest measured frequency in log distance; no interpolation,True,,,9.0,True
human_ND_to_Human_T2D,ATP1,3,Human_ND,Human_diabetic,Muscle-01,diabetic,1,1.0,32.87657266212315,0.0304167958831089,8.270569889954999,0.2515642361797476,0.3162,0.256935424533354,nearest measured frequency in log distance; no interpolation,True,,,9.0,True
human_ND_to_Human_T2D,ATP1,3,Human_ND,Human_diabetic,Muscle-01,diabetic,2,10.0,32.87657266212315,0.3041679588310896,8.270569889954999,2.5156423617974815,3.162,0.25693542453335133,nearest measured frequency in log distance; no interpolation,True,,,9.0,True
human_ND_to_Human_T2D,ATP1,3,Human_ND,Human_diabetic,Muscle-01,diabetic,3,31.622776601683796,32.87657266212315,0.9618635411505698,8.270569889954999,7.955159641685394,10.0,0.2570457980000239,nearest measured frequency in log distance; no interpolation,True,,,9.0,True
human_ND_to_Human_T2D,ATP1,1,Human_ND,Human_diabetic,Muscle-08,diabetic,1,31.622776601683796,32.87657266212315,0.9618635411505698,8.835046937111374,8.498109533161442,10.0,0.17673230275249577,nearest measured frequency in log distance; no interpolation,True,,,9.0,True
human_ND_to_Human_T2D,ATP1,2,Human_ND,Human_diabetic,Muscle-08,diabetic,1,1.0,32.87657266212315,0.0304167958831089,8.835046937111374,0.26873381930380313,0.3162,0.17662898112029737,nearest measured frequency in log distance; no interpolation,True,,,9.0,True
human_ND_to_Human_T2D,ATP1,2,Human_ND,Human_diabetic,Muscle-08,diabetic,2,31.622776601683796,32.87657266212315,0.9618635411505698,8.835046937111374,8.498109533161442,10.0,0.17673230275249577,nearest measured frequency in log distance; no interpolation,True,,,9.0,True
human_ND_to_Human_T2D,ATP1,3,Human_ND,Human_diabetic,Muscle-08,diabetic,1,1.0,32.87657266212315,0.0304167958831089,8.835046937111374,0.26873381930380313,0.3162,0.17662898112029737,nearest measured frequency in log distance; no interpolation,True,,,9.0,True
human_ND_to_Human_T2D,ATP1,3,Human_ND,Human_diabetic,Muscle-08,diabetic,2,10.0,32.87657266212315,0.3041679588310896,8.835046937111374,2.6873381930380367,3.162,0.17662898112029507,nearest measured frequency in log distance; no interpolation,True,,,9.0,True
human_ND_to_Human_T2D,ATP1,3,Human_ND,Human_diabetic,Muscle-08,diabetic,3,31.622776601683796,32.87657266212315,0.9618635411505698,8.835046937111374,8.498109533161442,10.0,0.17673230275249577,nearest measured frequency in log distance; no interpolation,True,,,9.0,True
human_ND_to_Human_T2D,ATP1,1,Human_ND,Human_diabetic,Muscle-10,diabetic,1,31.622776601683796,32.87657266212315,0.9618635411505698,10.39691945661393,10.000417765595932,10.0,4.177481438518693e-05,nearest measured frequency in log distance; no interpolation,True,,,9.0,True
human_ND_to_Human_T2D,ATP1,2,Human_ND,Human_diabetic,Muscle-10,diabetic,1,1.0,32.87657266212315,0.0304167958831089,10.39691945661393,0.31624097692494935,0.3162,0.0001295750011520168,nearest measured frequency in log distance; no interpolation,True,,,9.0,True
human_ND_to_Human_T2D,ATP1,2,Human_ND,Human_diabetic,Muscle-10,diabetic,2,31.622776601683796,32.87657266212315,0.9618635411505698,10.39691945661393,10.000417765595932,10.0,4.177481438518693e-05,nearest measured frequency in log distance; no interpolation,True,,,9.0,True
human_ND_to_Human_T2D,ATP1,3,Human_ND,Human_diabetic,Muscle-10,diabetic,1,1.0,32.87657266212315,0.0304167958831089,10.39691945661393,0.31624097692494935,0.3162,0.0001295750011520168,nearest measured frequency in log distance; no interpolation,True,,,9.0,True
human_ND_to_Human_T2D,ATP1,3,Human_ND,Human_diabetic,Muscle-10,diabetic,2,10.0,32.87657266212315,0.3041679588310896,10.39691945661393,3.1624097692495003,3.162,0.000129575001154158,nearest measured frequency in log distance; no interpolation,True,,,9.0,True
human_ND_to_Human_T2D,ATP1,3,Human_ND,Human_diabetic,Muscle-10,diabetic,3,31.622776601683796,32.87657266212315,0.9618635411505698,10.39691945661393,10.000417765595932,10.0,4.177481438518693e-05,nearest measured frequency in log distance; no interpolation,True,,,9.0,True
human_ND_to_Human_T2D,ATP1,1,Human_ND,Human_diabetic,Muscle-11,diabetic,1,31.622776601683796,32.87657266212315,0.9618635411505698,9.937183147585529,9.558214171398383,10.0,0.046220540854127246,nearest measured frequency in log distance; no interpolation,True,,,9.0,True
human_ND_to_Human_T2D,ATP1,2,Human_ND,Human_diabetic,Muscle-11,diabetic,1,1.0,32.87657266212315,0.0304167958831089,9.937183147585529,0.30225727145317866,0.3162,0.046128678657714715,nearest measured frequency in log distance; no interpolation,True,,,9.0,True
human_ND_to_Human_T2D,ATP1,2,Human_ND,Human_diabetic,Muscle-11,diabetic,2,31.622776601683796,32.87657266212315,0.9618635411505698,9.937183147585529,9.558214171398383,10.0,0.046220540854127246,nearest measured frequency in log distance; no interpolation,True,,,9.0,True
human_ND_to_Human_T2D,ATP1,3,Human_ND,Human_diabetic,Muscle-11,diabetic,1,1.0,32.87657266212315,0.0304167958831089,9.937183147585529,0.30225727145317866,0.3162,0.046128678657714715,nearest measured frequency in log distance; no interpolation,True,,,9.0,True
human_ND_to_Human_T2D,ATP1,3,Human_ND,Human_diabetic,Muscle-11,diabetic,2,10.0,32.87657266212315,0.3041679588310896,9.937183147585529,3.0225727145317927,3.162,0.04612867865771264,nearest measured frequency in log distance; no interpolation,True,,,9.0,True
human_ND_to_Human_T2D,ATP1,3,Human_ND,Human_diabetic,Muscle-11,diabetic,3,31.622776601683796,32.87657266212315,0.9618635411505698,9.937183147585529,9.558214171398383,10.0,0.046220540854127246,nearest measured frequency in log distance; no interpolation,True,,,9.0,True
human_ND_to_Human_T2D,ATP1,1,Human_ND,Human_diabetic,Muscle-15,diabetic,1,31.622776601683796,32.87657266212315,0.9618635411505698,11.696544860143236,11.25048005840387,10.0,0.11114904003316621,nearest measured frequency in log distance; no interpolation,True,,,9.0,True
human_ND_to_Human_T2D,ATP1,2,Human_ND,Human_diabetic,Muscle-15,diabetic,1,1.0,32.87657266212315,0.0304167958831089,11.696544860143236,0.3557714175486033,0.3162,0.11122708457375535,nearest measured frequency in log distance; no interpolation,True,,,9.0,True
human_ND_to_Human_T2D,ATP1,2,Human_ND,Human_diabetic,Muscle-15,diabetic,2,31.622776601683796,32.87657266212315,0.9618635411505698,11.696544860143236,11.25048005840387,10.0,0.11114904003316621,nearest measured frequency in log distance; no interpolation,True,,,9.0,True
human_ND_to_Human_T2D,ATP1,3,Human_ND,Human_diabetic,Muscle-15,diabetic,1,1.0,32.87657266212315,0.0304167958831089,11.696544860143236,0.3557714175486033,0.3162,0.11122708457375535,nearest measured frequency in log distance; no interpolation,True,,,9.0,True
human_ND_to_Human_T2D,ATP1,3,Human_ND,Human_diabetic,Muscle-15,diabetic,2,10.0,32.87657266212315,0.3041679588310896,11.696544860143236,3.5577141754860406,3.162,0.1112270845737572,nearest measured frequency in log distance; no interpolation,True,,,9.0,True
human_ND_to_Human_T2D,ATP1,3,Human_ND,Human_diabetic,Muscle-15,diabetic,3,31.622776601683796,32.87657266212315,0.9618635411505698,11.696544860143236,11.25048005840387,10.0,0.11114904003316621,nearest measured frequency in log distance; no interpolation,True,,,9.0,True
human_ND_to_Human_T2D,ATP1,1,Human_ND,Human_diabetic,Muscle-16,diabetic,1,31.622776601683796,32.87657266212315,0.9618635411505698,8.113242525578082,7.803832185865926,10.0,0.28142171202908606,nearest measured frequency in log distance; no interpolation,True,,,9.0,True
human_ND_to_Human_T2D,ATP1,2,Human_ND,Human_diabetic,Muscle-16,diabetic,1,1.0,32.87657266212315,0.0304167958831089,8.113242525578082,0.24677884185066745,0.3162,0.281309198263201,nearest measured frequency in log distance; no interpolation,True,,,9.0,True
human_ND_to_Human_T2D,ATP1,2,Human_ND,Human_diabetic,Muscle-16,diabetic,2,31.622776601683796,32.87657266212315,0.9618635411505698,8.113242525578082,7.803832185865926,10.0,0.28142171202908606,nearest measured frequency in log distance; no interpolation,True,,,9.0,True
human_ND_to_Human_T2D,ATP1,3,Human_ND,Human_diabetic,Muscle-16,diabetic,1,1.0,32.87657266212315,0.0304167958831089,8.113242525578082,0.24677884185066745,0.3162,0.281309198263201,nearest measured frequency in log distance; no interpolation,True,,,9.0,True
human_ND_to_Human_T2D,ATP1,3,Human_ND,Human_diabetic,Muscle-16,diabetic,2,10.0,32.87657266212315,0.3041679588310896,8.113242525578082,2.4677884185066796,3.162,0.2813091982631984,nearest measured frequency in log distance; no interpolation,True,,,9.0,True
human_ND_to_Human_T2D,ATP1,3,Human_ND,Human_diabetic,Muscle-16,diabetic,3,31.622776601683796,32.87657266212315,0.9618635411505698,8.113242525578082,7.803832185865926,10.0,0.28142171202908606,nearest measured frequency in log distance; no interpolation,True,,,9.0,True
human_ND_to_Human_T2D,ATP1,1,Human_ND,Human_diabetic,Muscle-17,diabetic,1,31.622776601683796,32.87657266212315,0.9618635411505698,8.307808939385456,7.990978525639655,10.0,0.25141119675321977,nearest measured frequency in log distance; no interpolation,True,,,9.0,True
human_ND_to_Human_T2D,ATP1,2,Human_ND,Human_diabetic,Muscle-17,diabetic,1,1.0,32.87657266212315,0.0304167958831089,8.307808939385456,0.25269692874515487,0.3162,0.25130131802625916,nearest measured frequency in log distance; no interpolation,True,,,9.0,True
human_ND_to_Human_T2D,ATP1,2,Human_ND,Human_diabetic,Muscle-17,diabetic,2,31.622776601683796,32.87657266212315,0.9618635411505698,8.307808939385456,7.990978525639655,10.0,0.25141119675321977,nearest measured frequency in log distance; no interpolation,True,,,9.0,True
human_ND_to_Human_T2D,ATP1,3,Human_ND,Human_diabetic,Muscle-17,diabetic,1,1.0,32.87657266212315,0.0304167958831089,8.307808939385456,0.25269692874515487,0.3162,0.25130131802625916,nearest measured frequency in log distance; no interpolation,True,,,9.0,True
human_ND_to_Human_T2D,ATP1,3,Human_ND,Human_diabetic,Muscle-17,diabetic,2,10.0,32.87657266212315,0.3041679588310896,8.307808939385456,2.5269692874515535,3.162,0.2513013180262568,nearest measured frequency in log distance; no interpolation,True,,,9.0,True
human_ND_to_Human_T2D,ATP1,3,Human_ND,Human_diabetic,Muscle-17,diabetic,3,31.622776601683796,32.87657266212315,0.9618635411505698,8.307808939385456,7.990978525639655,10.0,0.25141119675321977,nearest measured frequency in log distance; no interpolation,True,,,9.0,True
human_ND_to_Human_T2D,ATP1,1,Human_ND,Human_diabetic,Muscle-18,diabetic,1,31.622776601683796,32.87657266212315,0.9618635411505698,8.690640691322375,8.359210430222577,10.0,0.19628523333318393,nearest measured frequency in log distance; no interpolation,True,,,9.0,True
human_ND_to_Human_T2D,ATP1,2,Human_ND,Human_diabetic,Muscle-18,diabetic,1,1.0,32.87657266212315,0.0304167958831089,8.690640691322375,0.2643414440013931,0.3162,0.19618019487830896,nearest measured frequency in log distance; no interpolation,True,,,9.0,True
human_ND_to_Human_T2D,ATP1,2,Human_ND,Human_diabetic,Muscle-18,diabetic,2,31.622776601683796,32.87657266212315,0.9618635411505698,8.690640691322375,8.359210430222577,10.0,0.19628523333318393,nearest measured frequency in log distance; no interpolation,True,,,9.0,True
human_ND_to_Human_T2D,ATP1,3,Human_ND,Human_diabetic,Muscle-18,diabetic,1,1.0,32.87657266212315,0.0304167958831089,8.690640691322375,0.2643414440013931,0.3162,0.19618019487830896,nearest measured frequency in log distance; no interpolation,True,,,9.0,True
human_ND_to_Human_T2D,ATP1,3,Human_ND,Human_diabetic,Muscle-18,diabetic,2,10.0,32.87657266212315,0.3041679588310896,8.690640691322375,2.6434144400139363,3.162,0.19618019487830654,nearest measured frequency in log distance; no interpolation,True,,,9.0,True
human_ND_to_Human_T2D,ATP1,3,Human_ND,Human_diabetic,Muscle-18,diabetic,3,31.622776601683796,32.87657266212315,0.9618635411505698,8.690640691322375,8.359210430222577,10.0,0.19628523333318393,nearest measured frequency in log distance; no interpolation,True,,,9.0,True
human_ND_to_Human_T2D,ATP1,1,Human_ND,Human_diabetic,Muscle-19,diabetic,1,31.622776601683796,32.87657266212315,0.9618635411505698,8.526014985450226,8.200862965807978,10.0,0.21938386748970196,nearest measured frequency in log distance; no interpolation,True,,,9.0,True
human_ND_to_Human_T2D,ATP1,2,Human_ND,Human_diabetic,Muscle-19,diabetic,1,1.0,32.87657266212315,0.0304167958831089,8.526014985450226,0.2593340575087672,0.3162,0.21927680088570833,nearest measured frequency in log distance; no interpolation,True,,,9.0,True
human_ND_to_Human_T2D,ATP1,2,Human_ND,Human_diabetic,Muscle-19,diabetic,2,31.622776601683796,32.87657266212315,0.9618635411505698,8.526014985450226,8.200862965807978,10.0,0.21938386748970196,nearest measured frequency in log distance; no interpolation,True,,,9.0,True
human_ND_to_Human_T2D,ATP1,3,Human_ND,Human_diabetic,Muscle-19,diabetic,1,1.0,32.87657266212315,0.0304167958831089,8.526014985450226,0.2593340575087672,0.3162,0.21927680088570833,nearest measured frequency in log distance; no interpolation,True,,,9.0,True
human_ND_to_Human_T2D,ATP1,3,Human_ND,Human_diabetic,Muscle-19,diabetic,2,10.0,32.87657266212315,0.3041679588310896,8.526014985450226,2.5933405750876775,3.162,0.2192768008857058,nearest measured frequency in log distance; no interpolation,True,,,9.0,True
human_ND_to_Human_T2D,ATP1,3,Human_ND,Human_diabetic,Muscle-19,diabetic,3,31.622776601683796,32.87657266212315,0.9618635411505698,8.526014985450226,8.200862965807978,10.0,0.21938386748970196,nearest measured frequency in log distance; no interpolation,True,,,9.0,True
human_ND_to_Human_T2D,ATP1,1,Human_ND,Human_diabetic,Muscle-20,diabetic,1,31.622776601683796,32.87657266212315,0.9618635411505698,8.333413466046034,8.015606586322882,10.0,0.24756621876416823,nearest measured frequency in log distance; no interpolation,True,,,9.0,True
human_ND_to_Human_T2D,ATP1,2,Human_ND,Human_diabetic,Muscle-20,diabetic,1,1.0,32.87657266212315,0.0304167958831089,8.333413466046034,0.25347573640627324,0.3162,0.2474566776410966,nearest measured frequency in log distance; no interpolation,True,,,9.0,True
human_ND_to_Human_T2D,ATP1,2,Human_ND,Human_diabetic,Muscle-20,diabetic,2,31.622776601683796,32.87657266212315,0.9618635411505698,8.333413466046034,8.015606586322882,10.0,0.24756621876416823,nearest measured frequency in log distance; no interpolation,True,,,9.0,True
human_ND_to_Human_T2D,ATP1,3,Human_ND,Human_diabetic,Muscle-20,diabetic,1,1.0,32.87657266212315,0.0304167958831089,8.333413466046034,0.25347573640627324,0.3162,0.2474566776410966,nearest measured frequency in log distance; no interpolation,True,,,9.0,True
human_ND_to_Human_T2D,ATP1,3,Human_ND,Human_diabetic,Muscle-20,diabetic,2,10.0,32.87657266212315,0.3041679588310896,8.333413466046034,2.5347573640627377,3.162,0.2474566776410941,nearest measured frequency in log distance; no interpolation,True,,,9.0,True
human_ND_to_Human_T2D,ATP1,3,Human_ND,Human_diabetic,Muscle-20,diabetic,3,31.622776601683796,32.87657266212315,0.9618635411505698,8.333413466046034,8.015606586322882,10.0,0.24756621876416823,nearest measured frequency in log distance; no interpolation,True,,,9.0,True
