system,target,method,budget,heldout_cluster,train_clusters,test_clusters,n_train_units,n_test_units
Human,ATP0.1,baseline_only,0,Muscle-01,Muscle-02;Muscle-03;Muscle-04;Muscle-05;Muscle-06;Muscle-07;Muscle-08;Muscle-09;Muscle-10;Muscle-11;Muscle-12;Muscle-13;Muscle-14;Muscle-15;Muscle-16;Muscle-17;Muscle-18;Muscle-19;Muscle-20,Muscle-01,19,1
Human,ATP0.1,baseline_only,0,Muscle-02,Muscle-01;Muscle-03;Muscle-04;Muscle-05;Muscle-06;Muscle-07;Muscle-08;Muscle-09;Muscle-10;Muscle-11;Muscle-12;Muscle-13;Muscle-14;Muscle-15;Muscle-16;Muscle-17;Muscle-18;Muscle-19;Muscle-20,Muscle-02,19,1
Human,ATP0.1,baseline_only,0,Muscle-03,Muscle-01;Muscle-02;Muscle-04;Muscle-05;Muscle-06;Muscle-07;Muscle-08;Muscle-09;Muscle-10;Muscle-11;Muscle-12;Muscle-13;Muscle-14;Muscle-15;Muscle-16;Muscle-17;Muscle-18;Muscle-19;Muscle-20,Muscle-03,19,1
Human,ATP0.1,baseline_only,0,Muscle-04,Muscle-01;Muscle-02;Muscle-03;Muscle-05;Muscle-06;Muscle-07;Muscle-08;Muscle-09;Muscle-10;Muscle-11;Muscle-12;Muscle-13;Muscle-14;Muscle-15;Muscle-16;Muscle-17;Muscle-18;Muscle-19;Muscle-20,Muscle-04,19,1
Human,ATP0.1,baseline_only,0,Muscle-05,Muscle-01;Muscle-02;Muscle-03;Muscle-04;Muscle-06;Muscle-07;Muscle-08;Muscle-09;Muscle-10;Muscle-11;Muscle-12;Muscle-13;Muscle-14;Muscle-15;Muscle-16;Muscle-17;Muscle-18;Muscle-19;Muscle-20,Muscle-05,19,1
Human,ATP0.1,baseline_only,0,Muscle-06,Muscle-01;Muscle-02;Muscle-03;Muscle-04;Muscle-05;Muscle-07;Muscle-08;Muscle-09;Muscle-10;Muscle-11;Muscle-12;Muscle-13;Muscle-14;Muscle-15;Muscle-16;Muscle-17;Muscle-18;Muscle-19;Muscle-20,Muscle-06,19,1
Human,ATP0.1,baseline_only,0,Muscle-07,Muscle-01;Muscle-02;Muscle-03;Muscle-04;Muscle-05;Muscle-06;Muscle-08;Muscle-09;Muscle-10;Muscle-11;Muscle-12;Muscle-13;Muscle-14;Muscle-15;Muscle-16;Muscle-17;Muscle-18;Muscle-19;Muscle-20,Muscle-07,19,1
Human,ATP0.1,baseline_only,0,Muscle-08,Muscle-01;Muscle-02;Muscle-03;Muscle-04;Muscle-05;Muscle-06;Muscle-07;Muscle-09;Muscle-10;Muscle-11;Muscle-12;Muscle-13;Muscle-14;Muscle-15;Muscle-16;Muscle-17;Muscle-18;Muscle-19;Muscle-20,Muscle-08,19,1
Human,ATP0.1,baseline_only,0,Muscle-09,Muscle-01;Muscle-02;Muscle-03;Muscle-04;Muscle-05;Muscle-06;Muscle-07;Muscle-08;Muscle-10;Muscle-11;Muscle-12;Muscle-13;Muscle-14;Muscle-15;Muscle-16;Muscle-17;Muscle-18;Muscle-19;Muscle-20,Muscle-09,19,1
Human,ATP0.1,baseline_only,0,Muscle-10,Muscle-01;Muscle-02;Muscle-03;Muscle-04;Muscle-05;Muscle-06;Muscle-07;Muscle-08;Muscle-09;Muscle-11;Muscle-12;Muscle-13;Muscle-14;Muscle-15;Muscle-16;Muscle-17;Muscle-18;Muscle-19;Muscle-20,Muscle-10,19,1
Human,ATP0.1,baseline_only,0,Muscle-11,Muscle-01;Muscle-02;Muscle-03;Muscle-04;Muscle-05;Muscle-06;Muscle-07;Muscle-08;Muscle-09;Muscle-10;Muscle-12;Muscle-13;Muscle-14;Muscle-15;Muscle-16;Muscle-17;Muscle-18;Muscle-19;Muscle-20,Muscle-11,19,1
Human,ATP0.1,baseline_only,0,Muscle-12,Muscle-01;Muscle-02;Muscle-03;Muscle-04;Muscle-05;Muscle-06;Muscle-07;Muscle-08;Muscle-09;Muscle-10;Muscle-11;Muscle-13;Muscle-14;Muscle-15;Muscle-16;Muscle-17;Muscle-18;Muscle-19;Muscle-20,Muscle-12,19,1
Human,ATP0.1,baseline_only,0,Muscle-13,Muscle-01;Muscle-02;Muscle-03;Muscle-04;Muscle-05;Muscle-06;Muscle-07;Muscle-08;Muscle-09;Muscle-10;Muscle-11;Muscle-12;Muscle-14;Muscle-15;Muscle-16;Muscle-17;Muscle-18;Muscle-19;Muscle-20,Muscle-13,19,1
Human,ATP0.1,baseline_only,0,Muscle-14,Muscle-01;Muscle-02;Muscle-03;Muscle-04;Muscle-05;Muscle-06;Muscle-07;Muscle-08;Muscle-09;Muscle-10;Muscle-11;Muscle-12;Muscle-13;Muscle-15;Muscle-16;Muscle-17;Muscle-18;Muscle-19;Muscle-20,Muscle-14,19,1
Human,ATP0.1,baseline_only,0,Muscle-15,Muscle-01;Muscle-02;Muscle-03;Muscle-04;Muscle-05;Muscle-06;Muscle-07;Muscle-08;Muscle-09;Muscle-10;Muscle-11;Muscle-12;Muscle-13;Muscle-14;Muscle-16;Muscle-17;Muscle-18;Muscle-19;Muscle-20,Muscle-15,19,1
Human,ATP0.1,baseline_only,0,Muscle-16,Muscle-01;Muscle-02;Muscle-03;Muscle-04;Muscle-05;Muscle-06;Muscle-07;Muscle-08;Muscle-09;Muscle-10;Muscle-11;Muscle-12;Muscle-13;Muscle-14;Muscle-15;Muscle-17;Muscle-18;Muscle-19;Muscle-20,Muscle-16,19,1
Human,ATP0.1,baseline_only,0,Muscle-17,Muscle-01;Muscle-02;Muscle-03;Muscle-04;Muscle-05;Muscle-06;Muscle-07;Muscle-08;Muscle-09;Muscle-10;Muscle-11;Muscle-12;Muscle-13;Muscle-14;Muscle-15;Muscle-16;Muscle-18;Muscle-19;Muscle-20,Muscle-17,19,1
Human,ATP0.1,baseline_only,0,Muscle-18,Muscle-01;Muscle-02;Muscle-03;Muscle-04;Muscle-05;Muscle-06;Muscle-07;Muscle-08;Muscle-09;Muscle-10;Muscle-11;Muscle-12;Muscle-13;Muscle-14;Muscle-15;Muscle-16;Muscle-17;Muscle-19;Muscle-20,Muscle-18,19,1
Human,ATP0.1,baseline_only,0,Muscle-19,Muscle-01;Muscle-02;Muscle-03;Muscle-04;Muscle-05;Muscle-06;Muscle-07;Muscle-08;Muscle-09;Muscle-10;Muscle-11;Muscle-12;Muscle-13;Muscle-14;Muscle-15;Muscle-16;Muscle-17;Muscle-18;Muscle-20,Muscle-19,19,1
Human,ATP0.1,baseline_only,0,Muscle-20,Muscle-01;Muscle-02;Muscle-03;Muscle-04;Muscle-05;Muscle-06;Muscle-07;Muscle-08;Muscle-09;Muscle-10;Muscle-11;Muscle-12;Muscle-13;Muscle-14;Muscle-15;Muscle-16;Muscle-17;Muscle-18;Muscle-19,Muscle-20,19,1
Human,ATP0.1,rat_K_target,1,Muscle-01,Muscle-02;Muscle-03;Muscle-04;Muscle-05;Muscle-06;Muscle-07;Muscle-08;Muscle-09;Muscle-10;Muscle-11;Muscle-12;Muscle-13;Muscle-14;Muscle-15;Muscle-16;Muscle-17;Muscle-18;Muscle-19;Muscle-20,Muscle-01,19,1
Human,ATP0.1,rat_K_target,1,Muscle-02,Muscle-01;Muscle-03;Muscle-04;Muscle-05;Muscle-06;Muscle-07;Muscle-08;Muscle-09;Muscle-10;Muscle-11;Muscle-12;Muscle-13;Muscle-14;Muscle-15;Muscle-16;Muscle-17;Muscle-18;Muscle-19;Muscle-20,Muscle-02,19,1
Human,ATP0.1,rat_K_target,1,Muscle-03,Muscle-01;Muscle-02;Muscle-04;Muscle-05;Muscle-06;Muscle-07;Muscle-08;Muscle-09;Muscle-10;Muscle-11;Muscle-12;Muscle-13;Muscle-14;Muscle-15;Muscle-16;Muscle-17;Muscle-18;Muscle-19;Muscle-20,Muscle-03,19,1
Human,ATP0.1,rat_K_target,1,Muscle-04,Muscle-01;Muscle-02;Muscle-03;Muscle-05;Muscle-06;Muscle-07;Muscle-08;Muscle-09;Muscle-10;Muscle-11;Muscle-12;Muscle-13;Muscle-14;Muscle-15;Muscle-16;Muscle-17;Muscle-18;Muscle-19;Muscle-20,Muscle-04,19,1
Human,ATP0.1,rat_K_target,1,Muscle-05,Muscle-01;Muscle-02;Muscle-03;Muscle-04;Muscle-06;Muscle-07;Muscle-08;Muscle-09;Muscle-10;Muscle-11;Muscle-12;Muscle-13;Muscle-14;Muscle-15;Muscle-16;Muscle-17;Muscle-18;Muscle-19;Muscle-20,Muscle-05,19,1
Human,ATP0.1,rat_K_target,1,Muscle-06,Muscle-01;Muscle-02;Muscle-03;Muscle-04;Muscle-05;Muscle-07;Muscle-08;Muscle-09;Muscle-10;Muscle-11;Muscle-12;Muscle-13;Muscle-14;Muscle-15;Muscle-16;Muscle-17;Muscle-18;Muscle-19;Muscle-20,Muscle-06,19,1
Human,ATP0.1,rat_K_target,1,Muscle-07,Muscle-01;Muscle-02;Muscle-03;Muscle-04;Muscle-05;Muscle-06;Muscle-08;Muscle-09;Muscle-10;Muscle-11;Muscle-12;Muscle-13;Muscle-14;Muscle-15;Muscle-16;Muscle-17;Muscle-18;Muscle-19;Muscle-20,Muscle-07,19,1
Human,ATP0.1,rat_K_target,1,Muscle-08,Muscle-01;Muscle-02;Muscle-03;Muscle-04;Muscle-05;Muscle-06;Muscle-07;Muscle-09;Muscle-10;Muscle-11;Muscle-12;Muscle-13;Muscle-14;Muscle-15;Muscle-16;Muscle-17;Muscle-18;Muscle-19;Muscle-20,Muscle-08,19,1
Human,ATP0.1,rat_K_target,1,Muscle-09,Muscle-01;Muscle-02;Muscle-03;Muscle-04;Muscle-05;Muscle-06;Muscle-07;Muscle-08;Muscle-10;Muscle-11;Muscle-12;Muscle-13;Muscle-14;Muscle-15;Muscle-16;Muscle-17;Muscle-18;Muscle-19;Muscle-20,Muscle-09,19,1
Human,ATP0.1,rat_K_target,1,Muscle-10,Muscle-01;Muscle-02;Muscle-03;Muscle-04;Muscle-05;Muscle-06;Muscle-07;Muscle-08;Muscle-09;Muscle-11;Muscle-12;Muscle-13;Muscle-14;Muscle-15;Muscle-16;Muscle-17;Muscle-18;Muscle-19;Muscle-20,Muscle-10,19,1
Human,ATP0.1,rat_K_target,1,Muscle-11,Muscle-01;Muscle-02;Muscle-03;Muscle-04;Muscle-05;Muscle-06;Muscle-07;Muscle-08;Muscle-09;Muscle-10;Muscle-12;Muscle-13;Muscle-14;Muscle-15;Muscle-16;Muscle-17;Muscle-18;Muscle-19;Muscle-20,Muscle-11,19,1
Human,ATP0.1,rat_K_target,1,Muscle-12,Muscle-01;Muscle-02;Muscle-03;Muscle-04;Muscle-05;Muscle-06;Muscle-07;Muscle-08;Muscle-09;Muscle-10;Muscle-11;Muscle-13;Muscle-14;Muscle-15;Muscle-16;Muscle-17;Muscle-18;Muscle-19;Muscle-20,Muscle-12,19,1
Human,ATP0.1,rat_K_target,1,Muscle-13,Muscle-01;Muscle-02;Muscle-03;Muscle-04;Muscle-05;Muscle-06;Muscle-07;Muscle-08;Muscle-09;Muscle-10;Muscle-11;Muscle-12;Muscle-14;Muscle-15;Muscle-16;Muscle-17;Muscle-18;Muscle-19;Muscle-20,Muscle-13,19,1
Human,ATP0.1,rat_K_target,1,Muscle-14,Muscle-01;Muscle-02;Muscle-03;Muscle-04;Muscle-05;Muscle-06;Muscle-07;Muscle-08;Muscle-09;Muscle-10;Muscle-11;Muscle-12;Muscle-13;Muscle-15;Muscle-16;Muscle-17;Muscle-18;Muscle-19;Muscle-20,Muscle-14,19,1
Human,ATP0.1,rat_K_target,1,Muscle-15,Muscle-01;Muscle-02;Muscle-03;Muscle-04;Muscle-05;Muscle-06;Muscle-07;Muscle-08;Muscle-09;Muscle-10;Muscle-11;Muscle-12;Muscle-13;Muscle-14;Muscle-16;Muscle-17;Muscle-18;Muscle-19;Muscle-20,Muscle-15,19,1
Human,ATP0.1,rat_K_target,1,Muscle-16,Muscle-01;Muscle-02;Muscle-03;Muscle-04;Muscle-05;Muscle-06;Muscle-07;Muscle-08;Muscle-09;Muscle-10;Muscle-11;Muscle-12;Muscle-13;Muscle-14;Muscle-15;Muscle-17;Muscle-18;Muscle-19;Muscle-20,Muscle-16,19,1
Human,ATP0.1,rat_K_target,1,Muscle-17,Muscle-01;Muscle-02;Muscle-03;Muscle-04;Muscle-05;Muscle-06;Muscle-07;Muscle-08;Muscle-09;Muscle-10;Muscle-11;Muscle-12;Muscle-13;Muscle-14;Muscle-15;Muscle-16;Muscle-18;Muscle-19;Muscle-20,Muscle-17,19,1
Human,ATP0.1,rat_K_target,1,Muscle-18,Muscle-01;Muscle-02;Muscle-03;Muscle-04;Muscle-05;Muscle-06;Muscle-07;Muscle-08;Muscle-09;Muscle-10;Muscle-11;Muscle-12;Muscle-13;Muscle-14;Muscle-15;Muscle-16;Muscle-17;Muscle-19;Muscle-20,Muscle-18,19,1
Human,ATP0.1,rat_K_target,1,Muscle-19,Muscle-01;Muscle-02;Muscle-03;Muscle-04;Muscle-05;Muscle-06;Muscle-07;Muscle-08;Muscle-09;Muscle-10;Muscle-11;Muscle-12;Muscle-13;Muscle-14;Muscle-15;Muscle-16;Muscle-17;Muscle-18;Muscle-20,Muscle-19,19,1
Human,ATP0.1,rat_K_target,1,Muscle-20,Muscle-01;Muscle-02;Muscle-03;Muscle-04;Muscle-05;Muscle-06;Muscle-07;Muscle-08;Muscle-09;Muscle-10;Muscle-11;Muscle-12;Muscle-13;Muscle-14;Muscle-15;Muscle-16;Muscle-17;Muscle-18;Muscle-19,Muscle-20,19,1
Human,ATP0.1,rat_R_robust,1,Muscle-01,Muscle-02;Muscle-03;Muscle-04;Muscle-05;Muscle-06;Muscle-07;Muscle-08;Muscle-09;Muscle-10;Muscle-11;Muscle-12;Muscle-13;Muscle-14;Muscle-15;Muscle-16;Muscle-17;Muscle-18;Muscle-19;Muscle-20,Muscle-01,19,1
Human,ATP0.1,rat_R_robust,1,Muscle-02,Muscle-01;Muscle-03;Muscle-04;Muscle-05;Muscle-06;Muscle-07;Muscle-08;Muscle-09;Muscle-10;Muscle-11;Muscle-12;Muscle-13;Muscle-14;Muscle-15;Muscle-16;Muscle-17;Muscle-18;Muscle-19;Muscle-20,Muscle-02,19,1
Human,ATP0.1,rat_R_robust,1,Muscle-03,Muscle-01;Muscle-02;Muscle-04;Muscle-05;Muscle-06;Muscle-07;Muscle-08;Muscle-09;Muscle-10;Muscle-11;Muscle-12;Muscle-13;Muscle-14;Muscle-15;Muscle-16;Muscle-17;Muscle-18;Muscle-19;Muscle-20,Muscle-03,19,1
Human,ATP0.1,rat_R_robust,1,Muscle-04,Muscle-01;Muscle-02;Muscle-03;Muscle-05;Muscle-06;Muscle-07;Muscle-08;Muscle-09;Muscle-10;Muscle-11;Muscle-12;Muscle-13;Muscle-14;Muscle-15;Muscle-16;Muscle-17;Muscle-18;Muscle-19;Muscle-20,Muscle-04,19,1
Human,ATP0.1,rat_R_robust,1,Muscle-05,Muscle-01;Muscle-02;Muscle-03;Muscle-04;Muscle-06;Muscle-07;Muscle-08;Muscle-09;Muscle-10;Muscle-11;Muscle-12;Muscle-13;Muscle-14;Muscle-15;Muscle-16;Muscle-17;Muscle-18;Muscle-19;Muscle-20,Muscle-05,19,1
Human,ATP0.1,rat_R_robust,1,Muscle-06,Muscle-01;Muscle-02;Muscle-03;Muscle-04;Muscle-05;Muscle-07;Muscle-08;Muscle-09;Muscle-10;Muscle-11;Muscle-12;Muscle-13;Muscle-14;Muscle-15;Muscle-16;Muscle-17;Muscle-18;Muscle-19;Muscle-20,Muscle-06,19,1
Human,ATP0.1,rat_R_robust,1,Muscle-07,Muscle-01;Muscle-02;Muscle-03;Muscle-04;Muscle-05;Muscle-06;Muscle-08;Muscle-09;Muscle-10;Muscle-11;Muscle-12;Muscle-13;Muscle-14;Muscle-15;Muscle-16;Muscle-17;Muscle-18;Muscle-19;Muscle-20,Muscle-07,19,1
Human,ATP0.1,rat_R_robust,1,Muscle-08,Muscle-01;Muscle-02;Muscle-03;Muscle-04;Muscle-05;Muscle-06;Muscle-07;Muscle-09;Muscle-10;Muscle-11;Muscle-12;Muscle-13;Muscle-14;Muscle-15;Muscle-16;Muscle-17;Muscle-18;Muscle-19;Muscle-20,Muscle-08,19,1
Human,ATP0.1,rat_R_robust,1,Muscle-09,Muscle-01;Muscle-02;Muscle-03;Muscle-04;Muscle-05;Muscle-06;Muscle-07;Muscle-08;Muscle-10;Muscle-11;Muscle-12;Muscle-13;Muscle-14;Muscle-15;Muscle-16;Muscle-17;Muscle-18;Muscle-19;Muscle-20,Muscle-09,19,1
Human,ATP0.1,rat_R_robust,1,Muscle-10,Muscle-01;Muscle-02;Muscle-03;Muscle-04;Muscle-05;Muscle-06;Muscle-07;Muscle-08;Muscle-09;Muscle-11;Muscle-12;Muscle-13;Muscle-14;Muscle-15;Muscle-16;Muscle-17;Muscle-18;Muscle-19;Muscle-20,Muscle-10,19,1
Human,ATP0.1,rat_R_robust,1,Muscle-11,Muscle-01;Muscle-02;Muscle-03;Muscle-04;Muscle-05;Muscle-06;Muscle-07;Muscle-08;Muscle-09;Muscle-10;Muscle-12;Muscle-13;Muscle-14;Muscle-15;Muscle-16;Muscle-17;Muscle-18;Muscle-19;Muscle-20,Muscle-11,19,1
Human,ATP0.1,rat_R_robust,1,Muscle-12,Muscle-01;Muscle-02;Muscle-03;Muscle-04;Muscle-05;Muscle-06;Muscle-07;Muscle-08;Muscle-09;Muscle-10;Muscle-11;Muscle-13;Muscle-14;Muscle-15;Muscle-16;Muscle-17;Muscle-18;Muscle-19;Muscle-20,Muscle-12,19,1
Human,ATP0.1,rat_R_robust,1,Muscle-13,Muscle-01;Muscle-02;Muscle-03;Muscle-04;Muscle-05;Muscle-06;Muscle-07;Muscle-08;Muscle-09;Muscle-10;Muscle-11;Muscle-12;Muscle-14;Muscle-15;Muscle-16;Muscle-17;Muscle-18;Muscle-19;Muscle-20,Muscle-13,19,1
Human,ATP0.1,rat_R_robust,1,Muscle-14,Muscle-01;Muscle-02;Muscle-03;Muscle-04;Muscle-05;Muscle-06;Muscle-07;Muscle-08;Muscle-09;Muscle-10;Muscle-11;Muscle-12;Muscle-13;Muscle-15;Muscle-16;Muscle-17;Muscle-18;Muscle-19;Muscle-20,Muscle-14,19,1
Human,ATP0.1,rat_R_robust,1,Muscle-15,Muscle-01;Muscle-02;Muscle-03;Muscle-04;Muscle-05;Muscle-06;Muscle-07;Muscle-08;Muscle-09;Muscle-10;Muscle-11;Muscle-12;Muscle-13;Muscle-14;Muscle-16;Muscle-17;Muscle-18;Muscle-19;Muscle-20,Muscle-15,19,1
Human,ATP0.1,rat_R_robust,1,Muscle-16,Muscle-01;Muscle-02;Muscle-03;Muscle-04;Muscle-05;Muscle-06;Muscle-07;Muscle-08;Muscle-09;Muscle-10;Muscle-11;Muscle-12;Muscle-13;Muscle-14;Muscle-15;Muscle-17;Muscle-18;Muscle-19;Muscle-20,Muscle-16,19,1
Human,ATP0.1,rat_R_robust,1,Muscle-17,Muscle-01;Muscle-02;Muscle-03;Muscle-04;Muscle-05;Muscle-06;Muscle-07;Muscle-08;Muscle-09;Muscle-10;Muscle-11;Muscle-12;Muscle-13;Muscle-14;Muscle-15;Muscle-16;Muscle-18;Muscle-19;Muscle-20,Muscle-17,19,1
Human,ATP0.1,rat_R_robust,1,Muscle-18,Muscle-01;Muscle-02;Muscle-03;Muscle-04;Muscle-05;Muscle-06;Muscle-07;Muscle-08;Muscle-09;Muscle-10;Muscle-11;Muscle-12;Muscle-13;Muscle-14;Muscle-15;Muscle-16;Muscle-17;Muscle-19;Muscle-20,Muscle-18,19,1
Human,ATP0.1,rat_R_robust,1,Muscle-19,Muscle-01;Muscle-02;Muscle-03;Muscle-04;Muscle-05;Muscle-06;Muscle-07;Muscle-08;Muscle-09;Muscle-10;Muscle-11;Muscle-12;Muscle-13;Muscle-14;Muscle-15;Muscle-16;Muscle-17;Muscle-18;Muscle-20,Muscle-19,19,1
Human,ATP0.1,rat_R_robust,1,Muscle-20,Muscle-01;Muscle-02;Muscle-03;Muscle-04;Muscle-05;Muscle-06;Muscle-07;Muscle-08;Muscle-09;Muscle-10;Muscle-11;Muscle-12;Muscle-13;Muscle-14;Muscle-15;Muscle-16;Muscle-17;Muscle-18;Muscle-19,Muscle-20,19,1
Human,ATP0.1,rat_parameter_A,1,Muscle-01,Muscle-02;Muscle-03;Muscle-04;Muscle-05;Muscle-06;Muscle-07;Muscle-08;Muscle-09;Muscle-10;Muscle-11;Muscle-12;Muscle-13;Muscle-14;Muscle-15;Muscle-16;Muscle-17;Muscle-18;Muscle-19;Muscle-20,Muscle-01,19,1
Human,ATP0.1,rat_parameter_A,1,Muscle-02,Muscle-01;Muscle-03;Muscle-04;Muscle-05;Muscle-06;Muscle-07;Muscle-08;Muscle-09;Muscle-10;Muscle-11;Muscle-12;Muscle-13;Muscle-14;Muscle-15;Muscle-16;Muscle-17;Muscle-18;Muscle-19;Muscle-20,Muscle-02,19,1
Human,ATP0.1,rat_parameter_A,1,Muscle-03,Muscle-01;Muscle-02;Muscle-04;Muscle-05;Muscle-06;Muscle-07;Muscle-08;Muscle-09;Muscle-10;Muscle-11;Muscle-12;Muscle-13;Muscle-14;Muscle-15;Muscle-16;Muscle-17;Muscle-18;Muscle-19;Muscle-20,Muscle-03,19,1
Human,ATP0.1,rat_parameter_A,1,Muscle-04,Muscle-01;Muscle-02;Muscle-03;Muscle-05;Muscle-06;Muscle-07;Muscle-08;Muscle-09;Muscle-10;Muscle-11;Muscle-12;Muscle-13;Muscle-14;Muscle-15;Muscle-16;Muscle-17;Muscle-18;Muscle-19;Muscle-20,Muscle-04,19,1
Human,ATP0.1,rat_parameter_A,1,Muscle-05,Muscle-01;Muscle-02;Muscle-03;Muscle-04;Muscle-06;Muscle-07;Muscle-08;Muscle-09;Muscle-10;Muscle-11;Muscle-12;Muscle-13;Muscle-14;Muscle-15;Muscle-16;Muscle-17;Muscle-18;Muscle-19;Muscle-20,Muscle-05,19,1
Human,ATP0.1,rat_parameter_A,1,Muscle-06,Muscle-01;Muscle-02;Muscle-03;Muscle-04;Muscle-05;Muscle-07;Muscle-08;Muscle-09;Muscle-10;Muscle-11;Muscle-12;Muscle-13;Muscle-14;Muscle-15;Muscle-16;Muscle-17;Muscle-18;Muscle-19;Muscle-20,Muscle-06,19,1
Human,ATP0.1,rat_parameter_A,1,Muscle-07,Muscle-01;Muscle-02;Muscle-03;Muscle-04;Muscle-05;Muscle-06;Muscle-08;Muscle-09;Muscle-10;Muscle-11;Muscle-12;Muscle-13;Muscle-14;Muscle-15;Muscle-16;Muscle-17;Muscle-18;Muscle-19;Muscle-20,Muscle-07,19,1
Human,ATP0.1,rat_parameter_A,1,Muscle-08,Muscle-01;Muscle-02;Muscle-03;Muscle-04;Muscle-05;Muscle-06;Muscle-07;Muscle-09;Muscle-10;Muscle-11;Muscle-12;Muscle-13;Muscle-14;Muscle-15;Muscle-16;Muscle-17;Muscle-18;Muscle-19;Muscle-20,Muscle-08,19,1
Human,ATP0.1,rat_parameter_A,1,Muscle-09,Muscle-01;Muscle-02;Muscle-03;Muscle-04;Muscle-05;Muscle-06;Muscle-07;Muscle-08;Muscle-10;Muscle-11;Muscle-12;Muscle-13;Muscle-14;Muscle-15;Muscle-16;Muscle-17;Muscle-18;Muscle-19;Muscle-20,Muscle-09,19,1
Human,ATP0.1,rat_parameter_A,1,Muscle-10,Muscle-01;Muscle-02;Muscle-03;Muscle-04;Muscle-05;Muscle-06;Muscle-07;Muscle-08;Muscle-09;Muscle-11;Muscle-12;Muscle-13;Muscle-14;Muscle-15;Muscle-16;Muscle-17;Muscle-18;Muscle-19;Muscle-20,Muscle-10,19,1
Human,ATP0.1,rat_parameter_A,1,Muscle-11,Muscle-01;Muscle-02;Muscle-03;Muscle-04;Muscle-05;Muscle-06;Muscle-07;Muscle-08;Muscle-09;Muscle-10;Muscle-12;Muscle-13;Muscle-14;Muscle-15;Muscle-16;Muscle-17;Muscle-18;Muscle-19;Muscle-20,Muscle-11,19,1
Human,ATP0.1,rat_parameter_A,1,Muscle-12,Muscle-01;Muscle-02;Muscle-03;Muscle-04;Muscle-05;Muscle-06;Muscle-07;Muscle-08;Muscle-09;Muscle-10;Muscle-11;Muscle-13;Muscle-14;Muscle-15;Muscle-16;Muscle-17;Muscle-18;Muscle-19;Muscle-20,Muscle-12,19,1
Human,ATP0.1,rat_parameter_A,1,Muscle-13,Muscle-01;Muscle-02;Muscle-03;Muscle-04;Muscle-05;Muscle-06;Muscle-07;Muscle-08;Muscle-09;Muscle-10;Muscle-11;Muscle-12;Muscle-14;Muscle-15;Muscle-16;Muscle-17;Muscle-18;Muscle-19;Muscle-20,Muscle-13,19,1
Human,ATP0.1,rat_parameter_A,1,Muscle-14,Muscle-01;Muscle-02;Muscle-03;Muscle-04;Muscle-05;Muscle-06;Muscle-07;Muscle-08;Muscle-09;Muscle-10;Muscle-11;Muscle-12;Muscle-13;Muscle-15;Muscle-16;Muscle-17;Muscle-18;Muscle-19;Muscle-20,Muscle-14,19,1
Human,ATP0.1,rat_parameter_A,1,Muscle-15,Muscle-01;Muscle-02;Muscle-03;Muscle-04;Muscle-05;Muscle-06;Muscle-07;Muscle-08;Muscle-09;Muscle-10;Muscle-11;Muscle-12;Muscle-13;Muscle-14;Muscle-16;Muscle-17;Muscle-18;Muscle-19;Muscle-20,Muscle-15,19,1
Human,ATP0.1,rat_parameter_A,1,Muscle-16,Muscle-01;Muscle-02;Muscle-03;Muscle-04;Muscle-05;Muscle-06;Muscle-07;Muscle-08;Muscle-09;Muscle-10;Muscle-11;Muscle-12;Muscle-13;Muscle-14;Muscle-15;Muscle-17;Muscle-18;Muscle-19;Muscle-20,Muscle-16,19,1
Human,ATP0.1,rat_parameter_A,1,Muscle-17,Muscle-01;Muscle-02;Muscle-03;Muscle-04;Muscle-05;Muscle-06;Muscle-07;Muscle-08;Muscle-09;Muscle-10;Muscle-11;Muscle-12;Muscle-13;Muscle-14;Muscle-15;Muscle-16;Muscle-18;Muscle-19;Muscle-20,Muscle-17,19,1
Human,ATP0.1,rat_parameter_A,1,Muscle-18,Muscle-01;Muscle-02;Muscle-03;Muscle-04;Muscle-05;Muscle-06;Muscle-07;Muscle-08;Muscle-09;Muscle-10;Muscle-11;Muscle-12;Muscle-13;Muscle-14;Muscle-15;Muscle-16;Muscle-17;Muscle-19;Muscle-20,Muscle-18,19,1
Human,ATP0.1,rat_parameter_A,1,Muscle-19,Muscle-01;Muscle-02;Muscle-03;Muscle-04;Muscle-05;Muscle-06;Muscle-07;Muscle-08;Muscle-09;Muscle-10;Muscle-11;Muscle-12;Muscle-13;Muscle-14;Muscle-15;Muscle-16;Muscle-17;Muscle-18;Muscle-20,Muscle-19,19,1
Human,ATP0.1,rat_parameter_A,1,Muscle-20,Muscle-01;Muscle-02;Muscle-03;Muscle-04;Muscle-05;Muscle-06;Muscle-07;Muscle-08;Muscle-09;Muscle-10;Muscle-11;Muscle-12;Muscle-13;Muscle-14;Muscle-15;Muscle-16;Muscle-17;Muscle-18;Muscle-19,Muscle-20,19,1
Human,ATP0.1,human_ND_source,1,Muscle-01,Muscle-02;Muscle-03;Muscle-04;Muscle-05;Muscle-06;Muscle-07;Muscle-08;Muscle-09;Muscle-10;Muscle-11;Muscle-12;Muscle-13;Muscle-14;Muscle-15;Muscle-16;Muscle-17;Muscle-18;Muscle-19;Muscle-20,Muscle-01,19,1
Human,ATP0.1,human_ND_source,1,Muscle-02,Muscle-01;Muscle-03;Muscle-04;Muscle-05;Muscle-06;Muscle-07;Muscle-08;Muscle-09;Muscle-10;Muscle-11;Muscle-12;Muscle-13;Muscle-14;Muscle-15;Muscle-16;Muscle-17;Muscle-18;Muscle-19;Muscle-20,Muscle-02,19,1
Human,ATP0.1,human_ND_source,1,Muscle-03,Muscle-01;Muscle-02;Muscle-04;Muscle-05;Muscle-06;Muscle-07;Muscle-08;Muscle-09;Muscle-10;Muscle-11;Muscle-12;Muscle-13;Muscle-14;Muscle-15;Muscle-16;Muscle-17;Muscle-18;Muscle-19;Muscle-20,Muscle-03,19,1
Human,ATP0.1,human_ND_source,1,Muscle-04,Muscle-01;Muscle-02;Muscle-03;Muscle-05;Muscle-06;Muscle-07;Muscle-08;Muscle-09;Muscle-10;Muscle-11;Muscle-12;Muscle-13;Muscle-14;Muscle-15;Muscle-16;Muscle-17;Muscle-18;Muscle-19;Muscle-20,Muscle-04,19,1
Human,ATP0.1,human_ND_source,1,Muscle-05,Muscle-01;Muscle-02;Muscle-03;Muscle-04;Muscle-06;Muscle-07;Muscle-08;Muscle-09;Muscle-10;Muscle-11;Muscle-12;Muscle-13;Muscle-14;Muscle-15;Muscle-16;Muscle-17;Muscle-18;Muscle-19;Muscle-20,Muscle-05,19,1
Human,ATP0.1,human_ND_source,1,Muscle-06,Muscle-01;Muscle-02;Muscle-03;Muscle-04;Muscle-05;Muscle-07;Muscle-08;Muscle-09;Muscle-10;Muscle-11;Muscle-12;Muscle-13;Muscle-14;Muscle-15;Muscle-16;Muscle-17;Muscle-18;Muscle-19;Muscle-20,Muscle-06,19,1
Human,ATP0.1,human_ND_source,1,Muscle-07,Muscle-01;Muscle-02;Muscle-03;Muscle-04;Muscle-05;Muscle-06;Muscle-08;Muscle-09;Muscle-10;Muscle-11;Muscle-12;Muscle-13;Muscle-14;Muscle-15;Muscle-16;Muscle-17;Muscle-18;Muscle-19;Muscle-20,Muscle-07,19,1
Human,ATP0.1,human_ND_source,1,Muscle-08,Muscle-01;Muscle-02;Muscle-03;Muscle-04;Muscle-05;Muscle-06;Muscle-07;Muscle-09;Muscle-10;Muscle-11;Muscle-12;Muscle-13;Muscle-14;Muscle-15;Muscle-16;Muscle-17;Muscle-18;Muscle-19;Muscle-20,Muscle-08,19,1
Human,ATP0.1,human_ND_source,1,Muscle-09,Muscle-01;Muscle-02;Muscle-03;Muscle-04;Muscle-05;Muscle-06;Muscle-07;Muscle-08;Muscle-10;Muscle-11;Muscle-12;Muscle-13;Muscle-14;Muscle-15;Muscle-16;Muscle-17;Muscle-18;Muscle-19;Muscle-20,Muscle-09,19,1
Human,ATP0.1,human_ND_source,1,Muscle-10,Muscle-01;Muscle-02;Muscle-03;Muscle-04;Muscle-05;Muscle-06;Muscle-07;Muscle-08;Muscle-09;Muscle-11;Muscle-12;Muscle-13;Muscle-14;Muscle-15;Muscle-16;Muscle-17;Muscle-18;Muscle-19;Muscle-20,Muscle-10,19,1
Human,ATP0.1,human_ND_source,1,Muscle-11,Muscle-01;Muscle-02;Muscle-03;Muscle-04;Muscle-05;Muscle-06;Muscle-07;Muscle-08;Muscle-09;Muscle-10;Muscle-12;Muscle-13;Muscle-14;Muscle-15;Muscle-16;Muscle-17;Muscle-18;Muscle-19;Muscle-20,Muscle-11,19,1
Human,ATP0.1,human_ND_source,1,Muscle-12,Muscle-01;Muscle-02;Muscle-03;Muscle-04;Muscle-05;Muscle-06;Muscle-07;Muscle-08;Muscle-09;Muscle-10;Muscle-11;Muscle-13;Muscle-14;Muscle-15;Muscle-16;Muscle-17;Muscle-18;Muscle-19;Muscle-20,Muscle-12,19,1
Human,ATP0.1,human_ND_source,1,Muscle-13,Muscle-01;Muscle-02;Muscle-03;Muscle-04;Muscle-05;Muscle-06;Muscle-07;Muscle-08;Muscle-09;Muscle-10;Muscle-11;Muscle-12;Muscle-14;Muscle-15;Muscle-16;Muscle-17;Muscle-18;Muscle-19;Muscle-20,Muscle-13,19,1
Human,ATP0.1,human_ND_source,1,Muscle-14,Muscle-01;Muscle-02;Muscle-03;Muscle-04;Muscle-05;Muscle-06;Muscle-07;Muscle-08;Muscle-09;Muscle-10;Muscle-11;Muscle-12;Muscle-13;Muscle-15;Muscle-16;Muscle-17;Muscle-18;Muscle-19;Muscle-20,Muscle-14,19,1
Human,ATP0.1,human_ND_source,1,Muscle-15,Muscle-01;Muscle-02;Muscle-03;Muscle-04;Muscle-05;Muscle-06;Muscle-07;Muscle-08;Muscle-09;Muscle-10;Muscle-11;Muscle-12;Muscle-13;Muscle-14;Muscle-16;Muscle-17;Muscle-18;Muscle-19;Muscle-20,Muscle-15,19,1
Human,ATP0.1,human_ND_source,1,Muscle-16,Muscle-01;Muscle-02;Muscle-03;Muscle-04;Muscle-05;Muscle-06;Muscle-07;Muscle-08;Muscle-09;Muscle-10;Muscle-11;Muscle-12;Muscle-13;Muscle-14;Muscle-15;Muscle-17;Muscle-18;Muscle-19;Muscle-20,Muscle-16,19,1
Human,ATP0.1,human_ND_source,1,Muscle-17,Muscle-01;Muscle-02;Muscle-03;Muscle-04;Muscle-05;Muscle-06;Muscle-07;Muscle-08;Muscle-09;Muscle-10;Muscle-11;Muscle-12;Muscle-13;Muscle-14;Muscle-15;Muscle-16;Muscle-18;Muscle-19;Muscle-20,Muscle-17,19,1
Human,ATP0.1,human_ND_source,1,Muscle-18,Muscle-01;Muscle-02;Muscle-03;Muscle-04;Muscle-05;Muscle-06;Muscle-07;Muscle-08;Muscle-09;Muscle-10;Muscle-11;Muscle-12;Muscle-13;Muscle-14;Muscle-15;Muscle-16;Muscle-17;Muscle-19;Muscle-20,Muscle-18,19,1
Human,ATP0.1,human_ND_source,1,Muscle-19,Muscle-01;Muscle-02;Muscle-03;Muscle-04;Muscle-05;Muscle-06;Muscle-07;Muscle-08;Muscle-09;Muscle-10;Muscle-11;Muscle-12;Muscle-13;Muscle-14;Muscle-15;Muscle-16;Muscle-17;Muscle-18;Muscle-20,Muscle-19,19,1
Human,ATP0.1,human_ND_source,1,Muscle-20,Muscle-01;Muscle-02;Muscle-03;Muscle-04;Muscle-05;Muscle-06;Muscle-07;Muscle-08;Muscle-09;Muscle-10;Muscle-11;Muscle-12;Muscle-13;Muscle-14;Muscle-15;Muscle-16;Muscle-17;Muscle-18;Muscle-19,Muscle-20,19,1
Human,ATP0.1,random_seeded,1,Muscle-01,Muscle-02;Muscle-03;Muscle-04;Muscle-05;Muscle-06;Muscle-07;Muscle-08;Muscle-09;Muscle-10;Muscle-11;Muscle-12;Muscle-13;Muscle-14;Muscle-15;Muscle-16;Muscle-17;Muscle-18;Muscle-19;Muscle-20,Muscle-01,19,1
Human,ATP0.1,random_seeded,1,Muscle-02,Muscle-01;Muscle-03;Muscle-04;Muscle-05;Muscle-06;Muscle-07;Muscle-08;Muscle-09;Muscle-10;Muscle-11;Muscle-12;Muscle-13;Muscle-14;Muscle-15;Muscle-16;Muscle-17;Muscle-18;Muscle-19;Muscle-20,Muscle-02,19,1
Human,ATP0.1,random_seeded,1,Muscle-03,Muscle-01;Muscle-02;Muscle-04;Muscle-05;Muscle-06;Muscle-07;Muscle-08;Muscle-09;Muscle-10;Muscle-11;Muscle-12;Muscle-13;Muscle-14;Muscle-15;Muscle-16;Muscle-17;Muscle-18;Muscle-19;Muscle-20,Muscle-03,19,1
Human,ATP0.1,random_seeded,1,Muscle-04,Muscle-01;Muscle-02;Muscle-03;Muscle-05;Muscle-06;Muscle-07;Muscle-08;Muscle-09;Muscle-10;Muscle-11;Muscle-12;Muscle-13;Muscle-14;Muscle-15;Muscle-16;Muscle-17;Muscle-18;Muscle-19;Muscle-20,Muscle-04,19,1
Human,ATP0.1,random_seeded,1,Muscle-05,Muscle-01;Muscle-02;Muscle-03;Muscle-04;Muscle-06;Muscle-07;Muscle-08;Muscle-09;Muscle-10;Muscle-11;Muscle-12;Muscle-13;Muscle-14;Muscle-15;Muscle-16;Muscle-17;Muscle-18;Muscle-19;Muscle-20,Muscle-05,19,1
Human,ATP0.1,random_seeded,1,Muscle-06,Muscle-01;Muscle-02;Muscle-03;Muscle-04;Muscle-05;Muscle-07;Muscle-08;Muscle-09;Muscle-10;Muscle-11;Muscle-12;Muscle-13;Muscle-14;Muscle-15;Muscle-16;Muscle-17;Muscle-18;Muscle-19;Muscle-20,Muscle-06,19,1
Human,ATP0.1,random_seeded,1,Muscle-07,Muscle-01;Muscle-02;Muscle-03;Muscle-04;Muscle-05;Muscle-06;Muscle-08;Muscle-09;Muscle-10;Muscle-11;Muscle-12;Muscle-13;Muscle-14;Muscle-15;Muscle-16;Muscle-17;Muscle-18;Muscle-19;Muscle-20,Muscle-07,19,1
Human,ATP0.1,random_seeded,1,Muscle-08,Muscle-01;Muscle-02;Muscle-03;Muscle-04;Muscle-05;Muscle-06;Muscle-07;Muscle-09;Muscle-10;Muscle-11;Muscle-12;Muscle-13;Muscle-14;Muscle-15;Muscle-16;Muscle-17;Muscle-18;Muscle-19;Muscle-20,Muscle-08,19,1
Human,ATP0.1,random_seeded,1,Muscle-09,Muscle-01;Muscle-02;Muscle-03;Muscle-04;Muscle-05;Muscle-06;Muscle-07;Muscle-08;Muscle-10;Muscle-11;Muscle-12;Muscle-13;Muscle-14;Muscle-15;Muscle-16;Muscle-17;Muscle-18;Muscle-19;Muscle-20,Muscle-09,19,1
Human,ATP0.1,random_seeded,1,Muscle-10,Muscle-01;Muscle-02;Muscle-03;Muscle-04;Muscle-05;Muscle-06;Muscle-07;Muscle-08;Muscle-09;Muscle-11;Muscle-12;Muscle-13;Muscle-14;Muscle-15;Muscle-16;Muscle-17;Muscle-18;Muscle-19;Muscle-20,Muscle-10,19,1
Human,ATP0.1,random_seeded,1,Muscle-11,Muscle-01;Muscle-02;Muscle-03;Muscle-04;Muscle-05;Muscle-06;Muscle-07;Muscle-08;Muscle-09;Muscle-10;Muscle-12;Muscle-13;Muscle-14;Muscle-15;Muscle-16;Muscle-17;Muscle-18;Muscle-19;Muscle-20,Muscle-11,19,1
Human,ATP0.1,random_seeded,1,Muscle-12,Muscle-01;Muscle-02;Muscle-03;Muscle-04;Muscle-05;Muscle-06;Muscle-07;Muscle-08;Muscle-09;Muscle-10;Muscle-11;Muscle-13;Muscle-14;Muscle-15;Muscle-16;Muscle-17;Muscle-18;Muscle-19;Muscle-20,Muscle-12,19,1
Human,ATP0.1,random_seeded,1,Muscle-13,Muscle-01;Muscle-02;Muscle-03;Muscle-04;Muscle-05;Muscle-06;Muscle-07;Muscle-08;Muscle-09;Muscle-10;Muscle-11;Muscle-12;Muscle-14;Muscle-15;Muscle-16;Muscle-17;Muscle-18;Muscle-19;Muscle-20,Muscle-13,19,1
Human,ATP0.1,random_seeded,1,Muscle-14,Muscle-01;Muscle-02;Muscle-03;Muscle-04;Muscle-05;Muscle-06;Muscle-07;Muscle-08;Muscle-09;Muscle-10;Muscle-11;Muscle-12;Muscle-13;Muscle-15;Muscle-16;Muscle-17;Muscle-18;Muscle-19;Muscle-20,Muscle-14,19,1
Human,ATP0.1,random_seeded,1,Muscle-15,Muscle-01;Muscle-02;Muscle-03;Muscle-04;Muscle-05;Muscle-06;Muscle-07;Muscle-08;Muscle-09;Muscle-10;Muscle-11;Muscle-12;Muscle-13;Muscle-14;Muscle-16;Muscle-17;Muscle-18;Muscle-19;Muscle-20,Muscle-15,19,1
Human,ATP0.1,random_seeded,1,Muscle-16,Muscle-01;Muscle-02;Muscle-03;Muscle-04;Muscle-05;Muscle-06;Muscle-07;Muscle-08;Muscle-09;Muscle-10;Muscle-11;Muscle-12;Muscle-13;Muscle-14;Muscle-15;Muscle-17;Muscle-18;Muscle-19;Muscle-20,Muscle-16,19,1
Human,ATP0.1,random_seeded,1,Muscle-17,Muscle-01;Muscle-02;Muscle-03;Muscle-04;Muscle-05;Muscle-06;Muscle-07;Muscle-08;Muscle-09;Muscle-10;Muscle-11;Muscle-12;Muscle-13;Muscle-14;Muscle-15;Muscle-16;Muscle-18;Muscle-19;Muscle-20,Muscle-17,19,1
Human,ATP0.1,random_seeded,1,Muscle-18,Muscle-01;Muscle-02;Muscle-03;Muscle-04;Muscle-05;Muscle-06;Muscle-07;Muscle-08;Muscle-09;Muscle-10;Muscle-11;Muscle-12;Muscle-13;Muscle-14;Muscle-15;Muscle-16;Muscle-17;Muscle-19;Muscle-20,Muscle-18,19,1
Human,ATP0.1,random_seeded,1,Muscle-19,Muscle-01;Muscle-02;Muscle-03;Muscle-04;Muscle-05;Muscle-06;Muscle-07;Muscle-08;Muscle-09;Muscle-10;Muscle-11;Muscle-12;Muscle-13;Muscle-14;Muscle-15;Muscle-16;Muscle-17;Muscle-18;Muscle-20,Muscle-19,19,1
Human,ATP0.1,random_seeded,1,Muscle-20,Muscle-01;Muscle-02;Muscle-03;Muscle-04;Muscle-05;Muscle-06;Muscle-07;Muscle-08;Muscle-09;Muscle-10;Muscle-11;Muscle-12;Muscle-13;Muscle-14;Muscle-15;Muscle-16;Muscle-17;Muscle-18;Muscle-19,Muscle-20,19,1
Human,ATP0.1,fixed_conventional,1,Muscle-01,Muscle-02;Muscle-03;Muscle-04;Muscle-05;Muscle-06;Muscle-07;Muscle-08;Muscle-09;Muscle-10;Muscle-11;Muscle-12;Muscle-13;Muscle-14;Muscle-15;Muscle-16;Muscle-17;Muscle-18;Muscle-19;Muscle-20,Muscle-01,19,1
Human,ATP0.1,fixed_conventional,1,Muscle-02,Muscle-01;Muscle-03;Muscle-04;Muscle-05;Muscle-06;Muscle-07;Muscle-08;Muscle-09;Muscle-10;Muscle-11;Muscle-12;Muscle-13;Muscle-14;Muscle-15;Muscle-16;Muscle-17;Muscle-18;Muscle-19;Muscle-20,Muscle-02,19,1
Human,ATP0.1,fixed_conventional,1,Muscle-03,Muscle-01;Muscle-02;Muscle-04;Muscle-05;Muscle-06;Muscle-07;Muscle-08;Muscle-09;Muscle-10;Muscle-11;Muscle-12;Muscle-13;Muscle-14;Muscle-15;Muscle-16;Muscle-17;Muscle-18;Muscle-19;Muscle-20,Muscle-03,19,1
Human,ATP0.1,fixed_conventional,1,Muscle-04,Muscle-01;Muscle-02;Muscle-03;Muscle-05;Muscle-06;Muscle-07;Muscle-08;Muscle-09;Muscle-10;Muscle-11;Muscle-12;Muscle-13;Muscle-14;Muscle-15;Muscle-16;Muscle-17;Muscle-18;Muscle-19;Muscle-20,Muscle-04,19,1
Human,ATP0.1,fixed_conventional,1,Muscle-05,Muscle-01;Muscle-02;Muscle-03;Muscle-04;Muscle-06;Muscle-07;Muscle-08;Muscle-09;Muscle-10;Muscle-11;Muscle-12;Muscle-13;Muscle-14;Muscle-15;Muscle-16;Muscle-17;Muscle-18;Muscle-19;Muscle-20,Muscle-05,19,1
Human,ATP0.1,fixed_conventional,1,Muscle-06,Muscle-01;Muscle-02;Muscle-03;Muscle-04;Muscle-05;Muscle-07;Muscle-08;Muscle-09;Muscle-10;Muscle-11;Muscle-12;Muscle-13;Muscle-14;Muscle-15;Muscle-16;Muscle-17;Muscle-18;Muscle-19;Muscle-20,Muscle-06,19,1
Human,ATP0.1,fixed_conventional,1,Muscle-07,Muscle-01;Muscle-02;Muscle-03;Muscle-04;Muscle-05;Muscle-06;Muscle-08;Muscle-09;Muscle-10;Muscle-11;Muscle-12;Muscle-13;Muscle-14;Muscle-15;Muscle-16;Muscle-17;Muscle-18;Muscle-19;Muscle-20,Muscle-07,19,1
Human,ATP0.1,fixed_conventional,1,Muscle-08,Muscle-01;Muscle-02;Muscle-03;Muscle-04;Muscle-05;Muscle-06;Muscle-07;Muscle-09;Muscle-10;Muscle-11;Muscle-12;Muscle-13;Muscle-14;Muscle-15;Muscle-16;Muscle-17;Muscle-18;Muscle-19;Muscle-20,Muscle-08,19,1
Human,ATP0.1,fixed_conventional,1,Muscle-09,Muscle-01;Muscle-02;Muscle-03;Muscle-04;Muscle-05;Muscle-06;Muscle-07;Muscle-08;Muscle-10;Muscle-11;Muscle-12;Muscle-13;Muscle-14;Muscle-15;Muscle-16;Muscle-17;Muscle-18;Muscle-19;Muscle-20,Muscle-09,19,1
Human,ATP0.1,fixed_conventional,1,Muscle-10,Muscle-01;Muscle-02;Muscle-03;Muscle-04;Muscle-05;Muscle-06;Muscle-07;Muscle-08;Muscle-09;Muscle-11;Muscle-12;Muscle-13;Muscle-14;Muscle-15;Muscle-16;Muscle-17;Muscle-18;Muscle-19;Muscle-20,Muscle-10,19,1
Human,ATP0.1,fixed_conventional,1,Muscle-11,Muscle-01;Muscle-02;Muscle-03;Muscle-04;Muscle-05;Muscle-06;Muscle-07;Muscle-08;Muscle-09;Muscle-10;Muscle-12;Muscle-13;Muscle-14;Muscle-15;Muscle-16;Muscle-17;Muscle-18;Muscle-19;Muscle-20,Muscle-11,19,1
Human,ATP0.1,fixed_conventional,1,Muscle-12,Muscle-01;Muscle-02;Muscle-03;Muscle-04;Muscle-05;Muscle-06;Muscle-07;Muscle-08;Muscle-09;Muscle-10;Muscle-11;Muscle-13;Muscle-14;Muscle-15;Muscle-16;Muscle-17;Muscle-18;Muscle-19;Muscle-20,Muscle-12,19,1
Human,ATP0.1,fixed_conventional,1,Muscle-13,Muscle-01;Muscle-02;Muscle-03;Muscle-04;Muscle-05;Muscle-06;Muscle-07;Muscle-08;Muscle-09;Muscle-10;Muscle-11;Muscle-12;Muscle-14;Muscle-15;Muscle-16;Muscle-17;Muscle-18;Muscle-19;Muscle-20,Muscle-13,19,1
Human,ATP0.1,fixed_conventional,1,Muscle-14,Muscle-01;Muscle-02;Muscle-03;Muscle-04;Muscle-05;Muscle-06;Muscle-07;Muscle-08;Muscle-09;Muscle-10;Muscle-11;Muscle-12;Muscle-13;Muscle-15;Muscle-16;Muscle-17;Muscle-18;Muscle-19;Muscle-20,Muscle-14,19,1
Human,ATP0.1,fixed_conventional,1,Muscle-15,Muscle-01;Muscle-02;Muscle-03;Muscle-04;Muscle-05;Muscle-06;Muscle-07;Muscle-08;Muscle-09;Muscle-10;Muscle-11;Muscle-12;Muscle-13;Muscle-14;Muscle-16;Muscle-17;Muscle-18;Muscle-19;Muscle-20,Muscle-15,19,1
Human,ATP0.1,fixed_conventional,1,Muscle-16,Muscle-01;Muscle-02;Muscle-03;Muscle-04;Muscle-05;Muscle-06;Muscle-07;Muscle-08;Muscle-09;Muscle-10;Muscle-11;Muscle-12;Muscle-13;Muscle-14;Muscle-15;Muscle-17;Muscle-18;Muscle-19;Muscle-20,Muscle-16,19,1
Human,ATP0.1,fixed_conventional,1,Muscle-17,Muscle-01;Muscle-02;Muscle-03;Muscle-04;Muscle-05;Muscle-06;Muscle-07;Muscle-08;Muscle-09;Muscle-10;Muscle-11;Muscle-12;Muscle-13;Muscle-14;Muscle-15;Muscle-16;Muscle-18;Muscle-19;Muscle-20,Muscle-17,19,1
Human,ATP0.1,fixed_conventional,1,Muscle-18,Muscle-01;Muscle-02;Muscle-03;Muscle-04;Muscle-05;Muscle-06;Muscle-07;Muscle-08;Muscle-09;Muscle-10;Muscle-11;Muscle-12;Muscle-13;Muscle-14;Muscle-15;Muscle-16;Muscle-17;Muscle-19;Muscle-20,Muscle-18,19,1
Human,ATP0.1,fixed_conventional,1,Muscle-19,Muscle-01;Muscle-02;Muscle-03;Muscle-04;Muscle-05;Muscle-06;Muscle-07;Muscle-08;Muscle-09;Muscle-10;Muscle-11;Muscle-12;Muscle-13;Muscle-14;Muscle-15;Muscle-16;Muscle-17;Muscle-18;Muscle-20,Muscle-19,19,1
Human,ATP0.1,fixed_conventional,1,Muscle-20,Muscle-01;Muscle-02;Muscle-03;Muscle-04;Muscle-05;Muscle-06;Muscle-07;Muscle-08;Muscle-09;Muscle-10;Muscle-11;Muscle-12;Muscle-13;Muscle-14;Muscle-15;Muscle-16;Muscle-17;Muscle-18;Muscle-19,Muscle-20,19,1
Human,ATP0.1,destination_nested_oracle,1,Muscle-01,Muscle-02;Muscle-03;Muscle-04;Muscle-05;Muscle-06;Muscle-07;Muscle-08;Muscle-09;Muscle-10;Muscle-11;Muscle-12;Muscle-13;Muscle-14;Muscle-15;Muscle-16;Muscle-17;Muscle-18;Muscle-19;Muscle-20,Muscle-01,19,1
Human,ATP0.1,destination_nested_oracle,1,Muscle-02,Muscle-01;Muscle-03;Muscle-04;Muscle-05;Muscle-06;Muscle-07;Muscle-08;Muscle-09;Muscle-10;Muscle-11;Muscle-12;Muscle-13;Muscle-14;Muscle-15;Muscle-16;Muscle-17;Muscle-18;Muscle-19;Muscle-20,Muscle-02,19,1
Human,ATP0.1,destination_nested_oracle,1,Muscle-03,Muscle-01;Muscle-02;Muscle-04;Muscle-05;Muscle-06;Muscle-07;Muscle-08;Muscle-09;Muscle-10;Muscle-11;Muscle-12;Muscle-13;Muscle-14;Muscle-15;Muscle-16;Muscle-17;Muscle-18;Muscle-19;Muscle-20,Muscle-03,19,1
Human,ATP0.1,destination_nested_oracle,1,Muscle-04,Muscle-01;Muscle-02;Muscle-03;Muscle-05;Muscle-06;Muscle-07;Muscle-08;Muscle-09;Muscle-10;Muscle-11;Muscle-12;Muscle-13;Muscle-14;Muscle-15;Muscle-16;Muscle-17;Muscle-18;Muscle-19;Muscle-20,Muscle-04,19,1
Human,ATP0.1,destination_nested_oracle,1,Muscle-05,Muscle-01;Muscle-02;Muscle-03;Muscle-04;Muscle-06;Muscle-07;Muscle-08;Muscle-09;Muscle-10;Muscle-11;Muscle-12;Muscle-13;Muscle-14;Muscle-15;Muscle-16;Muscle-17;Muscle-18;Muscle-19;Muscle-20,Muscle-05,19,1
Human,ATP0.1,destination_nested_oracle,1,Muscle-06,Muscle-01;Muscle-02;Muscle-03;Muscle-04;Muscle-05;Muscle-07;Muscle-08;Muscle-09;Muscle-10;Muscle-11;Muscle-12;Muscle-13;Muscle-14;Muscle-15;Muscle-16;Muscle-17;Muscle-18;Muscle-19;Muscle-20,Muscle-06,19,1
Human,ATP0.1,destination_nested_oracle,1,Muscle-07,Muscle-01;Muscle-02;Muscle-03;Muscle-04;Muscle-05;Muscle-06;Muscle-08;Muscle-09;Muscle-10;Muscle-11;Muscle-12;Muscle-13;Muscle-14;Muscle-15;Muscle-16;Muscle-17;Muscle-18;Muscle-19;Muscle-20,Muscle-07,19,1
Human,ATP0.1,destination_nested_oracle,1,Muscle-08,Muscle-01;Muscle-02;Muscle-03;Muscle-04;Muscle-05;Muscle-06;Muscle-07;Muscle-09;Muscle-10;Muscle-11;Muscle-12;Muscle-13;Muscle-14;Muscle-15;Muscle-16;Muscle-17;Muscle-18;Muscle-19;Muscle-20,Muscle-08,19,1
Human,ATP0.1,destination_nested_oracle,1,Muscle-09,Muscle-01;Muscle-02;Muscle-03;Muscle-04;Muscle-05;Muscle-06;Muscle-07;Muscle-08;Muscle-10;Muscle-11;Muscle-12;Muscle-13;Muscle-14;Muscle-15;Muscle-16;Muscle-17;Muscle-18;Muscle-19;Muscle-20,Muscle-09,19,1
Human,ATP0.1,destination_nested_oracle,1,Muscle-10,Muscle-01;Muscle-02;Muscle-03;Muscle-04;Muscle-05;Muscle-06;Muscle-07;Muscle-08;Muscle-09;Muscle-11;Muscle-12;Muscle-13;Muscle-14;Muscle-15;Muscle-16;Muscle-17;Muscle-18;Muscle-19;Muscle-20,Muscle-10,19,1
Human,ATP0.1,destination_nested_oracle,1,Muscle-11,Muscle-01;Muscle-02;Muscle-03;Muscle-04;Muscle-05;Muscle-06;Muscle-07;Muscle-08;Muscle-09;Muscle-10;Muscle-12;Muscle-13;Muscle-14;Muscle-15;Muscle-16;Muscle-17;Muscle-18;Muscle-19;Muscle-20,Muscle-11,19,1
Human,ATP0.1,destination_nested_oracle,1,Muscle-12,Muscle-01;Muscle-02;Muscle-03;Muscle-04;Muscle-05;Muscle-06;Muscle-07;Muscle-08;Muscle-09;Muscle-10;Muscle-11;Muscle-13;Muscle-14;Muscle-15;Muscle-16;Muscle-17;Muscle-18;Muscle-19;Muscle-20,Muscle-12,19,1
Human,ATP0.1,destination_nested_oracle,1,Muscle-13,Muscle-01;Muscle-02;Muscle-03;Muscle-04;Muscle-05;Muscle-06;Muscle-07;Muscle-08;Muscle-09;Muscle-10;Muscle-11;Muscle-12;Muscle-14;Muscle-15;Muscle-16;Muscle-17;Muscle-18;Muscle-19;Muscle-20,Muscle-13,19,1
Human,ATP0.1,destination_nested_oracle,1,Muscle-14,Muscle-01;Muscle-02;Muscle-03;Muscle-04;Muscle-05;Muscle-06;Muscle-07;Muscle-08;Muscle-09;Muscle-10;Muscle-11;Muscle-12;Muscle-13;Muscle-15;Muscle-16;Muscle-17;Muscle-18;Muscle-19;Muscle-20,Muscle-14,19,1
Human,ATP0.1,destination_nested_oracle,1,Muscle-15,Muscle-01;Muscle-02;Muscle-03;Muscle-04;Muscle-05;Muscle-06;Muscle-07;Muscle-08;Muscle-09;Muscle-10;Muscle-11;Muscle-12;Muscle-13;Muscle-14;Muscle-16;Muscle-17;Muscle-18;Muscle-19;Muscle-20,Muscle-15,19,1
Human,ATP0.1,destination_nested_oracle,1,Muscle-16,Muscle-01;Muscle-02;Muscle-03;Muscle-04;Muscle-05;Muscle-06;Muscle-07;Muscle-08;Muscle-09;Muscle-10;Muscle-11;Muscle-12;Muscle-13;Muscle-14;Muscle-15;Muscle-17;Muscle-18;Muscle-19;Muscle-20,Muscle-16,19,1
Human,ATP0.1,destination_nested_oracle,1,Muscle-17,Muscle-01;Muscle-02;Muscle-03;Muscle-04;Muscle-05;Muscle-06;Muscle-07;Muscle-08;Muscle-09;Muscle-10;Muscle-11;Muscle-12;Muscle-13;Muscle-14;Muscle-15;Muscle-16;Muscle-18;Muscle-19;Muscle-20,Muscle-17,19,1
Human,ATP0.1,destination_nested_oracle,1,Muscle-18,Muscle-01;Muscle-02;Muscle-03;Muscle-04;Muscle-05;Muscle-06;Muscle-07;Muscle-08;Muscle-09;Muscle-10;Muscle-11;Muscle-12;Muscle-13;Muscle-14;Muscle-15;Muscle-16;Muscle-17;Muscle-19;Muscle-20,Muscle-18,19,1
Human,ATP0.1,destination_nested_oracle,1,Muscle-19,Muscle-01;Muscle-02;Muscle-03;Muscle-04;Muscle-05;Muscle-06;Muscle-07;Muscle-08;Muscle-09;Muscle-10;Muscle-11;Muscle-12;Muscle-13;Muscle-14;Muscle-15;Muscle-16;Muscle-17;Muscle-18;Muscle-20,Muscle-19,19,1
Human,ATP0.1,destination_nested_oracle,1,Muscle-20,Muscle-01;Muscle-02;Muscle-03;Muscle-04;Muscle-05;Muscle-06;Muscle-07;Muscle-08;Muscle-09;Muscle-10;Muscle-11;Muscle-12;Muscle-13;Muscle-14;Muscle-15;Muscle-16;Muscle-17;Muscle-18;Muscle-19,Muscle-20,19,1
Human,ATP0.1,rat_K_target,2,Muscle-01,Muscle-02;Muscle-03;Muscle-04;Muscle-05;Muscle-06;Muscle-07;Muscle-08;Muscle-09;Muscle-10;Muscle-11;Muscle-12;Muscle-13;Muscle-14;Muscle-15;Muscle-16;Muscle-17;Muscle-18;Muscle-19;Muscle-20,Muscle-01,19,1
Human,ATP0.1,rat_K_target,2,Muscle-02,Muscle-01;Muscle-03;Muscle-04;Muscle-05;Muscle-06;Muscle-07;Muscle-08;Muscle-09;Muscle-10;Muscle-11;Muscle-12;Muscle-13;Muscle-14;Muscle-15;Muscle-16;Muscle-17;Muscle-18;Muscle-19;Muscle-20,Muscle-02,19,1
Human,ATP0.1,rat_K_target,2,Muscle-03,Muscle-01;Muscle-02;Muscle-04;Muscle-05;Muscle-06;Muscle-07;Muscle-08;Muscle-09;Muscle-10;Muscle-11;Muscle-12;Muscle-13;Muscle-14;Muscle-15;Muscle-16;Muscle-17;Muscle-18;Muscle-19;Muscle-20,Muscle-03,19,1
Human,ATP0.1,rat_K_target,2,Muscle-04,Muscle-01;Muscle-02;Muscle-03;Muscle-05;Muscle-06;Muscle-07;Muscle-08;Muscle-09;Muscle-10;Muscle-11;Muscle-12;Muscle-13;Muscle-14;Muscle-15;Muscle-16;Muscle-17;Muscle-18;Muscle-19;Muscle-20,Muscle-04,19,1
Human,ATP0.1,rat_K_target,2,Muscle-05,Muscle-01;Muscle-02;Muscle-03;Muscle-04;Muscle-06;Muscle-07;Muscle-08;Muscle-09;Muscle-10;Muscle-11;Muscle-12;Muscle-13;Muscle-14;Muscle-15;Muscle-16;Muscle-17;Muscle-18;Muscle-19;Muscle-20,Muscle-05,19,1
Human,ATP0.1,rat_K_target,2,Muscle-06,Muscle-01;Muscle-02;Muscle-03;Muscle-04;Muscle-05;Muscle-07;Muscle-08;Muscle-09;Muscle-10;Muscle-11;Muscle-12;Muscle-13;Muscle-14;Muscle-15;Muscle-16;Muscle-17;Muscle-18;Muscle-19;Muscle-20,Muscle-06,19,1
Human,ATP0.1,rat_K_target,2,Muscle-07,Muscle-01;Muscle-02;Muscle-03;Muscle-04;Muscle-05;Muscle-06;Muscle-08;Muscle-09;Muscle-10;Muscle-11;Muscle-12;Muscle-13;Muscle-14;Muscle-15;Muscle-16;Muscle-17;Muscle-18;Muscle-19;Muscle-20,Muscle-07,19,1
Human,ATP0.1,rat_K_target,2,Muscle-08,Muscle-01;Muscle-02;Muscle-03;Muscle-04;Muscle-05;Muscle-06;Muscle-07;Muscle-09;Muscle-10;Muscle-11;Muscle-12;Muscle-13;Muscle-14;Muscle-15;Muscle-16;Muscle-17;Muscle-18;Muscle-19;Muscle-20,Muscle-08,19,1
Human,ATP0.1,rat_K_target,2,Muscle-09,Muscle-01;Muscle-02;Muscle-03;Muscle-04;Muscle-05;Muscle-06;Muscle-07;Muscle-08;Muscle-10;Muscle-11;Muscle-12;Muscle-13;Muscle-14;Muscle-15;Muscle-16;Muscle-17;Muscle-18;Muscle-19;Muscle-20,Muscle-09,19,1
Human,ATP0.1,rat_K_target,2,Muscle-10,Muscle-01;Muscle-02;Muscle-03;Muscle-04;Muscle-05;Muscle-06;Muscle-07;Muscle-08;Muscle-09;Muscle-11;Muscle-12;Muscle-13;Muscle-14;Muscle-15;Muscle-16;Muscle-17;Muscle-18;Muscle-19;Muscle-20,Muscle-10,19,1
Human,ATP0.1,rat_K_target,2,Muscle-11,Muscle-01;Muscle-02;Muscle-03;Muscle-04;Muscle-05;Muscle-06;Muscle-07;Muscle-08;Muscle-09;Muscle-10;Muscle-12;Muscle-13;Muscle-14;Muscle-15;Muscle-16;Muscle-17;Muscle-18;Muscle-19;Muscle-20,Muscle-11,19,1
Human,ATP0.1,rat_K_target,2,Muscle-12,Muscle-01;Muscle-02;Muscle-03;Muscle-04;Muscle-05;Muscle-06;Muscle-07;Muscle-08;Muscle-09;Muscle-10;Muscle-11;Muscle-13;Muscle-14;Muscle-15;Muscle-16;Muscle-17;Muscle-18;Muscle-19;Muscle-20,Muscle-12,19,1
Human,ATP0.1,rat_K_target,2,Muscle-13,Muscle-01;Muscle-02;Muscle-03;Muscle-04;Muscle-05;Muscle-06;Muscle-07;Muscle-08;Muscle-09;Muscle-10;Muscle-11;Muscle-12;Muscle-14;Muscle-15;Muscle-16;Muscle-17;Muscle-18;Muscle-19;Muscle-20,Muscle-13,19,1
Human,ATP0.1,rat_K_target,2,Muscle-14,Muscle-01;Muscle-02;Muscle-03;Muscle-04;Muscle-05;Muscle-06;Muscle-07;Muscle-08;Muscle-09;Muscle-10;Muscle-11;Muscle-12;Muscle-13;Muscle-15;Muscle-16;Muscle-17;Muscle-18;Muscle-19;Muscle-20,Muscle-14,19,1
Human,ATP0.1,rat_K_target,2,Muscle-15,Muscle-01;Muscle-02;Muscle-03;Muscle-04;Muscle-05;Muscle-06;Muscle-07;Muscle-08;Muscle-09;Muscle-10;Muscle-11;Muscle-12;Muscle-13;Muscle-14;Muscle-16;Muscle-17;Muscle-18;Muscle-19;Muscle-20,Muscle-15,19,1
Human,ATP0.1,rat_K_target,2,Muscle-16,Muscle-01;Muscle-02;Muscle-03;Muscle-04;Muscle-05;Muscle-06;Muscle-07;Muscle-08;Muscle-09;Muscle-10;Muscle-11;Muscle-12;Muscle-13;Muscle-14;Muscle-15;Muscle-17;Muscle-18;Muscle-19;Muscle-20,Muscle-16,19,1
Human,ATP0.1,rat_K_target,2,Muscle-17,Muscle-01;Muscle-02;Muscle-03;Muscle-04;Muscle-05;Muscle-06;Muscle-07;Muscle-08;Muscle-09;Muscle-10;Muscle-11;Muscle-12;Muscle-13;Muscle-14;Muscle-15;Muscle-16;Muscle-18;Muscle-19;Muscle-20,Muscle-17,19,1
Human,ATP0.1,rat_K_target,2,Muscle-18,Muscle-01;Muscle-02;Muscle-03;Muscle-04;Muscle-05;Muscle-06;Muscle-07;Muscle-08;Muscle-09;Muscle-10;Muscle-11;Muscle-12;Muscle-13;Muscle-14;Muscle-15;Muscle-16;Muscle-17;Muscle-19;Muscle-20,Muscle-18,19,1
Human,ATP0.1,rat_K_target,2,Muscle-19,Muscle-01;Muscle-02;Muscle-03;Muscle-04;Muscle-05;Muscle-06;Muscle-07;Muscle-08;Muscle-09;Muscle-10;Muscle-11;Muscle-12;Muscle-13;Muscle-14;Muscle-15;Muscle-16;Muscle-17;Muscle-18;Muscle-20,Muscle-19,19,1
Human,ATP0.1,rat_K_target,2,Muscle-20,Muscle-01;Muscle-02;Muscle-03;Muscle-04;Muscle-05;Muscle-06;Muscle-07;Muscle-08;Muscle-09;Muscle-10;Muscle-11;Muscle-12;Muscle-13;Muscle-14;Muscle-15;Muscle-16;Muscle-17;Muscle-18;Muscle-19,Muscle-20,19,1
Human,ATP0.1,rat_R_robust,2,Muscle-01,Muscle-02;Muscle-03;Muscle-04;Muscle-05;Muscle-06;Muscle-07;Muscle-08;Muscle-09;Muscle-10;Muscle-11;Muscle-12;Muscle-13;Muscle-14;Muscle-15;Muscle-16;Muscle-17;Muscle-18;Muscle-19;Muscle-20,Muscle-01,19,1
Human,ATP0.1,rat_R_robust,2,Muscle-02,Muscle-01;Muscle-03;Muscle-04;Muscle-05;Muscle-06;Muscle-07;Muscle-08;Muscle-09;Muscle-10;Muscle-11;Muscle-12;Muscle-13;Muscle-14;Muscle-15;Muscle-16;Muscle-17;Muscle-18;Muscle-19;Muscle-20,Muscle-02,19,1
Human,ATP0.1,rat_R_robust,2,Muscle-03,Muscle-01;Muscle-02;Muscle-04;Muscle-05;Muscle-06;Muscle-07;Muscle-08;Muscle-09;Muscle-10;Muscle-11;Muscle-12;Muscle-13;Muscle-14;Muscle-15;Muscle-16;Muscle-17;Muscle-18;Muscle-19;Muscle-20,Muscle-03,19,1
Human,ATP0.1,rat_R_robust,2,Muscle-04,Muscle-01;Muscle-02;Muscle-03;Muscle-05;Muscle-06;Muscle-07;Muscle-08;Muscle-09;Muscle-10;Muscle-11;Muscle-12;Muscle-13;Muscle-14;Muscle-15;Muscle-16;Muscle-17;Muscle-18;Muscle-19;Muscle-20,Muscle-04,19,1
Human,ATP0.1,rat_R_robust,2,Muscle-05,Muscle-01;Muscle-02;Muscle-03;Muscle-04;Muscle-06;Muscle-07;Muscle-08;Muscle-09;Muscle-10;Muscle-11;Muscle-12;Muscle-13;Muscle-14;Muscle-15;Muscle-16;Muscle-17;Muscle-18;Muscle-19;Muscle-20,Muscle-05,19,1
Human,ATP0.1,rat_R_robust,2,Muscle-06,Muscle-01;Muscle-02;Muscle-03;Muscle-04;Muscle-05;Muscle-07;Muscle-08;Muscle-09;Muscle-10;Muscle-11;Muscle-12;Muscle-13;Muscle-14;Muscle-15;Muscle-16;Muscle-17;Muscle-18;Muscle-19;Muscle-20,Muscle-06,19,1
Human,ATP0.1,rat_R_robust,2,Muscle-07,Muscle-01;Muscle-02;Muscle-03;Muscle-04;Muscle-05;Muscle-06;Muscle-08;Muscle-09;Muscle-10;Muscle-11;Muscle-12;Muscle-13;Muscle-14;Muscle-15;Muscle-16;Muscle-17;Muscle-18;Muscle-19;Muscle-20,Muscle-07,19,1
Human,ATP0.1,rat_R_robust,2,Muscle-08,Muscle-01;Muscle-02;Muscle-03;Muscle-04;Muscle-05;Muscle-06;Muscle-07;Muscle-09;Muscle-10;Muscle-11;Muscle-12;Muscle-13;Muscle-14;Muscle-15;Muscle-16;Muscle-17;Muscle-18;Muscle-19;Muscle-20,Muscle-08,19,1
Human,ATP0.1,rat_R_robust,2,Muscle-09,Muscle-01;Muscle-02;Muscle-03;Muscle-04;Muscle-05;Muscle-06;Muscle-07;Muscle-08;Muscle-10;Muscle-11;Muscle-12;Muscle-13;Muscle-14;Muscle-15;Muscle-16;Muscle-17;Muscle-18;Muscle-19;Muscle-20,Muscle-09,19,1
Human,ATP0.1,rat_R_robust,2,Muscle-10,Muscle-01;Muscle-02;Muscle-03;Muscle-04;Muscle-05;Muscle-06;Muscle-07;Muscle-08;Muscle-09;Muscle-11;Muscle-12;Muscle-13;Muscle-14;Muscle-15;Muscle-16;Muscle-17;Muscle-18;Muscle-19;Muscle-20,Muscle-10,19,1
Human,ATP0.1,rat_R_robust,2,Muscle-11,Muscle-01;Muscle-02;Muscle-03;Muscle-04;Muscle-05;Muscle-06;Muscle-07;Muscle-08;Muscle-09;Muscle-10;Muscle-12;Muscle-13;Muscle-14;Muscle-15;Muscle-16;Muscle-17;Muscle-18;Muscle-19;Muscle-20,Muscle-11,19,1
Human,ATP0.1,rat_R_robust,2,Muscle-12,Muscle-01;Muscle-02;Muscle-03;Muscle-04;Muscle-05;Muscle-06;Muscle-07;Muscle-08;Muscle-09;Muscle-10;Muscle-11;Muscle-13;Muscle-14;Muscle-15;Muscle-16;Muscle-17;Muscle-18;Muscle-19;Muscle-20,Muscle-12,19,1
Human,ATP0.1,rat_R_robust,2,Muscle-13,Muscle-01;Muscle-02;Muscle-03;Muscle-04;Muscle-05;Muscle-06;Muscle-07;Muscle-08;Muscle-09;Muscle-10;Muscle-11;Muscle-12;Muscle-14;Muscle-15;Muscle-16;Muscle-17;Muscle-18;Muscle-19;Muscle-20,Muscle-13,19,1
Human,ATP0.1,rat_R_robust,2,Muscle-14,Muscle-01;Muscle-02;Muscle-03;Muscle-04;Muscle-05;Muscle-06;Muscle-07;Muscle-08;Muscle-09;Muscle-10;Muscle-11;Muscle-12;Muscle-13;Muscle-15;Muscle-16;Muscle-17;Muscle-18;Muscle-19;Muscle-20,Muscle-14,19,1
Human,ATP0.1,rat_R_robust,2,Muscle-15,Muscle-01;Muscle-02;Muscle-03;Muscle-04;Muscle-05;Muscle-06;Muscle-07;Muscle-08;Muscle-09;Muscle-10;Muscle-11;Muscle-12;Muscle-13;Muscle-14;Muscle-16;Muscle-17;Muscle-18;Muscle-19;Muscle-20,Muscle-15,19,1
Human,ATP0.1,rat_R_robust,2,Muscle-16,Muscle-01;Muscle-02;Muscle-03;Muscle-04;Muscle-05;Muscle-06;Muscle-07;Muscle-08;Muscle-09;Muscle-10;Muscle-11;Muscle-12;Muscle-13;Muscle-14;Muscle-15;Muscle-17;Muscle-18;Muscle-19;Muscle-20,Muscle-16,19,1
Human,ATP0.1,rat_R_robust,2,Muscle-17,Muscle-01;Muscle-02;Muscle-03;Muscle-04;Muscle-05;Muscle-06;Muscle-07;Muscle-08;Muscle-09;Muscle-10;Muscle-11;Muscle-12;Muscle-13;Muscle-14;Muscle-15;Muscle-16;Muscle-18;Muscle-19;Muscle-20,Muscle-17,19,1
Human,ATP0.1,rat_R_robust,2,Muscle-18,Muscle-01;Muscle-02;Muscle-03;Muscle-04;Muscle-05;Muscle-06;Muscle-07;Muscle-08;Muscle-09;Muscle-10;Muscle-11;Muscle-12;Muscle-13;Muscle-14;Muscle-15;Muscle-16;Muscle-17;Muscle-19;Muscle-20,Muscle-18,19,1
Human,ATP0.1,rat_R_robust,2,Muscle-19,Muscle-01;Muscle-02;Muscle-03;Muscle-04;Muscle-05;Muscle-06;Muscle-07;Muscle-08;Muscle-09;Muscle-10;Muscle-11;Muscle-12;Muscle-13;Muscle-14;Muscle-15;Muscle-16;Muscle-17;Muscle-18;Muscle-20,Muscle-19,19,1
Human,ATP0.1,rat_R_robust,2,Muscle-20,Muscle-01;Muscle-02;Muscle-03;Muscle-04;Muscle-05;Muscle-06;Muscle-07;Muscle-08;Muscle-09;Muscle-10;Muscle-11;Muscle-12;Muscle-13;Muscle-14;Muscle-15;Muscle-16;Muscle-17;Muscle-18;Muscle-19,Muscle-20,19,1
Human,ATP0.1,rat_parameter_A,2,Muscle-01,Muscle-02;Muscle-03;Muscle-04;Muscle-05;Muscle-06;Muscle-07;Muscle-08;Muscle-09;Muscle-10;Muscle-11;Muscle-12;Muscle-13;Muscle-14;Muscle-15;Muscle-16;Muscle-17;Muscle-18;Muscle-19;Muscle-20,Muscle-01,19,1
Human,ATP0.1,rat_parameter_A,2,Muscle-02,Muscle-01;Muscle-03;Muscle-04;Muscle-05;Muscle-06;Muscle-07;Muscle-08;Muscle-09;Muscle-10;Muscle-11;Muscle-12;Muscle-13;Muscle-14;Muscle-15;Muscle-16;Muscle-17;Muscle-18;Muscle-19;Muscle-20,Muscle-02,19,1
Human,ATP0.1,rat_parameter_A,2,Muscle-03,Muscle-01;Muscle-02;Muscle-04;Muscle-05;Muscle-06;Muscle-07;Muscle-08;Muscle-09;Muscle-10;Muscle-11;Muscle-12;Muscle-13;Muscle-14;Muscle-15;Muscle-16;Muscle-17;Muscle-18;Muscle-19;Muscle-20,Muscle-03,19,1
Human,ATP0.1,rat_parameter_A,2,Muscle-04,Muscle-01;Muscle-02;Muscle-03;Muscle-05;Muscle-06;Muscle-07;Muscle-08;Muscle-09;Muscle-10;Muscle-11;Muscle-12;Muscle-13;Muscle-14;Muscle-15;Muscle-16;Muscle-17;Muscle-18;Muscle-19;Muscle-20,Muscle-04,19,1
Human,ATP0.1,rat_parameter_A,2,Muscle-05,Muscle-01;Muscle-02;Muscle-03;Muscle-04;Muscle-06;Muscle-07;Muscle-08;Muscle-09;Muscle-10;Muscle-11;Muscle-12;Muscle-13;Muscle-14;Muscle-15;Muscle-16;Muscle-17;Muscle-18;Muscle-19;Muscle-20,Muscle-05,19,1
Human,ATP0.1,rat_parameter_A,2,Muscle-06,Muscle-01;Muscle-02;Muscle-03;Muscle-04;Muscle-05;Muscle-07;Muscle-08;Muscle-09;Muscle-10;Muscle-11;Muscle-12;Muscle-13;Muscle-14;Muscle-15;Muscle-16;Muscle-17;Muscle-18;Muscle-19;Muscle-20,Muscle-06,19,1
Human,ATP0.1,rat_parameter_A,2,Muscle-07,Muscle-01;Muscle-02;Muscle-03;Muscle-04;Muscle-05;Muscle-06;Muscle-08;Muscle-09;Muscle-10;Muscle-11;Muscle-12;Muscle-13;Muscle-14;Muscle-15;Muscle-16;Muscle-17;Muscle-18;Muscle-19;Muscle-20,Muscle-07,19,1
Human,ATP0.1,rat_parameter_A,2,Muscle-08,Muscle-01;Muscle-02;Muscle-03;Muscle-04;Muscle-05;Muscle-06;Muscle-07;Muscle-09;Muscle-10;Muscle-11;Muscle-12;Muscle-13;Muscle-14;Muscle-15;Muscle-16;Muscle-17;Muscle-18;Muscle-19;Muscle-20,Muscle-08,19,1
Human,ATP0.1,rat_parameter_A,2,Muscle-09,Muscle-01;Muscle-02;Muscle-03;Muscle-04;Muscle-05;Muscle-06;Muscle-07;Muscle-08;Muscle-10;Muscle-11;Muscle-12;Muscle-13;Muscle-14;Muscle-15;Muscle-16;Muscle-17;Muscle-18;Muscle-19;Muscle-20,Muscle-09,19,1
Human,ATP0.1,rat_parameter_A,2,Muscle-10,Muscle-01;Muscle-02;Muscle-03;Muscle-04;Muscle-05;Muscle-06;Muscle-07;Muscle-08;Muscle-09;Muscle-11;Muscle-12;Muscle-13;Muscle-14;Muscle-15;Muscle-16;Muscle-17;Muscle-18;Muscle-19;Muscle-20,Muscle-10,19,1
Human,ATP0.1,rat_parameter_A,2,Muscle-11,Muscle-01;Muscle-02;Muscle-03;Muscle-04;Muscle-05;Muscle-06;Muscle-07;Muscle-08;Muscle-09;Muscle-10;Muscle-12;Muscle-13;Muscle-14;Muscle-15;Muscle-16;Muscle-17;Muscle-18;Muscle-19;Muscle-20,Muscle-11,19,1
Human,ATP0.1,rat_parameter_A,2,Muscle-12,Muscle-01;Muscle-02;Muscle-03;Muscle-04;Muscle-05;Muscle-06;Muscle-07;Muscle-08;Muscle-09;Muscle-10;Muscle-11;Muscle-13;Muscle-14;Muscle-15;Muscle-16;Muscle-17;Muscle-18;Muscle-19;Muscle-20,Muscle-12,19,1
Human,ATP0.1,rat_parameter_A,2,Muscle-13,Muscle-01;Muscle-02;Muscle-03;Muscle-04;Muscle-05;Muscle-06;Muscle-07;Muscle-08;Muscle-09;Muscle-10;Muscle-11;Muscle-12;Muscle-14;Muscle-15;Muscle-16;Muscle-17;Muscle-18;Muscle-19;Muscle-20,Muscle-13,19,1
Human,ATP0.1,rat_parameter_A,2,Muscle-14,Muscle-01;Muscle-02;Muscle-03;Muscle-04;Muscle-05;Muscle-06;Muscle-07;Muscle-08;Muscle-09;Muscle-10;Muscle-11;Muscle-12;Muscle-13;Muscle-15;Muscle-16;Muscle-17;Muscle-18;Muscle-19;Muscle-20,Muscle-14,19,1
Human,ATP0.1,rat_parameter_A,2,Muscle-15,Muscle-01;Muscle-02;Muscle-03;Muscle-04;Muscle-05;Muscle-06;Muscle-07;Muscle-08;Muscle-09;Muscle-10;Muscle-11;Muscle-12;Muscle-13;Muscle-14;Muscle-16;Muscle-17;Muscle-18;Muscle-19;Muscle-20,Muscle-15,19,1
Human,ATP0.1,rat_parameter_A,2,Muscle-16,Muscle-01;Muscle-02;Muscle-03;Muscle-04;Muscle-05;Muscle-06;Muscle-07;Muscle-08;Muscle-09;Muscle-10;Muscle-11;Muscle-12;Muscle-13;Muscle-14;Muscle-15;Muscle-17;Muscle-18;Muscle-19;Muscle-20,Muscle-16,19,1
Human,ATP0.1,rat_parameter_A,2,Muscle-17,Muscle-01;Muscle-02;Muscle-03;Muscle-04;Muscle-05;Muscle-06;Muscle-07;Muscle-08;Muscle-09;Muscle-10;Muscle-11;Muscle-12;Muscle-13;Muscle-14;Muscle-15;Muscle-16;Muscle-18;Muscle-19;Muscle-20,Muscle-17,19,1
Human,ATP0.1,rat_parameter_A,2,Muscle-18,Muscle-01;Muscle-02;Muscle-03;Muscle-04;Muscle-05;Muscle-06;Muscle-07;Muscle-08;Muscle-09;Muscle-10;Muscle-11;Muscle-12;Muscle-13;Muscle-14;Muscle-15;Muscle-16;Muscle-17;Muscle-19;Muscle-20,Muscle-18,19,1
Human,ATP0.1,rat_parameter_A,2,Muscle-19,Muscle-01;Muscle-02;Muscle-03;Muscle-04;Muscle-05;Muscle-06;Muscle-07;Muscle-08;Muscle-09;Muscle-10;Muscle-11;Muscle-12;Muscle-13;Muscle-14;Muscle-15;Muscle-16;Muscle-17;Muscle-18;Muscle-20,Muscle-19,19,1
Human,ATP0.1,rat_parameter_A,2,Muscle-20,Muscle-01;Muscle-02;Muscle-03;Muscle-04;Muscle-05;Muscle-06;Muscle-07;Muscle-08;Muscle-09;Muscle-10;Muscle-11;Muscle-12;Muscle-13;Muscle-14;Muscle-15;Muscle-16;Muscle-17;Muscle-18;Muscle-19,Muscle-20,19,1
Human,ATP0.1,human_ND_source,2,Muscle-01,Muscle-02;Muscle-03;Muscle-04;Muscle-05;Muscle-06;Muscle-07;Muscle-08;Muscle-09;Muscle-10;Muscle-11;Muscle-12;Muscle-13;Muscle-14;Muscle-15;Muscle-16;Muscle-17;Muscle-18;Muscle-19;Muscle-20,Muscle-01,19,1
Human,ATP0.1,human_ND_source,2,Muscle-02,Muscle-01;Muscle-03;Muscle-04;Muscle-05;Muscle-06;Muscle-07;Muscle-08;Muscle-09;Muscle-10;Muscle-11;Muscle-12;Muscle-13;Muscle-14;Muscle-15;Muscle-16;Muscle-17;Muscle-18;Muscle-19;Muscle-20,Muscle-02,19,1
Human,ATP0.1,human_ND_source,2,Muscle-03,Muscle-01;Muscle-02;Muscle-04;Muscle-05;Muscle-06;Muscle-07;Muscle-08;Muscle-09;Muscle-10;Muscle-11;Muscle-12;Muscle-13;Muscle-14;Muscle-15;Muscle-16;Muscle-17;Muscle-18;Muscle-19;Muscle-20,Muscle-03,19,1
Human,ATP0.1,human_ND_source,2,Muscle-04,Muscle-01;Muscle-02;Muscle-03;Muscle-05;Muscle-06;Muscle-07;Muscle-08;Muscle-09;Muscle-10;Muscle-11;Muscle-12;Muscle-13;Muscle-14;Muscle-15;Muscle-16;Muscle-17;Muscle-18;Muscle-19;Muscle-20,Muscle-04,19,1
Human,ATP0.1,human_ND_source,2,Muscle-05,Muscle-01;Muscle-02;Muscle-03;Muscle-04;Muscle-06;Muscle-07;Muscle-08;Muscle-09;Muscle-10;Muscle-11;Muscle-12;Muscle-13;Muscle-14;Muscle-15;Muscle-16;Muscle-17;Muscle-18;Muscle-19;Muscle-20,Muscle-05,19,1
Human,ATP0.1,human_ND_source,2,Muscle-06,Muscle-01;Muscle-02;Muscle-03;Muscle-04;Muscle-05;Muscle-07;Muscle-08;Muscle-09;Muscle-10;Muscle-11;Muscle-12;Muscle-13;Muscle-14;Muscle-15;Muscle-16;Muscle-17;Muscle-18;Muscle-19;Muscle-20,Muscle-06,19,1
Human,ATP0.1,human_ND_source,2,Muscle-07,Muscle-01;Muscle-02;Muscle-03;Muscle-04;Muscle-05;Muscle-06;Muscle-08;Muscle-09;Muscle-10;Muscle-11;Muscle-12;Muscle-13;Muscle-14;Muscle-15;Muscle-16;Muscle-17;Muscle-18;Muscle-19;Muscle-20,Muscle-07,19,1
Human,ATP0.1,human_ND_source,2,Muscle-08,Muscle-01;Muscle-02;Muscle-03;Muscle-04;Muscle-05;Muscle-06;Muscle-07;Muscle-09;Muscle-10;Muscle-11;Muscle-12;Muscle-13;Muscle-14;Muscle-15;Muscle-16;Muscle-17;Muscle-18;Muscle-19;Muscle-20,Muscle-08,19,1
Human,ATP0.1,human_ND_source,2,Muscle-09,Muscle-01;Muscle-02;Muscle-03;Muscle-04;Muscle-05;Muscle-06;Muscle-07;Muscle-08;Muscle-10;Muscle-11;Muscle-12;Muscle-13;Muscle-14;Muscle-15;Muscle-16;Muscle-17;Muscle-18;Muscle-19;Muscle-20,Muscle-09,19,1
Human,ATP0.1,human_ND_source,2,Muscle-10,Muscle-01;Muscle-02;Muscle-03;Muscle-04;Muscle-05;Muscle-06;Muscle-07;Muscle-08;Muscle-09;Muscle-11;Muscle-12;Muscle-13;Muscle-14;Muscle-15;Muscle-16;Muscle-17;Muscle-18;Muscle-19;Muscle-20,Muscle-10,19,1
Human,ATP0.1,human_ND_source,2,Muscle-11,Muscle-01;Muscle-02;Muscle-03;Muscle-04;Muscle-05;Muscle-06;Muscle-07;Muscle-08;Muscle-09;Muscle-10;Muscle-12;Muscle-13;Muscle-14;Muscle-15;Muscle-16;Muscle-17;Muscle-18;Muscle-19;Muscle-20,Muscle-11,19,1
Human,ATP0.1,human_ND_source,2,Muscle-12,Muscle-01;Muscle-02;Muscle-03;Muscle-04;Muscle-05;Muscle-06;Muscle-07;Muscle-08;Muscle-09;Muscle-10;Muscle-11;Muscle-13;Muscle-14;Muscle-15;Muscle-16;Muscle-17;Muscle-18;Muscle-19;Muscle-20,Muscle-12,19,1
Human,ATP0.1,human_ND_source,2,Muscle-13,Muscle-01;Muscle-02;Muscle-03;Muscle-04;Muscle-05;Muscle-06;Muscle-07;Muscle-08;Muscle-09;Muscle-10;Muscle-11;Muscle-12;Muscle-14;Muscle-15;Muscle-16;Muscle-17;Muscle-18;Muscle-19;Muscle-20,Muscle-13,19,1
Human,ATP0.1,human_ND_source,2,Muscle-14,Muscle-01;Muscle-02;Muscle-03;Muscle-04;Muscle-05;Muscle-06;Muscle-07;Muscle-08;Muscle-09;Muscle-10;Muscle-11;Muscle-12;Muscle-13;Muscle-15;Muscle-16;Muscle-17;Muscle-18;Muscle-19;Muscle-20,Muscle-14,19,1
Human,ATP0.1,human_ND_source,2,Muscle-15,Muscle-01;Muscle-02;Muscle-03;Muscle-04;Muscle-05;Muscle-06;Muscle-07;Muscle-08;Muscle-09;Muscle-10;Muscle-11;Muscle-12;Muscle-13;Muscle-14;Muscle-16;Muscle-17;Muscle-18;Muscle-19;Muscle-20,Muscle-15,19,1
Human,ATP0.1,human_ND_source,2,Muscle-16,Muscle-01;Muscle-02;Muscle-03;Muscle-04;Muscle-05;Muscle-06;Muscle-07;Muscle-08;Muscle-09;Muscle-10;Muscle-11;Muscle-12;Muscle-13;Muscle-14;Muscle-15;Muscle-17;Muscle-18;Muscle-19;Muscle-20,Muscle-16,19,1
Human,ATP0.1,human_ND_source,2,Muscle-17,Muscle-01;Muscle-02;Muscle-03;Muscle-04;Muscle-05;Muscle-06;Muscle-07;Muscle-08;Muscle-09;Muscle-10;Muscle-11;Muscle-12;Muscle-13;Muscle-14;Muscle-15;Muscle-16;Muscle-18;Muscle-19;Muscle-20,Muscle-17,19,1
Human,ATP0.1,human_ND_source,2,Muscle-18,Muscle-01;Muscle-02;Muscle-03;Muscle-04;Muscle-05;Muscle-06;Muscle-07;Muscle-08;Muscle-09;Muscle-10;Muscle-11;Muscle-12;Muscle-13;Muscle-14;Muscle-15;Muscle-16;Muscle-17;Muscle-19;Muscle-20,Muscle-18,19,1
Human,ATP0.1,human_ND_source,2,Muscle-19,Muscle-01;Muscle-02;Muscle-03;Muscle-04;Muscle-05;Muscle-06;Muscle-07;Muscle-08;Muscle-09;Muscle-10;Muscle-11;Muscle-12;Muscle-13;Muscle-14;Muscle-15;Muscle-16;Muscle-17;Muscle-18;Muscle-20,Muscle-19,19,1
Human,ATP0.1,human_ND_source,2,Muscle-20,Muscle-01;Muscle-02;Muscle-03;Muscle-04;Muscle-05;Muscle-06;Muscle-07;Muscle-08;Muscle-09;Muscle-10;Muscle-11;Muscle-12;Muscle-13;Muscle-14;Muscle-15;Muscle-16;Muscle-17;Muscle-18;Muscle-19,Muscle-20,19,1
Human,ATP0.1,random_seeded,2,Muscle-01,Muscle-02;Muscle-03;Muscle-04;Muscle-05;Muscle-06;Muscle-07;Muscle-08;Muscle-09;Muscle-10;Muscle-11;Muscle-12;Muscle-13;Muscle-14;Muscle-15;Muscle-16;Muscle-17;Muscle-18;Muscle-19;Muscle-20,Muscle-01,19,1
Human,ATP0.1,random_seeded,2,Muscle-02,Muscle-01;Muscle-03;Muscle-04;Muscle-05;Muscle-06;Muscle-07;Muscle-08;Muscle-09;Muscle-10;Muscle-11;Muscle-12;Muscle-13;Muscle-14;Muscle-15;Muscle-16;Muscle-17;Muscle-18;Muscle-19;Muscle-20,Muscle-02,19,1
Human,ATP0.1,random_seeded,2,Muscle-03,Muscle-01;Muscle-02;Muscle-04;Muscle-05;Muscle-06;Muscle-07;Muscle-08;Muscle-09;Muscle-10;Muscle-11;Muscle-12;Muscle-13;Muscle-14;Muscle-15;Muscle-16;Muscle-17;Muscle-18;Muscle-19;Muscle-20,Muscle-03,19,1
Human,ATP0.1,random_seeded,2,Muscle-04,Muscle-01;Muscle-02;Muscle-03;Muscle-05;Muscle-06;Muscle-07;Muscle-08;Muscle-09;Muscle-10;Muscle-11;Muscle-12;Muscle-13;Muscle-14;Muscle-15;Muscle-16;Muscle-17;Muscle-18;Muscle-19;Muscle-20,Muscle-04,19,1
Human,ATP0.1,random_seeded,2,Muscle-05,Muscle-01;Muscle-02;Muscle-03;Muscle-04;Muscle-06;Muscle-07;Muscle-08;Muscle-09;Muscle-10;Muscle-11;Muscle-12;Muscle-13;Muscle-14;Muscle-15;Muscle-16;Muscle-17;Muscle-18;Muscle-19;Muscle-20,Muscle-05,19,1
Human,ATP0.1,random_seeded,2,Muscle-06,Muscle-01;Muscle-02;Muscle-03;Muscle-04;Muscle-05;Muscle-07;Muscle-08;Muscle-09;Muscle-10;Muscle-11;Muscle-12;Muscle-13;Muscle-14;Muscle-15;Muscle-16;Muscle-17;Muscle-18;Muscle-19;Muscle-20,Muscle-06,19,1
Human,ATP0.1,random_seeded,2,Muscle-07,Muscle-01;Muscle-02;Muscle-03;Muscle-04;Muscle-05;Muscle-06;Muscle-08;Muscle-09;Muscle-10;Muscle-11;Muscle-12;Muscle-13;Muscle-14;Muscle-15;Muscle-16;Muscle-17;Muscle-18;Muscle-19;Muscle-20,Muscle-07,19,1
Human,ATP0.1,random_seeded,2,Muscle-08,Muscle-01;Muscle-02;Muscle-03;Muscle-04;Muscle-05;Muscle-06;Muscle-07;Muscle-09;Muscle-10;Muscle-11;Muscle-12;Muscle-13;Muscle-14;Muscle-15;Muscle-16;Muscle-17;Muscle-18;Muscle-19;Muscle-20,Muscle-08,19,1
Human,ATP0.1,random_seeded,2,Muscle-09,Muscle-01;Muscle-02;Muscle-03;Muscle-04;Muscle-05;Muscle-06;Muscle-07;Muscle-08;Muscle-10;Muscle-11;Muscle-12;Muscle-13;Muscle-14;Muscle-15;Muscle-16;Muscle-17;Muscle-18;Muscle-19;Muscle-20,Muscle-09,19,1
Human,ATP0.1,random_seeded,2,Muscle-10,Muscle-01;Muscle-02;Muscle-03;Muscle-04;Muscle-05;Muscle-06;Muscle-07;Muscle-08;Muscle-09;Muscle-11;Muscle-12;Muscle-13;Muscle-14;Muscle-15;Muscle-16;Muscle-17;Muscle-18;Muscle-19;Muscle-20,Muscle-10,19,1
Human,ATP0.1,random_seeded,2,Muscle-11,Muscle-01;Muscle-02;Muscle-03;Muscle-04;Muscle-05;Muscle-06;Muscle-07;Muscle-08;Muscle-09;Muscle-10;Muscle-12;Muscle-13;Muscle-14;Muscle-15;Muscle-16;Muscle-17;Muscle-18;Muscle-19;Muscle-20,Muscle-11,19,1
Human,ATP0.1,random_seeded,2,Muscle-12,Muscle-01;Muscle-02;Muscle-03;Muscle-04;Muscle-05;Muscle-06;Muscle-07;Muscle-08;Muscle-09;Muscle-10;Muscle-11;Muscle-13;Muscle-14;Muscle-15;Muscle-16;Muscle-17;Muscle-18;Muscle-19;Muscle-20,Muscle-12,19,1
Human,ATP0.1,random_seeded,2,Muscle-13,Muscle-01;Muscle-02;Muscle-03;Muscle-04;Muscle-05;Muscle-06;Muscle-07;Muscle-08;Muscle-09;Muscle-10;Muscle-11;Muscle-12;Muscle-14;Muscle-15;Muscle-16;Muscle-17;Muscle-18;Muscle-19;Muscle-20,Muscle-13,19,1
Human,ATP0.1,random_seeded,2,Muscle-14,Muscle-01;Muscle-02;Muscle-03;Muscle-04;Muscle-05;Muscle-06;Muscle-07;Muscle-08;Muscle-09;Muscle-10;Muscle-11;Muscle-12;Muscle-13;Muscle-15;Muscle-16;Muscle-17;Muscle-18;Muscle-19;Muscle-20,Muscle-14,19,1
Human,ATP0.1,random_seeded,2,Muscle-15,Muscle-01;Muscle-02;Muscle-03;Muscle-04;Muscle-05;Muscle-06;Muscle-07;Muscle-08;Muscle-09;Muscle-10;Muscle-11;Muscle-12;Muscle-13;Muscle-14;Muscle-16;Muscle-17;Muscle-18;Muscle-19;Muscle-20,Muscle-15,19,1
Human,ATP0.1,random_seeded,2,Muscle-16,Muscle-01;Muscle-02;Muscle-03;Muscle-04;Muscle-05;Muscle-06;Muscle-07;Muscle-08;Muscle-09;Muscle-10;Muscle-11;Muscle-12;Muscle-13;Muscle-14;Muscle-15;Muscle-17;Muscle-18;Muscle-19;Muscle-20,Muscle-16,19,1
Human,ATP0.1,random_seeded,2,Muscle-17,Muscle-01;Muscle-02;Muscle-03;Muscle-04;Muscle-05;Muscle-06;Muscle-07;Muscle-08;Muscle-09;Muscle-10;Muscle-11;Muscle-12;Muscle-13;Muscle-14;Muscle-15;Muscle-16;Muscle-18;Muscle-19;Muscle-20,Muscle-17,19,1
Human,ATP0.1,random_seeded,2,Muscle-18,Muscle-01;Muscle-02;Muscle-03;Muscle-04;Muscle-05;Muscle-06;Muscle-07;Muscle-08;Muscle-09;Muscle-10;Muscle-11;Muscle-12;Muscle-13;Muscle-14;Muscle-15;Muscle-16;Muscle-17;Muscle-19;Muscle-20,Muscle-18,19,1
Human,ATP0.1,random_seeded,2,Muscle-19,Muscle-01;Muscle-02;Muscle-03;Muscle-04;Muscle-05;Muscle-06;Muscle-07;Muscle-08;Muscle-09;Muscle-10;Muscle-11;Muscle-12;Muscle-13;Muscle-14;Muscle-15;Muscle-16;Muscle-17;Muscle-18;Muscle-20,Muscle-19,19,1
Human,ATP0.1,random_seeded,2,Muscle-20,Muscle-01;Muscle-02;Muscle-03;Muscle-04;Muscle-05;Muscle-06;Muscle-07;Muscle-08;Muscle-09;Muscle-10;Muscle-11;Muscle-12;Muscle-13;Muscle-14;Muscle-15;Muscle-16;Muscle-17;Muscle-18;Muscle-19,Muscle-20,19,1
Human,ATP0.1,fixed_conventional,2,Muscle-01,Muscle-02;Muscle-03;Muscle-04;Muscle-05;Muscle-06;Muscle-07;Muscle-08;Muscle-09;Muscle-10;Muscle-11;Muscle-12;Muscle-13;Muscle-14;Muscle-15;Muscle-16;Muscle-17;Muscle-18;Muscle-19;Muscle-20,Muscle-01,19,1
Human,ATP0.1,fixed_conventional,2,Muscle-02,Muscle-01;Muscle-03;Muscle-04;Muscle-05;Muscle-06;Muscle-07;Muscle-08;Muscle-09;Muscle-10;Muscle-11;Muscle-12;Muscle-13;Muscle-14;Muscle-15;Muscle-16;Muscle-17;Muscle-18;Muscle-19;Muscle-20,Muscle-02,19,1
Human,ATP0.1,fixed_conventional,2,Muscle-03,Muscle-01;Muscle-02;Muscle-04;Muscle-05;Muscle-06;Muscle-07;Muscle-08;Muscle-09;Muscle-10;Muscle-11;Muscle-12;Muscle-13;Muscle-14;Muscle-15;Muscle-16;Muscle-17;Muscle-18;Muscle-19;Muscle-20,Muscle-03,19,1
Human,ATP0.1,fixed_conventional,2,Muscle-04,Muscle-01;Muscle-02;Muscle-03;Muscle-05;Muscle-06;Muscle-07;Muscle-08;Muscle-09;Muscle-10;Muscle-11;Muscle-12;Muscle-13;Muscle-14;Muscle-15;Muscle-16;Muscle-17;Muscle-18;Muscle-19;Muscle-20,Muscle-04,19,1
Human,ATP0.1,fixed_conventional,2,Muscle-05,Muscle-01;Muscle-02;Muscle-03;Muscle-04;Muscle-06;Muscle-07;Muscle-08;Muscle-09;Muscle-10;Muscle-11;Muscle-12;Muscle-13;Muscle-14;Muscle-15;Muscle-16;Muscle-17;Muscle-18;Muscle-19;Muscle-20,Muscle-05,19,1
Human,ATP0.1,fixed_conventional,2,Muscle-06,Muscle-01;Muscle-02;Muscle-03;Muscle-04;Muscle-05;Muscle-07;Muscle-08;Muscle-09;Muscle-10;Muscle-11;Muscle-12;Muscle-13;Muscle-14;Muscle-15;Muscle-16;Muscle-17;Muscle-18;Muscle-19;Muscle-20,Muscle-06,19,1
Human,ATP0.1,fixed_conventional,2,Muscle-07,Muscle-01;Muscle-02;Muscle-03;Muscle-04;Muscle-05;Muscle-06;Muscle-08;Muscle-09;Muscle-10;Muscle-11;Muscle-12;Muscle-13;Muscle-14;Muscle-15;Muscle-16;Muscle-17;Muscle-18;Muscle-19;Muscle-20,Muscle-07,19,1
Human,ATP0.1,fixed_conventional,2,Muscle-08,Muscle-01;Muscle-02;Muscle-03;Muscle-04;Muscle-05;Muscle-06;Muscle-07;Muscle-09;Muscle-10;Muscle-11;Muscle-12;Muscle-13;Muscle-14;Muscle-15;Muscle-16;Muscle-17;Muscle-18;Muscle-19;Muscle-20,Muscle-08,19,1
Human,ATP0.1,fixed_conventional,2,Muscle-09,Muscle-01;Muscle-02;Muscle-03;Muscle-04;Muscle-05;Muscle-06;Muscle-07;Muscle-08;Muscle-10;Muscle-11;Muscle-12;Muscle-13;Muscle-14;Muscle-15;Muscle-16;Muscle-17;Muscle-18;Muscle-19;Muscle-20,Muscle-09,19,1
Human,ATP0.1,fixed_conventional,2,Muscle-10,Muscle-01;Muscle-02;Muscle-03;Muscle-04;Muscle-05;Muscle-06;Muscle-07;Muscle-08;Muscle-09;Muscle-11;Muscle-12;Muscle-13;Muscle-14;Muscle-15;Muscle-16;Muscle-17;Muscle-18;Muscle-19;Muscle-20,Muscle-10,19,1
Human,ATP0.1,fixed_conventional,2,Muscle-11,Muscle-01;Muscle-02;Muscle-03;Muscle-04;Muscle-05;Muscle-06;Muscle-07;Muscle-08;Muscle-09;Muscle-10;Muscle-12;Muscle-13;Muscle-14;Muscle-15;Muscle-16;Muscle-17;Muscle-18;Muscle-19;Muscle-20,Muscle-11,19,1
Human,ATP0.1,fixed_conventional,2,Muscle-12,Muscle-01;Muscle-02;Muscle-03;Muscle-04;Muscle-05;Muscle-06;Muscle-07;Muscle-08;Muscle-09;Muscle-10;Muscle-11;Muscle-13;Muscle-14;Muscle-15;Muscle-16;Muscle-17;Muscle-18;Muscle-19;Muscle-20,Muscle-12,19,1
Human,ATP0.1,fixed_conventional,2,Muscle-13,Muscle-01;Muscle-02;Muscle-03;Muscle-04;Muscle-05;Muscle-06;Muscle-07;Muscle-08;Muscle-09;Muscle-10;Muscle-11;Muscle-12;Muscle-14;Muscle-15;Muscle-16;Muscle-17;Muscle-18;Muscle-19;Muscle-20,Muscle-13,19,1
Human,ATP0.1,fixed_conventional,2,Muscle-14,Muscle-01;Muscle-02;Muscle-03;Muscle-04;Muscle-05;Muscle-06;Muscle-07;Muscle-08;Muscle-09;Muscle-10;Muscle-11;Muscle-12;Muscle-13;Muscle-15;Muscle-16;Muscle-17;Muscle-18;Muscle-19;Muscle-20,Muscle-14,19,1
Human,ATP0.1,fixed_conventional,2,Muscle-15,Muscle-01;Muscle-02;Muscle-03;Muscle-04;Muscle-05;Muscle-06;Muscle-07;Muscle-08;Muscle-09;Muscle-10;Muscle-11;Muscle-12;Muscle-13;Muscle-14;Muscle-16;Muscle-17;Muscle-18;Muscle-19;Muscle-20,Muscle-15,19,1
Human,ATP0.1,fixed_conventional,2,Muscle-16,Muscle-01;Muscle-02;Muscle-03;Muscle-04;Muscle-05;Muscle-06;Muscle-07;Muscle-08;Muscle-09;Muscle-10;Muscle-11;Muscle-12;Muscle-13;Muscle-14;Muscle-15;Muscle-17;Muscle-18;Muscle-19;Muscle-20,Muscle-16,19,1
Human,ATP0.1,fixed_conventional,2,Muscle-17,Muscle-01;Muscle-02;Muscle-03;Muscle-04;Muscle-05;Muscle-06;Muscle-07;Muscle-08;Muscle-09;Muscle-10;Muscle-11;Muscle-12;Muscle-13;Muscle-14;Muscle-15;Muscle-16;Muscle-18;Muscle-19;Muscle-20,Muscle-17,19,1
Human,ATP0.1,fixed_conventional,2,Muscle-18,Muscle-01;Muscle-02;Muscle-03;Muscle-04;Muscle-05;Muscle-06;Muscle-07;Muscle-08;Muscle-09;Muscle-10;Muscle-11;Muscle-12;Muscle-13;Muscle-14;Muscle-15;Muscle-16;Muscle-17;Muscle-19;Muscle-20,Muscle-18,19,1
Human,ATP0.1,fixed_conventional,2,Muscle-19,Muscle-01;Muscle-02;Muscle-03;Muscle-04;Muscle-05;Muscle-06;Muscle-07;Muscle-08;Muscle-09;Muscle-10;Muscle-11;Muscle-12;Muscle-13;Muscle-14;Muscle-15;Muscle-16;Muscle-17;Muscle-18;Muscle-20,Muscle-19,19,1
Human,ATP0.1,fixed_conventional,2,Muscle-20,Muscle-01;Muscle-02;Muscle-03;Muscle-04;Muscle-05;Muscle-06;Muscle-07;Muscle-08;Muscle-09;Muscle-10;Muscle-11;Muscle-12;Muscle-13;Muscle-14;Muscle-15;Muscle-16;Muscle-17;Muscle-18;Muscle-19,Muscle-20,19,1
Human,ATP0.1,destination_nested_oracle,2,Muscle-01,Muscle-02;Muscle-03;Muscle-04;Muscle-05;Muscle-06;Muscle-07;Muscle-08;Muscle-09;Muscle-10;Muscle-11;Muscle-12;Muscle-13;Muscle-14;Muscle-15;Muscle-16;Muscle-17;Muscle-18;Muscle-19;Muscle-20,Muscle-01,19,1
Human,ATP0.1,destination_nested_oracle,2,Muscle-02,Muscle-01;Muscle-03;Muscle-04;Muscle-05;Muscle-06;Muscle-07;Muscle-08;Muscle-09;Muscle-10;Muscle-11;Muscle-12;Muscle-13;Muscle-14;Muscle-15;Muscle-16;Muscle-17;Muscle-18;Muscle-19;Muscle-20,Muscle-02,19,1
Human,ATP0.1,destination_nested_oracle,2,Muscle-03,Muscle-01;Muscle-02;Muscle-04;Muscle-05;Muscle-06;Muscle-07;Muscle-08;Muscle-09;Muscle-10;Muscle-11;Muscle-12;Muscle-13;Muscle-14;Muscle-15;Muscle-16;Muscle-17;Muscle-18;Muscle-19;Muscle-20,Muscle-03,19,1
Human,ATP0.1,destination_nested_oracle,2,Muscle-04,Muscle-01;Muscle-02;Muscle-03;Muscle-05;Muscle-06;Muscle-07;Muscle-08;Muscle-09;Muscle-10;Muscle-11;Muscle-12;Muscle-13;Muscle-14;Muscle-15;Muscle-16;Muscle-17;Muscle-18;Muscle-19;Muscle-20,Muscle-04,19,1
Human,ATP0.1,destination_nested_oracle,2,Muscle-05,Muscle-01;Muscle-02;Muscle-03;Muscle-04;Muscle-06;Muscle-07;Muscle-08;Muscle-09;Muscle-10;Muscle-11;Muscle-12;Muscle-13;Muscle-14;Muscle-15;Muscle-16;Muscle-17;Muscle-18;Muscle-19;Muscle-20,Muscle-05,19,1
Human,ATP0.1,destination_nested_oracle,2,Muscle-06,Muscle-01;Muscle-02;Muscle-03;Muscle-04;Muscle-05;Muscle-07;Muscle-08;Muscle-09;Muscle-10;Muscle-11;Muscle-12;Muscle-13;Muscle-14;Muscle-15;Muscle-16;Muscle-17;Muscle-18;Muscle-19;Muscle-20,Muscle-06,19,1
Human,ATP0.1,destination_nested_oracle,2,Muscle-07,Muscle-01;Muscle-02;Muscle-03;Muscle-04;Muscle-05;Muscle-06;Muscle-08;Muscle-09;Muscle-10;Muscle-11;Muscle-12;Muscle-13;Muscle-14;Muscle-15;Muscle-16;Muscle-17;Muscle-18;Muscle-19;Muscle-20,Muscle-07,19,1
Human,ATP0.1,destination_nested_oracle,2,Muscle-08,Muscle-01;Muscle-02;Muscle-03;Muscle-04;Muscle-05;Muscle-06;Muscle-07;Muscle-09;Muscle-10;Muscle-11;Muscle-12;Muscle-13;Muscle-14;Muscle-15;Muscle-16;Muscle-17;Muscle-18;Muscle-19;Muscle-20,Muscle-08,19,1
Human,ATP0.1,destination_nested_oracle,2,Muscle-09,Muscle-01;Muscle-02;Muscle-03;Muscle-04;Muscle-05;Muscle-06;Muscle-07;Muscle-08;Muscle-10;Muscle-11;Muscle-12;Muscle-13;Muscle-14;Muscle-15;Muscle-16;Muscle-17;Muscle-18;Muscle-19;Muscle-20,Muscle-09,19,1
Human,ATP0.1,destination_nested_oracle,2,Muscle-10,Muscle-01;Muscle-02;Muscle-03;Muscle-04;Muscle-05;Muscle-06;Muscle-07;Muscle-08;Muscle-09;Muscle-11;Muscle-12;Muscle-13;Muscle-14;Muscle-15;Muscle-16;Muscle-17;Muscle-18;Muscle-19;Muscle-20,Muscle-10,19,1
Human,ATP0.1,destination_nested_oracle,2,Muscle-11,Muscle-01;Muscle-02;Muscle-03;Muscle-04;Muscle-05;Muscle-06;Muscle-07;Muscle-08;Muscle-09;Muscle-10;Muscle-12;Muscle-13;Muscle-14;Muscle-15;Muscle-16;Muscle-17;Muscle-18;Muscle-19;Muscle-20,Muscle-11,19,1
Human,ATP0.1,destination_nested_oracle,2,Muscle-12,Muscle-01;Muscle-02;Muscle-03;Muscle-04;Muscle-05;Muscle-06;Muscle-07;Muscle-08;Muscle-09;Muscle-10;Muscle-11;Muscle-13;Muscle-14;Muscle-15;Muscle-16;Muscle-17;Muscle-18;Muscle-19;Muscle-20,Muscle-12,19,1
Human,ATP0.1,destination_nested_oracle,2,Muscle-13,Muscle-01;Muscle-02;Muscle-03;Muscle-04;Muscle-05;Muscle-06;Muscle-07;Muscle-08;Muscle-09;Muscle-10;Muscle-11;Muscle-12;Muscle-14;Muscle-15;Muscle-16;Muscle-17;Muscle-18;Muscle-19;Muscle-20,Muscle-13,19,1
Human,ATP0.1,destination_nested_oracle,2,Muscle-14,Muscle-01;Muscle-02;Muscle-03;Muscle-04;Muscle-05;Muscle-06;Muscle-07;Muscle-08;Muscle-09;Muscle-10;Muscle-11;Muscle-12;Muscle-13;Muscle-15;Muscle-16;Muscle-17;Muscle-18;Muscle-19;Muscle-20,Muscle-14,19,1
Human,ATP0.1,destination_nested_oracle,2,Muscle-15,Muscle-01;Muscle-02;Muscle-03;Muscle-04;Muscle-05;Muscle-06;Muscle-07;Muscle-08;Muscle-09;Muscle-10;Muscle-11;Muscle-12;Muscle-13;Muscle-14;Muscle-16;Muscle-17;Muscle-18;Muscle-19;Muscle-20,Muscle-15,19,1
Human,ATP0.1,destination_nested_oracle,2,Muscle-16,Muscle-01;Muscle-02;Muscle-03;Muscle-04;Muscle-05;Muscle-06;Muscle-07;Muscle-08;Muscle-09;Muscle-10;Muscle-11;Muscle-12;Muscle-13;Muscle-14;Muscle-15;Muscle-17;Muscle-18;Muscle-19;Muscle-20,Muscle-16,19,1
Human,ATP0.1,destination_nested_oracle,2,Muscle-17,Muscle-01;Muscle-02;Muscle-03;Muscle-04;Muscle-05;Muscle-06;Muscle-07;Muscle-08;Muscle-09;Muscle-10;Muscle-11;Muscle-12;Muscle-13;Muscle-14;Muscle-15;Muscle-16;Muscle-18;Muscle-19;Muscle-20,Muscle-17,19,1
Human,ATP0.1,destination_nested_oracle,2,Muscle-18,Muscle-01;Muscle-02;Muscle-03;Muscle-04;Muscle-05;Muscle-06;Muscle-07;Muscle-08;Muscle-09;Muscle-10;Muscle-11;Muscle-12;Muscle-13;Muscle-14;Muscle-15;Muscle-16;Muscle-17;Muscle-19;Muscle-20,Muscle-18,19,1
Human,ATP0.1,destination_nested_oracle,2,Muscle-19,Muscle-01;Muscle-02;Muscle-03;Muscle-04;Muscle-05;Muscle-06;Muscle-07;Muscle-08;Muscle-09;Muscle-10;Muscle-11;Muscle-12;Muscle-13;Muscle-14;Muscle-15;Muscle-16;Muscle-17;Muscle-18;Muscle-20,Muscle-19,19,1
Human,ATP0.1,destination_nested_oracle,2,Muscle-20,Muscle-01;Muscle-02;Muscle-03;Muscle-04;Muscle-05;Muscle-06;Muscle-07;Muscle-08;Muscle-09;Muscle-10;Muscle-11;Muscle-12;Muscle-13;Muscle-14;Muscle-15;Muscle-16;Muscle-17;Muscle-18;Muscle-19,Muscle-20,19,1
Human,ATP0.1,rat_K_target,3,Muscle-01,Muscle-02;Muscle-03;Muscle-04;Muscle-05;Muscle-06;Muscle-07;Muscle-08;Muscle-09;Muscle-10;Muscle-11;Muscle-12;Muscle-13;Muscle-14;Muscle-15;Muscle-16;Muscle-17;Muscle-18;Muscle-19;Muscle-20,Muscle-01,19,1
Human,ATP0.1,rat_K_target,3,Muscle-02,Muscle-01;Muscle-03;Muscle-04;Muscle-05;Muscle-06;Muscle-07;Muscle-08;Muscle-09;Muscle-10;Muscle-11;Muscle-12;Muscle-13;Muscle-14;Muscle-15;Muscle-16;Muscle-17;Muscle-18;Muscle-19;Muscle-20,Muscle-02,19,1
Human,ATP0.1,rat_K_target,3,Muscle-03,Muscle-01;Muscle-02;Muscle-04;Muscle-05;Muscle-06;Muscle-07;Muscle-08;Muscle-09;Muscle-10;Muscle-11;Muscle-12;Muscle-13;Muscle-14;Muscle-15;Muscle-16;Muscle-17;Muscle-18;Muscle-19;Muscle-20,Muscle-03,19,1
Human,ATP0.1,rat_K_target,3,Muscle-04,Muscle-01;Muscle-02;Muscle-03;Muscle-05;Muscle-06;Muscle-07;Muscle-08;Muscle-09;Muscle-10;Muscle-11;Muscle-12;Muscle-13;Muscle-14;Muscle-15;Muscle-16;Muscle-17;Muscle-18;Muscle-19;Muscle-20,Muscle-04,19,1
Human,ATP0.1,rat_K_target,3,Muscle-05,Muscle-01;Muscle-02;Muscle-03;Muscle-04;Muscle-06;Muscle-07;Muscle-08;Muscle-09;Muscle-10;Muscle-11;Muscle-12;Muscle-13;Muscle-14;Muscle-15;Muscle-16;Muscle-17;Muscle-18;Muscle-19;Muscle-20,Muscle-05,19,1
Human,ATP0.1,rat_K_target,3,Muscle-06,Muscle-01;Muscle-02;Muscle-03;Muscle-04;Muscle-05;Muscle-07;Muscle-08;Muscle-09;Muscle-10;Muscle-11;Muscle-12;Muscle-13;Muscle-14;Muscle-15;Muscle-16;Muscle-17;Muscle-18;Muscle-19;Muscle-20,Muscle-06,19,1
Human,ATP0.1,rat_K_target,3,Muscle-07,Muscle-01;Muscle-02;Muscle-03;Muscle-04;Muscle-05;Muscle-06;Muscle-08;Muscle-09;Muscle-10;Muscle-11;Muscle-12;Muscle-13;Muscle-14;Muscle-15;Muscle-16;Muscle-17;Muscle-18;Muscle-19;Muscle-20,Muscle-07,19,1
Human,ATP0.1,rat_K_target,3,Muscle-08,Muscle-01;Muscle-02;Muscle-03;Muscle-04;Muscle-05;Muscle-06;Muscle-07;Muscle-09;Muscle-10;Muscle-11;Muscle-12;Muscle-13;Muscle-14;Muscle-15;Muscle-16;Muscle-17;Muscle-18;Muscle-19;Muscle-20,Muscle-08,19,1
Human,ATP0.1,rat_K_target,3,Muscle-09,Muscle-01;Muscle-02;Muscle-03;Muscle-04;Muscle-05;Muscle-06;Muscle-07;Muscle-08;Muscle-10;Muscle-11;Muscle-12;Muscle-13;Muscle-14;Muscle-15;Muscle-16;Muscle-17;Muscle-18;Muscle-19;Muscle-20,Muscle-09,19,1
Human,ATP0.1,rat_K_target,3,Muscle-10,Muscle-01;Muscle-02;Muscle-03;Muscle-04;Muscle-05;Muscle-06;Muscle-07;Muscle-08;Muscle-09;Muscle-11;Muscle-12;Muscle-13;Muscle-14;Muscle-15;Muscle-16;Muscle-17;Muscle-18;Muscle-19;Muscle-20,Muscle-10,19,1
Human,ATP0.1,rat_K_target,3,Muscle-11,Muscle-01;Muscle-02;Muscle-03;Muscle-04;Muscle-05;Muscle-06;Muscle-07;Muscle-08;Muscle-09;Muscle-10;Muscle-12;Muscle-13;Muscle-14;Muscle-15;Muscle-16;Muscle-17;Muscle-18;Muscle-19;Muscle-20,Muscle-11,19,1
Human,ATP0.1,rat_K_target,3,Muscle-12,Muscle-01;Muscle-02;Muscle-03;Muscle-04;Muscle-05;Muscle-06;Muscle-07;Muscle-08;Muscle-09;Muscle-10;Muscle-11;Muscle-13;Muscle-14;Muscle-15;Muscle-16;Muscle-17;Muscle-18;Muscle-19;Muscle-20,Muscle-12,19,1
Human,ATP0.1,rat_K_target,3,Muscle-13,Muscle-01;Muscle-02;Muscle-03;Muscle-04;Muscle-05;Muscle-06;Muscle-07;Muscle-08;Muscle-09;Muscle-10;Muscle-11;Muscle-12;Muscle-14;Muscle-15;Muscle-16;Muscle-17;Muscle-18;Muscle-19;Muscle-20,Muscle-13,19,1
Human,ATP0.1,rat_K_target,3,Muscle-14,Muscle-01;Muscle-02;Muscle-03;Muscle-04;Muscle-05;Muscle-06;Muscle-07;Muscle-08;Muscle-09;Muscle-10;Muscle-11;Muscle-12;Muscle-13;Muscle-15;Muscle-16;Muscle-17;Muscle-18;Muscle-19;Muscle-20,Muscle-14,19,1
Human,ATP0.1,rat_K_target,3,Muscle-15,Muscle-01;Muscle-02;Muscle-03;Muscle-04;Muscle-05;Muscle-06;Muscle-07;Muscle-08;Muscle-09;Muscle-10;Muscle-11;Muscle-12;Muscle-13;Muscle-14;Muscle-16;Muscle-17;Muscle-18;Muscle-19;Muscle-20,Muscle-15,19,1
Human,ATP0.1,rat_K_target,3,Muscle-16,Muscle-01;Muscle-02;Muscle-03;Muscle-04;Muscle-05;Muscle-06;Muscle-07;Muscle-08;Muscle-09;Muscle-10;Muscle-11;Muscle-12;Muscle-13;Muscle-14;Muscle-15;Muscle-17;Muscle-18;Muscle-19;Muscle-20,Muscle-16,19,1
Human,ATP0.1,rat_K_target,3,Muscle-17,Muscle-01;Muscle-02;Muscle-03;Muscle-04;Muscle-05;Muscle-06;Muscle-07;Muscle-08;Muscle-09;Muscle-10;Muscle-11;Muscle-12;Muscle-13;Muscle-14;Muscle-15;Muscle-16;Muscle-18;Muscle-19;Muscle-20,Muscle-17,19,1
Human,ATP0.1,rat_K_target,3,Muscle-18,Muscle-01;Muscle-02;Muscle-03;Muscle-04;Muscle-05;Muscle-06;Muscle-07;Muscle-08;Muscle-09;Muscle-10;Muscle-11;Muscle-12;Muscle-13;Muscle-14;Muscle-15;Muscle-16;Muscle-17;Muscle-19;Muscle-20,Muscle-18,19,1
Human,ATP0.1,rat_K_target,3,Muscle-19,Muscle-01;Muscle-02;Muscle-03;Muscle-04;Muscle-05;Muscle-06;Muscle-07;Muscle-08;Muscle-09;Muscle-10;Muscle-11;Muscle-12;Muscle-13;Muscle-14;Muscle-15;Muscle-16;Muscle-17;Muscle-18;Muscle-20,Muscle-19,19,1
Human,ATP0.1,rat_K_target,3,Muscle-20,Muscle-01;Muscle-02;Muscle-03;Muscle-04;Muscle-05;Muscle-06;Muscle-07;Muscle-08;Muscle-09;Muscle-10;Muscle-11;Muscle-12;Muscle-13;Muscle-14;Muscle-15;Muscle-16;Muscle-17;Muscle-18;Muscle-19,Muscle-20,19,1
Human,ATP0.1,rat_R_robust,3,Muscle-01,Muscle-02;Muscle-03;Muscle-04;Muscle-05;Muscle-06;Muscle-07;Muscle-08;Muscle-09;Muscle-10;Muscle-11;Muscle-12;Muscle-13;Muscle-14;Muscle-15;Muscle-16;Muscle-17;Muscle-18;Muscle-19;Muscle-20,Muscle-01,19,1
Human,ATP0.1,rat_R_robust,3,Muscle-02,Muscle-01;Muscle-03;Muscle-04;Muscle-05;Muscle-06;Muscle-07;Muscle-08;Muscle-09;Muscle-10;Muscle-11;Muscle-12;Muscle-13;Muscle-14;Muscle-15;Muscle-16;Muscle-17;Muscle-18;Muscle-19;Muscle-20,Muscle-02,19,1
Human,ATP0.1,rat_R_robust,3,Muscle-03,Muscle-01;Muscle-02;Muscle-04;Muscle-05;Muscle-06;Muscle-07;Muscle-08;Muscle-09;Muscle-10;Muscle-11;Muscle-12;Muscle-13;Muscle-14;Muscle-15;Muscle-16;Muscle-17;Muscle-18;Muscle-19;Muscle-20,Muscle-03,19,1
Human,ATP0.1,rat_R_robust,3,Muscle-04,Muscle-01;Muscle-02;Muscle-03;Muscle-05;Muscle-06;Muscle-07;Muscle-08;Muscle-09;Muscle-10;Muscle-11;Muscle-12;Muscle-13;Muscle-14;Muscle-15;Muscle-16;Muscle-17;Muscle-18;Muscle-19;Muscle-20,Muscle-04,19,1
Human,ATP0.1,rat_R_robust,3,Muscle-05,Muscle-01;Muscle-02;Muscle-03;Muscle-04;Muscle-06;Muscle-07;Muscle-08;Muscle-09;Muscle-10;Muscle-11;Muscle-12;Muscle-13;Muscle-14;Muscle-15;Muscle-16;Muscle-17;Muscle-18;Muscle-19;Muscle-20,Muscle-05,19,1
Human,ATP0.1,rat_R_robust,3,Muscle-06,Muscle-01;Muscle-02;Muscle-03;Muscle-04;Muscle-05;Muscle-07;Muscle-08;Muscle-09;Muscle-10;Muscle-11;Muscle-12;Muscle-13;Muscle-14;Muscle-15;Muscle-16;Muscle-17;Muscle-18;Muscle-19;Muscle-20,Muscle-06,19,1
Human,ATP0.1,rat_R_robust,3,Muscle-07,Muscle-01;Muscle-02;Muscle-03;Muscle-04;Muscle-05;Muscle-06;Muscle-08;Muscle-09;Muscle-10;Muscle-11;Muscle-12;Muscle-13;Muscle-14;Muscle-15;Muscle-16;Muscle-17;Muscle-18;Muscle-19;Muscle-20,Muscle-07,19,1
Human,ATP0.1,rat_R_robust,3,Muscle-08,Muscle-01;Muscle-02;Muscle-03;Muscle-04;Muscle-05;Muscle-06;Muscle-07;Muscle-09;Muscle-10;Muscle-11;Muscle-12;Muscle-13;Muscle-14;Muscle-15;Muscle-16;Muscle-17;Muscle-18;Muscle-19;Muscle-20,Muscle-08,19,1
Human,ATP0.1,rat_R_robust,3,Muscle-09,Muscle-01;Muscle-02;Muscle-03;Muscle-04;Muscle-05;Muscle-06;Muscle-07;Muscle-08;Muscle-10;Muscle-11;Muscle-12;Muscle-13;Muscle-14;Muscle-15;Muscle-16;Muscle-17;Muscle-18;Muscle-19;Muscle-20,Muscle-09,19,1
Human,ATP0.1,rat_R_robust,3,Muscle-10,Muscle-01;Muscle-02;Muscle-03;Muscle-04;Muscle-05;Muscle-06;Muscle-07;Muscle-08;Muscle-09;Muscle-11;Muscle-12;Muscle-13;Muscle-14;Muscle-15;Muscle-16;Muscle-17;Muscle-18;Muscle-19;Muscle-20,Muscle-10,19,1
Human,ATP0.1,rat_R_robust,3,Muscle-11,Muscle-01;Muscle-02;Muscle-03;Muscle-04;Muscle-05;Muscle-06;Muscle-07;Muscle-08;Muscle-09;Muscle-10;Muscle-12;Muscle-13;Muscle-14;Muscle-15;Muscle-16;Muscle-17;Muscle-18;Muscle-19;Muscle-20,Muscle-11,19,1
Human,ATP0.1,rat_R_robust,3,Muscle-12,Muscle-01;Muscle-02;Muscle-03;Muscle-04;Muscle-05;Muscle-06;Muscle-07;Muscle-08;Muscle-09;Muscle-10;Muscle-11;Muscle-13;Muscle-14;Muscle-15;Muscle-16;Muscle-17;Muscle-18;Muscle-19;Muscle-20,Muscle-12,19,1
Human,ATP0.1,rat_R_robust,3,Muscle-13,Muscle-01;Muscle-02;Muscle-03;Muscle-04;Muscle-05;Muscle-06;Muscle-07;Muscle-08;Muscle-09;Muscle-10;Muscle-11;Muscle-12;Muscle-14;Muscle-15;Muscle-16;Muscle-17;Muscle-18;Muscle-19;Muscle-20,Muscle-13,19,1
Human,ATP0.1,rat_R_robust,3,Muscle-14,Muscle-01;Muscle-02;Muscle-03;Muscle-04;Muscle-05;Muscle-06;Muscle-07;Muscle-08;Muscle-09;Muscle-10;Muscle-11;Muscle-12;Muscle-13;Muscle-15;Muscle-16;Muscle-17;Muscle-18;Muscle-19;Muscle-20,Muscle-14,19,1
Human,ATP0.1,rat_R_robust,3,Muscle-15,Muscle-01;Muscle-02;Muscle-03;Muscle-04;Muscle-05;Muscle-06;Muscle-07;Muscle-08;Muscle-09;Muscle-10;Muscle-11;Muscle-12;Muscle-13;Muscle-14;Muscle-16;Muscle-17;Muscle-18;Muscle-19;Muscle-20,Muscle-15,19,1
Human,ATP0.1,rat_R_robust,3,Muscle-16,Muscle-01;Muscle-02;Muscle-03;Muscle-04;Muscle-05;Muscle-06;Muscle-07;Muscle-08;Muscle-09;Muscle-10;Muscle-11;Muscle-12;Muscle-13;Muscle-14;Muscle-15;Muscle-17;Muscle-18;Muscle-19;Muscle-20,Muscle-16,19,1
Human,ATP0.1,rat_R_robust,3,Muscle-17,Muscle-01;Muscle-02;Muscle-03;Muscle-04;Muscle-05;Muscle-06;Muscle-07;Muscle-08;Muscle-09;Muscle-10;Muscle-11;Muscle-12;Muscle-13;Muscle-14;Muscle-15;Muscle-16;Muscle-18;Muscle-19;Muscle-20,Muscle-17,19,1
Human,ATP0.1,rat_R_robust,3,Muscle-18,Muscle-01;Muscle-02;Muscle-03;Muscle-04;Muscle-05;Muscle-06;Muscle-07;Muscle-08;Muscle-09;Muscle-10;Muscle-11;Muscle-12;Muscle-13;Muscle-14;Muscle-15;Muscle-16;Muscle-17;Muscle-19;Muscle-20,Muscle-18,19,1
Human,ATP0.1,rat_R_robust,3,Muscle-19,Muscle-01;Muscle-02;Muscle-03;Muscle-04;Muscle-05;Muscle-06;Muscle-07;Muscle-08;Muscle-09;Muscle-10;Muscle-11;Muscle-12;Muscle-13;Muscle-14;Muscle-15;Muscle-16;Muscle-17;Muscle-18;Muscle-20,Muscle-19,19,1
Human,ATP0.1,rat_R_robust,3,Muscle-20,Muscle-01;Muscle-02;Muscle-03;Muscle-04;Muscle-05;Muscle-06;Muscle-07;Muscle-08;Muscle-09;Muscle-10;Muscle-11;Muscle-12;Muscle-13;Muscle-14;Muscle-15;Muscle-16;Muscle-17;Muscle-18;Muscle-19,Muscle-20,19,1
Human,ATP0.1,rat_parameter_A,3,Muscle-01,Muscle-02;Muscle-03;Muscle-04;Muscle-05;Muscle-06;Muscle-07;Muscle-08;Muscle-09;Muscle-10;Muscle-11;Muscle-12;Muscle-13;Muscle-14;Muscle-15;Muscle-16;Muscle-17;Muscle-18;Muscle-19;Muscle-20,Muscle-01,19,1
Human,ATP0.1,rat_parameter_A,3,Muscle-02,Muscle-01;Muscle-03;Muscle-04;Muscle-05;Muscle-06;Muscle-07;Muscle-08;Muscle-09;Muscle-10;Muscle-11;Muscle-12;Muscle-13;Muscle-14;Muscle-15;Muscle-16;Muscle-17;Muscle-18;Muscle-19;Muscle-20,Muscle-02,19,1
Human,ATP0.1,rat_parameter_A,3,Muscle-03,Muscle-01;Muscle-02;Muscle-04;Muscle-05;Muscle-06;Muscle-07;Muscle-08;Muscle-09;Muscle-10;Muscle-11;Muscle-12;Muscle-13;Muscle-14;Muscle-15;Muscle-16;Muscle-17;Muscle-18;Muscle-19;Muscle-20,Muscle-03,19,1
Human,ATP0.1,rat_parameter_A,3,Muscle-04,Muscle-01;Muscle-02;Muscle-03;Muscle-05;Muscle-06;Muscle-07;Muscle-08;Muscle-09;Muscle-10;Muscle-11;Muscle-12;Muscle-13;Muscle-14;Muscle-15;Muscle-16;Muscle-17;Muscle-18;Muscle-19;Muscle-20,Muscle-04,19,1
Human,ATP0.1,rat_parameter_A,3,Muscle-05,Muscle-01;Muscle-02;Muscle-03;Muscle-04;Muscle-06;Muscle-07;Muscle-08;Muscle-09;Muscle-10;Muscle-11;Muscle-12;Muscle-13;Muscle-14;Muscle-15;Muscle-16;Muscle-17;Muscle-18;Muscle-19;Muscle-20,Muscle-05,19,1
Human,ATP0.1,rat_parameter_A,3,Muscle-06,Muscle-01;Muscle-02;Muscle-03;Muscle-04;Muscle-05;Muscle-07;Muscle-08;Muscle-09;Muscle-10;Muscle-11;Muscle-12;Muscle-13;Muscle-14;Muscle-15;Muscle-16;Muscle-17;Muscle-18;Muscle-19;Muscle-20,Muscle-06,19,1
Human,ATP0.1,rat_parameter_A,3,Muscle-07,Muscle-01;Muscle-02;Muscle-03;Muscle-04;Muscle-05;Muscle-06;Muscle-08;Muscle-09;Muscle-10;Muscle-11;Muscle-12;Muscle-13;Muscle-14;Muscle-15;Muscle-16;Muscle-17;Muscle-18;Muscle-19;Muscle-20,Muscle-07,19,1
Human,ATP0.1,rat_parameter_A,3,Muscle-08,Muscle-01;Muscle-02;Muscle-03;Muscle-04;Muscle-05;Muscle-06;Muscle-07;Muscle-09;Muscle-10;Muscle-11;Muscle-12;Muscle-13;Muscle-14;Muscle-15;Muscle-16;Muscle-17;Muscle-18;Muscle-19;Muscle-20,Muscle-08,19,1
Human,ATP0.1,rat_parameter_A,3,Muscle-09,Muscle-01;Muscle-02;Muscle-03;Muscle-04;Muscle-05;Muscle-06;Muscle-07;Muscle-08;Muscle-10;Muscle-11;Muscle-12;Muscle-13;Muscle-14;Muscle-15;Muscle-16;Muscle-17;Muscle-18;Muscle-19;Muscle-20,Muscle-09,19,1
Human,ATP0.1,rat_parameter_A,3,Muscle-10,Muscle-01;Muscle-02;Muscle-03;Muscle-04;Muscle-05;Muscle-06;Muscle-07;Muscle-08;Muscle-09;Muscle-11;Muscle-12;Muscle-13;Muscle-14;Muscle-15;Muscle-16;Muscle-17;Muscle-18;Muscle-19;Muscle-20,Muscle-10,19,1
Human,ATP0.1,rat_parameter_A,3,Muscle-11,Muscle-01;Muscle-02;Muscle-03;Muscle-04;Muscle-05;Muscle-06;Muscle-07;Muscle-08;Muscle-09;Muscle-10;Muscle-12;Muscle-13;Muscle-14;Muscle-15;Muscle-16;Muscle-17;Muscle-18;Muscle-19;Muscle-20,Muscle-11,19,1
Human,ATP0.1,rat_parameter_A,3,Muscle-12,Muscle-01;Muscle-02;Muscle-03;Muscle-04;Muscle-05;Muscle-06;Muscle-07;Muscle-08;Muscle-09;Muscle-10;Muscle-11;Muscle-13;Muscle-14;Muscle-15;Muscle-16;Muscle-17;Muscle-18;Muscle-19;Muscle-20,Muscle-12,19,1
Human,ATP0.1,rat_parameter_A,3,Muscle-13,Muscle-01;Muscle-02;Muscle-03;Muscle-04;Muscle-05;Muscle-06;Muscle-07;Muscle-08;Muscle-09;Muscle-10;Muscle-11;Muscle-12;Muscle-14;Muscle-15;Muscle-16;Muscle-17;Muscle-18;Muscle-19;Muscle-20,Muscle-13,19,1
Human,ATP0.1,rat_parameter_A,3,Muscle-14,Muscle-01;Muscle-02;Muscle-03;Muscle-04;Muscle-05;Muscle-06;Muscle-07;Muscle-08;Muscle-09;Muscle-10;Muscle-11;Muscle-12;Muscle-13;Muscle-15;Muscle-16;Muscle-17;Muscle-18;Muscle-19;Muscle-20,Muscle-14,19,1
Human,ATP0.1,rat_parameter_A,3,Muscle-15,Muscle-01;Muscle-02;Muscle-03;Muscle-04;Muscle-05;Muscle-06;Muscle-07;Muscle-08;Muscle-09;Muscle-10;Muscle-11;Muscle-12;Muscle-13;Muscle-14;Muscle-16;Muscle-17;Muscle-18;Muscle-19;Muscle-20,Muscle-15,19,1
Human,ATP0.1,rat_parameter_A,3,Muscle-16,Muscle-01;Muscle-02;Muscle-03;Muscle-04;Muscle-05;Muscle-06;Muscle-07;Muscle-08;Muscle-09;Muscle-10;Muscle-11;Muscle-12;Muscle-13;Muscle-14;Muscle-15;Muscle-17;Muscle-18;Muscle-19;Muscle-20,Muscle-16,19,1
Human,ATP0.1,rat_parameter_A,3,Muscle-17,Muscle-01;Muscle-02;Muscle-03;Muscle-04;Muscle-05;Muscle-06;Muscle-07;Muscle-08;Muscle-09;Muscle-10;Muscle-11;Muscle-12;Muscle-13;Muscle-14;Muscle-15;Muscle-16;Muscle-18;Muscle-19;Muscle-20,Muscle-17,19,1
Human,ATP0.1,rat_parameter_A,3,Muscle-18,Muscle-01;Muscle-02;Muscle-03;Muscle-04;Muscle-05;Muscle-06;Muscle-07;Muscle-08;Muscle-09;Muscle-10;Muscle-11;Muscle-12;Muscle-13;Muscle-14;Muscle-15;Muscle-16;Muscle-17;Muscle-19;Muscle-20,Muscle-18,19,1
Human,ATP0.1,rat_parameter_A,3,Muscle-19,Muscle-01;Muscle-02;Muscle-03;Muscle-04;Muscle-05;Muscle-06;Muscle-07;Muscle-08;Muscle-09;Muscle-10;Muscle-11;Muscle-12;Muscle-13;Muscle-14;Muscle-15;Muscle-16;Muscle-17;Muscle-18;Muscle-20,Muscle-19,19,1
Human,ATP0.1,rat_parameter_A,3,Muscle-20,Muscle-01;Muscle-02;Muscle-03;Muscle-04;Muscle-05;Muscle-06;Muscle-07;Muscle-08;Muscle-09;Muscle-10;Muscle-11;Muscle-12;Muscle-13;Muscle-14;Muscle-15;Muscle-16;Muscle-17;Muscle-18;Muscle-19,Muscle-20,19,1
Human,ATP0.1,human_ND_source,3,Muscle-01,Muscle-02;Muscle-03;Muscle-04;Muscle-05;Muscle-06;Muscle-07;Muscle-08;Muscle-09;Muscle-10;Muscle-11;Muscle-12;Muscle-13;Muscle-14;Muscle-15;Muscle-16;Muscle-17;Muscle-18;Muscle-19;Muscle-20,Muscle-01,19,1
Human,ATP0.1,human_ND_source,3,Muscle-02,Muscle-01;Muscle-03;Muscle-04;Muscle-05;Muscle-06;Muscle-07;Muscle-08;Muscle-09;Muscle-10;Muscle-11;Muscle-12;Muscle-13;Muscle-14;Muscle-15;Muscle-16;Muscle-17;Muscle-18;Muscle-19;Muscle-20,Muscle-02,19,1
Human,ATP0.1,human_ND_source,3,Muscle-03,Muscle-01;Muscle-02;Muscle-04;Muscle-05;Muscle-06;Muscle-07;Muscle-08;Muscle-09;Muscle-10;Muscle-11;Muscle-12;Muscle-13;Muscle-14;Muscle-15;Muscle-16;Muscle-17;Muscle-18;Muscle-19;Muscle-20,Muscle-03,19,1
Human,ATP0.1,human_ND_source,3,Muscle-04,Muscle-01;Muscle-02;Muscle-03;Muscle-05;Muscle-06;Muscle-07;Muscle-08;Muscle-09;Muscle-10;Muscle-11;Muscle-12;Muscle-13;Muscle-14;Muscle-15;Muscle-16;Muscle-17;Muscle-18;Muscle-19;Muscle-20,Muscle-04,19,1
Human,ATP0.1,human_ND_source,3,Muscle-05,Muscle-01;Muscle-02;Muscle-03;Muscle-04;Muscle-06;Muscle-07;Muscle-08;Muscle-09;Muscle-10;Muscle-11;Muscle-12;Muscle-13;Muscle-14;Muscle-15;Muscle-16;Muscle-17;Muscle-18;Muscle-19;Muscle-20,Muscle-05,19,1
Human,ATP0.1,human_ND_source,3,Muscle-06,Muscle-01;Muscle-02;Muscle-03;Muscle-04;Muscle-05;Muscle-07;Muscle-08;Muscle-09;Muscle-10;Muscle-11;Muscle-12;Muscle-13;Muscle-14;Muscle-15;Muscle-16;Muscle-17;Muscle-18;Muscle-19;Muscle-20,Muscle-06,19,1
Human,ATP0.1,human_ND_source,3,Muscle-07,Muscle-01;Muscle-02;Muscle-03;Muscle-04;Muscle-05;Muscle-06;Muscle-08;Muscle-09;Muscle-10;Muscle-11;Muscle-12;Muscle-13;Muscle-14;Muscle-15;Muscle-16;Muscle-17;Muscle-18;Muscle-19;Muscle-20,Muscle-07,19,1
Human,ATP0.1,human_ND_source,3,Muscle-08,Muscle-01;Muscle-02;Muscle-03;Muscle-04;Muscle-05;Muscle-06;Muscle-07;Muscle-09;Muscle-10;Muscle-11;Muscle-12;Muscle-13;Muscle-14;Muscle-15;Muscle-16;Muscle-17;Muscle-18;Muscle-19;Muscle-20,Muscle-08,19,1
Human,ATP0.1,human_ND_source,3,Muscle-09,Muscle-01;Muscle-02;Muscle-03;Muscle-04;Muscle-05;Muscle-06;Muscle-07;Muscle-08;Muscle-10;Muscle-11;Muscle-12;Muscle-13;Muscle-14;Muscle-15;Muscle-16;Muscle-17;Muscle-18;Muscle-19;Muscle-20,Muscle-09,19,1
Human,ATP0.1,human_ND_source,3,Muscle-10,Muscle-01;Muscle-02;Muscle-03;Muscle-04;Muscle-05;Muscle-06;Muscle-07;Muscle-08;Muscle-09;Muscle-11;Muscle-12;Muscle-13;Muscle-14;Muscle-15;Muscle-16;Muscle-17;Muscle-18;Muscle-19;Muscle-20,Muscle-10,19,1
Human,ATP0.1,human_ND_source,3,Muscle-11,Muscle-01;Muscle-02;Muscle-03;Muscle-04;Muscle-05;Muscle-06;Muscle-07;Muscle-08;Muscle-09;Muscle-10;Muscle-12;Muscle-13;Muscle-14;Muscle-15;Muscle-16;Muscle-17;Muscle-18;Muscle-19;Muscle-20,Muscle-11,19,1
Human,ATP0.1,human_ND_source,3,Muscle-12,Muscle-01;Muscle-02;Muscle-03;Muscle-04;Muscle-05;Muscle-06;Muscle-07;Muscle-08;Muscle-09;Muscle-10;Muscle-11;Muscle-13;Muscle-14;Muscle-15;Muscle-16;Muscle-17;Muscle-18;Muscle-19;Muscle-20,Muscle-12,19,1
Human,ATP0.1,human_ND_source,3,Muscle-13,Muscle-01;Muscle-02;Muscle-03;Muscle-04;Muscle-05;Muscle-06;Muscle-07;Muscle-08;Muscle-09;Muscle-10;Muscle-11;Muscle-12;Muscle-14;Muscle-15;Muscle-16;Muscle-17;Muscle-18;Muscle-19;Muscle-20,Muscle-13,19,1
Human,ATP0.1,human_ND_source,3,Muscle-14,Muscle-01;Muscle-02;Muscle-03;Muscle-04;Muscle-05;Muscle-06;Muscle-07;Muscle-08;Muscle-09;Muscle-10;Muscle-11;Muscle-12;Muscle-13;Muscle-15;Muscle-16;Muscle-17;Muscle-18;Muscle-19;Muscle-20,Muscle-14,19,1
Human,ATP0.1,human_ND_source,3,Muscle-15,Muscle-01;Muscle-02;Muscle-03;Muscle-04;Muscle-05;Muscle-06;Muscle-07;Muscle-08;Muscle-09;Muscle-10;Muscle-11;Muscle-12;Muscle-13;Muscle-14;Muscle-16;Muscle-17;Muscle-18;Muscle-19;Muscle-20,Muscle-15,19,1
Human,ATP0.1,human_ND_source,3,Muscle-16,Muscle-01;Muscle-02;Muscle-03;Muscle-04;Muscle-05;Muscle-06;Muscle-07;Muscle-08;Muscle-09;Muscle-10;Muscle-11;Muscle-12;Muscle-13;Muscle-14;Muscle-15;Muscle-17;Muscle-18;Muscle-19;Muscle-20,Muscle-16,19,1
Human,ATP0.1,human_ND_source,3,Muscle-17,Muscle-01;Muscle-02;Muscle-03;Muscle-04;Muscle-05;Muscle-06;Muscle-07;Muscle-08;Muscle-09;Muscle-10;Muscle-11;Muscle-12;Muscle-13;Muscle-14;Muscle-15;Muscle-16;Muscle-18;Muscle-19;Muscle-20,Muscle-17,19,1
Human,ATP0.1,human_ND_source,3,Muscle-18,Muscle-01;Muscle-02;Muscle-03;Muscle-04;Muscle-05;Muscle-06;Muscle-07;Muscle-08;Muscle-09;Muscle-10;Muscle-11;Muscle-12;Muscle-13;Muscle-14;Muscle-15;Muscle-16;Muscle-17;Muscle-19;Muscle-20,Muscle-18,19,1
Human,ATP0.1,human_ND_source,3,Muscle-19,Muscle-01;Muscle-02;Muscle-03;Muscle-04;Muscle-05;Muscle-06;Muscle-07;Muscle-08;Muscle-09;Muscle-10;Muscle-11;Muscle-12;Muscle-13;Muscle-14;Muscle-15;Muscle-16;Muscle-17;Muscle-18;Muscle-20,Muscle-19,19,1
Human,ATP0.1,human_ND_source,3,Muscle-20,Muscle-01;Muscle-02;Muscle-03;Muscle-04;Muscle-05;Muscle-06;Muscle-07;Muscle-08;Muscle-09;Muscle-10;Muscle-11;Muscle-12;Muscle-13;Muscle-14;Muscle-15;Muscle-16;Muscle-17;Muscle-18;Muscle-19,Muscle-20,19,1
Human,ATP0.1,random_seeded,3,Muscle-01,Muscle-02;Muscle-03;Muscle-04;Muscle-05;Muscle-06;Muscle-07;Muscle-08;Muscle-09;Muscle-10;Muscle-11;Muscle-12;Muscle-13;Muscle-14;Muscle-15;Muscle-16;Muscle-17;Muscle-18;Muscle-19;Muscle-20,Muscle-01,19,1
Human,ATP0.1,random_seeded,3,Muscle-02,Muscle-01;Muscle-03;Muscle-04;Muscle-05;Muscle-06;Muscle-07;Muscle-08;Muscle-09;Muscle-10;Muscle-11;Muscle-12;Muscle-13;Muscle-14;Muscle-15;Muscle-16;Muscle-17;Muscle-18;Muscle-19;Muscle-20,Muscle-02,19,1
Human,ATP0.1,random_seeded,3,Muscle-03,Muscle-01;Muscle-02;Muscle-04;Muscle-05;Muscle-06;Muscle-07;Muscle-08;Muscle-09;Muscle-10;Muscle-11;Muscle-12;Muscle-13;Muscle-14;Muscle-15;Muscle-16;Muscle-17;Muscle-18;Muscle-19;Muscle-20,Muscle-03,19,1
Human,ATP0.1,random_seeded,3,Muscle-04,Muscle-01;Muscle-02;Muscle-03;Muscle-05;Muscle-06;Muscle-07;Muscle-08;Muscle-09;Muscle-10;Muscle-11;Muscle-12;Muscle-13;Muscle-14;Muscle-15;Muscle-16;Muscle-17;Muscle-18;Muscle-19;Muscle-20,Muscle-04,19,1
Human,ATP0.1,random_seeded,3,Muscle-05,Muscle-01;Muscle-02;Muscle-03;Muscle-04;Muscle-06;Muscle-07;Muscle-08;Muscle-09;Muscle-10;Muscle-11;Muscle-12;Muscle-13;Muscle-14;Muscle-15;Muscle-16;Muscle-17;Muscle-18;Muscle-19;Muscle-20,Muscle-05,19,1
Human,ATP0.1,random_seeded,3,Muscle-06,Muscle-01;Muscle-02;Muscle-03;Muscle-04;Muscle-05;Muscle-07;Muscle-08;Muscle-09;Muscle-10;Muscle-11;Muscle-12;Muscle-13;Muscle-14;Muscle-15;Muscle-16;Muscle-17;Muscle-18;Muscle-19;Muscle-20,Muscle-06,19,1
Human,ATP0.1,random_seeded,3,Muscle-07,Muscle-01;Muscle-02;Muscle-03;Muscle-04;Muscle-05;Muscle-06;Muscle-08;Muscle-09;Muscle-10;Muscle-11;Muscle-12;Muscle-13;Muscle-14;Muscle-15;Muscle-16;Muscle-17;Muscle-18;Muscle-19;Muscle-20,Muscle-07,19,1
Human,ATP0.1,random_seeded,3,Muscle-08,Muscle-01;Muscle-02;Muscle-03;Muscle-04;Muscle-05;Muscle-06;Muscle-07;Muscle-09;Muscle-10;Muscle-11;Muscle-12;Muscle-13;Muscle-14;Muscle-15;Muscle-16;Muscle-17;Muscle-18;Muscle-19;Muscle-20,Muscle-08,19,1
Human,ATP0.1,random_seeded,3,Muscle-09,Muscle-01;Muscle-02;Muscle-03;Muscle-04;Muscle-05;Muscle-06;Muscle-07;Muscle-08;Muscle-10;Muscle-11;Muscle-12;Muscle-13;Muscle-14;Muscle-15;Muscle-16;Muscle-17;Muscle-18;Muscle-19;Muscle-20,Muscle-09,19,1
Human,ATP0.1,random_seeded,3,Muscle-10,Muscle-01;Muscle-02;Muscle-03;Muscle-04;Muscle-05;Muscle-06;Muscle-07;Muscle-08;Muscle-09;Muscle-11;Muscle-12;Muscle-13;Muscle-14;Muscle-15;Muscle-16;Muscle-17;Muscle-18;Muscle-19;Muscle-20,Muscle-10,19,1
Human,ATP0.1,random_seeded,3,Muscle-11,Muscle-01;Muscle-02;Muscle-03;Muscle-04;Muscle-05;Muscle-06;Muscle-07;Muscle-08;Muscle-09;Muscle-10;Muscle-12;Muscle-13;Muscle-14;Muscle-15;Muscle-16;Muscle-17;Muscle-18;Muscle-19;Muscle-20,Muscle-11,19,1
Human,ATP0.1,random_seeded,3,Muscle-12,Muscle-01;Muscle-02;Muscle-03;Muscle-04;Muscle-05;Muscle-06;Muscle-07;Muscle-08;Muscle-09;Muscle-10;Muscle-11;Muscle-13;Muscle-14;Muscle-15;Muscle-16;Muscle-17;Muscle-18;Muscle-19;Muscle-20,Muscle-12,19,1
Human,ATP0.1,random_seeded,3,Muscle-13,Muscle-01;Muscle-02;Muscle-03;Muscle-04;Muscle-05;Muscle-06;Muscle-07;Muscle-08;Muscle-09;Muscle-10;Muscle-11;Muscle-12;Muscle-14;Muscle-15;Muscle-16;Muscle-17;Muscle-18;Muscle-19;Muscle-20,Muscle-13,19,1
Human,ATP0.1,random_seeded,3,Muscle-14,Muscle-01;Muscle-02;Muscle-03;Muscle-04;Muscle-05;Muscle-06;Muscle-07;Muscle-08;Muscle-09;Muscle-10;Muscle-11;Muscle-12;Muscle-13;Muscle-15;Muscle-16;Muscle-17;Muscle-18;Muscle-19;Muscle-20,Muscle-14,19,1
Human,ATP0.1,random_seeded,3,Muscle-15,Muscle-01;Muscle-02;Muscle-03;Muscle-04;Muscle-05;Muscle-06;Muscle-07;Muscle-08;Muscle-09;Muscle-10;Muscle-11;Muscle-12;Muscle-13;Muscle-14;Muscle-16;Muscle-17;Muscle-18;Muscle-19;Muscle-20,Muscle-15,19,1
Human,ATP0.1,random_seeded,3,Muscle-16,Muscle-01;Muscle-02;Muscle-03;Muscle-04;Muscle-05;Muscle-06;Muscle-07;Muscle-08;Muscle-09;Muscle-10;Muscle-11;Muscle-12;Muscle-13;Muscle-14;Muscle-15;Muscle-17;Muscle-18;Muscle-19;Muscle-20,Muscle-16,19,1
Human,ATP0.1,random_seeded,3,Muscle-17,Muscle-01;Muscle-02;Muscle-03;Muscle-04;Muscle-05;Muscle-06;Muscle-07;Muscle-08;Muscle-09;Muscle-10;Muscle-11;Muscle-12;Muscle-13;Muscle-14;Muscle-15;Muscle-16;Muscle-18;Muscle-19;Muscle-20,Muscle-17,19,1
Human,ATP0.1,random_seeded,3,Muscle-18,Muscle-01;Muscle-02;Muscle-03;Muscle-04;Muscle-05;Muscle-06;Muscle-07;Muscle-08;Muscle-09;Muscle-10;Muscle-11;Muscle-12;Muscle-13;Muscle-14;Muscle-15;Muscle-16;Muscle-17;Muscle-19;Muscle-20,Muscle-18,19,1
Human,ATP0.1,random_seeded,3,Muscle-19,Muscle-01;Muscle-02;Muscle-03;Muscle-04;Muscle-05;Muscle-06;Muscle-07;Muscle-08;Muscle-09;Muscle-10;Muscle-11;Muscle-12;Muscle-13;Muscle-14;Muscle-15;Muscle-16;Muscle-17;Muscle-18;Muscle-20,Muscle-19,19,1
Human,ATP0.1,random_seeded,3,Muscle-20,Muscle-01;Muscle-02;Muscle-03;Muscle-04;Muscle-05;Muscle-06;Muscle-07;Muscle-08;Muscle-09;Muscle-10;Muscle-11;Muscle-12;Muscle-13;Muscle-14;Muscle-15;Muscle-16;Muscle-17;Muscle-18;Muscle-19,Muscle-20,19,1
Human,ATP0.1,fixed_conventional,3,Muscle-01,Muscle-02;Muscle-03;Muscle-04;Muscle-05;Muscle-06;Muscle-07;Muscle-08;Muscle-09;Muscle-10;Muscle-11;Muscle-12;Muscle-13;Muscle-14;Muscle-15;Muscle-16;Muscle-17;Muscle-18;Muscle-19;Muscle-20,Muscle-01,19,1
Human,ATP0.1,fixed_conventional,3,Muscle-02,Muscle-01;Muscle-03;Muscle-04;Muscle-05;Muscle-06;Muscle-07;Muscle-08;Muscle-09;Muscle-10;Muscle-11;Muscle-12;Muscle-13;Muscle-14;Muscle-15;Muscle-16;Muscle-17;Muscle-18;Muscle-19;Muscle-20,Muscle-02,19,1
Human,ATP0.1,fixed_conventional,3,Muscle-03,Muscle-01;Muscle-02;Muscle-04;Muscle-05;Muscle-06;Muscle-07;Muscle-08;Muscle-09;Muscle-10;Muscle-11;Muscle-12;Muscle-13;Muscle-14;Muscle-15;Muscle-16;Muscle-17;Muscle-18;Muscle-19;Muscle-20,Muscle-03,19,1
Human,ATP0.1,fixed_conventional,3,Muscle-04,Muscle-01;Muscle-02;Muscle-03;Muscle-05;Muscle-06;Muscle-07;Muscle-08;Muscle-09;Muscle-10;Muscle-11;Muscle-12;Muscle-13;Muscle-14;Muscle-15;Muscle-16;Muscle-17;Muscle-18;Muscle-19;Muscle-20,Muscle-04,19,1
Human,ATP0.1,fixed_conventional,3,Muscle-05,Muscle-01;Muscle-02;Muscle-03;Muscle-04;Muscle-06;Muscle-07;Muscle-08;Muscle-09;Muscle-10;Muscle-11;Muscle-12;Muscle-13;Muscle-14;Muscle-15;Muscle-16;Muscle-17;Muscle-18;Muscle-19;Muscle-20,Muscle-05,19,1
Human,ATP0.1,fixed_conventional,3,Muscle-06,Muscle-01;Muscle-02;Muscle-03;Muscle-04;Muscle-05;Muscle-07;Muscle-08;Muscle-09;Muscle-10;Muscle-11;Muscle-12;Muscle-13;Muscle-14;Muscle-15;Muscle-16;Muscle-17;Muscle-18;Muscle-19;Muscle-20,Muscle-06,19,1
Human,ATP0.1,fixed_conventional,3,Muscle-07,Muscle-01;Muscle-02;Muscle-03;Muscle-04;Muscle-05;Muscle-06;Muscle-08;Muscle-09;Muscle-10;Muscle-11;Muscle-12;Muscle-13;Muscle-14;Muscle-15;Muscle-16;Muscle-17;Muscle-18;Muscle-19;Muscle-20,Muscle-07,19,1
Human,ATP0.1,fixed_conventional,3,Muscle-08,Muscle-01;Muscle-02;Muscle-03;Muscle-04;Muscle-05;Muscle-06;Muscle-07;Muscle-09;Muscle-10;Muscle-11;Muscle-12;Muscle-13;Muscle-14;Muscle-15;Muscle-16;Muscle-17;Muscle-18;Muscle-19;Muscle-20,Muscle-08,19,1
Human,ATP0.1,fixed_conventional,3,Muscle-09,Muscle-01;Muscle-02;Muscle-03;Muscle-04;Muscle-05;Muscle-06;Muscle-07;Muscle-08;Muscle-10;Muscle-11;Muscle-12;Muscle-13;Muscle-14;Muscle-15;Muscle-16;Muscle-17;Muscle-18;Muscle-19;Muscle-20,Muscle-09,19,1
Human,ATP0.1,fixed_conventional,3,Muscle-10,Muscle-01;Muscle-02;Muscle-03;Muscle-04;Muscle-05;Muscle-06;Muscle-07;Muscle-08;Muscle-09;Muscle-11;Muscle-12;Muscle-13;Muscle-14;Muscle-15;Muscle-16;Muscle-17;Muscle-18;Muscle-19;Muscle-20,Muscle-10,19,1
Human,ATP0.1,fixed_conventional,3,Muscle-11,Muscle-01;Muscle-02;Muscle-03;Muscle-04;Muscle-05;Muscle-06;Muscle-07;Muscle-08;Muscle-09;Muscle-10;Muscle-12;Muscle-13;Muscle-14;Muscle-15;Muscle-16;Muscle-17;Muscle-18;Muscle-19;Muscle-20,Muscle-11,19,1
Human,ATP0.1,fixed_conventional,3,Muscle-12,Muscle-01;Muscle-02;Muscle-03;Muscle-04;Muscle-05;Muscle-06;Muscle-07;Muscle-08;Muscle-09;Muscle-10;Muscle-11;Muscle-13;Muscle-14;Muscle-15;Muscle-16;Muscle-17;Muscle-18;Muscle-19;Muscle-20,Muscle-12,19,1
Human,ATP0.1,fixed_conventional,3,Muscle-13,Muscle-01;Muscle-02;Muscle-03;Muscle-04;Muscle-05;Muscle-06;Muscle-07;Muscle-08;Muscle-09;Muscle-10;Muscle-11;Muscle-12;Muscle-14;Muscle-15;Muscle-16;Muscle-17;Muscle-18;Muscle-19;Muscle-20,Muscle-13,19,1
Human,ATP0.1,fixed_conventional,3,Muscle-14,Muscle-01;Muscle-02;Muscle-03;Muscle-04;Muscle-05;Muscle-06;Muscle-07;Muscle-08;Muscle-09;Muscle-10;Muscle-11;Muscle-12;Muscle-13;Muscle-15;Muscle-16;Muscle-17;Muscle-18;Muscle-19;Muscle-20,Muscle-14,19,1
Human,ATP0.1,fixed_conventional,3,Muscle-15,Muscle-01;Muscle-02;Muscle-03;Muscle-04;Muscle-05;Muscle-06;Muscle-07;Muscle-08;Muscle-09;Muscle-10;Muscle-11;Muscle-12;Muscle-13;Muscle-14;Muscle-16;Muscle-17;Muscle-18;Muscle-19;Muscle-20,Muscle-15,19,1
Human,ATP0.1,fixed_conventional,3,Muscle-16,Muscle-01;Muscle-02;Muscle-03;Muscle-04;Muscle-05;Muscle-06;Muscle-07;Muscle-08;Muscle-09;Muscle-10;Muscle-11;Muscle-12;Muscle-13;Muscle-14;Muscle-15;Muscle-17;Muscle-18;Muscle-19;Muscle-20,Muscle-16,19,1
Human,ATP0.1,fixed_conventional,3,Muscle-17,Muscle-01;Muscle-02;Muscle-03;Muscle-04;Muscle-05;Muscle-06;Muscle-07;Muscle-08;Muscle-09;Muscle-10;Muscle-11;Muscle-12;Muscle-13;Muscle-14;Muscle-15;Muscle-16;Muscle-18;Muscle-19;Muscle-20,Muscle-17,19,1
Human,ATP0.1,fixed_conventional,3,Muscle-18,Muscle-01;Muscle-02;Muscle-03;Muscle-04;Muscle-05;Muscle-06;Muscle-07;Muscle-08;Muscle-09;Muscle-10;Muscle-11;Muscle-12;Muscle-13;Muscle-14;Muscle-15;Muscle-16;Muscle-17;Muscle-19;Muscle-20,Muscle-18,19,1
Human,ATP0.1,fixed_conventional,3,Muscle-19,Muscle-01;Muscle-02;Muscle-03;Muscle-04;Muscle-05;Muscle-06;Muscle-07;Muscle-08;Muscle-09;Muscle-10;Muscle-11;Muscle-12;Muscle-13;Muscle-14;Muscle-15;Muscle-16;Muscle-17;Muscle-18;Muscle-20,Muscle-19,19,1
Human,ATP0.1,fixed_conventional,3,Muscle-20,Muscle-01;Muscle-02;Muscle-03;Muscle-04;Muscle-05;Muscle-06;Muscle-07;Muscle-08;Muscle-09;Muscle-10;Muscle-11;Muscle-12;Muscle-13;Muscle-14;Muscle-15;Muscle-16;Muscle-17;Muscle-18;Muscle-19,Muscle-20,19,1
Human,ATP0.1,destination_nested_oracle,3,Muscle-01,Muscle-02;Muscle-03;Muscle-04;Muscle-05;Muscle-06;Muscle-07;Muscle-08;Muscle-09;Muscle-10;Muscle-11;Muscle-12;Muscle-13;Muscle-14;Muscle-15;Muscle-16;Muscle-17;Muscle-18;Muscle-19;Muscle-20,Muscle-01,19,1
Human,ATP0.1,destination_nested_oracle,3,Muscle-02,Muscle-01;Muscle-03;Muscle-04;Muscle-05;Muscle-06;Muscle-07;Muscle-08;Muscle-09;Muscle-10;Muscle-11;Muscle-12;Muscle-13;Muscle-14;Muscle-15;Muscle-16;Muscle-17;Muscle-18;Muscle-19;Muscle-20,Muscle-02,19,1
Human,ATP0.1,destination_nested_oracle,3,Muscle-03,Muscle-01;Muscle-02;Muscle-04;Muscle-05;Muscle-06;Muscle-07;Muscle-08;Muscle-09;Muscle-10;Muscle-11;Muscle-12;Muscle-13;Muscle-14;Muscle-15;Muscle-16;Muscle-17;Muscle-18;Muscle-19;Muscle-20,Muscle-03,19,1
Human,ATP0.1,destination_nested_oracle,3,Muscle-04,Muscle-01;Muscle-02;Muscle-03;Muscle-05;Muscle-06;Muscle-07;Muscle-08;Muscle-09;Muscle-10;Muscle-11;Muscle-12;Muscle-13;Muscle-14;Muscle-15;Muscle-16;Muscle-17;Muscle-18;Muscle-19;Muscle-20,Muscle-04,19,1
Human,ATP0.1,destination_nested_oracle,3,Muscle-05,Muscle-01;Muscle-02;Muscle-03;Muscle-04;Muscle-06;Muscle-07;Muscle-08;Muscle-09;Muscle-10;Muscle-11;Muscle-12;Muscle-13;Muscle-14;Muscle-15;Muscle-16;Muscle-17;Muscle-18;Muscle-19;Muscle-20,Muscle-05,19,1
Human,ATP0.1,destination_nested_oracle,3,Muscle-06,Muscle-01;Muscle-02;Muscle-03;Muscle-04;Muscle-05;Muscle-07;Muscle-08;Muscle-09;Muscle-10;Muscle-11;Muscle-12;Muscle-13;Muscle-14;Muscle-15;Muscle-16;Muscle-17;Muscle-18;Muscle-19;Muscle-20,Muscle-06,19,1
Human,ATP0.1,destination_nested_oracle,3,Muscle-07,Muscle-01;Muscle-02;Muscle-03;Muscle-04;Muscle-05;Muscle-06;Muscle-08;Muscle-09;Muscle-10;Muscle-11;Muscle-12;Muscle-13;Muscle-14;Muscle-15;Muscle-16;Muscle-17;Muscle-18;Muscle-19;Muscle-20,Muscle-07,19,1
Human,ATP0.1,destination_nested_oracle,3,Muscle-08,Muscle-01;Muscle-02;Muscle-03;Muscle-04;Muscle-05;Muscle-06;Muscle-07;Muscle-09;Muscle-10;Muscle-11;Muscle-12;Muscle-13;Muscle-14;Muscle-15;Muscle-16;Muscle-17;Muscle-18;Muscle-19;Muscle-20,Muscle-08,19,1
Human,ATP0.1,destination_nested_oracle,3,Muscle-09,Muscle-01;Muscle-02;Muscle-03;Muscle-04;Muscle-05;Muscle-06;Muscle-07;Muscle-08;Muscle-10;Muscle-11;Muscle-12;Muscle-13;Muscle-14;Muscle-15;Muscle-16;Muscle-17;Muscle-18;Muscle-19;Muscle-20,Muscle-09,19,1
Human,ATP0.1,destination_nested_oracle,3,Muscle-10,Muscle-01;Muscle-02;Muscle-03;Muscle-04;Muscle-05;Muscle-06;Muscle-07;Muscle-08;Muscle-09;Muscle-11;Muscle-12;Muscle-13;Muscle-14;Muscle-15;Muscle-16;Muscle-17;Muscle-18;Muscle-19;Muscle-20,Muscle-10,19,1
Human,ATP0.1,destination_nested_oracle,3,Muscle-11,Muscle-01;Muscle-02;Muscle-03;Muscle-04;Muscle-05;Muscle-06;Muscle-07;Muscle-08;Muscle-09;Muscle-10;Muscle-12;Muscle-13;Muscle-14;Muscle-15;Muscle-16;Muscle-17;Muscle-18;Muscle-19;Muscle-20,Muscle-11,19,1
Human,ATP0.1,destination_nested_oracle,3,Muscle-12,Muscle-01;Muscle-02;Muscle-03;Muscle-04;Muscle-05;Muscle-06;Muscle-07;Muscle-08;Muscle-09;Muscle-10;Muscle-11;Muscle-13;Muscle-14;Muscle-15;Muscle-16;Muscle-17;Muscle-18;Muscle-19;Muscle-20,Muscle-12,19,1
Human,ATP0.1,destination_nested_oracle,3,Muscle-13,Muscle-01;Muscle-02;Muscle-03;Muscle-04;Muscle-05;Muscle-06;Muscle-07;Muscle-08;Muscle-09;Muscle-10;Muscle-11;Muscle-12;Muscle-14;Muscle-15;Muscle-16;Muscle-17;Muscle-18;Muscle-19;Muscle-20,Muscle-13,19,1
Human,ATP0.1,destination_nested_oracle,3,Muscle-14,Muscle-01;Muscle-02;Muscle-03;Muscle-04;Muscle-05;Muscle-06;Muscle-07;Muscle-08;Muscle-09;Muscle-10;Muscle-11;Muscle-12;Muscle-13;Muscle-15;Muscle-16;Muscle-17;Muscle-18;Muscle-19;Muscle-20,Muscle-14,19,1
Human,ATP0.1,destination_nested_oracle,3,Muscle-15,Muscle-01;Muscle-02;Muscle-03;Muscle-04;Muscle-05;Muscle-06;Muscle-07;Muscle-08;Muscle-09;Muscle-10;Muscle-11;Muscle-12;Muscle-13;Muscle-14;Muscle-16;Muscle-17;Muscle-18;Muscle-19;Muscle-20,Muscle-15,19,1
Human,ATP0.1,destination_nested_oracle,3,Muscle-16,Muscle-01;Muscle-02;Muscle-03;Muscle-04;Muscle-05;Muscle-06;Muscle-07;Muscle-08;Muscle-09;Muscle-10;Muscle-11;Muscle-12;Muscle-13;Muscle-14;Muscle-15;Muscle-17;Muscle-18;Muscle-19;Muscle-20,Muscle-16,19,1
Human,ATP0.1,destination_nested_oracle,3,Muscle-17,Muscle-01;Muscle-02;Muscle-03;Muscle-04;Muscle-05;Muscle-06;Muscle-07;Muscle-08;Muscle-09;Muscle-10;Muscle-11;Muscle-12;Muscle-13;Muscle-14;Muscle-15;Muscle-16;Muscle-18;Muscle-19;Muscle-20,Muscle-17,19,1
Human,ATP0.1,destination_nested_oracle,3,Muscle-18,Muscle-01;Muscle-02;Muscle-03;Muscle-04;Muscle-05;Muscle-06;Muscle-07;Muscle-08;Muscle-09;Muscle-10;Muscle-11;Muscle-12;Muscle-13;Muscle-14;Muscle-15;Muscle-16;Muscle-17;Muscle-19;Muscle-20,Muscle-18,19,1
Human,ATP0.1,destination_nested_oracle,3,Muscle-19,Muscle-01;Muscle-02;Muscle-03;Muscle-04;Muscle-05;Muscle-06;Muscle-07;Muscle-08;Muscle-09;Muscle-10;Muscle-11;Muscle-12;Muscle-13;Muscle-14;Muscle-15;Muscle-16;Muscle-17;Muscle-18;Muscle-20,Muscle-19,19,1
Human,ATP0.1,destination_nested_oracle,3,Muscle-20,Muscle-01;Muscle-02;Muscle-03;Muscle-04;Muscle-05;Muscle-06;Muscle-07;Muscle-08;Muscle-09;Muscle-10;Muscle-11;Muscle-12;Muscle-13;Muscle-14;Muscle-15;Muscle-16;Muscle-17;Muscle-18;Muscle-19,Muscle-20,19,1
Human,ATP0.1,full_spectrum_reference,12,Muscle-01,Muscle-02;Muscle-03;Muscle-04;Muscle-05;Muscle-06;Muscle-07;Muscle-08;Muscle-09;Muscle-10;Muscle-11;Muscle-12;Muscle-13;Muscle-14;Muscle-15;Muscle-16;Muscle-17;Muscle-18;Muscle-19;Muscle-20,Muscle-01,19,1
Human,ATP0.1,full_spectrum_reference,12,Muscle-02,Muscle-01;Muscle-03;Muscle-04;Muscle-05;Muscle-06;Muscle-07;Muscle-08;Muscle-09;Muscle-10;Muscle-11;Muscle-12;Muscle-13;Muscle-14;Muscle-15;Muscle-16;Muscle-17;Muscle-18;Muscle-19;Muscle-20,Muscle-02,19,1
Human,ATP0.1,full_spectrum_reference,12,Muscle-03,Muscle-01;Muscle-02;Muscle-04;Muscle-05;Muscle-06;Muscle-07;Muscle-08;Muscle-09;Muscle-10;Muscle-11;Muscle-12;Muscle-13;Muscle-14;Muscle-15;Muscle-16;Muscle-17;Muscle-18;Muscle-19;Muscle-20,Muscle-03,19,1
Human,ATP0.1,full_spectrum_reference,12,Muscle-04,Muscle-01;Muscle-02;Muscle-03;Muscle-05;Muscle-06;Muscle-07;Muscle-08;Muscle-09;Muscle-10;Muscle-11;Muscle-12;Muscle-13;Muscle-14;Muscle-15;Muscle-16;Muscle-17;Muscle-18;Muscle-19;Muscle-20,Muscle-04,19,1
Human,ATP0.1,full_spectrum_reference,12,Muscle-05,Muscle-01;Muscle-02;Muscle-03;Muscle-04;Muscle-06;Muscle-07;Muscle-08;Muscle-09;Muscle-10;Muscle-11;Muscle-12;Muscle-13;Muscle-14;Muscle-15;Muscle-16;Muscle-17;Muscle-18;Muscle-19;Muscle-20,Muscle-05,19,1
Human,ATP0.1,full_spectrum_reference,12,Muscle-06,Muscle-01;Muscle-02;Muscle-03;Muscle-04;Muscle-05;Muscle-07;Muscle-08;Muscle-09;Muscle-10;Muscle-11;Muscle-12;Muscle-13;Muscle-14;Muscle-15;Muscle-16;Muscle-17;Muscle-18;Muscle-19;Muscle-20,Muscle-06,19,1
Human,ATP0.1,full_spectrum_reference,12,Muscle-07,Muscle-01;Muscle-02;Muscle-03;Muscle-04;Muscle-05;Muscle-06;Muscle-08;Muscle-09;Muscle-10;Muscle-11;Muscle-12;Muscle-13;Muscle-14;Muscle-15;Muscle-16;Muscle-17;Muscle-18;Muscle-19;Muscle-20,Muscle-07,19,1
Human,ATP0.1,full_spectrum_reference,12,Muscle-08,Muscle-01;Muscle-02;Muscle-03;Muscle-04;Muscle-05;Muscle-06;Muscle-07;Muscle-09;Muscle-10;Muscle-11;Muscle-12;Muscle-13;Muscle-14;Muscle-15;Muscle-16;Muscle-17;Muscle-18;Muscle-19;Muscle-20,Muscle-08,19,1
Human,ATP0.1,full_spectrum_reference,12,Muscle-09,Muscle-01;Muscle-02;Muscle-03;Muscle-04;Muscle-05;Muscle-06;Muscle-07;Muscle-08;Muscle-10;Muscle-11;Muscle-12;Muscle-13;Muscle-14;Muscle-15;Muscle-16;Muscle-17;Muscle-18;Muscle-19;Muscle-20,Muscle-09,19,1
Human,ATP0.1,full_spectrum_reference,12,Muscle-10,Muscle-01;Muscle-02;Muscle-03;Muscle-04;Muscle-05;Muscle-06;Muscle-07;Muscle-08;Muscle-09;Muscle-11;Muscle-12;Muscle-13;Muscle-14;Muscle-15;Muscle-16;Muscle-17;Muscle-18;Muscle-19;Muscle-20,Muscle-10,19,1
Human,ATP0.1,full_spectrum_reference,12,Muscle-11,Muscle-01;Muscle-02;Muscle-03;Muscle-04;Muscle-05;Muscle-06;Muscle-07;Muscle-08;Muscle-09;Muscle-10;Muscle-12;Muscle-13;Muscle-14;Muscle-15;Muscle-16;Muscle-17;Muscle-18;Muscle-19;Muscle-20,Muscle-11,19,1
Human,ATP0.1,full_spectrum_reference,12,Muscle-12,Muscle-01;Muscle-02;Muscle-03;Muscle-04;Muscle-05;Muscle-06;Muscle-07;Muscle-08;Muscle-09;Muscle-10;Muscle-11;Muscle-13;Muscle-14;Muscle-15;Muscle-16;Muscle-17;Muscle-18;Muscle-19;Muscle-20,Muscle-12,19,1
Human,ATP0.1,full_spectrum_reference,12,Muscle-13,Muscle-01;Muscle-02;Muscle-03;Muscle-04;Muscle-05;Muscle-06;Muscle-07;Muscle-08;Muscle-09;Muscle-10;Muscle-11;Muscle-12;Muscle-14;Muscle-15;Muscle-16;Muscle-17;Muscle-18;Muscle-19;Muscle-20,Muscle-13,19,1
Human,ATP0.1,full_spectrum_reference,12,Muscle-14,Muscle-01;Muscle-02;Muscle-03;Muscle-04;Muscle-05;Muscle-06;Muscle-07;Muscle-08;Muscle-09;Muscle-10;Muscle-11;Muscle-12;Muscle-13;Muscle-15;Muscle-16;Muscle-17;Muscle-18;Muscle-19;Muscle-20,Muscle-14,19,1
Human,ATP0.1,full_spectrum_reference,12,Muscle-15,Muscle-01;Muscle-02;Muscle-03;Muscle-04;Muscle-05;Muscle-06;Muscle-07;Muscle-08;Muscle-09;Muscle-10;Muscle-11;Muscle-12;Muscle-13;Muscle-14;Muscle-16;Muscle-17;Muscle-18;Muscle-19;Muscle-20,Muscle-15,19,1
Human,ATP0.1,full_spectrum_reference,12,Muscle-16,Muscle-01;Muscle-02;Muscle-03;Muscle-04;Muscle-05;Muscle-06;Muscle-07;Muscle-08;Muscle-09;Muscle-10;Muscle-11;Muscle-12;Muscle-13;Muscle-14;Muscle-15;Muscle-17;Muscle-18;Muscle-19;Muscle-20,Muscle-16,19,1
Human,ATP0.1,full_spectrum_reference,12,Muscle-17,Muscle-01;Muscle-02;Muscle-03;Muscle-04;Muscle-05;Muscle-06;Muscle-07;Muscle-08;Muscle-09;Muscle-10;Muscle-11;Muscle-12;Muscle-13;Muscle-14;Muscle-15;Muscle-16;Muscle-18;Muscle-19;Muscle-20,Muscle-17,19,1
Human,ATP0.1,full_spectrum_reference,12,Muscle-18,Muscle-01;Muscle-02;Muscle-03;Muscle-04;Muscle-05;Muscle-06;Muscle-07;Muscle-08;Muscle-09;Muscle-10;Muscle-11;Muscle-12;Muscle-13;Muscle-14;Muscle-15;Muscle-16;Muscle-17;Muscle-19;Muscle-20,Muscle-18,19,1
Human,ATP0.1,full_spectrum_reference,12,Muscle-19,Muscle-01;Muscle-02;Muscle-03;Muscle-04;Muscle-05;Muscle-06;Muscle-07;Muscle-08;Muscle-09;Muscle-10;Muscle-11;Muscle-12;Muscle-13;Muscle-14;Muscle-15;Muscle-16;Muscle-17;Muscle-18;Muscle-20,Muscle-19,19,1
Human,ATP0.1,full_spectrum_reference,12,Muscle-20,Muscle-01;Muscle-02;Muscle-03;Muscle-04;Muscle-05;Muscle-06;Muscle-07;Muscle-08;Muscle-09;Muscle-10;Muscle-11;Muscle-12;Muscle-13;Muscle-14;Muscle-15;Muscle-16;Muscle-17;Muscle-18;Muscle-19,Muscle-20,19,1
Human,ATP1,baseline_only,0,Muscle-01,Muscle-02;Muscle-03;Muscle-04;Muscle-05;Muscle-06;Muscle-07;Muscle-08;Muscle-09;Muscle-10;Muscle-11;Muscle-12;Muscle-13;Muscle-14;Muscle-15;Muscle-16;Muscle-17;Muscle-18;Muscle-19;Muscle-20,Muscle-01,19,1
Human,ATP1,baseline_only,0,Muscle-02,Muscle-01;Muscle-03;Muscle-04;Muscle-05;Muscle-06;Muscle-07;Muscle-08;Muscle-09;Muscle-10;Muscle-11;Muscle-12;Muscle-13;Muscle-14;Muscle-15;Muscle-16;Muscle-17;Muscle-18;Muscle-19;Muscle-20,Muscle-02,19,1
Human,ATP1,baseline_only,0,Muscle-03,Muscle-01;Muscle-02;Muscle-04;Muscle-05;Muscle-06;Muscle-07;Muscle-08;Muscle-09;Muscle-10;Muscle-11;Muscle-12;Muscle-13;Muscle-14;Muscle-15;Muscle-16;Muscle-17;Muscle-18;Muscle-19;Muscle-20,Muscle-03,19,1
Human,ATP1,baseline_only,0,Muscle-04,Muscle-01;Muscle-02;Muscle-03;Muscle-05;Muscle-06;Muscle-07;Muscle-08;Muscle-09;Muscle-10;Muscle-11;Muscle-12;Muscle-13;Muscle-14;Muscle-15;Muscle-16;Muscle-17;Muscle-18;Muscle-19;Muscle-20,Muscle-04,19,1
Human,ATP1,baseline_only,0,Muscle-05,Muscle-01;Muscle-02;Muscle-03;Muscle-04;Muscle-06;Muscle-07;Muscle-08;Muscle-09;Muscle-10;Muscle-11;Muscle-12;Muscle-13;Muscle-14;Muscle-15;Muscle-16;Muscle-17;Muscle-18;Muscle-19;Muscle-20,Muscle-05,19,1
Human,ATP1,baseline_only,0,Muscle-06,Muscle-01;Muscle-02;Muscle-03;Muscle-04;Muscle-05;Muscle-07;Muscle-08;Muscle-09;Muscle-10;Muscle-11;Muscle-12;Muscle-13;Muscle-14;Muscle-15;Muscle-16;Muscle-17;Muscle-18;Muscle-19;Muscle-20,Muscle-06,19,1
Human,ATP1,baseline_only,0,Muscle-07,Muscle-01;Muscle-02;Muscle-03;Muscle-04;Muscle-05;Muscle-06;Muscle-08;Muscle-09;Muscle-10;Muscle-11;Muscle-12;Muscle-13;Muscle-14;Muscle-15;Muscle-16;Muscle-17;Muscle-18;Muscle-19;Muscle-20,Muscle-07,19,1
Human,ATP1,baseline_only,0,Muscle-08,Muscle-01;Muscle-02;Muscle-03;Muscle-04;Muscle-05;Muscle-06;Muscle-07;Muscle-09;Muscle-10;Muscle-11;Muscle-12;Muscle-13;Muscle-14;Muscle-15;Muscle-16;Muscle-17;Muscle-18;Muscle-19;Muscle-20,Muscle-08,19,1
Human,ATP1,baseline_only,0,Muscle-09,Muscle-01;Muscle-02;Muscle-03;Muscle-04;Muscle-05;Muscle-06;Muscle-07;Muscle-08;Muscle-10;Muscle-11;Muscle-12;Muscle-13;Muscle-14;Muscle-15;Muscle-16;Muscle-17;Muscle-18;Muscle-19;Muscle-20,Muscle-09,19,1
Human,ATP1,baseline_only,0,Muscle-10,Muscle-01;Muscle-02;Muscle-03;Muscle-04;Muscle-05;Muscle-06;Muscle-07;Muscle-08;Muscle-09;Muscle-11;Muscle-12;Muscle-13;Muscle-14;Muscle-15;Muscle-16;Muscle-17;Muscle-18;Muscle-19;Muscle-20,Muscle-10,19,1
Human,ATP1,baseline_only,0,Muscle-11,Muscle-01;Muscle-02;Muscle-03;Muscle-04;Muscle-05;Muscle-06;Muscle-07;Muscle-08;Muscle-09;Muscle-10;Muscle-12;Muscle-13;Muscle-14;Muscle-15;Muscle-16;Muscle-17;Muscle-18;Muscle-19;Muscle-20,Muscle-11,19,1
Human,ATP1,baseline_only,0,Muscle-12,Muscle-01;Muscle-02;Muscle-03;Muscle-04;Muscle-05;Muscle-06;Muscle-07;Muscle-08;Muscle-09;Muscle-10;Muscle-11;Muscle-13;Muscle-14;Muscle-15;Muscle-16;Muscle-17;Muscle-18;Muscle-19;Muscle-20,Muscle-12,19,1
Human,ATP1,baseline_only,0,Muscle-13,Muscle-01;Muscle-02;Muscle-03;Muscle-04;Muscle-05;Muscle-06;Muscle-07;Muscle-08;Muscle-09;Muscle-10;Muscle-11;Muscle-12;Muscle-14;Muscle-15;Muscle-16;Muscle-17;Muscle-18;Muscle-19;Muscle-20,Muscle-13,19,1
Human,ATP1,baseline_only,0,Muscle-14,Muscle-01;Muscle-02;Muscle-03;Muscle-04;Muscle-05;Muscle-06;Muscle-07;Muscle-08;Muscle-09;Muscle-10;Muscle-11;Muscle-12;Muscle-13;Muscle-15;Muscle-16;Muscle-17;Muscle-18;Muscle-19;Muscle-20,Muscle-14,19,1
Human,ATP1,baseline_only,0,Muscle-15,Muscle-01;Muscle-02;Muscle-03;Muscle-04;Muscle-05;Muscle-06;Muscle-07;Muscle-08;Muscle-09;Muscle-10;Muscle-11;Muscle-12;Muscle-13;Muscle-14;Muscle-16;Muscle-17;Muscle-18;Muscle-19;Muscle-20,Muscle-15,19,1
Human,ATP1,baseline_only,0,Muscle-16,Muscle-01;Muscle-02;Muscle-03;Muscle-04;Muscle-05;Muscle-06;Muscle-07;Muscle-08;Muscle-09;Muscle-10;Muscle-11;Muscle-12;Muscle-13;Muscle-14;Muscle-15;Muscle-17;Muscle-18;Muscle-19;Muscle-20,Muscle-16,19,1
Human,ATP1,baseline_only,0,Muscle-17,Muscle-01;Muscle-02;Muscle-03;Muscle-04;Muscle-05;Muscle-06;Muscle-07;Muscle-08;Muscle-09;Muscle-10;Muscle-11;Muscle-12;Muscle-13;Muscle-14;Muscle-15;Muscle-16;Muscle-18;Muscle-19;Muscle-20,Muscle-17,19,1
Human,ATP1,baseline_only,0,Muscle-18,Muscle-01;Muscle-02;Muscle-03;Muscle-04;Muscle-05;Muscle-06;Muscle-07;Muscle-08;Muscle-09;Muscle-10;Muscle-11;Muscle-12;Muscle-13;Muscle-14;Muscle-15;Muscle-16;Muscle-17;Muscle-19;Muscle-20,Muscle-18,19,1
Human,ATP1,baseline_only,0,Muscle-19,Muscle-01;Muscle-02;Muscle-03;Muscle-04;Muscle-05;Muscle-06;Muscle-07;Muscle-08;Muscle-09;Muscle-10;Muscle-11;Muscle-12;Muscle-13;Muscle-14;Muscle-15;Muscle-16;Muscle-17;Muscle-18;Muscle-20,Muscle-19,19,1
Human,ATP1,baseline_only,0,Muscle-20,Muscle-01;Muscle-02;Muscle-03;Muscle-04;Muscle-05;Muscle-06;Muscle-07;Muscle-08;Muscle-09;Muscle-10;Muscle-11;Muscle-12;Muscle-13;Muscle-14;Muscle-15;Muscle-16;Muscle-17;Muscle-18;Muscle-19,Muscle-20,19,1
Human,ATP1,rat_K_target,1,Muscle-01,Muscle-02;Muscle-03;Muscle-04;Muscle-05;Muscle-06;Muscle-07;Muscle-08;Muscle-09;Muscle-10;Muscle-11;Muscle-12;Muscle-13;Muscle-14;Muscle-15;Muscle-16;Muscle-17;Muscle-18;Muscle-19;Muscle-20,Muscle-01,19,1
Human,ATP1,rat_K_target,1,Muscle-02,Muscle-01;Muscle-03;Muscle-04;Muscle-05;Muscle-06;Muscle-07;Muscle-08;Muscle-09;Muscle-10;Muscle-11;Muscle-12;Muscle-13;Muscle-14;Muscle-15;Muscle-16;Muscle-17;Muscle-18;Muscle-19;Muscle-20,Muscle-02,19,1
Human,ATP1,rat_K_target,1,Muscle-03,Muscle-01;Muscle-02;Muscle-04;Muscle-05;Muscle-06;Muscle-07;Muscle-08;Muscle-09;Muscle-10;Muscle-11;Muscle-12;Muscle-13;Muscle-14;Muscle-15;Muscle-16;Muscle-17;Muscle-18;Muscle-19;Muscle-20,Muscle-03,19,1
Human,ATP1,rat_K_target,1,Muscle-04,Muscle-01;Muscle-02;Muscle-03;Muscle-05;Muscle-06;Muscle-07;Muscle-08;Muscle-09;Muscle-10;Muscle-11;Muscle-12;Muscle-13;Muscle-14;Muscle-15;Muscle-16;Muscle-17;Muscle-18;Muscle-19;Muscle-20,Muscle-04,19,1
Human,ATP1,rat_K_target,1,Muscle-05,Muscle-01;Muscle-02;Muscle-03;Muscle-04;Muscle-06;Muscle-07;Muscle-08;Muscle-09;Muscle-10;Muscle-11;Muscle-12;Muscle-13;Muscle-14;Muscle-15;Muscle-16;Muscle-17;Muscle-18;Muscle-19;Muscle-20,Muscle-05,19,1
Human,ATP1,rat_K_target,1,Muscle-06,Muscle-01;Muscle-02;Muscle-03;Muscle-04;Muscle-05;Muscle-07;Muscle-08;Muscle-09;Muscle-10;Muscle-11;Muscle-12;Muscle-13;Muscle-14;Muscle-15;Muscle-16;Muscle-17;Muscle-18;Muscle-19;Muscle-20,Muscle-06,19,1
Human,ATP1,rat_K_target,1,Muscle-07,Muscle-01;Muscle-02;Muscle-03;Muscle-04;Muscle-05;Muscle-06;Muscle-08;Muscle-09;Muscle-10;Muscle-11;Muscle-12;Muscle-13;Muscle-14;Muscle-15;Muscle-16;Muscle-17;Muscle-18;Muscle-19;Muscle-20,Muscle-07,19,1
Human,ATP1,rat_K_target,1,Muscle-08,Muscle-01;Muscle-02;Muscle-03;Muscle-04;Muscle-05;Muscle-06;Muscle-07;Muscle-09;Muscle-10;Muscle-11;Muscle-12;Muscle-13;Muscle-14;Muscle-15;Muscle-16;Muscle-17;Muscle-18;Muscle-19;Muscle-20,Muscle-08,19,1
Human,ATP1,rat_K_target,1,Muscle-09,Muscle-01;Muscle-02;Muscle-03;Muscle-04;Muscle-05;Muscle-06;Muscle-07;Muscle-08;Muscle-10;Muscle-11;Muscle-12;Muscle-13;Muscle-14;Muscle-15;Muscle-16;Muscle-17;Muscle-18;Muscle-19;Muscle-20,Muscle-09,19,1
Human,ATP1,rat_K_target,1,Muscle-10,Muscle-01;Muscle-02;Muscle-03;Muscle-04;Muscle-05;Muscle-06;Muscle-07;Muscle-08;Muscle-09;Muscle-11;Muscle-12;Muscle-13;Muscle-14;Muscle-15;Muscle-16;Muscle-17;Muscle-18;Muscle-19;Muscle-20,Muscle-10,19,1
Human,ATP1,rat_K_target,1,Muscle-11,Muscle-01;Muscle-02;Muscle-03;Muscle-04;Muscle-05;Muscle-06;Muscle-07;Muscle-08;Muscle-09;Muscle-10;Muscle-12;Muscle-13;Muscle-14;Muscle-15;Muscle-16;Muscle-17;Muscle-18;Muscle-19;Muscle-20,Muscle-11,19,1
Human,ATP1,rat_K_target,1,Muscle-12,Muscle-01;Muscle-02;Muscle-03;Muscle-04;Muscle-05;Muscle-06;Muscle-07;Muscle-08;Muscle-09;Muscle-10;Muscle-11;Muscle-13;Muscle-14;Muscle-15;Muscle-16;Muscle-17;Muscle-18;Muscle-19;Muscle-20,Muscle-12,19,1
Human,ATP1,rat_K_target,1,Muscle-13,Muscle-01;Muscle-02;Muscle-03;Muscle-04;Muscle-05;Muscle-06;Muscle-07;Muscle-08;Muscle-09;Muscle-10;Muscle-11;Muscle-12;Muscle-14;Muscle-15;Muscle-16;Muscle-17;Muscle-18;Muscle-19;Muscle-20,Muscle-13,19,1
Human,ATP1,rat_K_target,1,Muscle-14,Muscle-01;Muscle-02;Muscle-03;Muscle-04;Muscle-05;Muscle-06;Muscle-07;Muscle-08;Muscle-09;Muscle-10;Muscle-11;Muscle-12;Muscle-13;Muscle-15;Muscle-16;Muscle-17;Muscle-18;Muscle-19;Muscle-20,Muscle-14,19,1
Human,ATP1,rat_K_target,1,Muscle-15,Muscle-01;Muscle-02;Muscle-03;Muscle-04;Muscle-05;Muscle-06;Muscle-07;Muscle-08;Muscle-09;Muscle-10;Muscle-11;Muscle-12;Muscle-13;Muscle-14;Muscle-16;Muscle-17;Muscle-18;Muscle-19;Muscle-20,Muscle-15,19,1
Human,ATP1,rat_K_target,1,Muscle-16,Muscle-01;Muscle-02;Muscle-03;Muscle-04;Muscle-05;Muscle-06;Muscle-07;Muscle-08;Muscle-09;Muscle-10;Muscle-11;Muscle-12;Muscle-13;Muscle-14;Muscle-15;Muscle-17;Muscle-18;Muscle-19;Muscle-20,Muscle-16,19,1
Human,ATP1,rat_K_target,1,Muscle-17,Muscle-01;Muscle-02;Muscle-03;Muscle-04;Muscle-05;Muscle-06;Muscle-07;Muscle-08;Muscle-09;Muscle-10;Muscle-11;Muscle-12;Muscle-13;Muscle-14;Muscle-15;Muscle-16;Muscle-18;Muscle-19;Muscle-20,Muscle-17,19,1
Human,ATP1,rat_K_target,1,Muscle-18,Muscle-01;Muscle-02;Muscle-03;Muscle-04;Muscle-05;Muscle-06;Muscle-07;Muscle-08;Muscle-09;Muscle-10;Muscle-11;Muscle-12;Muscle-13;Muscle-14;Muscle-15;Muscle-16;Muscle-17;Muscle-19;Muscle-20,Muscle-18,19,1
Human,ATP1,rat_K_target,1,Muscle-19,Muscle-01;Muscle-02;Muscle-03;Muscle-04;Muscle-05;Muscle-06;Muscle-07;Muscle-08;Muscle-09;Muscle-10;Muscle-11;Muscle-12;Muscle-13;Muscle-14;Muscle-15;Muscle-16;Muscle-17;Muscle-18;Muscle-20,Muscle-19,19,1
Human,ATP1,rat_K_target,1,Muscle-20,Muscle-01;Muscle-02;Muscle-03;Muscle-04;Muscle-05;Muscle-06;Muscle-07;Muscle-08;Muscle-09;Muscle-10;Muscle-11;Muscle-12;Muscle-13;Muscle-14;Muscle-15;Muscle-16;Muscle-17;Muscle-18;Muscle-19,Muscle-20,19,1
Human,ATP1,rat_R_robust,1,Muscle-01,Muscle-02;Muscle-03;Muscle-04;Muscle-05;Muscle-06;Muscle-07;Muscle-08;Muscle-09;Muscle-10;Muscle-11;Muscle-12;Muscle-13;Muscle-14;Muscle-15;Muscle-16;Muscle-17;Muscle-18;Muscle-19;Muscle-20,Muscle-01,19,1
Human,ATP1,rat_R_robust,1,Muscle-02,Muscle-01;Muscle-03;Muscle-04;Muscle-05;Muscle-06;Muscle-07;Muscle-08;Muscle-09;Muscle-10;Muscle-11;Muscle-12;Muscle-13;Muscle-14;Muscle-15;Muscle-16;Muscle-17;Muscle-18;Muscle-19;Muscle-20,Muscle-02,19,1
Human,ATP1,rat_R_robust,1,Muscle-03,Muscle-01;Muscle-02;Muscle-04;Muscle-05;Muscle-06;Muscle-07;Muscle-08;Muscle-09;Muscle-10;Muscle-11;Muscle-12;Muscle-13;Muscle-14;Muscle-15;Muscle-16;Muscle-17;Muscle-18;Muscle-19;Muscle-20,Muscle-03,19,1
Human,ATP1,rat_R_robust,1,Muscle-04,Muscle-01;Muscle-02;Muscle-03;Muscle-05;Muscle-06;Muscle-07;Muscle-08;Muscle-09;Muscle-10;Muscle-11;Muscle-12;Muscle-13;Muscle-14;Muscle-15;Muscle-16;Muscle-17;Muscle-18;Muscle-19;Muscle-20,Muscle-04,19,1
Human,ATP1,rat_R_robust,1,Muscle-05,Muscle-01;Muscle-02;Muscle-03;Muscle-04;Muscle-06;Muscle-07;Muscle-08;Muscle-09;Muscle-10;Muscle-11;Muscle-12;Muscle-13;Muscle-14;Muscle-15;Muscle-16;Muscle-17;Muscle-18;Muscle-19;Muscle-20,Muscle-05,19,1
Human,ATP1,rat_R_robust,1,Muscle-06,Muscle-01;Muscle-02;Muscle-03;Muscle-04;Muscle-05;Muscle-07;Muscle-08;Muscle-09;Muscle-10;Muscle-11;Muscle-12;Muscle-13;Muscle-14;Muscle-15;Muscle-16;Muscle-17;Muscle-18;Muscle-19;Muscle-20,Muscle-06,19,1
Human,ATP1,rat_R_robust,1,Muscle-07,Muscle-01;Muscle-02;Muscle-03;Muscle-04;Muscle-05;Muscle-06;Muscle-08;Muscle-09;Muscle-10;Muscle-11;Muscle-12;Muscle-13;Muscle-14;Muscle-15;Muscle-16;Muscle-17;Muscle-18;Muscle-19;Muscle-20,Muscle-07,19,1
Human,ATP1,rat_R_robust,1,Muscle-08,Muscle-01;Muscle-02;Muscle-03;Muscle-04;Muscle-05;Muscle-06;Muscle-07;Muscle-09;Muscle-10;Muscle-11;Muscle-12;Muscle-13;Muscle-14;Muscle-15;Muscle-16;Muscle-17;Muscle-18;Muscle-19;Muscle-20,Muscle-08,19,1
Human,ATP1,rat_R_robust,1,Muscle-09,Muscle-01;Muscle-02;Muscle-03;Muscle-04;Muscle-05;Muscle-06;Muscle-07;Muscle-08;Muscle-10;Muscle-11;Muscle-12;Muscle-13;Muscle-14;Muscle-15;Muscle-16;Muscle-17;Muscle-18;Muscle-19;Muscle-20,Muscle-09,19,1
Human,ATP1,rat_R_robust,1,Muscle-10,Muscle-01;Muscle-02;Muscle-03;Muscle-04;Muscle-05;Muscle-06;Muscle-07;Muscle-08;Muscle-09;Muscle-11;Muscle-12;Muscle-13;Muscle-14;Muscle-15;Muscle-16;Muscle-17;Muscle-18;Muscle-19;Muscle-20,Muscle-10,19,1
Human,ATP1,rat_R_robust,1,Muscle-11,Muscle-01;Muscle-02;Muscle-03;Muscle-04;Muscle-05;Muscle-06;Muscle-07;Muscle-08;Muscle-09;Muscle-10;Muscle-12;Muscle-13;Muscle-14;Muscle-15;Muscle-16;Muscle-17;Muscle-18;Muscle-19;Muscle-20,Muscle-11,19,1
Human,ATP1,rat_R_robust,1,Muscle-12,Muscle-01;Muscle-02;Muscle-03;Muscle-04;Muscle-05;Muscle-06;Muscle-07;Muscle-08;Muscle-09;Muscle-10;Muscle-11;Muscle-13;Muscle-14;Muscle-15;Muscle-16;Muscle-17;Muscle-18;Muscle-19;Muscle-20,Muscle-12,19,1
Human,ATP1,rat_R_robust,1,Muscle-13,Muscle-01;Muscle-02;Muscle-03;Muscle-04;Muscle-05;Muscle-06;Muscle-07;Muscle-08;Muscle-09;Muscle-10;Muscle-11;Muscle-12;Muscle-14;Muscle-15;Muscle-16;Muscle-17;Muscle-18;Muscle-19;Muscle-20,Muscle-13,19,1
Human,ATP1,rat_R_robust,1,Muscle-14,Muscle-01;Muscle-02;Muscle-03;Muscle-04;Muscle-05;Muscle-06;Muscle-07;Muscle-08;Muscle-09;Muscle-10;Muscle-11;Muscle-12;Muscle-13;Muscle-15;Muscle-16;Muscle-17;Muscle-18;Muscle-19;Muscle-20,Muscle-14,19,1
Human,ATP1,rat_R_robust,1,Muscle-15,Muscle-01;Muscle-02;Muscle-03;Muscle-04;Muscle-05;Muscle-06;Muscle-07;Muscle-08;Muscle-09;Muscle-10;Muscle-11;Muscle-12;Muscle-13;Muscle-14;Muscle-16;Muscle-17;Muscle-18;Muscle-19;Muscle-20,Muscle-15,19,1
Human,ATP1,rat_R_robust,1,Muscle-16,Muscle-01;Muscle-02;Muscle-03;Muscle-04;Muscle-05;Muscle-06;Muscle-07;Muscle-08;Muscle-09;Muscle-10;Muscle-11;Muscle-12;Muscle-13;Muscle-14;Muscle-15;Muscle-17;Muscle-18;Muscle-19;Muscle-20,Muscle-16,19,1
Human,ATP1,rat_R_robust,1,Muscle-17,Muscle-01;Muscle-02;Muscle-03;Muscle-04;Muscle-05;Muscle-06;Muscle-07;Muscle-08;Muscle-09;Muscle-10;Muscle-11;Muscle-12;Muscle-13;Muscle-14;Muscle-15;Muscle-16;Muscle-18;Muscle-19;Muscle-20,Muscle-17,19,1
Human,ATP1,rat_R_robust,1,Muscle-18,Muscle-01;Muscle-02;Muscle-03;Muscle-04;Muscle-05;Muscle-06;Muscle-07;Muscle-08;Muscle-09;Muscle-10;Muscle-11;Muscle-12;Muscle-13;Muscle-14;Muscle-15;Muscle-16;Muscle-17;Muscle-19;Muscle-20,Muscle-18,19,1
Human,ATP1,rat_R_robust,1,Muscle-19,Muscle-01;Muscle-02;Muscle-03;Muscle-04;Muscle-05;Muscle-06;Muscle-07;Muscle-08;Muscle-09;Muscle-10;Muscle-11;Muscle-12;Muscle-13;Muscle-14;Muscle-15;Muscle-16;Muscle-17;Muscle-18;Muscle-20,Muscle-19,19,1
Human,ATP1,rat_R_robust,1,Muscle-20,Muscle-01;Muscle-02;Muscle-03;Muscle-04;Muscle-05;Muscle-06;Muscle-07;Muscle-08;Muscle-09;Muscle-10;Muscle-11;Muscle-12;Muscle-13;Muscle-14;Muscle-15;Muscle-16;Muscle-17;Muscle-18;Muscle-19,Muscle-20,19,1
Human,ATP1,rat_parameter_A,1,Muscle-01,Muscle-02;Muscle-03;Muscle-04;Muscle-05;Muscle-06;Muscle-07;Muscle-08;Muscle-09;Muscle-10;Muscle-11;Muscle-12;Muscle-13;Muscle-14;Muscle-15;Muscle-16;Muscle-17;Muscle-18;Muscle-19;Muscle-20,Muscle-01,19,1
Human,ATP1,rat_parameter_A,1,Muscle-02,Muscle-01;Muscle-03;Muscle-04;Muscle-05;Muscle-06;Muscle-07;Muscle-08;Muscle-09;Muscle-10;Muscle-11;Muscle-12;Muscle-13;Muscle-14;Muscle-15;Muscle-16;Muscle-17;Muscle-18;Muscle-19;Muscle-20,Muscle-02,19,1
Human,ATP1,rat_parameter_A,1,Muscle-03,Muscle-01;Muscle-02;Muscle-04;Muscle-05;Muscle-06;Muscle-07;Muscle-08;Muscle-09;Muscle-10;Muscle-11;Muscle-12;Muscle-13;Muscle-14;Muscle-15;Muscle-16;Muscle-17;Muscle-18;Muscle-19;Muscle-20,Muscle-03,19,1
Human,ATP1,rat_parameter_A,1,Muscle-04,Muscle-01;Muscle-02;Muscle-03;Muscle-05;Muscle-06;Muscle-07;Muscle-08;Muscle-09;Muscle-10;Muscle-11;Muscle-12;Muscle-13;Muscle-14;Muscle-15;Muscle-16;Muscle-17;Muscle-18;Muscle-19;Muscle-20,Muscle-04,19,1
Human,ATP1,rat_parameter_A,1,Muscle-05,Muscle-01;Muscle-02;Muscle-03;Muscle-04;Muscle-06;Muscle-07;Muscle-08;Muscle-09;Muscle-10;Muscle-11;Muscle-12;Muscle-13;Muscle-14;Muscle-15;Muscle-16;Muscle-17;Muscle-18;Muscle-19;Muscle-20,Muscle-05,19,1
Human,ATP1,rat_parameter_A,1,Muscle-06,Muscle-01;Muscle-02;Muscle-03;Muscle-04;Muscle-05;Muscle-07;Muscle-08;Muscle-09;Muscle-10;Muscle-11;Muscle-12;Muscle-13;Muscle-14;Muscle-15;Muscle-16;Muscle-17;Muscle-18;Muscle-19;Muscle-20,Muscle-06,19,1
Human,ATP1,rat_parameter_A,1,Muscle-07,Muscle-01;Muscle-02;Muscle-03;Muscle-04;Muscle-05;Muscle-06;Muscle-08;Muscle-09;Muscle-10;Muscle-11;Muscle-12;Muscle-13;Muscle-14;Muscle-15;Muscle-16;Muscle-17;Muscle-18;Muscle-19;Muscle-20,Muscle-07,19,1
Human,ATP1,rat_parameter_A,1,Muscle-08,Muscle-01;Muscle-02;Muscle-03;Muscle-04;Muscle-05;Muscle-06;Muscle-07;Muscle-09;Muscle-10;Muscle-11;Muscle-12;Muscle-13;Muscle-14;Muscle-15;Muscle-16;Muscle-17;Muscle-18;Muscle-19;Muscle-20,Muscle-08,19,1
Human,ATP1,rat_parameter_A,1,Muscle-09,Muscle-01;Muscle-02;Muscle-03;Muscle-04;Muscle-05;Muscle-06;Muscle-07;Muscle-08;Muscle-10;Muscle-11;Muscle-12;Muscle-13;Muscle-14;Muscle-15;Muscle-16;Muscle-17;Muscle-18;Muscle-19;Muscle-20,Muscle-09,19,1
Human,ATP1,rat_parameter_A,1,Muscle-10,Muscle-01;Muscle-02;Muscle-03;Muscle-04;Muscle-05;Muscle-06;Muscle-07;Muscle-08;Muscle-09;Muscle-11;Muscle-12;Muscle-13;Muscle-14;Muscle-15;Muscle-16;Muscle-17;Muscle-18;Muscle-19;Muscle-20,Muscle-10,19,1
Human,ATP1,rat_parameter_A,1,Muscle-11,Muscle-01;Muscle-02;Muscle-03;Muscle-04;Muscle-05;Muscle-06;Muscle-07;Muscle-08;Muscle-09;Muscle-10;Muscle-12;Muscle-13;Muscle-14;Muscle-15;Muscle-16;Muscle-17;Muscle-18;Muscle-19;Muscle-20,Muscle-11,19,1
Human,ATP1,rat_parameter_A,1,Muscle-12,Muscle-01;Muscle-02;Muscle-03;Muscle-04;Muscle-05;Muscle-06;Muscle-07;Muscle-08;Muscle-09;Muscle-10;Muscle-11;Muscle-13;Muscle-14;Muscle-15;Muscle-16;Muscle-17;Muscle-18;Muscle-19;Muscle-20,Muscle-12,19,1
Human,ATP1,rat_parameter_A,1,Muscle-13,Muscle-01;Muscle-02;Muscle-03;Muscle-04;Muscle-05;Muscle-06;Muscle-07;Muscle-08;Muscle-09;Muscle-10;Muscle-11;Muscle-12;Muscle-14;Muscle-15;Muscle-16;Muscle-17;Muscle-18;Muscle-19;Muscle-20,Muscle-13,19,1
Human,ATP1,rat_parameter_A,1,Muscle-14,Muscle-01;Muscle-02;Muscle-03;Muscle-04;Muscle-05;Muscle-06;Muscle-07;Muscle-08;Muscle-09;Muscle-10;Muscle-11;Muscle-12;Muscle-13;Muscle-15;Muscle-16;Muscle-17;Muscle-18;Muscle-19;Muscle-20,Muscle-14,19,1
Human,ATP1,rat_parameter_A,1,Muscle-15,Muscle-01;Muscle-02;Muscle-03;Muscle-04;Muscle-05;Muscle-06;Muscle-07;Muscle-08;Muscle-09;Muscle-10;Muscle-11;Muscle-12;Muscle-13;Muscle-14;Muscle-16;Muscle-17;Muscle-18;Muscle-19;Muscle-20,Muscle-15,19,1
Human,ATP1,rat_parameter_A,1,Muscle-16,Muscle-01;Muscle-02;Muscle-03;Muscle-04;Muscle-05;Muscle-06;Muscle-07;Muscle-08;Muscle-09;Muscle-10;Muscle-11;Muscle-12;Muscle-13;Muscle-14;Muscle-15;Muscle-17;Muscle-18;Muscle-19;Muscle-20,Muscle-16,19,1
Human,ATP1,rat_parameter_A,1,Muscle-17,Muscle-01;Muscle-02;Muscle-03;Muscle-04;Muscle-05;Muscle-06;Muscle-07;Muscle-08;Muscle-09;Muscle-10;Muscle-11;Muscle-12;Muscle-13;Muscle-14;Muscle-15;Muscle-16;Muscle-18;Muscle-19;Muscle-20,Muscle-17,19,1
Human,ATP1,rat_parameter_A,1,Muscle-18,Muscle-01;Muscle-02;Muscle-03;Muscle-04;Muscle-05;Muscle-06;Muscle-07;Muscle-08;Muscle-09;Muscle-10;Muscle-11;Muscle-12;Muscle-13;Muscle-14;Muscle-15;Muscle-16;Muscle-17;Muscle-19;Muscle-20,Muscle-18,19,1
Human,ATP1,rat_parameter_A,1,Muscle-19,Muscle-01;Muscle-02;Muscle-03;Muscle-04;Muscle-05;Muscle-06;Muscle-07;Muscle-08;Muscle-09;Muscle-10;Muscle-11;Muscle-12;Muscle-13;Muscle-14;Muscle-15;Muscle-16;Muscle-17;Muscle-18;Muscle-20,Muscle-19,19,1
Human,ATP1,rat_parameter_A,1,Muscle-20,Muscle-01;Muscle-02;Muscle-03;Muscle-04;Muscle-05;Muscle-06;Muscle-07;Muscle-08;Muscle-09;Muscle-10;Muscle-11;Muscle-12;Muscle-13;Muscle-14;Muscle-15;Muscle-16;Muscle-17;Muscle-18;Muscle-19,Muscle-20,19,1
Human,ATP1,human_ND_source,1,Muscle-01,Muscle-02;Muscle-03;Muscle-04;Muscle-05;Muscle-06;Muscle-07;Muscle-08;Muscle-09;Muscle-10;Muscle-11;Muscle-12;Muscle-13;Muscle-14;Muscle-15;Muscle-16;Muscle-17;Muscle-18;Muscle-19;Muscle-20,Muscle-01,19,1
Human,ATP1,human_ND_source,1,Muscle-02,Muscle-01;Muscle-03;Muscle-04;Muscle-05;Muscle-06;Muscle-07;Muscle-08;Muscle-09;Muscle-10;Muscle-11;Muscle-12;Muscle-13;Muscle-14;Muscle-15;Muscle-16;Muscle-17;Muscle-18;Muscle-19;Muscle-20,Muscle-02,19,1
Human,ATP1,human_ND_source,1,Muscle-03,Muscle-01;Muscle-02;Muscle-04;Muscle-05;Muscle-06;Muscle-07;Muscle-08;Muscle-09;Muscle-10;Muscle-11;Muscle-12;Muscle-13;Muscle-14;Muscle-15;Muscle-16;Muscle-17;Muscle-18;Muscle-19;Muscle-20,Muscle-03,19,1
Human,ATP1,human_ND_source,1,Muscle-04,Muscle-01;Muscle-02;Muscle-03;Muscle-05;Muscle-06;Muscle-07;Muscle-08;Muscle-09;Muscle-10;Muscle-11;Muscle-12;Muscle-13;Muscle-14;Muscle-15;Muscle-16;Muscle-17;Muscle-18;Muscle-19;Muscle-20,Muscle-04,19,1
Human,ATP1,human_ND_source,1,Muscle-05,Muscle-01;Muscle-02;Muscle-03;Muscle-04;Muscle-06;Muscle-07;Muscle-08;Muscle-09;Muscle-10;Muscle-11;Muscle-12;Muscle-13;Muscle-14;Muscle-15;Muscle-16;Muscle-17;Muscle-18;Muscle-19;Muscle-20,Muscle-05,19,1
Human,ATP1,human_ND_source,1,Muscle-06,Muscle-01;Muscle-02;Muscle-03;Muscle-04;Muscle-05;Muscle-07;Muscle-08;Muscle-09;Muscle-10;Muscle-11;Muscle-12;Muscle-13;Muscle-14;Muscle-15;Muscle-16;Muscle-17;Muscle-18;Muscle-19;Muscle-20,Muscle-06,19,1
Human,ATP1,human_ND_source,1,Muscle-07,Muscle-01;Muscle-02;Muscle-03;Muscle-04;Muscle-05;Muscle-06;Muscle-08;Muscle-09;Muscle-10;Muscle-11;Muscle-12;Muscle-13;Muscle-14;Muscle-15;Muscle-16;Muscle-17;Muscle-18;Muscle-19;Muscle-20,Muscle-07,19,1
Human,ATP1,human_ND_source,1,Muscle-08,Muscle-01;Muscle-02;Muscle-03;Muscle-04;Muscle-05;Muscle-06;Muscle-07;Muscle-09;Muscle-10;Muscle-11;Muscle-12;Muscle-13;Muscle-14;Muscle-15;Muscle-16;Muscle-17;Muscle-18;Muscle-19;Muscle-20,Muscle-08,19,1
Human,ATP1,human_ND_source,1,Muscle-09,Muscle-01;Muscle-02;Muscle-03;Muscle-04;Muscle-05;Muscle-06;Muscle-07;Muscle-08;Muscle-10;Muscle-11;Muscle-12;Muscle-13;Muscle-14;Muscle-15;Muscle-16;Muscle-17;Muscle-18;Muscle-19;Muscle-20,Muscle-09,19,1
Human,ATP1,human_ND_source,1,Muscle-10,Muscle-01;Muscle-02;Muscle-03;Muscle-04;Muscle-05;Muscle-06;Muscle-07;Muscle-08;Muscle-09;Muscle-11;Muscle-12;Muscle-13;Muscle-14;Muscle-15;Muscle-16;Muscle-17;Muscle-18;Muscle-19;Muscle-20,Muscle-10,19,1
Human,ATP1,human_ND_source,1,Muscle-11,Muscle-01;Muscle-02;Muscle-03;Muscle-04;Muscle-05;Muscle-06;Muscle-07;Muscle-08;Muscle-09;Muscle-10;Muscle-12;Muscle-13;Muscle-14;Muscle-15;Muscle-16;Muscle-17;Muscle-18;Muscle-19;Muscle-20,Muscle-11,19,1
Human,ATP1,human_ND_source,1,Muscle-12,Muscle-01;Muscle-02;Muscle-03;Muscle-04;Muscle-05;Muscle-06;Muscle-07;Muscle-08;Muscle-09;Muscle-10;Muscle-11;Muscle-13;Muscle-14;Muscle-15;Muscle-16;Muscle-17;Muscle-18;Muscle-19;Muscle-20,Muscle-12,19,1
Human,ATP1,human_ND_source,1,Muscle-13,Muscle-01;Muscle-02;Muscle-03;Muscle-04;Muscle-05;Muscle-06;Muscle-07;Muscle-08;Muscle-09;Muscle-10;Muscle-11;Muscle-12;Muscle-14;Muscle-15;Muscle-16;Muscle-17;Muscle-18;Muscle-19;Muscle-20,Muscle-13,19,1
Human,ATP1,human_ND_source,1,Muscle-14,Muscle-01;Muscle-02;Muscle-03;Muscle-04;Muscle-05;Muscle-06;Muscle-07;Muscle-08;Muscle-09;Muscle-10;Muscle-11;Muscle-12;Muscle-13;Muscle-15;Muscle-16;Muscle-17;Muscle-18;Muscle-19;Muscle-20,Muscle-14,19,1
Human,ATP1,human_ND_source,1,Muscle-15,Muscle-01;Muscle-02;Muscle-03;Muscle-04;Muscle-05;Muscle-06;Muscle-07;Muscle-08;Muscle-09;Muscle-10;Muscle-11;Muscle-12;Muscle-13;Muscle-14;Muscle-16;Muscle-17;Muscle-18;Muscle-19;Muscle-20,Muscle-15,19,1
Human,ATP1,human_ND_source,1,Muscle-16,Muscle-01;Muscle-02;Muscle-03;Muscle-04;Muscle-05;Muscle-06;Muscle-07;Muscle-08;Muscle-09;Muscle-10;Muscle-11;Muscle-12;Muscle-13;Muscle-14;Muscle-15;Muscle-17;Muscle-18;Muscle-19;Muscle-20,Muscle-16,19,1
Human,ATP1,human_ND_source,1,Muscle-17,Muscle-01;Muscle-02;Muscle-03;Muscle-04;Muscle-05;Muscle-06;Muscle-07;Muscle-08;Muscle-09;Muscle-10;Muscle-11;Muscle-12;Muscle-13;Muscle-14;Muscle-15;Muscle-16;Muscle-18;Muscle-19;Muscle-20,Muscle-17,19,1
Human,ATP1,human_ND_source,1,Muscle-18,Muscle-01;Muscle-02;Muscle-03;Muscle-04;Muscle-05;Muscle-06;Muscle-07;Muscle-08;Muscle-09;Muscle-10;Muscle-11;Muscle-12;Muscle-13;Muscle-14;Muscle-15;Muscle-16;Muscle-17;Muscle-19;Muscle-20,Muscle-18,19,1
Human,ATP1,human_ND_source,1,Muscle-19,Muscle-01;Muscle-02;Muscle-03;Muscle-04;Muscle-05;Muscle-06;Muscle-07;Muscle-08;Muscle-09;Muscle-10;Muscle-11;Muscle-12;Muscle-13;Muscle-14;Muscle-15;Muscle-16;Muscle-17;Muscle-18;Muscle-20,Muscle-19,19,1
Human,ATP1,human_ND_source,1,Muscle-20,Muscle-01;Muscle-02;Muscle-03;Muscle-04;Muscle-05;Muscle-06;Muscle-07;Muscle-08;Muscle-09;Muscle-10;Muscle-11;Muscle-12;Muscle-13;Muscle-14;Muscle-15;Muscle-16;Muscle-17;Muscle-18;Muscle-19,Muscle-20,19,1
Human,ATP1,random_seeded,1,Muscle-01,Muscle-02;Muscle-03;Muscle-04;Muscle-05;Muscle-06;Muscle-07;Muscle-08;Muscle-09;Muscle-10;Muscle-11;Muscle-12;Muscle-13;Muscle-14;Muscle-15;Muscle-16;Muscle-17;Muscle-18;Muscle-19;Muscle-20,Muscle-01,19,1
Human,ATP1,random_seeded,1,Muscle-02,Muscle-01;Muscle-03;Muscle-04;Muscle-05;Muscle-06;Muscle-07;Muscle-08;Muscle-09;Muscle-10;Muscle-11;Muscle-12;Muscle-13;Muscle-14;Muscle-15;Muscle-16;Muscle-17;Muscle-18;Muscle-19;Muscle-20,Muscle-02,19,1
Human,ATP1,random_seeded,1,Muscle-03,Muscle-01;Muscle-02;Muscle-04;Muscle-05;Muscle-06;Muscle-07;Muscle-08;Muscle-09;Muscle-10;Muscle-11;Muscle-12;Muscle-13;Muscle-14;Muscle-15;Muscle-16;Muscle-17;Muscle-18;Muscle-19;Muscle-20,Muscle-03,19,1
Human,ATP1,random_seeded,1,Muscle-04,Muscle-01;Muscle-02;Muscle-03;Muscle-05;Muscle-06;Muscle-07;Muscle-08;Muscle-09;Muscle-10;Muscle-11;Muscle-12;Muscle-13;Muscle-14;Muscle-15;Muscle-16;Muscle-17;Muscle-18;Muscle-19;Muscle-20,Muscle-04,19,1
Human,ATP1,random_seeded,1,Muscle-05,Muscle-01;Muscle-02;Muscle-03;Muscle-04;Muscle-06;Muscle-07;Muscle-08;Muscle-09;Muscle-10;Muscle-11;Muscle-12;Muscle-13;Muscle-14;Muscle-15;Muscle-16;Muscle-17;Muscle-18;Muscle-19;Muscle-20,Muscle-05,19,1
Human,ATP1,random_seeded,1,Muscle-06,Muscle-01;Muscle-02;Muscle-03;Muscle-04;Muscle-05;Muscle-07;Muscle-08;Muscle-09;Muscle-10;Muscle-11;Muscle-12;Muscle-13;Muscle-14;Muscle-15;Muscle-16;Muscle-17;Muscle-18;Muscle-19;Muscle-20,Muscle-06,19,1
Human,ATP1,random_seeded,1,Muscle-07,Muscle-01;Muscle-02;Muscle-03;Muscle-04;Muscle-05;Muscle-06;Muscle-08;Muscle-09;Muscle-10;Muscle-11;Muscle-12;Muscle-13;Muscle-14;Muscle-15;Muscle-16;Muscle-17;Muscle-18;Muscle-19;Muscle-20,Muscle-07,19,1
Human,ATP1,random_seeded,1,Muscle-08,Muscle-01;Muscle-02;Muscle-03;Muscle-04;Muscle-05;Muscle-06;Muscle-07;Muscle-09;Muscle-10;Muscle-11;Muscle-12;Muscle-13;Muscle-14;Muscle-15;Muscle-16;Muscle-17;Muscle-18;Muscle-19;Muscle-20,Muscle-08,19,1
Human,ATP1,random_seeded,1,Muscle-09,Muscle-01;Muscle-02;Muscle-03;Muscle-04;Muscle-05;Muscle-06;Muscle-07;Muscle-08;Muscle-10;Muscle-11;Muscle-12;Muscle-13;Muscle-14;Muscle-15;Muscle-16;Muscle-17;Muscle-18;Muscle-19;Muscle-20,Muscle-09,19,1
Human,ATP1,random_seeded,1,Muscle-10,Muscle-01;Muscle-02;Muscle-03;Muscle-04;Muscle-05;Muscle-06;Muscle-07;Muscle-08;Muscle-09;Muscle-11;Muscle-12;Muscle-13;Muscle-14;Muscle-15;Muscle-16;Muscle-17;Muscle-18;Muscle-19;Muscle-20,Muscle-10,19,1
Human,ATP1,random_seeded,1,Muscle-11,Muscle-01;Muscle-02;Muscle-03;Muscle-04;Muscle-05;Muscle-06;Muscle-07;Muscle-08;Muscle-09;Muscle-10;Muscle-12;Muscle-13;Muscle-14;Muscle-15;Muscle-16;Muscle-17;Muscle-18;Muscle-19;Muscle-20,Muscle-11,19,1
Human,ATP1,random_seeded,1,Muscle-12,Muscle-01;Muscle-02;Muscle-03;Muscle-04;Muscle-05;Muscle-06;Muscle-07;Muscle-08;Muscle-09;Muscle-10;Muscle-11;Muscle-13;Muscle-14;Muscle-15;Muscle-16;Muscle-17;Muscle-18;Muscle-19;Muscle-20,Muscle-12,19,1
Human,ATP1,random_seeded,1,Muscle-13,Muscle-01;Muscle-02;Muscle-03;Muscle-04;Muscle-05;Muscle-06;Muscle-07;Muscle-08;Muscle-09;Muscle-10;Muscle-11;Muscle-12;Muscle-14;Muscle-15;Muscle-16;Muscle-17;Muscle-18;Muscle-19;Muscle-20,Muscle-13,19,1
Human,ATP1,random_seeded,1,Muscle-14,Muscle-01;Muscle-02;Muscle-03;Muscle-04;Muscle-05;Muscle-06;Muscle-07;Muscle-08;Muscle-09;Muscle-10;Muscle-11;Muscle-12;Muscle-13;Muscle-15;Muscle-16;Muscle-17;Muscle-18;Muscle-19;Muscle-20,Muscle-14,19,1
Human,ATP1,random_seeded,1,Muscle-15,Muscle-01;Muscle-02;Muscle-03;Muscle-04;Muscle-05;Muscle-06;Muscle-07;Muscle-08;Muscle-09;Muscle-10;Muscle-11;Muscle-12;Muscle-13;Muscle-14;Muscle-16;Muscle-17;Muscle-18;Muscle-19;Muscle-20,Muscle-15,19,1
Human,ATP1,random_seeded,1,Muscle-16,Muscle-01;Muscle-02;Muscle-03;Muscle-04;Muscle-05;Muscle-06;Muscle-07;Muscle-08;Muscle-09;Muscle-10;Muscle-11;Muscle-12;Muscle-13;Muscle-14;Muscle-15;Muscle-17;Muscle-18;Muscle-19;Muscle-20,Muscle-16,19,1
Human,ATP1,random_seeded,1,Muscle-17,Muscle-01;Muscle-02;Muscle-03;Muscle-04;Muscle-05;Muscle-06;Muscle-07;Muscle-08;Muscle-09;Muscle-10;Muscle-11;Muscle-12;Muscle-13;Muscle-14;Muscle-15;Muscle-16;Muscle-18;Muscle-19;Muscle-20,Muscle-17,19,1
Human,ATP1,random_seeded,1,Muscle-18,Muscle-01;Muscle-02;Muscle-03;Muscle-04;Muscle-05;Muscle-06;Muscle-07;Muscle-08;Muscle-09;Muscle-10;Muscle-11;Muscle-12;Muscle-13;Muscle-14;Muscle-15;Muscle-16;Muscle-17;Muscle-19;Muscle-20,Muscle-18,19,1
Human,ATP1,random_seeded,1,Muscle-19,Muscle-01;Muscle-02;Muscle-03;Muscle-04;Muscle-05;Muscle-06;Muscle-07;Muscle-08;Muscle-09;Muscle-10;Muscle-11;Muscle-12;Muscle-13;Muscle-14;Muscle-15;Muscle-16;Muscle-17;Muscle-18;Muscle-20,Muscle-19,19,1
Human,ATP1,random_seeded,1,Muscle-20,Muscle-01;Muscle-02;Muscle-03;Muscle-04;Muscle-05;Muscle-06;Muscle-07;Muscle-08;Muscle-09;Muscle-10;Muscle-11;Muscle-12;Muscle-13;Muscle-14;Muscle-15;Muscle-16;Muscle-17;Muscle-18;Muscle-19,Muscle-20,19,1
Human,ATP1,fixed_conventional,1,Muscle-01,Muscle-02;Muscle-03;Muscle-04;Muscle-05;Muscle-06;Muscle-07;Muscle-08;Muscle-09;Muscle-10;Muscle-11;Muscle-12;Muscle-13;Muscle-14;Muscle-15;Muscle-16;Muscle-17;Muscle-18;Muscle-19;Muscle-20,Muscle-01,19,1
Human,ATP1,fixed_conventional,1,Muscle-02,Muscle-01;Muscle-03;Muscle-04;Muscle-05;Muscle-06;Muscle-07;Muscle-08;Muscle-09;Muscle-10;Muscle-11;Muscle-12;Muscle-13;Muscle-14;Muscle-15;Muscle-16;Muscle-17;Muscle-18;Muscle-19;Muscle-20,Muscle-02,19,1
Human,ATP1,fixed_conventional,1,Muscle-03,Muscle-01;Muscle-02;Muscle-04;Muscle-05;Muscle-06;Muscle-07;Muscle-08;Muscle-09;Muscle-10;Muscle-11;Muscle-12;Muscle-13;Muscle-14;Muscle-15;Muscle-16;Muscle-17;Muscle-18;Muscle-19;Muscle-20,Muscle-03,19,1
Human,ATP1,fixed_conventional,1,Muscle-04,Muscle-01;Muscle-02;Muscle-03;Muscle-05;Muscle-06;Muscle-07;Muscle-08;Muscle-09;Muscle-10;Muscle-11;Muscle-12;Muscle-13;Muscle-14;Muscle-15;Muscle-16;Muscle-17;Muscle-18;Muscle-19;Muscle-20,Muscle-04,19,1
Human,ATP1,fixed_conventional,1,Muscle-05,Muscle-01;Muscle-02;Muscle-03;Muscle-04;Muscle-06;Muscle-07;Muscle-08;Muscle-09;Muscle-10;Muscle-11;Muscle-12;Muscle-13;Muscle-14;Muscle-15;Muscle-16;Muscle-17;Muscle-18;Muscle-19;Muscle-20,Muscle-05,19,1
Human,ATP1,fixed_conventional,1,Muscle-06,Muscle-01;Muscle-02;Muscle-03;Muscle-04;Muscle-05;Muscle-07;Muscle-08;Muscle-09;Muscle-10;Muscle-11;Muscle-12;Muscle-13;Muscle-14;Muscle-15;Muscle-16;Muscle-17;Muscle-18;Muscle-19;Muscle-20,Muscle-06,19,1
Human,ATP1,fixed_conventional,1,Muscle-07,Muscle-01;Muscle-02;Muscle-03;Muscle-04;Muscle-05;Muscle-06;Muscle-08;Muscle-09;Muscle-10;Muscle-11;Muscle-12;Muscle-13;Muscle-14;Muscle-15;Muscle-16;Muscle-17;Muscle-18;Muscle-19;Muscle-20,Muscle-07,19,1
Human,ATP1,fixed_conventional,1,Muscle-08,Muscle-01;Muscle-02;Muscle-03;Muscle-04;Muscle-05;Muscle-06;Muscle-07;Muscle-09;Muscle-10;Muscle-11;Muscle-12;Muscle-13;Muscle-14;Muscle-15;Muscle-16;Muscle-17;Muscle-18;Muscle-19;Muscle-20,Muscle-08,19,1
Human,ATP1,fixed_conventional,1,Muscle-09,Muscle-01;Muscle-02;Muscle-03;Muscle-04;Muscle-05;Muscle-06;Muscle-07;Muscle-08;Muscle-10;Muscle-11;Muscle-12;Muscle-13;Muscle-14;Muscle-15;Muscle-16;Muscle-17;Muscle-18;Muscle-19;Muscle-20,Muscle-09,19,1
Human,ATP1,fixed_conventional,1,Muscle-10,Muscle-01;Muscle-02;Muscle-03;Muscle-04;Muscle-05;Muscle-06;Muscle-07;Muscle-08;Muscle-09;Muscle-11;Muscle-12;Muscle-13;Muscle-14;Muscle-15;Muscle-16;Muscle-17;Muscle-18;Muscle-19;Muscle-20,Muscle-10,19,1
Human,ATP1,fixed_conventional,1,Muscle-11,Muscle-01;Muscle-02;Muscle-03;Muscle-04;Muscle-05;Muscle-06;Muscle-07;Muscle-08;Muscle-09;Muscle-10;Muscle-12;Muscle-13;Muscle-14;Muscle-15;Muscle-16;Muscle-17;Muscle-18;Muscle-19;Muscle-20,Muscle-11,19,1
Human,ATP1,fixed_conventional,1,Muscle-12,Muscle-01;Muscle-02;Muscle-03;Muscle-04;Muscle-05;Muscle-06;Muscle-07;Muscle-08;Muscle-09;Muscle-10;Muscle-11;Muscle-13;Muscle-14;Muscle-15;Muscle-16;Muscle-17;Muscle-18;Muscle-19;Muscle-20,Muscle-12,19,1
Human,ATP1,fixed_conventional,1,Muscle-13,Muscle-01;Muscle-02;Muscle-03;Muscle-04;Muscle-05;Muscle-06;Muscle-07;Muscle-08;Muscle-09;Muscle-10;Muscle-11;Muscle-12;Muscle-14;Muscle-15;Muscle-16;Muscle-17;Muscle-18;Muscle-19;Muscle-20,Muscle-13,19,1
Human,ATP1,fixed_conventional,1,Muscle-14,Muscle-01;Muscle-02;Muscle-03;Muscle-04;Muscle-05;Muscle-06;Muscle-07;Muscle-08;Muscle-09;Muscle-10;Muscle-11;Muscle-12;Muscle-13;Muscle-15;Muscle-16;Muscle-17;Muscle-18;Muscle-19;Muscle-20,Muscle-14,19,1
Human,ATP1,fixed_conventional,1,Muscle-15,Muscle-01;Muscle-02;Muscle-03;Muscle-04;Muscle-05;Muscle-06;Muscle-07;Muscle-08;Muscle-09;Muscle-10;Muscle-11;Muscle-12;Muscle-13;Muscle-14;Muscle-16;Muscle-17;Muscle-18;Muscle-19;Muscle-20,Muscle-15,19,1
Human,ATP1,fixed_conventional,1,Muscle-16,Muscle-01;Muscle-02;Muscle-03;Muscle-04;Muscle-05;Muscle-06;Muscle-07;Muscle-08;Muscle-09;Muscle-10;Muscle-11;Muscle-12;Muscle-13;Muscle-14;Muscle-15;Muscle-17;Muscle-18;Muscle-19;Muscle-20,Muscle-16,19,1
Human,ATP1,fixed_conventional,1,Muscle-17,Muscle-01;Muscle-02;Muscle-03;Muscle-04;Muscle-05;Muscle-06;Muscle-07;Muscle-08;Muscle-09;Muscle-10;Muscle-11;Muscle-12;Muscle-13;Muscle-14;Muscle-15;Muscle-16;Muscle-18;Muscle-19;Muscle-20,Muscle-17,19,1
Human,ATP1,fixed_conventional,1,Muscle-18,Muscle-01;Muscle-02;Muscle-03;Muscle-04;Muscle-05;Muscle-06;Muscle-07;Muscle-08;Muscle-09;Muscle-10;Muscle-11;Muscle-12;Muscle-13;Muscle-14;Muscle-15;Muscle-16;Muscle-17;Muscle-19;Muscle-20,Muscle-18,19,1
Human,ATP1,fixed_conventional,1,Muscle-19,Muscle-01;Muscle-02;Muscle-03;Muscle-04;Muscle-05;Muscle-06;Muscle-07;Muscle-08;Muscle-09;Muscle-10;Muscle-11;Muscle-12;Muscle-13;Muscle-14;Muscle-15;Muscle-16;Muscle-17;Muscle-18;Muscle-20,Muscle-19,19,1
Human,ATP1,fixed_conventional,1,Muscle-20,Muscle-01;Muscle-02;Muscle-03;Muscle-04;Muscle-05;Muscle-06;Muscle-07;Muscle-08;Muscle-09;Muscle-10;Muscle-11;Muscle-12;Muscle-13;Muscle-14;Muscle-15;Muscle-16;Muscle-17;Muscle-18;Muscle-19,Muscle-20,19,1
Human,ATP1,destination_nested_oracle,1,Muscle-01,Muscle-02;Muscle-03;Muscle-04;Muscle-05;Muscle-06;Muscle-07;Muscle-08;Muscle-09;Muscle-10;Muscle-11;Muscle-12;Muscle-13;Muscle-14;Muscle-15;Muscle-16;Muscle-17;Muscle-18;Muscle-19;Muscle-20,Muscle-01,19,1
Human,ATP1,destination_nested_oracle,1,Muscle-02,Muscle-01;Muscle-03;Muscle-04;Muscle-05;Muscle-06;Muscle-07;Muscle-08;Muscle-09;Muscle-10;Muscle-11;Muscle-12;Muscle-13;Muscle-14;Muscle-15;Muscle-16;Muscle-17;Muscle-18;Muscle-19;Muscle-20,Muscle-02,19,1
Human,ATP1,destination_nested_oracle,1,Muscle-03,Muscle-01;Muscle-02;Muscle-04;Muscle-05;Muscle-06;Muscle-07;Muscle-08;Muscle-09;Muscle-10;Muscle-11;Muscle-12;Muscle-13;Muscle-14;Muscle-15;Muscle-16;Muscle-17;Muscle-18;Muscle-19;Muscle-20,Muscle-03,19,1
Human,ATP1,destination_nested_oracle,1,Muscle-04,Muscle-01;Muscle-02;Muscle-03;Muscle-05;Muscle-06;Muscle-07;Muscle-08;Muscle-09;Muscle-10;Muscle-11;Muscle-12;Muscle-13;Muscle-14;Muscle-15;Muscle-16;Muscle-17;Muscle-18;Muscle-19;Muscle-20,Muscle-04,19,1
Human,ATP1,destination_nested_oracle,1,Muscle-05,Muscle-01;Muscle-02;Muscle-03;Muscle-04;Muscle-06;Muscle-07;Muscle-08;Muscle-09;Muscle-10;Muscle-11;Muscle-12;Muscle-13;Muscle-14;Muscle-15;Muscle-16;Muscle-17;Muscle-18;Muscle-19;Muscle-20,Muscle-05,19,1
Human,ATP1,destination_nested_oracle,1,Muscle-06,Muscle-01;Muscle-02;Muscle-03;Muscle-04;Muscle-05;Muscle-07;Muscle-08;Muscle-09;Muscle-10;Muscle-11;Muscle-12;Muscle-13;Muscle-14;Muscle-15;Muscle-16;Muscle-17;Muscle-18;Muscle-19;Muscle-20,Muscle-06,19,1
Human,ATP1,destination_nested_oracle,1,Muscle-07,Muscle-01;Muscle-02;Muscle-03;Muscle-04;Muscle-05;Muscle-06;Muscle-08;Muscle-09;Muscle-10;Muscle-11;Muscle-12;Muscle-13;Muscle-14;Muscle-15;Muscle-16;Muscle-17;Muscle-18;Muscle-19;Muscle-20,Muscle-07,19,1
Human,ATP1,destination_nested_oracle,1,Muscle-08,Muscle-01;Muscle-02;Muscle-03;Muscle-04;Muscle-05;Muscle-06;Muscle-07;Muscle-09;Muscle-10;Muscle-11;Muscle-12;Muscle-13;Muscle-14;Muscle-15;Muscle-16;Muscle-17;Muscle-18;Muscle-19;Muscle-20,Muscle-08,19,1
Human,ATP1,destination_nested_oracle,1,Muscle-09,Muscle-01;Muscle-02;Muscle-03;Muscle-04;Muscle-05;Muscle-06;Muscle-07;Muscle-08;Muscle-10;Muscle-11;Muscle-12;Muscle-13;Muscle-14;Muscle-15;Muscle-16;Muscle-17;Muscle-18;Muscle-19;Muscle-20,Muscle-09,19,1
Human,ATP1,destination_nested_oracle,1,Muscle-10,Muscle-01;Muscle-02;Muscle-03;Muscle-04;Muscle-05;Muscle-06;Muscle-07;Muscle-08;Muscle-09;Muscle-11;Muscle-12;Muscle-13;Muscle-14;Muscle-15;Muscle-16;Muscle-17;Muscle-18;Muscle-19;Muscle-20,Muscle-10,19,1
Human,ATP1,destination_nested_oracle,1,Muscle-11,Muscle-01;Muscle-02;Muscle-03;Muscle-04;Muscle-05;Muscle-06;Muscle-07;Muscle-08;Muscle-09;Muscle-10;Muscle-12;Muscle-13;Muscle-14;Muscle-15;Muscle-16;Muscle-17;Muscle-18;Muscle-19;Muscle-20,Muscle-11,19,1
Human,ATP1,destination_nested_oracle,1,Muscle-12,Muscle-01;Muscle-02;Muscle-03;Muscle-04;Muscle-05;Muscle-06;Muscle-07;Muscle-08;Muscle-09;Muscle-10;Muscle-11;Muscle-13;Muscle-14;Muscle-15;Muscle-16;Muscle-17;Muscle-18;Muscle-19;Muscle-20,Muscle-12,19,1
Human,ATP1,destination_nested_oracle,1,Muscle-13,Muscle-01;Muscle-02;Muscle-03;Muscle-04;Muscle-05;Muscle-06;Muscle-07;Muscle-08;Muscle-09;Muscle-10;Muscle-11;Muscle-12;Muscle-14;Muscle-15;Muscle-16;Muscle-17;Muscle-18;Muscle-19;Muscle-20,Muscle-13,19,1
Human,ATP1,destination_nested_oracle,1,Muscle-14,Muscle-01;Muscle-02;Muscle-03;Muscle-04;Muscle-05;Muscle-06;Muscle-07;Muscle-08;Muscle-09;Muscle-10;Muscle-11;Muscle-12;Muscle-13;Muscle-15;Muscle-16;Muscle-17;Muscle-18;Muscle-19;Muscle-20,Muscle-14,19,1
Human,ATP1,destination_nested_oracle,1,Muscle-15,Muscle-01;Muscle-02;Muscle-03;Muscle-04;Muscle-05;Muscle-06;Muscle-07;Muscle-08;Muscle-09;Muscle-10;Muscle-11;Muscle-12;Muscle-13;Muscle-14;Muscle-16;Muscle-17;Muscle-18;Muscle-19;Muscle-20,Muscle-15,19,1
Human,ATP1,destination_nested_oracle,1,Muscle-16,Muscle-01;Muscle-02;Muscle-03;Muscle-04;Muscle-05;Muscle-06;Muscle-07;Muscle-08;Muscle-09;Muscle-10;Muscle-11;Muscle-12;Muscle-13;Muscle-14;Muscle-15;Muscle-17;Muscle-18;Muscle-19;Muscle-20,Muscle-16,19,1
Human,ATP1,destination_nested_oracle,1,Muscle-17,Muscle-01;Muscle-02;Muscle-03;Muscle-04;Muscle-05;Muscle-06;Muscle-07;Muscle-08;Muscle-09;Muscle-10;Muscle-11;Muscle-12;Muscle-13;Muscle-14;Muscle-15;Muscle-16;Muscle-18;Muscle-19;Muscle-20,Muscle-17,19,1
Human,ATP1,destination_nested_oracle,1,Muscle-18,Muscle-01;Muscle-02;Muscle-03;Muscle-04;Muscle-05;Muscle-06;Muscle-07;Muscle-08;Muscle-09;Muscle-10;Muscle-11;Muscle-12;Muscle-13;Muscle-14;Muscle-15;Muscle-16;Muscle-17;Muscle-19;Muscle-20,Muscle-18,19,1
Human,ATP1,destination_nested_oracle,1,Muscle-19,Muscle-01;Muscle-02;Muscle-03;Muscle-04;Muscle-05;Muscle-06;Muscle-07;Muscle-08;Muscle-09;Muscle-10;Muscle-11;Muscle-12;Muscle-13;Muscle-14;Muscle-15;Muscle-16;Muscle-17;Muscle-18;Muscle-20,Muscle-19,19,1
Human,ATP1,destination_nested_oracle,1,Muscle-20,Muscle-01;Muscle-02;Muscle-03;Muscle-04;Muscle-05;Muscle-06;Muscle-07;Muscle-08;Muscle-09;Muscle-10;Muscle-11;Muscle-12;Muscle-13;Muscle-14;Muscle-15;Muscle-16;Muscle-17;Muscle-18;Muscle-19,Muscle-20,19,1
Human,ATP1,rat_K_target,2,Muscle-01,Muscle-02;Muscle-03;Muscle-04;Muscle-05;Muscle-06;Muscle-07;Muscle-08;Muscle-09;Muscle-10;Muscle-11;Muscle-12;Muscle-13;Muscle-14;Muscle-15;Muscle-16;Muscle-17;Muscle-18;Muscle-19;Muscle-20,Muscle-01,19,1
Human,ATP1,rat_K_target,2,Muscle-02,Muscle-01;Muscle-03;Muscle-04;Muscle-05;Muscle-06;Muscle-07;Muscle-08;Muscle-09;Muscle-10;Muscle-11;Muscle-12;Muscle-13;Muscle-14;Muscle-15;Muscle-16;Muscle-17;Muscle-18;Muscle-19;Muscle-20,Muscle-02,19,1
Human,ATP1,rat_K_target,2,Muscle-03,Muscle-01;Muscle-02;Muscle-04;Muscle-05;Muscle-06;Muscle-07;Muscle-08;Muscle-09;Muscle-10;Muscle-11;Muscle-12;Muscle-13;Muscle-14;Muscle-15;Muscle-16;Muscle-17;Muscle-18;Muscle-19;Muscle-20,Muscle-03,19,1
Human,ATP1,rat_K_target,2,Muscle-04,Muscle-01;Muscle-02;Muscle-03;Muscle-05;Muscle-06;Muscle-07;Muscle-08;Muscle-09;Muscle-10;Muscle-11;Muscle-12;Muscle-13;Muscle-14;Muscle-15;Muscle-16;Muscle-17;Muscle-18;Muscle-19;Muscle-20,Muscle-04,19,1
Human,ATP1,rat_K_target,2,Muscle-05,Muscle-01;Muscle-02;Muscle-03;Muscle-04;Muscle-06;Muscle-07;Muscle-08;Muscle-09;Muscle-10;Muscle-11;Muscle-12;Muscle-13;Muscle-14;Muscle-15;Muscle-16;Muscle-17;Muscle-18;Muscle-19;Muscle-20,Muscle-05,19,1
Human,ATP1,rat_K_target,2,Muscle-06,Muscle-01;Muscle-02;Muscle-03;Muscle-04;Muscle-05;Muscle-07;Muscle-08;Muscle-09;Muscle-10;Muscle-11;Muscle-12;Muscle-13;Muscle-14;Muscle-15;Muscle-16;Muscle-17;Muscle-18;Muscle-19;Muscle-20,Muscle-06,19,1
Human,ATP1,rat_K_target,2,Muscle-07,Muscle-01;Muscle-02;Muscle-03;Muscle-04;Muscle-05;Muscle-06;Muscle-08;Muscle-09;Muscle-10;Muscle-11;Muscle-12;Muscle-13;Muscle-14;Muscle-15;Muscle-16;Muscle-17;Muscle-18;Muscle-19;Muscle-20,Muscle-07,19,1
Human,ATP1,rat_K_target,2,Muscle-08,Muscle-01;Muscle-02;Muscle-03;Muscle-04;Muscle-05;Muscle-06;Muscle-07;Muscle-09;Muscle-10;Muscle-11;Muscle-12;Muscle-13;Muscle-14;Muscle-15;Muscle-16;Muscle-17;Muscle-18;Muscle-19;Muscle-20,Muscle-08,19,1
Human,ATP1,rat_K_target,2,Muscle-09,Muscle-01;Muscle-02;Muscle-03;Muscle-04;Muscle-05;Muscle-06;Muscle-07;Muscle-08;Muscle-10;Muscle-11;Muscle-12;Muscle-13;Muscle-14;Muscle-15;Muscle-16;Muscle-17;Muscle-18;Muscle-19;Muscle-20,Muscle-09,19,1
Human,ATP1,rat_K_target,2,Muscle-10,Muscle-01;Muscle-02;Muscle-03;Muscle-04;Muscle-05;Muscle-06;Muscle-07;Muscle-08;Muscle-09;Muscle-11;Muscle-12;Muscle-13;Muscle-14;Muscle-15;Muscle-16;Muscle-17;Muscle-18;Muscle-19;Muscle-20,Muscle-10,19,1
Human,ATP1,rat_K_target,2,Muscle-11,Muscle-01;Muscle-02;Muscle-03;Muscle-04;Muscle-05;Muscle-06;Muscle-07;Muscle-08;Muscle-09;Muscle-10;Muscle-12;Muscle-13;Muscle-14;Muscle-15;Muscle-16;Muscle-17;Muscle-18;Muscle-19;Muscle-20,Muscle-11,19,1
Human,ATP1,rat_K_target,2,Muscle-12,Muscle-01;Muscle-02;Muscle-03;Muscle-04;Muscle-05;Muscle-06;Muscle-07;Muscle-08;Muscle-09;Muscle-10;Muscle-11;Muscle-13;Muscle-14;Muscle-15;Muscle-16;Muscle-17;Muscle-18;Muscle-19;Muscle-20,Muscle-12,19,1
Human,ATP1,rat_K_target,2,Muscle-13,Muscle-01;Muscle-02;Muscle-03;Muscle-04;Muscle-05;Muscle-06;Muscle-07;Muscle-08;Muscle-09;Muscle-10;Muscle-11;Muscle-12;Muscle-14;Muscle-15;Muscle-16;Muscle-17;Muscle-18;Muscle-19;Muscle-20,Muscle-13,19,1
Human,ATP1,rat_K_target,2,Muscle-14,Muscle-01;Muscle-02;Muscle-03;Muscle-04;Muscle-05;Muscle-06;Muscle-07;Muscle-08;Muscle-09;Muscle-10;Muscle-11;Muscle-12;Muscle-13;Muscle-15;Muscle-16;Muscle-17;Muscle-18;Muscle-19;Muscle-20,Muscle-14,19,1
Human,ATP1,rat_K_target,2,Muscle-15,Muscle-01;Muscle-02;Muscle-03;Muscle-04;Muscle-05;Muscle-06;Muscle-07;Muscle-08;Muscle-09;Muscle-10;Muscle-11;Muscle-12;Muscle-13;Muscle-14;Muscle-16;Muscle-17;Muscle-18;Muscle-19;Muscle-20,Muscle-15,19,1
Human,ATP1,rat_K_target,2,Muscle-16,Muscle-01;Muscle-02;Muscle-03;Muscle-04;Muscle-05;Muscle-06;Muscle-07;Muscle-08;Muscle-09;Muscle-10;Muscle-11;Muscle-12;Muscle-13;Muscle-14;Muscle-15;Muscle-17;Muscle-18;Muscle-19;Muscle-20,Muscle-16,19,1
Human,ATP1,rat_K_target,2,Muscle-17,Muscle-01;Muscle-02;Muscle-03;Muscle-04;Muscle-05;Muscle-06;Muscle-07;Muscle-08;Muscle-09;Muscle-10;Muscle-11;Muscle-12;Muscle-13;Muscle-14;Muscle-15;Muscle-16;Muscle-18;Muscle-19;Muscle-20,Muscle-17,19,1
Human,ATP1,rat_K_target,2,Muscle-18,Muscle-01;Muscle-02;Muscle-03;Muscle-04;Muscle-05;Muscle-06;Muscle-07;Muscle-08;Muscle-09;Muscle-10;Muscle-11;Muscle-12;Muscle-13;Muscle-14;Muscle-15;Muscle-16;Muscle-17;Muscle-19;Muscle-20,Muscle-18,19,1
Human,ATP1,rat_K_target,2,Muscle-19,Muscle-01;Muscle-02;Muscle-03;Muscle-04;Muscle-05;Muscle-06;Muscle-07;Muscle-08;Muscle-09;Muscle-10;Muscle-11;Muscle-12;Muscle-13;Muscle-14;Muscle-15;Muscle-16;Muscle-17;Muscle-18;Muscle-20,Muscle-19,19,1
Human,ATP1,rat_K_target,2,Muscle-20,Muscle-01;Muscle-02;Muscle-03;Muscle-04;Muscle-05;Muscle-06;Muscle-07;Muscle-08;Muscle-09;Muscle-10;Muscle-11;Muscle-12;Muscle-13;Muscle-14;Muscle-15;Muscle-16;Muscle-17;Muscle-18;Muscle-19,Muscle-20,19,1
Human,ATP1,rat_R_robust,2,Muscle-01,Muscle-02;Muscle-03;Muscle-04;Muscle-05;Muscle-06;Muscle-07;Muscle-08;Muscle-09;Muscle-10;Muscle-11;Muscle-12;Muscle-13;Muscle-14;Muscle-15;Muscle-16;Muscle-17;Muscle-18;Muscle-19;Muscle-20,Muscle-01,19,1
Human,ATP1,rat_R_robust,2,Muscle-02,Muscle-01;Muscle-03;Muscle-04;Muscle-05;Muscle-06;Muscle-07;Muscle-08;Muscle-09;Muscle-10;Muscle-11;Muscle-12;Muscle-13;Muscle-14;Muscle-15;Muscle-16;Muscle-17;Muscle-18;Muscle-19;Muscle-20,Muscle-02,19,1
Human,ATP1,rat_R_robust,2,Muscle-03,Muscle-01;Muscle-02;Muscle-04;Muscle-05;Muscle-06;Muscle-07;Muscle-08;Muscle-09;Muscle-10;Muscle-11;Muscle-12;Muscle-13;Muscle-14;Muscle-15;Muscle-16;Muscle-17;Muscle-18;Muscle-19;Muscle-20,Muscle-03,19,1
Human,ATP1,rat_R_robust,2,Muscle-04,Muscle-01;Muscle-02;Muscle-03;Muscle-05;Muscle-06;Muscle-07;Muscle-08;Muscle-09;Muscle-10;Muscle-11;Muscle-12;Muscle-13;Muscle-14;Muscle-15;Muscle-16;Muscle-17;Muscle-18;Muscle-19;Muscle-20,Muscle-04,19,1
Human,ATP1,rat_R_robust,2,Muscle-05,Muscle-01;Muscle-02;Muscle-03;Muscle-04;Muscle-06;Muscle-07;Muscle-08;Muscle-09;Muscle-10;Muscle-11;Muscle-12;Muscle-13;Muscle-14;Muscle-15;Muscle-16;Muscle-17;Muscle-18;Muscle-19;Muscle-20,Muscle-05,19,1
Human,ATP1,rat_R_robust,2,Muscle-06,Muscle-01;Muscle-02;Muscle-03;Muscle-04;Muscle-05;Muscle-07;Muscle-08;Muscle-09;Muscle-10;Muscle-11;Muscle-12;Muscle-13;Muscle-14;Muscle-15;Muscle-16;Muscle-17;Muscle-18;Muscle-19;Muscle-20,Muscle-06,19,1
Human,ATP1,rat_R_robust,2,Muscle-07,Muscle-01;Muscle-02;Muscle-03;Muscle-04;Muscle-05;Muscle-06;Muscle-08;Muscle-09;Muscle-10;Muscle-11;Muscle-12;Muscle-13;Muscle-14;Muscle-15;Muscle-16;Muscle-17;Muscle-18;Muscle-19;Muscle-20,Muscle-07,19,1
Human,ATP1,rat_R_robust,2,Muscle-08,Muscle-01;Muscle-02;Muscle-03;Muscle-04;Muscle-05;Muscle-06;Muscle-07;Muscle-09;Muscle-10;Muscle-11;Muscle-12;Muscle-13;Muscle-14;Muscle-15;Muscle-16;Muscle-17;Muscle-18;Muscle-19;Muscle-20,Muscle-08,19,1
Human,ATP1,rat_R_robust,2,Muscle-09,Muscle-01;Muscle-02;Muscle-03;Muscle-04;Muscle-05;Muscle-06;Muscle-07;Muscle-08;Muscle-10;Muscle-11;Muscle-12;Muscle-13;Muscle-14;Muscle-15;Muscle-16;Muscle-17;Muscle-18;Muscle-19;Muscle-20,Muscle-09,19,1
Human,ATP1,rat_R_robust,2,Muscle-10,Muscle-01;Muscle-02;Muscle-03;Muscle-04;Muscle-05;Muscle-06;Muscle-07;Muscle-08;Muscle-09;Muscle-11;Muscle-12;Muscle-13;Muscle-14;Muscle-15;Muscle-16;Muscle-17;Muscle-18;Muscle-19;Muscle-20,Muscle-10,19,1
Human,ATP1,rat_R_robust,2,Muscle-11,Muscle-01;Muscle-02;Muscle-03;Muscle-04;Muscle-05;Muscle-06;Muscle-07;Muscle-08;Muscle-09;Muscle-10;Muscle-12;Muscle-13;Muscle-14;Muscle-15;Muscle-16;Muscle-17;Muscle-18;Muscle-19;Muscle-20,Muscle-11,19,1
Human,ATP1,rat_R_robust,2,Muscle-12,Muscle-01;Muscle-02;Muscle-03;Muscle-04;Muscle-05;Muscle-06;Muscle-07;Muscle-08;Muscle-09;Muscle-10;Muscle-11;Muscle-13;Muscle-14;Muscle-15;Muscle-16;Muscle-17;Muscle-18;Muscle-19;Muscle-20,Muscle-12,19,1
Human,ATP1,rat_R_robust,2,Muscle-13,Muscle-01;Muscle-02;Muscle-03;Muscle-04;Muscle-05;Muscle-06;Muscle-07;Muscle-08;Muscle-09;Muscle-10;Muscle-11;Muscle-12;Muscle-14;Muscle-15;Muscle-16;Muscle-17;Muscle-18;Muscle-19;Muscle-20,Muscle-13,19,1
Human,ATP1,rat_R_robust,2,Muscle-14,Muscle-01;Muscle-02;Muscle-03;Muscle-04;Muscle-05;Muscle-06;Muscle-07;Muscle-08;Muscle-09;Muscle-10;Muscle-11;Muscle-12;Muscle-13;Muscle-15;Muscle-16;Muscle-17;Muscle-18;Muscle-19;Muscle-20,Muscle-14,19,1
Human,ATP1,rat_R_robust,2,Muscle-15,Muscle-01;Muscle-02;Muscle-03;Muscle-04;Muscle-05;Muscle-06;Muscle-07;Muscle-08;Muscle-09;Muscle-10;Muscle-11;Muscle-12;Muscle-13;Muscle-14;Muscle-16;Muscle-17;Muscle-18;Muscle-19;Muscle-20,Muscle-15,19,1
Human,ATP1,rat_R_robust,2,Muscle-16,Muscle-01;Muscle-02;Muscle-03;Muscle-04;Muscle-05;Muscle-06;Muscle-07;Muscle-08;Muscle-09;Muscle-10;Muscle-11;Muscle-12;Muscle-13;Muscle-14;Muscle-15;Muscle-17;Muscle-18;Muscle-19;Muscle-20,Muscle-16,19,1
Human,ATP1,rat_R_robust,2,Muscle-17,Muscle-01;Muscle-02;Muscle-03;Muscle-04;Muscle-05;Muscle-06;Muscle-07;Muscle-08;Muscle-09;Muscle-10;Muscle-11;Muscle-12;Muscle-13;Muscle-14;Muscle-15;Muscle-16;Muscle-18;Muscle-19;Muscle-20,Muscle-17,19,1
Human,ATP1,rat_R_robust,2,Muscle-18,Muscle-01;Muscle-02;Muscle-03;Muscle-04;Muscle-05;Muscle-06;Muscle-07;Muscle-08;Muscle-09;Muscle-10;Muscle-11;Muscle-12;Muscle-13;Muscle-14;Muscle-15;Muscle-16;Muscle-17;Muscle-19;Muscle-20,Muscle-18,19,1
Human,ATP1,rat_R_robust,2,Muscle-19,Muscle-01;Muscle-02;Muscle-03;Muscle-04;Muscle-05;Muscle-06;Muscle-07;Muscle-08;Muscle-09;Muscle-10;Muscle-11;Muscle-12;Muscle-13;Muscle-14;Muscle-15;Muscle-16;Muscle-17;Muscle-18;Muscle-20,Muscle-19,19,1
Human,ATP1,rat_R_robust,2,Muscle-20,Muscle-01;Muscle-02;Muscle-03;Muscle-04;Muscle-05;Muscle-06;Muscle-07;Muscle-08;Muscle-09;Muscle-10;Muscle-11;Muscle-12;Muscle-13;Muscle-14;Muscle-15;Muscle-16;Muscle-17;Muscle-18;Muscle-19,Muscle-20,19,1
Human,ATP1,rat_parameter_A,2,Muscle-01,Muscle-02;Muscle-03;Muscle-04;Muscle-05;Muscle-06;Muscle-07;Muscle-08;Muscle-09;Muscle-10;Muscle-11;Muscle-12;Muscle-13;Muscle-14;Muscle-15;Muscle-16;Muscle-17;Muscle-18;Muscle-19;Muscle-20,Muscle-01,19,1
Human,ATP1,rat_parameter_A,2,Muscle-02,Muscle-01;Muscle-03;Muscle-04;Muscle-05;Muscle-06;Muscle-07;Muscle-08;Muscle-09;Muscle-10;Muscle-11;Muscle-12;Muscle-13;Muscle-14;Muscle-15;Muscle-16;Muscle-17;Muscle-18;Muscle-19;Muscle-20,Muscle-02,19,1
Human,ATP1,rat_parameter_A,2,Muscle-03,Muscle-01;Muscle-02;Muscle-04;Muscle-05;Muscle-06;Muscle-07;Muscle-08;Muscle-09;Muscle-10;Muscle-11;Muscle-12;Muscle-13;Muscle-14;Muscle-15;Muscle-16;Muscle-17;Muscle-18;Muscle-19;Muscle-20,Muscle-03,19,1
Human,ATP1,rat_parameter_A,2,Muscle-04,Muscle-01;Muscle-02;Muscle-03;Muscle-05;Muscle-06;Muscle-07;Muscle-08;Muscle-09;Muscle-10;Muscle-11;Muscle-12;Muscle-13;Muscle-14;Muscle-15;Muscle-16;Muscle-17;Muscle-18;Muscle-19;Muscle-20,Muscle-04,19,1
Human,ATP1,rat_parameter_A,2,Muscle-05,Muscle-01;Muscle-02;Muscle-03;Muscle-04;Muscle-06;Muscle-07;Muscle-08;Muscle-09;Muscle-10;Muscle-11;Muscle-12;Muscle-13;Muscle-14;Muscle-15;Muscle-16;Muscle-17;Muscle-18;Muscle-19;Muscle-20,Muscle-05,19,1
Human,ATP1,rat_parameter_A,2,Muscle-06,Muscle-01;Muscle-02;Muscle-03;Muscle-04;Muscle-05;Muscle-07;Muscle-08;Muscle-09;Muscle-10;Muscle-11;Muscle-12;Muscle-13;Muscle-14;Muscle-15;Muscle-16;Muscle-17;Muscle-18;Muscle-19;Muscle-20,Muscle-06,19,1
Human,ATP1,rat_parameter_A,2,Muscle-07,Muscle-01;Muscle-02;Muscle-03;Muscle-04;Muscle-05;Muscle-06;Muscle-08;Muscle-09;Muscle-10;Muscle-11;Muscle-12;Muscle-13;Muscle-14;Muscle-15;Muscle-16;Muscle-17;Muscle-18;Muscle-19;Muscle-20,Muscle-07,19,1
Human,ATP1,rat_parameter_A,2,Muscle-08,Muscle-01;Muscle-02;Muscle-03;Muscle-04;Muscle-05;Muscle-06;Muscle-07;Muscle-09;Muscle-10;Muscle-11;Muscle-12;Muscle-13;Muscle-14;Muscle-15;Muscle-16;Muscle-17;Muscle-18;Muscle-19;Muscle-20,Muscle-08,19,1
Human,ATP1,rat_parameter_A,2,Muscle-09,Muscle-01;Muscle-02;Muscle-03;Muscle-04;Muscle-05;Muscle-06;Muscle-07;Muscle-08;Muscle-10;Muscle-11;Muscle-12;Muscle-13;Muscle-14;Muscle-15;Muscle-16;Muscle-17;Muscle-18;Muscle-19;Muscle-20,Muscle-09,19,1
Human,ATP1,rat_parameter_A,2,Muscle-10,Muscle-01;Muscle-02;Muscle-03;Muscle-04;Muscle-05;Muscle-06;Muscle-07;Muscle-08;Muscle-09;Muscle-11;Muscle-12;Muscle-13;Muscle-14;Muscle-15;Muscle-16;Muscle-17;Muscle-18;Muscle-19;Muscle-20,Muscle-10,19,1
Human,ATP1,rat_parameter_A,2,Muscle-11,Muscle-01;Muscle-02;Muscle-03;Muscle-04;Muscle-05;Muscle-06;Muscle-07;Muscle-08;Muscle-09;Muscle-10;Muscle-12;Muscle-13;Muscle-14;Muscle-15;Muscle-16;Muscle-17;Muscle-18;Muscle-19;Muscle-20,Muscle-11,19,1
Human,ATP1,rat_parameter_A,2,Muscle-12,Muscle-01;Muscle-02;Muscle-03;Muscle-04;Muscle-05;Muscle-06;Muscle-07;Muscle-08;Muscle-09;Muscle-10;Muscle-11;Muscle-13;Muscle-14;Muscle-15;Muscle-16;Muscle-17;Muscle-18;Muscle-19;Muscle-20,Muscle-12,19,1
Human,ATP1,rat_parameter_A,2,Muscle-13,Muscle-01;Muscle-02;Muscle-03;Muscle-04;Muscle-05;Muscle-06;Muscle-07;Muscle-08;Muscle-09;Muscle-10;Muscle-11;Muscle-12;Muscle-14;Muscle-15;Muscle-16;Muscle-17;Muscle-18;Muscle-19;Muscle-20,Muscle-13,19,1
Human,ATP1,rat_parameter_A,2,Muscle-14,Muscle-01;Muscle-02;Muscle-03;Muscle-04;Muscle-05;Muscle-06;Muscle-07;Muscle-08;Muscle-09;Muscle-10;Muscle-11;Muscle-12;Muscle-13;Muscle-15;Muscle-16;Muscle-17;Muscle-18;Muscle-19;Muscle-20,Muscle-14,19,1
Human,ATP1,rat_parameter_A,2,Muscle-15,Muscle-01;Muscle-02;Muscle-03;Muscle-04;Muscle-05;Muscle-06;Muscle-07;Muscle-08;Muscle-09;Muscle-10;Muscle-11;Muscle-12;Muscle-13;Muscle-14;Muscle-16;Muscle-17;Muscle-18;Muscle-19;Muscle-20,Muscle-15,19,1
Human,ATP1,rat_parameter_A,2,Muscle-16,Muscle-01;Muscle-02;Muscle-03;Muscle-04;Muscle-05;Muscle-06;Muscle-07;Muscle-08;Muscle-09;Muscle-10;Muscle-11;Muscle-12;Muscle-13;Muscle-14;Muscle-15;Muscle-17;Muscle-18;Muscle-19;Muscle-20,Muscle-16,19,1
Human,ATP1,rat_parameter_A,2,Muscle-17,Muscle-01;Muscle-02;Muscle-03;Muscle-04;Muscle-05;Muscle-06;Muscle-07;Muscle-08;Muscle-09;Muscle-10;Muscle-11;Muscle-12;Muscle-13;Muscle-14;Muscle-15;Muscle-16;Muscle-18;Muscle-19;Muscle-20,Muscle-17,19,1
Human,ATP1,rat_parameter_A,2,Muscle-18,Muscle-01;Muscle-02;Muscle-03;Muscle-04;Muscle-05;Muscle-06;Muscle-07;Muscle-08;Muscle-09;Muscle-10;Muscle-11;Muscle-12;Muscle-13;Muscle-14;Muscle-15;Muscle-16;Muscle-17;Muscle-19;Muscle-20,Muscle-18,19,1
Human,ATP1,rat_parameter_A,2,Muscle-19,Muscle-01;Muscle-02;Muscle-03;Muscle-04;Muscle-05;Muscle-06;Muscle-07;Muscle-08;Muscle-09;Muscle-10;Muscle-11;Muscle-12;Muscle-13;Muscle-14;Muscle-15;Muscle-16;Muscle-17;Muscle-18;Muscle-20,Muscle-19,19,1
Human,ATP1,rat_parameter_A,2,Muscle-20,Muscle-01;Muscle-02;Muscle-03;Muscle-04;Muscle-05;Muscle-06;Muscle-07;Muscle-08;Muscle-09;Muscle-10;Muscle-11;Muscle-12;Muscle-13;Muscle-14;Muscle-15;Muscle-16;Muscle-17;Muscle-18;Muscle-19,Muscle-20,19,1
Human,ATP1,human_ND_source,2,Muscle-01,Muscle-02;Muscle-03;Muscle-04;Muscle-05;Muscle-06;Muscle-07;Muscle-08;Muscle-09;Muscle-10;Muscle-11;Muscle-12;Muscle-13;Muscle-14;Muscle-15;Muscle-16;Muscle-17;Muscle-18;Muscle-19;Muscle-20,Muscle-01,19,1
Human,ATP1,human_ND_source,2,Muscle-02,Muscle-01;Muscle-03;Muscle-04;Muscle-05;Muscle-06;Muscle-07;Muscle-08;Muscle-09;Muscle-10;Muscle-11;Muscle-12;Muscle-13;Muscle-14;Muscle-15;Muscle-16;Muscle-17;Muscle-18;Muscle-19;Muscle-20,Muscle-02,19,1
Human,ATP1,human_ND_source,2,Muscle-03,Muscle-01;Muscle-02;Muscle-04;Muscle-05;Muscle-06;Muscle-07;Muscle-08;Muscle-09;Muscle-10;Muscle-11;Muscle-12;Muscle-13;Muscle-14;Muscle-15;Muscle-16;Muscle-17;Muscle-18;Muscle-19;Muscle-20,Muscle-03,19,1
Human,ATP1,human_ND_source,2,Muscle-04,Muscle-01;Muscle-02;Muscle-03;Muscle-05;Muscle-06;Muscle-07;Muscle-08;Muscle-09;Muscle-10;Muscle-11;Muscle-12;Muscle-13;Muscle-14;Muscle-15;Muscle-16;Muscle-17;Muscle-18;Muscle-19;Muscle-20,Muscle-04,19,1
Human,ATP1,human_ND_source,2,Muscle-05,Muscle-01;Muscle-02;Muscle-03;Muscle-04;Muscle-06;Muscle-07;Muscle-08;Muscle-09;Muscle-10;Muscle-11;Muscle-12;Muscle-13;Muscle-14;Muscle-15;Muscle-16;Muscle-17;Muscle-18;Muscle-19;Muscle-20,Muscle-05,19,1
Human,ATP1,human_ND_source,2,Muscle-06,Muscle-01;Muscle-02;Muscle-03;Muscle-04;Muscle-05;Muscle-07;Muscle-08;Muscle-09;Muscle-10;Muscle-11;Muscle-12;Muscle-13;Muscle-14;Muscle-15;Muscle-16;Muscle-17;Muscle-18;Muscle-19;Muscle-20,Muscle-06,19,1
Human,ATP1,human_ND_source,2,Muscle-07,Muscle-01;Muscle-02;Muscle-03;Muscle-04;Muscle-05;Muscle-06;Muscle-08;Muscle-09;Muscle-10;Muscle-11;Muscle-12;Muscle-13;Muscle-14;Muscle-15;Muscle-16;Muscle-17;Muscle-18;Muscle-19;Muscle-20,Muscle-07,19,1
Human,ATP1,human_ND_source,2,Muscle-08,Muscle-01;Muscle-02;Muscle-03;Muscle-04;Muscle-05;Muscle-06;Muscle-07;Muscle-09;Muscle-10;Muscle-11;Muscle-12;Muscle-13;Muscle-14;Muscle-15;Muscle-16;Muscle-17;Muscle-18;Muscle-19;Muscle-20,Muscle-08,19,1
Human,ATP1,human_ND_source,2,Muscle-09,Muscle-01;Muscle-02;Muscle-03;Muscle-04;Muscle-05;Muscle-06;Muscle-07;Muscle-08;Muscle-10;Muscle-11;Muscle-12;Muscle-13;Muscle-14;Muscle-15;Muscle-16;Muscle-17;Muscle-18;Muscle-19;Muscle-20,Muscle-09,19,1
Human,ATP1,human_ND_source,2,Muscle-10,Muscle-01;Muscle-02;Muscle-03;Muscle-04;Muscle-05;Muscle-06;Muscle-07;Muscle-08;Muscle-09;Muscle-11;Muscle-12;Muscle-13;Muscle-14;Muscle-15;Muscle-16;Muscle-17;Muscle-18;Muscle-19;Muscle-20,Muscle-10,19,1
Human,ATP1,human_ND_source,2,Muscle-11,Muscle-01;Muscle-02;Muscle-03;Muscle-04;Muscle-05;Muscle-06;Muscle-07;Muscle-08;Muscle-09;Muscle-10;Muscle-12;Muscle-13;Muscle-14;Muscle-15;Muscle-16;Muscle-17;Muscle-18;Muscle-19;Muscle-20,Muscle-11,19,1
Human,ATP1,human_ND_source,2,Muscle-12,Muscle-01;Muscle-02;Muscle-03;Muscle-04;Muscle-05;Muscle-06;Muscle-07;Muscle-08;Muscle-09;Muscle-10;Muscle-11;Muscle-13;Muscle-14;Muscle-15;Muscle-16;Muscle-17;Muscle-18;Muscle-19;Muscle-20,Muscle-12,19,1
Human,ATP1,human_ND_source,2,Muscle-13,Muscle-01;Muscle-02;Muscle-03;Muscle-04;Muscle-05;Muscle-06;Muscle-07;Muscle-08;Muscle-09;Muscle-10;Muscle-11;Muscle-12;Muscle-14;Muscle-15;Muscle-16;Muscle-17;Muscle-18;Muscle-19;Muscle-20,Muscle-13,19,1
Human,ATP1,human_ND_source,2,Muscle-14,Muscle-01;Muscle-02;Muscle-03;Muscle-04;Muscle-05;Muscle-06;Muscle-07;Muscle-08;Muscle-09;Muscle-10;Muscle-11;Muscle-12;Muscle-13;Muscle-15;Muscle-16;Muscle-17;Muscle-18;Muscle-19;Muscle-20,Muscle-14,19,1
Human,ATP1,human_ND_source,2,Muscle-15,Muscle-01;Muscle-02;Muscle-03;Muscle-04;Muscle-05;Muscle-06;Muscle-07;Muscle-08;Muscle-09;Muscle-10;Muscle-11;Muscle-12;Muscle-13;Muscle-14;Muscle-16;Muscle-17;Muscle-18;Muscle-19;Muscle-20,Muscle-15,19,1
Human,ATP1,human_ND_source,2,Muscle-16,Muscle-01;Muscle-02;Muscle-03;Muscle-04;Muscle-05;Muscle-06;Muscle-07;Muscle-08;Muscle-09;Muscle-10;Muscle-11;Muscle-12;Muscle-13;Muscle-14;Muscle-15;Muscle-17;Muscle-18;Muscle-19;Muscle-20,Muscle-16,19,1
Human,ATP1,human_ND_source,2,Muscle-17,Muscle-01;Muscle-02;Muscle-03;Muscle-04;Muscle-05;Muscle-06;Muscle-07;Muscle-08;Muscle-09;Muscle-10;Muscle-11;Muscle-12;Muscle-13;Muscle-14;Muscle-15;Muscle-16;Muscle-18;Muscle-19;Muscle-20,Muscle-17,19,1
Human,ATP1,human_ND_source,2,Muscle-18,Muscle-01;Muscle-02;Muscle-03;Muscle-04;Muscle-05;Muscle-06;Muscle-07;Muscle-08;Muscle-09;Muscle-10;Muscle-11;Muscle-12;Muscle-13;Muscle-14;Muscle-15;Muscle-16;Muscle-17;Muscle-19;Muscle-20,Muscle-18,19,1
Human,ATP1,human_ND_source,2,Muscle-19,Muscle-01;Muscle-02;Muscle-03;Muscle-04;Muscle-05;Muscle-06;Muscle-07;Muscle-08;Muscle-09;Muscle-10;Muscle-11;Muscle-12;Muscle-13;Muscle-14;Muscle-15;Muscle-16;Muscle-17;Muscle-18;Muscle-20,Muscle-19,19,1
Human,ATP1,human_ND_source,2,Muscle-20,Muscle-01;Muscle-02;Muscle-03;Muscle-04;Muscle-05;Muscle-06;Muscle-07;Muscle-08;Muscle-09;Muscle-10;Muscle-11;Muscle-12;Muscle-13;Muscle-14;Muscle-15;Muscle-16;Muscle-17;Muscle-18;Muscle-19,Muscle-20,19,1
Human,ATP1,random_seeded,2,Muscle-01,Muscle-02;Muscle-03;Muscle-04;Muscle-05;Muscle-06;Muscle-07;Muscle-08;Muscle-09;Muscle-10;Muscle-11;Muscle-12;Muscle-13;Muscle-14;Muscle-15;Muscle-16;Muscle-17;Muscle-18;Muscle-19;Muscle-20,Muscle-01,19,1
Human,ATP1,random_seeded,2,Muscle-02,Muscle-01;Muscle-03;Muscle-04;Muscle-05;Muscle-06;Muscle-07;Muscle-08;Muscle-09;Muscle-10;Muscle-11;Muscle-12;Muscle-13;Muscle-14;Muscle-15;Muscle-16;Muscle-17;Muscle-18;Muscle-19;Muscle-20,Muscle-02,19,1
Human,ATP1,random_seeded,2,Muscle-03,Muscle-01;Muscle-02;Muscle-04;Muscle-05;Muscle-06;Muscle-07;Muscle-08;Muscle-09;Muscle-10;Muscle-11;Muscle-12;Muscle-13;Muscle-14;Muscle-15;Muscle-16;Muscle-17;Muscle-18;Muscle-19;Muscle-20,Muscle-03,19,1
Human,ATP1,random_seeded,2,Muscle-04,Muscle-01;Muscle-02;Muscle-03;Muscle-05;Muscle-06;Muscle-07;Muscle-08;Muscle-09;Muscle-10;Muscle-11;Muscle-12;Muscle-13;Muscle-14;Muscle-15;Muscle-16;Muscle-17;Muscle-18;Muscle-19;Muscle-20,Muscle-04,19,1
Human,ATP1,random_seeded,2,Muscle-05,Muscle-01;Muscle-02;Muscle-03;Muscle-04;Muscle-06;Muscle-07;Muscle-08;Muscle-09;Muscle-10;Muscle-11;Muscle-12;Muscle-13;Muscle-14;Muscle-15;Muscle-16;Muscle-17;Muscle-18;Muscle-19;Muscle-20,Muscle-05,19,1
Human,ATP1,random_seeded,2,Muscle-06,Muscle-01;Muscle-02;Muscle-03;Muscle-04;Muscle-05;Muscle-07;Muscle-08;Muscle-09;Muscle-10;Muscle-11;Muscle-12;Muscle-13;Muscle-14;Muscle-15;Muscle-16;Muscle-17;Muscle-18;Muscle-19;Muscle-20,Muscle-06,19,1
Human,ATP1,random_seeded,2,Muscle-07,Muscle-01;Muscle-02;Muscle-03;Muscle-04;Muscle-05;Muscle-06;Muscle-08;Muscle-09;Muscle-10;Muscle-11;Muscle-12;Muscle-13;Muscle-14;Muscle-15;Muscle-16;Muscle-17;Muscle-18;Muscle-19;Muscle-20,Muscle-07,19,1
Human,ATP1,random_seeded,2,Muscle-08,Muscle-01;Muscle-02;Muscle-03;Muscle-04;Muscle-05;Muscle-06;Muscle-07;Muscle-09;Muscle-10;Muscle-11;Muscle-12;Muscle-13;Muscle-14;Muscle-15;Muscle-16;Muscle-17;Muscle-18;Muscle-19;Muscle-20,Muscle-08,19,1
Human,ATP1,random_seeded,2,Muscle-09,Muscle-01;Muscle-02;Muscle-03;Muscle-04;Muscle-05;Muscle-06;Muscle-07;Muscle-08;Muscle-10;Muscle-11;Muscle-12;Muscle-13;Muscle-14;Muscle-15;Muscle-16;Muscle-17;Muscle-18;Muscle-19;Muscle-20,Muscle-09,19,1
Human,ATP1,random_seeded,2,Muscle-10,Muscle-01;Muscle-02;Muscle-03;Muscle-04;Muscle-05;Muscle-06;Muscle-07;Muscle-08;Muscle-09;Muscle-11;Muscle-12;Muscle-13;Muscle-14;Muscle-15;Muscle-16;Muscle-17;Muscle-18;Muscle-19;Muscle-20,Muscle-10,19,1
Human,ATP1,random_seeded,2,Muscle-11,Muscle-01;Muscle-02;Muscle-03;Muscle-04;Muscle-05;Muscle-06;Muscle-07;Muscle-08;Muscle-09;Muscle-10;Muscle-12;Muscle-13;Muscle-14;Muscle-15;Muscle-16;Muscle-17;Muscle-18;Muscle-19;Muscle-20,Muscle-11,19,1
Human,ATP1,random_seeded,2,Muscle-12,Muscle-01;Muscle-02;Muscle-03;Muscle-04;Muscle-05;Muscle-06;Muscle-07;Muscle-08;Muscle-09;Muscle-10;Muscle-11;Muscle-13;Muscle-14;Muscle-15;Muscle-16;Muscle-17;Muscle-18;Muscle-19;Muscle-20,Muscle-12,19,1
Human,ATP1,random_seeded,2,Muscle-13,Muscle-01;Muscle-02;Muscle-03;Muscle-04;Muscle-05;Muscle-06;Muscle-07;Muscle-08;Muscle-09;Muscle-10;Muscle-11;Muscle-12;Muscle-14;Muscle-15;Muscle-16;Muscle-17;Muscle-18;Muscle-19;Muscle-20,Muscle-13,19,1
Human,ATP1,random_seeded,2,Muscle-14,Muscle-01;Muscle-02;Muscle-03;Muscle-04;Muscle-05;Muscle-06;Muscle-07;Muscle-08;Muscle-09;Muscle-10;Muscle-11;Muscle-12;Muscle-13;Muscle-15;Muscle-16;Muscle-17;Muscle-18;Muscle-19;Muscle-20,Muscle-14,19,1
Human,ATP1,random_seeded,2,Muscle-15,Muscle-01;Muscle-02;Muscle-03;Muscle-04;Muscle-05;Muscle-06;Muscle-07;Muscle-08;Muscle-09;Muscle-10;Muscle-11;Muscle-12;Muscle-13;Muscle-14;Muscle-16;Muscle-17;Muscle-18;Muscle-19;Muscle-20,Muscle-15,19,1
Human,ATP1,random_seeded,2,Muscle-16,Muscle-01;Muscle-02;Muscle-03;Muscle-04;Muscle-05;Muscle-06;Muscle-07;Muscle-08;Muscle-09;Muscle-10;Muscle-11;Muscle-12;Muscle-13;Muscle-14;Muscle-15;Muscle-17;Muscle-18;Muscle-19;Muscle-20,Muscle-16,19,1
Human,ATP1,random_seeded,2,Muscle-17,Muscle-01;Muscle-02;Muscle-03;Muscle-04;Muscle-05;Muscle-06;Muscle-07;Muscle-08;Muscle-09;Muscle-10;Muscle-11;Muscle-12;Muscle-13;Muscle-14;Muscle-15;Muscle-16;Muscle-18;Muscle-19;Muscle-20,Muscle-17,19,1
Human,ATP1,random_seeded,2,Muscle-18,Muscle-01;Muscle-02;Muscle-03;Muscle-04;Muscle-05;Muscle-06;Muscle-07;Muscle-08;Muscle-09;Muscle-10;Muscle-11;Muscle-12;Muscle-13;Muscle-14;Muscle-15;Muscle-16;Muscle-17;Muscle-19;Muscle-20,Muscle-18,19,1
Human,ATP1,random_seeded,2,Muscle-19,Muscle-01;Muscle-02;Muscle-03;Muscle-04;Muscle-05;Muscle-06;Muscle-07;Muscle-08;Muscle-09;Muscle-10;Muscle-11;Muscle-12;Muscle-13;Muscle-14;Muscle-15;Muscle-16;Muscle-17;Muscle-18;Muscle-20,Muscle-19,19,1
Human,ATP1,random_seeded,2,Muscle-20,Muscle-01;Muscle-02;Muscle-03;Muscle-04;Muscle-05;Muscle-06;Muscle-07;Muscle-08;Muscle-09;Muscle-10;Muscle-11;Muscle-12;Muscle-13;Muscle-14;Muscle-15;Muscle-16;Muscle-17;Muscle-18;Muscle-19,Muscle-20,19,1
Human,ATP1,fixed_conventional,2,Muscle-01,Muscle-02;Muscle-03;Muscle-04;Muscle-05;Muscle-06;Muscle-07;Muscle-08;Muscle-09;Muscle-10;Muscle-11;Muscle-12;Muscle-13;Muscle-14;Muscle-15;Muscle-16;Muscle-17;Muscle-18;Muscle-19;Muscle-20,Muscle-01,19,1
Human,ATP1,fixed_conventional,2,Muscle-02,Muscle-01;Muscle-03;Muscle-04;Muscle-05;Muscle-06;Muscle-07;Muscle-08;Muscle-09;Muscle-10;Muscle-11;Muscle-12;Muscle-13;Muscle-14;Muscle-15;Muscle-16;Muscle-17;Muscle-18;Muscle-19;Muscle-20,Muscle-02,19,1
Human,ATP1,fixed_conventional,2,Muscle-03,Muscle-01;Muscle-02;Muscle-04;Muscle-05;Muscle-06;Muscle-07;Muscle-08;Muscle-09;Muscle-10;Muscle-11;Muscle-12;Muscle-13;Muscle-14;Muscle-15;Muscle-16;Muscle-17;Muscle-18;Muscle-19;Muscle-20,Muscle-03,19,1
Human,ATP1,fixed_conventional,2,Muscle-04,Muscle-01;Muscle-02;Muscle-03;Muscle-05;Muscle-06;Muscle-07;Muscle-08;Muscle-09;Muscle-10;Muscle-11;Muscle-12;Muscle-13;Muscle-14;Muscle-15;Muscle-16;Muscle-17;Muscle-18;Muscle-19;Muscle-20,Muscle-04,19,1
Human,ATP1,fixed_conventional,2,Muscle-05,Muscle-01;Muscle-02;Muscle-03;Muscle-04;Muscle-06;Muscle-07;Muscle-08;Muscle-09;Muscle-10;Muscle-11;Muscle-12;Muscle-13;Muscle-14;Muscle-15;Muscle-16;Muscle-17;Muscle-18;Muscle-19;Muscle-20,Muscle-05,19,1
Human,ATP1,fixed_conventional,2,Muscle-06,Muscle-01;Muscle-02;Muscle-03;Muscle-04;Muscle-05;Muscle-07;Muscle-08;Muscle-09;Muscle-10;Muscle-11;Muscle-12;Muscle-13;Muscle-14;Muscle-15;Muscle-16;Muscle-17;Muscle-18;Muscle-19;Muscle-20,Muscle-06,19,1
Human,ATP1,fixed_conventional,2,Muscle-07,Muscle-01;Muscle-02;Muscle-03;Muscle-04;Muscle-05;Muscle-06;Muscle-08;Muscle-09;Muscle-10;Muscle-11;Muscle-12;Muscle-13;Muscle-14;Muscle-15;Muscle-16;Muscle-17;Muscle-18;Muscle-19;Muscle-20,Muscle-07,19,1
Human,ATP1,fixed_conventional,2,Muscle-08,Muscle-01;Muscle-02;Muscle-03;Muscle-04;Muscle-05;Muscle-06;Muscle-07;Muscle-09;Muscle-10;Muscle-11;Muscle-12;Muscle-13;Muscle-14;Muscle-15;Muscle-16;Muscle-17;Muscle-18;Muscle-19;Muscle-20,Muscle-08,19,1
Human,ATP1,fixed_conventional,2,Muscle-09,Muscle-01;Muscle-02;Muscle-03;Muscle-04;Muscle-05;Muscle-06;Muscle-07;Muscle-08;Muscle-10;Muscle-11;Muscle-12;Muscle-13;Muscle-14;Muscle-15;Muscle-16;Muscle-17;Muscle-18;Muscle-19;Muscle-20,Muscle-09,19,1
Human,ATP1,fixed_conventional,2,Muscle-10,Muscle-01;Muscle-02;Muscle-03;Muscle-04;Muscle-05;Muscle-06;Muscle-07;Muscle-08;Muscle-09;Muscle-11;Muscle-12;Muscle-13;Muscle-14;Muscle-15;Muscle-16;Muscle-17;Muscle-18;Muscle-19;Muscle-20,Muscle-10,19,1
Human,ATP1,fixed_conventional,2,Muscle-11,Muscle-01;Muscle-02;Muscle-03;Muscle-04;Muscle-05;Muscle-06;Muscle-07;Muscle-08;Muscle-09;Muscle-10;Muscle-12;Muscle-13;Muscle-14;Muscle-15;Muscle-16;Muscle-17;Muscle-18;Muscle-19;Muscle-20,Muscle-11,19,1
Human,ATP1,fixed_conventional,2,Muscle-12,Muscle-01;Muscle-02;Muscle-03;Muscle-04;Muscle-05;Muscle-06;Muscle-07;Muscle-08;Muscle-09;Muscle-10;Muscle-11;Muscle-13;Muscle-14;Muscle-15;Muscle-16;Muscle-17;Muscle-18;Muscle-19;Muscle-20,Muscle-12,19,1
Human,ATP1,fixed_conventional,2,Muscle-13,Muscle-01;Muscle-02;Muscle-03;Muscle-04;Muscle-05;Muscle-06;Muscle-07;Muscle-08;Muscle-09;Muscle-10;Muscle-11;Muscle-12;Muscle-14;Muscle-15;Muscle-16;Muscle-17;Muscle-18;Muscle-19;Muscle-20,Muscle-13,19,1
Human,ATP1,fixed_conventional,2,Muscle-14,Muscle-01;Muscle-02;Muscle-03;Muscle-04;Muscle-05;Muscle-06;Muscle-07;Muscle-08;Muscle-09;Muscle-10;Muscle-11;Muscle-12;Muscle-13;Muscle-15;Muscle-16;Muscle-17;Muscle-18;Muscle-19;Muscle-20,Muscle-14,19,1
Human,ATP1,fixed_conventional,2,Muscle-15,Muscle-01;Muscle-02;Muscle-03;Muscle-04;Muscle-05;Muscle-06;Muscle-07;Muscle-08;Muscle-09;Muscle-10;Muscle-11;Muscle-12;Muscle-13;Muscle-14;Muscle-16;Muscle-17;Muscle-18;Muscle-19;Muscle-20,Muscle-15,19,1
Human,ATP1,fixed_conventional,2,Muscle-16,Muscle-01;Muscle-02;Muscle-03;Muscle-04;Muscle-05;Muscle-06;Muscle-07;Muscle-08;Muscle-09;Muscle-10;Muscle-11;Muscle-12;Muscle-13;Muscle-14;Muscle-15;Muscle-17;Muscle-18;Muscle-19;Muscle-20,Muscle-16,19,1
Human,ATP1,fixed_conventional,2,Muscle-17,Muscle-01;Muscle-02;Muscle-03;Muscle-04;Muscle-05;Muscle-06;Muscle-07;Muscle-08;Muscle-09;Muscle-10;Muscle-11;Muscle-12;Muscle-13;Muscle-14;Muscle-15;Muscle-16;Muscle-18;Muscle-19;Muscle-20,Muscle-17,19,1
Human,ATP1,fixed_conventional,2,Muscle-18,Muscle-01;Muscle-02;Muscle-03;Muscle-04;Muscle-05;Muscle-06;Muscle-07;Muscle-08;Muscle-09;Muscle-10;Muscle-11;Muscle-12;Muscle-13;Muscle-14;Muscle-15;Muscle-16;Muscle-17;Muscle-19;Muscle-20,Muscle-18,19,1
Human,ATP1,fixed_conventional,2,Muscle-19,Muscle-01;Muscle-02;Muscle-03;Muscle-04;Muscle-05;Muscle-06;Muscle-07;Muscle-08;Muscle-09;Muscle-10;Muscle-11;Muscle-12;Muscle-13;Muscle-14;Muscle-15;Muscle-16;Muscle-17;Muscle-18;Muscle-20,Muscle-19,19,1
Human,ATP1,fixed_conventional,2,Muscle-20,Muscle-01;Muscle-02;Muscle-03;Muscle-04;Muscle-05;Muscle-06;Muscle-07;Muscle-08;Muscle-09;Muscle-10;Muscle-11;Muscle-12;Muscle-13;Muscle-14;Muscle-15;Muscle-16;Muscle-17;Muscle-18;Muscle-19,Muscle-20,19,1
Human,ATP1,destination_nested_oracle,2,Muscle-01,Muscle-02;Muscle-03;Muscle-04;Muscle-05;Muscle-06;Muscle-07;Muscle-08;Muscle-09;Muscle-10;Muscle-11;Muscle-12;Muscle-13;Muscle-14;Muscle-15;Muscle-16;Muscle-17;Muscle-18;Muscle-19;Muscle-20,Muscle-01,19,1
Human,ATP1,destination_nested_oracle,2,Muscle-02,Muscle-01;Muscle-03;Muscle-04;Muscle-05;Muscle-06;Muscle-07;Muscle-08;Muscle-09;Muscle-10;Muscle-11;Muscle-12;Muscle-13;Muscle-14;Muscle-15;Muscle-16;Muscle-17;Muscle-18;Muscle-19;Muscle-20,Muscle-02,19,1
Human,ATP1,destination_nested_oracle,2,Muscle-03,Muscle-01;Muscle-02;Muscle-04;Muscle-05;Muscle-06;Muscle-07;Muscle-08;Muscle-09;Muscle-10;Muscle-11;Muscle-12;Muscle-13;Muscle-14;Muscle-15;Muscle-16;Muscle-17;Muscle-18;Muscle-19;Muscle-20,Muscle-03,19,1
Human,ATP1,destination_nested_oracle,2,Muscle-04,Muscle-01;Muscle-02;Muscle-03;Muscle-05;Muscle-06;Muscle-07;Muscle-08;Muscle-09;Muscle-10;Muscle-11;Muscle-12;Muscle-13;Muscle-14;Muscle-15;Muscle-16;Muscle-17;Muscle-18;Muscle-19;Muscle-20,Muscle-04,19,1
Human,ATP1,destination_nested_oracle,2,Muscle-05,Muscle-01;Muscle-02;Muscle-03;Muscle-04;Muscle-06;Muscle-07;Muscle-08;Muscle-09;Muscle-10;Muscle-11;Muscle-12;Muscle-13;Muscle-14;Muscle-15;Muscle-16;Muscle-17;Muscle-18;Muscle-19;Muscle-20,Muscle-05,19,1
Human,ATP1,destination_nested_oracle,2,Muscle-06,Muscle-01;Muscle-02;Muscle-03;Muscle-04;Muscle-05;Muscle-07;Muscle-08;Muscle-09;Muscle-10;Muscle-11;Muscle-12;Muscle-13;Muscle-14;Muscle-15;Muscle-16;Muscle-17;Muscle-18;Muscle-19;Muscle-20,Muscle-06,19,1
Human,ATP1,destination_nested_oracle,2,Muscle-07,Muscle-01;Muscle-02;Muscle-03;Muscle-04;Muscle-05;Muscle-06;Muscle-08;Muscle-09;Muscle-10;Muscle-11;Muscle-12;Muscle-13;Muscle-14;Muscle-15;Muscle-16;Muscle-17;Muscle-18;Muscle-19;Muscle-20,Muscle-07,19,1
Human,ATP1,destination_nested_oracle,2,Muscle-08,Muscle-01;Muscle-02;Muscle-03;Muscle-04;Muscle-05;Muscle-06;Muscle-07;Muscle-09;Muscle-10;Muscle-11;Muscle-12;Muscle-13;Muscle-14;Muscle-15;Muscle-16;Muscle-17;Muscle-18;Muscle-19;Muscle-20,Muscle-08,19,1
Human,ATP1,destination_nested_oracle,2,Muscle-09,Muscle-01;Muscle-02;Muscle-03;Muscle-04;Muscle-05;Muscle-06;Muscle-07;Muscle-08;Muscle-10;Muscle-11;Muscle-12;Muscle-13;Muscle-14;Muscle-15;Muscle-16;Muscle-17;Muscle-18;Muscle-19;Muscle-20,Muscle-09,19,1
Human,ATP1,destination_nested_oracle,2,Muscle-10,Muscle-01;Muscle-02;Muscle-03;Muscle-04;Muscle-05;Muscle-06;Muscle-07;Muscle-08;Muscle-09;Muscle-11;Muscle-12;Muscle-13;Muscle-14;Muscle-15;Muscle-16;Muscle-17;Muscle-18;Muscle-19;Muscle-20,Muscle-10,19,1
Human,ATP1,destination_nested_oracle,2,Muscle-11,Muscle-01;Muscle-02;Muscle-03;Muscle-04;Muscle-05;Muscle-06;Muscle-07;Muscle-08;Muscle-09;Muscle-10;Muscle-12;Muscle-13;Muscle-14;Muscle-15;Muscle-16;Muscle-17;Muscle-18;Muscle-19;Muscle-20,Muscle-11,19,1
Human,ATP1,destination_nested_oracle,2,Muscle-12,Muscle-01;Muscle-02;Muscle-03;Muscle-04;Muscle-05;Muscle-06;Muscle-07;Muscle-08;Muscle-09;Muscle-10;Muscle-11;Muscle-13;Muscle-14;Muscle-15;Muscle-16;Muscle-17;Muscle-18;Muscle-19;Muscle-20,Muscle-12,19,1
Human,ATP1,destination_nested_oracle,2,Muscle-13,Muscle-01;Muscle-02;Muscle-03;Muscle-04;Muscle-05;Muscle-06;Muscle-07;Muscle-08;Muscle-09;Muscle-10;Muscle-11;Muscle-12;Muscle-14;Muscle-15;Muscle-16;Muscle-17;Muscle-18;Muscle-19;Muscle-20,Muscle-13,19,1
Human,ATP1,destination_nested_oracle,2,Muscle-14,Muscle-01;Muscle-02;Muscle-03;Muscle-04;Muscle-05;Muscle-06;Muscle-07;Muscle-08;Muscle-09;Muscle-10;Muscle-11;Muscle-12;Muscle-13;Muscle-15;Muscle-16;Muscle-17;Muscle-18;Muscle-19;Muscle-20,Muscle-14,19,1
Human,ATP1,destination_nested_oracle,2,Muscle-15,Muscle-01;Muscle-02;Muscle-03;Muscle-04;Muscle-05;Muscle-06;Muscle-07;Muscle-08;Muscle-09;Muscle-10;Muscle-11;Muscle-12;Muscle-13;Muscle-14;Muscle-16;Muscle-17;Muscle-18;Muscle-19;Muscle-20,Muscle-15,19,1
Human,ATP1,destination_nested_oracle,2,Muscle-16,Muscle-01;Muscle-02;Muscle-03;Muscle-04;Muscle-05;Muscle-06;Muscle-07;Muscle-08;Muscle-09;Muscle-10;Muscle-11;Muscle-12;Muscle-13;Muscle-14;Muscle-15;Muscle-17;Muscle-18;Muscle-19;Muscle-20,Muscle-16,19,1
Human,ATP1,destination_nested_oracle,2,Muscle-17,Muscle-01;Muscle-02;Muscle-03;Muscle-04;Muscle-05;Muscle-06;Muscle-07;Muscle-08;Muscle-09;Muscle-10;Muscle-11;Muscle-12;Muscle-13;Muscle-14;Muscle-15;Muscle-16;Muscle-18;Muscle-19;Muscle-20,Muscle-17,19,1
Human,ATP1,destination_nested_oracle,2,Muscle-18,Muscle-01;Muscle-02;Muscle-03;Muscle-04;Muscle-05;Muscle-06;Muscle-07;Muscle-08;Muscle-09;Muscle-10;Muscle-11;Muscle-12;Muscle-13;Muscle-14;Muscle-15;Muscle-16;Muscle-17;Muscle-19;Muscle-20,Muscle-18,19,1
Human,ATP1,destination_nested_oracle,2,Muscle-19,Muscle-01;Muscle-02;Muscle-03;Muscle-04;Muscle-05;Muscle-06;Muscle-07;Muscle-08;Muscle-09;Muscle-10;Muscle-11;Muscle-12;Muscle-13;Muscle-14;Muscle-15;Muscle-16;Muscle-17;Muscle-18;Muscle-20,Muscle-19,19,1
Human,ATP1,destination_nested_oracle,2,Muscle-20,Muscle-01;Muscle-02;Muscle-03;Muscle-04;Muscle-05;Muscle-06;Muscle-07;Muscle-08;Muscle-09;Muscle-10;Muscle-11;Muscle-12;Muscle-13;Muscle-14;Muscle-15;Muscle-16;Muscle-17;Muscle-18;Muscle-19,Muscle-20,19,1
Human,ATP1,rat_K_target,3,Muscle-01,Muscle-02;Muscle-03;Muscle-04;Muscle-05;Muscle-06;Muscle-07;Muscle-08;Muscle-09;Muscle-10;Muscle-11;Muscle-12;Muscle-13;Muscle-14;Muscle-15;Muscle-16;Muscle-17;Muscle-18;Muscle-19;Muscle-20,Muscle-01,19,1
Human,ATP1,rat_K_target,3,Muscle-02,Muscle-01;Muscle-03;Muscle-04;Muscle-05;Muscle-06;Muscle-07;Muscle-08;Muscle-09;Muscle-10;Muscle-11;Muscle-12;Muscle-13;Muscle-14;Muscle-15;Muscle-16;Muscle-17;Muscle-18;Muscle-19;Muscle-20,Muscle-02,19,1
Human,ATP1,rat_K_target,3,Muscle-03,Muscle-01;Muscle-02;Muscle-04;Muscle-05;Muscle-06;Muscle-07;Muscle-08;Muscle-09;Muscle-10;Muscle-11;Muscle-12;Muscle-13;Muscle-14;Muscle-15;Muscle-16;Muscle-17;Muscle-18;Muscle-19;Muscle-20,Muscle-03,19,1
Human,ATP1,rat_K_target,3,Muscle-04,Muscle-01;Muscle-02;Muscle-03;Muscle-05;Muscle-06;Muscle-07;Muscle-08;Muscle-09;Muscle-10;Muscle-11;Muscle-12;Muscle-13;Muscle-14;Muscle-15;Muscle-16;Muscle-17;Muscle-18;Muscle-19;Muscle-20,Muscle-04,19,1
Human,ATP1,rat_K_target,3,Muscle-05,Muscle-01;Muscle-02;Muscle-03;Muscle-04;Muscle-06;Muscle-07;Muscle-08;Muscle-09;Muscle-10;Muscle-11;Muscle-12;Muscle-13;Muscle-14;Muscle-15;Muscle-16;Muscle-17;Muscle-18;Muscle-19;Muscle-20,Muscle-05,19,1
Human,ATP1,rat_K_target,3,Muscle-06,Muscle-01;Muscle-02;Muscle-03;Muscle-04;Muscle-05;Muscle-07;Muscle-08;Muscle-09;Muscle-10;Muscle-11;Muscle-12;Muscle-13;Muscle-14;Muscle-15;Muscle-16;Muscle-17;Muscle-18;Muscle-19;Muscle-20,Muscle-06,19,1
Human,ATP1,rat_K_target,3,Muscle-07,Muscle-01;Muscle-02;Muscle-03;Muscle-04;Muscle-05;Muscle-06;Muscle-08;Muscle-09;Muscle-10;Muscle-11;Muscle-12;Muscle-13;Muscle-14;Muscle-15;Muscle-16;Muscle-17;Muscle-18;Muscle-19;Muscle-20,Muscle-07,19,1
Human,ATP1,rat_K_target,3,Muscle-08,Muscle-01;Muscle-02;Muscle-03;Muscle-04;Muscle-05;Muscle-06;Muscle-07;Muscle-09;Muscle-10;Muscle-11;Muscle-12;Muscle-13;Muscle-14;Muscle-15;Muscle-16;Muscle-17;Muscle-18;Muscle-19;Muscle-20,Muscle-08,19,1
Human,ATP1,rat_K_target,3,Muscle-09,Muscle-01;Muscle-02;Muscle-03;Muscle-04;Muscle-05;Muscle-06;Muscle-07;Muscle-08;Muscle-10;Muscle-11;Muscle-12;Muscle-13;Muscle-14;Muscle-15;Muscle-16;Muscle-17;Muscle-18;Muscle-19;Muscle-20,Muscle-09,19,1
Human,ATP1,rat_K_target,3,Muscle-10,Muscle-01;Muscle-02;Muscle-03;Muscle-04;Muscle-05;Muscle-06;Muscle-07;Muscle-08;Muscle-09;Muscle-11;Muscle-12;Muscle-13;Muscle-14;Muscle-15;Muscle-16;Muscle-17;Muscle-18;Muscle-19;Muscle-20,Muscle-10,19,1
Human,ATP1,rat_K_target,3,Muscle-11,Muscle-01;Muscle-02;Muscle-03;Muscle-04;Muscle-05;Muscle-06;Muscle-07;Muscle-08;Muscle-09;Muscle-10;Muscle-12;Muscle-13;Muscle-14;Muscle-15;Muscle-16;Muscle-17;Muscle-18;Muscle-19;Muscle-20,Muscle-11,19,1
Human,ATP1,rat_K_target,3,Muscle-12,Muscle-01;Muscle-02;Muscle-03;Muscle-04;Muscle-05;Muscle-06;Muscle-07;Muscle-08;Muscle-09;Muscle-10;Muscle-11;Muscle-13;Muscle-14;Muscle-15;Muscle-16;Muscle-17;Muscle-18;Muscle-19;Muscle-20,Muscle-12,19,1
Human,ATP1,rat_K_target,3,Muscle-13,Muscle-01;Muscle-02;Muscle-03;Muscle-04;Muscle-05;Muscle-06;Muscle-07;Muscle-08;Muscle-09;Muscle-10;Muscle-11;Muscle-12;Muscle-14;Muscle-15;Muscle-16;Muscle-17;Muscle-18;Muscle-19;Muscle-20,Muscle-13,19,1
Human,ATP1,rat_K_target,3,Muscle-14,Muscle-01;Muscle-02;Muscle-03;Muscle-04;Muscle-05;Muscle-06;Muscle-07;Muscle-08;Muscle-09;Muscle-10;Muscle-11;Muscle-12;Muscle-13;Muscle-15;Muscle-16;Muscle-17;Muscle-18;Muscle-19;Muscle-20,Muscle-14,19,1
Human,ATP1,rat_K_target,3,Muscle-15,Muscle-01;Muscle-02;Muscle-03;Muscle-04;Muscle-05;Muscle-06;Muscle-07;Muscle-08;Muscle-09;Muscle-10;Muscle-11;Muscle-12;Muscle-13;Muscle-14;Muscle-16;Muscle-17;Muscle-18;Muscle-19;Muscle-20,Muscle-15,19,1
Human,ATP1,rat_K_target,3,Muscle-16,Muscle-01;Muscle-02;Muscle-03;Muscle-04;Muscle-05;Muscle-06;Muscle-07;Muscle-08;Muscle-09;Muscle-10;Muscle-11;Muscle-12;Muscle-13;Muscle-14;Muscle-15;Muscle-17;Muscle-18;Muscle-19;Muscle-20,Muscle-16,19,1
Human,ATP1,rat_K_target,3,Muscle-17,Muscle-01;Muscle-02;Muscle-03;Muscle-04;Muscle-05;Muscle-06;Muscle-07;Muscle-08;Muscle-09;Muscle-10;Muscle-11;Muscle-12;Muscle-13;Muscle-14;Muscle-15;Muscle-16;Muscle-18;Muscle-19;Muscle-20,Muscle-17,19,1
Human,ATP1,rat_K_target,3,Muscle-18,Muscle-01;Muscle-02;Muscle-03;Muscle-04;Muscle-05;Muscle-06;Muscle-07;Muscle-08;Muscle-09;Muscle-10;Muscle-11;Muscle-12;Muscle-13;Muscle-14;Muscle-15;Muscle-16;Muscle-17;Muscle-19;Muscle-20,Muscle-18,19,1
Human,ATP1,rat_K_target,3,Muscle-19,Muscle-01;Muscle-02;Muscle-03;Muscle-04;Muscle-05;Muscle-06;Muscle-07;Muscle-08;Muscle-09;Muscle-10;Muscle-11;Muscle-12;Muscle-13;Muscle-14;Muscle-15;Muscle-16;Muscle-17;Muscle-18;Muscle-20,Muscle-19,19,1
Human,ATP1,rat_K_target,3,Muscle-20,Muscle-01;Muscle-02;Muscle-03;Muscle-04;Muscle-05;Muscle-06;Muscle-07;Muscle-08;Muscle-09;Muscle-10;Muscle-11;Muscle-12;Muscle-13;Muscle-14;Muscle-15;Muscle-16;Muscle-17;Muscle-18;Muscle-19,Muscle-20,19,1
Human,ATP1,rat_R_robust,3,Muscle-01,Muscle-02;Muscle-03;Muscle-04;Muscle-05;Muscle-06;Muscle-07;Muscle-08;Muscle-09;Muscle-10;Muscle-11;Muscle-12;Muscle-13;Muscle-14;Muscle-15;Muscle-16;Muscle-17;Muscle-18;Muscle-19;Muscle-20,Muscle-01,19,1
Human,ATP1,rat_R_robust,3,Muscle-02,Muscle-01;Muscle-03;Muscle-04;Muscle-05;Muscle-06;Muscle-07;Muscle-08;Muscle-09;Muscle-10;Muscle-11;Muscle-12;Muscle-13;Muscle-14;Muscle-15;Muscle-16;Muscle-17;Muscle-18;Muscle-19;Muscle-20,Muscle-02,19,1
Human,ATP1,rat_R_robust,3,Muscle-03,Muscle-01;Muscle-02;Muscle-04;Muscle-05;Muscle-06;Muscle-07;Muscle-08;Muscle-09;Muscle-10;Muscle-11;Muscle-12;Muscle-13;Muscle-14;Muscle-15;Muscle-16;Muscle-17;Muscle-18;Muscle-19;Muscle-20,Muscle-03,19,1
Human,ATP1,rat_R_robust,3,Muscle-04,Muscle-01;Muscle-02;Muscle-03;Muscle-05;Muscle-06;Muscle-07;Muscle-08;Muscle-09;Muscle-10;Muscle-11;Muscle-12;Muscle-13;Muscle-14;Muscle-15;Muscle-16;Muscle-17;Muscle-18;Muscle-19;Muscle-20,Muscle-04,19,1
Human,ATP1,rat_R_robust,3,Muscle-05,Muscle-01;Muscle-02;Muscle-03;Muscle-04;Muscle-06;Muscle-07;Muscle-08;Muscle-09;Muscle-10;Muscle-11;Muscle-12;Muscle-13;Muscle-14;Muscle-15;Muscle-16;Muscle-17;Muscle-18;Muscle-19;Muscle-20,Muscle-05,19,1
Human,ATP1,rat_R_robust,3,Muscle-06,Muscle-01;Muscle-02;Muscle-03;Muscle-04;Muscle-05;Muscle-07;Muscle-08;Muscle-09;Muscle-10;Muscle-11;Muscle-12;Muscle-13;Muscle-14;Muscle-15;Muscle-16;Muscle-17;Muscle-18;Muscle-19;Muscle-20,Muscle-06,19,1
Human,ATP1,rat_R_robust,3,Muscle-07,Muscle-01;Muscle-02;Muscle-03;Muscle-04;Muscle-05;Muscle-06;Muscle-08;Muscle-09;Muscle-10;Muscle-11;Muscle-12;Muscle-13;Muscle-14;Muscle-15;Muscle-16;Muscle-17;Muscle-18;Muscle-19;Muscle-20,Muscle-07,19,1
Human,ATP1,rat_R_robust,3,Muscle-08,Muscle-01;Muscle-02;Muscle-03;Muscle-04;Muscle-05;Muscle-06;Muscle-07;Muscle-09;Muscle-10;Muscle-11;Muscle-12;Muscle-13;Muscle-14;Muscle-15;Muscle-16;Muscle-17;Muscle-18;Muscle-19;Muscle-20,Muscle-08,19,1
Human,ATP1,rat_R_robust,3,Muscle-09,Muscle-01;Muscle-02;Muscle-03;Muscle-04;Muscle-05;Muscle-06;Muscle-07;Muscle-08;Muscle-10;Muscle-11;Muscle-12;Muscle-13;Muscle-14;Muscle-15;Muscle-16;Muscle-17;Muscle-18;Muscle-19;Muscle-20,Muscle-09,19,1
Human,ATP1,rat_R_robust,3,Muscle-10,Muscle-01;Muscle-02;Muscle-03;Muscle-04;Muscle-05;Muscle-06;Muscle-07;Muscle-08;Muscle-09;Muscle-11;Muscle-12;Muscle-13;Muscle-14;Muscle-15;Muscle-16;Muscle-17;Muscle-18;Muscle-19;Muscle-20,Muscle-10,19,1
Human,ATP1,rat_R_robust,3,Muscle-11,Muscle-01;Muscle-02;Muscle-03;Muscle-04;Muscle-05;Muscle-06;Muscle-07;Muscle-08;Muscle-09;Muscle-10;Muscle-12;Muscle-13;Muscle-14;Muscle-15;Muscle-16;Muscle-17;Muscle-18;Muscle-19;Muscle-20,Muscle-11,19,1
Human,ATP1,rat_R_robust,3,Muscle-12,Muscle-01;Muscle-02;Muscle-03;Muscle-04;Muscle-05;Muscle-06;Muscle-07;Muscle-08;Muscle-09;Muscle-10;Muscle-11;Muscle-13;Muscle-14;Muscle-15;Muscle-16;Muscle-17;Muscle-18;Muscle-19;Muscle-20,Muscle-12,19,1
Human,ATP1,rat_R_robust,3,Muscle-13,Muscle-01;Muscle-02;Muscle-03;Muscle-04;Muscle-05;Muscle-06;Muscle-07;Muscle-08;Muscle-09;Muscle-10;Muscle-11;Muscle-12;Muscle-14;Muscle-15;Muscle-16;Muscle-17;Muscle-18;Muscle-19;Muscle-20,Muscle-13,19,1
Human,ATP1,rat_R_robust,3,Muscle-14,Muscle-01;Muscle-02;Muscle-03;Muscle-04;Muscle-05;Muscle-06;Muscle-07;Muscle-08;Muscle-09;Muscle-10;Muscle-11;Muscle-12;Muscle-13;Muscle-15;Muscle-16;Muscle-17;Muscle-18;Muscle-19;Muscle-20,Muscle-14,19,1
Human,ATP1,rat_R_robust,3,Muscle-15,Muscle-01;Muscle-02;Muscle-03;Muscle-04;Muscle-05;Muscle-06;Muscle-07;Muscle-08;Muscle-09;Muscle-10;Muscle-11;Muscle-12;Muscle-13;Muscle-14;Muscle-16;Muscle-17;Muscle-18;Muscle-19;Muscle-20,Muscle-15,19,1
Human,ATP1,rat_R_robust,3,Muscle-16,Muscle-01;Muscle-02;Muscle-03;Muscle-04;Muscle-05;Muscle-06;Muscle-07;Muscle-08;Muscle-09;Muscle-10;Muscle-11;Muscle-12;Muscle-13;Muscle-14;Muscle-15;Muscle-17;Muscle-18;Muscle-19;Muscle-20,Muscle-16,19,1
Human,ATP1,rat_R_robust,3,Muscle-17,Muscle-01;Muscle-02;Muscle-03;Muscle-04;Muscle-05;Muscle-06;Muscle-07;Muscle-08;Muscle-09;Muscle-10;Muscle-11;Muscle-12;Muscle-13;Muscle-14;Muscle-15;Muscle-16;Muscle-18;Muscle-19;Muscle-20,Muscle-17,19,1
Human,ATP1,rat_R_robust,3,Muscle-18,Muscle-01;Muscle-02;Muscle-03;Muscle-04;Muscle-05;Muscle-06;Muscle-07;Muscle-08;Muscle-09;Muscle-10;Muscle-11;Muscle-12;Muscle-13;Muscle-14;Muscle-15;Muscle-16;Muscle-17;Muscle-19;Muscle-20,Muscle-18,19,1
Human,ATP1,rat_R_robust,3,Muscle-19,Muscle-01;Muscle-02;Muscle-03;Muscle-04;Muscle-05;Muscle-06;Muscle-07;Muscle-08;Muscle-09;Muscle-10;Muscle-11;Muscle-12;Muscle-13;Muscle-14;Muscle-15;Muscle-16;Muscle-17;Muscle-18;Muscle-20,Muscle-19,19,1
Human,ATP1,rat_R_robust,3,Muscle-20,Muscle-01;Muscle-02;Muscle-03;Muscle-04;Muscle-05;Muscle-06;Muscle-07;Muscle-08;Muscle-09;Muscle-10;Muscle-11;Muscle-12;Muscle-13;Muscle-14;Muscle-15;Muscle-16;Muscle-17;Muscle-18;Muscle-19,Muscle-20,19,1
Human,ATP1,rat_parameter_A,3,Muscle-01,Muscle-02;Muscle-03;Muscle-04;Muscle-05;Muscle-06;Muscle-07;Muscle-08;Muscle-09;Muscle-10;Muscle-11;Muscle-12;Muscle-13;Muscle-14;Muscle-15;Muscle-16;Muscle-17;Muscle-18;Muscle-19;Muscle-20,Muscle-01,19,1
Human,ATP1,rat_parameter_A,3,Muscle-02,Muscle-01;Muscle-03;Muscle-04;Muscle-05;Muscle-06;Muscle-07;Muscle-08;Muscle-09;Muscle-10;Muscle-11;Muscle-12;Muscle-13;Muscle-14;Muscle-15;Muscle-16;Muscle-17;Muscle-18;Muscle-19;Muscle-20,Muscle-02,19,1
Human,ATP1,rat_parameter_A,3,Muscle-03,Muscle-01;Muscle-02;Muscle-04;Muscle-05;Muscle-06;Muscle-07;Muscle-08;Muscle-09;Muscle-10;Muscle-11;Muscle-12;Muscle-13;Muscle-14;Muscle-15;Muscle-16;Muscle-17;Muscle-18;Muscle-19;Muscle-20,Muscle-03,19,1
Human,ATP1,rat_parameter_A,3,Muscle-04,Muscle-01;Muscle-02;Muscle-03;Muscle-05;Muscle-06;Muscle-07;Muscle-08;Muscle-09;Muscle-10;Muscle-11;Muscle-12;Muscle-13;Muscle-14;Muscle-15;Muscle-16;Muscle-17;Muscle-18;Muscle-19;Muscle-20,Muscle-04,19,1
Human,ATP1,rat_parameter_A,3,Muscle-05,Muscle-01;Muscle-02;Muscle-03;Muscle-04;Muscle-06;Muscle-07;Muscle-08;Muscle-09;Muscle-10;Muscle-11;Muscle-12;Muscle-13;Muscle-14;Muscle-15;Muscle-16;Muscle-17;Muscle-18;Muscle-19;Muscle-20,Muscle-05,19,1
Human,ATP1,rat_parameter_A,3,Muscle-06,Muscle-01;Muscle-02;Muscle-03;Muscle-04;Muscle-05;Muscle-07;Muscle-08;Muscle-09;Muscle-10;Muscle-11;Muscle-12;Muscle-13;Muscle-14;Muscle-15;Muscle-16;Muscle-17;Muscle-18;Muscle-19;Muscle-20,Muscle-06,19,1
Human,ATP1,rat_parameter_A,3,Muscle-07,Muscle-01;Muscle-02;Muscle-03;Muscle-04;Muscle-05;Muscle-06;Muscle-08;Muscle-09;Muscle-10;Muscle-11;Muscle-12;Muscle-13;Muscle-14;Muscle-15;Muscle-16;Muscle-17;Muscle-18;Muscle-19;Muscle-20,Muscle-07,19,1
Human,ATP1,rat_parameter_A,3,Muscle-08,Muscle-01;Muscle-02;Muscle-03;Muscle-04;Muscle-05;Muscle-06;Muscle-07;Muscle-09;Muscle-10;Muscle-11;Muscle-12;Muscle-13;Muscle-14;Muscle-15;Muscle-16;Muscle-17;Muscle-18;Muscle-19;Muscle-20,Muscle-08,19,1
Human,ATP1,rat_parameter_A,3,Muscle-09,Muscle-01;Muscle-02;Muscle-03;Muscle-04;Muscle-05;Muscle-06;Muscle-07;Muscle-08;Muscle-10;Muscle-11;Muscle-12;Muscle-13;Muscle-14;Muscle-15;Muscle-16;Muscle-17;Muscle-18;Muscle-19;Muscle-20,Muscle-09,19,1
Human,ATP1,rat_parameter_A,3,Muscle-10,Muscle-01;Muscle-02;Muscle-03;Muscle-04;Muscle-05;Muscle-06;Muscle-07;Muscle-08;Muscle-09;Muscle-11;Muscle-12;Muscle-13;Muscle-14;Muscle-15;Muscle-16;Muscle-17;Muscle-18;Muscle-19;Muscle-20,Muscle-10,19,1
Human,ATP1,rat_parameter_A,3,Muscle-11,Muscle-01;Muscle-02;Muscle-03;Muscle-04;Muscle-05;Muscle-06;Muscle-07;Muscle-08;Muscle-09;Muscle-10;Muscle-12;Muscle-13;Muscle-14;Muscle-15;Muscle-16;Muscle-17;Muscle-18;Muscle-19;Muscle-20,Muscle-11,19,1
Human,ATP1,rat_parameter_A,3,Muscle-12,Muscle-01;Muscle-02;Muscle-03;Muscle-04;Muscle-05;Muscle-06;Muscle-07;Muscle-08;Muscle-09;Muscle-10;Muscle-11;Muscle-13;Muscle-14;Muscle-15;Muscle-16;Muscle-17;Muscle-18;Muscle-19;Muscle-20,Muscle-12,19,1
Human,ATP1,rat_parameter_A,3,Muscle-13,Muscle-01;Muscle-02;Muscle-03;Muscle-04;Muscle-05;Muscle-06;Muscle-07;Muscle-08;Muscle-09;Muscle-10;Muscle-11;Muscle-12;Muscle-14;Muscle-15;Muscle-16;Muscle-17;Muscle-18;Muscle-19;Muscle-20,Muscle-13,19,1
Human,ATP1,rat_parameter_A,3,Muscle-14,Muscle-01;Muscle-02;Muscle-03;Muscle-04;Muscle-05;Muscle-06;Muscle-07;Muscle-08;Muscle-09;Muscle-10;Muscle-11;Muscle-12;Muscle-13;Muscle-15;Muscle-16;Muscle-17;Muscle-18;Muscle-19;Muscle-20,Muscle-14,19,1
Human,ATP1,rat_parameter_A,3,Muscle-15,Muscle-01;Muscle-02;Muscle-03;Muscle-04;Muscle-05;Muscle-06;Muscle-07;Muscle-08;Muscle-09;Muscle-10;Muscle-11;Muscle-12;Muscle-13;Muscle-14;Muscle-16;Muscle-17;Muscle-18;Muscle-19;Muscle-20,Muscle-15,19,1
Human,ATP1,rat_parameter_A,3,Muscle-16,Muscle-01;Muscle-02;Muscle-03;Muscle-04;Muscle-05;Muscle-06;Muscle-07;Muscle-08;Muscle-09;Muscle-10;Muscle-11;Muscle-12;Muscle-13;Muscle-14;Muscle-15;Muscle-17;Muscle-18;Muscle-19;Muscle-20,Muscle-16,19,1
Human,ATP1,rat_parameter_A,3,Muscle-17,Muscle-01;Muscle-02;Muscle-03;Muscle-04;Muscle-05;Muscle-06;Muscle-07;Muscle-08;Muscle-09;Muscle-10;Muscle-11;Muscle-12;Muscle-13;Muscle-14;Muscle-15;Muscle-16;Muscle-18;Muscle-19;Muscle-20,Muscle-17,19,1
Human,ATP1,rat_parameter_A,3,Muscle-18,Muscle-01;Muscle-02;Muscle-03;Muscle-04;Muscle-05;Muscle-06;Muscle-07;Muscle-08;Muscle-09;Muscle-10;Muscle-11;Muscle-12;Muscle-13;Muscle-14;Muscle-15;Muscle-16;Muscle-17;Muscle-19;Muscle-20,Muscle-18,19,1
Human,ATP1,rat_parameter_A,3,Muscle-19,Muscle-01;Muscle-02;Muscle-03;Muscle-04;Muscle-05;Muscle-06;Muscle-07;Muscle-08;Muscle-09;Muscle-10;Muscle-11;Muscle-12;Muscle-13;Muscle-14;Muscle-15;Muscle-16;Muscle-17;Muscle-18;Muscle-20,Muscle-19,19,1
Human,ATP1,rat_parameter_A,3,Muscle-20,Muscle-01;Muscle-02;Muscle-03;Muscle-04;Muscle-05;Muscle-06;Muscle-07;Muscle-08;Muscle-09;Muscle-10;Muscle-11;Muscle-12;Muscle-13;Muscle-14;Muscle-15;Muscle-16;Muscle-17;Muscle-18;Muscle-19,Muscle-20,19,1
Human,ATP1,human_ND_source,3,Muscle-01,Muscle-02;Muscle-03;Muscle-04;Muscle-05;Muscle-06;Muscle-07;Muscle-08;Muscle-09;Muscle-10;Muscle-11;Muscle-12;Muscle-13;Muscle-14;Muscle-15;Muscle-16;Muscle-17;Muscle-18;Muscle-19;Muscle-20,Muscle-01,19,1
Human,ATP1,human_ND_source,3,Muscle-02,Muscle-01;Muscle-03;Muscle-04;Muscle-05;Muscle-06;Muscle-07;Muscle-08;Muscle-09;Muscle-10;Muscle-11;Muscle-12;Muscle-13;Muscle-14;Muscle-15;Muscle-16;Muscle-17;Muscle-18;Muscle-19;Muscle-20,Muscle-02,19,1
Human,ATP1,human_ND_source,3,Muscle-03,Muscle-01;Muscle-02;Muscle-04;Muscle-05;Muscle-06;Muscle-07;Muscle-08;Muscle-09;Muscle-10;Muscle-11;Muscle-12;Muscle-13;Muscle-14;Muscle-15;Muscle-16;Muscle-17;Muscle-18;Muscle-19;Muscle-20,Muscle-03,19,1
Human,ATP1,human_ND_source,3,Muscle-04,Muscle-01;Muscle-02;Muscle-03;Muscle-05;Muscle-06;Muscle-07;Muscle-08;Muscle-09;Muscle-10;Muscle-11;Muscle-12;Muscle-13;Muscle-14;Muscle-15;Muscle-16;Muscle-17;Muscle-18;Muscle-19;Muscle-20,Muscle-04,19,1
Human,ATP1,human_ND_source,3,Muscle-05,Muscle-01;Muscle-02;Muscle-03;Muscle-04;Muscle-06;Muscle-07;Muscle-08;Muscle-09;Muscle-10;Muscle-11;Muscle-12;Muscle-13;Muscle-14;Muscle-15;Muscle-16;Muscle-17;Muscle-18;Muscle-19;Muscle-20,Muscle-05,19,1
Human,ATP1,human_ND_source,3,Muscle-06,Muscle-01;Muscle-02;Muscle-03;Muscle-04;Muscle-05;Muscle-07;Muscle-08;Muscle-09;Muscle-10;Muscle-11;Muscle-12;Muscle-13;Muscle-14;Muscle-15;Muscle-16;Muscle-17;Muscle-18;Muscle-19;Muscle-20,Muscle-06,19,1
Human,ATP1,human_ND_source,3,Muscle-07,Muscle-01;Muscle-02;Muscle-03;Muscle-04;Muscle-05;Muscle-06;Muscle-08;Muscle-09;Muscle-10;Muscle-11;Muscle-12;Muscle-13;Muscle-14;Muscle-15;Muscle-16;Muscle-17;Muscle-18;Muscle-19;Muscle-20,Muscle-07,19,1
Human,ATP1,human_ND_source,3,Muscle-08,Muscle-01;Muscle-02;Muscle-03;Muscle-04;Muscle-05;Muscle-06;Muscle-07;Muscle-09;Muscle-10;Muscle-11;Muscle-12;Muscle-13;Muscle-14;Muscle-15;Muscle-16;Muscle-17;Muscle-18;Muscle-19;Muscle-20,Muscle-08,19,1
Human,ATP1,human_ND_source,3,Muscle-09,Muscle-01;Muscle-02;Muscle-03;Muscle-04;Muscle-05;Muscle-06;Muscle-07;Muscle-08;Muscle-10;Muscle-11;Muscle-12;Muscle-13;Muscle-14;Muscle-15;Muscle-16;Muscle-17;Muscle-18;Muscle-19;Muscle-20,Muscle-09,19,1
Human,ATP1,human_ND_source,3,Muscle-10,Muscle-01;Muscle-02;Muscle-03;Muscle-04;Muscle-05;Muscle-06;Muscle-07;Muscle-08;Muscle-09;Muscle-11;Muscle-12;Muscle-13;Muscle-14;Muscle-15;Muscle-16;Muscle-17;Muscle-18;Muscle-19;Muscle-20,Muscle-10,19,1
Human,ATP1,human_ND_source,3,Muscle-11,Muscle-01;Muscle-02;Muscle-03;Muscle-04;Muscle-05;Muscle-06;Muscle-07;Muscle-08;Muscle-09;Muscle-10;Muscle-12;Muscle-13;Muscle-14;Muscle-15;Muscle-16;Muscle-17;Muscle-18;Muscle-19;Muscle-20,Muscle-11,19,1
Human,ATP1,human_ND_source,3,Muscle-12,Muscle-01;Muscle-02;Muscle-03;Muscle-04;Muscle-05;Muscle-06;Muscle-07;Muscle-08;Muscle-09;Muscle-10;Muscle-11;Muscle-13;Muscle-14;Muscle-15;Muscle-16;Muscle-17;Muscle-18;Muscle-19;Muscle-20,Muscle-12,19,1
Human,ATP1,human_ND_source,3,Muscle-13,Muscle-01;Muscle-02;Muscle-03;Muscle-04;Muscle-05;Muscle-06;Muscle-07;Muscle-08;Muscle-09;Muscle-10;Muscle-11;Muscle-12;Muscle-14;Muscle-15;Muscle-16;Muscle-17;Muscle-18;Muscle-19;Muscle-20,Muscle-13,19,1
Human,ATP1,human_ND_source,3,Muscle-14,Muscle-01;Muscle-02;Muscle-03;Muscle-04;Muscle-05;Muscle-06;Muscle-07;Muscle-08;Muscle-09;Muscle-10;Muscle-11;Muscle-12;Muscle-13;Muscle-15;Muscle-16;Muscle-17;Muscle-18;Muscle-19;Muscle-20,Muscle-14,19,1
Human,ATP1,human_ND_source,3,Muscle-15,Muscle-01;Muscle-02;Muscle-03;Muscle-04;Muscle-05;Muscle-06;Muscle-07;Muscle-08;Muscle-09;Muscle-10;Muscle-11;Muscle-12;Muscle-13;Muscle-14;Muscle-16;Muscle-17;Muscle-18;Muscle-19;Muscle-20,Muscle-15,19,1
Human,ATP1,human_ND_source,3,Muscle-16,Muscle-01;Muscle-02;Muscle-03;Muscle-04;Muscle-05;Muscle-06;Muscle-07;Muscle-08;Muscle-09;Muscle-10;Muscle-11;Muscle-12;Muscle-13;Muscle-14;Muscle-15;Muscle-17;Muscle-18;Muscle-19;Muscle-20,Muscle-16,19,1
Human,ATP1,human_ND_source,3,Muscle-17,Muscle-01;Muscle-02;Muscle-03;Muscle-04;Muscle-05;Muscle-06;Muscle-07;Muscle-08;Muscle-09;Muscle-10;Muscle-11;Muscle-12;Muscle-13;Muscle-14;Muscle-15;Muscle-16;Muscle-18;Muscle-19;Muscle-20,Muscle-17,19,1
Human,ATP1,human_ND_source,3,Muscle-18,Muscle-01;Muscle-02;Muscle-03;Muscle-04;Muscle-05;Muscle-06;Muscle-07;Muscle-08;Muscle-09;Muscle-10;Muscle-11;Muscle-12;Muscle-13;Muscle-14;Muscle-15;Muscle-16;Muscle-17;Muscle-19;Muscle-20,Muscle-18,19,1
Human,ATP1,human_ND_source,3,Muscle-19,Muscle-01;Muscle-02;Muscle-03;Muscle-04;Muscle-05;Muscle-06;Muscle-07;Muscle-08;Muscle-09;Muscle-10;Muscle-11;Muscle-12;Muscle-13;Muscle-14;Muscle-15;Muscle-16;Muscle-17;Muscle-18;Muscle-20,Muscle-19,19,1
Human,ATP1,human_ND_source,3,Muscle-20,Muscle-01;Muscle-02;Muscle-03;Muscle-04;Muscle-05;Muscle-06;Muscle-07;Muscle-08;Muscle-09;Muscle-10;Muscle-11;Muscle-12;Muscle-13;Muscle-14;Muscle-15;Muscle-16;Muscle-17;Muscle-18;Muscle-19,Muscle-20,19,1
Human,ATP1,random_seeded,3,Muscle-01,Muscle-02;Muscle-03;Muscle-04;Muscle-05;Muscle-06;Muscle-07;Muscle-08;Muscle-09;Muscle-10;Muscle-11;Muscle-12;Muscle-13;Muscle-14;Muscle-15;Muscle-16;Muscle-17;Muscle-18;Muscle-19;Muscle-20,Muscle-01,19,1
Human,ATP1,random_seeded,3,Muscle-02,Muscle-01;Muscle-03;Muscle-04;Muscle-05;Muscle-06;Muscle-07;Muscle-08;Muscle-09;Muscle-10;Muscle-11;Muscle-12;Muscle-13;Muscle-14;Muscle-15;Muscle-16;Muscle-17;Muscle-18;Muscle-19;Muscle-20,Muscle-02,19,1
Human,ATP1,random_seeded,3,Muscle-03,Muscle-01;Muscle-02;Muscle-04;Muscle-05;Muscle-06;Muscle-07;Muscle-08;Muscle-09;Muscle-10;Muscle-11;Muscle-12;Muscle-13;Muscle-14;Muscle-15;Muscle-16;Muscle-17;Muscle-18;Muscle-19;Muscle-20,Muscle-03,19,1
Human,ATP1,random_seeded,3,Muscle-04,Muscle-01;Muscle-02;Muscle-03;Muscle-05;Muscle-06;Muscle-07;Muscle-08;Muscle-09;Muscle-10;Muscle-11;Muscle-12;Muscle-13;Muscle-14;Muscle-15;Muscle-16;Muscle-17;Muscle-18;Muscle-19;Muscle-20,Muscle-04,19,1
Human,ATP1,random_seeded,3,Muscle-05,Muscle-01;Muscle-02;Muscle-03;Muscle-04;Muscle-06;Muscle-07;Muscle-08;Muscle-09;Muscle-10;Muscle-11;Muscle-12;Muscle-13;Muscle-14;Muscle-15;Muscle-16;Muscle-17;Muscle-18;Muscle-19;Muscle-20,Muscle-05,19,1
Human,ATP1,random_seeded,3,Muscle-06,Muscle-01;Muscle-02;Muscle-03;Muscle-04;Muscle-05;Muscle-07;Muscle-08;Muscle-09;Muscle-10;Muscle-11;Muscle-12;Muscle-13;Muscle-14;Muscle-15;Muscle-16;Muscle-17;Muscle-18;Muscle-19;Muscle-20,Muscle-06,19,1
Human,ATP1,random_seeded,3,Muscle-07,Muscle-01;Muscle-02;Muscle-03;Muscle-04;Muscle-05;Muscle-06;Muscle-08;Muscle-09;Muscle-10;Muscle-11;Muscle-12;Muscle-13;Muscle-14;Muscle-15;Muscle-16;Muscle-17;Muscle-18;Muscle-19;Muscle-20,Muscle-07,19,1
Human,ATP1,random_seeded,3,Muscle-08,Muscle-01;Muscle-02;Muscle-03;Muscle-04;Muscle-05;Muscle-06;Muscle-07;Muscle-09;Muscle-10;Muscle-11;Muscle-12;Muscle-13;Muscle-14;Muscle-15;Muscle-16;Muscle-17;Muscle-18;Muscle-19;Muscle-20,Muscle-08,19,1
Human,ATP1,random_seeded,3,Muscle-09,Muscle-01;Muscle-02;Muscle-03;Muscle-04;Muscle-05;Muscle-06;Muscle-07;Muscle-08;Muscle-10;Muscle-11;Muscle-12;Muscle-13;Muscle-14;Muscle-15;Muscle-16;Muscle-17;Muscle-18;Muscle-19;Muscle-20,Muscle-09,19,1
Human,ATP1,random_seeded,3,Muscle-10,Muscle-01;Muscle-02;Muscle-03;Muscle-04;Muscle-05;Muscle-06;Muscle-07;Muscle-08;Muscle-09;Muscle-11;Muscle-12;Muscle-13;Muscle-14;Muscle-15;Muscle-16;Muscle-17;Muscle-18;Muscle-19;Muscle-20,Muscle-10,19,1
Human,ATP1,random_seeded,3,Muscle-11,Muscle-01;Muscle-02;Muscle-03;Muscle-04;Muscle-05;Muscle-06;Muscle-07;Muscle-08;Muscle-09;Muscle-10;Muscle-12;Muscle-13;Muscle-14;Muscle-15;Muscle-16;Muscle-17;Muscle-18;Muscle-19;Muscle-20,Muscle-11,19,1
Human,ATP1,random_seeded,3,Muscle-12,Muscle-01;Muscle-02;Muscle-03;Muscle-04;Muscle-05;Muscle-06;Muscle-07;Muscle-08;Muscle-09;Muscle-10;Muscle-11;Muscle-13;Muscle-14;Muscle-15;Muscle-16;Muscle-17;Muscle-18;Muscle-19;Muscle-20,Muscle-12,19,1
Human,ATP1,random_seeded,3,Muscle-13,Muscle-01;Muscle-02;Muscle-03;Muscle-04;Muscle-05;Muscle-06;Muscle-07;Muscle-08;Muscle-09;Muscle-10;Muscle-11;Muscle-12;Muscle-14;Muscle-15;Muscle-16;Muscle-17;Muscle-18;Muscle-19;Muscle-20,Muscle-13,19,1
Human,ATP1,random_seeded,3,Muscle-14,Muscle-01;Muscle-02;Muscle-03;Muscle-04;Muscle-05;Muscle-06;Muscle-07;Muscle-08;Muscle-09;Muscle-10;Muscle-11;Muscle-12;Muscle-13;Muscle-15;Muscle-16;Muscle-17;Muscle-18;Muscle-19;Muscle-20,Muscle-14,19,1
Human,ATP1,random_seeded,3,Muscle-15,Muscle-01;Muscle-02;Muscle-03;Muscle-04;Muscle-05;Muscle-06;Muscle-07;Muscle-08;Muscle-09;Muscle-10;Muscle-11;Muscle-12;Muscle-13;Muscle-14;Muscle-16;Muscle-17;Muscle-18;Muscle-19;Muscle-20,Muscle-15,19,1
Human,ATP1,random_seeded,3,Muscle-16,Muscle-01;Muscle-02;Muscle-03;Muscle-04;Muscle-05;Muscle-06;Muscle-07;Muscle-08;Muscle-09;Muscle-10;Muscle-11;Muscle-12;Muscle-13;Muscle-14;Muscle-15;Muscle-17;Muscle-18;Muscle-19;Muscle-20,Muscle-16,19,1
Human,ATP1,random_seeded,3,Muscle-17,Muscle-01;Muscle-02;Muscle-03;Muscle-04;Muscle-05;Muscle-06;Muscle-07;Muscle-08;Muscle-09;Muscle-10;Muscle-11;Muscle-12;Muscle-13;Muscle-14;Muscle-15;Muscle-16;Muscle-18;Muscle-19;Muscle-20,Muscle-17,19,1
Human,ATP1,random_seeded,3,Muscle-18,Muscle-01;Muscle-02;Muscle-03;Muscle-04;Muscle-05;Muscle-06;Muscle-07;Muscle-08;Muscle-09;Muscle-10;Muscle-11;Muscle-12;Muscle-13;Muscle-14;Muscle-15;Muscle-16;Muscle-17;Muscle-19;Muscle-20,Muscle-18,19,1
Human,ATP1,random_seeded,3,Muscle-19,Muscle-01;Muscle-02;Muscle-03;Muscle-04;Muscle-05;Muscle-06;Muscle-07;Muscle-08;Muscle-09;Muscle-10;Muscle-11;Muscle-12;Muscle-13;Muscle-14;Muscle-15;Muscle-16;Muscle-17;Muscle-18;Muscle-20,Muscle-19,19,1
Human,ATP1,random_seeded,3,Muscle-20,Muscle-01;Muscle-02;Muscle-03;Muscle-04;Muscle-05;Muscle-06;Muscle-07;Muscle-08;Muscle-09;Muscle-10;Muscle-11;Muscle-12;Muscle-13;Muscle-14;Muscle-15;Muscle-16;Muscle-17;Muscle-18;Muscle-19,Muscle-20,19,1
Human,ATP1,fixed_conventional,3,Muscle-01,Muscle-02;Muscle-03;Muscle-04;Muscle-05;Muscle-06;Muscle-07;Muscle-08;Muscle-09;Muscle-10;Muscle-11;Muscle-12;Muscle-13;Muscle-14;Muscle-15;Muscle-16;Muscle-17;Muscle-18;Muscle-19;Muscle-20,Muscle-01,19,1
Human,ATP1,fixed_conventional,3,Muscle-02,Muscle-01;Muscle-03;Muscle-04;Muscle-05;Muscle-06;Muscle-07;Muscle-08;Muscle-09;Muscle-10;Muscle-11;Muscle-12;Muscle-13;Muscle-14;Muscle-15;Muscle-16;Muscle-17;Muscle-18;Muscle-19;Muscle-20,Muscle-02,19,1
Human,ATP1,fixed_conventional,3,Muscle-03,Muscle-01;Muscle-02;Muscle-04;Muscle-05;Muscle-06;Muscle-07;Muscle-08;Muscle-09;Muscle-10;Muscle-11;Muscle-12;Muscle-13;Muscle-14;Muscle-15;Muscle-16;Muscle-17;Muscle-18;Muscle-19;Muscle-20,Muscle-03,19,1
Human,ATP1,fixed_conventional,3,Muscle-04,Muscle-01;Muscle-02;Muscle-03;Muscle-05;Muscle-06;Muscle-07;Muscle-08;Muscle-09;Muscle-10;Muscle-11;Muscle-12;Muscle-13;Muscle-14;Muscle-15;Muscle-16;Muscle-17;Muscle-18;Muscle-19;Muscle-20,Muscle-04,19,1
Human,ATP1,fixed_conventional,3,Muscle-05,Muscle-01;Muscle-02;Muscle-03;Muscle-04;Muscle-06;Muscle-07;Muscle-08;Muscle-09;Muscle-10;Muscle-11;Muscle-12;Muscle-13;Muscle-14;Muscle-15;Muscle-16;Muscle-17;Muscle-18;Muscle-19;Muscle-20,Muscle-05,19,1
Human,ATP1,fixed_conventional,3,Muscle-06,Muscle-01;Muscle-02;Muscle-03;Muscle-04;Muscle-05;Muscle-07;Muscle-08;Muscle-09;Muscle-10;Muscle-11;Muscle-12;Muscle-13;Muscle-14;Muscle-15;Muscle-16;Muscle-17;Muscle-18;Muscle-19;Muscle-20,Muscle-06,19,1
Human,ATP1,fixed_conventional,3,Muscle-07,Muscle-01;Muscle-02;Muscle-03;Muscle-04;Muscle-05;Muscle-06;Muscle-08;Muscle-09;Muscle-10;Muscle-11;Muscle-12;Muscle-13;Muscle-14;Muscle-15;Muscle-16;Muscle-17;Muscle-18;Muscle-19;Muscle-20,Muscle-07,19,1
Human,ATP1,fixed_conventional,3,Muscle-08,Muscle-01;Muscle-02;Muscle-03;Muscle-04;Muscle-05;Muscle-06;Muscle-07;Muscle-09;Muscle-10;Muscle-11;Muscle-12;Muscle-13;Muscle-14;Muscle-15;Muscle-16;Muscle-17;Muscle-18;Muscle-19;Muscle-20,Muscle-08,19,1
Human,ATP1,fixed_conventional,3,Muscle-09,Muscle-01;Muscle-02;Muscle-03;Muscle-04;Muscle-05;Muscle-06;Muscle-07;Muscle-08;Muscle-10;Muscle-11;Muscle-12;Muscle-13;Muscle-14;Muscle-15;Muscle-16;Muscle-17;Muscle-18;Muscle-19;Muscle-20,Muscle-09,19,1
Human,ATP1,fixed_conventional,3,Muscle-10,Muscle-01;Muscle-02;Muscle-03;Muscle-04;Muscle-05;Muscle-06;Muscle-07;Muscle-08;Muscle-09;Muscle-11;Muscle-12;Muscle-13;Muscle-14;Muscle-15;Muscle-16;Muscle-17;Muscle-18;Muscle-19;Muscle-20,Muscle-10,19,1
Human,ATP1,fixed_conventional,3,Muscle-11,Muscle-01;Muscle-02;Muscle-03;Muscle-04;Muscle-05;Muscle-06;Muscle-07;Muscle-08;Muscle-09;Muscle-10;Muscle-12;Muscle-13;Muscle-14;Muscle-15;Muscle-16;Muscle-17;Muscle-18;Muscle-19;Muscle-20,Muscle-11,19,1
Human,ATP1,fixed_conventional,3,Muscle-12,Muscle-01;Muscle-02;Muscle-03;Muscle-04;Muscle-05;Muscle-06;Muscle-07;Muscle-08;Muscle-09;Muscle-10;Muscle-11;Muscle-13;Muscle-14;Muscle-15;Muscle-16;Muscle-17;Muscle-18;Muscle-19;Muscle-20,Muscle-12,19,1
Human,ATP1,fixed_conventional,3,Muscle-13,Muscle-01;Muscle-02;Muscle-03;Muscle-04;Muscle-05;Muscle-06;Muscle-07;Muscle-08;Muscle-09;Muscle-10;Muscle-11;Muscle-12;Muscle-14;Muscle-15;Muscle-16;Muscle-17;Muscle-18;Muscle-19;Muscle-20,Muscle-13,19,1
Human,ATP1,fixed_conventional,3,Muscle-14,Muscle-01;Muscle-02;Muscle-03;Muscle-04;Muscle-05;Muscle-06;Muscle-07;Muscle-08;Muscle-09;Muscle-10;Muscle-11;Muscle-12;Muscle-13;Muscle-15;Muscle-16;Muscle-17;Muscle-18;Muscle-19;Muscle-20,Muscle-14,19,1
Human,ATP1,fixed_conventional,3,Muscle-15,Muscle-01;Muscle-02;Muscle-03;Muscle-04;Muscle-05;Muscle-06;Muscle-07;Muscle-08;Muscle-09;Muscle-10;Muscle-11;Muscle-12;Muscle-13;Muscle-14;Muscle-16;Muscle-17;Muscle-18;Muscle-19;Muscle-20,Muscle-15,19,1
Human,ATP1,fixed_conventional,3,Muscle-16,Muscle-01;Muscle-02;Muscle-03;Muscle-04;Muscle-05;Muscle-06;Muscle-07;Muscle-08;Muscle-09;Muscle-10;Muscle-11;Muscle-12;Muscle-13;Muscle-14;Muscle-15;Muscle-17;Muscle-18;Muscle-19;Muscle-20,Muscle-16,19,1
Human,ATP1,fixed_conventional,3,Muscle-17,Muscle-01;Muscle-02;Muscle-03;Muscle-04;Muscle-05;Muscle-06;Muscle-07;Muscle-08;Muscle-09;Muscle-10;Muscle-11;Muscle-12;Muscle-13;Muscle-14;Muscle-15;Muscle-16;Muscle-18;Muscle-19;Muscle-20,Muscle-17,19,1
Human,ATP1,fixed_conventional,3,Muscle-18,Muscle-01;Muscle-02;Muscle-03;Muscle-04;Muscle-05;Muscle-06;Muscle-07;Muscle-08;Muscle-09;Muscle-10;Muscle-11;Muscle-12;Muscle-13;Muscle-14;Muscle-15;Muscle-16;Muscle-17;Muscle-19;Muscle-20,Muscle-18,19,1
Human,ATP1,fixed_conventional,3,Muscle-19,Muscle-01;Muscle-02;Muscle-03;Muscle-04;Muscle-05;Muscle-06;Muscle-07;Muscle-08;Muscle-09;Muscle-10;Muscle-11;Muscle-12;Muscle-13;Muscle-14;Muscle-15;Muscle-16;Muscle-17;Muscle-18;Muscle-20,Muscle-19,19,1
Human,ATP1,fixed_conventional,3,Muscle-20,Muscle-01;Muscle-02;Muscle-03;Muscle-04;Muscle-05;Muscle-06;Muscle-07;Muscle-08;Muscle-09;Muscle-10;Muscle-11;Muscle-12;Muscle-13;Muscle-14;Muscle-15;Muscle-16;Muscle-17;Muscle-18;Muscle-19,Muscle-20,19,1
Human,ATP1,destination_nested_oracle,3,Muscle-01,Muscle-02;Muscle-03;Muscle-04;Muscle-05;Muscle-06;Muscle-07;Muscle-08;Muscle-09;Muscle-10;Muscle-11;Muscle-12;Muscle-13;Muscle-14;Muscle-15;Muscle-16;Muscle-17;Muscle-18;Muscle-19;Muscle-20,Muscle-01,19,1
Human,ATP1,destination_nested_oracle,3,Muscle-02,Muscle-01;Muscle-03;Muscle-04;Muscle-05;Muscle-06;Muscle-07;Muscle-08;Muscle-09;Muscle-10;Muscle-11;Muscle-12;Muscle-13;Muscle-14;Muscle-15;Muscle-16;Muscle-17;Muscle-18;Muscle-19;Muscle-20,Muscle-02,19,1
Human,ATP1,destination_nested_oracle,3,Muscle-03,Muscle-01;Muscle-02;Muscle-04;Muscle-05;Muscle-06;Muscle-07;Muscle-08;Muscle-09;Muscle-10;Muscle-11;Muscle-12;Muscle-13;Muscle-14;Muscle-15;Muscle-16;Muscle-17;Muscle-18;Muscle-19;Muscle-20,Muscle-03,19,1
Human,ATP1,destination_nested_oracle,3,Muscle-04,Muscle-01;Muscle-02;Muscle-03;Muscle-05;Muscle-06;Muscle-07;Muscle-08;Muscle-09;Muscle-10;Muscle-11;Muscle-12;Muscle-13;Muscle-14;Muscle-15;Muscle-16;Muscle-17;Muscle-18;Muscle-19;Muscle-20,Muscle-04,19,1
Human,ATP1,destination_nested_oracle,3,Muscle-05,Muscle-01;Muscle-02;Muscle-03;Muscle-04;Muscle-06;Muscle-07;Muscle-08;Muscle-09;Muscle-10;Muscle-11;Muscle-12;Muscle-13;Muscle-14;Muscle-15;Muscle-16;Muscle-17;Muscle-18;Muscle-19;Muscle-20,Muscle-05,19,1
Human,ATP1,destination_nested_oracle,3,Muscle-06,Muscle-01;Muscle-02;Muscle-03;Muscle-04;Muscle-05;Muscle-07;Muscle-08;Muscle-09;Muscle-10;Muscle-11;Muscle-12;Muscle-13;Muscle-14;Muscle-15;Muscle-16;Muscle-17;Muscle-18;Muscle-19;Muscle-20,Muscle-06,19,1
Human,ATP1,destination_nested_oracle,3,Muscle-07,Muscle-01;Muscle-02;Muscle-03;Muscle-04;Muscle-05;Muscle-06;Muscle-08;Muscle-09;Muscle-10;Muscle-11;Muscle-12;Muscle-13;Muscle-14;Muscle-15;Muscle-16;Muscle-17;Muscle-18;Muscle-19;Muscle-20,Muscle-07,19,1
Human,ATP1,destination_nested_oracle,3,Muscle-08,Muscle-01;Muscle-02;Muscle-03;Muscle-04;Muscle-05;Muscle-06;Muscle-07;Muscle-09;Muscle-10;Muscle-11;Muscle-12;Muscle-13;Muscle-14;Muscle-15;Muscle-16;Muscle-17;Muscle-18;Muscle-19;Muscle-20,Muscle-08,19,1
Human,ATP1,destination_nested_oracle,3,Muscle-09,Muscle-01;Muscle-02;Muscle-03;Muscle-04;Muscle-05;Muscle-06;Muscle-07;Muscle-08;Muscle-10;Muscle-11;Muscle-12;Muscle-13;Muscle-14;Muscle-15;Muscle-16;Muscle-17;Muscle-18;Muscle-19;Muscle-20,Muscle-09,19,1
Human,ATP1,destination_nested_oracle,3,Muscle-10,Muscle-01;Muscle-02;Muscle-03;Muscle-04;Muscle-05;Muscle-06;Muscle-07;Muscle-08;Muscle-09;Muscle-11;Muscle-12;Muscle-13;Muscle-14;Muscle-15;Muscle-16;Muscle-17;Muscle-18;Muscle-19;Muscle-20,Muscle-10,19,1
Human,ATP1,destination_nested_oracle,3,Muscle-11,Muscle-01;Muscle-02;Muscle-03;Muscle-04;Muscle-05;Muscle-06;Muscle-07;Muscle-08;Muscle-09;Muscle-10;Muscle-12;Muscle-13;Muscle-14;Muscle-15;Muscle-16;Muscle-17;Muscle-18;Muscle-19;Muscle-20,Muscle-11,19,1
Human,ATP1,destination_nested_oracle,3,Muscle-12,Muscle-01;Muscle-02;Muscle-03;Muscle-04;Muscle-05;Muscle-06;Muscle-07;Muscle-08;Muscle-09;Muscle-10;Muscle-11;Muscle-13;Muscle-14;Muscle-15;Muscle-16;Muscle-17;Muscle-18;Muscle-19;Muscle-20,Muscle-12,19,1
Human,ATP1,destination_nested_oracle,3,Muscle-13,Muscle-01;Muscle-02;Muscle-03;Muscle-04;Muscle-05;Muscle-06;Muscle-07;Muscle-08;Muscle-09;Muscle-10;Muscle-11;Muscle-12;Muscle-14;Muscle-15;Muscle-16;Muscle-17;Muscle-18;Muscle-19;Muscle-20,Muscle-13,19,1
Human,ATP1,destination_nested_oracle,3,Muscle-14,Muscle-01;Muscle-02;Muscle-03;Muscle-04;Muscle-05;Muscle-06;Muscle-07;Muscle-08;Muscle-09;Muscle-10;Muscle-11;Muscle-12;Muscle-13;Muscle-15;Muscle-16;Muscle-17;Muscle-18;Muscle-19;Muscle-20,Muscle-14,19,1
Human,ATP1,destination_nested_oracle,3,Muscle-15,Muscle-01;Muscle-02;Muscle-03;Muscle-04;Muscle-05;Muscle-06;Muscle-07;Muscle-08;Muscle-09;Muscle-10;Muscle-11;Muscle-12;Muscle-13;Muscle-14;Muscle-16;Muscle-17;Muscle-18;Muscle-19;Muscle-20,Muscle-15,19,1
Human,ATP1,destination_nested_oracle,3,Muscle-16,Muscle-01;Muscle-02;Muscle-03;Muscle-04;Muscle-05;Muscle-06;Muscle-07;Muscle-08;Muscle-09;Muscle-10;Muscle-11;Muscle-12;Muscle-13;Muscle-14;Muscle-15;Muscle-17;Muscle-18;Muscle-19;Muscle-20,Muscle-16,19,1
Human,ATP1,destination_nested_oracle,3,Muscle-17,Muscle-01;Muscle-02;Muscle-03;Muscle-04;Muscle-05;Muscle-06;Muscle-07;Muscle-08;Muscle-09;Muscle-10;Muscle-11;Muscle-12;Muscle-13;Muscle-14;Muscle-15;Muscle-16;Muscle-18;Muscle-19;Muscle-20,Muscle-17,19,1
Human,ATP1,destination_nested_oracle,3,Muscle-18,Muscle-01;Muscle-02;Muscle-03;Muscle-04;Muscle-05;Muscle-06;Muscle-07;Muscle-08;Muscle-09;Muscle-10;Muscle-11;Muscle-12;Muscle-13;Muscle-14;Muscle-15;Muscle-16;Muscle-17;Muscle-19;Muscle-20,Muscle-18,19,1
Human,ATP1,destination_nested_oracle,3,Muscle-19,Muscle-01;Muscle-02;Muscle-03;Muscle-04;Muscle-05;Muscle-06;Muscle-07;Muscle-08;Muscle-09;Muscle-10;Muscle-11;Muscle-12;Muscle-13;Muscle-14;Muscle-15;Muscle-16;Muscle-17;Muscle-18;Muscle-20,Muscle-19,19,1
Human,ATP1,destination_nested_oracle,3,Muscle-20,Muscle-01;Muscle-02;Muscle-03;Muscle-04;Muscle-05;Muscle-06;Muscle-07;Muscle-08;Muscle-09;Muscle-10;Muscle-11;Muscle-12;Muscle-13;Muscle-14;Muscle-15;Muscle-16;Muscle-17;Muscle-18;Muscle-19,Muscle-20,19,1
Human,ATP1,full_spectrum_reference,12,Muscle-01,Muscle-02;Muscle-03;Muscle-04;Muscle-05;Muscle-06;Muscle-07;Muscle-08;Muscle-09;Muscle-10;Muscle-11;Muscle-12;Muscle-13;Muscle-14;Muscle-15;Muscle-16;Muscle-17;Muscle-18;Muscle-19;Muscle-20,Muscle-01,19,1
Human,ATP1,full_spectrum_reference,12,Muscle-02,Muscle-01;Muscle-03;Muscle-04;Muscle-05;Muscle-06;Muscle-07;Muscle-08;Muscle-09;Muscle-10;Muscle-11;Muscle-12;Muscle-13;Muscle-14;Muscle-15;Muscle-16;Muscle-17;Muscle-18;Muscle-19;Muscle-20,Muscle-02,19,1
Human,ATP1,full_spectrum_reference,12,Muscle-03,Muscle-01;Muscle-02;Muscle-04;Muscle-05;Muscle-06;Muscle-07;Muscle-08;Muscle-09;Muscle-10;Muscle-11;Muscle-12;Muscle-13;Muscle-14;Muscle-15;Muscle-16;Muscle-17;Muscle-18;Muscle-19;Muscle-20,Muscle-03,19,1
Human,ATP1,full_spectrum_reference,12,Muscle-04,Muscle-01;Muscle-02;Muscle-03;Muscle-05;Muscle-06;Muscle-07;Muscle-08;Muscle-09;Muscle-10;Muscle-11;Muscle-12;Muscle-13;Muscle-14;Muscle-15;Muscle-16;Muscle-17;Muscle-18;Muscle-19;Muscle-20,Muscle-04,19,1
Human,ATP1,full_spectrum_reference,12,Muscle-05,Muscle-01;Muscle-02;Muscle-03;Muscle-04;Muscle-06;Muscle-07;Muscle-08;Muscle-09;Muscle-10;Muscle-11;Muscle-12;Muscle-13;Muscle-14;Muscle-15;Muscle-16;Muscle-17;Muscle-18;Muscle-19;Muscle-20,Muscle-05,19,1
Human,ATP1,full_spectrum_reference,12,Muscle-06,Muscle-01;Muscle-02;Muscle-03;Muscle-04;Muscle-05;Muscle-07;Muscle-08;Muscle-09;Muscle-10;Muscle-11;Muscle-12;Muscle-13;Muscle-14;Muscle-15;Muscle-16;Muscle-17;Muscle-18;Muscle-19;Muscle-20,Muscle-06,19,1
Human,ATP1,full_spectrum_reference,12,Muscle-07,Muscle-01;Muscle-02;Muscle-03;Muscle-04;Muscle-05;Muscle-06;Muscle-08;Muscle-09;Muscle-10;Muscle-11;Muscle-12;Muscle-13;Muscle-14;Muscle-15;Muscle-16;Muscle-17;Muscle-18;Muscle-19;Muscle-20,Muscle-07,19,1
Human,ATP1,full_spectrum_reference,12,Muscle-08,Muscle-01;Muscle-02;Muscle-03;Muscle-04;Muscle-05;Muscle-06;Muscle-07;Muscle-09;Muscle-10;Muscle-11;Muscle-12;Muscle-13;Muscle-14;Muscle-15;Muscle-16;Muscle-17;Muscle-18;Muscle-19;Muscle-20,Muscle-08,19,1
Human,ATP1,full_spectrum_reference,12,Muscle-09,Muscle-01;Muscle-02;Muscle-03;Muscle-04;Muscle-05;Muscle-06;Muscle-07;Muscle-08;Muscle-10;Muscle-11;Muscle-12;Muscle-13;Muscle-14;Muscle-15;Muscle-16;Muscle-17;Muscle-18;Muscle-19;Muscle-20,Muscle-09,19,1
Human,ATP1,full_spectrum_reference,12,Muscle-10,Muscle-01;Muscle-02;Muscle-03;Muscle-04;Muscle-05;Muscle-06;Muscle-07;Muscle-08;Muscle-09;Muscle-11;Muscle-12;Muscle-13;Muscle-14;Muscle-15;Muscle-16;Muscle-17;Muscle-18;Muscle-19;Muscle-20,Muscle-10,19,1
Human,ATP1,full_spectrum_reference,12,Muscle-11,Muscle-01;Muscle-02;Muscle-03;Muscle-04;Muscle-05;Muscle-06;Muscle-07;Muscle-08;Muscle-09;Muscle-10;Muscle-12;Muscle-13;Muscle-14;Muscle-15;Muscle-16;Muscle-17;Muscle-18;Muscle-19;Muscle-20,Muscle-11,19,1
Human,ATP1,full_spectrum_reference,12,Muscle-12,Muscle-01;Muscle-02;Muscle-03;Muscle-04;Muscle-05;Muscle-06;Muscle-07;Muscle-08;Muscle-09;Muscle-10;Muscle-11;Muscle-13;Muscle-14;Muscle-15;Muscle-16;Muscle-17;Muscle-18;Muscle-19;Muscle-20,Muscle-12,19,1
Human,ATP1,full_spectrum_reference,12,Muscle-13,Muscle-01;Muscle-02;Muscle-03;Muscle-04;Muscle-05;Muscle-06;Muscle-07;Muscle-08;Muscle-09;Muscle-10;Muscle-11;Muscle-12;Muscle-14;Muscle-15;Muscle-16;Muscle-17;Muscle-18;Muscle-19;Muscle-20,Muscle-13,19,1
Human,ATP1,full_spectrum_reference,12,Muscle-14,Muscle-01;Muscle-02;Muscle-03;Muscle-04;Muscle-05;Muscle-06;Muscle-07;Muscle-08;Muscle-09;Muscle-10;Muscle-11;Muscle-12;Muscle-13;Muscle-15;Muscle-16;Muscle-17;Muscle-18;Muscle-19;Muscle-20,Muscle-14,19,1
Human,ATP1,full_spectrum_reference,12,Muscle-15,Muscle-01;Muscle-02;Muscle-03;Muscle-04;Muscle-05;Muscle-06;Muscle-07;Muscle-08;Muscle-09;Muscle-10;Muscle-11;Muscle-12;Muscle-13;Muscle-14;Muscle-16;Muscle-17;Muscle-18;Muscle-19;Muscle-20,Muscle-15,19,1
Human,ATP1,full_spectrum_reference,12,Muscle-16,Muscle-01;Muscle-02;Muscle-03;Muscle-04;Muscle-05;Muscle-06;Muscle-07;Muscle-08;Muscle-09;Muscle-10;Muscle-11;Muscle-12;Muscle-13;Muscle-14;Muscle-15;Muscle-17;Muscle-18;Muscle-19;Muscle-20,Muscle-16,19,1
Human,ATP1,full_spectrum_reference,12,Muscle-17,Muscle-01;Muscle-02;Muscle-03;Muscle-04;Muscle-05;Muscle-06;Muscle-07;Muscle-08;Muscle-09;Muscle-10;Muscle-11;Muscle-12;Muscle-13;Muscle-14;Muscle-15;Muscle-16;Muscle-18;Muscle-19;Muscle-20,Muscle-17,19,1
Human,ATP1,full_spectrum_reference,12,Muscle-18,Muscle-01;Muscle-02;Muscle-03;Muscle-04;Muscle-05;Muscle-06;Muscle-07;Muscle-08;Muscle-09;Muscle-10;Muscle-11;Muscle-12;Muscle-13;Muscle-14;Muscle-15;Muscle-16;Muscle-17;Muscle-19;Muscle-20,Muscle-18,19,1
Human,ATP1,full_spectrum_reference,12,Muscle-19,Muscle-01;Muscle-02;Muscle-03;Muscle-04;Muscle-05;Muscle-06;Muscle-07;Muscle-08;Muscle-09;Muscle-10;Muscle-11;Muscle-12;Muscle-13;Muscle-14;Muscle-15;Muscle-16;Muscle-17;Muscle-18;Muscle-20,Muscle-19,19,1
Human,ATP1,full_spectrum_reference,12,Muscle-20,Muscle-01;Muscle-02;Muscle-03;Muscle-04;Muscle-05;Muscle-06;Muscle-07;Muscle-08;Muscle-09;Muscle-10;Muscle-11;Muscle-12;Muscle-13;Muscle-14;Muscle-15;Muscle-16;Muscle-17;Muscle-18;Muscle-19,Muscle-20,19,1
Awinda,ATP0.1,baseline_only,0,Mouse_328,Mouse_331;Mouse_333;Mouse_394;Mouse_401;Mouse_460;Mouse_464;Mouse_467;Mouse_469;Mouse_470,Mouse_328,18,1
Awinda,ATP0.1,baseline_only,0,Mouse_331,Mouse_328;Mouse_333;Mouse_394;Mouse_401;Mouse_460;Mouse_464;Mouse_467;Mouse_469;Mouse_470,Mouse_331,17,2
Awinda,ATP0.1,baseline_only,0,Mouse_333,Mouse_328;Mouse_331;Mouse_394;Mouse_401;Mouse_460;Mouse_464;Mouse_467;Mouse_469;Mouse_470,Mouse_333,17,2
Awinda,ATP0.1,baseline_only,0,Mouse_394,Mouse_328;Mouse_331;Mouse_333;Mouse_401;Mouse_460;Mouse_464;Mouse_467;Mouse_469;Mouse_470,Mouse_394,17,2
Awinda,ATP0.1,baseline_only,0,Mouse_401,Mouse_328;Mouse_331;Mouse_333;Mouse_394;Mouse_460;Mouse_464;Mouse_467;Mouse_469;Mouse_470,Mouse_401,17,2
Awinda,ATP0.1,baseline_only,0,Mouse_460,Mouse_328;Mouse_331;Mouse_333;Mouse_394;Mouse_401;Mouse_464;Mouse_467;Mouse_469;Mouse_470,Mouse_460,17,2
Awinda,ATP0.1,baseline_only,0,Mouse_464,Mouse_328;Mouse_331;Mouse_333;Mouse_394;Mouse_401;Mouse_460;Mouse_467;Mouse_469;Mouse_470,Mouse_464,17,2
Awinda,ATP0.1,baseline_only,0,Mouse_467,Mouse_328;Mouse_331;Mouse_333;Mouse_394;Mouse_401;Mouse_460;Mouse_464;Mouse_469;Mouse_470,Mouse_467,17,2
Awinda,ATP0.1,baseline_only,0,Mouse_469,Mouse_328;Mouse_331;Mouse_333;Mouse_394;Mouse_401;Mouse_460;Mouse_464;Mouse_467;Mouse_470,Mouse_469,17,2
Awinda,ATP0.1,baseline_only,0,Mouse_470,Mouse_328;Mouse_331;Mouse_333;Mouse_394;Mouse_401;Mouse_460;Mouse_464;Mouse_467;Mouse_469,Mouse_470,17,2
Awinda,ATP0.1,rat_K_target,1,Mouse_328,Mouse_331;Mouse_333;Mouse_394;Mouse_401;Mouse_460;Mouse_464;Mouse_467;Mouse_469;Mouse_470,Mouse_328,18,1
Awinda,ATP0.1,rat_K_target,1,Mouse_331,Mouse_328;Mouse_333;Mouse_394;Mouse_401;Mouse_460;Mouse_464;Mouse_467;Mouse_469;Mouse_470,Mouse_331,17,2
Awinda,ATP0.1,rat_K_target,1,Mouse_333,Mouse_328;Mouse_331;Mouse_394;Mouse_401;Mouse_460;Mouse_464;Mouse_467;Mouse_469;Mouse_470,Mouse_333,17,2
Awinda,ATP0.1,rat_K_target,1,Mouse_394,Mouse_328;Mouse_331;Mouse_333;Mouse_401;Mouse_460;Mouse_464;Mouse_467;Mouse_469;Mouse_470,Mouse_394,17,2
Awinda,ATP0.1,rat_K_target,1,Mouse_401,Mouse_328;Mouse_331;Mouse_333;Mouse_394;Mouse_460;Mouse_464;Mouse_467;Mouse_469;Mouse_470,Mouse_401,17,2
Awinda,ATP0.1,rat_K_target,1,Mouse_460,Mouse_328;Mouse_331;Mouse_333;Mouse_394;Mouse_401;Mouse_464;Mouse_467;Mouse_469;Mouse_470,Mouse_460,17,2
Awinda,ATP0.1,rat_K_target,1,Mouse_464,Mouse_328;Mouse_331;Mouse_333;Mouse_394;Mouse_401;Mouse_460;Mouse_467;Mouse_469;Mouse_470,Mouse_464,17,2
Awinda,ATP0.1,rat_K_target,1,Mouse_467,Mouse_328;Mouse_331;Mouse_333;Mouse_394;Mouse_401;Mouse_460;Mouse_464;Mouse_469;Mouse_470,Mouse_467,17,2
Awinda,ATP0.1,rat_K_target,1,Mouse_469,Mouse_328;Mouse_331;Mouse_333;Mouse_394;Mouse_401;Mouse_460;Mouse_464;Mouse_467;Mouse_470,Mouse_469,17,2
Awinda,ATP0.1,rat_K_target,1,Mouse_470,Mouse_328;Mouse_331;Mouse_333;Mouse_394;Mouse_401;Mouse_460;Mouse_464;Mouse_467;Mouse_469,Mouse_470,17,2
Awinda,ATP0.1,rat_R_robust,1,Mouse_328,Mouse_331;Mouse_333;Mouse_394;Mouse_401;Mouse_460;Mouse_464;Mouse_467;Mouse_469;Mouse_470,Mouse_328,18,1
Awinda,ATP0.1,rat_R_robust,1,Mouse_331,Mouse_328;Mouse_333;Mouse_394;Mouse_401;Mouse_460;Mouse_464;Mouse_467;Mouse_469;Mouse_470,Mouse_331,17,2
Awinda,ATP0.1,rat_R_robust,1,Mouse_333,Mouse_328;Mouse_331;Mouse_394;Mouse_401;Mouse_460;Mouse_464;Mouse_467;Mouse_469;Mouse_470,Mouse_333,17,2
Awinda,ATP0.1,rat_R_robust,1,Mouse_394,Mouse_328;Mouse_331;Mouse_333;Mouse_401;Mouse_460;Mouse_464;Mouse_467;Mouse_469;Mouse_470,Mouse_394,17,2
Awinda,ATP0.1,rat_R_robust,1,Mouse_401,Mouse_328;Mouse_331;Mouse_333;Mouse_394;Mouse_460;Mouse_464;Mouse_467;Mouse_469;Mouse_470,Mouse_401,17,2
Awinda,ATP0.1,rat_R_robust,1,Mouse_460,Mouse_328;Mouse_331;Mouse_333;Mouse_394;Mouse_401;Mouse_464;Mouse_467;Mouse_469;Mouse_470,Mouse_460,17,2
Awinda,ATP0.1,rat_R_robust,1,Mouse_464,Mouse_328;Mouse_331;Mouse_333;Mouse_394;Mouse_401;Mouse_460;Mouse_467;Mouse_469;Mouse_470,Mouse_464,17,2
Awinda,ATP0.1,rat_R_robust,1,Mouse_467,Mouse_328;Mouse_331;Mouse_333;Mouse_394;Mouse_401;Mouse_460;Mouse_464;Mouse_469;Mouse_470,Mouse_467,17,2
Awinda,ATP0.1,rat_R_robust,1,Mouse_469,Mouse_328;Mouse_331;Mouse_333;Mouse_394;Mouse_401;Mouse_460;Mouse_464;Mouse_467;Mouse_470,Mouse_469,17,2
Awinda,ATP0.1,rat_R_robust,1,Mouse_470,Mouse_328;Mouse_331;Mouse_333;Mouse_394;Mouse_401;Mouse_460;Mouse_464;Mouse_467;Mouse_469,Mouse_470,17,2
Awinda,ATP0.1,rat_parameter_A,1,Mouse_328,Mouse_331;Mouse_333;Mouse_394;Mouse_401;Mouse_460;Mouse_464;Mouse_467;Mouse_469;Mouse_470,Mouse_328,18,1
Awinda,ATP0.1,rat_parameter_A,1,Mouse_331,Mouse_328;Mouse_333;Mouse_394;Mouse_401;Mouse_460;Mouse_464;Mouse_467;Mouse_469;Mouse_470,Mouse_331,17,2
Awinda,ATP0.1,rat_parameter_A,1,Mouse_333,Mouse_328;Mouse_331;Mouse_394;Mouse_401;Mouse_460;Mouse_464;Mouse_467;Mouse_469;Mouse_470,Mouse_333,17,2
Awinda,ATP0.1,rat_parameter_A,1,Mouse_394,Mouse_328;Mouse_331;Mouse_333;Mouse_401;Mouse_460;Mouse_464;Mouse_467;Mouse_469;Mouse_470,Mouse_394,17,2
Awinda,ATP0.1,rat_parameter_A,1,Mouse_401,Mouse_328;Mouse_331;Mouse_333;Mouse_394;Mouse_460;Mouse_464;Mouse_467;Mouse_469;Mouse_470,Mouse_401,17,2
Awinda,ATP0.1,rat_parameter_A,1,Mouse_460,Mouse_328;Mouse_331;Mouse_333;Mouse_394;Mouse_401;Mouse_464;Mouse_467;Mouse_469;Mouse_470,Mouse_460,17,2
Awinda,ATP0.1,rat_parameter_A,1,Mouse_464,Mouse_328;Mouse_331;Mouse_333;Mouse_394;Mouse_401;Mouse_460;Mouse_467;Mouse_469;Mouse_470,Mouse_464,17,2
Awinda,ATP0.1,rat_parameter_A,1,Mouse_467,Mouse_328;Mouse_331;Mouse_333;Mouse_394;Mouse_401;Mouse_460;Mouse_464;Mouse_469;Mouse_470,Mouse_467,17,2
Awinda,ATP0.1,rat_parameter_A,1,Mouse_469,Mouse_328;Mouse_331;Mouse_333;Mouse_394;Mouse_401;Mouse_460;Mouse_464;Mouse_467;Mouse_470,Mouse_469,17,2
Awinda,ATP0.1,rat_parameter_A,1,Mouse_470,Mouse_328;Mouse_331;Mouse_333;Mouse_394;Mouse_401;Mouse_460;Mouse_464;Mouse_467;Mouse_469,Mouse_470,17,2
Awinda,ATP0.1,human_ND_source,1,Mouse_328,Mouse_331;Mouse_333;Mouse_394;Mouse_401;Mouse_460;Mouse_464;Mouse_467;Mouse_469;Mouse_470,Mouse_328,18,1
Awinda,ATP0.1,human_ND_source,1,Mouse_331,Mouse_328;Mouse_333;Mouse_394;Mouse_401;Mouse_460;Mouse_464;Mouse_467;Mouse_469;Mouse_470,Mouse_331,17,2
Awinda,ATP0.1,human_ND_source,1,Mouse_333,Mouse_328;Mouse_331;Mouse_394;Mouse_401;Mouse_460;Mouse_464;Mouse_467;Mouse_469;Mouse_470,Mouse_333,17,2
Awinda,ATP0.1,human_ND_source,1,Mouse_394,Mouse_328;Mouse_331;Mouse_333;Mouse_401;Mouse_460;Mouse_464;Mouse_467;Mouse_469;Mouse_470,Mouse_394,17,2
Awinda,ATP0.1,human_ND_source,1,Mouse_401,Mouse_328;Mouse_331;Mouse_333;Mouse_394;Mouse_460;Mouse_464;Mouse_467;Mouse_469;Mouse_470,Mouse_401,17,2
Awinda,ATP0.1,human_ND_source,1,Mouse_460,Mouse_328;Mouse_331;Mouse_333;Mouse_394;Mouse_401;Mouse_464;Mouse_467;Mouse_469;Mouse_470,Mouse_460,17,2
Awinda,ATP0.1,human_ND_source,1,Mouse_464,Mouse_328;Mouse_331;Mouse_333;Mouse_394;Mouse_401;Mouse_460;Mouse_467;Mouse_469;Mouse_470,Mouse_464,17,2
Awinda,ATP0.1,human_ND_source,1,Mouse_467,Mouse_328;Mouse_331;Mouse_333;Mouse_394;Mouse_401;Mouse_460;Mouse_464;Mouse_469;Mouse_470,Mouse_467,17,2
Awinda,ATP0.1,human_ND_source,1,Mouse_469,Mouse_328;Mouse_331;Mouse_333;Mouse_394;Mouse_401;Mouse_460;Mouse_464;Mouse_467;Mouse_470,Mouse_469,17,2
Awinda,ATP0.1,human_ND_source,1,Mouse_470,Mouse_328;Mouse_331;Mouse_333;Mouse_394;Mouse_401;Mouse_460;Mouse_464;Mouse_467;Mouse_469,Mouse_470,17,2
Awinda,ATP0.1,random_seeded,1,Mouse_328,Mouse_331;Mouse_333;Mouse_394;Mouse_401;Mouse_460;Mouse_464;Mouse_467;Mouse_469;Mouse_470,Mouse_328,18,1
Awinda,ATP0.1,random_seeded,1,Mouse_331,Mouse_328;Mouse_333;Mouse_394;Mouse_401;Mouse_460;Mouse_464;Mouse_467;Mouse_469;Mouse_470,Mouse_331,17,2
Awinda,ATP0.1,random_seeded,1,Mouse_333,Mouse_328;Mouse_331;Mouse_394;Mouse_401;Mouse_460;Mouse_464;Mouse_467;Mouse_469;Mouse_470,Mouse_333,17,2
Awinda,ATP0.1,random_seeded,1,Mouse_394,Mouse_328;Mouse_331;Mouse_333;Mouse_401;Mouse_460;Mouse_464;Mouse_467;Mouse_469;Mouse_470,Mouse_394,17,2
Awinda,ATP0.1,random_seeded,1,Mouse_401,Mouse_328;Mouse_331;Mouse_333;Mouse_394;Mouse_460;Mouse_464;Mouse_467;Mouse_469;Mouse_470,Mouse_401,17,2
Awinda,ATP0.1,random_seeded,1,Mouse_460,Mouse_328;Mouse_331;Mouse_333;Mouse_394;Mouse_401;Mouse_464;Mouse_467;Mouse_469;Mouse_470,Mouse_460,17,2
Awinda,ATP0.1,random_seeded,1,Mouse_464,Mouse_328;Mouse_331;Mouse_333;Mouse_394;Mouse_401;Mouse_460;Mouse_467;Mouse_469;Mouse_470,Mouse_464,17,2
Awinda,ATP0.1,random_seeded,1,Mouse_467,Mouse_328;Mouse_331;Mouse_333;Mouse_394;Mouse_401;Mouse_460;Mouse_464;Mouse_469;Mouse_470,Mouse_467,17,2
Awinda,ATP0.1,random_seeded,1,Mouse_469,Mouse_328;Mouse_331;Mouse_333;Mouse_394;Mouse_401;Mouse_460;Mouse_464;Mouse_467;Mouse_470,Mouse_469,17,2
Awinda,ATP0.1,random_seeded,1,Mouse_470,Mouse_328;Mouse_331;Mouse_333;Mouse_394;Mouse_401;Mouse_460;Mouse_464;Mouse_467;Mouse_469,Mouse_470,17,2
Awinda,ATP0.1,fixed_conventional,1,Mouse_328,Mouse_331;Mouse_333;Mouse_394;Mouse_401;Mouse_460;Mouse_464;Mouse_467;Mouse_469;Mouse_470,Mouse_328,18,1
Awinda,ATP0.1,fixed_conventional,1,Mouse_331,Mouse_328;Mouse_333;Mouse_394;Mouse_401;Mouse_460;Mouse_464;Mouse_467;Mouse_469;Mouse_470,Mouse_331,17,2
Awinda,ATP0.1,fixed_conventional,1,Mouse_333,Mouse_328;Mouse_331;Mouse_394;Mouse_401;Mouse_460;Mouse_464;Mouse_467;Mouse_469;Mouse_470,Mouse_333,17,2
Awinda,ATP0.1,fixed_conventional,1,Mouse_394,Mouse_328;Mouse_331;Mouse_333;Mouse_401;Mouse_460;Mouse_464;Mouse_467;Mouse_469;Mouse_470,Mouse_394,17,2
Awinda,ATP0.1,fixed_conventional,1,Mouse_401,Mouse_328;Mouse_331;Mouse_333;Mouse_394;Mouse_460;Mouse_464;Mouse_467;Mouse_469;Mouse_470,Mouse_401,17,2
Awinda,ATP0.1,fixed_conventional,1,Mouse_460,Mouse_328;Mouse_331;Mouse_333;Mouse_394;Mouse_401;Mouse_464;Mouse_467;Mouse_469;Mouse_470,Mouse_460,17,2
Awinda,ATP0.1,fixed_conventional,1,Mouse_464,Mouse_328;Mouse_331;Mouse_333;Mouse_394;Mouse_401;Mouse_460;Mouse_467;Mouse_469;Mouse_470,Mouse_464,17,2
Awinda,ATP0.1,fixed_conventional,1,Mouse_467,Mouse_328;Mouse_331;Mouse_333;Mouse_394;Mouse_401;Mouse_460;Mouse_464;Mouse_469;Mouse_470,Mouse_467,17,2
Awinda,ATP0.1,fixed_conventional,1,Mouse_469,Mouse_328;Mouse_331;Mouse_333;Mouse_394;Mouse_401;Mouse_460;Mouse_464;Mouse_467;Mouse_470,Mouse_469,17,2
Awinda,ATP0.1,fixed_conventional,1,Mouse_470,Mouse_328;Mouse_331;Mouse_333;Mouse_394;Mouse_401;Mouse_460;Mouse_464;Mouse_467;Mouse_469,Mouse_470,17,2
Awinda,ATP0.1,destination_nested_oracle,1,Mouse_328,Mouse_331;Mouse_333;Mouse_394;Mouse_401;Mouse_460;Mouse_464;Mouse_467;Mouse_469;Mouse_470,Mouse_328,18,1
Awinda,ATP0.1,destination_nested_oracle,1,Mouse_331,Mouse_328;Mouse_333;Mouse_394;Mouse_401;Mouse_460;Mouse_464;Mouse_467;Mouse_469;Mouse_470,Mouse_331,17,2
Awinda,ATP0.1,destination_nested_oracle,1,Mouse_333,Mouse_328;Mouse_331;Mouse_394;Mouse_401;Mouse_460;Mouse_464;Mouse_467;Mouse_469;Mouse_470,Mouse_333,17,2
Awinda,ATP0.1,destination_nested_oracle,1,Mouse_394,Mouse_328;Mouse_331;Mouse_333;Mouse_401;Mouse_460;Mouse_464;Mouse_467;Mouse_469;Mouse_470,Mouse_394,17,2
Awinda,ATP0.1,destination_nested_oracle,1,Mouse_401,Mouse_328;Mouse_331;Mouse_333;Mouse_394;Mouse_460;Mouse_464;Mouse_467;Mouse_469;Mouse_470,Mouse_401,17,2
Awinda,ATP0.1,destination_nested_oracle,1,Mouse_460,Mouse_328;Mouse_331;Mouse_333;Mouse_394;Mouse_401;Mouse_464;Mouse_467;Mouse_469;Mouse_470,Mouse_460,17,2
Awinda,ATP0.1,destination_nested_oracle,1,Mouse_464,Mouse_328;Mouse_331;Mouse_333;Mouse_394;Mouse_401;Mouse_460;Mouse_467;Mouse_469;Mouse_470,Mouse_464,17,2
Awinda,ATP0.1,destination_nested_oracle,1,Mouse_467,Mouse_328;Mouse_331;Mouse_333;Mouse_394;Mouse_401;Mouse_460;Mouse_464;Mouse_469;Mouse_470,Mouse_467,17,2
Awinda,ATP0.1,destination_nested_oracle,1,Mouse_469,Mouse_328;Mouse_331;Mouse_333;Mouse_394;Mouse_401;Mouse_460;Mouse_464;Mouse_467;Mouse_470,Mouse_469,17,2
Awinda,ATP0.1,destination_nested_oracle,1,Mouse_470,Mouse_328;Mouse_331;Mouse_333;Mouse_394;Mouse_401;Mouse_460;Mouse_464;Mouse_467;Mouse_469,Mouse_470,17,2
Awinda,ATP0.1,rat_K_target,2,Mouse_328,Mouse_331;Mouse_333;Mouse_394;Mouse_401;Mouse_460;Mouse_464;Mouse_467;Mouse_469;Mouse_470,Mouse_328,18,1
Awinda,ATP0.1,rat_K_target,2,Mouse_331,Mouse_328;Mouse_333;Mouse_394;Mouse_401;Mouse_460;Mouse_464;Mouse_467;Mouse_469;Mouse_470,Mouse_331,17,2
Awinda,ATP0.1,rat_K_target,2,Mouse_333,Mouse_328;Mouse_331;Mouse_394;Mouse_401;Mouse_460;Mouse_464;Mouse_467;Mouse_469;Mouse_470,Mouse_333,17,2
Awinda,ATP0.1,rat_K_target,2,Mouse_394,Mouse_328;Mouse_331;Mouse_333;Mouse_401;Mouse_460;Mouse_464;Mouse_467;Mouse_469;Mouse_470,Mouse_394,17,2
Awinda,ATP0.1,rat_K_target,2,Mouse_401,Mouse_328;Mouse_331;Mouse_333;Mouse_394;Mouse_460;Mouse_464;Mouse_467;Mouse_469;Mouse_470,Mouse_401,17,2
Awinda,ATP0.1,rat_K_target,2,Mouse_460,Mouse_328;Mouse_331;Mouse_333;Mouse_394;Mouse_401;Mouse_464;Mouse_467;Mouse_469;Mouse_470,Mouse_460,17,2
Awinda,ATP0.1,rat_K_target,2,Mouse_464,Mouse_328;Mouse_331;Mouse_333;Mouse_394;Mouse_401;Mouse_460;Mouse_467;Mouse_469;Mouse_470,Mouse_464,17,2
Awinda,ATP0.1,rat_K_target,2,Mouse_467,Mouse_328;Mouse_331;Mouse_333;Mouse_394;Mouse_401;Mouse_460;Mouse_464;Mouse_469;Mouse_470,Mouse_467,17,2
Awinda,ATP0.1,rat_K_target,2,Mouse_469,Mouse_328;Mouse_331;Mouse_333;Mouse_394;Mouse_401;Mouse_460;Mouse_464;Mouse_467;Mouse_470,Mouse_469,17,2
Awinda,ATP0.1,rat_K_target,2,Mouse_470,Mouse_328;Mouse_331;Mouse_333;Mouse_394;Mouse_401;Mouse_460;Mouse_464;Mouse_467;Mouse_469,Mouse_470,17,2
Awinda,ATP0.1,rat_R_robust,2,Mouse_328,Mouse_331;Mouse_333;Mouse_394;Mouse_401;Mouse_460;Mouse_464;Mouse_467;Mouse_469;Mouse_470,Mouse_328,18,1
Awinda,ATP0.1,rat_R_robust,2,Mouse_331,Mouse_328;Mouse_333;Mouse_394;Mouse_401;Mouse_460;Mouse_464;Mouse_467;Mouse_469;Mouse_470,Mouse_331,17,2
Awinda,ATP0.1,rat_R_robust,2,Mouse_333,Mouse_328;Mouse_331;Mouse_394;Mouse_401;Mouse_460;Mouse_464;Mouse_467;Mouse_469;Mouse_470,Mouse_333,17,2
Awinda,ATP0.1,rat_R_robust,2,Mouse_394,Mouse_328;Mouse_331;Mouse_333;Mouse_401;Mouse_460;Mouse_464;Mouse_467;Mouse_469;Mouse_470,Mouse_394,17,2
Awinda,ATP0.1,rat_R_robust,2,Mouse_401,Mouse_328;Mouse_331;Mouse_333;Mouse_394;Mouse_460;Mouse_464;Mouse_467;Mouse_469;Mouse_470,Mouse_401,17,2
Awinda,ATP0.1,rat_R_robust,2,Mouse_460,Mouse_328;Mouse_331;Mouse_333;Mouse_394;Mouse_401;Mouse_464;Mouse_467;Mouse_469;Mouse_470,Mouse_460,17,2
Awinda,ATP0.1,rat_R_robust,2,Mouse_464,Mouse_328;Mouse_331;Mouse_333;Mouse_394;Mouse_401;Mouse_460;Mouse_467;Mouse_469;Mouse_470,Mouse_464,17,2
Awinda,ATP0.1,rat_R_robust,2,Mouse_467,Mouse_328;Mouse_331;Mouse_333;Mouse_394;Mouse_401;Mouse_460;Mouse_464;Mouse_469;Mouse_470,Mouse_467,17,2
Awinda,ATP0.1,rat_R_robust,2,Mouse_469,Mouse_328;Mouse_331;Mouse_333;Mouse_394;Mouse_401;Mouse_460;Mouse_464;Mouse_467;Mouse_470,Mouse_469,17,2
Awinda,ATP0.1,rat_R_robust,2,Mouse_470,Mouse_328;Mouse_331;Mouse_333;Mouse_394;Mouse_401;Mouse_460;Mouse_464;Mouse_467;Mouse_469,Mouse_470,17,2
Awinda,ATP0.1,rat_parameter_A,2,Mouse_328,Mouse_331;Mouse_333;Mouse_394;Mouse_401;Mouse_460;Mouse_464;Mouse_467;Mouse_469;Mouse_470,Mouse_328,18,1
Awinda,ATP0.1,rat_parameter_A,2,Mouse_331,Mouse_328;Mouse_333;Mouse_394;Mouse_401;Mouse_460;Mouse_464;Mouse_467;Mouse_469;Mouse_470,Mouse_331,17,2
Awinda,ATP0.1,rat_parameter_A,2,Mouse_333,Mouse_328;Mouse_331;Mouse_394;Mouse_401;Mouse_460;Mouse_464;Mouse_467;Mouse_469;Mouse_470,Mouse_333,17,2
Awinda,ATP0.1,rat_parameter_A,2,Mouse_394,Mouse_328;Mouse_331;Mouse_333;Mouse_401;Mouse_460;Mouse_464;Mouse_467;Mouse_469;Mouse_470,Mouse_394,17,2
Awinda,ATP0.1,rat_parameter_A,2,Mouse_401,Mouse_328;Mouse_331;Mouse_333;Mouse_394;Mouse_460;Mouse_464;Mouse_467;Mouse_469;Mouse_470,Mouse_401,17,2
Awinda,ATP0.1,rat_parameter_A,2,Mouse_460,Mouse_328;Mouse_331;Mouse_333;Mouse_394;Mouse_401;Mouse_464;Mouse_467;Mouse_469;Mouse_470,Mouse_460,17,2
Awinda,ATP0.1,rat_parameter_A,2,Mouse_464,Mouse_328;Mouse_331;Mouse_333;Mouse_394;Mouse_401;Mouse_460;Mouse_467;Mouse_469;Mouse_470,Mouse_464,17,2
Awinda,ATP0.1,rat_parameter_A,2,Mouse_467,Mouse_328;Mouse_331;Mouse_333;Mouse_394;Mouse_401;Mouse_460;Mouse_464;Mouse_469;Mouse_470,Mouse_467,17,2
Awinda,ATP0.1,rat_parameter_A,2,Mouse_469,Mouse_328;Mouse_331;Mouse_333;Mouse_394;Mouse_401;Mouse_460;Mouse_464;Mouse_467;Mouse_470,Mouse_469,17,2
Awinda,ATP0.1,rat_parameter_A,2,Mouse_470,Mouse_328;Mouse_331;Mouse_333;Mouse_394;Mouse_401;Mouse_460;Mouse_464;Mouse_467;Mouse_469,Mouse_470,17,2
Awinda,ATP0.1,human_ND_source,2,Mouse_328,Mouse_331;Mouse_333;Mouse_394;Mouse_401;Mouse_460;Mouse_464;Mouse_467;Mouse_469;Mouse_470,Mouse_328,18,1
Awinda,ATP0.1,human_ND_source,2,Mouse_331,Mouse_328;Mouse_333;Mouse_394;Mouse_401;Mouse_460;Mouse_464;Mouse_467;Mouse_469;Mouse_470,Mouse_331,17,2
Awinda,ATP0.1,human_ND_source,2,Mouse_333,Mouse_328;Mouse_331;Mouse_394;Mouse_401;Mouse_460;Mouse_464;Mouse_467;Mouse_469;Mouse_470,Mouse_333,17,2
Awinda,ATP0.1,human_ND_source,2,Mouse_394,Mouse_328;Mouse_331;Mouse_333;Mouse_401;Mouse_460;Mouse_464;Mouse_467;Mouse_469;Mouse_470,Mouse_394,17,2
Awinda,ATP0.1,human_ND_source,2,Mouse_401,Mouse_328;Mouse_331;Mouse_333;Mouse_394;Mouse_460;Mouse_464;Mouse_467;Mouse_469;Mouse_470,Mouse_401,17,2
Awinda,ATP0.1,human_ND_source,2,Mouse_460,Mouse_328;Mouse_331;Mouse_333;Mouse_394;Mouse_401;Mouse_464;Mouse_467;Mouse_469;Mouse_470,Mouse_460,17,2
Awinda,ATP0.1,human_ND_source,2,Mouse_464,Mouse_328;Mouse_331;Mouse_333;Mouse_394;Mouse_401;Mouse_460;Mouse_467;Mouse_469;Mouse_470,Mouse_464,17,2
Awinda,ATP0.1,human_ND_source,2,Mouse_467,Mouse_328;Mouse_331;Mouse_333;Mouse_394;Mouse_401;Mouse_460;Mouse_464;Mouse_469;Mouse_470,Mouse_467,17,2
Awinda,ATP0.1,human_ND_source,2,Mouse_469,Mouse_328;Mouse_331;Mouse_333;Mouse_394;Mouse_401;Mouse_460;Mouse_464;Mouse_467;Mouse_470,Mouse_469,17,2
Awinda,ATP0.1,human_ND_source,2,Mouse_470,Mouse_328;Mouse_331;Mouse_333;Mouse_394;Mouse_401;Mouse_460;Mouse_464;Mouse_467;Mouse_469,Mouse_470,17,2
Awinda,ATP0.1,random_seeded,2,Mouse_328,Mouse_331;Mouse_333;Mouse_394;Mouse_401;Mouse_460;Mouse_464;Mouse_467;Mouse_469;Mouse_470,Mouse_328,18,1
Awinda,ATP0.1,random_seeded,2,Mouse_331,Mouse_328;Mouse_333;Mouse_394;Mouse_401;Mouse_460;Mouse_464;Mouse_467;Mouse_469;Mouse_470,Mouse_331,17,2
Awinda,ATP0.1,random_seeded,2,Mouse_333,Mouse_328;Mouse_331;Mouse_394;Mouse_401;Mouse_460;Mouse_464;Mouse_467;Mouse_469;Mouse_470,Mouse_333,17,2
Awinda,ATP0.1,random_seeded,2,Mouse_394,Mouse_328;Mouse_331;Mouse_333;Mouse_401;Mouse_460;Mouse_464;Mouse_467;Mouse_469;Mouse_470,Mouse_394,17,2
Awinda,ATP0.1,random_seeded,2,Mouse_401,Mouse_328;Mouse_331;Mouse_333;Mouse_394;Mouse_460;Mouse_464;Mouse_467;Mouse_469;Mouse_470,Mouse_401,17,2
Awinda,ATP0.1,random_seeded,2,Mouse_460,Mouse_328;Mouse_331;Mouse_333;Mouse_394;Mouse_401;Mouse_464;Mouse_467;Mouse_469;Mouse_470,Mouse_460,17,2
Awinda,ATP0.1,random_seeded,2,Mouse_464,Mouse_328;Mouse_331;Mouse_333;Mouse_394;Mouse_401;Mouse_460;Mouse_467;Mouse_469;Mouse_470,Mouse_464,17,2
Awinda,ATP0.1,random_seeded,2,Mouse_467,Mouse_328;Mouse_331;Mouse_333;Mouse_394;Mouse_401;Mouse_460;Mouse_464;Mouse_469;Mouse_470,Mouse_467,17,2
Awinda,ATP0.1,random_seeded,2,Mouse_469,Mouse_328;Mouse_331;Mouse_333;Mouse_394;Mouse_401;Mouse_460;Mouse_464;Mouse_467;Mouse_470,Mouse_469,17,2
Awinda,ATP0.1,random_seeded,2,Mouse_470,Mouse_328;Mouse_331;Mouse_333;Mouse_394;Mouse_401;Mouse_460;Mouse_464;Mouse_467;Mouse_469,Mouse_470,17,2
Awinda,ATP0.1,fixed_conventional,2,Mouse_328,Mouse_331;Mouse_333;Mouse_394;Mouse_401;Mouse_460;Mouse_464;Mouse_467;Mouse_469;Mouse_470,Mouse_328,18,1
Awinda,ATP0.1,fixed_conventional,2,Mouse_331,Mouse_328;Mouse_333;Mouse_394;Mouse_401;Mouse_460;Mouse_464;Mouse_467;Mouse_469;Mouse_470,Mouse_331,17,2
Awinda,ATP0.1,fixed_conventional,2,Mouse_333,Mouse_328;Mouse_331;Mouse_394;Mouse_401;Mouse_460;Mouse_464;Mouse_467;Mouse_469;Mouse_470,Mouse_333,17,2
Awinda,ATP0.1,fixed_conventional,2,Mouse_394,Mouse_328;Mouse_331;Mouse_333;Mouse_401;Mouse_460;Mouse_464;Mouse_467;Mouse_469;Mouse_470,Mouse_394,17,2
Awinda,ATP0.1,fixed_conventional,2,Mouse_401,Mouse_328;Mouse_331;Mouse_333;Mouse_394;Mouse_460;Mouse_464;Mouse_467;Mouse_469;Mouse_470,Mouse_401,17,2
Awinda,ATP0.1,fixed_conventional,2,Mouse_460,Mouse_328;Mouse_331;Mouse_333;Mouse_394;Mouse_401;Mouse_464;Mouse_467;Mouse_469;Mouse_470,Mouse_460,17,2
Awinda,ATP0.1,fixed_conventional,2,Mouse_464,Mouse_328;Mouse_331;Mouse_333;Mouse_394;Mouse_401;Mouse_460;Mouse_467;Mouse_469;Mouse_470,Mouse_464,17,2
Awinda,ATP0.1,fixed_conventional,2,Mouse_467,Mouse_328;Mouse_331;Mouse_333;Mouse_394;Mouse_401;Mouse_460;Mouse_464;Mouse_469;Mouse_470,Mouse_467,17,2
Awinda,ATP0.1,fixed_conventional,2,Mouse_469,Mouse_328;Mouse_331;Mouse_333;Mouse_394;Mouse_401;Mouse_460;Mouse_464;Mouse_467;Mouse_470,Mouse_469,17,2
Awinda,ATP0.1,fixed_conventional,2,Mouse_470,Mouse_328;Mouse_331;Mouse_333;Mouse_394;Mouse_401;Mouse_460;Mouse_464;Mouse_467;Mouse_469,Mouse_470,17,2
Awinda,ATP0.1,destination_nested_oracle,2,Mouse_328,Mouse_331;Mouse_333;Mouse_394;Mouse_401;Mouse_460;Mouse_464;Mouse_467;Mouse_469;Mouse_470,Mouse_328,18,1
Awinda,ATP0.1,destination_nested_oracle,2,Mouse_331,Mouse_328;Mouse_333;Mouse_394;Mouse_401;Mouse_460;Mouse_464;Mouse_467;Mouse_469;Mouse_470,Mouse_331,17,2
Awinda,ATP0.1,destination_nested_oracle,2,Mouse_333,Mouse_328;Mouse_331;Mouse_394;Mouse_401;Mouse_460;Mouse_464;Mouse_467;Mouse_469;Mouse_470,Mouse_333,17,2
Awinda,ATP0.1,destination_nested_oracle,2,Mouse_394,Mouse_328;Mouse_331;Mouse_333;Mouse_401;Mouse_460;Mouse_464;Mouse_467;Mouse_469;Mouse_470,Mouse_394,17,2
Awinda,ATP0.1,destination_nested_oracle,2,Mouse_401,Mouse_328;Mouse_331;Mouse_333;Mouse_394;Mouse_460;Mouse_464;Mouse_467;Mouse_469;Mouse_470,Mouse_401,17,2
Awinda,ATP0.1,destination_nested_oracle,2,Mouse_460,Mouse_328;Mouse_331;Mouse_333;Mouse_394;Mouse_401;Mouse_464;Mouse_467;Mouse_469;Mouse_470,Mouse_460,17,2
Awinda,ATP0.1,destination_nested_oracle,2,Mouse_464,Mouse_328;Mouse_331;Mouse_333;Mouse_394;Mouse_401;Mouse_460;Mouse_467;Mouse_469;Mouse_470,Mouse_464,17,2
Awinda,ATP0.1,destination_nested_oracle,2,Mouse_467,Mouse_328;Mouse_331;Mouse_333;Mouse_394;Mouse_401;Mouse_460;Mouse_464;Mouse_469;Mouse_470,Mouse_467,17,2
Awinda,ATP0.1,destination_nested_oracle,2,Mouse_469,Mouse_328;Mouse_331;Mouse_333;Mouse_394;Mouse_401;Mouse_460;Mouse_464;Mouse_467;Mouse_470,Mouse_469,17,2
Awinda,ATP0.1,destination_nested_oracle,2,Mouse_470,Mouse_328;Mouse_331;Mouse_333;Mouse_394;Mouse_401;Mouse_460;Mouse_464;Mouse_467;Mouse_469,Mouse_470,17,2
Awinda,ATP0.1,rat_K_target,3,Mouse_328,Mouse_331;Mouse_333;Mouse_394;Mouse_401;Mouse_460;Mouse_464;Mouse_467;Mouse_469;Mouse_470,Mouse_328,18,1
Awinda,ATP0.1,rat_K_target,3,Mouse_331,Mouse_328;Mouse_333;Mouse_394;Mouse_401;Mouse_460;Mouse_464;Mouse_467;Mouse_469;Mouse_470,Mouse_331,17,2
Awinda,ATP0.1,rat_K_target,3,Mouse_333,Mouse_328;Mouse_331;Mouse_394;Mouse_401;Mouse_460;Mouse_464;Mouse_467;Mouse_469;Mouse_470,Mouse_333,17,2
Awinda,ATP0.1,rat_K_target,3,Mouse_394,Mouse_328;Mouse_331;Mouse_333;Mouse_401;Mouse_460;Mouse_464;Mouse_467;Mouse_469;Mouse_470,Mouse_394,17,2
Awinda,ATP0.1,rat_K_target,3,Mouse_401,Mouse_328;Mouse_331;Mouse_333;Mouse_394;Mouse_460;Mouse_464;Mouse_467;Mouse_469;Mouse_470,Mouse_401,17,2
Awinda,ATP0.1,rat_K_target,3,Mouse_460,Mouse_328;Mouse_331;Mouse_333;Mouse_394;Mouse_401;Mouse_464;Mouse_467;Mouse_469;Mouse_470,Mouse_460,17,2
Awinda,ATP0.1,rat_K_target,3,Mouse_464,Mouse_328;Mouse_331;Mouse_333;Mouse_394;Mouse_401;Mouse_460;Mouse_467;Mouse_469;Mouse_470,Mouse_464,17,2
Awinda,ATP0.1,rat_K_target,3,Mouse_467,Mouse_328;Mouse_331;Mouse_333;Mouse_394;Mouse_401;Mouse_460;Mouse_464;Mouse_469;Mouse_470,Mouse_467,17,2
Awinda,ATP0.1,rat_K_target,3,Mouse_469,Mouse_328;Mouse_331;Mouse_333;Mouse_394;Mouse_401;Mouse_460;Mouse_464;Mouse_467;Mouse_470,Mouse_469,17,2
Awinda,ATP0.1,rat_K_target,3,Mouse_470,Mouse_328;Mouse_331;Mouse_333;Mouse_394;Mouse_401;Mouse_460;Mouse_464;Mouse_467;Mouse_469,Mouse_470,17,2
Awinda,ATP0.1,rat_R_robust,3,Mouse_328,Mouse_331;Mouse_333;Mouse_394;Mouse_401;Mouse_460;Mouse_464;Mouse_467;Mouse_469;Mouse_470,Mouse_328,18,1
Awinda,ATP0.1,rat_R_robust,3,Mouse_331,Mouse_328;Mouse_333;Mouse_394;Mouse_401;Mouse_460;Mouse_464;Mouse_467;Mouse_469;Mouse_470,Mouse_331,17,2
Awinda,ATP0.1,rat_R_robust,3,Mouse_333,Mouse_328;Mouse_331;Mouse_394;Mouse_401;Mouse_460;Mouse_464;Mouse_467;Mouse_469;Mouse_470,Mouse_333,17,2
Awinda,ATP0.1,rat_R_robust,3,Mouse_394,Mouse_328;Mouse_331;Mouse_333;Mouse_401;Mouse_460;Mouse_464;Mouse_467;Mouse_469;Mouse_470,Mouse_394,17,2
Awinda,ATP0.1,rat_R_robust,3,Mouse_401,Mouse_328;Mouse_331;Mouse_333;Mouse_394;Mouse_460;Mouse_464;Mouse_467;Mouse_469;Mouse_470,Mouse_401,17,2
Awinda,ATP0.1,rat_R_robust,3,Mouse_460,Mouse_328;Mouse_331;Mouse_333;Mouse_394;Mouse_401;Mouse_464;Mouse_467;Mouse_469;Mouse_470,Mouse_460,17,2
Awinda,ATP0.1,rat_R_robust,3,Mouse_464,Mouse_328;Mouse_331;Mouse_333;Mouse_394;Mouse_401;Mouse_460;Mouse_467;Mouse_469;Mouse_470,Mouse_464,17,2
Awinda,ATP0.1,rat_R_robust,3,Mouse_467,Mouse_328;Mouse_331;Mouse_333;Mouse_394;Mouse_401;Mouse_460;Mouse_464;Mouse_469;Mouse_470,Mouse_467,17,2
Awinda,ATP0.1,rat_R_robust,3,Mouse_469,Mouse_328;Mouse_331;Mouse_333;Mouse_394;Mouse_401;Mouse_460;Mouse_464;Mouse_467;Mouse_470,Mouse_469,17,2
Awinda,ATP0.1,rat_R_robust,3,Mouse_470,Mouse_328;Mouse_331;Mouse_333;Mouse_394;Mouse_401;Mouse_460;Mouse_464;Mouse_467;Mouse_469,Mouse_470,17,2
Awinda,ATP0.1,rat_parameter_A,3,Mouse_328,Mouse_331;Mouse_333;Mouse_394;Mouse_401;Mouse_460;Mouse_464;Mouse_467;Mouse_469;Mouse_470,Mouse_328,18,1
Awinda,ATP0.1,rat_parameter_A,3,Mouse_331,Mouse_328;Mouse_333;Mouse_394;Mouse_401;Mouse_460;Mouse_464;Mouse_467;Mouse_469;Mouse_470,Mouse_331,17,2
Awinda,ATP0.1,rat_parameter_A,3,Mouse_333,Mouse_328;Mouse_331;Mouse_394;Mouse_401;Mouse_460;Mouse_464;Mouse_467;Mouse_469;Mouse_470,Mouse_333,17,2
Awinda,ATP0.1,rat_parameter_A,3,Mouse_394,Mouse_328;Mouse_331;Mouse_333;Mouse_401;Mouse_460;Mouse_464;Mouse_467;Mouse_469;Mouse_470,Mouse_394,17,2
Awinda,ATP0.1,rat_parameter_A,3,Mouse_401,Mouse_328;Mouse_331;Mouse_333;Mouse_394;Mouse_460;Mouse_464;Mouse_467;Mouse_469;Mouse_470,Mouse_401,17,2
Awinda,ATP0.1,rat_parameter_A,3,Mouse_460,Mouse_328;Mouse_331;Mouse_333;Mouse_394;Mouse_401;Mouse_464;Mouse_467;Mouse_469;Mouse_470,Mouse_460,17,2
Awinda,ATP0.1,rat_parameter_A,3,Mouse_464,Mouse_328;Mouse_331;Mouse_333;Mouse_394;Mouse_401;Mouse_460;Mouse_467;Mouse_469;Mouse_470,Mouse_464,17,2
Awinda,ATP0.1,rat_parameter_A,3,Mouse_467,Mouse_328;Mouse_331;Mouse_333;Mouse_394;Mouse_401;Mouse_460;Mouse_464;Mouse_469;Mouse_470,Mouse_467,17,2
Awinda,ATP0.1,rat_parameter_A,3,Mouse_469,Mouse_328;Mouse_331;Mouse_333;Mouse_394;Mouse_401;Mouse_460;Mouse_464;Mouse_467;Mouse_470,Mouse_469,17,2
Awinda,ATP0.1,rat_parameter_A,3,Mouse_470,Mouse_328;Mouse_331;Mouse_333;Mouse_394;Mouse_401;Mouse_460;Mouse_464;Mouse_467;Mouse_469,Mouse_470,17,2
Awinda,ATP0.1,human_ND_source,3,Mouse_328,Mouse_331;Mouse_333;Mouse_394;Mouse_401;Mouse_460;Mouse_464;Mouse_467;Mouse_469;Mouse_470,Mouse_328,18,1
Awinda,ATP0.1,human_ND_source,3,Mouse_331,Mouse_328;Mouse_333;Mouse_394;Mouse_401;Mouse_460;Mouse_464;Mouse_467;Mouse_469;Mouse_470,Mouse_331,17,2
Awinda,ATP0.1,human_ND_source,3,Mouse_333,Mouse_328;Mouse_331;Mouse_394;Mouse_401;Mouse_460;Mouse_464;Mouse_467;Mouse_469;Mouse_470,Mouse_333,17,2
Awinda,ATP0.1,human_ND_source,3,Mouse_394,Mouse_328;Mouse_331;Mouse_333;Mouse_401;Mouse_460;Mouse_464;Mouse_467;Mouse_469;Mouse_470,Mouse_394,17,2
Awinda,ATP0.1,human_ND_source,3,Mouse_401,Mouse_328;Mouse_331;Mouse_333;Mouse_394;Mouse_460;Mouse_464;Mouse_467;Mouse_469;Mouse_470,Mouse_401,17,2
Awinda,ATP0.1,human_ND_source,3,Mouse_460,Mouse_328;Mouse_331;Mouse_333;Mouse_394;Mouse_401;Mouse_464;Mouse_467;Mouse_469;Mouse_470,Mouse_460,17,2
Awinda,ATP0.1,human_ND_source,3,Mouse_464,Mouse_328;Mouse_331;Mouse_333;Mouse_394;Mouse_401;Mouse_460;Mouse_467;Mouse_469;Mouse_470,Mouse_464,17,2
Awinda,ATP0.1,human_ND_source,3,Mouse_467,Mouse_328;Mouse_331;Mouse_333;Mouse_394;Mouse_401;Mouse_460;Mouse_464;Mouse_469;Mouse_470,Mouse_467,17,2
Awinda,ATP0.1,human_ND_source,3,Mouse_469,Mouse_328;Mouse_331;Mouse_333;Mouse_394;Mouse_401;Mouse_460;Mouse_464;Mouse_467;Mouse_470,Mouse_469,17,2
Awinda,ATP0.1,human_ND_source,3,Mouse_470,Mouse_328;Mouse_331;Mouse_333;Mouse_394;Mouse_401;Mouse_460;Mouse_464;Mouse_467;Mouse_469,Mouse_470,17,2
Awinda,ATP0.1,random_seeded,3,Mouse_328,Mouse_331;Mouse_333;Mouse_394;Mouse_401;Mouse_460;Mouse_464;Mouse_467;Mouse_469;Mouse_470,Mouse_328,18,1
Awinda,ATP0.1,random_seeded,3,Mouse_331,Mouse_328;Mouse_333;Mouse_394;Mouse_401;Mouse_460;Mouse_464;Mouse_467;Mouse_469;Mouse_470,Mouse_331,17,2
Awinda,ATP0.1,random_seeded,3,Mouse_333,Mouse_328;Mouse_331;Mouse_394;Mouse_401;Mouse_460;Mouse_464;Mouse_467;Mouse_469;Mouse_470,Mouse_333,17,2
Awinda,ATP0.1,random_seeded,3,Mouse_394,Mouse_328;Mouse_331;Mouse_333;Mouse_401;Mouse_460;Mouse_464;Mouse_467;Mouse_469;Mouse_470,Mouse_394,17,2
Awinda,ATP0.1,random_seeded,3,Mouse_401,Mouse_328;Mouse_331;Mouse_333;Mouse_394;Mouse_460;Mouse_464;Mouse_467;Mouse_469;Mouse_470,Mouse_401,17,2
Awinda,ATP0.1,random_seeded,3,Mouse_460,Mouse_328;Mouse_331;Mouse_333;Mouse_394;Mouse_401;Mouse_464;Mouse_467;Mouse_469;Mouse_470,Mouse_460,17,2
Awinda,ATP0.1,random_seeded,3,Mouse_464,Mouse_328;Mouse_331;Mouse_333;Mouse_394;Mouse_401;Mouse_460;Mouse_467;Mouse_469;Mouse_470,Mouse_464,17,2
Awinda,ATP0.1,random_seeded,3,Mouse_467,Mouse_328;Mouse_331;Mouse_333;Mouse_394;Mouse_401;Mouse_460;Mouse_464;Mouse_469;Mouse_470,Mouse_467,17,2
Awinda,ATP0.1,random_seeded,3,Mouse_469,Mouse_328;Mouse_331;Mouse_333;Mouse_394;Mouse_401;Mouse_460;Mouse_464;Mouse_467;Mouse_470,Mouse_469,17,2
Awinda,ATP0.1,random_seeded,3,Mouse_470,Mouse_328;Mouse_331;Mouse_333;Mouse_394;Mouse_401;Mouse_460;Mouse_464;Mouse_467;Mouse_469,Mouse_470,17,2
Awinda,ATP0.1,fixed_conventional,3,Mouse_328,Mouse_331;Mouse_333;Mouse_394;Mouse_401;Mouse_460;Mouse_464;Mouse_467;Mouse_469;Mouse_470,Mouse_328,18,1
Awinda,ATP0.1,fixed_conventional,3,Mouse_331,Mouse_328;Mouse_333;Mouse_394;Mouse_401;Mouse_460;Mouse_464;Mouse_467;Mouse_469;Mouse_470,Mouse_331,17,2
Awinda,ATP0.1,fixed_conventional,3,Mouse_333,Mouse_328;Mouse_331;Mouse_394;Mouse_401;Mouse_460;Mouse_464;Mouse_467;Mouse_469;Mouse_470,Mouse_333,17,2
Awinda,ATP0.1,fixed_conventional,3,Mouse_394,Mouse_328;Mouse_331;Mouse_333;Mouse_401;Mouse_460;Mouse_464;Mouse_467;Mouse_469;Mouse_470,Mouse_394,17,2
Awinda,ATP0.1,fixed_conventional,3,Mouse_401,Mouse_328;Mouse_331;Mouse_333;Mouse_394;Mouse_460;Mouse_464;Mouse_467;Mouse_469;Mouse_470,Mouse_401,17,2
Awinda,ATP0.1,fixed_conventional,3,Mouse_460,Mouse_328;Mouse_331;Mouse_333;Mouse_394;Mouse_401;Mouse_464;Mouse_467;Mouse_469;Mouse_470,Mouse_460,17,2
Awinda,ATP0.1,fixed_conventional,3,Mouse_464,Mouse_328;Mouse_331;Mouse_333;Mouse_394;Mouse_401;Mouse_460;Mouse_467;Mouse_469;Mouse_470,Mouse_464,17,2
Awinda,ATP0.1,fixed_conventional,3,Mouse_467,Mouse_328;Mouse_331;Mouse_333;Mouse_394;Mouse_401;Mouse_460;Mouse_464;Mouse_469;Mouse_470,Mouse_467,17,2
Awinda,ATP0.1,fixed_conventional,3,Mouse_469,Mouse_328;Mouse_331;Mouse_333;Mouse_394;Mouse_401;Mouse_460;Mouse_464;Mouse_467;Mouse_470,Mouse_469,17,2
Awinda,ATP0.1,fixed_conventional,3,Mouse_470,Mouse_328;Mouse_331;Mouse_333;Mouse_394;Mouse_401;Mouse_460;Mouse_464;Mouse_467;Mouse_469,Mouse_470,17,2
Awinda,ATP0.1,destination_nested_oracle,3,Mouse_328,Mouse_331;Mouse_333;Mouse_394;Mouse_401;Mouse_460;Mouse_464;Mouse_467;Mouse_469;Mouse_470,Mouse_328,18,1
Awinda,ATP0.1,destination_nested_oracle,3,Mouse_331,Mouse_328;Mouse_333;Mouse_394;Mouse_401;Mouse_460;Mouse_464;Mouse_467;Mouse_469;Mouse_470,Mouse_331,17,2
Awinda,ATP0.1,destination_nested_oracle,3,Mouse_333,Mouse_328;Mouse_331;Mouse_394;Mouse_401;Mouse_460;Mouse_464;Mouse_467;Mouse_469;Mouse_470,Mouse_333,17,2
Awinda,ATP0.1,destination_nested_oracle,3,Mouse_394,Mouse_328;Mouse_331;Mouse_333;Mouse_401;Mouse_460;Mouse_464;Mouse_467;Mouse_469;Mouse_470,Mouse_394,17,2
Awinda,ATP0.1,destination_nested_oracle,3,Mouse_401,Mouse_328;Mouse_331;Mouse_333;Mouse_394;Mouse_460;Mouse_464;Mouse_467;Mouse_469;Mouse_470,Mouse_401,17,2
Awinda,ATP0.1,destination_nested_oracle,3,Mouse_460,Mouse_328;Mouse_331;Mouse_333;Mouse_394;Mouse_401;Mouse_464;Mouse_467;Mouse_469;Mouse_470,Mouse_460,17,2
Awinda,ATP0.1,destination_nested_oracle,3,Mouse_464,Mouse_328;Mouse_331;Mouse_333;Mouse_394;Mouse_401;Mouse_460;Mouse_467;Mouse_469;Mouse_470,Mouse_464,17,2
Awinda,ATP0.1,destination_nested_oracle,3,Mouse_467,Mouse_328;Mouse_331;Mouse_333;Mouse_394;Mouse_401;Mouse_460;Mouse_464;Mouse_469;Mouse_470,Mouse_467,17,2
Awinda,ATP0.1,destination_nested_oracle,3,Mouse_469,Mouse_328;Mouse_331;Mouse_333;Mouse_394;Mouse_401;Mouse_460;Mouse_464;Mouse_467;Mouse_470,Mouse_469,17,2
Awinda,ATP0.1,destination_nested_oracle,3,Mouse_470,Mouse_328;Mouse_331;Mouse_333;Mouse_394;Mouse_401;Mouse_460;Mouse_464;Mouse_467;Mouse_469,Mouse_470,17,2
Awinda,ATP0.1,full_spectrum_reference,72,Mouse_328,Mouse_331;Mouse_333;Mouse_394;Mouse_401;Mouse_460;Mouse_464;Mouse_467;Mouse_469;Mouse_470,Mouse_328,18,1
Awinda,ATP0.1,full_spectrum_reference,72,Mouse_331,Mouse_328;Mouse_333;Mouse_394;Mouse_401;Mouse_460;Mouse_464;Mouse_467;Mouse_469;Mouse_470,Mouse_331,17,2
Awinda,ATP0.1,full_spectrum_reference,72,Mouse_333,Mouse_328;Mouse_331;Mouse_394;Mouse_401;Mouse_460;Mouse_464;Mouse_467;Mouse_469;Mouse_470,Mouse_333,17,2
Awinda,ATP0.1,full_spectrum_reference,72,Mouse_394,Mouse_328;Mouse_331;Mouse_333;Mouse_401;Mouse_460;Mouse_464;Mouse_467;Mouse_469;Mouse_470,Mouse_394,17,2
Awinda,ATP0.1,full_spectrum_reference,72,Mouse_401,Mouse_328;Mouse_331;Mouse_333;Mouse_394;Mouse_460;Mouse_464;Mouse_467;Mouse_469;Mouse_470,Mouse_401,17,2
Awinda,ATP0.1,full_spectrum_reference,72,Mouse_460,Mouse_328;Mouse_331;Mouse_333;Mouse_394;Mouse_401;Mouse_464;Mouse_467;Mouse_469;Mouse_470,Mouse_460,17,2
Awinda,ATP0.1,full_spectrum_reference,72,Mouse_464,Mouse_328;Mouse_331;Mouse_333;Mouse_394;Mouse_401;Mouse_460;Mouse_467;Mouse_469;Mouse_470,Mouse_464,17,2
Awinda,ATP0.1,full_spectrum_reference,72,Mouse_467,Mouse_328;Mouse_331;Mouse_333;Mouse_394;Mouse_401;Mouse_460;Mouse_464;Mouse_469;Mouse_470,Mouse_467,17,2
Awinda,ATP0.1,full_spectrum_reference,72,Mouse_469,Mouse_328;Mouse_331;Mouse_333;Mouse_394;Mouse_401;Mouse_460;Mouse_464;Mouse_467;Mouse_470,Mouse_469,17,2
Awinda,ATP0.1,full_spectrum_reference,72,Mouse_470,Mouse_328;Mouse_331;Mouse_333;Mouse_394;Mouse_401;Mouse_460;Mouse_464;Mouse_467;Mouse_469,Mouse_470,17,2
Awinda,ATP1,baseline_only,0,Mouse_328,Mouse_331;Mouse_333;Mouse_394;Mouse_401;Mouse_460;Mouse_464;Mouse_467;Mouse_469;Mouse_470,Mouse_328,18,1
Awinda,ATP1,baseline_only,0,Mouse_331,Mouse_328;Mouse_333;Mouse_394;Mouse_401;Mouse_460;Mouse_464;Mouse_467;Mouse_469;Mouse_470,Mouse_331,17,2
Awinda,ATP1,baseline_only,0,Mouse_333,Mouse_328;Mouse_331;Mouse_394;Mouse_401;Mouse_460;Mouse_464;Mouse_467;Mouse_469;Mouse_470,Mouse_333,17,2
Awinda,ATP1,baseline_only,0,Mouse_394,Mouse_328;Mouse_331;Mouse_333;Mouse_401;Mouse_460;Mouse_464;Mouse_467;Mouse_469;Mouse_470,Mouse_394,17,2
Awinda,ATP1,baseline_only,0,Mouse_401,Mouse_328;Mouse_331;Mouse_333;Mouse_394;Mouse_460;Mouse_464;Mouse_467;Mouse_469;Mouse_470,Mouse_401,17,2
Awinda,ATP1,baseline_only,0,Mouse_460,Mouse_328;Mouse_331;Mouse_333;Mouse_394;Mouse_401;Mouse_464;Mouse_467;Mouse_469;Mouse_470,Mouse_460,17,2
Awinda,ATP1,baseline_only,0,Mouse_464,Mouse_328;Mouse_331;Mouse_333;Mouse_394;Mouse_401;Mouse_460;Mouse_467;Mouse_469;Mouse_470,Mouse_464,17,2
Awinda,ATP1,baseline_only,0,Mouse_467,Mouse_328;Mouse_331;Mouse_333;Mouse_394;Mouse_401;Mouse_460;Mouse_464;Mouse_469;Mouse_470,Mouse_467,17,2
Awinda,ATP1,baseline_only,0,Mouse_469,Mouse_328;Mouse_331;Mouse_333;Mouse_394;Mouse_401;Mouse_460;Mouse_464;Mouse_467;Mouse_470,Mouse_469,17,2
Awinda,ATP1,baseline_only,0,Mouse_470,Mouse_328;Mouse_331;Mouse_333;Mouse_394;Mouse_401;Mouse_460;Mouse_464;Mouse_467;Mouse_469,Mouse_470,17,2
Awinda,ATP1,rat_K_target,1,Mouse_328,Mouse_331;Mouse_333;Mouse_394;Mouse_401;Mouse_460;Mouse_464;Mouse_467;Mouse_469;Mouse_470,Mouse_328,18,1
Awinda,ATP1,rat_K_target,1,Mouse_331,Mouse_328;Mouse_333;Mouse_394;Mouse_401;Mouse_460;Mouse_464;Mouse_467;Mouse_469;Mouse_470,Mouse_331,17,2
Awinda,ATP1,rat_K_target,1,Mouse_333,Mouse_328;Mouse_331;Mouse_394;Mouse_401;Mouse_460;Mouse_464;Mouse_467;Mouse_469;Mouse_470,Mouse_333,17,2
Awinda,ATP1,rat_K_target,1,Mouse_394,Mouse_328;Mouse_331;Mouse_333;Mouse_401;Mouse_460;Mouse_464;Mouse_467;Mouse_469;Mouse_470,Mouse_394,17,2
Awinda,ATP1,rat_K_target,1,Mouse_401,Mouse_328;Mouse_331;Mouse_333;Mouse_394;Mouse_460;Mouse_464;Mouse_467;Mouse_469;Mouse_470,Mouse_401,17,2
Awinda,ATP1,rat_K_target,1,Mouse_460,Mouse_328;Mouse_331;Mouse_333;Mouse_394;Mouse_401;Mouse_464;Mouse_467;Mouse_469;Mouse_470,Mouse_460,17,2
Awinda,ATP1,rat_K_target,1,Mouse_464,Mouse_328;Mouse_331;Mouse_333;Mouse_394;Mouse_401;Mouse_460;Mouse_467;Mouse_469;Mouse_470,Mouse_464,17,2
Awinda,ATP1,rat_K_target,1,Mouse_467,Mouse_328;Mouse_331;Mouse_333;Mouse_394;Mouse_401;Mouse_460;Mouse_464;Mouse_469;Mouse_470,Mouse_467,17,2
Awinda,ATP1,rat_K_target,1,Mouse_469,Mouse_328;Mouse_331;Mouse_333;Mouse_394;Mouse_401;Mouse_460;Mouse_464;Mouse_467;Mouse_470,Mouse_469,17,2
Awinda,ATP1,rat_K_target,1,Mouse_470,Mouse_328;Mouse_331;Mouse_333;Mouse_394;Mouse_401;Mouse_460;Mouse_464;Mouse_467;Mouse_469,Mouse_470,17,2
Awinda,ATP1,rat_R_robust,1,Mouse_328,Mouse_331;Mouse_333;Mouse_394;Mouse_401;Mouse_460;Mouse_464;Mouse_467;Mouse_469;Mouse_470,Mouse_328,18,1
Awinda,ATP1,rat_R_robust,1,Mouse_331,Mouse_328;Mouse_333;Mouse_394;Mouse_401;Mouse_460;Mouse_464;Mouse_467;Mouse_469;Mouse_470,Mouse_331,17,2
Awinda,ATP1,rat_R_robust,1,Mouse_333,Mouse_328;Mouse_331;Mouse_394;Mouse_401;Mouse_460;Mouse_464;Mouse_467;Mouse_469;Mouse_470,Mouse_333,17,2
Awinda,ATP1,rat_R_robust,1,Mouse_394,Mouse_328;Mouse_331;Mouse_333;Mouse_401;Mouse_460;Mouse_464;Mouse_467;Mouse_469;Mouse_470,Mouse_394,17,2
Awinda,ATP1,rat_R_robust,1,Mouse_401,Mouse_328;Mouse_331;Mouse_333;Mouse_394;Mouse_460;Mouse_464;Mouse_467;Mouse_469;Mouse_470,Mouse_401,17,2
Awinda,ATP1,rat_R_robust,1,Mouse_460,Mouse_328;Mouse_331;Mouse_333;Mouse_394;Mouse_401;Mouse_464;Mouse_467;Mouse_469;Mouse_470,Mouse_460,17,2
Awinda,ATP1,rat_R_robust,1,Mouse_464,Mouse_328;Mouse_331;Mouse_333;Mouse_394;Mouse_401;Mouse_460;Mouse_467;Mouse_469;Mouse_470,Mouse_464,17,2
Awinda,ATP1,rat_R_robust,1,Mouse_467,Mouse_328;Mouse_331;Mouse_333;Mouse_394;Mouse_401;Mouse_460;Mouse_464;Mouse_469;Mouse_470,Mouse_467,17,2
Awinda,ATP1,rat_R_robust,1,Mouse_469,Mouse_328;Mouse_331;Mouse_333;Mouse_394;Mouse_401;Mouse_460;Mouse_464;Mouse_467;Mouse_470,Mouse_469,17,2
Awinda,ATP1,rat_R_robust,1,Mouse_470,Mouse_328;Mouse_331;Mouse_333;Mouse_394;Mouse_401;Mouse_460;Mouse_464;Mouse_467;Mouse_469,Mouse_470,17,2
Awinda,ATP1,rat_parameter_A,1,Mouse_328,Mouse_331;Mouse_333;Mouse_394;Mouse_401;Mouse_460;Mouse_464;Mouse_467;Mouse_469;Mouse_470,Mouse_328,18,1
Awinda,ATP1,rat_parameter_A,1,Mouse_331,Mouse_328;Mouse_333;Mouse_394;Mouse_401;Mouse_460;Mouse_464;Mouse_467;Mouse_469;Mouse_470,Mouse_331,17,2
Awinda,ATP1,rat_parameter_A,1,Mouse_333,Mouse_328;Mouse_331;Mouse_394;Mouse_401;Mouse_460;Mouse_464;Mouse_467;Mouse_469;Mouse_470,Mouse_333,17,2
Awinda,ATP1,rat_parameter_A,1,Mouse_394,Mouse_328;Mouse_331;Mouse_333;Mouse_401;Mouse_460;Mouse_464;Mouse_467;Mouse_469;Mouse_470,Mouse_394,17,2
Awinda,ATP1,rat_parameter_A,1,Mouse_401,Mouse_328;Mouse_331;Mouse_333;Mouse_394;Mouse_460;Mouse_464;Mouse_467;Mouse_469;Mouse_470,Mouse_401,17,2
Awinda,ATP1,rat_parameter_A,1,Mouse_460,Mouse_328;Mouse_331;Mouse_333;Mouse_394;Mouse_401;Mouse_464;Mouse_467;Mouse_469;Mouse_470,Mouse_460,17,2
Awinda,ATP1,rat_parameter_A,1,Mouse_464,Mouse_328;Mouse_331;Mouse_333;Mouse_394;Mouse_401;Mouse_460;Mouse_467;Mouse_469;Mouse_470,Mouse_464,17,2
Awinda,ATP1,rat_parameter_A,1,Mouse_467,Mouse_328;Mouse_331;Mouse_333;Mouse_394;Mouse_401;Mouse_460;Mouse_464;Mouse_469;Mouse_470,Mouse_467,17,2
Awinda,ATP1,rat_parameter_A,1,Mouse_469,Mouse_328;Mouse_331;Mouse_333;Mouse_394;Mouse_401;Mouse_460;Mouse_464;Mouse_467;Mouse_470,Mouse_469,17,2
Awinda,ATP1,rat_parameter_A,1,Mouse_470,Mouse_328;Mouse_331;Mouse_333;Mouse_394;Mouse_401;Mouse_460;Mouse_464;Mouse_467;Mouse_469,Mouse_470,17,2
Awinda,ATP1,human_ND_source,1,Mouse_328,Mouse_331;Mouse_333;Mouse_394;Mouse_401;Mouse_460;Mouse_464;Mouse_467;Mouse_469;Mouse_470,Mouse_328,18,1
Awinda,ATP1,human_ND_source,1,Mouse_331,Mouse_328;Mouse_333;Mouse_394;Mouse_401;Mouse_460;Mouse_464;Mouse_467;Mouse_469;Mouse_470,Mouse_331,17,2
Awinda,ATP1,human_ND_source,1,Mouse_333,Mouse_328;Mouse_331;Mouse_394;Mouse_401;Mouse_460;Mouse_464;Mouse_467;Mouse_469;Mouse_470,Mouse_333,17,2
Awinda,ATP1,human_ND_source,1,Mouse_394,Mouse_328;Mouse_331;Mouse_333;Mouse_401;Mouse_460;Mouse_464;Mouse_467;Mouse_469;Mouse_470,Mouse_394,17,2
Awinda,ATP1,human_ND_source,1,Mouse_401,Mouse_328;Mouse_331;Mouse_333;Mouse_394;Mouse_460;Mouse_464;Mouse_467;Mouse_469;Mouse_470,Mouse_401,17,2
Awinda,ATP1,human_ND_source,1,Mouse_460,Mouse_328;Mouse_331;Mouse_333;Mouse_394;Mouse_401;Mouse_464;Mouse_467;Mouse_469;Mouse_470,Mouse_460,17,2
Awinda,ATP1,human_ND_source,1,Mouse_464,Mouse_328;Mouse_331;Mouse_333;Mouse_394;Mouse_401;Mouse_460;Mouse_467;Mouse_469;Mouse_470,Mouse_464,17,2
Awinda,ATP1,human_ND_source,1,Mouse_467,Mouse_328;Mouse_331;Mouse_333;Mouse_394;Mouse_401;Mouse_460;Mouse_464;Mouse_469;Mouse_470,Mouse_467,17,2
Awinda,ATP1,human_ND_source,1,Mouse_469,Mouse_328;Mouse_331;Mouse_333;Mouse_394;Mouse_401;Mouse_460;Mouse_464;Mouse_467;Mouse_470,Mouse_469,17,2
Awinda,ATP1,human_ND_source,1,Mouse_470,Mouse_328;Mouse_331;Mouse_333;Mouse_394;Mouse_401;Mouse_460;Mouse_464;Mouse_467;Mouse_469,Mouse_470,17,2
Awinda,ATP1,random_seeded,1,Mouse_328,Mouse_331;Mouse_333;Mouse_394;Mouse_401;Mouse_460;Mouse_464;Mouse_467;Mouse_469;Mouse_470,Mouse_328,18,1
Awinda,ATP1,random_seeded,1,Mouse_331,Mouse_328;Mouse_333;Mouse_394;Mouse_401;Mouse_460;Mouse_464;Mouse_467;Mouse_469;Mouse_470,Mouse_331,17,2
Awinda,ATP1,random_seeded,1,Mouse_333,Mouse_328;Mouse_331;Mouse_394;Mouse_401;Mouse_460;Mouse_464;Mouse_467;Mouse_469;Mouse_470,Mouse_333,17,2
Awinda,ATP1,random_seeded,1,Mouse_394,Mouse_328;Mouse_331;Mouse_333;Mouse_401;Mouse_460;Mouse_464;Mouse_467;Mouse_469;Mouse_470,Mouse_394,17,2
Awinda,ATP1,random_seeded,1,Mouse_401,Mouse_328;Mouse_331;Mouse_333;Mouse_394;Mouse_460;Mouse_464;Mouse_467;Mouse_469;Mouse_470,Mouse_401,17,2
Awinda,ATP1,random_seeded,1,Mouse_460,Mouse_328;Mouse_331;Mouse_333;Mouse_394;Mouse_401;Mouse_464;Mouse_467;Mouse_469;Mouse_470,Mouse_460,17,2
Awinda,ATP1,random_seeded,1,Mouse_464,Mouse_328;Mouse_331;Mouse_333;Mouse_394;Mouse_401;Mouse_460;Mouse_467;Mouse_469;Mouse_470,Mouse_464,17,2
Awinda,ATP1,random_seeded,1,Mouse_467,Mouse_328;Mouse_331;Mouse_333;Mouse_394;Mouse_401;Mouse_460;Mouse_464;Mouse_469;Mouse_470,Mouse_467,17,2
Awinda,ATP1,random_seeded,1,Mouse_469,Mouse_328;Mouse_331;Mouse_333;Mouse_394;Mouse_401;Mouse_460;Mouse_464;Mouse_467;Mouse_470,Mouse_469,17,2
Awinda,ATP1,random_seeded,1,Mouse_470,Mouse_328;Mouse_331;Mouse_333;Mouse_394;Mouse_401;Mouse_460;Mouse_464;Mouse_467;Mouse_469,Mouse_470,17,2
Awinda,ATP1,fixed_conventional,1,Mouse_328,Mouse_331;Mouse_333;Mouse_394;Mouse_401;Mouse_460;Mouse_464;Mouse_467;Mouse_469;Mouse_470,Mouse_328,18,1
Awinda,ATP1,fixed_conventional,1,Mouse_331,Mouse_328;Mouse_333;Mouse_394;Mouse_401;Mouse_460;Mouse_464;Mouse_467;Mouse_469;Mouse_470,Mouse_331,17,2
Awinda,ATP1,fixed_conventional,1,Mouse_333,Mouse_328;Mouse_331;Mouse_394;Mouse_401;Mouse_460;Mouse_464;Mouse_467;Mouse_469;Mouse_470,Mouse_333,17,2
Awinda,ATP1,fixed_conventional,1,Mouse_394,Mouse_328;Mouse_331;Mouse_333;Mouse_401;Mouse_460;Mouse_464;Mouse_467;Mouse_469;Mouse_470,Mouse_394,17,2
Awinda,ATP1,fixed_conventional,1,Mouse_401,Mouse_328;Mouse_331;Mouse_333;Mouse_394;Mouse_460;Mouse_464;Mouse_467;Mouse_469;Mouse_470,Mouse_401,17,2
Awinda,ATP1,fixed_conventional,1,Mouse_460,Mouse_328;Mouse_331;Mouse_333;Mouse_394;Mouse_401;Mouse_464;Mouse_467;Mouse_469;Mouse_470,Mouse_460,17,2
Awinda,ATP1,fixed_conventional,1,Mouse_464,Mouse_328;Mouse_331;Mouse_333;Mouse_394;Mouse_401;Mouse_460;Mouse_467;Mouse_469;Mouse_470,Mouse_464,17,2
Awinda,ATP1,fixed_conventional,1,Mouse_467,Mouse_328;Mouse_331;Mouse_333;Mouse_394;Mouse_401;Mouse_460;Mouse_464;Mouse_469;Mouse_470,Mouse_467,17,2
Awinda,ATP1,fixed_conventional,1,Mouse_469,Mouse_328;Mouse_331;Mouse_333;Mouse_394;Mouse_401;Mouse_460;Mouse_464;Mouse_467;Mouse_470,Mouse_469,17,2
Awinda,ATP1,fixed_conventional,1,Mouse_470,Mouse_328;Mouse_331;Mouse_333;Mouse_394;Mouse_401;Mouse_460;Mouse_464;Mouse_467;Mouse_469,Mouse_470,17,2
Awinda,ATP1,destination_nested_oracle,1,Mouse_328,Mouse_331;Mouse_333;Mouse_394;Mouse_401;Mouse_460;Mouse_464;Mouse_467;Mouse_469;Mouse_470,Mouse_328,18,1
Awinda,ATP1,destination_nested_oracle,1,Mouse_331,Mouse_328;Mouse_333;Mouse_394;Mouse_401;Mouse_460;Mouse_464;Mouse_467;Mouse_469;Mouse_470,Mouse_331,17,2
Awinda,ATP1,destination_nested_oracle,1,Mouse_333,Mouse_328;Mouse_331;Mouse_394;Mouse_401;Mouse_460;Mouse_464;Mouse_467;Mouse_469;Mouse_470,Mouse_333,17,2
Awinda,ATP1,destination_nested_oracle,1,Mouse_394,Mouse_328;Mouse_331;Mouse_333;Mouse_401;Mouse_460;Mouse_464;Mouse_467;Mouse_469;Mouse_470,Mouse_394,17,2
Awinda,ATP1,destination_nested_oracle,1,Mouse_401,Mouse_328;Mouse_331;Mouse_333;Mouse_394;Mouse_460;Mouse_464;Mouse_467;Mouse_469;Mouse_470,Mouse_401,17,2
Awinda,ATP1,destination_nested_oracle,1,Mouse_460,Mouse_328;Mouse_331;Mouse_333;Mouse_394;Mouse_401;Mouse_464;Mouse_467;Mouse_469;Mouse_470,Mouse_460,17,2
Awinda,ATP1,destination_nested_oracle,1,Mouse_464,Mouse_328;Mouse_331;Mouse_333;Mouse_394;Mouse_401;Mouse_460;Mouse_467;Mouse_469;Mouse_470,Mouse_464,17,2
Awinda,ATP1,destination_nested_oracle,1,Mouse_467,Mouse_328;Mouse_331;Mouse_333;Mouse_394;Mouse_401;Mouse_460;Mouse_464;Mouse_469;Mouse_470,Mouse_467,17,2
Awinda,ATP1,destination_nested_oracle,1,Mouse_469,Mouse_328;Mouse_331;Mouse_333;Mouse_394;Mouse_401;Mouse_460;Mouse_464;Mouse_467;Mouse_470,Mouse_469,17,2
Awinda,ATP1,destination_nested_oracle,1,Mouse_470,Mouse_328;Mouse_331;Mouse_333;Mouse_394;Mouse_401;Mouse_460;Mouse_464;Mouse_467;Mouse_469,Mouse_470,17,2
Awinda,ATP1,rat_K_target,2,Mouse_328,Mouse_331;Mouse_333;Mouse_394;Mouse_401;Mouse_460;Mouse_464;Mouse_467;Mouse_469;Mouse_470,Mouse_328,18,1
Awinda,ATP1,rat_K_target,2,Mouse_331,Mouse_328;Mouse_333;Mouse_394;Mouse_401;Mouse_460;Mouse_464;Mouse_467;Mouse_469;Mouse_470,Mouse_331,17,2
Awinda,ATP1,rat_K_target,2,Mouse_333,Mouse_328;Mouse_331;Mouse_394;Mouse_401;Mouse_460;Mouse_464;Mouse_467;Mouse_469;Mouse_470,Mouse_333,17,2
Awinda,ATP1,rat_K_target,2,Mouse_394,Mouse_328;Mouse_331;Mouse_333;Mouse_401;Mouse_460;Mouse_464;Mouse_467;Mouse_469;Mouse_470,Mouse_394,17,2
Awinda,ATP1,rat_K_target,2,Mouse_401,Mouse_328;Mouse_331;Mouse_333;Mouse_394;Mouse_460;Mouse_464;Mouse_467;Mouse_469;Mouse_470,Mouse_401,17,2
Awinda,ATP1,rat_K_target,2,Mouse_460,Mouse_328;Mouse_331;Mouse_333;Mouse_394;Mouse_401;Mouse_464;Mouse_467;Mouse_469;Mouse_470,Mouse_460,17,2
Awinda,ATP1,rat_K_target,2,Mouse_464,Mouse_328;Mouse_331;Mouse_333;Mouse_394;Mouse_401;Mouse_460;Mouse_467;Mouse_469;Mouse_470,Mouse_464,17,2
Awinda,ATP1,rat_K_target,2,Mouse_467,Mouse_328;Mouse_331;Mouse_333;Mouse_394;Mouse_401;Mouse_460;Mouse_464;Mouse_469;Mouse_470,Mouse_467,17,2
Awinda,ATP1,rat_K_target,2,Mouse_469,Mouse_328;Mouse_331;Mouse_333;Mouse_394;Mouse_401;Mouse_460;Mouse_464;Mouse_467;Mouse_470,Mouse_469,17,2
Awinda,ATP1,rat_K_target,2,Mouse_470,Mouse_328;Mouse_331;Mouse_333;Mouse_394;Mouse_401;Mouse_460;Mouse_464;Mouse_467;Mouse_469,Mouse_470,17,2
Awinda,ATP1,rat_R_robust,2,Mouse_328,Mouse_331;Mouse_333;Mouse_394;Mouse_401;Mouse_460;Mouse_464;Mouse_467;Mouse_469;Mouse_470,Mouse_328,18,1
Awinda,ATP1,rat_R_robust,2,Mouse_331,Mouse_328;Mouse_333;Mouse_394;Mouse_401;Mouse_460;Mouse_464;Mouse_467;Mouse_469;Mouse_470,Mouse_331,17,2
Awinda,ATP1,rat_R_robust,2,Mouse_333,Mouse_328;Mouse_331;Mouse_394;Mouse_401;Mouse_460;Mouse_464;Mouse_467;Mouse_469;Mouse_470,Mouse_333,17,2
Awinda,ATP1,rat_R_robust,2,Mouse_394,Mouse_328;Mouse_331;Mouse_333;Mouse_401;Mouse_460;Mouse_464;Mouse_467;Mouse_469;Mouse_470,Mouse_394,17,2
Awinda,ATP1,rat_R_robust,2,Mouse_401,Mouse_328;Mouse_331;Mouse_333;Mouse_394;Mouse_460;Mouse_464;Mouse_467;Mouse_469;Mouse_470,Mouse_401,17,2
Awinda,ATP1,rat_R_robust,2,Mouse_460,Mouse_328;Mouse_331;Mouse_333;Mouse_394;Mouse_401;Mouse_464;Mouse_467;Mouse_469;Mouse_470,Mouse_460,17,2
Awinda,ATP1,rat_R_robust,2,Mouse_464,Mouse_328;Mouse_331;Mouse_333;Mouse_394;Mouse_401;Mouse_460;Mouse_467;Mouse_469;Mouse_470,Mouse_464,17,2
Awinda,ATP1,rat_R_robust,2,Mouse_467,Mouse_328;Mouse_331;Mouse_333;Mouse_394;Mouse_401;Mouse_460;Mouse_464;Mouse_469;Mouse_470,Mouse_467,17,2
Awinda,ATP1,rat_R_robust,2,Mouse_469,Mouse_328;Mouse_331;Mouse_333;Mouse_394;Mouse_401;Mouse_460;Mouse_464;Mouse_467;Mouse_470,Mouse_469,17,2
Awinda,ATP1,rat_R_robust,2,Mouse_470,Mouse_328;Mouse_331;Mouse_333;Mouse_394;Mouse_401;Mouse_460;Mouse_464;Mouse_467;Mouse_469,Mouse_470,17,2
Awinda,ATP1,rat_parameter_A,2,Mouse_328,Mouse_331;Mouse_333;Mouse_394;Mouse_401;Mouse_460;Mouse_464;Mouse_467;Mouse_469;Mouse_470,Mouse_328,18,1
Awinda,ATP1,rat_parameter_A,2,Mouse_331,Mouse_328;Mouse_333;Mouse_394;Mouse_401;Mouse_460;Mouse_464;Mouse_467;Mouse_469;Mouse_470,Mouse_331,17,2
Awinda,ATP1,rat_parameter_A,2,Mouse_333,Mouse_328;Mouse_331;Mouse_394;Mouse_401;Mouse_460;Mouse_464;Mouse_467;Mouse_469;Mouse_470,Mouse_333,17,2
Awinda,ATP1,rat_parameter_A,2,Mouse_394,Mouse_328;Mouse_331;Mouse_333;Mouse_401;Mouse_460;Mouse_464;Mouse_467;Mouse_469;Mouse_470,Mouse_394,17,2
Awinda,ATP1,rat_parameter_A,2,Mouse_401,Mouse_328;Mouse_331;Mouse_333;Mouse_394;Mouse_460;Mouse_464;Mouse_467;Mouse_469;Mouse_470,Mouse_401,17,2
Awinda,ATP1,rat_parameter_A,2,Mouse_460,Mouse_328;Mouse_331;Mouse_333;Mouse_394;Mouse_401;Mouse_464;Mouse_467;Mouse_469;Mouse_470,Mouse_460,17,2
Awinda,ATP1,rat_parameter_A,2,Mouse_464,Mouse_328;Mouse_331;Mouse_333;Mouse_394;Mouse_401;Mouse_460;Mouse_467;Mouse_469;Mouse_470,Mouse_464,17,2
Awinda,ATP1,rat_parameter_A,2,Mouse_467,Mouse_328;Mouse_331;Mouse_333;Mouse_394;Mouse_401;Mouse_460;Mouse_464;Mouse_469;Mouse_470,Mouse_467,17,2
Awinda,ATP1,rat_parameter_A,2,Mouse_469,Mouse_328;Mouse_331;Mouse_333;Mouse_394;Mouse_401;Mouse_460;Mouse_464;Mouse_467;Mouse_470,Mouse_469,17,2
Awinda,ATP1,rat_parameter_A,2,Mouse_470,Mouse_328;Mouse_331;Mouse_333;Mouse_394;Mouse_401;Mouse_460;Mouse_464;Mouse_467;Mouse_469,Mouse_470,17,2
Awinda,ATP1,human_ND_source,2,Mouse_328,Mouse_331;Mouse_333;Mouse_394;Mouse_401;Mouse_460;Mouse_464;Mouse_467;Mouse_469;Mouse_470,Mouse_328,18,1
Awinda,ATP1,human_ND_source,2,Mouse_331,Mouse_328;Mouse_333;Mouse_394;Mouse_401;Mouse_460;Mouse_464;Mouse_467;Mouse_469;Mouse_470,Mouse_331,17,2
Awinda,ATP1,human_ND_source,2,Mouse_333,Mouse_328;Mouse_331;Mouse_394;Mouse_401;Mouse_460;Mouse_464;Mouse_467;Mouse_469;Mouse_470,Mouse_333,17,2
Awinda,ATP1,human_ND_source,2,Mouse_394,Mouse_328;Mouse_331;Mouse_333;Mouse_401;Mouse_460;Mouse_464;Mouse_467;Mouse_469;Mouse_470,Mouse_394,17,2
Awinda,ATP1,human_ND_source,2,Mouse_401,Mouse_328;Mouse_331;Mouse_333;Mouse_394;Mouse_460;Mouse_464;Mouse_467;Mouse_469;Mouse_470,Mouse_401,17,2
Awinda,ATP1,human_ND_source,2,Mouse_460,Mouse_328;Mouse_331;Mouse_333;Mouse_394;Mouse_401;Mouse_464;Mouse_467;Mouse_469;Mouse_470,Mouse_460,17,2
Awinda,ATP1,human_ND_source,2,Mouse_464,Mouse_328;Mouse_331;Mouse_333;Mouse_394;Mouse_401;Mouse_460;Mouse_467;Mouse_469;Mouse_470,Mouse_464,17,2
Awinda,ATP1,human_ND_source,2,Mouse_467,Mouse_328;Mouse_331;Mouse_333;Mouse_394;Mouse_401;Mouse_460;Mouse_464;Mouse_469;Mouse_470,Mouse_467,17,2
Awinda,ATP1,human_ND_source,2,Mouse_469,Mouse_328;Mouse_331;Mouse_333;Mouse_394;Mouse_401;Mouse_460;Mouse_464;Mouse_467;Mouse_470,Mouse_469,17,2
Awinda,ATP1,human_ND_source,2,Mouse_470,Mouse_328;Mouse_331;Mouse_333;Mouse_394;Mouse_401;Mouse_460;Mouse_464;Mouse_467;Mouse_469,Mouse_470,17,2
Awinda,ATP1,random_seeded,2,Mouse_328,Mouse_331;Mouse_333;Mouse_394;Mouse_401;Mouse_460;Mouse_464;Mouse_467;Mouse_469;Mouse_470,Mouse_328,18,1
Awinda,ATP1,random_seeded,2,Mouse_331,Mouse_328;Mouse_333;Mouse_394;Mouse_401;Mouse_460;Mouse_464;Mouse_467;Mouse_469;Mouse_470,Mouse_331,17,2
Awinda,ATP1,random_seeded,2,Mouse_333,Mouse_328;Mouse_331;Mouse_394;Mouse_401;Mouse_460;Mouse_464;Mouse_467;Mouse_469;Mouse_470,Mouse_333,17,2
Awinda,ATP1,random_seeded,2,Mouse_394,Mouse_328;Mouse_331;Mouse_333;Mouse_401;Mouse_460;Mouse_464;Mouse_467;Mouse_469;Mouse_470,Mouse_394,17,2
Awinda,ATP1,random_seeded,2,Mouse_401,Mouse_328;Mouse_331;Mouse_333;Mouse_394;Mouse_460;Mouse_464;Mouse_467;Mouse_469;Mouse_470,Mouse_401,17,2
Awinda,ATP1,random_seeded,2,Mouse_460,Mouse_328;Mouse_331;Mouse_333;Mouse_394;Mouse_401;Mouse_464;Mouse_467;Mouse_469;Mouse_470,Mouse_460,17,2
Awinda,ATP1,random_seeded,2,Mouse_464,Mouse_328;Mouse_331;Mouse_333;Mouse_394;Mouse_401;Mouse_460;Mouse_467;Mouse_469;Mouse_470,Mouse_464,17,2
Awinda,ATP1,random_seeded,2,Mouse_467,Mouse_328;Mouse_331;Mouse_333;Mouse_394;Mouse_401;Mouse_460;Mouse_464;Mouse_469;Mouse_470,Mouse_467,17,2
Awinda,ATP1,random_seeded,2,Mouse_469,Mouse_328;Mouse_331;Mouse_333;Mouse_394;Mouse_401;Mouse_460;Mouse_464;Mouse_467;Mouse_470,Mouse_469,17,2
Awinda,ATP1,random_seeded,2,Mouse_470,Mouse_328;Mouse_331;Mouse_333;Mouse_394;Mouse_401;Mouse_460;Mouse_464;Mouse_467;Mouse_469,Mouse_470,17,2
Awinda,ATP1,fixed_conventional,2,Mouse_328,Mouse_331;Mouse_333;Mouse_394;Mouse_401;Mouse_460;Mouse_464;Mouse_467;Mouse_469;Mouse_470,Mouse_328,18,1
Awinda,ATP1,fixed_conventional,2,Mouse_331,Mouse_328;Mouse_333;Mouse_394;Mouse_401;Mouse_460;Mouse_464;Mouse_467;Mouse_469;Mouse_470,Mouse_331,17,2
Awinda,ATP1,fixed_conventional,2,Mouse_333,Mouse_328;Mouse_331;Mouse_394;Mouse_401;Mouse_460;Mouse_464;Mouse_467;Mouse_469;Mouse_470,Mouse_333,17,2
Awinda,ATP1,fixed_conventional,2,Mouse_394,Mouse_328;Mouse_331;Mouse_333;Mouse_401;Mouse_460;Mouse_464;Mouse_467;Mouse_469;Mouse_470,Mouse_394,17,2
Awinda,ATP1,fixed_conventional,2,Mouse_401,Mouse_328;Mouse_331;Mouse_333;Mouse_394;Mouse_460;Mouse_464;Mouse_467;Mouse_469;Mouse_470,Mouse_401,17,2
Awinda,ATP1,fixed_conventional,2,Mouse_460,Mouse_328;Mouse_331;Mouse_333;Mouse_394;Mouse_401;Mouse_464;Mouse_467;Mouse_469;Mouse_470,Mouse_460,17,2
Awinda,ATP1,fixed_conventional,2,Mouse_464,Mouse_328;Mouse_331;Mouse_333;Mouse_394;Mouse_401;Mouse_460;Mouse_467;Mouse_469;Mouse_470,Mouse_464,17,2
Awinda,ATP1,fixed_conventional,2,Mouse_467,Mouse_328;Mouse_331;Mouse_333;Mouse_394;Mouse_401;Mouse_460;Mouse_464;Mouse_469;Mouse_470,Mouse_467,17,2
Awinda,ATP1,fixed_conventional,2,Mouse_469,Mouse_328;Mouse_331;Mouse_333;Mouse_394;Mouse_401;Mouse_460;Mouse_464;Mouse_467;Mouse_470,Mouse_469,17,2
Awinda,ATP1,fixed_conventional,2,Mouse_470,Mouse_328;Mouse_331;Mouse_333;Mouse_394;Mouse_401;Mouse_460;Mouse_464;Mouse_467;Mouse_469,Mouse_470,17,2
Awinda,ATP1,destination_nested_oracle,2,Mouse_328,Mouse_331;Mouse_333;Mouse_394;Mouse_401;Mouse_460;Mouse_464;Mouse_467;Mouse_469;Mouse_470,Mouse_328,18,1
Awinda,ATP1,destination_nested_oracle,2,Mouse_331,Mouse_328;Mouse_333;Mouse_394;Mouse_401;Mouse_460;Mouse_464;Mouse_467;Mouse_469;Mouse_470,Mouse_331,17,2
Awinda,ATP1,destination_nested_oracle,2,Mouse_333,Mouse_328;Mouse_331;Mouse_394;Mouse_401;Mouse_460;Mouse_464;Mouse_467;Mouse_469;Mouse_470,Mouse_333,17,2
Awinda,ATP1,destination_nested_oracle,2,Mouse_394,Mouse_328;Mouse_331;Mouse_333;Mouse_401;Mouse_460;Mouse_464;Mouse_467;Mouse_469;Mouse_470,Mouse_394,17,2
Awinda,ATP1,destination_nested_oracle,2,Mouse_401,Mouse_328;Mouse_331;Mouse_333;Mouse_394;Mouse_460;Mouse_464;Mouse_467;Mouse_469;Mouse_470,Mouse_401,17,2
Awinda,ATP1,destination_nested_oracle,2,Mouse_460,Mouse_328;Mouse_331;Mouse_333;Mouse_394;Mouse_401;Mouse_464;Mouse_467;Mouse_469;Mouse_470,Mouse_460,17,2
Awinda,ATP1,destination_nested_oracle,2,Mouse_464,Mouse_328;Mouse_331;Mouse_333;Mouse_394;Mouse_401;Mouse_460;Mouse_467;Mouse_469;Mouse_470,Mouse_464,17,2
Awinda,ATP1,destination_nested_oracle,2,Mouse_467,Mouse_328;Mouse_331;Mouse_333;Mouse_394;Mouse_401;Mouse_460;Mouse_464;Mouse_469;Mouse_470,Mouse_467,17,2
Awinda,ATP1,destination_nested_oracle,2,Mouse_469,Mouse_328;Mouse_331;Mouse_333;Mouse_394;Mouse_401;Mouse_460;Mouse_464;Mouse_467;Mouse_470,Mouse_469,17,2
Awinda,ATP1,destination_nested_oracle,2,Mouse_470,Mouse_328;Mouse_331;Mouse_333;Mouse_394;Mouse_401;Mouse_460;Mouse_464;Mouse_467;Mouse_469,Mouse_470,17,2
Awinda,ATP1,rat_K_target,3,Mouse_328,Mouse_331;Mouse_333;Mouse_394;Mouse_401;Mouse_460;Mouse_464;Mouse_467;Mouse_469;Mouse_470,Mouse_328,18,1
Awinda,ATP1,rat_K_target,3,Mouse_331,Mouse_328;Mouse_333;Mouse_394;Mouse_401;Mouse_460;Mouse_464;Mouse_467;Mouse_469;Mouse_470,Mouse_331,17,2
Awinda,ATP1,rat_K_target,3,Mouse_333,Mouse_328;Mouse_331;Mouse_394;Mouse_401;Mouse_460;Mouse_464;Mouse_467;Mouse_469;Mouse_470,Mouse_333,17,2
Awinda,ATP1,rat_K_target,3,Mouse_394,Mouse_328;Mouse_331;Mouse_333;Mouse_401;Mouse_460;Mouse_464;Mouse_467;Mouse_469;Mouse_470,Mouse_394,17,2
Awinda,ATP1,rat_K_target,3,Mouse_401,Mouse_328;Mouse_331;Mouse_333;Mouse_394;Mouse_460;Mouse_464;Mouse_467;Mouse_469;Mouse_470,Mouse_401,17,2
Awinda,ATP1,rat_K_target,3,Mouse_460,Mouse_328;Mouse_331;Mouse_333;Mouse_394;Mouse_401;Mouse_464;Mouse_467;Mouse_469;Mouse_470,Mouse_460,17,2
Awinda,ATP1,rat_K_target,3,Mouse_464,Mouse_328;Mouse_331;Mouse_333;Mouse_394;Mouse_401;Mouse_460;Mouse_467;Mouse_469;Mouse_470,Mouse_464,17,2
Awinda,ATP1,rat_K_target,3,Mouse_467,Mouse_328;Mouse_331;Mouse_333;Mouse_394;Mouse_401;Mouse_460;Mouse_464;Mouse_469;Mouse_470,Mouse_467,17,2
Awinda,ATP1,rat_K_target,3,Mouse_469,Mouse_328;Mouse_331;Mouse_333;Mouse_394;Mouse_401;Mouse_460;Mouse_464;Mouse_467;Mouse_470,Mouse_469,17,2
Awinda,ATP1,rat_K_target,3,Mouse_470,Mouse_328;Mouse_331;Mouse_333;Mouse_394;Mouse_401;Mouse_460;Mouse_464;Mouse_467;Mouse_469,Mouse_470,17,2
Awinda,ATP1,rat_R_robust,3,Mouse_328,Mouse_331;Mouse_333;Mouse_394;Mouse_401;Mouse_460;Mouse_464;Mouse_467;Mouse_469;Mouse_470,Mouse_328,18,1
Awinda,ATP1,rat_R_robust,3,Mouse_331,Mouse_328;Mouse_333;Mouse_394;Mouse_401;Mouse_460;Mouse_464;Mouse_467;Mouse_469;Mouse_470,Mouse_331,17,2
Awinda,ATP1,rat_R_robust,3,Mouse_333,Mouse_328;Mouse_331;Mouse_394;Mouse_401;Mouse_460;Mouse_464;Mouse_467;Mouse_469;Mouse_470,Mouse_333,17,2
Awinda,ATP1,rat_R_robust,3,Mouse_394,Mouse_328;Mouse_331;Mouse_333;Mouse_401;Mouse_460;Mouse_464;Mouse_467;Mouse_469;Mouse_470,Mouse_394,17,2
Awinda,ATP1,rat_R_robust,3,Mouse_401,Mouse_328;Mouse_331;Mouse_333;Mouse_394;Mouse_460;Mouse_464;Mouse_467;Mouse_469;Mouse_470,Mouse_401,17,2
Awinda,ATP1,rat_R_robust,3,Mouse_460,Mouse_328;Mouse_331;Mouse_333;Mouse_394;Mouse_401;Mouse_464;Mouse_467;Mouse_469;Mouse_470,Mouse_460,17,2
Awinda,ATP1,rat_R_robust,3,Mouse_464,Mouse_328;Mouse_331;Mouse_333;Mouse_394;Mouse_401;Mouse_460;Mouse_467;Mouse_469;Mouse_470,Mouse_464,17,2
Awinda,ATP1,rat_R_robust,3,Mouse_467,Mouse_328;Mouse_331;Mouse_333;Mouse_394;Mouse_401;Mouse_460;Mouse_464;Mouse_469;Mouse_470,Mouse_467,17,2
Awinda,ATP1,rat_R_robust,3,Mouse_469,Mouse_328;Mouse_331;Mouse_333;Mouse_394;Mouse_401;Mouse_460;Mouse_464;Mouse_467;Mouse_470,Mouse_469,17,2
Awinda,ATP1,rat_R_robust,3,Mouse_470,Mouse_328;Mouse_331;Mouse_333;Mouse_394;Mouse_401;Mouse_460;Mouse_464;Mouse_467;Mouse_469,Mouse_470,17,2
Awinda,ATP1,rat_parameter_A,3,Mouse_328,Mouse_331;Mouse_333;Mouse_394;Mouse_401;Mouse_460;Mouse_464;Mouse_467;Mouse_469;Mouse_470,Mouse_328,18,1
Awinda,ATP1,rat_parameter_A,3,Mouse_331,Mouse_328;Mouse_333;Mouse_394;Mouse_401;Mouse_460;Mouse_464;Mouse_467;Mouse_469;Mouse_470,Mouse_331,17,2
Awinda,ATP1,rat_parameter_A,3,Mouse_333,Mouse_328;Mouse_331;Mouse_394;Mouse_401;Mouse_460;Mouse_464;Mouse_467;Mouse_469;Mouse_470,Mouse_333,17,2
Awinda,ATP1,rat_parameter_A,3,Mouse_394,Mouse_328;Mouse_331;Mouse_333;Mouse_401;Mouse_460;Mouse_464;Mouse_467;Mouse_469;Mouse_470,Mouse_394,17,2
Awinda,ATP1,rat_parameter_A,3,Mouse_401,Mouse_328;Mouse_331;Mouse_333;Mouse_394;Mouse_460;Mouse_464;Mouse_467;Mouse_469;Mouse_470,Mouse_401,17,2
Awinda,ATP1,rat_parameter_A,3,Mouse_460,Mouse_328;Mouse_331;Mouse_333;Mouse_394;Mouse_401;Mouse_464;Mouse_467;Mouse_469;Mouse_470,Mouse_460,17,2
Awinda,ATP1,rat_parameter_A,3,Mouse_464,Mouse_328;Mouse_331;Mouse_333;Mouse_394;Mouse_401;Mouse_460;Mouse_467;Mouse_469;Mouse_470,Mouse_464,17,2
Awinda,ATP1,rat_parameter_A,3,Mouse_467,Mouse_328;Mouse_331;Mouse_333;Mouse_394;Mouse_401;Mouse_460;Mouse_464;Mouse_469;Mouse_470,Mouse_467,17,2
Awinda,ATP1,rat_parameter_A,3,Mouse_469,Mouse_328;Mouse_331;Mouse_333;Mouse_394;Mouse_401;Mouse_460;Mouse_464;Mouse_467;Mouse_470,Mouse_469,17,2
Awinda,ATP1,rat_parameter_A,3,Mouse_470,Mouse_328;Mouse_331;Mouse_333;Mouse_394;Mouse_401;Mouse_460;Mouse_464;Mouse_467;Mouse_469,Mouse_470,17,2
Awinda,ATP1,human_ND_source,3,Mouse_328,Mouse_331;Mouse_333;Mouse_394;Mouse_401;Mouse_460;Mouse_464;Mouse_467;Mouse_469;Mouse_470,Mouse_328,18,1
Awinda,ATP1,human_ND_source,3,Mouse_331,Mouse_328;Mouse_333;Mouse_394;Mouse_401;Mouse_460;Mouse_464;Mouse_467;Mouse_469;Mouse_470,Mouse_331,17,2
Awinda,ATP1,human_ND_source,3,Mouse_333,Mouse_328;Mouse_331;Mouse_394;Mouse_401;Mouse_460;Mouse_464;Mouse_467;Mouse_469;Mouse_470,Mouse_333,17,2
Awinda,ATP1,human_ND_source,3,Mouse_394,Mouse_328;Mouse_331;Mouse_333;Mouse_401;Mouse_460;Mouse_464;Mouse_467;Mouse_469;Mouse_470,Mouse_394,17,2
Awinda,ATP1,human_ND_source,3,Mouse_401,Mouse_328;Mouse_331;Mouse_333;Mouse_394;Mouse_460;Mouse_464;Mouse_467;Mouse_469;Mouse_470,Mouse_401,17,2
Awinda,ATP1,human_ND_source,3,Mouse_460,Mouse_328;Mouse_331;Mouse_333;Mouse_394;Mouse_401;Mouse_464;Mouse_467;Mouse_469;Mouse_470,Mouse_460,17,2
Awinda,ATP1,human_ND_source,3,Mouse_464,Mouse_328;Mouse_331;Mouse_333;Mouse_394;Mouse_401;Mouse_460;Mouse_467;Mouse_469;Mouse_470,Mouse_464,17,2
Awinda,ATP1,human_ND_source,3,Mouse_467,Mouse_328;Mouse_331;Mouse_333;Mouse_394;Mouse_401;Mouse_460;Mouse_464;Mouse_469;Mouse_470,Mouse_467,17,2
Awinda,ATP1,human_ND_source,3,Mouse_469,Mouse_328;Mouse_331;Mouse_333;Mouse_394;Mouse_401;Mouse_460;Mouse_464;Mouse_467;Mouse_470,Mouse_469,17,2
Awinda,ATP1,human_ND_source,3,Mouse_470,Mouse_328;Mouse_331;Mouse_333;Mouse_394;Mouse_401;Mouse_460;Mouse_464;Mouse_467;Mouse_469,Mouse_470,17,2
Awinda,ATP1,random_seeded,3,Mouse_328,Mouse_331;Mouse_333;Mouse_394;Mouse_401;Mouse_460;Mouse_464;Mouse_467;Mouse_469;Mouse_470,Mouse_328,18,1
Awinda,ATP1,random_seeded,3,Mouse_331,Mouse_328;Mouse_333;Mouse_394;Mouse_401;Mouse_460;Mouse_464;Mouse_467;Mouse_469;Mouse_470,Mouse_331,17,2
Awinda,ATP1,random_seeded,3,Mouse_333,Mouse_328;Mouse_331;Mouse_394;Mouse_401;Mouse_460;Mouse_464;Mouse_467;Mouse_469;Mouse_470,Mouse_333,17,2
Awinda,ATP1,random_seeded,3,Mouse_394,Mouse_328;Mouse_331;Mouse_333;Mouse_401;Mouse_460;Mouse_464;Mouse_467;Mouse_469;Mouse_470,Mouse_394,17,2
Awinda,ATP1,random_seeded,3,Mouse_401,Mouse_328;Mouse_331;Mouse_333;Mouse_394;Mouse_460;Mouse_464;Mouse_467;Mouse_469;Mouse_470,Mouse_401,17,2
Awinda,ATP1,random_seeded,3,Mouse_460,Mouse_328;Mouse_331;Mouse_333;Mouse_394;Mouse_401;Mouse_464;Mouse_467;Mouse_469;Mouse_470,Mouse_460,17,2
Awinda,ATP1,random_seeded,3,Mouse_464,Mouse_328;Mouse_331;Mouse_333;Mouse_394;Mouse_401;Mouse_460;Mouse_467;Mouse_469;Mouse_470,Mouse_464,17,2
Awinda,ATP1,random_seeded,3,Mouse_467,Mouse_328;Mouse_331;Mouse_333;Mouse_394;Mouse_401;Mouse_460;Mouse_464;Mouse_469;Mouse_470,Mouse_467,17,2
Awinda,ATP1,random_seeded,3,Mouse_469,Mouse_328;Mouse_331;Mouse_333;Mouse_394;Mouse_401;Mouse_460;Mouse_464;Mouse_467;Mouse_470,Mouse_469,17,2
Awinda,ATP1,random_seeded,3,Mouse_470,Mouse_328;Mouse_331;Mouse_333;Mouse_394;Mouse_401;Mouse_460;Mouse_464;Mouse_467;Mouse_469,Mouse_470,17,2
Awinda,ATP1,fixed_conventional,3,Mouse_328,Mouse_331;Mouse_333;Mouse_394;Mouse_401;Mouse_460;Mouse_464;Mouse_467;Mouse_469;Mouse_470,Mouse_328,18,1
Awinda,ATP1,fixed_conventional,3,Mouse_331,Mouse_328;Mouse_333;Mouse_394;Mouse_401;Mouse_460;Mouse_464;Mouse_467;Mouse_469;Mouse_470,Mouse_331,17,2
Awinda,ATP1,fixed_conventional,3,Mouse_333,Mouse_328;Mouse_331;Mouse_394;Mouse_401;Mouse_460;Mouse_464;Mouse_467;Mouse_469;Mouse_470,Mouse_333,17,2
Awinda,ATP1,fixed_conventional,3,Mouse_394,Mouse_328;Mouse_331;Mouse_333;Mouse_401;Mouse_460;Mouse_464;Mouse_467;Mouse_469;Mouse_470,Mouse_394,17,2
Awinda,ATP1,fixed_conventional,3,Mouse_401,Mouse_328;Mouse_331;Mouse_333;Mouse_394;Mouse_460;Mouse_464;Mouse_467;Mouse_469;Mouse_470,Mouse_401,17,2
Awinda,ATP1,fixed_conventional,3,Mouse_460,Mouse_328;Mouse_331;Mouse_333;Mouse_394;Mouse_401;Mouse_464;Mouse_467;Mouse_469;Mouse_470,Mouse_460,17,2
Awinda,ATP1,fixed_conventional,3,Mouse_464,Mouse_328;Mouse_331;Mouse_333;Mouse_394;Mouse_401;Mouse_460;Mouse_467;Mouse_469;Mouse_470,Mouse_464,17,2
Awinda,ATP1,fixed_conventional,3,Mouse_467,Mouse_328;Mouse_331;Mouse_333;Mouse_394;Mouse_401;Mouse_460;Mouse_464;Mouse_469;Mouse_470,Mouse_467,17,2
Awinda,ATP1,fixed_conventional,3,Mouse_469,Mouse_328;Mouse_331;Mouse_333;Mouse_394;Mouse_401;Mouse_460;Mouse_464;Mouse_467;Mouse_470,Mouse_469,17,2
Awinda,ATP1,fixed_conventional,3,Mouse_470,Mouse_328;Mouse_331;Mouse_333;Mouse_394;Mouse_401;Mouse_460;Mouse_464;Mouse_467;Mouse_469,Mouse_470,17,2
Awinda,ATP1,destination_nested_oracle,3,Mouse_328,Mouse_331;Mouse_333;Mouse_394;Mouse_401;Mouse_460;Mouse_464;Mouse_467;Mouse_469;Mouse_470,Mouse_328,18,1
Awinda,ATP1,destination_nested_oracle,3,Mouse_331,Mouse_328;Mouse_333;Mouse_394;Mouse_401;Mouse_460;Mouse_464;Mouse_467;Mouse_469;Mouse_470,Mouse_331,17,2
Awinda,ATP1,destination_nested_oracle,3,Mouse_333,Mouse_328;Mouse_331;Mouse_394;Mouse_401;Mouse_460;Mouse_464;Mouse_467;Mouse_469;Mouse_470,Mouse_333,17,2
Awinda,ATP1,destination_nested_oracle,3,Mouse_394,Mouse_328;Mouse_331;Mouse_333;Mouse_401;Mouse_460;Mouse_464;Mouse_467;Mouse_469;Mouse_470,Mouse_394,17,2
Awinda,ATP1,destination_nested_oracle,3,Mouse_401,Mouse_328;Mouse_331;Mouse_333;Mouse_394;Mouse_460;Mouse_464;Mouse_467;Mouse_469;Mouse_470,Mouse_401,17,2
Awinda,ATP1,destination_nested_oracle,3,Mouse_460,Mouse_328;Mouse_331;Mouse_333;Mouse_394;Mouse_401;Mouse_464;Mouse_467;Mouse_469;Mouse_470,Mouse_460,17,2
Awinda,ATP1,destination_nested_oracle,3,Mouse_464,Mouse_328;Mouse_331;Mouse_333;Mouse_394;Mouse_401;Mouse_460;Mouse_467;Mouse_469;Mouse_470,Mouse_464,17,2
Awinda,ATP1,destination_nested_oracle,3,Mouse_467,Mouse_328;Mouse_331;Mouse_333;Mouse_394;Mouse_401;Mouse_460;Mouse_464;Mouse_469;Mouse_470,Mouse_467,17,2
Awinda,ATP1,destination_nested_oracle,3,Mouse_469,Mouse_328;Mouse_331;Mouse_333;Mouse_394;Mouse_401;Mouse_460;Mouse_464;Mouse_467;Mouse_470,Mouse_469,17,2
Awinda,ATP1,destination_nested_oracle,3,Mouse_470,Mouse_328;Mouse_331;Mouse_333;Mouse_394;Mouse_401;Mouse_460;Mouse_464;Mouse_467;Mouse_469,Mouse_470,17,2
Awinda,ATP1,full_spectrum_reference,72,Mouse_328,Mouse_331;Mouse_333;Mouse_394;Mouse_401;Mouse_460;Mouse_464;Mouse_467;Mouse_469;Mouse_470,Mouse_328,18,1
Awinda,ATP1,full_spectrum_reference,72,Mouse_331,Mouse_328;Mouse_333;Mouse_394;Mouse_401;Mouse_460;Mouse_464;Mouse_467;Mouse_469;Mouse_470,Mouse_331,17,2
Awinda,ATP1,full_spectrum_reference,72,Mouse_333,Mouse_328;Mouse_331;Mouse_394;Mouse_401;Mouse_460;Mouse_464;Mouse_467;Mouse_469;Mouse_470,Mouse_333,17,2
Awinda,ATP1,full_spectrum_reference,72,Mouse_394,Mouse_328;Mouse_331;Mouse_333;Mouse_401;Mouse_460;Mouse_464;Mouse_467;Mouse_469;Mouse_470,Mouse_394,17,2
Awinda,ATP1,full_spectrum_reference,72,Mouse_401,Mouse_328;Mouse_331;Mouse_333;Mouse_394;Mouse_460;Mouse_464;Mouse_467;Mouse_469;Mouse_470,Mouse_401,17,2
Awinda,ATP1,full_spectrum_reference,72,Mouse_460,Mouse_328;Mouse_331;Mouse_333;Mouse_394;Mouse_401;Mouse_464;Mouse_467;Mouse_469;Mouse_470,Mouse_460,17,2
Awinda,ATP1,full_spectrum_reference,72,Mouse_464,Mouse_328;Mouse_331;Mouse_333;Mouse_394;Mouse_401;Mouse_460;Mouse_467;Mouse_469;Mouse_470,Mouse_464,17,2
Awinda,ATP1,full_spectrum_reference,72,Mouse_467,Mouse_328;Mouse_331;Mouse_333;Mouse_394;Mouse_401;Mouse_460;Mouse_464;Mouse_469;Mouse_470,Mouse_467,17,2
Awinda,ATP1,full_spectrum_reference,72,Mouse_469,Mouse_328;Mouse_331;Mouse_333;Mouse_394;Mouse_401;Mouse_460;Mouse_464;Mouse_467;Mouse_470,Mouse_469,17,2
Awinda,ATP1,full_spectrum_reference,72,Mouse_470,Mouse_328;Mouse_331;Mouse_333;Mouse_394;Mouse_401;Mouse_460;Mouse_464;Mouse_467;Mouse_469,Mouse_470,17,2
