AnimalID,Fiber,Mutation,Treatment,DataQuality,Temperature,SL,pCa,ATPmM,PimM,AbsoluteTensionkPa,ActiveTensionkPa,Norm.pCaTension,ActMaxFitpN,ActSlopeFit,ActpCa50Fit,RMSResid3param,NormSlopeFit,NormpCa50Fit,RMSResid2param,pCaQuality,filter_$
Mouse_469,19325R11,WT-RLC,Control,1,17,2.2000000000000002,8,5,0.29999999999999999,2.04,0,0,,,,,,,,,1
Mouse_469,19325R11,WT-RLC,Control,1,17,2.2000000000000002,6.5,5,0.29999999999999999,2.0800000000000001,0.040000000000000042,0.0031923383878691199,,,,,,,,,1
Mouse_469,19325R11,WT-RLC,Control,1,17,2.2000000000000002,6,5,0.29999999999999999,3.02,0.97999999999999998,0.078212290502793283,,,,,,,,,1
Mouse_469,19325R11,WT-RLC,Control,1,17,2.2000000000000002,5.7999999999999998,5,0.29999999999999999,3.7400000000000002,1.7000000000000002,0.13567438148443736,,,,,,,,,1
Mouse_469,19325R11,WT-RLC,Control,1,17,2.2000000000000002,5.5999999999999996,5,0.29999999999999999,9.1899999999999995,7.1499999999999995,0.57063048683160411,,,,,,,,,1
Mouse_469,19325R11,WT-RLC,Control,1,17,2.2000000000000002,5.5,5,0.29999999999999999,11.550000000000001,9.5100000000000016,0.75897845171588196,,,,,,,,,1
Mouse_469,19325R11,WT-RLC,Control,1,17,2.2000000000000002,5.4000000000000004,5,0.29999999999999999,12.9,10.859999999999999,0.86671987230646441,,,,,,,,,1
Mouse_469,19325R11,WT-RLC,Control,1,17,2.2000000000000002,5.2000000000000002,5,0.29999999999999999,14.84,12.800000000000001,1.0215482841181165,,,,,,,,,1
Mouse_469,19325R11,WT-RLC,Control,1,17,2.2000000000000002,5,5,0.29999999999999999,15.08,13.039999999999999,1.0407023144453311,,,,,,,,,1
Mouse_469,19325R11,WT-RLC,Control,1,17,2.2000000000000002,4.7999999999999998,5,0.29999999999999999,14.57,12.530000000000001,1,12.85,3.8500000000000001,5.6200000000000001,0.29999999999999999,4.0700000000000003,5.6200000000000001,0.029999999999999999,1,1
Mouse_469,19325R15,WT-RLC,Control,1,17,2.2000000000000002,8,5,0.29999999999999999,1.21,0,0,,,,,,,,,1
Mouse_469,19325R15,WT-RLC,Control,1,17,2.2000000000000002,6.5,5,0.29999999999999999,1.3200000000000001,0.1100000000000001,0.0083081570996978906,,,,,,,,,1
Mouse_469,19325R15,WT-RLC,Control,1,17,2.2000000000000002,6,5,0.29999999999999999,1.6599999999999999,0.44999999999999996,0.033987915407854993,,,,,,,,,1
Mouse_469,19325R15,WT-RLC,Control,1,17,2.2000000000000002,5.7999999999999998,5,0.29999999999999999,2.3199999999999998,1.1099999999999999,0.083836858006042292,,,,,,,,,1
Mouse_469,19325R15,WT-RLC,Control,1,17,2.2000000000000002,5.5999999999999996,5,0.29999999999999999,6.7800000000000002,5.5700000000000003,0.42069486404833845,,,,,,,,,1
Mouse_469,19325R15,WT-RLC,Control,1,17,2.2000000000000002,5.5,5,0.29999999999999999,9.7400000000000002,8.5300000000000011,0.64425981873111804,,,,,,,,,1
Mouse_469,19325R15,WT-RLC,Control,1,17,2.2000000000000002,5.4000000000000004,5,0.29999999999999999,11.9,10.690000000000001,0.80740181268882194,,,,,,,,,1
Mouse_469,19325R15,WT-RLC,Control,1,17,2.2000000000000002,5.2000000000000002,5,0.29999999999999999,14.300000000000001,13.09,0.98867069486404846,,,,,,,,,1
Mouse_469,19325R15,WT-RLC,Control,1,17,2.2000000000000002,5,5,0.29999999999999999,14.699999999999999,13.489999999999998,1.0188821752265862,,,,,,,,,1
Mouse_469,19325R15,WT-RLC,Control,1,17,2.2000000000000002,4.7999999999999998,5,0.29999999999999999,14.449999999999999,13.239999999999998,1,13.43,3.98,5.5599999999999996,0.14999999999999999,4.0999999999999996,5.5599999999999996,0.01,1,1
Mouse_469,19325R110,WT-RLC,0.3 μM Mavacamten,1,17,2.2000000000000002,8,5,0.29999999999999999,3.5499999999999998,0,0,,,,,,,,,1
Mouse_469,19325R110,WT-RLC,0.3 μM Mavacamten,1,17,2.2000000000000002,6.5,5,0.29999999999999999,2.1499999999999999,-1.3999999999999999,-0.15469613259668505,,,,,,,,,1
Mouse_469,19325R110,WT-RLC,0.3 μM Mavacamten,1,17,2.2000000000000002,6,5,0.29999999999999999,1.3999999999999999,-2.1499999999999999,-0.23756906077348064,,,,,,,,,1
Mouse_469,19325R110,WT-RLC,0.3 μM Mavacamten,1,17,2.2000000000000002,5.7999999999999998,5,0.29999999999999999,1.55,-1.9999999999999998,-0.22099447513812151,,,,,,,,,1
Mouse_469,19325R110,WT-RLC,0.3 μM Mavacamten,1,17,2.2000000000000002,5.5999999999999996,5,0.29999999999999999,2.3799999999999999,-1.1699999999999999,-0.1292817679558011,,,,,,,,,1
Mouse_469,19325R110,WT-RLC,0.3 μM Mavacamten,1,17,2.2000000000000002,5.5,5,0.29999999999999999,4.5199999999999996,0.96999999999999975,0.10718232044198892,,,,,,,,,1
Mouse_469,19325R110,WT-RLC,0.3 μM Mavacamten,1,17,2.2000000000000002,5.4000000000000004,5,0.29999999999999999,7.8099999999999996,4.2599999999999998,0.47071823204419883,,,,,,,,,1
Mouse_469,19325R110,WT-RLC,0.3 μM Mavacamten,1,17,2.2000000000000002,5.2000000000000002,5,0.29999999999999999,12.619999999999999,9.0700000000000003,1.0022099447513813,,,,,,,,,1
Mouse_469,19325R110,WT-RLC,0.3 μM Mavacamten,1,17,2.2000000000000002,5,5,0.29999999999999999,13.130000000000001,9.5800000000000018,1.0585635359116023,,,,,,,,,1
Mouse_469,19325R110,WT-RLC,0.3 μM Mavacamten,1,17,2.2000000000000002,4.7999999999999998,5,0.29999999999999999,12.6,9.0500000000000007,1,9.2699999999999996,10.1,5.3899999999999997,1.1100000000000001,10.5,5.4000000000000004,0.12,2,1
Mouse_469,19325R113,WT-RLC,Control,1,17,2.2000000000000002,8,5,0.29999999999999999,0.91000000000000003,0,0,,,,,,,,,1
Mouse_469,19325R113,WT-RLC,Control,1,17,2.2000000000000002,6.5,5,0.29999999999999999,1.03,0.12,0.0094117647058823504,,,,,,,,,1
Mouse_469,19325R113,WT-RLC,Control,1,17,2.2000000000000002,6,5,0.29999999999999999,1.26,0.34999999999999998,0.027450980392156859,,,,,,,,,1
Mouse_469,19325R113,WT-RLC,Control,1,17,2.2000000000000002,5.7999999999999998,5,0.29999999999999999,1.53,0.62,0.048627450980392159,,,,,,,,,1
Mouse_469,19325R113,WT-RLC,Control,1,17,2.2000000000000002,5.5999999999999996,5,0.29999999999999999,4.4299999999999997,3.5199999999999996,0.276078431372549,,,,,,,,,1
Mouse_469,19325R113,WT-RLC,Control,1,17,2.2000000000000002,5.5,5,0.29999999999999999,6,5.0899999999999999,0.39921568627450982,,,,,,,,,1
Mouse_469,19325R113,WT-RLC,Control,1,17,2.2000000000000002,5.4000000000000004,5,0.29999999999999999,8.5199999999999996,7.6099999999999994,0.59686274509803916,,,,,,,,,1
Mouse_469,19325R113,WT-RLC,Control,1,17,2.2000000000000002,5.2000000000000002,5,0.29999999999999999,12.17,11.26,0.88313725490196082,,,,,,,,,1
Mouse_469,19325R113,WT-RLC,Control,1,17,2.2000000000000002,5,5,0.29999999999999999,13.49,12.58,0.98666666666666669,,,,,,,,,1
Mouse_469,19325R113,WT-RLC,Control,1,17,2.2000000000000002,4.7999999999999998,5,0.29999999999999999,13.66,12.75,1,12.949999999999999,3.23,5.4500000000000002,0.16,3.3300000000000001,5.46,0.01,1,1
Mouse_469,19325R114,WT-RLC,0.3 μM Mavacamten,1,17,2.2000000000000002,8,5,0.29999999999999999,3.1200000000000001,0,0,,,,,,,,,1
Mouse_469,19325R114,WT-RLC,0.3 μM Mavacamten,1,17,2.2000000000000002,6.5,5,0.29999999999999999,3.25,0.12999999999999989,0.013415892672858599,,,,,,,,,1
Mouse_469,19325R114,WT-RLC,0.3 μM Mavacamten,1,17,2.2000000000000002,6,5,0.29999999999999999,3.1099999999999999,-0.010000000000000229,-0.0010319917440660699,,,,,,,,,1
Mouse_469,19325R114,WT-RLC,0.3 μM Mavacamten,1,17,2.2000000000000002,5.7999999999999998,5,0.29999999999999999,3.1800000000000002,0.060000000000000053,0.0061919504643962904,,,,,,,,,1
Mouse_469,19325R114,WT-RLC,0.3 μM Mavacamten,1,17,2.2000000000000002,5.5999999999999996,5,0.29999999999999999,3.8700000000000001,0.75,0.077399380804953552,,,,,,,,,1
Mouse_469,19325R114,WT-RLC,0.3 μM Mavacamten,1,17,2.2000000000000002,5.5,5,0.29999999999999999,5.5300000000000002,2.4100000000000001,0.24871001031991744,,,,,,,,,1
Mouse_469,19325R114,WT-RLC,0.3 μM Mavacamten,1,17,2.2000000000000002,5.4000000000000004,5,0.29999999999999999,8.2799999999999994,5.1599999999999993,0.53250773993808032,,,,,,,,,1
Mouse_469,19325R114,WT-RLC,0.3 μM Mavacamten,1,17,2.2000000000000002,5.2000000000000002,5,0.29999999999999999,12.67,9.5500000000000007,0.98555211558307532,,,,,,,,,1
Mouse_469,19325R114,WT-RLC,0.3 μM Mavacamten,1,17,2.2000000000000002,5,5,0.29999999999999999,13.300000000000001,10.18,1.0505675954592362,,,,,,,,,1
Mouse_469,19325R114,WT-RLC,0.3 μM Mavacamten,1,17,2.2000000000000002,4.7999999999999998,5,0.29999999999999999,12.81,9.6900000000000013,1,10.01,5.7199999999999998,5.4100000000000001,0.14999999999999999,6.0599999999999996,5.4100000000000001,0.02,1,1
Mouse_328,19408R15,N47K,Control,1,17,2.2000000000000002,8,5,0.29999999999999999,1.5600000000000001,0,0,,,,,,,,,1
Mouse_328,19408R15,N47K,Control,1,17,2.2000000000000002,6.5,5,0.29999999999999999,1.5700000000000001,0.010000000000000011,0.00098135426889107004,,,,,,,,,1
Mouse_328,19408R15,N47K,Control,1,17,2.2000000000000002,6,5,0.29999999999999999,1.75,0.18999999999999995,0.018645731108930318,,,,,,,,,1
Mouse_328,19408R15,N47K,Control,1,17,2.2000000000000002,5.7999999999999998,5,0.29999999999999999,2.1600000000000001,0.60000000000000009,0.058881256133464191,,,,,,,,,1
Mouse_328,19408R15,N47K,Control,1,17,2.2000000000000002,5.5999999999999996,5,0.29999999999999999,5.7000000000000002,4.1400000000000006,0.4062806673209029,,,,,,,,,1
Mouse_328,19408R15,N47K,Control,1,17,2.2000000000000002,5.5,5,0.29999999999999999,8.2699999999999996,6.7099999999999991,0.65848871442590773,,,,,,,,,1
Mouse_328,19408R15,N47K,Control,1,17,2.2000000000000002,5.4000000000000004,5,0.29999999999999999,9.7899999999999991,8.2299999999999986,0.8076545632973503,,,,,,,,,1
Mouse_328,19408R15,N47K,Control,1,17,2.2000000000000002,5.2000000000000002,5,0.29999999999999999,11.789999999999999,10.229999999999999,1.0039254170755643,,,,,,,,,1
Mouse_328,19408R15,N47K,Control,1,17,2.2000000000000002,5,5,0.29999999999999999,12.33,10.77,1.0569185475956822,,,,,,,,,1
Mouse_328,19408R15,N47K,Control,1,17,2.2000000000000002,4.7999999999999998,5,0.29999999999999999,11.75,10.19,1,10.48,4.2300000000000004,5.5499999999999998,0.20000000000000001,4.4800000000000004,5.5599999999999996,0.02,1,1
Mouse_328,19408R17,N47K,Control,1,17,2.2000000000000002,8,5,0.29999999999999999,2.4399999999999999,0,0,,,,,,,,,1
Mouse_328,19408R17,N47K,Control,1,17,2.2000000000000002,6.5,5,0.29999999999999999,2.48,0.040000000000000042,0.0038387715930902101,,,,,,,,,1
Mouse_328,19408R17,N47K,Control,1,17,2.2000000000000002,6,5,0.29999999999999999,2.8199999999999998,0.37999999999999989,0.036468330134356998,,,,,,,,,1
Mouse_328,19408R17,N47K,Control,1,17,2.2000000000000002,5.7999999999999998,5,0.29999999999999999,3.3300000000000001,0.89000000000000012,0.085412667946257209,,,,,,,,,1
Mouse_328,19408R17,N47K,Control,1,17,2.2000000000000002,5.5999999999999996,5,0.29999999999999999,7.4199999999999999,4.9800000000000004,0.47792706333973134,,,,,,,,,1
Mouse_328,19408R17,N47K,Control,1,17,2.2000000000000002,5.5,5,0.29999999999999999,10.06,7.620000000000001,0.73128598848368531,,,,,,,,,1
Mouse_328,19408R17,N47K,Control,1,17,2.2000000000000002,5.4000000000000004,5,0.29999999999999999,11.470000000000001,9.0300000000000011,0.86660268714011524,,,,,,,,,1
Mouse_328,19408R17,N47K,Control,1,17,2.2000000000000002,5.2000000000000002,5,0.29999999999999999,13.07,10.630000000000001,1.0201535508637236,,,,,,,,,1
Mouse_328,19408R17,N47K,Control,1,17,2.2000000000000002,5,5,0.29999999999999999,13.56,11.120000000000001,1.0671785028790788,,,,,,,,,1
Mouse_328,19408R17,N47K,Control,1,17,2.2000000000000002,4.7999999999999998,5,0.29999999999999999,12.859999999999999,10.42,1,10.77,4.3700000000000001,5.5800000000000001,0.20999999999999999,4.6900000000000004,5.5899999999999999,0.029999999999999999,1,1
Mouse_460,19412R12,WT-RLC,Control,1,17,2.2000000000000002,8,5,0.29999999999999999,1.6599999999999999,0,0,,,,,,,,,1
Mouse_460,19412R12,WT-RLC,Control,1,17,2.2000000000000002,6.5,5,0.29999999999999999,1.6399999999999999,-0.020000000000000021,-0.0020429009193054198,,,,,,,,,1
Mouse_460,19412R12,WT-RLC,Control,1,17,2.2000000000000002,6,5,0.29999999999999999,1.72,0.060000000000000053,0.0061287027579162504,,,,,,,,,1
Mouse_460,19412R12,WT-RLC,Control,1,17,2.2000000000000002,5.7999999999999998,5,0.29999999999999999,1.6399999999999999,-0.020000000000000021,-0.0020429009193054198,,,,,,,,,1
Mouse_460,19412R12,WT-RLC,Control,1,17,2.2000000000000002,5.5999999999999996,5,0.29999999999999999,2.5099999999999998,0.84999999999999987,0.086823289070480078,,,,,,,,,1
Mouse_460,19412R12,WT-RLC,Control,1,17,2.2000000000000002,5.5,5,0.29999999999999999,6.5099999999999998,4.8499999999999996,0.49540347293156284,,,,,,,,,1
Mouse_460,19412R12,WT-RLC,Control,1,17,2.2000000000000002,5.4000000000000004,5,0.29999999999999999,9.7899999999999991,8.129999999999999,0.83043922369765066,,,,,,,,,1
Mouse_460,19412R12,WT-RLC,Control,1,17,2.2000000000000002,5.2000000000000002,5,0.29999999999999999,11.039999999999999,9.379999999999999,0.95812053115423901,,,,,,,,,1
Mouse_460,19412R12,WT-RLC,Control,1,17,2.2000000000000002,5,5,0.29999999999999999,10.52,8.8599999999999994,0.90500510725229832,,,,,,,,,1
Mouse_460,19412R12,WT-RLC,Control,1,17,2.2000000000000002,4.7999999999999998,5,0.29999999999999999,11.449999999999999,9.7899999999999991,1,9.3100000000000005,9.1600000000000001,5.5,0.23000000000000001,8.1799999999999997,5.4900000000000002,0.040000000000000001,2,1
Mouse_460,19412R14,WT-RLC,Control,1,17,2.2000000000000002,8,5,0.29999999999999999,4.8700000000000001,0,0,,,,,,,,,1
Mouse_460,19412R14,WT-RLC,Control,1,17,2.2000000000000002,6.5,5,0.29999999999999999,4.8700000000000001,0,0,,,,,,,,,1
Mouse_460,19412R14,WT-RLC,Control,1,17,2.2000000000000002,6,5,0.29999999999999999,5.4299999999999997,0.55999999999999961,0.032202415181138561,,,,,,,,,1
Mouse_460,19412R14,WT-RLC,Control,1,17,2.2000000000000002,5.7999999999999998,5,0.29999999999999999,5.7199999999999998,0.84999999999999964,0.048878665899942483,,,,,,,,,1
Mouse_460,19412R14,WT-RLC,Control,1,17,2.2000000000000002,5.5999999999999996,5,0.29999999999999999,11.970000000000001,7.1000000000000005,0.40828062104657853,,,,,,,,,1
Mouse_460,19412R14,WT-RLC,Control,1,17,2.2000000000000002,5.5,5,0.29999999999999999,15.630000000000001,10.760000000000002,0.61874640598044861,,,,,,,,,1
Mouse_460,19412R14,WT-RLC,Control,1,17,2.2000000000000002,5.4000000000000004,5,0.29999999999999999,18.489999999999998,13.619999999999997,0.78320874065554902,,,,,,,,,1
Mouse_460,19412R14,WT-RLC,Control,1,17,2.2000000000000002,5.2000000000000002,5,0.29999999999999999,22.68,17.809999999999999,1.0241518113858539,,,,,,,,,1
Mouse_460,19412R14,WT-RLC,Control,1,17,2.2000000000000002,5,5,0.29999999999999999,22.890000000000001,18.02,1.0362277170787808,,,,,,,,,1
Mouse_460,19412R14,WT-RLC,Control,1,17,2.2000000000000002,4.7999999999999998,5,0.29999999999999999,22.260000000000002,17.390000000000001,1,17.91,4.0499999999999998,5.54,0.40999999999999998,4.2800000000000002,5.5499999999999998,0.029999999999999999,1,1
Mouse_460,19412R16,WT-RLC,Control,1,17,2.2000000000000002,8,5,0.29999999999999999,2.71,0,0,,,,,,,,,1
Mouse_460,19412R16,WT-RLC,Control,1,17,2.2000000000000002,6.5,5,0.29999999999999999,2.73,0.020000000000000021,0.0015197568389057801,,,,,,,,,1
Mouse_460,19412R16,WT-RLC,Control,1,17,2.2000000000000002,6,5,0.29999999999999999,2.8799999999999999,0.16999999999999993,0.01291793313069908,,,,,,,,,1
Mouse_460,19412R16,WT-RLC,Control,1,17,2.2000000000000002,5.7999999999999998,5,0.29999999999999999,3.1200000000000001,0.41000000000000014,0.0311550151975684,,,,,,,,,1
Mouse_460,19412R16,WT-RLC,Control,1,17,2.2000000000000002,5.5999999999999996,5,0.29999999999999999,6.46,3.75,0.28495440729483285,,,,,,,,,1
Mouse_460,19412R16,WT-RLC,Control,1,17,2.2000000000000002,5.5,5,0.29999999999999999,11.31,8.6000000000000014,0.6534954407294834,,,,,,,,,1
Mouse_460,19412R16,WT-RLC,Control,1,17,2.2000000000000002,5.4000000000000004,5,0.29999999999999999,13.119999999999999,10.41,0.79103343465045595,,,,,,,,,1
Mouse_460,19412R16,WT-RLC,Control,1,17,2.2000000000000002,5.2000000000000002,5,0.29999999999999999,15.67,12.960000000000001,0.98480243161094227,,,,,,,,,1
Mouse_460,19412R16,WT-RLC,Control,1,17,2.2000000000000002,5,5,0.29999999999999999,15.970000000000001,13.260000000000002,1.0075987841945291,,,,,,,,,1
Mouse_460,19412R16,WT-RLC,Control,1,17,2.2000000000000002,4.7999999999999998,5,0.29999999999999999,15.869999999999999,13.16,1,13.130000000000001,5.3099999999999996,5.5300000000000002,0.31,5.2800000000000002,5.5300000000000002,0.02,1,1
Mouse_460,19412R17,WT-RLC,Control,1,17,2.2000000000000002,8,5,0.29999999999999999,3.02,0,0,,,,,,,,,1
Mouse_460,19412R17,WT-RLC,Control,1,17,2.2000000000000002,6.5,5,0.29999999999999999,3.2000000000000002,0.18000000000000016,0.01284796573875804,,,,,,,,,1
Mouse_460,19412R17,WT-RLC,Control,1,17,2.2000000000000002,6,5,0.29999999999999999,3.6099999999999999,0.58999999999999986,0.042112776588151303,,,,,,,,,1
Mouse_460,19412R17,WT-RLC,Control,1,17,2.2000000000000002,5.7999999999999998,5,0.29999999999999999,4.7000000000000002,1.6800000000000002,0.11991434689507495,,,,,,,,,1
Mouse_460,19412R17,WT-RLC,Control,1,17,2.2000000000000002,5.5999999999999996,5,0.29999999999999999,12.1,9.0800000000000001,0.64810849393290504,,,,,,,,,1
Mouse_460,19412R17,WT-RLC,Control,1,17,2.2000000000000002,5.5,5,0.29999999999999999,15.31,12.290000000000001,0.87723054960742319,,,,,,,,,1
Mouse_460,19412R17,WT-RLC,Control,1,17,2.2000000000000002,5.4000000000000004,5,0.29999999999999999,16.260000000000002,13.240000000000002,0.94503925767309072,,,,,,,,,1
Mouse_460,19412R17,WT-RLC,Control,1,17,2.2000000000000002,5.2000000000000002,5,0.29999999999999999,17.41,14.390000000000001,1.0271234832262668,,,,,,,,,1
Mouse_460,19412R17,WT-RLC,Control,1,17,2.2000000000000002,5,5,0.29999999999999999,17.23,14.210000000000001,1.0142755174875089,,,,,,,,,1
Mouse_460,19412R17,WT-RLC,Control,1,17,2.2000000000000002,4.7999999999999998,5,0.29999999999999999,17.030000000000001,14.010000000000002,1,14.16,5.4199999999999999,5.6500000000000004,0.20999999999999999,5.5599999999999996,5.6500000000000004,0.02,1,1
Mouse_460,19412R18,WT-RLC,0.3 μM Mavacamten,1,17,2.2000000000000002,8,5,0.29999999999999999,1.48,0,0,,,,,,,,,1
Mouse_460,19412R18,WT-RLC,0.3 μM Mavacamten,1,17,2.2000000000000002,6.5,5,0.29999999999999999,1.52,0.040000000000000042,0.00498132004981321,,,,,,,,,1
Mouse_460,19412R18,WT-RLC,0.3 μM Mavacamten,1,17,2.2000000000000002,6,5,0.29999999999999999,1.6200000000000001,0.14000000000000012,0.017434620174346219,,,,,,,,,1
Mouse_460,19412R18,WT-RLC,0.3 μM Mavacamten,1,17,2.2000000000000002,5.7999999999999998,5,0.29999999999999999,1.47,-0.010000000000000011,-0.0012453300124532999,,,,,,,,,1
Mouse_460,19412R18,WT-RLC,0.3 μM Mavacamten,1,17,2.2000000000000002,5.5999999999999996,5,0.29999999999999999,3.5499999999999998,2.0699999999999998,0.2577833125778331,,,,,,,,,1
Mouse_460,19412R18,WT-RLC,0.3 μM Mavacamten,1,17,2.2000000000000002,5.5,5,0.29999999999999999,6.5,5.0199999999999996,0.62515566625155661,,,,,,,,,1
Mouse_460,19412R18,WT-RLC,0.3 μM Mavacamten,1,17,2.2000000000000002,5.4000000000000004,5,0.29999999999999999,8.3499999999999996,6.8699999999999992,0.85554171855541716,,,,,,,,,1
Mouse_460,19412R18,WT-RLC,0.3 μM Mavacamten,1,17,2.2000000000000002,5.2000000000000002,5,0.29999999999999999,9.8499999999999996,8.3699999999999992,1.0423412204234122,,,,,,,,,1
Mouse_460,19412R18,WT-RLC,0.3 μM Mavacamten,1,17,2.2000000000000002,5,5,0.29999999999999999,9.8499999999999996,8.3699999999999992,1.0423412204234122,,,,,,,,,1
Mouse_460,19412R18,WT-RLC,0.3 μM Mavacamten,1,17,2.2000000000000002,4.7999999999999998,5,0.29999999999999999,9.5099999999999998,8.0299999999999994,1,8.25,6.2000000000000002,5.5300000000000002,0.14999999999999999,6.5499999999999998,5.5300000000000002,0.02,1,1
Mouse_460,19412R110,WT-RLC,0.3 μM Mavacamten,1,17,2.2000000000000002,8,5,0.29999999999999999,2.1699999999999999,0,0,,,,,,,,,1
Mouse_460,19412R110,WT-RLC,0.3 μM Mavacamten,1,17,2.2000000000000002,6.5,5,0.29999999999999999,2.1800000000000002,0.010000000000000229,0.0011695906432748801,,,,,,,,,1
Mouse_460,19412R110,WT-RLC,0.3 μM Mavacamten,1,17,2.2000000000000002,6,5,0.29999999999999999,2.2400000000000002,0.070000000000000284,0.0081871345029240102,,,,,,,,,1
Mouse_460,19412R110,WT-RLC,0.3 μM Mavacamten,1,17,2.2000000000000002,5.7999999999999998,5,0.29999999999999999,2.2000000000000002,0.030000000000000249,0.0035087719298245901,,,,,,,,,1
Mouse_460,19412R110,WT-RLC,0.3 μM Mavacamten,1,17,2.2000000000000002,5.5999999999999996,5,0.29999999999999999,2.8300000000000001,0.66000000000000014,0.077192982456140355,,,,,,,,,1
Mouse_460,19412R110,WT-RLC,0.3 μM Mavacamten,1,17,2.2000000000000002,5.5,5,0.29999999999999999,4.5499999999999998,2.3799999999999999,0.27836257309941514,,,,,,,,,1
Mouse_460,19412R110,WT-RLC,0.3 μM Mavacamten,1,17,2.2000000000000002,5.4000000000000004,5,0.29999999999999999,7.1200000000000001,4.9500000000000002,0.57894736842105265,,,,,,,,,1
Mouse_460,19412R110,WT-RLC,0.3 μM Mavacamten,1,17,2.2000000000000002,5.2000000000000002,5,0.29999999999999999,10.609999999999999,8.4399999999999995,0.98713450292397642,,,,,,,,,1
Mouse_460,19412R110,WT-RLC,0.3 μM Mavacamten,1,17,2.2000000000000002,5,5,0.29999999999999999,11.08,8.9100000000000001,1.0421052631578946,,,,,,,,,1
Mouse_460,19412R110,WT-RLC,0.3 μM Mavacamten,1,17,2.2000000000000002,4.7999999999999998,5,0.29999999999999999,10.720000000000001,8.5500000000000007,1,8.7699999999999996,5.8499999999999996,5.4199999999999999,0.11,6.1200000000000001,5.4299999999999997,0.02,1,1
Mouse_460,19412R111,WT-RLC,0.3 μM Mavacamten,1,17,2.2000000000000002,8,5,0.29999999999999999,0.34999999999999998,0,0,,,,,,,,,1
Mouse_460,19412R111,WT-RLC,0.3 μM Mavacamten,1,17,2.2000000000000002,6.5,5,0.29999999999999999,0.25,-0.099999999999999978,-0.010570824524312889,,,,,,,,,1
Mouse_460,19412R111,WT-RLC,0.3 μM Mavacamten,1,17,2.2000000000000002,6,5,0.29999999999999999,0.32000000000000001,-0.029999999999999971,-0.0031712473572938701,,,,,,,,,1
Mouse_460,19412R111,WT-RLC,0.3 μM Mavacamten,1,17,2.2000000000000002,5.7999999999999998,5,0.29999999999999999,0.28999999999999998,-0.059999999999999998,-0.0063424947145877403,,,,,,,,,1
Mouse_460,19412R111,WT-RLC,0.3 μM Mavacamten,1,17,2.2000000000000002,5.5999999999999996,5,0.29999999999999999,1,0.65000000000000002,0.068710359408033828,,,,,,,,,1
Mouse_460,19412R111,WT-RLC,0.3 μM Mavacamten,1,17,2.2000000000000002,5.5,5,0.29999999999999999,3.4700000000000002,3.1200000000000001,0.32980972515856233,,,,,,,,,1
Mouse_460,19412R111,WT-RLC,0.3 μM Mavacamten,1,17,2.2000000000000002,5.4000000000000004,5,0.29999999999999999,6.29,5.9400000000000004,0.62790697674418605,,,,,,,,,1
Mouse_460,19412R111,WT-RLC,0.3 μM Mavacamten,1,17,2.2000000000000002,5.2000000000000002,5,0.29999999999999999,9.5399999999999991,9.1899999999999995,0.97145877378435508,,,,,,,,,1
Mouse_460,19412R111,WT-RLC,0.3 μM Mavacamten,1,17,2.2000000000000002,5,5,0.29999999999999999,10.31,9.9600000000000009,1.0528541226215644,,,,,,,,,1
Mouse_460,19412R111,WT-RLC,0.3 μM Mavacamten,1,17,2.2000000000000002,4.7999999999999998,5,0.29999999999999999,9.8100000000000005,9.4600000000000009,1,9.6600000000000001,5.9199999999999999,5.4400000000000004,0.17999999999999999,6.1600000000000001,5.4400000000000004,0.02,1,1
Mouse_460,19412R113,WT-RLC,0.3 μM Mavacamten,1,17,2.2000000000000002,8,5,0.29999999999999999,0.98999999999999999,0,0,,,,,,,,,1
Mouse_460,19412R113,WT-RLC,0.3 μM Mavacamten,1,17,2.2000000000000002,6.5,5,0.29999999999999999,1.1000000000000001,0.1100000000000001,0.01064859632139401,,,,,,,,,1
Mouse_460,19412R113,WT-RLC,0.3 μM Mavacamten,1,17,2.2000000000000002,6,5,0.29999999999999999,1.1299999999999999,0.1399999999999999,0.01355275895450144,,,,,,,,,1
Mouse_460,19412R113,WT-RLC,0.3 μM Mavacamten,1,17,2.2000000000000002,5.7999999999999998,5,0.29999999999999999,1.24,0.25,0.02420135527589545,,,,,,,,,1
Mouse_460,19412R113,WT-RLC,0.3 μM Mavacamten,1,17,2.2000000000000002,5.5999999999999996,5,0.29999999999999999,2.23,1.24,0.12003872216844143,,,,,,,,,1
Mouse_460,19412R113,WT-RLC,0.3 μM Mavacamten,1,17,2.2000000000000002,5.5,5,0.29999999999999999,4.5599999999999996,3.5699999999999994,0.34559535333978697,,,,,,,,,1
Mouse_460,19412R113,WT-RLC,0.3 μM Mavacamten,1,17,2.2000000000000002,5.4000000000000004,5,0.29999999999999999,8.2400000000000002,7.25,0.70183930300096808,,,,,,,,,1
Mouse_460,19412R113,WT-RLC,0.3 μM Mavacamten,1,17,2.2000000000000002,5.2000000000000002,5,0.29999999999999999,12.19,11.199999999999999,1.0842207163601161,,,,,,,,,1
Mouse_460,19412R113,WT-RLC,0.3 μM Mavacamten,1,17,2.2000000000000002,5,5,0.29999999999999999,12.33,11.34,1.0977734753146176,,,,,,,,,1
Mouse_460,19412R113,WT-RLC,0.3 μM Mavacamten,1,17,2.2000000000000002,4.7999999999999998,5,0.29999999999999999,11.32,10.33,1,11.039999999999999,6.2300000000000004,5.4500000000000002,0.29999999999999999,6.7999999999999998,5.46,0.050000000000000003,1,1
Mouse_331,19501R14,N47K,0.3 μM Mavacamten,1,17,2.2000000000000002,8,5,0.29999999999999999,2.9500000000000002,0,0,,,,,,,,,1
Mouse_331,19501R14,N47K,0.3 μM Mavacamten,1,17,2.2000000000000002,6.5,5,0.29999999999999999,2.8900000000000001,-0.060000000000000053,-0.0098039215686274595,,,,,,,,,1
Mouse_331,19501R14,N47K,0.3 μM Mavacamten,1,17,2.2000000000000002,6,5,0.29999999999999999,3.0499999999999998,0.099999999999999645,0.01633986928104569,,,,,,,,,1
Mouse_331,19501R14,N47K,0.3 μM Mavacamten,1,17,2.2000000000000002,5.7999999999999998,5,0.29999999999999999,3.1299999999999999,0.17999999999999972,0.029411764705882311,,,,,,,,,1
Mouse_331,19501R14,N47K,0.3 μM Mavacamten,1,17,2.2000000000000002,5.5999999999999996,5,0.29999999999999999,4.3700000000000001,1.4199999999999999,0.23202614379084965,,,,,,,,,1
Mouse_331,19501R14,N47K,0.3 μM Mavacamten,1,17,2.2000000000000002,5.5,5,0.29999999999999999,5.8099999999999996,2.8599999999999994,0.46732026143790839,,,,,,,,,1
Mouse_331,19501R14,N47K,0.3 μM Mavacamten,1,17,2.2000000000000002,5.4000000000000004,5,0.29999999999999999,7.4100000000000001,4.46,0.72875816993464049,,,,,,,,,1
Mouse_331,19501R14,N47K,0.3 μM Mavacamten,1,17,2.2000000000000002,5.2000000000000002,5,0.29999999999999999,9.1400000000000006,6.1900000000000004,1.011437908496732,,,,,,,,,1
Mouse_331,19501R14,N47K,0.3 μM Mavacamten,1,17,2.2000000000000002,5,5,0.29999999999999999,9.5700000000000003,6.6200000000000001,1.0816993464052287,,,,,,,,,1
Mouse_331,19501R14,N47K,0.3 μM Mavacamten,1,17,2.2000000000000002,4.7999999999999998,5,0.29999999999999999,9.0700000000000003,6.1200000000000001,1,6.4100000000000001,4.6699999999999999,5.4800000000000004,0.13,5.0700000000000003,5.4900000000000002,0.029999999999999999,1,1
Mouse_331,19501R15,N47K,Control,1,17,2.2000000000000002,8,5,0.29999999999999999,3.54,0,0,,,,,,,,,1
Mouse_331,19501R15,N47K,Control,1,17,2.2000000000000002,6.5,5,0.29999999999999999,3.5099999999999998,-0.030000000000000249,-0.0027002700270027202,,,,,,,,,1
Mouse_331,19501R15,N47K,Control,1,17,2.2000000000000002,6,5,0.29999999999999999,4.1900000000000004,0.65000000000000036,0.058505850585058541,,,,,,,,,1
Mouse_331,19501R15,N47K,Control,1,17,2.2000000000000002,5.7999999999999998,5,0.29999999999999999,5.3499999999999996,1.8099999999999996,0.16291629162916288,,,,,,,,,1
Mouse_331,19501R15,N47K,Control,1,17,2.2000000000000002,5.5999999999999996,5,0.29999999999999999,12.33,8.7899999999999991,0.79117911791179119,,,,,,,,,1
Mouse_331,19501R15,N47K,Control,1,17,2.2000000000000002,5.5,5,0.29999999999999999,13.85,10.309999999999999,0.92799279927992795,,,,,,,,,1
Mouse_331,19501R15,N47K,Control,1,17,2.2000000000000002,5.4000000000000004,5,0.29999999999999999,14.49,10.949999999999999,0.98559855985598555,,,,,,,,,1
Mouse_331,19501R15,N47K,Control,1,17,2.2000000000000002,5.2000000000000002,5,0.29999999999999999,15.56,12.02,1.081908190819082,,,,,,,,,1
Mouse_331,19501R15,N47K,Control,1,17,2.2000000000000002,5,5,0.29999999999999999,15.26,11.719999999999999,1.0549054905490549,,,,,,,,,1
Mouse_331,19501R15,N47K,Control,1,17,2.2000000000000002,4.7999999999999998,5,0.29999999999999999,14.65,11.109999999999999,1,11.51,5.7000000000000002,5.6799999999999997,0.31,6.2199999999999998,5.6900000000000004,0.040000000000000001,1,1
Mouse_331,19501R19,N47K,0.3 μM Mavacamten,1,17,2.2000000000000002,8,5,0.29999999999999999,2.2599999999999998,0,0,,,,,,,,,1
Mouse_331,19501R19,N47K,0.3 μM Mavacamten,1,17,2.2000000000000002,6.5,5,0.29999999999999999,2.3999999999999999,0.14000000000000012,0.016393442622950831,,,,,,,,,1
Mouse_331,19501R19,N47K,0.3 μM Mavacamten,1,17,2.2000000000000002,6,5,0.29999999999999999,2.4300000000000002,0.17000000000000037,0.019906323185011749,,,,,,,,,1
Mouse_331,19501R19,N47K,0.3 μM Mavacamten,1,17,2.2000000000000002,5.7999999999999998,5,0.29999999999999999,2.77,0.51000000000000023,0.059718969555035147,,,,,,,,,1
Mouse_331,19501R19,N47K,0.3 μM Mavacamten,1,17,2.2000000000000002,5.5999999999999996,5,0.29999999999999999,4.0499999999999998,1.79,0.20960187353629975,,,,,,,,,1
Mouse_331,19501R19,N47K,0.3 μM Mavacamten,1,17,2.2000000000000002,5.5,5,0.29999999999999999,6.4900000000000002,4.2300000000000004,0.49531615925058547,,,,,,,,,1
Mouse_331,19501R19,N47K,0.3 μM Mavacamten,1,17,2.2000000000000002,5.4000000000000004,5,0.29999999999999999,8.8900000000000006,6.6300000000000008,0.77634660421545665,,,,,,,,,1
Mouse_331,19501R19,N47K,0.3 μM Mavacamten,1,17,2.2000000000000002,5.2000000000000002,5,0.29999999999999999,10.869999999999999,8.6099999999999994,1.0081967213114753,,,,,,,,,1
Mouse_331,19501R19,N47K,0.3 μM Mavacamten,1,17,2.2000000000000002,5,5,0.29999999999999999,11.359999999999999,9.0999999999999996,1.0655737704918031,,,,,,,,,1
Mouse_331,19501R19,N47K,0.3 μM Mavacamten,1,17,2.2000000000000002,4.7999999999999998,5,0.29999999999999999,10.800000000000001,8.5400000000000009,1,8.8499999999999996,5.21,5.4900000000000002,0.17999999999999999,5.5700000000000003,5.5,0.029999999999999999,1,1
Mouse_331,19501R110,N47K,Control,1,17,2.2000000000000002,8,5,0.29999999999999999,1.3400000000000001,0,0,,,,,,,,,1
Mouse_331,19501R110,N47K,Control,1,17,2.2000000000000002,6.5,5,0.29999999999999999,1.3999999999999999,0.059999999999999831,0.0069204152249134803,,,,,,,,,1
Mouse_331,19501R110,N47K,Control,1,17,2.2000000000000002,6,5,0.29999999999999999,1.54,0.19999999999999996,0.02306805074971164,,,,,,,,,1
Mouse_331,19501R110,N47K,Control,1,17,2.2000000000000002,5.7999999999999998,5,0.29999999999999999,1.7,0.35999999999999988,0.041522491349480953,,,,,,,,,1
Mouse_331,19501R110,N47K,Control,1,17,2.2000000000000002,5.5999999999999996,5,0.29999999999999999,3.3900000000000001,2.0499999999999998,0.23644752018454437,,,,,,,,,1
Mouse_331,19501R110,N47K,Control,1,17,2.2000000000000002,5.5,5,0.29999999999999999,4.96,3.6200000000000001,0.41753171856978089,,,,,,,,,1
Mouse_331,19501R110,N47K,Control,1,17,2.2000000000000002,5.4000000000000004,5,0.29999999999999999,6.5800000000000001,5.2400000000000002,0.60438292964244522,,,,,,,,,1
Mouse_331,19501R110,N47K,Control,1,17,2.2000000000000002,5.2000000000000002,5,0.29999999999999999,8.7699999999999996,7.4299999999999997,0.85697808535178777,,,,,,,,,1
Mouse_331,19501R110,N47K,Control,1,17,2.2000000000000002,5,5,0.29999999999999999,9.6699999999999999,8.3300000000000001,0.96078431372549022,,,,,,,,,1
Mouse_331,19501R110,N47K,Control,1,17,2.2000000000000002,4.7999999999999998,5,0.29999999999999999,10.01,8.6699999999999999,1,8.6099999999999994,3.3900000000000001,5.4500000000000002,0.089999999999999997,3.3300000000000001,5.4500000000000002,0.01,1,1
Mouse_331,19501R112,N47K,Control,1,17,2.2000000000000002,8,5,0.29999999999999999,1.01,0,0,,,,,,,,,1
Mouse_331,19501R112,N47K,Control,1,17,2.2000000000000002,6.5,5,0.29999999999999999,1.03,0.020000000000000021,0.0023041474654377902,,,,,,,,,1
Mouse_331,19501R112,N47K,Control,1,17,2.2000000000000002,6,5,0.29999999999999999,1.3600000000000001,0.35000000000000009,0.040322580645161303,,,,,,,,,1
Mouse_331,19501R112,N47K,Control,1,17,2.2000000000000002,5.7999999999999998,5,0.29999999999999999,1.8100000000000001,0.80000000000000004,0.092165898617511524,,,,,,,,,1
Mouse_331,19501R112,N47K,Control,1,17,2.2000000000000002,5.5999999999999996,5,0.29999999999999999,4.9299999999999997,3.9199999999999999,0.45161290322580644,,,,,,,,,1
Mouse_331,19501R112,N47K,Control,1,17,2.2000000000000002,5.5,5,0.29999999999999999,6.96,5.9500000000000002,0.68548387096774199,,,,,,,,,1
Mouse_331,19501R112,N47K,Control,1,17,2.2000000000000002,5.4000000000000004,5,0.29999999999999999,8.3000000000000007,7.2900000000000009,0.83986175115207384,,,,,,,,,1
Mouse_331,19501R112,N47K,Control,1,17,2.2000000000000002,5.2000000000000002,5,0.29999999999999999,9.6699999999999999,8.6600000000000001,0.99769585253456228,,,,,,,,,1
Mouse_331,19501R112,N47K,Control,1,17,2.2000000000000002,5,5,0.29999999999999999,10.07,9.0600000000000005,1.0437788018433181,,,,,,,,,1
Mouse_331,19501R112,N47K,Control,1,17,2.2000000000000002,4.7999999999999998,5,0.29999999999999999,9.6899999999999995,8.6799999999999997,1,8.8800000000000008,4.0800000000000001,5.5700000000000003,0.13,4.2800000000000002,5.5800000000000001,0.02,1,1
Mouse_331,19501R114,N47K,Control,1,17,2.2000000000000002,8,5,0.29999999999999999,1.51,0,0,,,,,,,,,1
Mouse_331,19501R114,N47K,Control,1,17,2.2000000000000002,6.5,5,0.29999999999999999,1.5800000000000001,0.070000000000000062,0.0078740157480314994,,,,,,,,,1
Mouse_331,19501R114,N47K,Control,1,17,2.2000000000000002,6,5,0.29999999999999999,1.8100000000000001,0.30000000000000004,0.033745781777277842,,,,,,,,,1
Mouse_331,19501R114,N47K,Control,1,17,2.2000000000000002,5.7999999999999998,5,0.29999999999999999,2.2799999999999998,0.7699999999999998,0.086614173228346428,,,,,,,,,1
Mouse_331,19501R114,N47K,Control,1,17,2.2000000000000002,5.5999999999999996,5,0.29999999999999999,5.54,4.0300000000000002,0.453318335208099,,,,,,,,,1
Mouse_331,19501R114,N47K,Control,1,17,2.2000000000000002,5.5,5,0.29999999999999999,7.6900000000000004,6.1800000000000006,0.69516310461192354,,,,,,,,,1
Mouse_331,19501R114,N47K,Control,1,17,2.2000000000000002,5.4000000000000004,5,0.29999999999999999,8.5600000000000005,7.0500000000000007,0.79302587176602923,,,,,,,,,1
Mouse_331,19501R114,N47K,Control,1,17,2.2000000000000002,5.2000000000000002,5,0.29999999999999999,9.9299999999999997,8.4199999999999999,0.9471316085489313,,,,,,,,,1
Mouse_331,19501R114,N47K,Control,1,17,2.2000000000000002,5,5,0.29999999999999999,10.529999999999999,9.0199999999999996,1.0146231721034868,,,,,,,,,1
Mouse_331,19501R114,N47K,Control,1,17,2.2000000000000002,4.7999999999999998,5,0.29999999999999999,10.4,8.8900000000000006,1,8.8599999999999994,3.9399999999999999,5.5800000000000001,0.17999999999999999,3.9100000000000001,5.5800000000000001,0.02,1,1
Mouse_331,19501R115,N47K,0.3 μM Mavacamten,1,17,2.2000000000000002,8,5,0.29999999999999999,1.6499999999999999,0,0,,,,,,,,,1
Mouse_331,19501R115,N47K,0.3 μM Mavacamten,1,17,2.2000000000000002,6.5,5,0.29999999999999999,1.73,0.080000000000000071,0.012500000000000009,,,,,,,,,1
Mouse_331,19501R115,N47K,0.3 μM Mavacamten,1,17,2.2000000000000002,6,5,0.29999999999999999,1.6200000000000001,-0.029999999999999812,-0.0046874999999999703,,,,,,,,,1
Mouse_331,19501R115,N47K,0.3 μM Mavacamten,1,17,2.2000000000000002,5.7999999999999998,5,0.29999999999999999,1.6200000000000001,-0.029999999999999812,-0.0046874999999999703,,,,,,,,,1
Mouse_331,19501R115,N47K,0.3 μM Mavacamten,1,17,2.2000000000000002,5.5999999999999996,5,0.29999999999999999,1.96,0.31000000000000005,0.048437500000000008,,,,,,,,,1
Mouse_331,19501R115,N47K,0.3 μM Mavacamten,1,17,2.2000000000000002,5.5,5,0.29999999999999999,2.79,1.1400000000000001,0.17812500000000001,,,,,,,,,1
Mouse_331,19501R115,N47K,0.3 μM Mavacamten,1,17,2.2000000000000002,5.4000000000000004,5,0.29999999999999999,4.9900000000000002,3.3400000000000003,0.52187499999999998,,,,,,,,,1
Mouse_331,19501R115,N47K,0.3 μM Mavacamten,1,17,2.2000000000000002,5.2000000000000002,5,0.29999999999999999,8.2300000000000004,6.5800000000000001,1.028125,,,,,,,,,1
Mouse_331,19501R115,N47K,0.3 μM Mavacamten,1,17,2.2000000000000002,5,5,0.29999999999999999,8.4900000000000002,6.8399999999999999,1.0687499999999999,,,,,,,,,1
Mouse_331,19501R115,N47K,0.3 μM Mavacamten,1,17,2.2000000000000002,4.7999999999999998,5,0.29999999999999999,8.0500000000000007,6.4000000000000004,1,6.6799999999999997,7.1699999999999999,5.4000000000000004,0.12,7.6699999999999999,5.4100000000000001,0.029999999999999999,1,1
Mouse_331,19501R116,N47K,0.3 μM Mavacamten,1,17,2.2000000000000002,8,5,0.29999999999999999,2.3199999999999998,0,0,,,,,,,,,1
Mouse_331,19501R116,N47K,0.3 μM Mavacamten,1,17,2.2000000000000002,6.5,5,0.29999999999999999,2.3999999999999999,0.080000000000000071,0.01047120418848169,,,,,,,,,1
Mouse_331,19501R116,N47K,0.3 μM Mavacamten,1,17,2.2000000000000002,6,5,0.29999999999999999,2.46,0.14000000000000012,0.018324607329842951,,,,,,,,,1
Mouse_331,19501R116,N47K,0.3 μM Mavacamten,1,17,2.2000000000000002,5.7999999999999998,5,0.29999999999999999,2.6400000000000001,0.32000000000000028,0.041884816753926739,,,,,,,,,1
Mouse_331,19501R116,N47K,0.3 μM Mavacamten,1,17,2.2000000000000002,5.5999999999999996,5,0.29999999999999999,4.4199999999999999,2.1000000000000001,0.27486910994764396,,,,,,,,,1
Mouse_331,19501R116,N47K,0.3 μM Mavacamten,1,17,2.2000000000000002,5.5,5,0.29999999999999999,6.4800000000000004,4.1600000000000001,0.54450261780104714,,,,,,,,,1
Mouse_331,19501R116,N47K,0.3 μM Mavacamten,1,17,2.2000000000000002,5.4000000000000004,5,0.29999999999999999,8.4000000000000004,6.0800000000000001,0.79581151832460728,,,,,,,,,1
Mouse_331,19501R116,N47K,0.3 μM Mavacamten,1,17,2.2000000000000002,5.2000000000000002,5,0.29999999999999999,10.380000000000001,8.0600000000000005,1.0549738219895288,,,,,,,,,1
Mouse_331,19501R116,N47K,0.3 μM Mavacamten,1,17,2.2000000000000002,5,5,0.29999999999999999,10.699999999999999,8.379999999999999,1.0968586387434553,,,,,,,,,1
Mouse_331,19501R116,N47K,0.3 μM Mavacamten,1,17,2.2000000000000002,4.7999999999999998,5,0.29999999999999999,9.9600000000000009,7.6400000000000006,1,8.1099999999999994,4.8300000000000001,5.5,0.20000000000000001,5.3499999999999996,5.5199999999999996,0.040000000000000001,1,1
Mouse_464,19514R11,WT-RLC,Control,1,17,2.2000000000000002,8,5,0.29999999999999999,2.02,0,0,,,,,,,,,1
Mouse_464,19514R11,WT-RLC,Control,1,17,2.2000000000000002,6.5,5,0.29999999999999999,2.0699999999999998,0.049999999999999822,0.0040355125100887696,,,,,,,,,1
Mouse_464,19514R11,WT-RLC,Control,1,17,2.2000000000000002,6,5,0.29999999999999999,2.5899999999999999,0.56999999999999984,0.046004842615012087,,,,,,,,,1
Mouse_464,19514R11,WT-RLC,Control,1,17,2.2000000000000002,5.7999999999999998,5,0.29999999999999999,3.0499999999999998,1.0299999999999998,0.083131557707828874,,,,,,,,,1
Mouse_464,19514R11,WT-RLC,Control,1,17,2.2000000000000002,5.5999999999999996,5,0.29999999999999999,7.9299999999999997,5.9100000000000001,0.47699757869249393,,,,,,,,,1
Mouse_464,19514R11,WT-RLC,Control,1,17,2.2000000000000002,5.5,5,0.29999999999999999,11.210000000000001,9.1900000000000013,0.74172719935431808,,,,,,,,,1
Mouse_464,19514R11,WT-RLC,Control,1,17,2.2000000000000002,5.4000000000000004,5,0.29999999999999999,13.119999999999999,11.1,0.89588377723970936,,,,,,,,,1
Mouse_464,19514R11,WT-RLC,Control,1,17,2.2000000000000002,5.2000000000000002,5,0.29999999999999999,14.630000000000001,12.610000000000001,1.0177562550443906,,,,,,,,,1
Mouse_464,19514R11,WT-RLC,Control,1,17,2.2000000000000002,5,5,0.29999999999999999,14.92,12.9,1.0411622276029056,,,,,,,,,1
Mouse_464,19514R11,WT-RLC,Control,1,17,2.2000000000000002,4.7999999999999998,5,0.29999999999999999,14.41,12.390000000000001,1,12.69,4.7000000000000002,5.5899999999999999,0.19,4.9500000000000002,5.5899999999999999,0.02,1,1
Mouse_464,19514R12,WT-RLC,0.3 μM Mavacamten,1,17,2.2000000000000002,8,5,0.29999999999999999,1.9099999999999999,0,0,,,,,,,,,1
Mouse_464,19514R12,WT-RLC,0.3 μM Mavacamten,1,17,2.2000000000000002,6.5,5,0.29999999999999999,2.0600000000000001,0.15000000000000013,0.01408450704225353,,,,,,,,,1
Mouse_464,19514R12,WT-RLC,0.3 μM Mavacamten,1,17,2.2000000000000002,6,5,0.29999999999999999,2.4500000000000002,0.54000000000000026,0.050704225352112699,,,,,,,,,1
Mouse_464,19514R12,WT-RLC,0.3 μM Mavacamten,1,17,2.2000000000000002,5.7999999999999998,5,0.29999999999999999,2.8900000000000001,0.9800000000000002,0.092018779342723026,,,,,,,,,1
Mouse_464,19514R12,WT-RLC,0.3 μM Mavacamten,1,17,2.2000000000000002,5.5999999999999996,5,0.29999999999999999,5.2800000000000002,3.3700000000000001,0.31643192488262911,,,,,,,,,1
Mouse_464,19514R12,WT-RLC,0.3 μM Mavacamten,1,17,2.2000000000000002,5.5,5,0.29999999999999999,7.7400000000000002,5.8300000000000001,0.54741784037558683,,,,,,,,,1
Mouse_464,19514R12,WT-RLC,0.3 μM Mavacamten,1,17,2.2000000000000002,5.4000000000000004,5,0.29999999999999999,10.16,8.25,0.77464788732394363,,,,,,,,,1
Mouse_464,19514R12,WT-RLC,0.3 μM Mavacamten,1,17,2.2000000000000002,5.2000000000000002,5,0.29999999999999999,12.869999999999999,10.959999999999999,1.0291079812206572,,,,,,,,,1
Mouse_464,19514R12,WT-RLC,0.3 μM Mavacamten,1,17,2.2000000000000002,5,5,0.29999999999999999,13.25,11.34,1.0647887323943661,,,,,,,,,1
Mouse_464,19514R12,WT-RLC,0.3 μM Mavacamten,1,17,2.2000000000000002,4.7999999999999998,5,0.29999999999999999,12.56,10.65,1,11.19,4.0300000000000002,5.5099999999999998,0.27000000000000002,4.4199999999999999,5.5199999999999996,0.040000000000000001,1,1
Mouse_464,19514R13,WT-RLC,Control,1,17,2.2000000000000002,8,5,0.29999999999999999,0.23999999999999999,0,0,,,,,,,,,1
Mouse_464,19514R13,WT-RLC,Control,1,17,2.2000000000000002,6.5,5,0.29999999999999999,0.33000000000000002,0.090000000000000024,0.0087124878993223593,,,,,,,,,1
Mouse_464,19514R13,WT-RLC,Control,1,17,2.2000000000000002,6,5,0.29999999999999999,0.55000000000000004,0.31000000000000005,0.03000968054211036,,,,,,,,,1
Mouse_464,19514R13,WT-RLC,Control,1,17,2.2000000000000002,5.7999999999999998,5,0.29999999999999999,0.73999999999999999,0.5,0.048402710551790899,,,,,,,,,1
Mouse_464,19514R13,WT-RLC,Control,1,17,2.2000000000000002,5.5999999999999996,5,0.29999999999999999,5.2300000000000004,4.9900000000000002,0.48305905130687321,,,,,,,,,1
Mouse_464,19514R13,WT-RLC,Control,1,17,2.2000000000000002,5.5,5,0.29999999999999999,8.1799999999999997,7.9399999999999995,0.76863504356243939,,,,,,,,,1
Mouse_464,19514R13,WT-RLC,Control,1,17,2.2000000000000002,5.4000000000000004,5,0.29999999999999999,9.8100000000000005,9.5700000000000003,0.92642787996127784,,,,,,,,,1
Mouse_464,19514R13,WT-RLC,Control,1,17,2.2000000000000002,5.2000000000000002,5,0.29999999999999999,11.19,10.949999999999999,1.0600193610842206,,,,,,,,,1
Mouse_464,19514R13,WT-RLC,Control,1,17,2.2000000000000002,5,5,0.29999999999999999,11.32,11.08,1.0726040658276863,,,,,,,,,1
Mouse_464,19514R13,WT-RLC,Control,1,17,2.2000000000000002,4.7999999999999998,5,0.29999999999999999,10.57,10.33,1,10.779999999999999,5.3099999999999996,5.5800000000000001,0.23000000000000001,5.8499999999999996,5.5899999999999999,0.029999999999999999,1,1
Mouse_464,19514R14,WT-RLC,0.3 μM Mavacamten,1,17,2.2000000000000002,8,5,0.29999999999999999,0.96999999999999997,0,0,,,,,,,,,1
Mouse_464,19514R14,WT-RLC,0.3 μM Mavacamten,1,17,2.2000000000000002,6.5,5,0.29999999999999999,1.0800000000000001,0.1100000000000001,0.014248704663212449,,,,,,,,,1
Mouse_464,19514R14,WT-RLC,0.3 μM Mavacamten,1,17,2.2000000000000002,6,5,0.29999999999999999,1.22,0.25,0.032383419689119182,,,,,,,,,1
Mouse_464,19514R14,WT-RLC,0.3 μM Mavacamten,1,17,2.2000000000000002,5.7999999999999998,5,0.29999999999999999,1.4199999999999999,0.44999999999999996,0.058290155440414507,,,,,,,,,1
Mouse_464,19514R14,WT-RLC,0.3 μM Mavacamten,1,17,2.2000000000000002,5.5999999999999996,5,0.29999999999999999,2.5499999999999998,1.5799999999999998,0.20466321243523314,,,,,,,,,1
Mouse_464,19514R14,WT-RLC,0.3 μM Mavacamten,1,17,2.2000000000000002,5.5,5,0.29999999999999999,4.6699999999999999,3.7000000000000002,0.47927461139896377,,,,,,,,,1
Mouse_464,19514R14,WT-RLC,0.3 μM Mavacamten,1,17,2.2000000000000002,5.4000000000000004,5,0.29999999999999999,6.7599999999999998,5.79,0.75,,,,,,,,,1
Mouse_464,19514R14,WT-RLC,0.3 μM Mavacamten,1,17,2.2000000000000002,5.2000000000000002,5,0.29999999999999999,9.0199999999999996,8.0499999999999989,1.0427461139896372,,,,,,,,,1
Mouse_464,19514R14,WT-RLC,0.3 μM Mavacamten,1,17,2.2000000000000002,5,5,0.29999999999999999,9.2799999999999994,8.3099999999999987,1.0764248704663211,,,,,,,,,1
Mouse_464,19514R14,WT-RLC,0.3 μM Mavacamten,1,17,2.2000000000000002,4.7999999999999998,5,0.29999999999999999,8.6899999999999995,7.7199999999999998,1,8.1199999999999992,5.0599999999999996,5.4800000000000004,0.20000000000000001,5.5199999999999996,5.4900000000000002,0.040000000000000001,1,1
Mouse_464,19514R15,WT-RLC,Control,1,17,2.2000000000000002,8,5,0.29999999999999999,1.96,0,0,,,,,,,,,1
Mouse_464,19514R15,WT-RLC,Control,1,17,2.2000000000000002,6.5,5,0.29999999999999999,1.95,-0.010000000000000011,-0.00094517958412097998,,,,,,,,,1
Mouse_464,19514R15,WT-RLC,Control,1,17,2.2000000000000002,6,5,0.29999999999999999,2.1499999999999999,0.18999999999999995,0.017958412098298682,,,,,,,,,1
Mouse_464,19514R15,WT-RLC,Control,1,17,2.2000000000000002,5.7999999999999998,5,0.29999999999999999,2.3799999999999999,0.41999999999999993,0.039697542533081283,,,,,,,,,1
Mouse_464,19514R15,WT-RLC,Control,1,17,2.2000000000000002,5.5999999999999996,5,0.29999999999999999,5.0599999999999996,3.0999999999999996,0.29300567107750475,,,,,,,,,1
Mouse_464,19514R15,WT-RLC,Control,1,17,2.2000000000000002,5.5,5,0.29999999999999999,8.2799999999999994,6.3199999999999994,0.59735349716446129,,,,,,,,,1
Mouse_464,19514R15,WT-RLC,Control,1,17,2.2000000000000002,5.4000000000000004,5,0.29999999999999999,10.609999999999999,8.6499999999999986,0.81758034026465032,,,,,,,,,1
Mouse_464,19514R15,WT-RLC,Control,1,17,2.2000000000000002,5.2000000000000002,5,0.29999999999999999,12.550000000000001,10.59,1.0009451795841211,,,,,,,,,1
Mouse_464,19514R15,WT-RLC,Control,1,17,2.2000000000000002,5,5,0.29999999999999999,12.710000000000001,10.75,1.016068052930057,,,,,,,,,1
Mouse_464,19514R15,WT-RLC,Control,1,17,2.2000000000000002,4.7999999999999998,5,0.29999999999999999,12.539999999999999,10.579999999999998,1,10.699999999999999,5.1500000000000004,5.5300000000000002,0.089999999999999997,5.2800000000000002,5.5300000000000002,0.01,1,1
Mouse_464,19514R16,WT-RLC,0.3 μM Mavacamten,1,17,2.2000000000000002,8,5,0.29999999999999999,0.82999999999999996,0,0,,,,,,,,,1
Mouse_464,19514R16,WT-RLC,0.3 μM Mavacamten,1,17,2.2000000000000002,6.5,5,0.29999999999999999,0.90000000000000002,0.070000000000000062,0.0090791180285343803,,,,,,,,,1
Mouse_464,19514R16,WT-RLC,0.3 μM Mavacamten,1,17,2.2000000000000002,6,5,0.29999999999999999,1.02,0.19000000000000006,0.024643320363164731,,,,,,,,,1
Mouse_464,19514R16,WT-RLC,0.3 μM Mavacamten,1,17,2.2000000000000002,5.7999999999999998,5,0.29999999999999999,1.1399999999999999,0.30999999999999994,0.040207522697795067,,,,,,,,,1
Mouse_464,19514R16,WT-RLC,0.3 μM Mavacamten,1,17,2.2000000000000002,5.5999999999999996,5,0.29999999999999999,1.8700000000000001,1.04,0.13488975356679639,,,,,,,,,1
Mouse_464,19514R16,WT-RLC,0.3 μM Mavacamten,1,17,2.2000000000000002,5.5,5,0.29999999999999999,3.75,2.9199999999999999,0.37872892347600523,,,,,,,,,1
Mouse_464,19514R16,WT-RLC,0.3 μM Mavacamten,1,17,2.2000000000000002,5.4000000000000004,5,0.29999999999999999,6.3700000000000001,5.54,0.71854734111543461,,,,,,,,,1
Mouse_464,19514R16,WT-RLC,0.3 μM Mavacamten,1,17,2.2000000000000002,5.2000000000000002,5,0.29999999999999999,8.7200000000000006,7.8900000000000006,1.0233463035019457,,,,,,,,,1
Mouse_464,19514R16,WT-RLC,0.3 μM Mavacamten,1,17,2.2000000000000002,5,5,0.29999999999999999,9.0099999999999998,8.1799999999999997,1.0609597924773022,,,,,,,,,1
Mouse_464,19514R16,WT-RLC,0.3 μM Mavacamten,1,17,2.2000000000000002,4.7999999999999998,5,0.29999999999999999,8.5399999999999991,7.7099999999999991,1,8,5.9199999999999999,5.46,0.14999999999999999,6.29,5.4699999999999998,0.029999999999999999,1,1
Mouse_333,19516R11,N47K,Control,1,17,2.2000000000000002,8,5,0.29999999999999999,2.0699999999999998,0,0,,,,,,,,,1
Mouse_333,19516R11,N47K,Control,1,17,2.2000000000000002,6.5,5,0.29999999999999999,2.25,0.18000000000000016,0.021556886227544932,,,,,,,,,1
Mouse_333,19516R11,N47K,Control,1,17,2.2000000000000002,6,5,0.29999999999999999,4.3300000000000001,2.2600000000000002,0.27065868263473059,,,,,,,,,1
Mouse_333,19516R11,N47K,Control,1,17,2.2000000000000002,5.7999999999999998,5,0.29999999999999999,6.1500000000000004,4.0800000000000001,0.488622754491018,,,,,,,,,1
Mouse_333,19516R11,N47K,Control,1,17,2.2000000000000002,5.5999999999999996,5,0.29999999999999999,8.9499999999999993,6.879999999999999,0.82395209580838313,,,,,,,,,1
Mouse_333,19516R11,N47K,Control,1,17,2.2000000000000002,5.5,5,0.29999999999999999,9.9100000000000001,7.8399999999999999,0.93892215568862281,,,,,,,,,1
Mouse_333,19516R11,N47K,Control,1,17,2.2000000000000002,5.4000000000000004,5,0.29999999999999999,10.42,8.3499999999999996,1,,,,,,,,,1
Mouse_333,19516R11,N47K,Control,1,17,2.2000000000000002,5.2000000000000002,5,0.29999999999999999,10.93,8.8599999999999994,1.0610778443113773,,,,,,,,,1
Mouse_333,19516R11,N47K,Control,1,17,2.2000000000000002,5,5,0.29999999999999999,10.99,8.9199999999999999,1.0682634730538922,,,,,,,,,1
Mouse_333,19516R11,N47K,Control,1,17,2.2000000000000002,4.7999999999999998,5,0.29999999999999999,10.42,8.3499999999999996,1,8.8499999999999996,2.7400000000000002,5.7999999999999998,0.23999999999999999,3.1299999999999999,5.8200000000000003,0.040000000000000001,1,1
Mouse_333,19516R13,N47K,Control,1,17,2.2000000000000002,8,5,0.29999999999999999,2.3799999999999999,0,0,,,,,,,,,1
Mouse_333,19516R13,N47K,Control,1,17,2.2000000000000002,6.5,5,0.29999999999999999,2.3500000000000001,-0.029999999999999812,-0.0033860045146726601,,,,,,,,,1
Mouse_333,19516R13,N47K,Control,1,17,2.2000000000000002,6,5,0.29999999999999999,3.9500000000000002,1.5700000000000003,0.1772009029345373,,,,,,,,,1
Mouse_333,19516R13,N47K,Control,1,17,2.2000000000000002,5.7999999999999998,5,0.29999999999999999,5.9699999999999998,3.5899999999999999,0.40519187358916481,,,,,,,,,1
Mouse_333,19516R13,N47K,Control,1,17,2.2000000000000002,5.5999999999999996,5,0.29999999999999999,9.7300000000000004,7.3500000000000005,0.82957110609480822,,,,,,,,,1
Mouse_333,19516R13,N47K,Control,1,17,2.2000000000000002,5.5,5,0.29999999999999999,10.75,8.370000000000001,0.94469525959367961,,,,,,,,,1
Mouse_333,19516R13,N47K,Control,1,17,2.2000000000000002,5.4000000000000004,5,0.29999999999999999,11.119999999999999,8.7399999999999984,0.98645598194130912,,,,,,,,,1
Mouse_333,19516R13,N47K,Control,1,17,2.2000000000000002,5.2000000000000002,5,0.29999999999999999,11.699999999999999,9.3200000000000003,1.051918735891648,,,,,,,,,1
Mouse_333,19516R13,N47K,Control,1,17,2.2000000000000002,5,5,0.29999999999999999,11.84,9.4600000000000009,1.0677200902934538,,,,,,,,,1
Mouse_333,19516R13,N47K,Control,1,17,2.2000000000000002,4.7999999999999998,5,0.29999999999999999,11.24,8.8599999999999994,1,9.2899999999999991,3.4500000000000002,5.7599999999999998,0.23000000000000001,3.8599999999999999,5.7699999999999996,0.040000000000000001,1,1
Mouse_333,19516R15,N47K,Control,1,17,2.2000000000000002,8,5,0.29999999999999999,2.4500000000000002,0,0,,,,,,,,,1
Mouse_333,19516R15,N47K,Control,1,17,2.2000000000000002,6.5,5,0.29999999999999999,2.6000000000000001,0.14999999999999991,0.01734104046242774,,,,,,,,,1
Mouse_333,19516R15,N47K,Control,1,17,2.2000000000000002,6,5,0.29999999999999999,3.8300000000000001,1.3799999999999999,0.15953757225433526,,,,,,,,,1
Mouse_333,19516R15,N47K,Control,1,17,2.2000000000000002,5.7999999999999998,5,0.29999999999999999,5.2300000000000004,2.7800000000000002,0.32138728323699428,,,,,,,,,1
Mouse_333,19516R15,N47K,Control,1,17,2.2000000000000002,5.5999999999999996,5,0.29999999999999999,8.7699999999999996,6.3199999999999994,0.7306358381502891,,,,,,,,,1
Mouse_333,19516R15,N47K,Control,1,17,2.2000000000000002,5.5,5,0.29999999999999999,10.130000000000001,7.6800000000000006,0.8878612716763008,,,,,,,,,1
Mouse_333,19516R15,N47K,Control,1,17,2.2000000000000002,5.4000000000000004,5,0.29999999999999999,10.529999999999999,8.0799999999999983,0.93410404624277454,,,,,,,,,1
Mouse_333,19516R15,N47K,Control,1,17,2.2000000000000002,5.2000000000000002,5,0.29999999999999999,11.390000000000001,8.9400000000000013,1.0335260115606939,,,,,,,,,1
Mouse_333,19516R15,N47K,Control,1,17,2.2000000000000002,5,5,0.29999999999999999,11.49,9.0399999999999991,1.0450867052023123,,,,,,,,,1
Mouse_333,19516R15,N47K,Control,1,17,2.2000000000000002,4.7999999999999998,5,0.29999999999999999,11.1,8.6499999999999986,1,8.9700000000000006,3.25,5.71,0.22,3.5299999999999998,5.7300000000000004,0.029999999999999999,1,1
Mouse_333,19516R16,N47K,0.3 μM Mavacamten,1,17,2.2000000000000002,8,5,0.29999999999999999,2.1400000000000001,0,0,,,,,,,,,1
Mouse_333,19516R16,N47K,0.3 μM Mavacamten,1,17,2.2000000000000002,6.5,5,0.29999999999999999,2.2200000000000002,0.080000000000000071,0.015151515151515169,,,,,,,,,1
Mouse_333,19516R16,N47K,0.3 μM Mavacamten,1,17,2.2000000000000002,6,5,0.29999999999999999,2.3999999999999999,0.25999999999999979,0.049242424242424213,,,,,,,,,1
Mouse_333,19516R16,N47K,0.3 μM Mavacamten,1,17,2.2000000000000002,5.7999999999999998,5,0.29999999999999999,2.6299999999999999,0.48999999999999977,0.092803030303030276,,,,,,,,,1
Mouse_333,19516R16,N47K,0.3 μM Mavacamten,1,17,2.2000000000000002,5.5999999999999996,5,0.29999999999999999,4.0899999999999999,1.9499999999999997,0.36931818181818182,,,,,,,,,1
Mouse_333,19516R16,N47K,0.3 μM Mavacamten,1,17,2.2000000000000002,5.5,5,0.29999999999999999,5.2699999999999996,3.1299999999999994,0.59280303030303028,,,,,,,,,1
Mouse_333,19516R16,N47K,0.3 μM Mavacamten,1,17,2.2000000000000002,5.4000000000000004,5,0.29999999999999999,6.0800000000000001,3.9399999999999999,0.74621212121212133,,,,,,,,,1
Mouse_333,19516R16,N47K,0.3 μM Mavacamten,1,17,2.2000000000000002,5.2000000000000002,5,0.29999999999999999,7.2000000000000002,5.0600000000000005,0.95833333333333359,,,,,,,,,1
Mouse_333,19516R16,N47K,0.3 μM Mavacamten,1,17,2.2000000000000002,5,5,0.29999999999999999,7.2800000000000002,5.1400000000000006,0.97348484848484873,,,,,,,,,1
Mouse_333,19516R16,N47K,0.3 μM Mavacamten,1,17,2.2000000000000002,4.7999999999999998,5,0.29999999999999999,7.4199999999999999,5.2799999999999994,1,5.2699999999999996,3.6200000000000001,5.54,0.070000000000000007,3.6099999999999999,5.54,0.01,1,1
Mouse_333,19516R17,N47K,0.3 μM Mavacamten,1,17,2.2000000000000002,8,5,0.29999999999999999,2.6800000000000002,0,0,,,,,,,,,1
Mouse_333,19516R17,N47K,0.3 μM Mavacamten,1,17,2.2000000000000002,6.5,5,0.29999999999999999,2.7999999999999998,0.11999999999999966,0.021052631578947309,,,,,,,,,1
Mouse_333,19516R17,N47K,0.3 μM Mavacamten,1,17,2.2000000000000002,6,5,0.29999999999999999,3.3999999999999999,0.71999999999999975,0.12631578947368413,,,,,,,,,1
Mouse_333,19516R17,N47K,0.3 μM Mavacamten,1,17,2.2000000000000002,5.7999999999999998,5,0.29999999999999999,3.9399999999999999,1.2599999999999998,0.22105263157894728,,,,,,,,,1
Mouse_333,19516R17,N47K,0.3 μM Mavacamten,1,17,2.2000000000000002,5.5999999999999996,5,0.29999999999999999,5.7999999999999998,3.1199999999999997,0.54736842105263139,,,,,,,,,1
Mouse_333,19516R17,N47K,0.3 μM Mavacamten,1,17,2.2000000000000002,5.5,5,0.29999999999999999,6.9699999999999998,4.2899999999999991,0.7526315789473681,,,,,,,,,1
Mouse_333,19516R17,N47K,0.3 μM Mavacamten,1,17,2.2000000000000002,5.4000000000000004,5,0.29999999999999999,7.7800000000000002,5.0999999999999996,0.89473684210526294,,,,,,,,,1
Mouse_333,19516R17,N47K,0.3 μM Mavacamten,1,17,2.2000000000000002,5.2000000000000002,5,0.29999999999999999,8.6600000000000001,5.9800000000000004,1.0491228070175438,,,,,,,,,1
Mouse_333,19516R17,N47K,0.3 μM Mavacamten,1,17,2.2000000000000002,5,5,0.29999999999999999,8.8200000000000003,6.1400000000000006,1.0771929824561401,,,,,,,,,1
Mouse_333,19516R17,N47K,0.3 μM Mavacamten,1,17,2.2000000000000002,4.7999999999999998,5,0.29999999999999999,8.3800000000000008,5.7000000000000011,1,6.0599999999999996,3.1099999999999999,5.6200000000000001,0.17999999999999999,3.48,5.6399999999999997,0.050000000000000003,1,1
Mouse_333,19516R18,N47K,0.3 μM Mavacamten,1,17,2.2000000000000002,8,5,0.29999999999999999,1.1599999999999999,0,0,,,,,,,,,1
Mouse_333,19516R18,N47K,0.3 μM Mavacamten,1,17,2.2000000000000002,6.5,5,0.29999999999999999,1.2,0.040000000000000042,0.0056100981767181002,,,,,,,,,1
Mouse_333,19516R18,N47K,0.3 μM Mavacamten,1,17,2.2000000000000002,6,5,0.29999999999999999,1.98,0.82000000000000006,0.11500701262272092,,,,,,,,,1
Mouse_333,19516R18,N47K,0.3 μM Mavacamten,1,17,2.2000000000000002,5.7999999999999998,5,0.29999999999999999,2.7799999999999998,1.6199999999999999,0.22720897615708277,,,,,,,,,1
Mouse_333,19516R18,N47K,0.3 μM Mavacamten,1,17,2.2000000000000002,5.5999999999999996,5,0.29999999999999999,5.8399999999999999,4.6799999999999997,0.65638148667601692,,,,,,,,,1
Mouse_333,19516R18,N47K,0.3 μM Mavacamten,1,17,2.2000000000000002,5.5,5,0.29999999999999999,7.2300000000000004,6.0700000000000003,0.85133239831697072,,,,,,,,,1
Mouse_333,19516R18,N47K,0.3 μM Mavacamten,1,17,2.2000000000000002,5.4000000000000004,5,0.29999999999999999,7.8700000000000001,6.71,0.9410939691444602,,,,,,,,,1
Mouse_333,19516R18,N47K,0.3 μM Mavacamten,1,17,2.2000000000000002,5.2000000000000002,5,0.29999999999999999,8.8200000000000003,7.6600000000000001,1.0743338008415149,,,,,,,,,1
Mouse_333,19516R18,N47K,0.3 μM Mavacamten,1,17,2.2000000000000002,5,5,0.29999999999999999,8.8800000000000008,7.7200000000000006,1.0827489481065922,,,,,,,,,1
Mouse_333,19516R18,N47K,0.3 μM Mavacamten,1,17,2.2000000000000002,4.7999999999999998,5,0.29999999999999999,8.2899999999999991,7.129999999999999,1,7.5599999999999996,3.6299999999999999,5.6600000000000001,0.22,4.0800000000000001,5.6799999999999997,0.040000000000000001,1,1
Mouse_333,19516R19,N47K,0.3 μM Mavacamten,1,17,2.2000000000000002,8,5,0.29999999999999999,1.21,0,0,,,,,,,,,1
Mouse_333,19516R19,N47K,0.3 μM Mavacamten,1,17,2.2000000000000002,6.5,5,0.29999999999999999,1.29,0.080000000000000071,0.011577424023154859,,,,,,,,,1
Mouse_333,19516R19,N47K,0.3 μM Mavacamten,1,17,2.2000000000000002,6,5,0.29999999999999999,1.8100000000000001,0.60000000000000009,0.086830680173661384,,,,,,,,,1
Mouse_333,19516R19,N47K,0.3 μM Mavacamten,1,17,2.2000000000000002,5.7999999999999998,5,0.29999999999999999,2.4100000000000001,1.2000000000000002,0.17366136034732277,,,,,,,,,1
Mouse_333,19516R19,N47K,0.3 μM Mavacamten,1,17,2.2000000000000002,5.5999999999999996,5,0.29999999999999999,5.1600000000000001,3.9500000000000002,0.57163531114327071,,,,,,,,,1
Mouse_333,19516R19,N47K,0.3 μM Mavacamten,1,17,2.2000000000000002,5.5,5,0.29999999999999999,6.6900000000000004,5.4800000000000004,0.79305354558610719,,,,,,,,,1
Mouse_333,19516R19,N47K,0.3 μM Mavacamten,1,17,2.2000000000000002,5.4000000000000004,5,0.29999999999999999,7.8499999999999996,6.6399999999999997,0.96092619392185241,,,,,,,,,1
Mouse_333,19516R19,N47K,0.3 μM Mavacamten,1,17,2.2000000000000002,5.2000000000000002,5,0.29999999999999999,8.9299999999999997,7.7199999999999998,1.1172214182344429,,,,,,,,,1
Mouse_333,19516R19,N47K,0.3 μM Mavacamten,1,17,2.2000000000000002,5,5,0.29999999999999999,8.6899999999999995,7.4799999999999995,1.0824891461649784,,,,,,,,,1
Mouse_333,19516R19,N47K,0.3 μM Mavacamten,1,17,2.2000000000000002,4.7999999999999998,5,0.29999999999999999,8.1199999999999992,6.9099999999999993,1,7.4299999999999997,3.96,5.6200000000000001,0.25,4.4800000000000004,5.6399999999999997,0.059999999999999998,1,1
Mouse_467,19523R12,WT-RLC,Control,1,17,2.2000000000000002,8,5,0.29999999999999999,2.0800000000000001,0,0,,,,,,,,,1
Mouse_467,19523R12,WT-RLC,Control,1,17,2.2000000000000002,6.5,5,0.29999999999999999,2.1200000000000001,0.040000000000000042,0.00351185250219491,,,,,,,,,1
Mouse_467,19523R12,WT-RLC,Control,1,17,2.2000000000000002,6,5,0.29999999999999999,2.1400000000000001,0.060000000000000053,0.0052677787532923702,,,,,,,,,1
Mouse_467,19523R12,WT-RLC,Control,1,17,2.2000000000000002,5.7999999999999998,5,0.29999999999999999,2.2799999999999998,0.19999999999999973,0.017559262510974519,,,,,,,,,1
Mouse_467,19523R12,WT-RLC,Control,1,17,2.2000000000000002,5.5999999999999996,5,0.29999999999999999,3.79,1.71,0.15013169446883229,,,,,,,,,1
Mouse_467,19523R12,WT-RLC,Control,1,17,2.2000000000000002,5.5,5,0.29999999999999999,6.71,4.6299999999999999,0.40649692712906055,,,,,,,,,1
Mouse_467,19523R12,WT-RLC,Control,1,17,2.2000000000000002,5.4000000000000004,5,0.29999999999999999,10.01,7.9299999999999997,0.69622475856014043,,,,,,,,,1
Mouse_467,19523R12,WT-RLC,Control,1,17,2.2000000000000002,5.2000000000000002,5,0.29999999999999999,13.23,11.15,0.97892888498683051,,,,,,,,,1
Mouse_467,19523R12,WT-RLC,Control,1,17,2.2000000000000002,5,5,0.29999999999999999,13.890000000000001,11.81,1.0368744512730466,,,,,,,,,1
Mouse_467,19523R12,WT-RLC,Control,1,17,2.2000000000000002,4.7999999999999998,5,0.29999999999999999,13.470000000000001,11.390000000000001,1,11.6,5.3899999999999997,5.46,0.12,5.5800000000000001,5.4699999999999998,0.01,1,1
Mouse_467,19523R13,WT-RLC,0.3 μM Mavacamten,1,17,2.2000000000000002,8,5,0.29999999999999999,1.26,0,0,,,,,,,,,1
Mouse_467,19523R13,WT-RLC,0.3 μM Mavacamten,1,17,2.2000000000000002,6.5,5,0.29999999999999999,1.29,0.03000000000000003,0.0035671819262782399,,,,,,,,,1
Mouse_467,19523R13,WT-RLC,0.3 μM Mavacamten,1,17,2.2000000000000002,6,5,0.29999999999999999,1.3600000000000001,0.10000000000000009,0.01189060642092748,,,,,,,,,1
Mouse_467,19523R13,WT-RLC,0.3 μM Mavacamten,1,17,2.2000000000000002,5.7999999999999998,5,0.29999999999999999,1.46,0.19999999999999996,0.023781212841854929,,,,,,,,,1
Mouse_467,19523R13,WT-RLC,0.3 μM Mavacamten,1,17,2.2000000000000002,5.5999999999999996,5,0.29999999999999999,2.1400000000000001,0.88000000000000012,0.10463733650416172,,,,,,,,,1
Mouse_467,19523R13,WT-RLC,0.3 μM Mavacamten,1,17,2.2000000000000002,5.5,5,0.29999999999999999,3.5600000000000001,2.2999999999999998,0.27348394768133172,,,,,,,,,1
Mouse_467,19523R13,WT-RLC,0.3 μM Mavacamten,1,17,2.2000000000000002,5.4000000000000004,5,0.29999999999999999,6.3099999999999996,5.0499999999999998,0.60047562425683709,,,,,,,,,1
Mouse_467,19523R13,WT-RLC,0.3 μM Mavacamten,1,17,2.2000000000000002,5.2000000000000002,5,0.29999999999999999,10.07,8.8100000000000005,1.0475624256837099,,,,,,,,,1
Mouse_467,19523R13,WT-RLC,0.3 μM Mavacamten,1,17,2.2000000000000002,5,5,0.29999999999999999,10.44,9.1799999999999997,1.0915576694411415,,,,,,,,,1
Mouse_467,19523R13,WT-RLC,0.3 μM Mavacamten,1,17,2.2000000000000002,4.7999999999999998,5,0.29999999999999999,9.6699999999999999,8.4100000000000001,1,8.9199999999999999,5.96,5.4199999999999999,0.22,6.4900000000000002,5.4299999999999997,0.040000000000000001,1,1
Mouse_467,19523R14,WT-RLC,Control,1,17,2.2000000000000002,8,5,0.29999999999999999,1.95,0,0,,,,,,,,,1
Mouse_467,19523R14,WT-RLC,Control,1,17,2.2000000000000002,6.5,5,0.29999999999999999,2.0800000000000001,0.13000000000000012,0.0083870967741935601,,,,,,,,,1
Mouse_467,19523R14,WT-RLC,Control,1,17,2.2000000000000002,6,5,0.29999999999999999,2.6699999999999999,0.71999999999999997,0.046451612903225803,,,,,,,,,1
Mouse_467,19523R14,WT-RLC,Control,1,17,2.2000000000000002,5.7999999999999998,5,0.29999999999999999,3.6899999999999999,1.74,0.11225806451612903,,,,,,,,,1
Mouse_467,19523R14,WT-RLC,Control,1,17,2.2000000000000002,5.5999999999999996,5,0.29999999999999999,9.7200000000000006,7.7700000000000005,0.50129032258064521,,,,,,,,,1
Mouse_467,19523R14,WT-RLC,Control,1,17,2.2000000000000002,5.5,5,0.29999999999999999,13.640000000000001,11.690000000000001,0.75419354838709685,,,,,,,,,1
Mouse_467,19523R14,WT-RLC,Control,1,17,2.2000000000000002,5.4000000000000004,5,0.29999999999999999,15.9,13.950000000000001,0.90000000000000002,,,,,,,,,1
Mouse_467,19523R14,WT-RLC,Control,1,17,2.2000000000000002,5.2000000000000002,5,0.29999999999999999,17.949999999999999,16,1.032258064516129,,,,,,,,,1
Mouse_467,19523R14,WT-RLC,Control,1,17,2.2000000000000002,5,5,0.29999999999999999,18.210000000000001,16.260000000000002,1.0490322580645162,,,,,,,,,1
Mouse_467,19523R14,WT-RLC,Control,1,17,2.2000000000000002,4.7999999999999998,5,0.29999999999999999,17.449999999999999,15.5,1,16.010000000000002,4.3899999999999997,5.5999999999999996,0.26000000000000001,4.7000000000000002,5.5999999999999996,0.02,1,1
Mouse_467,19523R15,WT-RLC,0.3 μM Mavacamten,1,17,2.2000000000000002,8,5,0.29999999999999999,1.29,0,0,,,,,,,,,1
Mouse_467,19523R15,WT-RLC,0.3 μM Mavacamten,1,17,2.2000000000000002,6.5,5,0.29999999999999999,1.3,0.010000000000000011,0.00075187969924812002,,,,,,,,,1
Mouse_467,19523R15,WT-RLC,0.3 μM Mavacamten,1,17,2.2000000000000002,6,5,0.29999999999999999,1.3400000000000001,0.050000000000000037,0.0037593984962406,,,,,,,,,1
Mouse_467,19523R15,WT-RLC,0.3 μM Mavacamten,1,17,2.2000000000000002,5.7999999999999998,5,0.29999999999999999,1.49,0.19999999999999996,0.0150375939849624,,,,,,,,,1
Mouse_467,19523R15,WT-RLC,0.3 μM Mavacamten,1,17,2.2000000000000002,5.5999999999999996,5,0.29999999999999999,2.7999999999999998,1.5099999999999998,0.11353383458646614,,,,,,,,,1
Mouse_467,19523R15,WT-RLC,0.3 μM Mavacamten,1,17,2.2000000000000002,5.5,5,0.29999999999999999,5.8600000000000003,4.5700000000000003,0.34360902255639098,,,,,,,,,1
Mouse_467,19523R15,WT-RLC,0.3 μM Mavacamten,1,17,2.2000000000000002,5.4000000000000004,5,0.29999999999999999,9.8300000000000001,8.5399999999999991,0.64210526315789462,,,,,,,,,1
Mouse_467,19523R15,WT-RLC,0.3 μM Mavacamten,1,17,2.2000000000000002,5.2000000000000002,5,0.29999999999999999,14.52,13.23,0.99473684210526314,,,,,,,,,1
Mouse_467,19523R15,WT-RLC,0.3 μM Mavacamten,1,17,2.2000000000000002,5,5,0.29999999999999999,14.609999999999999,13.32,1.0015037593984961,,,,,,,,,1
Mouse_467,19523R15,WT-RLC,0.3 μM Mavacamten,1,17,2.2000000000000002,4.7999999999999998,5,0.29999999999999999,14.59,13.300000000000001,1,13.44,5.71,5.4500000000000002,0.13,5.8099999999999996,5.4500000000000002,0.01,1,1
Mouse_467,19523R16,WT-RLC,Control,1,17,2.2000000000000002,8,5,0.29999999999999999,1.6399999999999999,0,0,,,,,,,,,1
Mouse_467,19523R16,WT-RLC,Control,1,17,2.2000000000000002,6.5,5,0.29999999999999999,1.6499999999999999,0.010000000000000011,0.00067249495628783,,,,,,,,,1
Mouse_467,19523R16,WT-RLC,Control,1,17,2.2000000000000002,6,5,0.29999999999999999,1.9199999999999999,0.28000000000000003,0.01882985877605918,,,,,,,,,1
Mouse_467,19523R16,WT-RLC,Control,1,17,2.2000000000000002,5.7999999999999998,5,0.29999999999999999,2.3999999999999999,0.76000000000000001,0.051109616677874913,,,,,,,,,1
Mouse_467,19523R16,WT-RLC,Control,1,17,2.2000000000000002,5.5999999999999996,5,0.29999999999999999,5.7199999999999998,4.0800000000000001,0.27437794216543376,,,,,,,,,1
Mouse_467,19523R16,WT-RLC,Control,1,17,2.2000000000000002,5.5,5,0.29999999999999999,9.3200000000000003,7.6800000000000006,0.51647612642905183,,,,,,,,,1
Mouse_467,19523R16,WT-RLC,Control,1,17,2.2000000000000002,5.4000000000000004,5,0.29999999999999999,12.119999999999999,10.479999999999999,0.70477471418964344,,,,,,,,,1
Mouse_467,19523R16,WT-RLC,Control,1,17,2.2000000000000002,5.2000000000000002,5,0.29999999999999999,15.619999999999999,13.979999999999999,0.94014794889038322,,,,,,,,,1
Mouse_467,19523R16,WT-RLC,Control,1,17,2.2000000000000002,5,5,0.29999999999999999,16.609999999999999,14.969999999999999,1.0067249495628781,,,,,,,,,1
Mouse_467,19523R16,WT-RLC,Control,1,17,2.2000000000000002,4.7999999999999998,5,0.29999999999999999,16.510000000000002,14.870000000000001,1,14.960000000000001,4,5.5,0.14000000000000001,4.0499999999999998,5.5,0.01,1,1
Mouse_467,19523R17,WT-RLC,0.3 μM Mavacamten,1,17,2.2000000000000002,8,5,0.29999999999999999,0.75,0,0,,,,,,,,,1
Mouse_467,19523R17,WT-RLC,0.3 μM Mavacamten,1,17,2.2000000000000002,6.5,5,0.29999999999999999,0.81999999999999995,0.069999999999999951,0.0071501532175689397,,,,,,,,,1
Mouse_467,19523R17,WT-RLC,0.3 μM Mavacamten,1,17,2.2000000000000002,6,5,0.29999999999999999,0.87,0.12,0.01225740551583248,,,,,,,,,1
Mouse_467,19523R17,WT-RLC,0.3 μM Mavacamten,1,17,2.2000000000000002,5.7999999999999998,5,0.29999999999999999,0.93999999999999995,0.18999999999999995,0.019407558733401432,,,,,,,,,1
Mouse_467,19523R17,WT-RLC,0.3 μM Mavacamten,1,17,2.2000000000000002,5.5999999999999996,5,0.29999999999999999,1.5600000000000001,0.81000000000000005,0.082737487231869272,,,,,,,,,1
Mouse_467,19523R17,WT-RLC,0.3 μM Mavacamten,1,17,2.2000000000000002,5.5,5,0.29999999999999999,3.0099999999999998,2.2599999999999998,0.23084780388151174,,,,,,,,,1
Mouse_467,19523R17,WT-RLC,0.3 μM Mavacamten,1,17,2.2000000000000002,5.4000000000000004,5,0.29999999999999999,6.2999999999999998,5.5499999999999998,0.56690500510725228,,,,,,,,,1
Mouse_467,19523R17,WT-RLC,0.3 μM Mavacamten,1,17,2.2000000000000002,5.2000000000000002,5,0.29999999999999999,10.25,9.5,0.97037793667007155,,,,,,,,,1
Mouse_467,19523R17,WT-RLC,0.3 μM Mavacamten,1,17,2.2000000000000002,5,5,0.29999999999999999,10.98,10.23,1.0449438202247192,,,,,,,,,1
Mouse_467,19523R17,WT-RLC,0.3 μM Mavacamten,1,17,2.2000000000000002,4.7999999999999998,5,0.29999999999999999,10.539999999999999,9.7899999999999991,1,10.01,6.0199999999999996,5.4100000000000001,0.13,6.3099999999999996,5.4199999999999999,0.02,1,1
Mouse_470,19531R11,WT-RLC,Control,1,17,2.2000000000000002,8,5,0.29999999999999999,2.1299999999999999,0,0,,,,,,,,,1
Mouse_470,19531R11,WT-RLC,Control,1,17,2.2000000000000002,6.5,5,0.29999999999999999,2.27,0.14000000000000012,0.01078582434514639,,,,,,,,,1
Mouse_470,19531R11,WT-RLC,Control,1,17,2.2000000000000002,6,5,0.29999999999999999,2.2999999999999998,0.16999999999999993,0.01309707241910631,,,,,,,,,1
Mouse_470,19531R11,WT-RLC,Control,1,17,2.2000000000000002,5.7999999999999998,5,0.29999999999999999,2.3799999999999999,0.25,0.019260400616332819,,,,,,,,,1
Mouse_470,19531R11,WT-RLC,Control,1,17,2.2000000000000002,5.5999999999999996,5,0.29999999999999999,4.8200000000000003,2.6900000000000004,0.20724191063174116,,,,,,,,,1
Mouse_470,19531R11,WT-RLC,Control,1,17,2.2000000000000002,5.5,5,0.29999999999999999,8.8200000000000003,6.6900000000000004,0.51540832049306629,,,,,,,,,1
Mouse_470,19531R11,WT-RLC,Control,1,17,2.2000000000000002,5.4000000000000004,5,0.29999999999999999,11.73,9.6000000000000014,0.73959938366718037,,,,,,,,,1
Mouse_470,19531R11,WT-RLC,Control,1,17,2.2000000000000002,5.2000000000000002,5,0.29999999999999999,14.550000000000001,12.420000000000002,0.95685670261941458,,,,,,,,,1
Mouse_470,19531R11,WT-RLC,Control,1,17,2.2000000000000002,5,5,0.29999999999999999,15.34,13.210000000000001,1.0177195685670262,,,,,,,,,1
Mouse_470,19531R11,WT-RLC,Control,1,17,2.2000000000000002,4.7999999999999998,5,0.29999999999999999,15.109999999999999,12.98,1,13,5.0999999999999996,5.5,0.20000000000000001,5.1200000000000001,5.5,0.02,1,1
Mouse_470,19531R13,WT-RLC,Control,1,17,2.2000000000000002,8,5,0.29999999999999999,2.2999999999999998,0,0,,,,,,,,,1
Mouse_470,19531R13,WT-RLC,Control,1,17,2.2000000000000002,6.5,5,0.29999999999999999,2.5600000000000001,0.26000000000000023,0.015494636471990481,,,,,,,,,1
Mouse_470,19531R13,WT-RLC,Control,1,17,2.2000000000000002,6,5,0.29999999999999999,3.02,0.7200000000000002,0.042908224076281302,,,,,,,,,1
Mouse_470,19531R13,WT-RLC,Control,1,17,2.2000000000000002,5.7999999999999998,5,0.29999999999999999,3.54,1.2400000000000002,0.073897497020262243,,,,,,,,,1
Mouse_470,19531R13,WT-RLC,Control,1,17,2.2000000000000002,5.5999999999999996,5,0.29999999999999999,10.44,8.1400000000000006,0.48510131108462468,,,,,,,,,1
Mouse_470,19531R13,WT-RLC,Control,1,17,2.2000000000000002,5.5,5,0.29999999999999999,15.5,13.199999999999999,0.78665077473182365,,,,,,,,,1
Mouse_470,19531R13,WT-RLC,Control,1,17,2.2000000000000002,5.4000000000000004,5,0.29999999999999999,17.969999999999999,15.669999999999998,0.93384982121573301,,,,,,,,,1
Mouse_470,19531R13,WT-RLC,Control,1,17,2.2000000000000002,5.2000000000000002,5,0.29999999999999999,19.420000000000002,17.120000000000001,1.0202622169249107,,,,,,,,,1
Mouse_470,19531R13,WT-RLC,Control,1,17,2.2000000000000002,5,5,0.29999999999999999,19.539999999999999,17.239999999999998,1.0274135876042909,,,,,,,,,1
Mouse_470,19531R13,WT-RLC,Control,1,17,2.2000000000000002,4.7999999999999998,5,0.29999999999999999,19.079999999999998,16.779999999999998,1,17.09,5.4400000000000004,5.5899999999999999,0.25,5.7000000000000002,5.5999999999999996,0.02,1,1
Mouse_470,19531R15,WT-RLC,Control,1,17,2.2000000000000002,8,5,0.29999999999999999,2.3799999999999999,0,0,,,,,,,,,1
Mouse_470,19531R15,WT-RLC,Control,1,17,2.2000000000000002,6.5,5,0.29999999999999999,2.4900000000000002,0.11000000000000032,0.0095986038394415604,,,,,,,,,1
Mouse_470,19531R15,WT-RLC,Control,1,17,2.2000000000000002,6,5,0.29999999999999999,2.6000000000000001,0.2200000000000002,0.019197207678883089,,,,,,,,,1
Mouse_470,19531R15,WT-RLC,Control,1,17,2.2000000000000002,5.7999999999999998,5,0.29999999999999999,2.7000000000000002,0.32000000000000028,0.027923211169284489,,,,,,,,,1
Mouse_470,19531R15,WT-RLC,Control,1,17,2.2000000000000002,5.5999999999999996,5,0.29999999999999999,4.8200000000000003,2.4400000000000004,0.21291448516579409,,,,,,,,,1
Mouse_470,19531R15,WT-RLC,Control,1,17,2.2000000000000002,5.5,5,0.29999999999999999,7.7199999999999998,5.3399999999999999,0.46596858638743449,,,,,,,,,1
Mouse_470,19531R15,WT-RLC,Control,1,17,2.2000000000000002,5.4000000000000004,5,0.29999999999999999,10.19,7.8099999999999996,0.68150087260034897,,,,,,,,,1
Mouse_470,19531R15,WT-RLC,Control,1,17,2.2000000000000002,5.2000000000000002,5,0.29999999999999999,13.109999999999999,10.73,0.93630017452006975,,,,,,,,,1
Mouse_470,19531R15,WT-RLC,Control,1,17,2.2000000000000002,5,5,0.29999999999999999,13.99,11.609999999999999,1.0130890052356019,,,,,,,,,1
Mouse_470,19531R15,WT-RLC,Control,1,17,2.2000000000000002,4.7999999999999998,5,0.29999999999999999,13.84,11.460000000000001,1,11.52,4.3799999999999999,5.4800000000000004,0.14000000000000001,4.4299999999999997,5.4800000000000004,0.01,1,1
Mouse_470,19531R110,WT-RLC,0.3 μM Mavacamten,1,17,2.2000000000000002,8,5,0.29999999999999999,3.96,0,0,,,,,,,,,1
Mouse_470,19531R110,WT-RLC,0.3 μM Mavacamten,1,17,2.2000000000000002,6.5,5,0.29999999999999999,4.0999999999999996,0.13999999999999968,0.016129032258064481,,,,,,,,,1
Mouse_470,19531R110,WT-RLC,0.3 μM Mavacamten,1,17,2.2000000000000002,6,5,0.29999999999999999,4.4299999999999997,0.46999999999999975,0.054147465437787992,,,,,,,,,1
Mouse_470,19531R110,WT-RLC,0.3 μM Mavacamten,1,17,2.2000000000000002,5.7999999999999998,5,0.29999999999999999,4.4100000000000001,0.45000000000000018,0.051843317972350263,,,,,,,,,1
Mouse_470,19531R110,WT-RLC,0.3 μM Mavacamten,1,17,2.2000000000000002,5.5999999999999996,5,0.29999999999999999,5.8700000000000001,1.9100000000000001,0.22004608294930877,,,,,,,,,1
Mouse_470,19531R110,WT-RLC,0.3 μM Mavacamten,1,17,2.2000000000000002,5.5,5,0.29999999999999999,7.6699999999999999,3.71,0.42741935483870969,,,,,,,,,1
Mouse_470,19531R110,WT-RLC,0.3 μM Mavacamten,1,17,2.2000000000000002,5.4000000000000004,5,0.29999999999999999,10.210000000000001,6.2500000000000009,0.72004608294930883,,,,,,,,,1
Mouse_470,19531R110,WT-RLC,0.3 μM Mavacamten,1,17,2.2000000000000002,5.2000000000000002,5,0.29999999999999999,13.56,9.6000000000000014,1.1059907834101383,,,,,,,,,1
Mouse_470,19531R110,WT-RLC,0.3 μM Mavacamten,1,17,2.2000000000000002,5,5,0.29999999999999999,13.5,9.5399999999999991,1.0990783410138247,,,,,,,,,1
Mouse_470,19531R110,WT-RLC,0.3 μM Mavacamten,1,17,2.2000000000000002,4.7999999999999998,5,0.29999999999999999,12.640000000000001,8.6799999999999997,1,9.3800000000000008,4.9400000000000004,5.4699999999999998,0.35999999999999999,5.4900000000000002,5.4800000000000004,0.059999999999999998,2,1
Mouse_470,19531R111,WT-RLC,0.3 μM Mavacamten,1,17,2.2000000000000002,8,5,0.29999999999999999,0.81999999999999995,0,0,,,,,,,,,1
Mouse_470,19531R111,WT-RLC,0.3 μM Mavacamten,1,17,2.2000000000000002,6.5,5,0.29999999999999999,0.89000000000000001,0.070000000000000062,0.0077777777777777802,,,,,,,,,1
Mouse_470,19531R111,WT-RLC,0.3 μM Mavacamten,1,17,2.2000000000000002,6,5,0.29999999999999999,0.90000000000000002,0.080000000000000071,0.0088888888888888993,,,,,,,,,1
Mouse_470,19531R111,WT-RLC,0.3 μM Mavacamten,1,17,2.2000000000000002,5.7999999999999998,5,0.29999999999999999,1,0.18000000000000005,0.02,,,,,,,,,1
Mouse_470,19531R111,WT-RLC,0.3 μM Mavacamten,1,17,2.2000000000000002,5.5999999999999996,5,0.29999999999999999,1.73,0.91000000000000003,0.10111111111111111,,,,,,,,,1
Mouse_470,19531R111,WT-RLC,0.3 μM Mavacamten,1,17,2.2000000000000002,5.5,5,0.29999999999999999,3.5299999999999998,2.71,0.30111111111111111,,,,,,,,,1
Mouse_470,19531R111,WT-RLC,0.3 μM Mavacamten,1,17,2.2000000000000002,5.4000000000000004,5,0.29999999999999999,6.1500000000000004,5.3300000000000001,0.59222222222222221,,,,,,,,,1
Mouse_470,19531R111,WT-RLC,0.3 μM Mavacamten,1,17,2.2000000000000002,5.2000000000000002,5,0.29999999999999999,10.539999999999999,9.7199999999999989,1.0799999999999998,,,,,,,,,1
Mouse_470,19531R111,WT-RLC,0.3 μM Mavacamten,1,17,2.2000000000000002,5,5,0.29999999999999999,10.92,10.1,1.1222222222222222,,,,,,,,,1
Mouse_470,19531R111,WT-RLC,0.3 μM Mavacamten,1,17,2.2000000000000002,4.7999999999999998,5,0.29999999999999999,9.8200000000000003,9,1,9.7400000000000002,5.79,5.4199999999999999,0.32000000000000001,6.4000000000000004,5.4400000000000004,0.050000000000000003,2,1
Mouse_470,19531R112,WT-RLC,Control,1,17,2.2000000000000002,8,5,0.29999999999999999,1.4099999999999999,0,0,,,,,,,,,1
Mouse_470,19531R112,WT-RLC,Control,1,17,2.2000000000000002,6.5,5,0.29999999999999999,1.55,0.14000000000000012,0.0075963103635377201,,,,,,,,,1
Mouse_470,19531R112,WT-RLC,Control,1,17,2.2000000000000002,6,5,0.29999999999999999,1.79,0.38000000000000012,0.020618556701030931,,,,,,,,,1
Mouse_470,19531R112,WT-RLC,Control,1,17,2.2000000000000002,5.7999999999999998,5,0.29999999999999999,2.04,0.63000000000000012,0.034183396635919697,,,,,,,,,1
Mouse_470,19531R112,WT-RLC,Control,1,17,2.2000000000000002,5.5999999999999996,5,0.29999999999999999,5.0700000000000003,3.6600000000000001,0.19858925664677157,,,,,,,,,1
Mouse_470,19531R112,WT-RLC,Control,1,17,2.2000000000000002,5.5,5,0.29999999999999999,11.710000000000001,10.300000000000001,0.5588714053174173,,,,,,,,,1
Mouse_470,19531R112,WT-RLC,Control,1,17,2.2000000000000002,5.4000000000000004,5,0.29999999999999999,15.140000000000001,13.73,0.74498100922409116,,,,,,,,,1
Mouse_470,19531R112,WT-RLC,Control,1,17,2.2000000000000002,5.2000000000000002,5,0.29999999999999999,20.039999999999999,18.629999999999999,1.0108518719479109,,,,,,,,,1
Mouse_470,19531R112,WT-RLC,Control,1,17,2.2000000000000002,5,5,0.29999999999999999,20.25,18.84,1.0222463374932176,,,,,,,,,1
Mouse_470,19531R112,WT-RLC,Control,1,17,2.2000000000000002,4.7999999999999998,5,0.29999999999999999,19.84,18.43,1,18.719999999999999,5.2800000000000002,5.5,0.46999999999999997,5.4500000000000002,5.5,0.029999999999999999,1,1
Mouse_470,19531R113,WT-RLC,Control,1,17,2.2000000000000002,8,5,0.29999999999999999,2.9900000000000002,0,0,,,,,,,,,1
Mouse_470,19531R113,WT-RLC,Control,1,17,2.2000000000000002,6.5,5,0.29999999999999999,3.27,0.2799999999999998,0.018944519621109591,,,,,,,,,1
Mouse_470,19531R113,WT-RLC,Control,1,17,2.2000000000000002,6,5,0.29999999999999999,3.5899999999999999,0.59999999999999964,0.040595399188091991,,,,,,,,,1
Mouse_470,19531R113,WT-RLC,Control,1,17,2.2000000000000002,5.7999999999999998,5,0.29999999999999999,4.0800000000000001,1.0899999999999999,0.073748308525033821,,,,,,,,,1
Mouse_470,19531R113,WT-RLC,Control,1,17,2.2000000000000002,5.5999999999999996,5,0.29999999999999999,8.3599999999999994,5.3699999999999992,0.36332882273342348,,,,,,,,,1
Mouse_470,19531R113,WT-RLC,Control,1,17,2.2000000000000002,5.5,5,0.29999999999999999,13.6,10.609999999999999,0.71786197564276044,,,,,,,,,1
Mouse_470,19531R113,WT-RLC,Control,1,17,2.2000000000000002,5.4000000000000004,5,0.29999999999999999,16.039999999999999,13.049999999999999,0.88294993234100128,,,,,,,,,1
Mouse_470,19531R113,WT-RLC,Control,1,17,2.2000000000000002,5.2000000000000002,5,0.29999999999999999,18.350000000000001,15.360000000000001,1.0392422192151558,,,,,,,,,1
Mouse_470,19531R113,WT-RLC,Control,1,17,2.2000000000000002,5,5,0.29999999999999999,18.25,15.26,1.0324763193504736,,,,,,,,,1
Mouse_470,19531R113,WT-RLC,Control,1,17,2.2000000000000002,4.7999999999999998,5,0.29999999999999999,17.77,14.779999999999999,1,15.17,5.3799999999999999,5.5599999999999996,0.33000000000000002,5.7400000000000002,5.5599999999999996,0.029999999999999999,1,1
Mouse_394,19605R11,N47K,Control,1,17,2.2000000000000002,8,5,0.29999999999999999,5.2599999999999998,0,0,,,,,,,,,1
Mouse_394,19605R11,N47K,Control,1,17,2.2000000000000002,6.5,5,0.29999999999999999,5.2999999999999998,0.040000000000000042,0.0040485829959514196,,,,,,,,,1
Mouse_394,19605R11,N47K,Control,1,17,2.2000000000000002,6,5,0.29999999999999999,5.4699999999999998,0.20999999999999996,0.021255060728744939,,,,,,,,,1
Mouse_394,19605R11,N47K,Control,1,17,2.2000000000000002,5.7999999999999998,5,0.29999999999999999,5.5099999999999998,0.25,0.025303643724696359,,,,,,,,,1
Mouse_394,19605R11,N47K,Control,1,17,2.2000000000000002,5.5999999999999996,5,0.29999999999999999,8.2400000000000002,2.9800000000000004,0.30161943319838058,,,,,,,,,1
Mouse_394,19605R11,N47K,Control,1,17,2.2000000000000002,5.5,5,0.29999999999999999,11,5.7400000000000002,0.58097165991902833,,,,,,,,,1
Mouse_394,19605R11,N47K,Control,1,17,2.2000000000000002,5.4000000000000004,5,0.29999999999999999,12.73,7.4700000000000006,0.75607287449392713,,,,,,,,,1
Mouse_394,19605R11,N47K,Control,1,17,2.2000000000000002,5.2000000000000002,5,0.29999999999999999,15.26,10,1.0121457489878543,,,,,,,,,1
Mouse_394,19605R11,N47K,Control,1,17,2.2000000000000002,5,5,0.29999999999999999,15.460000000000001,10.200000000000001,1.0323886639676114,,,,,,,,,1
Mouse_394,19605R11,N47K,Control,1,17,2.2000000000000002,4.7999999999999998,5,0.29999999999999999,15.140000000000001,9.8800000000000008,1,10.119999999999999,4.5300000000000002,5.5199999999999996,0.20000000000000001,4.7400000000000002,5.5199999999999996,0.23000000000000001,1,1
Mouse_394,19605R13,N47K,Control,1,17,2.2000000000000002,8,5,0.29999999999999999,2.0499999999999998,0,0,,,,,,,,,1
Mouse_394,19605R13,N47K,Control,1,17,2.2000000000000002,6.5,5,0.29999999999999999,2.0899999999999999,0.040000000000000042,0.0044493882091212501,,,,,,,,,1
Mouse_394,19605R13,N47K,Control,1,17,2.2000000000000002,6,5,0.29999999999999999,2.2000000000000002,0.15000000000000036,0.01668520578420471,,,,,,,,,1
Mouse_394,19605R13,N47K,Control,1,17,2.2000000000000002,5.7999999999999998,5,0.29999999999999999,2.21,0.16000000000000014,0.017797552836485001,,,,,,,,,1
Mouse_394,19605R13,N47K,Control,1,17,2.2000000000000002,5.5999999999999996,5,0.29999999999999999,2.9700000000000002,0.92000000000000037,0.10233592880978871,,,,,,,,,1
Mouse_394,19605R13,N47K,Control,1,17,2.2000000000000002,5.5,5,0.29999999999999999,4.6900000000000004,2.6400000000000006,0.29365962180200234,,,,,,,,,1
Mouse_394,19605R13,N47K,Control,1,17,2.2000000000000002,5.4000000000000004,5,0.29999999999999999,6.3899999999999997,4.3399999999999999,0.48275862068965525,,,,,,,,,1
Mouse_394,19605R13,N47K,Control,1,17,2.2000000000000002,5.2000000000000002,5,0.29999999999999999,10.15,8.1000000000000014,0.9010011123470526,,,,,,,,,1
Mouse_394,19605R13,N47K,Control,1,17,2.2000000000000002,5,5,0.29999999999999999,10.94,8.8900000000000006,0.98887652947719717,,,,,,,,,1
Mouse_394,19605R13,N47K,Control,1,17,2.2000000000000002,4.7999999999999998,5,0.29999999999999999,11.039999999999999,8.9899999999999984,1,9.0600000000000005,4.3899999999999997,5.4000000000000004,0.20000000000000001,4.46,5.4000000000000004,0.01,1,1
Mouse_394,19605R14,N47K,0.3 μM Mavacamten,1,17,2.2000000000000002,8,5,0.29999999999999999,1.8600000000000001,0,0,,,,,,,,,1
Mouse_394,19605R14,N47K,0.3 μM Mavacamten,1,17,2.2000000000000002,6.5,5,0.29999999999999999,1.8100000000000001,-0.050000000000000037,-0.00727802037845707,,,,,,,,,1
Mouse_394,19605R14,N47K,0.3 μM Mavacamten,1,17,2.2000000000000002,6,5,0.29999999999999999,2.0499999999999998,0.18999999999999972,0.027656477438136789,,,,,,,,,1
Mouse_394,19605R14,N47K,0.3 μM Mavacamten,1,17,2.2000000000000002,5.7999999999999998,5,0.29999999999999999,1.95,0.089999999999999858,0.013100436681222689,,,,,,,,,1
Mouse_394,19605R14,N47K,0.3 μM Mavacamten,1,17,2.2000000000000002,5.5999999999999996,5,0.29999999999999999,2.46,0.59999999999999987,0.087336244541484698,,,,,,,,,1
Mouse_394,19605R14,N47K,0.3 μM Mavacamten,1,17,2.2000000000000002,5.5,5,0.29999999999999999,3.7599999999999998,1.8999999999999997,0.27656477438136823,,,,,,,,,1
Mouse_394,19605R14,N47K,0.3 μM Mavacamten,1,17,2.2000000000000002,5.4000000000000004,5,0.29999999999999999,5.9500000000000002,4.0899999999999999,0.59534206695778746,,,,,,,,,1
Mouse_394,19605R14,N47K,0.3 μM Mavacamten,1,17,2.2000000000000002,5.2000000000000002,5,0.29999999999999999,8.7899999999999991,6.9299999999999988,1.0087336244541483,,,,,,,,,1
Mouse_394,19605R14,N47K,0.3 μM Mavacamten,1,17,2.2000000000000002,5,5,0.29999999999999999,8.8800000000000008,7.0200000000000005,1.0218340611353713,,,,,,,,,1
Mouse_394,19605R14,N47K,0.3 μM Mavacamten,1,17,2.2000000000000002,4.7999999999999998,5,0.29999999999999999,8.7300000000000004,6.8700000000000001,1,7.0300000000000002,6.0800000000000001,5.4299999999999997,0.10000000000000001,6.3099999999999996,5.4299999999999997,0.02,1,1
Mouse_394,19605R15,N47K,Control,1,17,2.2000000000000002,8,5,0.29999999999999999,1.8500000000000001,0,0,,,,,,,,,1
Mouse_394,19605R15,N47K,Control,1,17,2.2000000000000002,6.5,5,0.29999999999999999,1.9199999999999999,0.06999999999999984,0.0074626865671641599,,,,,,,,,1
Mouse_394,19605R15,N47K,Control,1,17,2.2000000000000002,6,5,0.29999999999999999,1.9099999999999999,0.059999999999999831,0.0063965884861407101,,,,,,,,,1
Mouse_394,19605R15,N47K,Control,1,17,2.2000000000000002,5.7999999999999998,5,0.29999999999999999,1.98,0.12999999999999989,0.013859275053304891,,,,,,,,,1
Mouse_394,19605R15,N47K,Control,1,17,2.2000000000000002,5.5999999999999996,5,0.29999999999999999,2.9199999999999999,1.0699999999999998,0.11407249466950957,,,,,,,,,1
Mouse_394,19605R15,N47K,Control,1,17,2.2000000000000002,5.5,5,0.29999999999999999,5.6600000000000001,3.8100000000000001,0.406183368869936,,,,,,,,,1
Mouse_394,19605R15,N47K,Control,1,17,2.2000000000000002,5.4000000000000004,5,0.29999999999999999,7.9800000000000004,6.1300000000000008,0.65351812366737738,,,,,,,,,1
Mouse_394,19605R15,N47K,Control,1,17,2.2000000000000002,5.2000000000000002,5,0.29999999999999999,11.140000000000001,9.2900000000000009,0.99040511727078895,,,,,,,,,1
Mouse_394,19605R15,N47K,Control,1,17,2.2000000000000002,5,5,0.29999999999999999,11.59,9.7400000000000002,1.0383795309168442,,,,,,,,,1
Mouse_394,19605R15,N47K,Control,1,17,2.2000000000000002,4.7999999999999998,5,0.29999999999999999,11.23,9.3800000000000008,1,9.5899999999999999,5.3700000000000001,5.4500000000000002,0.17999999999999999,5.5899999999999999,5.46,0.02,1,1
Mouse_394,19605R16,N47K,0.3 μM Mavacamten,1,17,2.2000000000000002,8,5,0.29999999999999999,3.7200000000000002,0,0,,,,,,,,,1
Mouse_394,19605R16,N47K,0.3 μM Mavacamten,1,17,2.2000000000000002,6.5,5,0.29999999999999999,3.8900000000000001,0.16999999999999993,0.024817518248175179,,,,,,,,,1
Mouse_394,19605R16,N47K,0.3 μM Mavacamten,1,17,2.2000000000000002,6,5,0.29999999999999999,3.79,0.06999999999999984,0.01021897810218976,,,,,,,,,1
Mouse_394,19605R16,N47K,0.3 μM Mavacamten,1,17,2.2000000000000002,5.7999999999999998,5,0.29999999999999999,3.7200000000000002,0,0,,,,,,,,,1
Mouse_394,19605R16,N47K,0.3 μM Mavacamten,1,17,2.2000000000000002,5.5999999999999996,5,0.29999999999999999,3.8399999999999999,0.11999999999999966,0.017518248175182442,,,,,,,,,1
Mouse_394,19605R16,N47K,0.3 μM Mavacamten,1,17,2.2000000000000002,5.5,5,0.29999999999999999,4.9400000000000004,1.2200000000000002,0.17810218978102194,,,,,,,,,1
Mouse_394,19605R16,N47K,0.3 μM Mavacamten,1,17,2.2000000000000002,5.4000000000000004,5,0.29999999999999999,8.7300000000000004,5.0099999999999998,0.73138686131386865,,,,,,,,,1
Mouse_394,19605R16,N47K,0.3 μM Mavacamten,1,17,2.2000000000000002,5.2000000000000002,5,0.29999999999999999,11.26,7.5399999999999991,1.1007299270072992,,,,,,,,,1
Mouse_394,19605R16,N47K,0.3 μM Mavacamten,1,17,2.2000000000000002,5,5,0.29999999999999999,11.51,7.7899999999999991,1.1372262773722628,,,,,,,,,1
Mouse_394,19605R16,N47K,0.3 μM Mavacamten,1,17,2.2000000000000002,4.7999999999999998,5,0.29999999999999999,10.57,6.8499999999999996,1,7.4000000000000004,10.300000000000001,5.4299999999999997,0.23000000000000001,11.1,5.4400000000000004,0.050000000000000003,2,1
Mouse_394,19605R17,N47K,Control,1,17,2.2000000000000002,8,5,0.29999999999999999,1.1200000000000001,0,0,,,,,,,,,1
Mouse_394,19605R17,N47K,Control,1,17,2.2000000000000002,6.5,5,0.29999999999999999,1.3400000000000001,0.21999999999999997,0.020503261882572229,,,,,,,,,1
Mouse_394,19605R17,N47K,Control,1,17,2.2000000000000002,6,5,0.29999999999999999,1.5700000000000001,0.44999999999999996,0.041938490214352281,,,,,,,,,1
Mouse_394,19605R17,N47K,Control,1,17,2.2000000000000002,5.7999999999999998,5,0.29999999999999999,1.6799999999999999,0.55999999999999983,0.052190121155638383,,,,,,,,,1
Mouse_394,19605R17,N47K,Control,1,17,2.2000000000000002,5.5999999999999996,5,0.29999999999999999,3.71,2.5899999999999999,0.24137931034482757,,,,,,,,,1
Mouse_394,19605R17,N47K,Control,1,17,2.2000000000000002,5.5,5,0.29999999999999999,6.54,5.4199999999999999,0.50512581547064306,,,,,,,,,1
Mouse_394,19605R17,N47K,Control,1,17,2.2000000000000002,5.4000000000000004,5,0.29999999999999999,8.5500000000000007,7.4300000000000006,0.69245107176141663,,,,,,,,,1
Mouse_394,19605R17,N47K,Control,1,17,2.2000000000000002,5.2000000000000002,5,0.29999999999999999,11.380000000000001,10.260000000000002,0.95619757688723217,,,,,,,,,1
Mouse_394,19605R17,N47K,Control,1,17,2.2000000000000002,5,5,0.29999999999999999,11.77,10.649999999999999,0.99254426840633725,,,,,,,,,1
Mouse_394,19605R17,N47K,Control,1,17,2.2000000000000002,4.7999999999999998,5,0.29999999999999999,11.85,10.73,1,10.77,4.1799999999999997,5.4900000000000002,0.19,4.2199999999999998,5.4900000000000002,0.02,1,1
Mouse_394,19605R18,N47K,0.3 μM Mavacamten,1,17,2.2000000000000002,8,5,0.29999999999999999,3.3300000000000001,0,0,,,,,,,,,1
Mouse_394,19605R18,N47K,0.3 μM Mavacamten,1,17,2.2000000000000002,6.5,5,0.29999999999999999,3.3799999999999999,0.049999999999999822,0.0059594755661501603,,,,,,,,,1
Mouse_394,19605R18,N47K,0.3 μM Mavacamten,1,17,2.2000000000000002,6,5,0.29999999999999999,3.3700000000000001,0.040000000000000042,0.0047675804529201497,,,,,,,,,1
Mouse_394,19605R18,N47K,0.3 μM Mavacamten,1,17,2.2000000000000002,5.7999999999999998,5,0.29999999999999999,3.2799999999999998,-0.050000000000000273,-0.0059594755661502097,,,,,,,,,1
Mouse_394,19605R18,N47K,0.3 μM Mavacamten,1,17,2.2000000000000002,5.5999999999999996,5,0.29999999999999999,3.4100000000000001,0.080000000000000071,0.0095351609058402908,,,,,,,,,1
Mouse_394,19605R18,N47K,0.3 μM Mavacamten,1,17,2.2000000000000002,5.5,5,0.29999999999999999,4.1500000000000004,0.82000000000000028,0.097735399284862953,,,,,,,,,1
Mouse_394,19605R18,N47K,0.3 μM Mavacamten,1,17,2.2000000000000002,5.4000000000000004,5,0.29999999999999999,8.0199999999999996,4.6899999999999995,0.55899880810488667,,,,,,,,,1
Mouse_394,19605R18,N47K,0.3 μM Mavacamten,1,17,2.2000000000000002,5.2000000000000002,5,0.29999999999999999,12.710000000000001,9.3800000000000008,1.1179976162097736,,,,,,,,,1
Mouse_394,19605R18,N47K,0.3 μM Mavacamten,1,17,2.2000000000000002,5,5,0.29999999999999999,12.609999999999999,9.2799999999999994,1.106078665077473,,,,,,,,,1
Mouse_394,19605R18,N47K,0.3 μM Mavacamten,1,17,2.2000000000000002,4.7999999999999998,5,0.29999999999999999,11.720000000000001,8.3900000000000006,1,9.0299999999999994,1.8,5.4000000000000004,0.26000000000000001,11.4,5.4100000000000001,0.050000000000000003,1,1
Mouse_401,19610R11,N47K,Control,1,17,2.2000000000000002,8,5,0.29999999999999999,1.78,0,0,,,,,,,,,1
Mouse_401,19610R11,N47K,Control,1,17,2.2000000000000002,6.5,5,0.29999999999999999,1.99,0.20999999999999996,0.020428015564202331,,,,,,,,,1
Mouse_401,19610R11,N47K,Control,1,17,2.2000000000000002,6,5,0.29999999999999999,3.0800000000000001,1.3,0.12645914396887159,,,,,,,,,1
Mouse_401,19610R11,N47K,Control,1,17,2.2000000000000002,5.7999999999999998,5,0.29999999999999999,3.8799999999999999,2.0999999999999996,0.20428015564202329,,,,,,,,,1
Mouse_401,19610R11,N47K,Control,1,17,2.2000000000000002,5.5999999999999996,5,0.29999999999999999,7.1600000000000001,5.3799999999999999,0.52334630350194544,,,,,,,,,1
Mouse_401,19610R11,N47K,Control,1,17,2.2000000000000002,5.5,5,0.29999999999999999,8.5899999999999999,6.8099999999999996,0.66245136186770415,,,,,,,,,1
Mouse_401,19610R11,N47K,Control,1,17,2.2000000000000002,5.4000000000000004,5,0.29999999999999999,10.17,8.3900000000000006,0.81614785992217898,,,,,,,,,1
Mouse_401,19610R11,N47K,Control,1,17,2.2000000000000002,5.2000000000000002,5,0.29999999999999999,11.74,9.9600000000000009,0.9688715953307393,,,,,,,,,1
Mouse_401,19610R11,N47K,Control,1,17,2.2000000000000002,5,5,0.29999999999999999,12.02,10.24,0.99610894941634232,,,,,,,,,1
Mouse_401,19610R11,N47K,Control,1,17,2.2000000000000002,4.7999999999999998,5,0.29999999999999999,12.06,10.280000000000001,1,10.5,2.7599999999999998,5.6100000000000003,0.22,2.8799999999999999,5.6100000000000003,0.02,1,1
Mouse_401,19610R13,N47K,0.3 μM Mavacamten,1,17,2.2000000000000002,8,5,0.29999999999999999,3.5699999999999998,0,0,,,,,,,,,1
Mouse_401,19610R13,N47K,0.3 μM Mavacamten,1,17,2.2000000000000002,6.5,5,0.29999999999999999,3.6699999999999999,0.10000000000000009,0.012165450121654511,,,,,,,,,1
Mouse_401,19610R13,N47K,0.3 μM Mavacamten,1,17,2.2000000000000002,6,5,0.29999999999999999,4.04,0.4700000000000002,0.05717761557177619,,,,,,,,,1
Mouse_401,19610R13,N47K,0.3 μM Mavacamten,1,17,2.2000000000000002,5.7999999999999998,5,0.29999999999999999,4.1600000000000001,0.5900000000000003,0.071776155717761608,,,,,,,,,1
Mouse_401,19610R13,N47K,0.3 μM Mavacamten,1,17,2.2000000000000002,5.5999999999999996,5,0.29999999999999999,6.1600000000000001,2.5900000000000003,0.31508515815085164,,,,,,,,,1
Mouse_401,19610R13,N47K,0.3 μM Mavacamten,1,17,2.2000000000000002,5.5,5,0.29999999999999999,9.0600000000000005,5.4900000000000002,0.66788321167883224,,,,,,,,,1
Mouse_401,19610R13,N47K,0.3 μM Mavacamten,1,17,2.2000000000000002,5.4000000000000004,5,0.29999999999999999,11.59,8.0199999999999996,0.97566909975669103,,,,,,,,,1
Mouse_401,19610R13,N47K,0.3 μM Mavacamten,1,17,2.2000000000000002,5.2000000000000002,5,0.29999999999999999,12.76,9.1899999999999995,1.1180048661800488,,,,,,,,,1
Mouse_401,19610R13,N47K,0.3 μM Mavacamten,1,17,2.2000000000000002,5,5,0.29999999999999999,12.43,8.8599999999999994,1.0778588807785889,,,,,,,,,1
Mouse_401,19610R13,N47K,0.3 μM Mavacamten,1,17,2.2000000000000002,4.7999999999999998,5,0.29999999999999999,11.789999999999999,8.2199999999999989,1,8.8100000000000005,6.3600000000000003,5.54,0.32000000000000001,7.2300000000000004,5.5499999999999998,0.059999999999999998,2,1
Mouse_401,19610R14,N47K,Control,1,17,2.2000000000000002,8,5,0.29999999999999999,1.48,0,0,,,,,,,,,1
Mouse_401,19610R14,N47K,Control,1,17,2.2000000000000002,6.5,5,0.29999999999999999,1.7,0.21999999999999997,0.01508916323731139,,,,,,,,,1
Mouse_401,19610R14,N47K,Control,1,17,2.2000000000000002,6,5,0.29999999999999999,2.3399999999999999,0.85999999999999988,0.058984910836762688,,,,,,,,,1
Mouse_401,19610R14,N47K,Control,1,17,2.2000000000000002,5.7999999999999998,5,0.29999999999999999,2.9300000000000002,1.4500000000000002,0.099451303155006887,,,,,,,,,1
Mouse_401,19610R14,N47K,Control,1,17,2.2000000000000002,5.5999999999999996,5,0.29999999999999999,6.5700000000000003,5.0899999999999999,0.34910836762688618,,,,,,,,,1
Mouse_401,19610R14,N47K,Control,1,17,2.2000000000000002,5.5,5,0.29999999999999999,10.449999999999999,8.9699999999999989,0.6152263374485597,,,,,,,,,1
Mouse_401,19610R14,N47K,Control,1,17,2.2000000000000002,5.4000000000000004,5,0.29999999999999999,12.779999999999999,11.299999999999999,0.77503429355281206,,,,,,,,,1
Mouse_401,19610R14,N47K,Control,1,17,2.2000000000000002,5.2000000000000002,5,0.29999999999999999,16.100000000000001,14.620000000000001,1.0027434842249658,,,,,,,,,1
Mouse_401,19610R14,N47K,Control,1,17,2.2000000000000002,5,5,0.29999999999999999,16.5,15.02,1.0301783264746229,,,,,,,,,1
Mouse_401,19610R14,N47K,Control,1,17,2.2000000000000002,4.7999999999999998,5,0.29999999999999999,16.059999999999999,14.579999999999998,1,15,3.8500000000000001,5.54,0.32000000000000001,4.0899999999999999,5.54,0.029999999999999999,1,1
Mouse_401,19610R16,N47K,0.3 μM Mavacamten,1,17,2.2000000000000002,8,5,0.29999999999999999,2.9900000000000002,0,0,,,,,,,,,1
Mouse_401,19610R16,N47K,0.3 μM Mavacamten,1,17,2.2000000000000002,6.5,5,0.29999999999999999,3.2200000000000002,0.22999999999999998,0.023784901758014482,,,,,,,,,1
Mouse_401,19610R16,N47K,0.3 μM Mavacamten,1,17,2.2000000000000002,6,5,0.29999999999999999,4.0499999999999998,1.0599999999999996,0.10961737331954495,,,,,,,,,1
Mouse_401,19610R16,N47K,0.3 μM Mavacamten,1,17,2.2000000000000002,5.7999999999999998,5,0.29999999999999999,4.6299999999999999,1.6399999999999997,0.16959669079627712,,,,,,,,,1
Mouse_401,19610R16,N47K,0.3 μM Mavacamten,1,17,2.2000000000000002,5.5999999999999996,5,0.29999999999999999,7.8499999999999996,4.8599999999999994,0.50258531540847973,,,,,,,,,1
Mouse_401,19610R16,N47K,0.3 μM Mavacamten,1,17,2.2000000000000002,5.5,5,0.29999999999999999,10.17,7.1799999999999997,0.74250258531540847,,,,,,,,,1
Mouse_401,19610R16,N47K,0.3 μM Mavacamten,1,17,2.2000000000000002,5.4000000000000004,5,0.29999999999999999,12.06,9.0700000000000003,0.937952430196484,,,,,,,,,1
Mouse_401,19610R16,N47K,0.3 μM Mavacamten,1,17,2.2000000000000002,5.2000000000000002,5,0.29999999999999999,13.130000000000001,10.140000000000001,1.048603929679421,,,,,,,,,1
Mouse_401,19610R16,N47K,0.3 μM Mavacamten,1,17,2.2000000000000002,5,5,0.29999999999999999,13.15,10.16,1.0506721820062048,,,,,,,,,1
Mouse_401,19610R16,N47K,0.3 μM Mavacamten,1,17,2.2000000000000002,4.7999999999999998,5,0.29999999999999999,12.66,9.6699999999999999,1,10.16,3.7799999999999998,5.5999999999999996,0.34000000000000002,4.1500000000000004,5.6200000000000001,0.040000000000000001,1,1
Mouse_401,19610R17,N47K,Control,1,17,2.2000000000000002,8,5,0.29999999999999999,2.52,0,0,,,,,,,,,1
Mouse_401,19610R17,N47K,Control,1,17,2.2000000000000002,6.5,5,0.29999999999999999,2.8999999999999999,0.37999999999999989,0.029641185647425891,,,,,,,,,1
Mouse_401,19610R17,N47K,Control,1,17,2.2000000000000002,6,5,0.29999999999999999,3.9500000000000002,1.4300000000000002,0.11154446177847115,,,,,,,,,1
Mouse_401,19610R17,N47K,Control,1,17,2.2000000000000002,5.7999999999999998,5,0.29999999999999999,4.6399999999999997,2.1199999999999997,0.16536661466458655,,,,,,,,,1
Mouse_401,19610R17,N47K,Control,1,17,2.2000000000000002,5.5999999999999996,5,0.29999999999999999,7.7300000000000004,5.2100000000000009,0.40639625585023409,,,,,,,,,1
Mouse_401,19610R17,N47K,Control,1,17,2.2000000000000002,5.5,5,0.29999999999999999,9.9199999999999999,7.4000000000000004,0.577223088923557,,,,,,,,,1
Mouse_401,19610R17,N47K,Control,1,17,2.2000000000000002,5.4000000000000004,5,0.29999999999999999,11.98,9.4600000000000009,0.73790951638065527,,,,,,,,,1
Mouse_401,19610R17,N47K,Control,1,17,2.2000000000000002,5.2000000000000002,5,0.29999999999999999,15.33,12.81,0.99921996879875197,,,,,,,,,1
Mouse_401,19610R17,N47K,Control,1,17,2.2000000000000002,5,5,0.29999999999999999,15.92,13.4,1.045241809672387,,,,,,,,,1
Mouse_401,19610R17,N47K,Control,1,17,2.2000000000000002,4.7999999999999998,5,0.29999999999999999,15.34,12.82,1,13.57,2.7999999999999998,5.54,0.40999999999999998,3.1200000000000001,5.5599999999999996,0.040000000000000001,1,1
Mouse_401,19610R18,N47K,0.3 μM Mavacamten,1,17,2.2000000000000002,8,5,0.29999999999999999,1.74,0,0,,,,,,,,,1
Mouse_401,19610R18,N47K,0.3 μM Mavacamten,1,17,2.2000000000000002,6.5,5,0.29999999999999999,2,0.26000000000000001,0.039694656488549633,,,,,,,,,1
Mouse_401,19610R18,N47K,0.3 μM Mavacamten,1,17,2.2000000000000002,6,5,0.29999999999999999,2.1400000000000001,0.40000000000000013,0.061068702290076368,,,,,,,,,1
Mouse_401,19610R18,N47K,0.3 μM Mavacamten,1,17,2.2000000000000002,5.7999999999999998,5,0.29999999999999999,2.1400000000000001,0.40000000000000013,0.061068702290076368,,,,,,,,,1
Mouse_401,19610R18,N47K,0.3 μM Mavacamten,1,17,2.2000000000000002,5.5999999999999996,5,0.29999999999999999,3.3100000000000001,1.5700000000000001,0.23969465648854968,,,,,,,,,1
Mouse_401,19610R18,N47K,0.3 μM Mavacamten,1,17,2.2000000000000002,5.5,5,0.29999999999999999,5.6200000000000001,3.8799999999999999,0.59236641221374053,,,,,,,,,1
Mouse_401,19610R18,N47K,0.3 μM Mavacamten,1,17,2.2000000000000002,5.4000000000000004,5,0.29999999999999999,7.7199999999999998,5.9799999999999995,0.91297709923664128,,,,,,,,,1
Mouse_401,19610R18,N47K,0.3 μM Mavacamten,1,17,2.2000000000000002,5.2000000000000002,5,0.29999999999999999,9,7.2599999999999998,1.1083969465648857,,,,,,,,,1
Mouse_401,19610R18,N47K,0.3 μM Mavacamten,1,17,2.2000000000000002,5,5,0.29999999999999999,8.8300000000000001,7.0899999999999999,1.0824427480916032,,,,,,,,,1
Mouse_401,19610R18,N47K,0.3 μM Mavacamten,1,17,2.2000000000000002,4.7999999999999998,5,0.29999999999999999,8.2899999999999991,6.5499999999999989,1,7,6.4500000000000002,5.5199999999999996,0.25,7.2300000000000004,5.5300000000000002,0.050000000000000003,2,1
