partition_id,heldout_participant,target,target_family,block_id,candidate_action,observed_native,predicted_native,outer_training_target_mean,outer_training_target_sd,standardized_absolute_error,native_absolute_error,outer_training_participants,paired_cell_loss_difference_vs_natural
RADBILL_4X4_001,1,110_DTend_PP,PP,B1,DTend_PP,39,54.426783114992723,43.777777777777779,12.859217593780077,1.1996673205416917,15.426783114992723,18,0
RADBILL_4X4_001,1,110_DTend_QT,QT,B1,DTend_PP,415,388.28384965556137,390.29411764705884,35.945731154551495,0.74323569131395451,26.716150344438631,18,0.51326309649901836
RADBILL_4X4_001,1,120_DTend_PP,PP,B1,DTend_PP,34,50.000000000000007,39.941176470588232,11.327348477442184,1.4125106181612723,16.000000000000007,18,0
RADBILL_4X4_001,1,120_DTend_QT,QT,B1,DTend_PP,400,377.7041793398671,388.125,26.762847382145271,0.83308851041789644,22.295820660132904,18,0.47676281059932002
RADBILL_4X4_001,1,130first_DTend_PP,PP,B2,DTend_QT,25,36.687065740245856,34.647058823529413,11.499680302461609,1.0162948388873154,11.687065740245856,18,-0.57813995308727106
RADBILL_4X4_001,1,130first_DTend_QT,QT,B2,DTend_QT,405,399.84901122394439,372.05882352941177,31.127701867137763,0.16547925054157728,5.1509887760556126,18,0
RADBILL_4X4_001,1,130last_DTend_PP,PP,B2,DTend_QT,35,35.686217008797655,37.625,11.194492693582262,0.061299518216762015,0.68621700879765513,18,-0.5644607973157304
RADBILL_4X4_001,1,130last_DTend_QT,QT,B2,DTend_QT,395,398.72800586510266,370.625,32.602402774437756,0.1143475801736196,3.7280058651026593,18,0
RADBILL_4X4_001,2,110_DTend_PP,PP,B1,DT5_PP,63,44.636021730045968,42.444444444444443,11.961812877664549,1.5352169823893329,18.363978269954032,18,0
RADBILL_4X4_001,2,110_DTend_QT,QT,B1,DT5_PP,410,390.51104972375691,390.58823529411762,36.136994243312166,0.53930745166637339,19.488950276243088,18,0.44623906936916807
RADBILL_4X4_001,2,120_DTend_PP,PP,B1,DT5_PP,60,40.703823720025923,38.411764705882355,10.143093854499053,1.9023955172627234,19.296176279974077,18,0
RADBILL_4X4_001,2,120_DTend_QT,QT,B1,DT5_PP,395,386.85916953859538,388.4375,26.87742237145023,0.3028873211462414,8.1408304614046187,18,0.25769401672252856
RADBILL_4X4_001,2,130first_DTend_PP,PP,B2,DT5_QT,53,32.855176540993419,33,10.682930309610748,1.885702038221065,20.144823459006581,18,0.22779767861833733
RADBILL_4X4_001,2,130first_DTend_QT,QT,B2,DT5_QT,380,399.78904847396768,373.52941176470586,32.101630891316923,0.61644994115611629,19.789048473967682,18,0.41970533567891283
RADBILL_4X4_001,2,130last_DTend_PP,PP,B2,DT5_QT,49,36.051282051282051,36.75,10.785793124908958,1.2005346105530137,12.948717948717949,18,0.14956285295505678
RADBILL_4X4_001,2,130last_DTend_QT,QT,B2,DT5_QT,370,396.65865384615387,372.1875,33.164677494788535,0.80382671745693846,26.658653846153868,18,0.4105550158292568
RADBILL_4X4_001,3,110_DTend_PP,PP,B1,DTend_QT,48,41.514972952086552,43.277777777777779,12.860361149240285,0.5042647692904445,6.485027047913448,18,0.44592975730349915
RADBILL_4X4_001,3,110_DTend_QT,QT,B1,DTend_QT,365,348.125,393.23529411764707,35.791984807643573,0.47147427254149515,16.875,18,0
RADBILL_4X4_001,3,120_DTend_PP,PP,B1,DTend_QT,46,36.094547563805101,39.235294117647058,11.300052056100814,0.87658467297476028,9.9054524361948992,18,0.72797455905205466
RADBILL_4X4_001,3,120_DTend_QT,QT,B1,DTend_QT,390,337.69280762564995,388.75,26.92582403567252,1.9426403554094083,52.307192374350052,18,0
RADBILL_4X4_001,3,130first_DTend_PP,PP,B2,DTend_QT,39,28.675754060324824,33.823529411764703,11.668522261396509,0.88479463880626408,10.324245939675176,18,0.801598027504695
RADBILL_4X4_001,3,130first_DTend_QT,QT,B2,DTend_QT,335,331.47041763341065,376.1764705882353,30.543483949358261,0.11555925880758966,3.5295823665893522,18,0
RADBILL_4X4_001,3,130last_DTend_PP,PP,B2,DTend_QT,32,40.233102253032925,37.8125,11.118865349785771,0.74046244774351488,8.233102253032925,18,0.04796985418642119
RADBILL_4X4_001,3,130last_DTend_QT,QT,B2,DTend_QT,345,314.84835355285963,373.75,32.377976053690155,0.93123938312703602,30.151646447140365,18,0
RADBILL_4X4_001,4,110_DTend_PP,PP,B1,DTend_QT,26,45.400405718701698,44.5,12.147379286472114,1.5970856973492951,19.400405718701698,18,0.80053806943974104
RADBILL_4X4_001,4,110_DTend_QT,QT,B1,DTend_QT,460,421.97167196961919,387.64705882352939,31.923622085515664,1.1912284868086744,38.028328030380806,18,0
RADBILL_4X4_001,4,120_DTend_PP,PP,B1,DTend_QT,28,41.387842112501716,40.294117647058826,11.021369617034631,1.2147167346433481,13.387842112501716,18,0.84820793399048888
RADBILL_4X4_001,4,120_DTend_QT,QT,B1,DTend_QT,445,406.22251705837755,385.3125,22.395591083961147,1.7314784323506147,38.777482941622452,18,0
RADBILL_4X4_001,4,130first_DTend_PP,PP,B2,DTend_QT,25,37.411910328703065,34.647058823529413,11.499680302461609,1.079326555369212,12.411910328703065,18,0.96733219080451871
RADBILL_4X4_001,4,130first_DTend_QT,QT,B2,DTend_QT,430,401.03493329665793,370.58823529411762,28.716412605706452,1.0086589540639979,28.965066703342075,18,0
RADBILL_4X4_001,4,130last_DTend_PP,PP,B2,DTend_QT,30,36.44048521607278,37.9375,11.036114956511343,0.58358265036672829,6.4404852160727799,18,0.36792353160430891
RADBILL_4X4_001,4,130last_DTend_QT,QT,B2,DTend_QT,435,397.73692191053829,368.125,28.628365886535217,1.3016138691656047,37.263078089461715,18,0
RADBILL_4X4_001,5,110_DTend_PP,PP,B1,DTend_PP,37,38.954782847718526,43.888888888888886,12.805738092924404,0.15264897919461656,1.9547828477185263,18,-0.39125599544807316
RADBILL_4X4_001,5,110_DTend_QT,QT,B1,DTend_PP,385,388.54738506720884,392.05882352941177,36.403074369198706,0.097447403239390745,3.5473850672088361,18,-0.093158002340361618
RADBILL_4X4_001,5,120_DTend_PP,PP,B1,DTend_PP,33,35.585205479452057,40,11.291589790636214,0.22894964547825605,2.5852054794520569,18,-0.42099677277996239
RADBILL_4X4_001,5,120_DTend_QT,QT,B1,DTend_PP,385,391.9490616621984,389.0625,26.908409466187333,0.25824869622749275,6.9490616621984032,18,0.21648456754526973
RADBILL_4X4_001,5,130first_DTend_PP,PP,B2,DTend_QT,26,33.732107355864812,34.588235294117645,11.549127800019207,0.66949708148973408,7.7321073558648123,18,-0.10336820348346842
RADBILL_4X4_001,5,130first_DTend_QT,QT,B2,DTend_QT,375,370.96669980119282,373.8235294117647,32.138830279969831,0.12549617281251496,4.0333001988071828,18,0
RADBILL_4X4_001,5,130last_DTend_PP,PP,B2,DTend_QT,29,37.181446111869029,38,10.984838035522721,0.74479442349645075,8.1814461118690289,18,0.027025608181698857
RADBILL_4X4_001,5,130last_DTend_QT,QT,B2,DTend_QT,375,365.28308321964528,371.875,33.159965822258222,0.29303156801905872,9.7169167803547225,18,0
RADBILL_4X4_001,6,110_DTend_PP,PP,B1,DT5_PP,24,13.290174256845795,44.611111111111114,11.95648428008289,0.89573368661510577,10.709825743154205,18,0.66272104030959866
RADBILL_4X4_001,6,110_DTend_QT,QT,B1,DT5_PP,335,440.76740506329116,395,33.400973039718465,3.1665965221288257,105.76740506329116,18,2.9693797472143788
RADBILL_4X4_001,6,120_DTend_PP,PP,B1,DT5_PP,18,14.813703284258199,40.882352941176471,9.9742315051159238,0.31945285349628227,3.1862967157418005,18,0.024884740687380003
RADBILL_4X4_001,6,130first_DTend_PP,PP,B2,DTend_QT,5,39.143267389917035,35.823529411764703,9.0362830724090255,3.7784636798473623,34.143267389917035,18,1.7482625126262841
RADBILL_4X4_001,6,130first_DTend_QT,QT,B2,DTend_QT,360,308.6869814932993,374.70588235294116,31.940892101431579,1.6064992281289747,51.313018506700701,18,0
RADBILL_4X4_001,7,110_DTend_PP,PP,B1,DTend_PP,31,36.307562907408702,44.222222222222221,12.525529485370624,0.42373960427044205,5.3075629074087018,18,-0.29919450001220843
RADBILL_4X4_001,7,110_DTend_QT,QT,B1,DTend_PP,385,387.83149171270719,392.05882352941177,36.403074369198706,0.077781664372363196,2.8314917127071908,18,-0.11282374120738917
RADBILL_4X4_001,7,120_DTend_PP,PP,B1,DTend_PP,30,32.949262405006706,40.176470588235297,11.148067624691997,0.26455368807364854,2.9492624050067064,18,-0.32015893886539593
RADBILL_4X4_001,7,120_DTend_QT,QT,B1,DTend_PP,390,394.17618994785312,388.75,26.92582403567252,0.15509980093163786,4.1761899478531177,18,-0.08512612598021671
RADBILL_4X4_001,7,130first_DTend_PP,PP,B2,DT5_QT,38,32.974880209089591,33.882352941176471,11.693386768496415,0.42974032163622344,5.0251197909104093,18,-0.24597508237526566
RADBILL_4X4_001,7,130first_DTend_QT,QT,B2,DT5_QT,390,360.86612458254683,372.94117647058823,31.871755890277083,0.91409696779024519,29.133875417453169,18,0.28743980824549897
RADBILL_4X4_001,7,130last_DTend_PP,PP,B2,DT5_QT,33,38.033251662583126,37.75,11.150485789118488,0.45139303863289659,5.0332516625831261,18,0.40638450975046231
RADBILL_4X4_001,7,130last_DTend_QT,QT,B2,DT5_QT,395,356.98459922996147,370.625,32.602402774437756,1.1660306460554768,38.015400770038525,18,0.21227223626871761
RADBILL_4X4_001,8,110_DTend_PP,PP,B1,DTend_PP,44,32.774790877243149,43.5,12.908045826492232,0.86962885580390814,11.225209122756851,18,0
RADBILL_4X4_001,8,110_DTend_QT,QT,B1,DTend_PP,430,382.3235800344234,389.41176470588238,35.083932974243019,1.3589246108917832,47.676419965576599,18,0.89121328821840495
RADBILL_4X4_001,8,120_DTend_PP,PP,B1,DTend_PP,36,30.304635258358665,39.823529411764703,11.381098882124954,0.50042309627820036,5.6953647416413347,18,0
RADBILL_4X4_001,8,120_DTend_QT,QT,B1,DTend_PP,420,391.1862464183381,386.875,25.617376914898998,1.1247737688905961,28.813753581661899,18,0.88054103056377431
RADBILL_4X4_001,8,130first_DTend_PP,PP,B2,DT5_PP,38,31.497893713545039,33.882352941176471,11.693386768496415,0.55604987803640649,6.5021062864549606,18,-0.51382068915044665
RADBILL_4X4_001,8,130first_DTend_QT,QT,B2,DT5_PP,420,373.3360337005833,371.1764705882353,29.871046378804774,1.5621805044140491,46.6639662994167,18,1.5613992995209944
RADBILL_4X4_001,8,130last_DTend_PP,PP,B2,DT5_PP,40,33.325571895424837,37.3125,11.193562137824284,0.5962738243996103,6.6744281045751634,18,-0.30190926254366723
RADBILL_4X4_001,8,130last_DTend_QT,QT,B2,DT5_PP,415,375.40441176470586,369.375,31.138133106102128,1.2716108605603786,39.595588235294144,18,1.0588774993232626
RADBILL_4X4_001,10,110_DTend_PP,PP,B1,DTend_PP,32,37.250904033379697,44.166666666666664,12.585005083081073,0.41723495530715876,5.2509040333796975,18,0
RADBILL_4X4_001,10,110_DTend_QT,QT,B1,DTend_PP,425,384.78087042607473,389.70588235294116,35.420270866204483,1.1354833994874816,40.219129573925272,18,1.0569843452297725
RADBILL_4X4_001,10,120_DTend_PP,PP,B1,DTend_PP,33,33.654296802809093,40,11.291589790636214,0.05794549881290248,0.65429680280909253,18,0
RADBILL_4X4_001,10,120_DTend_QT,QT,B1,DTend_PP,405,391.57177269243402,387.8125,26.581243387020105,0.50517679372828428,13.428227307565976,18,0.17624687652304316
RADBILL_4X4_001,10,130first_DTend_PP,PP,B2,DTend_QT,22,37.940448356484666,34.823529411764703,11.315008252966759,1.4087880450555685,15.940448356484666,18,0.73403008498998734
RADBILL_4X4_001,10,130first_DTend_QT,QT,B2,DTend_QT,405,405.43941686150458,372.05882352941177,31.127701867137763,0.014116585393298353,0.43941686150458281,18,0
RADBILL_4X4_001,10,130last_DTend_PP,PP,B2,DTend_QT,23,37.756633813495071,38.375,10.531698185319719,1.4011637585726249,14.756633813495071,18,0.35477446599949403
RADBILL_4X4_001,10,130last_DTend_QT,QT,B2,DTend_QT,395,405.25777103866562,370.625,32.602402774437756,0.31463236343759093,10.257771038665624,18,0
RADBILL_4X4_001,11,110_DTend_PP,PP,B1,DTend_PP,50,55.371775644871022,43.166666666666664,12.807396759869114,0.41942759684802011,5.3717756448710219,18,0
RADBILL_4X4_001,11,110_DTend_QT,QT,B1,DTend_PP,410,388.8833173817153,390.58823529411762,36.136994243312166,0.58435083106539054,21.116682618284699,18,0.49128244876818522
RADBILL_4X4_001,11,120_DTend_PP,PP,B1,DTend_PP,45,50.723311633851196,39.294117647058826,11.334486677185435,0.50494669911883483,5.7233116338511962,18,0
RADBILL_4X4_001,11,120_DTend_QT,QT,B1,DTend_PP,390,376.90195161855792,388.75,26.92582403567252,0.48644930473025494,13.098048381442084,18,0.24079651242780661
RADBILL_4X4_001,11,130first_DTend_PP,PP,B2,DTend_QT,39,33.872458643768148,33.823529411764703,11.668522261396509,0.43943365246818999,5.1275413562318519,18,0.073767484836913422
RADBILL_4X4_001,11,130first_DTend_QT,QT,B2,DTend_QT,375,386.71549438060362,373.8235294117647,32.138830279969831,0.36452771549390106,11.715494380603616,18,0
RADBILL_4X4_001,11,130last_DTend_PP,PP,B2,DTend_QT,48,35.176430048242594,36.8125,10.857984773121268,1.1810267024413137,12.823569951757406,18,0.5410217133030335
RADBILL_4X4_001,11,130last_DTend_QT,QT,B2,DTend_QT,370,383.04272915230877,372.1875,33.164677494788535,0.39327170162768166,13.042729152308766,18,0
RADBILL_4X4_001,12,110_DTend_PP,PP,B1,DTend_PP,47,49.929069031032299,43.333333333333336,12.87953232618236,0.2274204495048236,2.9290690310322987,18,0
RADBILL_4X4_001,12,120_DTend_PP,PP,B1,DTend_PP,41,45.792240862792092,39.529411764705884,11.413356468732278,0.41988006559865054,4.7922408627920916,18,0
RADBILL_4X4_001,12,120_DTend_QT,QT,B1,DTend_PP,380,383.13088665151025,389.375,26.825050481468498,0.1167150329753585,3.1308866515102522,18,0.11229540658498828
RADBILL_4X4_001,12,130first_DTend_PP,PP,B2,DT5_PP,33,35.188953488372093,34.176470588235297,11.732621691877135,0.18656985163747114,2.1889534883720927,18,-0.36247466245043319
RADBILL_4X4_001,12,130first_DTend_QT,QT,B2,DT5_PP,350,374.30717054263567,375.29411764705884,31.54711695599606,0.77050370645726118,24.307170542635674,18,0.2189683034705967
RADBILL_4X4_001,12,130last_DTend_PP,PP,B2,DT5_PP,17,38.31209254120558,38.75,9.8013604497879108,2.1744014670602945,21.31209254120558,18,-0.35959729754277436
RADBILL_4X4_001,12,130last_DTend_QT,QT,B2,DT5_PP,350,374.21634181404835,373.4375,32.645507603139926,0.74179706771412435,24.216341814048349,18,0.39473869003624884
RADBILL_4X4_001,13,110_DTend_PP,PP,B1,DTend_PP,49,46.558539944903579,43.222222222222221,12.836325090541505,0.19019930064683543,2.4414600550964209,18,0
RADBILL_4X4_001,13,110_DTend_QT,QT,B1,DTend_PP,395,389.86165333737637,391.47058823529414,36.433359794045252,0.14103411520843201,5.1383466626236327,18,0.092733952321345167
RADBILL_4X4_001,13,120_DTend_PP,PP,B1,DTend_PP,45,42.473310130060455,39.294117647058826,11.334486677185435,0.22292053816829488,2.5266898699395455,18,0
RADBILL_4X4_001,13,120_DTend_QT,QT,B1,DTend_PP,385,385.18618428012269,389.0625,26.908409466187333,0.0069191856306722484,0.18618428012268851,18,-0.11229873417246505
RADBILL_4X4_001,13,130first_DTend_PP,PP,B2,DTend_QT,40,33.193307625326533,33.764705882352942,11.637919765601936,0.58487191111180614,6.8066923746734673,18,0.27066509774014313
RADBILL_4X4_001,13,130first_DTend_QT,QT,B2,DTend_QT,370,376.47406393830079,374.11764705882354,32.124527920541446,0.20153024362923214,6.4740639383007874,18,0
RADBILL_4X4_001,13,130last_DTend_PP,PP,B2,DTend_QT,39,36.309734513274336,37.375,11.206396982676159,0.24006516018346619,2.6902654867256643,18,0.14800790289451862
RADBILL_4X4_001,13,130last_DTend_QT,QT,B2,DTend_QT,375,371.05173587474474,371.875,33.159965822258222,0.11906719525642695,3.9482641252552639,18,0
RADBILL_4X4_001,14,110_DTend_PP,PP,B1,DTend_PP,30,31.088594401429425,44.277777777777779,12.460788170499704,0.087361600769894993,1.0885944014294253,18,0
RADBILL_4X4_001,14,110_DTend_QT,QT,B1,DTend_PP,395,385.0466224194796,391.47058823529414,36.433359794045252,0.27319406271576407,9.9533775805203959,18,0.22489389982867725
RADBILL_4X4_001,14,120_DTend_PP,PP,B1,DTend_PP,30,27.883618814035366,40.176470588235297,11.148067624691997,0.18984287297262484,2.1163811859646344,18,0
RADBILL_4X4_001,14,120_DTend_QT,QT,B1,DTend_PP,385,400.6417472164444,389.0625,26.908409466187333,0.5812958672306352,15.641747216444401,18,0.46207794742749791
RADBILL_4X4_001,14,130first_DTend_PP,PP,B2,DT5_PP,28,24.458275623268694,34.470588235294116,11.63033558769277,0.30452469320654529,3.541724376731306,18,-0.04385920677727273
RADBILL_4X4_001,14,130first_DTend_QT,QT,B2,DT5_PP,365,385.51506232686978,374.41176470588238,32.058654883528355,0.63992274165596263,20.515062326869781,18,0.27206159722685014
RADBILL_4X4_001,14,130last_DTend_PP,PP,B2,DT5_PP,28,26.416550958067202,38.0625,10.926840043367219,0.14491372031148012,1.5834490419327985,18,-0.062823660265626802
RADBILL_4X4_001,14,130last_DTend_QT,QT,B2,DT5_PP,345,402.72979727853374,373.75,32.377976053690155,1.7829958606061236,57.729797278533738,18,0.91657056896299405
RADBILL_4X4_001,15,110_DTend_PP,PP,B1,DTend_PP,43,43.806368037090067,43.555555555555557,12.907919239171251,0.062470799681098685,0.80636803709006699,18,0
RADBILL_4X4_001,15,110_DTend_QT,QT,B1,DTend_PP,330,393.34069802276815,395.29411764705884,32.809611217374922,1.9305531419776454,63.340698022768152,18,1.7120762589256353
RADBILL_4X4_001,16,110_DTend_PP,PP,B1,DT5_PP,36,56.34790652560487,43.944444444444443,12.771623979939562,1.5932121519992604,20.34790652560487,18,0
RADBILL_4X4_001,16,110_DTend_QT,QT,B1,DT5_PP,345,398.22983318098721,394.41176470588238,34.409407913260821,1.546955801017236,53.229833180987214,18,1.3586275631635019
RADBILL_4X4_001,16,120_DTend_PP,PP,B1,DT5_PP,35,51.662876137158847,39.882352941176471,11.357169282776718,1.4671680699897902,16.662876137158847,18,0
RADBILL_4X4_001,16,120_DTend_QT,QT,B1,DT5_PP,330,382.30538922155688,392.5,21.908902300206645,2.3874034629778569,52.305389221556879,18,1.0561663183194117
RADBILL_4X4_001,16,130first_DTend_PP,PP,B2,DT5_PP,29,46.190692792162345,34.411764705882355,11.662219040181695,1.4740498984740831,17.190692792162345,18,0
RADBILL_4X4_001,16,130first_DTend_QT,QT,B2,DT5_PP,310,372.08012596221135,377.64705882352939,27.620058780871986,2.2476464099781124,62.080125962211355,18,1.2529382477036797
RADBILL_4X4_001,16,130last_DTend_PP,PP,B2,DT5_PP,41,46.999256146092904,37.25,11.17437544861755,0.53687619264977426,5.9992561460929039,18,0
RADBILL_4X4_001,16,130last_DTend_QT,QT,B2,DT5_PP,310,365.6188864507011,375.9375,28.764489102595466,1.9335954917302014,55.618886450701098,18,1.3295746789604936
RADBILL_4X4_001,17,110_DTend_PP,PP,B1,DTend_PP,67,46.223207481815038,42.222222222222221,11.507315093174201,1.8055291221241643,20.776792518184962,18,0
RADBILL_4X4_001,17,110_DTend_QT,QT,B1,DTend_PP,385,390.93177655677658,392.05882352941177,36.403074369198706,0.16294713178938441,5.9317765567765832,18,0.12189733194871691
RADBILL_4X4_001,17,120_DTend_PP,PP,B1,DTend_PP,53,42.786819991154353,38.823529411764703,10.887121371818443,0.93809737763029732,10.213180008845647,18,0
RADBILL_4X4_001,17,120_DTend_QT,QT,B1,DTend_PP,390,383.94274768543153,388.75,26.92582403567252,0.22496070339550453,6.0572523145684727,18,-0.17942120657974484
RADBILL_4X4_001,17,130first_DTend_PP,PP,B2,DTend_QT,49,31.893057459803064,33.235294117647058,11.093519570929157,1.5420662875131264,17.106942540196936,18,0.40696973378277423
RADBILL_4X4_001,17,130first_DTend_QT,QT,B2,DTend_QT,370,366.08064315094106,374.11764705882354,32.124527920541446,0.12200511891577966,3.9193568490589428,18,0
RADBILL_4X4_001,17,130last_DTend_PP,PP,B2,DTend_QT,58,35.200687285223367,36.1875,9.792641795416257,2.3282085867215669,22.799312714776633,18,0.18114407764511764
RADBILL_4X4_001,17,130last_DTend_QT,QT,B2,DTend_QT,380,359.02061855670104,371.5625,33.101800051759525,0.63378370392228267,20.979381443298962,18,0
RADBILL_4X4_001,18,110_DTend_PP,PP,B1,DTend_PP,58,56.284914463452566,42.722222222222221,12.394522298440386,0.13837447666403771,1.7150855365474342,18,-0.17986646473479104
RADBILL_4X4_001,18,110_DTend_QT,QT,B1,DTend_PP,380,395.53109985716139,392.35294117647061,36.319659236546038,0.42762240019954506,15.531099857161394,18,0.38993600474036166
RADBILL_4X4_001,18,120_DTend_PP,PP,B1,DTend_PP,55,50.982349285270352,38.705882352941174,10.710769731223527,0.37510382685359983,4.0176507147296476,18,-0.14989506600266794
RADBILL_4X4_001,18,120_DTend_QT,QT,B1,DTend_PP,355,382.86736816346507,390.9375,25.378386473532945,1.098074859586833,27.867368163465073,18,0.20236992638670814
RADBILL_4X4_001,18,130first_DTend_PP,PP,B2,DT5_QT,41,30.835331734612314,33.705882352941174,11.601533874246721,0.87614865202879655,10.164668265387686,18,0.51462167108069323
RADBILL_4X4_001,18,130first_DTend_QT,QT,B2,DT5_QT,355,340.96243005595522,375,31.770662567847086,0.44184064194654976,14.037569944044776,18,0.22411215777860516
RADBILL_4X4_001,18,130last_DTend_PP,PP,B2,DT5_QT,45,36.018555073035927,37,11.033282980751165,0.81403195609441359,8.9814449269640733,18,0.62658634045086214
RADBILL_4X4_001,18,130last_DTend_QT,QT,B2,DT5_QT,350,338.93308330043425,373.4375,32.645507603139926,0.33900274531192487,11.066916699565752,18,0.16749719355467874
RADBILL_4X4_002,1,110_DTend_PP,PP,B1,DTend_QT,39,43.167106752168991,43.777777777777779,12.859217593780077,0.32405601054488681,4.1671067521689906,18,-0.87561130999680481
RADBILL_4X4_002,1,110_DTend_QT,QT,B1,DTend_QT,415,423.2665330661323,390.29411764705884,35.945731154551495,0.22997259481493612,8.2665330661322969,18,0
RADBILL_4X4_002,1,120_DTend_PP,PP,B2,DTend_PP,34,50.000000000000007,39.941176470588232,11.327348477442184,1.4125106181612723,16.000000000000007,18,0
RADBILL_4X4_002,1,120_DTend_QT,QT,B1,DTend_QT,400,409.53629032258067,388.125,26.762847382145271,0.35632569981857642,9.536290322580669,18,0
RADBILL_4X4_002,1,130first_DTend_PP,PP,B2,DTend_PP,25,43.335490370829625,34.647058823529413,11.499680302461609,1.5944347919745865,18.335490370829625,18,0
RADBILL_4X4_002,1,130first_DTend_QT,QT,B1,DTend_QT,405,399.84901122394439,372.05882352941177,31.127701867137763,0.16547925054157728,5.1509887760556126,18,0
RADBILL_4X4_002,1,130last_DTend_PP,PP,B2,DTend_PP,35,42.005069280162218,37.625,11.194492693582262,0.62576031553249245,7.0050692801622176,18,0
RADBILL_4X4_002,1,130last_DTend_QT,QT,B2,DTend_PP,395,357.93680297397771,370.625,32.602402774437756,1.1368240949124788,37.063197026022294,18,1.0224765147388593
RADBILL_4X4_002,2,110_DTend_PP,PP,B1,DTend_QT,63,40.992462311557787,42.444444444444443,11.961812877664549,1.8398162480484324,22.007537688442213,18,0.30459926565909945
RADBILL_4X4_002,2,110_DTend_QT,QT,B1,DTend_QT,410,406.63678840469152,390.58823529411762,36.136994243312166,0.093068382297205335,3.3632115953084849,18,0
RADBILL_4X4_002,2,120_DTend_PP,PP,B2,DT5_PP,60,40.703823720025923,38.411764705882355,10.143093854499053,1.9023955172627234,19.296176279974077,18,0
RADBILL_4X4_002,2,120_DTend_QT,QT,B1,DTend_QT,395,396.21467953135766,388.4375,26.87742237145023,0.045193304423712846,1.2146795313576604,18,0
RADBILL_4X4_002,2,130first_DTend_PP,PP,B2,DT5_PP,53,35.288723266364222,33,10.682930309610748,1.6579043596027276,17.711276733635778,18,0
RADBILL_4X4_002,2,130first_DTend_QT,QT,B1,DTend_QT,380,386.31582270488695,373.52941176470586,32.101630891316923,0.19674460547720346,6.3158227048869549,18,0
RADBILL_4X4_002,2,130last_DTend_PP,PP,B2,DT5_PP,49,37.664436042426473,36.75,10.785793124908958,1.0509717575979569,11.335563957573527,18,0
RADBILL_4X4_002,2,130last_DTend_QT,QT,B2,DT5_PP,370,370.57165322715559,372.1875,33.164677494788535,0.017236809471324496,0.57165322715559341,18,-0.37603489215635716
RADBILL_4X4_002,3,110_DTend_PP,PP,B1,DTend_QT,48,41.514972952086552,43.277777777777779,12.860361149240285,0.5042647692904445,6.485027047913448,18,0.44592975730349915
RADBILL_4X4_002,3,110_DTend_QT,QT,B1,DTend_QT,365,348.125,393.23529411764707,35.791984807643573,0.47147427254149515,16.875,18,0
RADBILL_4X4_002,3,120_DTend_PP,PP,B2,DT5_PP,46,44.9628222075347,39.235294117647058,11.300052056100814,0.091785222520752524,1.0371777924653003,18,-0.05682489140195307
RADBILL_4X4_002,3,120_DTend_QT,QT,B1,DTend_QT,390,337.69280762564995,388.75,26.92582403567252,1.9426403554094083,52.307192374350052,18,0
RADBILL_4X4_002,3,130first_DTend_PP,PP,B2,DT5_PP,39,39.565102445472569,33.823529411764703,11.668522261396509,0.048429649685986557,0.5651024454725686,18,-0.03476696161558248
RADBILL_4X4_002,3,130first_DTend_QT,QT,B1,DTend_QT,335,331.47041763341065,376.1764705882353,30.543483949358261,0.11555925880758966,3.5295823665893522,18,0
RADBILL_4X4_002,3,130last_DTend_PP,PP,B2,DT5_PP,32,42.400246305418719,37.8125,11.118865349785771,0.9353693905124143,10.400246305418719,18,0.24287679695532061
RADBILL_4X4_002,3,130last_DTend_QT,QT,B2,DT5_PP,345,366.65640394088672,373.75,32.377976053690155,0.66886218906874861,21.656403940886719,18,-0.26237719405828741
RADBILL_4X4_002,4,110_DTend_PP,PP,B1,DTend_QT,26,45.400405718701698,44.5,12.147379286472114,1.5970856973492951,19.400405718701698,18,0.80053806943974104
RADBILL_4X4_002,4,110_DTend_QT,QT,B1,DTend_QT,460,421.97167196961919,387.64705882352939,31.923622085515664,1.1912284868086744,38.028328030380806,18,0
RADBILL_4X4_002,4,120_DTend_PP,PP,B2,DT5_PP,28,32.039428959891225,40.294117647058826,11.021369617034631,0.36650880065285923,4.0394289598912252,18,0
RADBILL_4X4_002,4,120_DTend_QT,QT,B1,DTend_QT,445,406.22251705837755,385.3125,22.395591083961147,1.7314784323506147,38.777482941622452,18,0
RADBILL_4X4_002,4,130first_DTend_PP,PP,B2,DT5_PP,25,26.287899388171308,34.647058823529413,11.499680302461609,0.11199436456469329,1.2878993881713079,18,0
RADBILL_4X4_002,4,130first_DTend_QT,QT,B1,DTend_QT,430,401.03493329665793,370.58823529411762,28.716412605706452,1.0086589540639979,28.965066703342075,18,0
RADBILL_4X4_002,4,130last_DTend_PP,PP,B2,DT5_PP,30,27.619961173918007,37.9375,11.036114956511343,0.21565911876241942,2.3800388260819929,18,0
RADBILL_4X4_002,4,130last_DTend_QT,QT,B2,DT5_PP,435,378.77012675573826,368.125,28.628365886535217,1.964131430593052,56.229873244261739,18,0.66251756142744722
RADBILL_4X4_002,5,110_DTend_PP,PP,B1,DTend_QT,37,42.894190140845069,43.888888888888886,12.805738092924404,0.4602772677431069,5.894190140845069,18,-0.083627706899582821
RADBILL_4X4_002,5,110_DTend_QT,QT,B1,DTend_QT,385,391.93862275449101,392.05882352941177,36.403074369198706,0.19060540557975236,6.9386227544910071,18,0
RADBILL_4X4_002,5,120_DTend_PP,PP,B2,DT5_PP,33,40.338928340865074,40,11.291589790636214,0.64994641825821842,7.3389283408650741,18,0
RADBILL_4X4_002,5,120_DTend_QT,QT,B1,DTend_QT,385,383.8761937244202,389.0625,26.908409466187333,0.041764128682223012,1.1238062755797955,18,0
RADBILL_4X4_002,5,130first_DTend_PP,PP,B2,DT5_PP,26,34.92591994835378,34.588235294117645,11.549127800019207,0.7728652849732025,8.9259199483537799,18,0
RADBILL_4X4_002,5,130first_DTend_QT,QT,B1,DTend_QT,375,370.96669980119282,373.8235294117647,32.138830279969831,0.12549617281251496,4.0333001988071828,18,0
RADBILL_4X4_002,5,130last_DTend_PP,PP,B2,DT5_PP,29,36.88457418318157,38,10.984838035522721,0.7177688153147519,7.8845741831815701,18,0
RADBILL_4X4_002,5,130last_DTend_QT,QT,B2,DT5_PP,375,373.84105516871989,371.875,33.159965822258222,0.03495012140519705,1.1589448312801096,18,-0.25808144661386168
RADBILL_4X4_002,6,110_DTend_PP,PP,B1,DTend_QT,24,46.713244353182752,44.611111111111114,11.95648428008289,1.8996591155995974,22.713244353182752,18,1.6666464692940903
RADBILL_4X4_002,6,110_DTend_QT,QT,B1,DTend_QT,335,341.58723218189766,395,33.400973039718465,0.19721677491444678,6.5872321818976616,18,0
RADBILL_4X4_002,6,120_DTend_PP,PP,B2,DT5_PP,18,14.813703284258199,40.882352941176471,9.9742315051159238,0.31945285349628227,3.1862967157418005,18,0.024884740687380003
RADBILL_4X4_002,6,130first_DTend_PP,PP,B2,DT5_PP,5,15.921291053227627,35.823529411764703,9.0362830724090255,1.2086043526651129,10.921291053227627,18,-0.82159681455596534
RADBILL_4X4_002,6,130first_DTend_QT,QT,B1,DTend_QT,360,308.6869814932993,374.70588235294116,31.940892101431579,1.6064992281289747,51.313018506700701,18,0
RADBILL_4X4_002,7,110_DTend_PP,PP,B1,DTend_QT,31,43.249647887323945,44.222222222222221,12.525529485370624,0.9779744562200825,12.249647887323945,18,0.25504035193743202
RADBILL_4X4_002,7,110_DTend_QT,QT,B1,DTend_QT,385,391.93862275449101,392.05882352941177,36.403074369198706,0.19060540557975236,6.9386227544910071,18,0
RADBILL_4X4_002,7,120_DTend_PP,PP,B2,DT5_PP,30,36.518415906127771,40.176470588235297,11.148067624691997,0.58471262693904447,6.5184159061277711,18,0
RADBILL_4X4_002,7,120_DTend_QT,QT,B1,DTend_QT,390,383.53171896316508,388.75,26.92582403567252,0.24022592691185457,6.4682810368349237,18,0
RADBILL_4X4_002,7,130first_DTend_PP,PP,B2,DT5_PP,38,30.098598435462844,33.882352941176471,11.693386768496415,0.67571540401148911,7.9014015645371565,18,0
RADBILL_4X4_002,7,130first_DTend_QT,QT,B1,DTend_QT,390,370.02733598409543,372.94117647058823,31.871755890277083,0.62665715954474621,19.97266401590457,18,0
RADBILL_4X4_002,7,130last_DTend_PP,PP,B2,DT5_PP,33,32.498133038307287,37.75,11.150485789118488,0.045008528882434305,0.50186696169271272,18,0
RADBILL_4X4_002,7,130last_DTend_QT,QT,B2,DT5_PP,395,379.23765730880928,370.625,32.602402774437756,0.48347181035225256,15.762342691190725,18,-0.47028659943450662
RADBILL_4X4_002,8,110_DTend_PP,PP,B1,DTend_QT,44,42.388805970149257,43.5,12.908045826492232,0.12482091026853645,1.6111940298507434,18,-0.74480794553537166
RADBILL_4X4_002,8,110_DTend_QT,QT,B1,DTend_QT,430,446.40915269596735,389.41176470588238,35.083932974243019,0.46771132267337817,16.40915269596735,18,0
RADBILL_4X4_002,8,120_DTend_PP,PP,B2,DT5_PP,36,37.460952689565779,39.823529411764703,11.381098882124954,0.12836657555627934,1.4609526895657794,18,-0.37205652072192102
RADBILL_4X4_002,8,120_DTend_QT,QT,B1,DTend_QT,420,426.25660211267609,386.875,25.617376914898998,0.24423273832682177,6.2566021126760916,18,0
RADBILL_4X4_002,8,130first_DTend_PP,PP,B2,DT5_PP,38,31.497893713545039,33.882352941176471,11.693386768496415,0.55604987803640649,6.5021062864549606,18,-0.51382068915044665
RADBILL_4X4_002,8,130first_DTend_QT,QT,B1,DTend_QT,420,420.02333540759179,371.1764705882353,29.871046378804774,0.00078120489305473842,0.023335407591787316,18,0
RADBILL_4X4_002,8,130last_DTend_PP,PP,B2,DT5_PP,40,33.325571895424837,37.3125,11.193562137824284,0.5962738243996103,6.6744281045751634,18,-0.30190926254366723
RADBILL_4X4_002,8,130last_DTend_QT,QT,B2,DT5_PP,415,375.40441176470586,369.375,31.138133106102128,1.2716108605603786,39.595588235294144,18,1.0588774993232626
RADBILL_4X4_002,10,110_DTend_PP,PP,B1,DTend_QT,32,44.426101236476043,44.166666666666664,12.585005083081073,0.98737355721702047,12.426101236476043,18,0.57013860190986176
RADBILL_4X4_002,10,110_DTend_QT,QT,B1,DTend_QT,425,427.78045776454894,389.70588235294116,35.420270866204483,0.078499054257709186,2.7804577645489417,18,0
RADBILL_4X4_002,10,120_DTend_PP,PP,B2,DT5_PP,33,30.731481481481477,40,11.291589790636214,0.2009033768123368,2.2685185185185226,18,0.14295787799943432
RADBILL_4X4_002,10,120_DTend_QT,QT,B1,DTend_QT,405,413.74336618650489,387.8125,26.581243387020105,0.32892991720524112,8.7433661865048862,18,0
RADBILL_4X4_002,10,130first_DTend_PP,PP,B2,DT5_PP,22,25.958333333333329,34.823529411764703,11.315008252966759,0.34983035317676114,3.9583333333333286,18,-0.32492760688882005
RADBILL_4X4_002,10,130first_DTend_QT,QT,B1,DTend_QT,405,405.43941686150458,372.05882352941177,31.127701867137763,0.014116585393298353,0.43941686150458281,18,0
RADBILL_4X4_002,10,130last_DTend_PP,PP,B2,DT5_PP,23,28.41652430501631,38.375,10.531698185319719,0.51430682969689334,5.4165243050163099,18,-0.53208246287623751
RADBILL_4X4_002,10,130last_DTend_QT,QT,B2,DT5_PP,395,388.40153750582391,370.625,32.602402774437756,0.2023919077323246,6.5984624941760899,18,-0.11224045570526633
RADBILL_4X4_002,11,110_DTend_PP,PP,B1,DTend_QT,50,42.029522613065325,43.166666666666664,12.807396759869114,0.62233391659337722,7.9704773869346752,18,0.20290631974535711
RADBILL_4X4_002,11,110_DTend_QT,QT,B1,DTend_QT,410,406.63678840469152,390.58823529411762,36.136994243312166,0.093068382297205335,3.3632115953084849,18,0
RADBILL_4X4_002,11,120_DTend_PP,PP,B2,DT5_PP,45,46.450803212851412,39.294117647058826,11.334486677185435,0.12799902229111562,1.4508032128514117,18,-0.37694767682771924
RADBILL_4X4_002,11,120_DTend_QT,QT,B1,DTend_QT,390,396.61440385940733,388.75,26.92582403567252,0.24565279230244833,6.6144038594073322,18,0
RADBILL_4X4_002,11,130first_DTend_PP,PP,B2,DT5_PP,39,40.96987951807229,33.823529411764703,11.668522261396509,0.16881996485444686,1.9698795180722897,18,-0.19684620277682971
RADBILL_4X4_002,11,130first_DTend_QT,QT,B1,DTend_QT,375,386.71549438060362,373.8235294117647,32.138830279969831,0.36452771549390106,11.715494380603616,18,0
RADBILL_4X4_002,11,130last_DTend_PP,PP,B2,DT5_PP,48,42.305164972852566,36.8125,10.857984773121268,0.5244836077910966,5.6948350271474339,18,-0.11552138134718359
RADBILL_4X4_002,11,130last_DTend_QT,QT,B2,DT5_PP,370,361.88605039677014,372.1875,33.164677494788535,0.24465636985328362,8.1139496032298553,18,-0.14861533177439804
RADBILL_4X4_002,12,110_DTend_PP,PP,B1,DTend_QT,47,42.282746478873243,43.333333333333336,12.87953232618236,0.36625969031012207,4.7172535211267572,18,0.13883924080529847
RADBILL_4X4_002,12,120_DTend_PP,PP,B2,DT5_PP,41,40.544089147286826,39.529411764705884,11.413356468732278,0.039945379254750793,0.45591085271317411,18,-0.37993468634389976
RADBILL_4X4_002,12,120_DTend_QT,QT,B1,DTend_QT,380,379.88144329896909,389.375,26.825050481468498,0.0044196263903702156,0.11855670103091143,18,0
RADBILL_4X4_002,12,130first_DTend_PP,PP,B2,DT5_PP,33,35.188953488372093,34.176470588235297,11.732621691877135,0.18656985163747114,2.1889534883720927,18,-0.36247466245043319
RADBILL_4X4_002,12,130first_DTend_QT,QT,B1,DTend_QT,350,367.39935186339272,375.29411764705884,31.54711695599606,0.55153540298666448,17.399351863392724,18,0
RADBILL_4X4_002,12,130last_DTend_PP,PP,B2,DT5_PP,17,38.31209254120558,38.75,9.8013604497879108,2.1744014670602945,21.31209254120558,18,-0.35959729754277436
RADBILL_4X4_002,12,130last_DTend_QT,QT,B2,DT5_PP,350,374.21634181404835,373.4375,32.645507603139926,0.74179706771412435,24.216341814048349,18,0.39473869003624884
RADBILL_4X4_002,13,110_DTend_PP,PP,B1,DTend_QT,49,42.180678205581067,43.222222222222221,12.836325090541505,0.53125187671070873,6.8193217944189328,18,0.34105257606387329
RADBILL_4X4_002,13,110_DTend_QT,QT,B1,DTend_QT,395,396.75973721257623,391.47058823529414,36.433359794045252,0.048300162887086842,1.7597372125762263,18,0
RADBILL_4X4_002,13,120_DTend_PP,PP,B2,DT5_PP,45,47.168408631153071,39.294117647058826,11.334486677185435,0.19131070448190135,2.1684086311530706,18,-0.031609833686393529
RADBILL_4X4_002,13,120_DTend_QT,QT,B1,DTend_QT,385,388.2079646017699,389.0625,26.908409466187333,0.1192179198031373,3.2079646017699019,18,0
RADBILL_4X4_002,13,130first_DTend_PP,PP,B2,DT5_PP,40,41.582434254888739,33.764705882352942,11.637919765601936,0.13597226022866399,1.5824342548887387,18,-0.17823455314299902
RADBILL_4X4_002,13,130first_DTend_QT,QT,B1,DTend_QT,370,376.47406393830079,374.11764705882354,32.124527920541446,0.20153024362923214,6.4740639383007874,18,0
RADBILL_4X4_002,13,130last_DTend_PP,PP,B2,DT5_PP,39,44.027962435369837,37.375,11.206396982676159,0.44866895605630486,5.0279624353698367,18,0.35661169876735732
RADBILL_4X4_002,13,130last_DTend_QT,QT,B2,DT5_PP,375,359.95251661918331,371.875,33.159965822258222,0.45378464686824999,15.047483380816686,18,0.33471745161182304
RADBILL_4X4_002,14,110_DTend_PP,PP,B1,DTend_QT,30,43.370275521017305,44.277777777777779,12.460788170499704,1.07298794731707,13.370275521017305,18,0.98562634654717507
RADBILL_4X4_002,14,110_DTend_QT,QT,B1,DTend_QT,395,396.75973721257623,391.47058823529414,36.433359794045252,0.048300162887086842,1.7597372125762263,18,0
RADBILL_4X4_002,14,120_DTend_PP,PP,B2,DT5_PP,30,30.39127423822714,40.176470588235297,11.148067624691997,0.035097942656941016,0.39127423822714036,18,-0.15474493031568382
RADBILL_4X4_002,14,120_DTend_QT,QT,B1,DTend_QT,385,388.2079646017699,389.0625,26.908409466187333,0.1192179198031373,3.2079646017699019,18,0
RADBILL_4X4_002,14,130first_DTend_PP,PP,B2,DT5_PP,28,24.458275623268694,34.470588235294116,11.63033558769277,0.30452469320654529,3.541724376731306,18,-0.04385920677727273
RADBILL_4X4_002,14,130first_DTend_QT,QT,B1,DTend_QT,365,376.7931334743127,374.41176470588238,32.058654883528355,0.3678611444291125,11.793133474312697,18,0
RADBILL_4X4_002,14,130last_DTend_PP,PP,B2,DT5_PP,28,26.416550958067202,38.0625,10.926840043367219,0.14491372031148012,1.5834490419327985,18,-0.062823660265626802
RADBILL_4X4_002,14,130last_DTend_QT,QT,B2,DT5_PP,345,402.72979727853374,373.75,32.377976053690155,1.7829958606061236,57.729797278533738,18,0.91657056896299405
RADBILL_4X4_002,15,110_DTend_PP,PP,B1,DTend_QT,43,42.058933582787652,43.555555555555557,12.907919239171251,0.072906128383304666,0.94106641721234752,18,0.010435328702205982
RADBILL_4X4_002,15,110_DTend_QT,QT,B1,DTend_QT,330,322.83185840707966,395.29411764705884,32.809611217374922,0.21847688305200996,7.1681415929203354,18,0
RADBILL_4X4_002,16,110_DTend_PP,PP,B1,DTend_QT,36,43.463581916537869,43.944444444444443,12.771623979939562,0.58438785296693241,7.4635819165378692,18,-1.008824299032328
RADBILL_4X4_002,16,110_DTend_QT,QT,B1,DTend_QT,345,351.48026315789474,394.41176470588238,34.409407913260821,0.18832823785373398,6.4802631578947398,18,0
RADBILL_4X4_002,16,120_DTend_PP,PP,B2,DT5_PP,35,51.662876137158847,39.882352941176471,11.357169282776718,1.4671680699897902,16.662876137158847,18,0
RADBILL_4X4_002,16,120_DTend_QT,QT,B1,DTend_QT,330,359.16594454072793,392.5,21.908902300206645,1.3312371446584452,29.165944540727935,18,0
RADBILL_4X4_002,16,130first_DTend_PP,PP,B2,DT5_PP,29,46.190692792162345,34.411764705882355,11.662219040181695,1.4740498984740831,17.190692792162345,18,0
RADBILL_4X4_002,16,130first_DTend_QT,QT,B1,DTend_QT,310,337.47389791183298,377.64705882352939,27.620058780871986,0.99470816227443259,27.473897911832978,18,0
RADBILL_4X4_002,16,130last_DTend_PP,PP,B2,DT5_PP,41,46.999256146092904,37.25,11.17437544861755,0.53687619264977426,5.9992561460929039,18,0
RADBILL_4X4_002,16,130last_DTend_QT,QT,B2,DT5_PP,310,365.6188864507011,375.9375,28.764489102595466,1.9335954917302014,55.618886450701098,18,1.3295746789604936
RADBILL_4X4_002,17,110_DTend_PP,PP,B1,DTend_QT,67,41.09788732394366,42.222222222222221,11.507315093174201,2.2509258212126917,25.90211267605634,18,0.44539669908852741
RADBILL_4X4_002,17,110_DTend_QT,QT,B1,DTend_QT,385,386.49433891644054,392.05882352941177,36.403074369198706,0.041049799840667506,1.4943389164405403,18,0
RADBILL_4X4_002,17,120_DTend_PP,PP,B2,DT5_PP,53,44.374091209517516,38.823529411764703,10.887121371818443,0.79230390622913793,8.6259087904824838,18,-0.14579347140115939
RADBILL_4X4_002,17,120_DTend_QT,QT,B1,DTend_QT,390,379.11168384879727,388.75,26.92582403567252,0.40438190997524937,10.88831615120273,18,0
RADBILL_4X4_002,17,130first_DTend_PP,PP,B2,DT5_PP,49,38.724058162590879,33.235294117647058,11.093519570929157,0.92630132138924437,10.275941837409121,18,-0.20879523234110775
RADBILL_4X4_002,17,130first_DTend_QT,QT,B1,DTend_QT,370,366.08064315094106,374.11764705882354,32.124527920541446,0.12200511891577966,3.9193568490589428,18,0
RADBILL_4X4_002,17,130last_DTend_PP,PP,B2,DT5_PP,58,40.126847290640399,36.1875,9.792641795416257,1.8251614919403742,17.873152709359601,18,-0.32190301713607505
RADBILL_4X4_002,17,130last_DTend_QT,QT,B2,DT5_PP,380,363.5960591133005,371.5625,33.101800051759525,0.4955603882885381,16.403940886699502,18,-0.13822331563374457
RADBILL_4X4_002,18,110_DTend_PP,PP,B1,DTend_QT,58,41.55996114447192,42.722222222222221,12.394522298440386,1.3263955205112459,16.44003885552808,18,1.0081545791124171
RADBILL_4X4_002,18,110_DTend_QT,QT,B1,DTend_QT,380,381.36875704093126,392.35294117647061,36.319659236546038,0.037686395459183404,1.3687570409312571,18,0
RADBILL_4X4_002,18,120_DTend_PP,PP,B2,DT5_PP,55,49.376857749469224,38.705882352941174,10.710769731223527,0.52499889285626777,5.6231422505307762,18,0
RADBILL_4X4_002,18,120_DTend_QT,QT,B1,DTend_QT,355,377.73154596100278,390.9375,25.378386473532945,0.8957049332001249,22.73154596100278,18,0
RADBILL_4X4_002,18,130first_DTend_PP,PP,B2,DT5_PP,41,45.19426751592357,33.705882352941174,11.601533874246721,0.36152698094810337,4.1942675159235705,18,0
RADBILL_4X4_002,18,130first_DTend_QT,QT,B1,DTend_QT,355,361.9173782019086,375,31.770662567847086,0.2177284841679446,6.9173782019086048,18,0
RADBILL_4X4_002,18,130last_DTend_PP,PP,B2,DT5_PP,45,47.068140520896421,37,11.033282980751165,0.18744561564355147,2.0681405208964208,18,0
RADBILL_4X4_002,18,130last_DTend_QT,QT,B2,DT5_PP,350,357.12295578437312,373.4375,32.645507603139926,0.21819099494375804,7.1229557843731186,18,0.04668544318651191
RADBILL_4X4_003,1,110_DTend_PP,PP,B1,DTend_QT,39,43.167106752168991,43.777777777777779,12.859217593780077,0.32405601054488681,4.1671067521689906,18,-0.87561130999680481
RADBILL_4X4_003,1,110_DTend_QT,QT,B1,DTend_QT,415,423.2665330661323,390.29411764705884,35.945731154551495,0.22997259481493612,8.2665330661322969,18,0
RADBILL_4X4_003,1,120_DTend_PP,PP,B2,DTend_PP,34,50.000000000000007,39.941176470588232,11.327348477442184,1.4125106181612723,16.000000000000007,18,0
RADBILL_4X4_003,1,120_DTend_QT,QT,B1,DTend_QT,400,409.53629032258067,388.125,26.762847382145271,0.35632569981857642,9.536290322580669,18,0
RADBILL_4X4_003,1,130first_DTend_PP,PP,B1,DTend_QT,25,36.687065740245856,34.647058823529413,11.499680302461609,1.0162948388873154,11.687065740245856,18,-0.57813995308727106
RADBILL_4X4_003,1,130first_DTend_QT,QT,B2,DTend_PP,405,361.52884876196379,372.05882352941177,31.127701867137763,1.3965422639802947,43.471151238036214,18,1.2310630134387175
RADBILL_4X4_003,1,130last_DTend_PP,PP,B2,DTend_PP,35,42.005069280162218,37.625,11.194492693582262,0.62576031553249245,7.0050692801622176,18,0
RADBILL_4X4_003,1,130last_DTend_QT,QT,B2,DTend_PP,395,357.93680297397771,370.625,32.602402774437756,1.1368240949124788,37.063197026022294,18,1.0224765147388593
RADBILL_4X4_003,2,110_DTend_PP,PP,B1,DTend_QT,63,40.992462311557787,42.444444444444443,11.961812877664549,1.8398162480484324,22.007537688442213,18,0.30459926565909945
RADBILL_4X4_003,2,110_DTend_QT,QT,B1,DTend_QT,410,406.63678840469152,390.58823529411762,36.136994243312166,0.093068382297205335,3.3632115953084849,18,0
RADBILL_4X4_003,2,120_DTend_PP,PP,B2,DT5_PP,60,40.703823720025923,38.411764705882355,10.143093854499053,1.9023955172627234,19.296176279974077,18,0
RADBILL_4X4_003,2,120_DTend_QT,QT,B1,DTend_QT,395,396.21467953135766,388.4375,26.87742237145023,0.045193304423712846,1.2146795313576604,18,0
RADBILL_4X4_003,2,130first_DTend_PP,PP,B1,DTend_QT,53,32.753377951761586,33,10.682930309610748,1.8952311268027111,20.246622048238414,18,0.23732676719998347
RADBILL_4X4_003,2,130first_DTend_QT,QT,B2,DT5_PP,380,371.150356448477,373.52941176470586,32.101630891316923,0.27567582411885239,8.8496435515230019,18,0.078931218641648926
RADBILL_4X4_003,2,130last_DTend_PP,PP,B2,DT5_PP,49,37.664436042426473,36.75,10.785793124908958,1.0509717575979569,11.335563957573527,18,0
RADBILL_4X4_003,2,130last_DTend_QT,QT,B2,DT5_PP,370,370.57165322715559,372.1875,33.164677494788535,0.017236809471324496,0.57165322715559341,18,-0.37603489215635716
RADBILL_4X4_003,3,110_DTend_PP,PP,B1,DTend_QT,48,41.514972952086552,43.277777777777779,12.860361149240285,0.5042647692904445,6.485027047913448,18,0.44592975730349915
RADBILL_4X4_003,3,110_DTend_QT,QT,B1,DTend_QT,365,348.125,393.23529411764707,35.791984807643573,0.47147427254149515,16.875,18,0
RADBILL_4X4_003,3,120_DTend_PP,PP,B2,DT5_PP,46,44.9628222075347,39.235294117647058,11.300052056100814,0.091785222520752524,1.0371777924653003,18,-0.05682489140195307
RADBILL_4X4_003,3,120_DTend_QT,QT,B1,DTend_QT,390,337.69280762564995,388.75,26.92582403567252,1.9426403554094083,52.307192374350052,18,0
RADBILL_4X4_003,3,130first_DTend_PP,PP,B1,DTend_QT,39,28.675754060324824,33.823529411764703,11.668522261396509,0.88479463880626408,10.324245939675176,18,0.801598027504695
RADBILL_4X4_003,3,130first_DTend_QT,QT,B2,DT5_PP,335,371.33096497025775,376.1764705882353,30.543483949358261,1.1894833290955038,36.330964970257753,18,1.073924070287914
RADBILL_4X4_003,3,130last_DTend_PP,PP,B2,DT5_PP,32,42.400246305418719,37.8125,11.118865349785771,0.9353693905124143,10.400246305418719,18,0.24287679695532061
RADBILL_4X4_003,3,130last_DTend_QT,QT,B2,DT5_PP,345,366.65640394088672,373.75,32.377976053690155,0.66886218906874861,21.656403940886719,18,-0.26237719405828741
RADBILL_4X4_003,4,110_DTend_PP,PP,B1,DTend_QT,26,45.400405718701698,44.5,12.147379286472114,1.5970856973492951,19.400405718701698,18,0.80053806943974104
RADBILL_4X4_003,4,110_DTend_QT,QT,B1,DTend_QT,460,421.97167196961919,387.64705882352939,31.923622085515664,1.1912284868086744,38.028328030380806,18,0
RADBILL_4X4_003,4,120_DTend_PP,PP,B2,DTend_QT,28,41.387842112501716,40.294117647058826,11.021369617034631,1.2147167346433481,13.387842112501716,18,0.84820793399048888
RADBILL_4X4_003,4,120_DTend_QT,QT,B1,DTend_QT,445,406.22251705837755,385.3125,22.395591083961147,1.7314784323506147,38.777482941622452,18,0
RADBILL_4X4_003,4,130first_DTend_PP,PP,B1,DTend_QT,25,37.411910328703065,34.647058823529413,11.499680302461609,1.079326555369212,12.411910328703065,18,0.96733219080451871
RADBILL_4X4_003,4,130first_DTend_QT,QT,B2,DTend_QT,430,401.03493329665793,370.58823529411762,28.716412605706452,1.0086589540639979,28.965066703342075,18,0
RADBILL_4X4_003,4,130last_DTend_PP,PP,B2,DTend_QT,30,36.44048521607278,37.9375,11.036114956511343,0.58358265036672829,6.4404852160727799,18,0.36792353160430891
RADBILL_4X4_003,4,130last_DTend_QT,QT,B2,DTend_QT,435,397.73692191053829,368.125,28.628365886535217,1.3016138691656047,37.263078089461715,18,0
RADBILL_4X4_003,5,110_DTend_PP,PP,B1,DTend_QT,37,42.894190140845069,43.888888888888886,12.805738092924404,0.4602772677431069,5.894190140845069,18,-0.083627706899582821
RADBILL_4X4_003,5,110_DTend_QT,QT,B1,DTend_QT,385,391.93862275449101,392.05882352941177,36.403074369198706,0.19060540557975236,6.9386227544910071,18,0
RADBILL_4X4_003,5,120_DTend_PP,PP,B2,DT5_PP,33,40.338928340865074,40,11.291589790636214,0.64994641825821842,7.3389283408650741,18,0
RADBILL_4X4_003,5,120_DTend_QT,QT,B1,DTend_QT,385,383.8761937244202,389.0625,26.908409466187333,0.041764128682223012,1.1238062755797955,18,0
RADBILL_4X4_003,5,130first_DTend_PP,PP,B1,DTend_QT,26,33.732107355864812,34.588235294117645,11.549127800019207,0.66949708148973408,7.7321073558648123,18,-0.10336820348346842
RADBILL_4X4_003,5,130first_DTend_QT,QT,B2,DT5_PP,375,373.4885409941898,373.8235294117647,32.138830279969831,0.047029060878802278,1.5114590058101953,18,-0.078467111933712683
RADBILL_4X4_003,5,130last_DTend_PP,PP,B2,DT5_PP,29,36.88457418318157,38,10.984838035522721,0.7177688153147519,7.8845741831815701,18,0
RADBILL_4X4_003,5,130last_DTend_QT,QT,B2,DT5_PP,375,373.84105516871989,371.875,33.159965822258222,0.03495012140519705,1.1589448312801096,18,-0.25808144661386168
RADBILL_4X4_003,6,110_DTend_PP,PP,B1,DTend_QT,24,46.713244353182752,44.611111111111114,11.95648428008289,1.8996591155995974,22.713244353182752,18,1.6666464692940903
RADBILL_4X4_003,6,110_DTend_QT,QT,B1,DTend_QT,335,341.58723218189766,395,33.400973039718465,0.19721677491444678,6.5872321818976616,18,0
RADBILL_4X4_003,6,120_DTend_PP,PP,B2,DT5_PP,18,14.813703284258199,40.882352941176471,9.9742315051159238,0.31945285349628227,3.1862967157418005,18,0.024884740687380003
RADBILL_4X4_003,6,130first_DTend_PP,PP,B1,DTend_QT,5,39.143267389917035,35.823529411764703,9.0362830724090255,3.7784636798473623,34.143267389917035,18,1.7482625126262841
RADBILL_4X4_003,6,130first_DTend_QT,QT,B2,DT5_PP,360,428.68629671574178,374.70588235294116,31.940892101431579,2.1504188579837216,68.686296715741776,18,0.54391962985474684
RADBILL_4X4_003,7,110_DTend_PP,PP,B1,DTend_QT,31,43.249647887323945,44.222222222222221,12.525529485370624,0.9779744562200825,12.249647887323945,18,0.25504035193743202
RADBILL_4X4_003,7,110_DTend_QT,QT,B1,DTend_QT,385,391.93862275449101,392.05882352941177,36.403074369198706,0.19060540557975236,6.9386227544910071,18,0
RADBILL_4X4_003,7,120_DTend_PP,PP,B2,DT5_QT,30,40.681283577755188,40.176470588235297,11.148067624691997,0.95812870331868794,10.681283577755188,18,0.37341607637964347
RADBILL_4X4_003,7,120_DTend_QT,QT,B1,DTend_QT,390,383.53171896316508,388.75,26.92582403567252,0.24022592691185457,6.4682810368349237,18,0
RADBILL_4X4_003,7,130first_DTend_PP,PP,B1,DTend_QT,38,32.980616302186881,33.882352941176471,11.693386768496415,0.42924977999838554,5.0193836978131188,18,-0.24646562401310357
RADBILL_4X4_003,7,130first_DTend_QT,QT,B2,DT5_QT,390,360.86612458254683,372.94117647058823,31.871755890277083,0.91409696779024519,29.133875417453169,18,0.28743980824549897
RADBILL_4X4_003,7,130last_DTend_PP,PP,B2,DT5_QT,33,38.033251662583126,37.75,11.150485789118488,0.45139303863289659,5.0332516625831261,18,0.40638450975046231
RADBILL_4X4_003,7,130last_DTend_QT,QT,B2,DT5_QT,395,356.98459922996147,370.625,32.602402774437756,1.1660306460554768,38.015400770038525,18,0.21227223626871761
RADBILL_4X4_003,8,110_DTend_PP,PP,B1,DTend_PP,44,32.774790877243149,43.5,12.908045826492232,0.86962885580390814,11.225209122756851,18,0
RADBILL_4X4_003,8,110_DTend_QT,QT,B1,DTend_PP,430,382.3235800344234,389.41176470588238,35.083932974243019,1.3589246108917832,47.676419965576599,18,0.89121328821840495
RADBILL_4X4_003,8,120_DTend_PP,PP,B2,DT5_PP,36,37.460952689565779,39.823529411764703,11.381098882124954,0.12836657555627934,1.4609526895657794,18,-0.37205652072192102
RADBILL_4X4_003,8,120_DTend_QT,QT,B1,DTend_PP,420,391.1862464183381,386.875,25.617376914898998,1.1247737688905961,28.813753581661899,18,0.88054103056377431
RADBILL_4X4_003,8,130first_DTend_PP,PP,B1,DTend_PP,38,25.489589665653497,33.882352941176471,11.693386768496415,1.0698705671868531,12.510410334346503,18,0
RADBILL_4X4_003,8,130first_DTend_QT,QT,B2,DT5_PP,420,373.3360337005833,371.1764705882353,29.871046378804774,1.5621805044140491,46.6639662994167,18,1.5613992995209944
RADBILL_4X4_003,8,130last_DTend_PP,PP,B2,DT5_PP,40,33.325571895424837,37.3125,11.193562137824284,0.5962738243996103,6.6744281045751634,18,-0.30190926254366723
RADBILL_4X4_003,8,130last_DTend_QT,QT,B2,DT5_PP,415,375.40441176470586,369.375,31.138133106102128,1.2716108605603786,39.595588235294144,18,1.0588774993232626
RADBILL_4X4_003,10,110_DTend_PP,PP,B1,DTend_QT,32,44.426101236476043,44.166666666666664,12.585005083081073,0.98737355721702047,12.426101236476043,18,0.57013860190986176
RADBILL_4X4_003,10,110_DTend_QT,QT,B1,DTend_QT,425,427.78045776454894,389.70588235294116,35.420270866204483,0.078499054257709186,2.7804577645489417,18,0
RADBILL_4X4_003,10,120_DTend_PP,PP,B2,DT5_PP,33,30.731481481481477,40,11.291589790636214,0.2009033768123368,2.2685185185185226,18,0.14295787799943432
RADBILL_4X4_003,10,120_DTend_QT,QT,B1,DTend_QT,405,413.74336618650489,387.8125,26.581243387020105,0.32892991720524112,8.7433661865048862,18,0
RADBILL_4X4_003,10,130first_DTend_PP,PP,B1,DTend_QT,22,37.940448356484666,34.823529411764703,11.315008252966759,1.4087880450555685,15.940448356484666,18,0.73403008498998734
RADBILL_4X4_003,10,130first_DTend_QT,QT,B2,DT5_PP,405,379.60648148148147,372.05882352941177,31.127701867137763,0.81578520081262607,25.393518518518533,18,0.80166861541932777
RADBILL_4X4_003,10,130last_DTend_PP,PP,B2,DT5_PP,23,28.41652430501631,38.375,10.531698185319719,0.51430682969689334,5.4165243050163099,18,-0.53208246287623751
RADBILL_4X4_003,10,130last_DTend_QT,QT,B2,DT5_PP,395,388.40153750582391,370.625,32.602402774437756,0.2023919077323246,6.5984624941760899,18,-0.11224045570526633
RADBILL_4X4_003,11,110_DTend_PP,PP,B1,DTend_QT,50,42.029522613065325,43.166666666666664,12.807396759869114,0.62233391659337722,7.9704773869346752,18,0.20290631974535711
RADBILL_4X4_003,11,110_DTend_QT,QT,B1,DTend_QT,410,406.63678840469152,390.58823529411762,36.136994243312166,0.093068382297205335,3.3632115953084849,18,0
RADBILL_4X4_003,11,120_DTend_PP,PP,B2,DT5_PP,45,46.450803212851412,39.294117647058826,11.334486677185435,0.12799902229111562,1.4508032128514117,18,-0.37694767682771924
RADBILL_4X4_003,11,120_DTend_QT,QT,B1,DTend_QT,390,396.61440385940733,388.75,26.92582403567252,0.24565279230244833,6.6144038594073322,18,0
RADBILL_4X4_003,11,130first_DTend_PP,PP,B1,DTend_QT,39,33.872458643768148,33.823529411764703,11.668522261396509,0.43943365246818999,5.1275413562318519,18,0.073767484836913422
RADBILL_4X4_003,11,130first_DTend_QT,QT,B2,DT5_PP,375,366.48845381526104,373.8235294117647,32.138830279969831,0.26483683788714885,8.5115461847389611,18,-0.099690877606752215
RADBILL_4X4_003,11,130last_DTend_PP,PP,B2,DT5_PP,48,42.305164972852566,36.8125,10.857984773121268,0.5244836077910966,5.6948350271474339,18,-0.11552138134718359
RADBILL_4X4_003,11,130last_DTend_QT,QT,B2,DT5_PP,370,361.88605039677014,372.1875,33.164677494788535,0.24465636985328362,8.1139496032298553,18,-0.14861533177439804
RADBILL_4X4_003,12,110_DTend_PP,PP,B1,DTend_QT,47,42.282746478873243,43.333333333333336,12.87953232618236,0.36625969031012207,4.7172535211267572,18,0.13883924080529847
RADBILL_4X4_003,12,120_DTend_PP,PP,B2,DT5_PP,41,40.544089147286826,39.529411764705884,11.413356468732278,0.039945379254750793,0.45591085271317411,18,-0.37993468634389976
RADBILL_4X4_003,12,120_DTend_QT,QT,B1,DTend_QT,380,379.88144329896909,389.375,26.825050481468498,0.0044196263903702156,0.11855670103091143,18,0
RADBILL_4X4_003,12,130first_DTend_PP,PP,B1,DTend_QT,33,32.948024429764423,34.176470588235297,11.732621691877135,0.0044300047849971137,0.05197557023557664,18,-0.54461450930290722
RADBILL_4X4_003,12,130first_DTend_QT,QT,B2,DT5_PP,350,374.30717054263567,375.29411764705884,31.54711695599606,0.77050370645726118,24.307170542635674,18,0.2189683034705967
RADBILL_4X4_003,12,130last_DTend_PP,PP,B2,DT5_PP,17,38.31209254120558,38.75,9.8013604497879108,2.1744014670602945,21.31209254120558,18,-0.35959729754277436
RADBILL_4X4_003,12,130last_DTend_QT,QT,B2,DT5_PP,350,374.21634181404835,373.4375,32.645507603139926,0.74179706771412435,24.216341814048349,18,0.39473869003624884
RADBILL_4X4_003,13,110_DTend_PP,PP,B1,DTend_QT,49,42.180678205581067,43.222222222222221,12.836325090541505,0.53125187671070873,6.8193217944189328,18,0.34105257606387329
RADBILL_4X4_003,13,110_DTend_QT,QT,B1,DTend_QT,395,396.75973721257623,391.47058823529414,36.433359794045252,0.048300162887086842,1.7597372125762263,18,0
RADBILL_4X4_003,13,120_DTend_PP,PP,B2,DT5_PP,45,47.168408631153071,39.294117647058826,11.334486677185435,0.19131070448190135,2.1684086311530706,18,-0.031609833686393529
RADBILL_4X4_003,13,120_DTend_QT,QT,B1,DTend_QT,385,388.2079646017699,389.0625,26.908409466187333,0.1192179198031373,3.2079646017699019,18,0
RADBILL_4X4_003,13,130first_DTend_PP,PP,B1,DTend_QT,40,33.193307625326533,33.764705882352942,11.637919765601936,0.58487191111180614,6.8066923746734673,18,0.27066509774014313
RADBILL_4X4_003,13,130first_DTend_QT,QT,B2,DT5_PP,370,366.25590020229265,374.11764705882354,32.124527920541446,0.11654956633038185,3.7440997977073494,18,-0.084980677298850282
RADBILL_4X4_003,13,130last_DTend_PP,PP,B2,DT5_PP,39,44.027962435369837,37.375,11.206396982676159,0.44866895605630486,5.0279624353698367,18,0.35661169876735732
RADBILL_4X4_003,13,130last_DTend_QT,QT,B2,DT5_PP,375,359.95251661918331,371.875,33.159965822258222,0.45378464686824999,15.047483380816686,18,0.33471745161182304
RADBILL_4X4_003,14,110_DTend_PP,PP,B1,DTend_QT,30,43.370275521017305,44.277777777777779,12.460788170499704,1.07298794731707,13.370275521017305,18,0.98562634654717507
RADBILL_4X4_003,14,110_DTend_QT,QT,B1,DTend_QT,395,396.75973721257623,391.47058823529414,36.433359794045252,0.048300162887086842,1.7597372125762263,18,0
RADBILL_4X4_003,14,120_DTend_PP,PP,B2,DT5_PP,30,30.39127423822714,40.176470588235297,11.148067624691997,0.035097942656941016,0.39127423822714036,18,-0.15474493031568382
RADBILL_4X4_003,14,120_DTend_QT,QT,B1,DTend_QT,385,388.2079646017699,389.0625,26.908409466187333,0.1192179198031373,3.2079646017699019,18,0
RADBILL_4X4_003,14,130first_DTend_PP,PP,B1,DTend_QT,28,33.95907451175519,34.470588235294116,11.63033558769277,0.51237339342650501,5.9590745117551904,18,0.16398949344268698
RADBILL_4X4_003,14,130first_DTend_QT,QT,B2,DT5_PP,365,385.51506232686978,374.41176470588238,32.058654883528355,0.63992274165596263,20.515062326869781,18,0.27206159722685014
RADBILL_4X4_003,14,130last_DTend_PP,PP,B2,DT5_PP,28,26.416550958067202,38.0625,10.926840043367219,0.14491372031148012,1.5834490419327985,18,-0.062823660265626802
RADBILL_4X4_003,14,130last_DTend_QT,QT,B2,DT5_PP,345,402.72979727853374,373.75,32.377976053690155,1.7829958606061236,57.729797278533738,18,0.91657056896299405
RADBILL_4X4_003,15,110_DTend_PP,PP,B1,DTend_QT,43,42.058933582787652,43.555555555555557,12.907919239171251,0.072906128383304666,0.94106641721234752,18,0.010435328702205982
RADBILL_4X4_003,15,110_DTend_QT,QT,B1,DTend_QT,330,322.83185840707966,395.29411764705884,32.809611217374922,0.21847688305200996,7.1681415929203354,18,0
RADBILL_4X4_003,16,110_DTend_PP,PP,B1,DT5_PP,36,56.34790652560487,43.944444444444443,12.771623979939562,1.5932121519992604,20.34790652560487,18,0
RADBILL_4X4_003,16,110_DTend_QT,QT,B1,DT5_PP,345,398.22983318098721,394.41176470588238,34.409407913260821,1.546955801017236,53.229833180987214,18,1.3586275631635019
RADBILL_4X4_003,16,120_DTend_PP,PP,B2,DT5_PP,35,51.662876137158847,39.882352941176471,11.357169282776718,1.4671680699897902,16.662876137158847,18,0
RADBILL_4X4_003,16,120_DTend_QT,QT,B1,DT5_PP,330,382.30538922155688,392.5,21.908902300206645,2.3874034629778569,52.305389221556879,18,1.0561663183194117
RADBILL_4X4_003,16,130first_DTend_PP,PP,B1,DT5_PP,29,46.190692792162345,34.411764705882355,11.662219040181695,1.4740498984740831,17.190692792162345,18,0
RADBILL_4X4_003,16,130first_DTend_QT,QT,B2,DT5_PP,310,372.08012596221135,377.64705882352939,27.620058780871986,2.2476464099781124,62.080125962211355,18,1.2529382477036797
RADBILL_4X4_003,16,130last_DTend_PP,PP,B2,DT5_PP,41,46.999256146092904,37.25,11.17437544861755,0.53687619264977426,5.9992561460929039,18,0
RADBILL_4X4_003,16,130last_DTend_QT,QT,B2,DT5_PP,310,365.6188864507011,375.9375,28.764489102595466,1.9335954917302014,55.618886450701098,18,1.3295746789604936
RADBILL_4X4_003,17,110_DTend_PP,PP,B1,DTend_QT,67,41.09788732394366,42.222222222222221,11.507315093174201,2.2509258212126917,25.90211267605634,18,0.44539669908852741
RADBILL_4X4_003,17,110_DTend_QT,QT,B1,DTend_QT,385,386.49433891644054,392.05882352941177,36.403074369198706,0.041049799840667506,1.4943389164405403,18,0
RADBILL_4X4_003,17,120_DTend_PP,PP,B2,DT5_PP,53,44.374091209517516,38.823529411764703,10.887121371818443,0.79230390622913793,8.6259087904824838,18,-0.14579347140115939
RADBILL_4X4_003,17,120_DTend_QT,QT,B1,DTend_QT,390,379.11168384879727,388.75,26.92582403567252,0.40438190997524937,10.88831615120273,18,0
RADBILL_4X4_003,17,130first_DTend_PP,PP,B1,DTend_QT,49,31.893057459803064,33.235294117647058,11.093519570929157,1.5420662875131264,17.106942540196936,18,0.40696973378277423
RADBILL_4X4_003,17,130first_DTend_QT,QT,B2,DT5_PP,370,368.38730998017184,374.11764705882354,32.124527920541446,0.050201205254037658,1.6126900198281646,18,-0.071803913661741992
RADBILL_4X4_003,17,130last_DTend_PP,PP,B2,DT5_PP,58,40.126847290640399,36.1875,9.792641795416257,1.8251614919403742,17.873152709359601,18,-0.32190301713607505
RADBILL_4X4_003,17,130last_DTend_QT,QT,B2,DT5_PP,380,363.5960591133005,371.5625,33.101800051759525,0.4955603882885381,16.403940886699502,18,-0.13822331563374457
RADBILL_4X4_003,18,110_DTend_PP,PP,B1,DTend_QT,58,41.55996114447192,42.722222222222221,12.394522298440386,1.3263955205112459,16.44003885552808,18,1.0081545791124171
RADBILL_4X4_003,18,110_DTend_QT,QT,B1,DTend_QT,380,381.36875704093126,392.35294117647061,36.319659236546038,0.037686395459183404,1.3687570409312571,18,0
RADBILL_4X4_003,18,120_DTend_PP,PP,B2,DTend_QT,55,37.346810647915618,38.705882352941174,10.710769731223527,1.6481718676691035,17.653189352084382,18,1.1231729748128356
RADBILL_4X4_003,18,120_DTend_QT,QT,B1,DTend_QT,355,377.73154596100278,390.9375,25.378386473532945,0.8957049332001249,22.73154596100278,18,0
RADBILL_4X4_003,18,130first_DTend_PP,PP,B1,DTend_QT,41,32.007785032646908,33.705882352941174,11.601533874246721,0.77508845509766267,8.9922149673530924,18,0.41356147414955929
RADBILL_4X4_003,18,130first_DTend_QT,QT,B2,DTend_QT,355,361.9173782019086,375,31.770662567847086,0.2177284841679446,6.9173782019086048,18,0
RADBILL_4X4_003,18,130last_DTend_PP,PP,B2,DTend_QT,45,36.277158774373255,37,11.033282980751165,0.79059344719470603,8.7228412256267447,18,0.60314783155115459
RADBILL_4X4_003,18,130last_DTend_QT,QT,B2,DTend_QT,350,355.59888579387189,373.4375,32.645507603139926,0.17150555175724613,5.5988857938718866,18,0
RADBILL_4X4_004,1,110_DTend_PP,PP,B1,DTend_QT,39,43.167106752168991,43.777777777777779,12.859217593780077,0.32405601054488681,4.1671067521689906,18,-0.87561130999680481
RADBILL_4X4_004,1,110_DTend_QT,QT,B1,DTend_QT,415,423.2665330661323,390.29411764705884,35.945731154551495,0.22997259481493612,8.2665330661322969,18,0
RADBILL_4X4_004,1,120_DTend_PP,PP,B2,DTend_PP,34,50.000000000000007,39.941176470588232,11.327348477442184,1.4125106181612723,16.000000000000007,18,0
RADBILL_4X4_004,1,120_DTend_QT,QT,B1,DTend_QT,400,409.53629032258067,388.125,26.762847382145271,0.35632569981857642,9.536290322580669,18,0
RADBILL_4X4_004,1,130first_DTend_PP,PP,B2,DTend_PP,25,43.335490370829625,34.647058823529413,11.499680302461609,1.5944347919745865,18.335490370829625,18,0
RADBILL_4X4_004,1,130first_DTend_QT,QT,B2,DTend_PP,405,361.52884876196379,372.05882352941177,31.127701867137763,1.3965422639802947,43.471151238036214,18,1.2310630134387175
RADBILL_4X4_004,1,130last_DTend_PP,PP,B2,DTend_PP,35,42.005069280162218,37.625,11.194492693582262,0.62576031553249245,7.0050692801622176,18,0
RADBILL_4X4_004,1,130last_DTend_QT,QT,B1,DTend_QT,395,398.72800586510266,370.625,32.602402774437756,0.1143475801736196,3.7280058651026593,18,0
RADBILL_4X4_004,2,110_DTend_PP,PP,B1,DTend_QT,63,40.992462311557787,42.444444444444443,11.961812877664549,1.8398162480484324,22.007537688442213,18,0.30459926565909945
RADBILL_4X4_004,2,110_DTend_QT,QT,B1,DTend_QT,410,406.63678840469152,390.58823529411762,36.136994243312166,0.093068382297205335,3.3632115953084849,18,0
RADBILL_4X4_004,2,120_DTend_PP,PP,B2,DT5_PP,60,40.703823720025923,38.411764705882355,10.143093854499053,1.9023955172627234,19.296176279974077,18,0
RADBILL_4X4_004,2,120_DTend_QT,QT,B1,DTend_QT,395,396.21467953135766,388.4375,26.87742237145023,0.045193304423712846,1.2146795313576604,18,0
RADBILL_4X4_004,2,130first_DTend_PP,PP,B2,DT5_PP,53,35.288723266364222,33,10.682930309610748,1.6579043596027276,17.711276733635778,18,0
RADBILL_4X4_004,2,130first_DTend_QT,QT,B2,DT5_PP,380,371.150356448477,373.52941176470586,32.101630891316923,0.27567582411885239,8.8496435515230019,18,0.078931218641648926
RADBILL_4X4_004,2,130last_DTend_PP,PP,B2,DT5_PP,49,37.664436042426473,36.75,10.785793124908958,1.0509717575979569,11.335563957573527,18,0
RADBILL_4X4_004,2,130last_DTend_QT,QT,B1,DTend_QT,370,383.04272915230877,372.1875,33.164677494788535,0.39327170162768166,13.042729152308766,18,0
RADBILL_4X4_004,3,110_DTend_PP,PP,B1,DTend_QT,48,41.514972952086552,43.277777777777779,12.860361149240285,0.5042647692904445,6.485027047913448,18,0.44592975730349915
RADBILL_4X4_004,3,110_DTend_QT,QT,B1,DTend_QT,365,348.125,393.23529411764707,35.791984807643573,0.47147427254149515,16.875,18,0
RADBILL_4X4_004,3,120_DTend_PP,PP,B2,DT5_PP,46,44.9628222075347,39.235294117647058,11.300052056100814,0.091785222520752524,1.0371777924653003,18,-0.05682489140195307
RADBILL_4X4_004,3,120_DTend_QT,QT,B1,DTend_QT,390,337.69280762564995,388.75,26.92582403567252,1.9426403554094083,52.307192374350052,18,0
RADBILL_4X4_004,3,130first_DTend_PP,PP,B2,DT5_PP,39,39.565102445472569,33.823529411764703,11.668522261396509,0.048429649685986557,0.5651024454725686,18,-0.03476696161558248
RADBILL_4X4_004,3,130first_DTend_QT,QT,B2,DT5_PP,335,371.33096497025775,376.1764705882353,30.543483949358261,1.1894833290955038,36.330964970257753,18,1.073924070287914
RADBILL_4X4_004,3,130last_DTend_PP,PP,B2,DT5_PP,32,42.400246305418719,37.8125,11.118865349785771,0.9353693905124143,10.400246305418719,18,0.24287679695532061
RADBILL_4X4_004,3,130last_DTend_QT,QT,B1,DTend_QT,345,314.84835355285963,373.75,32.377976053690155,0.93123938312703602,30.151646447140365,18,0
RADBILL_4X4_004,4,110_DTend_PP,PP,B1,DTend_QT,26,45.400405718701698,44.5,12.147379286472114,1.5970856973492951,19.400405718701698,18,0.80053806943974104
RADBILL_4X4_004,4,110_DTend_QT,QT,B1,DTend_QT,460,421.97167196961919,387.64705882352939,31.923622085515664,1.1912284868086744,38.028328030380806,18,0
RADBILL_4X4_004,4,120_DTend_PP,PP,B2,DT5_PP,28,32.039428959891225,40.294117647058826,11.021369617034631,0.36650880065285923,4.0394289598912252,18,0
RADBILL_4X4_004,4,120_DTend_QT,QT,B1,DTend_QT,445,406.22251705837755,385.3125,22.395591083961147,1.7314784323506147,38.777482941622452,18,0
RADBILL_4X4_004,4,130first_DTend_PP,PP,B2,DT5_PP,25,26.287899388171308,34.647058823529413,11.499680302461609,0.11199436456469329,1.2878993881713079,18,0
RADBILL_4X4_004,4,130first_DTend_QT,QT,B2,DT5_PP,430,376.24915023793341,370.58823529411762,28.716412605706452,1.8717814965294572,53.750849762066593,18,0.86312254246545939
RADBILL_4X4_004,4,130last_DTend_PP,PP,B2,DT5_PP,30,27.619961173918007,37.9375,11.036114956511343,0.21565911876241942,2.3800388260819929,18,0
RADBILL_4X4_004,4,130last_DTend_QT,QT,B1,DTend_QT,435,397.73692191053829,368.125,28.628365886535217,1.3016138691656047,37.263078089461715,18,0
RADBILL_4X4_004,5,110_DTend_PP,PP,B1,DTend_QT,37,42.894190140845069,43.888888888888886,12.805738092924404,0.4602772677431069,5.894190140845069,18,-0.083627706899582821
RADBILL_4X4_004,5,110_DTend_QT,QT,B1,DTend_QT,385,391.93862275449101,392.05882352941177,36.403074369198706,0.19060540557975236,6.9386227544910071,18,0
RADBILL_4X4_004,5,120_DTend_PP,PP,B2,DT5_PP,33,40.338928340865074,40,11.291589790636214,0.64994641825821842,7.3389283408650741,18,0
RADBILL_4X4_004,5,120_DTend_QT,QT,B1,DTend_QT,385,383.8761937244202,389.0625,26.908409466187333,0.041764128682223012,1.1238062755797955,18,0
RADBILL_4X4_004,5,130first_DTend_PP,PP,B2,DT5_PP,26,34.92591994835378,34.588235294117645,11.549127800019207,0.7728652849732025,8.9259199483537799,18,0
RADBILL_4X4_004,5,130first_DTend_QT,QT,B2,DT5_PP,375,373.4885409941898,373.8235294117647,32.138830279969831,0.047029060878802278,1.5114590058101953,18,-0.078467111933712683
RADBILL_4X4_004,5,130last_DTend_PP,PP,B2,DT5_PP,29,36.88457418318157,38,10.984838035522721,0.7177688153147519,7.8845741831815701,18,0
RADBILL_4X4_004,5,130last_DTend_QT,QT,B1,DTend_QT,375,365.28308321964528,371.875,33.159965822258222,0.29303156801905872,9.7169167803547225,18,0
RADBILL_4X4_004,6,110_DTend_PP,PP,B1,DTend_QT,24,46.713244353182752,44.611111111111114,11.95648428008289,1.8996591155995974,22.713244353182752,18,1.6666464692940903
RADBILL_4X4_004,6,110_DTend_QT,QT,B1,DTend_QT,335,341.58723218189766,395,33.400973039718465,0.19721677491444678,6.5872321818976616,18,0
RADBILL_4X4_004,6,120_DTend_PP,PP,B2,DT5_PP,18,14.813703284258199,40.882352941176471,9.9742315051159238,0.31945285349628227,3.1862967157418005,18,0.024884740687380003
RADBILL_4X4_004,6,130first_DTend_PP,PP,B2,DT5_PP,5,15.921291053227627,35.823529411764703,9.0362830724090255,1.2086043526651129,10.921291053227627,18,-0.82159681455596534
RADBILL_4X4_004,6,130first_DTend_QT,QT,B2,DT5_PP,360,428.68629671574178,374.70588235294116,31.940892101431579,2.1504188579837216,68.686296715741776,18,0.54391962985474684
RADBILL_4X4_004,7,110_DTend_PP,PP,B1,DTend_QT,31,43.249647887323945,44.222222222222221,12.525529485370624,0.9779744562200825,12.249647887323945,18,0.25504035193743202
RADBILL_4X4_004,7,110_DTend_QT,QT,B1,DTend_QT,385,391.93862275449101,392.05882352941177,36.403074369198706,0.19060540557975236,6.9386227544910071,18,0
RADBILL_4X4_004,7,120_DTend_PP,PP,B2,DT5_PP,30,36.518415906127771,40.176470588235297,11.148067624691997,0.58471262693904447,6.5184159061277711,18,0
RADBILL_4X4_004,7,120_DTend_QT,QT,B1,DTend_QT,390,383.53171896316508,388.75,26.92582403567252,0.24022592691185457,6.4682810368349237,18,0
RADBILL_4X4_004,7,130first_DTend_PP,PP,B2,DT5_PP,38,30.098598435462844,33.882352941176471,11.693386768496415,0.67571540401148911,7.9014015645371565,18,0
RADBILL_4X4_004,7,130first_DTend_QT,QT,B2,DT5_PP,390,376.49282920469363,372.94117647058823,31.871755890277083,0.42379751030368906,13.507170795306365,18,-0.20285964924105715
RADBILL_4X4_004,7,130last_DTend_PP,PP,B2,DT5_PP,33,32.498133038307287,37.75,11.150485789118488,0.045008528882434305,0.50186696169271272,18,0
RADBILL_4X4_004,7,130last_DTend_QT,QT,B1,DTend_QT,395,363.90518417462482,370.625,32.602402774437756,0.95375840978675919,31.094815825375179,18,0
RADBILL_4X4_004,8,110_DTend_PP,PP,B1,DTend_QT,44,42.388805970149257,43.5,12.908045826492232,0.12482091026853645,1.6111940298507434,18,-0.74480794553537166
RADBILL_4X4_004,8,110_DTend_QT,QT,B1,DTend_QT,430,446.40915269596735,389.41176470588238,35.083932974243019,0.46771132267337817,16.40915269596735,18,0
RADBILL_4X4_004,8,120_DTend_PP,PP,B2,DT5_PP,36,37.460952689565779,39.823529411764703,11.381098882124954,0.12836657555627934,1.4609526895657794,18,-0.37205652072192102
RADBILL_4X4_004,8,120_DTend_QT,QT,B1,DTend_QT,420,426.25660211267609,386.875,25.617376914898998,0.24423273832682177,6.2566021126760916,18,0
RADBILL_4X4_004,8,130first_DTend_PP,PP,B2,DT5_PP,38,31.497893713545039,33.882352941176471,11.693386768496415,0.55604987803640649,6.5021062864549606,18,-0.51382068915044665
RADBILL_4X4_004,8,130first_DTend_QT,QT,B2,DT5_PP,420,373.3360337005833,371.1764705882353,29.871046378804774,1.5621805044140491,46.6639662994167,18,1.5613992995209944
RADBILL_4X4_004,8,130last_DTend_PP,PP,B2,DT5_PP,40,33.325571895424837,37.3125,11.193562137824284,0.5962738243996103,6.6744281045751634,18,-0.30190926254366723
RADBILL_4X4_004,8,130last_DTend_QT,QT,B1,DTend_QT,415,421.62411971830983,369.375,31.138133106102128,0.21273336123711609,6.6241197183098279,18,0
RADBILL_4X4_004,10,110_DTend_PP,PP,B1,DTend_QT,32,44.426101236476043,44.166666666666664,12.585005083081073,0.98737355721702047,12.426101236476043,18,0.57013860190986176
RADBILL_4X4_004,10,110_DTend_QT,QT,B1,DTend_QT,425,427.78045776454894,389.70588235294116,35.420270866204483,0.078499054257709186,2.7804577645489417,18,0
RADBILL_4X4_004,10,120_DTend_PP,PP,B2,DT5_PP,33,30.731481481481477,40,11.291589790636214,0.2009033768123368,2.2685185185185226,18,0.14295787799943432
RADBILL_4X4_004,10,120_DTend_QT,QT,B1,DTend_QT,405,413.74336618650489,387.8125,26.581243387020105,0.32892991720524112,8.7433661865048862,18,0
RADBILL_4X4_004,10,130first_DTend_PP,PP,B2,DT5_PP,22,25.958333333333329,34.823529411764703,11.315008252966759,0.34983035317676114,3.9583333333333286,18,-0.32492760688882005
RADBILL_4X4_004,10,130first_DTend_QT,QT,B2,DT5_PP,405,379.60648148148147,372.05882352941177,31.127701867137763,0.81578520081262607,25.393518518518533,18,0.80166861541932777
RADBILL_4X4_004,10,130last_DTend_PP,PP,B2,DT5_PP,23,28.41652430501631,38.375,10.531698185319719,0.51430682969689334,5.4165243050163099,18,-0.53208246287623751
RADBILL_4X4_004,10,130last_DTend_QT,QT,B1,DTend_QT,395,405.25777103866562,370.625,32.602402774437756,0.31463236343759093,10.257771038665624,18,0
RADBILL_4X4_004,11,110_DTend_PP,PP,B1,DTend_QT,50,42.029522613065325,43.166666666666664,12.807396759869114,0.62233391659337722,7.9704773869346752,18,0.20290631974535711
RADBILL_4X4_004,11,110_DTend_QT,QT,B1,DTend_QT,410,406.63678840469152,390.58823529411762,36.136994243312166,0.093068382297205335,3.3632115953084849,18,0
RADBILL_4X4_004,11,120_DTend_PP,PP,B2,DT5_PP,45,46.450803212851412,39.294117647058826,11.334486677185435,0.12799902229111562,1.4508032128514117,18,-0.37694767682771924
RADBILL_4X4_004,11,120_DTend_QT,QT,B1,DTend_QT,390,396.61440385940733,388.75,26.92582403567252,0.24565279230244833,6.6144038594073322,18,0
RADBILL_4X4_004,11,130first_DTend_PP,PP,B2,DT5_PP,39,40.96987951807229,33.823529411764703,11.668522261396509,0.16881996485444686,1.9698795180722897,18,-0.19684620277682971
RADBILL_4X4_004,11,130first_DTend_QT,QT,B2,DT5_PP,375,366.48845381526104,373.8235294117647,32.138830279969831,0.26483683788714885,8.5115461847389611,18,-0.099690877606752215
RADBILL_4X4_004,11,130last_DTend_PP,PP,B2,DT5_PP,48,42.305164972852566,36.8125,10.857984773121268,0.5244836077910966,5.6948350271474339,18,-0.11552138134718359
RADBILL_4X4_004,11,130last_DTend_QT,QT,B1,DTend_QT,370,383.04272915230877,372.1875,33.164677494788535,0.39327170162768166,13.042729152308766,18,0
RADBILL_4X4_004,12,110_DTend_PP,PP,B1,DTend_QT,47,42.282746478873243,43.333333333333336,12.87953232618236,0.36625969031012207,4.7172535211267572,18,0.13883924080529847
RADBILL_4X4_004,12,120_DTend_PP,PP,B2,DT5_PP,41,40.544089147286826,39.529411764705884,11.413356468732278,0.039945379254750793,0.45591085271317411,18,-0.37993468634389976
RADBILL_4X4_004,12,120_DTend_QT,QT,B1,DTend_QT,380,379.88144329896909,389.375,26.825050481468498,0.0044196263903702156,0.11855670103091143,18,0
RADBILL_4X4_004,12,130first_DTend_PP,PP,B2,DT5_PP,33,35.188953488372093,34.176470588235297,11.732621691877135,0.18656985163747114,2.1889534883720927,18,-0.36247466245043319
RADBILL_4X4_004,12,130first_DTend_QT,QT,B2,DT5_PP,350,374.30717054263567,375.29411764705884,31.54711695599606,0.77050370645726118,24.307170542635674,18,0.2189683034705967
RADBILL_4X4_004,12,130last_DTend_PP,PP,B2,DT5_PP,17,38.31209254120558,38.75,9.8013604497879108,2.1744014670602945,21.31209254120558,18,-0.35959729754277436
RADBILL_4X4_004,12,130last_DTend_QT,QT,B1,DTend_QT,350,361.32989690721649,373.4375,32.645507603139926,0.34705837767787551,11.329896907216494,18,0
RADBILL_4X4_004,13,110_DTend_PP,PP,B1,DTend_QT,49,42.180678205581067,43.222222222222221,12.836325090541505,0.53125187671070873,6.8193217944189328,18,0.34105257606387329
RADBILL_4X4_004,13,110_DTend_QT,QT,B1,DTend_QT,395,396.75973721257623,391.47058823529414,36.433359794045252,0.048300162887086842,1.7597372125762263,18,0
RADBILL_4X4_004,13,120_DTend_PP,PP,B2,DT5_PP,45,47.168408631153071,39.294117647058826,11.334486677185435,0.19131070448190135,2.1684086311530706,18,-0.031609833686393529
RADBILL_4X4_004,13,120_DTend_QT,QT,B1,DTend_QT,385,388.2079646017699,389.0625,26.908409466187333,0.1192179198031373,3.2079646017699019,18,0
RADBILL_4X4_004,13,130first_DTend_PP,PP,B2,DT5_PP,40,41.582434254888739,33.764705882352942,11.637919765601936,0.13597226022866399,1.5824342548887387,18,-0.17823455314299902
RADBILL_4X4_004,13,130first_DTend_QT,QT,B2,DT5_PP,370,366.25590020229265,374.11764705882354,32.124527920541446,0.11654956633038185,3.7440997977073494,18,-0.084980677298850282
RADBILL_4X4_004,13,130last_DTend_PP,PP,B2,DT5_PP,39,44.027962435369837,37.375,11.206396982676159,0.44866895605630486,5.0279624353698367,18,0.35661169876735732
RADBILL_4X4_004,13,130last_DTend_QT,QT,B1,DTend_QT,375,371.05173587474474,371.875,33.159965822258222,0.11906719525642695,3.9482641252552639,18,0
RADBILL_4X4_004,14,110_DTend_PP,PP,B1,DTend_QT,30,43.370275521017305,44.277777777777779,12.460788170499704,1.07298794731707,13.370275521017305,18,0.98562634654717507
RADBILL_4X4_004,14,110_DTend_QT,QT,B1,DTend_QT,395,396.75973721257623,391.47058823529414,36.433359794045252,0.048300162887086842,1.7597372125762263,18,0
RADBILL_4X4_004,14,120_DTend_PP,PP,B2,DT5_PP,30,30.39127423822714,40.176470588235297,11.148067624691997,0.035097942656941016,0.39127423822714036,18,-0.15474493031568382
RADBILL_4X4_004,14,120_DTend_QT,QT,B1,DTend_QT,385,388.2079646017699,389.0625,26.908409466187333,0.1192179198031373,3.2079646017699019,18,0
RADBILL_4X4_004,14,130first_DTend_PP,PP,B2,DT5_PP,28,24.458275623268694,34.470588235294116,11.63033558769277,0.30452469320654529,3.541724376731306,18,-0.04385920677727273
RADBILL_4X4_004,14,130first_DTend_QT,QT,B2,DT5_PP,365,385.51506232686978,374.41176470588238,32.058654883528355,0.63992274165596263,20.515062326869781,18,0.27206159722685014
RADBILL_4X4_004,14,130last_DTend_PP,PP,B2,DT5_PP,28,26.416550958067202,38.0625,10.926840043367219,0.14491372031148012,1.5834490419327985,18,-0.062823660265626802
RADBILL_4X4_004,14,130last_DTend_QT,QT,B1,DTend_QT,345,373.05309734513276,373.75,32.377976053690155,0.86642529164312954,28.053097345132755,18,0
RADBILL_4X4_004,15,110_DTend_PP,PP,B1,DTend_QT,43,42.058933582787652,43.555555555555557,12.907919239171251,0.072906128383304666,0.94106641721234752,18,0.010435328702205982
RADBILL_4X4_004,15,110_DTend_QT,QT,B1,DTend_QT,330,322.83185840707966,395.29411764705884,32.809611217374922,0.21847688305200996,7.1681415929203354,18,0
RADBILL_4X4_004,16,110_DTend_PP,PP,B1,DTend_QT,36,43.463581916537869,43.944444444444443,12.771623979939562,0.58438785296693241,7.4635819165378692,18,-1.008824299032328
RADBILL_4X4_004,16,110_DTend_QT,QT,B1,DTend_QT,345,351.48026315789474,394.41176470588238,34.409407913260821,0.18832823785373398,6.4802631578947398,18,0
RADBILL_4X4_004,16,120_DTend_PP,PP,B2,DT5_PP,35,51.662876137158847,39.882352941176471,11.357169282776718,1.4671680699897902,16.662876137158847,18,0
RADBILL_4X4_004,16,120_DTend_QT,QT,B1,DTend_QT,330,359.16594454072793,392.5,21.908902300206645,1.3312371446584452,29.165944540727935,18,0
RADBILL_4X4_004,16,130first_DTend_PP,PP,B2,DT5_PP,29,46.190692792162345,34.411764705882355,11.662219040181695,1.4740498984740831,17.190692792162345,18,0
RADBILL_4X4_004,16,130first_DTend_QT,QT,B2,DT5_PP,310,372.08012596221135,377.64705882352939,27.620058780871986,2.2476464099781124,62.080125962211355,18,1.2529382477036797
RADBILL_4X4_004,16,130last_DTend_PP,PP,B2,DT5_PP,41,46.999256146092904,37.25,11.17437544861755,0.53687619264977426,5.9992561460929039,18,0
RADBILL_4X4_004,16,130last_DTend_QT,QT,B1,DTend_QT,310,327.37435008665511,375.9375,28.764489102595466,0.60402081276970765,17.374350086655113,18,0
RADBILL_4X4_004,17,110_DTend_PP,PP,B1,DTend_QT,67,41.09788732394366,42.222222222222221,11.507315093174201,2.2509258212126917,25.90211267605634,18,0.44539669908852741
RADBILL_4X4_004,17,110_DTend_QT,QT,B1,DTend_QT,385,386.49433891644054,392.05882352941177,36.403074369198706,0.041049799840667506,1.4943389164405403,18,0
RADBILL_4X4_004,17,120_DTend_PP,PP,B2,DT5_PP,53,44.374091209517516,38.823529411764703,10.887121371818443,0.79230390622913793,8.6259087904824838,18,-0.14579347140115939
RADBILL_4X4_004,17,120_DTend_QT,QT,B1,DTend_QT,390,379.11168384879727,388.75,26.92582403567252,0.40438190997524937,10.88831615120273,18,0
RADBILL_4X4_004,17,130first_DTend_PP,PP,B2,DT5_PP,49,38.724058162590879,33.235294117647058,11.093519570929157,0.92630132138924437,10.275941837409121,18,-0.20879523234110775
RADBILL_4X4_004,17,130first_DTend_QT,QT,B2,DT5_PP,370,368.38730998017184,374.11764705882354,32.124527920541446,0.050201205254037658,1.6126900198281646,18,-0.071803913661741992
RADBILL_4X4_004,17,130last_DTend_PP,PP,B2,DT5_PP,58,40.126847290640399,36.1875,9.792641795416257,1.8251614919403742,17.873152709359601,18,-0.32190301713607505
RADBILL_4X4_004,17,130last_DTend_QT,QT,B1,DTend_QT,380,359.02061855670104,371.5625,33.101800051759525,0.63378370392228267,20.979381443298962,18,0
RADBILL_4X4_004,18,110_DTend_PP,PP,B1,DTend_QT,58,41.55996114447192,42.722222222222221,12.394522298440386,1.3263955205112459,16.44003885552808,18,1.0081545791124171
RADBILL_4X4_004,18,110_DTend_QT,QT,B1,DTend_QT,380,381.36875704093126,392.35294117647061,36.319659236546038,0.037686395459183404,1.3687570409312571,18,0
RADBILL_4X4_004,18,120_DTend_PP,PP,B2,DT5_PP,55,49.376857749469224,38.705882352941174,10.710769731223527,0.52499889285626777,5.6231422505307762,18,0
RADBILL_4X4_004,18,120_DTend_QT,QT,B1,DTend_QT,355,377.73154596100278,390.9375,25.378386473532945,0.8957049332001249,22.73154596100278,18,0
RADBILL_4X4_004,18,130first_DTend_PP,PP,B2,DT5_PP,41,45.19426751592357,33.705882352941174,11.601533874246721,0.36152698094810337,4.1942675159235705,18,0
RADBILL_4X4_004,18,130first_DTend_QT,QT,B2,DT5_PP,355,364.8115711252654,375,31.770662567847086,0.30882488221051524,9.8115711252654023,18,0.091096398042570637
RADBILL_4X4_004,18,130last_DTend_PP,PP,B2,DT5_PP,45,47.068140520896421,37,11.033282980751165,0.18744561564355147,2.0681405208964208,18,0
RADBILL_4X4_004,18,130last_DTend_QT,QT,B1,DTend_QT,350,355.59888579387189,373.4375,32.645507603139926,0.17150555175724613,5.5988857938718866,18,0
RADBILL_4X4_005,1,110_DTend_PP,PP,B1,DTend_QT,39,43.167106752168991,43.777777777777779,12.859217593780077,0.32405601054488681,4.1671067521689906,18,-0.87561130999680481
RADBILL_4X4_005,1,110_DTend_QT,QT,B1,DTend_QT,415,423.2665330661323,390.29411764705884,35.945731154551495,0.22997259481493612,8.2665330661322969,18,0
RADBILL_4X4_005,1,120_DTend_PP,PP,B2,DTend_PP,34,50.000000000000007,39.941176470588232,11.327348477442184,1.4125106181612723,16.000000000000007,18,0
RADBILL_4X4_005,1,120_DTend_QT,QT,B1,DTend_QT,400,409.53629032258067,388.125,26.762847382145271,0.35632569981857642,9.536290322580669,18,0
RADBILL_4X4_005,1,130first_DTend_PP,PP,B2,DTend_PP,25,43.335490370829625,34.647058823529413,11.499680302461609,1.5944347919745865,18.335490370829625,18,0
RADBILL_4X4_005,1,130first_DTend_QT,QT,B2,DTend_PP,405,361.52884876196379,372.05882352941177,31.127701867137763,1.3965422639802947,43.471151238036214,18,1.2310630134387175
RADBILL_4X4_005,1,130last_DTend_PP,PP,B1,DTend_QT,35,35.686217008797655,37.625,11.194492693582262,0.061299518216762015,0.68621700879765513,18,-0.5644607973157304
RADBILL_4X4_005,1,130last_DTend_QT,QT,B2,DTend_PP,395,357.93680297397771,370.625,32.602402774437756,1.1368240949124788,37.063197026022294,18,1.0224765147388593
RADBILL_4X4_005,2,110_DTend_PP,PP,B1,DTend_QT,63,40.992462311557787,42.444444444444443,11.961812877664549,1.8398162480484324,22.007537688442213,18,0.30459926565909945
RADBILL_4X4_005,2,110_DTend_QT,QT,B1,DTend_QT,410,406.63678840469152,390.58823529411762,36.136994243312166,0.093068382297205335,3.3632115953084849,18,0
RADBILL_4X4_005,2,120_DTend_PP,PP,B2,DT5_PP,60,40.703823720025923,38.411764705882355,10.143093854499053,1.9023955172627234,19.296176279974077,18,0
RADBILL_4X4_005,2,120_DTend_QT,QT,B1,DTend_QT,395,396.21467953135766,388.4375,26.87742237145023,0.045193304423712846,1.2146795313576604,18,0
RADBILL_4X4_005,2,130first_DTend_PP,PP,B2,DT5_PP,53,35.288723266364222,33,10.682930309610748,1.6579043596027276,17.711276733635778,18,0
RADBILL_4X4_005,2,130first_DTend_QT,QT,B2,DT5_PP,380,371.150356448477,373.52941176470586,32.101630891316923,0.27567582411885239,8.8496435515230019,18,0.078931218641648926
RADBILL_4X4_005,2,130last_DTend_PP,PP,B1,DTend_QT,49,35.096485182632669,36.75,10.785793124908958,1.289058176469029,13.903514817367331,18,0.23808641887107207
RADBILL_4X4_005,2,130last_DTend_QT,QT,B2,DT5_PP,370,370.57165322715559,372.1875,33.164677494788535,0.017236809471324496,0.57165322715559341,18,-0.37603489215635716
RADBILL_4X4_005,3,110_DTend_PP,PP,B1,DTend_QT,48,41.514972952086552,43.277777777777779,12.860361149240285,0.5042647692904445,6.485027047913448,18,0.44592975730349915
RADBILL_4X4_005,3,110_DTend_QT,QT,B1,DTend_QT,365,348.125,393.23529411764707,35.791984807643573,0.47147427254149515,16.875,18,0
RADBILL_4X4_005,3,120_DTend_PP,PP,B2,DT5_PP,46,44.9628222075347,39.235294117647058,11.300052056100814,0.091785222520752524,1.0371777924653003,18,-0.05682489140195307
RADBILL_4X4_005,3,120_DTend_QT,QT,B1,DTend_QT,390,337.69280762564995,388.75,26.92582403567252,1.9426403554094083,52.307192374350052,18,0
RADBILL_4X4_005,3,130first_DTend_PP,PP,B2,DT5_PP,39,39.565102445472569,33.823529411764703,11.668522261396509,0.048429649685986557,0.5651024454725686,18,-0.03476696161558248
RADBILL_4X4_005,3,130first_DTend_QT,QT,B2,DT5_PP,335,371.33096497025775,376.1764705882353,30.543483949358261,1.1894833290955038,36.330964970257753,18,1.073924070287914
RADBILL_4X4_005,3,130last_DTend_PP,PP,B1,DTend_QT,32,40.233102253032925,37.8125,11.118865349785771,0.74046244774351488,8.233102253032925,18,0.04796985418642119
RADBILL_4X4_005,3,130last_DTend_QT,QT,B2,DT5_PP,345,366.65640394088672,373.75,32.377976053690155,0.66886218906874861,21.656403940886719,18,-0.26237719405828741
RADBILL_4X4_005,4,110_DTend_PP,PP,B1,DTend_QT,26,45.400405718701698,44.5,12.147379286472114,1.5970856973492951,19.400405718701698,18,0.80053806943974104
RADBILL_4X4_005,4,110_DTend_QT,QT,B1,DTend_QT,460,421.97167196961919,387.64705882352939,31.923622085515664,1.1912284868086744,38.028328030380806,18,0
RADBILL_4X4_005,4,120_DTend_PP,PP,B2,DT5_PP,28,32.039428959891225,40.294117647058826,11.021369617034631,0.36650880065285923,4.0394289598912252,18,0
RADBILL_4X4_005,4,120_DTend_QT,QT,B1,DTend_QT,445,406.22251705837755,385.3125,22.395591083961147,1.7314784323506147,38.777482941622452,18,0
RADBILL_4X4_005,4,130first_DTend_PP,PP,B2,DT5_PP,25,26.287899388171308,34.647058823529413,11.499680302461609,0.11199436456469329,1.2878993881713079,18,0
RADBILL_4X4_005,4,130first_DTend_QT,QT,B2,DT5_PP,430,376.24915023793341,370.58823529411762,28.716412605706452,1.8717814965294572,53.750849762066593,18,0.86312254246545939
RADBILL_4X4_005,4,130last_DTend_PP,PP,B1,DTend_QT,30,36.44048521607278,37.9375,11.036114956511343,0.58358265036672829,6.4404852160727799,18,0.36792353160430891
RADBILL_4X4_005,4,130last_DTend_QT,QT,B2,DT5_PP,435,378.77012675573826,368.125,28.628365886535217,1.964131430593052,56.229873244261739,18,0.66251756142744722
RADBILL_4X4_005,5,110_DTend_PP,PP,B1,DTend_QT,37,42.894190140845069,43.888888888888886,12.805738092924404,0.4602772677431069,5.894190140845069,18,-0.083627706899582821
RADBILL_4X4_005,5,110_DTend_QT,QT,B1,DTend_QT,385,391.93862275449101,392.05882352941177,36.403074369198706,0.19060540557975236,6.9386227544910071,18,0
RADBILL_4X4_005,5,120_DTend_PP,PP,B2,DT5_PP,33,40.338928340865074,40,11.291589790636214,0.64994641825821842,7.3389283408650741,18,0
RADBILL_4X4_005,5,120_DTend_QT,QT,B1,DTend_QT,385,383.8761937244202,389.0625,26.908409466187333,0.041764128682223012,1.1238062755797955,18,0
RADBILL_4X4_005,5,130first_DTend_PP,PP,B2,DT5_PP,26,34.92591994835378,34.588235294117645,11.549127800019207,0.7728652849732025,8.9259199483537799,18,0
RADBILL_4X4_005,5,130first_DTend_QT,QT,B2,DT5_PP,375,373.4885409941898,373.8235294117647,32.138830279969831,0.047029060878802278,1.5114590058101953,18,-0.078467111933712683
RADBILL_4X4_005,5,130last_DTend_PP,PP,B1,DTend_QT,29,37.181446111869029,38,10.984838035522721,0.74479442349645075,8.1814461118690289,18,0.027025608181698857
RADBILL_4X4_005,5,130last_DTend_QT,QT,B2,DT5_PP,375,373.84105516871989,371.875,33.159965822258222,0.03495012140519705,1.1589448312801096,18,-0.25808144661386168
RADBILL_4X4_005,6,110_DTend_PP,PP,B1,DTend_QT,24,46.713244353182752,44.611111111111114,11.95648428008289,1.8996591155995974,22.713244353182752,18,1.6666464692940903
RADBILL_4X4_005,6,110_DTend_QT,QT,B1,DTend_QT,335,341.58723218189766,395,33.400973039718465,0.19721677491444678,6.5872321818976616,18,0
RADBILL_4X4_005,6,120_DTend_PP,PP,B2,DT5_PP,18,14.813703284258199,40.882352941176471,9.9742315051159238,0.31945285349628227,3.1862967157418005,18,0.024884740687380003
RADBILL_4X4_005,6,130first_DTend_PP,PP,B2,DT5_PP,5,15.921291053227627,35.823529411764703,9.0362830724090255,1.2086043526651129,10.921291053227627,18,-0.82159681455596534
RADBILL_4X4_005,6,130first_DTend_QT,QT,B2,DT5_PP,360,428.68629671574178,374.70588235294116,31.940892101431579,2.1504188579837216,68.686296715741776,18,0.54391962985474684
RADBILL_4X4_005,7,110_DTend_PP,PP,B1,DTend_QT,31,43.249647887323945,44.222222222222221,12.525529485370624,0.9779744562200825,12.249647887323945,18,0.25504035193743202
RADBILL_4X4_005,7,110_DTend_QT,QT,B1,DTend_QT,385,391.93862275449101,392.05882352941177,36.403074369198706,0.19060540557975236,6.9386227544910071,18,0
RADBILL_4X4_005,7,120_DTend_PP,PP,B2,DT5_PP,30,36.518415906127771,40.176470588235297,11.148067624691997,0.58471262693904447,6.5184159061277711,18,0
RADBILL_4X4_005,7,120_DTend_QT,QT,B1,DTend_QT,390,383.53171896316508,388.75,26.92582403567252,0.24022592691185457,6.4682810368349237,18,0
RADBILL_4X4_005,7,130first_DTend_PP,PP,B2,DT5_PP,38,30.098598435462844,33.882352941176471,11.693386768496415,0.67571540401148911,7.9014015645371565,18,0
RADBILL_4X4_005,7,130first_DTend_QT,QT,B2,DT5_PP,390,376.49282920469363,372.94117647058823,31.871755890277083,0.42379751030368906,13.507170795306365,18,-0.20285964924105715
RADBILL_4X4_005,7,130last_DTend_PP,PP,B1,DTend_QT,33,36.905866302864936,37.75,11.150485789118488,0.35028664909618418,3.9058663028649363,18,0.30527812021374989
RADBILL_4X4_005,7,130last_DTend_QT,QT,B2,DT5_PP,395,379.23765730880928,370.625,32.602402774437756,0.48347181035225256,15.762342691190725,18,-0.47028659943450662
RADBILL_4X4_005,8,110_DTend_PP,PP,B1,DTend_QT,44,42.388805970149257,43.5,12.908045826492232,0.12482091026853645,1.6111940298507434,18,-0.74480794553537166
RADBILL_4X4_005,8,110_DTend_QT,QT,B1,DTend_QT,430,446.40915269596735,389.41176470588238,35.083932974243019,0.46771132267337817,16.40915269596735,18,0
RADBILL_4X4_005,8,120_DTend_PP,PP,B2,DT5_PP,36,37.460952689565779,39.823529411764703,11.381098882124954,0.12836657555627934,1.4609526895657794,18,-0.37205652072192102
RADBILL_4X4_005,8,120_DTend_QT,QT,B1,DTend_QT,420,426.25660211267609,386.875,25.617376914898998,0.24423273832682177,6.2566021126760916,18,0
RADBILL_4X4_005,8,130first_DTend_PP,PP,B2,DT5_PP,38,31.497893713545039,33.882352941176471,11.693386768496415,0.55604987803640649,6.5021062864549606,18,-0.51382068915044665
RADBILL_4X4_005,8,130first_DTend_QT,QT,B2,DT5_PP,420,373.3360337005833,371.1764705882353,29.871046378804774,1.5621805044140491,46.6639662994167,18,1.5613992995209944
RADBILL_4X4_005,8,130last_DTend_PP,PP,B1,DTend_QT,40,32.955105633802816,37.3125,11.193562137824284,0.6293701932820569,7.0448943661971839,18,-0.26881289366122063
RADBILL_4X4_005,8,130last_DTend_QT,QT,B2,DT5_PP,415,375.40441176470586,369.375,31.138133106102128,1.2716108605603786,39.595588235294144,18,1.0588774993232626
RADBILL_4X4_005,10,110_DTend_PP,PP,B1,DTend_QT,32,44.426101236476043,44.166666666666664,12.585005083081073,0.98737355721702047,12.426101236476043,18,0.57013860190986176
RADBILL_4X4_005,10,110_DTend_QT,QT,B1,DTend_QT,425,427.78045776454894,389.70588235294116,35.420270866204483,0.078499054257709186,2.7804577645489417,18,0
RADBILL_4X4_005,10,120_DTend_PP,PP,B2,DT5_PP,33,30.731481481481477,40,11.291589790636214,0.2009033768123368,2.2685185185185226,18,0.14295787799943432
RADBILL_4X4_005,10,120_DTend_QT,QT,B1,DTend_QT,405,413.74336618650489,387.8125,26.581243387020105,0.32892991720524112,8.7433661865048862,18,0
RADBILL_4X4_005,10,130first_DTend_PP,PP,B2,DT5_PP,22,25.958333333333329,34.823529411764703,11.315008252966759,0.34983035317676114,3.9583333333333286,18,-0.32492760688882005
RADBILL_4X4_005,10,130first_DTend_QT,QT,B2,DT5_PP,405,379.60648148148147,372.05882352941177,31.127701867137763,0.81578520081262607,25.393518518518533,18,0.80166861541932777
RADBILL_4X4_005,10,130last_DTend_PP,PP,B1,DTend_QT,23,37.756633813495071,38.375,10.531698185319719,1.4011637585726249,14.756633813495071,18,0.35477446599949403
RADBILL_4X4_005,10,130last_DTend_QT,QT,B2,DT5_PP,395,388.40153750582391,370.625,32.602402774437756,0.2023919077323246,6.5984624941760899,18,-0.11224045570526633
RADBILL_4X4_005,11,110_DTend_PP,PP,B1,DTend_QT,50,42.029522613065325,43.166666666666664,12.807396759869114,0.62233391659337722,7.9704773869346752,18,0.20290631974535711
RADBILL_4X4_005,11,110_DTend_QT,QT,B1,DTend_QT,410,406.63678840469152,390.58823529411762,36.136994243312166,0.093068382297205335,3.3632115953084849,18,0
RADBILL_4X4_005,11,120_DTend_PP,PP,B2,DT5_PP,45,46.450803212851412,39.294117647058826,11.334486677185435,0.12799902229111562,1.4508032128514117,18,-0.37694767682771924
RADBILL_4X4_005,11,120_DTend_QT,QT,B1,DTend_QT,390,396.61440385940733,388.75,26.92582403567252,0.24565279230244833,6.6144038594073322,18,0
RADBILL_4X4_005,11,130first_DTend_PP,PP,B2,DT5_PP,39,40.96987951807229,33.823529411764703,11.668522261396509,0.16881996485444686,1.9698795180722897,18,-0.19684620277682971
RADBILL_4X4_005,11,130first_DTend_QT,QT,B2,DT5_PP,375,366.48845381526104,373.8235294117647,32.138830279969831,0.26483683788714885,8.5115461847389611,18,-0.099690877606752215
RADBILL_4X4_005,11,130last_DTend_PP,PP,B1,DTend_QT,48,35.176430048242594,36.8125,10.857984773121268,1.1810267024413137,12.823569951757406,18,0.5410217133030335
RADBILL_4X4_005,11,130last_DTend_QT,QT,B2,DT5_PP,370,361.88605039677014,372.1875,33.164677494788535,0.24465636985328362,8.1139496032298553,18,-0.14861533177439804
RADBILL_4X4_005,12,110_DTend_PP,PP,B1,DTend_QT,47,42.282746478873243,43.333333333333336,12.87953232618236,0.36625969031012207,4.7172535211267572,18,0.13883924080529847
RADBILL_4X4_005,12,120_DTend_PP,PP,B2,DT5_PP,41,40.544089147286826,39.529411764705884,11.413356468732278,0.039945379254750793,0.45591085271317411,18,-0.37993468634389976
RADBILL_4X4_005,12,120_DTend_QT,QT,B1,DTend_QT,380,379.88144329896909,389.375,26.825050481468498,0.0044196263903702156,0.11855670103091143,18,0
RADBILL_4X4_005,12,130first_DTend_PP,PP,B2,DT5_PP,33,35.188953488372093,34.176470588235297,11.732621691877135,0.18656985163747114,2.1889534883720927,18,-0.36247466245043319
RADBILL_4X4_005,12,130first_DTend_QT,QT,B2,DT5_PP,350,374.30717054263567,375.29411764705884,31.54711695599606,0.77050370645726118,24.307170542635674,18,0.2189683034705967
RADBILL_4X4_005,12,130last_DTend_PP,PP,B1,DTend_QT,17,38.356701030927837,38.75,9.8013604497879108,2.1789527219550395,21.356701030927837,18,-0.3550460426480293
RADBILL_4X4_005,12,130last_DTend_QT,QT,B2,DT5_PP,350,374.21634181404835,373.4375,32.645507603139926,0.74179706771412435,24.216341814048349,18,0.39473869003624884
RADBILL_4X4_005,13,110_DTend_PP,PP,B1,DTend_QT,49,42.180678205581067,43.222222222222221,12.836325090541505,0.53125187671070873,6.8193217944189328,18,0.34105257606387329
RADBILL_4X4_005,13,110_DTend_QT,QT,B1,DTend_QT,395,396.75973721257623,391.47058823529414,36.433359794045252,0.048300162887086842,1.7597372125762263,18,0
RADBILL_4X4_005,13,120_DTend_PP,PP,B2,DT5_PP,45,47.168408631153071,39.294117647058826,11.334486677185435,0.19131070448190135,2.1684086311530706,18,-0.031609833686393529
RADBILL_4X4_005,13,120_DTend_QT,QT,B1,DTend_QT,385,388.2079646017699,389.0625,26.908409466187333,0.1192179198031373,3.2079646017699019,18,0
RADBILL_4X4_005,13,130first_DTend_PP,PP,B2,DT5_PP,40,41.582434254888739,33.764705882352942,11.637919765601936,0.13597226022866399,1.5824342548887387,18,-0.17823455314299902
RADBILL_4X4_005,13,130first_DTend_QT,QT,B2,DT5_PP,370,366.25590020229265,374.11764705882354,32.124527920541446,0.11654956633038185,3.7440997977073494,18,-0.084980677298850282
RADBILL_4X4_005,13,130last_DTend_PP,PP,B1,DTend_QT,39,36.309734513274336,37.375,11.206396982676159,0.24006516018346619,2.6902654867256643,18,0.14800790289451862
RADBILL_4X4_005,13,130last_DTend_QT,QT,B2,DT5_PP,375,359.95251661918331,371.875,33.159965822258222,0.45378464686824999,15.047483380816686,18,0.33471745161182304
RADBILL_4X4_005,14,110_DTend_PP,PP,B1,DTend_QT,30,43.370275521017305,44.277777777777779,12.460788170499704,1.07298794731707,13.370275521017305,18,0.98562634654717507
RADBILL_4X4_005,14,110_DTend_QT,QT,B1,DTend_QT,395,396.75973721257623,391.47058823529414,36.433359794045252,0.048300162887086842,1.7597372125762263,18,0
RADBILL_4X4_005,14,120_DTend_PP,PP,B2,DT5_PP,30,30.39127423822714,40.176470588235297,11.148067624691997,0.035097942656941016,0.39127423822714036,18,-0.15474493031568382
RADBILL_4X4_005,14,120_DTend_QT,QT,B1,DTend_QT,385,388.2079646017699,389.0625,26.908409466187333,0.1192179198031373,3.2079646017699019,18,0
RADBILL_4X4_005,14,130first_DTend_PP,PP,B2,DT5_PP,28,24.458275623268694,34.470588235294116,11.63033558769277,0.30452469320654529,3.541724376731306,18,-0.04385920677727273
RADBILL_4X4_005,14,130first_DTend_QT,QT,B2,DT5_PP,365,385.51506232686978,374.41176470588238,32.058654883528355,0.63992274165596263,20.515062326869781,18,0.27206159722685014
RADBILL_4X4_005,14,130last_DTend_PP,PP,B1,DTend_QT,28,37.043567052416606,38.0625,10.926840043367219,0.82764706141243527,9.0435670524166056,18,0.61990968083532838
RADBILL_4X4_005,14,130last_DTend_QT,QT,B2,DT5_PP,345,402.72979727853374,373.75,32.377976053690155,1.7829958606061236,57.729797278533738,18,0.91657056896299405
RADBILL_4X4_005,15,110_DTend_PP,PP,B1,DTend_QT,43,42.058933582787652,43.555555555555557,12.907919239171251,0.072906128383304666,0.94106641721234752,18,0.010435328702205982
RADBILL_4X4_005,15,110_DTend_QT,QT,B1,DTend_QT,330,322.83185840707966,395.29411764705884,32.809611217374922,0.21847688305200996,7.1681415929203354,18,0
RADBILL_4X4_005,16,110_DTend_PP,PP,B1,DTend_QT,36,43.463581916537869,43.944444444444443,12.771623979939562,0.58438785296693241,7.4635819165378692,18,-1.008824299032328
RADBILL_4X4_005,16,110_DTend_QT,QT,B1,DTend_QT,345,351.48026315789474,394.41176470588238,34.409407913260821,0.18832823785373398,6.4802631578947398,18,0
RADBILL_4X4_005,16,120_DTend_PP,PP,B2,DT5_PP,35,51.662876137158847,39.882352941176471,11.357169282776718,1.4671680699897902,16.662876137158847,18,0
RADBILL_4X4_005,16,120_DTend_QT,QT,B1,DTend_QT,330,359.16594454072793,392.5,21.908902300206645,1.3312371446584452,29.165944540727935,18,0
RADBILL_4X4_005,16,130first_DTend_PP,PP,B2,DT5_PP,29,46.190692792162345,34.411764705882355,11.662219040181695,1.4740498984740831,17.190692792162345,18,0
RADBILL_4X4_005,16,130first_DTend_QT,QT,B2,DT5_PP,310,372.08012596221135,377.64705882352939,27.620058780871986,2.2476464099781124,62.080125962211355,18,1.2529382477036797
RADBILL_4X4_005,16,130last_DTend_PP,PP,B1,DTend_QT,41,37.012131715771233,37.25,11.17437544861755,0.35687616749284462,3.9878682842287674,18,-0.18000002515692964
RADBILL_4X4_005,16,130last_DTend_QT,QT,B2,DT5_PP,310,365.6188864507011,375.9375,28.764489102595466,1.9335954917302014,55.618886450701098,18,1.3295746789604936
RADBILL_4X4_005,17,110_DTend_PP,PP,B1,DTend_QT,67,41.09788732394366,42.222222222222221,11.507315093174201,2.2509258212126917,25.90211267605634,18,0.44539669908852741
RADBILL_4X4_005,17,110_DTend_QT,QT,B1,DTend_QT,385,386.49433891644054,392.05882352941177,36.403074369198706,0.041049799840667506,1.4943389164405403,18,0
RADBILL_4X4_005,17,120_DTend_PP,PP,B2,DT5_PP,53,44.374091209517516,38.823529411764703,10.887121371818443,0.79230390622913793,8.6259087904824838,18,-0.14579347140115939
RADBILL_4X4_005,17,120_DTend_QT,QT,B1,DTend_QT,390,379.11168384879727,388.75,26.92582403567252,0.40438190997524937,10.88831615120273,18,0
RADBILL_4X4_005,17,130first_DTend_PP,PP,B2,DT5_PP,49,38.724058162590879,33.235294117647058,11.093519570929157,0.92630132138924437,10.275941837409121,18,-0.20879523234110775
RADBILL_4X4_005,17,130first_DTend_QT,QT,B2,DT5_PP,370,368.38730998017184,374.11764705882354,32.124527920541446,0.050201205254037658,1.6126900198281646,18,-0.071803913661741992
RADBILL_4X4_005,17,130last_DTend_PP,PP,B1,DTend_QT,58,35.200687285223367,36.1875,9.792641795416257,2.3282085867215669,22.799312714776633,18,0.18114407764511764
RADBILL_4X4_005,17,130last_DTend_QT,QT,B2,DT5_PP,380,363.5960591133005,371.5625,33.101800051759525,0.4955603882885381,16.403940886699502,18,-0.13822331563374457
RADBILL_4X4_005,18,110_DTend_PP,PP,B1,DTend_QT,58,41.55996114447192,42.722222222222221,12.394522298440386,1.3263955205112459,16.44003885552808,18,1.0081545791124171
RADBILL_4X4_005,18,110_DTend_QT,QT,B1,DTend_QT,380,381.36875704093126,392.35294117647061,36.319659236546038,0.037686395459183404,1.3687570409312571,18,0
RADBILL_4X4_005,18,120_DTend_PP,PP,B2,DT5_PP,55,49.376857749469224,38.705882352941174,10.710769731223527,0.52499889285626777,5.6231422505307762,18,0
RADBILL_4X4_005,18,120_DTend_QT,QT,B1,DTend_QT,355,377.73154596100278,390.9375,25.378386473532945,0.8957049332001249,22.73154596100278,18,0
RADBILL_4X4_005,18,130first_DTend_PP,PP,B2,DT5_PP,41,45.19426751592357,33.705882352941174,11.601533874246721,0.36152698094810337,4.1942675159235705,18,0
RADBILL_4X4_005,18,130first_DTend_QT,QT,B2,DT5_PP,355,364.8115711252654,375,31.770662567847086,0.30882488221051524,9.8115711252654023,18,0.091096398042570637
RADBILL_4X4_005,18,130last_DTend_PP,PP,B1,DTend_QT,45,36.277158774373255,37,11.033282980751165,0.79059344719470603,8.7228412256267447,18,0.60314783155115459
RADBILL_4X4_005,18,130last_DTend_QT,QT,B2,DT5_PP,350,357.12295578437312,373.4375,32.645507603139926,0.21819099494375804,7.1229557843731186,18,0.04668544318651191
RADBILL_4X4_006,1,110_DTend_PP,PP,B1,DTend_PP,39,54.426783114992723,43.777777777777779,12.859217593780077,1.1996673205416917,15.426783114992723,18,0
RADBILL_4X4_006,1,110_DTend_QT,QT,B1,DTend_PP,415,388.28384965556137,390.29411764705884,35.945731154551495,0.74323569131395451,26.716150344438631,18,0.51326309649901836
RADBILL_4X4_006,1,120_DTend_PP,PP,B1,DTend_PP,34,50.000000000000007,39.941176470588232,11.327348477442184,1.4125106181612723,16.000000000000007,18,0
RADBILL_4X4_006,1,120_DTend_QT,QT,B2,DT5_PP,400,399.28077357425184,388.125,26.762847382145271,0.026874062220598776,0.71922642574816109,18,-0.32945163759797763
RADBILL_4X4_006,1,130first_DTend_PP,PP,B2,DT5_PP,25,29.677514792899409,34.647058823529413,11.499680302461609,0.40675172438473312,4.6775147928994087,18,-1.1876830675898533
RADBILL_4X4_006,1,130first_DTend_QT,QT,B1,DTend_PP,405,361.52884876196379,372.05882352941177,31.127701867137763,1.3965422639802947,43.471151238036214,18,1.2310630134387175
RADBILL_4X4_006,1,130last_DTend_PP,PP,B2,DT5_PP,35,30.798418972332016,37.625,11.194492693582262,0.37532571976903667,4.2015810276679844,18,-0.25043459576345578
RADBILL_4X4_006,1,130last_DTend_QT,QT,B2,DT5_PP,395,381.43351214003388,370.625,32.602402774437756,0.41611926439369856,13.566487859966117,18,0.30177168422007894
RADBILL_4X4_006,2,110_DTend_PP,PP,B1,DTend_QT,63,40.992462311557787,42.444444444444443,11.961812877664549,1.8398162480484324,22.007537688442213,18,0.30459926565909945
RADBILL_4X4_006,2,110_DTend_QT,QT,B1,DTend_QT,410,406.63678840469152,390.58823529411762,36.136994243312166,0.093068382297205335,3.3632115953084849,18,0
RADBILL_4X4_006,2,120_DTend_PP,PP,B1,DTend_QT,60,37.339941911857558,38.411764705882355,10.143093854499053,2.2340380965805009,22.660058088142442,18,0.33164257931777752
RADBILL_4X4_006,2,120_DTend_QT,QT,B2,DT5_PP,395,386.85916953859538,388.4375,26.87742237145023,0.3028873211462414,8.1408304614046187,18,0.25769401672252856
RADBILL_4X4_006,2,130first_DTend_PP,PP,B2,DT5_PP,53,35.288723266364222,33,10.682930309610748,1.6579043596027276,17.711276733635778,18,0
RADBILL_4X4_006,2,130first_DTend_QT,QT,B1,DTend_QT,380,386.31582270488695,373.52941176470586,32.101630891316923,0.19674460547720346,6.3158227048869549,18,0
RADBILL_4X4_006,2,130last_DTend_PP,PP,B2,DT5_PP,49,37.664436042426473,36.75,10.785793124908958,1.0509717575979569,11.335563957573527,18,0
RADBILL_4X4_006,2,130last_DTend_QT,QT,B2,DT5_PP,370,370.57165322715559,372.1875,33.164677494788535,0.017236809471324496,0.57165322715559341,18,-0.37603489215635716
RADBILL_4X4_006,3,110_DTend_PP,PP,B1,DTend_QT,48,41.514972952086552,43.277777777777779,12.860361149240285,0.5042647692904445,6.485027047913448,18,0.44592975730349915
RADBILL_4X4_006,3,110_DTend_QT,QT,B1,DTend_QT,365,348.125,393.23529411764707,35.791984807643573,0.47147427254149515,16.875,18,0
RADBILL_4X4_006,3,120_DTend_PP,PP,B1,DTend_QT,46,36.094547563805101,39.235294117647058,11.300052056100814,0.87658467297476028,9.9054524361948992,18,0.72797455905205466
RADBILL_4X4_006,3,120_DTend_QT,QT,B2,DT5_PP,390,381.17610837438423,388.75,26.92582403567252,0.32771110789127533,8.8238916256157722,18,-1.6149292475181329
RADBILL_4X4_006,3,130first_DTend_PP,PP,B2,DT5_PP,39,39.565102445472569,33.823529411764703,11.668522261396509,0.048429649685986557,0.5651024454725686,18,-0.03476696161558248
RADBILL_4X4_006,3,130first_DTend_QT,QT,B1,DTend_QT,335,331.47041763341065,376.1764705882353,30.543483949358261,0.11555925880758966,3.5295823665893522,18,0
RADBILL_4X4_006,3,130last_DTend_PP,PP,B2,DT5_PP,32,42.400246305418719,37.8125,11.118865349785771,0.9353693905124143,10.400246305418719,18,0.24287679695532061
RADBILL_4X4_006,3,130last_DTend_QT,QT,B2,DT5_PP,345,366.65640394088672,373.75,32.377976053690155,0.66886218906874861,21.656403940886719,18,-0.26237719405828741
RADBILL_4X4_006,4,110_DTend_PP,PP,B1,DTend_QT,26,45.400405718701698,44.5,12.147379286472114,1.5970856973492951,19.400405718701698,18,0.80053806943974104
RADBILL_4X4_006,4,110_DTend_QT,QT,B1,DTend_QT,460,421.97167196961919,387.64705882352939,31.923622085515664,1.1912284868086744,38.028328030380806,18,0
RADBILL_4X4_006,4,120_DTend_PP,PP,B1,DTend_QT,28,41.387842112501716,40.294117647058826,11.021369617034631,1.2147167346433481,13.387842112501716,18,0.84820793399048888
RADBILL_4X4_006,4,120_DTend_QT,QT,B2,DTend_QT,445,406.22251705837755,385.3125,22.395591083961147,1.7314784323506147,38.777482941622452,18,0
RADBILL_4X4_006,4,130first_DTend_PP,PP,B2,DTend_QT,25,37.411910328703065,34.647058823529413,11.499680302461609,1.079326555369212,12.411910328703065,18,0.96733219080451871
RADBILL_4X4_006,4,130first_DTend_QT,QT,B1,DTend_QT,430,401.03493329665793,370.58823529411762,28.716412605706452,1.0086589540639979,28.965066703342075,18,0
RADBILL_4X4_006,4,130last_DTend_PP,PP,B2,DTend_QT,30,36.44048521607278,37.9375,11.036114956511343,0.58358265036672829,6.4404852160727799,18,0.36792353160430891
RADBILL_4X4_006,4,130last_DTend_QT,QT,B2,DTend_QT,435,397.73692191053829,368.125,28.628365886535217,1.3016138691656047,37.263078089461715,18,0
RADBILL_4X4_006,5,110_DTend_PP,PP,B1,DTend_QT,37,42.894190140845069,43.888888888888886,12.805738092924404,0.4602772677431069,5.894190140845069,18,-0.083627706899582821
RADBILL_4X4_006,5,110_DTend_QT,QT,B1,DTend_QT,385,391.93862275449101,392.05882352941177,36.403074369198706,0.19060540557975236,6.9386227544910071,18,0
RADBILL_4X4_006,5,120_DTend_PP,PP,B1,DTend_QT,33,39.102882703777333,40,11.291589790636214,0.54048037671703897,6.1028827037773326,18,-0.10946604154117945
RADBILL_4X4_006,5,120_DTend_QT,QT,B2,DT5_PP,385,390.9828602035351,389.0625,26.908409466187333,0.22234165163322125,5.9828602035350968,18,0.18057752295099824
RADBILL_4X4_006,5,130first_DTend_PP,PP,B2,DT5_PP,26,34.92591994835378,34.588235294117645,11.549127800019207,0.7728652849732025,8.9259199483537799,18,0
RADBILL_4X4_006,5,130first_DTend_QT,QT,B1,DTend_QT,375,370.96669980119282,373.8235294117647,32.138830279969831,0.12549617281251496,4.0333001988071828,18,0
RADBILL_4X4_006,5,130last_DTend_PP,PP,B2,DT5_PP,29,36.88457418318157,38,10.984838035522721,0.7177688153147519,7.8845741831815701,18,0
RADBILL_4X4_006,5,130last_DTend_QT,QT,B2,DT5_PP,375,373.84105516871989,371.875,33.159965822258222,0.03495012140519705,1.1589448312801096,18,-0.25808144661386168
RADBILL_4X4_006,6,110_DTend_PP,PP,B1,DTend_QT,24,46.713244353182752,44.611111111111114,11.95648428008289,1.8996591155995974,22.713244353182752,18,1.6666464692940903
RADBILL_4X4_006,6,110_DTend_QT,QT,B1,DTend_QT,335,341.58723218189766,395,33.400973039718465,0.19721677491444678,6.5872321818976616,18,0
RADBILL_4X4_006,6,120_DTend_PP,PP,B1,DTend_QT,18,45.055839183152514,40.882352941176471,9.9742315051159238,2.7125738127569221,27.055839183152514,18,2.4180056999480199
RADBILL_4X4_006,6,130first_DTend_PP,PP,B2,DT5_PP,5,15.921291053227627,35.823529411764703,9.0362830724090255,1.2086043526651129,10.921291053227627,18,-0.82159681455596534
RADBILL_4X4_006,6,130first_DTend_QT,QT,B1,DTend_QT,360,308.6869814932993,374.70588235294116,31.940892101431579,1.6064992281289747,51.313018506700701,18,0
RADBILL_4X4_006,7,110_DTend_PP,PP,B1,DTend_QT,31,43.249647887323945,44.222222222222221,12.525529485370624,0.9779744562200825,12.249647887323945,18,0.25504035193743202
RADBILL_4X4_006,7,110_DTend_QT,QT,B1,DTend_QT,385,391.93862275449101,392.05882352941177,36.403074369198706,0.19060540557975236,6.9386227544910071,18,0
RADBILL_4X4_006,7,120_DTend_PP,PP,B1,DTend_QT,30,39.290755467196817,40.176470588235297,11.148067624691997,0.83339604494491981,9.2907554671968171,18,0.24868341800587535
RADBILL_4X4_006,7,120_DTend_QT,QT,B2,DT5_PP,390,397.88514728253352,388.75,26.92582403567252,0.29284701824118486,7.8851472825335236,18,0.052621091329330294
RADBILL_4X4_006,7,130first_DTend_PP,PP,B2,DT5_PP,38,30.098598435462844,33.882352941176471,11.693386768496415,0.67571540401148911,7.9014015645371565,18,0
RADBILL_4X4_006,7,130first_DTend_QT,QT,B1,DTend_QT,390,370.02733598409543,372.94117647058823,31.871755890277083,0.62665715954474621,19.97266401590457,18,0
RADBILL_4X4_006,7,130last_DTend_PP,PP,B2,DT5_PP,33,32.498133038307287,37.75,11.150485789118488,0.045008528882434305,0.50186696169271272,18,0
RADBILL_4X4_006,7,130last_DTend_QT,QT,B2,DT5_PP,395,379.23765730880928,370.625,32.602402774437756,0.48347181035225256,15.762342691190725,18,-0.47028659943450662
RADBILL_4X4_006,8,110_DTend_PP,PP,B1,DTend_PP,44,32.774790877243149,43.5,12.908045826492232,0.86962885580390814,11.225209122756851,18,0
RADBILL_4X4_006,8,110_DTend_QT,QT,B1,DTend_PP,430,382.3235800344234,389.41176470588238,35.083932974243019,1.3589246108917832,47.676419965576599,18,0.89121328821840495
RADBILL_4X4_006,8,120_DTend_PP,PP,B1,DTend_PP,36,30.304635258358665,39.823529411764703,11.381098882124954,0.50042309627820036,5.6953647416413347,18,0
RADBILL_4X4_006,8,120_DTend_QT,QT,B2,DT5_PP,420,392.93709150326799,386.875,25.617376914898998,1.0564277750464097,27.062908496732007,18,0.81219503671958793
RADBILL_4X4_006,8,130first_DTend_PP,PP,B2,DT5_PP,38,31.497893713545039,33.882352941176471,11.693386768496415,0.55604987803640649,6.5021062864549606,18,-0.51382068915044665
RADBILL_4X4_006,8,130first_DTend_QT,QT,B1,DTend_PP,420,372.17249240121578,371.1764705882353,29.871046378804774,1.6011326483936161,47.827507598784223,18,1.6003514435005615
RADBILL_4X4_006,8,130last_DTend_PP,PP,B2,DT5_PP,40,33.325571895424837,37.3125,11.193562137824284,0.5962738243996103,6.6744281045751634,18,-0.30190926254366723
RADBILL_4X4_006,8,130last_DTend_QT,QT,B2,DT5_PP,415,375.40441176470586,369.375,31.138133106102128,1.2716108605603786,39.595588235294144,18,1.0588774993232626
RADBILL_4X4_006,10,110_DTend_PP,PP,B1,DTend_QT,32,44.426101236476043,44.166666666666664,12.585005083081073,0.98737355721702047,12.426101236476043,18,0.57013860190986176
RADBILL_4X4_006,10,110_DTend_QT,QT,B1,DTend_QT,425,427.78045776454894,389.70588235294116,35.420270866204483,0.078499054257709186,2.7804577645489417,18,0
RADBILL_4X4_006,10,120_DTend_PP,PP,B1,DTend_QT,33,40.506945399532384,40,11.291589790636214,0.66482625907626181,7.506945399532384,18,0.60688076026335935
RADBILL_4X4_006,10,120_DTend_QT,QT,B2,DT5_PP,405,406.12478645752446,387.8125,26.581243387020105,0.042315043022920051,1.1247864575244648,18,-0.28661487418232107
RADBILL_4X4_006,10,130first_DTend_PP,PP,B2,DT5_PP,22,25.958333333333329,34.823529411764703,11.315008252966759,0.34983035317676114,3.9583333333333286,18,-0.32492760688882005
RADBILL_4X4_006,10,130first_DTend_QT,QT,B1,DTend_QT,405,405.43941686150458,372.05882352941177,31.127701867137763,0.014116585393298353,0.43941686150458281,18,0
RADBILL_4X4_006,10,130last_DTend_PP,PP,B2,DT5_PP,23,28.41652430501631,38.375,10.531698185319719,0.51430682969689334,5.4165243050163099,18,-0.53208246287623751
RADBILL_4X4_006,10,130last_DTend_QT,QT,B2,DT5_PP,395,388.40153750582391,370.625,32.602402774437756,0.2023919077323246,6.5984624941760899,18,-0.11224045570526633
RADBILL_4X4_006,11,110_DTend_PP,PP,B1,DTend_QT,50,42.029522613065325,43.166666666666664,12.807396759869114,0.62233391659337722,7.9704773869346752,18,0.20290631974535711
RADBILL_4X4_006,11,110_DTend_QT,QT,B1,DTend_QT,410,406.63678840469152,390.58823529411762,36.136994243312166,0.093068382297205335,3.3632115953084849,18,0
RADBILL_4X4_006,11,120_DTend_PP,PP,B1,DTend_QT,45,38.538956939007448,39.294117647058826,11.334486677185435,0.57003402491950783,6.4610430609925515,18,0.065087325800673002
RADBILL_4X4_006,11,120_DTend_QT,QT,B2,DT5_PP,390,378.60608380899345,388.75,26.92582403567252,0.42315942404998974,11.393916191006554,18,0.17750663174754142
RADBILL_4X4_006,11,130first_DTend_PP,PP,B2,DT5_PP,39,40.96987951807229,33.823529411764703,11.668522261396509,0.16881996485444686,1.9698795180722897,18,-0.19684620277682971
RADBILL_4X4_006,11,130first_DTend_QT,QT,B1,DTend_QT,375,386.71549438060362,373.8235294117647,32.138830279969831,0.36452771549390106,11.715494380603616,18,0
RADBILL_4X4_006,11,130last_DTend_PP,PP,B2,DT5_PP,48,42.305164972852566,36.8125,10.857984773121268,0.5244836077910966,5.6948350271474339,18,-0.11552138134718359
RADBILL_4X4_006,11,130last_DTend_QT,QT,B2,DT5_PP,370,361.88605039677014,372.1875,33.164677494788535,0.24465636985328362,8.1139496032298553,18,-0.14861533177439804
RADBILL_4X4_006,12,110_DTend_PP,PP,B1,DTend_QT,47,42.282746478873243,43.333333333333336,12.87953232618236,0.36625969031012207,4.7172535211267572,18,0.13883924080529847
RADBILL_4X4_006,12,120_DTend_PP,PP,B1,DTend_QT,41,38.49707092110183,39.529411764705884,11.413356468732278,0.21929824813192564,2.5029290788981697,18,-0.2005818174667249
RADBILL_4X4_006,12,120_DTend_QT,QT,B2,DT5_PP,380,390.12821370064523,389.375,26.825050481468498,0.3775655038428386,10.128213700645233,18,0.37314587745246841
RADBILL_4X4_006,12,130first_DTend_PP,PP,B2,DT5_PP,33,35.188953488372093,34.176470588235297,11.732621691877135,0.18656985163747114,2.1889534883720927,18,-0.36247466245043319
RADBILL_4X4_006,12,130first_DTend_QT,QT,B1,DTend_QT,350,367.39935186339272,375.29411764705884,31.54711695599606,0.55153540298666448,17.399351863392724,18,0
RADBILL_4X4_006,12,130last_DTend_PP,PP,B2,DT5_PP,17,38.31209254120558,38.75,9.8013604497879108,2.1744014670602945,21.31209254120558,18,-0.35959729754277436
RADBILL_4X4_006,12,130last_DTend_QT,QT,B2,DT5_PP,350,374.21634181404835,373.4375,32.645507603139926,0.74179706771412435,24.216341814048349,18,0.39473869003624884
RADBILL_4X4_006,13,110_DTend_PP,PP,B1,DTend_QT,49,42.180678205581067,43.222222222222221,12.836325090541505,0.53125187671070873,6.8193217944189328,18,0.34105257606387329
RADBILL_4X4_006,13,110_DTend_QT,QT,B1,DTend_QT,395,396.75973721257623,391.47058823529414,36.433359794045252,0.048300162887086842,1.7597372125762263,18,0
RADBILL_4X4_006,13,120_DTend_PP,PP,B1,DTend_QT,45,38.441099639258617,39.294117647058826,11.334486677185435,0.57866761394174404,6.5589003607413829,18,0.35574707577344916
RADBILL_4X4_006,13,120_DTend_QT,QT,B2,DT5_PP,385,377.85480637332489,389.0625,26.908409466187333,0.26553756867917599,7.145193626675109,18,0.14631964887603871
RADBILL_4X4_006,13,130first_DTend_PP,PP,B2,DT5_PP,40,41.582434254888739,33.764705882352942,11.637919765601936,0.13597226022866399,1.5824342548887387,18,-0.17823455314299902
RADBILL_4X4_006,13,130first_DTend_QT,QT,B1,DTend_QT,370,376.47406393830079,374.11764705882354,32.124527920541446,0.20153024362923214,6.4740639383007874,18,0
RADBILL_4X4_006,13,130last_DTend_PP,PP,B2,DT5_PP,39,44.027962435369837,37.375,11.206396982676159,0.44866895605630486,5.0279624353698367,18,0.35661169876735732
RADBILL_4X4_006,13,130last_DTend_QT,QT,B2,DT5_PP,375,359.95251661918331,371.875,33.159965822258222,0.45378464686824999,15.047483380816686,18,0.33471745161182304
RADBILL_4X4_006,14,110_DTend_PP,PP,B1,DTend_QT,30,43.370275521017305,44.277777777777779,12.460788170499704,1.07298794731707,13.370275521017305,18,0.98562634654717507
RADBILL_4X4_006,14,110_DTend_QT,QT,B1,DTend_QT,395,396.75973721257623,391.47058823529414,36.433359794045252,0.048300162887086842,1.7597372125762263,18,0
RADBILL_4X4_006,14,120_DTend_PP,PP,B1,DTend_QT,30,39.398308247294437,40.176470588235297,11.148067624691997,0.84304370620052616,9.3983082472944375,18,0.65320083322790135
RADBILL_4X4_006,14,120_DTend_QT,QT,B2,DT5_PP,385,412.74804617764909,389.0625,26.908409466187333,1.0312035058228479,27.748046177649087,18,0.91198558601971058
RADBILL_4X4_006,14,130first_DTend_PP,PP,B2,DT5_PP,28,24.458275623268694,34.470588235294116,11.63033558769277,0.30452469320654529,3.541724376731306,18,-0.04385920677727273
RADBILL_4X4_006,14,130first_DTend_QT,QT,B1,DTend_QT,365,376.7931334743127,374.41176470588238,32.058654883528355,0.3678611444291125,11.793133474312697,18,0
RADBILL_4X4_006,14,130last_DTend_PP,PP,B2,DT5_PP,28,26.416550958067202,38.0625,10.926840043367219,0.14491372031148012,1.5834490419327985,18,-0.062823660265626802
RADBILL_4X4_006,14,130last_DTend_QT,QT,B2,DT5_PP,345,402.72979727853374,373.75,32.377976053690155,1.7829958606061236,57.729797278533738,18,0.91657056896299405
RADBILL_4X4_006,15,110_DTend_PP,PP,B1,DTend_QT,43,42.058933582787652,43.555555555555557,12.907919239171251,0.072906128383304666,0.94106641721234752,18,0.010435328702205982
RADBILL_4X4_006,15,110_DTend_QT,QT,B1,DTend_QT,330,322.83185840707966,395.29411764705884,32.809611217374922,0.21847688305200996,7.1681415929203354,18,0
RADBILL_4X4_006,16,110_DTend_PP,PP,B1,DTend_QT,36,43.463581916537869,43.944444444444443,12.771623979939562,0.58438785296693241,7.4635819165378692,18,-1.008824299032328
RADBILL_4X4_006,16,110_DTend_QT,QT,B1,DTend_QT,345,351.48026315789474,394.41176470588238,34.409407913260821,0.18832823785373398,6.4802631578947398,18,0
RADBILL_4X4_006,16,120_DTend_PP,PP,B1,DTend_QT,35,38.736078886310906,39.882352941176471,11.357169282776718,0.32896215538291873,3.7360788863109065,18,-1.1382059146068715
RADBILL_4X4_006,16,120_DTend_QT,QT,B2,DT5_PP,330,382.30538922155688,392.5,21.908902300206645,2.3874034629778569,52.305389221556879,18,1.0561663183194117
RADBILL_4X4_006,16,130first_DTend_PP,PP,B2,DT5_PP,29,46.190692792162345,34.411764705882355,11.662219040181695,1.4740498984740831,17.190692792162345,18,0
RADBILL_4X4_006,16,130first_DTend_QT,QT,B1,DTend_QT,310,337.47389791183298,377.64705882352939,27.620058780871986,0.99470816227443259,27.473897911832978,18,0
RADBILL_4X4_006,16,130last_DTend_PP,PP,B2,DT5_PP,41,46.999256146092904,37.25,11.17437544861755,0.53687619264977426,5.9992561460929039,18,0
RADBILL_4X4_006,16,130last_DTend_QT,QT,B2,DT5_PP,310,365.6188864507011,375.9375,28.764489102595466,1.9335954917302014,55.618886450701098,18,1.3295746789604936
RADBILL_4X4_006,17,110_DTend_PP,PP,B1,DTend_QT,67,41.09788732394366,42.222222222222221,11.507315093174201,2.2509258212126917,25.90211267605634,18,0.44539669908852741
RADBILL_4X4_006,17,110_DTend_QT,QT,B1,DTend_QT,385,386.49433891644054,392.05882352941177,36.403074369198706,0.041049799840667506,1.4943389164405403,18,0
RADBILL_4X4_006,17,120_DTend_PP,PP,B1,DTend_QT,53,37.705845693630813,38.823529411764703,10.887121371818443,1.4047932216461227,15.294154306369187,18,0.46669584401582542
RADBILL_4X4_006,17,120_DTend_QT,QT,B2,DT5_PP,390,381.17610837438423,388.75,26.92582403567252,0.32771110789127533,8.8238916256157722,18,-0.076670802083974032
RADBILL_4X4_006,17,130first_DTend_PP,PP,B2,DT5_PP,49,38.724058162590879,33.235294117647058,11.093519570929157,0.92630132138924437,10.275941837409121,18,-0.20879523234110775
RADBILL_4X4_006,17,130first_DTend_QT,QT,B1,DTend_QT,370,366.08064315094106,374.11764705882354,32.124527920541446,0.12200511891577966,3.9193568490589428,18,0
RADBILL_4X4_006,17,130last_DTend_PP,PP,B2,DT5_PP,58,40.126847290640399,36.1875,9.792641795416257,1.8251614919403742,17.873152709359601,18,-0.32190301713607505
RADBILL_4X4_006,17,130last_DTend_QT,QT,B2,DT5_PP,380,363.5960591133005,371.5625,33.101800051759525,0.4955603882885381,16.403940886699502,18,-0.13822331563374457
RADBILL_4X4_006,18,110_DTend_PP,PP,B1,DTend_QT,58,41.55996114447192,42.722222222222221,12.394522298440386,1.3263955205112459,16.44003885552808,18,1.0081545791124171
RADBILL_4X4_006,18,110_DTend_QT,QT,B1,DTend_QT,380,381.36875704093126,392.35294117647061,36.319659236546038,0.037686395459183404,1.3687570409312571,18,0
RADBILL_4X4_006,18,120_DTend_PP,PP,B1,DTend_QT,55,37.346810647915618,38.705882352941174,10.710769731223527,1.6481718676691035,17.653189352084382,18,1.1231729748128356
RADBILL_4X4_006,18,120_DTend_QT,QT,B2,DT5_PP,355,376.83979406420349,390.9375,25.378386473532945,0.86056669075396708,21.839794064203488,18,-0.035138242446157819
RADBILL_4X4_006,18,130first_DTend_PP,PP,B2,DT5_PP,41,45.19426751592357,33.705882352941174,11.601533874246721,0.36152698094810337,4.1942675159235705,18,0
RADBILL_4X4_006,18,130first_DTend_QT,QT,B1,DTend_QT,355,361.9173782019086,375,31.770662567847086,0.2177284841679446,6.9173782019086048,18,0
RADBILL_4X4_006,18,130last_DTend_PP,PP,B2,DT5_PP,45,47.068140520896421,37,11.033282980751165,0.18744561564355147,2.0681405208964208,18,0
RADBILL_4X4_006,18,130last_DTend_QT,QT,B2,DT5_PP,350,357.12295578437312,373.4375,32.645507603139926,0.21819099494375804,7.1229557843731186,18,0.04668544318651191
RADBILL_4X4_007,1,110_DTend_PP,PP,B1,DTend_PP,39,54.426783114992723,43.777777777777779,12.859217593780077,1.1996673205416917,15.426783114992723,18,0
RADBILL_4X4_007,1,110_DTend_QT,QT,B1,DTend_PP,415,388.28384965556137,390.29411764705884,35.945731154551495,0.74323569131395451,26.716150344438631,18,0.51326309649901836
RADBILL_4X4_007,1,120_DTend_PP,PP,B1,DTend_PP,34,50.000000000000007,39.941176470588232,11.327348477442184,1.4125106181612723,16.000000000000007,18,0
RADBILL_4X4_007,1,120_DTend_QT,QT,B2,DT5_QT,400,416.89150943396226,388.125,26.762847382145271,0.63115516793745052,16.891509433962256,18,0.2748294681188741
RADBILL_4X4_007,1,130first_DTend_PP,PP,B1,DTend_PP,25,43.335490370829625,34.647058823529413,11.499680302461609,1.5944347919745865,18.335490370829625,18,0
RADBILL_4X4_007,1,130first_DTend_QT,QT,B2,DT5_QT,405,408.16772151898732,372.05882352941177,31.127701867137763,0.10176535140654114,3.1677215189873209,18,-0.063713899135036139
RADBILL_4X4_007,1,130last_DTend_PP,PP,B2,DT5_QT,35,37.726415094339622,37.625,11.194492693582262,0.2435496783076789,2.7264150943396217,18,-0.38221063722481352
RADBILL_4X4_007,1,130last_DTend_QT,QT,B2,DT5_QT,395,405.09433962264154,370.625,32.602402774437756,0.3096194992890558,10.094339622641542,18,0.1952719191154362
RADBILL_4X4_007,2,110_DTend_PP,PP,B1,DT5_PP,63,44.636021730045968,42.444444444444443,11.961812877664549,1.5352169823893329,18.363978269954032,18,0
RADBILL_4X4_007,2,110_DTend_QT,QT,B1,DT5_PP,410,390.51104972375691,390.58823529411762,36.136994243312166,0.53930745166637339,19.488950276243088,18,0.44623906936916807
RADBILL_4X4_007,2,120_DTend_PP,PP,B1,DT5_PP,60,40.703823720025923,38.411764705882355,10.143093854499053,1.9023955172627234,19.296176279974077,18,0
RADBILL_4X4_007,2,120_DTend_QT,QT,B2,DT5_QT,395,407.74038461538464,388.4375,26.87742237145023,0.47401809739455331,12.740384615384642,18,0.42882479297084047
RADBILL_4X4_007,2,130first_DTend_PP,PP,B1,DT5_PP,53,35.288723266364222,33,10.682930309610748,1.6579043596027276,17.711276733635778,18,0
RADBILL_4X4_007,2,130first_DTend_QT,QT,B2,DT5_QT,380,399.78904847396768,373.52941176470586,32.101630891316923,0.61644994115611629,19.789048473967682,18,0.41970533567891283
RADBILL_4X4_007,2,130last_DTend_PP,PP,B2,DT5_QT,49,36.051282051282051,36.75,10.785793124908958,1.2005346105530137,12.948717948717949,18,0.14956285295505678
RADBILL_4X4_007,2,130last_DTend_QT,QT,B2,DT5_QT,370,396.65865384615387,372.1875,33.164677494788535,0.80382671745693846,26.658653846153868,18,0.4105550158292568
RADBILL_4X4_007,3,110_DTend_PP,PP,B1,DTend_PP,48,48.750209321797378,43.277777777777779,12.860361149240285,0.058335011986945323,0.75020932179737798,18,0
RADBILL_4X4_007,3,110_DTend_QT,QT,B1,DTend_PP,365,393.10511942767027,393.23529411764707,35.791984807643573,0.78523500662830725,28.105119427670274,18,0.3137607340868121
RADBILL_4X4_007,3,120_DTend_PP,PP,B1,DTend_PP,46,44.320697976610354,39.235294117647058,11.300052056100814,0.14861011392270559,1.6793020233896456,18,0
RADBILL_4X4_007,3,120_DTend_QT,QT,B2,DTend_QT,390,337.69280762564995,388.75,26.92582403567252,1.9426403554094083,52.307192374350052,18,0
RADBILL_4X4_007,3,130first_DTend_PP,PP,B1,DTend_PP,39,38.029218488954889,33.823529411764703,11.668522261396509,0.083196611301569037,0.97078151104511079,18,0
RADBILL_4X4_007,3,130first_DTend_QT,QT,B2,DTend_QT,335,331.47041763341065,376.1764705882353,30.543483949358261,0.11555925880758966,3.5295823665893522,18,0
RADBILL_4X4_007,3,130last_DTend_PP,PP,B2,DTend_QT,32,40.233102253032925,37.8125,11.118865349785771,0.74046244774351488,8.233102253032925,18,0.04796985418642119
RADBILL_4X4_007,3,130last_DTend_QT,QT,B2,DTend_QT,345,314.84835355285963,373.75,32.377976053690155,0.93123938312703602,30.151646447140365,18,0
RADBILL_4X4_007,4,110_DTend_PP,PP,B1,DTend_PP,26,31.717540202501493,44.5,12.147379286472114,0.4706809648126169,5.7175402025014925,18,-0.32586666309693713
RADBILL_4X4_007,4,110_DTend_QT,QT,B1,DTend_PP,460,374.82246834154483,387.64705882352939,31.923622085515664,2.6681662698012509,85.177531658455166,18,1.4769377829925765
RADBILL_4X4_007,4,120_DTend_PP,PP,B1,DTend_PP,28,28.204438466711494,40.294117647058826,11.021369617034631,0.018549279609996371,0.20443846671149402,18,-0.34795952104286287
RADBILL_4X4_007,4,120_DTend_QT,QT,B2,DTend_QT,445,406.22251705837755,385.3125,22.395591083961147,1.7314784323506147,38.777482941622452,18,0
RADBILL_4X4_007,4,130first_DTend_PP,PP,B1,DTend_PP,25,24.429407808853203,34.647058823529413,11.499680302461609,0.049618091645961419,0.57059219114679749,18,-0.062376272918731872
RADBILL_4X4_007,4,130first_DTend_QT,QT,B2,DTend_QT,430,401.03493329665793,370.58823529411762,28.716412605706452,1.0086589540639979,28.965066703342075,18,0
RADBILL_4X4_007,4,130last_DTend_PP,PP,B2,DTend_QT,30,36.44048521607278,37.9375,11.036114956511343,0.58358265036672829,6.4404852160727799,18,0.36792353160430891
RADBILL_4X4_007,4,130last_DTend_QT,QT,B2,DTend_QT,435,397.73692191053829,368.125,28.628365886535217,1.3016138691656047,37.263078089461715,18,0
RADBILL_4X4_007,5,110_DTend_PP,PP,B1,DTend_PP,37,38.954782847718526,43.888888888888886,12.805738092924404,0.15264897919461656,1.9547828477185263,18,-0.39125599544807316
RADBILL_4X4_007,5,110_DTend_QT,QT,B1,DTend_PP,385,388.54738506720884,392.05882352941177,36.403074369198706,0.097447403239390745,3.5473850672088361,18,-0.093158002340361618
RADBILL_4X4_007,5,120_DTend_PP,PP,B1,DTend_PP,33,35.585205479452057,40,11.291589790636214,0.22894964547825605,2.5852054794520569,18,-0.42099677277996239
RADBILL_4X4_007,5,120_DTend_QT,QT,B2,DTend_QT,385,383.8761937244202,389.0625,26.908409466187333,0.041764128682223012,1.1238062755797955,18,0
RADBILL_4X4_007,5,130first_DTend_PP,PP,B1,DTend_PP,26,30.878684931506847,34.588235294117645,11.549127800019207,0.42242886354575909,4.8786849315068466,18,-0.35043642142744341
RADBILL_4X4_007,5,130first_DTend_QT,QT,B2,DTend_QT,375,370.96669980119282,373.8235294117647,32.138830279969831,0.12549617281251496,4.0333001988071828,18,0
RADBILL_4X4_007,5,130last_DTend_PP,PP,B2,DTend_QT,29,37.181446111869029,38,10.984838035522721,0.74479442349645075,8.1814461118690289,18,0.027025608181698857
RADBILL_4X4_007,5,130last_DTend_QT,QT,B2,DTend_QT,375,365.28308321964528,371.875,33.159965822258222,0.29303156801905872,9.7169167803547225,18,0
RADBILL_4X4_007,6,110_DTend_PP,PP,B1,DT5_PP,24,13.290174256845795,44.611111111111114,11.95648428008289,0.89573368661510577,10.709825743154205,18,0.66272104030959866
RADBILL_4X4_007,6,110_DTend_QT,QT,B1,DT5_PP,335,440.76740506329116,395,33.400973039718465,3.1665965221288257,105.76740506329116,18,2.9693797472143788
RADBILL_4X4_007,6,120_DTend_PP,PP,B1,DT5_PP,18,14.813703284258199,40.882352941176471,9.9742315051159238,0.31945285349628227,3.1862967157418005,18,0.024884740687380003
RADBILL_4X4_007,6,130first_DTend_PP,PP,B1,DT5_PP,5,15.921291053227627,35.823529411764703,9.0362830724090255,1.2086043526651129,10.921291053227627,18,-0.82159681455596534
RADBILL_4X4_007,6,130first_DTend_QT,QT,B2,DTend_QT,360,308.6869814932993,374.70588235294116,31.940892101431579,1.6064992281289747,51.313018506700701,18,0
RADBILL_4X4_007,7,110_DTend_PP,PP,B1,DTend_PP,31,36.307562907408702,44.222222222222221,12.525529485370624,0.42373960427044205,5.3075629074087018,18,-0.29919450001220843
RADBILL_4X4_007,7,110_DTend_QT,QT,B1,DTend_PP,385,387.83149171270719,392.05882352941177,36.403074369198706,0.077781664372363196,2.8314917127071908,18,-0.11282374120738917
RADBILL_4X4_007,7,120_DTend_PP,PP,B1,DTend_PP,30,32.949262405006706,40.176470588235297,11.148067624691997,0.26455368807364854,2.9492624050067064,18,-0.32015893886539593
RADBILL_4X4_007,7,120_DTend_QT,QT,B2,DT5_QT,390,377.82814140707035,388.75,26.92582403567252,0.45205147953146529,12.171858592929652,18,0.21182555261961072
RADBILL_4X4_007,7,130first_DTend_PP,PP,B1,DTend_PP,38,27.385113991953514,33.882352941176471,11.693386768496415,0.9077683153904087,10.614886008046486,18,0.23205291137891959
RADBILL_4X4_007,7,130first_DTend_QT,QT,B2,DT5_QT,390,360.86612458254683,372.94117647058823,31.871755890277083,0.91409696779024519,29.133875417453169,18,0.28743980824549897
RADBILL_4X4_007,7,130last_DTend_PP,PP,B2,DT5_QT,33,38.033251662583126,37.75,11.150485789118488,0.45139303863289659,5.0332516625831261,18,0.40638450975046231
RADBILL_4X4_007,7,130last_DTend_QT,QT,B2,DT5_QT,395,356.98459922996147,370.625,32.602402774437756,1.1660306460554768,38.015400770038525,18,0.21227223626871761
RADBILL_4X4_007,8,110_DTend_PP,PP,B1,DTend_PP,44,32.774790877243149,43.5,12.908045826492232,0.86962885580390814,11.225209122756851,18,0
RADBILL_4X4_007,8,110_DTend_QT,QT,B1,DTend_PP,430,382.3235800344234,389.41176470588238,35.083932974243019,1.3589246108917832,47.676419965576599,18,0.89121328821840495
RADBILL_4X4_007,8,120_DTend_PP,PP,B1,DTend_PP,36,30.304635258358665,39.823529411764703,11.381098882124954,0.50042309627820036,5.6953647416413347,18,0
RADBILL_4X4_007,8,120_DTend_QT,QT,B2,DTend_QT,420,426.25660211267609,386.875,25.617376914898998,0.24423273832682177,6.2566021126760916,18,0
RADBILL_4X4_007,8,130first_DTend_PP,PP,B1,DTend_PP,38,25.489589665653497,33.882352941176471,11.693386768496415,1.0698705671868531,12.510410334346503,18,0
RADBILL_4X4_007,8,130first_DTend_QT,QT,B2,DTend_QT,420,420.02333540759179,371.1764705882353,29.871046378804774,0.00078120489305473842,0.023335407591787316,18,0
RADBILL_4X4_007,8,130last_DTend_PP,PP,B2,DTend_QT,40,32.955105633802816,37.3125,11.193562137824284,0.6293701932820569,7.0448943661971839,18,-0.26881289366122063
RADBILL_4X4_007,8,130last_DTend_QT,QT,B2,DTend_QT,415,421.62411971830983,369.375,31.138133106102128,0.21273336123711609,6.6241197183098279,18,0
RADBILL_4X4_007,10,110_DTend_PP,PP,B1,DTend_PP,32,37.250904033379697,44.166666666666664,12.585005083081073,0.41723495530715876,5.2509040333796975,18,0
RADBILL_4X4_007,10,110_DTend_QT,QT,B1,DTend_PP,425,384.78087042607473,389.70588235294116,35.420270866204483,1.1354833994874816,40.219129573925272,18,1.0569843452297725
RADBILL_4X4_007,10,120_DTend_PP,PP,B1,DTend_PP,33,33.654296802809093,40,11.291589790636214,0.05794549881290248,0.65429680280909253,18,0
RADBILL_4X4_007,10,120_DTend_QT,QT,B2,DT5_QT,405,406.60256410256409,387.8125,26.581243387020105,0.060289282906405971,1.602564102564088,18,-0.26864063429883517
RADBILL_4X4_007,10,130first_DTend_PP,PP,B1,DTend_PP,22,29.634891886897066,34.823529411764703,11.315008252966759,0.6747579600655812,7.6348918868970657,18,0
RADBILL_4X4_007,10,130first_DTend_QT,QT,B2,DT5_QT,405,396.9464392579294,372.05882352941177,31.127701867137763,0.25872648024083439,8.0535607420706015,18,0.24460989484753604
RADBILL_4X4_007,10,130last_DTend_PP,PP,B2,DT5_QT,23,39.009615384615387,38.375,10.531698185319719,1.5201361739487951,16.009615384615387,18,0.47374688137566423
RADBILL_4X4_007,10,130last_DTend_QT,QT,B2,DT5_QT,395,393.81410256410254,370.625,32.602402774437756,0.03637454098405514,1.1858974358974592,18,-0.27825782245353581
RADBILL_4X4_007,11,110_DTend_PP,PP,B1,DTend_PP,50,55.371775644871022,43.166666666666664,12.807396759869114,0.41942759684802011,5.3717756448710219,18,0
RADBILL_4X4_007,11,110_DTend_QT,QT,B1,DTend_PP,410,388.8833173817153,390.58823529411762,36.136994243312166,0.58435083106539054,21.116682618284699,18,0.49128244876818522
RADBILL_4X4_007,11,120_DTend_PP,PP,B1,DTend_PP,45,50.723311633851196,39.294117647058826,11.334486677185435,0.50494669911883483,5.7233116338511962,18,0
RADBILL_4X4_007,11,120_DTend_QT,QT,B2,DT5_QT,390,403.6570031435557,388.75,26.92582403567252,0.50720836344552722,13.657003143555698,18,0.26155557114307892
RADBILL_4X4_007,11,130first_DTend_PP,PP,B1,DTend_PP,39,43.266783817245098,33.823529411764703,11.668522261396509,0.36566616763127657,4.2667838172450985,18,0
RADBILL_4X4_007,11,130first_DTend_QT,QT,B2,DT5_QT,375,394.45194424064562,373.8235294117647,32.138830279969831,0.60524742410332288,19.451944240645616,18,0.24071970860942182
RADBILL_4X4_007,11,130last_DTend_PP,PP,B2,DT5_QT,48,36.427348934683899,36.8125,10.857984773121268,1.0658194229525884,11.572651065316101,18,0.42581443381430817
RADBILL_4X4_007,11,130last_DTend_QT,QT,B2,DT5_QT,370,390.89329374781698,372.1875,33.164677494788535,0.62998633866106901,20.893293747816983,18,0.23671463703338735
RADBILL_4X4_007,12,110_DTend_PP,PP,B1,DTend_PP,47,49.929069031032299,43.333333333333336,12.87953232618236,0.2274204495048236,2.9290690310322987,18,0
RADBILL_4X4_007,12,120_DTend_PP,PP,B1,DTend_PP,41,45.792240862792092,39.529411764705884,11.413356468732278,0.41988006559865054,4.7922408627920916,18,0
RADBILL_4X4_007,12,120_DTend_QT,QT,B2,DT5_QT,380,383.04089026915113,389.375,26.825050481468498,0.11336009493260291,3.0408902691511344,18,0.10894046854223269
RADBILL_4X4_007,12,130first_DTend_PP,PP,B1,DTend_PP,33,39.441731575793888,34.176470588235297,11.732621691877135,0.54904451408790433,6.441731575793888,18,0
RADBILL_4X4_007,12,130first_DTend_QT,QT,B2,DT5_QT,350,369.25862068965517,375.29411764705884,31.54711695599606,0.61047165471628773,19.258620689655174,18,0.058936251729623246
RADBILL_4X4_007,12,130last_DTend_PP,PP,B2,DT5_QT,17,39.194616977225671,38.75,9.8013604497879108,2.2644424813196147,22.194616977225671,18,-0.26955628328345416
RADBILL_4X4_007,12,130last_DTend_QT,QT,B2,DT5_QT,350,366.27587991718428,373.4375,32.645507603139926,0.49856415513719349,16.275879917184284,18,0.15150577745931798
RADBILL_4X4_007,13,110_DTend_PP,PP,B1,DTend_PP,49,46.558539944903579,43.222222222222221,12.836325090541505,0.19019930064683543,2.4414600550964209,18,0
RADBILL_4X4_007,13,110_DTend_QT,QT,B1,DTend_PP,395,389.86165333737637,391.47058823529414,36.433359794045252,0.14103411520843201,5.1383466626236327,18,0.092733952321345167
RADBILL_4X4_007,13,120_DTend_PP,PP,B1,DTend_PP,45,42.473310130060455,39.294117647058826,11.334486677185435,0.22292053816829488,2.5266898699395455,18,0
RADBILL_4X4_007,13,120_DTend_QT,QT,B2,DTend_QT,385,388.2079646017699,389.0625,26.908409466187333,0.1192179198031373,3.2079646017699019,18,0
RADBILL_4X4_007,13,130first_DTend_PP,PP,B1,DTend_PP,40,36.343286316175124,33.764705882352942,11.637919765601936,0.31420681337166301,3.6567136838248757,18,0
RADBILL_4X4_007,13,130first_DTend_QT,QT,B2,DTend_QT,370,376.47406393830079,374.11764705882354,32.124527920541446,0.20153024362923214,6.4740639383007874,18,0
RADBILL_4X4_007,13,130last_DTend_PP,PP,B2,DTend_QT,39,36.309734513274336,37.375,11.206396982676159,0.24006516018346619,2.6902654867256643,18,0.14800790289451862
RADBILL_4X4_007,13,130last_DTend_QT,QT,B2,DTend_QT,375,371.05173587474474,371.875,33.159965822258222,0.11906719525642695,3.9482641252552639,18,0
RADBILL_4X4_007,14,110_DTend_PP,PP,B1,DTend_PP,30,31.088594401429425,44.277777777777779,12.460788170499704,0.087361600769894993,1.0885944014294253,18,0
RADBILL_4X4_007,14,110_DTend_QT,QT,B1,DTend_PP,395,385.0466224194796,391.47058823529414,36.433359794045252,0.27319406271576407,9.9533775805203959,18,0.22489389982867725
RADBILL_4X4_007,14,120_DTend_PP,PP,B1,DTend_PP,30,27.883618814035366,40.176470588235297,11.148067624691997,0.18984287297262484,2.1163811859646344,18,0
RADBILL_4X4_007,14,120_DTend_QT,QT,B2,DTend_QT,385,388.2079646017699,389.0625,26.908409466187333,0.1192179198031373,3.2079646017699019,18,0
RADBILL_4X4_007,14,130first_DTend_PP,PP,B1,DTend_PP,28,23.948178329839003,34.470588235294116,11.63033558769277,0.34838389998381802,4.0518216701609973,18,0
RADBILL_4X4_007,14,130first_DTend_QT,QT,B2,DTend_QT,365,376.7931334743127,374.41176470588238,32.058654883528355,0.3678611444291125,11.793133474312697,18,0
RADBILL_4X4_007,14,130last_DTend_PP,PP,B2,DTend_QT,28,37.043567052416606,38.0625,10.926840043367219,0.82764706141243527,9.0435670524166056,18,0.61990968083532838
RADBILL_4X4_007,14,130last_DTend_QT,QT,B2,DTend_QT,345,373.05309734513276,373.75,32.377976053690155,0.86642529164312954,28.053097345132755,18,0
RADBILL_4X4_007,15,110_DTend_PP,PP,B1,DTend_PP,43,43.806368037090067,43.555555555555557,12.907919239171251,0.062470799681098685,0.80636803709006699,18,0
RADBILL_4X4_007,15,110_DTend_QT,QT,B1,DTend_PP,330,393.34069802276815,395.29411764705884,32.809611217374922,1.9305531419776454,63.340698022768152,18,1.7120762589256353
RADBILL_4X4_007,16,110_DTend_PP,PP,B1,DT5_PP,36,56.34790652560487,43.944444444444443,12.771623979939562,1.5932121519992604,20.34790652560487,18,0
RADBILL_4X4_007,16,110_DTend_QT,QT,B1,DT5_PP,345,398.22983318098721,394.41176470588238,34.409407913260821,1.546955801017236,53.229833180987214,18,1.3586275631635019
RADBILL_4X4_007,16,120_DTend_PP,PP,B1,DT5_PP,35,51.662876137158847,39.882352941176471,11.357169282776718,1.4671680699897902,16.662876137158847,18,0
RADBILL_4X4_007,16,120_DTend_QT,QT,B2,DT5_QT,330,367.85758706467664,392.5,21.908902300206645,1.7279545340032652,37.857587064676636,18,0.39671738934481993
RADBILL_4X4_007,16,130first_DTend_PP,PP,B1,DT5_PP,29,46.190692792162345,34.411764705882355,11.662219040181695,1.4740498984740831,17.190692792162345,18,0
RADBILL_4X4_007,16,130first_DTend_QT,QT,B2,DT5_QT,310,344.97172322022618,377.64705882352939,27.620058780871986,1.2661712090361488,34.971723220226181,18,0.27146304676171618
RADBILL_4X4_007,16,130last_DTend_PP,PP,B2,DT5_QT,41,36.796019900497512,37.25,11.17437544861755,0.37621611327034726,4.2039800995024876,18,-0.160660079379427
RADBILL_4X4_007,16,130last_DTend_QT,QT,B2,DT5_QT,310,344.0080845771144,375.9375,28.764489102595466,1.1822940590328719,34.008084577114403,18,0.57827324626316423
RADBILL_4X4_007,17,110_DTend_PP,PP,B1,DTend_PP,67,46.223207481815038,42.222222222222221,11.507315093174201,1.8055291221241643,20.776792518184962,18,0
RADBILL_4X4_007,17,110_DTend_QT,QT,B1,DTend_PP,385,390.93177655677658,392.05882352941177,36.403074369198706,0.16294713178938441,5.9317765567765832,18,0.12189733194871691
RADBILL_4X4_007,17,120_DTend_PP,PP,B1,DTend_PP,53,42.786819991154353,38.823529411764703,10.887121371818443,0.93809737763029732,10.213180008845647,18,0
RADBILL_4X4_007,17,120_DTend_QT,QT,B2,DTend_QT,390,379.11168384879727,388.75,26.92582403567252,0.40438190997524937,10.88831615120273,18,0
RADBILL_4X4_007,17,130first_DTend_PP,PP,B1,DTend_PP,49,36.4077841662981,33.235294117647058,11.093519570929157,1.1350965537303521,12.5922158337019,18,0
RADBILL_4X4_007,17,130first_DTend_QT,QT,B2,DTend_QT,370,366.08064315094106,374.11764705882354,32.124527920541446,0.12200511891577966,3.9193568490589428,18,0
RADBILL_4X4_007,17,130last_DTend_PP,PP,B2,DTend_QT,58,35.200687285223367,36.1875,9.792641795416257,2.3282085867215669,22.799312714776633,18,0.18114407764511764
RADBILL_4X4_007,17,130last_DTend_QT,QT,B2,DTend_QT,380,359.02061855670104,371.5625,33.101800051759525,0.63378370392228267,20.979381443298962,18,0
RADBILL_4X4_007,18,110_DTend_PP,PP,B1,DTend_PP,58,56.284914463452566,42.722222222222221,12.394522298440386,0.13837447666403771,1.7150855365474342,18,-0.17986646473479104
RADBILL_4X4_007,18,110_DTend_QT,QT,B1,DTend_PP,380,395.53109985716139,392.35294117647061,36.319659236546038,0.42762240019954506,15.531099857161394,18,0.38993600474036166
RADBILL_4X4_007,18,120_DTend_PP,PP,B1,DTend_PP,55,50.982349285270352,38.705882352941174,10.710769731223527,0.37510382685359983,4.0176507147296476,18,-0.14989506600266794
RADBILL_4X4_007,18,120_DTend_QT,QT,B2,DTend_QT,355,377.73154596100278,390.9375,25.378386473532945,0.8957049332001249,22.73154596100278,18,0
RADBILL_4X4_007,18,130first_DTend_PP,PP,B1,DTend_PP,41,44.832442510876319,33.705882352941174,11.601533874246721,0.33033929413279045,3.8324425108763194,18,-0.031187686815312921
RADBILL_4X4_007,18,130first_DTend_QT,QT,B2,DTend_QT,355,361.9173782019086,375,31.770662567847086,0.2177284841679446,6.9173782019086048,18,0
RADBILL_4X4_007,18,130last_DTend_PP,PP,B2,DTend_QT,45,36.277158774373255,37,11.033282980751165,0.79059344719470603,8.7228412256267447,18,0.60314783155115459
RADBILL_4X4_007,18,130last_DTend_QT,QT,B2,DTend_QT,350,355.59888579387189,373.4375,32.645507603139926,0.17150555175724613,5.5988857938718866,18,0
RADBILL_4X4_008,1,110_DTend_PP,PP,B1,DTend_PP,39,54.426783114992723,43.777777777777779,12.859217593780077,1.1996673205416917,15.426783114992723,18,0
RADBILL_4X4_008,1,110_DTend_QT,QT,B1,DTend_PP,415,388.28384965556137,390.29411764705884,35.945731154551495,0.74323569131395451,26.716150344438631,18,0.51326309649901836
RADBILL_4X4_008,1,120_DTend_PP,PP,B1,DTend_PP,34,50.000000000000007,39.941176470588232,11.327348477442184,1.4125106181612723,16.000000000000007,18,0
RADBILL_4X4_008,1,120_DTend_QT,QT,B2,DT5_PP,400,399.28077357425184,388.125,26.762847382145271,0.026874062220598776,0.71922642574816109,18,-0.32945163759797763
RADBILL_4X4_008,1,130first_DTend_PP,PP,B2,DT5_PP,25,29.677514792899409,34.647058823529413,11.499680302461609,0.40675172438473312,4.6775147928994087,18,-1.1876830675898533
RADBILL_4X4_008,1,130first_DTend_QT,QT,B2,DT5_PP,405,376.56558185404339,372.05882352941177,31.127701867137763,0.91347630696680149,28.434418145956613,18,0.74799705642522418
RADBILL_4X4_008,1,130last_DTend_PP,PP,B2,DT5_PP,35,30.798418972332016,37.625,11.194492693582262,0.37532571976903667,4.2015810276679844,18,-0.25043459576345578
RADBILL_4X4_008,1,130last_DTend_QT,QT,B1,DTend_PP,395,357.93680297397771,370.625,32.602402774437756,1.1368240949124788,37.063197026022294,18,1.0224765147388593
RADBILL_4X4_008,2,110_DTend_PP,PP,B1,DTend_QT,63,40.992462311557787,42.444444444444443,11.961812877664549,1.8398162480484324,22.007537688442213,18,0.30459926565909945
RADBILL_4X4_008,2,110_DTend_QT,QT,B1,DTend_QT,410,406.63678840469152,390.58823529411762,36.136994243312166,0.093068382297205335,3.3632115953084849,18,0
RADBILL_4X4_008,2,120_DTend_PP,PP,B1,DTend_QT,60,37.339941911857558,38.411764705882355,10.143093854499053,2.2340380965805009,22.660058088142442,18,0.33164257931777752
RADBILL_4X4_008,2,120_DTend_QT,QT,B2,DT5_PP,395,386.85916953859538,388.4375,26.87742237145023,0.3028873211462414,8.1408304614046187,18,0.25769401672252856
RADBILL_4X4_008,2,130first_DTend_PP,PP,B2,DT5_PP,53,35.288723266364222,33,10.682930309610748,1.6579043596027276,17.711276733635778,18,0
RADBILL_4X4_008,2,130first_DTend_QT,QT,B2,DT5_PP,380,371.150356448477,373.52941176470586,32.101630891316923,0.27567582411885239,8.8496435515230019,18,0.078931218641648926
RADBILL_4X4_008,2,130last_DTend_PP,PP,B2,DT5_PP,49,37.664436042426473,36.75,10.785793124908958,1.0509717575979569,11.335563957573527,18,0
RADBILL_4X4_008,2,130last_DTend_QT,QT,B1,DTend_QT,370,383.04272915230877,372.1875,33.164677494788535,0.39327170162768166,13.042729152308766,18,0
RADBILL_4X4_008,3,110_DTend_PP,PP,B1,DTend_QT,48,41.514972952086552,43.277777777777779,12.860361149240285,0.5042647692904445,6.485027047913448,18,0.44592975730349915
RADBILL_4X4_008,3,110_DTend_QT,QT,B1,DTend_QT,365,348.125,393.23529411764707,35.791984807643573,0.47147427254149515,16.875,18,0
RADBILL_4X4_008,3,120_DTend_PP,PP,B1,DTend_QT,46,36.094547563805101,39.235294117647058,11.300052056100814,0.87658467297476028,9.9054524361948992,18,0.72797455905205466
RADBILL_4X4_008,3,120_DTend_QT,QT,B2,DTend_QT,390,337.69280762564995,388.75,26.92582403567252,1.9426403554094083,52.307192374350052,18,0
RADBILL_4X4_008,3,130first_DTend_PP,PP,B2,DTend_QT,39,28.675754060324824,33.823529411764703,11.668522261396509,0.88479463880626408,10.324245939675176,18,0.801598027504695
RADBILL_4X4_008,3,130first_DTend_QT,QT,B2,DTend_QT,335,331.47041763341065,376.1764705882353,30.543483949358261,0.11555925880758966,3.5295823665893522,18,0
RADBILL_4X4_008,3,130last_DTend_PP,PP,B2,DTend_QT,32,40.233102253032925,37.8125,11.118865349785771,0.74046244774351488,8.233102253032925,18,0.04796985418642119
RADBILL_4X4_008,3,130last_DTend_QT,QT,B1,DTend_QT,345,314.84835355285963,373.75,32.377976053690155,0.93123938312703602,30.151646447140365,18,0
RADBILL_4X4_008,4,110_DTend_PP,PP,B1,DTend_QT,26,45.400405718701698,44.5,12.147379286472114,1.5970856973492951,19.400405718701698,18,0.80053806943974104
RADBILL_4X4_008,4,110_DTend_QT,QT,B1,DTend_QT,460,421.97167196961919,387.64705882352939,31.923622085515664,1.1912284868086744,38.028328030380806,18,0
RADBILL_4X4_008,4,120_DTend_PP,PP,B1,DTend_QT,28,41.387842112501716,40.294117647058826,11.021369617034631,1.2147167346433481,13.387842112501716,18,0.84820793399048888
RADBILL_4X4_008,4,120_DTend_QT,QT,B2,DTend_QT,445,406.22251705837755,385.3125,22.395591083961147,1.7314784323506147,38.777482941622452,18,0
RADBILL_4X4_008,4,130first_DTend_PP,PP,B2,DTend_QT,25,37.411910328703065,34.647058823529413,11.499680302461609,1.079326555369212,12.411910328703065,18,0.96733219080451871
RADBILL_4X4_008,4,130first_DTend_QT,QT,B2,DTend_QT,430,401.03493329665793,370.58823529411762,28.716412605706452,1.0086589540639979,28.965066703342075,18,0
RADBILL_4X4_008,4,130last_DTend_PP,PP,B2,DTend_QT,30,36.44048521607278,37.9375,11.036114956511343,0.58358265036672829,6.4404852160727799,18,0.36792353160430891
RADBILL_4X4_008,4,130last_DTend_QT,QT,B1,DTend_QT,435,397.73692191053829,368.125,28.628365886535217,1.3016138691656047,37.263078089461715,18,0
RADBILL_4X4_008,5,110_DTend_PP,PP,B1,DTend_QT,37,42.894190140845069,43.888888888888886,12.805738092924404,0.4602772677431069,5.894190140845069,18,-0.083627706899582821
RADBILL_4X4_008,5,110_DTend_QT,QT,B1,DTend_QT,385,391.93862275449101,392.05882352941177,36.403074369198706,0.19060540557975236,6.9386227544910071,18,0
RADBILL_4X4_008,5,120_DTend_PP,PP,B1,DTend_QT,33,39.102882703777333,40,11.291589790636214,0.54048037671703897,6.1028827037773326,18,-0.10946604154117945
RADBILL_4X4_008,5,120_DTend_QT,QT,B2,DT5_PP,385,390.9828602035351,389.0625,26.908409466187333,0.22234165163322125,5.9828602035350968,18,0.18057752295099824
RADBILL_4X4_008,5,130first_DTend_PP,PP,B2,DT5_PP,26,34.92591994835378,34.588235294117645,11.549127800019207,0.7728652849732025,8.9259199483537799,18,0
RADBILL_4X4_008,5,130first_DTend_QT,QT,B2,DT5_PP,375,373.4885409941898,373.8235294117647,32.138830279969831,0.047029060878802278,1.5114590058101953,18,-0.078467111933712683
RADBILL_4X4_008,5,130last_DTend_PP,PP,B2,DT5_PP,29,36.88457418318157,38,10.984838035522721,0.7177688153147519,7.8845741831815701,18,0
RADBILL_4X4_008,5,130last_DTend_QT,QT,B1,DTend_QT,375,365.28308321964528,371.875,33.159965822258222,0.29303156801905872,9.7169167803547225,18,0
RADBILL_4X4_008,6,110_DTend_PP,PP,B1,DTend_QT,24,46.713244353182752,44.611111111111114,11.95648428008289,1.8996591155995974,22.713244353182752,18,1.6666464692940903
RADBILL_4X4_008,6,110_DTend_QT,QT,B1,DTend_QT,335,341.58723218189766,395,33.400973039718465,0.19721677491444678,6.5872321818976616,18,0
RADBILL_4X4_008,6,120_DTend_PP,PP,B1,DTend_QT,18,45.055839183152514,40.882352941176471,9.9742315051159238,2.7125738127569221,27.055839183152514,18,2.4180056999480199
RADBILL_4X4_008,6,130first_DTend_PP,PP,B2,DT5_PP,5,15.921291053227627,35.823529411764703,9.0362830724090255,1.2086043526651129,10.921291053227627,18,-0.82159681455596534
RADBILL_4X4_008,6,130first_DTend_QT,QT,B2,DT5_PP,360,428.68629671574178,374.70588235294116,31.940892101431579,2.1504188579837216,68.686296715741776,18,0.54391962985474684
RADBILL_4X4_008,7,110_DTend_PP,PP,B1,DTend_QT,31,43.249647887323945,44.222222222222221,12.525529485370624,0.9779744562200825,12.249647887323945,18,0.25504035193743202
RADBILL_4X4_008,7,110_DTend_QT,QT,B1,DTend_QT,385,391.93862275449101,392.05882352941177,36.403074369198706,0.19060540557975236,6.9386227544910071,18,0
RADBILL_4X4_008,7,120_DTend_PP,PP,B1,DTend_QT,30,39.290755467196817,40.176470588235297,11.148067624691997,0.83339604494491981,9.2907554671968171,18,0.24868341800587535
RADBILL_4X4_008,7,120_DTend_QT,QT,B2,DT5_QT,390,377.82814140707035,388.75,26.92582403567252,0.45205147953146529,12.171858592929652,18,0.21182555261961072
RADBILL_4X4_008,7,130first_DTend_PP,PP,B2,DT5_QT,38,32.974880209089591,33.882352941176471,11.693386768496415,0.42974032163622344,5.0251197909104093,18,-0.24597508237526566
RADBILL_4X4_008,7,130first_DTend_QT,QT,B2,DT5_QT,390,360.86612458254683,372.94117647058823,31.871755890277083,0.91409696779024519,29.133875417453169,18,0.28743980824549897
RADBILL_4X4_008,7,130last_DTend_PP,PP,B2,DT5_QT,33,38.033251662583126,37.75,11.150485789118488,0.45139303863289659,5.0332516625831261,18,0.40638450975046231
RADBILL_4X4_008,7,130last_DTend_QT,QT,B1,DTend_QT,395,363.90518417462482,370.625,32.602402774437756,0.95375840978675919,31.094815825375179,18,0
RADBILL_4X4_008,8,110_DTend_PP,PP,B1,DTend_PP,44,32.774790877243149,43.5,12.908045826492232,0.86962885580390814,11.225209122756851,18,0
RADBILL_4X4_008,8,110_DTend_QT,QT,B1,DTend_PP,430,382.3235800344234,389.41176470588238,35.083932974243019,1.3589246108917832,47.676419965576599,18,0.89121328821840495
RADBILL_4X4_008,8,120_DTend_PP,PP,B1,DTend_PP,36,30.304635258358665,39.823529411764703,11.381098882124954,0.50042309627820036,5.6953647416413347,18,0
RADBILL_4X4_008,8,120_DTend_QT,QT,B2,DT5_PP,420,392.93709150326799,386.875,25.617376914898998,1.0564277750464097,27.062908496732007,18,0.81219503671958793
RADBILL_4X4_008,8,130first_DTend_PP,PP,B2,DT5_PP,38,31.497893713545039,33.882352941176471,11.693386768496415,0.55604987803640649,6.5021062864549606,18,-0.51382068915044665
RADBILL_4X4_008,8,130first_DTend_QT,QT,B2,DT5_PP,420,373.3360337005833,371.1764705882353,29.871046378804774,1.5621805044140491,46.6639662994167,18,1.5613992995209944
RADBILL_4X4_008,8,130last_DTend_PP,PP,B2,DT5_PP,40,33.325571895424837,37.3125,11.193562137824284,0.5962738243996103,6.6744281045751634,18,-0.30190926254366723
RADBILL_4X4_008,8,130last_DTend_QT,QT,B1,DTend_PP,415,373.68767908309457,369.375,31.138133106102128,1.3267436675196649,41.312320916905435,18,1.1140103062825488
RADBILL_4X4_008,10,110_DTend_PP,PP,B1,DTend_PP,32,37.250904033379697,44.166666666666664,12.585005083081073,0.41723495530715876,5.2509040333796975,18,0
RADBILL_4X4_008,10,110_DTend_QT,QT,B1,DTend_PP,425,384.78087042607473,389.70588235294116,35.420270866204483,1.1354833994874816,40.219129573925272,18,1.0569843452297725
RADBILL_4X4_008,10,120_DTend_PP,PP,B1,DTend_PP,33,33.654296802809093,40,11.291589790636214,0.05794549881290248,0.65429680280909253,18,0
RADBILL_4X4_008,10,120_DTend_QT,QT,B2,DT5_QT,405,406.60256410256409,387.8125,26.581243387020105,0.060289282906405971,1.602564102564088,18,-0.26864063429883517
RADBILL_4X4_008,10,130first_DTend_PP,PP,B2,DT5_QT,22,36.380011968880908,34.823529411764703,11.315008252966759,1.2708794945077051,14.380011968880908,18,0.5961215344421239
RADBILL_4X4_008,10,130first_DTend_QT,QT,B2,DT5_QT,405,396.9464392579294,372.05882352941177,31.127701867137763,0.25872648024083439,8.0535607420706015,18,0.24460989484753604
RADBILL_4X4_008,10,130last_DTend_PP,PP,B2,DT5_QT,23,39.009615384615387,38.375,10.531698185319719,1.5201361739487951,16.009615384615387,18,0.47374688137566423
RADBILL_4X4_008,10,130last_DTend_QT,QT,B1,DTend_PP,395,374.81276688930251,370.625,32.602402774437756,0.61919464189079632,20.187233110697491,18,0.30456227845320538
RADBILL_4X4_008,11,110_DTend_PP,PP,B1,DTend_PP,50,55.371775644871022,43.166666666666664,12.807396759869114,0.41942759684802011,5.3717756448710219,18,0
RADBILL_4X4_008,11,110_DTend_QT,QT,B1,DTend_PP,410,388.8833173817153,390.58823529411762,36.136994243312166,0.58435083106539054,21.116682618284699,18,0.49128244876818522
RADBILL_4X4_008,11,120_DTend_PP,PP,B1,DTend_PP,45,50.723311633851196,39.294117647058826,11.334486677185435,0.50494669911883483,5.7233116338511962,18,0
RADBILL_4X4_008,11,120_DTend_QT,QT,B2,DT5_QT,390,403.6570031435557,388.75,26.92582403567252,0.50720836344552722,13.657003143555698,18,0.26155557114307892
RADBILL_4X4_008,11,130first_DTend_PP,PP,B2,DT5_QT,39,34.290975788701395,33.823529411764703,11.668522261396509,0.40356645904320537,4.7090242112986047,18,0.037900291411928799
RADBILL_4X4_008,11,130first_DTend_QT,QT,B2,DT5_QT,375,394.45194424064562,373.8235294117647,32.138830279969831,0.60524742410332288,19.451944240645616,18,0.24071970860942182
RADBILL_4X4_008,11,130last_DTend_PP,PP,B2,DT5_QT,48,36.427348934683899,36.8125,10.857984773121268,1.0658194229525884,11.572651065316101,18,0.42581443381430817
RADBILL_4X4_008,11,130last_DTend_QT,QT,B1,DTend_PP,370,359.1211873320089,372.1875,33.164677494788535,0.3280240753042325,10.878812667991099,18,-0.065247626323449159
RADBILL_4X4_008,12,110_DTend_PP,PP,B1,DTend_PP,47,49.929069031032299,43.333333333333336,12.87953232618236,0.2274204495048236,2.9290690310322987,18,0
RADBILL_4X4_008,12,120_DTend_PP,PP,B1,DTend_PP,41,45.792240862792092,39.529411764705884,11.413356468732278,0.41988006559865054,4.7922408627920916,18,0
RADBILL_4X4_008,12,120_DTend_QT,QT,B2,DT5_PP,380,390.12821370064523,389.375,26.825050481468498,0.3775655038428386,10.128213700645233,18,0.37314587745246841
RADBILL_4X4_008,12,130first_DTend_PP,PP,B2,DT5_PP,33,35.188953488372093,34.176470588235297,11.732621691877135,0.18656985163747114,2.1889534883720927,18,-0.36247466245043319
RADBILL_4X4_008,12,130first_DTend_QT,QT,B2,DT5_PP,350,374.30717054263567,375.29411764705884,31.54711695599606,0.77050370645726118,24.307170542635674,18,0.2189683034705967
RADBILL_4X4_008,12,130last_DTend_PP,PP,B2,DT5_PP,17,38.31209254120558,38.75,9.8013604497879108,2.1744014670602945,21.31209254120558,18,-0.35959729754277436
RADBILL_4X4_008,12,130last_DTend_QT,QT,B1,DTend_PP,350,366.81390061708345,373.4375,32.645507603139926,0.51504485154540058,16.813900617083448,18,0.16798647386752508
RADBILL_4X4_008,13,110_DTend_PP,PP,B1,DTend_QT,49,42.180678205581067,43.222222222222221,12.836325090541505,0.53125187671070873,6.8193217944189328,18,0.34105257606387329
RADBILL_4X4_008,13,110_DTend_QT,QT,B1,DTend_QT,395,396.75973721257623,391.47058823529414,36.433359794045252,0.048300162887086842,1.7597372125762263,18,0
RADBILL_4X4_008,13,120_DTend_PP,PP,B1,DTend_QT,45,38.441099639258617,39.294117647058826,11.334486677185435,0.57866761394174404,6.5589003607413829,18,0.35574707577344916
RADBILL_4X4_008,13,120_DTend_QT,QT,B2,DT5_PP,385,377.85480637332489,389.0625,26.908409466187333,0.26553756867917599,7.145193626675109,18,0.14631964887603871
RADBILL_4X4_008,13,130first_DTend_PP,PP,B2,DT5_PP,40,41.582434254888739,33.764705882352942,11.637919765601936,0.13597226022866399,1.5824342548887387,18,-0.17823455314299902
RADBILL_4X4_008,13,130first_DTend_QT,QT,B2,DT5_PP,370,366.25590020229265,374.11764705882354,32.124527920541446,0.11654956633038185,3.7440997977073494,18,-0.084980677298850282
RADBILL_4X4_008,13,130last_DTend_PP,PP,B2,DT5_PP,39,44.027962435369837,37.375,11.206396982676159,0.44866895605630486,5.0279624353698367,18,0.35661169876735732
RADBILL_4X4_008,13,130last_DTend_QT,QT,B1,DTend_QT,375,371.05173587474474,371.875,33.159965822258222,0.11906719525642695,3.9482641252552639,18,0
RADBILL_4X4_008,14,110_DTend_PP,PP,B1,DTend_PP,30,31.088594401429425,44.277777777777779,12.460788170499704,0.087361600769894993,1.0885944014294253,18,0
RADBILL_4X4_008,14,110_DTend_QT,QT,B1,DTend_PP,395,385.0466224194796,391.47058823529414,36.433359794045252,0.27319406271576407,9.9533775805203959,18,0.22489389982867725
RADBILL_4X4_008,14,120_DTend_PP,PP,B1,DTend_PP,30,27.883618814035366,40.176470588235297,11.148067624691997,0.18984287297262484,2.1163811859646344,18,0
RADBILL_4X4_008,14,120_DTend_QT,QT,B2,DT5_PP,385,412.74804617764909,389.0625,26.908409466187333,1.0312035058228479,27.748046177649087,18,0.91198558601971058
RADBILL_4X4_008,14,130first_DTend_PP,PP,B2,DT5_PP,28,24.458275623268694,34.470588235294116,11.63033558769277,0.30452469320654529,3.541724376731306,18,-0.04385920677727273
RADBILL_4X4_008,14,130first_DTend_QT,QT,B2,DT5_PP,365,385.51506232686978,374.41176470588238,32.058654883528355,0.63992274165596263,20.515062326869781,18,0.27206159722685014
RADBILL_4X4_008,14,130last_DTend_PP,PP,B2,DT5_PP,28,26.416550958067202,38.0625,10.926840043367219,0.14491372031148012,1.5834490419327985,18,-0.062823660265626802
RADBILL_4X4_008,14,130last_DTend_QT,QT,B1,DTend_PP,345,391.23394102532728,373.75,32.377976053690155,1.4279441355031193,46.233941025327283,18,0.56151884385998974
RADBILL_4X4_008,15,110_DTend_PP,PP,B1,DTend_PP,43,43.806368037090067,43.555555555555557,12.907919239171251,0.062470799681098685,0.80636803709006699,18,0
RADBILL_4X4_008,15,110_DTend_QT,QT,B1,DTend_PP,330,393.34069802276815,395.29411764705884,32.809611217374922,1.9305531419776454,63.340698022768152,18,1.7120762589256353
RADBILL_4X4_008,16,110_DTend_PP,PP,B1,DTend_PP,36,40.059886386968728,43.944444444444443,12.771623979939562,0.31788333209195685,4.0598863869687278,18,-1.2753288199073034
RADBILL_4X4_008,16,110_DTend_QT,QT,B1,DTend_PP,345,391.43982593037214,394.41176470588238,34.409407913260821,1.3496258362665692,46.439825930372137,18,1.1612975984128351
RADBILL_4X4_008,16,120_DTend_PP,PP,B1,DTend_PP,35,36.405763353223691,39.882352941176471,11.357169282776718,0.12377761731134425,1.4057633532236906,18,-1.3433904526784459
RADBILL_4X4_008,16,120_DTend_QT,QT,B2,DT5_PP,330,382.30538922155688,392.5,21.908902300206645,2.3874034629778569,52.305389221556879,18,1.0561663183194117
RADBILL_4X4_008,16,130first_DTend_PP,PP,B2,DT5_PP,29,46.190692792162345,34.411764705882355,11.662219040181695,1.4740498984740831,17.190692792162345,18,0
RADBILL_4X4_008,16,130first_DTend_QT,QT,B2,DT5_PP,310,372.08012596221135,377.64705882352939,27.620058780871986,2.2476464099781124,62.080125962211355,18,1.2529382477036797
RADBILL_4X4_008,16,130last_DTend_PP,PP,B2,DT5_PP,41,46.999256146092904,37.25,11.17437544861755,0.53687619264977426,5.9992561460929039,18,0
RADBILL_4X4_008,16,130last_DTend_QT,QT,B1,DTend_PP,310,379.39555177184207,375.9375,28.764489102595466,2.4125424763960224,69.395551771842065,18,1.8085216636263146
RADBILL_4X4_008,17,110_DTend_PP,PP,B1,DTend_PP,67,46.223207481815038,42.222222222222221,11.507315093174201,1.8055291221241643,20.776792518184962,18,0
RADBILL_4X4_008,17,110_DTend_QT,QT,B1,DTend_PP,385,390.93177655677658,392.05882352941177,36.403074369198706,0.16294713178938441,5.9317765567765832,18,0.12189733194871691
RADBILL_4X4_008,17,120_DTend_PP,PP,B1,DTend_PP,53,42.786819991154353,38.823529411764703,10.887121371818443,0.93809737763029732,10.213180008845647,18,0
RADBILL_4X4_008,17,120_DTend_QT,QT,B2,DT5_PP,390,381.17610837438423,388.75,26.92582403567252,0.32771110789127533,8.8238916256157722,18,-0.076670802083974032
RADBILL_4X4_008,17,130first_DTend_PP,PP,B2,DT5_PP,49,38.724058162590879,33.235294117647058,11.093519570929157,0.92630132138924437,10.275941837409121,18,-0.20879523234110775
RADBILL_4X4_008,17,130first_DTend_QT,QT,B2,DT5_PP,370,368.38730998017184,374.11764705882354,32.124527920541446,0.050201205254037658,1.6126900198281646,18,-0.071803913661741992
RADBILL_4X4_008,17,130last_DTend_PP,PP,B2,DT5_PP,58,40.126847290640399,36.1875,9.792641795416257,1.8251614919403742,17.873152709359601,18,-0.32190301713607505
RADBILL_4X4_008,17,130last_DTend_QT,QT,B1,DTend_PP,380,366.01574970735339,371.5625,33.101800051759525,0.42246192868001675,13.984250292646607,18,-0.21132177524226592
RADBILL_4X4_008,18,110_DTend_PP,PP,B1,DTend_QT,58,41.55996114447192,42.722222222222221,12.394522298440386,1.3263955205112459,16.44003885552808,18,1.0081545791124171
RADBILL_4X4_008,18,110_DTend_QT,QT,B1,DTend_QT,380,381.36875704093126,392.35294117647061,36.319659236546038,0.037686395459183404,1.3687570409312571,18,0
RADBILL_4X4_008,18,120_DTend_PP,PP,B1,DTend_QT,55,37.346810647915618,38.705882352941174,10.710769731223527,1.6481718676691035,17.653189352084382,18,1.1231729748128356
RADBILL_4X4_008,18,120_DTend_QT,QT,B2,DTend_QT,355,377.73154596100278,390.9375,25.378386473532945,0.8957049332001249,22.73154596100278,18,0
RADBILL_4X4_008,18,130first_DTend_PP,PP,B2,DTend_QT,41,32.007785032646908,33.705882352941174,11.601533874246721,0.77508845509766267,8.9922149673530924,18,0.41356147414955929
RADBILL_4X4_008,18,130first_DTend_QT,QT,B2,DTend_QT,355,361.9173782019086,375,31.770662567847086,0.2177284841679446,6.9173782019086048,18,0
RADBILL_4X4_008,18,130last_DTend_PP,PP,B2,DTend_QT,45,36.277158774373255,37,11.033282980751165,0.79059344719470603,8.7228412256267447,18,0.60314783155115459
RADBILL_4X4_008,18,130last_DTend_QT,QT,B1,DTend_QT,350,355.59888579387189,373.4375,32.645507603139926,0.17150555175724613,5.5988857938718866,18,0
RADBILL_4X4_009,1,110_DTend_PP,PP,B1,DTend_PP,39,54.426783114992723,43.777777777777779,12.859217593780077,1.1996673205416917,15.426783114992723,18,0
RADBILL_4X4_009,1,110_DTend_QT,QT,B1,DTend_PP,415,388.28384965556137,390.29411764705884,35.945731154551495,0.74323569131395451,26.716150344438631,18,0.51326309649901836
RADBILL_4X4_009,1,120_DTend_PP,PP,B1,DTend_PP,34,50.000000000000007,39.941176470588232,11.327348477442184,1.4125106181612723,16.000000000000007,18,0
RADBILL_4X4_009,1,120_DTend_QT,QT,B2,DT5_QT,400,416.89150943396226,388.125,26.762847382145271,0.63115516793745052,16.891509433962256,18,0.2748294681188741
RADBILL_4X4_009,1,130first_DTend_PP,PP,B2,DT5_QT,25,37.200000000000003,34.647058823529413,11.499680302461609,1.0608990579841149,12.200000000000003,18,-0.53353573399047161
RADBILL_4X4_009,1,130first_DTend_QT,QT,B2,DT5_QT,405,408.16772151898732,372.05882352941177,31.127701867137763,0.10176535140654114,3.1677215189873209,18,-0.063713899135036139
RADBILL_4X4_009,1,130last_DTend_PP,PP,B1,DTend_PP,35,42.005069280162218,37.625,11.194492693582262,0.62576031553249245,7.0050692801622176,18,0
RADBILL_4X4_009,1,130last_DTend_QT,QT,B2,DT5_QT,395,405.09433962264154,370.625,32.602402774437756,0.3096194992890558,10.094339622641542,18,0.1952719191154362
RADBILL_4X4_009,2,110_DTend_PP,PP,B1,DT5_PP,63,44.636021730045968,42.444444444444443,11.961812877664549,1.5352169823893329,18.363978269954032,18,0
RADBILL_4X4_009,2,110_DTend_QT,QT,B1,DT5_PP,410,390.51104972375691,390.58823529411762,36.136994243312166,0.53930745166637339,19.488950276243088,18,0.44623906936916807
RADBILL_4X4_009,2,120_DTend_PP,PP,B1,DT5_PP,60,40.703823720025923,38.411764705882355,10.143093854499053,1.9023955172627234,19.296176279974077,18,0
RADBILL_4X4_009,2,120_DTend_QT,QT,B2,DT5_QT,395,407.74038461538464,388.4375,26.87742237145023,0.47401809739455331,12.740384615384642,18,0.42882479297084047
RADBILL_4X4_009,2,130first_DTend_PP,PP,B2,DT5_QT,53,32.855176540993419,33,10.682930309610748,1.885702038221065,20.144823459006581,18,0.22779767861833733
RADBILL_4X4_009,2,130first_DTend_QT,QT,B2,DT5_QT,380,399.78904847396768,373.52941176470586,32.101630891316923,0.61644994115611629,19.789048473967682,18,0.41970533567891283
RADBILL_4X4_009,2,130last_DTend_PP,PP,B1,DT5_PP,49,37.664436042426473,36.75,10.785793124908958,1.0509717575979569,11.335563957573527,18,0
RADBILL_4X4_009,2,130last_DTend_QT,QT,B2,DT5_QT,370,396.65865384615387,372.1875,33.164677494788535,0.80382671745693846,26.658653846153868,18,0.4105550158292568
RADBILL_4X4_009,3,110_DTend_PP,PP,B1,DTend_PP,48,48.750209321797378,43.277777777777779,12.860361149240285,0.058335011986945323,0.75020932179737798,18,0
RADBILL_4X4_009,3,110_DTend_QT,QT,B1,DTend_PP,365,393.10511942767027,393.23529411764707,35.791984807643573,0.78523500662830725,28.105119427670274,18,0.3137607340868121
RADBILL_4X4_009,3,120_DTend_PP,PP,B1,DTend_PP,46,44.320697976610354,39.235294117647058,11.300052056100814,0.14861011392270559,1.6793020233896456,18,0
RADBILL_4X4_009,3,120_DTend_QT,QT,B2,DTend_QT,390,337.69280762564995,388.75,26.92582403567252,1.9426403554094083,52.307192374350052,18,0
RADBILL_4X4_009,3,130first_DTend_PP,PP,B2,DTend_QT,39,28.675754060324824,33.823529411764703,11.668522261396509,0.88479463880626408,10.324245939675176,18,0.801598027504695
RADBILL_4X4_009,3,130first_DTend_QT,QT,B2,DTend_QT,335,331.47041763341065,376.1764705882353,30.543483949358261,0.11555925880758966,3.5295823665893522,18,0
RADBILL_4X4_009,3,130last_DTend_PP,PP,B1,DTend_PP,32,39.699731903485251,37.8125,11.118865349785771,0.69249259355709369,7.6997319034852509,18,0
RADBILL_4X4_009,3,130last_DTend_QT,QT,B2,DTend_QT,345,314.84835355285963,373.75,32.377976053690155,0.93123938312703602,30.151646447140365,18,0
RADBILL_4X4_009,4,110_DTend_PP,PP,B1,DTend_PP,26,31.717540202501493,44.5,12.147379286472114,0.4706809648126169,5.7175402025014925,18,-0.32586666309693713
RADBILL_4X4_009,4,110_DTend_QT,QT,B1,DTend_PP,460,374.82246834154483,387.64705882352939,31.923622085515664,2.6681662698012509,85.177531658455166,18,1.4769377829925765
RADBILL_4X4_009,4,120_DTend_PP,PP,B1,DTend_PP,28,28.204438466711494,40.294117647058826,11.021369617034631,0.018549279609996371,0.20443846671149402,18,-0.34795952104286287
RADBILL_4X4_009,4,120_DTend_QT,QT,B2,DTend_QT,445,406.22251705837755,385.3125,22.395591083961147,1.7314784323506147,38.777482941622452,18,0
RADBILL_4X4_009,4,130first_DTend_PP,PP,B2,DTend_QT,25,37.411910328703065,34.647058823529413,11.499680302461609,1.079326555369212,12.411910328703065,18,0.96733219080451871
RADBILL_4X4_009,4,130first_DTend_QT,QT,B2,DTend_QT,430,401.03493329665793,370.58823529411762,28.716412605706452,1.0086589540639979,28.965066703342075,18,0
RADBILL_4X4_009,4,130last_DTend_PP,PP,B1,DTend_PP,30,29.783677964027895,37.9375,11.036114956511343,0.019601285128375227,0.2163220359721052,18,-0.19605783363404419
RADBILL_4X4_009,4,130last_DTend_QT,QT,B2,DTend_QT,435,397.73692191053829,368.125,28.628365886535217,1.3016138691656047,37.263078089461715,18,0
RADBILL_4X4_009,5,110_DTend_PP,PP,B1,DTend_PP,37,38.954782847718526,43.888888888888886,12.805738092924404,0.15264897919461656,1.9547828477185263,18,-0.39125599544807316
RADBILL_4X4_009,5,110_DTend_QT,QT,B1,DTend_PP,385,388.54738506720884,392.05882352941177,36.403074369198706,0.097447403239390745,3.5473850672088361,18,-0.093158002340361618
RADBILL_4X4_009,5,120_DTend_PP,PP,B1,DTend_PP,33,35.585205479452057,40,11.291589790636214,0.22894964547825605,2.5852054794520569,18,-0.42099677277996239
RADBILL_4X4_009,5,120_DTend_QT,QT,B2,DTend_QT,385,383.8761937244202,389.0625,26.908409466187333,0.041764128682223012,1.1238062755797955,18,0
RADBILL_4X4_009,5,130first_DTend_PP,PP,B2,DTend_QT,26,33.732107355864812,34.588235294117645,11.549127800019207,0.66949708148973408,7.7321073558648123,18,-0.10336820348346842
RADBILL_4X4_009,5,130first_DTend_QT,QT,B2,DTend_QT,375,370.96669980119282,373.8235294117647,32.138830279969831,0.12549617281251496,4.0333001988071828,18,0
RADBILL_4X4_009,5,130last_DTend_PP,PP,B1,DTend_PP,29,34.374798927613938,38,10.984838035522721,0.48929250574591421,5.3747989276139378,18,-0.22847630956883769
RADBILL_4X4_009,5,130last_DTend_QT,QT,B2,DTend_QT,375,365.28308321964528,371.875,33.159965822258222,0.29303156801905872,9.7169167803547225,18,0
RADBILL_4X4_009,6,110_DTend_PP,PP,B1,DT5_PP,24,13.290174256845795,44.611111111111114,11.95648428008289,0.89573368661510577,10.709825743154205,18,0.66272104030959866
RADBILL_4X4_009,6,110_DTend_QT,QT,B1,DT5_PP,335,440.76740506329116,395,33.400973039718465,3.1665965221288257,105.76740506329116,18,2.9693797472143788
RADBILL_4X4_009,6,120_DTend_PP,PP,B1,DT5_PP,18,14.813703284258199,40.882352941176471,9.9742315051159238,0.31945285349628227,3.1862967157418005,18,0.024884740687380003
RADBILL_4X4_009,6,130first_DTend_PP,PP,B2,DTend_QT,5,39.143267389917035,35.823529411764703,9.0362830724090255,3.7784636798473623,34.143267389917035,18,1.7482625126262841
RADBILL_4X4_009,6,130first_DTend_QT,QT,B2,DTend_QT,360,308.6869814932993,374.70588235294116,31.940892101431579,1.6064992281289747,51.313018506700701,18,0
RADBILL_4X4_009,7,110_DTend_PP,PP,B1,DTend_PP,31,36.307562907408702,44.222222222222221,12.525529485370624,0.42373960427044205,5.3075629074087018,18,-0.29919450001220843
RADBILL_4X4_009,7,110_DTend_QT,QT,B1,DTend_PP,385,387.83149171270719,392.05882352941177,36.403074369198706,0.077781664372363196,2.8314917127071908,18,-0.11282374120738917
RADBILL_4X4_009,7,120_DTend_PP,PP,B1,DTend_PP,30,32.949262405006706,40.176470588235297,11.148067624691997,0.26455368807364854,2.9492624050067064,18,-0.32015893886539593
RADBILL_4X4_009,7,120_DTend_QT,QT,B2,DT5_QT,390,377.82814140707035,388.75,26.92582403567252,0.45205147953146529,12.171858592929652,18,0.21182555261961072
RADBILL_4X4_009,7,130first_DTend_PP,PP,B2,DT5_QT,38,32.974880209089591,33.882352941176471,11.693386768496415,0.42974032163622344,5.0251197909104093,18,-0.24597508237526566
RADBILL_4X4_009,7,130first_DTend_QT,QT,B2,DT5_QT,390,360.86612458254683,372.94117647058823,31.871755890277083,0.91409696779024519,29.133875417453169,18,0.28743980824549897
RADBILL_4X4_009,7,130last_DTend_PP,PP,B1,DTend_PP,33,32.315655164762006,37.75,11.150485789118488,0.061373544451832823,0.68434483523799372,18,0.016365015569398518
RADBILL_4X4_009,7,130last_DTend_QT,QT,B2,DT5_QT,395,356.98459922996147,370.625,32.602402774437756,1.1660306460554768,38.015400770038525,18,0.21227223626871761
RADBILL_4X4_009,8,110_DTend_PP,PP,B1,DTend_PP,44,32.774790877243149,43.5,12.908045826492232,0.86962885580390814,11.225209122756851,18,0
RADBILL_4X4_009,8,110_DTend_QT,QT,B1,DTend_PP,430,382.3235800344234,389.41176470588238,35.083932974243019,1.3589246108917832,47.676419965576599,18,0.89121328821840495
RADBILL_4X4_009,8,120_DTend_PP,PP,B1,DTend_PP,36,30.304635258358665,39.823529411764703,11.381098882124954,0.50042309627820036,5.6953647416413347,18,0
RADBILL_4X4_009,8,120_DTend_QT,QT,B2,DT5_QT,420,428.35150457915398,386.875,25.617376914898998,0.32600935712105517,8.3515045791539819,18,0.081776618794233397
RADBILL_4X4_009,8,130first_DTend_PP,PP,B2,DT5_QT,38,35.338648305852509,33.882352941176471,11.693386768496415,0.22759460084887786,2.6613516941474913,18,-0.8422759663379753
RADBILL_4X4_009,8,130first_DTend_QT,QT,B2,DT5_QT,420,423.46711360753756,371.1764705882353,29.871046378804774,0.11606937244748387,3.4671136075375557,18,0.11528816755442914
RADBILL_4X4_009,8,130last_DTend_PP,PP,B1,DTend_PP,40,29.946131805157592,37.3125,11.193562137824284,0.89818308694327753,10.053868194842408,18,0
RADBILL_4X4_009,8,130last_DTend_QT,QT,B2,DT5_QT,415,419.06454426515484,369.375,31.138133106102128,0.13053268965435533,4.0645442651548365,18,-0.082200671582760759
RADBILL_4X4_009,10,110_DTend_PP,PP,B1,DTend_PP,32,37.250904033379697,44.166666666666664,12.585005083081073,0.41723495530715876,5.2509040333796975,18,0
RADBILL_4X4_009,10,110_DTend_QT,QT,B1,DTend_PP,425,384.78087042607473,389.70588235294116,35.420270866204483,1.1354833994874816,40.219129573925272,18,1.0569843452297725
RADBILL_4X4_009,10,120_DTend_PP,PP,B1,DTend_PP,33,33.654296802809093,40,11.291589790636214,0.05794549881290248,0.65429680280909253,18,0
RADBILL_4X4_009,10,120_DTend_QT,QT,B2,DT5_QT,405,406.60256410256409,387.8125,26.581243387020105,0.060289282906405971,1.602564102564088,18,-0.26864063429883517
RADBILL_4X4_009,10,130first_DTend_PP,PP,B2,DT5_QT,22,36.380011968880908,34.823529411764703,11.315008252966759,1.2708794945077051,14.380011968880908,18,0.5961215344421239
RADBILL_4X4_009,10,130first_DTend_QT,QT,B2,DT5_QT,405,396.9464392579294,372.05882352941177,31.127701867137763,0.25872648024083439,8.0535607420706015,18,0.24460989484753604
RADBILL_4X4_009,10,130last_DTend_PP,PP,B1,DTend_PP,23,34.020256213730427,38.375,10.531698185319719,1.0463892925731308,11.020256213730427,18,0
RADBILL_4X4_009,10,130last_DTend_QT,QT,B2,DT5_QT,395,393.81410256410254,370.625,32.602402774437756,0.03637454098405514,1.1858974358974592,18,-0.27825782245353581
RADBILL_4X4_009,11,110_DTend_PP,PP,B1,DTend_PP,50,55.371775644871022,43.166666666666664,12.807396759869114,0.41942759684802011,5.3717756448710219,18,0
RADBILL_4X4_009,11,110_DTend_QT,QT,B1,DTend_PP,410,388.8833173817153,390.58823529411762,36.136994243312166,0.58435083106539054,21.116682618284699,18,0.49128244876818522
RADBILL_4X4_009,11,120_DTend_PP,PP,B1,DTend_PP,45,50.723311633851196,39.294117647058826,11.334486677185435,0.50494669911883483,5.7233116338511962,18,0
RADBILL_4X4_009,11,120_DTend_QT,QT,B2,DT5_QT,390,403.6570031435557,388.75,26.92582403567252,0.50720836344552722,13.657003143555698,18,0.26155557114307892
RADBILL_4X4_009,11,130first_DTend_PP,PP,B2,DT5_QT,39,34.290975788701395,33.823529411764703,11.668522261396509,0.40356645904320537,4.7090242112986047,18,0.037900291411928799
RADBILL_4X4_009,11,130first_DTend_QT,QT,B2,DT5_QT,375,394.45194424064562,373.8235294117647,32.138830279969831,0.60524742410332288,19.451944240645616,18,0.24071970860942182
RADBILL_4X4_009,11,130last_DTend_PP,PP,B1,DTend_PP,48,41.050835573214911,36.8125,10.857984773121268,0.64000498913828019,6.9491644267850887,18,0
RADBILL_4X4_009,11,130last_DTend_QT,QT,B2,DT5_QT,370,390.89329374781698,372.1875,33.164677494788535,0.62998633866106901,20.893293747816983,18,0.23671463703338735
RADBILL_4X4_009,12,110_DTend_PP,PP,B1,DTend_PP,47,49.929069031032299,43.333333333333336,12.87953232618236,0.2274204495048236,2.9290690310322987,18,0
RADBILL_4X4_009,12,120_DTend_PP,PP,B1,DTend_PP,41,45.792240862792092,39.529411764705884,11.413356468732278,0.41988006559865054,4.7922408627920916,18,0
RADBILL_4X4_009,12,120_DTend_QT,QT,B2,DT5_QT,380,383.04089026915113,389.375,26.825050481468498,0.11336009493260291,3.0408902691511344,18,0.10894046854223269
RADBILL_4X4_009,12,130first_DTend_PP,PP,B2,DT5_QT,33,33.613793103448273,34.176470588235297,11.732621691877135,0.052315085201564256,0.61379310344827331,18,-0.49672942888634009
RADBILL_4X4_009,12,130first_DTend_QT,QT,B2,DT5_QT,350,369.25862068965517,375.29411764705884,31.54711695599606,0.61047165471628773,19.258620689655174,18,0.058936251729623246
RADBILL_4X4_009,12,130last_DTend_PP,PP,B1,DTend_PP,17,41.836635271191945,38.75,9.8013604497879108,2.5339987646030688,24.836635271191945,18,0
RADBILL_4X4_009,12,130last_DTend_QT,QT,B2,DT5_QT,350,366.27587991718428,373.4375,32.645507603139926,0.49856415513719349,16.275879917184284,18,0.15150577745931798
RADBILL_4X4_009,13,110_DTend_PP,PP,B1,DTend_PP,49,46.558539944903579,43.222222222222221,12.836325090541505,0.19019930064683543,2.4414600550964209,18,0
RADBILL_4X4_009,13,110_DTend_QT,QT,B1,DTend_PP,395,389.86165333737637,391.47058823529414,36.433359794045252,0.14103411520843201,5.1383466626236327,18,0.092733952321345167
RADBILL_4X4_009,13,120_DTend_PP,PP,B1,DTend_PP,45,42.473310130060455,39.294117647058826,11.334486677185435,0.22292053816829488,2.5266898699395455,18,0
RADBILL_4X4_009,13,120_DTend_QT,QT,B2,DT5_QT,385,382.64492753623188,389.0625,26.908409466187333,0.087521801194807514,2.3550724637681242,18,-0.031696118608329785
RADBILL_4X4_009,13,130first_DTend_PP,PP,B2,DT5_QT,40,33.127011494252869,33.764705882352942,11.637919765601936,0.59056847307553562,6.8729885057471307,18,0.27636165970387261
RADBILL_4X4_009,13,130first_DTend_QT,QT,B2,DT5_QT,370,367.86781609195401,374.11764705882354,32.124527920541446,0.066372458867562129,2.1321839080459881,18,-0.13515778476167001
RADBILL_4X4_009,13,130last_DTend_PP,PP,B1,DTend_PP,39,37.968369829683695,37.375,11.206396982676159,0.092057257288947564,1.0316301703163049,18,0
RADBILL_4X4_009,13,130last_DTend_QT,QT,B2,DT5_QT,375,364.29606625258799,371.875,33.159965822258222,0.32279688720991156,10.703933747412009,18,0.20372969195348462
RADBILL_4X4_009,14,110_DTend_PP,PP,B1,DTend_PP,30,31.088594401429425,44.277777777777779,12.460788170499704,0.087361600769894993,1.0885944014294253,18,0
RADBILL_4X4_009,14,110_DTend_QT,QT,B1,DTend_PP,395,385.0466224194796,391.47058823529414,36.433359794045252,0.27319406271576407,9.9533775805203959,18,0.22489389982867725
RADBILL_4X4_009,14,120_DTend_PP,PP,B1,DTend_PP,30,27.883618814035366,40.176470588235297,11.148067624691997,0.18984287297262484,2.1163811859646344,18,0
RADBILL_4X4_009,14,120_DTend_QT,QT,B2,DTend_QT,385,388.2079646017699,389.0625,26.908409466187333,0.1192179198031373,3.2079646017699019,18,0
RADBILL_4X4_009,14,130first_DTend_PP,PP,B2,DTend_QT,28,33.95907451175519,34.470588235294116,11.63033558769277,0.51237339342650501,5.9590745117551904,18,0.16398949344268698
RADBILL_4X4_009,14,130first_DTend_QT,QT,B2,DTend_QT,365,376.7931334743127,374.41176470588238,32.058654883528355,0.3678611444291125,11.793133474312697,18,0
RADBILL_4X4_009,14,130last_DTend_PP,PP,B1,DTend_PP,28,30.269913128594148,38.0625,10.926840043367219,0.20773738057710692,2.2699131285941476,18,0
RADBILL_4X4_009,14,130last_DTend_QT,QT,B2,DTend_QT,345,373.05309734513276,373.75,32.377976053690155,0.86642529164312954,28.053097345132755,18,0
RADBILL_4X4_009,15,110_DTend_PP,PP,B1,DTend_PP,43,43.806368037090067,43.555555555555557,12.907919239171251,0.062470799681098685,0.80636803709006699,18,0
RADBILL_4X4_009,15,110_DTend_QT,QT,B1,DTend_PP,330,393.34069802276815,395.29411764705884,32.809611217374922,1.9305531419776454,63.340698022768152,18,1.7120762589256353
RADBILL_4X4_009,16,110_DTend_PP,PP,B1,DTend_PP,36,40.059886386968728,43.944444444444443,12.771623979939562,0.31788333209195685,4.0598863869687278,18,-1.2753288199073034
RADBILL_4X4_009,16,110_DTend_QT,QT,B1,DTend_PP,345,391.43982593037214,394.41176470588238,34.409407913260821,1.3496258362665692,46.439825930372137,18,1.1612975984128351
RADBILL_4X4_009,16,120_DTend_PP,PP,B1,DTend_PP,35,36.405763353223691,39.882352941176471,11.357169282776718,0.12377761731134425,1.4057633532236906,18,-1.3433904526784459
RADBILL_4X4_009,16,120_DTend_QT,QT,B2,DT5_QT,330,367.85758706467664,392.5,21.908902300206645,1.7279545340032652,37.857587064676636,18,0.39671738934481993
RADBILL_4X4_009,16,130first_DTend_PP,PP,B2,DT5_QT,29,33.006653359946775,34.411764705882355,11.662219040181695,0.34355840394885534,4.0066533599467746,18,-1.1304914945252278
RADBILL_4X4_009,16,130first_DTend_QT,QT,B2,DT5_QT,310,344.97172322022618,377.64705882352939,27.620058780871986,1.2661712090361488,34.971723220226181,18,0.27146304676171618
RADBILL_4X4_009,16,130last_DTend_PP,PP,B1,DTend_PP,41,33.914334362030438,37.25,11.17437544861755,0.634099477912761,7.0856656379695622,18,0.097223285262986736
RADBILL_4X4_009,16,130last_DTend_QT,QT,B2,DT5_QT,310,344.0080845771144,375.9375,28.764489102595466,1.1822940590328719,34.008084577114403,18,0.57827324626316423
RADBILL_4X4_009,17,110_DTend_PP,PP,B1,DTend_PP,67,46.223207481815038,42.222222222222221,11.507315093174201,1.8055291221241643,20.776792518184962,18,0
RADBILL_4X4_009,17,110_DTend_QT,QT,B1,DTend_PP,385,390.93177655677658,392.05882352941177,36.403074369198706,0.16294713178938441,5.9317765567765832,18,0.12189733194871691
RADBILL_4X4_009,17,120_DTend_PP,PP,B1,DTend_PP,53,42.786819991154353,38.823529411764703,10.887121371818443,0.93809737763029732,10.213180008845647,18,0
RADBILL_4X4_009,17,120_DTend_QT,QT,B2,DTend_QT,390,379.11168384879727,388.75,26.92582403567252,0.40438190997524937,10.88831615120273,18,0
RADBILL_4X4_009,17,130first_DTend_PP,PP,B2,DTend_QT,49,31.893057459803064,33.235294117647058,11.093519570929157,1.5420662875131264,17.106942540196936,18,0.40696973378277423
RADBILL_4X4_009,17,130first_DTend_QT,QT,B2,DTend_QT,370,366.08064315094106,374.11764705882354,32.124527920541446,0.12200511891577966,3.9193568490589428,18,0
RADBILL_4X4_009,17,130last_DTend_PP,PP,B1,DTend_PP,58,36.974566350963073,36.1875,9.792641795416257,2.1470645090764493,21.025433649036927,18,0
RADBILL_4X4_009,17,130last_DTend_QT,QT,B2,DTend_QT,380,359.02061855670104,371.5625,33.101800051759525,0.63378370392228267,20.979381443298962,18,0
RADBILL_4X4_009,18,110_DTend_PP,PP,B1,DTend_PP,58,56.284914463452566,42.722222222222221,12.394522298440386,0.13837447666403771,1.7150855365474342,18,-0.17986646473479104
RADBILL_4X4_009,18,110_DTend_QT,QT,B1,DTend_PP,380,395.53109985716139,392.35294117647061,36.319659236546038,0.42762240019954506,15.531099857161394,18,0.38993600474036166
RADBILL_4X4_009,18,120_DTend_PP,PP,B1,DTend_PP,55,50.982349285270352,38.705882352941174,10.710769731223527,0.37510382685359983,4.0176507147296476,18,-0.14989506600266794
RADBILL_4X4_009,18,120_DTend_QT,QT,B2,DTend_QT,355,377.73154596100278,390.9375,25.378386473532945,0.8957049332001249,22.73154596100278,18,0
RADBILL_4X4_009,18,130first_DTend_PP,PP,B2,DTend_QT,41,32.007785032646908,33.705882352941174,11.601533874246721,0.77508845509766267,8.9922149673530924,18,0.41356147414955929
RADBILL_4X4_009,18,130first_DTend_QT,QT,B2,DTend_QT,355,361.9173782019086,375,31.770662567847086,0.2177284841679446,6.9173782019086048,18,0
RADBILL_4X4_009,18,130last_DTend_PP,PP,B1,DTend_PP,45,42.730086871405852,37,11.033282980751165,0.205733246627887,2.2699131285941476,18,0.018287630984335529
RADBILL_4X4_009,18,130last_DTend_QT,QT,B2,DTend_QT,350,355.59888579387189,373.4375,32.645507603139926,0.17150555175724613,5.5988857938718866,18,0
RADBILL_4X4_010,1,110_DTend_PP,PP,B1,DTend_QT,39,43.167106752168991,43.777777777777779,12.859217593780077,0.32405601054488681,4.1671067521689906,18,-0.87561130999680481
RADBILL_4X4_010,1,110_DTend_QT,QT,B1,DTend_QT,415,423.2665330661323,390.29411764705884,35.945731154551495,0.22997259481493612,8.2665330661322969,18,0
RADBILL_4X4_010,1,120_DTend_PP,PP,B2,DTend_PP,34,50.000000000000007,39.941176470588232,11.327348477442184,1.4125106181612723,16.000000000000007,18,0
RADBILL_4X4_010,1,120_DTend_QT,QT,B2,DTend_PP,400,377.7041793398671,388.125,26.762847382145271,0.83308851041789644,22.295820660132904,18,0.47676281059932002
RADBILL_4X4_010,1,130first_DTend_PP,PP,B1,DTend_QT,25,36.687065740245856,34.647058823529413,11.499680302461609,1.0162948388873154,11.687065740245856,18,-0.57813995308727106
RADBILL_4X4_010,1,130first_DTend_QT,QT,B1,DTend_QT,405,399.84901122394439,372.05882352941177,31.127701867137763,0.16547925054157728,5.1509887760556126,18,0
RADBILL_4X4_010,1,130last_DTend_PP,PP,B2,DTend_PP,35,42.005069280162218,37.625,11.194492693582262,0.62576031553249245,7.0050692801622176,18,0
RADBILL_4X4_010,1,130last_DTend_QT,QT,B2,DTend_PP,395,357.93680297397771,370.625,32.602402774437756,1.1368240949124788,37.063197026022294,18,1.0224765147388593
RADBILL_4X4_010,2,110_DTend_PP,PP,B1,DTend_QT,63,40.992462311557787,42.444444444444443,11.961812877664549,1.8398162480484324,22.007537688442213,18,0.30459926565909945
RADBILL_4X4_010,2,110_DTend_QT,QT,B1,DTend_QT,410,406.63678840469152,390.58823529411762,36.136994243312166,0.093068382297205335,3.3632115953084849,18,0
RADBILL_4X4_010,2,120_DTend_PP,PP,B2,DT5_PP,60,40.703823720025923,38.411764705882355,10.143093854499053,1.9023955172627234,19.296176279974077,18,0
RADBILL_4X4_010,2,120_DTend_QT,QT,B2,DT5_PP,395,386.85916953859538,388.4375,26.87742237145023,0.3028873211462414,8.1408304614046187,18,0.25769401672252856
RADBILL_4X4_010,2,130first_DTend_PP,PP,B1,DTend_QT,53,32.753377951761586,33,10.682930309610748,1.8952311268027111,20.246622048238414,18,0.23732676719998347
RADBILL_4X4_010,2,130first_DTend_QT,QT,B1,DTend_QT,380,386.31582270488695,373.52941176470586,32.101630891316923,0.19674460547720346,6.3158227048869549,18,0
RADBILL_4X4_010,2,130last_DTend_PP,PP,B2,DT5_PP,49,37.664436042426473,36.75,10.785793124908958,1.0509717575979569,11.335563957573527,18,0
RADBILL_4X4_010,2,130last_DTend_QT,QT,B2,DT5_PP,370,370.57165322715559,372.1875,33.164677494788535,0.017236809471324496,0.57165322715559341,18,-0.37603489215635716
RADBILL_4X4_010,3,110_DTend_PP,PP,B1,DTend_QT,48,41.514972952086552,43.277777777777779,12.860361149240285,0.5042647692904445,6.485027047913448,18,0.44592975730349915
RADBILL_4X4_010,3,110_DTend_QT,QT,B1,DTend_QT,365,348.125,393.23529411764707,35.791984807643573,0.47147427254149515,16.875,18,0
RADBILL_4X4_010,3,120_DTend_PP,PP,B2,DT5_PP,46,44.9628222075347,39.235294117647058,11.300052056100814,0.091785222520752524,1.0371777924653003,18,-0.05682489140195307
RADBILL_4X4_010,3,120_DTend_QT,QT,B2,DT5_PP,390,381.17610837438423,388.75,26.92582403567252,0.32771110789127533,8.8238916256157722,18,-1.6149292475181329
RADBILL_4X4_010,3,130first_DTend_PP,PP,B1,DTend_QT,39,28.675754060324824,33.823529411764703,11.668522261396509,0.88479463880626408,10.324245939675176,18,0.801598027504695
RADBILL_4X4_010,3,130first_DTend_QT,QT,B1,DTend_QT,335,331.47041763341065,376.1764705882353,30.543483949358261,0.11555925880758966,3.5295823665893522,18,0
RADBILL_4X4_010,3,130last_DTend_PP,PP,B2,DT5_PP,32,42.400246305418719,37.8125,11.118865349785771,0.9353693905124143,10.400246305418719,18,0.24287679695532061
RADBILL_4X4_010,3,130last_DTend_QT,QT,B2,DT5_PP,345,366.65640394088672,373.75,32.377976053690155,0.66886218906874861,21.656403940886719,18,-0.26237719405828741
RADBILL_4X4_010,4,110_DTend_PP,PP,B1,DTend_QT,26,45.400405718701698,44.5,12.147379286472114,1.5970856973492951,19.400405718701698,18,0.80053806943974104
RADBILL_4X4_010,4,110_DTend_QT,QT,B1,DTend_QT,460,421.97167196961919,387.64705882352939,31.923622085515664,1.1912284868086744,38.028328030380806,18,0
RADBILL_4X4_010,4,120_DTend_PP,PP,B2,DT5_PP,28,32.039428959891225,40.294117647058826,11.021369617034631,0.36650880065285923,4.0394289598912252,18,0
RADBILL_4X4_010,4,120_DTend_QT,QT,B2,DT5_PP,445,396.38118076966998,385.3125,22.395591083961147,2.1709102942654157,48.618819230330018,18,0.43943186191480099
RADBILL_4X4_010,4,130first_DTend_PP,PP,B1,DTend_QT,25,37.411910328703065,34.647058823529413,11.499680302461609,1.079326555369212,12.411910328703065,18,0.96733219080451871
RADBILL_4X4_010,4,130first_DTend_QT,QT,B1,DTend_QT,430,401.03493329665793,370.58823529411762,28.716412605706452,1.0086589540639979,28.965066703342075,18,0
RADBILL_4X4_010,4,130last_DTend_PP,PP,B2,DT5_PP,30,27.619961173918007,37.9375,11.036114956511343,0.21565911876241942,2.3800388260819929,18,0
RADBILL_4X4_010,4,130last_DTend_QT,QT,B2,DT5_PP,435,378.77012675573826,368.125,28.628365886535217,1.964131430593052,56.229873244261739,18,0.66251756142744722
RADBILL_4X4_010,5,110_DTend_PP,PP,B1,DTend_QT,37,42.894190140845069,43.888888888888886,12.805738092924404,0.4602772677431069,5.894190140845069,18,-0.083627706899582821
RADBILL_4X4_010,5,110_DTend_QT,QT,B1,DTend_QT,385,391.93862275449101,392.05882352941177,36.403074369198706,0.19060540557975236,6.9386227544910071,18,0
RADBILL_4X4_010,5,120_DTend_PP,PP,B2,DT5_PP,33,40.338928340865074,40,11.291589790636214,0.64994641825821842,7.3389283408650741,18,0
RADBILL_4X4_010,5,120_DTend_QT,QT,B2,DT5_PP,385,390.9828602035351,389.0625,26.908409466187333,0.22234165163322125,5.9828602035350968,18,0.18057752295099824
RADBILL_4X4_010,5,130first_DTend_PP,PP,B1,DTend_QT,26,33.732107355864812,34.588235294117645,11.549127800019207,0.66949708148973408,7.7321073558648123,18,-0.10336820348346842
RADBILL_4X4_010,5,130first_DTend_QT,QT,B1,DTend_QT,375,370.96669980119282,373.8235294117647,32.138830279969831,0.12549617281251496,4.0333001988071828,18,0
RADBILL_4X4_010,5,130last_DTend_PP,PP,B2,DT5_PP,29,36.88457418318157,38,10.984838035522721,0.7177688153147519,7.8845741831815701,18,0
RADBILL_4X4_010,5,130last_DTend_QT,QT,B2,DT5_PP,375,373.84105516871989,371.875,33.159965822258222,0.03495012140519705,1.1589448312801096,18,-0.25808144661386168
RADBILL_4X4_010,6,110_DTend_PP,PP,B1,DTend_QT,24,46.713244353182752,44.611111111111114,11.95648428008289,1.8996591155995974,22.713244353182752,18,1.6666464692940903
RADBILL_4X4_010,6,110_DTend_QT,QT,B1,DTend_QT,335,341.58723218189766,395,33.400973039718465,0.19721677491444678,6.5872321818976616,18,0
RADBILL_4X4_010,6,120_DTend_PP,PP,B2,DT5_PP,18,14.813703284258199,40.882352941176471,9.9742315051159238,0.31945285349628227,3.1862967157418005,18,0.024884740687380003
RADBILL_4X4_010,6,130first_DTend_PP,PP,B1,DTend_QT,5,39.143267389917035,35.823529411764703,9.0362830724090255,3.7784636798473623,34.143267389917035,18,1.7482625126262841
RADBILL_4X4_010,6,130first_DTend_QT,QT,B1,DTend_QT,360,308.6869814932993,374.70588235294116,31.940892101431579,1.6064992281289747,51.313018506700701,18,0
RADBILL_4X4_010,7,110_DTend_PP,PP,B1,DTend_QT,31,43.249647887323945,44.222222222222221,12.525529485370624,0.9779744562200825,12.249647887323945,18,0.25504035193743202
RADBILL_4X4_010,7,110_DTend_QT,QT,B1,DTend_QT,385,391.93862275449101,392.05882352941177,36.403074369198706,0.19060540557975236,6.9386227544910071,18,0
RADBILL_4X4_010,7,120_DTend_PP,PP,B2,DT5_PP,30,36.518415906127771,40.176470588235297,11.148067624691997,0.58471262693904447,6.5184159061277711,18,0
RADBILL_4X4_010,7,120_DTend_QT,QT,B2,DT5_PP,390,397.88514728253352,388.75,26.92582403567252,0.29284701824118486,7.8851472825335236,18,0.052621091329330294
RADBILL_4X4_010,7,130first_DTend_PP,PP,B1,DTend_QT,38,32.980616302186881,33.882352941176471,11.693386768496415,0.42924977999838554,5.0193836978131188,18,-0.24646562401310357
RADBILL_4X4_010,7,130first_DTend_QT,QT,B1,DTend_QT,390,370.02733598409543,372.94117647058823,31.871755890277083,0.62665715954474621,19.97266401590457,18,0
RADBILL_4X4_010,7,130last_DTend_PP,PP,B2,DT5_PP,33,32.498133038307287,37.75,11.150485789118488,0.045008528882434305,0.50186696169271272,18,0
RADBILL_4X4_010,7,130last_DTend_QT,QT,B2,DT5_PP,395,379.23765730880928,370.625,32.602402774437756,0.48347181035225256,15.762342691190725,18,-0.47028659943450662
RADBILL_4X4_010,8,110_DTend_PP,PP,B1,DTend_QT,44,42.388805970149257,43.5,12.908045826492232,0.12482091026853645,1.6111940298507434,18,-0.74480794553537166
RADBILL_4X4_010,8,110_DTend_QT,QT,B1,DTend_QT,430,446.40915269596735,389.41176470588238,35.083932974243019,0.46771132267337817,16.40915269596735,18,0
RADBILL_4X4_010,8,120_DTend_PP,PP,B2,DT5_PP,36,37.460952689565779,39.823529411764703,11.381098882124954,0.12836657555627934,1.4609526895657794,18,-0.37205652072192102
RADBILL_4X4_010,8,120_DTend_QT,QT,B2,DT5_PP,420,392.93709150326799,386.875,25.617376914898998,1.0564277750464097,27.062908496732007,18,0.81219503671958793
RADBILL_4X4_010,8,130first_DTend_PP,PP,B1,DTend_QT,38,36.042003733665211,33.882352941176471,11.693386768496415,0.16744475361149419,1.9579962663347885,18,-0.90242581357535889
RADBILL_4X4_010,8,130first_DTend_QT,QT,B1,DTend_QT,420,420.02333540759179,371.1764705882353,29.871046378804774,0.00078120489305473842,0.023335407591787316,18,0
RADBILL_4X4_010,8,130last_DTend_PP,PP,B2,DT5_PP,40,33.325571895424837,37.3125,11.193562137824284,0.5962738243996103,6.6744281045751634,18,-0.30190926254366723
RADBILL_4X4_010,8,130last_DTend_QT,QT,B2,DT5_PP,415,375.40441176470586,369.375,31.138133106102128,1.2716108605603786,39.595588235294144,18,1.0588774993232626
RADBILL_4X4_010,10,110_DTend_PP,PP,B1,DTend_QT,32,44.426101236476043,44.166666666666664,12.585005083081073,0.98737355721702047,12.426101236476043,18,0.57013860190986176
RADBILL_4X4_010,10,110_DTend_QT,QT,B1,DTend_QT,425,427.78045776454894,389.70588235294116,35.420270866204483,0.078499054257709186,2.7804577645489417,18,0
RADBILL_4X4_010,10,120_DTend_PP,PP,B2,DT5_PP,33,30.731481481481477,40,11.291589790636214,0.2009033768123368,2.2685185185185226,18,0.14295787799943432
RADBILL_4X4_010,10,120_DTend_QT,QT,B2,DT5_PP,405,406.12478645752446,387.8125,26.581243387020105,0.042315043022920051,1.1247864575244648,18,-0.28661487418232107
RADBILL_4X4_010,10,130first_DTend_PP,PP,B1,DTend_QT,22,37.940448356484666,34.823529411764703,11.315008252966759,1.4087880450555685,15.940448356484666,18,0.73403008498998734
RADBILL_4X4_010,10,130first_DTend_QT,QT,B1,DTend_QT,405,405.43941686150458,372.05882352941177,31.127701867137763,0.014116585393298353,0.43941686150458281,18,0
RADBILL_4X4_010,10,130last_DTend_PP,PP,B2,DT5_PP,23,28.41652430501631,38.375,10.531698185319719,0.51430682969689334,5.4165243050163099,18,-0.53208246287623751
RADBILL_4X4_010,10,130last_DTend_QT,QT,B2,DT5_PP,395,388.40153750582391,370.625,32.602402774437756,0.2023919077323246,6.5984624941760899,18,-0.11224045570526633
RADBILL_4X4_010,11,110_DTend_PP,PP,B1,DTend_QT,50,42.029522613065325,43.166666666666664,12.807396759869114,0.62233391659337722,7.9704773869346752,18,0.20290631974535711
RADBILL_4X4_010,11,110_DTend_QT,QT,B1,DTend_QT,410,406.63678840469152,390.58823529411762,36.136994243312166,0.093068382297205335,3.3632115953084849,18,0
RADBILL_4X4_010,11,120_DTend_PP,PP,B2,DT5_PP,45,46.450803212851412,39.294117647058826,11.334486677185435,0.12799902229111562,1.4508032128514117,18,-0.37694767682771924
RADBILL_4X4_010,11,120_DTend_QT,QT,B2,DT5_PP,390,378.60608380899345,388.75,26.92582403567252,0.42315942404998974,11.393916191006554,18,0.17750663174754142
RADBILL_4X4_010,11,130first_DTend_PP,PP,B1,DTend_QT,39,33.872458643768148,33.823529411764703,11.668522261396509,0.43943365246818999,5.1275413562318519,18,0.073767484836913422
RADBILL_4X4_010,11,130first_DTend_QT,QT,B1,DTend_QT,375,386.71549438060362,373.8235294117647,32.138830279969831,0.36452771549390106,11.715494380603616,18,0
RADBILL_4X4_010,11,130last_DTend_PP,PP,B2,DT5_PP,48,42.305164972852566,36.8125,10.857984773121268,0.5244836077910966,5.6948350271474339,18,-0.11552138134718359
RADBILL_4X4_010,11,130last_DTend_QT,QT,B2,DT5_PP,370,361.88605039677014,372.1875,33.164677494788535,0.24465636985328362,8.1139496032298553,18,-0.14861533177439804
RADBILL_4X4_010,12,110_DTend_PP,PP,B1,DTend_QT,47,42.282746478873243,43.333333333333336,12.87953232618236,0.36625969031012207,4.7172535211267572,18,0.13883924080529847
RADBILL_4X4_010,12,120_DTend_PP,PP,B2,DT5_PP,41,40.544089147286826,39.529411764705884,11.413356468732278,0.039945379254750793,0.45591085271317411,18,-0.37993468634389976
RADBILL_4X4_010,12,120_DTend_QT,QT,B2,DT5_PP,380,390.12821370064523,389.375,26.825050481468498,0.3775655038428386,10.128213700645233,18,0.37314587745246841
RADBILL_4X4_010,12,130first_DTend_PP,PP,B1,DTend_QT,33,32.948024429764423,34.176470588235297,11.732621691877135,0.0044300047849971137,0.05197557023557664,18,-0.54461450930290722
RADBILL_4X4_010,12,130first_DTend_QT,QT,B1,DTend_QT,350,367.39935186339272,375.29411764705884,31.54711695599606,0.55153540298666448,17.399351863392724,18,0
RADBILL_4X4_010,12,130last_DTend_PP,PP,B2,DT5_PP,17,38.31209254120558,38.75,9.8013604497879108,2.1744014670602945,21.31209254120558,18,-0.35959729754277436
RADBILL_4X4_010,12,130last_DTend_QT,QT,B2,DT5_PP,350,374.21634181404835,373.4375,32.645507603139926,0.74179706771412435,24.216341814048349,18,0.39473869003624884
RADBILL_4X4_010,13,110_DTend_PP,PP,B1,DTend_QT,49,42.180678205581067,43.222222222222221,12.836325090541505,0.53125187671070873,6.8193217944189328,18,0.34105257606387329
RADBILL_4X4_010,13,110_DTend_QT,QT,B1,DTend_QT,395,396.75973721257623,391.47058823529414,36.433359794045252,0.048300162887086842,1.7597372125762263,18,0
RADBILL_4X4_010,13,120_DTend_PP,PP,B2,DT5_PP,45,47.168408631153071,39.294117647058826,11.334486677185435,0.19131070448190135,2.1684086311530706,18,-0.031609833686393529
RADBILL_4X4_010,13,120_DTend_QT,QT,B2,DT5_PP,385,377.85480637332489,389.0625,26.908409466187333,0.26553756867917599,7.145193626675109,18,0.14631964887603871
RADBILL_4X4_010,13,130first_DTend_PP,PP,B1,DTend_QT,40,33.193307625326533,33.764705882352942,11.637919765601936,0.58487191111180614,6.8066923746734673,18,0.27066509774014313
RADBILL_4X4_010,13,130first_DTend_QT,QT,B1,DTend_QT,370,376.47406393830079,374.11764705882354,32.124527920541446,0.20153024362923214,6.4740639383007874,18,0
RADBILL_4X4_010,13,130last_DTend_PP,PP,B2,DT5_PP,39,44.027962435369837,37.375,11.206396982676159,0.44866895605630486,5.0279624353698367,18,0.35661169876735732
RADBILL_4X4_010,13,130last_DTend_QT,QT,B2,DT5_PP,375,359.95251661918331,371.875,33.159965822258222,0.45378464686824999,15.047483380816686,18,0.33471745161182304
RADBILL_4X4_010,14,110_DTend_PP,PP,B1,DTend_QT,30,43.370275521017305,44.277777777777779,12.460788170499704,1.07298794731707,13.370275521017305,18,0.98562634654717507
RADBILL_4X4_010,14,110_DTend_QT,QT,B1,DTend_QT,395,396.75973721257623,391.47058823529414,36.433359794045252,0.048300162887086842,1.7597372125762263,18,0
RADBILL_4X4_010,14,120_DTend_PP,PP,B2,DT5_PP,30,30.39127423822714,40.176470588235297,11.148067624691997,0.035097942656941016,0.39127423822714036,18,-0.15474493031568382
RADBILL_4X4_010,14,120_DTend_QT,QT,B2,DT5_PP,385,412.74804617764909,389.0625,26.908409466187333,1.0312035058228479,27.748046177649087,18,0.91198558601971058
RADBILL_4X4_010,14,130first_DTend_PP,PP,B1,DTend_QT,28,33.95907451175519,34.470588235294116,11.63033558769277,0.51237339342650501,5.9590745117551904,18,0.16398949344268698
RADBILL_4X4_010,14,130first_DTend_QT,QT,B1,DTend_QT,365,376.7931334743127,374.41176470588238,32.058654883528355,0.3678611444291125,11.793133474312697,18,0
RADBILL_4X4_010,14,130last_DTend_PP,PP,B2,DT5_PP,28,26.416550958067202,38.0625,10.926840043367219,0.14491372031148012,1.5834490419327985,18,-0.062823660265626802
RADBILL_4X4_010,14,130last_DTend_QT,QT,B2,DT5_PP,345,402.72979727853374,373.75,32.377976053690155,1.7829958606061236,57.729797278533738,18,0.91657056896299405
RADBILL_4X4_010,15,110_DTend_PP,PP,B1,DTend_QT,43,42.058933582787652,43.555555555555557,12.907919239171251,0.072906128383304666,0.94106641721234752,18,0.010435328702205982
RADBILL_4X4_010,15,110_DTend_QT,QT,B1,DTend_QT,330,322.83185840707966,395.29411764705884,32.809611217374922,0.21847688305200996,7.1681415929203354,18,0
RADBILL_4X4_010,16,110_DTend_PP,PP,B1,DTend_QT,36,43.463581916537869,43.944444444444443,12.771623979939562,0.58438785296693241,7.4635819165378692,18,-1.008824299032328
RADBILL_4X4_010,16,110_DTend_QT,QT,B1,DTend_QT,345,351.48026315789474,394.41176470588238,34.409407913260821,0.18832823785373398,6.4802631578947398,18,0
RADBILL_4X4_010,16,120_DTend_PP,PP,B2,DT5_PP,35,51.662876137158847,39.882352941176471,11.357169282776718,1.4671680699897902,16.662876137158847,18,0
RADBILL_4X4_010,16,120_DTend_QT,QT,B2,DT5_PP,330,382.30538922155688,392.5,21.908902300206645,2.3874034629778569,52.305389221556879,18,1.0561663183194117
RADBILL_4X4_010,16,130first_DTend_PP,PP,B1,DTend_QT,29,31.077146171693734,34.411764705882355,11.662219040181695,0.17810900005710856,2.0771461716937338,18,-1.2959408984169745
RADBILL_4X4_010,16,130first_DTend_QT,QT,B1,DTend_QT,310,337.47389791183298,377.64705882352939,27.620058780871986,0.99470816227443259,27.473897911832978,18,0
RADBILL_4X4_010,16,130last_DTend_PP,PP,B2,DT5_PP,41,46.999256146092904,37.25,11.17437544861755,0.53687619264977426,5.9992561460929039,18,0
RADBILL_4X4_010,16,130last_DTend_QT,QT,B2,DT5_PP,310,365.6188864507011,375.9375,28.764489102595466,1.9335954917302014,55.618886450701098,18,1.3295746789604936
RADBILL_4X4_010,17,110_DTend_PP,PP,B1,DTend_QT,67,41.09788732394366,42.222222222222221,11.507315093174201,2.2509258212126917,25.90211267605634,18,0.44539669908852741
RADBILL_4X4_010,17,110_DTend_QT,QT,B1,DTend_QT,385,386.49433891644054,392.05882352941177,36.403074369198706,0.041049799840667506,1.4943389164405403,18,0
RADBILL_4X4_010,17,120_DTend_PP,PP,B2,DT5_PP,53,44.374091209517516,38.823529411764703,10.887121371818443,0.79230390622913793,8.6259087904824838,18,-0.14579347140115939
RADBILL_4X4_010,17,120_DTend_QT,QT,B2,DT5_PP,390,381.17610837438423,388.75,26.92582403567252,0.32771110789127533,8.8238916256157722,18,-0.076670802083974032
RADBILL_4X4_010,17,130first_DTend_PP,PP,B1,DTend_QT,49,31.893057459803064,33.235294117647058,11.093519570929157,1.5420662875131264,17.106942540196936,18,0.40696973378277423
RADBILL_4X4_010,17,130first_DTend_QT,QT,B1,DTend_QT,370,366.08064315094106,374.11764705882354,32.124527920541446,0.12200511891577966,3.9193568490589428,18,0
RADBILL_4X4_010,17,130last_DTend_PP,PP,B2,DT5_PP,58,40.126847290640399,36.1875,9.792641795416257,1.8251614919403742,17.873152709359601,18,-0.32190301713607505
RADBILL_4X4_010,17,130last_DTend_QT,QT,B2,DT5_PP,380,363.5960591133005,371.5625,33.101800051759525,0.4955603882885381,16.403940886699502,18,-0.13822331563374457
RADBILL_4X4_010,18,110_DTend_PP,PP,B1,DTend_QT,58,41.55996114447192,42.722222222222221,12.394522298440386,1.3263955205112459,16.44003885552808,18,1.0081545791124171
RADBILL_4X4_010,18,110_DTend_QT,QT,B1,DTend_QT,380,381.36875704093126,392.35294117647061,36.319659236546038,0.037686395459183404,1.3687570409312571,18,0
RADBILL_4X4_010,18,120_DTend_PP,PP,B2,DT5_PP,55,49.376857749469224,38.705882352941174,10.710769731223527,0.52499889285626777,5.6231422505307762,18,0
RADBILL_4X4_010,18,120_DTend_QT,QT,B2,DT5_PP,355,376.83979406420349,390.9375,25.378386473532945,0.86056669075396708,21.839794064203488,18,-0.035138242446157819
RADBILL_4X4_010,18,130first_DTend_PP,PP,B1,DTend_QT,41,32.007785032646908,33.705882352941174,11.601533874246721,0.77508845509766267,8.9922149673530924,18,0.41356147414955929
RADBILL_4X4_010,18,130first_DTend_QT,QT,B1,DTend_QT,355,361.9173782019086,375,31.770662567847086,0.2177284841679446,6.9173782019086048,18,0
RADBILL_4X4_010,18,130last_DTend_PP,PP,B2,DT5_PP,45,47.068140520896421,37,11.033282980751165,0.18744561564355147,2.0681405208964208,18,0
RADBILL_4X4_010,18,130last_DTend_QT,QT,B2,DT5_PP,350,357.12295578437312,373.4375,32.645507603139926,0.21819099494375804,7.1229557843731186,18,0.04668544318651191
RADBILL_4X4_011,1,110_DTend_PP,PP,B1,DTend_QT,39,43.167106752168991,43.777777777777779,12.859217593780077,0.32405601054488681,4.1671067521689906,18,-0.87561130999680481
RADBILL_4X4_011,1,110_DTend_QT,QT,B1,DTend_QT,415,423.2665330661323,390.29411764705884,35.945731154551495,0.22997259481493612,8.2665330661322969,18,0
RADBILL_4X4_011,1,120_DTend_PP,PP,B2,DTend_PP,34,50.000000000000007,39.941176470588232,11.327348477442184,1.4125106181612723,16.000000000000007,18,0
RADBILL_4X4_011,1,120_DTend_QT,QT,B2,DTend_PP,400,377.7041793398671,388.125,26.762847382145271,0.83308851041789644,22.295820660132904,18,0.47676281059932002
RADBILL_4X4_011,1,130first_DTend_PP,PP,B2,DTend_PP,25,43.335490370829625,34.647058823529413,11.499680302461609,1.5944347919745865,18.335490370829625,18,0
RADBILL_4X4_011,1,130first_DTend_QT,QT,B1,DTend_QT,405,399.84901122394439,372.05882352941177,31.127701867137763,0.16547925054157728,5.1509887760556126,18,0
RADBILL_4X4_011,1,130last_DTend_PP,PP,B2,DTend_PP,35,42.005069280162218,37.625,11.194492693582262,0.62576031553249245,7.0050692801622176,18,0
RADBILL_4X4_011,1,130last_DTend_QT,QT,B1,DTend_QT,395,398.72800586510266,370.625,32.602402774437756,0.1143475801736196,3.7280058651026593,18,0
RADBILL_4X4_011,2,110_DTend_PP,PP,B1,DTend_QT,63,40.992462311557787,42.444444444444443,11.961812877664549,1.8398162480484324,22.007537688442213,18,0.30459926565909945
RADBILL_4X4_011,2,110_DTend_QT,QT,B1,DTend_QT,410,406.63678840469152,390.58823529411762,36.136994243312166,0.093068382297205335,3.3632115953084849,18,0
RADBILL_4X4_011,2,120_DTend_PP,PP,B2,DT5_PP,60,40.703823720025923,38.411764705882355,10.143093854499053,1.9023955172627234,19.296176279974077,18,0
RADBILL_4X4_011,2,120_DTend_QT,QT,B2,DT5_PP,395,386.85916953859538,388.4375,26.87742237145023,0.3028873211462414,8.1408304614046187,18,0.25769401672252856
RADBILL_4X4_011,2,130first_DTend_PP,PP,B2,DT5_PP,53,35.288723266364222,33,10.682930309610748,1.6579043596027276,17.711276733635778,18,0
RADBILL_4X4_011,2,130first_DTend_QT,QT,B1,DTend_QT,380,386.31582270488695,373.52941176470586,32.101630891316923,0.19674460547720346,6.3158227048869549,18,0
RADBILL_4X4_011,2,130last_DTend_PP,PP,B2,DT5_PP,49,37.664436042426473,36.75,10.785793124908958,1.0509717575979569,11.335563957573527,18,0
RADBILL_4X4_011,2,130last_DTend_QT,QT,B1,DTend_QT,370,383.04272915230877,372.1875,33.164677494788535,0.39327170162768166,13.042729152308766,18,0
RADBILL_4X4_011,3,110_DTend_PP,PP,B1,DTend_QT,48,41.514972952086552,43.277777777777779,12.860361149240285,0.5042647692904445,6.485027047913448,18,0.44592975730349915
RADBILL_4X4_011,3,110_DTend_QT,QT,B1,DTend_QT,365,348.125,393.23529411764707,35.791984807643573,0.47147427254149515,16.875,18,0
RADBILL_4X4_011,3,120_DTend_PP,PP,B2,DT5_PP,46,44.9628222075347,39.235294117647058,11.300052056100814,0.091785222520752524,1.0371777924653003,18,-0.05682489140195307
RADBILL_4X4_011,3,120_DTend_QT,QT,B2,DT5_PP,390,381.17610837438423,388.75,26.92582403567252,0.32771110789127533,8.8238916256157722,18,-1.6149292475181329
RADBILL_4X4_011,3,130first_DTend_PP,PP,B2,DT5_PP,39,39.565102445472569,33.823529411764703,11.668522261396509,0.048429649685986557,0.5651024454725686,18,-0.03476696161558248
RADBILL_4X4_011,3,130first_DTend_QT,QT,B1,DTend_QT,335,331.47041763341065,376.1764705882353,30.543483949358261,0.11555925880758966,3.5295823665893522,18,0
RADBILL_4X4_011,3,130last_DTend_PP,PP,B2,DT5_PP,32,42.400246305418719,37.8125,11.118865349785771,0.9353693905124143,10.400246305418719,18,0.24287679695532061
RADBILL_4X4_011,3,130last_DTend_QT,QT,B1,DTend_QT,345,314.84835355285963,373.75,32.377976053690155,0.93123938312703602,30.151646447140365,18,0
RADBILL_4X4_011,4,110_DTend_PP,PP,B1,DTend_QT,26,45.400405718701698,44.5,12.147379286472114,1.5970856973492951,19.400405718701698,18,0.80053806943974104
RADBILL_4X4_011,4,110_DTend_QT,QT,B1,DTend_QT,460,421.97167196961919,387.64705882352939,31.923622085515664,1.1912284868086744,38.028328030380806,18,0
RADBILL_4X4_011,4,120_DTend_PP,PP,B2,DT5_PP,28,32.039428959891225,40.294117647058826,11.021369617034631,0.36650880065285923,4.0394289598912252,18,0
RADBILL_4X4_011,4,120_DTend_QT,QT,B2,DT5_PP,445,396.38118076966998,385.3125,22.395591083961147,2.1709102942654157,48.618819230330018,18,0.43943186191480099
RADBILL_4X4_011,4,130first_DTend_PP,PP,B2,DT5_PP,25,26.287899388171308,34.647058823529413,11.499680302461609,0.11199436456469329,1.2878993881713079,18,0
RADBILL_4X4_011,4,130first_DTend_QT,QT,B1,DTend_QT,430,401.03493329665793,370.58823529411762,28.716412605706452,1.0086589540639979,28.965066703342075,18,0
RADBILL_4X4_011,4,130last_DTend_PP,PP,B2,DT5_PP,30,27.619961173918007,37.9375,11.036114956511343,0.21565911876241942,2.3800388260819929,18,0
RADBILL_4X4_011,4,130last_DTend_QT,QT,B1,DTend_QT,435,397.73692191053829,368.125,28.628365886535217,1.3016138691656047,37.263078089461715,18,0
RADBILL_4X4_011,5,110_DTend_PP,PP,B1,DTend_QT,37,42.894190140845069,43.888888888888886,12.805738092924404,0.4602772677431069,5.894190140845069,18,-0.083627706899582821
RADBILL_4X4_011,5,110_DTend_QT,QT,B1,DTend_QT,385,391.93862275449101,392.05882352941177,36.403074369198706,0.19060540557975236,6.9386227544910071,18,0
RADBILL_4X4_011,5,120_DTend_PP,PP,B2,DT5_PP,33,40.338928340865074,40,11.291589790636214,0.64994641825821842,7.3389283408650741,18,0
RADBILL_4X4_011,5,120_DTend_QT,QT,B2,DT5_PP,385,390.9828602035351,389.0625,26.908409466187333,0.22234165163322125,5.9828602035350968,18,0.18057752295099824
RADBILL_4X4_011,5,130first_DTend_PP,PP,B2,DT5_PP,26,34.92591994835378,34.588235294117645,11.549127800019207,0.7728652849732025,8.9259199483537799,18,0
RADBILL_4X4_011,5,130first_DTend_QT,QT,B1,DTend_QT,375,370.96669980119282,373.8235294117647,32.138830279969831,0.12549617281251496,4.0333001988071828,18,0
RADBILL_4X4_011,5,130last_DTend_PP,PP,B2,DT5_PP,29,36.88457418318157,38,10.984838035522721,0.7177688153147519,7.8845741831815701,18,0
RADBILL_4X4_011,5,130last_DTend_QT,QT,B1,DTend_QT,375,365.28308321964528,371.875,33.159965822258222,0.29303156801905872,9.7169167803547225,18,0
RADBILL_4X4_011,6,110_DTend_PP,PP,B1,DTend_QT,24,46.713244353182752,44.611111111111114,11.95648428008289,1.8996591155995974,22.713244353182752,18,1.6666464692940903
RADBILL_4X4_011,6,110_DTend_QT,QT,B1,DTend_QT,335,341.58723218189766,395,33.400973039718465,0.19721677491444678,6.5872321818976616,18,0
RADBILL_4X4_011,6,120_DTend_PP,PP,B2,DT5_PP,18,14.813703284258199,40.882352941176471,9.9742315051159238,0.31945285349628227,3.1862967157418005,18,0.024884740687380003
RADBILL_4X4_011,6,130first_DTend_PP,PP,B2,DT5_PP,5,15.921291053227627,35.823529411764703,9.0362830724090255,1.2086043526651129,10.921291053227627,18,-0.82159681455596534
RADBILL_4X4_011,6,130first_DTend_QT,QT,B1,DTend_QT,360,308.6869814932993,374.70588235294116,31.940892101431579,1.6064992281289747,51.313018506700701,18,0
RADBILL_4X4_011,7,110_DTend_PP,PP,B1,DTend_QT,31,43.249647887323945,44.222222222222221,12.525529485370624,0.9779744562200825,12.249647887323945,18,0.25504035193743202
RADBILL_4X4_011,7,110_DTend_QT,QT,B1,DTend_QT,385,391.93862275449101,392.05882352941177,36.403074369198706,0.19060540557975236,6.9386227544910071,18,0
RADBILL_4X4_011,7,120_DTend_PP,PP,B2,DT5_PP,30,36.518415906127771,40.176470588235297,11.148067624691997,0.58471262693904447,6.5184159061277711,18,0
RADBILL_4X4_011,7,120_DTend_QT,QT,B2,DT5_PP,390,397.88514728253352,388.75,26.92582403567252,0.29284701824118486,7.8851472825335236,18,0.052621091329330294
RADBILL_4X4_011,7,130first_DTend_PP,PP,B2,DT5_PP,38,30.098598435462844,33.882352941176471,11.693386768496415,0.67571540401148911,7.9014015645371565,18,0
RADBILL_4X4_011,7,130first_DTend_QT,QT,B1,DTend_QT,390,370.02733598409543,372.94117647058823,31.871755890277083,0.62665715954474621,19.97266401590457,18,0
RADBILL_4X4_011,7,130last_DTend_PP,PP,B2,DT5_PP,33,32.498133038307287,37.75,11.150485789118488,0.045008528882434305,0.50186696169271272,18,0
RADBILL_4X4_011,7,130last_DTend_QT,QT,B1,DTend_QT,395,363.90518417462482,370.625,32.602402774437756,0.95375840978675919,31.094815825375179,18,0
RADBILL_4X4_011,8,110_DTend_PP,PP,B1,DTend_QT,44,42.388805970149257,43.5,12.908045826492232,0.12482091026853645,1.6111940298507434,18,-0.74480794553537166
RADBILL_4X4_011,8,110_DTend_QT,QT,B1,DTend_QT,430,446.40915269596735,389.41176470588238,35.083932974243019,0.46771132267337817,16.40915269596735,18,0
RADBILL_4X4_011,8,120_DTend_PP,PP,B2,DT5_PP,36,37.460952689565779,39.823529411764703,11.381098882124954,0.12836657555627934,1.4609526895657794,18,-0.37205652072192102
RADBILL_4X4_011,8,120_DTend_QT,QT,B2,DT5_PP,420,392.93709150326799,386.875,25.617376914898998,1.0564277750464097,27.062908496732007,18,0.81219503671958793
RADBILL_4X4_011,8,130first_DTend_PP,PP,B2,DT5_PP,38,31.497893713545039,33.882352941176471,11.693386768496415,0.55604987803640649,6.5021062864549606,18,-0.51382068915044665
RADBILL_4X4_011,8,130first_DTend_QT,QT,B1,DTend_QT,420,420.02333540759179,371.1764705882353,29.871046378804774,0.00078120489305473842,0.023335407591787316,18,0
RADBILL_4X4_011,8,130last_DTend_PP,PP,B2,DT5_PP,40,33.325571895424837,37.3125,11.193562137824284,0.5962738243996103,6.6744281045751634,18,-0.30190926254366723
RADBILL_4X4_011,8,130last_DTend_QT,QT,B1,DTend_QT,415,421.62411971830983,369.375,31.138133106102128,0.21273336123711609,6.6241197183098279,18,0
RADBILL_4X4_011,10,110_DTend_PP,PP,B1,DTend_QT,32,44.426101236476043,44.166666666666664,12.585005083081073,0.98737355721702047,12.426101236476043,18,0.57013860190986176
RADBILL_4X4_011,10,110_DTend_QT,QT,B1,DTend_QT,425,427.78045776454894,389.70588235294116,35.420270866204483,0.078499054257709186,2.7804577645489417,18,0
RADBILL_4X4_011,10,120_DTend_PP,PP,B2,DT5_PP,33,30.731481481481477,40,11.291589790636214,0.2009033768123368,2.2685185185185226,18,0.14295787799943432
RADBILL_4X4_011,10,120_DTend_QT,QT,B2,DT5_PP,405,406.12478645752446,387.8125,26.581243387020105,0.042315043022920051,1.1247864575244648,18,-0.28661487418232107
RADBILL_4X4_011,10,130first_DTend_PP,PP,B2,DT5_PP,22,25.958333333333329,34.823529411764703,11.315008252966759,0.34983035317676114,3.9583333333333286,18,-0.32492760688882005
RADBILL_4X4_011,10,130first_DTend_QT,QT,B1,DTend_QT,405,405.43941686150458,372.05882352941177,31.127701867137763,0.014116585393298353,0.43941686150458281,18,0
RADBILL_4X4_011,10,130last_DTend_PP,PP,B2,DT5_PP,23,28.41652430501631,38.375,10.531698185319719,0.51430682969689334,5.4165243050163099,18,-0.53208246287623751
RADBILL_4X4_011,10,130last_DTend_QT,QT,B1,DTend_QT,395,405.25777103866562,370.625,32.602402774437756,0.31463236343759093,10.257771038665624,18,0
RADBILL_4X4_011,11,110_DTend_PP,PP,B1,DTend_QT,50,42.029522613065325,43.166666666666664,12.807396759869114,0.62233391659337722,7.9704773869346752,18,0.20290631974535711
RADBILL_4X4_011,11,110_DTend_QT,QT,B1,DTend_QT,410,406.63678840469152,390.58823529411762,36.136994243312166,0.093068382297205335,3.3632115953084849,18,0
RADBILL_4X4_011,11,120_DTend_PP,PP,B2,DT5_PP,45,46.450803212851412,39.294117647058826,11.334486677185435,0.12799902229111562,1.4508032128514117,18,-0.37694767682771924
RADBILL_4X4_011,11,120_DTend_QT,QT,B2,DT5_PP,390,378.60608380899345,388.75,26.92582403567252,0.42315942404998974,11.393916191006554,18,0.17750663174754142
RADBILL_4X4_011,11,130first_DTend_PP,PP,B2,DT5_PP,39,40.96987951807229,33.823529411764703,11.668522261396509,0.16881996485444686,1.9698795180722897,18,-0.19684620277682971
RADBILL_4X4_011,11,130first_DTend_QT,QT,B1,DTend_QT,375,386.71549438060362,373.8235294117647,32.138830279969831,0.36452771549390106,11.715494380603616,18,0
RADBILL_4X4_011,11,130last_DTend_PP,PP,B2,DT5_PP,48,42.305164972852566,36.8125,10.857984773121268,0.5244836077910966,5.6948350271474339,18,-0.11552138134718359
RADBILL_4X4_011,11,130last_DTend_QT,QT,B1,DTend_QT,370,383.04272915230877,372.1875,33.164677494788535,0.39327170162768166,13.042729152308766,18,0
RADBILL_4X4_011,12,110_DTend_PP,PP,B1,DTend_QT,47,42.282746478873243,43.333333333333336,12.87953232618236,0.36625969031012207,4.7172535211267572,18,0.13883924080529847
RADBILL_4X4_011,12,120_DTend_PP,PP,B2,DT5_PP,41,40.544089147286826,39.529411764705884,11.413356468732278,0.039945379254750793,0.45591085271317411,18,-0.37993468634389976
RADBILL_4X4_011,12,120_DTend_QT,QT,B2,DT5_PP,380,390.12821370064523,389.375,26.825050481468498,0.3775655038428386,10.128213700645233,18,0.37314587745246841
RADBILL_4X4_011,12,130first_DTend_PP,PP,B2,DT5_PP,33,35.188953488372093,34.176470588235297,11.732621691877135,0.18656985163747114,2.1889534883720927,18,-0.36247466245043319
RADBILL_4X4_011,12,130first_DTend_QT,QT,B1,DTend_QT,350,367.39935186339272,375.29411764705884,31.54711695599606,0.55153540298666448,17.399351863392724,18,0
RADBILL_4X4_011,12,130last_DTend_PP,PP,B2,DT5_PP,17,38.31209254120558,38.75,9.8013604497879108,2.1744014670602945,21.31209254120558,18,-0.35959729754277436
RADBILL_4X4_011,12,130last_DTend_QT,QT,B1,DTend_QT,350,361.32989690721649,373.4375,32.645507603139926,0.34705837767787551,11.329896907216494,18,0
RADBILL_4X4_011,13,110_DTend_PP,PP,B1,DTend_QT,49,42.180678205581067,43.222222222222221,12.836325090541505,0.53125187671070873,6.8193217944189328,18,0.34105257606387329
RADBILL_4X4_011,13,110_DTend_QT,QT,B1,DTend_QT,395,396.75973721257623,391.47058823529414,36.433359794045252,0.048300162887086842,1.7597372125762263,18,0
RADBILL_4X4_011,13,120_DTend_PP,PP,B2,DT5_PP,45,47.168408631153071,39.294117647058826,11.334486677185435,0.19131070448190135,2.1684086311530706,18,-0.031609833686393529
RADBILL_4X4_011,13,120_DTend_QT,QT,B2,DT5_PP,385,377.85480637332489,389.0625,26.908409466187333,0.26553756867917599,7.145193626675109,18,0.14631964887603871
RADBILL_4X4_011,13,130first_DTend_PP,PP,B2,DT5_PP,40,41.582434254888739,33.764705882352942,11.637919765601936,0.13597226022866399,1.5824342548887387,18,-0.17823455314299902
RADBILL_4X4_011,13,130first_DTend_QT,QT,B1,DTend_QT,370,376.47406393830079,374.11764705882354,32.124527920541446,0.20153024362923214,6.4740639383007874,18,0
RADBILL_4X4_011,13,130last_DTend_PP,PP,B2,DT5_PP,39,44.027962435369837,37.375,11.206396982676159,0.44866895605630486,5.0279624353698367,18,0.35661169876735732
RADBILL_4X4_011,13,130last_DTend_QT,QT,B1,DTend_QT,375,371.05173587474474,371.875,33.159965822258222,0.11906719525642695,3.9482641252552639,18,0
RADBILL_4X4_011,14,110_DTend_PP,PP,B1,DTend_QT,30,43.370275521017305,44.277777777777779,12.460788170499704,1.07298794731707,13.370275521017305,18,0.98562634654717507
RADBILL_4X4_011,14,110_DTend_QT,QT,B1,DTend_QT,395,396.75973721257623,391.47058823529414,36.433359794045252,0.048300162887086842,1.7597372125762263,18,0
RADBILL_4X4_011,14,120_DTend_PP,PP,B2,DT5_PP,30,30.39127423822714,40.176470588235297,11.148067624691997,0.035097942656941016,0.39127423822714036,18,-0.15474493031568382
RADBILL_4X4_011,14,120_DTend_QT,QT,B2,DT5_PP,385,412.74804617764909,389.0625,26.908409466187333,1.0312035058228479,27.748046177649087,18,0.91198558601971058
RADBILL_4X4_011,14,130first_DTend_PP,PP,B2,DT5_PP,28,24.458275623268694,34.470588235294116,11.63033558769277,0.30452469320654529,3.541724376731306,18,-0.04385920677727273
RADBILL_4X4_011,14,130first_DTend_QT,QT,B1,DTend_QT,365,376.7931334743127,374.41176470588238,32.058654883528355,0.3678611444291125,11.793133474312697,18,0
RADBILL_4X4_011,14,130last_DTend_PP,PP,B2,DT5_PP,28,26.416550958067202,38.0625,10.926840043367219,0.14491372031148012,1.5834490419327985,18,-0.062823660265626802
RADBILL_4X4_011,14,130last_DTend_QT,QT,B1,DTend_QT,345,373.05309734513276,373.75,32.377976053690155,0.86642529164312954,28.053097345132755,18,0
RADBILL_4X4_011,15,110_DTend_PP,PP,B1,DTend_QT,43,42.058933582787652,43.555555555555557,12.907919239171251,0.072906128383304666,0.94106641721234752,18,0.010435328702205982
RADBILL_4X4_011,15,110_DTend_QT,QT,B1,DTend_QT,330,322.83185840707966,395.29411764705884,32.809611217374922,0.21847688305200996,7.1681415929203354,18,0
RADBILL_4X4_011,16,110_DTend_PP,PP,B1,DTend_QT,36,43.463581916537869,43.944444444444443,12.771623979939562,0.58438785296693241,7.4635819165378692,18,-1.008824299032328
RADBILL_4X4_011,16,110_DTend_QT,QT,B1,DTend_QT,345,351.48026315789474,394.41176470588238,34.409407913260821,0.18832823785373398,6.4802631578947398,18,0
RADBILL_4X4_011,16,120_DTend_PP,PP,B2,DT5_PP,35,51.662876137158847,39.882352941176471,11.357169282776718,1.4671680699897902,16.662876137158847,18,0
RADBILL_4X4_011,16,120_DTend_QT,QT,B2,DT5_PP,330,382.30538922155688,392.5,21.908902300206645,2.3874034629778569,52.305389221556879,18,1.0561663183194117
RADBILL_4X4_011,16,130first_DTend_PP,PP,B2,DT5_PP,29,46.190692792162345,34.411764705882355,11.662219040181695,1.4740498984740831,17.190692792162345,18,0
RADBILL_4X4_011,16,130first_DTend_QT,QT,B1,DTend_QT,310,337.47389791183298,377.64705882352939,27.620058780871986,0.99470816227443259,27.473897911832978,18,0
RADBILL_4X4_011,16,130last_DTend_PP,PP,B2,DT5_PP,41,46.999256146092904,37.25,11.17437544861755,0.53687619264977426,5.9992561460929039,18,0
RADBILL_4X4_011,16,130last_DTend_QT,QT,B1,DTend_QT,310,327.37435008665511,375.9375,28.764489102595466,0.60402081276970765,17.374350086655113,18,0
RADBILL_4X4_011,17,110_DTend_PP,PP,B1,DTend_QT,67,41.09788732394366,42.222222222222221,11.507315093174201,2.2509258212126917,25.90211267605634,18,0.44539669908852741
RADBILL_4X4_011,17,110_DTend_QT,QT,B1,DTend_QT,385,386.49433891644054,392.05882352941177,36.403074369198706,0.041049799840667506,1.4943389164405403,18,0
RADBILL_4X4_011,17,120_DTend_PP,PP,B2,DT5_PP,53,44.374091209517516,38.823529411764703,10.887121371818443,0.79230390622913793,8.6259087904824838,18,-0.14579347140115939
RADBILL_4X4_011,17,120_DTend_QT,QT,B2,DT5_PP,390,381.17610837438423,388.75,26.92582403567252,0.32771110789127533,8.8238916256157722,18,-0.076670802083974032
RADBILL_4X4_011,17,130first_DTend_PP,PP,B2,DT5_PP,49,38.724058162590879,33.235294117647058,11.093519570929157,0.92630132138924437,10.275941837409121,18,-0.20879523234110775
RADBILL_4X4_011,17,130first_DTend_QT,QT,B1,DTend_QT,370,366.08064315094106,374.11764705882354,32.124527920541446,0.12200511891577966,3.9193568490589428,18,0
RADBILL_4X4_011,17,130last_DTend_PP,PP,B2,DT5_PP,58,40.126847290640399,36.1875,9.792641795416257,1.8251614919403742,17.873152709359601,18,-0.32190301713607505
RADBILL_4X4_011,17,130last_DTend_QT,QT,B1,DTend_QT,380,359.02061855670104,371.5625,33.101800051759525,0.63378370392228267,20.979381443298962,18,0
RADBILL_4X4_011,18,110_DTend_PP,PP,B1,DTend_QT,58,41.55996114447192,42.722222222222221,12.394522298440386,1.3263955205112459,16.44003885552808,18,1.0081545791124171
RADBILL_4X4_011,18,110_DTend_QT,QT,B1,DTend_QT,380,381.36875704093126,392.35294117647061,36.319659236546038,0.037686395459183404,1.3687570409312571,18,0
RADBILL_4X4_011,18,120_DTend_PP,PP,B2,DT5_PP,55,49.376857749469224,38.705882352941174,10.710769731223527,0.52499889285626777,5.6231422505307762,18,0
RADBILL_4X4_011,18,120_DTend_QT,QT,B2,DT5_PP,355,376.83979406420349,390.9375,25.378386473532945,0.86056669075396708,21.839794064203488,18,-0.035138242446157819
RADBILL_4X4_011,18,130first_DTend_PP,PP,B2,DT5_PP,41,45.19426751592357,33.705882352941174,11.601533874246721,0.36152698094810337,4.1942675159235705,18,0
RADBILL_4X4_011,18,130first_DTend_QT,QT,B1,DTend_QT,355,361.9173782019086,375,31.770662567847086,0.2177284841679446,6.9173782019086048,18,0
RADBILL_4X4_011,18,130last_DTend_PP,PP,B2,DT5_PP,45,47.068140520896421,37,11.033282980751165,0.18744561564355147,2.0681405208964208,18,0
RADBILL_4X4_011,18,130last_DTend_QT,QT,B1,DTend_QT,350,355.59888579387189,373.4375,32.645507603139926,0.17150555175724613,5.5988857938718866,18,0
RADBILL_4X4_012,1,110_DTend_PP,PP,B1,DTend_QT,39,43.167106752168991,43.777777777777779,12.859217593780077,0.32405601054488681,4.1671067521689906,18,-0.87561130999680481
RADBILL_4X4_012,1,110_DTend_QT,QT,B1,DTend_QT,415,423.2665330661323,390.29411764705884,35.945731154551495,0.22997259481493612,8.2665330661322969,18,0
RADBILL_4X4_012,1,120_DTend_PP,PP,B2,DT5_PP,34,34.882149901380672,39.941176470588232,11.327348477442184,0.077877881406882329,0.88214990138067151,18,-1.33463273675439
RADBILL_4X4_012,1,120_DTend_QT,QT,B2,DT5_PP,400,399.28077357425184,388.125,26.762847382145271,0.026874062220598776,0.71922642574816109,18,-0.32945163759797763
RADBILL_4X4_012,1,130first_DTend_PP,PP,B2,DT5_PP,25,29.677514792899409,34.647058823529413,11.499680302461609,0.40675172438473312,4.6775147928994087,18,-1.1876830675898533
RADBILL_4X4_012,1,130first_DTend_QT,QT,B1,DTend_QT,405,399.84901122394439,372.05882352941177,31.127701867137763,0.16547925054157728,5.1509887760556126,18,0
RADBILL_4X4_012,1,130last_DTend_PP,PP,B1,DTend_QT,35,35.686217008797655,37.625,11.194492693582262,0.061299518216762015,0.68621700879765513,18,-0.5644607973157304
RADBILL_4X4_012,1,130last_DTend_QT,QT,B2,DT5_PP,395,381.43351214003388,370.625,32.602402774437756,0.41611926439369856,13.566487859966117,18,0.30177168422007894
RADBILL_4X4_012,2,110_DTend_PP,PP,B1,DTend_QT,63,40.992462311557787,42.444444444444443,11.961812877664549,1.8398162480484324,22.007537688442213,18,0.30459926565909945
RADBILL_4X4_012,2,110_DTend_QT,QT,B1,DTend_QT,410,406.63678840469152,390.58823529411762,36.136994243312166,0.093068382297205335,3.3632115953084849,18,0
RADBILL_4X4_012,2,120_DTend_PP,PP,B2,DT5_PP,60,40.703823720025923,38.411764705882355,10.143093854499053,1.9023955172627234,19.296176279974077,18,0
RADBILL_4X4_012,2,120_DTend_QT,QT,B2,DT5_PP,395,386.85916953859538,388.4375,26.87742237145023,0.3028873211462414,8.1408304614046187,18,0.25769401672252856
RADBILL_4X4_012,2,130first_DTend_PP,PP,B2,DT5_PP,53,35.288723266364222,33,10.682930309610748,1.6579043596027276,17.711276733635778,18,0
RADBILL_4X4_012,2,130first_DTend_QT,QT,B1,DTend_QT,380,386.31582270488695,373.52941176470586,32.101630891316923,0.19674460547720346,6.3158227048869549,18,0
RADBILL_4X4_012,2,130last_DTend_PP,PP,B1,DTend_QT,49,35.096485182632669,36.75,10.785793124908958,1.289058176469029,13.903514817367331,18,0.23808641887107207
RADBILL_4X4_012,2,130last_DTend_QT,QT,B2,DT5_PP,370,370.57165322715559,372.1875,33.164677494788535,0.017236809471324496,0.57165322715559341,18,-0.37603489215635716
RADBILL_4X4_012,3,110_DTend_PP,PP,B1,DTend_QT,48,41.514972952086552,43.277777777777779,12.860361149240285,0.5042647692904445,6.485027047913448,18,0.44592975730349915
RADBILL_4X4_012,3,110_DTend_QT,QT,B1,DTend_QT,365,348.125,393.23529411764707,35.791984807643573,0.47147427254149515,16.875,18,0
RADBILL_4X4_012,3,120_DTend_PP,PP,B2,DT5_PP,46,44.9628222075347,39.235294117647058,11.300052056100814,0.091785222520752524,1.0371777924653003,18,-0.05682489140195307
RADBILL_4X4_012,3,120_DTend_QT,QT,B2,DT5_PP,390,381.17610837438423,388.75,26.92582403567252,0.32771110789127533,8.8238916256157722,18,-1.6149292475181329
RADBILL_4X4_012,3,130first_DTend_PP,PP,B2,DT5_PP,39,39.565102445472569,33.823529411764703,11.668522261396509,0.048429649685986557,0.5651024454725686,18,-0.03476696161558248
RADBILL_4X4_012,3,130first_DTend_QT,QT,B1,DTend_QT,335,331.47041763341065,376.1764705882353,30.543483949358261,0.11555925880758966,3.5295823665893522,18,0
RADBILL_4X4_012,3,130last_DTend_PP,PP,B1,DTend_QT,32,40.233102253032925,37.8125,11.118865349785771,0.74046244774351488,8.233102253032925,18,0.04796985418642119
RADBILL_4X4_012,3,130last_DTend_QT,QT,B2,DT5_PP,345,366.65640394088672,373.75,32.377976053690155,0.66886218906874861,21.656403940886719,18,-0.26237719405828741
RADBILL_4X4_012,4,110_DTend_PP,PP,B1,DTend_QT,26,45.400405718701698,44.5,12.147379286472114,1.5970856973492951,19.400405718701698,18,0.80053806943974104
RADBILL_4X4_012,4,110_DTend_QT,QT,B1,DTend_QT,460,421.97167196961919,387.64705882352939,31.923622085515664,1.1912284868086744,38.028328030380806,18,0
RADBILL_4X4_012,4,120_DTend_PP,PP,B2,DT5_PP,28,32.039428959891225,40.294117647058826,11.021369617034631,0.36650880065285923,4.0394289598912252,18,0
RADBILL_4X4_012,4,120_DTend_QT,QT,B2,DT5_PP,445,396.38118076966998,385.3125,22.395591083961147,2.1709102942654157,48.618819230330018,18,0.43943186191480099
RADBILL_4X4_012,4,130first_DTend_PP,PP,B2,DT5_PP,25,26.287899388171308,34.647058823529413,11.499680302461609,0.11199436456469329,1.2878993881713079,18,0
RADBILL_4X4_012,4,130first_DTend_QT,QT,B1,DTend_QT,430,401.03493329665793,370.58823529411762,28.716412605706452,1.0086589540639979,28.965066703342075,18,0
RADBILL_4X4_012,4,130last_DTend_PP,PP,B1,DTend_QT,30,36.44048521607278,37.9375,11.036114956511343,0.58358265036672829,6.4404852160727799,18,0.36792353160430891
RADBILL_4X4_012,4,130last_DTend_QT,QT,B2,DT5_PP,435,378.77012675573826,368.125,28.628365886535217,1.964131430593052,56.229873244261739,18,0.66251756142744722
RADBILL_4X4_012,5,110_DTend_PP,PP,B1,DTend_QT,37,42.894190140845069,43.888888888888886,12.805738092924404,0.4602772677431069,5.894190140845069,18,-0.083627706899582821
RADBILL_4X4_012,5,110_DTend_QT,QT,B1,DTend_QT,385,391.93862275449101,392.05882352941177,36.403074369198706,0.19060540557975236,6.9386227544910071,18,0
RADBILL_4X4_012,5,120_DTend_PP,PP,B2,DT5_PP,33,40.338928340865074,40,11.291589790636214,0.64994641825821842,7.3389283408650741,18,0
RADBILL_4X4_012,5,120_DTend_QT,QT,B2,DT5_PP,385,390.9828602035351,389.0625,26.908409466187333,0.22234165163322125,5.9828602035350968,18,0.18057752295099824
RADBILL_4X4_012,5,130first_DTend_PP,PP,B2,DT5_PP,26,34.92591994835378,34.588235294117645,11.549127800019207,0.7728652849732025,8.9259199483537799,18,0
RADBILL_4X4_012,5,130first_DTend_QT,QT,B1,DTend_QT,375,370.96669980119282,373.8235294117647,32.138830279969831,0.12549617281251496,4.0333001988071828,18,0
RADBILL_4X4_012,5,130last_DTend_PP,PP,B1,DTend_QT,29,37.181446111869029,38,10.984838035522721,0.74479442349645075,8.1814461118690289,18,0.027025608181698857
RADBILL_4X4_012,5,130last_DTend_QT,QT,B2,DT5_PP,375,373.84105516871989,371.875,33.159965822258222,0.03495012140519705,1.1589448312801096,18,-0.25808144661386168
RADBILL_4X4_012,6,110_DTend_PP,PP,B1,DTend_QT,24,46.713244353182752,44.611111111111114,11.95648428008289,1.8996591155995974,22.713244353182752,18,1.6666464692940903
RADBILL_4X4_012,6,110_DTend_QT,QT,B1,DTend_QT,335,341.58723218189766,395,33.400973039718465,0.19721677491444678,6.5872321818976616,18,0
RADBILL_4X4_012,6,120_DTend_PP,PP,B2,DT5_PP,18,14.813703284258199,40.882352941176471,9.9742315051159238,0.31945285349628227,3.1862967157418005,18,0.024884740687380003
RADBILL_4X4_012,6,130first_DTend_PP,PP,B2,DT5_PP,5,15.921291053227627,35.823529411764703,9.0362830724090255,1.2086043526651129,10.921291053227627,18,-0.82159681455596534
RADBILL_4X4_012,6,130first_DTend_QT,QT,B1,DTend_QT,360,308.6869814932993,374.70588235294116,31.940892101431579,1.6064992281289747,51.313018506700701,18,0
RADBILL_4X4_012,7,110_DTend_PP,PP,B1,DTend_QT,31,43.249647887323945,44.222222222222221,12.525529485370624,0.9779744562200825,12.249647887323945,18,0.25504035193743202
RADBILL_4X4_012,7,110_DTend_QT,QT,B1,DTend_QT,385,391.93862275449101,392.05882352941177,36.403074369198706,0.19060540557975236,6.9386227544910071,18,0
RADBILL_4X4_012,7,120_DTend_PP,PP,B2,DT5_PP,30,36.518415906127771,40.176470588235297,11.148067624691997,0.58471262693904447,6.5184159061277711,18,0
RADBILL_4X4_012,7,120_DTend_QT,QT,B2,DT5_PP,390,397.88514728253352,388.75,26.92582403567252,0.29284701824118486,7.8851472825335236,18,0.052621091329330294
RADBILL_4X4_012,7,130first_DTend_PP,PP,B2,DT5_PP,38,30.098598435462844,33.882352941176471,11.693386768496415,0.67571540401148911,7.9014015645371565,18,0
RADBILL_4X4_012,7,130first_DTend_QT,QT,B1,DTend_QT,390,370.02733598409543,372.94117647058823,31.871755890277083,0.62665715954474621,19.97266401590457,18,0
RADBILL_4X4_012,7,130last_DTend_PP,PP,B1,DTend_QT,33,36.905866302864936,37.75,11.150485789118488,0.35028664909618418,3.9058663028649363,18,0.30527812021374989
RADBILL_4X4_012,7,130last_DTend_QT,QT,B2,DT5_PP,395,379.23765730880928,370.625,32.602402774437756,0.48347181035225256,15.762342691190725,18,-0.47028659943450662
RADBILL_4X4_012,8,110_DTend_PP,PP,B1,DTend_QT,44,42.388805970149257,43.5,12.908045826492232,0.12482091026853645,1.6111940298507434,18,-0.74480794553537166
RADBILL_4X4_012,8,110_DTend_QT,QT,B1,DTend_QT,430,446.40915269596735,389.41176470588238,35.083932974243019,0.46771132267337817,16.40915269596735,18,0
RADBILL_4X4_012,8,120_DTend_PP,PP,B2,DT5_PP,36,37.460952689565779,39.823529411764703,11.381098882124954,0.12836657555627934,1.4609526895657794,18,-0.37205652072192102
RADBILL_4X4_012,8,120_DTend_QT,QT,B2,DT5_PP,420,392.93709150326799,386.875,25.617376914898998,1.0564277750464097,27.062908496732007,18,0.81219503671958793
RADBILL_4X4_012,8,130first_DTend_PP,PP,B2,DT5_PP,38,31.497893713545039,33.882352941176471,11.693386768496415,0.55604987803640649,6.5021062864549606,18,-0.51382068915044665
RADBILL_4X4_012,8,130first_DTend_QT,QT,B1,DTend_QT,420,420.02333540759179,371.1764705882353,29.871046378804774,0.00078120489305473842,0.023335407591787316,18,0
RADBILL_4X4_012,8,130last_DTend_PP,PP,B1,DTend_QT,40,32.955105633802816,37.3125,11.193562137824284,0.6293701932820569,7.0448943661971839,18,-0.26881289366122063
RADBILL_4X4_012,8,130last_DTend_QT,QT,B2,DT5_PP,415,375.40441176470586,369.375,31.138133106102128,1.2716108605603786,39.595588235294144,18,1.0588774993232626
RADBILL_4X4_012,10,110_DTend_PP,PP,B1,DTend_QT,32,44.426101236476043,44.166666666666664,12.585005083081073,0.98737355721702047,12.426101236476043,18,0.57013860190986176
RADBILL_4X4_012,10,110_DTend_QT,QT,B1,DTend_QT,425,427.78045776454894,389.70588235294116,35.420270866204483,0.078499054257709186,2.7804577645489417,18,0
RADBILL_4X4_012,10,120_DTend_PP,PP,B2,DT5_PP,33,30.731481481481477,40,11.291589790636214,0.2009033768123368,2.2685185185185226,18,0.14295787799943432
RADBILL_4X4_012,10,120_DTend_QT,QT,B2,DT5_PP,405,406.12478645752446,387.8125,26.581243387020105,0.042315043022920051,1.1247864575244648,18,-0.28661487418232107
RADBILL_4X4_012,10,130first_DTend_PP,PP,B2,DT5_PP,22,25.958333333333329,34.823529411764703,11.315008252966759,0.34983035317676114,3.9583333333333286,18,-0.32492760688882005
RADBILL_4X4_012,10,130first_DTend_QT,QT,B1,DTend_QT,405,405.43941686150458,372.05882352941177,31.127701867137763,0.014116585393298353,0.43941686150458281,18,0
RADBILL_4X4_012,10,130last_DTend_PP,PP,B1,DTend_QT,23,37.756633813495071,38.375,10.531698185319719,1.4011637585726249,14.756633813495071,18,0.35477446599949403
RADBILL_4X4_012,10,130last_DTend_QT,QT,B2,DT5_PP,395,388.40153750582391,370.625,32.602402774437756,0.2023919077323246,6.5984624941760899,18,-0.11224045570526633
RADBILL_4X4_012,11,110_DTend_PP,PP,B1,DTend_QT,50,42.029522613065325,43.166666666666664,12.807396759869114,0.62233391659337722,7.9704773869346752,18,0.20290631974535711
RADBILL_4X4_012,11,110_DTend_QT,QT,B1,DTend_QT,410,406.63678840469152,390.58823529411762,36.136994243312166,0.093068382297205335,3.3632115953084849,18,0
RADBILL_4X4_012,11,120_DTend_PP,PP,B2,DT5_PP,45,46.450803212851412,39.294117647058826,11.334486677185435,0.12799902229111562,1.4508032128514117,18,-0.37694767682771924
RADBILL_4X4_012,11,120_DTend_QT,QT,B2,DT5_PP,390,378.60608380899345,388.75,26.92582403567252,0.42315942404998974,11.393916191006554,18,0.17750663174754142
RADBILL_4X4_012,11,130first_DTend_PP,PP,B2,DT5_PP,39,40.96987951807229,33.823529411764703,11.668522261396509,0.16881996485444686,1.9698795180722897,18,-0.19684620277682971
RADBILL_4X4_012,11,130first_DTend_QT,QT,B1,DTend_QT,375,386.71549438060362,373.8235294117647,32.138830279969831,0.36452771549390106,11.715494380603616,18,0
RADBILL_4X4_012,11,130last_DTend_PP,PP,B1,DTend_QT,48,35.176430048242594,36.8125,10.857984773121268,1.1810267024413137,12.823569951757406,18,0.5410217133030335
RADBILL_4X4_012,11,130last_DTend_QT,QT,B2,DT5_PP,370,361.88605039677014,372.1875,33.164677494788535,0.24465636985328362,8.1139496032298553,18,-0.14861533177439804
RADBILL_4X4_012,12,110_DTend_PP,PP,B1,DTend_QT,47,42.282746478873243,43.333333333333336,12.87953232618236,0.36625969031012207,4.7172535211267572,18,0.13883924080529847
RADBILL_4X4_012,12,120_DTend_PP,PP,B2,DT5_PP,41,40.544089147286826,39.529411764705884,11.413356468732278,0.039945379254750793,0.45591085271317411,18,-0.37993468634389976
RADBILL_4X4_012,12,120_DTend_QT,QT,B2,DT5_PP,380,390.12821370064523,389.375,26.825050481468498,0.3775655038428386,10.128213700645233,18,0.37314587745246841
RADBILL_4X4_012,12,130first_DTend_PP,PP,B2,DT5_PP,33,35.188953488372093,34.176470588235297,11.732621691877135,0.18656985163747114,2.1889534883720927,18,-0.36247466245043319
RADBILL_4X4_012,12,130first_DTend_QT,QT,B1,DTend_QT,350,367.39935186339272,375.29411764705884,31.54711695599606,0.55153540298666448,17.399351863392724,18,0
RADBILL_4X4_012,12,130last_DTend_PP,PP,B1,DTend_QT,17,38.356701030927837,38.75,9.8013604497879108,2.1789527219550395,21.356701030927837,18,-0.3550460426480293
RADBILL_4X4_012,12,130last_DTend_QT,QT,B2,DT5_PP,350,374.21634181404835,373.4375,32.645507603139926,0.74179706771412435,24.216341814048349,18,0.39473869003624884
RADBILL_4X4_012,13,110_DTend_PP,PP,B1,DTend_QT,49,42.180678205581067,43.222222222222221,12.836325090541505,0.53125187671070873,6.8193217944189328,18,0.34105257606387329
RADBILL_4X4_012,13,110_DTend_QT,QT,B1,DTend_QT,395,396.75973721257623,391.47058823529414,36.433359794045252,0.048300162887086842,1.7597372125762263,18,0
RADBILL_4X4_012,13,120_DTend_PP,PP,B2,DT5_PP,45,47.168408631153071,39.294117647058826,11.334486677185435,0.19131070448190135,2.1684086311530706,18,-0.031609833686393529
RADBILL_4X4_012,13,120_DTend_QT,QT,B2,DT5_PP,385,377.85480637332489,389.0625,26.908409466187333,0.26553756867917599,7.145193626675109,18,0.14631964887603871
RADBILL_4X4_012,13,130first_DTend_PP,PP,B2,DT5_PP,40,41.582434254888739,33.764705882352942,11.637919765601936,0.13597226022866399,1.5824342548887387,18,-0.17823455314299902
RADBILL_4X4_012,13,130first_DTend_QT,QT,B1,DTend_QT,370,376.47406393830079,374.11764705882354,32.124527920541446,0.20153024362923214,6.4740639383007874,18,0
RADBILL_4X4_012,13,130last_DTend_PP,PP,B1,DTend_QT,39,36.309734513274336,37.375,11.206396982676159,0.24006516018346619,2.6902654867256643,18,0.14800790289451862
RADBILL_4X4_012,13,130last_DTend_QT,QT,B2,DT5_PP,375,359.95251661918331,371.875,33.159965822258222,0.45378464686824999,15.047483380816686,18,0.33471745161182304
RADBILL_4X4_012,14,110_DTend_PP,PP,B1,DTend_QT,30,43.370275521017305,44.277777777777779,12.460788170499704,1.07298794731707,13.370275521017305,18,0.98562634654717507
RADBILL_4X4_012,14,110_DTend_QT,QT,B1,DTend_QT,395,396.75973721257623,391.47058823529414,36.433359794045252,0.048300162887086842,1.7597372125762263,18,0
RADBILL_4X4_012,14,120_DTend_PP,PP,B2,DT5_PP,30,30.39127423822714,40.176470588235297,11.148067624691997,0.035097942656941016,0.39127423822714036,18,-0.15474493031568382
RADBILL_4X4_012,14,120_DTend_QT,QT,B2,DT5_PP,385,412.74804617764909,389.0625,26.908409466187333,1.0312035058228479,27.748046177649087,18,0.91198558601971058
RADBILL_4X4_012,14,130first_DTend_PP,PP,B2,DT5_PP,28,24.458275623268694,34.470588235294116,11.63033558769277,0.30452469320654529,3.541724376731306,18,-0.04385920677727273
RADBILL_4X4_012,14,130first_DTend_QT,QT,B1,DTend_QT,365,376.7931334743127,374.41176470588238,32.058654883528355,0.3678611444291125,11.793133474312697,18,0
RADBILL_4X4_012,14,130last_DTend_PP,PP,B1,DTend_QT,28,37.043567052416606,38.0625,10.926840043367219,0.82764706141243527,9.0435670524166056,18,0.61990968083532838
RADBILL_4X4_012,14,130last_DTend_QT,QT,B2,DT5_PP,345,402.72979727853374,373.75,32.377976053690155,1.7829958606061236,57.729797278533738,18,0.91657056896299405
RADBILL_4X4_012,15,110_DTend_PP,PP,B1,DTend_QT,43,42.058933582787652,43.555555555555557,12.907919239171251,0.072906128383304666,0.94106641721234752,18,0.010435328702205982
RADBILL_4X4_012,15,110_DTend_QT,QT,B1,DTend_QT,330,322.83185840707966,395.29411764705884,32.809611217374922,0.21847688305200996,7.1681415929203354,18,0
RADBILL_4X4_012,16,110_DTend_PP,PP,B1,DTend_QT,36,43.463581916537869,43.944444444444443,12.771623979939562,0.58438785296693241,7.4635819165378692,18,-1.008824299032328
RADBILL_4X4_012,16,110_DTend_QT,QT,B1,DTend_QT,345,351.48026315789474,394.41176470588238,34.409407913260821,0.18832823785373398,6.4802631578947398,18,0
RADBILL_4X4_012,16,120_DTend_PP,PP,B2,DT5_PP,35,51.662876137158847,39.882352941176471,11.357169282776718,1.4671680699897902,16.662876137158847,18,0
RADBILL_4X4_012,16,120_DTend_QT,QT,B2,DT5_PP,330,382.30538922155688,392.5,21.908902300206645,2.3874034629778569,52.305389221556879,18,1.0561663183194117
RADBILL_4X4_012,16,130first_DTend_PP,PP,B2,DT5_PP,29,46.190692792162345,34.411764705882355,11.662219040181695,1.4740498984740831,17.190692792162345,18,0
RADBILL_4X4_012,16,130first_DTend_QT,QT,B1,DTend_QT,310,337.47389791183298,377.64705882352939,27.620058780871986,0.99470816227443259,27.473897911832978,18,0
RADBILL_4X4_012,16,130last_DTend_PP,PP,B1,DTend_QT,41,37.012131715771233,37.25,11.17437544861755,0.35687616749284462,3.9878682842287674,18,-0.18000002515692964
RADBILL_4X4_012,16,130last_DTend_QT,QT,B2,DT5_PP,310,365.6188864507011,375.9375,28.764489102595466,1.9335954917302014,55.618886450701098,18,1.3295746789604936
RADBILL_4X4_012,17,110_DTend_PP,PP,B1,DTend_QT,67,41.09788732394366,42.222222222222221,11.507315093174201,2.2509258212126917,25.90211267605634,18,0.44539669908852741
RADBILL_4X4_012,17,110_DTend_QT,QT,B1,DTend_QT,385,386.49433891644054,392.05882352941177,36.403074369198706,0.041049799840667506,1.4943389164405403,18,0
RADBILL_4X4_012,17,120_DTend_PP,PP,B2,DT5_PP,53,44.374091209517516,38.823529411764703,10.887121371818443,0.79230390622913793,8.6259087904824838,18,-0.14579347140115939
RADBILL_4X4_012,17,120_DTend_QT,QT,B2,DT5_PP,390,381.17610837438423,388.75,26.92582403567252,0.32771110789127533,8.8238916256157722,18,-0.076670802083974032
RADBILL_4X4_012,17,130first_DTend_PP,PP,B2,DT5_PP,49,38.724058162590879,33.235294117647058,11.093519570929157,0.92630132138924437,10.275941837409121,18,-0.20879523234110775
RADBILL_4X4_012,17,130first_DTend_QT,QT,B1,DTend_QT,370,366.08064315094106,374.11764705882354,32.124527920541446,0.12200511891577966,3.9193568490589428,18,0
RADBILL_4X4_012,17,130last_DTend_PP,PP,B1,DTend_QT,58,35.200687285223367,36.1875,9.792641795416257,2.3282085867215669,22.799312714776633,18,0.18114407764511764
RADBILL_4X4_012,17,130last_DTend_QT,QT,B2,DT5_PP,380,363.5960591133005,371.5625,33.101800051759525,0.4955603882885381,16.403940886699502,18,-0.13822331563374457
RADBILL_4X4_012,18,110_DTend_PP,PP,B1,DTend_QT,58,41.55996114447192,42.722222222222221,12.394522298440386,1.3263955205112459,16.44003885552808,18,1.0081545791124171
RADBILL_4X4_012,18,110_DTend_QT,QT,B1,DTend_QT,380,381.36875704093126,392.35294117647061,36.319659236546038,0.037686395459183404,1.3687570409312571,18,0
RADBILL_4X4_012,18,120_DTend_PP,PP,B2,DT5_PP,55,49.376857749469224,38.705882352941174,10.710769731223527,0.52499889285626777,5.6231422505307762,18,0
RADBILL_4X4_012,18,120_DTend_QT,QT,B2,DT5_PP,355,376.83979406420349,390.9375,25.378386473532945,0.86056669075396708,21.839794064203488,18,-0.035138242446157819
RADBILL_4X4_012,18,130first_DTend_PP,PP,B2,DT5_PP,41,45.19426751592357,33.705882352941174,11.601533874246721,0.36152698094810337,4.1942675159235705,18,0
RADBILL_4X4_012,18,130first_DTend_QT,QT,B1,DTend_QT,355,361.9173782019086,375,31.770662567847086,0.2177284841679446,6.9173782019086048,18,0
RADBILL_4X4_012,18,130last_DTend_PP,PP,B1,DTend_QT,45,36.277158774373255,37,11.033282980751165,0.79059344719470603,8.7228412256267447,18,0.60314783155115459
RADBILL_4X4_012,18,130last_DTend_QT,QT,B2,DT5_PP,350,357.12295578437312,373.4375,32.645507603139926,0.21819099494375804,7.1229557843731186,18,0.04668544318651191
RADBILL_4X4_013,1,110_DTend_PP,PP,B1,DTend_QT,39,43.167106752168991,43.777777777777779,12.859217593780077,0.32405601054488681,4.1671067521689906,18,-0.87561130999680481
RADBILL_4X4_013,1,110_DTend_QT,QT,B1,DTend_QT,415,423.2665330661323,390.29411764705884,35.945731154551495,0.22997259481493612,8.2665330661322969,18,0
RADBILL_4X4_013,1,120_DTend_PP,PP,B2,DTend_PP,34,50.000000000000007,39.941176470588232,11.327348477442184,1.4125106181612723,16.000000000000007,18,0
RADBILL_4X4_013,1,120_DTend_QT,QT,B2,DTend_PP,400,377.7041793398671,388.125,26.762847382145271,0.83308851041789644,22.295820660132904,18,0.47676281059932002
RADBILL_4X4_013,1,130first_DTend_PP,PP,B1,DTend_QT,25,36.687065740245856,34.647058823529413,11.499680302461609,1.0162948388873154,11.687065740245856,18,-0.57813995308727106
RADBILL_4X4_013,1,130first_DTend_QT,QT,B2,DTend_PP,405,361.52884876196379,372.05882352941177,31.127701867137763,1.3965422639802947,43.471151238036214,18,1.2310630134387175
RADBILL_4X4_013,1,130last_DTend_PP,PP,B2,DTend_PP,35,42.005069280162218,37.625,11.194492693582262,0.62576031553249245,7.0050692801622176,18,0
RADBILL_4X4_013,1,130last_DTend_QT,QT,B1,DTend_QT,395,398.72800586510266,370.625,32.602402774437756,0.1143475801736196,3.7280058651026593,18,0
RADBILL_4X4_013,2,110_DTend_PP,PP,B1,DTend_QT,63,40.992462311557787,42.444444444444443,11.961812877664549,1.8398162480484324,22.007537688442213,18,0.30459926565909945
RADBILL_4X4_013,2,110_DTend_QT,QT,B1,DTend_QT,410,406.63678840469152,390.58823529411762,36.136994243312166,0.093068382297205335,3.3632115953084849,18,0
RADBILL_4X4_013,2,120_DTend_PP,PP,B2,DT5_PP,60,40.703823720025923,38.411764705882355,10.143093854499053,1.9023955172627234,19.296176279974077,18,0
RADBILL_4X4_013,2,120_DTend_QT,QT,B2,DT5_PP,395,386.85916953859538,388.4375,26.87742237145023,0.3028873211462414,8.1408304614046187,18,0.25769401672252856
RADBILL_4X4_013,2,130first_DTend_PP,PP,B1,DTend_QT,53,32.753377951761586,33,10.682930309610748,1.8952311268027111,20.246622048238414,18,0.23732676719998347
RADBILL_4X4_013,2,130first_DTend_QT,QT,B2,DT5_PP,380,371.150356448477,373.52941176470586,32.101630891316923,0.27567582411885239,8.8496435515230019,18,0.078931218641648926
RADBILL_4X4_013,2,130last_DTend_PP,PP,B2,DT5_PP,49,37.664436042426473,36.75,10.785793124908958,1.0509717575979569,11.335563957573527,18,0
RADBILL_4X4_013,2,130last_DTend_QT,QT,B1,DTend_QT,370,383.04272915230877,372.1875,33.164677494788535,0.39327170162768166,13.042729152308766,18,0
RADBILL_4X4_013,3,110_DTend_PP,PP,B1,DTend_QT,48,41.514972952086552,43.277777777777779,12.860361149240285,0.5042647692904445,6.485027047913448,18,0.44592975730349915
RADBILL_4X4_013,3,110_DTend_QT,QT,B1,DTend_QT,365,348.125,393.23529411764707,35.791984807643573,0.47147427254149515,16.875,18,0
RADBILL_4X4_013,3,120_DTend_PP,PP,B2,DT5_PP,46,44.9628222075347,39.235294117647058,11.300052056100814,0.091785222520752524,1.0371777924653003,18,-0.05682489140195307
RADBILL_4X4_013,3,120_DTend_QT,QT,B2,DT5_PP,390,381.17610837438423,388.75,26.92582403567252,0.32771110789127533,8.8238916256157722,18,-1.6149292475181329
RADBILL_4X4_013,3,130first_DTend_PP,PP,B1,DTend_QT,39,28.675754060324824,33.823529411764703,11.668522261396509,0.88479463880626408,10.324245939675176,18,0.801598027504695
RADBILL_4X4_013,3,130first_DTend_QT,QT,B2,DT5_PP,335,371.33096497025775,376.1764705882353,30.543483949358261,1.1894833290955038,36.330964970257753,18,1.073924070287914
RADBILL_4X4_013,3,130last_DTend_PP,PP,B2,DT5_PP,32,42.400246305418719,37.8125,11.118865349785771,0.9353693905124143,10.400246305418719,18,0.24287679695532061
RADBILL_4X4_013,3,130last_DTend_QT,QT,B1,DTend_QT,345,314.84835355285963,373.75,32.377976053690155,0.93123938312703602,30.151646447140365,18,0
RADBILL_4X4_013,4,110_DTend_PP,PP,B1,DTend_QT,26,45.400405718701698,44.5,12.147379286472114,1.5970856973492951,19.400405718701698,18,0.80053806943974104
RADBILL_4X4_013,4,110_DTend_QT,QT,B1,DTend_QT,460,421.97167196961919,387.64705882352939,31.923622085515664,1.1912284868086744,38.028328030380806,18,0
RADBILL_4X4_013,4,120_DTend_PP,PP,B2,DT5_PP,28,32.039428959891225,40.294117647058826,11.021369617034631,0.36650880065285923,4.0394289598912252,18,0
RADBILL_4X4_013,4,120_DTend_QT,QT,B2,DT5_PP,445,396.38118076966998,385.3125,22.395591083961147,2.1709102942654157,48.618819230330018,18,0.43943186191480099
RADBILL_4X4_013,4,130first_DTend_PP,PP,B1,DTend_QT,25,37.411910328703065,34.647058823529413,11.499680302461609,1.079326555369212,12.411910328703065,18,0.96733219080451871
RADBILL_4X4_013,4,130first_DTend_QT,QT,B2,DT5_PP,430,376.24915023793341,370.58823529411762,28.716412605706452,1.8717814965294572,53.750849762066593,18,0.86312254246545939
RADBILL_4X4_013,4,130last_DTend_PP,PP,B2,DT5_PP,30,27.619961173918007,37.9375,11.036114956511343,0.21565911876241942,2.3800388260819929,18,0
RADBILL_4X4_013,4,130last_DTend_QT,QT,B1,DTend_QT,435,397.73692191053829,368.125,28.628365886535217,1.3016138691656047,37.263078089461715,18,0
RADBILL_4X4_013,5,110_DTend_PP,PP,B1,DTend_QT,37,42.894190140845069,43.888888888888886,12.805738092924404,0.4602772677431069,5.894190140845069,18,-0.083627706899582821
RADBILL_4X4_013,5,110_DTend_QT,QT,B1,DTend_QT,385,391.93862275449101,392.05882352941177,36.403074369198706,0.19060540557975236,6.9386227544910071,18,0
RADBILL_4X4_013,5,120_DTend_PP,PP,B2,DT5_PP,33,40.338928340865074,40,11.291589790636214,0.64994641825821842,7.3389283408650741,18,0
RADBILL_4X4_013,5,120_DTend_QT,QT,B2,DT5_PP,385,390.9828602035351,389.0625,26.908409466187333,0.22234165163322125,5.9828602035350968,18,0.18057752295099824
RADBILL_4X4_013,5,130first_DTend_PP,PP,B1,DTend_QT,26,33.732107355864812,34.588235294117645,11.549127800019207,0.66949708148973408,7.7321073558648123,18,-0.10336820348346842
RADBILL_4X4_013,5,130first_DTend_QT,QT,B2,DT5_PP,375,373.4885409941898,373.8235294117647,32.138830279969831,0.047029060878802278,1.5114590058101953,18,-0.078467111933712683
RADBILL_4X4_013,5,130last_DTend_PP,PP,B2,DT5_PP,29,36.88457418318157,38,10.984838035522721,0.7177688153147519,7.8845741831815701,18,0
RADBILL_4X4_013,5,130last_DTend_QT,QT,B1,DTend_QT,375,365.28308321964528,371.875,33.159965822258222,0.29303156801905872,9.7169167803547225,18,0
RADBILL_4X4_013,6,110_DTend_PP,PP,B1,DTend_QT,24,46.713244353182752,44.611111111111114,11.95648428008289,1.8996591155995974,22.713244353182752,18,1.6666464692940903
RADBILL_4X4_013,6,110_DTend_QT,QT,B1,DTend_QT,335,341.58723218189766,395,33.400973039718465,0.19721677491444678,6.5872321818976616,18,0
RADBILL_4X4_013,6,120_DTend_PP,PP,B2,DT5_PP,18,14.813703284258199,40.882352941176471,9.9742315051159238,0.31945285349628227,3.1862967157418005,18,0.024884740687380003
RADBILL_4X4_013,6,130first_DTend_PP,PP,B1,DTend_QT,5,39.143267389917035,35.823529411764703,9.0362830724090255,3.7784636798473623,34.143267389917035,18,1.7482625126262841
RADBILL_4X4_013,6,130first_DTend_QT,QT,B2,DT5_PP,360,428.68629671574178,374.70588235294116,31.940892101431579,2.1504188579837216,68.686296715741776,18,0.54391962985474684
RADBILL_4X4_013,7,110_DTend_PP,PP,B1,DTend_QT,31,43.249647887323945,44.222222222222221,12.525529485370624,0.9779744562200825,12.249647887323945,18,0.25504035193743202
RADBILL_4X4_013,7,110_DTend_QT,QT,B1,DTend_QT,385,391.93862275449101,392.05882352941177,36.403074369198706,0.19060540557975236,6.9386227544910071,18,0
RADBILL_4X4_013,7,120_DTend_PP,PP,B2,DT5_PP,30,36.518415906127771,40.176470588235297,11.148067624691997,0.58471262693904447,6.5184159061277711,18,0
RADBILL_4X4_013,7,120_DTend_QT,QT,B2,DT5_PP,390,397.88514728253352,388.75,26.92582403567252,0.29284701824118486,7.8851472825335236,18,0.052621091329330294
RADBILL_4X4_013,7,130first_DTend_PP,PP,B1,DTend_QT,38,32.980616302186881,33.882352941176471,11.693386768496415,0.42924977999838554,5.0193836978131188,18,-0.24646562401310357
RADBILL_4X4_013,7,130first_DTend_QT,QT,B2,DT5_PP,390,376.49282920469363,372.94117647058823,31.871755890277083,0.42379751030368906,13.507170795306365,18,-0.20285964924105715
RADBILL_4X4_013,7,130last_DTend_PP,PP,B2,DT5_PP,33,32.498133038307287,37.75,11.150485789118488,0.045008528882434305,0.50186696169271272,18,0
RADBILL_4X4_013,7,130last_DTend_QT,QT,B1,DTend_QT,395,363.90518417462482,370.625,32.602402774437756,0.95375840978675919,31.094815825375179,18,0
RADBILL_4X4_013,8,110_DTend_PP,PP,B1,DTend_QT,44,42.388805970149257,43.5,12.908045826492232,0.12482091026853645,1.6111940298507434,18,-0.74480794553537166
RADBILL_4X4_013,8,110_DTend_QT,QT,B1,DTend_QT,430,446.40915269596735,389.41176470588238,35.083932974243019,0.46771132267337817,16.40915269596735,18,0
RADBILL_4X4_013,8,120_DTend_PP,PP,B2,DT5_PP,36,37.460952689565779,39.823529411764703,11.381098882124954,0.12836657555627934,1.4609526895657794,18,-0.37205652072192102
RADBILL_4X4_013,8,120_DTend_QT,QT,B2,DT5_PP,420,392.93709150326799,386.875,25.617376914898998,1.0564277750464097,27.062908496732007,18,0.81219503671958793
RADBILL_4X4_013,8,130first_DTend_PP,PP,B1,DTend_QT,38,36.042003733665211,33.882352941176471,11.693386768496415,0.16744475361149419,1.9579962663347885,18,-0.90242581357535889
RADBILL_4X4_013,8,130first_DTend_QT,QT,B2,DT5_PP,420,373.3360337005833,371.1764705882353,29.871046378804774,1.5621805044140491,46.6639662994167,18,1.5613992995209944
RADBILL_4X4_013,8,130last_DTend_PP,PP,B2,DT5_PP,40,33.325571895424837,37.3125,11.193562137824284,0.5962738243996103,6.6744281045751634,18,-0.30190926254366723
RADBILL_4X4_013,8,130last_DTend_QT,QT,B1,DTend_QT,415,421.62411971830983,369.375,31.138133106102128,0.21273336123711609,6.6241197183098279,18,0
RADBILL_4X4_013,10,110_DTend_PP,PP,B1,DTend_QT,32,44.426101236476043,44.166666666666664,12.585005083081073,0.98737355721702047,12.426101236476043,18,0.57013860190986176
RADBILL_4X4_013,10,110_DTend_QT,QT,B1,DTend_QT,425,427.78045776454894,389.70588235294116,35.420270866204483,0.078499054257709186,2.7804577645489417,18,0
RADBILL_4X4_013,10,120_DTend_PP,PP,B2,DT5_PP,33,30.731481481481477,40,11.291589790636214,0.2009033768123368,2.2685185185185226,18,0.14295787799943432
RADBILL_4X4_013,10,120_DTend_QT,QT,B2,DT5_PP,405,406.12478645752446,387.8125,26.581243387020105,0.042315043022920051,1.1247864575244648,18,-0.28661487418232107
RADBILL_4X4_013,10,130first_DTend_PP,PP,B1,DTend_QT,22,37.940448356484666,34.823529411764703,11.315008252966759,1.4087880450555685,15.940448356484666,18,0.73403008498998734
RADBILL_4X4_013,10,130first_DTend_QT,QT,B2,DT5_PP,405,379.60648148148147,372.05882352941177,31.127701867137763,0.81578520081262607,25.393518518518533,18,0.80166861541932777
RADBILL_4X4_013,10,130last_DTend_PP,PP,B2,DT5_PP,23,28.41652430501631,38.375,10.531698185319719,0.51430682969689334,5.4165243050163099,18,-0.53208246287623751
RADBILL_4X4_013,10,130last_DTend_QT,QT,B1,DTend_QT,395,405.25777103866562,370.625,32.602402774437756,0.31463236343759093,10.257771038665624,18,0
RADBILL_4X4_013,11,110_DTend_PP,PP,B1,DTend_QT,50,42.029522613065325,43.166666666666664,12.807396759869114,0.62233391659337722,7.9704773869346752,18,0.20290631974535711
RADBILL_4X4_013,11,110_DTend_QT,QT,B1,DTend_QT,410,406.63678840469152,390.58823529411762,36.136994243312166,0.093068382297205335,3.3632115953084849,18,0
RADBILL_4X4_013,11,120_DTend_PP,PP,B2,DT5_PP,45,46.450803212851412,39.294117647058826,11.334486677185435,0.12799902229111562,1.4508032128514117,18,-0.37694767682771924
RADBILL_4X4_013,11,120_DTend_QT,QT,B2,DT5_PP,390,378.60608380899345,388.75,26.92582403567252,0.42315942404998974,11.393916191006554,18,0.17750663174754142
RADBILL_4X4_013,11,130first_DTend_PP,PP,B1,DTend_QT,39,33.872458643768148,33.823529411764703,11.668522261396509,0.43943365246818999,5.1275413562318519,18,0.073767484836913422
RADBILL_4X4_013,11,130first_DTend_QT,QT,B2,DT5_PP,375,366.48845381526104,373.8235294117647,32.138830279969831,0.26483683788714885,8.5115461847389611,18,-0.099690877606752215
RADBILL_4X4_013,11,130last_DTend_PP,PP,B2,DT5_PP,48,42.305164972852566,36.8125,10.857984773121268,0.5244836077910966,5.6948350271474339,18,-0.11552138134718359
RADBILL_4X4_013,11,130last_DTend_QT,QT,B1,DTend_QT,370,383.04272915230877,372.1875,33.164677494788535,0.39327170162768166,13.042729152308766,18,0
RADBILL_4X4_013,12,110_DTend_PP,PP,B1,DTend_QT,47,42.282746478873243,43.333333333333336,12.87953232618236,0.36625969031012207,4.7172535211267572,18,0.13883924080529847
RADBILL_4X4_013,12,120_DTend_PP,PP,B2,DT5_PP,41,40.544089147286826,39.529411764705884,11.413356468732278,0.039945379254750793,0.45591085271317411,18,-0.37993468634389976
RADBILL_4X4_013,12,120_DTend_QT,QT,B2,DT5_PP,380,390.12821370064523,389.375,26.825050481468498,0.3775655038428386,10.128213700645233,18,0.37314587745246841
RADBILL_4X4_013,12,130first_DTend_PP,PP,B1,DTend_QT,33,32.948024429764423,34.176470588235297,11.732621691877135,0.0044300047849971137,0.05197557023557664,18,-0.54461450930290722
RADBILL_4X4_013,12,130first_DTend_QT,QT,B2,DT5_PP,350,374.30717054263567,375.29411764705884,31.54711695599606,0.77050370645726118,24.307170542635674,18,0.2189683034705967
RADBILL_4X4_013,12,130last_DTend_PP,PP,B2,DT5_PP,17,38.31209254120558,38.75,9.8013604497879108,2.1744014670602945,21.31209254120558,18,-0.35959729754277436
RADBILL_4X4_013,12,130last_DTend_QT,QT,B1,DTend_QT,350,361.32989690721649,373.4375,32.645507603139926,0.34705837767787551,11.329896907216494,18,0
RADBILL_4X4_013,13,110_DTend_PP,PP,B1,DTend_QT,49,42.180678205581067,43.222222222222221,12.836325090541505,0.53125187671070873,6.8193217944189328,18,0.34105257606387329
RADBILL_4X4_013,13,110_DTend_QT,QT,B1,DTend_QT,395,396.75973721257623,391.47058823529414,36.433359794045252,0.048300162887086842,1.7597372125762263,18,0
RADBILL_4X4_013,13,120_DTend_PP,PP,B2,DT5_PP,45,47.168408631153071,39.294117647058826,11.334486677185435,0.19131070448190135,2.1684086311530706,18,-0.031609833686393529
RADBILL_4X4_013,13,120_DTend_QT,QT,B2,DT5_PP,385,377.85480637332489,389.0625,26.908409466187333,0.26553756867917599,7.145193626675109,18,0.14631964887603871
RADBILL_4X4_013,13,130first_DTend_PP,PP,B1,DTend_QT,40,33.193307625326533,33.764705882352942,11.637919765601936,0.58487191111180614,6.8066923746734673,18,0.27066509774014313
RADBILL_4X4_013,13,130first_DTend_QT,QT,B2,DT5_PP,370,366.25590020229265,374.11764705882354,32.124527920541446,0.11654956633038185,3.7440997977073494,18,-0.084980677298850282
RADBILL_4X4_013,13,130last_DTend_PP,PP,B2,DT5_PP,39,44.027962435369837,37.375,11.206396982676159,0.44866895605630486,5.0279624353698367,18,0.35661169876735732
RADBILL_4X4_013,13,130last_DTend_QT,QT,B1,DTend_QT,375,371.05173587474474,371.875,33.159965822258222,0.11906719525642695,3.9482641252552639,18,0
RADBILL_4X4_013,14,110_DTend_PP,PP,B1,DTend_QT,30,43.370275521017305,44.277777777777779,12.460788170499704,1.07298794731707,13.370275521017305,18,0.98562634654717507
RADBILL_4X4_013,14,110_DTend_QT,QT,B1,DTend_QT,395,396.75973721257623,391.47058823529414,36.433359794045252,0.048300162887086842,1.7597372125762263,18,0
RADBILL_4X4_013,14,120_DTend_PP,PP,B2,DT5_PP,30,30.39127423822714,40.176470588235297,11.148067624691997,0.035097942656941016,0.39127423822714036,18,-0.15474493031568382
RADBILL_4X4_013,14,120_DTend_QT,QT,B2,DT5_PP,385,412.74804617764909,389.0625,26.908409466187333,1.0312035058228479,27.748046177649087,18,0.91198558601971058
RADBILL_4X4_013,14,130first_DTend_PP,PP,B1,DTend_QT,28,33.95907451175519,34.470588235294116,11.63033558769277,0.51237339342650501,5.9590745117551904,18,0.16398949344268698
RADBILL_4X4_013,14,130first_DTend_QT,QT,B2,DT5_PP,365,385.51506232686978,374.41176470588238,32.058654883528355,0.63992274165596263,20.515062326869781,18,0.27206159722685014
RADBILL_4X4_013,14,130last_DTend_PP,PP,B2,DT5_PP,28,26.416550958067202,38.0625,10.926840043367219,0.14491372031148012,1.5834490419327985,18,-0.062823660265626802
RADBILL_4X4_013,14,130last_DTend_QT,QT,B1,DTend_QT,345,373.05309734513276,373.75,32.377976053690155,0.86642529164312954,28.053097345132755,18,0
RADBILL_4X4_013,15,110_DTend_PP,PP,B1,DTend_QT,43,42.058933582787652,43.555555555555557,12.907919239171251,0.072906128383304666,0.94106641721234752,18,0.010435328702205982
RADBILL_4X4_013,15,110_DTend_QT,QT,B1,DTend_QT,330,322.83185840707966,395.29411764705884,32.809611217374922,0.21847688305200996,7.1681415929203354,18,0
RADBILL_4X4_013,16,110_DTend_PP,PP,B1,DTend_QT,36,43.463581916537869,43.944444444444443,12.771623979939562,0.58438785296693241,7.4635819165378692,18,-1.008824299032328
RADBILL_4X4_013,16,110_DTend_QT,QT,B1,DTend_QT,345,351.48026315789474,394.41176470588238,34.409407913260821,0.18832823785373398,6.4802631578947398,18,0
RADBILL_4X4_013,16,120_DTend_PP,PP,B2,DT5_PP,35,51.662876137158847,39.882352941176471,11.357169282776718,1.4671680699897902,16.662876137158847,18,0
RADBILL_4X4_013,16,120_DTend_QT,QT,B2,DT5_PP,330,382.30538922155688,392.5,21.908902300206645,2.3874034629778569,52.305389221556879,18,1.0561663183194117
RADBILL_4X4_013,16,130first_DTend_PP,PP,B1,DTend_QT,29,31.077146171693734,34.411764705882355,11.662219040181695,0.17810900005710856,2.0771461716937338,18,-1.2959408984169745
RADBILL_4X4_013,16,130first_DTend_QT,QT,B2,DT5_PP,310,372.08012596221135,377.64705882352939,27.620058780871986,2.2476464099781124,62.080125962211355,18,1.2529382477036797
RADBILL_4X4_013,16,130last_DTend_PP,PP,B2,DT5_PP,41,46.999256146092904,37.25,11.17437544861755,0.53687619264977426,5.9992561460929039,18,0
RADBILL_4X4_013,16,130last_DTend_QT,QT,B1,DTend_QT,310,327.37435008665511,375.9375,28.764489102595466,0.60402081276970765,17.374350086655113,18,0
RADBILL_4X4_013,17,110_DTend_PP,PP,B1,DTend_QT,67,41.09788732394366,42.222222222222221,11.507315093174201,2.2509258212126917,25.90211267605634,18,0.44539669908852741
RADBILL_4X4_013,17,110_DTend_QT,QT,B1,DTend_QT,385,386.49433891644054,392.05882352941177,36.403074369198706,0.041049799840667506,1.4943389164405403,18,0
RADBILL_4X4_013,17,120_DTend_PP,PP,B2,DT5_PP,53,44.374091209517516,38.823529411764703,10.887121371818443,0.79230390622913793,8.6259087904824838,18,-0.14579347140115939
RADBILL_4X4_013,17,120_DTend_QT,QT,B2,DT5_PP,390,381.17610837438423,388.75,26.92582403567252,0.32771110789127533,8.8238916256157722,18,-0.076670802083974032
RADBILL_4X4_013,17,130first_DTend_PP,PP,B1,DTend_QT,49,31.893057459803064,33.235294117647058,11.093519570929157,1.5420662875131264,17.106942540196936,18,0.40696973378277423
RADBILL_4X4_013,17,130first_DTend_QT,QT,B2,DT5_PP,370,368.38730998017184,374.11764705882354,32.124527920541446,0.050201205254037658,1.6126900198281646,18,-0.071803913661741992
RADBILL_4X4_013,17,130last_DTend_PP,PP,B2,DT5_PP,58,40.126847290640399,36.1875,9.792641795416257,1.8251614919403742,17.873152709359601,18,-0.32190301713607505
RADBILL_4X4_013,17,130last_DTend_QT,QT,B1,DTend_QT,380,359.02061855670104,371.5625,33.101800051759525,0.63378370392228267,20.979381443298962,18,0
RADBILL_4X4_013,18,110_DTend_PP,PP,B1,DTend_QT,58,41.55996114447192,42.722222222222221,12.394522298440386,1.3263955205112459,16.44003885552808,18,1.0081545791124171
RADBILL_4X4_013,18,110_DTend_QT,QT,B1,DTend_QT,380,381.36875704093126,392.35294117647061,36.319659236546038,0.037686395459183404,1.3687570409312571,18,0
RADBILL_4X4_013,18,120_DTend_PP,PP,B2,DT5_PP,55,49.376857749469224,38.705882352941174,10.710769731223527,0.52499889285626777,5.6231422505307762,18,0
RADBILL_4X4_013,18,120_DTend_QT,QT,B2,DT5_PP,355,376.83979406420349,390.9375,25.378386473532945,0.86056669075396708,21.839794064203488,18,-0.035138242446157819
RADBILL_4X4_013,18,130first_DTend_PP,PP,B1,DTend_QT,41,32.007785032646908,33.705882352941174,11.601533874246721,0.77508845509766267,8.9922149673530924,18,0.41356147414955929
RADBILL_4X4_013,18,130first_DTend_QT,QT,B2,DT5_PP,355,364.8115711252654,375,31.770662567847086,0.30882488221051524,9.8115711252654023,18,0.091096398042570637
RADBILL_4X4_013,18,130last_DTend_PP,PP,B2,DT5_PP,45,47.068140520896421,37,11.033282980751165,0.18744561564355147,2.0681405208964208,18,0
RADBILL_4X4_013,18,130last_DTend_QT,QT,B1,DTend_QT,350,355.59888579387189,373.4375,32.645507603139926,0.17150555175724613,5.5988857938718866,18,0
RADBILL_4X4_014,1,110_DTend_PP,PP,B1,DTend_PP,39,54.426783114992723,43.777777777777779,12.859217593780077,1.1996673205416917,15.426783114992723,18,0
RADBILL_4X4_014,1,110_DTend_QT,QT,B1,DTend_PP,415,388.28384965556137,390.29411764705884,35.945731154551495,0.74323569131395451,26.716150344438631,18,0.51326309649901836
RADBILL_4X4_014,1,120_DTend_PP,PP,B2,DT5_QT,34,40.458227848101266,39.941176470588232,11.327348477442184,0.5701447131217412,6.4582278481012665,18,-0.84236590503953113
RADBILL_4X4_014,1,120_DTend_QT,QT,B2,DT5_QT,400,416.89150943396226,388.125,26.762847382145271,0.63115516793745052,16.891509433962256,18,0.2748294681188741
RADBILL_4X4_014,1,130first_DTend_PP,PP,B1,DTend_PP,25,43.335490370829625,34.647058823529413,11.499680302461609,1.5944347919745865,18.335490370829625,18,0
RADBILL_4X4_014,1,130first_DTend_QT,QT,B2,DT5_QT,405,408.16772151898732,372.05882352941177,31.127701867137763,0.10176535140654114,3.1677215189873209,18,-0.063713899135036139
RADBILL_4X4_014,1,130last_DTend_PP,PP,B1,DTend_PP,35,42.005069280162218,37.625,11.194492693582262,0.62576031553249245,7.0050692801622176,18,0
RADBILL_4X4_014,1,130last_DTend_QT,QT,B2,DT5_QT,395,405.09433962264154,370.625,32.602402774437756,0.3096194992890558,10.094339622641542,18,0.1952719191154362
RADBILL_4X4_014,2,110_DTend_PP,PP,B1,DT5_PP,63,44.636021730045968,42.444444444444443,11.961812877664549,1.5352169823893329,18.363978269954032,18,0
RADBILL_4X4_014,2,110_DTend_QT,QT,B1,DT5_PP,410,390.51104972375691,390.58823529411762,36.136994243312166,0.53930745166637339,19.488950276243088,18,0.44623906936916807
RADBILL_4X4_014,2,120_DTend_PP,PP,B2,DT5_QT,60,37.248952722920407,38.411764705882355,10.143093854499053,2.2430086523342361,22.751047277079593,18,0.3406131350715127
RADBILL_4X4_014,2,120_DTend_QT,QT,B2,DT5_QT,395,407.74038461538464,388.4375,26.87742237145023,0.47401809739455331,12.740384615384642,18,0.42882479297084047
RADBILL_4X4_014,2,130first_DTend_PP,PP,B1,DT5_PP,53,35.288723266364222,33,10.682930309610748,1.6579043596027276,17.711276733635778,18,0
RADBILL_4X4_014,2,130first_DTend_QT,QT,B2,DT5_QT,380,399.78904847396768,373.52941176470586,32.101630891316923,0.61644994115611629,19.789048473967682,18,0.41970533567891283
RADBILL_4X4_014,2,130last_DTend_PP,PP,B1,DT5_PP,49,37.664436042426473,36.75,10.785793124908958,1.0509717575979569,11.335563957573527,18,0
RADBILL_4X4_014,2,130last_DTend_QT,QT,B2,DT5_QT,370,396.65865384615387,372.1875,33.164677494788535,0.80382671745693846,26.658653846153868,18,0.4105550158292568
RADBILL_4X4_014,3,110_DTend_PP,PP,B1,DTend_PP,48,48.750209321797378,43.277777777777779,12.860361149240285,0.058335011986945323,0.75020932179737798,18,0
RADBILL_4X4_014,3,110_DTend_QT,QT,B1,DTend_PP,365,393.10511942767027,393.23529411764707,35.791984807643573,0.78523500662830725,28.105119427670274,18,0.3137607340868121
RADBILL_4X4_014,3,120_DTend_PP,PP,B2,DTend_QT,46,36.094547563805101,39.235294117647058,11.300052056100814,0.87658467297476028,9.9054524361948992,18,0.72797455905205466
RADBILL_4X4_014,3,120_DTend_QT,QT,B2,DTend_QT,390,337.69280762564995,388.75,26.92582403567252,1.9426403554094083,52.307192374350052,18,0
RADBILL_4X4_014,3,130first_DTend_PP,PP,B1,DTend_PP,39,38.029218488954889,33.823529411764703,11.668522261396509,0.083196611301569037,0.97078151104511079,18,0
RADBILL_4X4_014,3,130first_DTend_QT,QT,B2,DTend_QT,335,331.47041763341065,376.1764705882353,30.543483949358261,0.11555925880758966,3.5295823665893522,18,0
RADBILL_4X4_014,3,130last_DTend_PP,PP,B1,DTend_PP,32,39.699731903485251,37.8125,11.118865349785771,0.69249259355709369,7.6997319034852509,18,0
RADBILL_4X4_014,3,130last_DTend_QT,QT,B2,DTend_QT,345,314.84835355285963,373.75,32.377976053690155,0.93123938312703602,30.151646447140365,18,0
RADBILL_4X4_014,4,110_DTend_PP,PP,B1,DTend_PP,26,31.717540202501493,44.5,12.147379286472114,0.4706809648126169,5.7175402025014925,18,-0.32586666309693713
RADBILL_4X4_014,4,110_DTend_QT,QT,B1,DTend_PP,460,374.82246834154483,387.64705882352939,31.923622085515664,2.6681662698012509,85.177531658455166,18,1.4769377829925765
RADBILL_4X4_014,4,120_DTend_PP,PP,B2,DTend_QT,28,41.387842112501716,40.294117647058826,11.021369617034631,1.2147167346433481,13.387842112501716,18,0.84820793399048888
RADBILL_4X4_014,4,120_DTend_QT,QT,B2,DTend_QT,445,406.22251705837755,385.3125,22.395591083961147,1.7314784323506147,38.777482941622452,18,0
RADBILL_4X4_014,4,130first_DTend_PP,PP,B1,DTend_PP,25,24.429407808853203,34.647058823529413,11.499680302461609,0.049618091645961419,0.57059219114679749,18,-0.062376272918731872
RADBILL_4X4_014,4,130first_DTend_QT,QT,B2,DTend_QT,430,401.03493329665793,370.58823529411762,28.716412605706452,1.0086589540639979,28.965066703342075,18,0
RADBILL_4X4_014,4,130last_DTend_PP,PP,B1,DTend_PP,30,29.783677964027895,37.9375,11.036114956511343,0.019601285128375227,0.2163220359721052,18,-0.19605783363404419
RADBILL_4X4_014,4,130last_DTend_QT,QT,B2,DTend_QT,435,397.73692191053829,368.125,28.628365886535217,1.3016138691656047,37.263078089461715,18,0
RADBILL_4X4_014,5,110_DTend_PP,PP,B1,DT5_PP,37,43.965104652712974,43.888888888888886,12.805738092924404,0.54390497464268972,6.9651046527129736,18,0
RADBILL_4X4_014,5,110_DTend_QT,QT,B1,DT5_PP,385,392.05809150603687,392.05882352941177,36.403074369198706,0.19388723695295504,7.0580915060368739,18,0.003281831373202676
RADBILL_4X4_014,5,120_DTend_PP,PP,B2,DTend_QT,33,39.102882703777333,40,11.291589790636214,0.54048037671703897,6.1028827037773326,18,-0.10946604154117945
RADBILL_4X4_014,5,120_DTend_QT,QT,B2,DTend_QT,385,383.8761937244202,389.0625,26.908409466187333,0.041764128682223012,1.1238062755797955,18,0
RADBILL_4X4_014,5,130first_DTend_PP,PP,B1,DT5_PP,26,34.92591994835378,34.588235294117645,11.549127800019207,0.7728652849732025,8.9259199483537799,18,0
RADBILL_4X4_014,5,130first_DTend_QT,QT,B2,DTend_QT,375,370.96669980119282,373.8235294117647,32.138830279969831,0.12549617281251496,4.0333001988071828,18,0
RADBILL_4X4_014,5,130last_DTend_PP,PP,B1,DT5_PP,29,36.88457418318157,38,10.984838035522721,0.7177688153147519,7.8845741831815701,18,0
RADBILL_4X4_014,5,130last_DTend_QT,QT,B2,DTend_QT,375,365.28308321964528,371.875,33.159965822258222,0.29303156801905872,9.7169167803547225,18,0
RADBILL_4X4_014,6,110_DTend_PP,PP,B1,DT5_PP,24,13.290174256845795,44.611111111111114,11.95648428008289,0.89573368661510577,10.709825743154205,18,0.66272104030959866
RADBILL_4X4_014,6,110_DTend_QT,QT,B1,DT5_PP,335,440.76740506329116,395,33.400973039718465,3.1665965221288257,105.76740506329116,18,2.9693797472143788
RADBILL_4X4_014,6,120_DTend_PP,PP,B2,DTend_QT,18,45.055839183152514,40.882352941176471,9.9742315051159238,2.7125738127569221,27.055839183152514,18,2.4180056999480199
RADBILL_4X4_014,6,130first_DTend_PP,PP,B1,DT5_PP,5,15.921291053227627,35.823529411764703,9.0362830724090255,1.2086043526651129,10.921291053227627,18,-0.82159681455596534
RADBILL_4X4_014,6,130first_DTend_QT,QT,B2,DTend_QT,360,308.6869814932993,374.70588235294116,31.940892101431579,1.6064992281289747,51.313018506700701,18,0
RADBILL_4X4_014,7,110_DTend_PP,PP,B1,DT5_PP,31,40.05513243917234,44.222222222222221,12.525529485370624,0.72293410428265048,9.0551324391723398,18,0
RADBILL_4X4_014,7,110_DTend_QT,QT,B1,DT5_PP,385,392.16407922912208,392.05882352941177,36.403074369198706,0.19679874167945927,7.1640792291220805,18,0.0061933360997069031
RADBILL_4X4_014,7,120_DTend_PP,PP,B2,DT5_QT,30,40.681283577755188,40.176470588235297,11.148067624691997,0.95812870331868794,10.681283577755188,18,0.37341607637964347
RADBILL_4X4_014,7,120_DTend_QT,QT,B2,DT5_QT,390,377.82814140707035,388.75,26.92582403567252,0.45205147953146529,12.171858592929652,18,0.21182555261961072
RADBILL_4X4_014,7,130first_DTend_PP,PP,B1,DT5_PP,38,30.098598435462844,33.882352941176471,11.693386768496415,0.67571540401148911,7.9014015645371565,18,0
RADBILL_4X4_014,7,130first_DTend_QT,QT,B2,DT5_QT,390,360.86612458254683,372.94117647058823,31.871755890277083,0.91409696779024519,29.133875417453169,18,0.28743980824549897
RADBILL_4X4_014,7,130last_DTend_PP,PP,B1,DT5_PP,33,32.498133038307287,37.75,11.150485789118488,0.045008528882434305,0.50186696169271272,18,0
RADBILL_4X4_014,7,130last_DTend_QT,QT,B2,DT5_QT,395,356.98459922996147,370.625,32.602402774437756,1.1660306460554768,38.015400770038525,18,0.21227223626871761
RADBILL_4X4_014,8,110_DTend_PP,PP,B1,DTend_PP,44,32.774790877243149,43.5,12.908045826492232,0.86962885580390814,11.225209122756851,18,0
RADBILL_4X4_014,8,110_DTend_QT,QT,B1,DTend_PP,430,382.3235800344234,389.41176470588238,35.083932974243019,1.3589246108917832,47.676419965576599,18,0.89121328821840495
RADBILL_4X4_014,8,120_DTend_PP,PP,B2,DT5_QT,36,40.518572205109621,39.823529411764703,11.381098882124954,0.39702424624448585,4.5185722051096207,18,-0.10339885003371452
RADBILL_4X4_014,8,120_DTend_QT,QT,B2,DT5_QT,420,428.35150457915398,386.875,25.617376914898998,0.32600935712105517,8.3515045791539819,18,0.081776618794233397
RADBILL_4X4_014,8,130first_DTend_PP,PP,B1,DTend_PP,38,25.489589665653497,33.882352941176471,11.693386768496415,1.0698705671868531,12.510410334346503,18,0
RADBILL_4X4_014,8,130first_DTend_QT,QT,B2,DT5_QT,420,423.46711360753756,371.1764705882353,29.871046378804774,0.11606937244748387,3.4671136075375557,18,0.11528816755442914
RADBILL_4X4_014,8,130last_DTend_PP,PP,B1,DTend_PP,40,29.946131805157592,37.3125,11.193562137824284,0.89818308694327753,10.053868194842408,18,0
RADBILL_4X4_014,8,130last_DTend_QT,QT,B2,DT5_QT,415,419.06454426515484,369.375,31.138133106102128,0.13053268965435533,4.0645442651548365,18,-0.082200671582760759
RADBILL_4X4_014,10,110_DTend_PP,PP,B1,DTend_PP,32,37.250904033379697,44.166666666666664,12.585005083081073,0.41723495530715876,5.2509040333796975,18,0
RADBILL_4X4_014,10,110_DTend_QT,QT,B1,DTend_PP,425,384.78087042607473,389.70588235294116,35.420270866204483,1.1354833994874816,40.219129573925272,18,1.0569843452297725
RADBILL_4X4_014,10,120_DTend_PP,PP,B2,DT5_QT,33,40.318970676241769,40,11.291589790636214,0.64817893777111679,7.3189706762417686,18,0.59023343895821434
RADBILL_4X4_014,10,120_DTend_QT,QT,B2,DT5_QT,405,406.60256410256409,387.8125,26.581243387020105,0.060289282906405971,1.602564102564088,18,-0.26864063429883517
RADBILL_4X4_014,10,130first_DTend_PP,PP,B1,DTend_PP,22,29.634891886897066,34.823529411764703,11.315008252966759,0.6747579600655812,7.6348918868970657,18,0
RADBILL_4X4_014,10,130first_DTend_QT,QT,B2,DT5_QT,405,396.9464392579294,372.05882352941177,31.127701867137763,0.25872648024083439,8.0535607420706015,18,0.24460989484753604
RADBILL_4X4_014,10,130last_DTend_PP,PP,B1,DTend_PP,23,34.020256213730427,38.375,10.531698185319719,1.0463892925731308,11.020256213730427,18,0
RADBILL_4X4_014,10,130last_DTend_QT,QT,B2,DT5_QT,395,393.81410256410254,370.625,32.602402774437756,0.03637454098405514,1.1858974358974592,18,-0.27825782245353581
RADBILL_4X4_014,11,110_DTend_PP,PP,B1,DTend_PP,50,55.371775644871022,43.166666666666664,12.807396759869114,0.41942759684802011,5.3717756448710219,18,0
RADBILL_4X4_014,11,110_DTend_QT,QT,B1,DTend_PP,410,388.8833173817153,390.58823529411762,36.136994243312166,0.58435083106539054,21.116682618284699,18,0.49128244876818522
RADBILL_4X4_014,11,120_DTend_PP,PP,B2,DT5_QT,45,39.119148936170212,39.294117647058826,11.334486677185435,0.51884582260500856,5.8808510638297875,18,0.013899123486173726
RADBILL_4X4_014,11,120_DTend_QT,QT,B2,DT5_QT,390,403.6570031435557,388.75,26.92582403567252,0.50720836344552722,13.657003143555698,18,0.26155557114307892
RADBILL_4X4_014,11,130first_DTend_PP,PP,B1,DTend_PP,39,43.266783817245098,33.823529411764703,11.668522261396509,0.36566616763127657,4.2667838172450985,18,0
RADBILL_4X4_014,11,130first_DTend_QT,QT,B2,DT5_QT,375,394.45194424064562,373.8235294117647,32.138830279969831,0.60524742410332288,19.451944240645616,18,0.24071970860942182
RADBILL_4X4_014,11,130last_DTend_PP,PP,B1,DTend_PP,48,41.050835573214911,36.8125,10.857984773121268,0.64000498913828019,6.9491644267850887,18,0
RADBILL_4X4_014,11,130last_DTend_QT,QT,B2,DT5_QT,370,390.89329374781698,372.1875,33.164677494788535,0.62998633866106901,20.893293747816983,18,0.23671463703338735
RADBILL_4X4_014,12,110_DTend_PP,PP,B1,DTend_PP,47,49.929069031032299,43.333333333333336,12.87953232618236,0.2274204495048236,2.9290690310322987,18,0
RADBILL_4X4_014,12,120_DTend_PP,PP,B2,DT5_QT,41,39.756896551724139,39.529411764705884,11.413356468732278,0.10891655331027582,1.2431034482758605,18,-0.31096351228837471
RADBILL_4X4_014,12,120_DTend_QT,QT,B2,DT5_QT,380,383.04089026915113,389.375,26.825050481468498,0.11336009493260291,3.0408902691511344,18,0.10894046854223269
RADBILL_4X4_014,12,130first_DTend_PP,PP,B1,DTend_PP,33,39.441731575793888,34.176470588235297,11.732621691877135,0.54904451408790433,6.441731575793888,18,0
RADBILL_4X4_014,12,130first_DTend_QT,QT,B2,DT5_QT,350,369.25862068965517,375.29411764705884,31.54711695599606,0.61047165471628773,19.258620689655174,18,0.058936251729623246
RADBILL_4X4_014,12,130last_DTend_PP,PP,B1,DTend_PP,17,41.836635271191945,38.75,9.8013604497879108,2.5339987646030688,24.836635271191945,18,0
RADBILL_4X4_014,12,130last_DTend_QT,QT,B2,DT5_QT,350,366.27587991718428,373.4375,32.645507603139926,0.49856415513719349,16.275879917184284,18,0.15150577745931798
RADBILL_4X4_014,13,110_DTend_PP,PP,B1,DTend_PP,49,46.558539944903579,43.222222222222221,12.836325090541505,0.19019930064683543,2.4414600550964209,18,0
RADBILL_4X4_014,13,110_DTend_QT,QT,B1,DTend_PP,395,389.86165333737637,391.47058823529414,36.433359794045252,0.14103411520843201,5.1383466626236327,18,0.092733952321345167
RADBILL_4X4_014,13,120_DTend_PP,PP,B2,DTend_QT,45,38.441099639258617,39.294117647058826,11.334486677185435,0.57866761394174404,6.5589003607413829,18,0.35574707577344916
RADBILL_4X4_014,13,120_DTend_QT,QT,B2,DTend_QT,385,388.2079646017699,389.0625,26.908409466187333,0.1192179198031373,3.2079646017699019,18,0
RADBILL_4X4_014,13,130first_DTend_PP,PP,B1,DTend_PP,40,36.343286316175124,33.764705882352942,11.637919765601936,0.31420681337166301,3.6567136838248757,18,0
RADBILL_4X4_014,13,130first_DTend_QT,QT,B2,DTend_QT,370,376.47406393830079,374.11764705882354,32.124527920541446,0.20153024362923214,6.4740639383007874,18,0
RADBILL_4X4_014,13,130last_DTend_PP,PP,B1,DTend_PP,39,37.968369829683695,37.375,11.206396982676159,0.092057257288947564,1.0316301703163049,18,0
RADBILL_4X4_014,13,130last_DTend_QT,QT,B2,DTend_QT,375,371.05173587474474,371.875,33.159965822258222,0.11906719525642695,3.9482641252552639,18,0
RADBILL_4X4_014,14,110_DTend_PP,PP,B1,DTend_PP,30,31.088594401429425,44.277777777777779,12.460788170499704,0.087361600769894993,1.0885944014294253,18,0
RADBILL_4X4_014,14,110_DTend_QT,QT,B1,DTend_PP,395,385.0466224194796,391.47058823529414,36.433359794045252,0.27319406271576407,9.9533775805203959,18,0.22489389982867725
RADBILL_4X4_014,14,120_DTend_PP,PP,B2,DTend_QT,30,39.398308247294437,40.176470588235297,11.148067624691997,0.84304370620052616,9.3983082472944375,18,0.65320083322790135
RADBILL_4X4_014,14,120_DTend_QT,QT,B2,DTend_QT,385,388.2079646017699,389.0625,26.908409466187333,0.1192179198031373,3.2079646017699019,18,0
RADBILL_4X4_014,14,130first_DTend_PP,PP,B1,DTend_PP,28,23.948178329839003,34.470588235294116,11.63033558769277,0.34838389998381802,4.0518216701609973,18,0
RADBILL_4X4_014,14,130first_DTend_QT,QT,B2,DTend_QT,365,376.7931334743127,374.41176470588238,32.058654883528355,0.3678611444291125,11.793133474312697,18,0
RADBILL_4X4_014,14,130last_DTend_PP,PP,B1,DTend_PP,28,30.269913128594148,38.0625,10.926840043367219,0.20773738057710692,2.2699131285941476,18,0
RADBILL_4X4_014,14,130last_DTend_QT,QT,B2,DTend_QT,345,373.05309734513276,373.75,32.377976053690155,0.86642529164312954,28.053097345132755,18,0
RADBILL_4X4_014,15,110_DTend_PP,PP,B1,DTend_PP,43,43.806368037090067,43.555555555555557,12.907919239171251,0.062470799681098685,0.80636803709006699,18,0
RADBILL_4X4_014,15,110_DTend_QT,QT,B1,DTend_PP,330,393.34069802276815,395.29411764705884,32.809611217374922,1.9305531419776454,63.340698022768152,18,1.7120762589256353
RADBILL_4X4_014,16,110_DTend_PP,PP,B1,DT5_PP,36,56.34790652560487,43.944444444444443,12.771623979939562,1.5932121519992604,20.34790652560487,18,0
RADBILL_4X4_014,16,110_DTend_QT,QT,B1,DT5_PP,345,398.22983318098721,394.41176470588238,34.409407913260821,1.546955801017236,53.229833180987214,18,1.3586275631635019
RADBILL_4X4_014,16,120_DTend_PP,PP,B2,DT5_QT,35,41.319361277445111,39.882352941176471,11.357169282776718,0.5564204530285991,6.3193612774451111,18,-0.91074761696119111
RADBILL_4X4_014,16,120_DTend_QT,QT,B2,DT5_QT,330,367.85758706467664,392.5,21.908902300206645,1.7279545340032652,37.857587064676636,18,0.39671738934481993
RADBILL_4X4_014,16,130first_DTend_PP,PP,B1,DT5_PP,29,46.190692792162345,34.411764705882355,11.662219040181695,1.4740498984740831,17.190692792162345,18,0
RADBILL_4X4_014,16,130first_DTend_QT,QT,B2,DT5_QT,310,344.97172322022618,377.64705882352939,27.620058780871986,1.2661712090361488,34.971723220226181,18,0.27146304676171618
RADBILL_4X4_014,16,130last_DTend_PP,PP,B1,DT5_PP,41,46.999256146092904,37.25,11.17437544861755,0.53687619264977426,5.9992561460929039,18,0
RADBILL_4X4_014,16,130last_DTend_QT,QT,B2,DT5_QT,310,344.0080845771144,375.9375,28.764489102595466,1.1822940590328719,34.008084577114403,18,0.57827324626316423
RADBILL_4X4_014,17,110_DTend_PP,PP,B1,DTend_PP,67,46.223207481815038,42.222222222222221,11.507315093174201,1.8055291221241643,20.776792518184962,18,0
RADBILL_4X4_014,17,110_DTend_QT,QT,B1,DTend_PP,385,390.93177655677658,392.05882352941177,36.403074369198706,0.16294713178938441,5.9317765567765832,18,0.12189733194871691
RADBILL_4X4_014,17,120_DTend_PP,PP,B2,DTend_QT,53,37.705845693630813,38.823529411764703,10.887121371818443,1.4047932216461227,15.294154306369187,18,0.46669584401582542
RADBILL_4X4_014,17,120_DTend_QT,QT,B2,DTend_QT,390,379.11168384879727,388.75,26.92582403567252,0.40438190997524937,10.88831615120273,18,0
RADBILL_4X4_014,17,130first_DTend_PP,PP,B1,DTend_PP,49,36.4077841662981,33.235294117647058,11.093519570929157,1.1350965537303521,12.5922158337019,18,0
RADBILL_4X4_014,17,130first_DTend_QT,QT,B2,DTend_QT,370,366.08064315094106,374.11764705882354,32.124527920541446,0.12200511891577966,3.9193568490589428,18,0
RADBILL_4X4_014,17,130last_DTend_PP,PP,B1,DTend_PP,58,36.974566350963073,36.1875,9.792641795416257,2.1470645090764493,21.025433649036927,18,0
RADBILL_4X4_014,17,130last_DTend_QT,QT,B2,DTend_QT,380,359.02061855670104,371.5625,33.101800051759525,0.63378370392228267,20.979381443298962,18,0
RADBILL_4X4_014,18,110_DTend_PP,PP,B1,DTend_PP,58,56.284914463452566,42.722222222222221,12.394522298440386,0.13837447666403771,1.7150855365474342,18,-0.17986646473479104
RADBILL_4X4_014,18,110_DTend_QT,QT,B1,DTend_PP,380,395.53109985716139,392.35294117647061,36.319659236546038,0.42762240019954506,15.531099857161394,18,0.38993600474036166
RADBILL_4X4_014,18,120_DTend_PP,PP,B2,DTend_QT,55,37.346810647915618,38.705882352941174,10.710769731223527,1.6481718676691035,17.653189352084382,18,1.1231729748128356
RADBILL_4X4_014,18,120_DTend_QT,QT,B2,DTend_QT,355,377.73154596100278,390.9375,25.378386473532945,0.8957049332001249,22.73154596100278,18,0
RADBILL_4X4_014,18,130first_DTend_PP,PP,B1,DTend_PP,41,44.832442510876319,33.705882352941174,11.601533874246721,0.33033929413279045,3.8324425108763194,18,-0.031187686815312921
RADBILL_4X4_014,18,130first_DTend_QT,QT,B2,DTend_QT,355,361.9173782019086,375,31.770662567847086,0.2177284841679446,6.9173782019086048,18,0
RADBILL_4X4_014,18,130last_DTend_PP,PP,B1,DTend_PP,45,42.730086871405852,37,11.033282980751165,0.205733246627887,2.2699131285941476,18,0.018287630984335529
RADBILL_4X4_014,18,130last_DTend_QT,QT,B2,DTend_QT,350,355.59888579387189,373.4375,32.645507603139926,0.17150555175724613,5.5988857938718866,18,0
RADBILL_4X4_015,1,110_DTend_PP,PP,B1,DTend_QT,39,43.167106752168991,43.777777777777779,12.859217593780077,0.32405601054488681,4.1671067521689906,18,-0.87561130999680481
RADBILL_4X4_015,1,110_DTend_QT,QT,B1,DTend_QT,415,423.2665330661323,390.29411764705884,35.945731154551495,0.22997259481493612,8.2665330661322969,18,0
RADBILL_4X4_015,1,120_DTend_PP,PP,B2,DTend_PP,34,50.000000000000007,39.941176470588232,11.327348477442184,1.4125106181612723,16.000000000000007,18,0
RADBILL_4X4_015,1,120_DTend_QT,QT,B2,DTend_PP,400,377.7041793398671,388.125,26.762847382145271,0.83308851041789644,22.295820660132904,18,0.47676281059932002
RADBILL_4X4_015,1,130first_DTend_PP,PP,B2,DTend_PP,25,43.335490370829625,34.647058823529413,11.499680302461609,1.5944347919745865,18.335490370829625,18,0
RADBILL_4X4_015,1,130first_DTend_QT,QT,B2,DTend_PP,405,361.52884876196379,372.05882352941177,31.127701867137763,1.3965422639802947,43.471151238036214,18,1.2310630134387175
RADBILL_4X4_015,1,130last_DTend_PP,PP,B1,DTend_QT,35,35.686217008797655,37.625,11.194492693582262,0.061299518216762015,0.68621700879765513,18,-0.5644607973157304
RADBILL_4X4_015,1,130last_DTend_QT,QT,B1,DTend_QT,395,398.72800586510266,370.625,32.602402774437756,0.1143475801736196,3.7280058651026593,18,0
RADBILL_4X4_015,2,110_DTend_PP,PP,B1,DTend_QT,63,40.992462311557787,42.444444444444443,11.961812877664549,1.8398162480484324,22.007537688442213,18,0.30459926565909945
RADBILL_4X4_015,2,110_DTend_QT,QT,B1,DTend_QT,410,406.63678840469152,390.58823529411762,36.136994243312166,0.093068382297205335,3.3632115953084849,18,0
RADBILL_4X4_015,2,120_DTend_PP,PP,B2,DT5_PP,60,40.703823720025923,38.411764705882355,10.143093854499053,1.9023955172627234,19.296176279974077,18,0
RADBILL_4X4_015,2,120_DTend_QT,QT,B2,DT5_PP,395,386.85916953859538,388.4375,26.87742237145023,0.3028873211462414,8.1408304614046187,18,0.25769401672252856
RADBILL_4X4_015,2,130first_DTend_PP,PP,B2,DT5_PP,53,35.288723266364222,33,10.682930309610748,1.6579043596027276,17.711276733635778,18,0
RADBILL_4X4_015,2,130first_DTend_QT,QT,B2,DT5_PP,380,371.150356448477,373.52941176470586,32.101630891316923,0.27567582411885239,8.8496435515230019,18,0.078931218641648926
RADBILL_4X4_015,2,130last_DTend_PP,PP,B1,DTend_QT,49,35.096485182632669,36.75,10.785793124908958,1.289058176469029,13.903514817367331,18,0.23808641887107207
RADBILL_4X4_015,2,130last_DTend_QT,QT,B1,DTend_QT,370,383.04272915230877,372.1875,33.164677494788535,0.39327170162768166,13.042729152308766,18,0
RADBILL_4X4_015,3,110_DTend_PP,PP,B1,DTend_QT,48,41.514972952086552,43.277777777777779,12.860361149240285,0.5042647692904445,6.485027047913448,18,0.44592975730349915
RADBILL_4X4_015,3,110_DTend_QT,QT,B1,DTend_QT,365,348.125,393.23529411764707,35.791984807643573,0.47147427254149515,16.875,18,0
RADBILL_4X4_015,3,120_DTend_PP,PP,B2,DT5_PP,46,44.9628222075347,39.235294117647058,11.300052056100814,0.091785222520752524,1.0371777924653003,18,-0.05682489140195307
RADBILL_4X4_015,3,120_DTend_QT,QT,B2,DT5_PP,390,381.17610837438423,388.75,26.92582403567252,0.32771110789127533,8.8238916256157722,18,-1.6149292475181329
RADBILL_4X4_015,3,130first_DTend_PP,PP,B2,DT5_PP,39,39.565102445472569,33.823529411764703,11.668522261396509,0.048429649685986557,0.5651024454725686,18,-0.03476696161558248
RADBILL_4X4_015,3,130first_DTend_QT,QT,B2,DT5_PP,335,371.33096497025775,376.1764705882353,30.543483949358261,1.1894833290955038,36.330964970257753,18,1.073924070287914
RADBILL_4X4_015,3,130last_DTend_PP,PP,B1,DTend_QT,32,40.233102253032925,37.8125,11.118865349785771,0.74046244774351488,8.233102253032925,18,0.04796985418642119
RADBILL_4X4_015,3,130last_DTend_QT,QT,B1,DTend_QT,345,314.84835355285963,373.75,32.377976053690155,0.93123938312703602,30.151646447140365,18,0
RADBILL_4X4_015,4,110_DTend_PP,PP,B1,DTend_QT,26,45.400405718701698,44.5,12.147379286472114,1.5970856973492951,19.400405718701698,18,0.80053806943974104
RADBILL_4X4_015,4,110_DTend_QT,QT,B1,DTend_QT,460,421.97167196961919,387.64705882352939,31.923622085515664,1.1912284868086744,38.028328030380806,18,0
RADBILL_4X4_015,4,120_DTend_PP,PP,B2,DT5_PP,28,32.039428959891225,40.294117647058826,11.021369617034631,0.36650880065285923,4.0394289598912252,18,0
RADBILL_4X4_015,4,120_DTend_QT,QT,B2,DT5_PP,445,396.38118076966998,385.3125,22.395591083961147,2.1709102942654157,48.618819230330018,18,0.43943186191480099
RADBILL_4X4_015,4,130first_DTend_PP,PP,B2,DT5_PP,25,26.287899388171308,34.647058823529413,11.499680302461609,0.11199436456469329,1.2878993881713079,18,0
RADBILL_4X4_015,4,130first_DTend_QT,QT,B2,DT5_PP,430,376.24915023793341,370.58823529411762,28.716412605706452,1.8717814965294572,53.750849762066593,18,0.86312254246545939
RADBILL_4X4_015,4,130last_DTend_PP,PP,B1,DTend_QT,30,36.44048521607278,37.9375,11.036114956511343,0.58358265036672829,6.4404852160727799,18,0.36792353160430891
RADBILL_4X4_015,4,130last_DTend_QT,QT,B1,DTend_QT,435,397.73692191053829,368.125,28.628365886535217,1.3016138691656047,37.263078089461715,18,0
RADBILL_4X4_015,5,110_DTend_PP,PP,B1,DTend_QT,37,42.894190140845069,43.888888888888886,12.805738092924404,0.4602772677431069,5.894190140845069,18,-0.083627706899582821
RADBILL_4X4_015,5,110_DTend_QT,QT,B1,DTend_QT,385,391.93862275449101,392.05882352941177,36.403074369198706,0.19060540557975236,6.9386227544910071,18,0
RADBILL_4X4_015,5,120_DTend_PP,PP,B2,DT5_PP,33,40.338928340865074,40,11.291589790636214,0.64994641825821842,7.3389283408650741,18,0
RADBILL_4X4_015,5,120_DTend_QT,QT,B2,DT5_PP,385,390.9828602035351,389.0625,26.908409466187333,0.22234165163322125,5.9828602035350968,18,0.18057752295099824
RADBILL_4X4_015,5,130first_DTend_PP,PP,B2,DT5_PP,26,34.92591994835378,34.588235294117645,11.549127800019207,0.7728652849732025,8.9259199483537799,18,0
RADBILL_4X4_015,5,130first_DTend_QT,QT,B2,DT5_PP,375,373.4885409941898,373.8235294117647,32.138830279969831,0.047029060878802278,1.5114590058101953,18,-0.078467111933712683
RADBILL_4X4_015,5,130last_DTend_PP,PP,B1,DTend_QT,29,37.181446111869029,38,10.984838035522721,0.74479442349645075,8.1814461118690289,18,0.027025608181698857
RADBILL_4X4_015,5,130last_DTend_QT,QT,B1,DTend_QT,375,365.28308321964528,371.875,33.159965822258222,0.29303156801905872,9.7169167803547225,18,0
RADBILL_4X4_015,6,110_DTend_PP,PP,B1,DTend_QT,24,46.713244353182752,44.611111111111114,11.95648428008289,1.8996591155995974,22.713244353182752,18,1.6666464692940903
RADBILL_4X4_015,6,110_DTend_QT,QT,B1,DTend_QT,335,341.58723218189766,395,33.400973039718465,0.19721677491444678,6.5872321818976616,18,0
RADBILL_4X4_015,6,120_DTend_PP,PP,B2,DT5_PP,18,14.813703284258199,40.882352941176471,9.9742315051159238,0.31945285349628227,3.1862967157418005,18,0.024884740687380003
RADBILL_4X4_015,6,130first_DTend_PP,PP,B2,DT5_PP,5,15.921291053227627,35.823529411764703,9.0362830724090255,1.2086043526651129,10.921291053227627,18,-0.82159681455596534
RADBILL_4X4_015,6,130first_DTend_QT,QT,B2,DT5_PP,360,428.68629671574178,374.70588235294116,31.940892101431579,2.1504188579837216,68.686296715741776,18,0.54391962985474684
RADBILL_4X4_015,7,110_DTend_PP,PP,B1,DTend_QT,31,43.249647887323945,44.222222222222221,12.525529485370624,0.9779744562200825,12.249647887323945,18,0.25504035193743202
RADBILL_4X4_015,7,110_DTend_QT,QT,B1,DTend_QT,385,391.93862275449101,392.05882352941177,36.403074369198706,0.19060540557975236,6.9386227544910071,18,0
RADBILL_4X4_015,7,120_DTend_PP,PP,B2,DT5_PP,30,36.518415906127771,40.176470588235297,11.148067624691997,0.58471262693904447,6.5184159061277711,18,0
RADBILL_4X4_015,7,120_DTend_QT,QT,B2,DT5_PP,390,397.88514728253352,388.75,26.92582403567252,0.29284701824118486,7.8851472825335236,18,0.052621091329330294
RADBILL_4X4_015,7,130first_DTend_PP,PP,B2,DT5_PP,38,30.098598435462844,33.882352941176471,11.693386768496415,0.67571540401148911,7.9014015645371565,18,0
RADBILL_4X4_015,7,130first_DTend_QT,QT,B2,DT5_PP,390,376.49282920469363,372.94117647058823,31.871755890277083,0.42379751030368906,13.507170795306365,18,-0.20285964924105715
RADBILL_4X4_015,7,130last_DTend_PP,PP,B1,DTend_QT,33,36.905866302864936,37.75,11.150485789118488,0.35028664909618418,3.9058663028649363,18,0.30527812021374989
RADBILL_4X4_015,7,130last_DTend_QT,QT,B1,DTend_QT,395,363.90518417462482,370.625,32.602402774437756,0.95375840978675919,31.094815825375179,18,0
RADBILL_4X4_015,8,110_DTend_PP,PP,B1,DTend_QT,44,42.388805970149257,43.5,12.908045826492232,0.12482091026853645,1.6111940298507434,18,-0.74480794553537166
RADBILL_4X4_015,8,110_DTend_QT,QT,B1,DTend_QT,430,446.40915269596735,389.41176470588238,35.083932974243019,0.46771132267337817,16.40915269596735,18,0
RADBILL_4X4_015,8,120_DTend_PP,PP,B2,DT5_PP,36,37.460952689565779,39.823529411764703,11.381098882124954,0.12836657555627934,1.4609526895657794,18,-0.37205652072192102
RADBILL_4X4_015,8,120_DTend_QT,QT,B2,DT5_PP,420,392.93709150326799,386.875,25.617376914898998,1.0564277750464097,27.062908496732007,18,0.81219503671958793
RADBILL_4X4_015,8,130first_DTend_PP,PP,B2,DT5_PP,38,31.497893713545039,33.882352941176471,11.693386768496415,0.55604987803640649,6.5021062864549606,18,-0.51382068915044665
RADBILL_4X4_015,8,130first_DTend_QT,QT,B2,DT5_PP,420,373.3360337005833,371.1764705882353,29.871046378804774,1.5621805044140491,46.6639662994167,18,1.5613992995209944
RADBILL_4X4_015,8,130last_DTend_PP,PP,B1,DTend_QT,40,32.955105633802816,37.3125,11.193562137824284,0.6293701932820569,7.0448943661971839,18,-0.26881289366122063
RADBILL_4X4_015,8,130last_DTend_QT,QT,B1,DTend_QT,415,421.62411971830983,369.375,31.138133106102128,0.21273336123711609,6.6241197183098279,18,0
RADBILL_4X4_015,10,110_DTend_PP,PP,B1,DTend_QT,32,44.426101236476043,44.166666666666664,12.585005083081073,0.98737355721702047,12.426101236476043,18,0.57013860190986176
RADBILL_4X4_015,10,110_DTend_QT,QT,B1,DTend_QT,425,427.78045776454894,389.70588235294116,35.420270866204483,0.078499054257709186,2.7804577645489417,18,0
RADBILL_4X4_015,10,120_DTend_PP,PP,B2,DT5_PP,33,30.731481481481477,40,11.291589790636214,0.2009033768123368,2.2685185185185226,18,0.14295787799943432
RADBILL_4X4_015,10,120_DTend_QT,QT,B2,DT5_PP,405,406.12478645752446,387.8125,26.581243387020105,0.042315043022920051,1.1247864575244648,18,-0.28661487418232107
RADBILL_4X4_015,10,130first_DTend_PP,PP,B2,DT5_PP,22,25.958333333333329,34.823529411764703,11.315008252966759,0.34983035317676114,3.9583333333333286,18,-0.32492760688882005
RADBILL_4X4_015,10,130first_DTend_QT,QT,B2,DT5_PP,405,379.60648148148147,372.05882352941177,31.127701867137763,0.81578520081262607,25.393518518518533,18,0.80166861541932777
RADBILL_4X4_015,10,130last_DTend_PP,PP,B1,DTend_QT,23,37.756633813495071,38.375,10.531698185319719,1.4011637585726249,14.756633813495071,18,0.35477446599949403
RADBILL_4X4_015,10,130last_DTend_QT,QT,B1,DTend_QT,395,405.25777103866562,370.625,32.602402774437756,0.31463236343759093,10.257771038665624,18,0
RADBILL_4X4_015,11,110_DTend_PP,PP,B1,DTend_QT,50,42.029522613065325,43.166666666666664,12.807396759869114,0.62233391659337722,7.9704773869346752,18,0.20290631974535711
RADBILL_4X4_015,11,110_DTend_QT,QT,B1,DTend_QT,410,406.63678840469152,390.58823529411762,36.136994243312166,0.093068382297205335,3.3632115953084849,18,0
RADBILL_4X4_015,11,120_DTend_PP,PP,B2,DT5_PP,45,46.450803212851412,39.294117647058826,11.334486677185435,0.12799902229111562,1.4508032128514117,18,-0.37694767682771924
RADBILL_4X4_015,11,120_DTend_QT,QT,B2,DT5_PP,390,378.60608380899345,388.75,26.92582403567252,0.42315942404998974,11.393916191006554,18,0.17750663174754142
RADBILL_4X4_015,11,130first_DTend_PP,PP,B2,DT5_PP,39,40.96987951807229,33.823529411764703,11.668522261396509,0.16881996485444686,1.9698795180722897,18,-0.19684620277682971
RADBILL_4X4_015,11,130first_DTend_QT,QT,B2,DT5_PP,375,366.48845381526104,373.8235294117647,32.138830279969831,0.26483683788714885,8.5115461847389611,18,-0.099690877606752215
RADBILL_4X4_015,11,130last_DTend_PP,PP,B1,DTend_QT,48,35.176430048242594,36.8125,10.857984773121268,1.1810267024413137,12.823569951757406,18,0.5410217133030335
RADBILL_4X4_015,11,130last_DTend_QT,QT,B1,DTend_QT,370,383.04272915230877,372.1875,33.164677494788535,0.39327170162768166,13.042729152308766,18,0
RADBILL_4X4_015,12,110_DTend_PP,PP,B1,DTend_QT,47,42.282746478873243,43.333333333333336,12.87953232618236,0.36625969031012207,4.7172535211267572,18,0.13883924080529847
RADBILL_4X4_015,12,120_DTend_PP,PP,B2,DT5_PP,41,40.544089147286826,39.529411764705884,11.413356468732278,0.039945379254750793,0.45591085271317411,18,-0.37993468634389976
RADBILL_4X4_015,12,120_DTend_QT,QT,B2,DT5_PP,380,390.12821370064523,389.375,26.825050481468498,0.3775655038428386,10.128213700645233,18,0.37314587745246841
RADBILL_4X4_015,12,130first_DTend_PP,PP,B2,DT5_PP,33,35.188953488372093,34.176470588235297,11.732621691877135,0.18656985163747114,2.1889534883720927,18,-0.36247466245043319
RADBILL_4X4_015,12,130first_DTend_QT,QT,B2,DT5_PP,350,374.30717054263567,375.29411764705884,31.54711695599606,0.77050370645726118,24.307170542635674,18,0.2189683034705967
RADBILL_4X4_015,12,130last_DTend_PP,PP,B1,DTend_QT,17,38.356701030927837,38.75,9.8013604497879108,2.1789527219550395,21.356701030927837,18,-0.3550460426480293
RADBILL_4X4_015,12,130last_DTend_QT,QT,B1,DTend_QT,350,361.32989690721649,373.4375,32.645507603139926,0.34705837767787551,11.329896907216494,18,0
RADBILL_4X4_015,13,110_DTend_PP,PP,B1,DTend_QT,49,42.180678205581067,43.222222222222221,12.836325090541505,0.53125187671070873,6.8193217944189328,18,0.34105257606387329
RADBILL_4X4_015,13,110_DTend_QT,QT,B1,DTend_QT,395,396.75973721257623,391.47058823529414,36.433359794045252,0.048300162887086842,1.7597372125762263,18,0
RADBILL_4X4_015,13,120_DTend_PP,PP,B2,DT5_PP,45,47.168408631153071,39.294117647058826,11.334486677185435,0.19131070448190135,2.1684086311530706,18,-0.031609833686393529
RADBILL_4X4_015,13,120_DTend_QT,QT,B2,DT5_PP,385,377.85480637332489,389.0625,26.908409466187333,0.26553756867917599,7.145193626675109,18,0.14631964887603871
RADBILL_4X4_015,13,130first_DTend_PP,PP,B2,DT5_PP,40,41.582434254888739,33.764705882352942,11.637919765601936,0.13597226022866399,1.5824342548887387,18,-0.17823455314299902
RADBILL_4X4_015,13,130first_DTend_QT,QT,B2,DT5_PP,370,366.25590020229265,374.11764705882354,32.124527920541446,0.11654956633038185,3.7440997977073494,18,-0.084980677298850282
RADBILL_4X4_015,13,130last_DTend_PP,PP,B1,DTend_QT,39,36.309734513274336,37.375,11.206396982676159,0.24006516018346619,2.6902654867256643,18,0.14800790289451862
RADBILL_4X4_015,13,130last_DTend_QT,QT,B1,DTend_QT,375,371.05173587474474,371.875,33.159965822258222,0.11906719525642695,3.9482641252552639,18,0
RADBILL_4X4_015,14,110_DTend_PP,PP,B1,DTend_QT,30,43.370275521017305,44.277777777777779,12.460788170499704,1.07298794731707,13.370275521017305,18,0.98562634654717507
RADBILL_4X4_015,14,110_DTend_QT,QT,B1,DTend_QT,395,396.75973721257623,391.47058823529414,36.433359794045252,0.048300162887086842,1.7597372125762263,18,0
RADBILL_4X4_015,14,120_DTend_PP,PP,B2,DT5_PP,30,30.39127423822714,40.176470588235297,11.148067624691997,0.035097942656941016,0.39127423822714036,18,-0.15474493031568382
RADBILL_4X4_015,14,120_DTend_QT,QT,B2,DT5_PP,385,412.74804617764909,389.0625,26.908409466187333,1.0312035058228479,27.748046177649087,18,0.91198558601971058
RADBILL_4X4_015,14,130first_DTend_PP,PP,B2,DT5_PP,28,24.458275623268694,34.470588235294116,11.63033558769277,0.30452469320654529,3.541724376731306,18,-0.04385920677727273
RADBILL_4X4_015,14,130first_DTend_QT,QT,B2,DT5_PP,365,385.51506232686978,374.41176470588238,32.058654883528355,0.63992274165596263,20.515062326869781,18,0.27206159722685014
RADBILL_4X4_015,14,130last_DTend_PP,PP,B1,DTend_QT,28,37.043567052416606,38.0625,10.926840043367219,0.82764706141243527,9.0435670524166056,18,0.61990968083532838
RADBILL_4X4_015,14,130last_DTend_QT,QT,B1,DTend_QT,345,373.05309734513276,373.75,32.377976053690155,0.86642529164312954,28.053097345132755,18,0
RADBILL_4X4_015,15,110_DTend_PP,PP,B1,DTend_QT,43,42.058933582787652,43.555555555555557,12.907919239171251,0.072906128383304666,0.94106641721234752,18,0.010435328702205982
RADBILL_4X4_015,15,110_DTend_QT,QT,B1,DTend_QT,330,322.83185840707966,395.29411764705884,32.809611217374922,0.21847688305200996,7.1681415929203354,18,0
RADBILL_4X4_015,16,110_DTend_PP,PP,B1,DTend_QT,36,43.463581916537869,43.944444444444443,12.771623979939562,0.58438785296693241,7.4635819165378692,18,-1.008824299032328
RADBILL_4X4_015,16,110_DTend_QT,QT,B1,DTend_QT,345,351.48026315789474,394.41176470588238,34.409407913260821,0.18832823785373398,6.4802631578947398,18,0
RADBILL_4X4_015,16,120_DTend_PP,PP,B2,DT5_PP,35,51.662876137158847,39.882352941176471,11.357169282776718,1.4671680699897902,16.662876137158847,18,0
RADBILL_4X4_015,16,120_DTend_QT,QT,B2,DT5_PP,330,382.30538922155688,392.5,21.908902300206645,2.3874034629778569,52.305389221556879,18,1.0561663183194117
RADBILL_4X4_015,16,130first_DTend_PP,PP,B2,DT5_PP,29,46.190692792162345,34.411764705882355,11.662219040181695,1.4740498984740831,17.190692792162345,18,0
RADBILL_4X4_015,16,130first_DTend_QT,QT,B2,DT5_PP,310,372.08012596221135,377.64705882352939,27.620058780871986,2.2476464099781124,62.080125962211355,18,1.2529382477036797
RADBILL_4X4_015,16,130last_DTend_PP,PP,B1,DTend_QT,41,37.012131715771233,37.25,11.17437544861755,0.35687616749284462,3.9878682842287674,18,-0.18000002515692964
RADBILL_4X4_015,16,130last_DTend_QT,QT,B1,DTend_QT,310,327.37435008665511,375.9375,28.764489102595466,0.60402081276970765,17.374350086655113,18,0
RADBILL_4X4_015,17,110_DTend_PP,PP,B1,DTend_QT,67,41.09788732394366,42.222222222222221,11.507315093174201,2.2509258212126917,25.90211267605634,18,0.44539669908852741
RADBILL_4X4_015,17,110_DTend_QT,QT,B1,DTend_QT,385,386.49433891644054,392.05882352941177,36.403074369198706,0.041049799840667506,1.4943389164405403,18,0
RADBILL_4X4_015,17,120_DTend_PP,PP,B2,DT5_PP,53,44.374091209517516,38.823529411764703,10.887121371818443,0.79230390622913793,8.6259087904824838,18,-0.14579347140115939
RADBILL_4X4_015,17,120_DTend_QT,QT,B2,DT5_PP,390,381.17610837438423,388.75,26.92582403567252,0.32771110789127533,8.8238916256157722,18,-0.076670802083974032
RADBILL_4X4_015,17,130first_DTend_PP,PP,B2,DT5_PP,49,38.724058162590879,33.235294117647058,11.093519570929157,0.92630132138924437,10.275941837409121,18,-0.20879523234110775
RADBILL_4X4_015,17,130first_DTend_QT,QT,B2,DT5_PP,370,368.38730998017184,374.11764705882354,32.124527920541446,0.050201205254037658,1.6126900198281646,18,-0.071803913661741992
RADBILL_4X4_015,17,130last_DTend_PP,PP,B1,DTend_QT,58,35.200687285223367,36.1875,9.792641795416257,2.3282085867215669,22.799312714776633,18,0.18114407764511764
RADBILL_4X4_015,17,130last_DTend_QT,QT,B1,DTend_QT,380,359.02061855670104,371.5625,33.101800051759525,0.63378370392228267,20.979381443298962,18,0
RADBILL_4X4_015,18,110_DTend_PP,PP,B1,DTend_QT,58,41.55996114447192,42.722222222222221,12.394522298440386,1.3263955205112459,16.44003885552808,18,1.0081545791124171
RADBILL_4X4_015,18,110_DTend_QT,QT,B1,DTend_QT,380,381.36875704093126,392.35294117647061,36.319659236546038,0.037686395459183404,1.3687570409312571,18,0
RADBILL_4X4_015,18,120_DTend_PP,PP,B2,DT5_PP,55,49.376857749469224,38.705882352941174,10.710769731223527,0.52499889285626777,5.6231422505307762,18,0
RADBILL_4X4_015,18,120_DTend_QT,QT,B2,DT5_PP,355,376.83979406420349,390.9375,25.378386473532945,0.86056669075396708,21.839794064203488,18,-0.035138242446157819
RADBILL_4X4_015,18,130first_DTend_PP,PP,B2,DT5_PP,41,45.19426751592357,33.705882352941174,11.601533874246721,0.36152698094810337,4.1942675159235705,18,0
RADBILL_4X4_015,18,130first_DTend_QT,QT,B2,DT5_PP,355,364.8115711252654,375,31.770662567847086,0.30882488221051524,9.8115711252654023,18,0.091096398042570637
RADBILL_4X4_015,18,130last_DTend_PP,PP,B1,DTend_QT,45,36.277158774373255,37,11.033282980751165,0.79059344719470603,8.7228412256267447,18,0.60314783155115459
RADBILL_4X4_015,18,130last_DTend_QT,QT,B1,DTend_QT,350,355.59888579387189,373.4375,32.645507603139926,0.17150555175724613,5.5988857938718866,18,0
RADBILL_4X4_016,1,110_DTend_PP,PP,B2,DTend_PP,39,54.426783114992723,43.777777777777779,12.859217593780077,1.1996673205416917,15.426783114992723,18,0
RADBILL_4X4_016,1,110_DTend_QT,QT,B1,DTend_QT,415,423.2665330661323,390.29411764705884,35.945731154551495,0.22997259481493612,8.2665330661322969,18,0
RADBILL_4X4_016,1,120_DTend_PP,PP,B1,DTend_QT,34,40.046231961517904,39.941176470588232,11.327348477442184,0.5337729278443808,6.0462319615179041,18,-0.87873769031689153
RADBILL_4X4_016,1,120_DTend_QT,QT,B1,DTend_QT,400,409.53629032258067,388.125,26.762847382145271,0.35632569981857642,9.536290322580669,18,0
RADBILL_4X4_016,1,130first_DTend_PP,PP,B2,DTend_PP,25,43.335490370829625,34.647058823529413,11.499680302461609,1.5944347919745865,18.335490370829625,18,0
RADBILL_4X4_016,1,130first_DTend_QT,QT,B1,DTend_QT,405,399.84901122394439,372.05882352941177,31.127701867137763,0.16547925054157728,5.1509887760556126,18,0
RADBILL_4X4_016,1,130last_DTend_PP,PP,B2,DTend_PP,35,42.005069280162218,37.625,11.194492693582262,0.62576031553249245,7.0050692801622176,18,0
RADBILL_4X4_016,1,130last_DTend_QT,QT,B2,DTend_PP,395,357.93680297397771,370.625,32.602402774437756,1.1368240949124788,37.063197026022294,18,1.0224765147388593
RADBILL_4X4_016,2,110_DTend_PP,PP,B2,DT5_PP,63,44.636021730045968,42.444444444444443,11.961812877664549,1.5352169823893329,18.363978269954032,18,0
RADBILL_4X4_016,2,110_DTend_QT,QT,B1,DTend_QT,410,406.63678840469152,390.58823529411762,36.136994243312166,0.093068382297205335,3.3632115953084849,18,0
RADBILL_4X4_016,2,120_DTend_PP,PP,B1,DTend_QT,60,37.339941911857558,38.411764705882355,10.143093854499053,2.2340380965805009,22.660058088142442,18,0.33164257931777752
RADBILL_4X4_016,2,120_DTend_QT,QT,B1,DTend_QT,395,396.21467953135766,388.4375,26.87742237145023,0.045193304423712846,1.2146795313576604,18,0
RADBILL_4X4_016,2,130first_DTend_PP,PP,B2,DT5_PP,53,35.288723266364222,33,10.682930309610748,1.6579043596027276,17.711276733635778,18,0
RADBILL_4X4_016,2,130first_DTend_QT,QT,B1,DTend_QT,380,386.31582270488695,373.52941176470586,32.101630891316923,0.19674460547720346,6.3158227048869549,18,0
RADBILL_4X4_016,2,130last_DTend_PP,PP,B2,DT5_PP,49,37.664436042426473,36.75,10.785793124908958,1.0509717575979569,11.335563957573527,18,0
RADBILL_4X4_016,2,130last_DTend_QT,QT,B2,DT5_PP,370,370.57165322715559,372.1875,33.164677494788535,0.017236809471324496,0.57165322715559341,18,-0.37603489215635716
RADBILL_4X4_016,3,110_DTend_PP,PP,B2,DT5_PP,48,49.168822328114366,43.277777777777779,12.860361149240285,0.090885653563734764,1.1688223281143664,18,0.032550641576789441
RADBILL_4X4_016,3,110_DTend_QT,QT,B1,DTend_QT,365,348.125,393.23529411764707,35.791984807643573,0.47147427254149515,16.875,18,0
RADBILL_4X4_016,3,120_DTend_PP,PP,B1,DTend_QT,46,36.094547563805101,39.235294117647058,11.300052056100814,0.87658467297476028,9.9054524361948992,18,0.72797455905205466
RADBILL_4X4_016,3,120_DTend_QT,QT,B1,DTend_QT,390,337.69280762564995,388.75,26.92582403567252,1.9426403554094083,52.307192374350052,18,0
RADBILL_4X4_016,3,130first_DTend_PP,PP,B2,DT5_PP,39,39.565102445472569,33.823529411764703,11.668522261396509,0.048429649685986557,0.5651024454725686,18,-0.03476696161558248
RADBILL_4X4_016,3,130first_DTend_QT,QT,B1,DTend_QT,335,331.47041763341065,376.1764705882353,30.543483949358261,0.11555925880758966,3.5295823665893522,18,0
RADBILL_4X4_016,3,130last_DTend_PP,PP,B2,DT5_PP,32,42.400246305418719,37.8125,11.118865349785771,0.9353693905124143,10.400246305418719,18,0.24287679695532061
RADBILL_4X4_016,3,130last_DTend_QT,QT,B2,DT5_PP,345,366.65640394088672,373.75,32.377976053690155,0.66886218906874861,21.656403940886719,18,-0.26237719405828741
RADBILL_4X4_016,4,110_DTend_PP,PP,B2,DT5_PP,26,35.675966155957013,44.5,12.147379286472114,0.79654762790955402,9.6759661559570134,18,0
RADBILL_4X4_016,4,110_DTend_QT,QT,B1,DTend_QT,460,421.97167196961919,387.64705882352939,31.923622085515664,1.1912284868086744,38.028328030380806,18,0
RADBILL_4X4_016,4,120_DTend_PP,PP,B1,DTend_QT,28,41.387842112501716,40.294117647058826,11.021369617034631,1.2147167346433481,13.387842112501716,18,0.84820793399048888
RADBILL_4X4_016,4,120_DTend_QT,QT,B1,DTend_QT,445,406.22251705837755,385.3125,22.395591083961147,1.7314784323506147,38.777482941622452,18,0
RADBILL_4X4_016,4,130first_DTend_PP,PP,B2,DT5_PP,25,26.287899388171308,34.647058823529413,11.499680302461609,0.11199436456469329,1.2878993881713079,18,0
RADBILL_4X4_016,4,130first_DTend_QT,QT,B1,DTend_QT,430,401.03493329665793,370.58823529411762,28.716412605706452,1.0086589540639979,28.965066703342075,18,0
RADBILL_4X4_016,4,130last_DTend_PP,PP,B2,DT5_PP,30,27.619961173918007,37.9375,11.036114956511343,0.21565911876241942,2.3800388260819929,18,0
RADBILL_4X4_016,4,130last_DTend_QT,QT,B2,DT5_PP,435,378.77012675573826,368.125,28.628365886535217,1.964131430593052,56.229873244261739,18,0.66251756142744722
RADBILL_4X4_016,5,110_DTend_PP,PP,B2,DT5_PP,37,43.965104652712974,43.888888888888886,12.805738092924404,0.54390497464268972,6.9651046527129736,18,0
RADBILL_4X4_016,5,110_DTend_QT,QT,B1,DTend_QT,385,391.93862275449101,392.05882352941177,36.403074369198706,0.19060540557975236,6.9386227544910071,18,0
RADBILL_4X4_016,5,120_DTend_PP,PP,B1,DTend_QT,33,39.102882703777333,40,11.291589790636214,0.54048037671703897,6.1028827037773326,18,-0.10946604154117945
RADBILL_4X4_016,5,120_DTend_QT,QT,B1,DTend_QT,385,383.8761937244202,389.0625,26.908409466187333,0.041764128682223012,1.1238062755797955,18,0
RADBILL_4X4_016,5,130first_DTend_PP,PP,B2,DT5_PP,26,34.92591994835378,34.588235294117645,11.549127800019207,0.7728652849732025,8.9259199483537799,18,0
RADBILL_4X4_016,5,130first_DTend_QT,QT,B1,DTend_QT,375,370.96669980119282,373.8235294117647,32.138830279969831,0.12549617281251496,4.0333001988071828,18,0
RADBILL_4X4_016,5,130last_DTend_PP,PP,B2,DT5_PP,29,36.88457418318157,38,10.984838035522721,0.7177688153147519,7.8845741831815701,18,0
RADBILL_4X4_016,5,130last_DTend_QT,QT,B2,DT5_PP,375,373.84105516871989,371.875,33.159965822258222,0.03495012140519705,1.1589448312801096,18,-0.25808144661386168
RADBILL_4X4_016,6,110_DTend_PP,PP,B2,DT5_PP,24,13.290174256845795,44.611111111111114,11.95648428008289,0.89573368661510577,10.709825743154205,18,0.66272104030959866
RADBILL_4X4_016,6,110_DTend_QT,QT,B1,DTend_QT,335,341.58723218189766,395,33.400973039718465,0.19721677491444678,6.5872321818976616,18,0
RADBILL_4X4_016,6,120_DTend_PP,PP,B1,DTend_QT,18,45.055839183152514,40.882352941176471,9.9742315051159238,2.7125738127569221,27.055839183152514,18,2.4180056999480199
RADBILL_4X4_016,6,130first_DTend_PP,PP,B2,DT5_PP,5,15.921291053227627,35.823529411764703,9.0362830724090255,1.2086043526651129,10.921291053227627,18,-0.82159681455596534
RADBILL_4X4_016,6,130first_DTend_QT,QT,B1,DTend_QT,360,308.6869814932993,374.70588235294116,31.940892101431579,1.6064992281289747,51.313018506700701,18,0
RADBILL_4X4_016,7,110_DTend_PP,PP,B2,DT5_PP,31,40.05513243917234,44.222222222222221,12.525529485370624,0.72293410428265048,9.0551324391723398,18,0
RADBILL_4X4_016,7,110_DTend_QT,QT,B1,DTend_QT,385,391.93862275449101,392.05882352941177,36.403074369198706,0.19060540557975236,6.9386227544910071,18,0
RADBILL_4X4_016,7,120_DTend_PP,PP,B1,DTend_QT,30,39.290755467196817,40.176470588235297,11.148067624691997,0.83339604494491981,9.2907554671968171,18,0.24868341800587535
RADBILL_4X4_016,7,120_DTend_QT,QT,B1,DTend_QT,390,383.53171896316508,388.75,26.92582403567252,0.24022592691185457,6.4682810368349237,18,0
RADBILL_4X4_016,7,130first_DTend_PP,PP,B2,DT5_PP,38,30.098598435462844,33.882352941176471,11.693386768496415,0.67571540401148911,7.9014015645371565,18,0
RADBILL_4X4_016,7,130first_DTend_QT,QT,B1,DTend_QT,390,370.02733598409543,372.94117647058823,31.871755890277083,0.62665715954474621,19.97266401590457,18,0
RADBILL_4X4_016,7,130last_DTend_PP,PP,B2,DT5_PP,33,32.498133038307287,37.75,11.150485789118488,0.045008528882434305,0.50186696169271272,18,0
RADBILL_4X4_016,7,130last_DTend_QT,QT,B2,DT5_PP,395,379.23765730880928,370.625,32.602402774437756,0.48347181035225256,15.762342691190725,18,-0.47028659943450662
RADBILL_4X4_016,8,110_DTend_PP,PP,B2,DT5_PP,44,40.664902880107164,43.5,12.908045826492232,0.25837351096538141,3.3350971198928363,18,-0.61125534483852673
RADBILL_4X4_016,8,110_DTend_QT,QT,B1,DTend_QT,430,446.40915269596735,389.41176470588238,35.083932974243019,0.46771132267337817,16.40915269596735,18,0
RADBILL_4X4_016,8,120_DTend_PP,PP,B1,DTend_QT,36,40.864654635967639,39.823529411764703,11.381098882124954,0.427432771330018,4.8646546359676393,18,-0.072990324948182361
RADBILL_4X4_016,8,120_DTend_QT,QT,B1,DTend_QT,420,426.25660211267609,386.875,25.617376914898998,0.24423273832682177,6.2566021126760916,18,0
RADBILL_4X4_016,8,130first_DTend_PP,PP,B2,DT5_PP,38,31.497893713545039,33.882352941176471,11.693386768496415,0.55604987803640649,6.5021062864549606,18,-0.51382068915044665
RADBILL_4X4_016,8,130first_DTend_QT,QT,B1,DTend_QT,420,420.02333540759179,371.1764705882353,29.871046378804774,0.00078120489305473842,0.023335407591787316,18,0
RADBILL_4X4_016,8,130last_DTend_PP,PP,B2,DT5_PP,40,33.325571895424837,37.3125,11.193562137824284,0.5962738243996103,6.6744281045751634,18,-0.30190926254366723
RADBILL_4X4_016,8,130last_DTend_QT,QT,B2,DT5_PP,415,375.40441176470586,369.375,31.138133106102128,1.2716108605603786,39.595588235294144,18,1.0588774993232626
RADBILL_4X4_016,10,110_DTend_PP,PP,B2,DT5_PP,32,34.246751863684764,44.166666666666664,12.585005083081073,0.17852609902440439,2.2467518636847643,18,-0.23870885628275437
RADBILL_4X4_016,10,110_DTend_QT,QT,B1,DTend_QT,425,427.78045776454894,389.70588235294116,35.420270866204483,0.078499054257709186,2.7804577645489417,18,0
RADBILL_4X4_016,10,120_DTend_PP,PP,B1,DTend_QT,33,40.506945399532384,40,11.291589790636214,0.66482625907626181,7.506945399532384,18,0.60688076026335935
RADBILL_4X4_016,10,120_DTend_QT,QT,B1,DTend_QT,405,413.74336618650489,387.8125,26.581243387020105,0.32892991720524112,8.7433661865048862,18,0
RADBILL_4X4_016,10,130first_DTend_PP,PP,B2,DT5_PP,22,25.958333333333329,34.823529411764703,11.315008252966759,0.34983035317676114,3.9583333333333286,18,-0.32492760688882005
RADBILL_4X4_016,10,130first_DTend_QT,QT,B1,DTend_QT,405,405.43941686150458,372.05882352941177,31.127701867137763,0.014116585393298353,0.43941686150458281,18,0
RADBILL_4X4_016,10,130last_DTend_PP,PP,B2,DT5_PP,23,28.41652430501631,38.375,10.531698185319719,0.51430682969689334,5.4165243050163099,18,-0.53208246287623751
RADBILL_4X4_016,10,130last_DTend_QT,QT,B2,DT5_PP,395,388.40153750582391,370.625,32.602402774437756,0.2023919077323246,6.5984624941760899,18,-0.11224045570526633
RADBILL_4X4_016,11,110_DTend_PP,PP,B2,DT5_PP,50,50.497106840256251,43.166666666666664,12.807396759869114,0.038814042351986218,0.49710684025625085,18,-0.3806135544960339
RADBILL_4X4_016,11,110_DTend_QT,QT,B1,DTend_QT,410,406.63678840469152,390.58823529411762,36.136994243312166,0.093068382297205335,3.3632115953084849,18,0
RADBILL_4X4_016,11,120_DTend_PP,PP,B1,DTend_QT,45,38.538956939007448,39.294117647058826,11.334486677185435,0.57003402491950783,6.4610430609925515,18,0.065087325800673002
RADBILL_4X4_016,11,120_DTend_QT,QT,B1,DTend_QT,390,396.61440385940733,388.75,26.92582403567252,0.24565279230244833,6.6144038594073322,18,0
RADBILL_4X4_016,11,130first_DTend_PP,PP,B2,DT5_PP,39,40.96987951807229,33.823529411764703,11.668522261396509,0.16881996485444686,1.9698795180722897,18,-0.19684620277682971
RADBILL_4X4_016,11,130first_DTend_QT,QT,B1,DTend_QT,375,386.71549438060362,373.8235294117647,32.138830279969831,0.36452771549390106,11.715494380603616,18,0
RADBILL_4X4_016,11,130last_DTend_PP,PP,B2,DT5_PP,48,42.305164972852566,36.8125,10.857984773121268,0.5244836077910966,5.6948350271474339,18,-0.11552138134718359
RADBILL_4X4_016,11,130last_DTend_QT,QT,B2,DT5_PP,370,361.88605039677014,372.1875,33.164677494788535,0.24465636985328362,8.1139496032298553,18,-0.14861533177439804
RADBILL_4X4_016,12,110_DTend_PP,PP,B2,DT5_PP,47,44.132233058264568,43.333333333333336,12.87953232618236,0.2226607976988145,2.8677669417354323,18,-0.0047596518060090964
RADBILL_4X4_016,12,120_DTend_PP,PP,B1,DTend_QT,41,38.49707092110183,39.529411764705884,11.413356468732278,0.21929824813192564,2.5029290788981697,18,-0.2005818174667249
RADBILL_4X4_016,12,120_DTend_QT,QT,B1,DTend_QT,380,379.88144329896909,389.375,26.825050481468498,0.0044196263903702156,0.11855670103091143,18,0
RADBILL_4X4_016,12,130first_DTend_PP,PP,B2,DT5_PP,33,35.188953488372093,34.176470588235297,11.732621691877135,0.18656985163747114,2.1889534883720927,18,-0.36247466245043319
RADBILL_4X4_016,12,130first_DTend_QT,QT,B1,DTend_QT,350,367.39935186339272,375.29411764705884,31.54711695599606,0.55153540298666448,17.399351863392724,18,0
RADBILL_4X4_016,12,130last_DTend_PP,PP,B2,DT5_PP,17,38.31209254120558,38.75,9.8013604497879108,2.1744014670602945,21.31209254120558,18,-0.35959729754277436
RADBILL_4X4_016,12,130last_DTend_QT,QT,B2,DT5_PP,350,374.21634181404835,373.4375,32.645507603139926,0.74179706771412435,24.216341814048349,18,0.39473869003624884
RADBILL_4X4_016,13,110_DTend_PP,PP,B2,DT5_PP,49,51.352258735801612,43.222222222222221,12.836325090541505,0.18325016850304635,2.3522587358016125,18,-0.0069491321437890885
RADBILL_4X4_016,13,110_DTend_QT,QT,B1,DTend_QT,395,396.75973721257623,391.47058823529414,36.433359794045252,0.048300162887086842,1.7597372125762263,18,0
RADBILL_4X4_016,13,120_DTend_PP,PP,B1,DTend_QT,45,38.441099639258617,39.294117647058826,11.334486677185435,0.57866761394174404,6.5589003607413829,18,0.35574707577344916
RADBILL_4X4_016,13,120_DTend_QT,QT,B1,DTend_QT,385,388.2079646017699,389.0625,26.908409466187333,0.1192179198031373,3.2079646017699019,18,0
RADBILL_4X4_016,13,130first_DTend_PP,PP,B2,DT5_PP,40,41.582434254888739,33.764705882352942,11.637919765601936,0.13597226022866399,1.5824342548887387,18,-0.17823455314299902
RADBILL_4X4_016,13,130first_DTend_QT,QT,B1,DTend_QT,370,376.47406393830079,374.11764705882354,32.124527920541446,0.20153024362923214,6.4740639383007874,18,0
RADBILL_4X4_016,13,130last_DTend_PP,PP,B2,DT5_PP,39,44.027962435369837,37.375,11.206396982676159,0.44866895605630486,5.0279624353698367,18,0.35661169876735732
RADBILL_4X4_016,13,130last_DTend_QT,QT,B2,DT5_PP,375,359.95251661918331,371.875,33.159965822258222,0.45378464686824999,15.047483380816686,18,0.33471745161182304
RADBILL_4X4_016,14,110_DTend_PP,PP,B2,DT5_PP,30,33.760883981861525,44.277777777777779,12.460788170499704,0.30181750386907552,3.7608839818615252,18,0.21445590309918053
RADBILL_4X4_016,14,110_DTend_QT,QT,B1,DTend_QT,395,396.75973721257623,391.47058823529414,36.433359794045252,0.048300162887086842,1.7597372125762263,18,0
RADBILL_4X4_016,14,120_DTend_PP,PP,B1,DTend_QT,30,39.398308247294437,40.176470588235297,11.148067624691997,0.84304370620052616,9.3983082472944375,18,0.65320083322790135
RADBILL_4X4_016,14,120_DTend_QT,QT,B1,DTend_QT,385,388.2079646017699,389.0625,26.908409466187333,0.1192179198031373,3.2079646017699019,18,0
RADBILL_4X4_016,14,130first_DTend_PP,PP,B2,DT5_PP,28,24.458275623268694,34.470588235294116,11.63033558769277,0.30452469320654529,3.541724376731306,18,-0.04385920677727273
RADBILL_4X4_016,14,130first_DTend_QT,QT,B1,DTend_QT,365,376.7931334743127,374.41176470588238,32.058654883528355,0.3678611444291125,11.793133474312697,18,0
RADBILL_4X4_016,14,130last_DTend_PP,PP,B2,DT5_PP,28,26.416550958067202,38.0625,10.926840043367219,0.14491372031148012,1.5834490419327985,18,-0.062823660265626802
RADBILL_4X4_016,14,130last_DTend_QT,QT,B2,DT5_PP,345,402.72979727853374,373.75,32.377976053690155,1.7829958606061236,57.729797278533738,18,0.91657056896299405
RADBILL_4X4_016,15,110_DTend_PP,PP,B2,DT5_PP,43,48.791037951531777,43.555555555555557,12.907919239171251,0.44864225164640781,5.7910379515317771,18,0.38617145196530911
RADBILL_4X4_016,15,110_DTend_QT,QT,B1,DTend_QT,330,322.83185840707966,395.29411764705884,32.809611217374922,0.21847688305200996,7.1681415929203354,18,0
RADBILL_4X4_016,16,110_DTend_PP,PP,B2,DT5_PP,36,56.34790652560487,43.944444444444443,12.771623979939562,1.5932121519992604,20.34790652560487,18,0
RADBILL_4X4_016,16,110_DTend_QT,QT,B1,DTend_QT,345,351.48026315789474,394.41176470588238,34.409407913260821,0.18832823785373398,6.4802631578947398,18,0
RADBILL_4X4_016,16,120_DTend_PP,PP,B1,DTend_QT,35,38.736078886310906,39.882352941176471,11.357169282776718,0.32896215538291873,3.7360788863109065,18,-1.1382059146068715
RADBILL_4X4_016,16,120_DTend_QT,QT,B1,DTend_QT,330,359.16594454072793,392.5,21.908902300206645,1.3312371446584452,29.165944540727935,18,0
RADBILL_4X4_016,16,130first_DTend_PP,PP,B2,DT5_PP,29,46.190692792162345,34.411764705882355,11.662219040181695,1.4740498984740831,17.190692792162345,18,0
RADBILL_4X4_016,16,130first_DTend_QT,QT,B1,DTend_QT,310,337.47389791183298,377.64705882352939,27.620058780871986,0.99470816227443259,27.473897911832978,18,0
RADBILL_4X4_016,16,130last_DTend_PP,PP,B2,DT5_PP,41,46.999256146092904,37.25,11.17437544861755,0.53687619264977426,5.9992561460929039,18,0
RADBILL_4X4_016,16,130last_DTend_QT,QT,B2,DT5_PP,310,365.6188864507011,375.9375,28.764489102595466,1.9335954917302014,55.618886450701098,18,1.3295746789604936
RADBILL_4X4_016,17,110_DTend_PP,PP,B2,DT5_PP,67,47.687236215112321,42.222222222222221,11.507315093174201,1.6783032035286354,19.312763784887679,18,-0.1272259185955289
RADBILL_4X4_016,17,110_DTend_QT,QT,B1,DTend_QT,385,386.49433891644054,392.05882352941177,36.403074369198706,0.041049799840667506,1.4943389164405403,18,0
RADBILL_4X4_016,17,120_DTend_PP,PP,B1,DTend_QT,53,37.705845693630813,38.823529411764703,10.887121371818443,1.4047932216461227,15.294154306369187,18,0.46669584401582542
RADBILL_4X4_016,17,120_DTend_QT,QT,B1,DTend_QT,390,379.11168384879727,388.75,26.92582403567252,0.40438190997524937,10.88831615120273,18,0
RADBILL_4X4_016,17,130first_DTend_PP,PP,B2,DT5_PP,49,38.724058162590879,33.235294117647058,11.093519570929157,0.92630132138924437,10.275941837409121,18,-0.20879523234110775
RADBILL_4X4_016,17,130first_DTend_QT,QT,B1,DTend_QT,370,366.08064315094106,374.11764705882354,32.124527920541446,0.12200511891577966,3.9193568490589428,18,0
RADBILL_4X4_016,17,130last_DTend_PP,PP,B2,DT5_PP,58,40.126847290640399,36.1875,9.792641795416257,1.8251614919403742,17.873152709359601,18,-0.32190301713607505
RADBILL_4X4_016,17,130last_DTend_QT,QT,B2,DT5_PP,380,363.5960591133005,371.5625,33.101800051759525,0.4955603882885381,16.403940886699502,18,-0.13822331563374457
RADBILL_4X4_016,18,110_DTend_PP,PP,B2,DT5_PP,58,54.055555555555557,42.722222222222221,12.394522298440386,0.31824094139882875,3.9444444444444429,18,0
RADBILL_4X4_016,18,110_DTend_QT,QT,B1,DTend_QT,380,381.36875704093126,392.35294117647061,36.319659236546038,0.037686395459183404,1.3687570409312571,18,0
RADBILL_4X4_016,18,120_DTend_PP,PP,B1,DTend_QT,55,37.346810647915618,38.705882352941174,10.710769731223527,1.6481718676691035,17.653189352084382,18,1.1231729748128356
RADBILL_4X4_016,18,120_DTend_QT,QT,B1,DTend_QT,355,377.73154596100278,390.9375,25.378386473532945,0.8957049332001249,22.73154596100278,18,0
RADBILL_4X4_016,18,130first_DTend_PP,PP,B2,DT5_PP,41,45.19426751592357,33.705882352941174,11.601533874246721,0.36152698094810337,4.1942675159235705,18,0
RADBILL_4X4_016,18,130first_DTend_QT,QT,B1,DTend_QT,355,361.9173782019086,375,31.770662567847086,0.2177284841679446,6.9173782019086048,18,0
RADBILL_4X4_016,18,130last_DTend_PP,PP,B2,DT5_PP,45,47.068140520896421,37,11.033282980751165,0.18744561564355147,2.0681405208964208,18,0
RADBILL_4X4_016,18,130last_DTend_QT,QT,B2,DT5_PP,350,357.12295578437312,373.4375,32.645507603139926,0.21819099494375804,7.1229557843731186,18,0.04668544318651191
RADBILL_4X4_017,1,110_DTend_PP,PP,B2,DTend_PP,39,54.426783114992723,43.777777777777779,12.859217593780077,1.1996673205416917,15.426783114992723,18,0
RADBILL_4X4_017,1,110_DTend_QT,QT,B1,DTend_PP,415,388.28384965556137,390.29411764705884,35.945731154551495,0.74323569131395451,26.716150344438631,18,0.51326309649901836
RADBILL_4X4_017,1,120_DTend_PP,PP,B1,DTend_PP,34,50.000000000000007,39.941176470588232,11.327348477442184,1.4125106181612723,16.000000000000007,18,0
RADBILL_4X4_017,1,120_DTend_QT,QT,B1,DTend_PP,400,377.7041793398671,388.125,26.762847382145271,0.83308851041789644,22.295820660132904,18,0.47676281059932002
RADBILL_4X4_017,1,130first_DTend_PP,PP,B1,DTend_PP,25,43.335490370829625,34.647058823529413,11.499680302461609,1.5944347919745865,18.335490370829625,18,0
RADBILL_4X4_017,1,130first_DTend_QT,QT,B2,DTend_PP,405,361.52884876196379,372.05882352941177,31.127701867137763,1.3965422639802947,43.471151238036214,18,1.2310630134387175
RADBILL_4X4_017,1,130last_DTend_PP,PP,B2,DTend_PP,35,42.005069280162218,37.625,11.194492693582262,0.62576031553249245,7.0050692801622176,18,0
RADBILL_4X4_017,1,130last_DTend_QT,QT,B2,DTend_PP,395,357.93680297397771,370.625,32.602402774437756,1.1368240949124788,37.063197026022294,18,1.0224765147388593
RADBILL_4X4_017,2,110_DTend_PP,PP,B2,DTend_QT,63,40.992462311557787,42.444444444444443,11.961812877664549,1.8398162480484324,22.007537688442213,18,0.30459926565909945
RADBILL_4X4_017,2,110_DTend_QT,QT,B1,DT5_PP,410,390.51104972375691,390.58823529411762,36.136994243312166,0.53930745166637339,19.488950276243088,18,0.44623906936916807
RADBILL_4X4_017,2,120_DTend_PP,PP,B1,DT5_PP,60,40.703823720025923,38.411764705882355,10.143093854499053,1.9023955172627234,19.296176279974077,18,0
RADBILL_4X4_017,2,120_DTend_QT,QT,B1,DT5_PP,395,386.85916953859538,388.4375,26.87742237145023,0.3028873211462414,8.1408304614046187,18,0.25769401672252856
RADBILL_4X4_017,2,130first_DTend_PP,PP,B1,DT5_PP,53,35.288723266364222,33,10.682930309610748,1.6579043596027276,17.711276733635778,18,0
RADBILL_4X4_017,2,130first_DTend_QT,QT,B2,DTend_QT,380,386.31582270488695,373.52941176470586,32.101630891316923,0.19674460547720346,6.3158227048869549,18,0
RADBILL_4X4_017,2,130last_DTend_PP,PP,B2,DTend_QT,49,35.096485182632669,36.75,10.785793124908958,1.289058176469029,13.903514817367331,18,0.23808641887107207
RADBILL_4X4_017,2,130last_DTend_QT,QT,B2,DTend_QT,370,383.04272915230877,372.1875,33.164677494788535,0.39327170162768166,13.042729152308766,18,0
RADBILL_4X4_017,3,110_DTend_PP,PP,B2,DTend_QT,48,41.514972952086552,43.277777777777779,12.860361149240285,0.5042647692904445,6.485027047913448,18,0.44592975730349915
RADBILL_4X4_017,3,110_DTend_QT,QT,B1,DTend_QT,365,348.125,393.23529411764707,35.791984807643573,0.47147427254149515,16.875,18,0
RADBILL_4X4_017,3,120_DTend_PP,PP,B1,DTend_QT,46,36.094547563805101,39.235294117647058,11.300052056100814,0.87658467297476028,9.9054524361948992,18,0.72797455905205466
RADBILL_4X4_017,3,120_DTend_QT,QT,B1,DTend_QT,390,337.69280762564995,388.75,26.92582403567252,1.9426403554094083,52.307192374350052,18,0
RADBILL_4X4_017,3,130first_DTend_PP,PP,B1,DTend_QT,39,28.675754060324824,33.823529411764703,11.668522261396509,0.88479463880626408,10.324245939675176,18,0.801598027504695
RADBILL_4X4_017,3,130first_DTend_QT,QT,B2,DTend_QT,335,331.47041763341065,376.1764705882353,30.543483949358261,0.11555925880758966,3.5295823665893522,18,0
RADBILL_4X4_017,3,130last_DTend_PP,PP,B2,DTend_QT,32,40.233102253032925,37.8125,11.118865349785771,0.74046244774351488,8.233102253032925,18,0.04796985418642119
RADBILL_4X4_017,3,130last_DTend_QT,QT,B2,DTend_QT,345,314.84835355285963,373.75,32.377976053690155,0.93123938312703602,30.151646447140365,18,0
RADBILL_4X4_017,4,110_DTend_PP,PP,B2,DTend_QT,26,45.400405718701698,44.5,12.147379286472114,1.5970856973492951,19.400405718701698,18,0.80053806943974104
RADBILL_4X4_017,4,110_DTend_QT,QT,B1,DTend_QT,460,421.97167196961919,387.64705882352939,31.923622085515664,1.1912284868086744,38.028328030380806,18,0
RADBILL_4X4_017,4,120_DTend_PP,PP,B1,DTend_QT,28,41.387842112501716,40.294117647058826,11.021369617034631,1.2147167346433481,13.387842112501716,18,0.84820793399048888
RADBILL_4X4_017,4,120_DTend_QT,QT,B1,DTend_QT,445,406.22251705837755,385.3125,22.395591083961147,1.7314784323506147,38.777482941622452,18,0
RADBILL_4X4_017,4,130first_DTend_PP,PP,B1,DTend_QT,25,37.411910328703065,34.647058823529413,11.499680302461609,1.079326555369212,12.411910328703065,18,0.96733219080451871
RADBILL_4X4_017,4,130first_DTend_QT,QT,B2,DTend_QT,430,401.03493329665793,370.58823529411762,28.716412605706452,1.0086589540639979,28.965066703342075,18,0
RADBILL_4X4_017,4,130last_DTend_PP,PP,B2,DTend_QT,30,36.44048521607278,37.9375,11.036114956511343,0.58358265036672829,6.4404852160727799,18,0.36792353160430891
RADBILL_4X4_017,4,130last_DTend_QT,QT,B2,DTend_QT,435,397.73692191053829,368.125,28.628365886535217,1.3016138691656047,37.263078089461715,18,0
RADBILL_4X4_017,5,110_DTend_PP,PP,B2,DTend_QT,37,42.894190140845069,43.888888888888886,12.805738092924404,0.4602772677431069,5.894190140845069,18,-0.083627706899582821
RADBILL_4X4_017,5,110_DTend_QT,QT,B1,DT5_PP,385,392.05809150603687,392.05882352941177,36.403074369198706,0.19388723695295504,7.0580915060368739,18,0.003281831373202676
RADBILL_4X4_017,5,120_DTend_PP,PP,B1,DT5_PP,33,40.338928340865074,40,11.291589790636214,0.64994641825821842,7.3389283408650741,18,0
RADBILL_4X4_017,5,120_DTend_QT,QT,B1,DT5_PP,385,390.9828602035351,389.0625,26.908409466187333,0.22234165163322125,5.9828602035350968,18,0.18057752295099824
RADBILL_4X4_017,5,130first_DTend_PP,PP,B1,DT5_PP,26,34.92591994835378,34.588235294117645,11.549127800019207,0.7728652849732025,8.9259199483537799,18,0
RADBILL_4X4_017,5,130first_DTend_QT,QT,B2,DTend_QT,375,370.96669980119282,373.8235294117647,32.138830279969831,0.12549617281251496,4.0333001988071828,18,0
RADBILL_4X4_017,5,130last_DTend_PP,PP,B2,DTend_QT,29,37.181446111869029,38,10.984838035522721,0.74479442349645075,8.1814461118690289,18,0.027025608181698857
RADBILL_4X4_017,5,130last_DTend_QT,QT,B2,DTend_QT,375,365.28308321964528,371.875,33.159965822258222,0.29303156801905872,9.7169167803547225,18,0
RADBILL_4X4_017,6,110_DTend_PP,PP,B2,DT5_PP,24,13.290174256845795,44.611111111111114,11.95648428008289,0.89573368661510577,10.709825743154205,18,0.66272104030959866
RADBILL_4X4_017,6,110_DTend_QT,QT,B1,DTend_QT,335,341.58723218189766,395,33.400973039718465,0.19721677491444678,6.5872321818976616,18,0
RADBILL_4X4_017,6,120_DTend_PP,PP,B1,DTend_QT,18,45.055839183152514,40.882352941176471,9.9742315051159238,2.7125738127569221,27.055839183152514,18,2.4180056999480199
RADBILL_4X4_017,6,130first_DTend_PP,PP,B1,DTend_QT,5,39.143267389917035,35.823529411764703,9.0362830724090255,3.7784636798473623,34.143267389917035,18,1.7482625126262841
RADBILL_4X4_017,6,130first_DTend_QT,QT,B2,DT5_PP,360,428.68629671574178,374.70588235294116,31.940892101431579,2.1504188579837216,68.686296715741776,18,0.54391962985474684
RADBILL_4X4_017,7,110_DTend_PP,PP,B2,DTend_QT,31,43.249647887323945,44.222222222222221,12.525529485370624,0.9779744562200825,12.249647887323945,18,0.25504035193743202
RADBILL_4X4_017,7,110_DTend_QT,QT,B1,DT5_PP,385,392.16407922912208,392.05882352941177,36.403074369198706,0.19679874167945927,7.1640792291220805,18,0.0061933360997069031
RADBILL_4X4_017,7,120_DTend_PP,PP,B1,DT5_PP,30,36.518415906127771,40.176470588235297,11.148067624691997,0.58471262693904447,6.5184159061277711,18,0
RADBILL_4X4_017,7,120_DTend_QT,QT,B1,DT5_PP,390,397.88514728253352,388.75,26.92582403567252,0.29284701824118486,7.8851472825335236,18,0.052621091329330294
RADBILL_4X4_017,7,130first_DTend_PP,PP,B1,DT5_PP,38,30.098598435462844,33.882352941176471,11.693386768496415,0.67571540401148911,7.9014015645371565,18,0
RADBILL_4X4_017,7,130first_DTend_QT,QT,B2,DTend_QT,390,370.02733598409543,372.94117647058823,31.871755890277083,0.62665715954474621,19.97266401590457,18,0
RADBILL_4X4_017,7,130last_DTend_PP,PP,B2,DTend_QT,33,36.905866302864936,37.75,11.150485789118488,0.35028664909618418,3.9058663028649363,18,0.30527812021374989
RADBILL_4X4_017,7,130last_DTend_QT,QT,B2,DTend_QT,395,363.90518417462482,370.625,32.602402774437756,0.95375840978675919,31.094815825375179,18,0
RADBILL_4X4_017,8,110_DTend_PP,PP,B2,DTend_PP,44,32.774790877243149,43.5,12.908045826492232,0.86962885580390814,11.225209122756851,18,0
RADBILL_4X4_017,8,110_DTend_QT,QT,B1,DT5_PP,430,389.23973185784212,389.41176470588238,35.083932974243019,1.1617930114073061,40.760268142157884,18,0.69408168873392784
RADBILL_4X4_017,8,120_DTend_PP,PP,B1,DT5_PP,36,37.460952689565779,39.823529411764703,11.381098882124954,0.12836657555627934,1.4609526895657794,18,-0.37205652072192102
RADBILL_4X4_017,8,120_DTend_QT,QT,B1,DT5_PP,420,392.93709150326799,386.875,25.617376914898998,1.0564277750464097,27.062908496732007,18,0.81219503671958793
RADBILL_4X4_017,8,130first_DTend_PP,PP,B1,DT5_PP,38,31.497893713545039,33.882352941176471,11.693386768496415,0.55604987803640649,6.5021062864549606,18,-0.51382068915044665
RADBILL_4X4_017,8,130first_DTend_QT,QT,B2,DTend_PP,420,372.17249240121578,371.1764705882353,29.871046378804774,1.6011326483936161,47.827507598784223,18,1.6003514435005615
RADBILL_4X4_017,8,130last_DTend_PP,PP,B2,DTend_PP,40,29.946131805157592,37.3125,11.193562137824284,0.89818308694327753,10.053868194842408,18,0
RADBILL_4X4_017,8,130last_DTend_QT,QT,B2,DTend_PP,415,373.68767908309457,369.375,31.138133106102128,1.3267436675196649,41.312320916905435,18,1.1140103062825488
RADBILL_4X4_017,10,110_DTend_PP,PP,B2,DTend_QT,32,44.426101236476043,44.166666666666664,12.585005083081073,0.98737355721702047,12.426101236476043,18,0.57013860190986176
RADBILL_4X4_017,10,110_DTend_QT,QT,B1,DTend_QT,425,427.78045776454894,389.70588235294116,35.420270866204483,0.078499054257709186,2.7804577645489417,18,0
RADBILL_4X4_017,10,120_DTend_PP,PP,B1,DTend_QT,33,40.506945399532384,40,11.291589790636214,0.66482625907626181,7.506945399532384,18,0.60688076026335935
RADBILL_4X4_017,10,120_DTend_QT,QT,B1,DTend_QT,405,413.74336618650489,387.8125,26.581243387020105,0.32892991720524112,8.7433661865048862,18,0
RADBILL_4X4_017,10,130first_DTend_PP,PP,B1,DTend_QT,22,37.940448356484666,34.823529411764703,11.315008252966759,1.4087880450555685,15.940448356484666,18,0.73403008498998734
RADBILL_4X4_017,10,130first_DTend_QT,QT,B2,DTend_QT,405,405.43941686150458,372.05882352941177,31.127701867137763,0.014116585393298353,0.43941686150458281,18,0
RADBILL_4X4_017,10,130last_DTend_PP,PP,B2,DTend_QT,23,37.756633813495071,38.375,10.531698185319719,1.4011637585726249,14.756633813495071,18,0.35477446599949403
RADBILL_4X4_017,10,130last_DTend_QT,QT,B2,DTend_QT,395,405.25777103866562,370.625,32.602402774437756,0.31463236343759093,10.257771038665624,18,0
RADBILL_4X4_017,11,110_DTend_PP,PP,B2,DTend_QT,50,42.029522613065325,43.166666666666664,12.807396759869114,0.62233391659337722,7.9704773869346752,18,0.20290631974535711
RADBILL_4X4_017,11,110_DTend_QT,QT,B1,DT5_PP,410,389.87899693385896,390.58823529411762,36.136994243312166,0.55679791547313917,20.121003066141043,18,0.46372953317593385
RADBILL_4X4_017,11,120_DTend_PP,PP,B1,DT5_PP,45,46.450803212851412,39.294117647058826,11.334486677185435,0.12799902229111562,1.4508032128514117,18,-0.37694767682771924
RADBILL_4X4_017,11,120_DTend_QT,QT,B1,DT5_PP,390,378.60608380899345,388.75,26.92582403567252,0.42315942404998974,11.393916191006554,18,0.17750663174754142
RADBILL_4X4_017,11,130first_DTend_PP,PP,B1,DT5_PP,39,40.96987951807229,33.823529411764703,11.668522261396509,0.16881996485444686,1.9698795180722897,18,-0.19684620277682971
RADBILL_4X4_017,11,130first_DTend_QT,QT,B2,DTend_QT,375,386.71549438060362,373.8235294117647,32.138830279969831,0.36452771549390106,11.715494380603616,18,0
RADBILL_4X4_017,11,130last_DTend_PP,PP,B2,DTend_QT,48,35.176430048242594,36.8125,10.857984773121268,1.1810267024413137,12.823569951757406,18,0.5410217133030335
RADBILL_4X4_017,11,130last_DTend_QT,QT,B2,DTend_QT,370,383.04272915230877,372.1875,33.164677494788535,0.39327170162768166,13.042729152308766,18,0
RADBILL_4X4_017,12,110_DTend_PP,PP,B2,DTend_QT,47,42.282746478873243,43.333333333333336,12.87953232618236,0.36625969031012207,4.7172535211267572,18,0.13883924080529847
RADBILL_4X4_017,12,120_DTend_PP,PP,B1,DT5_PP,41,40.544089147286826,39.529411764705884,11.413356468732278,0.039945379254750793,0.45591085271317411,18,-0.37993468634389976
RADBILL_4X4_017,12,120_DTend_QT,QT,B1,DT5_PP,380,390.12821370064523,389.375,26.825050481468498,0.3775655038428386,10.128213700645233,18,0.37314587745246841
RADBILL_4X4_017,12,130first_DTend_PP,PP,B1,DT5_PP,33,35.188953488372093,34.176470588235297,11.732621691877135,0.18656985163747114,2.1889534883720927,18,-0.36247466245043319
RADBILL_4X4_017,12,130first_DTend_QT,QT,B2,DTend_QT,350,367.39935186339272,375.29411764705884,31.54711695599606,0.55153540298666448,17.399351863392724,18,0
RADBILL_4X4_017,12,130last_DTend_PP,PP,B2,DTend_QT,17,38.356701030927837,38.75,9.8013604497879108,2.1789527219550395,21.356701030927837,18,-0.3550460426480293
RADBILL_4X4_017,12,130last_DTend_QT,QT,B2,DTend_QT,350,361.32989690721649,373.4375,32.645507603139926,0.34705837767787551,11.329896907216494,18,0
RADBILL_4X4_017,13,110_DTend_PP,PP,B2,DTend_QT,49,42.180678205581067,43.222222222222221,12.836325090541505,0.53125187671070873,6.8193217944189328,18,0.34105257606387329
RADBILL_4X4_017,13,110_DTend_QT,QT,B1,DTend_QT,395,396.75973721257623,391.47058823529414,36.433359794045252,0.048300162887086842,1.7597372125762263,18,0
RADBILL_4X4_017,13,120_DTend_PP,PP,B1,DTend_QT,45,38.441099639258617,39.294117647058826,11.334486677185435,0.57866761394174404,6.5589003607413829,18,0.35574707577344916
RADBILL_4X4_017,13,120_DTend_QT,QT,B1,DTend_QT,385,388.2079646017699,389.0625,26.908409466187333,0.1192179198031373,3.2079646017699019,18,0
RADBILL_4X4_017,13,130first_DTend_PP,PP,B1,DTend_QT,40,33.193307625326533,33.764705882352942,11.637919765601936,0.58487191111180614,6.8066923746734673,18,0.27066509774014313
RADBILL_4X4_017,13,130first_DTend_QT,QT,B2,DTend_QT,370,376.47406393830079,374.11764705882354,32.124527920541446,0.20153024362923214,6.4740639383007874,18,0
RADBILL_4X4_017,13,130last_DTend_PP,PP,B2,DTend_QT,39,36.309734513274336,37.375,11.206396982676159,0.24006516018346619,2.6902654867256643,18,0.14800790289451862
RADBILL_4X4_017,13,130last_DTend_QT,QT,B2,DTend_QT,375,371.05173587474474,371.875,33.159965822258222,0.11906719525642695,3.9482641252552639,18,0
RADBILL_4X4_017,14,110_DTend_PP,PP,B2,DTend_QT,30,43.370275521017305,44.277777777777779,12.460788170499704,1.07298794731707,13.370275521017305,18,0.98562634654717507
RADBILL_4X4_017,14,110_DTend_QT,QT,B1,DT5_PP,395,391.28131405146894,391.47058823529414,36.433359794045252,0.10206815867524935,3.7186859485310606,18,0.053767995788162506
RADBILL_4X4_017,14,120_DTend_PP,PP,B1,DT5_PP,30,30.39127423822714,40.176470588235297,11.148067624691997,0.035097942656941016,0.39127423822714036,18,-0.15474493031568382
RADBILL_4X4_017,14,120_DTend_QT,QT,B1,DT5_PP,385,412.74804617764909,389.0625,26.908409466187333,1.0312035058228479,27.748046177649087,18,0.91198558601971058
RADBILL_4X4_017,14,130first_DTend_PP,PP,B1,DT5_PP,28,24.458275623268694,34.470588235294116,11.63033558769277,0.30452469320654529,3.541724376731306,18,-0.04385920677727273
RADBILL_4X4_017,14,130first_DTend_QT,QT,B2,DTend_QT,365,376.7931334743127,374.41176470588238,32.058654883528355,0.3678611444291125,11.793133474312697,18,0
RADBILL_4X4_017,14,130last_DTend_PP,PP,B2,DTend_QT,28,37.043567052416606,38.0625,10.926840043367219,0.82764706141243527,9.0435670524166056,18,0.61990968083532838
RADBILL_4X4_017,14,130last_DTend_QT,QT,B2,DTend_QT,345,373.05309734513276,373.75,32.377976053690155,0.86642529164312954,28.053097345132755,18,0
RADBILL_4X4_017,15,110_DTend_PP,PP,B2,DTend_QT,43,42.058933582787652,43.555555555555557,12.907919239171251,0.072906128383304666,0.94106641721234752,18,0.010435328702205982
RADBILL_4X4_017,15,110_DTend_QT,QT,B1,DT5_PP,330,396.34259259259261,395.29411764705884,32.809611217374922,2.0220475077577174,66.342592592592609,18,1.8035706247057073
RADBILL_4X4_017,16,110_DTend_PP,PP,B2,DT5_QT,36,44.624800955414017,43.944444444444443,12.771623979939562,0.67530965278660127,8.6248009554140168,18,-0.9179024992126591
RADBILL_4X4_017,16,110_DTend_QT,QT,B1,DT5_PP,345,398.22983318098721,394.41176470588238,34.409407913260821,1.546955801017236,53.229833180987214,18,1.3586275631635019
RADBILL_4X4_017,16,120_DTend_PP,PP,B1,DT5_PP,35,51.662876137158847,39.882352941176471,11.357169282776718,1.4671680699897902,16.662876137158847,18,0
RADBILL_4X4_017,16,120_DTend_QT,QT,B1,DT5_PP,330,382.30538922155688,392.5,21.908902300206645,2.3874034629778569,52.305389221556879,18,1.0561663183194117
RADBILL_4X4_017,16,130first_DTend_PP,PP,B1,DT5_PP,29,46.190692792162345,34.411764705882355,11.662219040181695,1.4740498984740831,17.190692792162345,18,0
RADBILL_4X4_017,16,130first_DTend_QT,QT,B2,DT5_QT,310,344.97172322022618,377.64705882352939,27.620058780871986,1.2661712090361488,34.971723220226181,18,0.27146304676171618
RADBILL_4X4_017,16,130last_DTend_PP,PP,B2,DT5_QT,41,36.796019900497512,37.25,11.17437544861755,0.37621611327034726,4.2039800995024876,18,-0.160660079379427
RADBILL_4X4_017,16,130last_DTend_QT,QT,B2,DT5_QT,310,344.0080845771144,375.9375,28.764489102595466,1.1822940590328719,34.008084577114403,18,0.57827324626316423
RADBILL_4X4_017,17,110_DTend_PP,PP,B2,DTend_QT,67,41.09788732394366,42.222222222222221,11.507315093174201,2.2509258212126917,25.90211267605634,18,0.44539669908852741
RADBILL_4X4_017,17,110_DTend_QT,QT,B1,DT5_PP,385,392.17187838130275,392.05882352941177,36.403074369198706,0.19701298600678085,7.1718783813027471,18,0.15596318616611335
RADBILL_4X4_017,17,120_DTend_PP,PP,B1,DT5_PP,53,44.374091209517516,38.823529411764703,10.887121371818443,0.79230390622913793,8.6259087904824838,18,-0.14579347140115939
RADBILL_4X4_017,17,120_DTend_QT,QT,B1,DT5_PP,390,381.17610837438423,388.75,26.92582403567252,0.32771110789127533,8.8238916256157722,18,-0.076670802083974032
RADBILL_4X4_017,17,130first_DTend_PP,PP,B1,DT5_PP,49,38.724058162590879,33.235294117647058,11.093519570929157,0.92630132138924437,10.275941837409121,18,-0.20879523234110775
RADBILL_4X4_017,17,130first_DTend_QT,QT,B2,DTend_QT,370,366.08064315094106,374.11764705882354,32.124527920541446,0.12200511891577966,3.9193568490589428,18,0
RADBILL_4X4_017,17,130last_DTend_PP,PP,B2,DTend_QT,58,35.200687285223367,36.1875,9.792641795416257,2.3282085867215669,22.799312714776633,18,0.18114407764511764
RADBILL_4X4_017,17,130last_DTend_QT,QT,B2,DTend_QT,380,359.02061855670104,371.5625,33.101800051759525,0.63378370392228267,20.979381443298962,18,0
RADBILL_4X4_017,18,110_DTend_PP,PP,B2,DTend_QT,58,41.55996114447192,42.722222222222221,12.394522298440386,1.3263955205112459,16.44003885552808,18,1.0081545791124171
RADBILL_4X4_017,18,110_DTend_QT,QT,B1,DTend_QT,380,381.36875704093126,392.35294117647061,36.319659236546038,0.037686395459183404,1.3687570409312571,18,0
RADBILL_4X4_017,18,120_DTend_PP,PP,B1,DTend_QT,55,37.346810647915618,38.705882352941174,10.710769731223527,1.6481718676691035,17.653189352084382,18,1.1231729748128356
RADBILL_4X4_017,18,120_DTend_QT,QT,B1,DTend_QT,355,377.73154596100278,390.9375,25.378386473532945,0.8957049332001249,22.73154596100278,18,0
RADBILL_4X4_017,18,130first_DTend_PP,PP,B1,DTend_QT,41,32.007785032646908,33.705882352941174,11.601533874246721,0.77508845509766267,8.9922149673530924,18,0.41356147414955929
RADBILL_4X4_017,18,130first_DTend_QT,QT,B2,DTend_QT,355,361.9173782019086,375,31.770662567847086,0.2177284841679446,6.9173782019086048,18,0
RADBILL_4X4_017,18,130last_DTend_PP,PP,B2,DTend_QT,45,36.277158774373255,37,11.033282980751165,0.79059344719470603,8.7228412256267447,18,0.60314783155115459
RADBILL_4X4_017,18,130last_DTend_QT,QT,B2,DTend_QT,350,355.59888579387189,373.4375,32.645507603139926,0.17150555175724613,5.5988857938718866,18,0
RADBILL_4X4_018,1,110_DTend_PP,PP,B2,DTend_PP,39,54.426783114992723,43.777777777777779,12.859217593780077,1.1996673205416917,15.426783114992723,18,0
RADBILL_4X4_018,1,110_DTend_QT,QT,B1,DTend_QT,415,423.2665330661323,390.29411764705884,35.945731154551495,0.22997259481493612,8.2665330661322969,18,0
RADBILL_4X4_018,1,120_DTend_PP,PP,B1,DTend_QT,34,40.046231961517904,39.941176470588232,11.327348477442184,0.5337729278443808,6.0462319615179041,18,-0.87873769031689153
RADBILL_4X4_018,1,120_DTend_QT,QT,B1,DTend_QT,400,409.53629032258067,388.125,26.762847382145271,0.35632569981857642,9.536290322580669,18,0
RADBILL_4X4_018,1,130first_DTend_PP,PP,B2,DTend_PP,25,43.335490370829625,34.647058823529413,11.499680302461609,1.5944347919745865,18.335490370829625,18,0
RADBILL_4X4_018,1,130first_DTend_QT,QT,B2,DTend_PP,405,361.52884876196379,372.05882352941177,31.127701867137763,1.3965422639802947,43.471151238036214,18,1.2310630134387175
RADBILL_4X4_018,1,130last_DTend_PP,PP,B2,DTend_PP,35,42.005069280162218,37.625,11.194492693582262,0.62576031553249245,7.0050692801622176,18,0
RADBILL_4X4_018,1,130last_DTend_QT,QT,B1,DTend_QT,395,398.72800586510266,370.625,32.602402774437756,0.1143475801736196,3.7280058651026593,18,0
RADBILL_4X4_018,2,110_DTend_PP,PP,B2,DT5_PP,63,44.636021730045968,42.444444444444443,11.961812877664549,1.5352169823893329,18.363978269954032,18,0
RADBILL_4X4_018,2,110_DTend_QT,QT,B1,DTend_QT,410,406.63678840469152,390.58823529411762,36.136994243312166,0.093068382297205335,3.3632115953084849,18,0
RADBILL_4X4_018,2,120_DTend_PP,PP,B1,DTend_QT,60,37.339941911857558,38.411764705882355,10.143093854499053,2.2340380965805009,22.660058088142442,18,0.33164257931777752
RADBILL_4X4_018,2,120_DTend_QT,QT,B1,DTend_QT,395,396.21467953135766,388.4375,26.87742237145023,0.045193304423712846,1.2146795313576604,18,0
RADBILL_4X4_018,2,130first_DTend_PP,PP,B2,DT5_PP,53,35.288723266364222,33,10.682930309610748,1.6579043596027276,17.711276733635778,18,0
RADBILL_4X4_018,2,130first_DTend_QT,QT,B2,DT5_PP,380,371.150356448477,373.52941176470586,32.101630891316923,0.27567582411885239,8.8496435515230019,18,0.078931218641648926
RADBILL_4X4_018,2,130last_DTend_PP,PP,B2,DT5_PP,49,37.664436042426473,36.75,10.785793124908958,1.0509717575979569,11.335563957573527,18,0
RADBILL_4X4_018,2,130last_DTend_QT,QT,B1,DTend_QT,370,383.04272915230877,372.1875,33.164677494788535,0.39327170162768166,13.042729152308766,18,0
RADBILL_4X4_018,3,110_DTend_PP,PP,B2,DT5_PP,48,49.168822328114366,43.277777777777779,12.860361149240285,0.090885653563734764,1.1688223281143664,18,0.032550641576789441
RADBILL_4X4_018,3,110_DTend_QT,QT,B1,DTend_QT,365,348.125,393.23529411764707,35.791984807643573,0.47147427254149515,16.875,18,0
RADBILL_4X4_018,3,120_DTend_PP,PP,B1,DTend_QT,46,36.094547563805101,39.235294117647058,11.300052056100814,0.87658467297476028,9.9054524361948992,18,0.72797455905205466
RADBILL_4X4_018,3,120_DTend_QT,QT,B1,DTend_QT,390,337.69280762564995,388.75,26.92582403567252,1.9426403554094083,52.307192374350052,18,0
RADBILL_4X4_018,3,130first_DTend_PP,PP,B2,DT5_PP,39,39.565102445472569,33.823529411764703,11.668522261396509,0.048429649685986557,0.5651024454725686,18,-0.03476696161558248
RADBILL_4X4_018,3,130first_DTend_QT,QT,B2,DT5_PP,335,371.33096497025775,376.1764705882353,30.543483949358261,1.1894833290955038,36.330964970257753,18,1.073924070287914
RADBILL_4X4_018,3,130last_DTend_PP,PP,B2,DT5_PP,32,42.400246305418719,37.8125,11.118865349785771,0.9353693905124143,10.400246305418719,18,0.24287679695532061
RADBILL_4X4_018,3,130last_DTend_QT,QT,B1,DTend_QT,345,314.84835355285963,373.75,32.377976053690155,0.93123938312703602,30.151646447140365,18,0
RADBILL_4X4_018,4,110_DTend_PP,PP,B2,DT5_PP,26,35.675966155957013,44.5,12.147379286472114,0.79654762790955402,9.6759661559570134,18,0
RADBILL_4X4_018,4,110_DTend_QT,QT,B1,DTend_QT,460,421.97167196961919,387.64705882352939,31.923622085515664,1.1912284868086744,38.028328030380806,18,0
RADBILL_4X4_018,4,120_DTend_PP,PP,B1,DTend_QT,28,41.387842112501716,40.294117647058826,11.021369617034631,1.2147167346433481,13.387842112501716,18,0.84820793399048888
RADBILL_4X4_018,4,120_DTend_QT,QT,B1,DTend_QT,445,406.22251705837755,385.3125,22.395591083961147,1.7314784323506147,38.777482941622452,18,0
RADBILL_4X4_018,4,130first_DTend_PP,PP,B2,DT5_PP,25,26.287899388171308,34.647058823529413,11.499680302461609,0.11199436456469329,1.2878993881713079,18,0
RADBILL_4X4_018,4,130first_DTend_QT,QT,B2,DT5_PP,430,376.24915023793341,370.58823529411762,28.716412605706452,1.8717814965294572,53.750849762066593,18,0.86312254246545939
RADBILL_4X4_018,4,130last_DTend_PP,PP,B2,DT5_PP,30,27.619961173918007,37.9375,11.036114956511343,0.21565911876241942,2.3800388260819929,18,0
RADBILL_4X4_018,4,130last_DTend_QT,QT,B1,DTend_QT,435,397.73692191053829,368.125,28.628365886535217,1.3016138691656047,37.263078089461715,18,0
RADBILL_4X4_018,5,110_DTend_PP,PP,B2,DT5_PP,37,43.965104652712974,43.888888888888886,12.805738092924404,0.54390497464268972,6.9651046527129736,18,0
RADBILL_4X4_018,5,110_DTend_QT,QT,B1,DTend_QT,385,391.93862275449101,392.05882352941177,36.403074369198706,0.19060540557975236,6.9386227544910071,18,0
RADBILL_4X4_018,5,120_DTend_PP,PP,B1,DTend_QT,33,39.102882703777333,40,11.291589790636214,0.54048037671703897,6.1028827037773326,18,-0.10946604154117945
RADBILL_4X4_018,5,120_DTend_QT,QT,B1,DTend_QT,385,383.8761937244202,389.0625,26.908409466187333,0.041764128682223012,1.1238062755797955,18,0
RADBILL_4X4_018,5,130first_DTend_PP,PP,B2,DT5_PP,26,34.92591994835378,34.588235294117645,11.549127800019207,0.7728652849732025,8.9259199483537799,18,0
RADBILL_4X4_018,5,130first_DTend_QT,QT,B2,DT5_PP,375,373.4885409941898,373.8235294117647,32.138830279969831,0.047029060878802278,1.5114590058101953,18,-0.078467111933712683
RADBILL_4X4_018,5,130last_DTend_PP,PP,B2,DT5_PP,29,36.88457418318157,38,10.984838035522721,0.7177688153147519,7.8845741831815701,18,0
RADBILL_4X4_018,5,130last_DTend_QT,QT,B1,DTend_QT,375,365.28308321964528,371.875,33.159965822258222,0.29303156801905872,9.7169167803547225,18,0
RADBILL_4X4_018,6,110_DTend_PP,PP,B2,DT5_PP,24,13.290174256845795,44.611111111111114,11.95648428008289,0.89573368661510577,10.709825743154205,18,0.66272104030959866
RADBILL_4X4_018,6,110_DTend_QT,QT,B1,DTend_QT,335,341.58723218189766,395,33.400973039718465,0.19721677491444678,6.5872321818976616,18,0
RADBILL_4X4_018,6,120_DTend_PP,PP,B1,DTend_QT,18,45.055839183152514,40.882352941176471,9.9742315051159238,2.7125738127569221,27.055839183152514,18,2.4180056999480199
RADBILL_4X4_018,6,130first_DTend_PP,PP,B2,DT5_PP,5,15.921291053227627,35.823529411764703,9.0362830724090255,1.2086043526651129,10.921291053227627,18,-0.82159681455596534
RADBILL_4X4_018,6,130first_DTend_QT,QT,B2,DT5_PP,360,428.68629671574178,374.70588235294116,31.940892101431579,2.1504188579837216,68.686296715741776,18,0.54391962985474684
RADBILL_4X4_018,7,110_DTend_PP,PP,B2,DT5_PP,31,40.05513243917234,44.222222222222221,12.525529485370624,0.72293410428265048,9.0551324391723398,18,0
RADBILL_4X4_018,7,110_DTend_QT,QT,B1,DTend_QT,385,391.93862275449101,392.05882352941177,36.403074369198706,0.19060540557975236,6.9386227544910071,18,0
RADBILL_4X4_018,7,120_DTend_PP,PP,B1,DTend_QT,30,39.290755467196817,40.176470588235297,11.148067624691997,0.83339604494491981,9.2907554671968171,18,0.24868341800587535
RADBILL_4X4_018,7,120_DTend_QT,QT,B1,DTend_QT,390,383.53171896316508,388.75,26.92582403567252,0.24022592691185457,6.4682810368349237,18,0
RADBILL_4X4_018,7,130first_DTend_PP,PP,B2,DT5_PP,38,30.098598435462844,33.882352941176471,11.693386768496415,0.67571540401148911,7.9014015645371565,18,0
RADBILL_4X4_018,7,130first_DTend_QT,QT,B2,DT5_PP,390,376.49282920469363,372.94117647058823,31.871755890277083,0.42379751030368906,13.507170795306365,18,-0.20285964924105715
RADBILL_4X4_018,7,130last_DTend_PP,PP,B2,DT5_PP,33,32.498133038307287,37.75,11.150485789118488,0.045008528882434305,0.50186696169271272,18,0
RADBILL_4X4_018,7,130last_DTend_QT,QT,B1,DTend_QT,395,363.90518417462482,370.625,32.602402774437756,0.95375840978675919,31.094815825375179,18,0
RADBILL_4X4_018,8,110_DTend_PP,PP,B2,DTend_PP,44,32.774790877243149,43.5,12.908045826492232,0.86962885580390814,11.225209122756851,18,0
RADBILL_4X4_018,8,110_DTend_QT,QT,B1,DTend_QT,430,446.40915269596735,389.41176470588238,35.083932974243019,0.46771132267337817,16.40915269596735,18,0
RADBILL_4X4_018,8,120_DTend_PP,PP,B1,DTend_QT,36,40.864654635967639,39.823529411764703,11.381098882124954,0.427432771330018,4.8646546359676393,18,-0.072990324948182361
RADBILL_4X4_018,8,120_DTend_QT,QT,B1,DTend_QT,420,426.25660211267609,386.875,25.617376914898998,0.24423273832682177,6.2566021126760916,18,0
RADBILL_4X4_018,8,130first_DTend_PP,PP,B2,DTend_PP,38,25.489589665653497,33.882352941176471,11.693386768496415,1.0698705671868531,12.510410334346503,18,0
RADBILL_4X4_018,8,130first_DTend_QT,QT,B2,DTend_PP,420,372.17249240121578,371.1764705882353,29.871046378804774,1.6011326483936161,47.827507598784223,18,1.6003514435005615
RADBILL_4X4_018,8,130last_DTend_PP,PP,B2,DTend_PP,40,29.946131805157592,37.3125,11.193562137824284,0.89818308694327753,10.053868194842408,18,0
RADBILL_4X4_018,8,130last_DTend_QT,QT,B1,DTend_QT,415,421.62411971830983,369.375,31.138133106102128,0.21273336123711609,6.6241197183098279,18,0
RADBILL_4X4_018,10,110_DTend_PP,PP,B2,DTend_PP,32,37.250904033379697,44.166666666666664,12.585005083081073,0.41723495530715876,5.2509040333796975,18,0
RADBILL_4X4_018,10,110_DTend_QT,QT,B1,DTend_QT,425,427.78045776454894,389.70588235294116,35.420270866204483,0.078499054257709186,2.7804577645489417,18,0
RADBILL_4X4_018,10,120_DTend_PP,PP,B1,DTend_QT,33,40.506945399532384,40,11.291589790636214,0.66482625907626181,7.506945399532384,18,0.60688076026335935
RADBILL_4X4_018,10,120_DTend_QT,QT,B1,DTend_QT,405,413.74336618650489,387.8125,26.581243387020105,0.32892991720524112,8.7433661865048862,18,0
RADBILL_4X4_018,10,130first_DTend_PP,PP,B2,DTend_PP,22,29.634891886897066,34.823529411764703,11.315008252966759,0.6747579600655812,7.6348918868970657,18,0
RADBILL_4X4_018,10,130first_DTend_QT,QT,B2,DTend_PP,405,372.96673442986508,372.05882352941177,31.127701867137763,1.029091890781477,32.033265570134915,18,1.0149753053881787
RADBILL_4X4_018,10,130last_DTend_PP,PP,B2,DTend_PP,23,34.020256213730427,38.375,10.531698185319719,1.0463892925731308,11.020256213730427,18,0
RADBILL_4X4_018,10,130last_DTend_QT,QT,B1,DTend_QT,395,405.25777103866562,370.625,32.602402774437756,0.31463236343759093,10.257771038665624,18,0
RADBILL_4X4_018,11,110_DTend_PP,PP,B2,DT5_PP,50,50.497106840256251,43.166666666666664,12.807396759869114,0.038814042351986218,0.49710684025625085,18,-0.3806135544960339
RADBILL_4X4_018,11,110_DTend_QT,QT,B1,DTend_QT,410,406.63678840469152,390.58823529411762,36.136994243312166,0.093068382297205335,3.3632115953084849,18,0
RADBILL_4X4_018,11,120_DTend_PP,PP,B1,DTend_QT,45,38.538956939007448,39.294117647058826,11.334486677185435,0.57003402491950783,6.4610430609925515,18,0.065087325800673002
RADBILL_4X4_018,11,120_DTend_QT,QT,B1,DTend_QT,390,396.61440385940733,388.75,26.92582403567252,0.24565279230244833,6.6144038594073322,18,0
RADBILL_4X4_018,11,130first_DTend_PP,PP,B2,DT5_PP,39,40.96987951807229,33.823529411764703,11.668522261396509,0.16881996485444686,1.9698795180722897,18,-0.19684620277682971
RADBILL_4X4_018,11,130first_DTend_QT,QT,B2,DT5_PP,375,366.48845381526104,373.8235294117647,32.138830279969831,0.26483683788714885,8.5115461847389611,18,-0.099690877606752215
RADBILL_4X4_018,11,130last_DTend_PP,PP,B2,DT5_PP,48,42.305164972852566,36.8125,10.857984773121268,0.5244836077910966,5.6948350271474339,18,-0.11552138134718359
RADBILL_4X4_018,11,130last_DTend_QT,QT,B1,DTend_QT,370,383.04272915230877,372.1875,33.164677494788535,0.39327170162768166,13.042729152308766,18,0
RADBILL_4X4_018,12,110_DTend_PP,PP,B2,DTend_PP,47,49.929069031032299,43.333333333333336,12.87953232618236,0.2274204495048236,2.9290690310322987,18,0
RADBILL_4X4_018,12,120_DTend_PP,PP,B1,DTend_QT,41,38.49707092110183,39.529411764705884,11.413356468732278,0.21929824813192564,2.5029290788981697,18,-0.2005818174667249
RADBILL_4X4_018,12,120_DTend_QT,QT,B1,DTend_QT,380,379.88144329896909,389.375,26.825050481468498,0.0044196263903702156,0.11855670103091143,18,0
RADBILL_4X4_018,12,130first_DTend_PP,PP,B2,DTend_PP,33,39.441731575793888,34.176470588235297,11.732621691877135,0.54904451408790433,6.441731575793888,18,0
RADBILL_4X4_018,12,130first_DTend_QT,QT,B2,DTend_PP,350,370.19772318753746,375.29411764705884,31.54711695599606,0.64023990577999701,20.197723187537463,18,0.088704502793332529
RADBILL_4X4_018,12,130last_DTend_PP,PP,B2,DTend_PP,17,41.836635271191945,38.75,9.8013604497879108,2.5339987646030688,24.836635271191945,18,0
RADBILL_4X4_018,12,130last_DTend_QT,QT,B1,DTend_QT,350,361.32989690721649,373.4375,32.645507603139926,0.34705837767787551,11.329896907216494,18,0
RADBILL_4X4_018,13,110_DTend_PP,PP,B2,DT5_PP,49,51.352258735801612,43.222222222222221,12.836325090541505,0.18325016850304635,2.3522587358016125,18,-0.0069491321437890885
RADBILL_4X4_018,13,110_DTend_QT,QT,B1,DTend_QT,395,396.75973721257623,391.47058823529414,36.433359794045252,0.048300162887086842,1.7597372125762263,18,0
RADBILL_4X4_018,13,120_DTend_PP,PP,B1,DTend_QT,45,38.441099639258617,39.294117647058826,11.334486677185435,0.57866761394174404,6.5589003607413829,18,0.35574707577344916
RADBILL_4X4_018,13,120_DTend_QT,QT,B1,DTend_QT,385,388.2079646017699,389.0625,26.908409466187333,0.1192179198031373,3.2079646017699019,18,0
RADBILL_4X4_018,13,130first_DTend_PP,PP,B2,DT5_PP,40,41.582434254888739,33.764705882352942,11.637919765601936,0.13597226022866399,1.5824342548887387,18,-0.17823455314299902
RADBILL_4X4_018,13,130first_DTend_QT,QT,B2,DT5_PP,370,366.25590020229265,374.11764705882354,32.124527920541446,0.11654956633038185,3.7440997977073494,18,-0.084980677298850282
RADBILL_4X4_018,13,130last_DTend_PP,PP,B2,DT5_PP,39,44.027962435369837,37.375,11.206396982676159,0.44866895605630486,5.0279624353698367,18,0.35661169876735732
RADBILL_4X4_018,13,130last_DTend_QT,QT,B1,DTend_QT,375,371.05173587474474,371.875,33.159965822258222,0.11906719525642695,3.9482641252552639,18,0
RADBILL_4X4_018,14,110_DTend_PP,PP,B2,DT5_PP,30,33.760883981861525,44.277777777777779,12.460788170499704,0.30181750386907552,3.7608839818615252,18,0.21445590309918053
RADBILL_4X4_018,14,110_DTend_QT,QT,B1,DTend_QT,395,396.75973721257623,391.47058823529414,36.433359794045252,0.048300162887086842,1.7597372125762263,18,0
RADBILL_4X4_018,14,120_DTend_PP,PP,B1,DTend_QT,30,39.398308247294437,40.176470588235297,11.148067624691997,0.84304370620052616,9.3983082472944375,18,0.65320083322790135
RADBILL_4X4_018,14,120_DTend_QT,QT,B1,DTend_QT,385,388.2079646017699,389.0625,26.908409466187333,0.1192179198031373,3.2079646017699019,18,0
RADBILL_4X4_018,14,130first_DTend_PP,PP,B2,DT5_PP,28,24.458275623268694,34.470588235294116,11.63033558769277,0.30452469320654529,3.541724376731306,18,-0.04385920677727273
RADBILL_4X4_018,14,130first_DTend_QT,QT,B2,DT5_PP,365,385.51506232686978,374.41176470588238,32.058654883528355,0.63992274165596263,20.515062326869781,18,0.27206159722685014
RADBILL_4X4_018,14,130last_DTend_PP,PP,B2,DT5_PP,28,26.416550958067202,38.0625,10.926840043367219,0.14491372031148012,1.5834490419327985,18,-0.062823660265626802
RADBILL_4X4_018,14,130last_DTend_QT,QT,B1,DTend_QT,345,373.05309734513276,373.75,32.377976053690155,0.86642529164312954,28.053097345132755,18,0
RADBILL_4X4_018,15,110_DTend_PP,PP,B2,DT5_PP,43,48.791037951531777,43.555555555555557,12.907919239171251,0.44864225164640781,5.7910379515317771,18,0.38617145196530911
RADBILL_4X4_018,15,110_DTend_QT,QT,B1,DTend_QT,330,322.83185840707966,395.29411764705884,32.809611217374922,0.21847688305200996,7.1681415929203354,18,0
RADBILL_4X4_018,16,110_DTend_PP,PP,B2,DT5_PP,36,56.34790652560487,43.944444444444443,12.771623979939562,1.5932121519992604,20.34790652560487,18,0
RADBILL_4X4_018,16,110_DTend_QT,QT,B1,DT5_QT,345,361.15682324249815,394.41176470588238,34.409407913260821,0.46954667988551974,16.156823242498149,18,0.28121844203178575
RADBILL_4X4_018,16,120_DTend_PP,PP,B1,DT5_QT,35,41.319361277445111,39.882352941176471,11.357169282776718,0.5564204530285991,6.3193612774451111,18,-0.91074761696119111
RADBILL_4X4_018,16,120_DTend_QT,QT,B1,DT5_QT,330,367.85758706467664,392.5,21.908902300206645,1.7279545340032652,37.857587064676636,18,0.39671738934481993
RADBILL_4X4_018,16,130first_DTend_PP,PP,B2,DT5_PP,29,46.190692792162345,34.411764705882355,11.662219040181695,1.4740498984740831,17.190692792162345,18,0
RADBILL_4X4_018,16,130first_DTend_QT,QT,B2,DT5_PP,310,372.08012596221135,377.64705882352939,27.620058780871986,2.2476464099781124,62.080125962211355,18,1.2529382477036797
RADBILL_4X4_018,16,130last_DTend_PP,PP,B2,DT5_PP,41,46.999256146092904,37.25,11.17437544861755,0.53687619264977426,5.9992561460929039,18,0
RADBILL_4X4_018,16,130last_DTend_QT,QT,B1,DT5_QT,310,344.0080845771144,375.9375,28.764489102595466,1.1822940590328719,34.008084577114403,18,0.57827324626316423
RADBILL_4X4_018,17,110_DTend_PP,PP,B2,DT5_PP,67,47.687236215112321,42.222222222222221,11.507315093174201,1.6783032035286354,19.312763784887679,18,-0.1272259185955289
RADBILL_4X4_018,17,110_DTend_QT,QT,B1,DTend_QT,385,386.49433891644054,392.05882352941177,36.403074369198706,0.041049799840667506,1.4943389164405403,18,0
RADBILL_4X4_018,17,120_DTend_PP,PP,B1,DTend_QT,53,37.705845693630813,38.823529411764703,10.887121371818443,1.4047932216461227,15.294154306369187,18,0.46669584401582542
RADBILL_4X4_018,17,120_DTend_QT,QT,B1,DTend_QT,390,379.11168384879727,388.75,26.92582403567252,0.40438190997524937,10.88831615120273,18,0
RADBILL_4X4_018,17,130first_DTend_PP,PP,B2,DT5_PP,49,38.724058162590879,33.235294117647058,11.093519570929157,0.92630132138924437,10.275941837409121,18,-0.20879523234110775
RADBILL_4X4_018,17,130first_DTend_QT,QT,B2,DT5_PP,370,368.38730998017184,374.11764705882354,32.124527920541446,0.050201205254037658,1.6126900198281646,18,-0.071803913661741992
RADBILL_4X4_018,17,130last_DTend_PP,PP,B2,DT5_PP,58,40.126847290640399,36.1875,9.792641795416257,1.8251614919403742,17.873152709359601,18,-0.32190301713607505
RADBILL_4X4_018,17,130last_DTend_QT,QT,B1,DTend_QT,380,359.02061855670104,371.5625,33.101800051759525,0.63378370392228267,20.979381443298962,18,0
RADBILL_4X4_018,18,110_DTend_PP,PP,B2,DT5_PP,58,54.055555555555557,42.722222222222221,12.394522298440386,0.31824094139882875,3.9444444444444429,18,0
RADBILL_4X4_018,18,110_DTend_QT,QT,B1,DTend_QT,380,381.36875704093126,392.35294117647061,36.319659236546038,0.037686395459183404,1.3687570409312571,18,0
RADBILL_4X4_018,18,120_DTend_PP,PP,B1,DTend_QT,55,37.346810647915618,38.705882352941174,10.710769731223527,1.6481718676691035,17.653189352084382,18,1.1231729748128356
RADBILL_4X4_018,18,120_DTend_QT,QT,B1,DTend_QT,355,377.73154596100278,390.9375,25.378386473532945,0.8957049332001249,22.73154596100278,18,0
RADBILL_4X4_018,18,130first_DTend_PP,PP,B2,DT5_PP,41,45.19426751592357,33.705882352941174,11.601533874246721,0.36152698094810337,4.1942675159235705,18,0
RADBILL_4X4_018,18,130first_DTend_QT,QT,B2,DT5_PP,355,364.8115711252654,375,31.770662567847086,0.30882488221051524,9.8115711252654023,18,0.091096398042570637
RADBILL_4X4_018,18,130last_DTend_PP,PP,B2,DT5_PP,45,47.068140520896421,37,11.033282980751165,0.18744561564355147,2.0681405208964208,18,0
RADBILL_4X4_018,18,130last_DTend_QT,QT,B1,DTend_QT,350,355.59888579387189,373.4375,32.645507603139926,0.17150555175724613,5.5988857938718866,18,0
RADBILL_4X4_019,1,110_DTend_PP,PP,B2,DTend_PP,39,54.426783114992723,43.777777777777779,12.859217593780077,1.1996673205416917,15.426783114992723,18,0
RADBILL_4X4_019,1,110_DTend_QT,QT,B1,DTend_PP,415,388.28384965556137,390.29411764705884,35.945731154551495,0.74323569131395451,26.716150344438631,18,0.51326309649901836
RADBILL_4X4_019,1,120_DTend_PP,PP,B1,DTend_PP,34,50.000000000000007,39.941176470588232,11.327348477442184,1.4125106181612723,16.000000000000007,18,0
RADBILL_4X4_019,1,120_DTend_QT,QT,B1,DTend_PP,400,377.7041793398671,388.125,26.762847382145271,0.83308851041789644,22.295820660132904,18,0.47676281059932002
RADBILL_4X4_019,1,130first_DTend_PP,PP,B2,DTend_PP,25,43.335490370829625,34.647058823529413,11.499680302461609,1.5944347919745865,18.335490370829625,18,0
RADBILL_4X4_019,1,130first_DTend_QT,QT,B2,DTend_PP,405,361.52884876196379,372.05882352941177,31.127701867137763,1.3965422639802947,43.471151238036214,18,1.2310630134387175
RADBILL_4X4_019,1,130last_DTend_PP,PP,B1,DTend_PP,35,42.005069280162218,37.625,11.194492693582262,0.62576031553249245,7.0050692801622176,18,0
RADBILL_4X4_019,1,130last_DTend_QT,QT,B2,DTend_PP,395,357.93680297397771,370.625,32.602402774437756,1.1368240949124788,37.063197026022294,18,1.0224765147388593
RADBILL_4X4_019,2,110_DTend_PP,PP,B2,DT5_PP,63,44.636021730045968,42.444444444444443,11.961812877664549,1.5352169823893329,18.363978269954032,18,0
RADBILL_4X4_019,2,110_DTend_QT,QT,B1,DTend_QT,410,406.63678840469152,390.58823529411762,36.136994243312166,0.093068382297205335,3.3632115953084849,18,0
RADBILL_4X4_019,2,120_DTend_PP,PP,B1,DTend_QT,60,37.339941911857558,38.411764705882355,10.143093854499053,2.2340380965805009,22.660058088142442,18,0.33164257931777752
RADBILL_4X4_019,2,120_DTend_QT,QT,B1,DTend_QT,395,396.21467953135766,388.4375,26.87742237145023,0.045193304423712846,1.2146795313576604,18,0
RADBILL_4X4_019,2,130first_DTend_PP,PP,B2,DT5_PP,53,35.288723266364222,33,10.682930309610748,1.6579043596027276,17.711276733635778,18,0
RADBILL_4X4_019,2,130first_DTend_QT,QT,B2,DT5_PP,380,371.150356448477,373.52941176470586,32.101630891316923,0.27567582411885239,8.8496435515230019,18,0.078931218641648926
RADBILL_4X4_019,2,130last_DTend_PP,PP,B1,DTend_QT,49,35.096485182632669,36.75,10.785793124908958,1.289058176469029,13.903514817367331,18,0.23808641887107207
RADBILL_4X4_019,2,130last_DTend_QT,QT,B2,DT5_PP,370,370.57165322715559,372.1875,33.164677494788535,0.017236809471324496,0.57165322715559341,18,-0.37603489215635716
RADBILL_4X4_019,3,110_DTend_PP,PP,B2,DT5_PP,48,49.168822328114366,43.277777777777779,12.860361149240285,0.090885653563734764,1.1688223281143664,18,0.032550641576789441
RADBILL_4X4_019,3,110_DTend_QT,QT,B1,DTend_QT,365,348.125,393.23529411764707,35.791984807643573,0.47147427254149515,16.875,18,0
RADBILL_4X4_019,3,120_DTend_PP,PP,B1,DTend_QT,46,36.094547563805101,39.235294117647058,11.300052056100814,0.87658467297476028,9.9054524361948992,18,0.72797455905205466
RADBILL_4X4_019,3,120_DTend_QT,QT,B1,DTend_QT,390,337.69280762564995,388.75,26.92582403567252,1.9426403554094083,52.307192374350052,18,0
RADBILL_4X4_019,3,130first_DTend_PP,PP,B2,DT5_PP,39,39.565102445472569,33.823529411764703,11.668522261396509,0.048429649685986557,0.5651024454725686,18,-0.03476696161558248
RADBILL_4X4_019,3,130first_DTend_QT,QT,B2,DT5_PP,335,371.33096497025775,376.1764705882353,30.543483949358261,1.1894833290955038,36.330964970257753,18,1.073924070287914
RADBILL_4X4_019,3,130last_DTend_PP,PP,B1,DTend_QT,32,40.233102253032925,37.8125,11.118865349785771,0.74046244774351488,8.233102253032925,18,0.04796985418642119
RADBILL_4X4_019,3,130last_DTend_QT,QT,B2,DT5_PP,345,366.65640394088672,373.75,32.377976053690155,0.66886218906874861,21.656403940886719,18,-0.26237719405828741
RADBILL_4X4_019,4,110_DTend_PP,PP,B2,DTend_QT,26,45.400405718701698,44.5,12.147379286472114,1.5970856973492951,19.400405718701698,18,0.80053806943974104
RADBILL_4X4_019,4,110_DTend_QT,QT,B1,DTend_QT,460,421.97167196961919,387.64705882352939,31.923622085515664,1.1912284868086744,38.028328030380806,18,0
RADBILL_4X4_019,4,120_DTend_PP,PP,B1,DTend_QT,28,41.387842112501716,40.294117647058826,11.021369617034631,1.2147167346433481,13.387842112501716,18,0.84820793399048888
RADBILL_4X4_019,4,120_DTend_QT,QT,B1,DTend_QT,445,406.22251705837755,385.3125,22.395591083961147,1.7314784323506147,38.777482941622452,18,0
RADBILL_4X4_019,4,130first_DTend_PP,PP,B2,DTend_QT,25,37.411910328703065,34.647058823529413,11.499680302461609,1.079326555369212,12.411910328703065,18,0.96733219080451871
RADBILL_4X4_019,4,130first_DTend_QT,QT,B2,DTend_QT,430,401.03493329665793,370.58823529411762,28.716412605706452,1.0086589540639979,28.965066703342075,18,0
RADBILL_4X4_019,4,130last_DTend_PP,PP,B1,DTend_QT,30,36.44048521607278,37.9375,11.036114956511343,0.58358265036672829,6.4404852160727799,18,0.36792353160430891
RADBILL_4X4_019,4,130last_DTend_QT,QT,B2,DTend_QT,435,397.73692191053829,368.125,28.628365886535217,1.3016138691656047,37.263078089461715,18,0
RADBILL_4X4_019,5,110_DTend_PP,PP,B2,DT5_PP,37,43.965104652712974,43.888888888888886,12.805738092924404,0.54390497464268972,6.9651046527129736,18,0
RADBILL_4X4_019,5,110_DTend_QT,QT,B1,DTend_QT,385,391.93862275449101,392.05882352941177,36.403074369198706,0.19060540557975236,6.9386227544910071,18,0
RADBILL_4X4_019,5,120_DTend_PP,PP,B1,DTend_QT,33,39.102882703777333,40,11.291589790636214,0.54048037671703897,6.1028827037773326,18,-0.10946604154117945
RADBILL_4X4_019,5,120_DTend_QT,QT,B1,DTend_QT,385,383.8761937244202,389.0625,26.908409466187333,0.041764128682223012,1.1238062755797955,18,0
RADBILL_4X4_019,5,130first_DTend_PP,PP,B2,DT5_PP,26,34.92591994835378,34.588235294117645,11.549127800019207,0.7728652849732025,8.9259199483537799,18,0
RADBILL_4X4_019,5,130first_DTend_QT,QT,B2,DT5_PP,375,373.4885409941898,373.8235294117647,32.138830279969831,0.047029060878802278,1.5114590058101953,18,-0.078467111933712683
RADBILL_4X4_019,5,130last_DTend_PP,PP,B1,DTend_QT,29,37.181446111869029,38,10.984838035522721,0.74479442349645075,8.1814461118690289,18,0.027025608181698857
RADBILL_4X4_019,5,130last_DTend_QT,QT,B2,DT5_PP,375,373.84105516871989,371.875,33.159965822258222,0.03495012140519705,1.1589448312801096,18,-0.25808144661386168
RADBILL_4X4_019,6,110_DTend_PP,PP,B2,DT5_PP,24,13.290174256845795,44.611111111111114,11.95648428008289,0.89573368661510577,10.709825743154205,18,0.66272104030959866
RADBILL_4X4_019,6,110_DTend_QT,QT,B1,DTend_QT,335,341.58723218189766,395,33.400973039718465,0.19721677491444678,6.5872321818976616,18,0
RADBILL_4X4_019,6,120_DTend_PP,PP,B1,DTend_QT,18,45.055839183152514,40.882352941176471,9.9742315051159238,2.7125738127569221,27.055839183152514,18,2.4180056999480199
RADBILL_4X4_019,6,130first_DTend_PP,PP,B2,DT5_PP,5,15.921291053227627,35.823529411764703,9.0362830724090255,1.2086043526651129,10.921291053227627,18,-0.82159681455596534
RADBILL_4X4_019,6,130first_DTend_QT,QT,B2,DT5_PP,360,428.68629671574178,374.70588235294116,31.940892101431579,2.1504188579837216,68.686296715741776,18,0.54391962985474684
RADBILL_4X4_019,7,110_DTend_PP,PP,B2,DT5_QT,31,44.400628001477649,44.222222222222221,12.525529485370624,1.0698651914978212,13.400628001477649,18,0.34693108721517074
RADBILL_4X4_019,7,110_DTend_QT,QT,B1,DTend_QT,385,391.93862275449101,392.05882352941177,36.403074369198706,0.19060540557975236,6.9386227544910071,18,0
RADBILL_4X4_019,7,120_DTend_PP,PP,B1,DTend_QT,30,39.290755467196817,40.176470588235297,11.148067624691997,0.83339604494491981,9.2907554671968171,18,0.24868341800587535
RADBILL_4X4_019,7,120_DTend_QT,QT,B1,DTend_QT,390,383.53171896316508,388.75,26.92582403567252,0.24022592691185457,6.4682810368349237,18,0
RADBILL_4X4_019,7,130first_DTend_PP,PP,B2,DT5_QT,38,32.974880209089591,33.882352941176471,11.693386768496415,0.42974032163622344,5.0251197909104093,18,-0.24597508237526566
RADBILL_4X4_019,7,130first_DTend_QT,QT,B2,DT5_QT,390,360.86612458254683,372.94117647058823,31.871755890277083,0.91409696779024519,29.133875417453169,18,0.28743980824549897
RADBILL_4X4_019,7,130last_DTend_PP,PP,B1,DTend_QT,33,36.905866302864936,37.75,11.150485789118488,0.35028664909618418,3.9058663028649363,18,0.30527812021374989
RADBILL_4X4_019,7,130last_DTend_QT,QT,B2,DT5_QT,395,356.98459922996147,370.625,32.602402774437756,1.1660306460554768,38.015400770038525,18,0.21227223626871761
RADBILL_4X4_019,8,110_DTend_PP,PP,B2,DT5_PP,44,40.664902880107164,43.5,12.908045826492232,0.25837351096538141,3.3350971198928363,18,-0.61125534483852673
RADBILL_4X4_019,8,110_DTend_QT,QT,B1,DTend_QT,430,446.40915269596735,389.41176470588238,35.083932974243019,0.46771132267337817,16.40915269596735,18,0
RADBILL_4X4_019,8,120_DTend_PP,PP,B1,DTend_QT,36,40.864654635967639,39.823529411764703,11.381098882124954,0.427432771330018,4.8646546359676393,18,-0.072990324948182361
RADBILL_4X4_019,8,120_DTend_QT,QT,B1,DTend_QT,420,426.25660211267609,386.875,25.617376914898998,0.24423273832682177,6.2566021126760916,18,0
RADBILL_4X4_019,8,130first_DTend_PP,PP,B2,DT5_PP,38,31.497893713545039,33.882352941176471,11.693386768496415,0.55604987803640649,6.5021062864549606,18,-0.51382068915044665
RADBILL_4X4_019,8,130first_DTend_QT,QT,B2,DT5_PP,420,373.3360337005833,371.1764705882353,29.871046378804774,1.5621805044140491,46.6639662994167,18,1.5613992995209944
RADBILL_4X4_019,8,130last_DTend_PP,PP,B1,DTend_QT,40,32.955105633802816,37.3125,11.193562137824284,0.6293701932820569,7.0448943661971839,18,-0.26881289366122063
RADBILL_4X4_019,8,130last_DTend_QT,QT,B2,DT5_PP,415,375.40441176470586,369.375,31.138133106102128,1.2716108605603786,39.595588235294144,18,1.0588774993232626
RADBILL_4X4_019,10,110_DTend_PP,PP,B2,DT5_QT,32,44.940622598001539,44.166666666666664,12.585005083081073,1.028257240467749,12.940622598001539,18,0.61102228516059021
RADBILL_4X4_019,10,110_DTend_QT,QT,B1,DTend_QT,425,427.78045776454894,389.70588235294116,35.420270866204483,0.078499054257709186,2.7804577645489417,18,0
RADBILL_4X4_019,10,120_DTend_PP,PP,B1,DTend_QT,33,40.506945399532384,40,11.291589790636214,0.66482625907626181,7.506945399532384,18,0.60688076026335935
RADBILL_4X4_019,10,120_DTend_QT,QT,B1,DTend_QT,405,413.74336618650489,387.8125,26.581243387020105,0.32892991720524112,8.7433661865048862,18,0
RADBILL_4X4_019,10,130first_DTend_PP,PP,B2,DT5_QT,22,36.380011968880908,34.823529411764703,11.315008252966759,1.2708794945077051,14.380011968880908,18,0.5961215344421239
RADBILL_4X4_019,10,130first_DTend_QT,QT,B2,DT5_QT,405,396.9464392579294,372.05882352941177,31.127701867137763,0.25872648024083439,8.0535607420706015,18,0.24460989484753604
RADBILL_4X4_019,10,130last_DTend_PP,PP,B1,DTend_QT,23,37.756633813495071,38.375,10.531698185319719,1.4011637585726249,14.756633813495071,18,0.35477446599949403
RADBILL_4X4_019,10,130last_DTend_QT,QT,B2,DT5_QT,395,393.81410256410254,370.625,32.602402774437756,0.03637454098405514,1.1858974358974592,18,-0.27825782245353581
RADBILL_4X4_019,11,110_DTend_PP,PP,B2,DT5_QT,50,43.098052193645991,43.166666666666664,12.807396759869114,0.53890325534230921,6.9019478063540092,18,0.11947565849428909
RADBILL_4X4_019,11,110_DTend_QT,QT,B1,DTend_QT,410,406.63678840469152,390.58823529411762,36.136994243312166,0.093068382297205335,3.3632115953084849,18,0
RADBILL_4X4_019,11,120_DTend_PP,PP,B1,DTend_QT,45,38.538956939007448,39.294117647058826,11.334486677185435,0.57003402491950783,6.4610430609925515,18,0.065087325800673002
RADBILL_4X4_019,11,120_DTend_QT,QT,B1,DTend_QT,390,396.61440385940733,388.75,26.92582403567252,0.24565279230244833,6.6144038594073322,18,0
RADBILL_4X4_019,11,130first_DTend_PP,PP,B2,DT5_QT,39,34.290975788701395,33.823529411764703,11.668522261396509,0.40356645904320537,4.7090242112986047,18,0.037900291411928799
RADBILL_4X4_019,11,130first_DTend_QT,QT,B2,DT5_QT,375,394.45194424064562,373.8235294117647,32.138830279969831,0.60524742410332288,19.451944240645616,18,0.24071970860942182
RADBILL_4X4_019,11,130last_DTend_PP,PP,B1,DTend_QT,48,35.176430048242594,36.8125,10.857984773121268,1.1810267024413137,12.823569951757406,18,0.5410217133030335
RADBILL_4X4_019,11,130last_DTend_QT,QT,B2,DT5_QT,370,390.89329374781698,372.1875,33.164677494788535,0.62998633866106901,20.893293747816983,18,0.23671463703338735
RADBILL_4X4_019,12,110_DTend_PP,PP,B2,DT5_PP,47,44.132233058264568,43.333333333333336,12.87953232618236,0.2226607976988145,2.8677669417354323,18,-0.0047596518060090964
RADBILL_4X4_019,12,120_DTend_PP,PP,B1,DTend_QT,41,38.49707092110183,39.529411764705884,11.413356468732278,0.21929824813192564,2.5029290788981697,18,-0.2005818174667249
RADBILL_4X4_019,12,120_DTend_QT,QT,B1,DTend_QT,380,379.88144329896909,389.375,26.825050481468498,0.0044196263903702156,0.11855670103091143,18,0
RADBILL_4X4_019,12,130first_DTend_PP,PP,B2,DT5_PP,33,35.188953488372093,34.176470588235297,11.732621691877135,0.18656985163747114,2.1889534883720927,18,-0.36247466245043319
RADBILL_4X4_019,12,130first_DTend_QT,QT,B2,DT5_PP,350,374.30717054263567,375.29411764705884,31.54711695599606,0.77050370645726118,24.307170542635674,18,0.2189683034705967
RADBILL_4X4_019,12,130last_DTend_PP,PP,B1,DTend_QT,17,38.356701030927837,38.75,9.8013604497879108,2.1789527219550395,21.356701030927837,18,-0.3550460426480293
RADBILL_4X4_019,12,130last_DTend_QT,QT,B2,DT5_PP,350,374.21634181404835,373.4375,32.645507603139926,0.74179706771412435,24.216341814048349,18,0.39473869003624884
RADBILL_4X4_019,13,110_DTend_PP,PP,B2,DT5_PP,49,51.352258735801612,43.222222222222221,12.836325090541505,0.18325016850304635,2.3522587358016125,18,-0.0069491321437890885
RADBILL_4X4_019,13,110_DTend_QT,QT,B1,DTend_QT,395,396.75973721257623,391.47058823529414,36.433359794045252,0.048300162887086842,1.7597372125762263,18,0
RADBILL_4X4_019,13,120_DTend_PP,PP,B1,DTend_QT,45,38.441099639258617,39.294117647058826,11.334486677185435,0.57866761394174404,6.5589003607413829,18,0.35574707577344916
RADBILL_4X4_019,13,120_DTend_QT,QT,B1,DTend_QT,385,388.2079646017699,389.0625,26.908409466187333,0.1192179198031373,3.2079646017699019,18,0
RADBILL_4X4_019,13,130first_DTend_PP,PP,B2,DT5_PP,40,41.582434254888739,33.764705882352942,11.637919765601936,0.13597226022866399,1.5824342548887387,18,-0.17823455314299902
RADBILL_4X4_019,13,130first_DTend_QT,QT,B2,DT5_PP,370,366.25590020229265,374.11764705882354,32.124527920541446,0.11654956633038185,3.7440997977073494,18,-0.084980677298850282
RADBILL_4X4_019,13,130last_DTend_PP,PP,B1,DTend_QT,39,36.309734513274336,37.375,11.206396982676159,0.24006516018346619,2.6902654867256643,18,0.14800790289451862
RADBILL_4X4_019,13,130last_DTend_QT,QT,B2,DT5_PP,375,359.95251661918331,371.875,33.159965822258222,0.45378464686824999,15.047483380816686,18,0.33471745161182304
RADBILL_4X4_019,14,110_DTend_PP,PP,B2,DT5_PP,30,33.760883981861525,44.277777777777779,12.460788170499704,0.30181750386907552,3.7608839818615252,18,0.21445590309918053
RADBILL_4X4_019,14,110_DTend_QT,QT,B1,DTend_QT,395,396.75973721257623,391.47058823529414,36.433359794045252,0.048300162887086842,1.7597372125762263,18,0
RADBILL_4X4_019,14,120_DTend_PP,PP,B1,DTend_QT,30,39.398308247294437,40.176470588235297,11.148067624691997,0.84304370620052616,9.3983082472944375,18,0.65320083322790135
RADBILL_4X4_019,14,120_DTend_QT,QT,B1,DTend_QT,385,388.2079646017699,389.0625,26.908409466187333,0.1192179198031373,3.2079646017699019,18,0
RADBILL_4X4_019,14,130first_DTend_PP,PP,B2,DT5_PP,28,24.458275623268694,34.470588235294116,11.63033558769277,0.30452469320654529,3.541724376731306,18,-0.04385920677727273
RADBILL_4X4_019,14,130first_DTend_QT,QT,B2,DT5_PP,365,385.51506232686978,374.41176470588238,32.058654883528355,0.63992274165596263,20.515062326869781,18,0.27206159722685014
RADBILL_4X4_019,14,130last_DTend_PP,PP,B1,DTend_QT,28,37.043567052416606,38.0625,10.926840043367219,0.82764706141243527,9.0435670524166056,18,0.61990968083532838
RADBILL_4X4_019,14,130last_DTend_QT,QT,B2,DT5_PP,345,402.72979727853374,373.75,32.377976053690155,1.7829958606061236,57.729797278533738,18,0.91657056896299405
RADBILL_4X4_019,15,110_DTend_PP,PP,B2,DT5_PP,43,48.791037951531777,43.555555555555557,12.907919239171251,0.44864225164640781,5.7910379515317771,18,0.38617145196530911
RADBILL_4X4_019,15,110_DTend_QT,QT,B1,DTend_QT,330,322.83185840707966,395.29411764705884,32.809611217374922,0.21847688305200996,7.1681415929203354,18,0
RADBILL_4X4_019,16,110_DTend_PP,PP,B2,DT5_PP,36,56.34790652560487,43.944444444444443,12.771623979939562,1.5932121519992604,20.34790652560487,18,0
RADBILL_4X4_019,16,110_DTend_QT,QT,B1,DT5_PP,345,398.22983318098721,394.41176470588238,34.409407913260821,1.546955801017236,53.229833180987214,18,1.3586275631635019
RADBILL_4X4_019,16,120_DTend_PP,PP,B1,DT5_PP,35,51.662876137158847,39.882352941176471,11.357169282776718,1.4671680699897902,16.662876137158847,18,0
RADBILL_4X4_019,16,120_DTend_QT,QT,B1,DT5_PP,330,382.30538922155688,392.5,21.908902300206645,2.3874034629778569,52.305389221556879,18,1.0561663183194117
RADBILL_4X4_019,16,130first_DTend_PP,PP,B2,DT5_PP,29,46.190692792162345,34.411764705882355,11.662219040181695,1.4740498984740831,17.190692792162345,18,0
RADBILL_4X4_019,16,130first_DTend_QT,QT,B2,DT5_PP,310,372.08012596221135,377.64705882352939,27.620058780871986,2.2476464099781124,62.080125962211355,18,1.2529382477036797
RADBILL_4X4_019,16,130last_DTend_PP,PP,B1,DT5_PP,41,46.999256146092904,37.25,11.17437544861755,0.53687619264977426,5.9992561460929039,18,0
RADBILL_4X4_019,16,130last_DTend_QT,QT,B2,DT5_PP,310,365.6188864507011,375.9375,28.764489102595466,1.9335954917302014,55.618886450701098,18,1.3295746789604936
RADBILL_4X4_019,17,110_DTend_PP,PP,B2,DT5_PP,67,47.687236215112321,42.222222222222221,11.507315093174201,1.6783032035286354,19.312763784887679,18,-0.1272259185955289
RADBILL_4X4_019,17,110_DTend_QT,QT,B1,DTend_QT,385,386.49433891644054,392.05882352941177,36.403074369198706,0.041049799840667506,1.4943389164405403,18,0
RADBILL_4X4_019,17,120_DTend_PP,PP,B1,DTend_QT,53,37.705845693630813,38.823529411764703,10.887121371818443,1.4047932216461227,15.294154306369187,18,0.46669584401582542
RADBILL_4X4_019,17,120_DTend_QT,QT,B1,DTend_QT,390,379.11168384879727,388.75,26.92582403567252,0.40438190997524937,10.88831615120273,18,0
RADBILL_4X4_019,17,130first_DTend_PP,PP,B2,DT5_PP,49,38.724058162590879,33.235294117647058,11.093519570929157,0.92630132138924437,10.275941837409121,18,-0.20879523234110775
RADBILL_4X4_019,17,130first_DTend_QT,QT,B2,DT5_PP,370,368.38730998017184,374.11764705882354,32.124527920541446,0.050201205254037658,1.6126900198281646,18,-0.071803913661741992
RADBILL_4X4_019,17,130last_DTend_PP,PP,B1,DTend_QT,58,35.200687285223367,36.1875,9.792641795416257,2.3282085867215669,22.799312714776633,18,0.18114407764511764
RADBILL_4X4_019,17,130last_DTend_QT,QT,B2,DT5_PP,380,363.5960591133005,371.5625,33.101800051759525,0.4955603882885381,16.403940886699502,18,-0.13822331563374457
RADBILL_4X4_019,18,110_DTend_PP,PP,B2,DT5_QT,58,41.766348773841962,42.722222222222221,12.394522298440386,1.3097440010415515,16.233651226158038,18,0.99150305964272278
RADBILL_4X4_019,18,110_DTend_QT,QT,B1,DTend_QT,380,381.36875704093126,392.35294117647061,36.319659236546038,0.037686395459183404,1.3687570409312571,18,0
RADBILL_4X4_019,18,120_DTend_PP,PP,B1,DTend_QT,55,37.346810647915618,38.705882352941174,10.710769731223527,1.6481718676691035,17.653189352084382,18,1.1231729748128356
RADBILL_4X4_019,18,120_DTend_QT,QT,B1,DTend_QT,355,377.73154596100278,390.9375,25.378386473532945,0.8957049332001249,22.73154596100278,18,0
RADBILL_4X4_019,18,130first_DTend_PP,PP,B2,DT5_QT,41,30.835331734612314,33.705882352941174,11.601533874246721,0.87614865202879655,10.164668265387686,18,0.51462167108069323
RADBILL_4X4_019,18,130first_DTend_QT,QT,B2,DT5_QT,355,340.96243005595522,375,31.770662567847086,0.44184064194654976,14.037569944044776,18,0.22411215777860516
RADBILL_4X4_019,18,130last_DTend_PP,PP,B1,DTend_QT,45,36.277158774373255,37,11.033282980751165,0.79059344719470603,8.7228412256267447,18,0.60314783155115459
RADBILL_4X4_019,18,130last_DTend_QT,QT,B2,DT5_QT,350,338.93308330043425,373.4375,32.645507603139926,0.33900274531192487,11.066916699565752,18,0.16749719355467874
RADBILL_4X4_020,1,110_DTend_PP,PP,B2,DTend_PP,39,54.426783114992723,43.777777777777779,12.859217593780077,1.1996673205416917,15.426783114992723,18,0
RADBILL_4X4_020,1,110_DTend_QT,QT,B1,DTend_QT,415,423.2665330661323,390.29411764705884,35.945731154551495,0.22997259481493612,8.2665330661322969,18,0
RADBILL_4X4_020,1,120_DTend_PP,PP,B2,DTend_PP,34,50.000000000000007,39.941176470588232,11.327348477442184,1.4125106181612723,16.000000000000007,18,0
RADBILL_4X4_020,1,120_DTend_QT,QT,B1,DTend_QT,400,409.53629032258067,388.125,26.762847382145271,0.35632569981857642,9.536290322580669,18,0
RADBILL_4X4_020,1,130first_DTend_PP,PP,B1,DTend_QT,25,36.687065740245856,34.647058823529413,11.499680302461609,1.0162948388873154,11.687065740245856,18,-0.57813995308727106
RADBILL_4X4_020,1,130first_DTend_QT,QT,B1,DTend_QT,405,399.84901122394439,372.05882352941177,31.127701867137763,0.16547925054157728,5.1509887760556126,18,0
RADBILL_4X4_020,1,130last_DTend_PP,PP,B2,DTend_PP,35,42.005069280162218,37.625,11.194492693582262,0.62576031553249245,7.0050692801622176,18,0
RADBILL_4X4_020,1,130last_DTend_QT,QT,B2,DTend_PP,395,357.93680297397771,370.625,32.602402774437756,1.1368240949124788,37.063197026022294,18,1.0224765147388593
RADBILL_4X4_020,2,110_DTend_PP,PP,B2,DT5_PP,63,44.636021730045968,42.444444444444443,11.961812877664549,1.5352169823893329,18.363978269954032,18,0
RADBILL_4X4_020,2,110_DTend_QT,QT,B1,DTend_QT,410,406.63678840469152,390.58823529411762,36.136994243312166,0.093068382297205335,3.3632115953084849,18,0
RADBILL_4X4_020,2,120_DTend_PP,PP,B2,DT5_PP,60,40.703823720025923,38.411764705882355,10.143093854499053,1.9023955172627234,19.296176279974077,18,0
RADBILL_4X4_020,2,120_DTend_QT,QT,B1,DTend_QT,395,396.21467953135766,388.4375,26.87742237145023,0.045193304423712846,1.2146795313576604,18,0
RADBILL_4X4_020,2,130first_DTend_PP,PP,B1,DTend_QT,53,32.753377951761586,33,10.682930309610748,1.8952311268027111,20.246622048238414,18,0.23732676719998347
RADBILL_4X4_020,2,130first_DTend_QT,QT,B1,DTend_QT,380,386.31582270488695,373.52941176470586,32.101630891316923,0.19674460547720346,6.3158227048869549,18,0
RADBILL_4X4_020,2,130last_DTend_PP,PP,B2,DT5_PP,49,37.664436042426473,36.75,10.785793124908958,1.0509717575979569,11.335563957573527,18,0
RADBILL_4X4_020,2,130last_DTend_QT,QT,B2,DT5_PP,370,370.57165322715559,372.1875,33.164677494788535,0.017236809471324496,0.57165322715559341,18,-0.37603489215635716
RADBILL_4X4_020,3,110_DTend_PP,PP,B2,DTend_PP,48,48.750209321797378,43.277777777777779,12.860361149240285,0.058335011986945323,0.75020932179737798,18,0
RADBILL_4X4_020,3,110_DTend_QT,QT,B1,DTend_QT,365,348.125,393.23529411764707,35.791984807643573,0.47147427254149515,16.875,18,0
RADBILL_4X4_020,3,120_DTend_PP,PP,B2,DTend_PP,46,44.320697976610354,39.235294117647058,11.300052056100814,0.14861011392270559,1.6793020233896456,18,0
RADBILL_4X4_020,3,120_DTend_QT,QT,B1,DTend_QT,390,337.69280762564995,388.75,26.92582403567252,1.9426403554094083,52.307192374350052,18,0
RADBILL_4X4_020,3,130first_DTend_PP,PP,B1,DTend_QT,39,28.675754060324824,33.823529411764703,11.668522261396509,0.88479463880626408,10.324245939675176,18,0.801598027504695
RADBILL_4X4_020,3,130first_DTend_QT,QT,B1,DTend_QT,335,331.47041763341065,376.1764705882353,30.543483949358261,0.11555925880758966,3.5295823665893522,18,0
RADBILL_4X4_020,3,130last_DTend_PP,PP,B2,DTend_PP,32,39.699731903485251,37.8125,11.118865349785771,0.69249259355709369,7.6997319034852509,18,0
RADBILL_4X4_020,3,130last_DTend_QT,QT,B2,DTend_PP,345,368.07238605898124,373.75,32.377976053690155,0.71259506834898811,23.072386058981238,18,-0.21864431477804791
RADBILL_4X4_020,4,110_DTend_PP,PP,B2,DT5_PP,26,35.675966155957013,44.5,12.147379286472114,0.79654762790955402,9.6759661559570134,18,0
RADBILL_4X4_020,4,110_DTend_QT,QT,B1,DTend_QT,460,421.97167196961919,387.64705882352939,31.923622085515664,1.1912284868086744,38.028328030380806,18,0
RADBILL_4X4_020,4,120_DTend_PP,PP,B2,DT5_PP,28,32.039428959891225,40.294117647058826,11.021369617034631,0.36650880065285923,4.0394289598912252,18,0
RADBILL_4X4_020,4,120_DTend_QT,QT,B1,DTend_QT,445,406.22251705837755,385.3125,22.395591083961147,1.7314784323506147,38.777482941622452,18,0
RADBILL_4X4_020,4,130first_DTend_PP,PP,B1,DTend_QT,25,37.411910328703065,34.647058823529413,11.499680302461609,1.079326555369212,12.411910328703065,18,0.96733219080451871
RADBILL_4X4_020,4,130first_DTend_QT,QT,B1,DTend_QT,430,401.03493329665793,370.58823529411762,28.716412605706452,1.0086589540639979,28.965066703342075,18,0
RADBILL_4X4_020,4,130last_DTend_PP,PP,B2,DT5_PP,30,27.619961173918007,37.9375,11.036114956511343,0.21565911876241942,2.3800388260819929,18,0
RADBILL_4X4_020,4,130last_DTend_QT,QT,B2,DT5_PP,435,378.77012675573826,368.125,28.628365886535217,1.964131430593052,56.229873244261739,18,0.66251756142744722
RADBILL_4X4_020,5,110_DTend_PP,PP,B2,DT5_PP,37,43.965104652712974,43.888888888888886,12.805738092924404,0.54390497464268972,6.9651046527129736,18,0
RADBILL_4X4_020,5,110_DTend_QT,QT,B1,DTend_QT,385,391.93862275449101,392.05882352941177,36.403074369198706,0.19060540557975236,6.9386227544910071,18,0
RADBILL_4X4_020,5,120_DTend_PP,PP,B2,DT5_PP,33,40.338928340865074,40,11.291589790636214,0.64994641825821842,7.3389283408650741,18,0
RADBILL_4X4_020,5,120_DTend_QT,QT,B1,DTend_QT,385,383.8761937244202,389.0625,26.908409466187333,0.041764128682223012,1.1238062755797955,18,0
RADBILL_4X4_020,5,130first_DTend_PP,PP,B1,DTend_QT,26,33.732107355864812,34.588235294117645,11.549127800019207,0.66949708148973408,7.7321073558648123,18,-0.10336820348346842
RADBILL_4X4_020,5,130first_DTend_QT,QT,B1,DTend_QT,375,370.96669980119282,373.8235294117647,32.138830279969831,0.12549617281251496,4.0333001988071828,18,0
RADBILL_4X4_020,5,130last_DTend_PP,PP,B2,DT5_PP,29,36.88457418318157,38,10.984838035522721,0.7177688153147519,7.8845741831815701,18,0
RADBILL_4X4_020,5,130last_DTend_QT,QT,B2,DT5_PP,375,373.84105516871989,371.875,33.159965822258222,0.03495012140519705,1.1589448312801096,18,-0.25808144661386168
RADBILL_4X4_020,6,110_DTend_PP,PP,B2,DT5_PP,24,13.290174256845795,44.611111111111114,11.95648428008289,0.89573368661510577,10.709825743154205,18,0.66272104030959866
RADBILL_4X4_020,6,110_DTend_QT,QT,B1,DTend_QT,335,341.58723218189766,395,33.400973039718465,0.19721677491444678,6.5872321818976616,18,0
RADBILL_4X4_020,6,120_DTend_PP,PP,B2,DT5_PP,18,14.813703284258199,40.882352941176471,9.9742315051159238,0.31945285349628227,3.1862967157418005,18,0.024884740687380003
RADBILL_4X4_020,6,130first_DTend_PP,PP,B1,DTend_QT,5,39.143267389917035,35.823529411764703,9.0362830724090255,3.7784636798473623,34.143267389917035,18,1.7482625126262841
RADBILL_4X4_020,6,130first_DTend_QT,QT,B1,DTend_QT,360,308.6869814932993,374.70588235294116,31.940892101431579,1.6064992281289747,51.313018506700701,18,0
RADBILL_4X4_020,7,110_DTend_PP,PP,B2,DT5_PP,31,40.05513243917234,44.222222222222221,12.525529485370624,0.72293410428265048,9.0551324391723398,18,0
RADBILL_4X4_020,7,110_DTend_QT,QT,B1,DTend_QT,385,391.93862275449101,392.05882352941177,36.403074369198706,0.19060540557975236,6.9386227544910071,18,0
RADBILL_4X4_020,7,120_DTend_PP,PP,B2,DT5_PP,30,36.518415906127771,40.176470588235297,11.148067624691997,0.58471262693904447,6.5184159061277711,18,0
RADBILL_4X4_020,7,120_DTend_QT,QT,B1,DTend_QT,390,383.53171896316508,388.75,26.92582403567252,0.24022592691185457,6.4682810368349237,18,0
RADBILL_4X4_020,7,130first_DTend_PP,PP,B1,DTend_QT,38,32.980616302186881,33.882352941176471,11.693386768496415,0.42924977999838554,5.0193836978131188,18,-0.24646562401310357
RADBILL_4X4_020,7,130first_DTend_QT,QT,B1,DTend_QT,390,370.02733598409543,372.94117647058823,31.871755890277083,0.62665715954474621,19.97266401590457,18,0
RADBILL_4X4_020,7,130last_DTend_PP,PP,B2,DT5_PP,33,32.498133038307287,37.75,11.150485789118488,0.045008528882434305,0.50186696169271272,18,0
RADBILL_4X4_020,7,130last_DTend_QT,QT,B2,DT5_PP,395,379.23765730880928,370.625,32.602402774437756,0.48347181035225256,15.762342691190725,18,-0.47028659943450662
RADBILL_4X4_020,8,110_DTend_PP,PP,B2,DTend_PP,44,32.774790877243149,43.5,12.908045826492232,0.86962885580390814,11.225209122756851,18,0
RADBILL_4X4_020,8,110_DTend_QT,QT,B1,DTend_QT,430,446.40915269596735,389.41176470588238,35.083932974243019,0.46771132267337817,16.40915269596735,18,0
RADBILL_4X4_020,8,120_DTend_PP,PP,B2,DTend_PP,36,30.304635258358665,39.823529411764703,11.381098882124954,0.50042309627820036,5.6953647416413347,18,0
RADBILL_4X4_020,8,120_DTend_QT,QT,B1,DTend_QT,420,426.25660211267609,386.875,25.617376914898998,0.24423273832682177,6.2566021126760916,18,0
RADBILL_4X4_020,8,130first_DTend_PP,PP,B1,DTend_QT,38,36.042003733665211,33.882352941176471,11.693386768496415,0.16744475361149419,1.9579962663347885,18,-0.90242581357535889
RADBILL_4X4_020,8,130first_DTend_QT,QT,B1,DTend_QT,420,420.02333540759179,371.1764705882353,29.871046378804774,0.00078120489305473842,0.023335407591787316,18,0
RADBILL_4X4_020,8,130last_DTend_PP,PP,B2,DTend_PP,40,29.946131805157592,37.3125,11.193562137824284,0.89818308694327753,10.053868194842408,18,0
RADBILL_4X4_020,8,130last_DTend_QT,QT,B2,DTend_PP,415,373.68767908309457,369.375,31.138133106102128,1.3267436675196649,41.312320916905435,18,1.1140103062825488
RADBILL_4X4_020,10,110_DTend_PP,PP,B2,DTend_PP,32,37.250904033379697,44.166666666666664,12.585005083081073,0.41723495530715876,5.2509040333796975,18,0
RADBILL_4X4_020,10,110_DTend_QT,QT,B1,DTend_QT,425,427.78045776454894,389.70588235294116,35.420270866204483,0.078499054257709186,2.7804577645489417,18,0
RADBILL_4X4_020,10,120_DTend_PP,PP,B2,DTend_PP,33,33.654296802809093,40,11.291589790636214,0.05794549881290248,0.65429680280909253,18,0
RADBILL_4X4_020,10,120_DTend_QT,QT,B1,DTend_QT,405,413.74336618650489,387.8125,26.581243387020105,0.32892991720524112,8.7433661865048862,18,0
RADBILL_4X4_020,10,130first_DTend_PP,PP,B1,DTend_QT,22,37.940448356484666,34.823529411764703,11.315008252966759,1.4087880450555685,15.940448356484666,18,0.73403008498998734
RADBILL_4X4_020,10,130first_DTend_QT,QT,B1,DTend_QT,405,405.43941686150458,372.05882352941177,31.127701867137763,0.014116585393298353,0.43941686150458281,18,0
RADBILL_4X4_020,10,130last_DTend_PP,PP,B2,DTend_PP,23,34.020256213730427,38.375,10.531698185319719,1.0463892925731308,11.020256213730427,18,0
RADBILL_4X4_020,10,130last_DTend_QT,QT,B2,DTend_PP,395,374.81276688930251,370.625,32.602402774437756,0.61919464189079632,20.187233110697491,18,0.30456227845320538
RADBILL_4X4_020,11,110_DTend_PP,PP,B2,DTend_PP,50,55.371775644871022,43.166666666666664,12.807396759869114,0.41942759684802011,5.3717756448710219,18,0
RADBILL_4X4_020,11,110_DTend_QT,QT,B1,DTend_QT,410,406.63678840469152,390.58823529411762,36.136994243312166,0.093068382297205335,3.3632115953084849,18,0
RADBILL_4X4_020,11,120_DTend_PP,PP,B2,DTend_PP,45,50.723311633851196,39.294117647058826,11.334486677185435,0.50494669911883483,5.7233116338511962,18,0
RADBILL_4X4_020,11,120_DTend_QT,QT,B1,DTend_QT,390,396.61440385940733,388.75,26.92582403567252,0.24565279230244833,6.6144038594073322,18,0
RADBILL_4X4_020,11,130first_DTend_PP,PP,B1,DTend_QT,39,33.872458643768148,33.823529411764703,11.668522261396509,0.43943365246818999,5.1275413562318519,18,0.073767484836913422
RADBILL_4X4_020,11,130first_DTend_QT,QT,B1,DTend_QT,375,386.71549438060362,373.8235294117647,32.138830279969831,0.36452771549390106,11.715494380603616,18,0
RADBILL_4X4_020,11,130last_DTend_PP,PP,B2,DTend_PP,48,41.050835573214911,36.8125,10.857984773121268,0.64000498913828019,6.9491644267850887,18,0
RADBILL_4X4_020,11,130last_DTend_QT,QT,B2,DTend_PP,370,359.1211873320089,372.1875,33.164677494788535,0.3280240753042325,10.878812667991099,18,-0.065247626323449159
RADBILL_4X4_020,12,110_DTend_PP,PP,B2,DTend_PP,47,49.929069031032299,43.333333333333336,12.87953232618236,0.2274204495048236,2.9290690310322987,18,0
RADBILL_4X4_020,12,120_DTend_PP,PP,B2,DTend_PP,41,45.792240862792092,39.529411764705884,11.413356468732278,0.41988006559865054,4.7922408627920916,18,0
RADBILL_4X4_020,12,120_DTend_QT,QT,B1,DTend_QT,380,379.88144329896909,389.375,26.825050481468498,0.0044196263903702156,0.11855670103091143,18,0
RADBILL_4X4_020,12,130first_DTend_PP,PP,B1,DTend_QT,33,32.948024429764423,34.176470588235297,11.732621691877135,0.0044300047849971137,0.05197557023557664,18,-0.54461450930290722
RADBILL_4X4_020,12,130first_DTend_QT,QT,B1,DTend_QT,350,367.39935186339272,375.29411764705884,31.54711695599606,0.55153540298666448,17.399351863392724,18,0
RADBILL_4X4_020,12,130last_DTend_PP,PP,B2,DTend_PP,17,41.836635271191945,38.75,9.8013604497879108,2.5339987646030688,24.836635271191945,18,0
RADBILL_4X4_020,12,130last_DTend_QT,QT,B2,DTend_PP,350,366.81390061708345,373.4375,32.645507603139926,0.51504485154540058,16.813900617083448,18,0.16798647386752508
RADBILL_4X4_020,13,110_DTend_PP,PP,B2,DT5_PP,49,51.352258735801612,43.222222222222221,12.836325090541505,0.18325016850304635,2.3522587358016125,18,-0.0069491321437890885
RADBILL_4X4_020,13,110_DTend_QT,QT,B1,DTend_QT,395,396.75973721257623,391.47058823529414,36.433359794045252,0.048300162887086842,1.7597372125762263,18,0
RADBILL_4X4_020,13,120_DTend_PP,PP,B2,DT5_PP,45,47.168408631153071,39.294117647058826,11.334486677185435,0.19131070448190135,2.1684086311530706,18,-0.031609833686393529
RADBILL_4X4_020,13,120_DTend_QT,QT,B1,DTend_QT,385,388.2079646017699,389.0625,26.908409466187333,0.1192179198031373,3.2079646017699019,18,0
RADBILL_4X4_020,13,130first_DTend_PP,PP,B1,DTend_QT,40,33.193307625326533,33.764705882352942,11.637919765601936,0.58487191111180614,6.8066923746734673,18,0.27066509774014313
RADBILL_4X4_020,13,130first_DTend_QT,QT,B1,DTend_QT,370,376.47406393830079,374.11764705882354,32.124527920541446,0.20153024362923214,6.4740639383007874,18,0
RADBILL_4X4_020,13,130last_DTend_PP,PP,B2,DT5_PP,39,44.027962435369837,37.375,11.206396982676159,0.44866895605630486,5.0279624353698367,18,0.35661169876735732
RADBILL_4X4_020,13,130last_DTend_QT,QT,B2,DT5_PP,375,359.95251661918331,371.875,33.159965822258222,0.45378464686824999,15.047483380816686,18,0.33471745161182304
RADBILL_4X4_020,14,110_DTend_PP,PP,B2,DT5_PP,30,33.760883981861525,44.277777777777779,12.460788170499704,0.30181750386907552,3.7608839818615252,18,0.21445590309918053
RADBILL_4X4_020,14,110_DTend_QT,QT,B1,DTend_QT,395,396.75973721257623,391.47058823529414,36.433359794045252,0.048300162887086842,1.7597372125762263,18,0
RADBILL_4X4_020,14,120_DTend_PP,PP,B2,DT5_PP,30,30.39127423822714,40.176470588235297,11.148067624691997,0.035097942656941016,0.39127423822714036,18,-0.15474493031568382
RADBILL_4X4_020,14,120_DTend_QT,QT,B1,DTend_QT,385,388.2079646017699,389.0625,26.908409466187333,0.1192179198031373,3.2079646017699019,18,0
RADBILL_4X4_020,14,130first_DTend_PP,PP,B1,DTend_QT,28,33.95907451175519,34.470588235294116,11.63033558769277,0.51237339342650501,5.9590745117551904,18,0.16398949344268698
RADBILL_4X4_020,14,130first_DTend_QT,QT,B1,DTend_QT,365,376.7931334743127,374.41176470588238,32.058654883528355,0.3678611444291125,11.793133474312697,18,0
RADBILL_4X4_020,14,130last_DTend_PP,PP,B2,DT5_PP,28,26.416550958067202,38.0625,10.926840043367219,0.14491372031148012,1.5834490419327985,18,-0.062823660265626802
RADBILL_4X4_020,14,130last_DTend_QT,QT,B2,DT5_PP,345,402.72979727853374,373.75,32.377976053690155,1.7829958606061236,57.729797278533738,18,0.91657056896299405
RADBILL_4X4_020,15,110_DTend_PP,PP,B2,DTend_PP,43,43.806368037090067,43.555555555555557,12.907919239171251,0.062470799681098685,0.80636803709006699,18,0
RADBILL_4X4_020,15,110_DTend_QT,QT,B1,DTend_QT,330,322.83185840707966,395.29411764705884,32.809611217374922,0.21847688305200996,7.1681415929203354,18,0
RADBILL_4X4_020,16,110_DTend_PP,PP,B2,DTend_PP,36,40.059886386968728,43.944444444444443,12.771623979939562,0.31788333209195685,4.0598863869687278,18,-1.2753288199073034
RADBILL_4X4_020,16,110_DTend_QT,QT,B1,DTend_QT,345,351.48026315789474,394.41176470588238,34.409407913260821,0.18832823785373398,6.4802631578947398,18,0
RADBILL_4X4_020,16,120_DTend_PP,PP,B2,DTend_PP,35,36.405763353223691,39.882352941176471,11.357169282776718,0.12377761731134425,1.4057633532236906,18,-1.3433904526784459
RADBILL_4X4_020,16,120_DTend_QT,QT,B1,DTend_QT,330,359.16594454072793,392.5,21.908902300206645,1.3312371446584452,29.165944540727935,18,0
RADBILL_4X4_020,16,130first_DTend_PP,PP,B1,DTend_QT,29,31.077146171693734,34.411764705882355,11.662219040181695,0.17810900005710856,2.0771461716937338,18,-1.2959408984169745
RADBILL_4X4_020,16,130first_DTend_QT,QT,B1,DTend_QT,310,337.47389791183298,377.64705882352939,27.620058780871986,0.99470816227443259,27.473897911832978,18,0
RADBILL_4X4_020,16,130last_DTend_PP,PP,B2,DTend_PP,41,33.914334362030438,37.25,11.17437544861755,0.634099477912761,7.0856656379695622,18,0.097223285262986736
RADBILL_4X4_020,16,130last_DTend_QT,QT,B2,DTend_PP,310,379.39555177184207,375.9375,28.764489102595466,2.4125424763960224,69.395551771842065,18,1.8085216636263146
RADBILL_4X4_020,17,110_DTend_PP,PP,B2,DT5_PP,67,47.687236215112321,42.222222222222221,11.507315093174201,1.6783032035286354,19.312763784887679,18,-0.1272259185955289
RADBILL_4X4_020,17,110_DTend_QT,QT,B1,DTend_QT,385,386.49433891644054,392.05882352941177,36.403074369198706,0.041049799840667506,1.4943389164405403,18,0
RADBILL_4X4_020,17,120_DTend_PP,PP,B2,DT5_PP,53,44.374091209517516,38.823529411764703,10.887121371818443,0.79230390622913793,8.6259087904824838,18,-0.14579347140115939
RADBILL_4X4_020,17,120_DTend_QT,QT,B1,DTend_QT,390,379.11168384879727,388.75,26.92582403567252,0.40438190997524937,10.88831615120273,18,0
RADBILL_4X4_020,17,130first_DTend_PP,PP,B1,DTend_QT,49,31.893057459803064,33.235294117647058,11.093519570929157,1.5420662875131264,17.106942540196936,18,0.40696973378277423
RADBILL_4X4_020,17,130first_DTend_QT,QT,B1,DTend_QT,370,366.08064315094106,374.11764705882354,32.124527920541446,0.12200511891577966,3.9193568490589428,18,0
RADBILL_4X4_020,17,130last_DTend_PP,PP,B2,DT5_PP,58,40.126847290640399,36.1875,9.792641795416257,1.8251614919403742,17.873152709359601,18,-0.32190301713607505
RADBILL_4X4_020,17,130last_DTend_QT,QT,B2,DT5_PP,380,363.5960591133005,371.5625,33.101800051759525,0.4955603882885381,16.403940886699502,18,-0.13822331563374457
RADBILL_4X4_020,18,110_DTend_PP,PP,B2,DT5_PP,58,54.055555555555557,42.722222222222221,12.394522298440386,0.31824094139882875,3.9444444444444429,18,0
RADBILL_4X4_020,18,110_DTend_QT,QT,B1,DTend_QT,380,381.36875704093126,392.35294117647061,36.319659236546038,0.037686395459183404,1.3687570409312571,18,0
RADBILL_4X4_020,18,120_DTend_PP,PP,B2,DT5_PP,55,49.376857749469224,38.705882352941174,10.710769731223527,0.52499889285626777,5.6231422505307762,18,0
RADBILL_4X4_020,18,120_DTend_QT,QT,B1,DTend_QT,355,377.73154596100278,390.9375,25.378386473532945,0.8957049332001249,22.73154596100278,18,0
RADBILL_4X4_020,18,130first_DTend_PP,PP,B1,DTend_QT,41,32.007785032646908,33.705882352941174,11.601533874246721,0.77508845509766267,8.9922149673530924,18,0.41356147414955929
RADBILL_4X4_020,18,130first_DTend_QT,QT,B1,DTend_QT,355,361.9173782019086,375,31.770662567847086,0.2177284841679446,6.9173782019086048,18,0
RADBILL_4X4_020,18,130last_DTend_PP,PP,B2,DT5_PP,45,47.068140520896421,37,11.033282980751165,0.18744561564355147,2.0681405208964208,18,0
RADBILL_4X4_020,18,130last_DTend_QT,QT,B2,DT5_PP,350,357.12295578437312,373.4375,32.645507603139926,0.21819099494375804,7.1229557843731186,18,0.04668544318651191
RADBILL_4X4_021,1,110_DTend_PP,PP,B2,DTend_PP,39,54.426783114992723,43.777777777777779,12.859217593780077,1.1996673205416917,15.426783114992723,18,0
RADBILL_4X4_021,1,110_DTend_QT,QT,B1,DTend_QT,415,423.2665330661323,390.29411764705884,35.945731154551495,0.22997259481493612,8.2665330661322969,18,0
RADBILL_4X4_021,1,120_DTend_PP,PP,B2,DTend_PP,34,50.000000000000007,39.941176470588232,11.327348477442184,1.4125106181612723,16.000000000000007,18,0
RADBILL_4X4_021,1,120_DTend_QT,QT,B1,DTend_QT,400,409.53629032258067,388.125,26.762847382145271,0.35632569981857642,9.536290322580669,18,0
RADBILL_4X4_021,1,130first_DTend_PP,PP,B2,DTend_PP,25,43.335490370829625,34.647058823529413,11.499680302461609,1.5944347919745865,18.335490370829625,18,0
RADBILL_4X4_021,1,130first_DTend_QT,QT,B1,DTend_QT,405,399.84901122394439,372.05882352941177,31.127701867137763,0.16547925054157728,5.1509887760556126,18,0
RADBILL_4X4_021,1,130last_DTend_PP,PP,B2,DTend_PP,35,42.005069280162218,37.625,11.194492693582262,0.62576031553249245,7.0050692801622176,18,0
RADBILL_4X4_021,1,130last_DTend_QT,QT,B1,DTend_QT,395,398.72800586510266,370.625,32.602402774437756,0.1143475801736196,3.7280058651026593,18,0
RADBILL_4X4_021,2,110_DTend_PP,PP,B2,DT5_PP,63,44.636021730045968,42.444444444444443,11.961812877664549,1.5352169823893329,18.363978269954032,18,0
RADBILL_4X4_021,2,110_DTend_QT,QT,B1,DTend_QT,410,406.63678840469152,390.58823529411762,36.136994243312166,0.093068382297205335,3.3632115953084849,18,0
RADBILL_4X4_021,2,120_DTend_PP,PP,B2,DT5_PP,60,40.703823720025923,38.411764705882355,10.143093854499053,1.9023955172627234,19.296176279974077,18,0
RADBILL_4X4_021,2,120_DTend_QT,QT,B1,DTend_QT,395,396.21467953135766,388.4375,26.87742237145023,0.045193304423712846,1.2146795313576604,18,0
RADBILL_4X4_021,2,130first_DTend_PP,PP,B2,DT5_PP,53,35.288723266364222,33,10.682930309610748,1.6579043596027276,17.711276733635778,18,0
RADBILL_4X4_021,2,130first_DTend_QT,QT,B1,DTend_QT,380,386.31582270488695,373.52941176470586,32.101630891316923,0.19674460547720346,6.3158227048869549,18,0
RADBILL_4X4_021,2,130last_DTend_PP,PP,B2,DT5_PP,49,37.664436042426473,36.75,10.785793124908958,1.0509717575979569,11.335563957573527,18,0
RADBILL_4X4_021,2,130last_DTend_QT,QT,B1,DTend_QT,370,383.04272915230877,372.1875,33.164677494788535,0.39327170162768166,13.042729152308766,18,0
RADBILL_4X4_021,3,110_DTend_PP,PP,B2,DTend_PP,48,48.750209321797378,43.277777777777779,12.860361149240285,0.058335011986945323,0.75020932179737798,18,0
RADBILL_4X4_021,3,110_DTend_QT,QT,B1,DTend_QT,365,348.125,393.23529411764707,35.791984807643573,0.47147427254149515,16.875,18,0
RADBILL_4X4_021,3,120_DTend_PP,PP,B2,DTend_PP,46,44.320697976610354,39.235294117647058,11.300052056100814,0.14861011392270559,1.6793020233896456,18,0
RADBILL_4X4_021,3,120_DTend_QT,QT,B1,DTend_QT,390,337.69280762564995,388.75,26.92582403567252,1.9426403554094083,52.307192374350052,18,0
RADBILL_4X4_021,3,130first_DTend_PP,PP,B2,DTend_PP,39,38.029218488954889,33.823529411764703,11.668522261396509,0.083196611301569037,0.97078151104511079,18,0
RADBILL_4X4_021,3,130first_DTend_QT,QT,B1,DTend_QT,335,331.47041763341065,376.1764705882353,30.543483949358261,0.11555925880758966,3.5295823665893522,18,0
RADBILL_4X4_021,3,130last_DTend_PP,PP,B2,DTend_PP,32,39.699731903485251,37.8125,11.118865349785771,0.69249259355709369,7.6997319034852509,18,0
RADBILL_4X4_021,3,130last_DTend_QT,QT,B1,DTend_QT,345,314.84835355285963,373.75,32.377976053690155,0.93123938312703602,30.151646447140365,18,0
RADBILL_4X4_021,4,110_DTend_PP,PP,B2,DT5_PP,26,35.675966155957013,44.5,12.147379286472114,0.79654762790955402,9.6759661559570134,18,0
RADBILL_4X4_021,4,110_DTend_QT,QT,B1,DTend_QT,460,421.97167196961919,387.64705882352939,31.923622085515664,1.1912284868086744,38.028328030380806,18,0
RADBILL_4X4_021,4,120_DTend_PP,PP,B2,DT5_PP,28,32.039428959891225,40.294117647058826,11.021369617034631,0.36650880065285923,4.0394289598912252,18,0
RADBILL_4X4_021,4,120_DTend_QT,QT,B1,DTend_QT,445,406.22251705837755,385.3125,22.395591083961147,1.7314784323506147,38.777482941622452,18,0
RADBILL_4X4_021,4,130first_DTend_PP,PP,B2,DT5_PP,25,26.287899388171308,34.647058823529413,11.499680302461609,0.11199436456469329,1.2878993881713079,18,0
RADBILL_4X4_021,4,130first_DTend_QT,QT,B1,DTend_QT,430,401.03493329665793,370.58823529411762,28.716412605706452,1.0086589540639979,28.965066703342075,18,0
RADBILL_4X4_021,4,130last_DTend_PP,PP,B2,DT5_PP,30,27.619961173918007,37.9375,11.036114956511343,0.21565911876241942,2.3800388260819929,18,0
RADBILL_4X4_021,4,130last_DTend_QT,QT,B1,DTend_QT,435,397.73692191053829,368.125,28.628365886535217,1.3016138691656047,37.263078089461715,18,0
RADBILL_4X4_021,5,110_DTend_PP,PP,B2,DT5_PP,37,43.965104652712974,43.888888888888886,12.805738092924404,0.54390497464268972,6.9651046527129736,18,0
RADBILL_4X4_021,5,110_DTend_QT,QT,B1,DTend_QT,385,391.93862275449101,392.05882352941177,36.403074369198706,0.19060540557975236,6.9386227544910071,18,0
RADBILL_4X4_021,5,120_DTend_PP,PP,B2,DT5_PP,33,40.338928340865074,40,11.291589790636214,0.64994641825821842,7.3389283408650741,18,0
RADBILL_4X4_021,5,120_DTend_QT,QT,B1,DTend_QT,385,383.8761937244202,389.0625,26.908409466187333,0.041764128682223012,1.1238062755797955,18,0
RADBILL_4X4_021,5,130first_DTend_PP,PP,B2,DT5_PP,26,34.92591994835378,34.588235294117645,11.549127800019207,0.7728652849732025,8.9259199483537799,18,0
RADBILL_4X4_021,5,130first_DTend_QT,QT,B1,DTend_QT,375,370.96669980119282,373.8235294117647,32.138830279969831,0.12549617281251496,4.0333001988071828,18,0
RADBILL_4X4_021,5,130last_DTend_PP,PP,B2,DT5_PP,29,36.88457418318157,38,10.984838035522721,0.7177688153147519,7.8845741831815701,18,0
RADBILL_4X4_021,5,130last_DTend_QT,QT,B1,DTend_QT,375,365.28308321964528,371.875,33.159965822258222,0.29303156801905872,9.7169167803547225,18,0
RADBILL_4X4_021,6,110_DTend_PP,PP,B2,DTend_PP,24,21.21398795738769,44.611111111111114,11.95648428008289,0.23301264630550705,2.7860120426123096,18,0
RADBILL_4X4_021,6,110_DTend_QT,QT,B1,DTend_QT,335,341.58723218189766,395,33.400973039718465,0.19721677491444678,6.5872321818976616,18,0
RADBILL_4X4_021,6,120_DTend_PP,PP,B2,DTend_PP,18,20.938090551181094,40.882352941176471,9.9742315051159238,0.29456811280890227,2.9380905511810944,18,0
RADBILL_4X4_021,6,130first_DTend_PP,PP,B2,DTend_PP,5,23.345472440944874,35.823529411764703,9.0362830724090255,2.0302011672210782,18.345472440944874,18,0
RADBILL_4X4_021,6,130first_DTend_QT,QT,B1,DTend_QT,360,308.6869814932993,374.70588235294116,31.940892101431579,1.6064992281289747,51.313018506700701,18,0
RADBILL_4X4_021,7,110_DTend_PP,PP,B2,DT5_PP,31,40.05513243917234,44.222222222222221,12.525529485370624,0.72293410428265048,9.0551324391723398,18,0
RADBILL_4X4_021,7,110_DTend_QT,QT,B1,DTend_QT,385,391.93862275449101,392.05882352941177,36.403074369198706,0.19060540557975236,6.9386227544910071,18,0
RADBILL_4X4_021,7,120_DTend_PP,PP,B2,DT5_PP,30,36.518415906127771,40.176470588235297,11.148067624691997,0.58471262693904447,6.5184159061277711,18,0
RADBILL_4X4_021,7,120_DTend_QT,QT,B1,DTend_QT,390,383.53171896316508,388.75,26.92582403567252,0.24022592691185457,6.4682810368349237,18,0
RADBILL_4X4_021,7,130first_DTend_PP,PP,B2,DT5_PP,38,30.098598435462844,33.882352941176471,11.693386768496415,0.67571540401148911,7.9014015645371565,18,0
RADBILL_4X4_021,7,130first_DTend_QT,QT,B1,DTend_QT,390,370.02733598409543,372.94117647058823,31.871755890277083,0.62665715954474621,19.97266401590457,18,0
RADBILL_4X4_021,7,130last_DTend_PP,PP,B2,DT5_PP,33,32.498133038307287,37.75,11.150485789118488,0.045008528882434305,0.50186696169271272,18,0
RADBILL_4X4_021,7,130last_DTend_QT,QT,B1,DTend_QT,395,363.90518417462482,370.625,32.602402774437756,0.95375840978675919,31.094815825375179,18,0
RADBILL_4X4_021,8,110_DTend_PP,PP,B2,DTend_PP,44,32.774790877243149,43.5,12.908045826492232,0.86962885580390814,11.225209122756851,18,0
RADBILL_4X4_021,8,110_DTend_QT,QT,B1,DTend_QT,430,446.40915269596735,389.41176470588238,35.083932974243019,0.46771132267337817,16.40915269596735,18,0
RADBILL_4X4_021,8,120_DTend_PP,PP,B2,DTend_PP,36,30.304635258358665,39.823529411764703,11.381098882124954,0.50042309627820036,5.6953647416413347,18,0
RADBILL_4X4_021,8,120_DTend_QT,QT,B1,DTend_QT,420,426.25660211267609,386.875,25.617376914898998,0.24423273832682177,6.2566021126760916,18,0
RADBILL_4X4_021,8,130first_DTend_PP,PP,B2,DTend_PP,38,25.489589665653497,33.882352941176471,11.693386768496415,1.0698705671868531,12.510410334346503,18,0
RADBILL_4X4_021,8,130first_DTend_QT,QT,B1,DTend_QT,420,420.02333540759179,371.1764705882353,29.871046378804774,0.00078120489305473842,0.023335407591787316,18,0
RADBILL_4X4_021,8,130last_DTend_PP,PP,B2,DTend_PP,40,29.946131805157592,37.3125,11.193562137824284,0.89818308694327753,10.053868194842408,18,0
RADBILL_4X4_021,8,130last_DTend_QT,QT,B1,DTend_QT,415,421.62411971830983,369.375,31.138133106102128,0.21273336123711609,6.6241197183098279,18,0
RADBILL_4X4_021,10,110_DTend_PP,PP,B2,DTend_PP,32,37.250904033379697,44.166666666666664,12.585005083081073,0.41723495530715876,5.2509040333796975,18,0
RADBILL_4X4_021,10,110_DTend_QT,QT,B1,DTend_QT,425,427.78045776454894,389.70588235294116,35.420270866204483,0.078499054257709186,2.7804577645489417,18,0
RADBILL_4X4_021,10,120_DTend_PP,PP,B2,DTend_PP,33,33.654296802809093,40,11.291589790636214,0.05794549881290248,0.65429680280909253,18,0
RADBILL_4X4_021,10,120_DTend_QT,QT,B1,DTend_QT,405,413.74336618650489,387.8125,26.581243387020105,0.32892991720524112,8.7433661865048862,18,0
RADBILL_4X4_021,10,130first_DTend_PP,PP,B2,DTend_PP,22,29.634891886897066,34.823529411764703,11.315008252966759,0.6747579600655812,7.6348918868970657,18,0
RADBILL_4X4_021,10,130first_DTend_QT,QT,B1,DTend_QT,405,405.43941686150458,372.05882352941177,31.127701867137763,0.014116585393298353,0.43941686150458281,18,0
RADBILL_4X4_021,10,130last_DTend_PP,PP,B2,DTend_PP,23,34.020256213730427,38.375,10.531698185319719,1.0463892925731308,11.020256213730427,18,0
RADBILL_4X4_021,10,130last_DTend_QT,QT,B1,DTend_QT,395,405.25777103866562,370.625,32.602402774437756,0.31463236343759093,10.257771038665624,18,0
RADBILL_4X4_021,11,110_DTend_PP,PP,B2,DTend_PP,50,55.371775644871022,43.166666666666664,12.807396759869114,0.41942759684802011,5.3717756448710219,18,0
RADBILL_4X4_021,11,110_DTend_QT,QT,B1,DTend_QT,410,406.63678840469152,390.58823529411762,36.136994243312166,0.093068382297205335,3.3632115953084849,18,0
RADBILL_4X4_021,11,120_DTend_PP,PP,B2,DTend_PP,45,50.723311633851196,39.294117647058826,11.334486677185435,0.50494669911883483,5.7233116338511962,18,0
RADBILL_4X4_021,11,120_DTend_QT,QT,B1,DTend_QT,390,396.61440385940733,388.75,26.92582403567252,0.24565279230244833,6.6144038594073322,18,0
RADBILL_4X4_021,11,130first_DTend_PP,PP,B2,DTend_PP,39,43.266783817245098,33.823529411764703,11.668522261396509,0.36566616763127657,4.2667838172450985,18,0
RADBILL_4X4_021,11,130first_DTend_QT,QT,B1,DTend_QT,375,386.71549438060362,373.8235294117647,32.138830279969831,0.36452771549390106,11.715494380603616,18,0
RADBILL_4X4_021,11,130last_DTend_PP,PP,B2,DTend_PP,48,41.050835573214911,36.8125,10.857984773121268,0.64000498913828019,6.9491644267850887,18,0
RADBILL_4X4_021,11,130last_DTend_QT,QT,B1,DTend_QT,370,383.04272915230877,372.1875,33.164677494788535,0.39327170162768166,13.042729152308766,18,0
RADBILL_4X4_021,12,110_DTend_PP,PP,B2,DTend_PP,47,49.929069031032299,43.333333333333336,12.87953232618236,0.2274204495048236,2.9290690310322987,18,0
RADBILL_4X4_021,12,120_DTend_PP,PP,B2,DTend_PP,41,45.792240862792092,39.529411764705884,11.413356468732278,0.41988006559865054,4.7922408627920916,18,0
RADBILL_4X4_021,12,120_DTend_QT,QT,B1,DTend_QT,380,379.88144329896909,389.375,26.825050481468498,0.0044196263903702156,0.11855670103091143,18,0
RADBILL_4X4_021,12,130first_DTend_PP,PP,B2,DTend_PP,33,39.441731575793888,34.176470588235297,11.732621691877135,0.54904451408790433,6.441731575793888,18,0
RADBILL_4X4_021,12,130first_DTend_QT,QT,B1,DTend_QT,350,367.39935186339272,375.29411764705884,31.54711695599606,0.55153540298666448,17.399351863392724,18,0
RADBILL_4X4_021,12,130last_DTend_PP,PP,B2,DTend_PP,17,41.836635271191945,38.75,9.8013604497879108,2.5339987646030688,24.836635271191945,18,0
RADBILL_4X4_021,12,130last_DTend_QT,QT,B1,DTend_QT,350,361.32989690721649,373.4375,32.645507603139926,0.34705837767787551,11.329896907216494,18,0
RADBILL_4X4_021,13,110_DTend_PP,PP,B2,DTend_PP,49,46.558539944903579,43.222222222222221,12.836325090541505,0.19019930064683543,2.4414600550964209,18,0
RADBILL_4X4_021,13,110_DTend_QT,QT,B1,DTend_QT,395,396.75973721257623,391.47058823529414,36.433359794045252,0.048300162887086842,1.7597372125762263,18,0
RADBILL_4X4_021,13,120_DTend_PP,PP,B2,DTend_PP,45,42.473310130060455,39.294117647058826,11.334486677185435,0.22292053816829488,2.5266898699395455,18,0
RADBILL_4X4_021,13,120_DTend_QT,QT,B1,DTend_QT,385,388.2079646017699,389.0625,26.908409466187333,0.1192179198031373,3.2079646017699019,18,0
RADBILL_4X4_021,13,130first_DTend_PP,PP,B2,DTend_PP,40,36.343286316175124,33.764705882352942,11.637919765601936,0.31420681337166301,3.6567136838248757,18,0
RADBILL_4X4_021,13,130first_DTend_QT,QT,B1,DTend_QT,370,376.47406393830079,374.11764705882354,32.124527920541446,0.20153024362923214,6.4740639383007874,18,0
RADBILL_4X4_021,13,130last_DTend_PP,PP,B2,DTend_PP,39,37.968369829683695,37.375,11.206396982676159,0.092057257288947564,1.0316301703163049,18,0
RADBILL_4X4_021,13,130last_DTend_QT,QT,B1,DTend_QT,375,371.05173587474474,371.875,33.159965822258222,0.11906719525642695,3.9482641252552639,18,0
RADBILL_4X4_021,14,110_DTend_PP,PP,B2,DTend_PP,30,31.088594401429425,44.277777777777779,12.460788170499704,0.087361600769894993,1.0885944014294253,18,0
RADBILL_4X4_021,14,110_DTend_QT,QT,B1,DTend_QT,395,396.75973721257623,391.47058823529414,36.433359794045252,0.048300162887086842,1.7597372125762263,18,0
RADBILL_4X4_021,14,120_DTend_PP,PP,B2,DTend_PP,30,27.883618814035366,40.176470588235297,11.148067624691997,0.18984287297262484,2.1163811859646344,18,0
RADBILL_4X4_021,14,120_DTend_QT,QT,B1,DTend_QT,385,388.2079646017699,389.0625,26.908409466187333,0.1192179198031373,3.2079646017699019,18,0
RADBILL_4X4_021,14,130first_DTend_PP,PP,B2,DTend_PP,28,23.948178329839003,34.470588235294116,11.63033558769277,0.34838389998381802,4.0518216701609973,18,0
RADBILL_4X4_021,14,130first_DTend_QT,QT,B1,DTend_QT,365,376.7931334743127,374.41176470588238,32.058654883528355,0.3678611444291125,11.793133474312697,18,0
RADBILL_4X4_021,14,130last_DTend_PP,PP,B2,DTend_PP,28,30.269913128594148,38.0625,10.926840043367219,0.20773738057710692,2.2699131285941476,18,0
RADBILL_4X4_021,14,130last_DTend_QT,QT,B1,DTend_QT,345,373.05309734513276,373.75,32.377976053690155,0.86642529164312954,28.053097345132755,18,0
RADBILL_4X4_021,15,110_DTend_PP,PP,B2,DTend_PP,43,43.806368037090067,43.555555555555557,12.907919239171251,0.062470799681098685,0.80636803709006699,18,0
RADBILL_4X4_021,15,110_DTend_QT,QT,B1,DTend_QT,330,322.83185840707966,395.29411764705884,32.809611217374922,0.21847688305200996,7.1681415929203354,18,0
RADBILL_4X4_021,16,110_DTend_PP,PP,B2,DT5_PP,36,56.34790652560487,43.944444444444443,12.771623979939562,1.5932121519992604,20.34790652560487,18,0
RADBILL_4X4_021,16,110_DTend_QT,QT,B1,DTend_QT,345,351.48026315789474,394.41176470588238,34.409407913260821,0.18832823785373398,6.4802631578947398,18,0
RADBILL_4X4_021,16,120_DTend_PP,PP,B2,DT5_PP,35,51.662876137158847,39.882352941176471,11.357169282776718,1.4671680699897902,16.662876137158847,18,0
RADBILL_4X4_021,16,120_DTend_QT,QT,B1,DTend_QT,330,359.16594454072793,392.5,21.908902300206645,1.3312371446584452,29.165944540727935,18,0
RADBILL_4X4_021,16,130first_DTend_PP,PP,B2,DT5_PP,29,46.190692792162345,34.411764705882355,11.662219040181695,1.4740498984740831,17.190692792162345,18,0
RADBILL_4X4_021,16,130first_DTend_QT,QT,B1,DTend_QT,310,337.47389791183298,377.64705882352939,27.620058780871986,0.99470816227443259,27.473897911832978,18,0
RADBILL_4X4_021,16,130last_DTend_PP,PP,B2,DT5_PP,41,46.999256146092904,37.25,11.17437544861755,0.53687619264977426,5.9992561460929039,18,0
RADBILL_4X4_021,16,130last_DTend_QT,QT,B1,DTend_QT,310,327.37435008665511,375.9375,28.764489102595466,0.60402081276970765,17.374350086655113,18,0
RADBILL_4X4_021,17,110_DTend_PP,PP,B2,DTend_PP,67,46.223207481815038,42.222222222222221,11.507315093174201,1.8055291221241643,20.776792518184962,18,0
RADBILL_4X4_021,17,110_DTend_QT,QT,B1,DTend_QT,385,386.49433891644054,392.05882352941177,36.403074369198706,0.041049799840667506,1.4943389164405403,18,0
RADBILL_4X4_021,17,120_DTend_PP,PP,B2,DTend_PP,53,42.786819991154353,38.823529411764703,10.887121371818443,0.93809737763029732,10.213180008845647,18,0
RADBILL_4X4_021,17,120_DTend_QT,QT,B1,DTend_QT,390,379.11168384879727,388.75,26.92582403567252,0.40438190997524937,10.88831615120273,18,0
RADBILL_4X4_021,17,130first_DTend_PP,PP,B2,DTend_PP,49,36.4077841662981,33.235294117647058,11.093519570929157,1.1350965537303521,12.5922158337019,18,0
RADBILL_4X4_021,17,130first_DTend_QT,QT,B1,DTend_QT,370,366.08064315094106,374.11764705882354,32.124527920541446,0.12200511891577966,3.9193568490589428,18,0
RADBILL_4X4_021,17,130last_DTend_PP,PP,B2,DTend_PP,58,36.974566350963073,36.1875,9.792641795416257,2.1470645090764493,21.025433649036927,18,0
RADBILL_4X4_021,17,130last_DTend_QT,QT,B1,DTend_QT,380,359.02061855670104,371.5625,33.101800051759525,0.63378370392228267,20.979381443298962,18,0
RADBILL_4X4_021,18,110_DTend_PP,PP,B2,DT5_PP,58,54.055555555555557,42.722222222222221,12.394522298440386,0.31824094139882875,3.9444444444444429,18,0
RADBILL_4X4_021,18,110_DTend_QT,QT,B1,DTend_QT,380,381.36875704093126,392.35294117647061,36.319659236546038,0.037686395459183404,1.3687570409312571,18,0
RADBILL_4X4_021,18,120_DTend_PP,PP,B2,DT5_PP,55,49.376857749469224,38.705882352941174,10.710769731223527,0.52499889285626777,5.6231422505307762,18,0
RADBILL_4X4_021,18,120_DTend_QT,QT,B1,DTend_QT,355,377.73154596100278,390.9375,25.378386473532945,0.8957049332001249,22.73154596100278,18,0
RADBILL_4X4_021,18,130first_DTend_PP,PP,B2,DT5_PP,41,45.19426751592357,33.705882352941174,11.601533874246721,0.36152698094810337,4.1942675159235705,18,0
RADBILL_4X4_021,18,130first_DTend_QT,QT,B1,DTend_QT,355,361.9173782019086,375,31.770662567847086,0.2177284841679446,6.9173782019086048,18,0
RADBILL_4X4_021,18,130last_DTend_PP,PP,B2,DT5_PP,45,47.068140520896421,37,11.033282980751165,0.18744561564355147,2.0681405208964208,18,0
RADBILL_4X4_021,18,130last_DTend_QT,QT,B1,DTend_QT,350,355.59888579387189,373.4375,32.645507603139926,0.17150555175724613,5.5988857938718866,18,0
RADBILL_4X4_022,1,110_DTend_PP,PP,B2,DTend_PP,39,54.426783114992723,43.777777777777779,12.859217593780077,1.1996673205416917,15.426783114992723,18,0
RADBILL_4X4_022,1,110_DTend_QT,QT,B1,DTend_QT,415,423.2665330661323,390.29411764705884,35.945731154551495,0.22997259481493612,8.2665330661322969,18,0
RADBILL_4X4_022,1,120_DTend_PP,PP,B2,DTend_PP,34,50.000000000000007,39.941176470588232,11.327348477442184,1.4125106181612723,16.000000000000007,18,0
RADBILL_4X4_022,1,120_DTend_QT,QT,B1,DTend_QT,400,409.53629032258067,388.125,26.762847382145271,0.35632569981857642,9.536290322580669,18,0
RADBILL_4X4_022,1,130first_DTend_PP,PP,B2,DTend_PP,25,43.335490370829625,34.647058823529413,11.499680302461609,1.5944347919745865,18.335490370829625,18,0
RADBILL_4X4_022,1,130first_DTend_QT,QT,B1,DTend_QT,405,399.84901122394439,372.05882352941177,31.127701867137763,0.16547925054157728,5.1509887760556126,18,0
RADBILL_4X4_022,1,130last_DTend_PP,PP,B1,DTend_QT,35,35.686217008797655,37.625,11.194492693582262,0.061299518216762015,0.68621700879765513,18,-0.5644607973157304
RADBILL_4X4_022,1,130last_DTend_QT,QT,B2,DTend_PP,395,357.93680297397771,370.625,32.602402774437756,1.1368240949124788,37.063197026022294,18,1.0224765147388593
RADBILL_4X4_022,2,110_DTend_PP,PP,B2,DT5_PP,63,44.636021730045968,42.444444444444443,11.961812877664549,1.5352169823893329,18.363978269954032,18,0
RADBILL_4X4_022,2,110_DTend_QT,QT,B1,DTend_QT,410,406.63678840469152,390.58823529411762,36.136994243312166,0.093068382297205335,3.3632115953084849,18,0
RADBILL_4X4_022,2,120_DTend_PP,PP,B2,DT5_PP,60,40.703823720025923,38.411764705882355,10.143093854499053,1.9023955172627234,19.296176279974077,18,0
RADBILL_4X4_022,2,120_DTend_QT,QT,B1,DTend_QT,395,396.21467953135766,388.4375,26.87742237145023,0.045193304423712846,1.2146795313576604,18,0
RADBILL_4X4_022,2,130first_DTend_PP,PP,B2,DT5_PP,53,35.288723266364222,33,10.682930309610748,1.6579043596027276,17.711276733635778,18,0
RADBILL_4X4_022,2,130first_DTend_QT,QT,B1,DTend_QT,380,386.31582270488695,373.52941176470586,32.101630891316923,0.19674460547720346,6.3158227048869549,18,0
RADBILL_4X4_022,2,130last_DTend_PP,PP,B1,DTend_QT,49,35.096485182632669,36.75,10.785793124908958,1.289058176469029,13.903514817367331,18,0.23808641887107207
RADBILL_4X4_022,2,130last_DTend_QT,QT,B2,DT5_PP,370,370.57165322715559,372.1875,33.164677494788535,0.017236809471324496,0.57165322715559341,18,-0.37603489215635716
RADBILL_4X4_022,3,110_DTend_PP,PP,B2,DT5_PP,48,49.168822328114366,43.277777777777779,12.860361149240285,0.090885653563734764,1.1688223281143664,18,0.032550641576789441
RADBILL_4X4_022,3,110_DTend_QT,QT,B1,DTend_QT,365,348.125,393.23529411764707,35.791984807643573,0.47147427254149515,16.875,18,0
RADBILL_4X4_022,3,120_DTend_PP,PP,B2,DT5_PP,46,44.9628222075347,39.235294117647058,11.300052056100814,0.091785222520752524,1.0371777924653003,18,-0.05682489140195307
RADBILL_4X4_022,3,120_DTend_QT,QT,B1,DTend_QT,390,337.69280762564995,388.75,26.92582403567252,1.9426403554094083,52.307192374350052,18,0
RADBILL_4X4_022,3,130first_DTend_PP,PP,B2,DT5_PP,39,39.565102445472569,33.823529411764703,11.668522261396509,0.048429649685986557,0.5651024454725686,18,-0.03476696161558248
RADBILL_4X4_022,3,130first_DTend_QT,QT,B1,DTend_QT,335,331.47041763341065,376.1764705882353,30.543483949358261,0.11555925880758966,3.5295823665893522,18,0
RADBILL_4X4_022,3,130last_DTend_PP,PP,B1,DTend_QT,32,40.233102253032925,37.8125,11.118865349785771,0.74046244774351488,8.233102253032925,18,0.04796985418642119
RADBILL_4X4_022,3,130last_DTend_QT,QT,B2,DT5_PP,345,366.65640394088672,373.75,32.377976053690155,0.66886218906874861,21.656403940886719,18,-0.26237719405828741
RADBILL_4X4_022,4,110_DTend_PP,PP,B2,DT5_PP,26,35.675966155957013,44.5,12.147379286472114,0.79654762790955402,9.6759661559570134,18,0
RADBILL_4X4_022,4,110_DTend_QT,QT,B1,DTend_QT,460,421.97167196961919,387.64705882352939,31.923622085515664,1.1912284868086744,38.028328030380806,18,0
RADBILL_4X4_022,4,120_DTend_PP,PP,B2,DT5_PP,28,32.039428959891225,40.294117647058826,11.021369617034631,0.36650880065285923,4.0394289598912252,18,0
RADBILL_4X4_022,4,120_DTend_QT,QT,B1,DTend_QT,445,406.22251705837755,385.3125,22.395591083961147,1.7314784323506147,38.777482941622452,18,0
RADBILL_4X4_022,4,130first_DTend_PP,PP,B2,DT5_PP,25,26.287899388171308,34.647058823529413,11.499680302461609,0.11199436456469329,1.2878993881713079,18,0
RADBILL_4X4_022,4,130first_DTend_QT,QT,B1,DTend_QT,430,401.03493329665793,370.58823529411762,28.716412605706452,1.0086589540639979,28.965066703342075,18,0
RADBILL_4X4_022,4,130last_DTend_PP,PP,B1,DTend_QT,30,36.44048521607278,37.9375,11.036114956511343,0.58358265036672829,6.4404852160727799,18,0.36792353160430891
RADBILL_4X4_022,4,130last_DTend_QT,QT,B2,DT5_PP,435,378.77012675573826,368.125,28.628365886535217,1.964131430593052,56.229873244261739,18,0.66251756142744722
RADBILL_4X4_022,5,110_DTend_PP,PP,B2,DT5_PP,37,43.965104652712974,43.888888888888886,12.805738092924404,0.54390497464268972,6.9651046527129736,18,0
RADBILL_4X4_022,5,110_DTend_QT,QT,B1,DTend_QT,385,391.93862275449101,392.05882352941177,36.403074369198706,0.19060540557975236,6.9386227544910071,18,0
RADBILL_4X4_022,5,120_DTend_PP,PP,B2,DT5_PP,33,40.338928340865074,40,11.291589790636214,0.64994641825821842,7.3389283408650741,18,0
RADBILL_4X4_022,5,120_DTend_QT,QT,B1,DTend_QT,385,383.8761937244202,389.0625,26.908409466187333,0.041764128682223012,1.1238062755797955,18,0
RADBILL_4X4_022,5,130first_DTend_PP,PP,B2,DT5_PP,26,34.92591994835378,34.588235294117645,11.549127800019207,0.7728652849732025,8.9259199483537799,18,0
RADBILL_4X4_022,5,130first_DTend_QT,QT,B1,DTend_QT,375,370.96669980119282,373.8235294117647,32.138830279969831,0.12549617281251496,4.0333001988071828,18,0
RADBILL_4X4_022,5,130last_DTend_PP,PP,B1,DTend_QT,29,37.181446111869029,38,10.984838035522721,0.74479442349645075,8.1814461118690289,18,0.027025608181698857
RADBILL_4X4_022,5,130last_DTend_QT,QT,B2,DT5_PP,375,373.84105516871989,371.875,33.159965822258222,0.03495012140519705,1.1589448312801096,18,-0.25808144661386168
RADBILL_4X4_022,6,110_DTend_PP,PP,B2,DT5_PP,24,13.290174256845795,44.611111111111114,11.95648428008289,0.89573368661510577,10.709825743154205,18,0.66272104030959866
RADBILL_4X4_022,6,110_DTend_QT,QT,B1,DTend_QT,335,341.58723218189766,395,33.400973039718465,0.19721677491444678,6.5872321818976616,18,0
RADBILL_4X4_022,6,120_DTend_PP,PP,B2,DT5_PP,18,14.813703284258199,40.882352941176471,9.9742315051159238,0.31945285349628227,3.1862967157418005,18,0.024884740687380003
RADBILL_4X4_022,6,130first_DTend_PP,PP,B2,DT5_PP,5,15.921291053227627,35.823529411764703,9.0362830724090255,1.2086043526651129,10.921291053227627,18,-0.82159681455596534
RADBILL_4X4_022,6,130first_DTend_QT,QT,B1,DTend_QT,360,308.6869814932993,374.70588235294116,31.940892101431579,1.6064992281289747,51.313018506700701,18,0
RADBILL_4X4_022,7,110_DTend_PP,PP,B2,DT5_PP,31,40.05513243917234,44.222222222222221,12.525529485370624,0.72293410428265048,9.0551324391723398,18,0
RADBILL_4X4_022,7,110_DTend_QT,QT,B1,DTend_QT,385,391.93862275449101,392.05882352941177,36.403074369198706,0.19060540557975236,6.9386227544910071,18,0
RADBILL_4X4_022,7,120_DTend_PP,PP,B2,DT5_PP,30,36.518415906127771,40.176470588235297,11.148067624691997,0.58471262693904447,6.5184159061277711,18,0
RADBILL_4X4_022,7,120_DTend_QT,QT,B1,DTend_QT,390,383.53171896316508,388.75,26.92582403567252,0.24022592691185457,6.4682810368349237,18,0
RADBILL_4X4_022,7,130first_DTend_PP,PP,B2,DT5_PP,38,30.098598435462844,33.882352941176471,11.693386768496415,0.67571540401148911,7.9014015645371565,18,0
RADBILL_4X4_022,7,130first_DTend_QT,QT,B1,DTend_QT,390,370.02733598409543,372.94117647058823,31.871755890277083,0.62665715954474621,19.97266401590457,18,0
RADBILL_4X4_022,7,130last_DTend_PP,PP,B1,DTend_QT,33,36.905866302864936,37.75,11.150485789118488,0.35028664909618418,3.9058663028649363,18,0.30527812021374989
RADBILL_4X4_022,7,130last_DTend_QT,QT,B2,DT5_PP,395,379.23765730880928,370.625,32.602402774437756,0.48347181035225256,15.762342691190725,18,-0.47028659943450662
RADBILL_4X4_022,8,110_DTend_PP,PP,B2,DTend_PP,44,32.774790877243149,43.5,12.908045826492232,0.86962885580390814,11.225209122756851,18,0
RADBILL_4X4_022,8,110_DTend_QT,QT,B1,DTend_QT,430,446.40915269596735,389.41176470588238,35.083932974243019,0.46771132267337817,16.40915269596735,18,0
RADBILL_4X4_022,8,120_DTend_PP,PP,B2,DTend_PP,36,30.304635258358665,39.823529411764703,11.381098882124954,0.50042309627820036,5.6953647416413347,18,0
RADBILL_4X4_022,8,120_DTend_QT,QT,B1,DTend_QT,420,426.25660211267609,386.875,25.617376914898998,0.24423273832682177,6.2566021126760916,18,0
RADBILL_4X4_022,8,130first_DTend_PP,PP,B2,DTend_PP,38,25.489589665653497,33.882352941176471,11.693386768496415,1.0698705671868531,12.510410334346503,18,0
RADBILL_4X4_022,8,130first_DTend_QT,QT,B1,DTend_QT,420,420.02333540759179,371.1764705882353,29.871046378804774,0.00078120489305473842,0.023335407591787316,18,0
RADBILL_4X4_022,8,130last_DTend_PP,PP,B1,DTend_QT,40,32.955105633802816,37.3125,11.193562137824284,0.6293701932820569,7.0448943661971839,18,-0.26881289366122063
RADBILL_4X4_022,8,130last_DTend_QT,QT,B2,DTend_PP,415,373.68767908309457,369.375,31.138133106102128,1.3267436675196649,41.312320916905435,18,1.1140103062825488
RADBILL_4X4_022,10,110_DTend_PP,PP,B2,DTend_PP,32,37.250904033379697,44.166666666666664,12.585005083081073,0.41723495530715876,5.2509040333796975,18,0
RADBILL_4X4_022,10,110_DTend_QT,QT,B1,DTend_QT,425,427.78045776454894,389.70588235294116,35.420270866204483,0.078499054257709186,2.7804577645489417,18,0
RADBILL_4X4_022,10,120_DTend_PP,PP,B2,DTend_PP,33,33.654296802809093,40,11.291589790636214,0.05794549881290248,0.65429680280909253,18,0
RADBILL_4X4_022,10,120_DTend_QT,QT,B1,DTend_QT,405,413.74336618650489,387.8125,26.581243387020105,0.32892991720524112,8.7433661865048862,18,0
RADBILL_4X4_022,10,130first_DTend_PP,PP,B2,DTend_PP,22,29.634891886897066,34.823529411764703,11.315008252966759,0.6747579600655812,7.6348918868970657,18,0
RADBILL_4X4_022,10,130first_DTend_QT,QT,B1,DTend_QT,405,405.43941686150458,372.05882352941177,31.127701867137763,0.014116585393298353,0.43941686150458281,18,0
RADBILL_4X4_022,10,130last_DTend_PP,PP,B1,DTend_QT,23,37.756633813495071,38.375,10.531698185319719,1.4011637585726249,14.756633813495071,18,0.35477446599949403
RADBILL_4X4_022,10,130last_DTend_QT,QT,B2,DTend_PP,395,374.81276688930251,370.625,32.602402774437756,0.61919464189079632,20.187233110697491,18,0.30456227845320538
RADBILL_4X4_022,11,110_DTend_PP,PP,B2,DTend_PP,50,55.371775644871022,43.166666666666664,12.807396759869114,0.41942759684802011,5.3717756448710219,18,0
RADBILL_4X4_022,11,110_DTend_QT,QT,B1,DTend_QT,410,406.63678840469152,390.58823529411762,36.136994243312166,0.093068382297205335,3.3632115953084849,18,0
RADBILL_4X4_022,11,120_DTend_PP,PP,B2,DTend_PP,45,50.723311633851196,39.294117647058826,11.334486677185435,0.50494669911883483,5.7233116338511962,18,0
RADBILL_4X4_022,11,120_DTend_QT,QT,B1,DTend_QT,390,396.61440385940733,388.75,26.92582403567252,0.24565279230244833,6.6144038594073322,18,0
RADBILL_4X4_022,11,130first_DTend_PP,PP,B2,DTend_PP,39,43.266783817245098,33.823529411764703,11.668522261396509,0.36566616763127657,4.2667838172450985,18,0
RADBILL_4X4_022,11,130first_DTend_QT,QT,B1,DTend_QT,375,386.71549438060362,373.8235294117647,32.138830279969831,0.36452771549390106,11.715494380603616,18,0
RADBILL_4X4_022,11,130last_DTend_PP,PP,B1,DTend_QT,48,35.176430048242594,36.8125,10.857984773121268,1.1810267024413137,12.823569951757406,18,0.5410217133030335
RADBILL_4X4_022,11,130last_DTend_QT,QT,B2,DTend_PP,370,359.1211873320089,372.1875,33.164677494788535,0.3280240753042325,10.878812667991099,18,-0.065247626323449159
RADBILL_4X4_022,12,110_DTend_PP,PP,B2,DT5_PP,47,44.132233058264568,43.333333333333336,12.87953232618236,0.2226607976988145,2.8677669417354323,18,-0.0047596518060090964
RADBILL_4X4_022,12,120_DTend_PP,PP,B2,DT5_PP,41,40.544089147286826,39.529411764705884,11.413356468732278,0.039945379254750793,0.45591085271317411,18,-0.37993468634389976
RADBILL_4X4_022,12,120_DTend_QT,QT,B1,DTend_QT,380,379.88144329896909,389.375,26.825050481468498,0.0044196263903702156,0.11855670103091143,18,0
RADBILL_4X4_022,12,130first_DTend_PP,PP,B2,DT5_PP,33,35.188953488372093,34.176470588235297,11.732621691877135,0.18656985163747114,2.1889534883720927,18,-0.36247466245043319
RADBILL_4X4_022,12,130first_DTend_QT,QT,B1,DTend_QT,350,367.39935186339272,375.29411764705884,31.54711695599606,0.55153540298666448,17.399351863392724,18,0
RADBILL_4X4_022,12,130last_DTend_PP,PP,B1,DTend_QT,17,38.356701030927837,38.75,9.8013604497879108,2.1789527219550395,21.356701030927837,18,-0.3550460426480293
RADBILL_4X4_022,12,130last_DTend_QT,QT,B2,DT5_PP,350,374.21634181404835,373.4375,32.645507603139926,0.74179706771412435,24.216341814048349,18,0.39473869003624884
RADBILL_4X4_022,13,110_DTend_PP,PP,B2,DT5_PP,49,51.352258735801612,43.222222222222221,12.836325090541505,0.18325016850304635,2.3522587358016125,18,-0.0069491321437890885
RADBILL_4X4_022,13,110_DTend_QT,QT,B1,DTend_QT,395,396.75973721257623,391.47058823529414,36.433359794045252,0.048300162887086842,1.7597372125762263,18,0
RADBILL_4X4_022,13,120_DTend_PP,PP,B2,DT5_PP,45,47.168408631153071,39.294117647058826,11.334486677185435,0.19131070448190135,2.1684086311530706,18,-0.031609833686393529
RADBILL_4X4_022,13,120_DTend_QT,QT,B1,DTend_QT,385,388.2079646017699,389.0625,26.908409466187333,0.1192179198031373,3.2079646017699019,18,0
RADBILL_4X4_022,13,130first_DTend_PP,PP,B2,DT5_PP,40,41.582434254888739,33.764705882352942,11.637919765601936,0.13597226022866399,1.5824342548887387,18,-0.17823455314299902
RADBILL_4X4_022,13,130first_DTend_QT,QT,B1,DTend_QT,370,376.47406393830079,374.11764705882354,32.124527920541446,0.20153024362923214,6.4740639383007874,18,0
RADBILL_4X4_022,13,130last_DTend_PP,PP,B1,DTend_QT,39,36.309734513274336,37.375,11.206396982676159,0.24006516018346619,2.6902654867256643,18,0.14800790289451862
RADBILL_4X4_022,13,130last_DTend_QT,QT,B2,DT5_PP,375,359.95251661918331,371.875,33.159965822258222,0.45378464686824999,15.047483380816686,18,0.33471745161182304
RADBILL_4X4_022,14,110_DTend_PP,PP,B2,DT5_PP,30,33.760883981861525,44.277777777777779,12.460788170499704,0.30181750386907552,3.7608839818615252,18,0.21445590309918053
RADBILL_4X4_022,14,110_DTend_QT,QT,B1,DTend_QT,395,396.75973721257623,391.47058823529414,36.433359794045252,0.048300162887086842,1.7597372125762263,18,0
RADBILL_4X4_022,14,120_DTend_PP,PP,B2,DT5_PP,30,30.39127423822714,40.176470588235297,11.148067624691997,0.035097942656941016,0.39127423822714036,18,-0.15474493031568382
RADBILL_4X4_022,14,120_DTend_QT,QT,B1,DTend_QT,385,388.2079646017699,389.0625,26.908409466187333,0.1192179198031373,3.2079646017699019,18,0
RADBILL_4X4_022,14,130first_DTend_PP,PP,B2,DT5_PP,28,24.458275623268694,34.470588235294116,11.63033558769277,0.30452469320654529,3.541724376731306,18,-0.04385920677727273
RADBILL_4X4_022,14,130first_DTend_QT,QT,B1,DTend_QT,365,376.7931334743127,374.41176470588238,32.058654883528355,0.3678611444291125,11.793133474312697,18,0
RADBILL_4X4_022,14,130last_DTend_PP,PP,B1,DTend_QT,28,37.043567052416606,38.0625,10.926840043367219,0.82764706141243527,9.0435670524166056,18,0.61990968083532838
RADBILL_4X4_022,14,130last_DTend_QT,QT,B2,DT5_PP,345,402.72979727853374,373.75,32.377976053690155,1.7829958606061236,57.729797278533738,18,0.91657056896299405
RADBILL_4X4_022,15,110_DTend_PP,PP,B2,DT5_PP,43,48.791037951531777,43.555555555555557,12.907919239171251,0.44864225164640781,5.7910379515317771,18,0.38617145196530911
RADBILL_4X4_022,15,110_DTend_QT,QT,B1,DTend_QT,330,322.83185840707966,395.29411764705884,32.809611217374922,0.21847688305200996,7.1681415929203354,18,0
RADBILL_4X4_022,16,110_DTend_PP,PP,B2,DT5_PP,36,56.34790652560487,43.944444444444443,12.771623979939562,1.5932121519992604,20.34790652560487,18,0
RADBILL_4X4_022,16,110_DTend_QT,QT,B1,DTend_QT,345,351.48026315789474,394.41176470588238,34.409407913260821,0.18832823785373398,6.4802631578947398,18,0
RADBILL_4X4_022,16,120_DTend_PP,PP,B2,DT5_PP,35,51.662876137158847,39.882352941176471,11.357169282776718,1.4671680699897902,16.662876137158847,18,0
RADBILL_4X4_022,16,120_DTend_QT,QT,B1,DTend_QT,330,359.16594454072793,392.5,21.908902300206645,1.3312371446584452,29.165944540727935,18,0
RADBILL_4X4_022,16,130first_DTend_PP,PP,B2,DT5_PP,29,46.190692792162345,34.411764705882355,11.662219040181695,1.4740498984740831,17.190692792162345,18,0
RADBILL_4X4_022,16,130first_DTend_QT,QT,B1,DTend_QT,310,337.47389791183298,377.64705882352939,27.620058780871986,0.99470816227443259,27.473897911832978,18,0
RADBILL_4X4_022,16,130last_DTend_PP,PP,B1,DTend_QT,41,37.012131715771233,37.25,11.17437544861755,0.35687616749284462,3.9878682842287674,18,-0.18000002515692964
RADBILL_4X4_022,16,130last_DTend_QT,QT,B2,DT5_PP,310,365.6188864507011,375.9375,28.764489102595466,1.9335954917302014,55.618886450701098,18,1.3295746789604936
RADBILL_4X4_022,17,110_DTend_PP,PP,B2,DT5_PP,67,47.687236215112321,42.222222222222221,11.507315093174201,1.6783032035286354,19.312763784887679,18,-0.1272259185955289
RADBILL_4X4_022,17,110_DTend_QT,QT,B1,DTend_QT,385,386.49433891644054,392.05882352941177,36.403074369198706,0.041049799840667506,1.4943389164405403,18,0
RADBILL_4X4_022,17,120_DTend_PP,PP,B2,DT5_PP,53,44.374091209517516,38.823529411764703,10.887121371818443,0.79230390622913793,8.6259087904824838,18,-0.14579347140115939
RADBILL_4X4_022,17,120_DTend_QT,QT,B1,DTend_QT,390,379.11168384879727,388.75,26.92582403567252,0.40438190997524937,10.88831615120273,18,0
RADBILL_4X4_022,17,130first_DTend_PP,PP,B2,DT5_PP,49,38.724058162590879,33.235294117647058,11.093519570929157,0.92630132138924437,10.275941837409121,18,-0.20879523234110775
RADBILL_4X4_022,17,130first_DTend_QT,QT,B1,DTend_QT,370,366.08064315094106,374.11764705882354,32.124527920541446,0.12200511891577966,3.9193568490589428,18,0
RADBILL_4X4_022,17,130last_DTend_PP,PP,B1,DTend_QT,58,35.200687285223367,36.1875,9.792641795416257,2.3282085867215669,22.799312714776633,18,0.18114407764511764
RADBILL_4X4_022,17,130last_DTend_QT,QT,B2,DT5_PP,380,363.5960591133005,371.5625,33.101800051759525,0.4955603882885381,16.403940886699502,18,-0.13822331563374457
RADBILL_4X4_022,18,110_DTend_PP,PP,B2,DT5_PP,58,54.055555555555557,42.722222222222221,12.394522298440386,0.31824094139882875,3.9444444444444429,18,0
RADBILL_4X4_022,18,110_DTend_QT,QT,B1,DTend_QT,380,381.36875704093126,392.35294117647061,36.319659236546038,0.037686395459183404,1.3687570409312571,18,0
RADBILL_4X4_022,18,120_DTend_PP,PP,B2,DT5_PP,55,49.376857749469224,38.705882352941174,10.710769731223527,0.52499889285626777,5.6231422505307762,18,0
RADBILL_4X4_022,18,120_DTend_QT,QT,B1,DTend_QT,355,377.73154596100278,390.9375,25.378386473532945,0.8957049332001249,22.73154596100278,18,0
RADBILL_4X4_022,18,130first_DTend_PP,PP,B2,DT5_PP,41,45.19426751592357,33.705882352941174,11.601533874246721,0.36152698094810337,4.1942675159235705,18,0
RADBILL_4X4_022,18,130first_DTend_QT,QT,B1,DTend_QT,355,361.9173782019086,375,31.770662567847086,0.2177284841679446,6.9173782019086048,18,0
RADBILL_4X4_022,18,130last_DTend_PP,PP,B1,DTend_QT,45,36.277158774373255,37,11.033282980751165,0.79059344719470603,8.7228412256267447,18,0.60314783155115459
RADBILL_4X4_022,18,130last_DTend_QT,QT,B2,DT5_PP,350,357.12295578437312,373.4375,32.645507603139926,0.21819099494375804,7.1229557843731186,18,0.04668544318651191
RADBILL_4X4_023,1,110_DTend_PP,PP,B2,DTend_PP,39,54.426783114992723,43.777777777777779,12.859217593780077,1.1996673205416917,15.426783114992723,18,0
RADBILL_4X4_023,1,110_DTend_QT,QT,B1,DTend_QT,415,423.2665330661323,390.29411764705884,35.945731154551495,0.22997259481493612,8.2665330661322969,18,0
RADBILL_4X4_023,1,120_DTend_PP,PP,B2,DTend_PP,34,50.000000000000007,39.941176470588232,11.327348477442184,1.4125106181612723,16.000000000000007,18,0
RADBILL_4X4_023,1,120_DTend_QT,QT,B1,DTend_QT,400,409.53629032258067,388.125,26.762847382145271,0.35632569981857642,9.536290322580669,18,0
RADBILL_4X4_023,1,130first_DTend_PP,PP,B1,DTend_QT,25,36.687065740245856,34.647058823529413,11.499680302461609,1.0162948388873154,11.687065740245856,18,-0.57813995308727106
RADBILL_4X4_023,1,130first_DTend_QT,QT,B2,DTend_PP,405,361.52884876196379,372.05882352941177,31.127701867137763,1.3965422639802947,43.471151238036214,18,1.2310630134387175
RADBILL_4X4_023,1,130last_DTend_PP,PP,B2,DTend_PP,35,42.005069280162218,37.625,11.194492693582262,0.62576031553249245,7.0050692801622176,18,0
RADBILL_4X4_023,1,130last_DTend_QT,QT,B1,DTend_QT,395,398.72800586510266,370.625,32.602402774437756,0.1143475801736196,3.7280058651026593,18,0
RADBILL_4X4_023,2,110_DTend_PP,PP,B2,DT5_PP,63,44.636021730045968,42.444444444444443,11.961812877664549,1.5352169823893329,18.363978269954032,18,0
RADBILL_4X4_023,2,110_DTend_QT,QT,B1,DTend_QT,410,406.63678840469152,390.58823529411762,36.136994243312166,0.093068382297205335,3.3632115953084849,18,0
RADBILL_4X4_023,2,120_DTend_PP,PP,B2,DT5_PP,60,40.703823720025923,38.411764705882355,10.143093854499053,1.9023955172627234,19.296176279974077,18,0
RADBILL_4X4_023,2,120_DTend_QT,QT,B1,DTend_QT,395,396.21467953135766,388.4375,26.87742237145023,0.045193304423712846,1.2146795313576604,18,0
RADBILL_4X4_023,2,130first_DTend_PP,PP,B1,DTend_QT,53,32.753377951761586,33,10.682930309610748,1.8952311268027111,20.246622048238414,18,0.23732676719998347
RADBILL_4X4_023,2,130first_DTend_QT,QT,B2,DT5_PP,380,371.150356448477,373.52941176470586,32.101630891316923,0.27567582411885239,8.8496435515230019,18,0.078931218641648926
RADBILL_4X4_023,2,130last_DTend_PP,PP,B2,DT5_PP,49,37.664436042426473,36.75,10.785793124908958,1.0509717575979569,11.335563957573527,18,0
RADBILL_4X4_023,2,130last_DTend_QT,QT,B1,DTend_QT,370,383.04272915230877,372.1875,33.164677494788535,0.39327170162768166,13.042729152308766,18,0
RADBILL_4X4_023,3,110_DTend_PP,PP,B2,DTend_PP,48,48.750209321797378,43.277777777777779,12.860361149240285,0.058335011986945323,0.75020932179737798,18,0
RADBILL_4X4_023,3,110_DTend_QT,QT,B1,DTend_QT,365,348.125,393.23529411764707,35.791984807643573,0.47147427254149515,16.875,18,0
RADBILL_4X4_023,3,120_DTend_PP,PP,B2,DTend_PP,46,44.320697976610354,39.235294117647058,11.300052056100814,0.14861011392270559,1.6793020233896456,18,0
RADBILL_4X4_023,3,120_DTend_QT,QT,B1,DTend_QT,390,337.69280762564995,388.75,26.92582403567252,1.9426403554094083,52.307192374350052,18,0
RADBILL_4X4_023,3,130first_DTend_PP,PP,B1,DTend_QT,39,28.675754060324824,33.823529411764703,11.668522261396509,0.88479463880626408,10.324245939675176,18,0.801598027504695
RADBILL_4X4_023,3,130first_DTend_QT,QT,B2,DTend_PP,335,371.95266382030815,376.1764705882353,30.543483949358261,1.2098378784023605,36.952663820308146,18,1.0942786195947707
RADBILL_4X4_023,3,130last_DTend_PP,PP,B2,DTend_PP,32,39.699731903485251,37.8125,11.118865349785771,0.69249259355709369,7.6997319034852509,18,0
RADBILL_4X4_023,3,130last_DTend_QT,QT,B1,DTend_QT,345,314.84835355285963,373.75,32.377976053690155,0.93123938312703602,30.151646447140365,18,0
RADBILL_4X4_023,4,110_DTend_PP,PP,B2,DTend_PP,26,31.717540202501493,44.5,12.147379286472114,0.4706809648126169,5.7175402025014925,18,-0.32586666309693713
RADBILL_4X4_023,4,110_DTend_QT,QT,B1,DTend_QT,460,421.97167196961919,387.64705882352939,31.923622085515664,1.1912284868086744,38.028328030380806,18,0
RADBILL_4X4_023,4,120_DTend_PP,PP,B2,DTend_PP,28,28.204438466711494,40.294117647058826,11.021369617034631,0.018549279609996371,0.20443846671149402,18,-0.34795952104286287
RADBILL_4X4_023,4,120_DTend_QT,QT,B1,DTend_QT,445,406.22251705837755,385.3125,22.395591083961147,1.7314784323506147,38.777482941622452,18,0
RADBILL_4X4_023,4,130first_DTend_PP,PP,B1,DTend_QT,25,37.411910328703065,34.647058823529413,11.499680302461609,1.079326555369212,12.411910328703065,18,0.96733219080451871
RADBILL_4X4_023,4,130first_DTend_QT,QT,B2,DTend_PP,430,370.49171248862694,370.58823529411762,28.716412605706452,2.07227442816265,59.508287511373055,18,1.0636154740986521
RADBILL_4X4_023,4,130last_DTend_PP,PP,B2,DTend_PP,30,29.783677964027895,37.9375,11.036114956511343,0.019601285128375227,0.2163220359721052,18,-0.19605783363404419
RADBILL_4X4_023,4,130last_DTend_QT,QT,B1,DTend_QT,435,397.73692191053829,368.125,28.628365886535217,1.3016138691656047,37.263078089461715,18,0
RADBILL_4X4_023,5,110_DTend_PP,PP,B2,DTend_PP,37,38.954782847718526,43.888888888888886,12.805738092924404,0.15264897919461656,1.9547828477185263,18,-0.39125599544807316
RADBILL_4X4_023,5,110_DTend_QT,QT,B1,DTend_QT,385,391.93862275449101,392.05882352941177,36.403074369198706,0.19060540557975236,6.9386227544910071,18,0
RADBILL_4X4_023,5,120_DTend_PP,PP,B2,DTend_PP,33,35.585205479452057,40,11.291589790636214,0.22894964547825605,2.5852054794520569,18,-0.42099677277996239
RADBILL_4X4_023,5,120_DTend_QT,QT,B1,DTend_QT,385,383.8761937244202,389.0625,26.908409466187333,0.041764128682223012,1.1238062755797955,18,0
RADBILL_4X4_023,5,130first_DTend_PP,PP,B1,DTend_QT,26,33.732107355864812,34.588235294117645,11.549127800019207,0.66949708148973408,7.7321073558648123,18,-0.10336820348346842
RADBILL_4X4_023,5,130first_DTend_QT,QT,B2,DTend_PP,375,374.32273972602741,373.8235294117647,32.138830279969831,0.021072959658855025,0.67726027397259259,18,-0.10442321315365993
RADBILL_4X4_023,5,130last_DTend_PP,PP,B2,DTend_PP,29,34.374798927613938,38,10.984838035522721,0.48929250574591421,5.3747989276139378,18,-0.22847630956883769
RADBILL_4X4_023,5,130last_DTend_QT,QT,B1,DTend_QT,375,365.28308321964528,371.875,33.159965822258222,0.29303156801905872,9.7169167803547225,18,0
RADBILL_4X4_023,6,110_DTend_PP,PP,B2,DT5_PP,24,13.290174256845795,44.611111111111114,11.95648428008289,0.89573368661510577,10.709825743154205,18,0.66272104030959866
RADBILL_4X4_023,6,110_DTend_QT,QT,B1,DTend_QT,335,341.58723218189766,395,33.400973039718465,0.19721677491444678,6.5872321818976616,18,0
RADBILL_4X4_023,6,120_DTend_PP,PP,B2,DT5_PP,18,14.813703284258199,40.882352941176471,9.9742315051159238,0.31945285349628227,3.1862967157418005,18,0.024884740687380003
RADBILL_4X4_023,6,130first_DTend_PP,PP,B1,DTend_QT,5,39.143267389917035,35.823529411764703,9.0362830724090255,3.7784636798473623,34.143267389917035,18,1.7482625126262841
RADBILL_4X4_023,6,130first_DTend_QT,QT,B2,DT5_PP,360,428.68629671574178,374.70588235294116,31.940892101431579,2.1504188579837216,68.686296715741776,18,0.54391962985474684
RADBILL_4X4_023,7,110_DTend_PP,PP,B2,DTend_PP,31,36.307562907408702,44.222222222222221,12.525529485370624,0.42373960427044205,5.3075629074087018,18,-0.29919450001220843
RADBILL_4X4_023,7,110_DTend_QT,QT,B1,DTend_QT,385,391.93862275449101,392.05882352941177,36.403074369198706,0.19060540557975236,6.9386227544910071,18,0
RADBILL_4X4_023,7,120_DTend_PP,PP,B2,DTend_PP,30,32.949262405006706,40.176470588235297,11.148067624691997,0.26455368807364854,2.9492624050067064,18,-0.32015893886539593
RADBILL_4X4_023,7,120_DTend_QT,QT,B1,DTend_QT,390,383.53171896316508,388.75,26.92582403567252,0.24022592691185457,6.4682810368349237,18,0
RADBILL_4X4_023,7,130first_DTend_PP,PP,B1,DTend_QT,38,32.980616302186881,33.882352941176471,11.693386768496415,0.42924977999838554,5.0193836978131188,18,-0.24646562401310357
RADBILL_4X4_023,7,130first_DTend_QT,QT,B2,DTend_PP,390,374.70049172999552,372.94117647058823,31.871755890277083,0.4800334290547138,15.29950827000448,18,-0.14662373049003241
RADBILL_4X4_023,7,130last_DTend_PP,PP,B2,DTend_PP,33,32.315655164762006,37.75,11.150485789118488,0.061373544451832823,0.68434483523799372,18,0.016365015569398518
RADBILL_4X4_023,7,130last_DTend_QT,QT,B1,DTend_QT,395,363.90518417462482,370.625,32.602402774437756,0.95375840978675919,31.094815825375179,18,0
RADBILL_4X4_023,8,110_DTend_PP,PP,B2,DTend_PP,44,32.774790877243149,43.5,12.908045826492232,0.86962885580390814,11.225209122756851,18,0
RADBILL_4X4_023,8,110_DTend_QT,QT,B1,DTend_QT,430,446.40915269596735,389.41176470588238,35.083932974243019,0.46771132267337817,16.40915269596735,18,0
RADBILL_4X4_023,8,120_DTend_PP,PP,B2,DTend_PP,36,30.304635258358665,39.823529411764703,11.381098882124954,0.50042309627820036,5.6953647416413347,18,0
RADBILL_4X4_023,8,120_DTend_QT,QT,B1,DTend_QT,420,426.25660211267609,386.875,25.617376914898998,0.24423273832682177,6.2566021126760916,18,0
RADBILL_4X4_023,8,130first_DTend_PP,PP,B1,DTend_QT,38,36.042003733665211,33.882352941176471,11.693386768496415,0.16744475361149419,1.9579962663347885,18,-0.90242581357535889
RADBILL_4X4_023,8,130first_DTend_QT,QT,B2,DTend_PP,420,372.17249240121578,371.1764705882353,29.871046378804774,1.6011326483936161,47.827507598784223,18,1.6003514435005615
RADBILL_4X4_023,8,130last_DTend_PP,PP,B2,DTend_PP,40,29.946131805157592,37.3125,11.193562137824284,0.89818308694327753,10.053868194842408,18,0
RADBILL_4X4_023,8,130last_DTend_QT,QT,B1,DTend_QT,415,421.62411971830983,369.375,31.138133106102128,0.21273336123711609,6.6241197183098279,18,0
RADBILL_4X4_023,10,110_DTend_PP,PP,B2,DTend_PP,32,37.250904033379697,44.166666666666664,12.585005083081073,0.41723495530715876,5.2509040333796975,18,0
RADBILL_4X4_023,10,110_DTend_QT,QT,B1,DTend_QT,425,427.78045776454894,389.70588235294116,35.420270866204483,0.078499054257709186,2.7804577645489417,18,0
RADBILL_4X4_023,10,120_DTend_PP,PP,B2,DTend_PP,33,33.654296802809093,40,11.291589790636214,0.05794549881290248,0.65429680280909253,18,0
RADBILL_4X4_023,10,120_DTend_QT,QT,B1,DTend_QT,405,413.74336618650489,387.8125,26.581243387020105,0.32892991720524112,8.7433661865048862,18,0
RADBILL_4X4_023,10,130first_DTend_PP,PP,B1,DTend_QT,22,37.940448356484666,34.823529411764703,11.315008252966759,1.4087880450555685,15.940448356484666,18,0.73403008498998734
RADBILL_4X4_023,10,130first_DTend_QT,QT,B2,DTend_PP,405,372.96673442986508,372.05882352941177,31.127701867137763,1.029091890781477,32.033265570134915,18,1.0149753053881787
RADBILL_4X4_023,10,130last_DTend_PP,PP,B2,DTend_PP,23,34.020256213730427,38.375,10.531698185319719,1.0463892925731308,11.020256213730427,18,0
RADBILL_4X4_023,10,130last_DTend_QT,QT,B1,DTend_QT,395,405.25777103866562,370.625,32.602402774437756,0.31463236343759093,10.257771038665624,18,0
RADBILL_4X4_023,11,110_DTend_PP,PP,B2,DTend_PP,50,55.371775644871022,43.166666666666664,12.807396759869114,0.41942759684802011,5.3717756448710219,18,0
RADBILL_4X4_023,11,110_DTend_QT,QT,B1,DTend_QT,410,406.63678840469152,390.58823529411762,36.136994243312166,0.093068382297205335,3.3632115953084849,18,0
RADBILL_4X4_023,11,120_DTend_PP,PP,B2,DTend_PP,45,50.723311633851196,39.294117647058826,11.334486677185435,0.50494669911883483,5.7233116338511962,18,0
RADBILL_4X4_023,11,120_DTend_QT,QT,B1,DTend_QT,390,396.61440385940733,388.75,26.92582403567252,0.24565279230244833,6.6144038594073322,18,0
RADBILL_4X4_023,11,130first_DTend_PP,PP,B1,DTend_QT,39,33.872458643768148,33.823529411764703,11.668522261396509,0.43943365246818999,5.1275413562318519,18,0.073767484836913422
RADBILL_4X4_023,11,130first_DTend_QT,QT,B2,DTend_PP,375,364.0674547705579,373.8235294117647,32.138830279969831,0.34016624544844387,10.932545229442098,18,-0.02436147004545719
RADBILL_4X4_023,11,130last_DTend_PP,PP,B2,DTend_PP,48,41.050835573214911,36.8125,10.857984773121268,0.64000498913828019,6.9491644267850887,18,0
RADBILL_4X4_023,11,130last_DTend_QT,QT,B1,DTend_QT,370,383.04272915230877,372.1875,33.164677494788535,0.39327170162768166,13.042729152308766,18,0
RADBILL_4X4_023,12,110_DTend_PP,PP,B2,DTend_PP,47,49.929069031032299,43.333333333333336,12.87953232618236,0.2274204495048236,2.9290690310322987,18,0
RADBILL_4X4_023,12,120_DTend_PP,PP,B2,DTend_PP,41,45.792240862792092,39.529411764705884,11.413356468732278,0.41988006559865054,4.7922408627920916,18,0
RADBILL_4X4_023,12,120_DTend_QT,QT,B1,DTend_QT,380,379.88144329896909,389.375,26.825050481468498,0.0044196263903702156,0.11855670103091143,18,0
RADBILL_4X4_023,12,130first_DTend_PP,PP,B1,DTend_QT,33,32.948024429764423,34.176470588235297,11.732621691877135,0.0044300047849971137,0.05197557023557664,18,-0.54461450930290722
RADBILL_4X4_023,12,130first_DTend_QT,QT,B2,DTend_PP,350,370.19772318753746,375.29411764705884,31.54711695599606,0.64023990577999701,20.197723187537463,18,0.088704502793332529
RADBILL_4X4_023,12,130last_DTend_PP,PP,B2,DTend_PP,17,41.836635271191945,38.75,9.8013604497879108,2.5339987646030688,24.836635271191945,18,0
RADBILL_4X4_023,12,130last_DTend_QT,QT,B1,DTend_QT,350,361.32989690721649,373.4375,32.645507603139926,0.34705837767787551,11.329896907216494,18,0
RADBILL_4X4_023,13,110_DTend_PP,PP,B2,DTend_PP,49,46.558539944903579,43.222222222222221,12.836325090541505,0.19019930064683543,2.4414600550964209,18,0
RADBILL_4X4_023,13,110_DTend_QT,QT,B1,DTend_QT,395,396.75973721257623,391.47058823529414,36.433359794045252,0.048300162887086842,1.7597372125762263,18,0
RADBILL_4X4_023,13,120_DTend_PP,PP,B2,DTend_PP,45,42.473310130060455,39.294117647058826,11.334486677185435,0.22292053816829488,2.5266898699395455,18,0
RADBILL_4X4_023,13,120_DTend_QT,QT,B1,DTend_QT,385,388.2079646017699,389.0625,26.908409466187333,0.1192179198031373,3.2079646017699019,18,0
RADBILL_4X4_023,13,130first_DTend_PP,PP,B1,DTend_QT,40,33.193307625326533,33.764705882352942,11.637919765601936,0.58487191111180614,6.8066923746734673,18,0.27066509774014313
RADBILL_4X4_023,13,130first_DTend_QT,QT,B2,DTend_PP,370,370.01941747572818,374.11764705882354,32.124527920541446,0.00060444392447428334,0.019417475728175759,18,-0.20092579970475785
RADBILL_4X4_023,13,130last_DTend_PP,PP,B2,DTend_PP,39,37.968369829683695,37.375,11.206396982676159,0.092057257288947564,1.0316301703163049,18,0
RADBILL_4X4_023,13,130last_DTend_QT,QT,B1,DTend_QT,375,371.05173587474474,371.875,33.159965822258222,0.11906719525642695,3.9482641252552639,18,0
RADBILL_4X4_023,14,110_DTend_PP,PP,B2,DTend_PP,30,31.088594401429425,44.277777777777779,12.460788170499704,0.087361600769894993,1.0885944014294253,18,0
RADBILL_4X4_023,14,110_DTend_QT,QT,B1,DTend_QT,395,396.75973721257623,391.47058823529414,36.433359794045252,0.048300162887086842,1.7597372125762263,18,0
RADBILL_4X4_023,14,120_DTend_PP,PP,B2,DTend_PP,30,27.883618814035366,40.176470588235297,11.148067624691997,0.18984287297262484,2.1163811859646344,18,0
RADBILL_4X4_023,14,120_DTend_QT,QT,B1,DTend_QT,385,388.2079646017699,389.0625,26.908409466187333,0.1192179198031373,3.2079646017699019,18,0
RADBILL_4X4_023,14,130first_DTend_PP,PP,B1,DTend_QT,28,33.95907451175519,34.470588235294116,11.63033558769277,0.51237339342650501,5.9590745117551904,18,0.16398949344268698
RADBILL_4X4_023,14,130first_DTend_QT,QT,B2,DTend_PP,365,380.91835120060131,374.41176470588238,32.058654883528355,0.49653833757011778,15.918351200601307,18,0.12867719314100529
RADBILL_4X4_023,14,130last_DTend_PP,PP,B2,DTend_PP,28,30.269913128594148,38.0625,10.926840043367219,0.20773738057710692,2.2699131285941476,18,0
RADBILL_4X4_023,14,130last_DTend_QT,QT,B1,DTend_QT,345,373.05309734513276,373.75,32.377976053690155,0.86642529164312954,28.053097345132755,18,0
RADBILL_4X4_023,15,110_DTend_PP,PP,B2,DTend_PP,43,43.806368037090067,43.555555555555557,12.907919239171251,0.062470799681098685,0.80636803709006699,18,0
RADBILL_4X4_023,15,110_DTend_QT,QT,B1,DTend_QT,330,322.83185840707966,395.29411764705884,32.809611217374922,0.21847688305200996,7.1681415929203354,18,0
RADBILL_4X4_023,16,110_DTend_PP,PP,B2,DTend_PP,36,40.059886386968728,43.944444444444443,12.771623979939562,0.31788333209195685,4.0598863869687278,18,-1.2753288199073034
RADBILL_4X4_023,16,110_DTend_QT,QT,B1,DT5_QT,345,361.15682324249815,394.41176470588238,34.409407913260821,0.46954667988551974,16.156823242498149,18,0.28121844203178575
RADBILL_4X4_023,16,120_DTend_PP,PP,B2,DTend_PP,35,36.405763353223691,39.882352941176471,11.357169282776718,0.12377761731134425,1.4057633532236906,18,-1.3433904526784459
RADBILL_4X4_023,16,120_DTend_QT,QT,B1,DT5_QT,330,367.85758706467664,392.5,21.908902300206645,1.7279545340032652,37.857587064676636,18,0.39671738934481993
RADBILL_4X4_023,16,130first_DTend_PP,PP,B1,DT5_QT,29,33.006653359946775,34.411764705882355,11.662219040181695,0.34355840394885534,4.0066533599467746,18,-1.1304914945252278
RADBILL_4X4_023,16,130first_DTend_QT,QT,B2,DTend_PP,310,378.12036093727261,377.64705882352939,27.620058780871986,2.4663365663960399,68.120360937272608,18,1.4716284041216072
RADBILL_4X4_023,16,130last_DTend_PP,PP,B2,DTend_PP,41,33.914334362030438,37.25,11.17437544861755,0.634099477912761,7.0856656379695622,18,0.097223285262986736
RADBILL_4X4_023,16,130last_DTend_QT,QT,B1,DT5_QT,310,344.0080845771144,375.9375,28.764489102595466,1.1822940590328719,34.008084577114403,18,0.57827324626316423
RADBILL_4X4_023,17,110_DTend_PP,PP,B2,DTend_PP,67,46.223207481815038,42.222222222222221,11.507315093174201,1.8055291221241643,20.776792518184962,18,0
RADBILL_4X4_023,17,110_DTend_QT,QT,B1,DTend_QT,385,386.49433891644054,392.05882352941177,36.403074369198706,0.041049799840667506,1.4943389164405403,18,0
RADBILL_4X4_023,17,120_DTend_PP,PP,B2,DTend_PP,53,42.786819991154353,38.823529411764703,10.887121371818443,0.93809737763029732,10.213180008845647,18,0
RADBILL_4X4_023,17,120_DTend_QT,QT,B1,DTend_QT,390,379.11168384879727,388.75,26.92582403567252,0.40438190997524937,10.88831615120273,18,0
RADBILL_4X4_023,17,130first_DTend_PP,PP,B1,DTend_QT,49,31.893057459803064,33.235294117647058,11.093519570929157,1.5420662875131264,17.106942540196936,18,0.40696973378277423
RADBILL_4X4_023,17,130first_DTend_QT,QT,B2,DTend_PP,370,369.43166740380366,374.11764705882354,32.124527920541446,0.017691547019837509,0.56833259619634191,18,-0.10431357189594215
RADBILL_4X4_023,17,130last_DTend_PP,PP,B2,DTend_PP,58,36.974566350963073,36.1875,9.792641795416257,2.1470645090764493,21.025433649036927,18,0
RADBILL_4X4_023,17,130last_DTend_QT,QT,B1,DTend_QT,380,359.02061855670104,371.5625,33.101800051759525,0.63378370392228267,20.979381443298962,18,0
RADBILL_4X4_023,18,110_DTend_PP,PP,B2,DTend_PP,58,56.284914463452566,42.722222222222221,12.394522298440386,0.13837447666403771,1.7150855365474342,18,-0.17986646473479104
RADBILL_4X4_023,18,110_DTend_QT,QT,B1,DTend_QT,380,381.36875704093126,392.35294117647061,36.319659236546038,0.037686395459183404,1.3687570409312571,18,0
RADBILL_4X4_023,18,120_DTend_PP,PP,B2,DTend_PP,55,50.982349285270352,38.705882352941174,10.710769731223527,0.37510382685359983,4.0176507147296476,18,-0.14989506600266794
RADBILL_4X4_023,18,120_DTend_QT,QT,B1,DTend_QT,355,377.73154596100278,390.9375,25.378386473532945,0.8957049332001249,22.73154596100278,18,0
RADBILL_4X4_023,18,130first_DTend_PP,PP,B1,DTend_QT,41,32.007785032646908,33.705882352941174,11.601533874246721,0.77508845509766267,8.9922149673530924,18,0.41356147414955929
RADBILL_4X4_023,18,130first_DTend_QT,QT,B2,DTend_PP,355,366.64449968924799,375,31.770662567847086,0.36651737005423973,11.644499689247994,18,0.14878888588629513
RADBILL_4X4_023,18,130last_DTend_PP,PP,B2,DTend_PP,45,42.730086871405852,37,11.033282980751165,0.205733246627887,2.2699131285941476,18,0.018287630984335529
RADBILL_4X4_023,18,130last_DTend_QT,QT,B1,DTend_QT,350,355.59888579387189,373.4375,32.645507603139926,0.17150555175724613,5.5988857938718866,18,0
RADBILL_4X4_024,1,110_DTend_PP,PP,B2,DTend_PP,39,54.426783114992723,43.777777777777779,12.859217593780077,1.1996673205416917,15.426783114992723,18,0
RADBILL_4X4_024,1,110_DTend_QT,QT,B1,DTend_QT,415,423.2665330661323,390.29411764705884,35.945731154551495,0.22997259481493612,8.2665330661322969,18,0
RADBILL_4X4_024,1,120_DTend_PP,PP,B2,DTend_PP,34,50.000000000000007,39.941176470588232,11.327348477442184,1.4125106181612723,16.000000000000007,18,0
RADBILL_4X4_024,1,120_DTend_QT,QT,B1,DTend_QT,400,409.53629032258067,388.125,26.762847382145271,0.35632569981857642,9.536290322580669,18,0
RADBILL_4X4_024,1,130first_DTend_PP,PP,B1,DTend_QT,25,36.687065740245856,34.647058823529413,11.499680302461609,1.0162948388873154,11.687065740245856,18,-0.57813995308727106
RADBILL_4X4_024,1,130first_DTend_QT,QT,B2,DTend_PP,405,361.52884876196379,372.05882352941177,31.127701867137763,1.3965422639802947,43.471151238036214,18,1.2310630134387175
RADBILL_4X4_024,1,130last_DTend_PP,PP,B1,DTend_QT,35,35.686217008797655,37.625,11.194492693582262,0.061299518216762015,0.68621700879765513,18,-0.5644607973157304
RADBILL_4X4_024,1,130last_DTend_QT,QT,B2,DTend_PP,395,357.93680297397771,370.625,32.602402774437756,1.1368240949124788,37.063197026022294,18,1.0224765147388593
RADBILL_4X4_024,2,110_DTend_PP,PP,B2,DT5_PP,63,44.636021730045968,42.444444444444443,11.961812877664549,1.5352169823893329,18.363978269954032,18,0
RADBILL_4X4_024,2,110_DTend_QT,QT,B1,DTend_QT,410,406.63678840469152,390.58823529411762,36.136994243312166,0.093068382297205335,3.3632115953084849,18,0
RADBILL_4X4_024,2,120_DTend_PP,PP,B2,DT5_PP,60,40.703823720025923,38.411764705882355,10.143093854499053,1.9023955172627234,19.296176279974077,18,0
RADBILL_4X4_024,2,120_DTend_QT,QT,B1,DTend_QT,395,396.21467953135766,388.4375,26.87742237145023,0.045193304423712846,1.2146795313576604,18,0
RADBILL_4X4_024,2,130first_DTend_PP,PP,B1,DTend_QT,53,32.753377951761586,33,10.682930309610748,1.8952311268027111,20.246622048238414,18,0.23732676719998347
RADBILL_4X4_024,2,130first_DTend_QT,QT,B2,DT5_PP,380,371.150356448477,373.52941176470586,32.101630891316923,0.27567582411885239,8.8496435515230019,18,0.078931218641648926
RADBILL_4X4_024,2,130last_DTend_PP,PP,B1,DTend_QT,49,35.096485182632669,36.75,10.785793124908958,1.289058176469029,13.903514817367331,18,0.23808641887107207
RADBILL_4X4_024,2,130last_DTend_QT,QT,B2,DT5_PP,370,370.57165322715559,372.1875,33.164677494788535,0.017236809471324496,0.57165322715559341,18,-0.37603489215635716
RADBILL_4X4_024,3,110_DTend_PP,PP,B2,DTend_PP,48,48.750209321797378,43.277777777777779,12.860361149240285,0.058335011986945323,0.75020932179737798,18,0
RADBILL_4X4_024,3,110_DTend_QT,QT,B1,DTend_QT,365,348.125,393.23529411764707,35.791984807643573,0.47147427254149515,16.875,18,0
RADBILL_4X4_024,3,120_DTend_PP,PP,B2,DTend_PP,46,44.320697976610354,39.235294117647058,11.300052056100814,0.14861011392270559,1.6793020233896456,18,0
RADBILL_4X4_024,3,120_DTend_QT,QT,B1,DTend_QT,390,337.69280762564995,388.75,26.92582403567252,1.9426403554094083,52.307192374350052,18,0
RADBILL_4X4_024,3,130first_DTend_PP,PP,B1,DTend_QT,39,28.675754060324824,33.823529411764703,11.668522261396509,0.88479463880626408,10.324245939675176,18,0.801598027504695
RADBILL_4X4_024,3,130first_DTend_QT,QT,B2,DTend_PP,335,371.95266382030815,376.1764705882353,30.543483949358261,1.2098378784023605,36.952663820308146,18,1.0942786195947707
RADBILL_4X4_024,3,130last_DTend_PP,PP,B1,DTend_QT,32,40.233102253032925,37.8125,11.118865349785771,0.74046244774351488,8.233102253032925,18,0.04796985418642119
RADBILL_4X4_024,3,130last_DTend_QT,QT,B2,DTend_PP,345,368.07238605898124,373.75,32.377976053690155,0.71259506834898811,23.072386058981238,18,-0.21864431477804791
RADBILL_4X4_024,4,110_DTend_PP,PP,B2,DTend_PP,26,31.717540202501493,44.5,12.147379286472114,0.4706809648126169,5.7175402025014925,18,-0.32586666309693713
RADBILL_4X4_024,4,110_DTend_QT,QT,B1,DTend_QT,460,421.97167196961919,387.64705882352939,31.923622085515664,1.1912284868086744,38.028328030380806,18,0
RADBILL_4X4_024,4,120_DTend_PP,PP,B2,DTend_PP,28,28.204438466711494,40.294117647058826,11.021369617034631,0.018549279609996371,0.20443846671149402,18,-0.34795952104286287
RADBILL_4X4_024,4,120_DTend_QT,QT,B1,DTend_QT,445,406.22251705837755,385.3125,22.395591083961147,1.7314784323506147,38.777482941622452,18,0
RADBILL_4X4_024,4,130first_DTend_PP,PP,B1,DTend_QT,25,37.411910328703065,34.647058823529413,11.499680302461609,1.079326555369212,12.411910328703065,18,0.96733219080451871
RADBILL_4X4_024,4,130first_DTend_QT,QT,B2,DTend_PP,430,370.49171248862694,370.58823529411762,28.716412605706452,2.07227442816265,59.508287511373055,18,1.0636154740986521
RADBILL_4X4_024,4,130last_DTend_PP,PP,B1,DTend_QT,30,36.44048521607278,37.9375,11.036114956511343,0.58358265036672829,6.4404852160727799,18,0.36792353160430891
RADBILL_4X4_024,4,130last_DTend_QT,QT,B2,DTend_PP,435,369.35335861984584,368.125,28.628365886535217,2.2930628188956379,65.646641380154165,18,0.99144894973003317
RADBILL_4X4_024,5,110_DTend_PP,PP,B2,DT5_PP,37,43.965104652712974,43.888888888888886,12.805738092924404,0.54390497464268972,6.9651046527129736,18,0
RADBILL_4X4_024,5,110_DTend_QT,QT,B1,DTend_QT,385,391.93862275449101,392.05882352941177,36.403074369198706,0.19060540557975236,6.9386227544910071,18,0
RADBILL_4X4_024,5,120_DTend_PP,PP,B2,DT5_PP,33,40.338928340865074,40,11.291589790636214,0.64994641825821842,7.3389283408650741,18,0
RADBILL_4X4_024,5,120_DTend_QT,QT,B1,DTend_QT,385,383.8761937244202,389.0625,26.908409466187333,0.041764128682223012,1.1238062755797955,18,0
RADBILL_4X4_024,5,130first_DTend_PP,PP,B1,DTend_QT,26,33.732107355864812,34.588235294117645,11.549127800019207,0.66949708148973408,7.7321073558648123,18,-0.10336820348346842
RADBILL_4X4_024,5,130first_DTend_QT,QT,B2,DT5_PP,375,373.4885409941898,373.8235294117647,32.138830279969831,0.047029060878802278,1.5114590058101953,18,-0.078467111933712683
RADBILL_4X4_024,5,130last_DTend_PP,PP,B1,DTend_QT,29,37.181446111869029,38,10.984838035522721,0.74479442349645075,8.1814461118690289,18,0.027025608181698857
RADBILL_4X4_024,5,130last_DTend_QT,QT,B2,DT5_PP,375,373.84105516871989,371.875,33.159965822258222,0.03495012140519705,1.1589448312801096,18,-0.25808144661386168
RADBILL_4X4_024,6,110_DTend_PP,PP,B2,DT5_PP,24,13.290174256845795,44.611111111111114,11.95648428008289,0.89573368661510577,10.709825743154205,18,0.66272104030959866
RADBILL_4X4_024,6,110_DTend_QT,QT,B1,DTend_QT,335,341.58723218189766,395,33.400973039718465,0.19721677491444678,6.5872321818976616,18,0
RADBILL_4X4_024,6,120_DTend_PP,PP,B2,DT5_PP,18,14.813703284258199,40.882352941176471,9.9742315051159238,0.31945285349628227,3.1862967157418005,18,0.024884740687380003
RADBILL_4X4_024,6,130first_DTend_PP,PP,B1,DTend_QT,5,39.143267389917035,35.823529411764703,9.0362830724090255,3.7784636798473623,34.143267389917035,18,1.7482625126262841
RADBILL_4X4_024,6,130first_DTend_QT,QT,B2,DT5_PP,360,428.68629671574178,374.70588235294116,31.940892101431579,2.1504188579837216,68.686296715741776,18,0.54391962985474684
RADBILL_4X4_024,7,110_DTend_PP,PP,B2,DTend_PP,31,36.307562907408702,44.222222222222221,12.525529485370624,0.42373960427044205,5.3075629074087018,18,-0.29919450001220843
RADBILL_4X4_024,7,110_DTend_QT,QT,B1,DTend_QT,385,391.93862275449101,392.05882352941177,36.403074369198706,0.19060540557975236,6.9386227544910071,18,0
RADBILL_4X4_024,7,120_DTend_PP,PP,B2,DTend_PP,30,32.949262405006706,40.176470588235297,11.148067624691997,0.26455368807364854,2.9492624050067064,18,-0.32015893886539593
RADBILL_4X4_024,7,120_DTend_QT,QT,B1,DTend_QT,390,383.53171896316508,388.75,26.92582403567252,0.24022592691185457,6.4682810368349237,18,0
RADBILL_4X4_024,7,130first_DTend_PP,PP,B1,DTend_QT,38,32.980616302186881,33.882352941176471,11.693386768496415,0.42924977999838554,5.0193836978131188,18,-0.24646562401310357
RADBILL_4X4_024,7,130first_DTend_QT,QT,B2,DTend_PP,390,374.70049172999552,372.94117647058823,31.871755890277083,0.4800334290547138,15.29950827000448,18,-0.14662373049003241
RADBILL_4X4_024,7,130last_DTend_PP,PP,B1,DTend_QT,33,36.905866302864936,37.75,11.150485789118488,0.35028664909618418,3.9058663028649363,18,0.30527812021374989
RADBILL_4X4_024,7,130last_DTend_QT,QT,B2,DTend_PP,395,375.54698768445581,370.625,32.602402774437756,0.59667419147390321,19.453012315544186,18,-0.35708421831285597
RADBILL_4X4_024,8,110_DTend_PP,PP,B2,DTend_PP,44,32.774790877243149,43.5,12.908045826492232,0.86962885580390814,11.225209122756851,18,0
RADBILL_4X4_024,8,110_DTend_QT,QT,B1,DTend_QT,430,446.40915269596735,389.41176470588238,35.083932974243019,0.46771132267337817,16.40915269596735,18,0
RADBILL_4X4_024,8,120_DTend_PP,PP,B2,DTend_PP,36,30.304635258358665,39.823529411764703,11.381098882124954,0.50042309627820036,5.6953647416413347,18,0
RADBILL_4X4_024,8,120_DTend_QT,QT,B1,DTend_QT,420,426.25660211267609,386.875,25.617376914898998,0.24423273832682177,6.2566021126760916,18,0
RADBILL_4X4_024,8,130first_DTend_PP,PP,B1,DTend_QT,38,36.042003733665211,33.882352941176471,11.693386768496415,0.16744475361149419,1.9579962663347885,18,-0.90242581357535889
RADBILL_4X4_024,8,130first_DTend_QT,QT,B2,DTend_PP,420,372.17249240121578,371.1764705882353,29.871046378804774,1.6011326483936161,47.827507598784223,18,1.6003514435005615
RADBILL_4X4_024,8,130last_DTend_PP,PP,B1,DTend_QT,40,32.955105633802816,37.3125,11.193562137824284,0.6293701932820569,7.0448943661971839,18,-0.26881289366122063
RADBILL_4X4_024,8,130last_DTend_QT,QT,B2,DTend_PP,415,373.68767908309457,369.375,31.138133106102128,1.3267436675196649,41.312320916905435,18,1.1140103062825488
RADBILL_4X4_024,10,110_DTend_PP,PP,B2,DTend_PP,32,37.250904033379697,44.166666666666664,12.585005083081073,0.41723495530715876,5.2509040333796975,18,0
RADBILL_4X4_024,10,110_DTend_QT,QT,B1,DTend_QT,425,427.78045776454894,389.70588235294116,35.420270866204483,0.078499054257709186,2.7804577645489417,18,0
RADBILL_4X4_024,10,120_DTend_PP,PP,B2,DTend_PP,33,33.654296802809093,40,11.291589790636214,0.05794549881290248,0.65429680280909253,18,0
RADBILL_4X4_024,10,120_DTend_QT,QT,B1,DTend_QT,405,413.74336618650489,387.8125,26.581243387020105,0.32892991720524112,8.7433661865048862,18,0
RADBILL_4X4_024,10,130first_DTend_PP,PP,B1,DTend_QT,22,37.940448356484666,34.823529411764703,11.315008252966759,1.4087880450555685,15.940448356484666,18,0.73403008498998734
RADBILL_4X4_024,10,130first_DTend_QT,QT,B2,DTend_PP,405,372.96673442986508,372.05882352941177,31.127701867137763,1.029091890781477,32.033265570134915,18,1.0149753053881787
RADBILL_4X4_024,10,130last_DTend_PP,PP,B1,DTend_QT,23,37.756633813495071,38.375,10.531698185319719,1.4011637585726249,14.756633813495071,18,0.35477446599949403
RADBILL_4X4_024,10,130last_DTend_QT,QT,B2,DTend_PP,395,374.81276688930251,370.625,32.602402774437756,0.61919464189079632,20.187233110697491,18,0.30456227845320538
RADBILL_4X4_024,11,110_DTend_PP,PP,B2,DTend_PP,50,55.371775644871022,43.166666666666664,12.807396759869114,0.41942759684802011,5.3717756448710219,18,0
RADBILL_4X4_024,11,110_DTend_QT,QT,B1,DTend_QT,410,406.63678840469152,390.58823529411762,36.136994243312166,0.093068382297205335,3.3632115953084849,18,0
RADBILL_4X4_024,11,120_DTend_PP,PP,B2,DTend_PP,45,50.723311633851196,39.294117647058826,11.334486677185435,0.50494669911883483,5.7233116338511962,18,0
RADBILL_4X4_024,11,120_DTend_QT,QT,B1,DTend_QT,390,396.61440385940733,388.75,26.92582403567252,0.24565279230244833,6.6144038594073322,18,0
RADBILL_4X4_024,11,130first_DTend_PP,PP,B1,DTend_QT,39,33.872458643768148,33.823529411764703,11.668522261396509,0.43943365246818999,5.1275413562318519,18,0.073767484836913422
RADBILL_4X4_024,11,130first_DTend_QT,QT,B2,DTend_PP,375,364.0674547705579,373.8235294117647,32.138830279969831,0.34016624544844387,10.932545229442098,18,-0.02436147004545719
RADBILL_4X4_024,11,130last_DTend_PP,PP,B1,DTend_QT,48,35.176430048242594,36.8125,10.857984773121268,1.1810267024413137,12.823569951757406,18,0.5410217133030335
RADBILL_4X4_024,11,130last_DTend_QT,QT,B2,DTend_PP,370,359.1211873320089,372.1875,33.164677494788535,0.3280240753042325,10.878812667991099,18,-0.065247626323449159
RADBILL_4X4_024,12,110_DTend_PP,PP,B2,DTend_PP,47,49.929069031032299,43.333333333333336,12.87953232618236,0.2274204495048236,2.9290690310322987,18,0
RADBILL_4X4_024,12,120_DTend_PP,PP,B2,DTend_PP,41,45.792240862792092,39.529411764705884,11.413356468732278,0.41988006559865054,4.7922408627920916,18,0
RADBILL_4X4_024,12,120_DTend_QT,QT,B1,DTend_QT,380,379.88144329896909,389.375,26.825050481468498,0.0044196263903702156,0.11855670103091143,18,0
RADBILL_4X4_024,12,130first_DTend_PP,PP,B1,DTend_QT,33,32.948024429764423,34.176470588235297,11.732621691877135,0.0044300047849971137,0.05197557023557664,18,-0.54461450930290722
RADBILL_4X4_024,12,130first_DTend_QT,QT,B2,DTend_PP,350,370.19772318753746,375.29411764705884,31.54711695599606,0.64023990577999701,20.197723187537463,18,0.088704502793332529
RADBILL_4X4_024,12,130last_DTend_PP,PP,B1,DTend_QT,17,38.356701030927837,38.75,9.8013604497879108,2.1789527219550395,21.356701030927837,18,-0.3550460426480293
RADBILL_4X4_024,12,130last_DTend_QT,QT,B2,DTend_PP,350,366.81390061708345,373.4375,32.645507603139926,0.51504485154540058,16.813900617083448,18,0.16798647386752508
RADBILL_4X4_024,13,110_DTend_PP,PP,B2,DTend_PP,49,46.558539944903579,43.222222222222221,12.836325090541505,0.19019930064683543,2.4414600550964209,18,0
RADBILL_4X4_024,13,110_DTend_QT,QT,B1,DTend_QT,395,396.75973721257623,391.47058823529414,36.433359794045252,0.048300162887086842,1.7597372125762263,18,0
RADBILL_4X4_024,13,120_DTend_PP,PP,B2,DTend_PP,45,42.473310130060455,39.294117647058826,11.334486677185435,0.22292053816829488,2.5266898699395455,18,0
RADBILL_4X4_024,13,120_DTend_QT,QT,B1,DTend_QT,385,388.2079646017699,389.0625,26.908409466187333,0.1192179198031373,3.2079646017699019,18,0
RADBILL_4X4_024,13,130first_DTend_PP,PP,B1,DTend_QT,40,33.193307625326533,33.764705882352942,11.637919765601936,0.58487191111180614,6.8066923746734673,18,0.27066509774014313
RADBILL_4X4_024,13,130first_DTend_QT,QT,B2,DTend_PP,370,370.01941747572818,374.11764705882354,32.124527920541446,0.00060444392447428334,0.019417475728175759,18,-0.20092579970475785
RADBILL_4X4_024,13,130last_DTend_PP,PP,B1,DTend_QT,39,36.309734513274336,37.375,11.206396982676159,0.24006516018346619,2.6902654867256643,18,0.14800790289451862
RADBILL_4X4_024,13,130last_DTend_QT,QT,B2,DTend_PP,375,367.428858563419,371.875,33.159965822258222,0.22832175030466906,7.5711414365810015,18,0.10925455504824211
RADBILL_4X4_024,14,110_DTend_PP,PP,B2,DT5_PP,30,33.760883981861525,44.277777777777779,12.460788170499704,0.30181750386907552,3.7608839818615252,18,0.21445590309918053
RADBILL_4X4_024,14,110_DTend_QT,QT,B1,DTend_QT,395,396.75973721257623,391.47058823529414,36.433359794045252,0.048300162887086842,1.7597372125762263,18,0
RADBILL_4X4_024,14,120_DTend_PP,PP,B2,DT5_PP,30,30.39127423822714,40.176470588235297,11.148067624691997,0.035097942656941016,0.39127423822714036,18,-0.15474493031568382
RADBILL_4X4_024,14,120_DTend_QT,QT,B1,DTend_QT,385,388.2079646017699,389.0625,26.908409466187333,0.1192179198031373,3.2079646017699019,18,0
RADBILL_4X4_024,14,130first_DTend_PP,PP,B1,DTend_QT,28,33.95907451175519,34.470588235294116,11.63033558769277,0.51237339342650501,5.9590745117551904,18,0.16398949344268698
RADBILL_4X4_024,14,130first_DTend_QT,QT,B2,DT5_PP,365,385.51506232686978,374.41176470588238,32.058654883528355,0.63992274165596263,20.515062326869781,18,0.27206159722685014
RADBILL_4X4_024,14,130last_DTend_PP,PP,B1,DTend_QT,28,37.043567052416606,38.0625,10.926840043367219,0.82764706141243527,9.0435670524166056,18,0.61990968083532838
RADBILL_4X4_024,14,130last_DTend_QT,QT,B2,DT5_PP,345,402.72979727853374,373.75,32.377976053690155,1.7829958606061236,57.729797278533738,18,0.91657056896299405
RADBILL_4X4_024,15,110_DTend_PP,PP,B2,DTend_PP,43,43.806368037090067,43.555555555555557,12.907919239171251,0.062470799681098685,0.80636803709006699,18,0
RADBILL_4X4_024,15,110_DTend_QT,QT,B1,DTend_QT,330,322.83185840707966,395.29411764705884,32.809611217374922,0.21847688305200996,7.1681415929203354,18,0
RADBILL_4X4_024,16,110_DTend_PP,PP,B2,DTend_PP,36,40.059886386968728,43.944444444444443,12.771623979939562,0.31788333209195685,4.0598863869687278,18,-1.2753288199073034
RADBILL_4X4_024,16,110_DTend_QT,QT,B1,DTend_QT,345,351.48026315789474,394.41176470588238,34.409407913260821,0.18832823785373398,6.4802631578947398,18,0
RADBILL_4X4_024,16,120_DTend_PP,PP,B2,DTend_PP,35,36.405763353223691,39.882352941176471,11.357169282776718,0.12377761731134425,1.4057633532236906,18,-1.3433904526784459
RADBILL_4X4_024,16,120_DTend_QT,QT,B1,DTend_QT,330,359.16594454072793,392.5,21.908902300206645,1.3312371446584452,29.165944540727935,18,0
RADBILL_4X4_024,16,130first_DTend_PP,PP,B1,DTend_QT,29,31.077146171693734,34.411764705882355,11.662219040181695,0.17810900005710856,2.0771461716937338,18,-1.2959408984169745
RADBILL_4X4_024,16,130first_DTend_QT,QT,B2,DTend_PP,310,378.12036093727261,377.64705882352939,27.620058780871986,2.4663365663960399,68.120360937272608,18,1.4716284041216072
RADBILL_4X4_024,16,130last_DTend_PP,PP,B1,DTend_QT,41,37.012131715771233,37.25,11.17437544861755,0.35687616749284462,3.9878682842287674,18,-0.18000002515692964
RADBILL_4X4_024,16,130last_DTend_QT,QT,B2,DTend_PP,310,379.39555177184207,375.9375,28.764489102595466,2.4125424763960224,69.395551771842065,18,1.8085216636263146
RADBILL_4X4_024,17,110_DTend_PP,PP,B2,DTend_PP,67,46.223207481815038,42.222222222222221,11.507315093174201,1.8055291221241643,20.776792518184962,18,0
RADBILL_4X4_024,17,110_DTend_QT,QT,B1,DTend_QT,385,386.49433891644054,392.05882352941177,36.403074369198706,0.041049799840667506,1.4943389164405403,18,0
RADBILL_4X4_024,17,120_DTend_PP,PP,B2,DTend_PP,53,42.786819991154353,38.823529411764703,10.887121371818443,0.93809737763029732,10.213180008845647,18,0
RADBILL_4X4_024,17,120_DTend_QT,QT,B1,DTend_QT,390,379.11168384879727,388.75,26.92582403567252,0.40438190997524937,10.88831615120273,18,0
RADBILL_4X4_024,17,130first_DTend_PP,PP,B1,DTend_QT,49,31.893057459803064,33.235294117647058,11.093519570929157,1.5420662875131264,17.106942540196936,18,0.40696973378277423
RADBILL_4X4_024,17,130first_DTend_QT,QT,B2,DTend_PP,370,369.43166740380366,374.11764705882354,32.124527920541446,0.017691547019837509,0.56833259619634191,18,-0.10431357189594215
RADBILL_4X4_024,17,130last_DTend_PP,PP,B1,DTend_QT,58,35.200687285223367,36.1875,9.792641795416257,2.3282085867215669,22.799312714776633,18,0.18114407764511764
RADBILL_4X4_024,17,130last_DTend_QT,QT,B2,DTend_PP,380,366.01574970735339,371.5625,33.101800051759525,0.42246192868001675,13.984250292646607,18,-0.21132177524226592
RADBILL_4X4_024,18,110_DTend_PP,PP,B2,DTend_PP,58,56.284914463452566,42.722222222222221,12.394522298440386,0.13837447666403771,1.7150855365474342,18,-0.17986646473479104
RADBILL_4X4_024,18,110_DTend_QT,QT,B1,DTend_QT,380,381.36875704093126,392.35294117647061,36.319659236546038,0.037686395459183404,1.3687570409312571,18,0
RADBILL_4X4_024,18,120_DTend_PP,PP,B2,DTend_PP,55,50.982349285270352,38.705882352941174,10.710769731223527,0.37510382685359983,4.0176507147296476,18,-0.14989506600266794
RADBILL_4X4_024,18,120_DTend_QT,QT,B1,DTend_QT,355,377.73154596100278,390.9375,25.378386473532945,0.8957049332001249,22.73154596100278,18,0
RADBILL_4X4_024,18,130first_DTend_PP,PP,B1,DTend_QT,41,32.007785032646908,33.705882352941174,11.601533874246721,0.77508845509766267,8.9922149673530924,18,0.41356147414955929
RADBILL_4X4_024,18,130first_DTend_QT,QT,B2,DTend_PP,355,366.64449968924799,375,31.770662567847086,0.36651737005423973,11.644499689247994,18,0.14878888588629513
RADBILL_4X4_024,18,130last_DTend_PP,PP,B1,DTend_QT,45,36.277158774373255,37,11.033282980751165,0.79059344719470603,8.7228412256267447,18,0.60314783155115459
RADBILL_4X4_024,18,130last_DTend_QT,QT,B2,DTend_PP,350,361.26024715526734,373.4375,32.645507603139926,0.34492486047863741,11.260247155267336,18,0.17341930872139127
RADBILL_4X4_025,1,110_DTend_PP,PP,B2,DTend_PP,39,54.426783114992723,43.777777777777779,12.859217593780077,1.1996673205416917,15.426783114992723,18,0
RADBILL_4X4_025,1,110_DTend_QT,QT,B1,DTend_QT,415,423.2665330661323,390.29411764705884,35.945731154551495,0.22997259481493612,8.2665330661322969,18,0
RADBILL_4X4_025,1,120_DTend_PP,PP,B2,DTend_PP,34,50.000000000000007,39.941176470588232,11.327348477442184,1.4125106181612723,16.000000000000007,18,0
RADBILL_4X4_025,1,120_DTend_QT,QT,B1,DTend_QT,400,409.53629032258067,388.125,26.762847382145271,0.35632569981857642,9.536290322580669,18,0
RADBILL_4X4_025,1,130first_DTend_PP,PP,B2,DTend_PP,25,43.335490370829625,34.647058823529413,11.499680302461609,1.5944347919745865,18.335490370829625,18,0
RADBILL_4X4_025,1,130first_DTend_QT,QT,B2,DTend_PP,405,361.52884876196379,372.05882352941177,31.127701867137763,1.3965422639802947,43.471151238036214,18,1.2310630134387175
RADBILL_4X4_025,1,130last_DTend_PP,PP,B1,DTend_QT,35,35.686217008797655,37.625,11.194492693582262,0.061299518216762015,0.68621700879765513,18,-0.5644607973157304
RADBILL_4X4_025,1,130last_DTend_QT,QT,B1,DTend_QT,395,398.72800586510266,370.625,32.602402774437756,0.1143475801736196,3.7280058651026593,18,0
RADBILL_4X4_025,2,110_DTend_PP,PP,B2,DT5_PP,63,44.636021730045968,42.444444444444443,11.961812877664549,1.5352169823893329,18.363978269954032,18,0
RADBILL_4X4_025,2,110_DTend_QT,QT,B1,DTend_QT,410,406.63678840469152,390.58823529411762,36.136994243312166,0.093068382297205335,3.3632115953084849,18,0
RADBILL_4X4_025,2,120_DTend_PP,PP,B2,DT5_PP,60,40.703823720025923,38.411764705882355,10.143093854499053,1.9023955172627234,19.296176279974077,18,0
RADBILL_4X4_025,2,120_DTend_QT,QT,B1,DTend_QT,395,396.21467953135766,388.4375,26.87742237145023,0.045193304423712846,1.2146795313576604,18,0
RADBILL_4X4_025,2,130first_DTend_PP,PP,B2,DT5_PP,53,35.288723266364222,33,10.682930309610748,1.6579043596027276,17.711276733635778,18,0
RADBILL_4X4_025,2,130first_DTend_QT,QT,B2,DT5_PP,380,371.150356448477,373.52941176470586,32.101630891316923,0.27567582411885239,8.8496435515230019,18,0.078931218641648926
RADBILL_4X4_025,2,130last_DTend_PP,PP,B1,DTend_QT,49,35.096485182632669,36.75,10.785793124908958,1.289058176469029,13.903514817367331,18,0.23808641887107207
RADBILL_4X4_025,2,130last_DTend_QT,QT,B1,DTend_QT,370,383.04272915230877,372.1875,33.164677494788535,0.39327170162768166,13.042729152308766,18,0
RADBILL_4X4_025,3,110_DTend_PP,PP,B2,DTend_PP,48,48.750209321797378,43.277777777777779,12.860361149240285,0.058335011986945323,0.75020932179737798,18,0
RADBILL_4X4_025,3,110_DTend_QT,QT,B1,DTend_QT,365,348.125,393.23529411764707,35.791984807643573,0.47147427254149515,16.875,18,0
RADBILL_4X4_025,3,120_DTend_PP,PP,B2,DTend_PP,46,44.320697976610354,39.235294117647058,11.300052056100814,0.14861011392270559,1.6793020233896456,18,0
RADBILL_4X4_025,3,120_DTend_QT,QT,B1,DTend_QT,390,337.69280762564995,388.75,26.92582403567252,1.9426403554094083,52.307192374350052,18,0
RADBILL_4X4_025,3,130first_DTend_PP,PP,B2,DTend_PP,39,38.029218488954889,33.823529411764703,11.668522261396509,0.083196611301569037,0.97078151104511079,18,0
RADBILL_4X4_025,3,130first_DTend_QT,QT,B2,DTend_PP,335,371.95266382030815,376.1764705882353,30.543483949358261,1.2098378784023605,36.952663820308146,18,1.0942786195947707
RADBILL_4X4_025,3,130last_DTend_PP,PP,B1,DTend_QT,32,40.233102253032925,37.8125,11.118865349785771,0.74046244774351488,8.233102253032925,18,0.04796985418642119
RADBILL_4X4_025,3,130last_DTend_QT,QT,B1,DTend_QT,345,314.84835355285963,373.75,32.377976053690155,0.93123938312703602,30.151646447140365,18,0
RADBILL_4X4_025,4,110_DTend_PP,PP,B2,DTend_PP,26,31.717540202501493,44.5,12.147379286472114,0.4706809648126169,5.7175402025014925,18,-0.32586666309693713
RADBILL_4X4_025,4,110_DTend_QT,QT,B1,DTend_QT,460,421.97167196961919,387.64705882352939,31.923622085515664,1.1912284868086744,38.028328030380806,18,0
RADBILL_4X4_025,4,120_DTend_PP,PP,B2,DTend_PP,28,28.204438466711494,40.294117647058826,11.021369617034631,0.018549279609996371,0.20443846671149402,18,-0.34795952104286287
RADBILL_4X4_025,4,120_DTend_QT,QT,B1,DTend_QT,445,406.22251705837755,385.3125,22.395591083961147,1.7314784323506147,38.777482941622452,18,0
RADBILL_4X4_025,4,130first_DTend_PP,PP,B2,DTend_PP,25,24.429407808853203,34.647058823529413,11.499680302461609,0.049618091645961419,0.57059219114679749,18,-0.062376272918731872
RADBILL_4X4_025,4,130first_DTend_QT,QT,B2,DTend_PP,430,370.49171248862694,370.58823529411762,28.716412605706452,2.07227442816265,59.508287511373055,18,1.0636154740986521
RADBILL_4X4_025,4,130last_DTend_PP,PP,B1,DTend_QT,30,36.44048521607278,37.9375,11.036114956511343,0.58358265036672829,6.4404852160727799,18,0.36792353160430891
RADBILL_4X4_025,4,130last_DTend_QT,QT,B1,DTend_QT,435,397.73692191053829,368.125,28.628365886535217,1.3016138691656047,37.263078089461715,18,0
RADBILL_4X4_025,5,110_DTend_PP,PP,B2,DTend_PP,37,38.954782847718526,43.888888888888886,12.805738092924404,0.15264897919461656,1.9547828477185263,18,-0.39125599544807316
RADBILL_4X4_025,5,110_DTend_QT,QT,B1,DTend_QT,385,391.93862275449101,392.05882352941177,36.403074369198706,0.19060540557975236,6.9386227544910071,18,0
RADBILL_4X4_025,5,120_DTend_PP,PP,B2,DTend_PP,33,35.585205479452057,40,11.291589790636214,0.22894964547825605,2.5852054794520569,18,-0.42099677277996239
RADBILL_4X4_025,5,120_DTend_QT,QT,B1,DTend_QT,385,383.8761937244202,389.0625,26.908409466187333,0.041764128682223012,1.1238062755797955,18,0
RADBILL_4X4_025,5,130first_DTend_PP,PP,B2,DTend_PP,26,30.878684931506847,34.588235294117645,11.549127800019207,0.42242886354575909,4.8786849315068466,18,-0.35043642142744341
RADBILL_4X4_025,5,130first_DTend_QT,QT,B2,DTend_PP,375,374.32273972602741,373.8235294117647,32.138830279969831,0.021072959658855025,0.67726027397259259,18,-0.10442321315365993
RADBILL_4X4_025,5,130last_DTend_PP,PP,B1,DTend_QT,29,37.181446111869029,38,10.984838035522721,0.74479442349645075,8.1814461118690289,18,0.027025608181698857
RADBILL_4X4_025,5,130last_DTend_QT,QT,B1,DTend_QT,375,365.28308321964528,371.875,33.159965822258222,0.29303156801905872,9.7169167803547225,18,0
RADBILL_4X4_025,6,110_DTend_PP,PP,B2,DT5_PP,24,13.290174256845795,44.611111111111114,11.95648428008289,0.89573368661510577,10.709825743154205,18,0.66272104030959866
RADBILL_4X4_025,6,110_DTend_QT,QT,B1,DTend_QT,335,341.58723218189766,395,33.400973039718465,0.19721677491444678,6.5872321818976616,18,0
RADBILL_4X4_025,6,120_DTend_PP,PP,B2,DT5_PP,18,14.813703284258199,40.882352941176471,9.9742315051159238,0.31945285349628227,3.1862967157418005,18,0.024884740687380003
RADBILL_4X4_025,6,130first_DTend_PP,PP,B2,DT5_PP,5,15.921291053227627,35.823529411764703,9.0362830724090255,1.2086043526651129,10.921291053227627,18,-0.82159681455596534
RADBILL_4X4_025,6,130first_DTend_QT,QT,B2,DT5_PP,360,428.68629671574178,374.70588235294116,31.940892101431579,2.1504188579837216,68.686296715741776,18,0.54391962985474684
RADBILL_4X4_025,7,110_DTend_PP,PP,B2,DTend_PP,31,36.307562907408702,44.222222222222221,12.525529485370624,0.42373960427044205,5.3075629074087018,18,-0.29919450001220843
RADBILL_4X4_025,7,110_DTend_QT,QT,B1,DTend_QT,385,391.93862275449101,392.05882352941177,36.403074369198706,0.19060540557975236,6.9386227544910071,18,0
RADBILL_4X4_025,7,120_DTend_PP,PP,B2,DTend_PP,30,32.949262405006706,40.176470588235297,11.148067624691997,0.26455368807364854,2.9492624050067064,18,-0.32015893886539593
RADBILL_4X4_025,7,120_DTend_QT,QT,B1,DTend_QT,390,383.53171896316508,388.75,26.92582403567252,0.24022592691185457,6.4682810368349237,18,0
RADBILL_4X4_025,7,130first_DTend_PP,PP,B2,DTend_PP,38,27.385113991953514,33.882352941176471,11.693386768496415,0.9077683153904087,10.614886008046486,18,0.23205291137891959
RADBILL_4X4_025,7,130first_DTend_QT,QT,B2,DTend_PP,390,374.70049172999552,372.94117647058823,31.871755890277083,0.4800334290547138,15.29950827000448,18,-0.14662373049003241
RADBILL_4X4_025,7,130last_DTend_PP,PP,B1,DTend_QT,33,36.905866302864936,37.75,11.150485789118488,0.35028664909618418,3.9058663028649363,18,0.30527812021374989
RADBILL_4X4_025,7,130last_DTend_QT,QT,B1,DTend_QT,395,363.90518417462482,370.625,32.602402774437756,0.95375840978675919,31.094815825375179,18,0
RADBILL_4X4_025,8,110_DTend_PP,PP,B2,DTend_PP,44,32.774790877243149,43.5,12.908045826492232,0.86962885580390814,11.225209122756851,18,0
RADBILL_4X4_025,8,110_DTend_QT,QT,B1,DTend_QT,430,446.40915269596735,389.41176470588238,35.083932974243019,0.46771132267337817,16.40915269596735,18,0
RADBILL_4X4_025,8,120_DTend_PP,PP,B2,DTend_PP,36,30.304635258358665,39.823529411764703,11.381098882124954,0.50042309627820036,5.6953647416413347,18,0
RADBILL_4X4_025,8,120_DTend_QT,QT,B1,DTend_QT,420,426.25660211267609,386.875,25.617376914898998,0.24423273832682177,6.2566021126760916,18,0
RADBILL_4X4_025,8,130first_DTend_PP,PP,B2,DTend_PP,38,25.489589665653497,33.882352941176471,11.693386768496415,1.0698705671868531,12.510410334346503,18,0
RADBILL_4X4_025,8,130first_DTend_QT,QT,B2,DTend_PP,420,372.17249240121578,371.1764705882353,29.871046378804774,1.6011326483936161,47.827507598784223,18,1.6003514435005615
RADBILL_4X4_025,8,130last_DTend_PP,PP,B1,DTend_QT,40,32.955105633802816,37.3125,11.193562137824284,0.6293701932820569,7.0448943661971839,18,-0.26881289366122063
RADBILL_4X4_025,8,130last_DTend_QT,QT,B1,DTend_QT,415,421.62411971830983,369.375,31.138133106102128,0.21273336123711609,6.6241197183098279,18,0
RADBILL_4X4_025,10,110_DTend_PP,PP,B2,DTend_PP,32,37.250904033379697,44.166666666666664,12.585005083081073,0.41723495530715876,5.2509040333796975,18,0
RADBILL_4X4_025,10,110_DTend_QT,QT,B1,DTend_QT,425,427.78045776454894,389.70588235294116,35.420270866204483,0.078499054257709186,2.7804577645489417,18,0
RADBILL_4X4_025,10,120_DTend_PP,PP,B2,DTend_PP,33,33.654296802809093,40,11.291589790636214,0.05794549881290248,0.65429680280909253,18,0
RADBILL_4X4_025,10,120_DTend_QT,QT,B1,DTend_QT,405,413.74336618650489,387.8125,26.581243387020105,0.32892991720524112,8.7433661865048862,18,0
RADBILL_4X4_025,10,130first_DTend_PP,PP,B2,DTend_PP,22,29.634891886897066,34.823529411764703,11.315008252966759,0.6747579600655812,7.6348918868970657,18,0
RADBILL_4X4_025,10,130first_DTend_QT,QT,B2,DTend_PP,405,372.96673442986508,372.05882352941177,31.127701867137763,1.029091890781477,32.033265570134915,18,1.0149753053881787
RADBILL_4X4_025,10,130last_DTend_PP,PP,B1,DTend_QT,23,37.756633813495071,38.375,10.531698185319719,1.4011637585726249,14.756633813495071,18,0.35477446599949403
RADBILL_4X4_025,10,130last_DTend_QT,QT,B1,DTend_QT,395,405.25777103866562,370.625,32.602402774437756,0.31463236343759093,10.257771038665624,18,0
RADBILL_4X4_025,11,110_DTend_PP,PP,B2,DTend_PP,50,55.371775644871022,43.166666666666664,12.807396759869114,0.41942759684802011,5.3717756448710219,18,0
RADBILL_4X4_025,11,110_DTend_QT,QT,B1,DTend_QT,410,406.63678840469152,390.58823529411762,36.136994243312166,0.093068382297205335,3.3632115953084849,18,0
RADBILL_4X4_025,11,120_DTend_PP,PP,B2,DTend_PP,45,50.723311633851196,39.294117647058826,11.334486677185435,0.50494669911883483,5.7233116338511962,18,0
RADBILL_4X4_025,11,120_DTend_QT,QT,B1,DTend_QT,390,396.61440385940733,388.75,26.92582403567252,0.24565279230244833,6.6144038594073322,18,0
RADBILL_4X4_025,11,130first_DTend_PP,PP,B2,DTend_PP,39,43.266783817245098,33.823529411764703,11.668522261396509,0.36566616763127657,4.2667838172450985,18,0
RADBILL_4X4_025,11,130first_DTend_QT,QT,B2,DTend_PP,375,364.0674547705579,373.8235294117647,32.138830279969831,0.34016624544844387,10.932545229442098,18,-0.02436147004545719
RADBILL_4X4_025,11,130last_DTend_PP,PP,B1,DTend_QT,48,35.176430048242594,36.8125,10.857984773121268,1.1810267024413137,12.823569951757406,18,0.5410217133030335
RADBILL_4X4_025,11,130last_DTend_QT,QT,B1,DTend_QT,370,383.04272915230877,372.1875,33.164677494788535,0.39327170162768166,13.042729152308766,18,0
RADBILL_4X4_025,12,110_DTend_PP,PP,B2,DTend_PP,47,49.929069031032299,43.333333333333336,12.87953232618236,0.2274204495048236,2.9290690310322987,18,0
RADBILL_4X4_025,12,120_DTend_PP,PP,B2,DTend_PP,41,45.792240862792092,39.529411764705884,11.413356468732278,0.41988006559865054,4.7922408627920916,18,0
RADBILL_4X4_025,12,120_DTend_QT,QT,B1,DTend_QT,380,379.88144329896909,389.375,26.825050481468498,0.0044196263903702156,0.11855670103091143,18,0
RADBILL_4X4_025,12,130first_DTend_PP,PP,B2,DTend_PP,33,39.441731575793888,34.176470588235297,11.732621691877135,0.54904451408790433,6.441731575793888,18,0
RADBILL_4X4_025,12,130first_DTend_QT,QT,B2,DTend_PP,350,370.19772318753746,375.29411764705884,31.54711695599606,0.64023990577999701,20.197723187537463,18,0.088704502793332529
RADBILL_4X4_025,12,130last_DTend_PP,PP,B1,DTend_QT,17,38.356701030927837,38.75,9.8013604497879108,2.1789527219550395,21.356701030927837,18,-0.3550460426480293
RADBILL_4X4_025,12,130last_DTend_QT,QT,B1,DTend_QT,350,361.32989690721649,373.4375,32.645507603139926,0.34705837767787551,11.329896907216494,18,0
RADBILL_4X4_025,13,110_DTend_PP,PP,B2,DTend_PP,49,46.558539944903579,43.222222222222221,12.836325090541505,0.19019930064683543,2.4414600550964209,18,0
RADBILL_4X4_025,13,110_DTend_QT,QT,B1,DTend_QT,395,396.75973721257623,391.47058823529414,36.433359794045252,0.048300162887086842,1.7597372125762263,18,0
RADBILL_4X4_025,13,120_DTend_PP,PP,B2,DTend_PP,45,42.473310130060455,39.294117647058826,11.334486677185435,0.22292053816829488,2.5266898699395455,18,0
RADBILL_4X4_025,13,120_DTend_QT,QT,B1,DTend_QT,385,388.2079646017699,389.0625,26.908409466187333,0.1192179198031373,3.2079646017699019,18,0
RADBILL_4X4_025,13,130first_DTend_PP,PP,B2,DTend_PP,40,36.343286316175124,33.764705882352942,11.637919765601936,0.31420681337166301,3.6567136838248757,18,0
RADBILL_4X4_025,13,130first_DTend_QT,QT,B2,DTend_PP,370,370.01941747572818,374.11764705882354,32.124527920541446,0.00060444392447428334,0.019417475728175759,18,-0.20092579970475785
RADBILL_4X4_025,13,130last_DTend_PP,PP,B1,DTend_QT,39,36.309734513274336,37.375,11.206396982676159,0.24006516018346619,2.6902654867256643,18,0.14800790289451862
RADBILL_4X4_025,13,130last_DTend_QT,QT,B1,DTend_QT,375,371.05173587474474,371.875,33.159965822258222,0.11906719525642695,3.9482641252552639,18,0
RADBILL_4X4_025,14,110_DTend_PP,PP,B2,DTend_PP,30,31.088594401429425,44.277777777777779,12.460788170499704,0.087361600769894993,1.0885944014294253,18,0
RADBILL_4X4_025,14,110_DTend_QT,QT,B1,DTend_QT,395,396.75973721257623,391.47058823529414,36.433359794045252,0.048300162887086842,1.7597372125762263,18,0
RADBILL_4X4_025,14,120_DTend_PP,PP,B2,DTend_PP,30,27.883618814035366,40.176470588235297,11.148067624691997,0.18984287297262484,2.1163811859646344,18,0
RADBILL_4X4_025,14,120_DTend_QT,QT,B1,DTend_QT,385,388.2079646017699,389.0625,26.908409466187333,0.1192179198031373,3.2079646017699019,18,0
RADBILL_4X4_025,14,130first_DTend_PP,PP,B2,DTend_PP,28,23.948178329839003,34.470588235294116,11.63033558769277,0.34838389998381802,4.0518216701609973,18,0
RADBILL_4X4_025,14,130first_DTend_QT,QT,B2,DTend_PP,365,380.91835120060131,374.41176470588238,32.058654883528355,0.49653833757011778,15.918351200601307,18,0.12867719314100529
RADBILL_4X4_025,14,130last_DTend_PP,PP,B1,DTend_QT,28,37.043567052416606,38.0625,10.926840043367219,0.82764706141243527,9.0435670524166056,18,0.61990968083532838
RADBILL_4X4_025,14,130last_DTend_QT,QT,B1,DTend_QT,345,373.05309734513276,373.75,32.377976053690155,0.86642529164312954,28.053097345132755,18,0
RADBILL_4X4_025,15,110_DTend_PP,PP,B2,DTend_PP,43,43.806368037090067,43.555555555555557,12.907919239171251,0.062470799681098685,0.80636803709006699,18,0
RADBILL_4X4_025,15,110_DTend_QT,QT,B1,DTend_QT,330,322.83185840707966,395.29411764705884,32.809611217374922,0.21847688305200996,7.1681415929203354,18,0
RADBILL_4X4_025,16,110_DTend_PP,PP,B2,DT5_PP,36,56.34790652560487,43.944444444444443,12.771623979939562,1.5932121519992604,20.34790652560487,18,0
RADBILL_4X4_025,16,110_DTend_QT,QT,B1,DTend_QT,345,351.48026315789474,394.41176470588238,34.409407913260821,0.18832823785373398,6.4802631578947398,18,0
RADBILL_4X4_025,16,120_DTend_PP,PP,B2,DT5_PP,35,51.662876137158847,39.882352941176471,11.357169282776718,1.4671680699897902,16.662876137158847,18,0
RADBILL_4X4_025,16,120_DTend_QT,QT,B1,DTend_QT,330,359.16594454072793,392.5,21.908902300206645,1.3312371446584452,29.165944540727935,18,0
RADBILL_4X4_025,16,130first_DTend_PP,PP,B2,DT5_PP,29,46.190692792162345,34.411764705882355,11.662219040181695,1.4740498984740831,17.190692792162345,18,0
RADBILL_4X4_025,16,130first_DTend_QT,QT,B2,DT5_PP,310,372.08012596221135,377.64705882352939,27.620058780871986,2.2476464099781124,62.080125962211355,18,1.2529382477036797
RADBILL_4X4_025,16,130last_DTend_PP,PP,B1,DTend_QT,41,37.012131715771233,37.25,11.17437544861755,0.35687616749284462,3.9878682842287674,18,-0.18000002515692964
RADBILL_4X4_025,16,130last_DTend_QT,QT,B1,DTend_QT,310,327.37435008665511,375.9375,28.764489102595466,0.60402081276970765,17.374350086655113,18,0
RADBILL_4X4_025,17,110_DTend_PP,PP,B2,DTend_PP,67,46.223207481815038,42.222222222222221,11.507315093174201,1.8055291221241643,20.776792518184962,18,0
RADBILL_4X4_025,17,110_DTend_QT,QT,B1,DTend_QT,385,386.49433891644054,392.05882352941177,36.403074369198706,0.041049799840667506,1.4943389164405403,18,0
RADBILL_4X4_025,17,120_DTend_PP,PP,B2,DTend_PP,53,42.786819991154353,38.823529411764703,10.887121371818443,0.93809737763029732,10.213180008845647,18,0
RADBILL_4X4_025,17,120_DTend_QT,QT,B1,DTend_QT,390,379.11168384879727,388.75,26.92582403567252,0.40438190997524937,10.88831615120273,18,0
RADBILL_4X4_025,17,130first_DTend_PP,PP,B2,DTend_PP,49,36.4077841662981,33.235294117647058,11.093519570929157,1.1350965537303521,12.5922158337019,18,0
RADBILL_4X4_025,17,130first_DTend_QT,QT,B2,DTend_PP,370,369.43166740380366,374.11764705882354,32.124527920541446,0.017691547019837509,0.56833259619634191,18,-0.10431357189594215
RADBILL_4X4_025,17,130last_DTend_PP,PP,B1,DTend_QT,58,35.200687285223367,36.1875,9.792641795416257,2.3282085867215669,22.799312714776633,18,0.18114407764511764
RADBILL_4X4_025,17,130last_DTend_QT,QT,B1,DTend_QT,380,359.02061855670104,371.5625,33.101800051759525,0.63378370392228267,20.979381443298962,18,0
RADBILL_4X4_025,18,110_DTend_PP,PP,B2,DTend_PP,58,56.284914463452566,42.722222222222221,12.394522298440386,0.13837447666403771,1.7150855365474342,18,-0.17986646473479104
RADBILL_4X4_025,18,110_DTend_QT,QT,B1,DTend_QT,380,381.36875704093126,392.35294117647061,36.319659236546038,0.037686395459183404,1.3687570409312571,18,0
RADBILL_4X4_025,18,120_DTend_PP,PP,B2,DTend_PP,55,50.982349285270352,38.705882352941174,10.710769731223527,0.37510382685359983,4.0176507147296476,18,-0.14989506600266794
RADBILL_4X4_025,18,120_DTend_QT,QT,B1,DTend_QT,355,377.73154596100278,390.9375,25.378386473532945,0.8957049332001249,22.73154596100278,18,0
RADBILL_4X4_025,18,130first_DTend_PP,PP,B2,DTend_PP,41,44.832442510876319,33.705882352941174,11.601533874246721,0.33033929413279045,3.8324425108763194,18,-0.031187686815312921
RADBILL_4X4_025,18,130first_DTend_QT,QT,B2,DTend_PP,355,366.64449968924799,375,31.770662567847086,0.36651737005423973,11.644499689247994,18,0.14878888588629513
RADBILL_4X4_025,18,130last_DTend_PP,PP,B1,DTend_QT,45,36.277158774373255,37,11.033282980751165,0.79059344719470603,8.7228412256267447,18,0.60314783155115459
RADBILL_4X4_025,18,130last_DTend_QT,QT,B1,DTend_QT,350,355.59888579387189,373.4375,32.645507603139926,0.17150555175724613,5.5988857938718866,18,0
RADBILL_4X4_026,1,110_DTend_PP,PP,B2,DTend_PP,39,54.426783114992723,43.777777777777779,12.859217593780077,1.1996673205416917,15.426783114992723,18,0
RADBILL_4X4_026,1,110_DTend_QT,QT,B1,DTend_QT,415,423.2665330661323,390.29411764705884,35.945731154551495,0.22997259481493612,8.2665330661322969,18,0
RADBILL_4X4_026,1,120_DTend_PP,PP,B1,DTend_QT,34,40.046231961517904,39.941176470588232,11.327348477442184,0.5337729278443808,6.0462319615179041,18,-0.87873769031689153
RADBILL_4X4_026,1,120_DTend_QT,QT,B2,DTend_PP,400,377.7041793398671,388.125,26.762847382145271,0.83308851041789644,22.295820660132904,18,0.47676281059932002
RADBILL_4X4_026,1,130first_DTend_PP,PP,B1,DTend_QT,25,36.687065740245856,34.647058823529413,11.499680302461609,1.0162948388873154,11.687065740245856,18,-0.57813995308727106
RADBILL_4X4_026,1,130first_DTend_QT,QT,B1,DTend_QT,405,399.84901122394439,372.05882352941177,31.127701867137763,0.16547925054157728,5.1509887760556126,18,0
RADBILL_4X4_026,1,130last_DTend_PP,PP,B2,DTend_PP,35,42.005069280162218,37.625,11.194492693582262,0.62576031553249245,7.0050692801622176,18,0
RADBILL_4X4_026,1,130last_DTend_QT,QT,B2,DTend_PP,395,357.93680297397771,370.625,32.602402774437756,1.1368240949124788,37.063197026022294,18,1.0224765147388593
RADBILL_4X4_026,2,110_DTend_PP,PP,B2,DT5_PP,63,44.636021730045968,42.444444444444443,11.961812877664549,1.5352169823893329,18.363978269954032,18,0
RADBILL_4X4_026,2,110_DTend_QT,QT,B1,DTend_QT,410,406.63678840469152,390.58823529411762,36.136994243312166,0.093068382297205335,3.3632115953084849,18,0
RADBILL_4X4_026,2,120_DTend_PP,PP,B1,DTend_QT,60,37.339941911857558,38.411764705882355,10.143093854499053,2.2340380965805009,22.660058088142442,18,0.33164257931777752
RADBILL_4X4_026,2,120_DTend_QT,QT,B2,DT5_PP,395,386.85916953859538,388.4375,26.87742237145023,0.3028873211462414,8.1408304614046187,18,0.25769401672252856
RADBILL_4X4_026,2,130first_DTend_PP,PP,B1,DTend_QT,53,32.753377951761586,33,10.682930309610748,1.8952311268027111,20.246622048238414,18,0.23732676719998347
RADBILL_4X4_026,2,130first_DTend_QT,QT,B1,DTend_QT,380,386.31582270488695,373.52941176470586,32.101630891316923,0.19674460547720346,6.3158227048869549,18,0
RADBILL_4X4_026,2,130last_DTend_PP,PP,B2,DT5_PP,49,37.664436042426473,36.75,10.785793124908958,1.0509717575979569,11.335563957573527,18,0
RADBILL_4X4_026,2,130last_DTend_QT,QT,B2,DT5_PP,370,370.57165322715559,372.1875,33.164677494788535,0.017236809471324496,0.57165322715559341,18,-0.37603489215635716
RADBILL_4X4_026,3,110_DTend_PP,PP,B2,DT5_PP,48,49.168822328114366,43.277777777777779,12.860361149240285,0.090885653563734764,1.1688223281143664,18,0.032550641576789441
RADBILL_4X4_026,3,110_DTend_QT,QT,B1,DTend_QT,365,348.125,393.23529411764707,35.791984807643573,0.47147427254149515,16.875,18,0
RADBILL_4X4_026,3,120_DTend_PP,PP,B1,DTend_QT,46,36.094547563805101,39.235294117647058,11.300052056100814,0.87658467297476028,9.9054524361948992,18,0.72797455905205466
RADBILL_4X4_026,3,120_DTend_QT,QT,B2,DT5_PP,390,381.17610837438423,388.75,26.92582403567252,0.32771110789127533,8.8238916256157722,18,-1.6149292475181329
RADBILL_4X4_026,3,130first_DTend_PP,PP,B1,DTend_QT,39,28.675754060324824,33.823529411764703,11.668522261396509,0.88479463880626408,10.324245939675176,18,0.801598027504695
RADBILL_4X4_026,3,130first_DTend_QT,QT,B1,DTend_QT,335,331.47041763341065,376.1764705882353,30.543483949358261,0.11555925880758966,3.5295823665893522,18,0
RADBILL_4X4_026,3,130last_DTend_PP,PP,B2,DT5_PP,32,42.400246305418719,37.8125,11.118865349785771,0.9353693905124143,10.400246305418719,18,0.24287679695532061
RADBILL_4X4_026,3,130last_DTend_QT,QT,B2,DT5_PP,345,366.65640394088672,373.75,32.377976053690155,0.66886218906874861,21.656403940886719,18,-0.26237719405828741
RADBILL_4X4_026,4,110_DTend_PP,PP,B2,DT5_PP,26,35.675966155957013,44.5,12.147379286472114,0.79654762790955402,9.6759661559570134,18,0
RADBILL_4X4_026,4,110_DTend_QT,QT,B1,DTend_QT,460,421.97167196961919,387.64705882352939,31.923622085515664,1.1912284868086744,38.028328030380806,18,0
RADBILL_4X4_026,4,120_DTend_PP,PP,B1,DTend_QT,28,41.387842112501716,40.294117647058826,11.021369617034631,1.2147167346433481,13.387842112501716,18,0.84820793399048888
RADBILL_4X4_026,4,120_DTend_QT,QT,B2,DT5_PP,445,396.38118076966998,385.3125,22.395591083961147,2.1709102942654157,48.618819230330018,18,0.43943186191480099
RADBILL_4X4_026,4,130first_DTend_PP,PP,B1,DTend_QT,25,37.411910328703065,34.647058823529413,11.499680302461609,1.079326555369212,12.411910328703065,18,0.96733219080451871
RADBILL_4X4_026,4,130first_DTend_QT,QT,B1,DTend_QT,430,401.03493329665793,370.58823529411762,28.716412605706452,1.0086589540639979,28.965066703342075,18,0
RADBILL_4X4_026,4,130last_DTend_PP,PP,B2,DT5_PP,30,27.619961173918007,37.9375,11.036114956511343,0.21565911876241942,2.3800388260819929,18,0
RADBILL_4X4_026,4,130last_DTend_QT,QT,B2,DT5_PP,435,378.77012675573826,368.125,28.628365886535217,1.964131430593052,56.229873244261739,18,0.66251756142744722
RADBILL_4X4_026,5,110_DTend_PP,PP,B2,DT5_PP,37,43.965104652712974,43.888888888888886,12.805738092924404,0.54390497464268972,6.9651046527129736,18,0
RADBILL_4X4_026,5,110_DTend_QT,QT,B1,DTend_QT,385,391.93862275449101,392.05882352941177,36.403074369198706,0.19060540557975236,6.9386227544910071,18,0
RADBILL_4X4_026,5,120_DTend_PP,PP,B1,DTend_QT,33,39.102882703777333,40,11.291589790636214,0.54048037671703897,6.1028827037773326,18,-0.10946604154117945
RADBILL_4X4_026,5,120_DTend_QT,QT,B2,DT5_PP,385,390.9828602035351,389.0625,26.908409466187333,0.22234165163322125,5.9828602035350968,18,0.18057752295099824
RADBILL_4X4_026,5,130first_DTend_PP,PP,B1,DTend_QT,26,33.732107355864812,34.588235294117645,11.549127800019207,0.66949708148973408,7.7321073558648123,18,-0.10336820348346842
RADBILL_4X4_026,5,130first_DTend_QT,QT,B1,DTend_QT,375,370.96669980119282,373.8235294117647,32.138830279969831,0.12549617281251496,4.0333001988071828,18,0
RADBILL_4X4_026,5,130last_DTend_PP,PP,B2,DT5_PP,29,36.88457418318157,38,10.984838035522721,0.7177688153147519,7.8845741831815701,18,0
RADBILL_4X4_026,5,130last_DTend_QT,QT,B2,DT5_PP,375,373.84105516871989,371.875,33.159965822258222,0.03495012140519705,1.1589448312801096,18,-0.25808144661386168
RADBILL_4X4_026,6,110_DTend_PP,PP,B2,DT5_PP,24,13.290174256845795,44.611111111111114,11.95648428008289,0.89573368661510577,10.709825743154205,18,0.66272104030959866
RADBILL_4X4_026,6,110_DTend_QT,QT,B1,DTend_QT,335,341.58723218189766,395,33.400973039718465,0.19721677491444678,6.5872321818976616,18,0
RADBILL_4X4_026,6,120_DTend_PP,PP,B1,DTend_QT,18,45.055839183152514,40.882352941176471,9.9742315051159238,2.7125738127569221,27.055839183152514,18,2.4180056999480199
RADBILL_4X4_026,6,130first_DTend_PP,PP,B1,DTend_QT,5,39.143267389917035,35.823529411764703,9.0362830724090255,3.7784636798473623,34.143267389917035,18,1.7482625126262841
RADBILL_4X4_026,6,130first_DTend_QT,QT,B1,DTend_QT,360,308.6869814932993,374.70588235294116,31.940892101431579,1.6064992281289747,51.313018506700701,18,0
RADBILL_4X4_026,7,110_DTend_PP,PP,B2,DT5_PP,31,40.05513243917234,44.222222222222221,12.525529485370624,0.72293410428265048,9.0551324391723398,18,0
RADBILL_4X4_026,7,110_DTend_QT,QT,B1,DTend_QT,385,391.93862275449101,392.05882352941177,36.403074369198706,0.19060540557975236,6.9386227544910071,18,0
RADBILL_4X4_026,7,120_DTend_PP,PP,B1,DTend_QT,30,39.290755467196817,40.176470588235297,11.148067624691997,0.83339604494491981,9.2907554671968171,18,0.24868341800587535
RADBILL_4X4_026,7,120_DTend_QT,QT,B2,DT5_PP,390,397.88514728253352,388.75,26.92582403567252,0.29284701824118486,7.8851472825335236,18,0.052621091329330294
RADBILL_4X4_026,7,130first_DTend_PP,PP,B1,DTend_QT,38,32.980616302186881,33.882352941176471,11.693386768496415,0.42924977999838554,5.0193836978131188,18,-0.24646562401310357
RADBILL_4X4_026,7,130first_DTend_QT,QT,B1,DTend_QT,390,370.02733598409543,372.94117647058823,31.871755890277083,0.62665715954474621,19.97266401590457,18,0
RADBILL_4X4_026,7,130last_DTend_PP,PP,B2,DT5_PP,33,32.498133038307287,37.75,11.150485789118488,0.045008528882434305,0.50186696169271272,18,0
RADBILL_4X4_026,7,130last_DTend_QT,QT,B2,DT5_PP,395,379.23765730880928,370.625,32.602402774437756,0.48347181035225256,15.762342691190725,18,-0.47028659943450662
RADBILL_4X4_026,8,110_DTend_PP,PP,B2,DT5_PP,44,40.664902880107164,43.5,12.908045826492232,0.25837351096538141,3.3350971198928363,18,-0.61125534483852673
RADBILL_4X4_026,8,110_DTend_QT,QT,B1,DTend_QT,430,446.40915269596735,389.41176470588238,35.083932974243019,0.46771132267337817,16.40915269596735,18,0
RADBILL_4X4_026,8,120_DTend_PP,PP,B1,DTend_QT,36,40.864654635967639,39.823529411764703,11.381098882124954,0.427432771330018,4.8646546359676393,18,-0.072990324948182361
RADBILL_4X4_026,8,120_DTend_QT,QT,B2,DT5_PP,420,392.93709150326799,386.875,25.617376914898998,1.0564277750464097,27.062908496732007,18,0.81219503671958793
RADBILL_4X4_026,8,130first_DTend_PP,PP,B1,DTend_QT,38,36.042003733665211,33.882352941176471,11.693386768496415,0.16744475361149419,1.9579962663347885,18,-0.90242581357535889
RADBILL_4X4_026,8,130first_DTend_QT,QT,B1,DTend_QT,420,420.02333540759179,371.1764705882353,29.871046378804774,0.00078120489305473842,0.023335407591787316,18,0
RADBILL_4X4_026,8,130last_DTend_PP,PP,B2,DT5_PP,40,33.325571895424837,37.3125,11.193562137824284,0.5962738243996103,6.6744281045751634,18,-0.30190926254366723
RADBILL_4X4_026,8,130last_DTend_QT,QT,B2,DT5_PP,415,375.40441176470586,369.375,31.138133106102128,1.2716108605603786,39.595588235294144,18,1.0588774993232626
RADBILL_4X4_026,10,110_DTend_PP,PP,B2,DT5_PP,32,34.246751863684764,44.166666666666664,12.585005083081073,0.17852609902440439,2.2467518636847643,18,-0.23870885628275437
RADBILL_4X4_026,10,110_DTend_QT,QT,B1,DTend_QT,425,427.78045776454894,389.70588235294116,35.420270866204483,0.078499054257709186,2.7804577645489417,18,0
RADBILL_4X4_026,10,120_DTend_PP,PP,B1,DTend_QT,33,40.506945399532384,40,11.291589790636214,0.66482625907626181,7.506945399532384,18,0.60688076026335935
RADBILL_4X4_026,10,120_DTend_QT,QT,B2,DT5_PP,405,406.12478645752446,387.8125,26.581243387020105,0.042315043022920051,1.1247864575244648,18,-0.28661487418232107
RADBILL_4X4_026,10,130first_DTend_PP,PP,B1,DTend_QT,22,37.940448356484666,34.823529411764703,11.315008252966759,1.4087880450555685,15.940448356484666,18,0.73403008498998734
RADBILL_4X4_026,10,130first_DTend_QT,QT,B1,DTend_QT,405,405.43941686150458,372.05882352941177,31.127701867137763,0.014116585393298353,0.43941686150458281,18,0
RADBILL_4X4_026,10,130last_DTend_PP,PP,B2,DT5_PP,23,28.41652430501631,38.375,10.531698185319719,0.51430682969689334,5.4165243050163099,18,-0.53208246287623751
RADBILL_4X4_026,10,130last_DTend_QT,QT,B2,DT5_PP,395,388.40153750582391,370.625,32.602402774437756,0.2023919077323246,6.5984624941760899,18,-0.11224045570526633
RADBILL_4X4_026,11,110_DTend_PP,PP,B2,DT5_PP,50,50.497106840256251,43.166666666666664,12.807396759869114,0.038814042351986218,0.49710684025625085,18,-0.3806135544960339
RADBILL_4X4_026,11,110_DTend_QT,QT,B1,DTend_QT,410,406.63678840469152,390.58823529411762,36.136994243312166,0.093068382297205335,3.3632115953084849,18,0
RADBILL_4X4_026,11,120_DTend_PP,PP,B1,DTend_QT,45,38.538956939007448,39.294117647058826,11.334486677185435,0.57003402491950783,6.4610430609925515,18,0.065087325800673002
RADBILL_4X4_026,11,120_DTend_QT,QT,B2,DT5_PP,390,378.60608380899345,388.75,26.92582403567252,0.42315942404998974,11.393916191006554,18,0.17750663174754142
RADBILL_4X4_026,11,130first_DTend_PP,PP,B1,DTend_QT,39,33.872458643768148,33.823529411764703,11.668522261396509,0.43943365246818999,5.1275413562318519,18,0.073767484836913422
RADBILL_4X4_026,11,130first_DTend_QT,QT,B1,DTend_QT,375,386.71549438060362,373.8235294117647,32.138830279969831,0.36452771549390106,11.715494380603616,18,0
RADBILL_4X4_026,11,130last_DTend_PP,PP,B2,DT5_PP,48,42.305164972852566,36.8125,10.857984773121268,0.5244836077910966,5.6948350271474339,18,-0.11552138134718359
RADBILL_4X4_026,11,130last_DTend_QT,QT,B2,DT5_PP,370,361.88605039677014,372.1875,33.164677494788535,0.24465636985328362,8.1139496032298553,18,-0.14861533177439804
RADBILL_4X4_026,12,110_DTend_PP,PP,B2,DT5_PP,47,44.132233058264568,43.333333333333336,12.87953232618236,0.2226607976988145,2.8677669417354323,18,-0.0047596518060090964
RADBILL_4X4_026,12,120_DTend_PP,PP,B1,DTend_QT,41,38.49707092110183,39.529411764705884,11.413356468732278,0.21929824813192564,2.5029290788981697,18,-0.2005818174667249
RADBILL_4X4_026,12,120_DTend_QT,QT,B2,DT5_PP,380,390.12821370064523,389.375,26.825050481468498,0.3775655038428386,10.128213700645233,18,0.37314587745246841
RADBILL_4X4_026,12,130first_DTend_PP,PP,B1,DTend_QT,33,32.948024429764423,34.176470588235297,11.732621691877135,0.0044300047849971137,0.05197557023557664,18,-0.54461450930290722
RADBILL_4X4_026,12,130first_DTend_QT,QT,B1,DTend_QT,350,367.39935186339272,375.29411764705884,31.54711695599606,0.55153540298666448,17.399351863392724,18,0
RADBILL_4X4_026,12,130last_DTend_PP,PP,B2,DT5_PP,17,38.31209254120558,38.75,9.8013604497879108,2.1744014670602945,21.31209254120558,18,-0.35959729754277436
RADBILL_4X4_026,12,130last_DTend_QT,QT,B2,DT5_PP,350,374.21634181404835,373.4375,32.645507603139926,0.74179706771412435,24.216341814048349,18,0.39473869003624884
RADBILL_4X4_026,13,110_DTend_PP,PP,B2,DT5_PP,49,51.352258735801612,43.222222222222221,12.836325090541505,0.18325016850304635,2.3522587358016125,18,-0.0069491321437890885
RADBILL_4X4_026,13,110_DTend_QT,QT,B1,DTend_QT,395,396.75973721257623,391.47058823529414,36.433359794045252,0.048300162887086842,1.7597372125762263,18,0
RADBILL_4X4_026,13,120_DTend_PP,PP,B1,DTend_QT,45,38.441099639258617,39.294117647058826,11.334486677185435,0.57866761394174404,6.5589003607413829,18,0.35574707577344916
RADBILL_4X4_026,13,120_DTend_QT,QT,B2,DT5_PP,385,377.85480637332489,389.0625,26.908409466187333,0.26553756867917599,7.145193626675109,18,0.14631964887603871
RADBILL_4X4_026,13,130first_DTend_PP,PP,B1,DTend_QT,40,33.193307625326533,33.764705882352942,11.637919765601936,0.58487191111180614,6.8066923746734673,18,0.27066509774014313
RADBILL_4X4_026,13,130first_DTend_QT,QT,B1,DTend_QT,370,376.47406393830079,374.11764705882354,32.124527920541446,0.20153024362923214,6.4740639383007874,18,0
RADBILL_4X4_026,13,130last_DTend_PP,PP,B2,DT5_PP,39,44.027962435369837,37.375,11.206396982676159,0.44866895605630486,5.0279624353698367,18,0.35661169876735732
RADBILL_4X4_026,13,130last_DTend_QT,QT,B2,DT5_PP,375,359.95251661918331,371.875,33.159965822258222,0.45378464686824999,15.047483380816686,18,0.33471745161182304
RADBILL_4X4_026,14,110_DTend_PP,PP,B2,DT5_PP,30,33.760883981861525,44.277777777777779,12.460788170499704,0.30181750386907552,3.7608839818615252,18,0.21445590309918053
RADBILL_4X4_026,14,110_DTend_QT,QT,B1,DTend_QT,395,396.75973721257623,391.47058823529414,36.433359794045252,0.048300162887086842,1.7597372125762263,18,0
RADBILL_4X4_026,14,120_DTend_PP,PP,B1,DTend_QT,30,39.398308247294437,40.176470588235297,11.148067624691997,0.84304370620052616,9.3983082472944375,18,0.65320083322790135
RADBILL_4X4_026,14,120_DTend_QT,QT,B2,DT5_PP,385,412.74804617764909,389.0625,26.908409466187333,1.0312035058228479,27.748046177649087,18,0.91198558601971058
RADBILL_4X4_026,14,130first_DTend_PP,PP,B1,DTend_QT,28,33.95907451175519,34.470588235294116,11.63033558769277,0.51237339342650501,5.9590745117551904,18,0.16398949344268698
RADBILL_4X4_026,14,130first_DTend_QT,QT,B1,DTend_QT,365,376.7931334743127,374.41176470588238,32.058654883528355,0.3678611444291125,11.793133474312697,18,0
RADBILL_4X4_026,14,130last_DTend_PP,PP,B2,DT5_PP,28,26.416550958067202,38.0625,10.926840043367219,0.14491372031148012,1.5834490419327985,18,-0.062823660265626802
RADBILL_4X4_026,14,130last_DTend_QT,QT,B2,DT5_PP,345,402.72979727853374,373.75,32.377976053690155,1.7829958606061236,57.729797278533738,18,0.91657056896299405
RADBILL_4X4_026,15,110_DTend_PP,PP,B2,DT5_PP,43,48.791037951531777,43.555555555555557,12.907919239171251,0.44864225164640781,5.7910379515317771,18,0.38617145196530911
RADBILL_4X4_026,15,110_DTend_QT,QT,B1,DTend_QT,330,322.83185840707966,395.29411764705884,32.809611217374922,0.21847688305200996,7.1681415929203354,18,0
RADBILL_4X4_026,16,110_DTend_PP,PP,B2,DT5_PP,36,56.34790652560487,43.944444444444443,12.771623979939562,1.5932121519992604,20.34790652560487,18,0
RADBILL_4X4_026,16,110_DTend_QT,QT,B1,DTend_QT,345,351.48026315789474,394.41176470588238,34.409407913260821,0.18832823785373398,6.4802631578947398,18,0
RADBILL_4X4_026,16,120_DTend_PP,PP,B1,DTend_QT,35,38.736078886310906,39.882352941176471,11.357169282776718,0.32896215538291873,3.7360788863109065,18,-1.1382059146068715
RADBILL_4X4_026,16,120_DTend_QT,QT,B2,DT5_PP,330,382.30538922155688,392.5,21.908902300206645,2.3874034629778569,52.305389221556879,18,1.0561663183194117
RADBILL_4X4_026,16,130first_DTend_PP,PP,B1,DTend_QT,29,31.077146171693734,34.411764705882355,11.662219040181695,0.17810900005710856,2.0771461716937338,18,-1.2959408984169745
RADBILL_4X4_026,16,130first_DTend_QT,QT,B1,DTend_QT,310,337.47389791183298,377.64705882352939,27.620058780871986,0.99470816227443259,27.473897911832978,18,0
RADBILL_4X4_026,16,130last_DTend_PP,PP,B2,DT5_PP,41,46.999256146092904,37.25,11.17437544861755,0.53687619264977426,5.9992561460929039,18,0
RADBILL_4X4_026,16,130last_DTend_QT,QT,B2,DT5_PP,310,365.6188864507011,375.9375,28.764489102595466,1.9335954917302014,55.618886450701098,18,1.3295746789604936
RADBILL_4X4_026,17,110_DTend_PP,PP,B2,DT5_PP,67,47.687236215112321,42.222222222222221,11.507315093174201,1.6783032035286354,19.312763784887679,18,-0.1272259185955289
RADBILL_4X4_026,17,110_DTend_QT,QT,B1,DTend_QT,385,386.49433891644054,392.05882352941177,36.403074369198706,0.041049799840667506,1.4943389164405403,18,0
RADBILL_4X4_026,17,120_DTend_PP,PP,B1,DTend_QT,53,37.705845693630813,38.823529411764703,10.887121371818443,1.4047932216461227,15.294154306369187,18,0.46669584401582542
RADBILL_4X4_026,17,120_DTend_QT,QT,B2,DT5_PP,390,381.17610837438423,388.75,26.92582403567252,0.32771110789127533,8.8238916256157722,18,-0.076670802083974032
RADBILL_4X4_026,17,130first_DTend_PP,PP,B1,DTend_QT,49,31.893057459803064,33.235294117647058,11.093519570929157,1.5420662875131264,17.106942540196936,18,0.40696973378277423
RADBILL_4X4_026,17,130first_DTend_QT,QT,B1,DTend_QT,370,366.08064315094106,374.11764705882354,32.124527920541446,0.12200511891577966,3.9193568490589428,18,0
RADBILL_4X4_026,17,130last_DTend_PP,PP,B2,DT5_PP,58,40.126847290640399,36.1875,9.792641795416257,1.8251614919403742,17.873152709359601,18,-0.32190301713607505
RADBILL_4X4_026,17,130last_DTend_QT,QT,B2,DT5_PP,380,363.5960591133005,371.5625,33.101800051759525,0.4955603882885381,16.403940886699502,18,-0.13822331563374457
RADBILL_4X4_026,18,110_DTend_PP,PP,B2,DT5_PP,58,54.055555555555557,42.722222222222221,12.394522298440386,0.31824094139882875,3.9444444444444429,18,0
RADBILL_4X4_026,18,110_DTend_QT,QT,B1,DTend_QT,380,381.36875704093126,392.35294117647061,36.319659236546038,0.037686395459183404,1.3687570409312571,18,0
RADBILL_4X4_026,18,120_DTend_PP,PP,B1,DTend_QT,55,37.346810647915618,38.705882352941174,10.710769731223527,1.6481718676691035,17.653189352084382,18,1.1231729748128356
RADBILL_4X4_026,18,120_DTend_QT,QT,B2,DT5_PP,355,376.83979406420349,390.9375,25.378386473532945,0.86056669075396708,21.839794064203488,18,-0.035138242446157819
RADBILL_4X4_026,18,130first_DTend_PP,PP,B1,DTend_QT,41,32.007785032646908,33.705882352941174,11.601533874246721,0.77508845509766267,8.9922149673530924,18,0.41356147414955929
RADBILL_4X4_026,18,130first_DTend_QT,QT,B1,DTend_QT,355,361.9173782019086,375,31.770662567847086,0.2177284841679446,6.9173782019086048,18,0
RADBILL_4X4_026,18,130last_DTend_PP,PP,B2,DT5_PP,45,47.068140520896421,37,11.033282980751165,0.18744561564355147,2.0681405208964208,18,0
RADBILL_4X4_026,18,130last_DTend_QT,QT,B2,DT5_PP,350,357.12295578437312,373.4375,32.645507603139926,0.21819099494375804,7.1229557843731186,18,0.04668544318651191
RADBILL_4X4_027,1,110_DTend_PP,PP,B2,DTend_PP,39,54.426783114992723,43.777777777777779,12.859217593780077,1.1996673205416917,15.426783114992723,18,0
RADBILL_4X4_027,1,110_DTend_QT,QT,B1,DTend_QT,415,423.2665330661323,390.29411764705884,35.945731154551495,0.22997259481493612,8.2665330661322969,18,0
RADBILL_4X4_027,1,120_DTend_PP,PP,B1,DTend_QT,34,40.046231961517904,39.941176470588232,11.327348477442184,0.5337729278443808,6.0462319615179041,18,-0.87873769031689153
RADBILL_4X4_027,1,120_DTend_QT,QT,B2,DTend_PP,400,377.7041793398671,388.125,26.762847382145271,0.83308851041789644,22.295820660132904,18,0.47676281059932002
RADBILL_4X4_027,1,130first_DTend_PP,PP,B2,DTend_PP,25,43.335490370829625,34.647058823529413,11.499680302461609,1.5944347919745865,18.335490370829625,18,0
RADBILL_4X4_027,1,130first_DTend_QT,QT,B1,DTend_QT,405,399.84901122394439,372.05882352941177,31.127701867137763,0.16547925054157728,5.1509887760556126,18,0
RADBILL_4X4_027,1,130last_DTend_PP,PP,B2,DTend_PP,35,42.005069280162218,37.625,11.194492693582262,0.62576031553249245,7.0050692801622176,18,0
RADBILL_4X4_027,1,130last_DTend_QT,QT,B1,DTend_QT,395,398.72800586510266,370.625,32.602402774437756,0.1143475801736196,3.7280058651026593,18,0
RADBILL_4X4_027,2,110_DTend_PP,PP,B2,DT5_PP,63,44.636021730045968,42.444444444444443,11.961812877664549,1.5352169823893329,18.363978269954032,18,0
RADBILL_4X4_027,2,110_DTend_QT,QT,B1,DTend_QT,410,406.63678840469152,390.58823529411762,36.136994243312166,0.093068382297205335,3.3632115953084849,18,0
RADBILL_4X4_027,2,120_DTend_PP,PP,B1,DTend_QT,60,37.339941911857558,38.411764705882355,10.143093854499053,2.2340380965805009,22.660058088142442,18,0.33164257931777752
RADBILL_4X4_027,2,120_DTend_QT,QT,B2,DT5_PP,395,386.85916953859538,388.4375,26.87742237145023,0.3028873211462414,8.1408304614046187,18,0.25769401672252856
RADBILL_4X4_027,2,130first_DTend_PP,PP,B2,DT5_PP,53,35.288723266364222,33,10.682930309610748,1.6579043596027276,17.711276733635778,18,0
RADBILL_4X4_027,2,130first_DTend_QT,QT,B1,DTend_QT,380,386.31582270488695,373.52941176470586,32.101630891316923,0.19674460547720346,6.3158227048869549,18,0
RADBILL_4X4_027,2,130last_DTend_PP,PP,B2,DT5_PP,49,37.664436042426473,36.75,10.785793124908958,1.0509717575979569,11.335563957573527,18,0
RADBILL_4X4_027,2,130last_DTend_QT,QT,B1,DTend_QT,370,383.04272915230877,372.1875,33.164677494788535,0.39327170162768166,13.042729152308766,18,0
RADBILL_4X4_027,3,110_DTend_PP,PP,B2,DT5_PP,48,49.168822328114366,43.277777777777779,12.860361149240285,0.090885653563734764,1.1688223281143664,18,0.032550641576789441
RADBILL_4X4_027,3,110_DTend_QT,QT,B1,DTend_QT,365,348.125,393.23529411764707,35.791984807643573,0.47147427254149515,16.875,18,0
RADBILL_4X4_027,3,120_DTend_PP,PP,B1,DTend_QT,46,36.094547563805101,39.235294117647058,11.300052056100814,0.87658467297476028,9.9054524361948992,18,0.72797455905205466
RADBILL_4X4_027,3,120_DTend_QT,QT,B2,DT5_PP,390,381.17610837438423,388.75,26.92582403567252,0.32771110789127533,8.8238916256157722,18,-1.6149292475181329
RADBILL_4X4_027,3,130first_DTend_PP,PP,B2,DT5_PP,39,39.565102445472569,33.823529411764703,11.668522261396509,0.048429649685986557,0.5651024454725686,18,-0.03476696161558248
RADBILL_4X4_027,3,130first_DTend_QT,QT,B1,DTend_QT,335,331.47041763341065,376.1764705882353,30.543483949358261,0.11555925880758966,3.5295823665893522,18,0
RADBILL_4X4_027,3,130last_DTend_PP,PP,B2,DT5_PP,32,42.400246305418719,37.8125,11.118865349785771,0.9353693905124143,10.400246305418719,18,0.24287679695532061
RADBILL_4X4_027,3,130last_DTend_QT,QT,B1,DTend_QT,345,314.84835355285963,373.75,32.377976053690155,0.93123938312703602,30.151646447140365,18,0
RADBILL_4X4_027,4,110_DTend_PP,PP,B2,DT5_PP,26,35.675966155957013,44.5,12.147379286472114,0.79654762790955402,9.6759661559570134,18,0
RADBILL_4X4_027,4,110_DTend_QT,QT,B1,DTend_QT,460,421.97167196961919,387.64705882352939,31.923622085515664,1.1912284868086744,38.028328030380806,18,0
RADBILL_4X4_027,4,120_DTend_PP,PP,B1,DTend_QT,28,41.387842112501716,40.294117647058826,11.021369617034631,1.2147167346433481,13.387842112501716,18,0.84820793399048888
RADBILL_4X4_027,4,120_DTend_QT,QT,B2,DT5_PP,445,396.38118076966998,385.3125,22.395591083961147,2.1709102942654157,48.618819230330018,18,0.43943186191480099
RADBILL_4X4_027,4,130first_DTend_PP,PP,B2,DT5_PP,25,26.287899388171308,34.647058823529413,11.499680302461609,0.11199436456469329,1.2878993881713079,18,0
RADBILL_4X4_027,4,130first_DTend_QT,QT,B1,DTend_QT,430,401.03493329665793,370.58823529411762,28.716412605706452,1.0086589540639979,28.965066703342075,18,0
RADBILL_4X4_027,4,130last_DTend_PP,PP,B2,DT5_PP,30,27.619961173918007,37.9375,11.036114956511343,0.21565911876241942,2.3800388260819929,18,0
RADBILL_4X4_027,4,130last_DTend_QT,QT,B1,DTend_QT,435,397.73692191053829,368.125,28.628365886535217,1.3016138691656047,37.263078089461715,18,0
RADBILL_4X4_027,5,110_DTend_PP,PP,B2,DT5_PP,37,43.965104652712974,43.888888888888886,12.805738092924404,0.54390497464268972,6.9651046527129736,18,0
RADBILL_4X4_027,5,110_DTend_QT,QT,B1,DTend_QT,385,391.93862275449101,392.05882352941177,36.403074369198706,0.19060540557975236,6.9386227544910071,18,0
RADBILL_4X4_027,5,120_DTend_PP,PP,B1,DTend_QT,33,39.102882703777333,40,11.291589790636214,0.54048037671703897,6.1028827037773326,18,-0.10946604154117945
RADBILL_4X4_027,5,120_DTend_QT,QT,B2,DT5_PP,385,390.9828602035351,389.0625,26.908409466187333,0.22234165163322125,5.9828602035350968,18,0.18057752295099824
RADBILL_4X4_027,5,130first_DTend_PP,PP,B2,DT5_PP,26,34.92591994835378,34.588235294117645,11.549127800019207,0.7728652849732025,8.9259199483537799,18,0
RADBILL_4X4_027,5,130first_DTend_QT,QT,B1,DTend_QT,375,370.96669980119282,373.8235294117647,32.138830279969831,0.12549617281251496,4.0333001988071828,18,0
RADBILL_4X4_027,5,130last_DTend_PP,PP,B2,DT5_PP,29,36.88457418318157,38,10.984838035522721,0.7177688153147519,7.8845741831815701,18,0
RADBILL_4X4_027,5,130last_DTend_QT,QT,B1,DTend_QT,375,365.28308321964528,371.875,33.159965822258222,0.29303156801905872,9.7169167803547225,18,0
RADBILL_4X4_027,6,110_DTend_PP,PP,B2,DT5_PP,24,13.290174256845795,44.611111111111114,11.95648428008289,0.89573368661510577,10.709825743154205,18,0.66272104030959866
RADBILL_4X4_027,6,110_DTend_QT,QT,B1,DTend_QT,335,341.58723218189766,395,33.400973039718465,0.19721677491444678,6.5872321818976616,18,0
RADBILL_4X4_027,6,120_DTend_PP,PP,B1,DTend_QT,18,45.055839183152514,40.882352941176471,9.9742315051159238,2.7125738127569221,27.055839183152514,18,2.4180056999480199
RADBILL_4X4_027,6,130first_DTend_PP,PP,B2,DT5_PP,5,15.921291053227627,35.823529411764703,9.0362830724090255,1.2086043526651129,10.921291053227627,18,-0.82159681455596534
RADBILL_4X4_027,6,130first_DTend_QT,QT,B1,DTend_QT,360,308.6869814932993,374.70588235294116,31.940892101431579,1.6064992281289747,51.313018506700701,18,0
RADBILL_4X4_027,7,110_DTend_PP,PP,B2,DT5_PP,31,40.05513243917234,44.222222222222221,12.525529485370624,0.72293410428265048,9.0551324391723398,18,0
RADBILL_4X4_027,7,110_DTend_QT,QT,B1,DTend_QT,385,391.93862275449101,392.05882352941177,36.403074369198706,0.19060540557975236,6.9386227544910071,18,0
RADBILL_4X4_027,7,120_DTend_PP,PP,B1,DTend_QT,30,39.290755467196817,40.176470588235297,11.148067624691997,0.83339604494491981,9.2907554671968171,18,0.24868341800587535
RADBILL_4X4_027,7,120_DTend_QT,QT,B2,DT5_PP,390,397.88514728253352,388.75,26.92582403567252,0.29284701824118486,7.8851472825335236,18,0.052621091329330294
RADBILL_4X4_027,7,130first_DTend_PP,PP,B2,DT5_PP,38,30.098598435462844,33.882352941176471,11.693386768496415,0.67571540401148911,7.9014015645371565,18,0
RADBILL_4X4_027,7,130first_DTend_QT,QT,B1,DTend_QT,390,370.02733598409543,372.94117647058823,31.871755890277083,0.62665715954474621,19.97266401590457,18,0
RADBILL_4X4_027,7,130last_DTend_PP,PP,B2,DT5_PP,33,32.498133038307287,37.75,11.150485789118488,0.045008528882434305,0.50186696169271272,18,0
RADBILL_4X4_027,7,130last_DTend_QT,QT,B1,DTend_QT,395,363.90518417462482,370.625,32.602402774437756,0.95375840978675919,31.094815825375179,18,0
RADBILL_4X4_027,8,110_DTend_PP,PP,B2,DT5_PP,44,40.664902880107164,43.5,12.908045826492232,0.25837351096538141,3.3350971198928363,18,-0.61125534483852673
RADBILL_4X4_027,8,110_DTend_QT,QT,B1,DTend_QT,430,446.40915269596735,389.41176470588238,35.083932974243019,0.46771132267337817,16.40915269596735,18,0
RADBILL_4X4_027,8,120_DTend_PP,PP,B1,DTend_QT,36,40.864654635967639,39.823529411764703,11.381098882124954,0.427432771330018,4.8646546359676393,18,-0.072990324948182361
RADBILL_4X4_027,8,120_DTend_QT,QT,B2,DT5_PP,420,392.93709150326799,386.875,25.617376914898998,1.0564277750464097,27.062908496732007,18,0.81219503671958793
RADBILL_4X4_027,8,130first_DTend_PP,PP,B2,DT5_PP,38,31.497893713545039,33.882352941176471,11.693386768496415,0.55604987803640649,6.5021062864549606,18,-0.51382068915044665
RADBILL_4X4_027,8,130first_DTend_QT,QT,B1,DTend_QT,420,420.02333540759179,371.1764705882353,29.871046378804774,0.00078120489305473842,0.023335407591787316,18,0
RADBILL_4X4_027,8,130last_DTend_PP,PP,B2,DT5_PP,40,33.325571895424837,37.3125,11.193562137824284,0.5962738243996103,6.6744281045751634,18,-0.30190926254366723
RADBILL_4X4_027,8,130last_DTend_QT,QT,B1,DTend_QT,415,421.62411971830983,369.375,31.138133106102128,0.21273336123711609,6.6241197183098279,18,0
RADBILL_4X4_027,10,110_DTend_PP,PP,B2,DT5_PP,32,34.246751863684764,44.166666666666664,12.585005083081073,0.17852609902440439,2.2467518636847643,18,-0.23870885628275437
RADBILL_4X4_027,10,110_DTend_QT,QT,B1,DTend_QT,425,427.78045776454894,389.70588235294116,35.420270866204483,0.078499054257709186,2.7804577645489417,18,0
RADBILL_4X4_027,10,120_DTend_PP,PP,B1,DTend_QT,33,40.506945399532384,40,11.291589790636214,0.66482625907626181,7.506945399532384,18,0.60688076026335935
RADBILL_4X4_027,10,120_DTend_QT,QT,B2,DT5_PP,405,406.12478645752446,387.8125,26.581243387020105,0.042315043022920051,1.1247864575244648,18,-0.28661487418232107
RADBILL_4X4_027,10,130first_DTend_PP,PP,B2,DT5_PP,22,25.958333333333329,34.823529411764703,11.315008252966759,0.34983035317676114,3.9583333333333286,18,-0.32492760688882005
RADBILL_4X4_027,10,130first_DTend_QT,QT,B1,DTend_QT,405,405.43941686150458,372.05882352941177,31.127701867137763,0.014116585393298353,0.43941686150458281,18,0
RADBILL_4X4_027,10,130last_DTend_PP,PP,B2,DT5_PP,23,28.41652430501631,38.375,10.531698185319719,0.51430682969689334,5.4165243050163099,18,-0.53208246287623751
RADBILL_4X4_027,10,130last_DTend_QT,QT,B1,DTend_QT,395,405.25777103866562,370.625,32.602402774437756,0.31463236343759093,10.257771038665624,18,0
RADBILL_4X4_027,11,110_DTend_PP,PP,B2,DT5_PP,50,50.497106840256251,43.166666666666664,12.807396759869114,0.038814042351986218,0.49710684025625085,18,-0.3806135544960339
RADBILL_4X4_027,11,110_DTend_QT,QT,B1,DTend_QT,410,406.63678840469152,390.58823529411762,36.136994243312166,0.093068382297205335,3.3632115953084849,18,0
RADBILL_4X4_027,11,120_DTend_PP,PP,B1,DTend_QT,45,38.538956939007448,39.294117647058826,11.334486677185435,0.57003402491950783,6.4610430609925515,18,0.065087325800673002
RADBILL_4X4_027,11,120_DTend_QT,QT,B2,DT5_PP,390,378.60608380899345,388.75,26.92582403567252,0.42315942404998974,11.393916191006554,18,0.17750663174754142
RADBILL_4X4_027,11,130first_DTend_PP,PP,B2,DT5_PP,39,40.96987951807229,33.823529411764703,11.668522261396509,0.16881996485444686,1.9698795180722897,18,-0.19684620277682971
RADBILL_4X4_027,11,130first_DTend_QT,QT,B1,DTend_QT,375,386.71549438060362,373.8235294117647,32.138830279969831,0.36452771549390106,11.715494380603616,18,0
RADBILL_4X4_027,11,130last_DTend_PP,PP,B2,DT5_PP,48,42.305164972852566,36.8125,10.857984773121268,0.5244836077910966,5.6948350271474339,18,-0.11552138134718359
RADBILL_4X4_027,11,130last_DTend_QT,QT,B1,DTend_QT,370,383.04272915230877,372.1875,33.164677494788535,0.39327170162768166,13.042729152308766,18,0
RADBILL_4X4_027,12,110_DTend_PP,PP,B2,DT5_PP,47,44.132233058264568,43.333333333333336,12.87953232618236,0.2226607976988145,2.8677669417354323,18,-0.0047596518060090964
RADBILL_4X4_027,12,120_DTend_PP,PP,B1,DTend_QT,41,38.49707092110183,39.529411764705884,11.413356468732278,0.21929824813192564,2.5029290788981697,18,-0.2005818174667249
RADBILL_4X4_027,12,120_DTend_QT,QT,B2,DT5_PP,380,390.12821370064523,389.375,26.825050481468498,0.3775655038428386,10.128213700645233,18,0.37314587745246841
RADBILL_4X4_027,12,130first_DTend_PP,PP,B2,DT5_PP,33,35.188953488372093,34.176470588235297,11.732621691877135,0.18656985163747114,2.1889534883720927,18,-0.36247466245043319
RADBILL_4X4_027,12,130first_DTend_QT,QT,B1,DTend_QT,350,367.39935186339272,375.29411764705884,31.54711695599606,0.55153540298666448,17.399351863392724,18,0
RADBILL_4X4_027,12,130last_DTend_PP,PP,B2,DT5_PP,17,38.31209254120558,38.75,9.8013604497879108,2.1744014670602945,21.31209254120558,18,-0.35959729754277436
RADBILL_4X4_027,12,130last_DTend_QT,QT,B1,DTend_QT,350,361.32989690721649,373.4375,32.645507603139926,0.34705837767787551,11.329896907216494,18,0
RADBILL_4X4_027,13,110_DTend_PP,PP,B2,DT5_PP,49,51.352258735801612,43.222222222222221,12.836325090541505,0.18325016850304635,2.3522587358016125,18,-0.0069491321437890885
RADBILL_4X4_027,13,110_DTend_QT,QT,B1,DTend_QT,395,396.75973721257623,391.47058823529414,36.433359794045252,0.048300162887086842,1.7597372125762263,18,0
RADBILL_4X4_027,13,120_DTend_PP,PP,B1,DTend_QT,45,38.441099639258617,39.294117647058826,11.334486677185435,0.57866761394174404,6.5589003607413829,18,0.35574707577344916
RADBILL_4X4_027,13,120_DTend_QT,QT,B2,DT5_PP,385,377.85480637332489,389.0625,26.908409466187333,0.26553756867917599,7.145193626675109,18,0.14631964887603871
RADBILL_4X4_027,13,130first_DTend_PP,PP,B2,DT5_PP,40,41.582434254888739,33.764705882352942,11.637919765601936,0.13597226022866399,1.5824342548887387,18,-0.17823455314299902
RADBILL_4X4_027,13,130first_DTend_QT,QT,B1,DTend_QT,370,376.47406393830079,374.11764705882354,32.124527920541446,0.20153024362923214,6.4740639383007874,18,0
RADBILL_4X4_027,13,130last_DTend_PP,PP,B2,DT5_PP,39,44.027962435369837,37.375,11.206396982676159,0.44866895605630486,5.0279624353698367,18,0.35661169876735732
RADBILL_4X4_027,13,130last_DTend_QT,QT,B1,DTend_QT,375,371.05173587474474,371.875,33.159965822258222,0.11906719525642695,3.9482641252552639,18,0
RADBILL_4X4_027,14,110_DTend_PP,PP,B2,DT5_PP,30,33.760883981861525,44.277777777777779,12.460788170499704,0.30181750386907552,3.7608839818615252,18,0.21445590309918053
RADBILL_4X4_027,14,110_DTend_QT,QT,B1,DTend_QT,395,396.75973721257623,391.47058823529414,36.433359794045252,0.048300162887086842,1.7597372125762263,18,0
RADBILL_4X4_027,14,120_DTend_PP,PP,B1,DTend_QT,30,39.398308247294437,40.176470588235297,11.148067624691997,0.84304370620052616,9.3983082472944375,18,0.65320083322790135
RADBILL_4X4_027,14,120_DTend_QT,QT,B2,DT5_PP,385,412.74804617764909,389.0625,26.908409466187333,1.0312035058228479,27.748046177649087,18,0.91198558601971058
RADBILL_4X4_027,14,130first_DTend_PP,PP,B2,DT5_PP,28,24.458275623268694,34.470588235294116,11.63033558769277,0.30452469320654529,3.541724376731306,18,-0.04385920677727273
RADBILL_4X4_027,14,130first_DTend_QT,QT,B1,DTend_QT,365,376.7931334743127,374.41176470588238,32.058654883528355,0.3678611444291125,11.793133474312697,18,0
RADBILL_4X4_027,14,130last_DTend_PP,PP,B2,DT5_PP,28,26.416550958067202,38.0625,10.926840043367219,0.14491372031148012,1.5834490419327985,18,-0.062823660265626802
RADBILL_4X4_027,14,130last_DTend_QT,QT,B1,DTend_QT,345,373.05309734513276,373.75,32.377976053690155,0.86642529164312954,28.053097345132755,18,0
RADBILL_4X4_027,15,110_DTend_PP,PP,B2,DT5_PP,43,48.791037951531777,43.555555555555557,12.907919239171251,0.44864225164640781,5.7910379515317771,18,0.38617145196530911
RADBILL_4X4_027,15,110_DTend_QT,QT,B1,DTend_QT,330,322.83185840707966,395.29411764705884,32.809611217374922,0.21847688305200996,7.1681415929203354,18,0
RADBILL_4X4_027,16,110_DTend_PP,PP,B2,DT5_PP,36,56.34790652560487,43.944444444444443,12.771623979939562,1.5932121519992604,20.34790652560487,18,0
RADBILL_4X4_027,16,110_DTend_QT,QT,B1,DTend_QT,345,351.48026315789474,394.41176470588238,34.409407913260821,0.18832823785373398,6.4802631578947398,18,0
RADBILL_4X4_027,16,120_DTend_PP,PP,B1,DTend_QT,35,38.736078886310906,39.882352941176471,11.357169282776718,0.32896215538291873,3.7360788863109065,18,-1.1382059146068715
RADBILL_4X4_027,16,120_DTend_QT,QT,B2,DT5_PP,330,382.30538922155688,392.5,21.908902300206645,2.3874034629778569,52.305389221556879,18,1.0561663183194117
RADBILL_4X4_027,16,130first_DTend_PP,PP,B2,DT5_PP,29,46.190692792162345,34.411764705882355,11.662219040181695,1.4740498984740831,17.190692792162345,18,0
RADBILL_4X4_027,16,130first_DTend_QT,QT,B1,DTend_QT,310,337.47389791183298,377.64705882352939,27.620058780871986,0.99470816227443259,27.473897911832978,18,0
RADBILL_4X4_027,16,130last_DTend_PP,PP,B2,DT5_PP,41,46.999256146092904,37.25,11.17437544861755,0.53687619264977426,5.9992561460929039,18,0
RADBILL_4X4_027,16,130last_DTend_QT,QT,B1,DTend_QT,310,327.37435008665511,375.9375,28.764489102595466,0.60402081276970765,17.374350086655113,18,0
RADBILL_4X4_027,17,110_DTend_PP,PP,B2,DT5_PP,67,47.687236215112321,42.222222222222221,11.507315093174201,1.6783032035286354,19.312763784887679,18,-0.1272259185955289
RADBILL_4X4_027,17,110_DTend_QT,QT,B1,DTend_QT,385,386.49433891644054,392.05882352941177,36.403074369198706,0.041049799840667506,1.4943389164405403,18,0
RADBILL_4X4_027,17,120_DTend_PP,PP,B1,DTend_QT,53,37.705845693630813,38.823529411764703,10.887121371818443,1.4047932216461227,15.294154306369187,18,0.46669584401582542
RADBILL_4X4_027,17,120_DTend_QT,QT,B2,DT5_PP,390,381.17610837438423,388.75,26.92582403567252,0.32771110789127533,8.8238916256157722,18,-0.076670802083974032
RADBILL_4X4_027,17,130first_DTend_PP,PP,B2,DT5_PP,49,38.724058162590879,33.235294117647058,11.093519570929157,0.92630132138924437,10.275941837409121,18,-0.20879523234110775
RADBILL_4X4_027,17,130first_DTend_QT,QT,B1,DTend_QT,370,366.08064315094106,374.11764705882354,32.124527920541446,0.12200511891577966,3.9193568490589428,18,0
RADBILL_4X4_027,17,130last_DTend_PP,PP,B2,DT5_PP,58,40.126847290640399,36.1875,9.792641795416257,1.8251614919403742,17.873152709359601,18,-0.32190301713607505
RADBILL_4X4_027,17,130last_DTend_QT,QT,B1,DTend_QT,380,359.02061855670104,371.5625,33.101800051759525,0.63378370392228267,20.979381443298962,18,0
RADBILL_4X4_027,18,110_DTend_PP,PP,B2,DT5_PP,58,54.055555555555557,42.722222222222221,12.394522298440386,0.31824094139882875,3.9444444444444429,18,0
RADBILL_4X4_027,18,110_DTend_QT,QT,B1,DTend_QT,380,381.36875704093126,392.35294117647061,36.319659236546038,0.037686395459183404,1.3687570409312571,18,0
RADBILL_4X4_027,18,120_DTend_PP,PP,B1,DTend_QT,55,37.346810647915618,38.705882352941174,10.710769731223527,1.6481718676691035,17.653189352084382,18,1.1231729748128356
RADBILL_4X4_027,18,120_DTend_QT,QT,B2,DT5_PP,355,376.83979406420349,390.9375,25.378386473532945,0.86056669075396708,21.839794064203488,18,-0.035138242446157819
RADBILL_4X4_027,18,130first_DTend_PP,PP,B2,DT5_PP,41,45.19426751592357,33.705882352941174,11.601533874246721,0.36152698094810337,4.1942675159235705,18,0
RADBILL_4X4_027,18,130first_DTend_QT,QT,B1,DTend_QT,355,361.9173782019086,375,31.770662567847086,0.2177284841679446,6.9173782019086048,18,0
RADBILL_4X4_027,18,130last_DTend_PP,PP,B2,DT5_PP,45,47.068140520896421,37,11.033282980751165,0.18744561564355147,2.0681405208964208,18,0
RADBILL_4X4_027,18,130last_DTend_QT,QT,B1,DTend_QT,350,355.59888579387189,373.4375,32.645507603139926,0.17150555175724613,5.5988857938718866,18,0
RADBILL_4X4_028,1,110_DTend_PP,PP,B2,DT5_PP,39,38.04457364341085,43.777777777777779,12.859217593780077,0.074298949342865475,0.95542635658915032,18,-1.1253683711988263
RADBILL_4X4_028,1,110_DTend_QT,QT,B1,DTend_QT,415,423.2665330661323,390.29411764705884,35.945731154551495,0.22997259481493612,8.2665330661322969,18,0
RADBILL_4X4_028,1,120_DTend_PP,PP,B1,DTend_QT,34,40.046231961517904,39.941176470588232,11.327348477442184,0.5337729278443808,6.0462319615179041,18,-0.87873769031689153
RADBILL_4X4_028,1,120_DTend_QT,QT,B2,DT5_PP,400,399.28077357425184,388.125,26.762847382145271,0.026874062220598776,0.71922642574816109,18,-0.32945163759797763
RADBILL_4X4_028,1,130first_DTend_PP,PP,B2,DT5_PP,25,29.677514792899409,34.647058823529413,11.499680302461609,0.40675172438473312,4.6775147928994087,18,-1.1876830675898533
RADBILL_4X4_028,1,130first_DTend_QT,QT,B1,DTend_QT,405,399.84901122394439,372.05882352941177,31.127701867137763,0.16547925054157728,5.1509887760556126,18,0
RADBILL_4X4_028,1,130last_DTend_PP,PP,B1,DTend_QT,35,35.686217008797655,37.625,11.194492693582262,0.061299518216762015,0.68621700879765513,18,-0.5644607973157304
RADBILL_4X4_028,1,130last_DTend_QT,QT,B2,DT5_PP,395,381.43351214003388,370.625,32.602402774437756,0.41611926439369856,13.566487859966117,18,0.30177168422007894
RADBILL_4X4_028,2,110_DTend_PP,PP,B2,DT5_PP,63,44.636021730045968,42.444444444444443,11.961812877664549,1.5352169823893329,18.363978269954032,18,0
RADBILL_4X4_028,2,110_DTend_QT,QT,B1,DTend_QT,410,406.63678840469152,390.58823529411762,36.136994243312166,0.093068382297205335,3.3632115953084849,18,0
RADBILL_4X4_028,2,120_DTend_PP,PP,B1,DTend_QT,60,37.339941911857558,38.411764705882355,10.143093854499053,2.2340380965805009,22.660058088142442,18,0.33164257931777752
RADBILL_4X4_028,2,120_DTend_QT,QT,B2,DT5_PP,395,386.85916953859538,388.4375,26.87742237145023,0.3028873211462414,8.1408304614046187,18,0.25769401672252856
RADBILL_4X4_028,2,130first_DTend_PP,PP,B2,DT5_PP,53,35.288723266364222,33,10.682930309610748,1.6579043596027276,17.711276733635778,18,0
RADBILL_4X4_028,2,130first_DTend_QT,QT,B1,DTend_QT,380,386.31582270488695,373.52941176470586,32.101630891316923,0.19674460547720346,6.3158227048869549,18,0
RADBILL_4X4_028,2,130last_DTend_PP,PP,B1,DTend_QT,49,35.096485182632669,36.75,10.785793124908958,1.289058176469029,13.903514817367331,18,0.23808641887107207
RADBILL_4X4_028,2,130last_DTend_QT,QT,B2,DT5_PP,370,370.57165322715559,372.1875,33.164677494788535,0.017236809471324496,0.57165322715559341,18,-0.37603489215635716
RADBILL_4X4_028,3,110_DTend_PP,PP,B2,DT5_PP,48,49.168822328114366,43.277777777777779,12.860361149240285,0.090885653563734764,1.1688223281143664,18,0.032550641576789441
RADBILL_4X4_028,3,110_DTend_QT,QT,B1,DTend_QT,365,348.125,393.23529411764707,35.791984807643573,0.47147427254149515,16.875,18,0
RADBILL_4X4_028,3,120_DTend_PP,PP,B1,DTend_QT,46,36.094547563805101,39.235294117647058,11.300052056100814,0.87658467297476028,9.9054524361948992,18,0.72797455905205466
RADBILL_4X4_028,3,120_DTend_QT,QT,B2,DT5_PP,390,381.17610837438423,388.75,26.92582403567252,0.32771110789127533,8.8238916256157722,18,-1.6149292475181329
RADBILL_4X4_028,3,130first_DTend_PP,PP,B2,DT5_PP,39,39.565102445472569,33.823529411764703,11.668522261396509,0.048429649685986557,0.5651024454725686,18,-0.03476696161558248
RADBILL_4X4_028,3,130first_DTend_QT,QT,B1,DTend_QT,335,331.47041763341065,376.1764705882353,30.543483949358261,0.11555925880758966,3.5295823665893522,18,0
RADBILL_4X4_028,3,130last_DTend_PP,PP,B1,DTend_QT,32,40.233102253032925,37.8125,11.118865349785771,0.74046244774351488,8.233102253032925,18,0.04796985418642119
RADBILL_4X4_028,3,130last_DTend_QT,QT,B2,DT5_PP,345,366.65640394088672,373.75,32.377976053690155,0.66886218906874861,21.656403940886719,18,-0.26237719405828741
RADBILL_4X4_028,4,110_DTend_PP,PP,B2,DT5_PP,26,35.675966155957013,44.5,12.147379286472114,0.79654762790955402,9.6759661559570134,18,0
RADBILL_4X4_028,4,110_DTend_QT,QT,B1,DTend_QT,460,421.97167196961919,387.64705882352939,31.923622085515664,1.1912284868086744,38.028328030380806,18,0
RADBILL_4X4_028,4,120_DTend_PP,PP,B1,DTend_QT,28,41.387842112501716,40.294117647058826,11.021369617034631,1.2147167346433481,13.387842112501716,18,0.84820793399048888
RADBILL_4X4_028,4,120_DTend_QT,QT,B2,DT5_PP,445,396.38118076966998,385.3125,22.395591083961147,2.1709102942654157,48.618819230330018,18,0.43943186191480099
RADBILL_4X4_028,4,130first_DTend_PP,PP,B2,DT5_PP,25,26.287899388171308,34.647058823529413,11.499680302461609,0.11199436456469329,1.2878993881713079,18,0
RADBILL_4X4_028,4,130first_DTend_QT,QT,B1,DTend_QT,430,401.03493329665793,370.58823529411762,28.716412605706452,1.0086589540639979,28.965066703342075,18,0
RADBILL_4X4_028,4,130last_DTend_PP,PP,B1,DTend_QT,30,36.44048521607278,37.9375,11.036114956511343,0.58358265036672829,6.4404852160727799,18,0.36792353160430891
RADBILL_4X4_028,4,130last_DTend_QT,QT,B2,DT5_PP,435,378.77012675573826,368.125,28.628365886535217,1.964131430593052,56.229873244261739,18,0.66251756142744722
RADBILL_4X4_028,5,110_DTend_PP,PP,B2,DT5_PP,37,43.965104652712974,43.888888888888886,12.805738092924404,0.54390497464268972,6.9651046527129736,18,0
RADBILL_4X4_028,5,110_DTend_QT,QT,B1,DTend_QT,385,391.93862275449101,392.05882352941177,36.403074369198706,0.19060540557975236,6.9386227544910071,18,0
RADBILL_4X4_028,5,120_DTend_PP,PP,B1,DTend_QT,33,39.102882703777333,40,11.291589790636214,0.54048037671703897,6.1028827037773326,18,-0.10946604154117945
RADBILL_4X4_028,5,120_DTend_QT,QT,B2,DT5_PP,385,390.9828602035351,389.0625,26.908409466187333,0.22234165163322125,5.9828602035350968,18,0.18057752295099824
RADBILL_4X4_028,5,130first_DTend_PP,PP,B2,DT5_PP,26,34.92591994835378,34.588235294117645,11.549127800019207,0.7728652849732025,8.9259199483537799,18,0
RADBILL_4X4_028,5,130first_DTend_QT,QT,B1,DTend_QT,375,370.96669980119282,373.8235294117647,32.138830279969831,0.12549617281251496,4.0333001988071828,18,0
RADBILL_4X4_028,5,130last_DTend_PP,PP,B1,DTend_QT,29,37.181446111869029,38,10.984838035522721,0.74479442349645075,8.1814461118690289,18,0.027025608181698857
RADBILL_4X4_028,5,130last_DTend_QT,QT,B2,DT5_PP,375,373.84105516871989,371.875,33.159965822258222,0.03495012140519705,1.1589448312801096,18,-0.25808144661386168
RADBILL_4X4_028,6,110_DTend_PP,PP,B2,DT5_PP,24,13.290174256845795,44.611111111111114,11.95648428008289,0.89573368661510577,10.709825743154205,18,0.66272104030959866
RADBILL_4X4_028,6,110_DTend_QT,QT,B1,DTend_QT,335,341.58723218189766,395,33.400973039718465,0.19721677491444678,6.5872321818976616,18,0
RADBILL_4X4_028,6,120_DTend_PP,PP,B1,DTend_QT,18,45.055839183152514,40.882352941176471,9.9742315051159238,2.7125738127569221,27.055839183152514,18,2.4180056999480199
RADBILL_4X4_028,6,130first_DTend_PP,PP,B2,DT5_PP,5,15.921291053227627,35.823529411764703,9.0362830724090255,1.2086043526651129,10.921291053227627,18,-0.82159681455596534
RADBILL_4X4_028,6,130first_DTend_QT,QT,B1,DTend_QT,360,308.6869814932993,374.70588235294116,31.940892101431579,1.6064992281289747,51.313018506700701,18,0
RADBILL_4X4_028,7,110_DTend_PP,PP,B2,DT5_PP,31,40.05513243917234,44.222222222222221,12.525529485370624,0.72293410428265048,9.0551324391723398,18,0
RADBILL_4X4_028,7,110_DTend_QT,QT,B1,DTend_QT,385,391.93862275449101,392.05882352941177,36.403074369198706,0.19060540557975236,6.9386227544910071,18,0
RADBILL_4X4_028,7,120_DTend_PP,PP,B1,DTend_QT,30,39.290755467196817,40.176470588235297,11.148067624691997,0.83339604494491981,9.2907554671968171,18,0.24868341800587535
RADBILL_4X4_028,7,120_DTend_QT,QT,B2,DT5_PP,390,397.88514728253352,388.75,26.92582403567252,0.29284701824118486,7.8851472825335236,18,0.052621091329330294
RADBILL_4X4_028,7,130first_DTend_PP,PP,B2,DT5_PP,38,30.098598435462844,33.882352941176471,11.693386768496415,0.67571540401148911,7.9014015645371565,18,0
RADBILL_4X4_028,7,130first_DTend_QT,QT,B1,DTend_QT,390,370.02733598409543,372.94117647058823,31.871755890277083,0.62665715954474621,19.97266401590457,18,0
RADBILL_4X4_028,7,130last_DTend_PP,PP,B1,DTend_QT,33,36.905866302864936,37.75,11.150485789118488,0.35028664909618418,3.9058663028649363,18,0.30527812021374989
RADBILL_4X4_028,7,130last_DTend_QT,QT,B2,DT5_PP,395,379.23765730880928,370.625,32.602402774437756,0.48347181035225256,15.762342691190725,18,-0.47028659943450662
RADBILL_4X4_028,8,110_DTend_PP,PP,B2,DT5_PP,44,40.664902880107164,43.5,12.908045826492232,0.25837351096538141,3.3350971198928363,18,-0.61125534483852673
RADBILL_4X4_028,8,110_DTend_QT,QT,B1,DTend_QT,430,446.40915269596735,389.41176470588238,35.083932974243019,0.46771132267337817,16.40915269596735,18,0
RADBILL_4X4_028,8,120_DTend_PP,PP,B1,DTend_QT,36,40.864654635967639,39.823529411764703,11.381098882124954,0.427432771330018,4.8646546359676393,18,-0.072990324948182361
RADBILL_4X4_028,8,120_DTend_QT,QT,B2,DT5_PP,420,392.93709150326799,386.875,25.617376914898998,1.0564277750464097,27.062908496732007,18,0.81219503671958793
RADBILL_4X4_028,8,130first_DTend_PP,PP,B2,DT5_PP,38,31.497893713545039,33.882352941176471,11.693386768496415,0.55604987803640649,6.5021062864549606,18,-0.51382068915044665
RADBILL_4X4_028,8,130first_DTend_QT,QT,B1,DTend_QT,420,420.02333540759179,371.1764705882353,29.871046378804774,0.00078120489305473842,0.023335407591787316,18,0
RADBILL_4X4_028,8,130last_DTend_PP,PP,B1,DTend_QT,40,32.955105633802816,37.3125,11.193562137824284,0.6293701932820569,7.0448943661971839,18,-0.26881289366122063
RADBILL_4X4_028,8,130last_DTend_QT,QT,B2,DT5_PP,415,375.40441176470586,369.375,31.138133106102128,1.2716108605603786,39.595588235294144,18,1.0588774993232626
RADBILL_4X4_028,10,110_DTend_PP,PP,B2,DT5_PP,32,34.246751863684764,44.166666666666664,12.585005083081073,0.17852609902440439,2.2467518636847643,18,-0.23870885628275437
RADBILL_4X4_028,10,110_DTend_QT,QT,B1,DTend_QT,425,427.78045776454894,389.70588235294116,35.420270866204483,0.078499054257709186,2.7804577645489417,18,0
RADBILL_4X4_028,10,120_DTend_PP,PP,B1,DTend_QT,33,40.506945399532384,40,11.291589790636214,0.66482625907626181,7.506945399532384,18,0.60688076026335935
RADBILL_4X4_028,10,120_DTend_QT,QT,B2,DT5_PP,405,406.12478645752446,387.8125,26.581243387020105,0.042315043022920051,1.1247864575244648,18,-0.28661487418232107
RADBILL_4X4_028,10,130first_DTend_PP,PP,B2,DT5_PP,22,25.958333333333329,34.823529411764703,11.315008252966759,0.34983035317676114,3.9583333333333286,18,-0.32492760688882005
RADBILL_4X4_028,10,130first_DTend_QT,QT,B1,DTend_QT,405,405.43941686150458,372.05882352941177,31.127701867137763,0.014116585393298353,0.43941686150458281,18,0
RADBILL_4X4_028,10,130last_DTend_PP,PP,B1,DTend_QT,23,37.756633813495071,38.375,10.531698185319719,1.4011637585726249,14.756633813495071,18,0.35477446599949403
RADBILL_4X4_028,10,130last_DTend_QT,QT,B2,DT5_PP,395,388.40153750582391,370.625,32.602402774437756,0.2023919077323246,6.5984624941760899,18,-0.11224045570526633
RADBILL_4X4_028,11,110_DTend_PP,PP,B2,DT5_PP,50,50.497106840256251,43.166666666666664,12.807396759869114,0.038814042351986218,0.49710684025625085,18,-0.3806135544960339
RADBILL_4X4_028,11,110_DTend_QT,QT,B1,DTend_QT,410,406.63678840469152,390.58823529411762,36.136994243312166,0.093068382297205335,3.3632115953084849,18,0
RADBILL_4X4_028,11,120_DTend_PP,PP,B1,DTend_QT,45,38.538956939007448,39.294117647058826,11.334486677185435,0.57003402491950783,6.4610430609925515,18,0.065087325800673002
RADBILL_4X4_028,11,120_DTend_QT,QT,B2,DT5_PP,390,378.60608380899345,388.75,26.92582403567252,0.42315942404998974,11.393916191006554,18,0.17750663174754142
RADBILL_4X4_028,11,130first_DTend_PP,PP,B2,DT5_PP,39,40.96987951807229,33.823529411764703,11.668522261396509,0.16881996485444686,1.9698795180722897,18,-0.19684620277682971
RADBILL_4X4_028,11,130first_DTend_QT,QT,B1,DTend_QT,375,386.71549438060362,373.8235294117647,32.138830279969831,0.36452771549390106,11.715494380603616,18,0
RADBILL_4X4_028,11,130last_DTend_PP,PP,B1,DTend_QT,48,35.176430048242594,36.8125,10.857984773121268,1.1810267024413137,12.823569951757406,18,0.5410217133030335
RADBILL_4X4_028,11,130last_DTend_QT,QT,B2,DT5_PP,370,361.88605039677014,372.1875,33.164677494788535,0.24465636985328362,8.1139496032298553,18,-0.14861533177439804
RADBILL_4X4_028,12,110_DTend_PP,PP,B2,DT5_PP,47,44.132233058264568,43.333333333333336,12.87953232618236,0.2226607976988145,2.8677669417354323,18,-0.0047596518060090964
RADBILL_4X4_028,12,120_DTend_PP,PP,B1,DTend_QT,41,38.49707092110183,39.529411764705884,11.413356468732278,0.21929824813192564,2.5029290788981697,18,-0.2005818174667249
RADBILL_4X4_028,12,120_DTend_QT,QT,B2,DT5_PP,380,390.12821370064523,389.375,26.825050481468498,0.3775655038428386,10.128213700645233,18,0.37314587745246841
RADBILL_4X4_028,12,130first_DTend_PP,PP,B2,DT5_PP,33,35.188953488372093,34.176470588235297,11.732621691877135,0.18656985163747114,2.1889534883720927,18,-0.36247466245043319
RADBILL_4X4_028,12,130first_DTend_QT,QT,B1,DTend_QT,350,367.39935186339272,375.29411764705884,31.54711695599606,0.55153540298666448,17.399351863392724,18,0
RADBILL_4X4_028,12,130last_DTend_PP,PP,B1,DTend_QT,17,38.356701030927837,38.75,9.8013604497879108,2.1789527219550395,21.356701030927837,18,-0.3550460426480293
RADBILL_4X4_028,12,130last_DTend_QT,QT,B2,DT5_PP,350,374.21634181404835,373.4375,32.645507603139926,0.74179706771412435,24.216341814048349,18,0.39473869003624884
RADBILL_4X4_028,13,110_DTend_PP,PP,B2,DT5_PP,49,51.352258735801612,43.222222222222221,12.836325090541505,0.18325016850304635,2.3522587358016125,18,-0.0069491321437890885
RADBILL_4X4_028,13,110_DTend_QT,QT,B1,DTend_QT,395,396.75973721257623,391.47058823529414,36.433359794045252,0.048300162887086842,1.7597372125762263,18,0
RADBILL_4X4_028,13,120_DTend_PP,PP,B1,DTend_QT,45,38.441099639258617,39.294117647058826,11.334486677185435,0.57866761394174404,6.5589003607413829,18,0.35574707577344916
RADBILL_4X4_028,13,120_DTend_QT,QT,B2,DT5_PP,385,377.85480637332489,389.0625,26.908409466187333,0.26553756867917599,7.145193626675109,18,0.14631964887603871
RADBILL_4X4_028,13,130first_DTend_PP,PP,B2,DT5_PP,40,41.582434254888739,33.764705882352942,11.637919765601936,0.13597226022866399,1.5824342548887387,18,-0.17823455314299902
RADBILL_4X4_028,13,130first_DTend_QT,QT,B1,DTend_QT,370,376.47406393830079,374.11764705882354,32.124527920541446,0.20153024362923214,6.4740639383007874,18,0
RADBILL_4X4_028,13,130last_DTend_PP,PP,B1,DTend_QT,39,36.309734513274336,37.375,11.206396982676159,0.24006516018346619,2.6902654867256643,18,0.14800790289451862
RADBILL_4X4_028,13,130last_DTend_QT,QT,B2,DT5_PP,375,359.95251661918331,371.875,33.159965822258222,0.45378464686824999,15.047483380816686,18,0.33471745161182304
RADBILL_4X4_028,14,110_DTend_PP,PP,B2,DT5_PP,30,33.760883981861525,44.277777777777779,12.460788170499704,0.30181750386907552,3.7608839818615252,18,0.21445590309918053
RADBILL_4X4_028,14,110_DTend_QT,QT,B1,DTend_QT,395,396.75973721257623,391.47058823529414,36.433359794045252,0.048300162887086842,1.7597372125762263,18,0
RADBILL_4X4_028,14,120_DTend_PP,PP,B1,DTend_QT,30,39.398308247294437,40.176470588235297,11.148067624691997,0.84304370620052616,9.3983082472944375,18,0.65320083322790135
RADBILL_4X4_028,14,120_DTend_QT,QT,B2,DT5_PP,385,412.74804617764909,389.0625,26.908409466187333,1.0312035058228479,27.748046177649087,18,0.91198558601971058
RADBILL_4X4_028,14,130first_DTend_PP,PP,B2,DT5_PP,28,24.458275623268694,34.470588235294116,11.63033558769277,0.30452469320654529,3.541724376731306,18,-0.04385920677727273
RADBILL_4X4_028,14,130first_DTend_QT,QT,B1,DTend_QT,365,376.7931334743127,374.41176470588238,32.058654883528355,0.3678611444291125,11.793133474312697,18,0
RADBILL_4X4_028,14,130last_DTend_PP,PP,B1,DTend_QT,28,37.043567052416606,38.0625,10.926840043367219,0.82764706141243527,9.0435670524166056,18,0.61990968083532838
RADBILL_4X4_028,14,130last_DTend_QT,QT,B2,DT5_PP,345,402.72979727853374,373.75,32.377976053690155,1.7829958606061236,57.729797278533738,18,0.91657056896299405
RADBILL_4X4_028,15,110_DTend_PP,PP,B2,DT5_PP,43,48.791037951531777,43.555555555555557,12.907919239171251,0.44864225164640781,5.7910379515317771,18,0.38617145196530911
RADBILL_4X4_028,15,110_DTend_QT,QT,B1,DTend_QT,330,322.83185840707966,395.29411764705884,32.809611217374922,0.21847688305200996,7.1681415929203354,18,0
RADBILL_4X4_028,16,110_DTend_PP,PP,B2,DT5_PP,36,56.34790652560487,43.944444444444443,12.771623979939562,1.5932121519992604,20.34790652560487,18,0
RADBILL_4X4_028,16,110_DTend_QT,QT,B1,DTend_QT,345,351.48026315789474,394.41176470588238,34.409407913260821,0.18832823785373398,6.4802631578947398,18,0
RADBILL_4X4_028,16,120_DTend_PP,PP,B1,DTend_QT,35,38.736078886310906,39.882352941176471,11.357169282776718,0.32896215538291873,3.7360788863109065,18,-1.1382059146068715
RADBILL_4X4_028,16,120_DTend_QT,QT,B2,DT5_PP,330,382.30538922155688,392.5,21.908902300206645,2.3874034629778569,52.305389221556879,18,1.0561663183194117
RADBILL_4X4_028,16,130first_DTend_PP,PP,B2,DT5_PP,29,46.190692792162345,34.411764705882355,11.662219040181695,1.4740498984740831,17.190692792162345,18,0
RADBILL_4X4_028,16,130first_DTend_QT,QT,B1,DTend_QT,310,337.47389791183298,377.64705882352939,27.620058780871986,0.99470816227443259,27.473897911832978,18,0
RADBILL_4X4_028,16,130last_DTend_PP,PP,B1,DTend_QT,41,37.012131715771233,37.25,11.17437544861755,0.35687616749284462,3.9878682842287674,18,-0.18000002515692964
RADBILL_4X4_028,16,130last_DTend_QT,QT,B2,DT5_PP,310,365.6188864507011,375.9375,28.764489102595466,1.9335954917302014,55.618886450701098,18,1.3295746789604936
RADBILL_4X4_028,17,110_DTend_PP,PP,B2,DT5_PP,67,47.687236215112321,42.222222222222221,11.507315093174201,1.6783032035286354,19.312763784887679,18,-0.1272259185955289
RADBILL_4X4_028,17,110_DTend_QT,QT,B1,DTend_QT,385,386.49433891644054,392.05882352941177,36.403074369198706,0.041049799840667506,1.4943389164405403,18,0
RADBILL_4X4_028,17,120_DTend_PP,PP,B1,DTend_QT,53,37.705845693630813,38.823529411764703,10.887121371818443,1.4047932216461227,15.294154306369187,18,0.46669584401582542
RADBILL_4X4_028,17,120_DTend_QT,QT,B2,DT5_PP,390,381.17610837438423,388.75,26.92582403567252,0.32771110789127533,8.8238916256157722,18,-0.076670802083974032
RADBILL_4X4_028,17,130first_DTend_PP,PP,B2,DT5_PP,49,38.724058162590879,33.235294117647058,11.093519570929157,0.92630132138924437,10.275941837409121,18,-0.20879523234110775
RADBILL_4X4_028,17,130first_DTend_QT,QT,B1,DTend_QT,370,366.08064315094106,374.11764705882354,32.124527920541446,0.12200511891577966,3.9193568490589428,18,0
RADBILL_4X4_028,17,130last_DTend_PP,PP,B1,DTend_QT,58,35.200687285223367,36.1875,9.792641795416257,2.3282085867215669,22.799312714776633,18,0.18114407764511764
RADBILL_4X4_028,17,130last_DTend_QT,QT,B2,DT5_PP,380,363.5960591133005,371.5625,33.101800051759525,0.4955603882885381,16.403940886699502,18,-0.13822331563374457
RADBILL_4X4_028,18,110_DTend_PP,PP,B2,DT5_PP,58,54.055555555555557,42.722222222222221,12.394522298440386,0.31824094139882875,3.9444444444444429,18,0
RADBILL_4X4_028,18,110_DTend_QT,QT,B1,DTend_QT,380,381.36875704093126,392.35294117647061,36.319659236546038,0.037686395459183404,1.3687570409312571,18,0
RADBILL_4X4_028,18,120_DTend_PP,PP,B1,DTend_QT,55,37.346810647915618,38.705882352941174,10.710769731223527,1.6481718676691035,17.653189352084382,18,1.1231729748128356
RADBILL_4X4_028,18,120_DTend_QT,QT,B2,DT5_PP,355,376.83979406420349,390.9375,25.378386473532945,0.86056669075396708,21.839794064203488,18,-0.035138242446157819
RADBILL_4X4_028,18,130first_DTend_PP,PP,B2,DT5_PP,41,45.19426751592357,33.705882352941174,11.601533874246721,0.36152698094810337,4.1942675159235705,18,0
RADBILL_4X4_028,18,130first_DTend_QT,QT,B1,DTend_QT,355,361.9173782019086,375,31.770662567847086,0.2177284841679446,6.9173782019086048,18,0
RADBILL_4X4_028,18,130last_DTend_PP,PP,B1,DTend_QT,45,36.277158774373255,37,11.033282980751165,0.79059344719470603,8.7228412256267447,18,0.60314783155115459
RADBILL_4X4_028,18,130last_DTend_QT,QT,B2,DT5_PP,350,357.12295578437312,373.4375,32.645507603139926,0.21819099494375804,7.1229557843731186,18,0.04668544318651191
RADBILL_4X4_029,1,110_DTend_PP,PP,B2,DTend_PP,39,54.426783114992723,43.777777777777779,12.859217593780077,1.1996673205416917,15.426783114992723,18,0
RADBILL_4X4_029,1,110_DTend_QT,QT,B1,DTend_PP,415,388.28384965556137,390.29411764705884,35.945731154551495,0.74323569131395451,26.716150344438631,18,0.51326309649901836
RADBILL_4X4_029,1,120_DTend_PP,PP,B1,DTend_PP,34,50.000000000000007,39.941176470588232,11.327348477442184,1.4125106181612723,16.000000000000007,18,0
RADBILL_4X4_029,1,120_DTend_QT,QT,B2,DTend_PP,400,377.7041793398671,388.125,26.762847382145271,0.83308851041789644,22.295820660132904,18,0.47676281059932002
RADBILL_4X4_029,1,130first_DTend_PP,PP,B1,DTend_PP,25,43.335490370829625,34.647058823529413,11.499680302461609,1.5944347919745865,18.335490370829625,18,0
RADBILL_4X4_029,1,130first_DTend_QT,QT,B2,DTend_PP,405,361.52884876196379,372.05882352941177,31.127701867137763,1.3965422639802947,43.471151238036214,18,1.2310630134387175
RADBILL_4X4_029,1,130last_DTend_PP,PP,B2,DTend_PP,35,42.005069280162218,37.625,11.194492693582262,0.62576031553249245,7.0050692801622176,18,0
RADBILL_4X4_029,1,130last_DTend_QT,QT,B1,DTend_PP,395,357.93680297397771,370.625,32.602402774437756,1.1368240949124788,37.063197026022294,18,1.0224765147388593
RADBILL_4X4_029,2,110_DTend_PP,PP,B2,DT5_PP,63,44.636021730045968,42.444444444444443,11.961812877664549,1.5352169823893329,18.363978269954032,18,0
RADBILL_4X4_029,2,110_DTend_QT,QT,B1,DT5_PP,410,390.51104972375691,390.58823529411762,36.136994243312166,0.53930745166637339,19.488950276243088,18,0.44623906936916807
RADBILL_4X4_029,2,120_DTend_PP,PP,B1,DT5_PP,60,40.703823720025923,38.411764705882355,10.143093854499053,1.9023955172627234,19.296176279974077,18,0
RADBILL_4X4_029,2,120_DTend_QT,QT,B2,DT5_PP,395,386.85916953859538,388.4375,26.87742237145023,0.3028873211462414,8.1408304614046187,18,0.25769401672252856
RADBILL_4X4_029,2,130first_DTend_PP,PP,B1,DT5_PP,53,35.288723266364222,33,10.682930309610748,1.6579043596027276,17.711276733635778,18,0
RADBILL_4X4_029,2,130first_DTend_QT,QT,B2,DT5_PP,380,371.150356448477,373.52941176470586,32.101630891316923,0.27567582411885239,8.8496435515230019,18,0.078931218641648926
RADBILL_4X4_029,2,130last_DTend_PP,PP,B2,DT5_PP,49,37.664436042426473,36.75,10.785793124908958,1.0509717575979569,11.335563957573527,18,0
RADBILL_4X4_029,2,130last_DTend_QT,QT,B1,DT5_PP,370,370.57165322715559,372.1875,33.164677494788535,0.017236809471324496,0.57165322715559341,18,-0.37603489215635716
RADBILL_4X4_029,3,110_DTend_PP,PP,B2,DTend_QT,48,41.514972952086552,43.277777777777779,12.860361149240285,0.5042647692904445,6.485027047913448,18,0.44592975730349915
RADBILL_4X4_029,3,110_DTend_QT,QT,B1,DTend_QT,365,348.125,393.23529411764707,35.791984807643573,0.47147427254149515,16.875,18,0
RADBILL_4X4_029,3,120_DTend_PP,PP,B1,DTend_QT,46,36.094547563805101,39.235294117647058,11.300052056100814,0.87658467297476028,9.9054524361948992,18,0.72797455905205466
RADBILL_4X4_029,3,120_DTend_QT,QT,B2,DTend_QT,390,337.69280762564995,388.75,26.92582403567252,1.9426403554094083,52.307192374350052,18,0
RADBILL_4X4_029,3,130first_DTend_PP,PP,B1,DTend_QT,39,28.675754060324824,33.823529411764703,11.668522261396509,0.88479463880626408,10.324245939675176,18,0.801598027504695
RADBILL_4X4_029,3,130first_DTend_QT,QT,B2,DTend_QT,335,331.47041763341065,376.1764705882353,30.543483949358261,0.11555925880758966,3.5295823665893522,18,0
RADBILL_4X4_029,3,130last_DTend_PP,PP,B2,DTend_QT,32,40.233102253032925,37.8125,11.118865349785771,0.74046244774351488,8.233102253032925,18,0.04796985418642119
RADBILL_4X4_029,3,130last_DTend_QT,QT,B1,DTend_QT,345,314.84835355285963,373.75,32.377976053690155,0.93123938312703602,30.151646447140365,18,0
RADBILL_4X4_029,4,110_DTend_PP,PP,B2,DTend_QT,26,45.400405718701698,44.5,12.147379286472114,1.5970856973492951,19.400405718701698,18,0.80053806943974104
RADBILL_4X4_029,4,110_DTend_QT,QT,B1,DTend_QT,460,421.97167196961919,387.64705882352939,31.923622085515664,1.1912284868086744,38.028328030380806,18,0
RADBILL_4X4_029,4,120_DTend_PP,PP,B1,DTend_QT,28,41.387842112501716,40.294117647058826,11.021369617034631,1.2147167346433481,13.387842112501716,18,0.84820793399048888
RADBILL_4X4_029,4,120_DTend_QT,QT,B2,DTend_QT,445,406.22251705837755,385.3125,22.395591083961147,1.7314784323506147,38.777482941622452,18,0
RADBILL_4X4_029,4,130first_DTend_PP,PP,B1,DTend_QT,25,37.411910328703065,34.647058823529413,11.499680302461609,1.079326555369212,12.411910328703065,18,0.96733219080451871
RADBILL_4X4_029,4,130first_DTend_QT,QT,B2,DTend_QT,430,401.03493329665793,370.58823529411762,28.716412605706452,1.0086589540639979,28.965066703342075,18,0
RADBILL_4X4_029,4,130last_DTend_PP,PP,B2,DTend_QT,30,36.44048521607278,37.9375,11.036114956511343,0.58358265036672829,6.4404852160727799,18,0.36792353160430891
RADBILL_4X4_029,4,130last_DTend_QT,QT,B1,DTend_QT,435,397.73692191053829,368.125,28.628365886535217,1.3016138691656047,37.263078089461715,18,0
RADBILL_4X4_029,5,110_DTend_PP,PP,B2,DT5_PP,37,43.965104652712974,43.888888888888886,12.805738092924404,0.54390497464268972,6.9651046527129736,18,0
RADBILL_4X4_029,5,110_DTend_QT,QT,B1,DTend_QT,385,391.93862275449101,392.05882352941177,36.403074369198706,0.19060540557975236,6.9386227544910071,18,0
RADBILL_4X4_029,5,120_DTend_PP,PP,B1,DTend_QT,33,39.102882703777333,40,11.291589790636214,0.54048037671703897,6.1028827037773326,18,-0.10946604154117945
RADBILL_4X4_029,5,120_DTend_QT,QT,B2,DT5_PP,385,390.9828602035351,389.0625,26.908409466187333,0.22234165163322125,5.9828602035350968,18,0.18057752295099824
RADBILL_4X4_029,5,130first_DTend_PP,PP,B1,DTend_QT,26,33.732107355864812,34.588235294117645,11.549127800019207,0.66949708148973408,7.7321073558648123,18,-0.10336820348346842
RADBILL_4X4_029,5,130first_DTend_QT,QT,B2,DT5_PP,375,373.4885409941898,373.8235294117647,32.138830279969831,0.047029060878802278,1.5114590058101953,18,-0.078467111933712683
RADBILL_4X4_029,5,130last_DTend_PP,PP,B2,DT5_PP,29,36.88457418318157,38,10.984838035522721,0.7177688153147519,7.8845741831815701,18,0
RADBILL_4X4_029,5,130last_DTend_QT,QT,B1,DTend_QT,375,365.28308321964528,371.875,33.159965822258222,0.29303156801905872,9.7169167803547225,18,0
RADBILL_4X4_029,6,110_DTend_PP,PP,B2,DT5_PP,24,13.290174256845795,44.611111111111114,11.95648428008289,0.89573368661510577,10.709825743154205,18,0.66272104030959866
RADBILL_4X4_029,6,110_DTend_QT,QT,B1,DTend_QT,335,341.58723218189766,395,33.400973039718465,0.19721677491444678,6.5872321818976616,18,0
RADBILL_4X4_029,6,120_DTend_PP,PP,B1,DTend_QT,18,45.055839183152514,40.882352941176471,9.9742315051159238,2.7125738127569221,27.055839183152514,18,2.4180056999480199
RADBILL_4X4_029,6,130first_DTend_PP,PP,B1,DTend_QT,5,39.143267389917035,35.823529411764703,9.0362830724090255,3.7784636798473623,34.143267389917035,18,1.7482625126262841
RADBILL_4X4_029,6,130first_DTend_QT,QT,B2,DT5_PP,360,428.68629671574178,374.70588235294116,31.940892101431579,2.1504188579837216,68.686296715741776,18,0.54391962985474684
RADBILL_4X4_029,7,110_DTend_PP,PP,B2,DT5_QT,31,44.400628001477649,44.222222222222221,12.525529485370624,1.0698651914978212,13.400628001477649,18,0.34693108721517074
RADBILL_4X4_029,7,110_DTend_QT,QT,B1,DTend_QT,385,391.93862275449101,392.05882352941177,36.403074369198706,0.19060540557975236,6.9386227544910071,18,0
RADBILL_4X4_029,7,120_DTend_PP,PP,B1,DTend_QT,30,39.290755467196817,40.176470588235297,11.148067624691997,0.83339604494491981,9.2907554671968171,18,0.24868341800587535
RADBILL_4X4_029,7,120_DTend_QT,QT,B2,DT5_QT,390,377.82814140707035,388.75,26.92582403567252,0.45205147953146529,12.171858592929652,18,0.21182555261961072
RADBILL_4X4_029,7,130first_DTend_PP,PP,B1,DTend_QT,38,32.980616302186881,33.882352941176471,11.693386768496415,0.42924977999838554,5.0193836978131188,18,-0.24646562401310357
RADBILL_4X4_029,7,130first_DTend_QT,QT,B2,DT5_QT,390,360.86612458254683,372.94117647058823,31.871755890277083,0.91409696779024519,29.133875417453169,18,0.28743980824549897
RADBILL_4X4_029,7,130last_DTend_PP,PP,B2,DT5_QT,33,38.033251662583126,37.75,11.150485789118488,0.45139303863289659,5.0332516625831261,18,0.40638450975046231
RADBILL_4X4_029,7,130last_DTend_QT,QT,B1,DTend_QT,395,363.90518417462482,370.625,32.602402774437756,0.95375840978675919,31.094815825375179,18,0
RADBILL_4X4_029,8,110_DTend_PP,PP,B2,DTend_PP,44,32.774790877243149,43.5,12.908045826492232,0.86962885580390814,11.225209122756851,18,0
RADBILL_4X4_029,8,110_DTend_QT,QT,B1,DT5_PP,430,389.23973185784212,389.41176470588238,35.083932974243019,1.1617930114073061,40.760268142157884,18,0.69408168873392784
RADBILL_4X4_029,8,120_DTend_PP,PP,B1,DT5_PP,36,37.460952689565779,39.823529411764703,11.381098882124954,0.12836657555627934,1.4609526895657794,18,-0.37205652072192102
RADBILL_4X4_029,8,120_DTend_QT,QT,B2,DTend_PP,420,391.1862464183381,386.875,25.617376914898998,1.1247737688905961,28.813753581661899,18,0.88054103056377431
RADBILL_4X4_029,8,130first_DTend_PP,PP,B1,DT5_PP,38,31.497893713545039,33.882352941176471,11.693386768496415,0.55604987803640649,6.5021062864549606,18,-0.51382068915044665
RADBILL_4X4_029,8,130first_DTend_QT,QT,B2,DTend_PP,420,372.17249240121578,371.1764705882353,29.871046378804774,1.6011326483936161,47.827507598784223,18,1.6003514435005615
RADBILL_4X4_029,8,130last_DTend_PP,PP,B2,DTend_PP,40,29.946131805157592,37.3125,11.193562137824284,0.89818308694327753,10.053868194842408,18,0
RADBILL_4X4_029,8,130last_DTend_QT,QT,B1,DT5_PP,415,375.40441176470586,369.375,31.138133106102128,1.2716108605603786,39.595588235294144,18,1.0588774993232626
RADBILL_4X4_029,10,110_DTend_PP,PP,B2,DT5_QT,32,44.940622598001539,44.166666666666664,12.585005083081073,1.028257240467749,12.940622598001539,18,0.61102228516059021
RADBILL_4X4_029,10,110_DTend_QT,QT,B1,DTend_QT,425,427.78045776454894,389.70588235294116,35.420270866204483,0.078499054257709186,2.7804577645489417,18,0
RADBILL_4X4_029,10,120_DTend_PP,PP,B1,DTend_QT,33,40.506945399532384,40,11.291589790636214,0.66482625907626181,7.506945399532384,18,0.60688076026335935
RADBILL_4X4_029,10,120_DTend_QT,QT,B2,DT5_QT,405,406.60256410256409,387.8125,26.581243387020105,0.060289282906405971,1.602564102564088,18,-0.26864063429883517
RADBILL_4X4_029,10,130first_DTend_PP,PP,B1,DTend_QT,22,37.940448356484666,34.823529411764703,11.315008252966759,1.4087880450555685,15.940448356484666,18,0.73403008498998734
RADBILL_4X4_029,10,130first_DTend_QT,QT,B2,DT5_QT,405,396.9464392579294,372.05882352941177,31.127701867137763,0.25872648024083439,8.0535607420706015,18,0.24460989484753604
RADBILL_4X4_029,10,130last_DTend_PP,PP,B2,DT5_QT,23,39.009615384615387,38.375,10.531698185319719,1.5201361739487951,16.009615384615387,18,0.47374688137566423
RADBILL_4X4_029,10,130last_DTend_QT,QT,B1,DTend_QT,395,405.25777103866562,370.625,32.602402774437756,0.31463236343759093,10.257771038665624,18,0
RADBILL_4X4_029,11,110_DTend_PP,PP,B2,DTend_QT,50,42.029522613065325,43.166666666666664,12.807396759869114,0.62233391659337722,7.9704773869346752,18,0.20290631974535711
RADBILL_4X4_029,11,110_DTend_QT,QT,B1,DTend_QT,410,406.63678840469152,390.58823529411762,36.136994243312166,0.093068382297205335,3.3632115953084849,18,0
RADBILL_4X4_029,11,120_DTend_PP,PP,B1,DTend_QT,45,38.538956939007448,39.294117647058826,11.334486677185435,0.57003402491950783,6.4610430609925515,18,0.065087325800673002
RADBILL_4X4_029,11,120_DTend_QT,QT,B2,DTend_QT,390,396.61440385940733,388.75,26.92582403567252,0.24565279230244833,6.6144038594073322,18,0
RADBILL_4X4_029,11,130first_DTend_PP,PP,B1,DTend_QT,39,33.872458643768148,33.823529411764703,11.668522261396509,0.43943365246818999,5.1275413562318519,18,0.073767484836913422
RADBILL_4X4_029,11,130first_DTend_QT,QT,B2,DTend_QT,375,386.71549438060362,373.8235294117647,32.138830279969831,0.36452771549390106,11.715494380603616,18,0
RADBILL_4X4_029,11,130last_DTend_PP,PP,B2,DTend_QT,48,35.176430048242594,36.8125,10.857984773121268,1.1810267024413137,12.823569951757406,18,0.5410217133030335
RADBILL_4X4_029,11,130last_DTend_QT,QT,B1,DTend_QT,370,383.04272915230877,372.1875,33.164677494788535,0.39327170162768166,13.042729152308766,18,0
RADBILL_4X4_029,12,110_DTend_PP,PP,B2,DT5_PP,47,44.132233058264568,43.333333333333336,12.87953232618236,0.2226607976988145,2.8677669417354323,18,-0.0047596518060090964
RADBILL_4X4_029,12,120_DTend_PP,PP,B1,DT5_PP,41,40.544089147286826,39.529411764705884,11.413356468732278,0.039945379254750793,0.45591085271317411,18,-0.37993468634389976
RADBILL_4X4_029,12,120_DTend_QT,QT,B2,DT5_PP,380,390.12821370064523,389.375,26.825050481468498,0.3775655038428386,10.128213700645233,18,0.37314587745246841
RADBILL_4X4_029,12,130first_DTend_PP,PP,B1,DT5_PP,33,35.188953488372093,34.176470588235297,11.732621691877135,0.18656985163747114,2.1889534883720927,18,-0.36247466245043319
RADBILL_4X4_029,12,130first_DTend_QT,QT,B2,DT5_PP,350,374.30717054263567,375.29411764705884,31.54711695599606,0.77050370645726118,24.307170542635674,18,0.2189683034705967
RADBILL_4X4_029,12,130last_DTend_PP,PP,B2,DT5_PP,17,38.31209254120558,38.75,9.8013604497879108,2.1744014670602945,21.31209254120558,18,-0.35959729754277436
RADBILL_4X4_029,12,130last_DTend_QT,QT,B1,DT5_PP,350,374.21634181404835,373.4375,32.645507603139926,0.74179706771412435,24.216341814048349,18,0.39473869003624884
RADBILL_4X4_029,13,110_DTend_PP,PP,B2,DTend_QT,49,42.180678205581067,43.222222222222221,12.836325090541505,0.53125187671070873,6.8193217944189328,18,0.34105257606387329
RADBILL_4X4_029,13,110_DTend_QT,QT,B1,DTend_QT,395,396.75973721257623,391.47058823529414,36.433359794045252,0.048300162887086842,1.7597372125762263,18,0
RADBILL_4X4_029,13,120_DTend_PP,PP,B1,DTend_QT,45,38.441099639258617,39.294117647058826,11.334486677185435,0.57866761394174404,6.5589003607413829,18,0.35574707577344916
RADBILL_4X4_029,13,120_DTend_QT,QT,B2,DTend_QT,385,388.2079646017699,389.0625,26.908409466187333,0.1192179198031373,3.2079646017699019,18,0
RADBILL_4X4_029,13,130first_DTend_PP,PP,B1,DTend_QT,40,33.193307625326533,33.764705882352942,11.637919765601936,0.58487191111180614,6.8066923746734673,18,0.27066509774014313
RADBILL_4X4_029,13,130first_DTend_QT,QT,B2,DTend_QT,370,376.47406393830079,374.11764705882354,32.124527920541446,0.20153024362923214,6.4740639383007874,18,0
RADBILL_4X4_029,13,130last_DTend_PP,PP,B2,DTend_QT,39,36.309734513274336,37.375,11.206396982676159,0.24006516018346619,2.6902654867256643,18,0.14800790289451862
RADBILL_4X4_029,13,130last_DTend_QT,QT,B1,DTend_QT,375,371.05173587474474,371.875,33.159965822258222,0.11906719525642695,3.9482641252552639,18,0
RADBILL_4X4_029,14,110_DTend_PP,PP,B2,DTend_QT,30,43.370275521017305,44.277777777777779,12.460788170499704,1.07298794731707,13.370275521017305,18,0.98562634654717507
RADBILL_4X4_029,14,110_DTend_QT,QT,B1,DT5_PP,395,391.28131405146894,391.47058823529414,36.433359794045252,0.10206815867524935,3.7186859485310606,18,0.053767995788162506
RADBILL_4X4_029,14,120_DTend_PP,PP,B1,DT5_PP,30,30.39127423822714,40.176470588235297,11.148067624691997,0.035097942656941016,0.39127423822714036,18,-0.15474493031568382
RADBILL_4X4_029,14,120_DTend_QT,QT,B2,DTend_QT,385,388.2079646017699,389.0625,26.908409466187333,0.1192179198031373,3.2079646017699019,18,0
RADBILL_4X4_029,14,130first_DTend_PP,PP,B1,DT5_PP,28,24.458275623268694,34.470588235294116,11.63033558769277,0.30452469320654529,3.541724376731306,18,-0.04385920677727273
RADBILL_4X4_029,14,130first_DTend_QT,QT,B2,DTend_QT,365,376.7931334743127,374.41176470588238,32.058654883528355,0.3678611444291125,11.793133474312697,18,0
RADBILL_4X4_029,14,130last_DTend_PP,PP,B2,DTend_QT,28,37.043567052416606,38.0625,10.926840043367219,0.82764706141243527,9.0435670524166056,18,0.61990968083532838
RADBILL_4X4_029,14,130last_DTend_QT,QT,B1,DT5_PP,345,402.72979727853374,373.75,32.377976053690155,1.7829958606061236,57.729797278533738,18,0.91657056896299405
RADBILL_4X4_029,15,110_DTend_PP,PP,B2,DT5_PP,43,48.791037951531777,43.555555555555557,12.907919239171251,0.44864225164640781,5.7910379515317771,18,0.38617145196530911
RADBILL_4X4_029,15,110_DTend_QT,QT,B1,DTend_QT,330,322.83185840707966,395.29411764705884,32.809611217374922,0.21847688305200996,7.1681415929203354,18,0
RADBILL_4X4_029,16,110_DTend_PP,PP,B2,DT5_PP,36,56.34790652560487,43.944444444444443,12.771623979939562,1.5932121519992604,20.34790652560487,18,0
RADBILL_4X4_029,16,110_DTend_QT,QT,B1,DT5_PP,345,398.22983318098721,394.41176470588238,34.409407913260821,1.546955801017236,53.229833180987214,18,1.3586275631635019
RADBILL_4X4_029,16,120_DTend_PP,PP,B1,DT5_PP,35,51.662876137158847,39.882352941176471,11.357169282776718,1.4671680699897902,16.662876137158847,18,0
RADBILL_4X4_029,16,120_DTend_QT,QT,B2,DT5_PP,330,382.30538922155688,392.5,21.908902300206645,2.3874034629778569,52.305389221556879,18,1.0561663183194117
RADBILL_4X4_029,16,130first_DTend_PP,PP,B1,DT5_PP,29,46.190692792162345,34.411764705882355,11.662219040181695,1.4740498984740831,17.190692792162345,18,0
RADBILL_4X4_029,16,130first_DTend_QT,QT,B2,DT5_PP,310,372.08012596221135,377.64705882352939,27.620058780871986,2.2476464099781124,62.080125962211355,18,1.2529382477036797
RADBILL_4X4_029,16,130last_DTend_PP,PP,B2,DT5_PP,41,46.999256146092904,37.25,11.17437544861755,0.53687619264977426,5.9992561460929039,18,0
RADBILL_4X4_029,16,130last_DTend_QT,QT,B1,DT5_PP,310,365.6188864507011,375.9375,28.764489102595466,1.9335954917302014,55.618886450701098,18,1.3295746789604936
RADBILL_4X4_029,17,110_DTend_PP,PP,B2,DT5_PP,67,47.687236215112321,42.222222222222221,11.507315093174201,1.6783032035286354,19.312763784887679,18,-0.1272259185955289
RADBILL_4X4_029,17,110_DTend_QT,QT,B1,DTend_QT,385,386.49433891644054,392.05882352941177,36.403074369198706,0.041049799840667506,1.4943389164405403,18,0
RADBILL_4X4_029,17,120_DTend_PP,PP,B1,DTend_QT,53,37.705845693630813,38.823529411764703,10.887121371818443,1.4047932216461227,15.294154306369187,18,0.46669584401582542
RADBILL_4X4_029,17,120_DTend_QT,QT,B2,DT5_PP,390,381.17610837438423,388.75,26.92582403567252,0.32771110789127533,8.8238916256157722,18,-0.076670802083974032
RADBILL_4X4_029,17,130first_DTend_PP,PP,B1,DTend_QT,49,31.893057459803064,33.235294117647058,11.093519570929157,1.5420662875131264,17.106942540196936,18,0.40696973378277423
RADBILL_4X4_029,17,130first_DTend_QT,QT,B2,DT5_PP,370,368.38730998017184,374.11764705882354,32.124527920541446,0.050201205254037658,1.6126900198281646,18,-0.071803913661741992
RADBILL_4X4_029,17,130last_DTend_PP,PP,B2,DT5_PP,58,40.126847290640399,36.1875,9.792641795416257,1.8251614919403742,17.873152709359601,18,-0.32190301713607505
RADBILL_4X4_029,17,130last_DTend_QT,QT,B1,DTend_QT,380,359.02061855670104,371.5625,33.101800051759525,0.63378370392228267,20.979381443298962,18,0
RADBILL_4X4_029,18,110_DTend_PP,PP,B2,DTend_QT,58,41.55996114447192,42.722222222222221,12.394522298440386,1.3263955205112459,16.44003885552808,18,1.0081545791124171
RADBILL_4X4_029,18,110_DTend_QT,QT,B1,DTend_QT,380,381.36875704093126,392.35294117647061,36.319659236546038,0.037686395459183404,1.3687570409312571,18,0
RADBILL_4X4_029,18,120_DTend_PP,PP,B1,DTend_QT,55,37.346810647915618,38.705882352941174,10.710769731223527,1.6481718676691035,17.653189352084382,18,1.1231729748128356
RADBILL_4X4_029,18,120_DTend_QT,QT,B2,DTend_QT,355,377.73154596100278,390.9375,25.378386473532945,0.8957049332001249,22.73154596100278,18,0
RADBILL_4X4_029,18,130first_DTend_PP,PP,B1,DTend_QT,41,32.007785032646908,33.705882352941174,11.601533874246721,0.77508845509766267,8.9922149673530924,18,0.41356147414955929
RADBILL_4X4_029,18,130first_DTend_QT,QT,B2,DTend_QT,355,361.9173782019086,375,31.770662567847086,0.2177284841679446,6.9173782019086048,18,0
RADBILL_4X4_029,18,130last_DTend_PP,PP,B2,DTend_QT,45,36.277158774373255,37,11.033282980751165,0.79059344719470603,8.7228412256267447,18,0.60314783155115459
RADBILL_4X4_029,18,130last_DTend_QT,QT,B1,DTend_QT,350,355.59888579387189,373.4375,32.645507603139926,0.17150555175724613,5.5988857938718866,18,0
RADBILL_4X4_030,1,110_DTend_PP,PP,B2,DT5_QT,39,44.449718988358086,43.777777777777779,12.859217593780077,0.42379864471646245,5.4497189883580859,18,-0.77586867582522923
RADBILL_4X4_030,1,110_DTend_QT,QT,B1,DTend_PP,415,388.28384965556137,390.29411764705884,35.945731154551495,0.74323569131395451,26.716150344438631,18,0.51326309649901836
RADBILL_4X4_030,1,120_DTend_PP,PP,B1,DTend_PP,34,50.000000000000007,39.941176470588232,11.327348477442184,1.4125106181612723,16.000000000000007,18,0
RADBILL_4X4_030,1,120_DTend_QT,QT,B2,DT5_QT,400,416.89150943396226,388.125,26.762847382145271,0.63115516793745052,16.891509433962256,18,0.2748294681188741
RADBILL_4X4_030,1,130first_DTend_PP,PP,B1,DTend_PP,25,43.335490370829625,34.647058823529413,11.499680302461609,1.5944347919745865,18.335490370829625,18,0
RADBILL_4X4_030,1,130first_DTend_QT,QT,B2,DT5_QT,405,408.16772151898732,372.05882352941177,31.127701867137763,0.10176535140654114,3.1677215189873209,18,-0.063713899135036139
RADBILL_4X4_030,1,130last_DTend_PP,PP,B1,DTend_PP,35,42.005069280162218,37.625,11.194492693582262,0.62576031553249245,7.0050692801622176,18,0
RADBILL_4X4_030,1,130last_DTend_QT,QT,B2,DT5_QT,395,405.09433962264154,370.625,32.602402774437756,0.3096194992890558,10.094339622641542,18,0.1952719191154362
RADBILL_4X4_030,2,110_DTend_PP,PP,B2,DT5_QT,63,41.601748654880858,42.444444444444443,11.961812877664549,1.7888802946478615,21.398251345119142,18,0.25366331225852856
RADBILL_4X4_030,2,110_DTend_QT,QT,B1,DT5_PP,410,390.51104972375691,390.58823529411762,36.136994243312166,0.53930745166637339,19.488950276243088,18,0.44623906936916807
RADBILL_4X4_030,2,120_DTend_PP,PP,B1,DT5_PP,60,40.703823720025923,38.411764705882355,10.143093854499053,1.9023955172627234,19.296176279974077,18,0
RADBILL_4X4_030,2,120_DTend_QT,QT,B2,DT5_QT,395,407.74038461538464,388.4375,26.87742237145023,0.47401809739455331,12.740384615384642,18,0.42882479297084047
RADBILL_4X4_030,2,130first_DTend_PP,PP,B1,DT5_PP,53,35.288723266364222,33,10.682930309610748,1.6579043596027276,17.711276733635778,18,0
RADBILL_4X4_030,2,130first_DTend_QT,QT,B2,DT5_QT,380,399.78904847396768,373.52941176470586,32.101630891316923,0.61644994115611629,19.789048473967682,18,0.41970533567891283
RADBILL_4X4_030,2,130last_DTend_PP,PP,B1,DT5_PP,49,37.664436042426473,36.75,10.785793124908958,1.0509717575979569,11.335563957573527,18,0
RADBILL_4X4_030,2,130last_DTend_QT,QT,B2,DT5_QT,370,396.65865384615387,372.1875,33.164677494788535,0.80382671745693846,26.658653846153868,18,0.4105550158292568
RADBILL_4X4_030,3,110_DTend_PP,PP,B2,DTend_QT,48,41.514972952086552,43.277777777777779,12.860361149240285,0.5042647692904445,6.485027047913448,18,0.44592975730349915
RADBILL_4X4_030,3,110_DTend_QT,QT,B1,DT5_PP,365,393.80680588617184,393.23529411764707,35.791984807643573,0.8048395762623366,28.806805886171844,18,0.33336530372084144
RADBILL_4X4_030,3,120_DTend_PP,PP,B1,DT5_PP,46,44.9628222075347,39.235294117647058,11.300052056100814,0.091785222520752524,1.0371777924653003,18,-0.05682489140195307
RADBILL_4X4_030,3,120_DTend_QT,QT,B2,DTend_QT,390,337.69280762564995,388.75,26.92582403567252,1.9426403554094083,52.307192374350052,18,0
RADBILL_4X4_030,3,130first_DTend_PP,PP,B1,DT5_PP,39,39.565102445472569,33.823529411764703,11.668522261396509,0.048429649685986557,0.5651024454725686,18,-0.03476696161558248
RADBILL_4X4_030,3,130first_DTend_QT,QT,B2,DTend_QT,335,331.47041763341065,376.1764705882353,30.543483949358261,0.11555925880758966,3.5295823665893522,18,0
RADBILL_4X4_030,3,130last_DTend_PP,PP,B1,DT5_PP,32,42.400246305418719,37.8125,11.118865349785771,0.9353693905124143,10.400246305418719,18,0.24287679695532061
RADBILL_4X4_030,3,130last_DTend_QT,QT,B2,DTend_QT,345,314.84835355285963,373.75,32.377976053690155,0.93123938312703602,30.151646447140365,18,0
RADBILL_4X4_030,4,110_DTend_PP,PP,B2,DTend_QT,26,45.400405718701698,44.5,12.147379286472114,1.5970856973492951,19.400405718701698,18,0.80053806943974104
RADBILL_4X4_030,4,110_DTend_QT,QT,B1,DT5_PP,460,383.71647295485025,387.64705882352939,31.923622085515664,2.389563654174474,76.283527045149754,18,1.1983351673657996
RADBILL_4X4_030,4,120_DTend_PP,PP,B1,DT5_PP,28,32.039428959891225,40.294117647058826,11.021369617034631,0.36650880065285923,4.0394289598912252,18,0
RADBILL_4X4_030,4,120_DTend_QT,QT,B2,DTend_QT,445,406.22251705837755,385.3125,22.395591083961147,1.7314784323506147,38.777482941622452,18,0
RADBILL_4X4_030,4,130first_DTend_PP,PP,B1,DT5_PP,25,26.287899388171308,34.647058823529413,11.499680302461609,0.11199436456469329,1.2878993881713079,18,0
RADBILL_4X4_030,4,130first_DTend_QT,QT,B2,DTend_QT,430,401.03493329665793,370.58823529411762,28.716412605706452,1.0086589540639979,28.965066703342075,18,0
RADBILL_4X4_030,4,130last_DTend_PP,PP,B1,DT5_PP,30,27.619961173918007,37.9375,11.036114956511343,0.21565911876241942,2.3800388260819929,18,0
RADBILL_4X4_030,4,130last_DTend_QT,QT,B2,DTend_QT,435,397.73692191053829,368.125,28.628365886535217,1.3016138691656047,37.263078089461715,18,0
RADBILL_4X4_030,5,110_DTend_PP,PP,B2,DTend_QT,37,42.894190140845069,43.888888888888886,12.805738092924404,0.4602772677431069,5.894190140845069,18,-0.083627706899582821
RADBILL_4X4_030,5,110_DTend_QT,QT,B1,DT5_PP,385,392.05809150603687,392.05882352941177,36.403074369198706,0.19388723695295504,7.0580915060368739,18,0.003281831373202676
RADBILL_4X4_030,5,120_DTend_PP,PP,B1,DT5_PP,33,40.338928340865074,40,11.291589790636214,0.64994641825821842,7.3389283408650741,18,0
RADBILL_4X4_030,5,120_DTend_QT,QT,B2,DTend_QT,385,383.8761937244202,389.0625,26.908409466187333,0.041764128682223012,1.1238062755797955,18,0
RADBILL_4X4_030,5,130first_DTend_PP,PP,B1,DT5_PP,26,34.92591994835378,34.588235294117645,11.549127800019207,0.7728652849732025,8.9259199483537799,18,0
RADBILL_4X4_030,5,130first_DTend_QT,QT,B2,DTend_QT,375,370.96669980119282,373.8235294117647,32.138830279969831,0.12549617281251496,4.0333001988071828,18,0
RADBILL_4X4_030,5,130last_DTend_PP,PP,B1,DT5_PP,29,36.88457418318157,38,10.984838035522721,0.7177688153147519,7.8845741831815701,18,0
RADBILL_4X4_030,5,130last_DTend_QT,QT,B2,DTend_QT,375,365.28308321964528,371.875,33.159965822258222,0.29303156801905872,9.7169167803547225,18,0
RADBILL_4X4_030,6,110_DTend_PP,PP,B2,DTend_QT,24,46.713244353182752,44.611111111111114,11.95648428008289,1.8996591155995974,22.713244353182752,18,1.6666464692940903
RADBILL_4X4_030,6,110_DTend_QT,QT,B1,DT5_PP,335,440.76740506329116,395,33.400973039718465,3.1665965221288257,105.76740506329116,18,2.9693797472143788
RADBILL_4X4_030,6,120_DTend_PP,PP,B1,DT5_PP,18,14.813703284258199,40.882352941176471,9.9742315051159238,0.31945285349628227,3.1862967157418005,18,0.024884740687380003
RADBILL_4X4_030,6,130first_DTend_PP,PP,B1,DT5_PP,5,15.921291053227627,35.823529411764703,9.0362830724090255,1.2086043526651129,10.921291053227627,18,-0.82159681455596534
RADBILL_4X4_030,6,130first_DTend_QT,QT,B2,DTend_QT,360,308.6869814932993,374.70588235294116,31.940892101431579,1.6064992281289747,51.313018506700701,18,0
RADBILL_4X4_030,7,110_DTend_PP,PP,B2,DT5_QT,31,44.400628001477649,44.222222222222221,12.525529485370624,1.0698651914978212,13.400628001477649,18,0.34693108721517074
RADBILL_4X4_030,7,110_DTend_QT,QT,B1,DT5_PP,385,392.16407922912208,392.05882352941177,36.403074369198706,0.19679874167945927,7.1640792291220805,18,0.0061933360997069031
RADBILL_4X4_030,7,120_DTend_PP,PP,B1,DT5_PP,30,36.518415906127771,40.176470588235297,11.148067624691997,0.58471262693904447,6.5184159061277711,18,0
RADBILL_4X4_030,7,120_DTend_QT,QT,B2,DT5_QT,390,377.82814140707035,388.75,26.92582403567252,0.45205147953146529,12.171858592929652,18,0.21182555261961072
RADBILL_4X4_030,7,130first_DTend_PP,PP,B1,DT5_PP,38,30.098598435462844,33.882352941176471,11.693386768496415,0.67571540401148911,7.9014015645371565,18,0
RADBILL_4X4_030,7,130first_DTend_QT,QT,B2,DT5_QT,390,360.86612458254683,372.94117647058823,31.871755890277083,0.91409696779024519,29.133875417453169,18,0.28743980824549897
RADBILL_4X4_030,7,130last_DTend_PP,PP,B1,DT5_PP,33,32.498133038307287,37.75,11.150485789118488,0.045008528882434305,0.50186696169271272,18,0
RADBILL_4X4_030,7,130last_DTend_QT,QT,B2,DT5_QT,395,356.98459922996147,370.625,32.602402774437756,1.1660306460554768,38.015400770038525,18,0.21227223626871761
RADBILL_4X4_030,8,110_DTend_PP,PP,B2,DT5_QT,44,43.682432432432435,43.5,12.908045826492232,0.024602296260507157,0.31756756756756488,18,-0.845026559543401
RADBILL_4X4_030,8,110_DTend_QT,QT,B1,DTend_PP,430,382.3235800344234,389.41176470588238,35.083932974243019,1.3589246108917832,47.676419965576599,18,0.89121328821840495
RADBILL_4X4_030,8,120_DTend_PP,PP,B1,DTend_PP,36,30.304635258358665,39.823529411764703,11.381098882124954,0.50042309627820036,5.6953647416413347,18,0
RADBILL_4X4_030,8,120_DTend_QT,QT,B2,DT5_QT,420,428.35150457915398,386.875,25.617376914898998,0.32600935712105517,8.3515045791539819,18,0.081776618794233397
RADBILL_4X4_030,8,130first_DTend_PP,PP,B1,DTend_PP,38,25.489589665653497,33.882352941176471,11.693386768496415,1.0698705671868531,12.510410334346503,18,0
RADBILL_4X4_030,8,130first_DTend_QT,QT,B2,DT5_QT,420,423.46711360753756,371.1764705882353,29.871046378804774,0.11606937244748387,3.4671136075375557,18,0.11528816755442914
RADBILL_4X4_030,8,130last_DTend_PP,PP,B1,DTend_PP,40,29.946131805157592,37.3125,11.193562137824284,0.89818308694327753,10.053868194842408,18,0
RADBILL_4X4_030,8,130last_DTend_QT,QT,B2,DT5_QT,415,419.06454426515484,369.375,31.138133106102128,0.13053268965435533,4.0645442651548365,18,-0.082200671582760759
RADBILL_4X4_030,10,110_DTend_PP,PP,B2,DT5_QT,32,44.940622598001539,44.166666666666664,12.585005083081073,1.028257240467749,12.940622598001539,18,0.61102228516059021
RADBILL_4X4_030,10,110_DTend_QT,QT,B1,DT5_PP,425,387.49126071267477,389.70588235294116,35.420270866204483,1.0589625197675552,37.508739287325227,18,0.98046346550984598
RADBILL_4X4_030,10,120_DTend_PP,PP,B1,DT5_PP,33,30.731481481481477,40,11.291589790636214,0.2009033768123368,2.2685185185185226,18,0.14295787799943432
RADBILL_4X4_030,10,120_DTend_QT,QT,B2,DT5_QT,405,406.60256410256409,387.8125,26.581243387020105,0.060289282906405971,1.602564102564088,18,-0.26864063429883517
RADBILL_4X4_030,10,130first_DTend_PP,PP,B1,DT5_PP,22,25.958333333333329,34.823529411764703,11.315008252966759,0.34983035317676114,3.9583333333333286,18,-0.32492760688882005
RADBILL_4X4_030,10,130first_DTend_QT,QT,B2,DT5_QT,405,396.9464392579294,372.05882352941177,31.127701867137763,0.25872648024083439,8.0535607420706015,18,0.24460989484753604
RADBILL_4X4_030,10,130last_DTend_PP,PP,B1,DT5_PP,23,28.41652430501631,38.375,10.531698185319719,0.51430682969689334,5.4165243050163099,18,-0.53208246287623751
RADBILL_4X4_030,10,130last_DTend_QT,QT,B2,DT5_QT,395,393.81410256410254,370.625,32.602402774437756,0.03637454098405514,1.1858974358974592,18,-0.27825782245353581
RADBILL_4X4_030,11,110_DTend_PP,PP,B2,DT5_QT,50,43.098052193645991,43.166666666666664,12.807396759869114,0.53890325534230921,6.9019478063540092,18,0.11947565849428909
RADBILL_4X4_030,11,110_DTend_QT,QT,B1,DT5_PP,410,389.87899693385896,390.58823529411762,36.136994243312166,0.55679791547313917,20.121003066141043,18,0.46372953317593385
RADBILL_4X4_030,11,120_DTend_PP,PP,B1,DT5_PP,45,46.450803212851412,39.294117647058826,11.334486677185435,0.12799902229111562,1.4508032128514117,18,-0.37694767682771924
RADBILL_4X4_030,11,120_DTend_QT,QT,B2,DT5_QT,390,403.6570031435557,388.75,26.92582403567252,0.50720836344552722,13.657003143555698,18,0.26155557114307892
RADBILL_4X4_030,11,130first_DTend_PP,PP,B1,DT5_PP,39,40.96987951807229,33.823529411764703,11.668522261396509,0.16881996485444686,1.9698795180722897,18,-0.19684620277682971
RADBILL_4X4_030,11,130first_DTend_QT,QT,B2,DT5_QT,375,394.45194424064562,373.8235294117647,32.138830279969831,0.60524742410332288,19.451944240645616,18,0.24071970860942182
RADBILL_4X4_030,11,130last_DTend_PP,PP,B1,DT5_PP,48,42.305164972852566,36.8125,10.857984773121268,0.5244836077910966,5.6948350271474339,18,-0.11552138134718359
RADBILL_4X4_030,11,130last_DTend_QT,QT,B2,DT5_QT,370,390.89329374781698,372.1875,33.164677494788535,0.62998633866106901,20.893293747816983,18,0.23671463703338735
RADBILL_4X4_030,12,110_DTend_PP,PP,B2,DT5_QT,47,43.395457888929755,43.333333333333336,12.87953232618236,0.27986591591860016,3.6045421110702449,18,0.052445466413776565
RADBILL_4X4_030,12,120_DTend_PP,PP,B1,DTend_PP,41,45.792240862792092,39.529411764705884,11.413356468732278,0.41988006559865054,4.7922408627920916,18,0
RADBILL_4X4_030,12,120_DTend_QT,QT,B2,DT5_QT,380,383.04089026915113,389.375,26.825050481468498,0.11336009493260291,3.0408902691511344,18,0.10894046854223269
RADBILL_4X4_030,12,130first_DTend_PP,PP,B1,DTend_PP,33,39.441731575793888,34.176470588235297,11.732621691877135,0.54904451408790433,6.441731575793888,18,0
RADBILL_4X4_030,12,130first_DTend_QT,QT,B2,DT5_QT,350,369.25862068965517,375.29411764705884,31.54711695599606,0.61047165471628773,19.258620689655174,18,0.058936251729623246
RADBILL_4X4_030,12,130last_DTend_PP,PP,B1,DTend_PP,17,41.836635271191945,38.75,9.8013604497879108,2.5339987646030688,24.836635271191945,18,0
RADBILL_4X4_030,12,130last_DTend_QT,QT,B2,DT5_QT,350,366.27587991718428,373.4375,32.645507603139926,0.49856415513719349,16.275879917184284,18,0.15150577745931798
RADBILL_4X4_030,13,110_DTend_PP,PP,B2,DTend_QT,49,42.180678205581067,43.222222222222221,12.836325090541505,0.53125187671070873,6.8193217944189328,18,0.34105257606387329
RADBILL_4X4_030,13,110_DTend_QT,QT,B1,DT5_PP,395,391.26957432730478,391.47058823529414,36.433359794045252,0.1023903832581734,3.730425672695219,18,0.054090220371086559
RADBILL_4X4_030,13,120_DTend_PP,PP,B1,DT5_PP,45,47.168408631153071,39.294117647058826,11.334486677185435,0.19131070448190135,2.1684086311530706,18,-0.031609833686393529
RADBILL_4X4_030,13,120_DTend_QT,QT,B2,DTend_QT,385,388.2079646017699,389.0625,26.908409466187333,0.1192179198031373,3.2079646017699019,18,0
RADBILL_4X4_030,13,130first_DTend_PP,PP,B1,DT5_PP,40,41.582434254888739,33.764705882352942,11.637919765601936,0.13597226022866399,1.5824342548887387,18,-0.17823455314299902
RADBILL_4X4_030,13,130first_DTend_QT,QT,B2,DTend_QT,370,376.47406393830079,374.11764705882354,32.124527920541446,0.20153024362923214,6.4740639383007874,18,0
RADBILL_4X4_030,13,130last_DTend_PP,PP,B1,DT5_PP,39,44.027962435369837,37.375,11.206396982676159,0.44866895605630486,5.0279624353698367,18,0.35661169876735732
RADBILL_4X4_030,13,130last_DTend_QT,QT,B2,DTend_QT,375,371.05173587474474,371.875,33.159965822258222,0.11906719525642695,3.9482641252552639,18,0
RADBILL_4X4_030,14,110_DTend_PP,PP,B2,DTend_QT,30,43.370275521017305,44.277777777777779,12.460788170499704,1.07298794731707,13.370275521017305,18,0.98562634654717507
RADBILL_4X4_030,14,110_DTend_QT,QT,B1,DT5_PP,395,391.28131405146894,391.47058823529414,36.433359794045252,0.10206815867524935,3.7186859485310606,18,0.053767995788162506
RADBILL_4X4_030,14,120_DTend_PP,PP,B1,DT5_PP,30,30.39127423822714,40.176470588235297,11.148067624691997,0.035097942656941016,0.39127423822714036,18,-0.15474493031568382
RADBILL_4X4_030,14,120_DTend_QT,QT,B2,DTend_QT,385,388.2079646017699,389.0625,26.908409466187333,0.1192179198031373,3.2079646017699019,18,0
RADBILL_4X4_030,14,130first_DTend_PP,PP,B1,DT5_PP,28,24.458275623268694,34.470588235294116,11.63033558769277,0.30452469320654529,3.541724376731306,18,-0.04385920677727273
RADBILL_4X4_030,14,130first_DTend_QT,QT,B2,DTend_QT,365,376.7931334743127,374.41176470588238,32.058654883528355,0.3678611444291125,11.793133474312697,18,0
RADBILL_4X4_030,14,130last_DTend_PP,PP,B1,DT5_PP,28,26.416550958067202,38.0625,10.926840043367219,0.14491372031148012,1.5834490419327985,18,-0.062823660265626802
RADBILL_4X4_030,14,130last_DTend_QT,QT,B2,DTend_QT,345,373.05309734513276,373.75,32.377976053690155,0.86642529164312954,28.053097345132755,18,0
RADBILL_4X4_030,15,110_DTend_PP,PP,B2,DTend_QT,43,42.058933582787652,43.555555555555557,12.907919239171251,0.072906128383304666,0.94106641721234752,18,0.010435328702205982
RADBILL_4X4_030,15,110_DTend_QT,QT,B1,DT5_PP,330,396.34259259259261,395.29411764705884,32.809611217374922,2.0220475077577174,66.342592592592609,18,1.8035706247057073
RADBILL_4X4_030,16,110_DTend_PP,PP,B2,DT5_QT,36,44.624800955414017,43.944444444444443,12.771623979939562,0.67530965278660127,8.6248009554140168,18,-0.9179024992126591
RADBILL_4X4_030,16,110_DTend_QT,QT,B1,DT5_PP,345,398.22983318098721,394.41176470588238,34.409407913260821,1.546955801017236,53.229833180987214,18,1.3586275631635019
RADBILL_4X4_030,16,120_DTend_PP,PP,B1,DT5_PP,35,51.662876137158847,39.882352941176471,11.357169282776718,1.4671680699897902,16.662876137158847,18,0
RADBILL_4X4_030,16,120_DTend_QT,QT,B2,DT5_QT,330,367.85758706467664,392.5,21.908902300206645,1.7279545340032652,37.857587064676636,18,0.39671738934481993
RADBILL_4X4_030,16,130first_DTend_PP,PP,B1,DT5_PP,29,46.190692792162345,34.411764705882355,11.662219040181695,1.4740498984740831,17.190692792162345,18,0
RADBILL_4X4_030,16,130first_DTend_QT,QT,B2,DT5_QT,310,344.97172322022618,377.64705882352939,27.620058780871986,1.2661712090361488,34.971723220226181,18,0.27146304676171618
RADBILL_4X4_030,16,130last_DTend_PP,PP,B1,DT5_PP,41,46.999256146092904,37.25,11.17437544861755,0.53687619264977426,5.9992561460929039,18,0
RADBILL_4X4_030,16,130last_DTend_QT,QT,B2,DT5_QT,310,344.0080845771144,375.9375,28.764489102595466,1.1822940590328719,34.008084577114403,18,0.57827324626316423
RADBILL_4X4_030,17,110_DTend_PP,PP,B2,DTend_QT,67,41.09788732394366,42.222222222222221,11.507315093174201,2.2509258212126917,25.90211267605634,18,0.44539669908852741
RADBILL_4X4_030,17,110_DTend_QT,QT,B1,DT5_PP,385,392.17187838130275,392.05882352941177,36.403074369198706,0.19701298600678085,7.1718783813027471,18,0.15596318616611335
RADBILL_4X4_030,17,120_DTend_PP,PP,B1,DT5_PP,53,44.374091209517516,38.823529411764703,10.887121371818443,0.79230390622913793,8.6259087904824838,18,-0.14579347140115939
RADBILL_4X4_030,17,120_DTend_QT,QT,B2,DTend_QT,390,379.11168384879727,388.75,26.92582403567252,0.40438190997524937,10.88831615120273,18,0
RADBILL_4X4_030,17,130first_DTend_PP,PP,B1,DT5_PP,49,38.724058162590879,33.235294117647058,11.093519570929157,0.92630132138924437,10.275941837409121,18,-0.20879523234110775
RADBILL_4X4_030,17,130first_DTend_QT,QT,B2,DTend_QT,370,366.08064315094106,374.11764705882354,32.124527920541446,0.12200511891577966,3.9193568490589428,18,0
RADBILL_4X4_030,17,130last_DTend_PP,PP,B1,DT5_PP,58,40.126847290640399,36.1875,9.792641795416257,1.8251614919403742,17.873152709359601,18,-0.32190301713607505
RADBILL_4X4_030,17,130last_DTend_QT,QT,B2,DTend_QT,380,359.02061855670104,371.5625,33.101800051759525,0.63378370392228267,20.979381443298962,18,0
RADBILL_4X4_030,18,110_DTend_PP,PP,B2,DTend_QT,58,41.55996114447192,42.722222222222221,12.394522298440386,1.3263955205112459,16.44003885552808,18,1.0081545791124171
RADBILL_4X4_030,18,110_DTend_QT,QT,B1,DT5_PP,380,393.38761838761837,392.35294117647061,36.319659236546038,0.36860528620123484,13.387618387618375,18,0.33091889074205144
RADBILL_4X4_030,18,120_DTend_PP,PP,B1,DT5_PP,55,49.376857749469224,38.705882352941174,10.710769731223527,0.52499889285626777,5.6231422505307762,18,0
RADBILL_4X4_030,18,120_DTend_QT,QT,B2,DTend_QT,355,377.73154596100278,390.9375,25.378386473532945,0.8957049332001249,22.73154596100278,18,0
RADBILL_4X4_030,18,130first_DTend_PP,PP,B1,DT5_PP,41,45.19426751592357,33.705882352941174,11.601533874246721,0.36152698094810337,4.1942675159235705,18,0
RADBILL_4X4_030,18,130first_DTend_QT,QT,B2,DTend_QT,355,361.9173782019086,375,31.770662567847086,0.2177284841679446,6.9173782019086048,18,0
RADBILL_4X4_030,18,130last_DTend_PP,PP,B1,DT5_PP,45,47.068140520896421,37,11.033282980751165,0.18744561564355147,2.0681405208964208,18,0
RADBILL_4X4_030,18,130last_DTend_QT,QT,B2,DTend_QT,350,355.59888579387189,373.4375,32.645507603139926,0.17150555175724613,5.5988857938718866,18,0
RADBILL_4X4_031,1,110_DTend_PP,PP,B2,DTend_PP,39,54.426783114992723,43.777777777777779,12.859217593780077,1.1996673205416917,15.426783114992723,18,0
RADBILL_4X4_031,1,110_DTend_QT,QT,B1,DTend_QT,415,423.2665330661323,390.29411764705884,35.945731154551495,0.22997259481493612,8.2665330661322969,18,0
RADBILL_4X4_031,1,120_DTend_PP,PP,B1,DTend_QT,34,40.046231961517904,39.941176470588232,11.327348477442184,0.5337729278443808,6.0462319615179041,18,-0.87873769031689153
RADBILL_4X4_031,1,120_DTend_QT,QT,B2,DTend_PP,400,377.7041793398671,388.125,26.762847382145271,0.83308851041789644,22.295820660132904,18,0.47676281059932002
RADBILL_4X4_031,1,130first_DTend_PP,PP,B2,DTend_PP,25,43.335490370829625,34.647058823529413,11.499680302461609,1.5944347919745865,18.335490370829625,18,0
RADBILL_4X4_031,1,130first_DTend_QT,QT,B2,DTend_PP,405,361.52884876196379,372.05882352941177,31.127701867137763,1.3965422639802947,43.471151238036214,18,1.2310630134387175
RADBILL_4X4_031,1,130last_DTend_PP,PP,B1,DTend_QT,35,35.686217008797655,37.625,11.194492693582262,0.061299518216762015,0.68621700879765513,18,-0.5644607973157304
RADBILL_4X4_031,1,130last_DTend_QT,QT,B1,DTend_QT,395,398.72800586510266,370.625,32.602402774437756,0.1143475801736196,3.7280058651026593,18,0
RADBILL_4X4_031,2,110_DTend_PP,PP,B2,DT5_PP,63,44.636021730045968,42.444444444444443,11.961812877664549,1.5352169823893329,18.363978269954032,18,0
RADBILL_4X4_031,2,110_DTend_QT,QT,B1,DTend_QT,410,406.63678840469152,390.58823529411762,36.136994243312166,0.093068382297205335,3.3632115953084849,18,0
RADBILL_4X4_031,2,120_DTend_PP,PP,B1,DTend_QT,60,37.339941911857558,38.411764705882355,10.143093854499053,2.2340380965805009,22.660058088142442,18,0.33164257931777752
RADBILL_4X4_031,2,120_DTend_QT,QT,B2,DT5_PP,395,386.85916953859538,388.4375,26.87742237145023,0.3028873211462414,8.1408304614046187,18,0.25769401672252856
RADBILL_4X4_031,2,130first_DTend_PP,PP,B2,DT5_PP,53,35.288723266364222,33,10.682930309610748,1.6579043596027276,17.711276733635778,18,0
RADBILL_4X4_031,2,130first_DTend_QT,QT,B2,DT5_PP,380,371.150356448477,373.52941176470586,32.101630891316923,0.27567582411885239,8.8496435515230019,18,0.078931218641648926
RADBILL_4X4_031,2,130last_DTend_PP,PP,B1,DTend_QT,49,35.096485182632669,36.75,10.785793124908958,1.289058176469029,13.903514817367331,18,0.23808641887107207
RADBILL_4X4_031,2,130last_DTend_QT,QT,B1,DTend_QT,370,383.04272915230877,372.1875,33.164677494788535,0.39327170162768166,13.042729152308766,18,0
RADBILL_4X4_031,3,110_DTend_PP,PP,B2,DT5_PP,48,49.168822328114366,43.277777777777779,12.860361149240285,0.090885653563734764,1.1688223281143664,18,0.032550641576789441
RADBILL_4X4_031,3,110_DTend_QT,QT,B1,DTend_QT,365,348.125,393.23529411764707,35.791984807643573,0.47147427254149515,16.875,18,0
RADBILL_4X4_031,3,120_DTend_PP,PP,B1,DTend_QT,46,36.094547563805101,39.235294117647058,11.300052056100814,0.87658467297476028,9.9054524361948992,18,0.72797455905205466
RADBILL_4X4_031,3,120_DTend_QT,QT,B2,DT5_PP,390,381.17610837438423,388.75,26.92582403567252,0.32771110789127533,8.8238916256157722,18,-1.6149292475181329
RADBILL_4X4_031,3,130first_DTend_PP,PP,B2,DT5_PP,39,39.565102445472569,33.823529411764703,11.668522261396509,0.048429649685986557,0.5651024454725686,18,-0.03476696161558248
RADBILL_4X4_031,3,130first_DTend_QT,QT,B2,DT5_PP,335,371.33096497025775,376.1764705882353,30.543483949358261,1.1894833290955038,36.330964970257753,18,1.073924070287914
RADBILL_4X4_031,3,130last_DTend_PP,PP,B1,DTend_QT,32,40.233102253032925,37.8125,11.118865349785771,0.74046244774351488,8.233102253032925,18,0.04796985418642119
RADBILL_4X4_031,3,130last_DTend_QT,QT,B1,DTend_QT,345,314.84835355285963,373.75,32.377976053690155,0.93123938312703602,30.151646447140365,18,0
RADBILL_4X4_031,4,110_DTend_PP,PP,B2,DT5_PP,26,35.675966155957013,44.5,12.147379286472114,0.79654762790955402,9.6759661559570134,18,0
RADBILL_4X4_031,4,110_DTend_QT,QT,B1,DTend_QT,460,421.97167196961919,387.64705882352939,31.923622085515664,1.1912284868086744,38.028328030380806,18,0
RADBILL_4X4_031,4,120_DTend_PP,PP,B1,DTend_QT,28,41.387842112501716,40.294117647058826,11.021369617034631,1.2147167346433481,13.387842112501716,18,0.84820793399048888
RADBILL_4X4_031,4,120_DTend_QT,QT,B2,DT5_PP,445,396.38118076966998,385.3125,22.395591083961147,2.1709102942654157,48.618819230330018,18,0.43943186191480099
RADBILL_4X4_031,4,130first_DTend_PP,PP,B2,DT5_PP,25,26.287899388171308,34.647058823529413,11.499680302461609,0.11199436456469329,1.2878993881713079,18,0
RADBILL_4X4_031,4,130first_DTend_QT,QT,B2,DT5_PP,430,376.24915023793341,370.58823529411762,28.716412605706452,1.8717814965294572,53.750849762066593,18,0.86312254246545939
RADBILL_4X4_031,4,130last_DTend_PP,PP,B1,DTend_QT,30,36.44048521607278,37.9375,11.036114956511343,0.58358265036672829,6.4404852160727799,18,0.36792353160430891
RADBILL_4X4_031,4,130last_DTend_QT,QT,B1,DTend_QT,435,397.73692191053829,368.125,28.628365886535217,1.3016138691656047,37.263078089461715,18,0
RADBILL_4X4_031,5,110_DTend_PP,PP,B2,DT5_PP,37,43.965104652712974,43.888888888888886,12.805738092924404,0.54390497464268972,6.9651046527129736,18,0
RADBILL_4X4_031,5,110_DTend_QT,QT,B1,DTend_QT,385,391.93862275449101,392.05882352941177,36.403074369198706,0.19060540557975236,6.9386227544910071,18,0
RADBILL_4X4_031,5,120_DTend_PP,PP,B1,DTend_QT,33,39.102882703777333,40,11.291589790636214,0.54048037671703897,6.1028827037773326,18,-0.10946604154117945
RADBILL_4X4_031,5,120_DTend_QT,QT,B2,DT5_PP,385,390.9828602035351,389.0625,26.908409466187333,0.22234165163322125,5.9828602035350968,18,0.18057752295099824
RADBILL_4X4_031,5,130first_DTend_PP,PP,B2,DT5_PP,26,34.92591994835378,34.588235294117645,11.549127800019207,0.7728652849732025,8.9259199483537799,18,0
RADBILL_4X4_031,5,130first_DTend_QT,QT,B2,DT5_PP,375,373.4885409941898,373.8235294117647,32.138830279969831,0.047029060878802278,1.5114590058101953,18,-0.078467111933712683
RADBILL_4X4_031,5,130last_DTend_PP,PP,B1,DTend_QT,29,37.181446111869029,38,10.984838035522721,0.74479442349645075,8.1814461118690289,18,0.027025608181698857
RADBILL_4X4_031,5,130last_DTend_QT,QT,B1,DTend_QT,375,365.28308321964528,371.875,33.159965822258222,0.29303156801905872,9.7169167803547225,18,0
RADBILL_4X4_031,6,110_DTend_PP,PP,B2,DT5_PP,24,13.290174256845795,44.611111111111114,11.95648428008289,0.89573368661510577,10.709825743154205,18,0.66272104030959866
RADBILL_4X4_031,6,110_DTend_QT,QT,B1,DTend_QT,335,341.58723218189766,395,33.400973039718465,0.19721677491444678,6.5872321818976616,18,0
RADBILL_4X4_031,6,120_DTend_PP,PP,B1,DTend_QT,18,45.055839183152514,40.882352941176471,9.9742315051159238,2.7125738127569221,27.055839183152514,18,2.4180056999480199
RADBILL_4X4_031,6,130first_DTend_PP,PP,B2,DT5_PP,5,15.921291053227627,35.823529411764703,9.0362830724090255,1.2086043526651129,10.921291053227627,18,-0.82159681455596534
RADBILL_4X4_031,6,130first_DTend_QT,QT,B2,DT5_PP,360,428.68629671574178,374.70588235294116,31.940892101431579,2.1504188579837216,68.686296715741776,18,0.54391962985474684
RADBILL_4X4_031,7,110_DTend_PP,PP,B2,DT5_PP,31,40.05513243917234,44.222222222222221,12.525529485370624,0.72293410428265048,9.0551324391723398,18,0
RADBILL_4X4_031,7,110_DTend_QT,QT,B1,DTend_QT,385,391.93862275449101,392.05882352941177,36.403074369198706,0.19060540557975236,6.9386227544910071,18,0
RADBILL_4X4_031,7,120_DTend_PP,PP,B1,DTend_QT,30,39.290755467196817,40.176470588235297,11.148067624691997,0.83339604494491981,9.2907554671968171,18,0.24868341800587535
RADBILL_4X4_031,7,120_DTend_QT,QT,B2,DT5_PP,390,397.88514728253352,388.75,26.92582403567252,0.29284701824118486,7.8851472825335236,18,0.052621091329330294
RADBILL_4X4_031,7,130first_DTend_PP,PP,B2,DT5_PP,38,30.098598435462844,33.882352941176471,11.693386768496415,0.67571540401148911,7.9014015645371565,18,0
RADBILL_4X4_031,7,130first_DTend_QT,QT,B2,DT5_PP,390,376.49282920469363,372.94117647058823,31.871755890277083,0.42379751030368906,13.507170795306365,18,-0.20285964924105715
RADBILL_4X4_031,7,130last_DTend_PP,PP,B1,DTend_QT,33,36.905866302864936,37.75,11.150485789118488,0.35028664909618418,3.9058663028649363,18,0.30527812021374989
RADBILL_4X4_031,7,130last_DTend_QT,QT,B1,DTend_QT,395,363.90518417462482,370.625,32.602402774437756,0.95375840978675919,31.094815825375179,18,0
RADBILL_4X4_031,8,110_DTend_PP,PP,B2,DT5_PP,44,40.664902880107164,43.5,12.908045826492232,0.25837351096538141,3.3350971198928363,18,-0.61125534483852673
RADBILL_4X4_031,8,110_DTend_QT,QT,B1,DTend_QT,430,446.40915269596735,389.41176470588238,35.083932974243019,0.46771132267337817,16.40915269596735,18,0
RADBILL_4X4_031,8,120_DTend_PP,PP,B1,DTend_QT,36,40.864654635967639,39.823529411764703,11.381098882124954,0.427432771330018,4.8646546359676393,18,-0.072990324948182361
RADBILL_4X4_031,8,120_DTend_QT,QT,B2,DT5_PP,420,392.93709150326799,386.875,25.617376914898998,1.0564277750464097,27.062908496732007,18,0.81219503671958793
RADBILL_4X4_031,8,130first_DTend_PP,PP,B2,DT5_PP,38,31.497893713545039,33.882352941176471,11.693386768496415,0.55604987803640649,6.5021062864549606,18,-0.51382068915044665
RADBILL_4X4_031,8,130first_DTend_QT,QT,B2,DT5_PP,420,373.3360337005833,371.1764705882353,29.871046378804774,1.5621805044140491,46.6639662994167,18,1.5613992995209944
RADBILL_4X4_031,8,130last_DTend_PP,PP,B1,DTend_QT,40,32.955105633802816,37.3125,11.193562137824284,0.6293701932820569,7.0448943661971839,18,-0.26881289366122063
RADBILL_4X4_031,8,130last_DTend_QT,QT,B1,DTend_QT,415,421.62411971830983,369.375,31.138133106102128,0.21273336123711609,6.6241197183098279,18,0
RADBILL_4X4_031,10,110_DTend_PP,PP,B2,DT5_PP,32,34.246751863684764,44.166666666666664,12.585005083081073,0.17852609902440439,2.2467518636847643,18,-0.23870885628275437
RADBILL_4X4_031,10,110_DTend_QT,QT,B1,DTend_QT,425,427.78045776454894,389.70588235294116,35.420270866204483,0.078499054257709186,2.7804577645489417,18,0
RADBILL_4X4_031,10,120_DTend_PP,PP,B1,DTend_QT,33,40.506945399532384,40,11.291589790636214,0.66482625907626181,7.506945399532384,18,0.60688076026335935
RADBILL_4X4_031,10,120_DTend_QT,QT,B2,DT5_PP,405,406.12478645752446,387.8125,26.581243387020105,0.042315043022920051,1.1247864575244648,18,-0.28661487418232107
RADBILL_4X4_031,10,130first_DTend_PP,PP,B2,DT5_PP,22,25.958333333333329,34.823529411764703,11.315008252966759,0.34983035317676114,3.9583333333333286,18,-0.32492760688882005
RADBILL_4X4_031,10,130first_DTend_QT,QT,B2,DT5_PP,405,379.60648148148147,372.05882352941177,31.127701867137763,0.81578520081262607,25.393518518518533,18,0.80166861541932777
RADBILL_4X4_031,10,130last_DTend_PP,PP,B1,DTend_QT,23,37.756633813495071,38.375,10.531698185319719,1.4011637585726249,14.756633813495071,18,0.35477446599949403
RADBILL_4X4_031,10,130last_DTend_QT,QT,B1,DTend_QT,395,405.25777103866562,370.625,32.602402774437756,0.31463236343759093,10.257771038665624,18,0
RADBILL_4X4_031,11,110_DTend_PP,PP,B2,DT5_PP,50,50.497106840256251,43.166666666666664,12.807396759869114,0.038814042351986218,0.49710684025625085,18,-0.3806135544960339
RADBILL_4X4_031,11,110_DTend_QT,QT,B1,DTend_QT,410,406.63678840469152,390.58823529411762,36.136994243312166,0.093068382297205335,3.3632115953084849,18,0
RADBILL_4X4_031,11,120_DTend_PP,PP,B1,DTend_QT,45,38.538956939007448,39.294117647058826,11.334486677185435,0.57003402491950783,6.4610430609925515,18,0.065087325800673002
RADBILL_4X4_031,11,120_DTend_QT,QT,B2,DT5_PP,390,378.60608380899345,388.75,26.92582403567252,0.42315942404998974,11.393916191006554,18,0.17750663174754142
RADBILL_4X4_031,11,130first_DTend_PP,PP,B2,DT5_PP,39,40.96987951807229,33.823529411764703,11.668522261396509,0.16881996485444686,1.9698795180722897,18,-0.19684620277682971
RADBILL_4X4_031,11,130first_DTend_QT,QT,B2,DT5_PP,375,366.48845381526104,373.8235294117647,32.138830279969831,0.26483683788714885,8.5115461847389611,18,-0.099690877606752215
RADBILL_4X4_031,11,130last_DTend_PP,PP,B1,DTend_QT,48,35.176430048242594,36.8125,10.857984773121268,1.1810267024413137,12.823569951757406,18,0.5410217133030335
RADBILL_4X4_031,11,130last_DTend_QT,QT,B1,DTend_QT,370,383.04272915230877,372.1875,33.164677494788535,0.39327170162768166,13.042729152308766,18,0
RADBILL_4X4_031,12,110_DTend_PP,PP,B2,DT5_PP,47,44.132233058264568,43.333333333333336,12.87953232618236,0.2226607976988145,2.8677669417354323,18,-0.0047596518060090964
RADBILL_4X4_031,12,120_DTend_PP,PP,B1,DTend_QT,41,38.49707092110183,39.529411764705884,11.413356468732278,0.21929824813192564,2.5029290788981697,18,-0.2005818174667249
RADBILL_4X4_031,12,120_DTend_QT,QT,B2,DT5_PP,380,390.12821370064523,389.375,26.825050481468498,0.3775655038428386,10.128213700645233,18,0.37314587745246841
RADBILL_4X4_031,12,130first_DTend_PP,PP,B2,DT5_PP,33,35.188953488372093,34.176470588235297,11.732621691877135,0.18656985163747114,2.1889534883720927,18,-0.36247466245043319
RADBILL_4X4_031,12,130first_DTend_QT,QT,B2,DT5_PP,350,374.30717054263567,375.29411764705884,31.54711695599606,0.77050370645726118,24.307170542635674,18,0.2189683034705967
RADBILL_4X4_031,12,130last_DTend_PP,PP,B1,DTend_QT,17,38.356701030927837,38.75,9.8013604497879108,2.1789527219550395,21.356701030927837,18,-0.3550460426480293
RADBILL_4X4_031,12,130last_DTend_QT,QT,B1,DTend_QT,350,361.32989690721649,373.4375,32.645507603139926,0.34705837767787551,11.329896907216494,18,0
RADBILL_4X4_031,13,110_DTend_PP,PP,B2,DT5_PP,49,51.352258735801612,43.222222222222221,12.836325090541505,0.18325016850304635,2.3522587358016125,18,-0.0069491321437890885
RADBILL_4X4_031,13,110_DTend_QT,QT,B1,DTend_QT,395,396.75973721257623,391.47058823529414,36.433359794045252,0.048300162887086842,1.7597372125762263,18,0
RADBILL_4X4_031,13,120_DTend_PP,PP,B1,DTend_QT,45,38.441099639258617,39.294117647058826,11.334486677185435,0.57866761394174404,6.5589003607413829,18,0.35574707577344916
RADBILL_4X4_031,13,120_DTend_QT,QT,B2,DT5_PP,385,377.85480637332489,389.0625,26.908409466187333,0.26553756867917599,7.145193626675109,18,0.14631964887603871
RADBILL_4X4_031,13,130first_DTend_PP,PP,B2,DT5_PP,40,41.582434254888739,33.764705882352942,11.637919765601936,0.13597226022866399,1.5824342548887387,18,-0.17823455314299902
RADBILL_4X4_031,13,130first_DTend_QT,QT,B2,DT5_PP,370,366.25590020229265,374.11764705882354,32.124527920541446,0.11654956633038185,3.7440997977073494,18,-0.084980677298850282
RADBILL_4X4_031,13,130last_DTend_PP,PP,B1,DTend_QT,39,36.309734513274336,37.375,11.206396982676159,0.24006516018346619,2.6902654867256643,18,0.14800790289451862
RADBILL_4X4_031,13,130last_DTend_QT,QT,B1,DTend_QT,375,371.05173587474474,371.875,33.159965822258222,0.11906719525642695,3.9482641252552639,18,0
RADBILL_4X4_031,14,110_DTend_PP,PP,B2,DT5_PP,30,33.760883981861525,44.277777777777779,12.460788170499704,0.30181750386907552,3.7608839818615252,18,0.21445590309918053
RADBILL_4X4_031,14,110_DTend_QT,QT,B1,DTend_QT,395,396.75973721257623,391.47058823529414,36.433359794045252,0.048300162887086842,1.7597372125762263,18,0
RADBILL_4X4_031,14,120_DTend_PP,PP,B1,DTend_QT,30,39.398308247294437,40.176470588235297,11.148067624691997,0.84304370620052616,9.3983082472944375,18,0.65320083322790135
RADBILL_4X4_031,14,120_DTend_QT,QT,B2,DT5_PP,385,412.74804617764909,389.0625,26.908409466187333,1.0312035058228479,27.748046177649087,18,0.91198558601971058
RADBILL_4X4_031,14,130first_DTend_PP,PP,B2,DT5_PP,28,24.458275623268694,34.470588235294116,11.63033558769277,0.30452469320654529,3.541724376731306,18,-0.04385920677727273
RADBILL_4X4_031,14,130first_DTend_QT,QT,B2,DT5_PP,365,385.51506232686978,374.41176470588238,32.058654883528355,0.63992274165596263,20.515062326869781,18,0.27206159722685014
RADBILL_4X4_031,14,130last_DTend_PP,PP,B1,DTend_QT,28,37.043567052416606,38.0625,10.926840043367219,0.82764706141243527,9.0435670524166056,18,0.61990968083532838
RADBILL_4X4_031,14,130last_DTend_QT,QT,B1,DTend_QT,345,373.05309734513276,373.75,32.377976053690155,0.86642529164312954,28.053097345132755,18,0
RADBILL_4X4_031,15,110_DTend_PP,PP,B2,DT5_PP,43,48.791037951531777,43.555555555555557,12.907919239171251,0.44864225164640781,5.7910379515317771,18,0.38617145196530911
RADBILL_4X4_031,15,110_DTend_QT,QT,B1,DTend_QT,330,322.83185840707966,395.29411764705884,32.809611217374922,0.21847688305200996,7.1681415929203354,18,0
RADBILL_4X4_031,16,110_DTend_PP,PP,B2,DT5_PP,36,56.34790652560487,43.944444444444443,12.771623979939562,1.5932121519992604,20.34790652560487,18,0
RADBILL_4X4_031,16,110_DTend_QT,QT,B1,DTend_QT,345,351.48026315789474,394.41176470588238,34.409407913260821,0.18832823785373398,6.4802631578947398,18,0
RADBILL_4X4_031,16,120_DTend_PP,PP,B1,DTend_QT,35,38.736078886310906,39.882352941176471,11.357169282776718,0.32896215538291873,3.7360788863109065,18,-1.1382059146068715
RADBILL_4X4_031,16,120_DTend_QT,QT,B2,DT5_PP,330,382.30538922155688,392.5,21.908902300206645,2.3874034629778569,52.305389221556879,18,1.0561663183194117
RADBILL_4X4_031,16,130first_DTend_PP,PP,B2,DT5_PP,29,46.190692792162345,34.411764705882355,11.662219040181695,1.4740498984740831,17.190692792162345,18,0
RADBILL_4X4_031,16,130first_DTend_QT,QT,B2,DT5_PP,310,372.08012596221135,377.64705882352939,27.620058780871986,2.2476464099781124,62.080125962211355,18,1.2529382477036797
RADBILL_4X4_031,16,130last_DTend_PP,PP,B1,DTend_QT,41,37.012131715771233,37.25,11.17437544861755,0.35687616749284462,3.9878682842287674,18,-0.18000002515692964
RADBILL_4X4_031,16,130last_DTend_QT,QT,B1,DTend_QT,310,327.37435008665511,375.9375,28.764489102595466,0.60402081276970765,17.374350086655113,18,0
RADBILL_4X4_031,17,110_DTend_PP,PP,B2,DT5_PP,67,47.687236215112321,42.222222222222221,11.507315093174201,1.6783032035286354,19.312763784887679,18,-0.1272259185955289
RADBILL_4X4_031,17,110_DTend_QT,QT,B1,DTend_QT,385,386.49433891644054,392.05882352941177,36.403074369198706,0.041049799840667506,1.4943389164405403,18,0
RADBILL_4X4_031,17,120_DTend_PP,PP,B1,DTend_QT,53,37.705845693630813,38.823529411764703,10.887121371818443,1.4047932216461227,15.294154306369187,18,0.46669584401582542
RADBILL_4X4_031,17,120_DTend_QT,QT,B2,DT5_PP,390,381.17610837438423,388.75,26.92582403567252,0.32771110789127533,8.8238916256157722,18,-0.076670802083974032
RADBILL_4X4_031,17,130first_DTend_PP,PP,B2,DT5_PP,49,38.724058162590879,33.235294117647058,11.093519570929157,0.92630132138924437,10.275941837409121,18,-0.20879523234110775
RADBILL_4X4_031,17,130first_DTend_QT,QT,B2,DT5_PP,370,368.38730998017184,374.11764705882354,32.124527920541446,0.050201205254037658,1.6126900198281646,18,-0.071803913661741992
RADBILL_4X4_031,17,130last_DTend_PP,PP,B1,DTend_QT,58,35.200687285223367,36.1875,9.792641795416257,2.3282085867215669,22.799312714776633,18,0.18114407764511764
RADBILL_4X4_031,17,130last_DTend_QT,QT,B1,DTend_QT,380,359.02061855670104,371.5625,33.101800051759525,0.63378370392228267,20.979381443298962,18,0
RADBILL_4X4_031,18,110_DTend_PP,PP,B2,DT5_PP,58,54.055555555555557,42.722222222222221,12.394522298440386,0.31824094139882875,3.9444444444444429,18,0
RADBILL_4X4_031,18,110_DTend_QT,QT,B1,DTend_QT,380,381.36875704093126,392.35294117647061,36.319659236546038,0.037686395459183404,1.3687570409312571,18,0
RADBILL_4X4_031,18,120_DTend_PP,PP,B1,DTend_QT,55,37.346810647915618,38.705882352941174,10.710769731223527,1.6481718676691035,17.653189352084382,18,1.1231729748128356
RADBILL_4X4_031,18,120_DTend_QT,QT,B2,DT5_PP,355,376.83979406420349,390.9375,25.378386473532945,0.86056669075396708,21.839794064203488,18,-0.035138242446157819
RADBILL_4X4_031,18,130first_DTend_PP,PP,B2,DT5_PP,41,45.19426751592357,33.705882352941174,11.601533874246721,0.36152698094810337,4.1942675159235705,18,0
RADBILL_4X4_031,18,130first_DTend_QT,QT,B2,DT5_PP,355,364.8115711252654,375,31.770662567847086,0.30882488221051524,9.8115711252654023,18,0.091096398042570637
RADBILL_4X4_031,18,130last_DTend_PP,PP,B1,DTend_QT,45,36.277158774373255,37,11.033282980751165,0.79059344719470603,8.7228412256267447,18,0.60314783155115459
RADBILL_4X4_031,18,130last_DTend_QT,QT,B1,DTend_QT,350,355.59888579387189,373.4375,32.645507603139926,0.17150555175724613,5.5988857938718866,18,0
RADBILL_4X4_032,1,110_DTend_PP,PP,B2,DTend_PP,39,54.426783114992723,43.777777777777779,12.859217593780077,1.1996673205416917,15.426783114992723,18,0
RADBILL_4X4_032,1,110_DTend_QT,QT,B1,DTend_QT,415,423.2665330661323,390.29411764705884,35.945731154551495,0.22997259481493612,8.2665330661322969,18,0
RADBILL_4X4_032,1,120_DTend_PP,PP,B2,DTend_PP,34,50.000000000000007,39.941176470588232,11.327348477442184,1.4125106181612723,16.000000000000007,18,0
RADBILL_4X4_032,1,120_DTend_QT,QT,B2,DTend_PP,400,377.7041793398671,388.125,26.762847382145271,0.83308851041789644,22.295820660132904,18,0.47676281059932002
RADBILL_4X4_032,1,130first_DTend_PP,PP,B1,DTend_QT,25,36.687065740245856,34.647058823529413,11.499680302461609,1.0162948388873154,11.687065740245856,18,-0.57813995308727106
RADBILL_4X4_032,1,130first_DTend_QT,QT,B1,DTend_QT,405,399.84901122394439,372.05882352941177,31.127701867137763,0.16547925054157728,5.1509887760556126,18,0
RADBILL_4X4_032,1,130last_DTend_PP,PP,B2,DTend_PP,35,42.005069280162218,37.625,11.194492693582262,0.62576031553249245,7.0050692801622176,18,0
RADBILL_4X4_032,1,130last_DTend_QT,QT,B1,DTend_QT,395,398.72800586510266,370.625,32.602402774437756,0.1143475801736196,3.7280058651026593,18,0
RADBILL_4X4_032,2,110_DTend_PP,PP,B2,DT5_PP,63,44.636021730045968,42.444444444444443,11.961812877664549,1.5352169823893329,18.363978269954032,18,0
RADBILL_4X4_032,2,110_DTend_QT,QT,B1,DTend_QT,410,406.63678840469152,390.58823529411762,36.136994243312166,0.093068382297205335,3.3632115953084849,18,0
RADBILL_4X4_032,2,120_DTend_PP,PP,B2,DT5_PP,60,40.703823720025923,38.411764705882355,10.143093854499053,1.9023955172627234,19.296176279974077,18,0
RADBILL_4X4_032,2,120_DTend_QT,QT,B2,DT5_PP,395,386.85916953859538,388.4375,26.87742237145023,0.3028873211462414,8.1408304614046187,18,0.25769401672252856
RADBILL_4X4_032,2,130first_DTend_PP,PP,B1,DTend_QT,53,32.753377951761586,33,10.682930309610748,1.8952311268027111,20.246622048238414,18,0.23732676719998347
RADBILL_4X4_032,2,130first_DTend_QT,QT,B1,DTend_QT,380,386.31582270488695,373.52941176470586,32.101630891316923,0.19674460547720346,6.3158227048869549,18,0
RADBILL_4X4_032,2,130last_DTend_PP,PP,B2,DT5_PP,49,37.664436042426473,36.75,10.785793124908958,1.0509717575979569,11.335563957573527,18,0
RADBILL_4X4_032,2,130last_DTend_QT,QT,B1,DTend_QT,370,383.04272915230877,372.1875,33.164677494788535,0.39327170162768166,13.042729152308766,18,0
RADBILL_4X4_032,3,110_DTend_PP,PP,B2,DTend_PP,48,48.750209321797378,43.277777777777779,12.860361149240285,0.058335011986945323,0.75020932179737798,18,0
RADBILL_4X4_032,3,110_DTend_QT,QT,B1,DTend_QT,365,348.125,393.23529411764707,35.791984807643573,0.47147427254149515,16.875,18,0
RADBILL_4X4_032,3,120_DTend_PP,PP,B2,DTend_PP,46,44.320697976610354,39.235294117647058,11.300052056100814,0.14861011392270559,1.6793020233896456,18,0
RADBILL_4X4_032,3,120_DTend_QT,QT,B2,DTend_PP,390,383.0509383378016,388.75,26.92582403567252,0.25808167107502372,6.9490616621984032,18,-1.6845586843343845
RADBILL_4X4_032,3,130first_DTend_PP,PP,B1,DTend_QT,39,28.675754060324824,33.823529411764703,11.668522261396509,0.88479463880626408,10.324245939675176,18,0.801598027504695
RADBILL_4X4_032,3,130first_DTend_QT,QT,B1,DTend_QT,335,331.47041763341065,376.1764705882353,30.543483949358261,0.11555925880758966,3.5295823665893522,18,0
RADBILL_4X4_032,3,130last_DTend_PP,PP,B2,DTend_PP,32,39.699731903485251,37.8125,11.118865349785771,0.69249259355709369,7.6997319034852509,18,0
RADBILL_4X4_032,3,130last_DTend_QT,QT,B1,DTend_QT,345,314.84835355285963,373.75,32.377976053690155,0.93123938312703602,30.151646447140365,18,0
RADBILL_4X4_032,4,110_DTend_PP,PP,B2,DT5_PP,26,35.675966155957013,44.5,12.147379286472114,0.79654762790955402,9.6759661559570134,18,0
RADBILL_4X4_032,4,110_DTend_QT,QT,B1,DTend_QT,460,421.97167196961919,387.64705882352939,31.923622085515664,1.1912284868086744,38.028328030380806,18,0
RADBILL_4X4_032,4,120_DTend_PP,PP,B2,DT5_PP,28,32.039428959891225,40.294117647058826,11.021369617034631,0.36650880065285923,4.0394289598912252,18,0
RADBILL_4X4_032,4,120_DTend_QT,QT,B2,DT5_PP,445,396.38118076966998,385.3125,22.395591083961147,2.1709102942654157,48.618819230330018,18,0.43943186191480099
RADBILL_4X4_032,4,130first_DTend_PP,PP,B1,DTend_QT,25,37.411910328703065,34.647058823529413,11.499680302461609,1.079326555369212,12.411910328703065,18,0.96733219080451871
RADBILL_4X4_032,4,130first_DTend_QT,QT,B1,DTend_QT,430,401.03493329665793,370.58823529411762,28.716412605706452,1.0086589540639979,28.965066703342075,18,0
RADBILL_4X4_032,4,130last_DTend_PP,PP,B2,DT5_PP,30,27.619961173918007,37.9375,11.036114956511343,0.21565911876241942,2.3800388260819929,18,0
RADBILL_4X4_032,4,130last_DTend_QT,QT,B1,DTend_QT,435,397.73692191053829,368.125,28.628365886535217,1.3016138691656047,37.263078089461715,18,0
RADBILL_4X4_032,5,110_DTend_PP,PP,B2,DT5_PP,37,43.965104652712974,43.888888888888886,12.805738092924404,0.54390497464268972,6.9651046527129736,18,0
RADBILL_4X4_032,5,110_DTend_QT,QT,B1,DTend_QT,385,391.93862275449101,392.05882352941177,36.403074369198706,0.19060540557975236,6.9386227544910071,18,0
RADBILL_4X4_032,5,120_DTend_PP,PP,B2,DT5_PP,33,40.338928340865074,40,11.291589790636214,0.64994641825821842,7.3389283408650741,18,0
RADBILL_4X4_032,5,120_DTend_QT,QT,B2,DT5_PP,385,390.9828602035351,389.0625,26.908409466187333,0.22234165163322125,5.9828602035350968,18,0.18057752295099824
RADBILL_4X4_032,5,130first_DTend_PP,PP,B1,DTend_QT,26,33.732107355864812,34.588235294117645,11.549127800019207,0.66949708148973408,7.7321073558648123,18,-0.10336820348346842
RADBILL_4X4_032,5,130first_DTend_QT,QT,B1,DTend_QT,375,370.96669980119282,373.8235294117647,32.138830279969831,0.12549617281251496,4.0333001988071828,18,0
RADBILL_4X4_032,5,130last_DTend_PP,PP,B2,DT5_PP,29,36.88457418318157,38,10.984838035522721,0.7177688153147519,7.8845741831815701,18,0
RADBILL_4X4_032,5,130last_DTend_QT,QT,B1,DTend_QT,375,365.28308321964528,371.875,33.159965822258222,0.29303156801905872,9.7169167803547225,18,0
RADBILL_4X4_032,6,110_DTend_PP,PP,B2,DT5_PP,24,13.290174256845795,44.611111111111114,11.95648428008289,0.89573368661510577,10.709825743154205,18,0.66272104030959866
RADBILL_4X4_032,6,110_DTend_QT,QT,B1,DTend_QT,335,341.58723218189766,395,33.400973039718465,0.19721677491444678,6.5872321818976616,18,0
RADBILL_4X4_032,6,120_DTend_PP,PP,B2,DT5_PP,18,14.813703284258199,40.882352941176471,9.9742315051159238,0.31945285349628227,3.1862967157418005,18,0.024884740687380003
RADBILL_4X4_032,6,130first_DTend_PP,PP,B1,DTend_QT,5,39.143267389917035,35.823529411764703,9.0362830724090255,3.7784636798473623,34.143267389917035,18,1.7482625126262841
RADBILL_4X4_032,6,130first_DTend_QT,QT,B1,DTend_QT,360,308.6869814932993,374.70588235294116,31.940892101431579,1.6064992281289747,51.313018506700701,18,0
RADBILL_4X4_032,7,110_DTend_PP,PP,B2,DT5_PP,31,40.05513243917234,44.222222222222221,12.525529485370624,0.72293410428265048,9.0551324391723398,18,0
RADBILL_4X4_032,7,110_DTend_QT,QT,B1,DTend_QT,385,391.93862275449101,392.05882352941177,36.403074369198706,0.19060540557975236,6.9386227544910071,18,0
RADBILL_4X4_032,7,120_DTend_PP,PP,B2,DT5_PP,30,36.518415906127771,40.176470588235297,11.148067624691997,0.58471262693904447,6.5184159061277711,18,0
RADBILL_4X4_032,7,120_DTend_QT,QT,B2,DT5_PP,390,397.88514728253352,388.75,26.92582403567252,0.29284701824118486,7.8851472825335236,18,0.052621091329330294
RADBILL_4X4_032,7,130first_DTend_PP,PP,B1,DTend_QT,38,32.980616302186881,33.882352941176471,11.693386768496415,0.42924977999838554,5.0193836978131188,18,-0.24646562401310357
RADBILL_4X4_032,7,130first_DTend_QT,QT,B1,DTend_QT,390,370.02733598409543,372.94117647058823,31.871755890277083,0.62665715954474621,19.97266401590457,18,0
RADBILL_4X4_032,7,130last_DTend_PP,PP,B2,DT5_PP,33,32.498133038307287,37.75,11.150485789118488,0.045008528882434305,0.50186696169271272,18,0
RADBILL_4X4_032,7,130last_DTend_QT,QT,B1,DTend_QT,395,363.90518417462482,370.625,32.602402774437756,0.95375840978675919,31.094815825375179,18,0
RADBILL_4X4_032,8,110_DTend_PP,PP,B2,DTend_PP,44,32.774790877243149,43.5,12.908045826492232,0.86962885580390814,11.225209122756851,18,0
RADBILL_4X4_032,8,110_DTend_QT,QT,B1,DTend_QT,430,446.40915269596735,389.41176470588238,35.083932974243019,0.46771132267337817,16.40915269596735,18,0
RADBILL_4X4_032,8,120_DTend_PP,PP,B2,DTend_PP,36,30.304635258358665,39.823529411764703,11.381098882124954,0.50042309627820036,5.6953647416413347,18,0
RADBILL_4X4_032,8,120_DTend_QT,QT,B2,DTend_PP,420,391.1862464183381,386.875,25.617376914898998,1.1247737688905961,28.813753581661899,18,0.88054103056377431
RADBILL_4X4_032,8,130first_DTend_PP,PP,B1,DTend_QT,38,36.042003733665211,33.882352941176471,11.693386768496415,0.16744475361149419,1.9579962663347885,18,-0.90242581357535889
RADBILL_4X4_032,8,130first_DTend_QT,QT,B1,DTend_QT,420,420.02333540759179,371.1764705882353,29.871046378804774,0.00078120489305473842,0.023335407591787316,18,0
RADBILL_4X4_032,8,130last_DTend_PP,PP,B2,DTend_PP,40,29.946131805157592,37.3125,11.193562137824284,0.89818308694327753,10.053868194842408,18,0
RADBILL_4X4_032,8,130last_DTend_QT,QT,B1,DTend_QT,415,421.62411971830983,369.375,31.138133106102128,0.21273336123711609,6.6241197183098279,18,0
RADBILL_4X4_032,10,110_DTend_PP,PP,B2,DTend_PP,32,37.250904033379697,44.166666666666664,12.585005083081073,0.41723495530715876,5.2509040333796975,18,0
RADBILL_4X4_032,10,110_DTend_QT,QT,B1,DTend_QT,425,427.78045776454894,389.70588235294116,35.420270866204483,0.078499054257709186,2.7804577645489417,18,0
RADBILL_4X4_032,10,120_DTend_PP,PP,B2,DTend_PP,33,33.654296802809093,40,11.291589790636214,0.05794549881290248,0.65429680280909253,18,0
RADBILL_4X4_032,10,120_DTend_QT,QT,B2,DTend_PP,405,391.57177269243402,387.8125,26.581243387020105,0.50517679372828428,13.428227307565976,18,0.17624687652304316
RADBILL_4X4_032,10,130first_DTend_PP,PP,B1,DTend_QT,22,37.940448356484666,34.823529411764703,11.315008252966759,1.4087880450555685,15.940448356484666,18,0.73403008498998734
RADBILL_4X4_032,10,130first_DTend_QT,QT,B1,DTend_QT,405,405.43941686150458,372.05882352941177,31.127701867137763,0.014116585393298353,0.43941686150458281,18,0
RADBILL_4X4_032,10,130last_DTend_PP,PP,B2,DTend_PP,23,34.020256213730427,38.375,10.531698185319719,1.0463892925731308,11.020256213730427,18,0
RADBILL_4X4_032,10,130last_DTend_QT,QT,B1,DTend_QT,395,405.25777103866562,370.625,32.602402774437756,0.31463236343759093,10.257771038665624,18,0
RADBILL_4X4_032,11,110_DTend_PP,PP,B2,DTend_PP,50,55.371775644871022,43.166666666666664,12.807396759869114,0.41942759684802011,5.3717756448710219,18,0
RADBILL_4X4_032,11,110_DTend_QT,QT,B1,DTend_QT,410,406.63678840469152,390.58823529411762,36.136994243312166,0.093068382297205335,3.3632115953084849,18,0
RADBILL_4X4_032,11,120_DTend_PP,PP,B2,DTend_PP,45,50.723311633851196,39.294117647058826,11.334486677185435,0.50494669911883483,5.7233116338511962,18,0
RADBILL_4X4_032,11,120_DTend_QT,QT,B2,DTend_PP,390,376.90195161855792,388.75,26.92582403567252,0.48644930473025494,13.098048381442084,18,0.24079651242780661
RADBILL_4X4_032,11,130first_DTend_PP,PP,B1,DTend_QT,39,33.872458643768148,33.823529411764703,11.668522261396509,0.43943365246818999,5.1275413562318519,18,0.073767484836913422
RADBILL_4X4_032,11,130first_DTend_QT,QT,B1,DTend_QT,375,386.71549438060362,373.8235294117647,32.138830279969831,0.36452771549390106,11.715494380603616,18,0
RADBILL_4X4_032,11,130last_DTend_PP,PP,B2,DTend_PP,48,41.050835573214911,36.8125,10.857984773121268,0.64000498913828019,6.9491644267850887,18,0
RADBILL_4X4_032,11,130last_DTend_QT,QT,B1,DTend_QT,370,383.04272915230877,372.1875,33.164677494788535,0.39327170162768166,13.042729152308766,18,0
RADBILL_4X4_032,12,110_DTend_PP,PP,B2,DTend_PP,47,49.929069031032299,43.333333333333336,12.87953232618236,0.2274204495048236,2.9290690310322987,18,0
RADBILL_4X4_032,12,120_DTend_PP,PP,B2,DTend_PP,41,45.792240862792092,39.529411764705884,11.413356468732278,0.41988006559865054,4.7922408627920916,18,0
RADBILL_4X4_032,12,120_DTend_QT,QT,B2,DTend_PP,380,383.13088665151025,389.375,26.825050481468498,0.1167150329753585,3.1308866515102522,18,0.11229540658498828
RADBILL_4X4_032,12,130first_DTend_PP,PP,B1,DTend_QT,33,32.948024429764423,34.176470588235297,11.732621691877135,0.0044300047849971137,0.05197557023557664,18,-0.54461450930290722
RADBILL_4X4_032,12,130first_DTend_QT,QT,B1,DTend_QT,350,367.39935186339272,375.29411764705884,31.54711695599606,0.55153540298666448,17.399351863392724,18,0
RADBILL_4X4_032,12,130last_DTend_PP,PP,B2,DTend_PP,17,41.836635271191945,38.75,9.8013604497879108,2.5339987646030688,24.836635271191945,18,0
RADBILL_4X4_032,12,130last_DTend_QT,QT,B1,DTend_QT,350,361.32989690721649,373.4375,32.645507603139926,0.34705837767787551,11.329896907216494,18,0
RADBILL_4X4_032,13,110_DTend_PP,PP,B2,DT5_PP,49,51.352258735801612,43.222222222222221,12.836325090541505,0.18325016850304635,2.3522587358016125,18,-0.0069491321437890885
RADBILL_4X4_032,13,110_DTend_QT,QT,B1,DTend_QT,395,396.75973721257623,391.47058823529414,36.433359794045252,0.048300162887086842,1.7597372125762263,18,0
RADBILL_4X4_032,13,120_DTend_PP,PP,B2,DT5_PP,45,47.168408631153071,39.294117647058826,11.334486677185435,0.19131070448190135,2.1684086311530706,18,-0.031609833686393529
RADBILL_4X4_032,13,120_DTend_QT,QT,B2,DT5_PP,385,377.85480637332489,389.0625,26.908409466187333,0.26553756867917599,7.145193626675109,18,0.14631964887603871
RADBILL_4X4_032,13,130first_DTend_PP,PP,B1,DTend_QT,40,33.193307625326533,33.764705882352942,11.637919765601936,0.58487191111180614,6.8066923746734673,18,0.27066509774014313
RADBILL_4X4_032,13,130first_DTend_QT,QT,B1,DTend_QT,370,376.47406393830079,374.11764705882354,32.124527920541446,0.20153024362923214,6.4740639383007874,18,0
RADBILL_4X4_032,13,130last_DTend_PP,PP,B2,DT5_PP,39,44.027962435369837,37.375,11.206396982676159,0.44866895605630486,5.0279624353698367,18,0.35661169876735732
RADBILL_4X4_032,13,130last_DTend_QT,QT,B1,DTend_QT,375,371.05173587474474,371.875,33.159965822258222,0.11906719525642695,3.9482641252552639,18,0
RADBILL_4X4_032,14,110_DTend_PP,PP,B2,DT5_PP,30,33.760883981861525,44.277777777777779,12.460788170499704,0.30181750386907552,3.7608839818615252,18,0.21445590309918053
RADBILL_4X4_032,14,110_DTend_QT,QT,B1,DTend_QT,395,396.75973721257623,391.47058823529414,36.433359794045252,0.048300162887086842,1.7597372125762263,18,0
RADBILL_4X4_032,14,120_DTend_PP,PP,B2,DT5_PP,30,30.39127423822714,40.176470588235297,11.148067624691997,0.035097942656941016,0.39127423822714036,18,-0.15474493031568382
RADBILL_4X4_032,14,120_DTend_QT,QT,B2,DT5_PP,385,412.74804617764909,389.0625,26.908409466187333,1.0312035058228479,27.748046177649087,18,0.91198558601971058
RADBILL_4X4_032,14,130first_DTend_PP,PP,B1,DTend_QT,28,33.95907451175519,34.470588235294116,11.63033558769277,0.51237339342650501,5.9590745117551904,18,0.16398949344268698
RADBILL_4X4_032,14,130first_DTend_QT,QT,B1,DTend_QT,365,376.7931334743127,374.41176470588238,32.058654883528355,0.3678611444291125,11.793133474312697,18,0
RADBILL_4X4_032,14,130last_DTend_PP,PP,B2,DT5_PP,28,26.416550958067202,38.0625,10.926840043367219,0.14491372031148012,1.5834490419327985,18,-0.062823660265626802
RADBILL_4X4_032,14,130last_DTend_QT,QT,B1,DTend_QT,345,373.05309734513276,373.75,32.377976053690155,0.86642529164312954,28.053097345132755,18,0
RADBILL_4X4_032,15,110_DTend_PP,PP,B2,DT5_PP,43,48.791037951531777,43.555555555555557,12.907919239171251,0.44864225164640781,5.7910379515317771,18,0.38617145196530911
RADBILL_4X4_032,15,110_DTend_QT,QT,B1,DTend_QT,330,322.83185840707966,395.29411764705884,32.809611217374922,0.21847688305200996,7.1681415929203354,18,0
RADBILL_4X4_032,16,110_DTend_PP,PP,B2,DT5_PP,36,56.34790652560487,43.944444444444443,12.771623979939562,1.5932121519992604,20.34790652560487,18,0
RADBILL_4X4_032,16,110_DTend_QT,QT,B1,DTend_QT,345,351.48026315789474,394.41176470588238,34.409407913260821,0.18832823785373398,6.4802631578947398,18,0
RADBILL_4X4_032,16,120_DTend_PP,PP,B2,DT5_PP,35,51.662876137158847,39.882352941176471,11.357169282776718,1.4671680699897902,16.662876137158847,18,0
RADBILL_4X4_032,16,120_DTend_QT,QT,B2,DT5_PP,330,382.30538922155688,392.5,21.908902300206645,2.3874034629778569,52.305389221556879,18,1.0561663183194117
RADBILL_4X4_032,16,130first_DTend_PP,PP,B1,DTend_QT,29,31.077146171693734,34.411764705882355,11.662219040181695,0.17810900005710856,2.0771461716937338,18,-1.2959408984169745
RADBILL_4X4_032,16,130first_DTend_QT,QT,B1,DTend_QT,310,337.47389791183298,377.64705882352939,27.620058780871986,0.99470816227443259,27.473897911832978,18,0
RADBILL_4X4_032,16,130last_DTend_PP,PP,B2,DT5_PP,41,46.999256146092904,37.25,11.17437544861755,0.53687619264977426,5.9992561460929039,18,0
RADBILL_4X4_032,16,130last_DTend_QT,QT,B1,DTend_QT,310,327.37435008665511,375.9375,28.764489102595466,0.60402081276970765,17.374350086655113,18,0
RADBILL_4X4_032,17,110_DTend_PP,PP,B2,DT5_PP,67,47.687236215112321,42.222222222222221,11.507315093174201,1.6783032035286354,19.312763784887679,18,-0.1272259185955289
RADBILL_4X4_032,17,110_DTend_QT,QT,B1,DTend_QT,385,386.49433891644054,392.05882352941177,36.403074369198706,0.041049799840667506,1.4943389164405403,18,0
RADBILL_4X4_032,17,120_DTend_PP,PP,B2,DT5_PP,53,44.374091209517516,38.823529411764703,10.887121371818443,0.79230390622913793,8.6259087904824838,18,-0.14579347140115939
RADBILL_4X4_032,17,120_DTend_QT,QT,B2,DT5_PP,390,381.17610837438423,388.75,26.92582403567252,0.32771110789127533,8.8238916256157722,18,-0.076670802083974032
RADBILL_4X4_032,17,130first_DTend_PP,PP,B1,DTend_QT,49,31.893057459803064,33.235294117647058,11.093519570929157,1.5420662875131264,17.106942540196936,18,0.40696973378277423
RADBILL_4X4_032,17,130first_DTend_QT,QT,B1,DTend_QT,370,366.08064315094106,374.11764705882354,32.124527920541446,0.12200511891577966,3.9193568490589428,18,0
RADBILL_4X4_032,17,130last_DTend_PP,PP,B2,DT5_PP,58,40.126847290640399,36.1875,9.792641795416257,1.8251614919403742,17.873152709359601,18,-0.32190301713607505
RADBILL_4X4_032,17,130last_DTend_QT,QT,B1,DTend_QT,380,359.02061855670104,371.5625,33.101800051759525,0.63378370392228267,20.979381443298962,18,0
RADBILL_4X4_032,18,110_DTend_PP,PP,B2,DT5_PP,58,54.055555555555557,42.722222222222221,12.394522298440386,0.31824094139882875,3.9444444444444429,18,0
RADBILL_4X4_032,18,110_DTend_QT,QT,B1,DTend_QT,380,381.36875704093126,392.35294117647061,36.319659236546038,0.037686395459183404,1.3687570409312571,18,0
RADBILL_4X4_032,18,120_DTend_PP,PP,B2,DT5_PP,55,49.376857749469224,38.705882352941174,10.710769731223527,0.52499889285626777,5.6231422505307762,18,0
RADBILL_4X4_032,18,120_DTend_QT,QT,B2,DT5_PP,355,376.83979406420349,390.9375,25.378386473532945,0.86056669075396708,21.839794064203488,18,-0.035138242446157819
RADBILL_4X4_032,18,130first_DTend_PP,PP,B1,DTend_QT,41,32.007785032646908,33.705882352941174,11.601533874246721,0.77508845509766267,8.9922149673530924,18,0.41356147414955929
RADBILL_4X4_032,18,130first_DTend_QT,QT,B1,DTend_QT,355,361.9173782019086,375,31.770662567847086,0.2177284841679446,6.9173782019086048,18,0
RADBILL_4X4_032,18,130last_DTend_PP,PP,B2,DT5_PP,45,47.068140520896421,37,11.033282980751165,0.18744561564355147,2.0681405208964208,18,0
RADBILL_4X4_032,18,130last_DTend_QT,QT,B1,DTend_QT,350,355.59888579387189,373.4375,32.645507603139926,0.17150555175724613,5.5988857938718866,18,0
RADBILL_4X4_033,1,110_DTend_PP,PP,B2,DTend_PP,39,54.426783114992723,43.777777777777779,12.859217593780077,1.1996673205416917,15.426783114992723,18,0
RADBILL_4X4_033,1,110_DTend_QT,QT,B1,DTend_QT,415,423.2665330661323,390.29411764705884,35.945731154551495,0.22997259481493612,8.2665330661322969,18,0
RADBILL_4X4_033,1,120_DTend_PP,PP,B2,DTend_PP,34,50.000000000000007,39.941176470588232,11.327348477442184,1.4125106181612723,16.000000000000007,18,0
RADBILL_4X4_033,1,120_DTend_QT,QT,B2,DTend_PP,400,377.7041793398671,388.125,26.762847382145271,0.83308851041789644,22.295820660132904,18,0.47676281059932002
RADBILL_4X4_033,1,130first_DTend_PP,PP,B1,DTend_QT,25,36.687065740245856,34.647058823529413,11.499680302461609,1.0162948388873154,11.687065740245856,18,-0.57813995308727106
RADBILL_4X4_033,1,130first_DTend_QT,QT,B1,DTend_QT,405,399.84901122394439,372.05882352941177,31.127701867137763,0.16547925054157728,5.1509887760556126,18,0
RADBILL_4X4_033,1,130last_DTend_PP,PP,B1,DTend_QT,35,35.686217008797655,37.625,11.194492693582262,0.061299518216762015,0.68621700879765513,18,-0.5644607973157304
RADBILL_4X4_033,1,130last_DTend_QT,QT,B2,DTend_PP,395,357.93680297397771,370.625,32.602402774437756,1.1368240949124788,37.063197026022294,18,1.0224765147388593
RADBILL_4X4_033,2,110_DTend_PP,PP,B2,DT5_PP,63,44.636021730045968,42.444444444444443,11.961812877664549,1.5352169823893329,18.363978269954032,18,0
RADBILL_4X4_033,2,110_DTend_QT,QT,B1,DTend_QT,410,406.63678840469152,390.58823529411762,36.136994243312166,0.093068382297205335,3.3632115953084849,18,0
RADBILL_4X4_033,2,120_DTend_PP,PP,B2,DT5_PP,60,40.703823720025923,38.411764705882355,10.143093854499053,1.9023955172627234,19.296176279974077,18,0
RADBILL_4X4_033,2,120_DTend_QT,QT,B2,DT5_PP,395,386.85916953859538,388.4375,26.87742237145023,0.3028873211462414,8.1408304614046187,18,0.25769401672252856
RADBILL_4X4_033,2,130first_DTend_PP,PP,B1,DTend_QT,53,32.753377951761586,33,10.682930309610748,1.8952311268027111,20.246622048238414,18,0.23732676719998347
RADBILL_4X4_033,2,130first_DTend_QT,QT,B1,DTend_QT,380,386.31582270488695,373.52941176470586,32.101630891316923,0.19674460547720346,6.3158227048869549,18,0
RADBILL_4X4_033,2,130last_DTend_PP,PP,B1,DTend_QT,49,35.096485182632669,36.75,10.785793124908958,1.289058176469029,13.903514817367331,18,0.23808641887107207
RADBILL_4X4_033,2,130last_DTend_QT,QT,B2,DT5_PP,370,370.57165322715559,372.1875,33.164677494788535,0.017236809471324496,0.57165322715559341,18,-0.37603489215635716
RADBILL_4X4_033,3,110_DTend_PP,PP,B2,DT5_PP,48,49.168822328114366,43.277777777777779,12.860361149240285,0.090885653563734764,1.1688223281143664,18,0.032550641576789441
RADBILL_4X4_033,3,110_DTend_QT,QT,B1,DTend_QT,365,348.125,393.23529411764707,35.791984807643573,0.47147427254149515,16.875,18,0
RADBILL_4X4_033,3,120_DTend_PP,PP,B2,DT5_PP,46,44.9628222075347,39.235294117647058,11.300052056100814,0.091785222520752524,1.0371777924653003,18,-0.05682489140195307
RADBILL_4X4_033,3,120_DTend_QT,QT,B2,DT5_PP,390,381.17610837438423,388.75,26.92582403567252,0.32771110789127533,8.8238916256157722,18,-1.6149292475181329
RADBILL_4X4_033,3,130first_DTend_PP,PP,B1,DTend_QT,39,28.675754060324824,33.823529411764703,11.668522261396509,0.88479463880626408,10.324245939675176,18,0.801598027504695
RADBILL_4X4_033,3,130first_DTend_QT,QT,B1,DTend_QT,335,331.47041763341065,376.1764705882353,30.543483949358261,0.11555925880758966,3.5295823665893522,18,0
RADBILL_4X4_033,3,130last_DTend_PP,PP,B1,DTend_QT,32,40.233102253032925,37.8125,11.118865349785771,0.74046244774351488,8.233102253032925,18,0.04796985418642119
RADBILL_4X4_033,3,130last_DTend_QT,QT,B2,DT5_PP,345,366.65640394088672,373.75,32.377976053690155,0.66886218906874861,21.656403940886719,18,-0.26237719405828741
RADBILL_4X4_033,4,110_DTend_PP,PP,B2,DT5_PP,26,35.675966155957013,44.5,12.147379286472114,0.79654762790955402,9.6759661559570134,18,0
RADBILL_4X4_033,4,110_DTend_QT,QT,B1,DTend_QT,460,421.97167196961919,387.64705882352939,31.923622085515664,1.1912284868086744,38.028328030380806,18,0
RADBILL_4X4_033,4,120_DTend_PP,PP,B2,DT5_PP,28,32.039428959891225,40.294117647058826,11.021369617034631,0.36650880065285923,4.0394289598912252,18,0
RADBILL_4X4_033,4,120_DTend_QT,QT,B2,DT5_PP,445,396.38118076966998,385.3125,22.395591083961147,2.1709102942654157,48.618819230330018,18,0.43943186191480099
RADBILL_4X4_033,4,130first_DTend_PP,PP,B1,DTend_QT,25,37.411910328703065,34.647058823529413,11.499680302461609,1.079326555369212,12.411910328703065,18,0.96733219080451871
RADBILL_4X4_033,4,130first_DTend_QT,QT,B1,DTend_QT,430,401.03493329665793,370.58823529411762,28.716412605706452,1.0086589540639979,28.965066703342075,18,0
RADBILL_4X4_033,4,130last_DTend_PP,PP,B1,DTend_QT,30,36.44048521607278,37.9375,11.036114956511343,0.58358265036672829,6.4404852160727799,18,0.36792353160430891
RADBILL_4X4_033,4,130last_DTend_QT,QT,B2,DT5_PP,435,378.77012675573826,368.125,28.628365886535217,1.964131430593052,56.229873244261739,18,0.66251756142744722
RADBILL_4X4_033,5,110_DTend_PP,PP,B2,DT5_PP,37,43.965104652712974,43.888888888888886,12.805738092924404,0.54390497464268972,6.9651046527129736,18,0
RADBILL_4X4_033,5,110_DTend_QT,QT,B1,DTend_QT,385,391.93862275449101,392.05882352941177,36.403074369198706,0.19060540557975236,6.9386227544910071,18,0
RADBILL_4X4_033,5,120_DTend_PP,PP,B2,DT5_PP,33,40.338928340865074,40,11.291589790636214,0.64994641825821842,7.3389283408650741,18,0
RADBILL_4X4_033,5,120_DTend_QT,QT,B2,DT5_PP,385,390.9828602035351,389.0625,26.908409466187333,0.22234165163322125,5.9828602035350968,18,0.18057752295099824
RADBILL_4X4_033,5,130first_DTend_PP,PP,B1,DTend_QT,26,33.732107355864812,34.588235294117645,11.549127800019207,0.66949708148973408,7.7321073558648123,18,-0.10336820348346842
RADBILL_4X4_033,5,130first_DTend_QT,QT,B1,DTend_QT,375,370.96669980119282,373.8235294117647,32.138830279969831,0.12549617281251496,4.0333001988071828,18,0
RADBILL_4X4_033,5,130last_DTend_PP,PP,B1,DTend_QT,29,37.181446111869029,38,10.984838035522721,0.74479442349645075,8.1814461118690289,18,0.027025608181698857
RADBILL_4X4_033,5,130last_DTend_QT,QT,B2,DT5_PP,375,373.84105516871989,371.875,33.159965822258222,0.03495012140519705,1.1589448312801096,18,-0.25808144661386168
RADBILL_4X4_033,6,110_DTend_PP,PP,B2,DT5_PP,24,13.290174256845795,44.611111111111114,11.95648428008289,0.89573368661510577,10.709825743154205,18,0.66272104030959866
RADBILL_4X4_033,6,110_DTend_QT,QT,B1,DTend_QT,335,341.58723218189766,395,33.400973039718465,0.19721677491444678,6.5872321818976616,18,0
RADBILL_4X4_033,6,120_DTend_PP,PP,B2,DT5_PP,18,14.813703284258199,40.882352941176471,9.9742315051159238,0.31945285349628227,3.1862967157418005,18,0.024884740687380003
RADBILL_4X4_033,6,130first_DTend_PP,PP,B1,DTend_QT,5,39.143267389917035,35.823529411764703,9.0362830724090255,3.7784636798473623,34.143267389917035,18,1.7482625126262841
RADBILL_4X4_033,6,130first_DTend_QT,QT,B1,DTend_QT,360,308.6869814932993,374.70588235294116,31.940892101431579,1.6064992281289747,51.313018506700701,18,0
RADBILL_4X4_033,7,110_DTend_PP,PP,B2,DT5_PP,31,40.05513243917234,44.222222222222221,12.525529485370624,0.72293410428265048,9.0551324391723398,18,0
RADBILL_4X4_033,7,110_DTend_QT,QT,B1,DTend_QT,385,391.93862275449101,392.05882352941177,36.403074369198706,0.19060540557975236,6.9386227544910071,18,0
RADBILL_4X4_033,7,120_DTend_PP,PP,B2,DT5_PP,30,36.518415906127771,40.176470588235297,11.148067624691997,0.58471262693904447,6.5184159061277711,18,0
RADBILL_4X4_033,7,120_DTend_QT,QT,B2,DT5_PP,390,397.88514728253352,388.75,26.92582403567252,0.29284701824118486,7.8851472825335236,18,0.052621091329330294
RADBILL_4X4_033,7,130first_DTend_PP,PP,B1,DTend_QT,38,32.980616302186881,33.882352941176471,11.693386768496415,0.42924977999838554,5.0193836978131188,18,-0.24646562401310357
RADBILL_4X4_033,7,130first_DTend_QT,QT,B1,DTend_QT,390,370.02733598409543,372.94117647058823,31.871755890277083,0.62665715954474621,19.97266401590457,18,0
RADBILL_4X4_033,7,130last_DTend_PP,PP,B1,DTend_QT,33,36.905866302864936,37.75,11.150485789118488,0.35028664909618418,3.9058663028649363,18,0.30527812021374989
RADBILL_4X4_033,7,130last_DTend_QT,QT,B2,DT5_PP,395,379.23765730880928,370.625,32.602402774437756,0.48347181035225256,15.762342691190725,18,-0.47028659943450662
RADBILL_4X4_033,8,110_DTend_PP,PP,B2,DTend_PP,44,32.774790877243149,43.5,12.908045826492232,0.86962885580390814,11.225209122756851,18,0
RADBILL_4X4_033,8,110_DTend_QT,QT,B1,DTend_QT,430,446.40915269596735,389.41176470588238,35.083932974243019,0.46771132267337817,16.40915269596735,18,0
RADBILL_4X4_033,8,120_DTend_PP,PP,B2,DTend_PP,36,30.304635258358665,39.823529411764703,11.381098882124954,0.50042309627820036,5.6953647416413347,18,0
RADBILL_4X4_033,8,120_DTend_QT,QT,B2,DTend_PP,420,391.1862464183381,386.875,25.617376914898998,1.1247737688905961,28.813753581661899,18,0.88054103056377431
RADBILL_4X4_033,8,130first_DTend_PP,PP,B1,DTend_QT,38,36.042003733665211,33.882352941176471,11.693386768496415,0.16744475361149419,1.9579962663347885,18,-0.90242581357535889
RADBILL_4X4_033,8,130first_DTend_QT,QT,B1,DTend_QT,420,420.02333540759179,371.1764705882353,29.871046378804774,0.00078120489305473842,0.023335407591787316,18,0
RADBILL_4X4_033,8,130last_DTend_PP,PP,B1,DTend_QT,40,32.955105633802816,37.3125,11.193562137824284,0.6293701932820569,7.0448943661971839,18,-0.26881289366122063
RADBILL_4X4_033,8,130last_DTend_QT,QT,B2,DTend_PP,415,373.68767908309457,369.375,31.138133106102128,1.3267436675196649,41.312320916905435,18,1.1140103062825488
RADBILL_4X4_033,10,110_DTend_PP,PP,B2,DT5_PP,32,34.246751863684764,44.166666666666664,12.585005083081073,0.17852609902440439,2.2467518636847643,18,-0.23870885628275437
RADBILL_4X4_033,10,110_DTend_QT,QT,B1,DTend_QT,425,427.78045776454894,389.70588235294116,35.420270866204483,0.078499054257709186,2.7804577645489417,18,0
RADBILL_4X4_033,10,120_DTend_PP,PP,B2,DT5_PP,33,30.731481481481477,40,11.291589790636214,0.2009033768123368,2.2685185185185226,18,0.14295787799943432
RADBILL_4X4_033,10,120_DTend_QT,QT,B2,DT5_PP,405,406.12478645752446,387.8125,26.581243387020105,0.042315043022920051,1.1247864575244648,18,-0.28661487418232107
RADBILL_4X4_033,10,130first_DTend_PP,PP,B1,DTend_QT,22,37.940448356484666,34.823529411764703,11.315008252966759,1.4087880450555685,15.940448356484666,18,0.73403008498998734
RADBILL_4X4_033,10,130first_DTend_QT,QT,B1,DTend_QT,405,405.43941686150458,372.05882352941177,31.127701867137763,0.014116585393298353,0.43941686150458281,18,0
RADBILL_4X4_033,10,130last_DTend_PP,PP,B1,DTend_QT,23,37.756633813495071,38.375,10.531698185319719,1.4011637585726249,14.756633813495071,18,0.35477446599949403
RADBILL_4X4_033,10,130last_DTend_QT,QT,B2,DT5_PP,395,388.40153750582391,370.625,32.602402774437756,0.2023919077323246,6.5984624941760899,18,-0.11224045570526633
RADBILL_4X4_033,11,110_DTend_PP,PP,B2,DT5_PP,50,50.497106840256251,43.166666666666664,12.807396759869114,0.038814042351986218,0.49710684025625085,18,-0.3806135544960339
RADBILL_4X4_033,11,110_DTend_QT,QT,B1,DTend_QT,410,406.63678840469152,390.58823529411762,36.136994243312166,0.093068382297205335,3.3632115953084849,18,0
RADBILL_4X4_033,11,120_DTend_PP,PP,B2,DT5_PP,45,46.450803212851412,39.294117647058826,11.334486677185435,0.12799902229111562,1.4508032128514117,18,-0.37694767682771924
RADBILL_4X4_033,11,120_DTend_QT,QT,B2,DT5_PP,390,378.60608380899345,388.75,26.92582403567252,0.42315942404998974,11.393916191006554,18,0.17750663174754142
RADBILL_4X4_033,11,130first_DTend_PP,PP,B1,DTend_QT,39,33.872458643768148,33.823529411764703,11.668522261396509,0.43943365246818999,5.1275413562318519,18,0.073767484836913422
RADBILL_4X4_033,11,130first_DTend_QT,QT,B1,DTend_QT,375,386.71549438060362,373.8235294117647,32.138830279969831,0.36452771549390106,11.715494380603616,18,0
RADBILL_4X4_033,11,130last_DTend_PP,PP,B1,DTend_QT,48,35.176430048242594,36.8125,10.857984773121268,1.1810267024413137,12.823569951757406,18,0.5410217133030335
RADBILL_4X4_033,11,130last_DTend_QT,QT,B2,DT5_PP,370,361.88605039677014,372.1875,33.164677494788535,0.24465636985328362,8.1139496032298553,18,-0.14861533177439804
RADBILL_4X4_033,12,110_DTend_PP,PP,B2,DT5_PP,47,44.132233058264568,43.333333333333336,12.87953232618236,0.2226607976988145,2.8677669417354323,18,-0.0047596518060090964
RADBILL_4X4_033,12,120_DTend_PP,PP,B2,DT5_PP,41,40.544089147286826,39.529411764705884,11.413356468732278,0.039945379254750793,0.45591085271317411,18,-0.37993468634389976
RADBILL_4X4_033,12,120_DTend_QT,QT,B2,DT5_PP,380,390.12821370064523,389.375,26.825050481468498,0.3775655038428386,10.128213700645233,18,0.37314587745246841
RADBILL_4X4_033,12,130first_DTend_PP,PP,B1,DTend_QT,33,32.948024429764423,34.176470588235297,11.732621691877135,0.0044300047849971137,0.05197557023557664,18,-0.54461450930290722
RADBILL_4X4_033,12,130first_DTend_QT,QT,B1,DTend_QT,350,367.39935186339272,375.29411764705884,31.54711695599606,0.55153540298666448,17.399351863392724,18,0
RADBILL_4X4_033,12,130last_DTend_PP,PP,B1,DTend_QT,17,38.356701030927837,38.75,9.8013604497879108,2.1789527219550395,21.356701030927837,18,-0.3550460426480293
RADBILL_4X4_033,12,130last_DTend_QT,QT,B2,DT5_PP,350,374.21634181404835,373.4375,32.645507603139926,0.74179706771412435,24.216341814048349,18,0.39473869003624884
RADBILL_4X4_033,13,110_DTend_PP,PP,B2,DT5_PP,49,51.352258735801612,43.222222222222221,12.836325090541505,0.18325016850304635,2.3522587358016125,18,-0.0069491321437890885
RADBILL_4X4_033,13,110_DTend_QT,QT,B1,DTend_QT,395,396.75973721257623,391.47058823529414,36.433359794045252,0.048300162887086842,1.7597372125762263,18,0
RADBILL_4X4_033,13,120_DTend_PP,PP,B2,DT5_PP,45,47.168408631153071,39.294117647058826,11.334486677185435,0.19131070448190135,2.1684086311530706,18,-0.031609833686393529
RADBILL_4X4_033,13,120_DTend_QT,QT,B2,DT5_PP,385,377.85480637332489,389.0625,26.908409466187333,0.26553756867917599,7.145193626675109,18,0.14631964887603871
RADBILL_4X4_033,13,130first_DTend_PP,PP,B1,DTend_QT,40,33.193307625326533,33.764705882352942,11.637919765601936,0.58487191111180614,6.8066923746734673,18,0.27066509774014313
RADBILL_4X4_033,13,130first_DTend_QT,QT,B1,DTend_QT,370,376.47406393830079,374.11764705882354,32.124527920541446,0.20153024362923214,6.4740639383007874,18,0
RADBILL_4X4_033,13,130last_DTend_PP,PP,B1,DTend_QT,39,36.309734513274336,37.375,11.206396982676159,0.24006516018346619,2.6902654867256643,18,0.14800790289451862
RADBILL_4X4_033,13,130last_DTend_QT,QT,B2,DT5_PP,375,359.95251661918331,371.875,33.159965822258222,0.45378464686824999,15.047483380816686,18,0.33471745161182304
RADBILL_4X4_033,14,110_DTend_PP,PP,B2,DT5_PP,30,33.760883981861525,44.277777777777779,12.460788170499704,0.30181750386907552,3.7608839818615252,18,0.21445590309918053
RADBILL_4X4_033,14,110_DTend_QT,QT,B1,DTend_QT,395,396.75973721257623,391.47058823529414,36.433359794045252,0.048300162887086842,1.7597372125762263,18,0
RADBILL_4X4_033,14,120_DTend_PP,PP,B2,DT5_PP,30,30.39127423822714,40.176470588235297,11.148067624691997,0.035097942656941016,0.39127423822714036,18,-0.15474493031568382
RADBILL_4X4_033,14,120_DTend_QT,QT,B2,DT5_PP,385,412.74804617764909,389.0625,26.908409466187333,1.0312035058228479,27.748046177649087,18,0.91198558601971058
RADBILL_4X4_033,14,130first_DTend_PP,PP,B1,DTend_QT,28,33.95907451175519,34.470588235294116,11.63033558769277,0.51237339342650501,5.9590745117551904,18,0.16398949344268698
RADBILL_4X4_033,14,130first_DTend_QT,QT,B1,DTend_QT,365,376.7931334743127,374.41176470588238,32.058654883528355,0.3678611444291125,11.793133474312697,18,0
RADBILL_4X4_033,14,130last_DTend_PP,PP,B1,DTend_QT,28,37.043567052416606,38.0625,10.926840043367219,0.82764706141243527,9.0435670524166056,18,0.61990968083532838
RADBILL_4X4_033,14,130last_DTend_QT,QT,B2,DT5_PP,345,402.72979727853374,373.75,32.377976053690155,1.7829958606061236,57.729797278533738,18,0.91657056896299405
RADBILL_4X4_033,15,110_DTend_PP,PP,B2,DT5_PP,43,48.791037951531777,43.555555555555557,12.907919239171251,0.44864225164640781,5.7910379515317771,18,0.38617145196530911
RADBILL_4X4_033,15,110_DTend_QT,QT,B1,DTend_QT,330,322.83185840707966,395.29411764705884,32.809611217374922,0.21847688305200996,7.1681415929203354,18,0
RADBILL_4X4_033,16,110_DTend_PP,PP,B2,DT5_PP,36,56.34790652560487,43.944444444444443,12.771623979939562,1.5932121519992604,20.34790652560487,18,0
RADBILL_4X4_033,16,110_DTend_QT,QT,B1,DTend_QT,345,351.48026315789474,394.41176470588238,34.409407913260821,0.18832823785373398,6.4802631578947398,18,0
RADBILL_4X4_033,16,120_DTend_PP,PP,B2,DT5_PP,35,51.662876137158847,39.882352941176471,11.357169282776718,1.4671680699897902,16.662876137158847,18,0
RADBILL_4X4_033,16,120_DTend_QT,QT,B2,DT5_PP,330,382.30538922155688,392.5,21.908902300206645,2.3874034629778569,52.305389221556879,18,1.0561663183194117
RADBILL_4X4_033,16,130first_DTend_PP,PP,B1,DTend_QT,29,31.077146171693734,34.411764705882355,11.662219040181695,0.17810900005710856,2.0771461716937338,18,-1.2959408984169745
RADBILL_4X4_033,16,130first_DTend_QT,QT,B1,DTend_QT,310,337.47389791183298,377.64705882352939,27.620058780871986,0.99470816227443259,27.473897911832978,18,0
RADBILL_4X4_033,16,130last_DTend_PP,PP,B1,DTend_QT,41,37.012131715771233,37.25,11.17437544861755,0.35687616749284462,3.9878682842287674,18,-0.18000002515692964
RADBILL_4X4_033,16,130last_DTend_QT,QT,B2,DT5_PP,310,365.6188864507011,375.9375,28.764489102595466,1.9335954917302014,55.618886450701098,18,1.3295746789604936
RADBILL_4X4_033,17,110_DTend_PP,PP,B2,DT5_PP,67,47.687236215112321,42.222222222222221,11.507315093174201,1.6783032035286354,19.312763784887679,18,-0.1272259185955289
RADBILL_4X4_033,17,110_DTend_QT,QT,B1,DTend_QT,385,386.49433891644054,392.05882352941177,36.403074369198706,0.041049799840667506,1.4943389164405403,18,0
RADBILL_4X4_033,17,120_DTend_PP,PP,B2,DT5_PP,53,44.374091209517516,38.823529411764703,10.887121371818443,0.79230390622913793,8.6259087904824838,18,-0.14579347140115939
RADBILL_4X4_033,17,120_DTend_QT,QT,B2,DT5_PP,390,381.17610837438423,388.75,26.92582403567252,0.32771110789127533,8.8238916256157722,18,-0.076670802083974032
RADBILL_4X4_033,17,130first_DTend_PP,PP,B1,DTend_QT,49,31.893057459803064,33.235294117647058,11.093519570929157,1.5420662875131264,17.106942540196936,18,0.40696973378277423
RADBILL_4X4_033,17,130first_DTend_QT,QT,B1,DTend_QT,370,366.08064315094106,374.11764705882354,32.124527920541446,0.12200511891577966,3.9193568490589428,18,0
RADBILL_4X4_033,17,130last_DTend_PP,PP,B1,DTend_QT,58,35.200687285223367,36.1875,9.792641795416257,2.3282085867215669,22.799312714776633,18,0.18114407764511764
RADBILL_4X4_033,17,130last_DTend_QT,QT,B2,DT5_PP,380,363.5960591133005,371.5625,33.101800051759525,0.4955603882885381,16.403940886699502,18,-0.13822331563374457
RADBILL_4X4_033,18,110_DTend_PP,PP,B2,DT5_PP,58,54.055555555555557,42.722222222222221,12.394522298440386,0.31824094139882875,3.9444444444444429,18,0
RADBILL_4X4_033,18,110_DTend_QT,QT,B1,DTend_QT,380,381.36875704093126,392.35294117647061,36.319659236546038,0.037686395459183404,1.3687570409312571,18,0
RADBILL_4X4_033,18,120_DTend_PP,PP,B2,DT5_PP,55,49.376857749469224,38.705882352941174,10.710769731223527,0.52499889285626777,5.6231422505307762,18,0
RADBILL_4X4_033,18,120_DTend_QT,QT,B2,DT5_PP,355,376.83979406420349,390.9375,25.378386473532945,0.86056669075396708,21.839794064203488,18,-0.035138242446157819
RADBILL_4X4_033,18,130first_DTend_PP,PP,B1,DTend_QT,41,32.007785032646908,33.705882352941174,11.601533874246721,0.77508845509766267,8.9922149673530924,18,0.41356147414955929
RADBILL_4X4_033,18,130first_DTend_QT,QT,B1,DTend_QT,355,361.9173782019086,375,31.770662567847086,0.2177284841679446,6.9173782019086048,18,0
RADBILL_4X4_033,18,130last_DTend_PP,PP,B1,DTend_QT,45,36.277158774373255,37,11.033282980751165,0.79059344719470603,8.7228412256267447,18,0.60314783155115459
RADBILL_4X4_033,18,130last_DTend_QT,QT,B2,DT5_PP,350,357.12295578437312,373.4375,32.645507603139926,0.21819099494375804,7.1229557843731186,18,0.04668544318651191
RADBILL_4X4_034,1,110_DTend_PP,PP,B2,DTend_PP,39,54.426783114992723,43.777777777777779,12.859217593780077,1.1996673205416917,15.426783114992723,18,0
RADBILL_4X4_034,1,110_DTend_QT,QT,B1,DTend_QT,415,423.2665330661323,390.29411764705884,35.945731154551495,0.22997259481493612,8.2665330661322969,18,0
RADBILL_4X4_034,1,120_DTend_PP,PP,B2,DTend_PP,34,50.000000000000007,39.941176470588232,11.327348477442184,1.4125106181612723,16.000000000000007,18,0
RADBILL_4X4_034,1,120_DTend_QT,QT,B2,DTend_PP,400,377.7041793398671,388.125,26.762847382145271,0.83308851041789644,22.295820660132904,18,0.47676281059932002
RADBILL_4X4_034,1,130first_DTend_PP,PP,B2,DTend_PP,25,43.335490370829625,34.647058823529413,11.499680302461609,1.5944347919745865,18.335490370829625,18,0
RADBILL_4X4_034,1,130first_DTend_QT,QT,B1,DTend_QT,405,399.84901122394439,372.05882352941177,31.127701867137763,0.16547925054157728,5.1509887760556126,18,0
RADBILL_4X4_034,1,130last_DTend_PP,PP,B1,DTend_QT,35,35.686217008797655,37.625,11.194492693582262,0.061299518216762015,0.68621700879765513,18,-0.5644607973157304
RADBILL_4X4_034,1,130last_DTend_QT,QT,B1,DTend_QT,395,398.72800586510266,370.625,32.602402774437756,0.1143475801736196,3.7280058651026593,18,0
RADBILL_4X4_034,2,110_DTend_PP,PP,B2,DT5_PP,63,44.636021730045968,42.444444444444443,11.961812877664549,1.5352169823893329,18.363978269954032,18,0
RADBILL_4X4_034,2,110_DTend_QT,QT,B1,DTend_QT,410,406.63678840469152,390.58823529411762,36.136994243312166,0.093068382297205335,3.3632115953084849,18,0
RADBILL_4X4_034,2,120_DTend_PP,PP,B2,DT5_PP,60,40.703823720025923,38.411764705882355,10.143093854499053,1.9023955172627234,19.296176279974077,18,0
RADBILL_4X4_034,2,120_DTend_QT,QT,B2,DT5_PP,395,386.85916953859538,388.4375,26.87742237145023,0.3028873211462414,8.1408304614046187,18,0.25769401672252856
RADBILL_4X4_034,2,130first_DTend_PP,PP,B2,DT5_PP,53,35.288723266364222,33,10.682930309610748,1.6579043596027276,17.711276733635778,18,0
RADBILL_4X4_034,2,130first_DTend_QT,QT,B1,DTend_QT,380,386.31582270488695,373.52941176470586,32.101630891316923,0.19674460547720346,6.3158227048869549,18,0
RADBILL_4X4_034,2,130last_DTend_PP,PP,B1,DTend_QT,49,35.096485182632669,36.75,10.785793124908958,1.289058176469029,13.903514817367331,18,0.23808641887107207
RADBILL_4X4_034,2,130last_DTend_QT,QT,B1,DTend_QT,370,383.04272915230877,372.1875,33.164677494788535,0.39327170162768166,13.042729152308766,18,0
RADBILL_4X4_034,3,110_DTend_PP,PP,B2,DT5_PP,48,49.168822328114366,43.277777777777779,12.860361149240285,0.090885653563734764,1.1688223281143664,18,0.032550641576789441
RADBILL_4X4_034,3,110_DTend_QT,QT,B1,DTend_QT,365,348.125,393.23529411764707,35.791984807643573,0.47147427254149515,16.875,18,0
RADBILL_4X4_034,3,120_DTend_PP,PP,B2,DT5_PP,46,44.9628222075347,39.235294117647058,11.300052056100814,0.091785222520752524,1.0371777924653003,18,-0.05682489140195307
RADBILL_4X4_034,3,120_DTend_QT,QT,B2,DT5_PP,390,381.17610837438423,388.75,26.92582403567252,0.32771110789127533,8.8238916256157722,18,-1.6149292475181329
RADBILL_4X4_034,3,130first_DTend_PP,PP,B2,DT5_PP,39,39.565102445472569,33.823529411764703,11.668522261396509,0.048429649685986557,0.5651024454725686,18,-0.03476696161558248
RADBILL_4X4_034,3,130first_DTend_QT,QT,B1,DTend_QT,335,331.47041763341065,376.1764705882353,30.543483949358261,0.11555925880758966,3.5295823665893522,18,0
RADBILL_4X4_034,3,130last_DTend_PP,PP,B1,DTend_QT,32,40.233102253032925,37.8125,11.118865349785771,0.74046244774351488,8.233102253032925,18,0.04796985418642119
RADBILL_4X4_034,3,130last_DTend_QT,QT,B1,DTend_QT,345,314.84835355285963,373.75,32.377976053690155,0.93123938312703602,30.151646447140365,18,0
RADBILL_4X4_034,4,110_DTend_PP,PP,B2,DT5_PP,26,35.675966155957013,44.5,12.147379286472114,0.79654762790955402,9.6759661559570134,18,0
RADBILL_4X4_034,4,110_DTend_QT,QT,B1,DTend_QT,460,421.97167196961919,387.64705882352939,31.923622085515664,1.1912284868086744,38.028328030380806,18,0
RADBILL_4X4_034,4,120_DTend_PP,PP,B2,DT5_PP,28,32.039428959891225,40.294117647058826,11.021369617034631,0.36650880065285923,4.0394289598912252,18,0
RADBILL_4X4_034,4,120_DTend_QT,QT,B2,DT5_PP,445,396.38118076966998,385.3125,22.395591083961147,2.1709102942654157,48.618819230330018,18,0.43943186191480099
RADBILL_4X4_034,4,130first_DTend_PP,PP,B2,DT5_PP,25,26.287899388171308,34.647058823529413,11.499680302461609,0.11199436456469329,1.2878993881713079,18,0
RADBILL_4X4_034,4,130first_DTend_QT,QT,B1,DTend_QT,430,401.03493329665793,370.58823529411762,28.716412605706452,1.0086589540639979,28.965066703342075,18,0
RADBILL_4X4_034,4,130last_DTend_PP,PP,B1,DTend_QT,30,36.44048521607278,37.9375,11.036114956511343,0.58358265036672829,6.4404852160727799,18,0.36792353160430891
RADBILL_4X4_034,4,130last_DTend_QT,QT,B1,DTend_QT,435,397.73692191053829,368.125,28.628365886535217,1.3016138691656047,37.263078089461715,18,0
RADBILL_4X4_034,5,110_DTend_PP,PP,B2,DT5_PP,37,43.965104652712974,43.888888888888886,12.805738092924404,0.54390497464268972,6.9651046527129736,18,0
RADBILL_4X4_034,5,110_DTend_QT,QT,B1,DTend_QT,385,391.93862275449101,392.05882352941177,36.403074369198706,0.19060540557975236,6.9386227544910071,18,0
RADBILL_4X4_034,5,120_DTend_PP,PP,B2,DT5_PP,33,40.338928340865074,40,11.291589790636214,0.64994641825821842,7.3389283408650741,18,0
RADBILL_4X4_034,5,120_DTend_QT,QT,B2,DT5_PP,385,390.9828602035351,389.0625,26.908409466187333,0.22234165163322125,5.9828602035350968,18,0.18057752295099824
RADBILL_4X4_034,5,130first_DTend_PP,PP,B2,DT5_PP,26,34.92591994835378,34.588235294117645,11.549127800019207,0.7728652849732025,8.9259199483537799,18,0
RADBILL_4X4_034,5,130first_DTend_QT,QT,B1,DTend_QT,375,370.96669980119282,373.8235294117647,32.138830279969831,0.12549617281251496,4.0333001988071828,18,0
RADBILL_4X4_034,5,130last_DTend_PP,PP,B1,DTend_QT,29,37.181446111869029,38,10.984838035522721,0.74479442349645075,8.1814461118690289,18,0.027025608181698857
RADBILL_4X4_034,5,130last_DTend_QT,QT,B1,DTend_QT,375,365.28308321964528,371.875,33.159965822258222,0.29303156801905872,9.7169167803547225,18,0
RADBILL_4X4_034,6,110_DTend_PP,PP,B2,DT5_PP,24,13.290174256845795,44.611111111111114,11.95648428008289,0.89573368661510577,10.709825743154205,18,0.66272104030959866
RADBILL_4X4_034,6,110_DTend_QT,QT,B1,DTend_QT,335,341.58723218189766,395,33.400973039718465,0.19721677491444678,6.5872321818976616,18,0
RADBILL_4X4_034,6,120_DTend_PP,PP,B2,DT5_PP,18,14.813703284258199,40.882352941176471,9.9742315051159238,0.31945285349628227,3.1862967157418005,18,0.024884740687380003
RADBILL_4X4_034,6,130first_DTend_PP,PP,B2,DT5_PP,5,15.921291053227627,35.823529411764703,9.0362830724090255,1.2086043526651129,10.921291053227627,18,-0.82159681455596534
RADBILL_4X4_034,6,130first_DTend_QT,QT,B1,DTend_QT,360,308.6869814932993,374.70588235294116,31.940892101431579,1.6064992281289747,51.313018506700701,18,0
RADBILL_4X4_034,7,110_DTend_PP,PP,B2,DT5_PP,31,40.05513243917234,44.222222222222221,12.525529485370624,0.72293410428265048,9.0551324391723398,18,0
RADBILL_4X4_034,7,110_DTend_QT,QT,B1,DTend_QT,385,391.93862275449101,392.05882352941177,36.403074369198706,0.19060540557975236,6.9386227544910071,18,0
RADBILL_4X4_034,7,120_DTend_PP,PP,B2,DT5_PP,30,36.518415906127771,40.176470588235297,11.148067624691997,0.58471262693904447,6.5184159061277711,18,0
RADBILL_4X4_034,7,120_DTend_QT,QT,B2,DT5_PP,390,397.88514728253352,388.75,26.92582403567252,0.29284701824118486,7.8851472825335236,18,0.052621091329330294
RADBILL_4X4_034,7,130first_DTend_PP,PP,B2,DT5_PP,38,30.098598435462844,33.882352941176471,11.693386768496415,0.67571540401148911,7.9014015645371565,18,0
RADBILL_4X4_034,7,130first_DTend_QT,QT,B1,DTend_QT,390,370.02733598409543,372.94117647058823,31.871755890277083,0.62665715954474621,19.97266401590457,18,0
RADBILL_4X4_034,7,130last_DTend_PP,PP,B1,DTend_QT,33,36.905866302864936,37.75,11.150485789118488,0.35028664909618418,3.9058663028649363,18,0.30527812021374989
RADBILL_4X4_034,7,130last_DTend_QT,QT,B1,DTend_QT,395,363.90518417462482,370.625,32.602402774437756,0.95375840978675919,31.094815825375179,18,0
RADBILL_4X4_034,8,110_DTend_PP,PP,B2,DTend_PP,44,32.774790877243149,43.5,12.908045826492232,0.86962885580390814,11.225209122756851,18,0
RADBILL_4X4_034,8,110_DTend_QT,QT,B1,DTend_QT,430,446.40915269596735,389.41176470588238,35.083932974243019,0.46771132267337817,16.40915269596735,18,0
RADBILL_4X4_034,8,120_DTend_PP,PP,B2,DTend_PP,36,30.304635258358665,39.823529411764703,11.381098882124954,0.50042309627820036,5.6953647416413347,18,0
RADBILL_4X4_034,8,120_DTend_QT,QT,B2,DTend_PP,420,391.1862464183381,386.875,25.617376914898998,1.1247737688905961,28.813753581661899,18,0.88054103056377431
RADBILL_4X4_034,8,130first_DTend_PP,PP,B2,DTend_PP,38,25.489589665653497,33.882352941176471,11.693386768496415,1.0698705671868531,12.510410334346503,18,0
RADBILL_4X4_034,8,130first_DTend_QT,QT,B1,DTend_QT,420,420.02333540759179,371.1764705882353,29.871046378804774,0.00078120489305473842,0.023335407591787316,18,0
RADBILL_4X4_034,8,130last_DTend_PP,PP,B1,DTend_QT,40,32.955105633802816,37.3125,11.193562137824284,0.6293701932820569,7.0448943661971839,18,-0.26881289366122063
RADBILL_4X4_034,8,130last_DTend_QT,QT,B1,DTend_QT,415,421.62411971830983,369.375,31.138133106102128,0.21273336123711609,6.6241197183098279,18,0
RADBILL_4X4_034,10,110_DTend_PP,PP,B2,DTend_PP,32,37.250904033379697,44.166666666666664,12.585005083081073,0.41723495530715876,5.2509040333796975,18,0
RADBILL_4X4_034,10,110_DTend_QT,QT,B1,DTend_QT,425,427.78045776454894,389.70588235294116,35.420270866204483,0.078499054257709186,2.7804577645489417,18,0
RADBILL_4X4_034,10,120_DTend_PP,PP,B2,DTend_PP,33,33.654296802809093,40,11.291589790636214,0.05794549881290248,0.65429680280909253,18,0
RADBILL_4X4_034,10,120_DTend_QT,QT,B2,DTend_PP,405,391.57177269243402,387.8125,26.581243387020105,0.50517679372828428,13.428227307565976,18,0.17624687652304316
RADBILL_4X4_034,10,130first_DTend_PP,PP,B2,DTend_PP,22,29.634891886897066,34.823529411764703,11.315008252966759,0.6747579600655812,7.6348918868970657,18,0
RADBILL_4X4_034,10,130first_DTend_QT,QT,B1,DTend_QT,405,405.43941686150458,372.05882352941177,31.127701867137763,0.014116585393298353,0.43941686150458281,18,0
RADBILL_4X4_034,10,130last_DTend_PP,PP,B1,DTend_QT,23,37.756633813495071,38.375,10.531698185319719,1.4011637585726249,14.756633813495071,18,0.35477446599949403
RADBILL_4X4_034,10,130last_DTend_QT,QT,B1,DTend_QT,395,405.25777103866562,370.625,32.602402774437756,0.31463236343759093,10.257771038665624,18,0
RADBILL_4X4_034,11,110_DTend_PP,PP,B2,DTend_PP,50,55.371775644871022,43.166666666666664,12.807396759869114,0.41942759684802011,5.3717756448710219,18,0
RADBILL_4X4_034,11,110_DTend_QT,QT,B1,DTend_QT,410,406.63678840469152,390.58823529411762,36.136994243312166,0.093068382297205335,3.3632115953084849,18,0
RADBILL_4X4_034,11,120_DTend_PP,PP,B2,DTend_PP,45,50.723311633851196,39.294117647058826,11.334486677185435,0.50494669911883483,5.7233116338511962,18,0
RADBILL_4X4_034,11,120_DTend_QT,QT,B2,DTend_PP,390,376.90195161855792,388.75,26.92582403567252,0.48644930473025494,13.098048381442084,18,0.24079651242780661
RADBILL_4X4_034,11,130first_DTend_PP,PP,B2,DTend_PP,39,43.266783817245098,33.823529411764703,11.668522261396509,0.36566616763127657,4.2667838172450985,18,0
RADBILL_4X4_034,11,130first_DTend_QT,QT,B1,DTend_QT,375,386.71549438060362,373.8235294117647,32.138830279969831,0.36452771549390106,11.715494380603616,18,0
RADBILL_4X4_034,11,130last_DTend_PP,PP,B1,DTend_QT,48,35.176430048242594,36.8125,10.857984773121268,1.1810267024413137,12.823569951757406,18,0.5410217133030335
RADBILL_4X4_034,11,130last_DTend_QT,QT,B1,DTend_QT,370,383.04272915230877,372.1875,33.164677494788535,0.39327170162768166,13.042729152308766,18,0
RADBILL_4X4_034,12,110_DTend_PP,PP,B2,DT5_PP,47,44.132233058264568,43.333333333333336,12.87953232618236,0.2226607976988145,2.8677669417354323,18,-0.0047596518060090964
RADBILL_4X4_034,12,120_DTend_PP,PP,B2,DT5_PP,41,40.544089147286826,39.529411764705884,11.413356468732278,0.039945379254750793,0.45591085271317411,18,-0.37993468634389976
RADBILL_4X4_034,12,120_DTend_QT,QT,B2,DT5_PP,380,390.12821370064523,389.375,26.825050481468498,0.3775655038428386,10.128213700645233,18,0.37314587745246841
RADBILL_4X4_034,12,130first_DTend_PP,PP,B2,DT5_PP,33,35.188953488372093,34.176470588235297,11.732621691877135,0.18656985163747114,2.1889534883720927,18,-0.36247466245043319
RADBILL_4X4_034,12,130first_DTend_QT,QT,B1,DTend_QT,350,367.39935186339272,375.29411764705884,31.54711695599606,0.55153540298666448,17.399351863392724,18,0
RADBILL_4X4_034,12,130last_DTend_PP,PP,B1,DTend_QT,17,38.356701030927837,38.75,9.8013604497879108,2.1789527219550395,21.356701030927837,18,-0.3550460426480293
RADBILL_4X4_034,12,130last_DTend_QT,QT,B1,DTend_QT,350,361.32989690721649,373.4375,32.645507603139926,0.34705837767787551,11.329896907216494,18,0
RADBILL_4X4_034,13,110_DTend_PP,PP,B2,DT5_PP,49,51.352258735801612,43.222222222222221,12.836325090541505,0.18325016850304635,2.3522587358016125,18,-0.0069491321437890885
RADBILL_4X4_034,13,110_DTend_QT,QT,B1,DTend_QT,395,396.75973721257623,391.47058823529414,36.433359794045252,0.048300162887086842,1.7597372125762263,18,0
RADBILL_4X4_034,13,120_DTend_PP,PP,B2,DT5_PP,45,47.168408631153071,39.294117647058826,11.334486677185435,0.19131070448190135,2.1684086311530706,18,-0.031609833686393529
RADBILL_4X4_034,13,120_DTend_QT,QT,B2,DT5_PP,385,377.85480637332489,389.0625,26.908409466187333,0.26553756867917599,7.145193626675109,18,0.14631964887603871
RADBILL_4X4_034,13,130first_DTend_PP,PP,B2,DT5_PP,40,41.582434254888739,33.764705882352942,11.637919765601936,0.13597226022866399,1.5824342548887387,18,-0.17823455314299902
RADBILL_4X4_034,13,130first_DTend_QT,QT,B1,DTend_QT,370,376.47406393830079,374.11764705882354,32.124527920541446,0.20153024362923214,6.4740639383007874,18,0
RADBILL_4X4_034,13,130last_DTend_PP,PP,B1,DTend_QT,39,36.309734513274336,37.375,11.206396982676159,0.24006516018346619,2.6902654867256643,18,0.14800790289451862
RADBILL_4X4_034,13,130last_DTend_QT,QT,B1,DTend_QT,375,371.05173587474474,371.875,33.159965822258222,0.11906719525642695,3.9482641252552639,18,0
RADBILL_4X4_034,14,110_DTend_PP,PP,B2,DT5_PP,30,33.760883981861525,44.277777777777779,12.460788170499704,0.30181750386907552,3.7608839818615252,18,0.21445590309918053
RADBILL_4X4_034,14,110_DTend_QT,QT,B1,DTend_QT,395,396.75973721257623,391.47058823529414,36.433359794045252,0.048300162887086842,1.7597372125762263,18,0
RADBILL_4X4_034,14,120_DTend_PP,PP,B2,DT5_PP,30,30.39127423822714,40.176470588235297,11.148067624691997,0.035097942656941016,0.39127423822714036,18,-0.15474493031568382
RADBILL_4X4_034,14,120_DTend_QT,QT,B2,DT5_PP,385,412.74804617764909,389.0625,26.908409466187333,1.0312035058228479,27.748046177649087,18,0.91198558601971058
RADBILL_4X4_034,14,130first_DTend_PP,PP,B2,DT5_PP,28,24.458275623268694,34.470588235294116,11.63033558769277,0.30452469320654529,3.541724376731306,18,-0.04385920677727273
RADBILL_4X4_034,14,130first_DTend_QT,QT,B1,DTend_QT,365,376.7931334743127,374.41176470588238,32.058654883528355,0.3678611444291125,11.793133474312697,18,0
RADBILL_4X4_034,14,130last_DTend_PP,PP,B1,DTend_QT,28,37.043567052416606,38.0625,10.926840043367219,0.82764706141243527,9.0435670524166056,18,0.61990968083532838
RADBILL_4X4_034,14,130last_DTend_QT,QT,B1,DTend_QT,345,373.05309734513276,373.75,32.377976053690155,0.86642529164312954,28.053097345132755,18,0
RADBILL_4X4_034,15,110_DTend_PP,PP,B2,DT5_PP,43,48.791037951531777,43.555555555555557,12.907919239171251,0.44864225164640781,5.7910379515317771,18,0.38617145196530911
RADBILL_4X4_034,15,110_DTend_QT,QT,B1,DTend_QT,330,322.83185840707966,395.29411764705884,32.809611217374922,0.21847688305200996,7.1681415929203354,18,0
RADBILL_4X4_034,16,110_DTend_PP,PP,B2,DT5_PP,36,56.34790652560487,43.944444444444443,12.771623979939562,1.5932121519992604,20.34790652560487,18,0
RADBILL_4X4_034,16,110_DTend_QT,QT,B1,DTend_QT,345,351.48026315789474,394.41176470588238,34.409407913260821,0.18832823785373398,6.4802631578947398,18,0
RADBILL_4X4_034,16,120_DTend_PP,PP,B2,DT5_PP,35,51.662876137158847,39.882352941176471,11.357169282776718,1.4671680699897902,16.662876137158847,18,0
RADBILL_4X4_034,16,120_DTend_QT,QT,B2,DT5_PP,330,382.30538922155688,392.5,21.908902300206645,2.3874034629778569,52.305389221556879,18,1.0561663183194117
RADBILL_4X4_034,16,130first_DTend_PP,PP,B2,DT5_PP,29,46.190692792162345,34.411764705882355,11.662219040181695,1.4740498984740831,17.190692792162345,18,0
RADBILL_4X4_034,16,130first_DTend_QT,QT,B1,DTend_QT,310,337.47389791183298,377.64705882352939,27.620058780871986,0.99470816227443259,27.473897911832978,18,0
RADBILL_4X4_034,16,130last_DTend_PP,PP,B1,DTend_QT,41,37.012131715771233,37.25,11.17437544861755,0.35687616749284462,3.9878682842287674,18,-0.18000002515692964
RADBILL_4X4_034,16,130last_DTend_QT,QT,B1,DTend_QT,310,327.37435008665511,375.9375,28.764489102595466,0.60402081276970765,17.374350086655113,18,0
RADBILL_4X4_034,17,110_DTend_PP,PP,B2,DT5_PP,67,47.687236215112321,42.222222222222221,11.507315093174201,1.6783032035286354,19.312763784887679,18,-0.1272259185955289
RADBILL_4X4_034,17,110_DTend_QT,QT,B1,DTend_QT,385,386.49433891644054,392.05882352941177,36.403074369198706,0.041049799840667506,1.4943389164405403,18,0
RADBILL_4X4_034,17,120_DTend_PP,PP,B2,DT5_PP,53,44.374091209517516,38.823529411764703,10.887121371818443,0.79230390622913793,8.6259087904824838,18,-0.14579347140115939
RADBILL_4X4_034,17,120_DTend_QT,QT,B2,DT5_PP,390,381.17610837438423,388.75,26.92582403567252,0.32771110789127533,8.8238916256157722,18,-0.076670802083974032
RADBILL_4X4_034,17,130first_DTend_PP,PP,B2,DT5_PP,49,38.724058162590879,33.235294117647058,11.093519570929157,0.92630132138924437,10.275941837409121,18,-0.20879523234110775
RADBILL_4X4_034,17,130first_DTend_QT,QT,B1,DTend_QT,370,366.08064315094106,374.11764705882354,32.124527920541446,0.12200511891577966,3.9193568490589428,18,0
RADBILL_4X4_034,17,130last_DTend_PP,PP,B1,DTend_QT,58,35.200687285223367,36.1875,9.792641795416257,2.3282085867215669,22.799312714776633,18,0.18114407764511764
RADBILL_4X4_034,17,130last_DTend_QT,QT,B1,DTend_QT,380,359.02061855670104,371.5625,33.101800051759525,0.63378370392228267,20.979381443298962,18,0
RADBILL_4X4_034,18,110_DTend_PP,PP,B2,DT5_PP,58,54.055555555555557,42.722222222222221,12.394522298440386,0.31824094139882875,3.9444444444444429,18,0
RADBILL_4X4_034,18,110_DTend_QT,QT,B1,DTend_QT,380,381.36875704093126,392.35294117647061,36.319659236546038,0.037686395459183404,1.3687570409312571,18,0
RADBILL_4X4_034,18,120_DTend_PP,PP,B2,DT5_PP,55,49.376857749469224,38.705882352941174,10.710769731223527,0.52499889285626777,5.6231422505307762,18,0
RADBILL_4X4_034,18,120_DTend_QT,QT,B2,DT5_PP,355,376.83979406420349,390.9375,25.378386473532945,0.86056669075396708,21.839794064203488,18,-0.035138242446157819
RADBILL_4X4_034,18,130first_DTend_PP,PP,B2,DT5_PP,41,45.19426751592357,33.705882352941174,11.601533874246721,0.36152698094810337,4.1942675159235705,18,0
RADBILL_4X4_034,18,130first_DTend_QT,QT,B1,DTend_QT,355,361.9173782019086,375,31.770662567847086,0.2177284841679446,6.9173782019086048,18,0
RADBILL_4X4_034,18,130last_DTend_PP,PP,B1,DTend_QT,45,36.277158774373255,37,11.033282980751165,0.79059344719470603,8.7228412256267447,18,0.60314783155115459
RADBILL_4X4_034,18,130last_DTend_QT,QT,B1,DTend_QT,350,355.59888579387189,373.4375,32.645507603139926,0.17150555175724613,5.5988857938718866,18,0
RADBILL_4X4_035,1,110_DTend_PP,PP,B2,DTend_PP,39,54.426783114992723,43.777777777777779,12.859217593780077,1.1996673205416917,15.426783114992723,18,0
RADBILL_4X4_035,1,110_DTend_QT,QT,B1,DTend_QT,415,423.2665330661323,390.29411764705884,35.945731154551495,0.22997259481493612,8.2665330661322969,18,0
RADBILL_4X4_035,1,120_DTend_PP,PP,B2,DTend_PP,34,50.000000000000007,39.941176470588232,11.327348477442184,1.4125106181612723,16.000000000000007,18,0
RADBILL_4X4_035,1,120_DTend_QT,QT,B2,DTend_PP,400,377.7041793398671,388.125,26.762847382145271,0.83308851041789644,22.295820660132904,18,0.47676281059932002
RADBILL_4X4_035,1,130first_DTend_PP,PP,B1,DTend_QT,25,36.687065740245856,34.647058823529413,11.499680302461609,1.0162948388873154,11.687065740245856,18,-0.57813995308727106
RADBILL_4X4_035,1,130first_DTend_QT,QT,B2,DTend_PP,405,361.52884876196379,372.05882352941177,31.127701867137763,1.3965422639802947,43.471151238036214,18,1.2310630134387175
RADBILL_4X4_035,1,130last_DTend_PP,PP,B1,DTend_QT,35,35.686217008797655,37.625,11.194492693582262,0.061299518216762015,0.68621700879765513,18,-0.5644607973157304
RADBILL_4X4_035,1,130last_DTend_QT,QT,B1,DTend_QT,395,398.72800586510266,370.625,32.602402774437756,0.1143475801736196,3.7280058651026593,18,0
RADBILL_4X4_035,2,110_DTend_PP,PP,B2,DT5_PP,63,44.636021730045968,42.444444444444443,11.961812877664549,1.5352169823893329,18.363978269954032,18,0
RADBILL_4X4_035,2,110_DTend_QT,QT,B1,DTend_QT,410,406.63678840469152,390.58823529411762,36.136994243312166,0.093068382297205335,3.3632115953084849,18,0
RADBILL_4X4_035,2,120_DTend_PP,PP,B2,DT5_PP,60,40.703823720025923,38.411764705882355,10.143093854499053,1.9023955172627234,19.296176279974077,18,0
RADBILL_4X4_035,2,120_DTend_QT,QT,B2,DT5_PP,395,386.85916953859538,388.4375,26.87742237145023,0.3028873211462414,8.1408304614046187,18,0.25769401672252856
RADBILL_4X4_035,2,130first_DTend_PP,PP,B1,DTend_QT,53,32.753377951761586,33,10.682930309610748,1.8952311268027111,20.246622048238414,18,0.23732676719998347
RADBILL_4X4_035,2,130first_DTend_QT,QT,B2,DT5_PP,380,371.150356448477,373.52941176470586,32.101630891316923,0.27567582411885239,8.8496435515230019,18,0.078931218641648926
RADBILL_4X4_035,2,130last_DTend_PP,PP,B1,DTend_QT,49,35.096485182632669,36.75,10.785793124908958,1.289058176469029,13.903514817367331,18,0.23808641887107207
RADBILL_4X4_035,2,130last_DTend_QT,QT,B1,DTend_QT,370,383.04272915230877,372.1875,33.164677494788535,0.39327170162768166,13.042729152308766,18,0
RADBILL_4X4_035,3,110_DTend_PP,PP,B2,DTend_PP,48,48.750209321797378,43.277777777777779,12.860361149240285,0.058335011986945323,0.75020932179737798,18,0
RADBILL_4X4_035,3,110_DTend_QT,QT,B1,DTend_QT,365,348.125,393.23529411764707,35.791984807643573,0.47147427254149515,16.875,18,0
RADBILL_4X4_035,3,120_DTend_PP,PP,B2,DTend_PP,46,44.320697976610354,39.235294117647058,11.300052056100814,0.14861011392270559,1.6793020233896456,18,0
RADBILL_4X4_035,3,120_DTend_QT,QT,B2,DTend_PP,390,383.0509383378016,388.75,26.92582403567252,0.25808167107502372,6.9490616621984032,18,-1.6845586843343845
RADBILL_4X4_035,3,130first_DTend_PP,PP,B1,DTend_QT,39,28.675754060324824,33.823529411764703,11.668522261396509,0.88479463880626408,10.324245939675176,18,0.801598027504695
RADBILL_4X4_035,3,130first_DTend_QT,QT,B2,DTend_PP,335,371.95266382030815,376.1764705882353,30.543483949358261,1.2098378784023605,36.952663820308146,18,1.0942786195947707
RADBILL_4X4_035,3,130last_DTend_PP,PP,B1,DTend_QT,32,40.233102253032925,37.8125,11.118865349785771,0.74046244774351488,8.233102253032925,18,0.04796985418642119
RADBILL_4X4_035,3,130last_DTend_QT,QT,B1,DTend_QT,345,314.84835355285963,373.75,32.377976053690155,0.93123938312703602,30.151646447140365,18,0
RADBILL_4X4_035,4,110_DTend_PP,PP,B2,DTend_PP,26,31.717540202501493,44.5,12.147379286472114,0.4706809648126169,5.7175402025014925,18,-0.32586666309693713
RADBILL_4X4_035,4,110_DTend_QT,QT,B1,DTend_QT,460,421.97167196961919,387.64705882352939,31.923622085515664,1.1912284868086744,38.028328030380806,18,0
RADBILL_4X4_035,4,120_DTend_PP,PP,B2,DTend_PP,28,28.204438466711494,40.294117647058826,11.021369617034631,0.018549279609996371,0.20443846671149402,18,-0.34795952104286287
RADBILL_4X4_035,4,120_DTend_QT,QT,B2,DTend_PP,445,386.05469227945673,385.3125,22.395591083961147,2.6320050004287499,58.945307720543269,18,0.90052656807813514
RADBILL_4X4_035,4,130first_DTend_PP,PP,B1,DTend_QT,25,37.411910328703065,34.647058823529413,11.499680302461609,1.079326555369212,12.411910328703065,18,0.96733219080451871
RADBILL_4X4_035,4,130first_DTend_QT,QT,B2,DTend_PP,430,370.49171248862694,370.58823529411762,28.716412605706452,2.07227442816265,59.508287511373055,18,1.0636154740986521
RADBILL_4X4_035,4,130last_DTend_PP,PP,B1,DTend_QT,30,36.44048521607278,37.9375,11.036114956511343,0.58358265036672829,6.4404852160727799,18,0.36792353160430891
RADBILL_4X4_035,4,130last_DTend_QT,QT,B1,DTend_QT,435,397.73692191053829,368.125,28.628365886535217,1.3016138691656047,37.263078089461715,18,0
RADBILL_4X4_035,5,110_DTend_PP,PP,B2,DT5_PP,37,43.965104652712974,43.888888888888886,12.805738092924404,0.54390497464268972,6.9651046527129736,18,0
RADBILL_4X4_035,5,110_DTend_QT,QT,B1,DTend_QT,385,391.93862275449101,392.05882352941177,36.403074369198706,0.19060540557975236,6.9386227544910071,18,0
RADBILL_4X4_035,5,120_DTend_PP,PP,B2,DT5_PP,33,40.338928340865074,40,11.291589790636214,0.64994641825821842,7.3389283408650741,18,0
RADBILL_4X4_035,5,120_DTend_QT,QT,B2,DT5_PP,385,390.9828602035351,389.0625,26.908409466187333,0.22234165163322125,5.9828602035350968,18,0.18057752295099824
RADBILL_4X4_035,5,130first_DTend_PP,PP,B1,DTend_QT,26,33.732107355864812,34.588235294117645,11.549127800019207,0.66949708148973408,7.7321073558648123,18,-0.10336820348346842
RADBILL_4X4_035,5,130first_DTend_QT,QT,B2,DT5_PP,375,373.4885409941898,373.8235294117647,32.138830279969831,0.047029060878802278,1.5114590058101953,18,-0.078467111933712683
RADBILL_4X4_035,5,130last_DTend_PP,PP,B1,DTend_QT,29,37.181446111869029,38,10.984838035522721,0.74479442349645075,8.1814461118690289,18,0.027025608181698857
RADBILL_4X4_035,5,130last_DTend_QT,QT,B1,DTend_QT,375,365.28308321964528,371.875,33.159965822258222,0.29303156801905872,9.7169167803547225,18,0
RADBILL_4X4_035,6,110_DTend_PP,PP,B2,DT5_PP,24,13.290174256845795,44.611111111111114,11.95648428008289,0.89573368661510577,10.709825743154205,18,0.66272104030959866
RADBILL_4X4_035,6,110_DTend_QT,QT,B1,DTend_QT,335,341.58723218189766,395,33.400973039718465,0.19721677491444678,6.5872321818976616,18,0
RADBILL_4X4_035,6,120_DTend_PP,PP,B2,DT5_PP,18,14.813703284258199,40.882352941176471,9.9742315051159238,0.31945285349628227,3.1862967157418005,18,0.024884740687380003
RADBILL_4X4_035,6,130first_DTend_PP,PP,B1,DTend_QT,5,39.143267389917035,35.823529411764703,9.0362830724090255,3.7784636798473623,34.143267389917035,18,1.7482625126262841
RADBILL_4X4_035,6,130first_DTend_QT,QT,B2,DT5_PP,360,428.68629671574178,374.70588235294116,31.940892101431579,2.1504188579837216,68.686296715741776,18,0.54391962985474684
RADBILL_4X4_035,7,110_DTend_PP,PP,B2,DT5_PP,31,40.05513243917234,44.222222222222221,12.525529485370624,0.72293410428265048,9.0551324391723398,18,0
RADBILL_4X4_035,7,110_DTend_QT,QT,B1,DTend_QT,385,391.93862275449101,392.05882352941177,36.403074369198706,0.19060540557975236,6.9386227544910071,18,0
RADBILL_4X4_035,7,120_DTend_PP,PP,B2,DT5_PP,30,36.518415906127771,40.176470588235297,11.148067624691997,0.58471262693904447,6.5184159061277711,18,0
RADBILL_4X4_035,7,120_DTend_QT,QT,B2,DT5_PP,390,397.88514728253352,388.75,26.92582403567252,0.29284701824118486,7.8851472825335236,18,0.052621091329330294
RADBILL_4X4_035,7,130first_DTend_PP,PP,B1,DTend_QT,38,32.980616302186881,33.882352941176471,11.693386768496415,0.42924977999838554,5.0193836978131188,18,-0.24646562401310357
RADBILL_4X4_035,7,130first_DTend_QT,QT,B2,DT5_PP,390,376.49282920469363,372.94117647058823,31.871755890277083,0.42379751030368906,13.507170795306365,18,-0.20285964924105715
RADBILL_4X4_035,7,130last_DTend_PP,PP,B1,DTend_QT,33,36.905866302864936,37.75,11.150485789118488,0.35028664909618418,3.9058663028649363,18,0.30527812021374989
RADBILL_4X4_035,7,130last_DTend_QT,QT,B1,DTend_QT,395,363.90518417462482,370.625,32.602402774437756,0.95375840978675919,31.094815825375179,18,0
RADBILL_4X4_035,8,110_DTend_PP,PP,B2,DTend_PP,44,32.774790877243149,43.5,12.908045826492232,0.86962885580390814,11.225209122756851,18,0
RADBILL_4X4_035,8,110_DTend_QT,QT,B1,DTend_QT,430,446.40915269596735,389.41176470588238,35.083932974243019,0.46771132267337817,16.40915269596735,18,0
RADBILL_4X4_035,8,120_DTend_PP,PP,B2,DTend_PP,36,30.304635258358665,39.823529411764703,11.381098882124954,0.50042309627820036,5.6953647416413347,18,0
RADBILL_4X4_035,8,120_DTend_QT,QT,B2,DTend_PP,420,391.1862464183381,386.875,25.617376914898998,1.1247737688905961,28.813753581661899,18,0.88054103056377431
RADBILL_4X4_035,8,130first_DTend_PP,PP,B1,DTend_QT,38,36.042003733665211,33.882352941176471,11.693386768496415,0.16744475361149419,1.9579962663347885,18,-0.90242581357535889
RADBILL_4X4_035,8,130first_DTend_QT,QT,B2,DTend_PP,420,372.17249240121578,371.1764705882353,29.871046378804774,1.6011326483936161,47.827507598784223,18,1.6003514435005615
RADBILL_4X4_035,8,130last_DTend_PP,PP,B1,DTend_QT,40,32.955105633802816,37.3125,11.193562137824284,0.6293701932820569,7.0448943661971839,18,-0.26881289366122063
RADBILL_4X4_035,8,130last_DTend_QT,QT,B1,DTend_QT,415,421.62411971830983,369.375,31.138133106102128,0.21273336123711609,6.6241197183098279,18,0
RADBILL_4X4_035,10,110_DTend_PP,PP,B2,DTend_PP,32,37.250904033379697,44.166666666666664,12.585005083081073,0.41723495530715876,5.2509040333796975,18,0
RADBILL_4X4_035,10,110_DTend_QT,QT,B1,DTend_QT,425,427.78045776454894,389.70588235294116,35.420270866204483,0.078499054257709186,2.7804577645489417,18,0
RADBILL_4X4_035,10,120_DTend_PP,PP,B2,DTend_PP,33,33.654296802809093,40,11.291589790636214,0.05794549881290248,0.65429680280909253,18,0
RADBILL_4X4_035,10,120_DTend_QT,QT,B2,DTend_PP,405,391.57177269243402,387.8125,26.581243387020105,0.50517679372828428,13.428227307565976,18,0.17624687652304316
RADBILL_4X4_035,10,130first_DTend_PP,PP,B1,DTend_QT,22,37.940448356484666,34.823529411764703,11.315008252966759,1.4087880450555685,15.940448356484666,18,0.73403008498998734
RADBILL_4X4_035,10,130first_DTend_QT,QT,B2,DTend_PP,405,372.96673442986508,372.05882352941177,31.127701867137763,1.029091890781477,32.033265570134915,18,1.0149753053881787
RADBILL_4X4_035,10,130last_DTend_PP,PP,B1,DTend_QT,23,37.756633813495071,38.375,10.531698185319719,1.4011637585726249,14.756633813495071,18,0.35477446599949403
RADBILL_4X4_035,10,130last_DTend_QT,QT,B1,DTend_QT,395,405.25777103866562,370.625,32.602402774437756,0.31463236343759093,10.257771038665624,18,0
RADBILL_4X4_035,11,110_DTend_PP,PP,B2,DTend_PP,50,55.371775644871022,43.166666666666664,12.807396759869114,0.41942759684802011,5.3717756448710219,18,0
RADBILL_4X4_035,11,110_DTend_QT,QT,B1,DTend_QT,410,406.63678840469152,390.58823529411762,36.136994243312166,0.093068382297205335,3.3632115953084849,18,0
RADBILL_4X4_035,11,120_DTend_PP,PP,B2,DTend_PP,45,50.723311633851196,39.294117647058826,11.334486677185435,0.50494669911883483,5.7233116338511962,18,0
RADBILL_4X4_035,11,120_DTend_QT,QT,B2,DTend_PP,390,376.90195161855792,388.75,26.92582403567252,0.48644930473025494,13.098048381442084,18,0.24079651242780661
RADBILL_4X4_035,11,130first_DTend_PP,PP,B1,DTend_QT,39,33.872458643768148,33.823529411764703,11.668522261396509,0.43943365246818999,5.1275413562318519,18,0.073767484836913422
RADBILL_4X4_035,11,130first_DTend_QT,QT,B2,DTend_PP,375,364.0674547705579,373.8235294117647,32.138830279969831,0.34016624544844387,10.932545229442098,18,-0.02436147004545719
RADBILL_4X4_035,11,130last_DTend_PP,PP,B1,DTend_QT,48,35.176430048242594,36.8125,10.857984773121268,1.1810267024413137,12.823569951757406,18,0.5410217133030335
RADBILL_4X4_035,11,130last_DTend_QT,QT,B1,DTend_QT,370,383.04272915230877,372.1875,33.164677494788535,0.39327170162768166,13.042729152308766,18,0
RADBILL_4X4_035,12,110_DTend_PP,PP,B2,DTend_PP,47,49.929069031032299,43.333333333333336,12.87953232618236,0.2274204495048236,2.9290690310322987,18,0
RADBILL_4X4_035,12,120_DTend_PP,PP,B2,DTend_PP,41,45.792240862792092,39.529411764705884,11.413356468732278,0.41988006559865054,4.7922408627920916,18,0
RADBILL_4X4_035,12,120_DTend_QT,QT,B2,DTend_PP,380,383.13088665151025,389.375,26.825050481468498,0.1167150329753585,3.1308866515102522,18,0.11229540658498828
RADBILL_4X4_035,12,130first_DTend_PP,PP,B1,DTend_QT,33,32.948024429764423,34.176470588235297,11.732621691877135,0.0044300047849971137,0.05197557023557664,18,-0.54461450930290722
RADBILL_4X4_035,12,130first_DTend_QT,QT,B2,DTend_PP,350,370.19772318753746,375.29411764705884,31.54711695599606,0.64023990577999701,20.197723187537463,18,0.088704502793332529
RADBILL_4X4_035,12,130last_DTend_PP,PP,B1,DTend_QT,17,38.356701030927837,38.75,9.8013604497879108,2.1789527219550395,21.356701030927837,18,-0.3550460426480293
RADBILL_4X4_035,12,130last_DTend_QT,QT,B1,DTend_QT,350,361.32989690721649,373.4375,32.645507603139926,0.34705837767787551,11.329896907216494,18,0
RADBILL_4X4_035,13,110_DTend_PP,PP,B2,DTend_PP,49,46.558539944903579,43.222222222222221,12.836325090541505,0.19019930064683543,2.4414600550964209,18,0
RADBILL_4X4_035,13,110_DTend_QT,QT,B1,DTend_QT,395,396.75973721257623,391.47058823529414,36.433359794045252,0.048300162887086842,1.7597372125762263,18,0
RADBILL_4X4_035,13,120_DTend_PP,PP,B2,DTend_PP,45,42.473310130060455,39.294117647058826,11.334486677185435,0.22292053816829488,2.5266898699395455,18,0
RADBILL_4X4_035,13,120_DTend_QT,QT,B2,DTend_PP,385,385.18618428012269,389.0625,26.908409466187333,0.0069191856306722484,0.18618428012268851,18,-0.11229873417246505
RADBILL_4X4_035,13,130first_DTend_PP,PP,B1,DTend_QT,40,33.193307625326533,33.764705882352942,11.637919765601936,0.58487191111180614,6.8066923746734673,18,0.27066509774014313
RADBILL_4X4_035,13,130first_DTend_QT,QT,B2,DTend_PP,370,370.01941747572818,374.11764705882354,32.124527920541446,0.00060444392447428334,0.019417475728175759,18,-0.20092579970475785
RADBILL_4X4_035,13,130last_DTend_PP,PP,B1,DTend_QT,39,36.309734513274336,37.375,11.206396982676159,0.24006516018346619,2.6902654867256643,18,0.14800790289451862
RADBILL_4X4_035,13,130last_DTend_QT,QT,B1,DTend_QT,375,371.05173587474474,371.875,33.159965822258222,0.11906719525642695,3.9482641252552639,18,0
RADBILL_4X4_035,14,110_DTend_PP,PP,B2,DTend_PP,30,31.088594401429425,44.277777777777779,12.460788170499704,0.087361600769894993,1.0885944014294253,18,0
RADBILL_4X4_035,14,110_DTend_QT,QT,B1,DTend_QT,395,396.75973721257623,391.47058823529414,36.433359794045252,0.048300162887086842,1.7597372125762263,18,0
RADBILL_4X4_035,14,120_DTend_PP,PP,B2,DTend_PP,30,27.883618814035366,40.176470588235297,11.148067624691997,0.18984287297262484,2.1163811859646344,18,0
RADBILL_4X4_035,14,120_DTend_QT,QT,B2,DTend_PP,385,400.6417472164444,389.0625,26.908409466187333,0.5812958672306352,15.641747216444401,18,0.46207794742749791
RADBILL_4X4_035,14,130first_DTend_PP,PP,B1,DTend_QT,28,33.95907451175519,34.470588235294116,11.63033558769277,0.51237339342650501,5.9590745117551904,18,0.16398949344268698
RADBILL_4X4_035,14,130first_DTend_QT,QT,B2,DTend_PP,365,380.91835120060131,374.41176470588238,32.058654883528355,0.49653833757011778,15.918351200601307,18,0.12867719314100529
RADBILL_4X4_035,14,130last_DTend_PP,PP,B1,DTend_QT,28,37.043567052416606,38.0625,10.926840043367219,0.82764706141243527,9.0435670524166056,18,0.61990968083532838
RADBILL_4X4_035,14,130last_DTend_QT,QT,B1,DTend_QT,345,373.05309734513276,373.75,32.377976053690155,0.86642529164312954,28.053097345132755,18,0
RADBILL_4X4_035,15,110_DTend_PP,PP,B2,DTend_PP,43,43.806368037090067,43.555555555555557,12.907919239171251,0.062470799681098685,0.80636803709006699,18,0
RADBILL_4X4_035,15,110_DTend_QT,QT,B1,DTend_QT,330,322.83185840707966,395.29411764705884,32.809611217374922,0.21847688305200996,7.1681415929203354,18,0
RADBILL_4X4_035,16,110_DTend_PP,PP,B2,DT5_PP,36,56.34790652560487,43.944444444444443,12.771623979939562,1.5932121519992604,20.34790652560487,18,0
RADBILL_4X4_035,16,110_DTend_QT,QT,B1,DTend_QT,345,351.48026315789474,394.41176470588238,34.409407913260821,0.18832823785373398,6.4802631578947398,18,0
RADBILL_4X4_035,16,120_DTend_PP,PP,B2,DT5_PP,35,51.662876137158847,39.882352941176471,11.357169282776718,1.4671680699897902,16.662876137158847,18,0
RADBILL_4X4_035,16,120_DTend_QT,QT,B2,DT5_PP,330,382.30538922155688,392.5,21.908902300206645,2.3874034629778569,52.305389221556879,18,1.0561663183194117
RADBILL_4X4_035,16,130first_DTend_PP,PP,B1,DTend_QT,29,31.077146171693734,34.411764705882355,11.662219040181695,0.17810900005710856,2.0771461716937338,18,-1.2959408984169745
RADBILL_4X4_035,16,130first_DTend_QT,QT,B2,DT5_PP,310,372.08012596221135,377.64705882352939,27.620058780871986,2.2476464099781124,62.080125962211355,18,1.2529382477036797
RADBILL_4X4_035,16,130last_DTend_PP,PP,B1,DTend_QT,41,37.012131715771233,37.25,11.17437544861755,0.35687616749284462,3.9878682842287674,18,-0.18000002515692964
RADBILL_4X4_035,16,130last_DTend_QT,QT,B1,DTend_QT,310,327.37435008665511,375.9375,28.764489102595466,0.60402081276970765,17.374350086655113,18,0
RADBILL_4X4_035,17,110_DTend_PP,PP,B2,DTend_PP,67,46.223207481815038,42.222222222222221,11.507315093174201,1.8055291221241643,20.776792518184962,18,0
RADBILL_4X4_035,17,110_DTend_QT,QT,B1,DTend_QT,385,386.49433891644054,392.05882352941177,36.403074369198706,0.041049799840667506,1.4943389164405403,18,0
RADBILL_4X4_035,17,120_DTend_PP,PP,B2,DTend_PP,53,42.786819991154353,38.823529411764703,10.887121371818443,0.93809737763029732,10.213180008845647,18,0
RADBILL_4X4_035,17,120_DTend_QT,QT,B2,DTend_PP,390,383.94274768543153,388.75,26.92582403567252,0.22496070339550453,6.0572523145684727,18,-0.17942120657974484
RADBILL_4X4_035,17,130first_DTend_PP,PP,B1,DTend_QT,49,31.893057459803064,33.235294117647058,11.093519570929157,1.5420662875131264,17.106942540196936,18,0.40696973378277423
RADBILL_4X4_035,17,130first_DTend_QT,QT,B2,DTend_PP,370,369.43166740380366,374.11764705882354,32.124527920541446,0.017691547019837509,0.56833259619634191,18,-0.10431357189594215
RADBILL_4X4_035,17,130last_DTend_PP,PP,B1,DTend_QT,58,35.200687285223367,36.1875,9.792641795416257,2.3282085867215669,22.799312714776633,18,0.18114407764511764
RADBILL_4X4_035,17,130last_DTend_QT,QT,B1,DTend_QT,380,359.02061855670104,371.5625,33.101800051759525,0.63378370392228267,20.979381443298962,18,0
RADBILL_4X4_035,18,110_DTend_PP,PP,B2,DTend_PP,58,56.284914463452566,42.722222222222221,12.394522298440386,0.13837447666403771,1.7150855365474342,18,-0.17986646473479104
RADBILL_4X4_035,18,110_DTend_QT,QT,B1,DTend_QT,380,381.36875704093126,392.35294117647061,36.319659236546038,0.037686395459183404,1.3687570409312571,18,0
RADBILL_4X4_035,18,120_DTend_PP,PP,B2,DTend_PP,55,50.982349285270352,38.705882352941174,10.710769731223527,0.37510382685359983,4.0176507147296476,18,-0.14989506600266794
RADBILL_4X4_035,18,120_DTend_QT,QT,B2,DTend_PP,355,382.86736816346507,390.9375,25.378386473532945,1.098074859586833,27.867368163465073,18,0.20236992638670814
RADBILL_4X4_035,18,130first_DTend_PP,PP,B1,DTend_QT,41,32.007785032646908,33.705882352941174,11.601533874246721,0.77508845509766267,8.9922149673530924,18,0.41356147414955929
RADBILL_4X4_035,18,130first_DTend_QT,QT,B2,DTend_PP,355,366.64449968924799,375,31.770662567847086,0.36651737005423973,11.644499689247994,18,0.14878888588629513
RADBILL_4X4_035,18,130last_DTend_PP,PP,B1,DTend_QT,45,36.277158774373255,37,11.033282980751165,0.79059344719470603,8.7228412256267447,18,0.60314783155115459
RADBILL_4X4_035,18,130last_DTend_QT,QT,B1,DTend_QT,350,355.59888579387189,373.4375,32.645507603139926,0.17150555175724613,5.5988857938718866,18,0
