partition_id,heldout_rat,target,target_family,block_id,candidate_action,candidate_value,observed_native,predicted_native,outer_training_target_mean,outer_training_target_sd,standardized_absolute_error,native_absolute_error,outer_training_n,paired_cell_loss_difference_vs_natural
RLC1_2X2_001,Rat_01,3uM_PeakTension,PeakTension,B1,1uM_TTP,123.32810000000001,40.76417,42.383031361924935,42.110616666666665,12.963894278187656,0.12487461924529449,1.6188613619249352,6,-0.22839331592729012
RLC1_2X2_001,Rat_01,3uM_TTP,TTP,B1,1uM_TTP,123.32810000000001,105.8254,116.96642028464021,120.08771666666667,21.937810375734102,0.5078455914161577,11.141020284640206,6,0
RLC1_2X2_001,Rat_01,3uM_RT50,RT50,B2,1uM_TTP,123.32810000000001,66.563490000000002,81.097760274280148,83.929366666666667,20.084843746467797,0.72364368166101378,14.534270274280146,6,0.14642722068359793
RLC1_2X2_001,Rat_01,10uM_PeakTension,PeakTension,B2,1uM_TTP,123.32810000000001,19.373999999999999,19.587466255132853,19.899573333333333,4.0181729455744772,0.053125203425591891,0.21346625513285389,6,-0.28129392656356039
RLC1_2X2_001,Rat_01,10uM_TTP,TTP,B3,1uM_RT50,81.343919999999997,88.825400000000002,95.955974022859635,102.17664833333333,23.290371296264397,0.30615974009840385,7.1305740228596335,6,-0.13813298231563953
RLC1_2X2_001,Rat_01,10uM_RT50,RT50,B3,1uM_RT50,81.343919999999997,68.023809999999997,69.461053537311457,74.237520000000004,17.829776240136049,0.080609174111569953,1.4372435373114598,6,0
RLC1_2X2_001,Rat_02,3uM_PeakTension,PeakTension,B1,1uM_PeakTension,62.752249999999997,27.920500000000001,39.007578166706317,44.25122833333333,11.074953472117915,1.0010947851491139,11.087078166706316,6,-0.62980582885650893
RLC1_2X2_001,Rat_02,3uM_TTP,TTP,B1,1uM_PeakTension,62.752249999999997,128.69999999999999,113.37798193324569,116.27528333333333,22.12858777856524,0.692408310014067,15.322018066754296,6,-0.27402205009676039
RLC1_2X2_001,Rat_02,3uM_RT50,RT50,B2,1uM_RT50,112.78570000000001,101.2,106.94734046282501,78.156615000000002,19.080648141179847,0.30121306259094521,5.747340462825008,6,0
RLC1_2X2_001,Rat_02,10uM_PeakTension,PeakTension,B2,1uM_RT50,112.78570000000001,16.722300000000001,25.287809229239592,20.341523333333335,3.734643538056432,2.2935279209263486,8.5655092292395913,6,0.34693433720675215
RLC1_2X2_001,Rat_02,10uM_TTP,TTP,B3,1uM_RT50,112.78570000000001,112.83329999999999,133.4998412369186,98.175331666666679,23.155281784082359,0.8925195309488918,20.666541236918604,6,0
RLC1_2X2_001,Rat_02,10uM_RT50,RT50,B3,1uM_RT50,112.78570000000001,93,91.189530427027378,70.074821666666665,15.310883681840728,0.11824722926475532,1.8104695729726217,6,0
RLC1_2X2_001,Rat_03,3uM_PeakTension,PeakTension,B1,1uM_TTP,114.04770000000001,38.391300000000001,43.881394453402784,42.506094999999995,12.863545061658158,0.42679482421738335,5.4900944534027829,6,-0.23104422514987055
RLC1_2X2_001,Rat_03,3uM_TTP,TTP,B1,1uM_TTP,114.04770000000001,101.8056,108.82856055687728,120.75768333333333,21.320517701445873,0.32939915696329508,7.0229605568772797,6,0
RLC1_2X2_001,Rat_03,3uM_RT50,RT50,B2,1uM_TTP,114.04770000000001,66.694450000000003,73.01264203656109,83.907539999999997,20.107377765759512,0.31422257592037789,6.3181920365610864,6,-0.17283164840155857
RLC1_2X2_001,Rat_03,10uM_PeakTension,PeakTension,B2,1uM_TTP,114.04770000000001,22.675799999999999,17.82975063084394,19.349273333333333,3.7810152442626657,1.2816794051569833,4.8460493691560593,6,0.65772709682061392
RLC1_2X2_001,Rat_03,10uM_TTP,TTP,B3,1uM_RT50,79.698409999999996,90.528570000000002,93.815449672662851,101.89278666666667,23.470413776128158,0.14004353327617708,3.2868796726628489,6,0.11625404690634959
RLC1_2X2_001,Rat_03,10uM_RT50,RT50,B3,1uM_RT50,79.698409999999996,62.414290000000001,69.163822382641612,75.172439999999995,17.2225525155791,0.39190081589451675,6.7495323826416112,6,0
RLC1_2X2_001,Rat_04,3uM_PeakTension,PeakTension,B1,1uM_PeakTension,75.601299999999995,46.323050000000002,48.767800596414595,41.184136666666667,12.800241460036084,0.1909925374491882,2.4447505964145932,6,0
RLC1_2X2_001,Rat_04,3uM_TTP,TTP,B1,1uM_PeakTension,75.601299999999995,159.57140000000001,108.96802515740846,111.13005,10.67100084223593,4.7421395228742629,50.603374842591549,6,0
RLC1_2X2_001,Rat_04,3uM_RT50,RT50,B2,1uM_PeakTension,75.601299999999995,114.5,69.569594433227053,75.939948333333334,14.149416664802004,3.1754245868341364,44.930405566772947,6,2.3708729979036023
RLC1_2X2_001,Rat_04,10uM_PeakTension,PeakTension,B2,1uM_PeakTension,75.601299999999995,26.349550000000001,20.00943673125558,18.736981666666669,2.5017146572094635,2.5343071203078362,6.340113268744421,6,0
RLC1_2X2_001,Rat_04,10uM_TTP,TTP,B3,1uM_PeakTension,75.601299999999995,139.78579999999999,85.998913771885086,93.683248333333339,14.444289232781809,3.7237475213417719,53.786886228114909,6,0
RLC1_2X2_001,Rat_04,10uM_RT50,RT50,B3,1uM_PeakTension,75.601299999999995,93.857150000000004,62.228644188568389,69.931963333333329,15.046315198310403,2.1020765147192502,31.628505811431616,6,1.8107487257050725
RLC1_2X2_001,Rat_05,3uM_PeakTension,PeakTension,B1,1uM_PeakTension,57.924579999999999,42.437570000000001,28.067908039747767,41.831716666666665,12.973450452089709,1.1076206760351583,14.369661960252234,6,0
RLC1_2X2_001,Rat_05,3uM_TTP,TTP,B1,1uM_PeakTension,57.924579999999999,101.3954,121.1071337456829,120.82605000000001,21.246542203732826,0.92776196506082442,19.711733745682906,6,0.91327352387020311
RLC1_2X2_001,Rat_05,3uM_RT50,RT50,B2,1uM_TTP,107.1763,72.617649999999998,64.175760081215159,82.920339999999996,20.902223188794057,0.40387521664732012,8.4418899187848382,6,0.096695853420294464
RLC1_2X2_001,Rat_05,10uM_PeakTension,PeakTension,B2,1uM_TTP,107.1763,18.484660000000002,18.09560072438072,20.047796666666667,3.9716746027672847,0.097958497241491693,0.38905927561928166,6,-0.2734574416420435
RLC1_2X2_001,Rat_05,10uM_TTP,TTP,B3,1uM_RT50,71.75,85.262500000000003,85.830797333557811,102.770465,22.813411338087732,0.024910668778808077,0.56829733355780832,6,-0.022812355541797703
RLC1_2X2_001,Rat_05,10uM_RT50,RT50,B3,1uM_RT50,71.75,62.712499999999999,62.17646135680139,75.122738333333345,17.266076803051025,0.031045769650687942,0.53603864319860861,6,0
RLC1_2X2_001,Rat_06,3uM_PeakTension,PeakTension,B1,1uM_TTP,110.7692,32.703879999999998,46.074678271965766,43.453998333333338,12.188609045959947,1.0969913155429061,13.370798271965768,6,0.70606896714321943
RLC1_2X2_001,Rat_06,3uM_TTP,TTP,B1,1uM_TTP,110.7692,118.25,100.68770942125516,118.01695000000001,22.718475507986891,0.77304001197486383,17.562290578744836,6,0
RLC1_2X2_001,Rat_06,3uM_RT50,RT50,B2,1uM_TTP,110.7692,83.583330000000004,65.026752880283013,81.092726666666678,21.308118235497631,0.87086888267792739,18.556577119716991,6,0.21169174335840502
RLC1_2X2_001,Rat_06,10uM_PeakTension,PeakTension,B2,1uM_TTP,110.7692,15.51075,19.379610781896069,20.543448333333334,3.4425448751318646,1.123837429061219,3.8688607818960694,6,0.46582825331553401
RLC1_2X2_001,Rat_06,10uM_TTP,TTP,B3,1uM_RT50,76.692310000000006,109.1818,86.069220902896049,98.783915000000022,23.547088231660187,0.98154722442615971,23.112579097103946,6,-0.21477399981118761
RLC1_2X2_001,Rat_06,10uM_RT50,RT50,B3,1uM_RT50,76.692310000000006,82,62.15164506273959,71.908155000000008,17.523144993185156,1.1326936428922743,19.84835493726041,6,0
RLC1_2X2_001,Rat_07,3uM_PeakTension,PeakTension,B1,1uM_TTP,115.5545,64.8874,37.712084654597312,38.090078333333331,6.7283796408033236,4.0389093357042105,27.175315345402687,6,1.2012222128399732
RLC1_2X2_001,Rat_07,3uM_TTP,TTP,B1,1uM_TTP,115.5545,110.8039,108.26986136212504,119.25796666666668,22.447410250776521,0.11288779460816854,2.5340386378749571,6,0
RLC1_2X2_001,Rat_07,3uM_RT50,RT50,B2,1uM_TTP,115.5545,64.980770000000007,74.736093136351542,84.193153333333342,19.794502256601113,0.49282992872924142,9.7553231363515351,6,0.48274905871603169
RLC1_2X2_001,Rat_07,10uM_PeakTension,PeakTension,B2,1uM_TTP,115.5545,19.65438,18.734939926364813,19.852843333333333,4.0232219551830184,0.22853327106417642,0.91944007363518665,6,-1.6597939135573765
RLC1_2X2_001,Rat_07,10uM_TTP,TTP,B3,1uM_RT50,68.830129999999997,75.467920000000007,85.826814334059975,104.402895,20.723752522835962,0.49985611064623903,10.358894334059968,6,-0.43646358290562637
RLC1_2X2_001,Rat_07,10uM_RT50,RT50,B3,1uM_RT50,68.830129999999997,51.441180000000003,63.626907604321019,77.00129166666666,14.578141688722082,0.83589032570235744,12.185727604321016,6,0
RLC1_2X2_002,Rat_01,3uM_PeakTension,PeakTension,B1,1uM_TTP,123.32810000000001,40.76417,42.383031361924935,42.110616666666665,12.963894278187656,0.12487461924529449,1.6188613619249352,6,-0.22839331592729012
RLC1_2X2_002,Rat_01,3uM_TTP,TTP,B1,1uM_TTP,123.32810000000001,105.8254,116.96642028464021,120.08771666666667,21.937810375734102,0.5078455914161577,11.141020284640206,6,0
RLC1_2X2_002,Rat_01,3uM_RT50,RT50,B2,1uM_TTP,123.32810000000001,66.563490000000002,81.097760274280148,83.929366666666667,20.084843746467797,0.72364368166101378,14.534270274280146,6,0.14642722068359793
RLC1_2X2_002,Rat_01,10uM_PeakTension,PeakTension,B3,1uM_RT50,81.343919999999997,19.373999999999999,19.419271026958732,19.899573333333333,4.0181729455744772,0.011266570048607288,0.045271026958733529,6,-0.32315255994054504
RLC1_2X2_002,Rat_01,10uM_TTP,TTP,B2,1uM_TTP,123.32810000000001,88.825400000000002,99.173142469251204,102.17664833333333,23.290371296264397,0.44429272241404338,10.347742469251202,6,0
RLC1_2X2_002,Rat_01,10uM_RT50,RT50,B3,1uM_RT50,81.343919999999997,68.023809999999997,69.461053537311457,74.237520000000004,17.829776240136049,0.080609174111569953,1.4372435373114598,6,0
RLC1_2X2_002,Rat_02,3uM_PeakTension,PeakTension,B1,1uM_PeakTension,62.752249999999997,27.920500000000001,39.007578166706317,44.25122833333333,11.074953472117915,1.0010947851491139,11.087078166706316,6,-0.62980582885650893
RLC1_2X2_002,Rat_02,3uM_TTP,TTP,B1,1uM_PeakTension,62.752249999999997,128.69999999999999,113.37798193324569,116.27528333333333,22.12858777856524,0.692408310014067,15.322018066754296,6,-0.27402205009676039
RLC1_2X2_002,Rat_02,3uM_RT50,RT50,B2,1uM_RT50,112.78570000000001,101.2,106.94734046282501,78.156615000000002,19.080648141179847,0.30121306259094521,5.747340462825008,6,0
RLC1_2X2_002,Rat_02,10uM_PeakTension,PeakTension,B3,1uM_RT50,112.78570000000001,16.722300000000001,25.287809229239592,20.341523333333335,3.734643538056432,2.2935279209263486,8.5655092292395913,6,0.34693433720675215
RLC1_2X2_002,Rat_02,10uM_TTP,TTP,B2,1uM_RT50,112.78570000000001,112.83329999999999,133.4998412369186,98.175331666666679,23.155281784082359,0.8925195309488918,20.666541236918604,6,0
RLC1_2X2_002,Rat_02,10uM_RT50,RT50,B3,1uM_RT50,112.78570000000001,93,91.189530427027378,70.074821666666665,15.310883681840728,0.11824722926475532,1.8104695729726217,6,0
RLC1_2X2_002,Rat_03,3uM_PeakTension,PeakTension,B1,1uM_TTP,114.04770000000001,38.391300000000001,43.881394453402784,42.506094999999995,12.863545061658158,0.42679482421738335,5.4900944534027829,6,-0.23104422514987055
RLC1_2X2_002,Rat_03,3uM_TTP,TTP,B1,1uM_TTP,114.04770000000001,101.8056,108.82856055687728,120.75768333333333,21.320517701445873,0.32939915696329508,7.0229605568772797,6,0
RLC1_2X2_002,Rat_03,3uM_RT50,RT50,B2,1uM_RT50,79.698409999999996,66.694450000000003,76.487833280850154,83.907539999999997,20.107377765759512,0.48705422432193646,9.7933832808501506,6,0
RLC1_2X2_002,Rat_03,10uM_PeakTension,PeakTension,B3,1uM_RT50,79.698409999999996,22.675799999999999,18.622687779288448,19.349273333333333,3.7810152442626657,1.071963998786243,4.0531122207115509,6,0.44801169044987366
RLC1_2X2_002,Rat_03,10uM_TTP,TTP,B2,1uM_RT50,79.698409999999996,90.528570000000002,93.815449672662851,101.89278666666667,23.470413776128158,0.14004353327617708,3.2868796726628489,6,0.11625404690634959
RLC1_2X2_002,Rat_03,10uM_RT50,RT50,B3,1uM_RT50,79.698409999999996,62.414290000000001,69.163822382641612,75.172439999999995,17.2225525155791,0.39190081589451675,6.7495323826416112,6,0
RLC1_2X2_002,Rat_04,3uM_PeakTension,PeakTension,B1,1uM_PeakTension,75.601299999999995,46.323050000000002,48.767800596414595,41.184136666666667,12.800241460036084,0.1909925374491882,2.4447505964145932,6,0
RLC1_2X2_002,Rat_04,3uM_TTP,TTP,B1,1uM_PeakTension,75.601299999999995,159.57140000000001,108.96802515740846,111.13005,10.67100084223593,4.7421395228742629,50.603374842591549,6,0
RLC1_2X2_002,Rat_04,3uM_RT50,RT50,B2,1uM_PeakTension,75.601299999999995,114.5,69.569594433227053,75.939948333333334,14.149416664802004,3.1754245868341364,44.930405566772947,6,2.3708729979036023
RLC1_2X2_002,Rat_04,10uM_PeakTension,PeakTension,B3,1uM_PeakTension,75.601299999999995,26.349550000000001,20.00943673125558,18.736981666666669,2.5017146572094635,2.5343071203078362,6.340113268744421,6,0
RLC1_2X2_002,Rat_04,10uM_TTP,TTP,B2,1uM_PeakTension,75.601299999999995,139.78579999999999,85.998913771885086,93.683248333333339,14.444289232781809,3.7237475213417719,53.786886228114909,6,0
RLC1_2X2_002,Rat_04,10uM_RT50,RT50,B3,1uM_PeakTension,75.601299999999995,93.857150000000004,62.228644188568389,69.931963333333329,15.046315198310403,2.1020765147192502,31.628505811431616,6,1.8107487257050725
RLC1_2X2_002,Rat_05,3uM_PeakTension,PeakTension,B1,1uM_PeakTension,57.924579999999999,42.437570000000001,28.067908039747767,41.831716666666665,12.973450452089709,1.1076206760351583,14.369661960252234,6,0
RLC1_2X2_002,Rat_05,3uM_TTP,TTP,B1,1uM_PeakTension,57.924579999999999,101.3954,121.1071337456829,120.82605000000001,21.246542203732826,0.92776196506082442,19.711733745682906,6,0.91327352387020311
RLC1_2X2_002,Rat_05,3uM_RT50,RT50,B2,1uM_RT50,71.75,72.617649999999998,66.19691839083707,82.920339999999996,20.902223188794057,0.30717936322702566,6.4207316091629281,6,0
RLC1_2X2_002,Rat_05,10uM_PeakTension,PeakTension,B3,1uM_RT50,71.75,18.484660000000002,18.791316202274089,20.047796666666667,3.9716746027672847,0.077210807265132755,0.30665620227408752,6,-0.29420513161840245
RLC1_2X2_002,Rat_05,10uM_TTP,TTP,B2,1uM_RT50,71.75,85.262500000000003,85.830797333557811,102.770465,22.813411338087732,0.024910668778808077,0.56829733355780832,6,-0.022812355541797703
RLC1_2X2_002,Rat_05,10uM_RT50,RT50,B3,1uM_RT50,71.75,62.712499999999999,62.17646135680139,75.122738333333345,17.266076803051025,0.031045769650687942,0.53603864319860861,6,0
RLC1_2X2_002,Rat_06,3uM_PeakTension,PeakTension,B1,1uM_TTP,110.7692,32.703879999999998,46.074678271965766,43.453998333333338,12.188609045959947,1.0969913155429061,13.370798271965768,6,0.70606896714321943
RLC1_2X2_002,Rat_06,3uM_TTP,TTP,B1,1uM_TTP,110.7692,118.25,100.68770942125516,118.01695000000001,22.718475507986891,0.77304001197486383,17.562290578744836,6,0
RLC1_2X2_002,Rat_06,3uM_RT50,RT50,B2,1uM_TTP,110.7692,83.583330000000004,65.026752880283013,81.092726666666678,21.308118235497631,0.87086888267792739,18.556577119716991,6,0.21169174335840502
RLC1_2X2_002,Rat_06,10uM_PeakTension,PeakTension,B3,1uM_RT50,76.692310000000006,15.51075,19.898706173611455,20.543448333333334,3.4425448751318646,1.2746257006870179,4.387956173611455,6,0.6166165249413329
RLC1_2X2_002,Rat_06,10uM_TTP,TTP,B2,1uM_TTP,110.7692,109.1818,81.011918579475449,98.783915000000022,23.547088231660187,1.1963212242373473,28.169881420524547,6,0
RLC1_2X2_002,Rat_06,10uM_RT50,RT50,B3,1uM_RT50,76.692310000000006,82,62.15164506273959,71.908155000000008,17.523144993185156,1.1326936428922743,19.84835493726041,6,0
RLC1_2X2_002,Rat_07,3uM_PeakTension,PeakTension,B1,1uM_TTP,115.5545,64.8874,37.712084654597312,38.090078333333331,6.7283796408033236,4.0389093357042105,27.175315345402687,6,1.2012222128399732
RLC1_2X2_002,Rat_07,3uM_TTP,TTP,B1,1uM_TTP,115.5545,110.8039,108.26986136212504,119.25796666666668,22.447410250776521,0.11288779460816854,2.5340386378749571,6,0
RLC1_2X2_002,Rat_07,3uM_RT50,RT50,B2,1uM_TTP,115.5545,64.980770000000007,74.736093136351542,84.193153333333342,19.794502256601113,0.49282992872924142,9.7553231363515351,6,0.48274905871603169
RLC1_2X2_002,Rat_07,10uM_PeakTension,PeakTension,B3,1uM_RT50,68.830129999999997,19.65438,18.056129730257997,19.852843333333333,4.0232219551830184,0.39725630043428661,1.5982502697420031,6,-1.4910708841872664
RLC1_2X2_002,Rat_07,10uM_TTP,TTP,B2,1uM_TTP,115.5545,75.467920000000007,94.871977611426473,104.402895,20.723752522835962,0.9363196935518654,19.404057611426467,6,0
RLC1_2X2_002,Rat_07,10uM_RT50,RT50,B3,1uM_RT50,68.830129999999997,51.441180000000003,63.626907604321019,77.00129166666666,14.578141688722082,0.83589032570235744,12.185727604321016,6,0
RLC1_2X2_003,Rat_01,3uM_PeakTension,PeakTension,B1,1uM_TTP,123.32810000000001,40.76417,42.383031361924935,42.110616666666665,12.963894278187656,0.12487461924529449,1.6188613619249352,6,-0.22839331592729012
RLC1_2X2_003,Rat_01,3uM_TTP,TTP,B1,1uM_TTP,123.32810000000001,105.8254,116.96642028464021,120.08771666666667,21.937810375734102,0.5078455914161577,11.141020284640206,6,0
RLC1_2X2_003,Rat_01,3uM_RT50,RT50,B2,1uM_RT50,81.343919999999997,66.563490000000002,78.156792426620527,83.929366666666667,20.084843746467797,0.57721646097741586,11.593302426620525,6,0
RLC1_2X2_003,Rat_01,10uM_PeakTension,PeakTension,B3,1uM_TTP,123.32810000000001,19.373999999999999,19.587466255132853,19.899573333333333,4.0181729455744772,0.053125203425591891,0.21346625513285389,6,-0.28129392656356039
RLC1_2X2_003,Rat_01,10uM_TTP,TTP,B3,1uM_TTP,123.32810000000001,88.825400000000002,99.173142469251204,102.17664833333333,23.290371296264397,0.44429272241404338,10.347742469251202,6,0
RLC1_2X2_003,Rat_01,10uM_RT50,RT50,B2,1uM_RT50,81.343919999999997,68.023809999999997,69.461053537311457,74.237520000000004,17.829776240136049,0.080609174111569953,1.4372435373114598,6,0
RLC1_2X2_003,Rat_02,3uM_PeakTension,PeakTension,B1,1uM_PeakTension,62.752249999999997,27.920500000000001,39.007578166706317,44.25122833333333,11.074953472117915,1.0010947851491139,11.087078166706316,6,-0.62980582885650893
RLC1_2X2_003,Rat_02,3uM_TTP,TTP,B1,1uM_PeakTension,62.752249999999997,128.69999999999999,113.37798193324569,116.27528333333333,22.12858777856524,0.692408310014067,15.322018066754296,6,-0.27402205009676039
RLC1_2X2_003,Rat_02,3uM_RT50,RT50,B2,1uM_RT50,112.78570000000001,101.2,106.94734046282501,78.156615000000002,19.080648141179847,0.30121306259094521,5.747340462825008,6,0
RLC1_2X2_003,Rat_02,10uM_PeakTension,PeakTension,B3,1uM_RT50,112.78570000000001,16.722300000000001,25.287809229239592,20.341523333333335,3.734643538056432,2.2935279209263486,8.5655092292395913,6,0.34693433720675215
RLC1_2X2_003,Rat_02,10uM_TTP,TTP,B3,1uM_RT50,112.78570000000001,112.83329999999999,133.4998412369186,98.175331666666679,23.155281784082359,0.8925195309488918,20.666541236918604,6,0
RLC1_2X2_003,Rat_02,10uM_RT50,RT50,B2,1uM_RT50,112.78570000000001,93,91.189530427027378,70.074821666666665,15.310883681840728,0.11824722926475532,1.8104695729726217,6,0
RLC1_2X2_003,Rat_03,3uM_PeakTension,PeakTension,B1,1uM_TTP,114.04770000000001,38.391300000000001,43.881394453402784,42.506094999999995,12.863545061658158,0.42679482421738335,5.4900944534027829,6,-0.23104422514987055
RLC1_2X2_003,Rat_03,3uM_TTP,TTP,B1,1uM_TTP,114.04770000000001,101.8056,108.82856055687728,120.75768333333333,21.320517701445873,0.32939915696329508,7.0229605568772797,6,0
RLC1_2X2_003,Rat_03,3uM_RT50,RT50,B2,1uM_RT50,79.698409999999996,66.694450000000003,76.487833280850154,83.907539999999997,20.107377765759512,0.48705422432193646,9.7933832808501506,6,0
RLC1_2X2_003,Rat_03,10uM_PeakTension,PeakTension,B3,1uM_TTP,114.04770000000001,22.675799999999999,17.82975063084394,19.349273333333333,3.7810152442626657,1.2816794051569833,4.8460493691560593,6,0.65772709682061392
RLC1_2X2_003,Rat_03,10uM_TTP,TTP,B3,1uM_TTP,114.04770000000001,90.528570000000002,89.97022091137859,101.89278666666667,23.470413776128158,0.02378948636982749,0.55834908862141219,6,0
RLC1_2X2_003,Rat_03,10uM_RT50,RT50,B2,1uM_RT50,79.698409999999996,62.414290000000001,69.163822382641612,75.172439999999995,17.2225525155791,0.39190081589451675,6.7495323826416112,6,0
RLC1_2X2_003,Rat_04,3uM_PeakTension,PeakTension,B1,1uM_PeakTension,75.601299999999995,46.323050000000002,48.767800596414595,41.184136666666667,12.800241460036084,0.1909925374491882,2.4447505964145932,6,0
RLC1_2X2_003,Rat_04,3uM_TTP,TTP,B1,1uM_PeakTension,75.601299999999995,159.57140000000001,108.96802515740846,111.13005,10.67100084223593,4.7421395228742629,50.603374842591549,6,0
RLC1_2X2_003,Rat_04,3uM_RT50,RT50,B2,1uM_RT50,118.16670000000001,114.5,103.11606433989337,75.939948333333334,14.149416664802004,0.80455158893053402,11.38393566010663,6,0
RLC1_2X2_003,Rat_04,10uM_PeakTension,PeakTension,B3,1uM_PeakTension,75.601299999999995,26.349550000000001,20.00943673125558,18.736981666666669,2.5017146572094635,2.5343071203078362,6.340113268744421,6,0
RLC1_2X2_003,Rat_04,10uM_TTP,TTP,B3,1uM_PeakTension,75.601299999999995,139.78579999999999,85.998913771885086,93.683248333333339,14.444289232781809,3.7237475213417719,53.786886228114909,6,0
RLC1_2X2_003,Rat_04,10uM_RT50,RT50,B2,1uM_RT50,118.16670000000001,93.857150000000004,98.240559739534191,69.931963333333329,15.046315198310403,0.29132778901417761,4.3834097395341871,6,0
RLC1_2X2_003,Rat_05,3uM_PeakTension,PeakTension,B1,1uM_PeakTension,57.924579999999999,42.437570000000001,28.067908039747767,41.831716666666665,12.973450452089709,1.1076206760351583,14.369661960252234,6,0
RLC1_2X2_003,Rat_05,3uM_TTP,TTP,B1,1uM_PeakTension,57.924579999999999,101.3954,121.1071337456829,120.82605000000001,21.246542203732826,0.92776196506082442,19.711733745682906,6,0.91327352387020311
RLC1_2X2_003,Rat_05,3uM_RT50,RT50,B2,1uM_RT50,71.75,72.617649999999998,66.19691839083707,82.920339999999996,20.902223188794057,0.30717936322702566,6.4207316091629281,6,0
RLC1_2X2_003,Rat_05,10uM_PeakTension,PeakTension,B3,1uM_RT50,71.75,18.484660000000002,18.791316202274089,20.047796666666667,3.9716746027672847,0.077210807265132755,0.30665620227408752,6,-0.29420513161840245
RLC1_2X2_003,Rat_05,10uM_TTP,TTP,B3,1uM_RT50,71.75,85.262500000000003,85.830797333557811,102.770465,22.813411338087732,0.024910668778808077,0.56829733355780832,6,-0.022812355541797703
RLC1_2X2_003,Rat_05,10uM_RT50,RT50,B2,1uM_RT50,71.75,62.712499999999999,62.17646135680139,75.122738333333345,17.266076803051025,0.031045769650687942,0.53603864319860861,6,0
RLC1_2X2_003,Rat_06,3uM_PeakTension,PeakTension,B1,1uM_TTP,110.7692,32.703879999999998,46.074678271965766,43.453998333333338,12.188609045959947,1.0969913155429061,13.370798271965768,6,0.70606896714321943
RLC1_2X2_003,Rat_06,3uM_TTP,TTP,B1,1uM_TTP,110.7692,118.25,100.68770942125516,118.01695000000001,22.718475507986891,0.77304001197486383,17.562290578744836,6,0
RLC1_2X2_003,Rat_06,3uM_RT50,RT50,B2,1uM_RT50,76.692310000000006,83.583330000000004,69.537505577242527,81.092726666666678,21.308118235497631,0.65917713931952238,14.045824422757477,6,0
RLC1_2X2_003,Rat_06,10uM_PeakTension,PeakTension,B3,1uM_RT50,76.692310000000006,15.51075,19.898706173611455,20.543448333333334,3.4425448751318646,1.2746257006870179,4.387956173611455,6,0.6166165249413329
RLC1_2X2_003,Rat_06,10uM_TTP,TTP,B3,1uM_RT50,76.692310000000006,109.1818,86.069220902896049,98.783915000000022,23.547088231660187,0.98154722442615971,23.112579097103946,6,-0.21477399981118761
RLC1_2X2_003,Rat_06,10uM_RT50,RT50,B2,1uM_RT50,76.692310000000006,82,62.15164506273959,71.908155000000008,17.523144993185156,1.1326936428922743,19.84835493726041,6,0
RLC1_2X2_003,Rat_07,3uM_PeakTension,PeakTension,B1,1uM_TTP,115.5545,64.8874,37.712084654597312,38.090078333333331,6.7283796408033236,4.0389093357042105,27.175315345402687,6,1.2012222128399732
RLC1_2X2_003,Rat_07,3uM_TTP,TTP,B1,1uM_TTP,115.5545,110.8039,108.26986136212504,119.25796666666668,22.447410250776521,0.11288779460816854,2.5340386378749571,6,0
RLC1_2X2_003,Rat_07,3uM_RT50,RT50,B2,1uM_RT50,68.830129999999997,64.980770000000007,65.180315804224989,84.193153333333342,19.794502256601113,0.010080870013209717,0.19954580422498225,6,0
RLC1_2X2_003,Rat_07,10uM_PeakTension,PeakTension,B3,1uM_TTP,115.5545,19.65438,18.734939926364813,19.852843333333333,4.0232219551830184,0.22853327106417642,0.91944007363518665,6,-1.6597939135573765
RLC1_2X2_003,Rat_07,10uM_TTP,TTP,B3,1uM_TTP,115.5545,75.467920000000007,94.871977611426473,104.402895,20.723752522835962,0.9363196935518654,19.404057611426467,6,0
RLC1_2X2_003,Rat_07,10uM_RT50,RT50,B2,1uM_RT50,68.830129999999997,51.441180000000003,63.626907604321019,77.00129166666666,14.578141688722082,0.83589032570235744,12.185727604321016,6,0
RLC1_2X2_004,Rat_01,3uM_PeakTension,PeakTension,B1,1uM_TTP,123.32810000000001,40.76417,42.383031361924935,42.110616666666665,12.963894278187656,0.12487461924529449,1.6188613619249352,6,-0.22839331592729012
RLC1_2X2_004,Rat_01,3uM_TTP,TTP,B2,1uM_TTP,123.32810000000001,105.8254,116.96642028464021,120.08771666666667,21.937810375734102,0.5078455914161577,11.141020284640206,6,0
RLC1_2X2_004,Rat_01,3uM_RT50,RT50,B1,1uM_TTP,123.32810000000001,66.563490000000002,81.097760274280148,83.929366666666667,20.084843746467797,0.72364368166101378,14.534270274280146,6,0.14642722068359793
RLC1_2X2_004,Rat_01,10uM_PeakTension,PeakTension,B2,1uM_TTP,123.32810000000001,19.373999999999999,19.587466255132853,19.899573333333333,4.0181729455744772,0.053125203425591891,0.21346625513285389,6,-0.28129392656356039
RLC1_2X2_004,Rat_01,10uM_TTP,TTP,B3,1uM_RT50,81.343919999999997,88.825400000000002,95.955974022859635,102.17664833333333,23.290371296264397,0.30615974009840385,7.1305740228596335,6,-0.13813298231563953
RLC1_2X2_004,Rat_01,10uM_RT50,RT50,B3,1uM_RT50,81.343919999999997,68.023809999999997,69.461053537311457,74.237520000000004,17.829776240136049,0.080609174111569953,1.4372435373114598,6,0
RLC1_2X2_004,Rat_02,3uM_PeakTension,PeakTension,B1,1uM_PeakTension,62.752249999999997,27.920500000000001,39.007578166706317,44.25122833333333,11.074953472117915,1.0010947851491139,11.087078166706316,6,-0.62980582885650893
RLC1_2X2_004,Rat_02,3uM_TTP,TTP,B2,1uM_TTP,149,128.69999999999999,140.99440454755725,116.27528333333333,22.12858777856524,0.55558920752575924,12.294404547557264,6,-0.41084115258506815
RLC1_2X2_004,Rat_02,3uM_RT50,RT50,B1,1uM_PeakTension,62.752249999999997,101.2,78.621561949058787,78.156615000000002,19.080648141179847,1.1833160951284689,22.578438050941216,6,0.88210303253752365
RLC1_2X2_004,Rat_02,10uM_PeakTension,PeakTension,B2,1uM_TTP,149,16.722300000000001,23.992133148660503,20.341523333333335,3.734643538056432,1.9465935837195965,7.2698331486605028,6,0
RLC1_2X2_004,Rat_02,10uM_TTP,TTP,B3,1uM_RT50,112.78570000000001,112.83329999999999,133.4998412369186,98.175331666666679,23.155281784082359,0.8925195309488918,20.666541236918604,6,0
RLC1_2X2_004,Rat_02,10uM_RT50,RT50,B3,1uM_RT50,112.78570000000001,93,91.189530427027378,70.074821666666665,15.310883681840728,0.11824722926475532,1.8104695729726217,6,0
RLC1_2X2_004,Rat_03,3uM_PeakTension,PeakTension,B1,1uM_RT50,79.698409999999996,38.391300000000001,44.536314823105826,42.506094999999995,12.863545061658158,0.47770772315495041,6.145014823105825,6,-0.18013132621230349
RLC1_2X2_004,Rat_03,3uM_TTP,TTP,B2,1uM_TTP,114.04770000000001,101.8056,108.82856055687728,120.75768333333333,21.320517701445873,0.32939915696329508,7.0229605568772797,6,0
RLC1_2X2_004,Rat_03,3uM_RT50,RT50,B1,1uM_RT50,79.698409999999996,66.694450000000003,76.487833280850154,83.907539999999997,20.107377765759512,0.48705422432193646,9.7933832808501506,6,0
RLC1_2X2_004,Rat_03,10uM_PeakTension,PeakTension,B2,1uM_TTP,114.04770000000001,22.675799999999999,17.82975063084394,19.349273333333333,3.7810152442626657,1.2816794051569833,4.8460493691560593,6,0.65772709682061392
RLC1_2X2_004,Rat_03,10uM_TTP,TTP,B3,1uM_RT50,79.698409999999996,90.528570000000002,93.815449672662851,101.89278666666667,23.470413776128158,0.14004353327617708,3.2868796726628489,6,0.11625404690634959
RLC1_2X2_004,Rat_03,10uM_RT50,RT50,B3,1uM_RT50,79.698409999999996,62.414290000000001,69.163822382641612,75.172439999999995,17.2225525155791,0.39190081589451675,6.7495323826416112,6,0
RLC1_2X2_004,Rat_04,3uM_PeakTension,PeakTension,B1,1uM_PeakTension,75.601299999999995,46.323050000000002,48.767800596414595,41.184136666666667,12.800241460036084,0.1909925374491882,2.4447505964145932,6,0
RLC1_2X2_004,Rat_04,3uM_TTP,TTP,B2,1uM_PeakTension,75.601299999999995,159.57140000000001,108.96802515740846,111.13005,10.67100084223593,4.7421395228742629,50.603374842591549,6,0
RLC1_2X2_004,Rat_04,3uM_RT50,RT50,B1,1uM_PeakTension,75.601299999999995,114.5,69.569594433227053,75.939948333333334,14.149416664802004,3.1754245868341364,44.930405566772947,6,2.3708729979036023
RLC1_2X2_004,Rat_04,10uM_PeakTension,PeakTension,B2,1uM_PeakTension,75.601299999999995,26.349550000000001,20.00943673125558,18.736981666666669,2.5017146572094635,2.5343071203078362,6.340113268744421,6,0
RLC1_2X2_004,Rat_04,10uM_TTP,TTP,B3,1uM_PeakTension,75.601299999999995,139.78579999999999,85.998913771885086,93.683248333333339,14.444289232781809,3.7237475213417719,53.786886228114909,6,0
RLC1_2X2_004,Rat_04,10uM_RT50,RT50,B3,1uM_PeakTension,75.601299999999995,93.857150000000004,62.228644188568389,69.931963333333329,15.046315198310403,2.1020765147192502,31.628505811431616,6,1.8107487257050725
RLC1_2X2_004,Rat_05,3uM_PeakTension,PeakTension,B1,1uM_TTP,107.1763,42.437570000000001,43.615440569425587,41.831716666666665,12.973450452089709,0.090790848107479352,1.1778705694255862,6,-1.0168298279276791
RLC1_2X2_004,Rat_05,3uM_TTP,TTP,B2,1uM_TTP,107.1763,101.3954,101.70322927722283,120.82605000000001,21.246542203732826,0.014488441190621303,0.30782927722283659,6,0
RLC1_2X2_004,Rat_05,3uM_RT50,RT50,B1,1uM_TTP,107.1763,72.617649999999998,64.175760081215159,82.920339999999996,20.902223188794057,0.40387521664732012,8.4418899187848382,6,0.096695853420294464
RLC1_2X2_004,Rat_05,10uM_PeakTension,PeakTension,B2,1uM_TTP,107.1763,18.484660000000002,18.09560072438072,20.047796666666667,3.9716746027672847,0.097958497241491693,0.38905927561928166,6,-0.2734574416420435
RLC1_2X2_004,Rat_05,10uM_TTP,TTP,B3,1uM_RT50,71.75,85.262500000000003,85.830797333557811,102.770465,22.813411338087732,0.024910668778808077,0.56829733355780832,6,-0.022812355541797703
RLC1_2X2_004,Rat_05,10uM_RT50,RT50,B3,1uM_RT50,71.75,62.712499999999999,62.17646135680139,75.122738333333345,17.266076803051025,0.031045769650687942,0.53603864319860861,6,0
RLC1_2X2_004,Rat_06,3uM_PeakTension,PeakTension,B1,1uM_TTP,110.7692,32.703879999999998,46.074678271965766,43.453998333333338,12.188609045959947,1.0969913155429061,13.370798271965768,6,0.70606896714321943
RLC1_2X2_004,Rat_06,3uM_TTP,TTP,B2,1uM_TTP,110.7692,118.25,100.68770942125516,118.01695000000001,22.718475507986891,0.77304001197486383,17.562290578744836,6,0
RLC1_2X2_004,Rat_06,3uM_RT50,RT50,B1,1uM_TTP,110.7692,83.583330000000004,65.026752880283013,81.092726666666678,21.308118235497631,0.87086888267792739,18.556577119716991,6,0.21169174335840502
RLC1_2X2_004,Rat_06,10uM_PeakTension,PeakTension,B2,1uM_TTP,110.7692,15.51075,19.379610781896069,20.543448333333334,3.4425448751318646,1.123837429061219,3.8688607818960694,6,0.46582825331553401
RLC1_2X2_004,Rat_06,10uM_TTP,TTP,B3,1uM_RT50,76.692310000000006,109.1818,86.069220902896049,98.783915000000022,23.547088231660187,0.98154722442615971,23.112579097103946,6,-0.21477399981118761
RLC1_2X2_004,Rat_06,10uM_RT50,RT50,B3,1uM_RT50,76.692310000000006,82,62.15164506273959,71.908155000000008,17.523144993185156,1.1326936428922743,19.84835493726041,6,0
RLC1_2X2_004,Rat_07,3uM_PeakTension,PeakTension,B1,1uM_TTP,115.5545,64.8874,37.712084654597312,38.090078333333331,6.7283796408033236,4.0389093357042105,27.175315345402687,6,1.2012222128399732
RLC1_2X2_004,Rat_07,3uM_TTP,TTP,B2,1uM_TTP,115.5545,110.8039,108.26986136212504,119.25796666666668,22.447410250776521,0.11288779460816854,2.5340386378749571,6,0
RLC1_2X2_004,Rat_07,3uM_RT50,RT50,B1,1uM_TTP,115.5545,64.980770000000007,74.736093136351542,84.193153333333342,19.794502256601113,0.49282992872924142,9.7553231363515351,6,0.48274905871603169
RLC1_2X2_004,Rat_07,10uM_PeakTension,PeakTension,B2,1uM_TTP,115.5545,19.65438,18.734939926364813,19.852843333333333,4.0232219551830184,0.22853327106417642,0.91944007363518665,6,-1.6597939135573765
RLC1_2X2_004,Rat_07,10uM_TTP,TTP,B3,1uM_RT50,68.830129999999997,75.467920000000007,85.826814334059975,104.402895,20.723752522835962,0.49985611064623903,10.358894334059968,6,-0.43646358290562637
RLC1_2X2_004,Rat_07,10uM_RT50,RT50,B3,1uM_RT50,68.830129999999997,51.441180000000003,63.626907604321019,77.00129166666666,14.578141688722082,0.83589032570235744,12.185727604321016,6,0
RLC1_2X2_005,Rat_01,3uM_PeakTension,PeakTension,B1,1uM_TTP,123.32810000000001,40.76417,42.383031361924935,42.110616666666665,12.963894278187656,0.12487461924529449,1.6188613619249352,6,-0.22839331592729012
RLC1_2X2_005,Rat_01,3uM_TTP,TTP,B2,1uM_TTP,123.32810000000001,105.8254,116.96642028464021,120.08771666666667,21.937810375734102,0.5078455914161577,11.141020284640206,6,0
RLC1_2X2_005,Rat_01,3uM_RT50,RT50,B1,1uM_TTP,123.32810000000001,66.563490000000002,81.097760274280148,83.929366666666667,20.084843746467797,0.72364368166101378,14.534270274280146,6,0.14642722068359793
RLC1_2X2_005,Rat_01,10uM_PeakTension,PeakTension,B3,1uM_RT50,81.343919999999997,19.373999999999999,19.419271026958732,19.899573333333333,4.0181729455744772,0.011266570048607288,0.045271026958733529,6,-0.32315255994054504
RLC1_2X2_005,Rat_01,10uM_TTP,TTP,B2,1uM_TTP,123.32810000000001,88.825400000000002,99.173142469251204,102.17664833333333,23.290371296264397,0.44429272241404338,10.347742469251202,6,0
RLC1_2X2_005,Rat_01,10uM_RT50,RT50,B3,1uM_RT50,81.343919999999997,68.023809999999997,69.461053537311457,74.237520000000004,17.829776240136049,0.080609174111569953,1.4372435373114598,6,0
RLC1_2X2_005,Rat_02,3uM_PeakTension,PeakTension,B1,1uM_PeakTension,62.752249999999997,27.920500000000001,39.007578166706317,44.25122833333333,11.074953472117915,1.0010947851491139,11.087078166706316,6,-0.62980582885650893
RLC1_2X2_005,Rat_02,3uM_TTP,TTP,B2,1uM_RT50,112.78570000000001,128.69999999999999,150.08573905558285,116.27528333333333,22.12858777856524,0.96643036011082739,21.38573905558286,6,0
RLC1_2X2_005,Rat_02,3uM_RT50,RT50,B1,1uM_PeakTension,62.752249999999997,101.2,78.621561949058787,78.156615000000002,19.080648141179847,1.1833160951284689,22.578438050941216,6,0.88210303253752365
RLC1_2X2_005,Rat_02,10uM_PeakTension,PeakTension,B3,1uM_RT50,112.78570000000001,16.722300000000001,25.287809229239592,20.341523333333335,3.734643538056432,2.2935279209263486,8.5655092292395913,6,0.34693433720675215
RLC1_2X2_005,Rat_02,10uM_TTP,TTP,B2,1uM_RT50,112.78570000000001,112.83329999999999,133.4998412369186,98.175331666666679,23.155281784082359,0.8925195309488918,20.666541236918604,6,0
RLC1_2X2_005,Rat_02,10uM_RT50,RT50,B3,1uM_RT50,112.78570000000001,93,91.189530427027378,70.074821666666665,15.310883681840728,0.11824722926475532,1.8104695729726217,6,0
RLC1_2X2_005,Rat_03,3uM_PeakTension,PeakTension,B1,1uM_RT50,79.698409999999996,38.391300000000001,44.536314823105826,42.506094999999995,12.863545061658158,0.47770772315495041,6.145014823105825,6,-0.18013132621230349
RLC1_2X2_005,Rat_03,3uM_TTP,TTP,B2,1uM_TTP,114.04770000000001,101.8056,108.82856055687728,120.75768333333333,21.320517701445873,0.32939915696329508,7.0229605568772797,6,0
RLC1_2X2_005,Rat_03,3uM_RT50,RT50,B1,1uM_RT50,79.698409999999996,66.694450000000003,76.487833280850154,83.907539999999997,20.107377765759512,0.48705422432193646,9.7933832808501506,6,0
RLC1_2X2_005,Rat_03,10uM_PeakTension,PeakTension,B3,1uM_RT50,79.698409999999996,22.675799999999999,18.622687779288448,19.349273333333333,3.7810152442626657,1.071963998786243,4.0531122207115509,6,0.44801169044987366
RLC1_2X2_005,Rat_03,10uM_TTP,TTP,B2,1uM_TTP,114.04770000000001,90.528570000000002,89.97022091137859,101.89278666666667,23.470413776128158,0.02378948636982749,0.55834908862141219,6,0
RLC1_2X2_005,Rat_03,10uM_RT50,RT50,B3,1uM_RT50,79.698409999999996,62.414290000000001,69.163822382641612,75.172439999999995,17.2225525155791,0.39190081589451675,6.7495323826416112,6,0
RLC1_2X2_005,Rat_04,3uM_PeakTension,PeakTension,B1,1uM_PeakTension,75.601299999999995,46.323050000000002,48.767800596414595,41.184136666666667,12.800241460036084,0.1909925374491882,2.4447505964145932,6,0
RLC1_2X2_005,Rat_04,3uM_TTP,TTP,B2,1uM_PeakTension,75.601299999999995,159.57140000000001,108.96802515740846,111.13005,10.67100084223593,4.7421395228742629,50.603374842591549,6,0
RLC1_2X2_005,Rat_04,3uM_RT50,RT50,B1,1uM_PeakTension,75.601299999999995,114.5,69.569594433227053,75.939948333333334,14.149416664802004,3.1754245868341364,44.930405566772947,6,2.3708729979036023
RLC1_2X2_005,Rat_04,10uM_PeakTension,PeakTension,B3,1uM_PeakTension,75.601299999999995,26.349550000000001,20.00943673125558,18.736981666666669,2.5017146572094635,2.5343071203078362,6.340113268744421,6,0
RLC1_2X2_005,Rat_04,10uM_TTP,TTP,B2,1uM_PeakTension,75.601299999999995,139.78579999999999,85.998913771885086,93.683248333333339,14.444289232781809,3.7237475213417719,53.786886228114909,6,0
RLC1_2X2_005,Rat_04,10uM_RT50,RT50,B3,1uM_PeakTension,75.601299999999995,93.857150000000004,62.228644188568389,69.931963333333329,15.046315198310403,2.1020765147192502,31.628505811431616,6,1.8107487257050725
RLC1_2X2_005,Rat_05,3uM_PeakTension,PeakTension,B1,1uM_TTP,107.1763,42.437570000000001,43.615440569425587,41.831716666666665,12.973450452089709,0.090790848107479352,1.1778705694255862,6,-1.0168298279276791
RLC1_2X2_005,Rat_05,3uM_TTP,TTP,B2,1uM_TTP,107.1763,101.3954,101.70322927722283,120.82605000000001,21.246542203732826,0.014488441190621303,0.30782927722283659,6,0
RLC1_2X2_005,Rat_05,3uM_RT50,RT50,B1,1uM_TTP,107.1763,72.617649999999998,64.175760081215159,82.920339999999996,20.902223188794057,0.40387521664732012,8.4418899187848382,6,0.096695853420294464
RLC1_2X2_005,Rat_05,10uM_PeakTension,PeakTension,B3,1uM_RT50,71.75,18.484660000000002,18.791316202274089,20.047796666666667,3.9716746027672847,0.077210807265132755,0.30665620227408752,6,-0.29420513161840245
RLC1_2X2_005,Rat_05,10uM_TTP,TTP,B2,1uM_TTP,107.1763,85.262500000000003,84.173775015876458,102.770465,22.813411338087732,0.047723024320605781,1.0887249841235445,6,0
RLC1_2X2_005,Rat_05,10uM_RT50,RT50,B3,1uM_RT50,71.75,62.712499999999999,62.17646135680139,75.122738333333345,17.266076803051025,0.031045769650687942,0.53603864319860861,6,0
RLC1_2X2_005,Rat_06,3uM_PeakTension,PeakTension,B1,1uM_TTP,110.7692,32.703879999999998,46.074678271965766,43.453998333333338,12.188609045959947,1.0969913155429061,13.370798271965768,6,0.70606896714321943
RLC1_2X2_005,Rat_06,3uM_TTP,TTP,B2,1uM_TTP,110.7692,118.25,100.68770942125516,118.01695000000001,22.718475507986891,0.77304001197486383,17.562290578744836,6,0
RLC1_2X2_005,Rat_06,3uM_RT50,RT50,B1,1uM_TTP,110.7692,83.583330000000004,65.026752880283013,81.092726666666678,21.308118235497631,0.87086888267792739,18.556577119716991,6,0.21169174335840502
RLC1_2X2_005,Rat_06,10uM_PeakTension,PeakTension,B3,1uM_RT50,76.692310000000006,15.51075,19.898706173611455,20.543448333333334,3.4425448751318646,1.2746257006870179,4.387956173611455,6,0.6166165249413329
RLC1_2X2_005,Rat_06,10uM_TTP,TTP,B2,1uM_TTP,110.7692,109.1818,81.011918579475449,98.783915000000022,23.547088231660187,1.1963212242373473,28.169881420524547,6,0
RLC1_2X2_005,Rat_06,10uM_RT50,RT50,B3,1uM_RT50,76.692310000000006,82,62.15164506273959,71.908155000000008,17.523144993185156,1.1326936428922743,19.84835493726041,6,0
RLC1_2X2_005,Rat_07,3uM_PeakTension,PeakTension,B1,1uM_TTP,115.5545,64.8874,37.712084654597312,38.090078333333331,6.7283796408033236,4.0389093357042105,27.175315345402687,6,1.2012222128399732
RLC1_2X2_005,Rat_07,3uM_TTP,TTP,B2,1uM_TTP,115.5545,110.8039,108.26986136212504,119.25796666666668,22.447410250776521,0.11288779460816854,2.5340386378749571,6,0
RLC1_2X2_005,Rat_07,3uM_RT50,RT50,B1,1uM_TTP,115.5545,64.980770000000007,74.736093136351542,84.193153333333342,19.794502256601113,0.49282992872924142,9.7553231363515351,6,0.48274905871603169
RLC1_2X2_005,Rat_07,10uM_PeakTension,PeakTension,B3,1uM_RT50,68.830129999999997,19.65438,18.056129730257997,19.852843333333333,4.0232219551830184,0.39725630043428661,1.5982502697420031,6,-1.4910708841872664
RLC1_2X2_005,Rat_07,10uM_TTP,TTP,B2,1uM_TTP,115.5545,75.467920000000007,94.871977611426473,104.402895,20.723752522835962,0.9363196935518654,19.404057611426467,6,0
RLC1_2X2_005,Rat_07,10uM_RT50,RT50,B3,1uM_RT50,68.830129999999997,51.441180000000003,63.626907604321019,77.00129166666666,14.578141688722082,0.83589032570235744,12.185727604321016,6,0
RLC1_2X2_006,Rat_01,3uM_PeakTension,PeakTension,B1,1uM_TTP,123.32810000000001,40.76417,42.383031361924935,42.110616666666665,12.963894278187656,0.12487461924529449,1.6188613619249352,6,-0.22839331592729012
RLC1_2X2_006,Rat_01,3uM_TTP,TTP,B2,1uM_TTP,123.32810000000001,105.8254,116.96642028464021,120.08771666666667,21.937810375734102,0.5078455914161577,11.141020284640206,6,0
RLC1_2X2_006,Rat_01,3uM_RT50,RT50,B1,1uM_TTP,123.32810000000001,66.563490000000002,81.097760274280148,83.929366666666667,20.084843746467797,0.72364368166101378,14.534270274280146,6,0.14642722068359793
RLC1_2X2_006,Rat_01,10uM_PeakTension,PeakTension,B3,1uM_TTP,123.32810000000001,19.373999999999999,19.587466255132853,19.899573333333333,4.0181729455744772,0.053125203425591891,0.21346625513285389,6,-0.28129392656356039
RLC1_2X2_006,Rat_01,10uM_TTP,TTP,B3,1uM_TTP,123.32810000000001,88.825400000000002,99.173142469251204,102.17664833333333,23.290371296264397,0.44429272241404338,10.347742469251202,6,0
RLC1_2X2_006,Rat_01,10uM_RT50,RT50,B2,1uM_TTP,123.32810000000001,68.023809999999997,72.096679436042393,74.237520000000004,17.829776240136049,0.22843076554567676,4.0728694360423958,6,0.14782159143410681
RLC1_2X2_006,Rat_02,3uM_PeakTension,PeakTension,B1,1uM_PeakTension,62.752249999999997,27.920500000000001,39.007578166706317,44.25122833333333,11.074953472117915,1.0010947851491139,11.087078166706316,6,-0.62980582885650893
RLC1_2X2_006,Rat_02,3uM_TTP,TTP,B2,1uM_RT50,112.78570000000001,128.69999999999999,150.08573905558285,116.27528333333333,22.12858777856524,0.96643036011082739,21.38573905558286,6,0
RLC1_2X2_006,Rat_02,3uM_RT50,RT50,B1,1uM_PeakTension,62.752249999999997,101.2,78.621561949058787,78.156615000000002,19.080648141179847,1.1833160951284689,22.578438050941216,6,0.88210303253752365
RLC1_2X2_006,Rat_02,10uM_PeakTension,PeakTension,B3,1uM_RT50,112.78570000000001,16.722300000000001,25.287809229239592,20.341523333333335,3.734643538056432,2.2935279209263486,8.5655092292395913,6,0.34693433720675215
RLC1_2X2_006,Rat_02,10uM_TTP,TTP,B3,1uM_RT50,112.78570000000001,112.83329999999999,133.4998412369186,98.175331666666679,23.155281784082359,0.8925195309488918,20.666541236918604,6,0
RLC1_2X2_006,Rat_02,10uM_RT50,RT50,B2,1uM_RT50,112.78570000000001,93,91.189530427027378,70.074821666666665,15.310883681840728,0.11824722926475532,1.8104695729726217,6,0
RLC1_2X2_006,Rat_03,3uM_PeakTension,PeakTension,B1,1uM_RT50,79.698409999999996,38.391300000000001,44.536314823105826,42.506094999999995,12.863545061658158,0.47770772315495041,6.145014823105825,6,-0.18013132621230349
RLC1_2X2_006,Rat_03,3uM_TTP,TTP,B2,1uM_RT50,79.698409999999996,101.8056,113.39661376173453,120.75768333333333,21.320517701445873,0.54365536165889972,11.59101376173453,6,0.21425620469560464
RLC1_2X2_006,Rat_03,3uM_RT50,RT50,B1,1uM_RT50,79.698409999999996,66.694450000000003,76.487833280850154,83.907539999999997,20.107377765759512,0.48705422432193646,9.7933832808501506,6,0
RLC1_2X2_006,Rat_03,10uM_PeakTension,PeakTension,B3,1uM_TTP,114.04770000000001,22.675799999999999,17.82975063084394,19.349273333333333,3.7810152442626657,1.2816794051569833,4.8460493691560593,6,0.65772709682061392
RLC1_2X2_006,Rat_03,10uM_TTP,TTP,B3,1uM_TTP,114.04770000000001,90.528570000000002,89.97022091137859,101.89278666666667,23.470413776128158,0.02378948636982749,0.55834908862141219,6,0
RLC1_2X2_006,Rat_03,10uM_RT50,RT50,B2,1uM_RT50,79.698409999999996,62.414290000000001,69.163822382641612,75.172439999999995,17.2225525155791,0.39190081589451675,6.7495323826416112,6,0
RLC1_2X2_006,Rat_04,3uM_PeakTension,PeakTension,B1,1uM_PeakTension,75.601299999999995,46.323050000000002,48.767800596414595,41.184136666666667,12.800241460036084,0.1909925374491882,2.4447505964145932,6,0
RLC1_2X2_006,Rat_04,3uM_TTP,TTP,B2,1uM_RT50,118.16670000000001,159.57140000000001,129.34928151366802,111.13005,10.67100084223593,2.832172814260546,30.222118486331993,6,-1.9099667086137169
RLC1_2X2_006,Rat_04,3uM_RT50,RT50,B1,1uM_PeakTension,75.601299999999995,114.5,69.569594433227053,75.939948333333334,14.149416664802004,3.1754245868341364,44.930405566772947,6,2.3708729979036023
RLC1_2X2_006,Rat_04,10uM_PeakTension,PeakTension,B3,1uM_PeakTension,75.601299999999995,26.349550000000001,20.00943673125558,18.736981666666669,2.5017146572094635,2.5343071203078362,6.340113268744421,6,0
RLC1_2X2_006,Rat_04,10uM_TTP,TTP,B3,1uM_PeakTension,75.601299999999995,139.78579999999999,85.998913771885086,93.683248333333339,14.444289232781809,3.7237475213417719,53.786886228114909,6,0
RLC1_2X2_006,Rat_04,10uM_RT50,RT50,B2,1uM_RT50,118.16670000000001,93.857150000000004,98.240559739534191,69.931963333333329,15.046315198310403,0.29132778901417761,4.3834097395341871,6,0
RLC1_2X2_006,Rat_05,3uM_PeakTension,PeakTension,B1,1uM_TTP,107.1763,42.437570000000001,43.615440569425587,41.831716666666665,12.973450452089709,0.090790848107479352,1.1778705694255862,6,-1.0168298279276791
RLC1_2X2_006,Rat_05,3uM_TTP,TTP,B2,1uM_RT50,71.75,101.3954,105.30464671794243,120.82605000000001,21.246542203732826,0.18399449098383727,3.9092467179424375,6,0.16950604979321596
RLC1_2X2_006,Rat_05,3uM_RT50,RT50,B1,1uM_TTP,107.1763,72.617649999999998,64.175760081215159,82.920339999999996,20.902223188794057,0.40387521664732012,8.4418899187848382,6,0.096695853420294464
RLC1_2X2_006,Rat_05,10uM_PeakTension,PeakTension,B3,1uM_RT50,71.75,18.484660000000002,18.791316202274089,20.047796666666667,3.9716746027672847,0.077210807265132755,0.30665620227408752,6,-0.29420513161840245
RLC1_2X2_006,Rat_05,10uM_TTP,TTP,B3,1uM_RT50,71.75,85.262500000000003,85.830797333557811,102.770465,22.813411338087732,0.024910668778808077,0.56829733355780832,6,-0.022812355541797703
RLC1_2X2_006,Rat_05,10uM_RT50,RT50,B2,1uM_RT50,71.75,62.712499999999999,62.17646135680139,75.122738333333345,17.266076803051025,0.031045769650687942,0.53603864319860861,6,0
RLC1_2X2_006,Rat_06,3uM_PeakTension,PeakTension,B1,1uM_TTP,110.7692,32.703879999999998,46.074678271965766,43.453998333333338,12.188609045959947,1.0969913155429061,13.370798271965768,6,0.70606896714321943
RLC1_2X2_006,Rat_06,3uM_TTP,TTP,B2,1uM_TTP,110.7692,118.25,100.68770942125516,118.01695000000001,22.718475507986891,0.77304001197486383,17.562290578744836,6,0
RLC1_2X2_006,Rat_06,3uM_RT50,RT50,B1,1uM_TTP,110.7692,83.583330000000004,65.026752880283013,81.092726666666678,21.308118235497631,0.87086888267792739,18.556577119716991,6,0.21169174335840502
RLC1_2X2_006,Rat_06,10uM_PeakTension,PeakTension,B3,1uM_RT50,76.692310000000006,15.51075,19.898706173611455,20.543448333333334,3.4425448751318646,1.2746257006870179,4.387956173611455,6,0.6166165249413329
RLC1_2X2_006,Rat_06,10uM_TTP,TTP,B3,1uM_RT50,76.692310000000006,109.1818,86.069220902896049,98.783915000000022,23.547088231660187,0.98154722442615971,23.112579097103946,6,-0.21477399981118761
RLC1_2X2_006,Rat_06,10uM_RT50,RT50,B2,1uM_TTP,110.7692,82,59.022269383254454,71.908155000000008,17.523144993185156,1.3112789185777842,22.977730616745546,6,0.17858527568550997
RLC1_2X2_006,Rat_07,3uM_PeakTension,PeakTension,B1,1uM_TTP,115.5545,64.8874,37.712084654597312,38.090078333333331,6.7283796408033236,4.0389093357042105,27.175315345402687,6,1.2012222128399732
RLC1_2X2_006,Rat_07,3uM_TTP,TTP,B2,1uM_RT50,68.830129999999997,110.8039,98.202068526508683,119.25796666666668,22.447410250776521,0.5613935564373348,12.601831473491316,6,0.44850576182916624
RLC1_2X2_006,Rat_07,3uM_RT50,RT50,B1,1uM_TTP,115.5545,64.980770000000007,74.736093136351542,84.193153333333342,19.794502256601113,0.49282992872924142,9.7553231363515351,6,0.48274905871603169
RLC1_2X2_006,Rat_07,10uM_PeakTension,PeakTension,B3,1uM_TTP,115.5545,19.65438,18.734939926364813,19.852843333333333,4.0232219551830184,0.22853327106417642,0.91944007363518665,6,-1.6597939135573765
RLC1_2X2_006,Rat_07,10uM_TTP,TTP,B3,1uM_TTP,115.5545,75.467920000000007,94.871977611426473,104.402895,20.723752522835962,0.9363196935518654,19.404057611426467,6,0
RLC1_2X2_006,Rat_07,10uM_RT50,RT50,B2,1uM_RT50,68.830129999999997,51.441180000000003,63.626907604321019,77.00129166666666,14.578141688722082,0.83589032570235744,12.185727604321016,6,0
RLC1_2X2_007,Rat_01,3uM_PeakTension,PeakTension,B1,1uM_PeakTension,71.527469999999994,40.76417,45.343898163451037,42.110616666666665,12.963894278187656,0.35326793517258459,4.5797281634510369,6,0
RLC1_2X2_007,Rat_01,3uM_TTP,TTP,B2,1uM_TTP,123.32810000000001,105.8254,116.96642028464021,120.08771666666667,21.937810375734102,0.5078455914161577,11.141020284640206,6,0
RLC1_2X2_007,Rat_01,3uM_RT50,RT50,B2,1uM_TTP,123.32810000000001,66.563490000000002,81.097760274280148,83.929366666666667,20.084843746467797,0.72364368166101378,14.534270274280146,6,0.14642722068359793
RLC1_2X2_007,Rat_01,10uM_PeakTension,PeakTension,B1,1uM_PeakTension,71.527469999999994,19.373999999999999,20.717753900604965,19.899573333333333,4.0181729455744772,0.3344191299891523,1.3437539006049661,6,0
RLC1_2X2_007,Rat_01,10uM_TTP,TTP,B3,1uM_RT50,81.343919999999997,88.825400000000002,95.955974022859635,102.17664833333333,23.290371296264397,0.30615974009840385,7.1305740228596335,6,-0.13813298231563953
RLC1_2X2_007,Rat_01,10uM_RT50,RT50,B3,1uM_RT50,81.343919999999997,68.023809999999997,69.461053537311457,74.237520000000004,17.829776240136049,0.080609174111569953,1.4372435373114598,6,0
RLC1_2X2_007,Rat_02,3uM_PeakTension,PeakTension,B1,1uM_TTP,149,27.920500000000001,45.982648417760814,44.25122833333333,11.074953472117915,1.6309006140056228,18.062148417760813,6,0
RLC1_2X2_007,Rat_02,3uM_TTP,TTP,B2,1uM_RT50,112.78570000000001,128.69999999999999,150.08573905558285,116.27528333333333,22.12858777856524,0.96643036011082739,21.38573905558286,6,0
RLC1_2X2_007,Rat_02,3uM_RT50,RT50,B2,1uM_RT50,112.78570000000001,101.2,106.94734046282501,78.156615000000002,19.080648141179847,0.30121306259094521,5.747340462825008,6,0
RLC1_2X2_007,Rat_02,10uM_PeakTension,PeakTension,B1,1uM_TTP,149,16.722300000000001,23.992133148660503,20.341523333333335,3.734643538056432,1.9465935837195965,7.2698331486605028,6,0
RLC1_2X2_007,Rat_02,10uM_TTP,TTP,B3,1uM_RT50,112.78570000000001,112.83329999999999,133.4998412369186,98.175331666666679,23.155281784082359,0.8925195309488918,20.666541236918604,6,0
RLC1_2X2_007,Rat_02,10uM_RT50,RT50,B3,1uM_RT50,112.78570000000001,93,91.189530427027378,70.074821666666665,15.310883681840728,0.11824722926475532,1.8104695729726217,6,0
RLC1_2X2_007,Rat_03,3uM_PeakTension,PeakTension,B1,1uM_PeakTension,72.447749999999999,38.391300000000001,46.853442254854038,42.506094999999995,12.863545061658158,0.6578390493672539,8.4621422548540366,6,0
RLC1_2X2_007,Rat_03,3uM_TTP,TTP,B2,1uM_TTP,114.04770000000001,101.8056,108.82856055687728,120.75768333333333,21.320517701445873,0.32939915696329508,7.0229605568772797,6,0
RLC1_2X2_007,Rat_03,3uM_RT50,RT50,B2,1uM_TTP,114.04770000000001,66.694450000000003,73.01264203656109,83.907539999999997,20.107377765759512,0.31422257592037789,6.3181920365610864,6,-0.17283164840155857
RLC1_2X2_007,Rat_03,10uM_PeakTension,PeakTension,B1,1uM_PeakTension,72.447749999999999,22.675799999999999,20.316626810487307,19.349273333333333,3.7810152442626657,0.62395230833636939,2.3591731895126919,6,0
RLC1_2X2_007,Rat_03,10uM_TTP,TTP,B3,1uM_RT50,79.698409999999996,90.528570000000002,93.815449672662851,101.89278666666667,23.470413776128158,0.14004353327617708,3.2868796726628489,6,0.11625404690634959
RLC1_2X2_007,Rat_03,10uM_RT50,RT50,B3,1uM_RT50,79.698409999999996,62.414290000000001,69.163822382641612,75.172439999999995,17.2225525155791,0.39190081589451675,6.7495323826416112,6,0
RLC1_2X2_007,Rat_04,3uM_PeakTension,PeakTension,B1,1uM_PeakTension,75.601299999999995,46.323050000000002,48.767800596414595,41.184136666666667,12.800241460036084,0.1909925374491882,2.4447505964145932,6,0
RLC1_2X2_007,Rat_04,3uM_TTP,TTP,B2,1uM_PeakTension,75.601299999999995,159.57140000000001,108.96802515740846,111.13005,10.67100084223593,4.7421395228742629,50.603374842591549,6,0
RLC1_2X2_007,Rat_04,3uM_RT50,RT50,B2,1uM_PeakTension,75.601299999999995,114.5,69.569594433227053,75.939948333333334,14.149416664802004,3.1754245868341364,44.930405566772947,6,2.3708729979036023
RLC1_2X2_007,Rat_04,10uM_PeakTension,PeakTension,B1,1uM_PeakTension,75.601299999999995,26.349550000000001,20.00943673125558,18.736981666666669,2.5017146572094635,2.5343071203078362,6.340113268744421,6,0
RLC1_2X2_007,Rat_04,10uM_TTP,TTP,B3,1uM_PeakTension,75.601299999999995,139.78579999999999,85.998913771885086,93.683248333333339,14.444289232781809,3.7237475213417719,53.786886228114909,6,0
RLC1_2X2_007,Rat_04,10uM_RT50,RT50,B3,1uM_PeakTension,75.601299999999995,93.857150000000004,62.228644188568389,69.931963333333329,15.046315198310403,2.1020765147192502,31.628505811431616,6,1.8107487257050725
RLC1_2X2_007,Rat_05,3uM_PeakTension,PeakTension,B1,1uM_PeakTension,57.924579999999999,42.437570000000001,28.067908039747767,41.831716666666665,12.973450452089709,1.1076206760351583,14.369661960252234,6,0
RLC1_2X2_007,Rat_05,3uM_TTP,TTP,B2,1uM_TTP,107.1763,101.3954,101.70322927722283,120.82605000000001,21.246542203732826,0.014488441190621303,0.30782927722283659,6,0
RLC1_2X2_007,Rat_05,3uM_RT50,RT50,B2,1uM_TTP,107.1763,72.617649999999998,64.175760081215159,82.920339999999996,20.902223188794057,0.40387521664732012,8.4418899187848382,6,0.096695853420294464
RLC1_2X2_007,Rat_05,10uM_PeakTension,PeakTension,B1,1uM_PeakTension,57.924579999999999,18.484660000000002,17.009516748473299,20.047796666666667,3.9716746027672847,0.37141593888353519,1.4751432515267027,6,0
RLC1_2X2_007,Rat_05,10uM_TTP,TTP,B3,1uM_RT50,71.75,85.262500000000003,85.830797333557811,102.770465,22.813411338087732,0.024910668778808077,0.56829733355780832,6,-0.022812355541797703
RLC1_2X2_007,Rat_05,10uM_RT50,RT50,B3,1uM_RT50,71.75,62.712499999999999,62.17646135680139,75.122738333333345,17.266076803051025,0.031045769650687942,0.53603864319860861,6,0
RLC1_2X2_007,Rat_06,3uM_PeakTension,PeakTension,B1,1uM_PeakTension,54.95429,32.703879999999998,27.939080328027671,43.453998333333338,12.188609045959947,0.39092234839968665,4.7647996719723267,6,0
RLC1_2X2_007,Rat_06,3uM_TTP,TTP,B2,1uM_TTP,110.7692,118.25,100.68770942125516,118.01695000000001,22.718475507986891,0.77304001197486383,17.562290578744836,6,0
RLC1_2X2_007,Rat_06,3uM_RT50,RT50,B2,1uM_TTP,110.7692,83.583330000000004,65.026752880283013,81.092726666666678,21.308118235497631,0.87086888267792739,18.556577119716991,6,0.21169174335840502
RLC1_2X2_007,Rat_06,10uM_PeakTension,PeakTension,B1,1uM_PeakTension,54.95429,15.51075,17.77597611575305,20.543448333333334,3.4425448751318646,0.65800917574568496,2.26522611575305,6,0
RLC1_2X2_007,Rat_06,10uM_TTP,TTP,B3,1uM_RT50,76.692310000000006,109.1818,86.069220902896049,98.783915000000022,23.547088231660187,0.98154722442615971,23.112579097103946,6,-0.21477399981118761
RLC1_2X2_007,Rat_06,10uM_RT50,RT50,B3,1uM_RT50,76.692310000000006,82,62.15164506273959,71.908155000000008,17.523144993185156,1.1326936428922743,19.84835493726041,6,0
RLC1_2X2_007,Rat_07,3uM_PeakTension,PeakTension,B1,1uM_PeakTension,84.073070000000001,64.8874,45.794363735550505,38.090078333333331,6.7283796408033236,2.8376871228642373,19.093036264449495,6,0
RLC1_2X2_007,Rat_07,3uM_TTP,TTP,B2,1uM_TTP,115.5545,110.8039,108.26986136212504,119.25796666666668,22.447410250776521,0.11288779460816854,2.5340386378749571,6,0
RLC1_2X2_007,Rat_07,3uM_RT50,RT50,B2,1uM_TTP,115.5545,64.980770000000007,74.736093136351542,84.193153333333342,19.794502256601113,0.49282992872924142,9.7553231363515351,6,0.48274905871603169
RLC1_2X2_007,Rat_07,10uM_PeakTension,PeakTension,B1,1uM_PeakTension,84.073070000000001,19.65438,27.251539387738369,19.852843333333333,4.0232219551830184,1.888327184621553,7.597159387738369,6,0
RLC1_2X2_007,Rat_07,10uM_TTP,TTP,B3,1uM_RT50,68.830129999999997,75.467920000000007,85.826814334059975,104.402895,20.723752522835962,0.49985611064623903,10.358894334059968,6,-0.43646358290562637
RLC1_2X2_007,Rat_07,10uM_RT50,RT50,B3,1uM_RT50,68.830129999999997,51.441180000000003,63.626907604321019,77.00129166666666,14.578141688722082,0.83589032570235744,12.185727604321016,6,0
RLC1_2X2_008,Rat_01,3uM_PeakTension,PeakTension,B1,1uM_PeakTension,71.527469999999994,40.76417,45.343898163451037,42.110616666666665,12.963894278187656,0.35326793517258459,4.5797281634510369,6,0
RLC1_2X2_008,Rat_01,3uM_TTP,TTP,B2,1uM_TTP,123.32810000000001,105.8254,116.96642028464021,120.08771666666667,21.937810375734102,0.5078455914161577,11.141020284640206,6,0
RLC1_2X2_008,Rat_01,3uM_RT50,RT50,B3,1uM_RT50,81.343919999999997,66.563490000000002,78.156792426620527,83.929366666666667,20.084843746467797,0.57721646097741586,11.593302426620525,6,0
RLC1_2X2_008,Rat_01,10uM_PeakTension,PeakTension,B1,1uM_PeakTension,71.527469999999994,19.373999999999999,20.717753900604965,19.899573333333333,4.0181729455744772,0.3344191299891523,1.3437539006049661,6,0
RLC1_2X2_008,Rat_01,10uM_TTP,TTP,B2,1uM_TTP,123.32810000000001,88.825400000000002,99.173142469251204,102.17664833333333,23.290371296264397,0.44429272241404338,10.347742469251202,6,0
RLC1_2X2_008,Rat_01,10uM_RT50,RT50,B3,1uM_RT50,81.343919999999997,68.023809999999997,69.461053537311457,74.237520000000004,17.829776240136049,0.080609174111569953,1.4372435373114598,6,0
RLC1_2X2_008,Rat_02,3uM_PeakTension,PeakTension,B1,1uM_TTP,149,27.920500000000001,45.982648417760814,44.25122833333333,11.074953472117915,1.6309006140056228,18.062148417760813,6,0
RLC1_2X2_008,Rat_02,3uM_TTP,TTP,B2,1uM_RT50,112.78570000000001,128.69999999999999,150.08573905558285,116.27528333333333,22.12858777856524,0.96643036011082739,21.38573905558286,6,0
RLC1_2X2_008,Rat_02,3uM_RT50,RT50,B3,1uM_RT50,112.78570000000001,101.2,106.94734046282501,78.156615000000002,19.080648141179847,0.30121306259094521,5.747340462825008,6,0
RLC1_2X2_008,Rat_02,10uM_PeakTension,PeakTension,B1,1uM_TTP,149,16.722300000000001,23.992133148660503,20.341523333333335,3.734643538056432,1.9465935837195965,7.2698331486605028,6,0
RLC1_2X2_008,Rat_02,10uM_TTP,TTP,B2,1uM_RT50,112.78570000000001,112.83329999999999,133.4998412369186,98.175331666666679,23.155281784082359,0.8925195309488918,20.666541236918604,6,0
RLC1_2X2_008,Rat_02,10uM_RT50,RT50,B3,1uM_RT50,112.78570000000001,93,91.189530427027378,70.074821666666665,15.310883681840728,0.11824722926475532,1.8104695729726217,6,0
RLC1_2X2_008,Rat_03,3uM_PeakTension,PeakTension,B1,1uM_PeakTension,72.447749999999999,38.391300000000001,46.853442254854038,42.506094999999995,12.863545061658158,0.6578390493672539,8.4621422548540366,6,0
RLC1_2X2_008,Rat_03,3uM_TTP,TTP,B2,1uM_TTP,114.04770000000001,101.8056,108.82856055687728,120.75768333333333,21.320517701445873,0.32939915696329508,7.0229605568772797,6,0
RLC1_2X2_008,Rat_03,3uM_RT50,RT50,B3,1uM_RT50,79.698409999999996,66.694450000000003,76.487833280850154,83.907539999999997,20.107377765759512,0.48705422432193646,9.7933832808501506,6,0
RLC1_2X2_008,Rat_03,10uM_PeakTension,PeakTension,B1,1uM_PeakTension,72.447749999999999,22.675799999999999,20.316626810487307,19.349273333333333,3.7810152442626657,0.62395230833636939,2.3591731895126919,6,0
RLC1_2X2_008,Rat_03,10uM_TTP,TTP,B2,1uM_TTP,114.04770000000001,90.528570000000002,89.97022091137859,101.89278666666667,23.470413776128158,0.02378948636982749,0.55834908862141219,6,0
RLC1_2X2_008,Rat_03,10uM_RT50,RT50,B3,1uM_RT50,79.698409999999996,62.414290000000001,69.163822382641612,75.172439999999995,17.2225525155791,0.39190081589451675,6.7495323826416112,6,0
RLC1_2X2_008,Rat_04,3uM_PeakTension,PeakTension,B1,1uM_PeakTension,75.601299999999995,46.323050000000002,48.767800596414595,41.184136666666667,12.800241460036084,0.1909925374491882,2.4447505964145932,6,0
RLC1_2X2_008,Rat_04,3uM_TTP,TTP,B2,1uM_PeakTension,75.601299999999995,159.57140000000001,108.96802515740846,111.13005,10.67100084223593,4.7421395228742629,50.603374842591549,6,0
RLC1_2X2_008,Rat_04,3uM_RT50,RT50,B3,1uM_RT50,118.16670000000001,114.5,103.11606433989337,75.939948333333334,14.149416664802004,0.80455158893053402,11.38393566010663,6,0
RLC1_2X2_008,Rat_04,10uM_PeakTension,PeakTension,B1,1uM_PeakTension,75.601299999999995,26.349550000000001,20.00943673125558,18.736981666666669,2.5017146572094635,2.5343071203078362,6.340113268744421,6,0
RLC1_2X2_008,Rat_04,10uM_TTP,TTP,B2,1uM_PeakTension,75.601299999999995,139.78579999999999,85.998913771885086,93.683248333333339,14.444289232781809,3.7237475213417719,53.786886228114909,6,0
RLC1_2X2_008,Rat_04,10uM_RT50,RT50,B3,1uM_RT50,118.16670000000001,93.857150000000004,98.240559739534191,69.931963333333329,15.046315198310403,0.29132778901417761,4.3834097395341871,6,0
RLC1_2X2_008,Rat_05,3uM_PeakTension,PeakTension,B1,1uM_PeakTension,57.924579999999999,42.437570000000001,28.067908039747767,41.831716666666665,12.973450452089709,1.1076206760351583,14.369661960252234,6,0
RLC1_2X2_008,Rat_05,3uM_TTP,TTP,B2,1uM_TTP,107.1763,101.3954,101.70322927722283,120.82605000000001,21.246542203732826,0.014488441190621303,0.30782927722283659,6,0
RLC1_2X2_008,Rat_05,3uM_RT50,RT50,B3,1uM_RT50,71.75,72.617649999999998,66.19691839083707,82.920339999999996,20.902223188794057,0.30717936322702566,6.4207316091629281,6,0
RLC1_2X2_008,Rat_05,10uM_PeakTension,PeakTension,B1,1uM_PeakTension,57.924579999999999,18.484660000000002,17.009516748473299,20.047796666666667,3.9716746027672847,0.37141593888353519,1.4751432515267027,6,0
RLC1_2X2_008,Rat_05,10uM_TTP,TTP,B2,1uM_TTP,107.1763,85.262500000000003,84.173775015876458,102.770465,22.813411338087732,0.047723024320605781,1.0887249841235445,6,0
RLC1_2X2_008,Rat_05,10uM_RT50,RT50,B3,1uM_RT50,71.75,62.712499999999999,62.17646135680139,75.122738333333345,17.266076803051025,0.031045769650687942,0.53603864319860861,6,0
RLC1_2X2_008,Rat_06,3uM_PeakTension,PeakTension,B1,1uM_PeakTension,54.95429,32.703879999999998,27.939080328027671,43.453998333333338,12.188609045959947,0.39092234839968665,4.7647996719723267,6,0
RLC1_2X2_008,Rat_06,3uM_TTP,TTP,B2,1uM_TTP,110.7692,118.25,100.68770942125516,118.01695000000001,22.718475507986891,0.77304001197486383,17.562290578744836,6,0
RLC1_2X2_008,Rat_06,3uM_RT50,RT50,B3,1uM_RT50,76.692310000000006,83.583330000000004,69.537505577242527,81.092726666666678,21.308118235497631,0.65917713931952238,14.045824422757477,6,0
RLC1_2X2_008,Rat_06,10uM_PeakTension,PeakTension,B1,1uM_PeakTension,54.95429,15.51075,17.77597611575305,20.543448333333334,3.4425448751318646,0.65800917574568496,2.26522611575305,6,0
RLC1_2X2_008,Rat_06,10uM_TTP,TTP,B2,1uM_TTP,110.7692,109.1818,81.011918579475449,98.783915000000022,23.547088231660187,1.1963212242373473,28.169881420524547,6,0
RLC1_2X2_008,Rat_06,10uM_RT50,RT50,B3,1uM_RT50,76.692310000000006,82,62.15164506273959,71.908155000000008,17.523144993185156,1.1326936428922743,19.84835493726041,6,0
RLC1_2X2_008,Rat_07,3uM_PeakTension,PeakTension,B1,1uM_PeakTension,84.073070000000001,64.8874,45.794363735550505,38.090078333333331,6.7283796408033236,2.8376871228642373,19.093036264449495,6,0
RLC1_2X2_008,Rat_07,3uM_TTP,TTP,B2,1uM_TTP,115.5545,110.8039,108.26986136212504,119.25796666666668,22.447410250776521,0.11288779460816854,2.5340386378749571,6,0
RLC1_2X2_008,Rat_07,3uM_RT50,RT50,B3,1uM_RT50,68.830129999999997,64.980770000000007,65.180315804224989,84.193153333333342,19.794502256601113,0.010080870013209717,0.19954580422498225,6,0
RLC1_2X2_008,Rat_07,10uM_PeakTension,PeakTension,B1,1uM_PeakTension,84.073070000000001,19.65438,27.251539387738369,19.852843333333333,4.0232219551830184,1.888327184621553,7.597159387738369,6,0
RLC1_2X2_008,Rat_07,10uM_TTP,TTP,B2,1uM_TTP,115.5545,75.467920000000007,94.871977611426473,104.402895,20.723752522835962,0.9363196935518654,19.404057611426467,6,0
RLC1_2X2_008,Rat_07,10uM_RT50,RT50,B3,1uM_RT50,68.830129999999997,51.441180000000003,63.626907604321019,77.00129166666666,14.578141688722082,0.83589032570235744,12.185727604321016,6,0
RLC1_2X2_009,Rat_01,3uM_PeakTension,PeakTension,B1,1uM_PeakTension,71.527469999999994,40.76417,45.343898163451037,42.110616666666665,12.963894278187656,0.35326793517258459,4.5797281634510369,6,0
RLC1_2X2_009,Rat_01,3uM_TTP,TTP,B2,1uM_TTP,123.32810000000001,105.8254,116.96642028464021,120.08771666666667,21.937810375734102,0.5078455914161577,11.141020284640206,6,0
RLC1_2X2_009,Rat_01,3uM_RT50,RT50,B3,1uM_TTP,123.32810000000001,66.563490000000002,81.097760274280148,83.929366666666667,20.084843746467797,0.72364368166101378,14.534270274280146,6,0.14642722068359793
RLC1_2X2_009,Rat_01,10uM_PeakTension,PeakTension,B1,1uM_PeakTension,71.527469999999994,19.373999999999999,20.717753900604965,19.899573333333333,4.0181729455744772,0.3344191299891523,1.3437539006049661,6,0
RLC1_2X2_009,Rat_01,10uM_TTP,TTP,B3,1uM_TTP,123.32810000000001,88.825400000000002,99.173142469251204,102.17664833333333,23.290371296264397,0.44429272241404338,10.347742469251202,6,0
RLC1_2X2_009,Rat_01,10uM_RT50,RT50,B2,1uM_TTP,123.32810000000001,68.023809999999997,72.096679436042393,74.237520000000004,17.829776240136049,0.22843076554567676,4.0728694360423958,6,0.14782159143410681
RLC1_2X2_009,Rat_02,3uM_PeakTension,PeakTension,B1,1uM_TTP,149,27.920500000000001,45.982648417760814,44.25122833333333,11.074953472117915,1.6309006140056228,18.062148417760813,6,0
RLC1_2X2_009,Rat_02,3uM_TTP,TTP,B2,1uM_RT50,112.78570000000001,128.69999999999999,150.08573905558285,116.27528333333333,22.12858777856524,0.96643036011082739,21.38573905558286,6,0
RLC1_2X2_009,Rat_02,3uM_RT50,RT50,B3,1uM_RT50,112.78570000000001,101.2,106.94734046282501,78.156615000000002,19.080648141179847,0.30121306259094521,5.747340462825008,6,0
RLC1_2X2_009,Rat_02,10uM_PeakTension,PeakTension,B1,1uM_TTP,149,16.722300000000001,23.992133148660503,20.341523333333335,3.734643538056432,1.9465935837195965,7.2698331486605028,6,0
RLC1_2X2_009,Rat_02,10uM_TTP,TTP,B3,1uM_RT50,112.78570000000001,112.83329999999999,133.4998412369186,98.175331666666679,23.155281784082359,0.8925195309488918,20.666541236918604,6,0
RLC1_2X2_009,Rat_02,10uM_RT50,RT50,B2,1uM_RT50,112.78570000000001,93,91.189530427027378,70.074821666666665,15.310883681840728,0.11824722926475532,1.8104695729726217,6,0
RLC1_2X2_009,Rat_03,3uM_PeakTension,PeakTension,B1,1uM_PeakTension,72.447749999999999,38.391300000000001,46.853442254854038,42.506094999999995,12.863545061658158,0.6578390493672539,8.4621422548540366,6,0
RLC1_2X2_009,Rat_03,3uM_TTP,TTP,B2,1uM_RT50,79.698409999999996,101.8056,113.39661376173453,120.75768333333333,21.320517701445873,0.54365536165889972,11.59101376173453,6,0.21425620469560464
RLC1_2X2_009,Rat_03,3uM_RT50,RT50,B3,1uM_RT50,79.698409999999996,66.694450000000003,76.487833280850154,83.907539999999997,20.107377765759512,0.48705422432193646,9.7933832808501506,6,0
RLC1_2X2_009,Rat_03,10uM_PeakTension,PeakTension,B1,1uM_PeakTension,72.447749999999999,22.675799999999999,20.316626810487307,19.349273333333333,3.7810152442626657,0.62395230833636939,2.3591731895126919,6,0
RLC1_2X2_009,Rat_03,10uM_TTP,TTP,B3,1uM_RT50,79.698409999999996,90.528570000000002,93.815449672662851,101.89278666666667,23.470413776128158,0.14004353327617708,3.2868796726628489,6,0.11625404690634959
RLC1_2X2_009,Rat_03,10uM_RT50,RT50,B2,1uM_RT50,79.698409999999996,62.414290000000001,69.163822382641612,75.172439999999995,17.2225525155791,0.39190081589451675,6.7495323826416112,6,0
RLC1_2X2_009,Rat_04,3uM_PeakTension,PeakTension,B1,1uM_PeakTension,75.601299999999995,46.323050000000002,48.767800596414595,41.184136666666667,12.800241460036084,0.1909925374491882,2.4447505964145932,6,0
RLC1_2X2_009,Rat_04,3uM_TTP,TTP,B2,1uM_RT50,118.16670000000001,159.57140000000001,129.34928151366802,111.13005,10.67100084223593,2.832172814260546,30.222118486331993,6,-1.9099667086137169
RLC1_2X2_009,Rat_04,3uM_RT50,RT50,B3,1uM_PeakTension,75.601299999999995,114.5,69.569594433227053,75.939948333333334,14.149416664802004,3.1754245868341364,44.930405566772947,6,2.3708729979036023
RLC1_2X2_009,Rat_04,10uM_PeakTension,PeakTension,B1,1uM_PeakTension,75.601299999999995,26.349550000000001,20.00943673125558,18.736981666666669,2.5017146572094635,2.5343071203078362,6.340113268744421,6,0
RLC1_2X2_009,Rat_04,10uM_TTP,TTP,B3,1uM_PeakTension,75.601299999999995,139.78579999999999,85.998913771885086,93.683248333333339,14.444289232781809,3.7237475213417719,53.786886228114909,6,0
RLC1_2X2_009,Rat_04,10uM_RT50,RT50,B2,1uM_RT50,118.16670000000001,93.857150000000004,98.240559739534191,69.931963333333329,15.046315198310403,0.29132778901417761,4.3834097395341871,6,0
RLC1_2X2_009,Rat_05,3uM_PeakTension,PeakTension,B1,1uM_PeakTension,57.924579999999999,42.437570000000001,28.067908039747767,41.831716666666665,12.973450452089709,1.1076206760351583,14.369661960252234,6,0
RLC1_2X2_009,Rat_05,3uM_TTP,TTP,B2,1uM_RT50,71.75,101.3954,105.30464671794243,120.82605000000001,21.246542203732826,0.18399449098383727,3.9092467179424375,6,0.16950604979321596
RLC1_2X2_009,Rat_05,3uM_RT50,RT50,B3,1uM_RT50,71.75,72.617649999999998,66.19691839083707,82.920339999999996,20.902223188794057,0.30717936322702566,6.4207316091629281,6,0
RLC1_2X2_009,Rat_05,10uM_PeakTension,PeakTension,B1,1uM_PeakTension,57.924579999999999,18.484660000000002,17.009516748473299,20.047796666666667,3.9716746027672847,0.37141593888353519,1.4751432515267027,6,0
RLC1_2X2_009,Rat_05,10uM_TTP,TTP,B3,1uM_RT50,71.75,85.262500000000003,85.830797333557811,102.770465,22.813411338087732,0.024910668778808077,0.56829733355780832,6,-0.022812355541797703
RLC1_2X2_009,Rat_05,10uM_RT50,RT50,B2,1uM_RT50,71.75,62.712499999999999,62.17646135680139,75.122738333333345,17.266076803051025,0.031045769650687942,0.53603864319860861,6,0
RLC1_2X2_009,Rat_06,3uM_PeakTension,PeakTension,B1,1uM_PeakTension,54.95429,32.703879999999998,27.939080328027671,43.453998333333338,12.188609045959947,0.39092234839968665,4.7647996719723267,6,0
RLC1_2X2_009,Rat_06,3uM_TTP,TTP,B2,1uM_TTP,110.7692,118.25,100.68770942125516,118.01695000000001,22.718475507986891,0.77304001197486383,17.562290578744836,6,0
RLC1_2X2_009,Rat_06,3uM_RT50,RT50,B3,1uM_TTP,110.7692,83.583330000000004,65.026752880283013,81.092726666666678,21.308118235497631,0.87086888267792739,18.556577119716991,6,0.21169174335840502
RLC1_2X2_009,Rat_06,10uM_PeakTension,PeakTension,B1,1uM_PeakTension,54.95429,15.51075,17.77597611575305,20.543448333333334,3.4425448751318646,0.65800917574568496,2.26522611575305,6,0
RLC1_2X2_009,Rat_06,10uM_TTP,TTP,B3,1uM_TTP,110.7692,109.1818,81.011918579475449,98.783915000000022,23.547088231660187,1.1963212242373473,28.169881420524547,6,0
RLC1_2X2_009,Rat_06,10uM_RT50,RT50,B2,1uM_TTP,110.7692,82,59.022269383254454,71.908155000000008,17.523144993185156,1.3112789185777842,22.977730616745546,6,0.17858527568550997
RLC1_2X2_009,Rat_07,3uM_PeakTension,PeakTension,B1,1uM_PeakTension,84.073070000000001,64.8874,45.794363735550505,38.090078333333331,6.7283796408033236,2.8376871228642373,19.093036264449495,6,0
RLC1_2X2_009,Rat_07,3uM_TTP,TTP,B2,1uM_RT50,68.830129999999997,110.8039,98.202068526508683,119.25796666666668,22.447410250776521,0.5613935564373348,12.601831473491316,6,0.44850576182916624
RLC1_2X2_009,Rat_07,3uM_RT50,RT50,B3,1uM_TTP,115.5545,64.980770000000007,74.736093136351542,84.193153333333342,19.794502256601113,0.49282992872924142,9.7553231363515351,6,0.48274905871603169
RLC1_2X2_009,Rat_07,10uM_PeakTension,PeakTension,B1,1uM_PeakTension,84.073070000000001,19.65438,27.251539387738369,19.852843333333333,4.0232219551830184,1.888327184621553,7.597159387738369,6,0
RLC1_2X2_009,Rat_07,10uM_TTP,TTP,B3,1uM_TTP,115.5545,75.467920000000007,94.871977611426473,104.402895,20.723752522835962,0.9363196935518654,19.404057611426467,6,0
RLC1_2X2_009,Rat_07,10uM_RT50,RT50,B2,1uM_RT50,68.830129999999997,51.441180000000003,63.626907604321019,77.00129166666666,14.578141688722082,0.83589032570235744,12.185727604321016,6,0
RLC1_2X2_010,Rat_01,3uM_PeakTension,PeakTension,B1,1uM_TTP,123.32810000000001,40.76417,42.383031361924935,42.110616666666665,12.963894278187656,0.12487461924529449,1.6188613619249352,6,-0.22839331592729012
RLC1_2X2_010,Rat_01,3uM_TTP,TTP,B2,1uM_TTP,123.32810000000001,105.8254,116.96642028464021,120.08771666666667,21.937810375734102,0.5078455914161577,11.141020284640206,6,0
RLC1_2X2_010,Rat_01,3uM_RT50,RT50,B2,1uM_TTP,123.32810000000001,66.563490000000002,81.097760274280148,83.929366666666667,20.084843746467797,0.72364368166101378,14.534270274280146,6,0.14642722068359793
RLC1_2X2_010,Rat_01,10uM_PeakTension,PeakTension,B3,1uM_RT50,81.343919999999997,19.373999999999999,19.419271026958732,19.899573333333333,4.0181729455744772,0.011266570048607288,0.045271026958733529,6,-0.32315255994054504
RLC1_2X2_010,Rat_01,10uM_TTP,TTP,B1,1uM_TTP,123.32810000000001,88.825400000000002,99.173142469251204,102.17664833333333,23.290371296264397,0.44429272241404338,10.347742469251202,6,0
RLC1_2X2_010,Rat_01,10uM_RT50,RT50,B3,1uM_RT50,81.343919999999997,68.023809999999997,69.461053537311457,74.237520000000004,17.829776240136049,0.080609174111569953,1.4372435373114598,6,0
RLC1_2X2_010,Rat_02,3uM_PeakTension,PeakTension,B1,1uM_PeakTension,62.752249999999997,27.920500000000001,39.007578166706317,44.25122833333333,11.074953472117915,1.0010947851491139,11.087078166706316,6,-0.62980582885650893
RLC1_2X2_010,Rat_02,3uM_TTP,TTP,B2,1uM_RT50,112.78570000000001,128.69999999999999,150.08573905558285,116.27528333333333,22.12858777856524,0.96643036011082739,21.38573905558286,6,0
RLC1_2X2_010,Rat_02,3uM_RT50,RT50,B2,1uM_RT50,112.78570000000001,101.2,106.94734046282501,78.156615000000002,19.080648141179847,0.30121306259094521,5.747340462825008,6,0
RLC1_2X2_010,Rat_02,10uM_PeakTension,PeakTension,B3,1uM_RT50,112.78570000000001,16.722300000000001,25.287809229239592,20.341523333333335,3.734643538056432,2.2935279209263486,8.5655092292395913,6,0.34693433720675215
RLC1_2X2_010,Rat_02,10uM_TTP,TTP,B1,1uM_PeakTension,62.752249999999997,112.83329999999999,99.59226808653051,98.175331666666679,23.155281784082359,0.57183635409575406,13.241031913469484,6,-0.32068317685313774
RLC1_2X2_010,Rat_02,10uM_RT50,RT50,B3,1uM_RT50,112.78570000000001,93,91.189530427027378,70.074821666666665,15.310883681840728,0.11824722926475532,1.8104695729726217,6,0
RLC1_2X2_010,Rat_03,3uM_PeakTension,PeakTension,B1,1uM_RT50,79.698409999999996,38.391300000000001,44.536314823105826,42.506094999999995,12.863545061658158,0.47770772315495041,6.145014823105825,6,-0.18013132621230349
RLC1_2X2_010,Rat_03,3uM_TTP,TTP,B2,1uM_TTP,114.04770000000001,101.8056,108.82856055687728,120.75768333333333,21.320517701445873,0.32939915696329508,7.0229605568772797,6,0
RLC1_2X2_010,Rat_03,3uM_RT50,RT50,B2,1uM_TTP,114.04770000000001,66.694450000000003,73.01264203656109,83.907539999999997,20.107377765759512,0.31422257592037789,6.3181920365610864,6,-0.17283164840155857
RLC1_2X2_010,Rat_03,10uM_PeakTension,PeakTension,B3,1uM_RT50,79.698409999999996,22.675799999999999,18.622687779288448,19.349273333333333,3.7810152442626657,1.071963998786243,4.0531122207115509,6,0.44801169044987366
RLC1_2X2_010,Rat_03,10uM_TTP,TTP,B1,1uM_RT50,79.698409999999996,90.528570000000002,93.815449672662851,101.89278666666667,23.470413776128158,0.14004353327617708,3.2868796726628489,6,0.11625404690634959
RLC1_2X2_010,Rat_03,10uM_RT50,RT50,B3,1uM_RT50,79.698409999999996,62.414290000000001,69.163822382641612,75.172439999999995,17.2225525155791,0.39190081589451675,6.7495323826416112,6,0
RLC1_2X2_010,Rat_04,3uM_PeakTension,PeakTension,B1,1uM_PeakTension,75.601299999999995,46.323050000000002,48.767800596414595,41.184136666666667,12.800241460036084,0.1909925374491882,2.4447505964145932,6,0
RLC1_2X2_010,Rat_04,3uM_TTP,TTP,B2,1uM_PeakTension,75.601299999999995,159.57140000000001,108.96802515740846,111.13005,10.67100084223593,4.7421395228742629,50.603374842591549,6,0
RLC1_2X2_010,Rat_04,3uM_RT50,RT50,B2,1uM_PeakTension,75.601299999999995,114.5,69.569594433227053,75.939948333333334,14.149416664802004,3.1754245868341364,44.930405566772947,6,2.3708729979036023
RLC1_2X2_010,Rat_04,10uM_PeakTension,PeakTension,B3,1uM_PeakTension,75.601299999999995,26.349550000000001,20.00943673125558,18.736981666666669,2.5017146572094635,2.5343071203078362,6.340113268744421,6,0
RLC1_2X2_010,Rat_04,10uM_TTP,TTP,B1,1uM_PeakTension,75.601299999999995,139.78579999999999,85.998913771885086,93.683248333333339,14.444289232781809,3.7237475213417719,53.786886228114909,6,0
RLC1_2X2_010,Rat_04,10uM_RT50,RT50,B3,1uM_PeakTension,75.601299999999995,93.857150000000004,62.228644188568389,69.931963333333329,15.046315198310403,2.1020765147192502,31.628505811431616,6,1.8107487257050725
RLC1_2X2_010,Rat_05,3uM_PeakTension,PeakTension,B1,1uM_PeakTension,57.924579999999999,42.437570000000001,28.067908039747767,41.831716666666665,12.973450452089709,1.1076206760351583,14.369661960252234,6,0
RLC1_2X2_010,Rat_05,3uM_TTP,TTP,B2,1uM_TTP,107.1763,101.3954,101.70322927722283,120.82605000000001,21.246542203732826,0.014488441190621303,0.30782927722283659,6,0
RLC1_2X2_010,Rat_05,3uM_RT50,RT50,B2,1uM_TTP,107.1763,72.617649999999998,64.175760081215159,82.920339999999996,20.902223188794057,0.40387521664732012,8.4418899187848382,6,0.096695853420294464
RLC1_2X2_010,Rat_05,10uM_PeakTension,PeakTension,B3,1uM_RT50,71.75,18.484660000000002,18.791316202274089,20.047796666666667,3.9716746027672847,0.077210807265132755,0.30665620227408752,6,-0.29420513161840245
RLC1_2X2_010,Rat_05,10uM_TTP,TTP,B1,1uM_PeakTension,57.924579999999999,85.262500000000003,112.24188435559721,102.770465,22.813411338087732,1.1826107001610164,26.979384355597205,6,1.1348876758404107
RLC1_2X2_010,Rat_05,10uM_RT50,RT50,B3,1uM_RT50,71.75,62.712499999999999,62.17646135680139,75.122738333333345,17.266076803051025,0.031045769650687942,0.53603864319860861,6,0
RLC1_2X2_010,Rat_06,3uM_PeakTension,PeakTension,B1,1uM_RT50,76.692310000000006,32.703879999999998,46.825687737568693,43.453998333333338,12.188609045959947,1.1586069980847837,14.121807737568695,6,0.76768464968509709
RLC1_2X2_010,Rat_06,3uM_TTP,TTP,B2,1uM_TTP,110.7692,118.25,100.68770942125516,118.01695000000001,22.718475507986891,0.77304001197486383,17.562290578744836,6,0
RLC1_2X2_010,Rat_06,3uM_RT50,RT50,B2,1uM_TTP,110.7692,83.583330000000004,65.026752880283013,81.092726666666678,21.308118235497631,0.87086888267792739,18.556577119716991,6,0.21169174335840502
RLC1_2X2_010,Rat_06,10uM_PeakTension,PeakTension,B3,1uM_RT50,76.692310000000006,15.51075,19.898706173611455,20.543448333333334,3.4425448751318646,1.2746257006870179,4.387956173611455,6,0.6166165249413329
RLC1_2X2_010,Rat_06,10uM_TTP,TTP,B1,1uM_RT50,76.692310000000006,109.1818,86.069220902896049,98.783915000000022,23.547088231660187,0.98154722442615971,23.112579097103946,6,-0.21477399981118761
RLC1_2X2_010,Rat_06,10uM_RT50,RT50,B3,1uM_RT50,76.692310000000006,82,62.15164506273959,71.908155000000008,17.523144993185156,1.1326936428922743,19.84835493726041,6,0
RLC1_2X2_010,Rat_07,3uM_PeakTension,PeakTension,B1,1uM_TTP,115.5545,64.8874,37.712084654597312,38.090078333333331,6.7283796408033236,4.0389093357042105,27.175315345402687,6,1.2012222128399732
RLC1_2X2_010,Rat_07,3uM_TTP,TTP,B2,1uM_TTP,115.5545,110.8039,108.26986136212504,119.25796666666668,22.447410250776521,0.11288779460816854,2.5340386378749571,6,0
RLC1_2X2_010,Rat_07,3uM_RT50,RT50,B2,1uM_TTP,115.5545,64.980770000000007,74.736093136351542,84.193153333333342,19.794502256601113,0.49282992872924142,9.7553231363515351,6,0.48274905871603169
RLC1_2X2_010,Rat_07,10uM_PeakTension,PeakTension,B3,1uM_RT50,68.830129999999997,19.65438,18.056129730257997,19.852843333333333,4.0232219551830184,0.39725630043428661,1.5982502697420031,6,-1.4910708841872664
RLC1_2X2_010,Rat_07,10uM_TTP,TTP,B1,1uM_TTP,115.5545,75.467920000000007,94.871977611426473,104.402895,20.723752522835962,0.9363196935518654,19.404057611426467,6,0
RLC1_2X2_010,Rat_07,10uM_RT50,RT50,B3,1uM_RT50,68.830129999999997,51.441180000000003,63.626907604321019,77.00129166666666,14.578141688722082,0.83589032570235744,12.185727604321016,6,0
RLC1_2X2_011,Rat_01,3uM_PeakTension,PeakTension,B1,1uM_TTP,123.32810000000001,40.76417,42.383031361924935,42.110616666666665,12.963894278187656,0.12487461924529449,1.6188613619249352,6,-0.22839331592729012
RLC1_2X2_011,Rat_01,3uM_TTP,TTP,B2,1uM_TTP,123.32810000000001,105.8254,116.96642028464021,120.08771666666667,21.937810375734102,0.5078455914161577,11.141020284640206,6,0
RLC1_2X2_011,Rat_01,3uM_RT50,RT50,B3,1uM_RT50,81.343919999999997,66.563490000000002,78.156792426620527,83.929366666666667,20.084843746467797,0.57721646097741586,11.593302426620525,6,0
RLC1_2X2_011,Rat_01,10uM_PeakTension,PeakTension,B2,1uM_TTP,123.32810000000001,19.373999999999999,19.587466255132853,19.899573333333333,4.0181729455744772,0.053125203425591891,0.21346625513285389,6,-0.28129392656356039
RLC1_2X2_011,Rat_01,10uM_TTP,TTP,B1,1uM_TTP,123.32810000000001,88.825400000000002,99.173142469251204,102.17664833333333,23.290371296264397,0.44429272241404338,10.347742469251202,6,0
RLC1_2X2_011,Rat_01,10uM_RT50,RT50,B3,1uM_RT50,81.343919999999997,68.023809999999997,69.461053537311457,74.237520000000004,17.829776240136049,0.080609174111569953,1.4372435373114598,6,0
RLC1_2X2_011,Rat_02,3uM_PeakTension,PeakTension,B1,1uM_PeakTension,62.752249999999997,27.920500000000001,39.007578166706317,44.25122833333333,11.074953472117915,1.0010947851491139,11.087078166706316,6,-0.62980582885650893
RLC1_2X2_011,Rat_02,3uM_TTP,TTP,B2,1uM_TTP,149,128.69999999999999,140.99440454755725,116.27528333333333,22.12858777856524,0.55558920752575924,12.294404547557264,6,-0.41084115258506815
RLC1_2X2_011,Rat_02,3uM_RT50,RT50,B3,1uM_RT50,112.78570000000001,101.2,106.94734046282501,78.156615000000002,19.080648141179847,0.30121306259094521,5.747340462825008,6,0
RLC1_2X2_011,Rat_02,10uM_PeakTension,PeakTension,B2,1uM_TTP,149,16.722300000000001,23.992133148660503,20.341523333333335,3.734643538056432,1.9465935837195965,7.2698331486605028,6,0
RLC1_2X2_011,Rat_02,10uM_TTP,TTP,B1,1uM_PeakTension,62.752249999999997,112.83329999999999,99.59226808653051,98.175331666666679,23.155281784082359,0.57183635409575406,13.241031913469484,6,-0.32068317685313774
RLC1_2X2_011,Rat_02,10uM_RT50,RT50,B3,1uM_RT50,112.78570000000001,93,91.189530427027378,70.074821666666665,15.310883681840728,0.11824722926475532,1.8104695729726217,6,0
RLC1_2X2_011,Rat_03,3uM_PeakTension,PeakTension,B1,1uM_RT50,79.698409999999996,38.391300000000001,44.536314823105826,42.506094999999995,12.863545061658158,0.47770772315495041,6.145014823105825,6,-0.18013132621230349
RLC1_2X2_011,Rat_03,3uM_TTP,TTP,B2,1uM_TTP,114.04770000000001,101.8056,108.82856055687728,120.75768333333333,21.320517701445873,0.32939915696329508,7.0229605568772797,6,0
RLC1_2X2_011,Rat_03,3uM_RT50,RT50,B3,1uM_RT50,79.698409999999996,66.694450000000003,76.487833280850154,83.907539999999997,20.107377765759512,0.48705422432193646,9.7933832808501506,6,0
RLC1_2X2_011,Rat_03,10uM_PeakTension,PeakTension,B2,1uM_TTP,114.04770000000001,22.675799999999999,17.82975063084394,19.349273333333333,3.7810152442626657,1.2816794051569833,4.8460493691560593,6,0.65772709682061392
RLC1_2X2_011,Rat_03,10uM_TTP,TTP,B1,1uM_RT50,79.698409999999996,90.528570000000002,93.815449672662851,101.89278666666667,23.470413776128158,0.14004353327617708,3.2868796726628489,6,0.11625404690634959
RLC1_2X2_011,Rat_03,10uM_RT50,RT50,B3,1uM_RT50,79.698409999999996,62.414290000000001,69.163822382641612,75.172439999999995,17.2225525155791,0.39190081589451675,6.7495323826416112,6,0
RLC1_2X2_011,Rat_04,3uM_PeakTension,PeakTension,B1,1uM_PeakTension,75.601299999999995,46.323050000000002,48.767800596414595,41.184136666666667,12.800241460036084,0.1909925374491882,2.4447505964145932,6,0
RLC1_2X2_011,Rat_04,3uM_TTP,TTP,B2,1uM_PeakTension,75.601299999999995,159.57140000000001,108.96802515740846,111.13005,10.67100084223593,4.7421395228742629,50.603374842591549,6,0
RLC1_2X2_011,Rat_04,3uM_RT50,RT50,B3,1uM_RT50,118.16670000000001,114.5,103.11606433989337,75.939948333333334,14.149416664802004,0.80455158893053402,11.38393566010663,6,0
RLC1_2X2_011,Rat_04,10uM_PeakTension,PeakTension,B2,1uM_PeakTension,75.601299999999995,26.349550000000001,20.00943673125558,18.736981666666669,2.5017146572094635,2.5343071203078362,6.340113268744421,6,0
RLC1_2X2_011,Rat_04,10uM_TTP,TTP,B1,1uM_PeakTension,75.601299999999995,139.78579999999999,85.998913771885086,93.683248333333339,14.444289232781809,3.7237475213417719,53.786886228114909,6,0
RLC1_2X2_011,Rat_04,10uM_RT50,RT50,B3,1uM_RT50,118.16670000000001,93.857150000000004,98.240559739534191,69.931963333333329,15.046315198310403,0.29132778901417761,4.3834097395341871,6,0
RLC1_2X2_011,Rat_05,3uM_PeakTension,PeakTension,B1,1uM_PeakTension,57.924579999999999,42.437570000000001,28.067908039747767,41.831716666666665,12.973450452089709,1.1076206760351583,14.369661960252234,6,0
RLC1_2X2_011,Rat_05,3uM_TTP,TTP,B2,1uM_TTP,107.1763,101.3954,101.70322927722283,120.82605000000001,21.246542203732826,0.014488441190621303,0.30782927722283659,6,0
RLC1_2X2_011,Rat_05,3uM_RT50,RT50,B3,1uM_RT50,71.75,72.617649999999998,66.19691839083707,82.920339999999996,20.902223188794057,0.30717936322702566,6.4207316091629281,6,0
RLC1_2X2_011,Rat_05,10uM_PeakTension,PeakTension,B2,1uM_TTP,107.1763,18.484660000000002,18.09560072438072,20.047796666666667,3.9716746027672847,0.097958497241491693,0.38905927561928166,6,-0.2734574416420435
RLC1_2X2_011,Rat_05,10uM_TTP,TTP,B1,1uM_PeakTension,57.924579999999999,85.262500000000003,112.24188435559721,102.770465,22.813411338087732,1.1826107001610164,26.979384355597205,6,1.1348876758404107
RLC1_2X2_011,Rat_05,10uM_RT50,RT50,B3,1uM_RT50,71.75,62.712499999999999,62.17646135680139,75.122738333333345,17.266076803051025,0.031045769650687942,0.53603864319860861,6,0
RLC1_2X2_011,Rat_06,3uM_PeakTension,PeakTension,B1,1uM_RT50,76.692310000000006,32.703879999999998,46.825687737568693,43.453998333333338,12.188609045959947,1.1586069980847837,14.121807737568695,6,0.76768464968509709
RLC1_2X2_011,Rat_06,3uM_TTP,TTP,B2,1uM_TTP,110.7692,118.25,100.68770942125516,118.01695000000001,22.718475507986891,0.77304001197486383,17.562290578744836,6,0
RLC1_2X2_011,Rat_06,3uM_RT50,RT50,B3,1uM_RT50,76.692310000000006,83.583330000000004,69.537505577242527,81.092726666666678,21.308118235497631,0.65917713931952238,14.045824422757477,6,0
RLC1_2X2_011,Rat_06,10uM_PeakTension,PeakTension,B2,1uM_TTP,110.7692,15.51075,19.379610781896069,20.543448333333334,3.4425448751318646,1.123837429061219,3.8688607818960694,6,0.46582825331553401
RLC1_2X2_011,Rat_06,10uM_TTP,TTP,B1,1uM_RT50,76.692310000000006,109.1818,86.069220902896049,98.783915000000022,23.547088231660187,0.98154722442615971,23.112579097103946,6,-0.21477399981118761
RLC1_2X2_011,Rat_06,10uM_RT50,RT50,B3,1uM_RT50,76.692310000000006,82,62.15164506273959,71.908155000000008,17.523144993185156,1.1326936428922743,19.84835493726041,6,0
RLC1_2X2_011,Rat_07,3uM_PeakTension,PeakTension,B1,1uM_TTP,115.5545,64.8874,37.712084654597312,38.090078333333331,6.7283796408033236,4.0389093357042105,27.175315345402687,6,1.2012222128399732
RLC1_2X2_011,Rat_07,3uM_TTP,TTP,B2,1uM_TTP,115.5545,110.8039,108.26986136212504,119.25796666666668,22.447410250776521,0.11288779460816854,2.5340386378749571,6,0
RLC1_2X2_011,Rat_07,3uM_RT50,RT50,B3,1uM_RT50,68.830129999999997,64.980770000000007,65.180315804224989,84.193153333333342,19.794502256601113,0.010080870013209717,0.19954580422498225,6,0
RLC1_2X2_011,Rat_07,10uM_PeakTension,PeakTension,B2,1uM_TTP,115.5545,19.65438,18.734939926364813,19.852843333333333,4.0232219551830184,0.22853327106417642,0.91944007363518665,6,-1.6597939135573765
RLC1_2X2_011,Rat_07,10uM_TTP,TTP,B1,1uM_TTP,115.5545,75.467920000000007,94.871977611426473,104.402895,20.723752522835962,0.9363196935518654,19.404057611426467,6,0
RLC1_2X2_011,Rat_07,10uM_RT50,RT50,B3,1uM_RT50,68.830129999999997,51.441180000000003,63.626907604321019,77.00129166666666,14.578141688722082,0.83589032570235744,12.185727604321016,6,0
RLC1_2X2_012,Rat_01,3uM_PeakTension,PeakTension,B1,1uM_TTP,123.32810000000001,40.76417,42.383031361924935,42.110616666666665,12.963894278187656,0.12487461924529449,1.6188613619249352,6,-0.22839331592729012
RLC1_2X2_012,Rat_01,3uM_TTP,TTP,B2,1uM_TTP,123.32810000000001,105.8254,116.96642028464021,120.08771666666667,21.937810375734102,0.5078455914161577,11.141020284640206,6,0
RLC1_2X2_012,Rat_01,3uM_RT50,RT50,B3,1uM_TTP,123.32810000000001,66.563490000000002,81.097760274280148,83.929366666666667,20.084843746467797,0.72364368166101378,14.534270274280146,6,0.14642722068359793
RLC1_2X2_012,Rat_01,10uM_PeakTension,PeakTension,B3,1uM_TTP,123.32810000000001,19.373999999999999,19.587466255132853,19.899573333333333,4.0181729455744772,0.053125203425591891,0.21346625513285389,6,-0.28129392656356039
RLC1_2X2_012,Rat_01,10uM_TTP,TTP,B1,1uM_TTP,123.32810000000001,88.825400000000002,99.173142469251204,102.17664833333333,23.290371296264397,0.44429272241404338,10.347742469251202,6,0
RLC1_2X2_012,Rat_01,10uM_RT50,RT50,B2,1uM_TTP,123.32810000000001,68.023809999999997,72.096679436042393,74.237520000000004,17.829776240136049,0.22843076554567676,4.0728694360423958,6,0.14782159143410681
RLC1_2X2_012,Rat_02,3uM_PeakTension,PeakTension,B1,1uM_PeakTension,62.752249999999997,27.920500000000001,39.007578166706317,44.25122833333333,11.074953472117915,1.0010947851491139,11.087078166706316,6,-0.62980582885650893
RLC1_2X2_012,Rat_02,3uM_TTP,TTP,B2,1uM_RT50,112.78570000000001,128.69999999999999,150.08573905558285,116.27528333333333,22.12858777856524,0.96643036011082739,21.38573905558286,6,0
RLC1_2X2_012,Rat_02,3uM_RT50,RT50,B3,1uM_RT50,112.78570000000001,101.2,106.94734046282501,78.156615000000002,19.080648141179847,0.30121306259094521,5.747340462825008,6,0
RLC1_2X2_012,Rat_02,10uM_PeakTension,PeakTension,B3,1uM_RT50,112.78570000000001,16.722300000000001,25.287809229239592,20.341523333333335,3.734643538056432,2.2935279209263486,8.5655092292395913,6,0.34693433720675215
RLC1_2X2_012,Rat_02,10uM_TTP,TTP,B1,1uM_PeakTension,62.752249999999997,112.83329999999999,99.59226808653051,98.175331666666679,23.155281784082359,0.57183635409575406,13.241031913469484,6,-0.32068317685313774
RLC1_2X2_012,Rat_02,10uM_RT50,RT50,B2,1uM_RT50,112.78570000000001,93,91.189530427027378,70.074821666666665,15.310883681840728,0.11824722926475532,1.8104695729726217,6,0
RLC1_2X2_012,Rat_03,3uM_PeakTension,PeakTension,B1,1uM_RT50,79.698409999999996,38.391300000000001,44.536314823105826,42.506094999999995,12.863545061658158,0.47770772315495041,6.145014823105825,6,-0.18013132621230349
RLC1_2X2_012,Rat_03,3uM_TTP,TTP,B2,1uM_RT50,79.698409999999996,101.8056,113.39661376173453,120.75768333333333,21.320517701445873,0.54365536165889972,11.59101376173453,6,0.21425620469560464
RLC1_2X2_012,Rat_03,3uM_RT50,RT50,B3,1uM_TTP,114.04770000000001,66.694450000000003,73.01264203656109,83.907539999999997,20.107377765759512,0.31422257592037789,6.3181920365610864,6,-0.17283164840155857
RLC1_2X2_012,Rat_03,10uM_PeakTension,PeakTension,B3,1uM_TTP,114.04770000000001,22.675799999999999,17.82975063084394,19.349273333333333,3.7810152442626657,1.2816794051569833,4.8460493691560593,6,0.65772709682061392
RLC1_2X2_012,Rat_03,10uM_TTP,TTP,B1,1uM_RT50,79.698409999999996,90.528570000000002,93.815449672662851,101.89278666666667,23.470413776128158,0.14004353327617708,3.2868796726628489,6,0.11625404690634959
RLC1_2X2_012,Rat_03,10uM_RT50,RT50,B2,1uM_RT50,79.698409999999996,62.414290000000001,69.163822382641612,75.172439999999995,17.2225525155791,0.39190081589451675,6.7495323826416112,6,0
RLC1_2X2_012,Rat_04,3uM_PeakTension,PeakTension,B1,1uM_PeakTension,75.601299999999995,46.323050000000002,48.767800596414595,41.184136666666667,12.800241460036084,0.1909925374491882,2.4447505964145932,6,0
RLC1_2X2_012,Rat_04,3uM_TTP,TTP,B2,1uM_RT50,118.16670000000001,159.57140000000001,129.34928151366802,111.13005,10.67100084223593,2.832172814260546,30.222118486331993,6,-1.9099667086137169
RLC1_2X2_012,Rat_04,3uM_RT50,RT50,B3,1uM_PeakTension,75.601299999999995,114.5,69.569594433227053,75.939948333333334,14.149416664802004,3.1754245868341364,44.930405566772947,6,2.3708729979036023
RLC1_2X2_012,Rat_04,10uM_PeakTension,PeakTension,B3,1uM_PeakTension,75.601299999999995,26.349550000000001,20.00943673125558,18.736981666666669,2.5017146572094635,2.5343071203078362,6.340113268744421,6,0
RLC1_2X2_012,Rat_04,10uM_TTP,TTP,B1,1uM_PeakTension,75.601299999999995,139.78579999999999,85.998913771885086,93.683248333333339,14.444289232781809,3.7237475213417719,53.786886228114909,6,0
RLC1_2X2_012,Rat_04,10uM_RT50,RT50,B2,1uM_RT50,118.16670000000001,93.857150000000004,98.240559739534191,69.931963333333329,15.046315198310403,0.29132778901417761,4.3834097395341871,6,0
RLC1_2X2_012,Rat_05,3uM_PeakTension,PeakTension,B1,1uM_PeakTension,57.924579999999999,42.437570000000001,28.067908039747767,41.831716666666665,12.973450452089709,1.1076206760351583,14.369661960252234,6,0
RLC1_2X2_012,Rat_05,3uM_TTP,TTP,B2,1uM_RT50,71.75,101.3954,105.30464671794243,120.82605000000001,21.246542203732826,0.18399449098383727,3.9092467179424375,6,0.16950604979321596
RLC1_2X2_012,Rat_05,3uM_RT50,RT50,B3,1uM_TTP,107.1763,72.617649999999998,64.175760081215159,82.920339999999996,20.902223188794057,0.40387521664732012,8.4418899187848382,6,0.096695853420294464
RLC1_2X2_012,Rat_05,10uM_PeakTension,PeakTension,B3,1uM_TTP,107.1763,18.484660000000002,18.09560072438072,20.047796666666667,3.9716746027672847,0.097958497241491693,0.38905927561928166,6,-0.2734574416420435
RLC1_2X2_012,Rat_05,10uM_TTP,TTP,B1,1uM_PeakTension,57.924579999999999,85.262500000000003,112.24188435559721,102.770465,22.813411338087732,1.1826107001610164,26.979384355597205,6,1.1348876758404107
RLC1_2X2_012,Rat_05,10uM_RT50,RT50,B2,1uM_RT50,71.75,62.712499999999999,62.17646135680139,75.122738333333345,17.266076803051025,0.031045769650687942,0.53603864319860861,6,0
RLC1_2X2_012,Rat_06,3uM_PeakTension,PeakTension,B1,1uM_RT50,76.692310000000006,32.703879999999998,46.825687737568693,43.453998333333338,12.188609045959947,1.1586069980847837,14.121807737568695,6,0.76768464968509709
RLC1_2X2_012,Rat_06,3uM_TTP,TTP,B2,1uM_TTP,110.7692,118.25,100.68770942125516,118.01695000000001,22.718475507986891,0.77304001197486383,17.562290578744836,6,0
RLC1_2X2_012,Rat_06,3uM_RT50,RT50,B3,1uM_TTP,110.7692,83.583330000000004,65.026752880283013,81.092726666666678,21.308118235497631,0.87086888267792739,18.556577119716991,6,0.21169174335840502
RLC1_2X2_012,Rat_06,10uM_PeakTension,PeakTension,B3,1uM_TTP,110.7692,15.51075,19.379610781896069,20.543448333333334,3.4425448751318646,1.123837429061219,3.8688607818960694,6,0.46582825331553401
RLC1_2X2_012,Rat_06,10uM_TTP,TTP,B1,1uM_RT50,76.692310000000006,109.1818,86.069220902896049,98.783915000000022,23.547088231660187,0.98154722442615971,23.112579097103946,6,-0.21477399981118761
RLC1_2X2_012,Rat_06,10uM_RT50,RT50,B2,1uM_TTP,110.7692,82,59.022269383254454,71.908155000000008,17.523144993185156,1.3112789185777842,22.977730616745546,6,0.17858527568550997
RLC1_2X2_012,Rat_07,3uM_PeakTension,PeakTension,B1,1uM_TTP,115.5545,64.8874,37.712084654597312,38.090078333333331,6.7283796408033236,4.0389093357042105,27.175315345402687,6,1.2012222128399732
RLC1_2X2_012,Rat_07,3uM_TTP,TTP,B2,1uM_RT50,68.830129999999997,110.8039,98.202068526508683,119.25796666666668,22.447410250776521,0.5613935564373348,12.601831473491316,6,0.44850576182916624
RLC1_2X2_012,Rat_07,3uM_RT50,RT50,B3,1uM_TTP,115.5545,64.980770000000007,74.736093136351542,84.193153333333342,19.794502256601113,0.49282992872924142,9.7553231363515351,6,0.48274905871603169
RLC1_2X2_012,Rat_07,10uM_PeakTension,PeakTension,B3,1uM_TTP,115.5545,19.65438,18.734939926364813,19.852843333333333,4.0232219551830184,0.22853327106417642,0.91944007363518665,6,-1.6597939135573765
RLC1_2X2_012,Rat_07,10uM_TTP,TTP,B1,1uM_TTP,115.5545,75.467920000000007,94.871977611426473,104.402895,20.723752522835962,0.9363196935518654,19.404057611426467,6,0
RLC1_2X2_012,Rat_07,10uM_RT50,RT50,B2,1uM_RT50,68.830129999999997,51.441180000000003,63.626907604321019,77.00129166666666,14.578141688722082,0.83589032570235744,12.185727604321016,6,0
RLC1_2X2_013,Rat_01,3uM_PeakTension,PeakTension,B1,1uM_RT50,81.343919999999997,40.76417,43.605296073981783,42.110616666666665,12.963894278187656,0.21915683767663147,2.8411260739817834,6,-0.13411109749595312
RLC1_2X2_013,Rat_01,3uM_TTP,TTP,B2,1uM_TTP,123.32810000000001,105.8254,116.96642028464021,120.08771666666667,21.937810375734102,0.5078455914161577,11.141020284640206,6,0
RLC1_2X2_013,Rat_01,3uM_RT50,RT50,B2,1uM_TTP,123.32810000000001,66.563490000000002,81.097760274280148,83.929366666666667,20.084843746467797,0.72364368166101378,14.534270274280146,6,0.14642722068359793
RLC1_2X2_013,Rat_01,10uM_PeakTension,PeakTension,B3,1uM_TTP,123.32810000000001,19.373999999999999,19.587466255132853,19.899573333333333,4.0181729455744772,0.053125203425591891,0.21346625513285389,6,-0.28129392656356039
RLC1_2X2_013,Rat_01,10uM_TTP,TTP,B3,1uM_TTP,123.32810000000001,88.825400000000002,99.173142469251204,102.17664833333333,23.290371296264397,0.44429272241404338,10.347742469251202,6,0
RLC1_2X2_013,Rat_01,10uM_RT50,RT50,B1,1uM_RT50,81.343919999999997,68.023809999999997,69.461053537311457,74.237520000000004,17.829776240136049,0.080609174111569953,1.4372435373114598,6,0
RLC1_2X2_013,Rat_02,3uM_PeakTension,PeakTension,B1,1uM_PeakTension,62.752249999999997,27.920500000000001,39.007578166706317,44.25122833333333,11.074953472117915,1.0010947851491139,11.087078166706316,6,-0.62980582885650893
RLC1_2X2_013,Rat_02,3uM_TTP,TTP,B2,1uM_RT50,112.78570000000001,128.69999999999999,150.08573905558285,116.27528333333333,22.12858777856524,0.96643036011082739,21.38573905558286,6,0
RLC1_2X2_013,Rat_02,3uM_RT50,RT50,B2,1uM_RT50,112.78570000000001,101.2,106.94734046282501,78.156615000000002,19.080648141179847,0.30121306259094521,5.747340462825008,6,0
RLC1_2X2_013,Rat_02,10uM_PeakTension,PeakTension,B3,1uM_RT50,112.78570000000001,16.722300000000001,25.287809229239592,20.341523333333335,3.734643538056432,2.2935279209263486,8.5655092292395913,6,0.34693433720675215
RLC1_2X2_013,Rat_02,10uM_TTP,TTP,B3,1uM_RT50,112.78570000000001,112.83329999999999,133.4998412369186,98.175331666666679,23.155281784082359,0.8925195309488918,20.666541236918604,6,0
RLC1_2X2_013,Rat_02,10uM_RT50,RT50,B1,1uM_PeakTension,62.752249999999997,93,72.723306757865856,70.074821666666665,15.310883681840728,1.3243320022202931,20.276693242134144,6,1.2060847729555377
RLC1_2X2_013,Rat_03,3uM_PeakTension,PeakTension,B1,1uM_RT50,79.698409999999996,38.391300000000001,44.536314823105826,42.506094999999995,12.863545061658158,0.47770772315495041,6.145014823105825,6,-0.18013132621230349
RLC1_2X2_013,Rat_03,3uM_TTP,TTP,B2,1uM_TTP,114.04770000000001,101.8056,108.82856055687728,120.75768333333333,21.320517701445873,0.32939915696329508,7.0229605568772797,6,0
RLC1_2X2_013,Rat_03,3uM_RT50,RT50,B2,1uM_TTP,114.04770000000001,66.694450000000003,73.01264203656109,83.907539999999997,20.107377765759512,0.31422257592037789,6.3181920365610864,6,-0.17283164840155857
RLC1_2X2_013,Rat_03,10uM_PeakTension,PeakTension,B3,1uM_TTP,114.04770000000001,22.675799999999999,17.82975063084394,19.349273333333333,3.7810152442626657,1.2816794051569833,4.8460493691560593,6,0.65772709682061392
RLC1_2X2_013,Rat_03,10uM_TTP,TTP,B3,1uM_TTP,114.04770000000001,90.528570000000002,89.97022091137859,101.89278666666667,23.470413776128158,0.02378948636982749,0.55834908862141219,6,0
RLC1_2X2_013,Rat_03,10uM_RT50,RT50,B1,1uM_RT50,79.698409999999996,62.414290000000001,69.163822382641612,75.172439999999995,17.2225525155791,0.39190081589451675,6.7495323826416112,6,0
RLC1_2X2_013,Rat_04,3uM_PeakTension,PeakTension,B1,1uM_PeakTension,75.601299999999995,46.323050000000002,48.767800596414595,41.184136666666667,12.800241460036084,0.1909925374491882,2.4447505964145932,6,0
RLC1_2X2_013,Rat_04,3uM_TTP,TTP,B2,1uM_PeakTension,75.601299999999995,159.57140000000001,108.96802515740846,111.13005,10.67100084223593,4.7421395228742629,50.603374842591549,6,0
RLC1_2X2_013,Rat_04,3uM_RT50,RT50,B2,1uM_PeakTension,75.601299999999995,114.5,69.569594433227053,75.939948333333334,14.149416664802004,3.1754245868341364,44.930405566772947,6,2.3708729979036023
RLC1_2X2_013,Rat_04,10uM_PeakTension,PeakTension,B3,1uM_PeakTension,75.601299999999995,26.349550000000001,20.00943673125558,18.736981666666669,2.5017146572094635,2.5343071203078362,6.340113268744421,6,0
RLC1_2X2_013,Rat_04,10uM_TTP,TTP,B3,1uM_PeakTension,75.601299999999995,139.78579999999999,85.998913771885086,93.683248333333339,14.444289232781809,3.7237475213417719,53.786886228114909,6,0
RLC1_2X2_013,Rat_04,10uM_RT50,RT50,B1,1uM_PeakTension,75.601299999999995,93.857150000000004,62.228644188568389,69.931963333333329,15.046315198310403,2.1020765147192502,31.628505811431616,6,1.8107487257050725
RLC1_2X2_013,Rat_05,3uM_PeakTension,PeakTension,B1,1uM_PeakTension,57.924579999999999,42.437570000000001,28.067908039747767,41.831716666666665,12.973450452089709,1.1076206760351583,14.369661960252234,6,0
RLC1_2X2_013,Rat_05,3uM_TTP,TTP,B2,1uM_TTP,107.1763,101.3954,101.70322927722283,120.82605000000001,21.246542203732826,0.014488441190621303,0.30782927722283659,6,0
RLC1_2X2_013,Rat_05,3uM_RT50,RT50,B2,1uM_TTP,107.1763,72.617649999999998,64.175760081215159,82.920339999999996,20.902223188794057,0.40387521664732012,8.4418899187848382,6,0.096695853420294464
RLC1_2X2_013,Rat_05,10uM_PeakTension,PeakTension,B3,1uM_RT50,71.75,18.484660000000002,18.791316202274089,20.047796666666667,3.9716746027672847,0.077210807265132755,0.30665620227408752,6,-0.29420513161840245
RLC1_2X2_013,Rat_05,10uM_TTP,TTP,B3,1uM_RT50,71.75,85.262500000000003,85.830797333557811,102.770465,22.813411338087732,0.024910668778808077,0.56829733355780832,6,-0.022812355541797703
RLC1_2X2_013,Rat_05,10uM_RT50,RT50,B1,1uM_PeakTension,57.924579999999999,62.712499999999999,87.114030507774174,75.122738333333345,17.266076803051025,1.4132643324893743,24.401530507774176,6,1.3822185628386865
RLC1_2X2_013,Rat_06,3uM_PeakTension,PeakTension,B1,1uM_RT50,76.692310000000006,32.703879999999998,46.825687737568693,43.453998333333338,12.188609045959947,1.1586069980847837,14.121807737568695,6,0.76768464968509709
RLC1_2X2_013,Rat_06,3uM_TTP,TTP,B2,1uM_TTP,110.7692,118.25,100.68770942125516,118.01695000000001,22.718475507986891,0.77304001197486383,17.562290578744836,6,0
RLC1_2X2_013,Rat_06,3uM_RT50,RT50,B2,1uM_TTP,110.7692,83.583330000000004,65.026752880283013,81.092726666666678,21.308118235497631,0.87086888267792739,18.556577119716991,6,0.21169174335840502
RLC1_2X2_013,Rat_06,10uM_PeakTension,PeakTension,B3,1uM_RT50,76.692310000000006,15.51075,19.898706173611455,20.543448333333334,3.4425448751318646,1.2746257006870179,4.387956173611455,6,0.6166165249413329
RLC1_2X2_013,Rat_06,10uM_TTP,TTP,B3,1uM_RT50,76.692310000000006,109.1818,86.069220902896049,98.783915000000022,23.547088231660187,0.98154722442615971,23.112579097103946,6,-0.21477399981118761
RLC1_2X2_013,Rat_06,10uM_RT50,RT50,B1,1uM_RT50,76.692310000000006,82,62.15164506273959,71.908155000000008,17.523144993185156,1.1326936428922743,19.84835493726041,6,0
RLC1_2X2_013,Rat_07,3uM_PeakTension,PeakTension,B1,1uM_RT50,68.830129999999997,64.8874,38.447769908247643,38.090078333333331,6.7283796408033236,3.9295687079565029,26.439630091752356,6,1.0918815850922656
RLC1_2X2_013,Rat_07,3uM_TTP,TTP,B2,1uM_TTP,115.5545,110.8039,108.26986136212504,119.25796666666668,22.447410250776521,0.11288779460816854,2.5340386378749571,6,0
RLC1_2X2_013,Rat_07,3uM_RT50,RT50,B2,1uM_TTP,115.5545,64.980770000000007,74.736093136351542,84.193153333333342,19.794502256601113,0.49282992872924142,9.7553231363515351,6,0.48274905871603169
RLC1_2X2_013,Rat_07,10uM_PeakTension,PeakTension,B3,1uM_TTP,115.5545,19.65438,18.734939926364813,19.852843333333333,4.0232219551830184,0.22853327106417642,0.91944007363518665,6,-1.6597939135573765
RLC1_2X2_013,Rat_07,10uM_TTP,TTP,B3,1uM_TTP,115.5545,75.467920000000007,94.871977611426473,104.402895,20.723752522835962,0.9363196935518654,19.404057611426467,6,0
RLC1_2X2_013,Rat_07,10uM_RT50,RT50,B1,1uM_RT50,68.830129999999997,51.441180000000003,63.626907604321019,77.00129166666666,14.578141688722082,0.83589032570235744,12.185727604321016,6,0
RLC1_2X2_014,Rat_01,3uM_PeakTension,PeakTension,B1,1uM_RT50,81.343919999999997,40.76417,43.605296073981783,42.110616666666665,12.963894278187656,0.21915683767663147,2.8411260739817834,6,-0.13411109749595312
RLC1_2X2_014,Rat_01,3uM_TTP,TTP,B2,1uM_TTP,123.32810000000001,105.8254,116.96642028464021,120.08771666666667,21.937810375734102,0.5078455914161577,11.141020284640206,6,0
RLC1_2X2_014,Rat_01,3uM_RT50,RT50,B3,1uM_TTP,123.32810000000001,66.563490000000002,81.097760274280148,83.929366666666667,20.084843746467797,0.72364368166101378,14.534270274280146,6,0.14642722068359793
RLC1_2X2_014,Rat_01,10uM_PeakTension,PeakTension,B2,1uM_TTP,123.32810000000001,19.373999999999999,19.587466255132853,19.899573333333333,4.0181729455744772,0.053125203425591891,0.21346625513285389,6,-0.28129392656356039
RLC1_2X2_014,Rat_01,10uM_TTP,TTP,B3,1uM_TTP,123.32810000000001,88.825400000000002,99.173142469251204,102.17664833333333,23.290371296264397,0.44429272241404338,10.347742469251202,6,0
RLC1_2X2_014,Rat_01,10uM_RT50,RT50,B1,1uM_RT50,81.343919999999997,68.023809999999997,69.461053537311457,74.237520000000004,17.829776240136049,0.080609174111569953,1.4372435373114598,6,0
RLC1_2X2_014,Rat_02,3uM_PeakTension,PeakTension,B1,1uM_PeakTension,62.752249999999997,27.920500000000001,39.007578166706317,44.25122833333333,11.074953472117915,1.0010947851491139,11.087078166706316,6,-0.62980582885650893
RLC1_2X2_014,Rat_02,3uM_TTP,TTP,B2,1uM_TTP,149,128.69999999999999,140.99440454755725,116.27528333333333,22.12858777856524,0.55558920752575924,12.294404547557264,6,-0.41084115258506815
RLC1_2X2_014,Rat_02,3uM_RT50,RT50,B3,1uM_RT50,112.78570000000001,101.2,106.94734046282501,78.156615000000002,19.080648141179847,0.30121306259094521,5.747340462825008,6,0
RLC1_2X2_014,Rat_02,10uM_PeakTension,PeakTension,B2,1uM_TTP,149,16.722300000000001,23.992133148660503,20.341523333333335,3.734643538056432,1.9465935837195965,7.2698331486605028,6,0
RLC1_2X2_014,Rat_02,10uM_TTP,TTP,B3,1uM_RT50,112.78570000000001,112.83329999999999,133.4998412369186,98.175331666666679,23.155281784082359,0.8925195309488918,20.666541236918604,6,0
RLC1_2X2_014,Rat_02,10uM_RT50,RT50,B1,1uM_PeakTension,62.752249999999997,93,72.723306757865856,70.074821666666665,15.310883681840728,1.3243320022202931,20.276693242134144,6,1.2060847729555377
RLC1_2X2_014,Rat_03,3uM_PeakTension,PeakTension,B1,1uM_RT50,79.698409999999996,38.391300000000001,44.536314823105826,42.506094999999995,12.863545061658158,0.47770772315495041,6.145014823105825,6,-0.18013132621230349
RLC1_2X2_014,Rat_03,3uM_TTP,TTP,B2,1uM_TTP,114.04770000000001,101.8056,108.82856055687728,120.75768333333333,21.320517701445873,0.32939915696329508,7.0229605568772797,6,0
RLC1_2X2_014,Rat_03,3uM_RT50,RT50,B3,1uM_RT50,79.698409999999996,66.694450000000003,76.487833280850154,83.907539999999997,20.107377765759512,0.48705422432193646,9.7933832808501506,6,0
RLC1_2X2_014,Rat_03,10uM_PeakTension,PeakTension,B2,1uM_TTP,114.04770000000001,22.675799999999999,17.82975063084394,19.349273333333333,3.7810152442626657,1.2816794051569833,4.8460493691560593,6,0.65772709682061392
RLC1_2X2_014,Rat_03,10uM_TTP,TTP,B3,1uM_RT50,79.698409999999996,90.528570000000002,93.815449672662851,101.89278666666667,23.470413776128158,0.14004353327617708,3.2868796726628489,6,0.11625404690634959
RLC1_2X2_014,Rat_03,10uM_RT50,RT50,B1,1uM_RT50,79.698409999999996,62.414290000000001,69.163822382641612,75.172439999999995,17.2225525155791,0.39190081589451675,6.7495323826416112,6,0
RLC1_2X2_014,Rat_04,3uM_PeakTension,PeakTension,B1,1uM_PeakTension,75.601299999999995,46.323050000000002,48.767800596414595,41.184136666666667,12.800241460036084,0.1909925374491882,2.4447505964145932,6,0
RLC1_2X2_014,Rat_04,3uM_TTP,TTP,B2,1uM_PeakTension,75.601299999999995,159.57140000000001,108.96802515740846,111.13005,10.67100084223593,4.7421395228742629,50.603374842591549,6,0
RLC1_2X2_014,Rat_04,3uM_RT50,RT50,B3,1uM_PeakTension,75.601299999999995,114.5,69.569594433227053,75.939948333333334,14.149416664802004,3.1754245868341364,44.930405566772947,6,2.3708729979036023
RLC1_2X2_014,Rat_04,10uM_PeakTension,PeakTension,B2,1uM_PeakTension,75.601299999999995,26.349550000000001,20.00943673125558,18.736981666666669,2.5017146572094635,2.5343071203078362,6.340113268744421,6,0
RLC1_2X2_014,Rat_04,10uM_TTP,TTP,B3,1uM_PeakTension,75.601299999999995,139.78579999999999,85.998913771885086,93.683248333333339,14.444289232781809,3.7237475213417719,53.786886228114909,6,0
RLC1_2X2_014,Rat_04,10uM_RT50,RT50,B1,1uM_PeakTension,75.601299999999995,93.857150000000004,62.228644188568389,69.931963333333329,15.046315198310403,2.1020765147192502,31.628505811431616,6,1.8107487257050725
RLC1_2X2_014,Rat_05,3uM_PeakTension,PeakTension,B1,1uM_PeakTension,57.924579999999999,42.437570000000001,28.067908039747767,41.831716666666665,12.973450452089709,1.1076206760351583,14.369661960252234,6,0
RLC1_2X2_014,Rat_05,3uM_TTP,TTP,B2,1uM_TTP,107.1763,101.3954,101.70322927722283,120.82605000000001,21.246542203732826,0.014488441190621303,0.30782927722283659,6,0
RLC1_2X2_014,Rat_05,3uM_RT50,RT50,B3,1uM_RT50,71.75,72.617649999999998,66.19691839083707,82.920339999999996,20.902223188794057,0.30717936322702566,6.4207316091629281,6,0
RLC1_2X2_014,Rat_05,10uM_PeakTension,PeakTension,B2,1uM_TTP,107.1763,18.484660000000002,18.09560072438072,20.047796666666667,3.9716746027672847,0.097958497241491693,0.38905927561928166,6,-0.2734574416420435
RLC1_2X2_014,Rat_05,10uM_TTP,TTP,B3,1uM_RT50,71.75,85.262500000000003,85.830797333557811,102.770465,22.813411338087732,0.024910668778808077,0.56829733355780832,6,-0.022812355541797703
RLC1_2X2_014,Rat_05,10uM_RT50,RT50,B1,1uM_PeakTension,57.924579999999999,62.712499999999999,87.114030507774174,75.122738333333345,17.266076803051025,1.4132643324893743,24.401530507774176,6,1.3822185628386865
RLC1_2X2_014,Rat_06,3uM_PeakTension,PeakTension,B1,1uM_RT50,76.692310000000006,32.703879999999998,46.825687737568693,43.453998333333338,12.188609045959947,1.1586069980847837,14.121807737568695,6,0.76768464968509709
RLC1_2X2_014,Rat_06,3uM_TTP,TTP,B2,1uM_TTP,110.7692,118.25,100.68770942125516,118.01695000000001,22.718475507986891,0.77304001197486383,17.562290578744836,6,0
RLC1_2X2_014,Rat_06,3uM_RT50,RT50,B3,1uM_TTP,110.7692,83.583330000000004,65.026752880283013,81.092726666666678,21.308118235497631,0.87086888267792739,18.556577119716991,6,0.21169174335840502
RLC1_2X2_014,Rat_06,10uM_PeakTension,PeakTension,B2,1uM_TTP,110.7692,15.51075,19.379610781896069,20.543448333333334,3.4425448751318646,1.123837429061219,3.8688607818960694,6,0.46582825331553401
RLC1_2X2_014,Rat_06,10uM_TTP,TTP,B3,1uM_TTP,110.7692,109.1818,81.011918579475449,98.783915000000022,23.547088231660187,1.1963212242373473,28.169881420524547,6,0
RLC1_2X2_014,Rat_06,10uM_RT50,RT50,B1,1uM_RT50,76.692310000000006,82,62.15164506273959,71.908155000000008,17.523144993185156,1.1326936428922743,19.84835493726041,6,0
RLC1_2X2_014,Rat_07,3uM_PeakTension,PeakTension,B1,1uM_RT50,68.830129999999997,64.8874,38.447769908247643,38.090078333333331,6.7283796408033236,3.9295687079565029,26.439630091752356,6,1.0918815850922656
RLC1_2X2_014,Rat_07,3uM_TTP,TTP,B2,1uM_TTP,115.5545,110.8039,108.26986136212504,119.25796666666668,22.447410250776521,0.11288779460816854,2.5340386378749571,6,0
RLC1_2X2_014,Rat_07,3uM_RT50,RT50,B3,1uM_TTP,115.5545,64.980770000000007,74.736093136351542,84.193153333333342,19.794502256601113,0.49282992872924142,9.7553231363515351,6,0.48274905871603169
RLC1_2X2_014,Rat_07,10uM_PeakTension,PeakTension,B2,1uM_TTP,115.5545,19.65438,18.734939926364813,19.852843333333333,4.0232219551830184,0.22853327106417642,0.91944007363518665,6,-1.6597939135573765
RLC1_2X2_014,Rat_07,10uM_TTP,TTP,B3,1uM_TTP,115.5545,75.467920000000007,94.871977611426473,104.402895,20.723752522835962,0.9363196935518654,19.404057611426467,6,0
RLC1_2X2_014,Rat_07,10uM_RT50,RT50,B1,1uM_RT50,68.830129999999997,51.441180000000003,63.626907604321019,77.00129166666666,14.578141688722082,0.83589032570235744,12.185727604321016,6,0
RLC1_2X2_015,Rat_01,3uM_PeakTension,PeakTension,B1,1uM_RT50,81.343919999999997,40.76417,43.605296073981783,42.110616666666665,12.963894278187656,0.21915683767663147,2.8411260739817834,6,-0.13411109749595312
RLC1_2X2_015,Rat_01,3uM_TTP,TTP,B2,1uM_TTP,123.32810000000001,105.8254,116.96642028464021,120.08771666666667,21.937810375734102,0.5078455914161577,11.141020284640206,6,0
RLC1_2X2_015,Rat_01,3uM_RT50,RT50,B3,1uM_TTP,123.32810000000001,66.563490000000002,81.097760274280148,83.929366666666667,20.084843746467797,0.72364368166101378,14.534270274280146,6,0.14642722068359793
RLC1_2X2_015,Rat_01,10uM_PeakTension,PeakTension,B3,1uM_TTP,123.32810000000001,19.373999999999999,19.587466255132853,19.899573333333333,4.0181729455744772,0.053125203425591891,0.21346625513285389,6,-0.28129392656356039
RLC1_2X2_015,Rat_01,10uM_TTP,TTP,B2,1uM_TTP,123.32810000000001,88.825400000000002,99.173142469251204,102.17664833333333,23.290371296264397,0.44429272241404338,10.347742469251202,6,0
RLC1_2X2_015,Rat_01,10uM_RT50,RT50,B1,1uM_RT50,81.343919999999997,68.023809999999997,69.461053537311457,74.237520000000004,17.829776240136049,0.080609174111569953,1.4372435373114598,6,0
RLC1_2X2_015,Rat_02,3uM_PeakTension,PeakTension,B1,1uM_PeakTension,62.752249999999997,27.920500000000001,39.007578166706317,44.25122833333333,11.074953472117915,1.0010947851491139,11.087078166706316,6,-0.62980582885650893
RLC1_2X2_015,Rat_02,3uM_TTP,TTP,B2,1uM_RT50,112.78570000000001,128.69999999999999,150.08573905558285,116.27528333333333,22.12858777856524,0.96643036011082739,21.38573905558286,6,0
RLC1_2X2_015,Rat_02,3uM_RT50,RT50,B3,1uM_RT50,112.78570000000001,101.2,106.94734046282501,78.156615000000002,19.080648141179847,0.30121306259094521,5.747340462825008,6,0
RLC1_2X2_015,Rat_02,10uM_PeakTension,PeakTension,B3,1uM_RT50,112.78570000000001,16.722300000000001,25.287809229239592,20.341523333333335,3.734643538056432,2.2935279209263486,8.5655092292395913,6,0.34693433720675215
RLC1_2X2_015,Rat_02,10uM_TTP,TTP,B2,1uM_RT50,112.78570000000001,112.83329999999999,133.4998412369186,98.175331666666679,23.155281784082359,0.8925195309488918,20.666541236918604,6,0
RLC1_2X2_015,Rat_02,10uM_RT50,RT50,B1,1uM_PeakTension,62.752249999999997,93,72.723306757865856,70.074821666666665,15.310883681840728,1.3243320022202931,20.276693242134144,6,1.2060847729555377
RLC1_2X2_015,Rat_03,3uM_PeakTension,PeakTension,B1,1uM_RT50,79.698409999999996,38.391300000000001,44.536314823105826,42.506094999999995,12.863545061658158,0.47770772315495041,6.145014823105825,6,-0.18013132621230349
RLC1_2X2_015,Rat_03,3uM_TTP,TTP,B2,1uM_TTP,114.04770000000001,101.8056,108.82856055687728,120.75768333333333,21.320517701445873,0.32939915696329508,7.0229605568772797,6,0
RLC1_2X2_015,Rat_03,3uM_RT50,RT50,B3,1uM_TTP,114.04770000000001,66.694450000000003,73.01264203656109,83.907539999999997,20.107377765759512,0.31422257592037789,6.3181920365610864,6,-0.17283164840155857
RLC1_2X2_015,Rat_03,10uM_PeakTension,PeakTension,B3,1uM_TTP,114.04770000000001,22.675799999999999,17.82975063084394,19.349273333333333,3.7810152442626657,1.2816794051569833,4.8460493691560593,6,0.65772709682061392
RLC1_2X2_015,Rat_03,10uM_TTP,TTP,B2,1uM_TTP,114.04770000000001,90.528570000000002,89.97022091137859,101.89278666666667,23.470413776128158,0.02378948636982749,0.55834908862141219,6,0
RLC1_2X2_015,Rat_03,10uM_RT50,RT50,B1,1uM_RT50,79.698409999999996,62.414290000000001,69.163822382641612,75.172439999999995,17.2225525155791,0.39190081589451675,6.7495323826416112,6,0
RLC1_2X2_015,Rat_04,3uM_PeakTension,PeakTension,B1,1uM_PeakTension,75.601299999999995,46.323050000000002,48.767800596414595,41.184136666666667,12.800241460036084,0.1909925374491882,2.4447505964145932,6,0
RLC1_2X2_015,Rat_04,3uM_TTP,TTP,B2,1uM_PeakTension,75.601299999999995,159.57140000000001,108.96802515740846,111.13005,10.67100084223593,4.7421395228742629,50.603374842591549,6,0
RLC1_2X2_015,Rat_04,3uM_RT50,RT50,B3,1uM_PeakTension,75.601299999999995,114.5,69.569594433227053,75.939948333333334,14.149416664802004,3.1754245868341364,44.930405566772947,6,2.3708729979036023
RLC1_2X2_015,Rat_04,10uM_PeakTension,PeakTension,B3,1uM_PeakTension,75.601299999999995,26.349550000000001,20.00943673125558,18.736981666666669,2.5017146572094635,2.5343071203078362,6.340113268744421,6,0
RLC1_2X2_015,Rat_04,10uM_TTP,TTP,B2,1uM_PeakTension,75.601299999999995,139.78579999999999,85.998913771885086,93.683248333333339,14.444289232781809,3.7237475213417719,53.786886228114909,6,0
RLC1_2X2_015,Rat_04,10uM_RT50,RT50,B1,1uM_PeakTension,75.601299999999995,93.857150000000004,62.228644188568389,69.931963333333329,15.046315198310403,2.1020765147192502,31.628505811431616,6,1.8107487257050725
RLC1_2X2_015,Rat_05,3uM_PeakTension,PeakTension,B1,1uM_PeakTension,57.924579999999999,42.437570000000001,28.067908039747767,41.831716666666665,12.973450452089709,1.1076206760351583,14.369661960252234,6,0
RLC1_2X2_015,Rat_05,3uM_TTP,TTP,B2,1uM_TTP,107.1763,101.3954,101.70322927722283,120.82605000000001,21.246542203732826,0.014488441190621303,0.30782927722283659,6,0
RLC1_2X2_015,Rat_05,3uM_RT50,RT50,B3,1uM_TTP,107.1763,72.617649999999998,64.175760081215159,82.920339999999996,20.902223188794057,0.40387521664732012,8.4418899187848382,6,0.096695853420294464
RLC1_2X2_015,Rat_05,10uM_PeakTension,PeakTension,B3,1uM_TTP,107.1763,18.484660000000002,18.09560072438072,20.047796666666667,3.9716746027672847,0.097958497241491693,0.38905927561928166,6,-0.2734574416420435
RLC1_2X2_015,Rat_05,10uM_TTP,TTP,B2,1uM_TTP,107.1763,85.262500000000003,84.173775015876458,102.770465,22.813411338087732,0.047723024320605781,1.0887249841235445,6,0
RLC1_2X2_015,Rat_05,10uM_RT50,RT50,B1,1uM_PeakTension,57.924579999999999,62.712499999999999,87.114030507774174,75.122738333333345,17.266076803051025,1.4132643324893743,24.401530507774176,6,1.3822185628386865
RLC1_2X2_015,Rat_06,3uM_PeakTension,PeakTension,B1,1uM_RT50,76.692310000000006,32.703879999999998,46.825687737568693,43.453998333333338,12.188609045959947,1.1586069980847837,14.121807737568695,6,0.76768464968509709
RLC1_2X2_015,Rat_06,3uM_TTP,TTP,B2,1uM_TTP,110.7692,118.25,100.68770942125516,118.01695000000001,22.718475507986891,0.77304001197486383,17.562290578744836,6,0
RLC1_2X2_015,Rat_06,3uM_RT50,RT50,B3,1uM_TTP,110.7692,83.583330000000004,65.026752880283013,81.092726666666678,21.308118235497631,0.87086888267792739,18.556577119716991,6,0.21169174335840502
RLC1_2X2_015,Rat_06,10uM_PeakTension,PeakTension,B3,1uM_TTP,110.7692,15.51075,19.379610781896069,20.543448333333334,3.4425448751318646,1.123837429061219,3.8688607818960694,6,0.46582825331553401
RLC1_2X2_015,Rat_06,10uM_TTP,TTP,B2,1uM_TTP,110.7692,109.1818,81.011918579475449,98.783915000000022,23.547088231660187,1.1963212242373473,28.169881420524547,6,0
RLC1_2X2_015,Rat_06,10uM_RT50,RT50,B1,1uM_RT50,76.692310000000006,82,62.15164506273959,71.908155000000008,17.523144993185156,1.1326936428922743,19.84835493726041,6,0
RLC1_2X2_015,Rat_07,3uM_PeakTension,PeakTension,B1,1uM_RT50,68.830129999999997,64.8874,38.447769908247643,38.090078333333331,6.7283796408033236,3.9295687079565029,26.439630091752356,6,1.0918815850922656
RLC1_2X2_015,Rat_07,3uM_TTP,TTP,B2,1uM_TTP,115.5545,110.8039,108.26986136212504,119.25796666666668,22.447410250776521,0.11288779460816854,2.5340386378749571,6,0
RLC1_2X2_015,Rat_07,3uM_RT50,RT50,B3,1uM_TTP,115.5545,64.980770000000007,74.736093136351542,84.193153333333342,19.794502256601113,0.49282992872924142,9.7553231363515351,6,0.48274905871603169
RLC1_2X2_015,Rat_07,10uM_PeakTension,PeakTension,B3,1uM_TTP,115.5545,19.65438,18.734939926364813,19.852843333333333,4.0232219551830184,0.22853327106417642,0.91944007363518665,6,-1.6597939135573765
RLC1_2X2_015,Rat_07,10uM_TTP,TTP,B2,1uM_TTP,115.5545,75.467920000000007,94.871977611426473,104.402895,20.723752522835962,0.9363196935518654,19.404057611426467,6,0
RLC1_2X2_015,Rat_07,10uM_RT50,RT50,B1,1uM_RT50,68.830129999999997,51.441180000000003,63.626907604321019,77.00129166666666,14.578141688722082,0.83589032570235744,12.185727604321016,6,0
