system,target,method,budget,unit_id,stored_nrmse_pct,replayed_nrmse_pct,abs_diff_pp,no_cluster_leakage
Human,ATP0.1,baseline_only,0,Muscle-01,32.55596000909924,32.55596000909924,0.0,True
Human,ATP0.1,baseline_only,0,Muscle-02,20.71120238722309,20.71120238722309,0.0,True
Human,ATP0.1,baseline_only,0,Muscle-03,53.21970090948853,53.219700909488544,1.4210854715202004e-14,True
Human,ATP0.1,baseline_only,0,Muscle-04,33.79798077435074,33.79798077435074,0.0,True
Human,ATP0.1,baseline_only,0,Muscle-05,35.61070477490882,35.61070477490882,0.0,True
Human,ATP0.1,baseline_only,0,Muscle-06,91.15907976279976,91.15907976279973,2.842170943040401e-14,True
Human,ATP0.1,baseline_only,0,Muscle-07,43.332041341825374,43.332041341825374,0.0,True
Human,ATP0.1,baseline_only,0,Muscle-08,44.53381736340268,44.53381736340268,0.0,True
Human,ATP0.1,baseline_only,0,Muscle-09,68.98244952010674,68.98244952010674,0.0,True
Human,ATP0.1,baseline_only,0,Muscle-10,36.94216223696221,36.94216223696221,0.0,True
Human,ATP0.1,baseline_only,0,Muscle-11,27.73604603742462,27.73604603742462,0.0,True
Human,ATP0.1,baseline_only,0,Muscle-12,32.362696402071975,32.36269640207198,7.105427357601002e-15,True
Human,ATP0.1,baseline_only,0,Muscle-13,22.67340040617608,22.673400406176082,3.552713678800501e-15,True
Human,ATP0.1,baseline_only,0,Muscle-14,77.01909221250055,77.01909221250054,1.4210854715202004e-14,True
Human,ATP0.1,baseline_only,0,Muscle-15,16.565984309133963,16.565984309133963,0.0,True
Human,ATP0.1,baseline_only,0,Muscle-16,36.63822024122141,36.63822024122142,7.105427357601002e-15,True
Human,ATP0.1,baseline_only,0,Muscle-17,13.882127953885352,13.882127953885352,0.0,True
Human,ATP0.1,baseline_only,0,Muscle-18,84.6723186625169,84.6723186625169,0.0,True
Human,ATP0.1,baseline_only,0,Muscle-19,33.08657667817401,33.08657667817401,0.0,True
Human,ATP0.1,baseline_only,0,Muscle-20,38.41093004122603,38.41093004122603,0.0,True
Human,ATP0.1,rat_K_target,1,Muscle-01,32.58046467213138,32.58046467213138,0.0,True
Human,ATP0.1,rat_K_target,1,Muscle-02,28.73137331120097,28.73137331120097,0.0,True
Human,ATP0.1,rat_K_target,1,Muscle-03,44.17006396509929,44.17006396509929,0.0,True
Human,ATP0.1,rat_K_target,1,Muscle-04,43.38752146287784,43.387521462877835,7.105427357601002e-15,True
Human,ATP0.1,rat_K_target,1,Muscle-05,64.44031529646115,64.44031529646115,0.0,True
Human,ATP0.1,rat_K_target,1,Muscle-06,84.78687439882829,84.78687439882829,0.0,True
Human,ATP0.1,rat_K_target,1,Muscle-07,42.950739480470354,42.95073948047036,7.105427357601002e-15,True
Human,ATP0.1,rat_K_target,1,Muscle-08,42.69514557866352,42.69514557866352,0.0,True
Human,ATP0.1,rat_K_target,1,Muscle-09,67.39103951946184,67.39103951946184,0.0,True
Human,ATP0.1,rat_K_target,1,Muscle-10,39.12261742198804,39.12261742198803,7.105427357601002e-15,True
Human,ATP0.1,rat_K_target,1,Muscle-11,28.60816315878668,28.608163158786677,3.552713678800501e-15,True
Human,ATP0.1,rat_K_target,1,Muscle-12,33.18906598056866,33.18906598056866,0.0,True
Human,ATP0.1,rat_K_target,1,Muscle-13,21.031775993723297,21.031775993723297,0.0,True
Human,ATP0.1,rat_K_target,1,Muscle-14,91.17639483196908,91.17639483196909,1.4210854715202004e-14,True
Human,ATP0.1,rat_K_target,1,Muscle-15,25.83849169618264,25.838491696182633,7.105427357601002e-15,True
Human,ATP0.1,rat_K_target,1,Muscle-16,43.252368271638325,43.25236827163832,7.105427357601002e-15,True
Human,ATP0.1,rat_K_target,1,Muscle-17,13.36668732666958,13.36668732666958,0.0,True
Human,ATP0.1,rat_K_target,1,Muscle-18,103.3495132268973,103.34951322689732,1.4210854715202004e-14,True
Human,ATP0.1,rat_K_target,1,Muscle-19,39.06910383212481,39.06910383212482,7.105427357601002e-15,True
Human,ATP0.1,rat_K_target,1,Muscle-20,38.23685923144763,38.23685923144763,0.0,True
Human,ATP0.1,rat_R_robust,1,Muscle-01,32.26559093774956,32.26559093774956,0.0,True
Human,ATP0.1,rat_R_robust,1,Muscle-02,23.426574516434236,23.426574516434236,0.0,True
Human,ATP0.1,rat_R_robust,1,Muscle-03,47.94274566757505,47.94274566757505,0.0,True
Human,ATP0.1,rat_R_robust,1,Muscle-04,39.49139454666352,39.491394546663514,7.105427357601002e-15,True
Human,ATP0.1,rat_R_robust,1,Muscle-05,36.89663468619504,36.89663468619504,0.0,True
Human,ATP0.1,rat_R_robust,1,Muscle-06,84.60032025879856,84.60032025879858,1.4210854715202004e-14,True
Human,ATP0.1,rat_R_robust,1,Muscle-07,47.93009123366302,47.93009123366302,0.0,True
Human,ATP0.1,rat_R_robust,1,Muscle-08,227.22606710236175,227.22606710236178,2.842170943040401e-14,True
Human,ATP0.1,rat_R_robust,1,Muscle-09,59.789901537959565,59.789901537959565,0.0,True
Human,ATP0.1,rat_R_robust,1,Muscle-10,35.04084316679915,35.04084316679914,7.105427357601002e-15,True
Human,ATP0.1,rat_R_robust,1,Muscle-11,34.814606727621296,34.814606727621296,0.0,True
Human,ATP0.1,rat_R_robust,1,Muscle-12,34.206748831641285,34.20674883164128,7.105427357601002e-15,True
Human,ATP0.1,rat_R_robust,1,Muscle-13,22.61831793498517,22.618317934985175,3.552713678800501e-15,True
Human,ATP0.1,rat_R_robust,1,Muscle-14,82.01400033257801,82.01400033257801,0.0,True
Human,ATP0.1,rat_R_robust,1,Muscle-15,43.33599606739328,43.33599606739328,0.0,True
Human,ATP0.1,rat_R_robust,1,Muscle-16,46.56586837175368,46.56586837175367,7.105427357601002e-15,True
Human,ATP0.1,rat_R_robust,1,Muscle-17,14.63310604096347,14.63310604096347,0.0,True
Human,ATP0.1,rat_R_robust,1,Muscle-18,97.66983056771164,97.66983056771164,0.0,True
Human,ATP0.1,rat_R_robust,1,Muscle-19,32.24751690805371,32.24751690805371,0.0,True
Human,ATP0.1,rat_R_robust,1,Muscle-20,32.686829533470885,32.686829533470885,0.0,True
Human,ATP0.1,rat_parameter_A,1,Muscle-01,32.26559093774956,32.26559093774956,0.0,True
Human,ATP0.1,rat_parameter_A,1,Muscle-02,23.426574516434236,23.426574516434236,0.0,True
Human,ATP0.1,rat_parameter_A,1,Muscle-03,47.94274566757505,47.94274566757505,0.0,True
Human,ATP0.1,rat_parameter_A,1,Muscle-04,39.49139454666352,39.491394546663514,7.105427357601002e-15,True
Human,ATP0.1,rat_parameter_A,1,Muscle-05,36.89663468619504,36.89663468619504,0.0,True
Human,ATP0.1,rat_parameter_A,1,Muscle-06,84.60032025879856,84.60032025879858,1.4210854715202004e-14,True
Human,ATP0.1,rat_parameter_A,1,Muscle-07,47.93009123366302,47.93009123366302,0.0,True
Human,ATP0.1,rat_parameter_A,1,Muscle-08,227.22606710236175,227.22606710236178,2.842170943040401e-14,True
Human,ATP0.1,rat_parameter_A,1,Muscle-09,59.789901537959565,59.789901537959565,0.0,True
Human,ATP0.1,rat_parameter_A,1,Muscle-10,35.04084316679915,35.04084316679914,7.105427357601002e-15,True
Human,ATP0.1,rat_parameter_A,1,Muscle-11,34.814606727621296,34.814606727621296,0.0,True
Human,ATP0.1,rat_parameter_A,1,Muscle-12,34.206748831641285,34.20674883164128,7.105427357601002e-15,True
Human,ATP0.1,rat_parameter_A,1,Muscle-13,22.61831793498517,22.618317934985175,3.552713678800501e-15,True
Human,ATP0.1,rat_parameter_A,1,Muscle-14,82.01400033257801,82.01400033257801,0.0,True
Human,ATP0.1,rat_parameter_A,1,Muscle-15,43.33599606739328,43.33599606739328,0.0,True
Human,ATP0.1,rat_parameter_A,1,Muscle-16,46.56586837175368,46.56586837175367,7.105427357601002e-15,True
Human,ATP0.1,rat_parameter_A,1,Muscle-17,14.63310604096347,14.63310604096347,0.0,True
Human,ATP0.1,rat_parameter_A,1,Muscle-18,97.66983056771164,97.66983056771164,0.0,True
Human,ATP0.1,rat_parameter_A,1,Muscle-19,32.24751690805371,32.24751690805371,0.0,True
Human,ATP0.1,rat_parameter_A,1,Muscle-20,32.686829533470885,32.686829533470885,0.0,True
Human,ATP0.1,human_ND_source,1,Muscle-01,32.26559093774956,32.26559093774956,0.0,True
Human,ATP0.1,human_ND_source,1,Muscle-02,23.426574516434236,23.426574516434236,0.0,True
Human,ATP0.1,human_ND_source,1,Muscle-03,47.94274566757505,47.94274566757505,0.0,True
Human,ATP0.1,human_ND_source,1,Muscle-04,39.49139454666352,39.491394546663514,7.105427357601002e-15,True
Human,ATP0.1,human_ND_source,1,Muscle-05,36.89663468619504,36.89663468619504,0.0,True
Human,ATP0.1,human_ND_source,1,Muscle-06,84.60032025879856,84.60032025879858,1.4210854715202004e-14,True
Human,ATP0.1,human_ND_source,1,Muscle-07,47.93009123366302,47.93009123366302,0.0,True
Human,ATP0.1,human_ND_source,1,Muscle-08,227.22606710236175,227.22606710236178,2.842170943040401e-14,True
Human,ATP0.1,human_ND_source,1,Muscle-09,59.789901537959565,59.789901537959565,0.0,True
Human,ATP0.1,human_ND_source,1,Muscle-10,35.04084316679915,35.04084316679914,7.105427357601002e-15,True
Human,ATP0.1,human_ND_source,1,Muscle-11,34.814606727621296,34.814606727621296,0.0,True
Human,ATP0.1,human_ND_source,1,Muscle-12,34.206748831641285,34.20674883164128,7.105427357601002e-15,True
Human,ATP0.1,human_ND_source,1,Muscle-13,22.61831793498517,22.618317934985175,3.552713678800501e-15,True
Human,ATP0.1,human_ND_source,1,Muscle-14,82.01400033257801,82.01400033257801,0.0,True
Human,ATP0.1,human_ND_source,1,Muscle-15,43.33599606739328,43.33599606739328,0.0,True
Human,ATP0.1,human_ND_source,1,Muscle-16,46.56586837175368,46.56586837175367,7.105427357601002e-15,True
Human,ATP0.1,human_ND_source,1,Muscle-17,14.63310604096347,14.63310604096347,0.0,True
Human,ATP0.1,human_ND_source,1,Muscle-18,97.66983056771164,97.66983056771164,0.0,True
Human,ATP0.1,human_ND_source,1,Muscle-19,32.24751690805371,32.24751690805371,0.0,True
Human,ATP0.1,human_ND_source,1,Muscle-20,32.686829533470885,32.686829533470885,0.0,True
Human,ATP0.1,random_seeded,1,Muscle-01,32.26559093774956,32.26559093774956,0.0,True
Human,ATP0.1,random_seeded,1,Muscle-02,23.426574516434236,23.426574516434236,0.0,True
Human,ATP0.1,random_seeded,1,Muscle-03,47.94274566757505,47.94274566757505,0.0,True
Human,ATP0.1,random_seeded,1,Muscle-04,39.49139454666352,39.491394546663514,7.105427357601002e-15,True
Human,ATP0.1,random_seeded,1,Muscle-05,36.89663468619504,36.89663468619504,0.0,True
Human,ATP0.1,random_seeded,1,Muscle-06,84.60032025879856,84.60032025879858,1.4210854715202004e-14,True
Human,ATP0.1,random_seeded,1,Muscle-07,47.93009123366302,47.93009123366302,0.0,True
Human,ATP0.1,random_seeded,1,Muscle-08,227.22606710236175,227.22606710236178,2.842170943040401e-14,True
Human,ATP0.1,random_seeded,1,Muscle-09,59.789901537959565,59.789901537959565,0.0,True
Human,ATP0.1,random_seeded,1,Muscle-10,35.04084316679915,35.04084316679914,7.105427357601002e-15,True
Human,ATP0.1,random_seeded,1,Muscle-11,34.814606727621296,34.814606727621296,0.0,True
Human,ATP0.1,random_seeded,1,Muscle-12,34.206748831641285,34.20674883164128,7.105427357601002e-15,True
Human,ATP0.1,random_seeded,1,Muscle-13,22.61831793498517,22.618317934985175,3.552713678800501e-15,True
Human,ATP0.1,random_seeded,1,Muscle-14,82.01400033257801,82.01400033257801,0.0,True
Human,ATP0.1,random_seeded,1,Muscle-15,43.33599606739328,43.33599606739328,0.0,True
Human,ATP0.1,random_seeded,1,Muscle-16,46.56586837175368,46.56586837175367,7.105427357601002e-15,True
Human,ATP0.1,random_seeded,1,Muscle-17,14.63310604096347,14.63310604096347,0.0,True
Human,ATP0.1,random_seeded,1,Muscle-18,97.66983056771164,97.66983056771164,0.0,True
Human,ATP0.1,random_seeded,1,Muscle-19,32.24751690805371,32.24751690805371,0.0,True
Human,ATP0.1,random_seeded,1,Muscle-20,32.686829533470885,32.686829533470885,0.0,True
Human,ATP0.1,fixed_conventional,1,Muscle-01,32.58046467213138,32.58046467213138,0.0,True
Human,ATP0.1,fixed_conventional,1,Muscle-02,28.73137331120097,28.73137331120097,0.0,True
Human,ATP0.1,fixed_conventional,1,Muscle-03,44.17006396509929,44.17006396509929,0.0,True
Human,ATP0.1,fixed_conventional,1,Muscle-04,43.38752146287784,43.387521462877835,7.105427357601002e-15,True
Human,ATP0.1,fixed_conventional,1,Muscle-05,64.44031529646115,64.44031529646115,0.0,True
Human,ATP0.1,fixed_conventional,1,Muscle-06,84.78687439882829,84.78687439882829,0.0,True
Human,ATP0.1,fixed_conventional,1,Muscle-07,42.950739480470354,42.95073948047036,7.105427357601002e-15,True
Human,ATP0.1,fixed_conventional,1,Muscle-08,42.69514557866352,42.69514557866352,0.0,True
Human,ATP0.1,fixed_conventional,1,Muscle-09,67.39103951946184,67.39103951946184,0.0,True
Human,ATP0.1,fixed_conventional,1,Muscle-10,39.12261742198804,39.12261742198803,7.105427357601002e-15,True
Human,ATP0.1,fixed_conventional,1,Muscle-11,28.60816315878668,28.608163158786677,3.552713678800501e-15,True
Human,ATP0.1,fixed_conventional,1,Muscle-12,33.18906598056866,33.18906598056866,0.0,True
Human,ATP0.1,fixed_conventional,1,Muscle-13,21.031775993723297,21.031775993723297,0.0,True
Human,ATP0.1,fixed_conventional,1,Muscle-14,91.17639483196908,91.17639483196909,1.4210854715202004e-14,True
Human,ATP0.1,fixed_conventional,1,Muscle-15,25.83849169618264,25.838491696182633,7.105427357601002e-15,True
Human,ATP0.1,fixed_conventional,1,Muscle-16,43.252368271638325,43.25236827163832,7.105427357601002e-15,True
Human,ATP0.1,fixed_conventional,1,Muscle-17,13.36668732666958,13.36668732666958,0.0,True
Human,ATP0.1,fixed_conventional,1,Muscle-18,103.3495132268973,103.34951322689732,1.4210854715202004e-14,True
Human,ATP0.1,fixed_conventional,1,Muscle-19,39.06910383212481,39.06910383212482,7.105427357601002e-15,True
Human,ATP0.1,fixed_conventional,1,Muscle-20,38.23685923144763,38.23685923144763,0.0,True
Human,ATP0.1,destination_nested_oracle,1,Muscle-01,28.64618201962496,28.646182019624963,3.552713678800501e-15,True
Human,ATP0.1,destination_nested_oracle,1,Muscle-02,23.247902537828296,23.247902537828296,0.0,True
Human,ATP0.1,destination_nested_oracle,1,Muscle-03,48.31856392590048,48.31856392590049,1.4210854715202004e-14,True
Human,ATP0.1,destination_nested_oracle,1,Muscle-04,33.12693684928591,33.12693684928591,0.0,True
Human,ATP0.1,destination_nested_oracle,1,Muscle-05,26.69256120189895,26.69256120189895,0.0,True
Human,ATP0.1,destination_nested_oracle,1,Muscle-06,62.90178397156884,62.90178397156885,7.105427357601002e-15,True
Human,ATP0.1,destination_nested_oracle,1,Muscle-07,55.91554571456522,55.91554571456522,0.0,True
Human,ATP0.1,destination_nested_oracle,1,Muscle-08,29.410108773776077,29.41010877377607,7.105427357601002e-15,True
Human,ATP0.1,destination_nested_oracle,1,Muscle-09,64.2777285480562,64.2777285480562,0.0,True
Human,ATP0.1,destination_nested_oracle,1,Muscle-10,31.79792164141877,31.79792164141877,0.0,True
Human,ATP0.1,destination_nested_oracle,1,Muscle-11,33.372319227570266,33.37231922757026,7.105427357601002e-15,True
Human,ATP0.1,destination_nested_oracle,1,Muscle-12,32.44097253191573,32.44097253191573,0.0,True
Human,ATP0.1,destination_nested_oracle,1,Muscle-13,23.10776145802254,23.10776145802254,0.0,True
Human,ATP0.1,destination_nested_oracle,1,Muscle-14,72.0416678889186,72.0416678889186,0.0,True
Human,ATP0.1,destination_nested_oracle,1,Muscle-15,49.22020738270629,49.22020738270629,0.0,True
Human,ATP0.1,destination_nested_oracle,1,Muscle-16,28.86256396195434,28.862563961954343,3.552713678800501e-15,True
Human,ATP0.1,destination_nested_oracle,1,Muscle-17,13.899219324888332,13.899219324888332,0.0,True
Human,ATP0.1,destination_nested_oracle,1,Muscle-18,80.40140966121089,80.40140966121089,0.0,True
Human,ATP0.1,destination_nested_oracle,1,Muscle-19,24.81011349288049,24.810113492880486,3.552713678800501e-15,True
Human,ATP0.1,destination_nested_oracle,1,Muscle-20,33.05027538114806,33.05027538114807,7.105427357601002e-15,True
Human,ATP0.1,rat_K_target,2,Muscle-01,31.78307845698948,31.783078456989475,3.552713678800501e-15,True
Human,ATP0.1,rat_K_target,2,Muscle-02,17.32424459622699,17.32424459622699,0.0,True
Human,ATP0.1,rat_K_target,2,Muscle-03,56.08238955766183,56.08238955766183,0.0,True
Human,ATP0.1,rat_K_target,2,Muscle-04,26.9824442795025,26.982444279502495,3.552713678800501e-15,True
Human,ATP0.1,rat_K_target,2,Muscle-05,43.16334847180873,43.16334847180873,0.0,True
Human,ATP0.1,rat_K_target,2,Muscle-06,46.26456079024988,46.26456079024988,0.0,True
Human,ATP0.1,rat_K_target,2,Muscle-07,51.74299235303521,51.742992353035206,7.105427357601002e-15,True
Human,ATP0.1,rat_K_target,2,Muscle-08,39.64029666700101,39.64029666700101,0.0,True
Human,ATP0.1,rat_K_target,2,Muscle-09,77.80568518567286,77.80568518567286,0.0,True
Human,ATP0.1,rat_K_target,2,Muscle-10,38.44910017004503,38.44910017004503,0.0,True
Human,ATP0.1,rat_K_target,2,Muscle-11,30.526712922091843,30.526712922091843,0.0,True
Human,ATP0.1,rat_K_target,2,Muscle-12,32.59205468880243,32.59205468880243,0.0,True
Human,ATP0.1,rat_K_target,2,Muscle-13,27.535452232696063,27.535452232696066,3.552713678800501e-15,True
Human,ATP0.1,rat_K_target,2,Muscle-14,87.07503411448705,87.07503411448705,0.0,True
Human,ATP0.1,rat_K_target,2,Muscle-15,48.737514216832,48.737514216832,0.0,True
Human,ATP0.1,rat_K_target,2,Muscle-16,17.8325118623987,17.8325118623987,0.0,True
Human,ATP0.1,rat_K_target,2,Muscle-17,12.77739805061552,12.777398050615517,3.552713678800501e-15,True
Human,ATP0.1,rat_K_target,2,Muscle-18,58.70593392866385,58.70593392866385,0.0,True
Human,ATP0.1,rat_K_target,2,Muscle-19,19.748516028891824,19.748516028891828,3.552713678800501e-15,True
Human,ATP0.1,rat_K_target,2,Muscle-20,36.62530259011516,36.625302590115155,7.105427357601002e-15,True
Human,ATP0.1,rat_R_robust,2,Muscle-01,29.75634801346625,29.75634801346625,0.0,True
Human,ATP0.1,rat_R_robust,2,Muscle-02,25.598764041664506,25.598764041664506,0.0,True
Human,ATP0.1,rat_R_robust,2,Muscle-03,42.94181408198224,42.94181408198224,0.0,True
Human,ATP0.1,rat_R_robust,2,Muscle-04,43.13538535800122,43.13538535800122,0.0,True
Human,ATP0.1,rat_R_robust,2,Muscle-05,64.53237368946722,64.53237368946722,0.0,True
Human,ATP0.1,rat_R_robust,2,Muscle-06,82.37556432210891,82.37556432210891,0.0,True
Human,ATP0.1,rat_R_robust,2,Muscle-07,51.78918596204664,51.78918596204663,7.105427357601002e-15,True
Human,ATP0.1,rat_R_robust,2,Muscle-08,94.88831157571596,94.88831157571595,1.4210854715202004e-14,True
Human,ATP0.1,rat_R_robust,2,Muscle-09,63.385215697795005,63.38521569779501,7.105427357601002e-15,True
Human,ATP0.1,rat_R_robust,2,Muscle-10,40.797756952542905,40.797756952542905,0.0,True
Human,ATP0.1,rat_R_robust,2,Muscle-11,28.32596482346189,28.3259648234619,7.105427357601002e-15,True
Human,ATP0.1,rat_R_robust,2,Muscle-12,34.53596580600632,34.53596580600632,0.0,True
Human,ATP0.1,rat_R_robust,2,Muscle-13,29.76986861326693,29.76986861326693,0.0,True
Human,ATP0.1,rat_R_robust,2,Muscle-14,109.21669257609383,109.21669257609383,0.0,True
Human,ATP0.1,rat_R_robust,2,Muscle-15,38.007947433088425,38.007947433088425,0.0,True
Human,ATP0.1,rat_R_robust,2,Muscle-16,48.2955364755972,48.295536475597196,7.105427357601002e-15,True
Human,ATP0.1,rat_R_robust,2,Muscle-17,15.148720524174085,15.148720524174081,3.552713678800501e-15,True
Human,ATP0.1,rat_R_robust,2,Muscle-18,107.54530068388968,107.54530068388966,1.4210854715202004e-14,True
Human,ATP0.1,rat_R_robust,2,Muscle-19,36.72768397903014,36.72768397903014,0.0,True
Human,ATP0.1,rat_R_robust,2,Muscle-20,36.77610347643175,36.77610347643175,0.0,True
Human,ATP0.1,rat_parameter_A,2,Muscle-01,32.04573573076035,32.045735730760356,7.105427357601002e-15,True
Human,ATP0.1,rat_parameter_A,2,Muscle-02,29.79074339695155,29.79074339695155,0.0,True
Human,ATP0.1,rat_parameter_A,2,Muscle-03,42.01683887713563,42.01683887713563,0.0,True
Human,ATP0.1,rat_parameter_A,2,Muscle-04,44.06059241735026,44.06059241735026,0.0,True
Human,ATP0.1,rat_parameter_A,2,Muscle-05,62.9395344840463,62.93953448404629,7.105427357601002e-15,True
Human,ATP0.1,rat_parameter_A,2,Muscle-06,80.95474094811411,80.95474094811411,0.0,True
Human,ATP0.1,rat_parameter_A,2,Muscle-07,47.272674393891485,47.272674393891485,0.0,True
Human,ATP0.1,rat_parameter_A,2,Muscle-08,231.6554327048584,231.65543270485836,5.684341886080802e-14,True
Human,ATP0.1,rat_parameter_A,2,Muscle-09,63.96689354515534,63.96689354515533,7.105427357601002e-15,True
Human,ATP0.1,rat_parameter_A,2,Muscle-10,46.29707368987435,46.29707368987435,0.0,True
Human,ATP0.1,rat_parameter_A,2,Muscle-11,33.215506077971654,33.215506077971654,0.0,True
Human,ATP0.1,rat_parameter_A,2,Muscle-12,33.91717445100984,33.917174451009835,7.105427357601002e-15,True
Human,ATP0.1,rat_parameter_A,2,Muscle-13,21.5053591402665,21.505359140266503,3.552713678800501e-15,True
Human,ATP0.1,rat_parameter_A,2,Muscle-14,93.0092598226864,93.00925982268639,1.4210854715202004e-14,True
Human,ATP0.1,rat_parameter_A,2,Muscle-15,32.05688463995753,32.05688463995753,0.0,True
Human,ATP0.1,rat_parameter_A,2,Muscle-16,46.215177408839146,46.215177408839146,0.0,True
Human,ATP0.1,rat_parameter_A,2,Muscle-17,13.167444066794143,13.167444066794145,1.7763568394002505e-15,True
Human,ATP0.1,rat_parameter_A,2,Muscle-18,108.10615635139406,108.10615635139406,0.0,True
Human,ATP0.1,rat_parameter_A,2,Muscle-19,37.41657916449236,37.416579164492354,7.105427357601002e-15,True
Human,ATP0.1,rat_parameter_A,2,Muscle-20,34.54789347737386,34.54789347737387,7.105427357601002e-15,True
Human,ATP0.1,human_ND_source,2,Muscle-01,28.150252354701596,28.15025235470159,7.105427357601002e-15,True
Human,ATP0.1,human_ND_source,2,Muscle-02,22.22646205306929,22.22646205306929,0.0,True
Human,ATP0.1,human_ND_source,2,Muscle-03,56.05134263651564,56.05134263651565,7.105427357601002e-15,True
Human,ATP0.1,human_ND_source,2,Muscle-04,29.760744349215823,29.760744349215827,3.552713678800501e-15,True
Human,ATP0.1,human_ND_source,2,Muscle-05,25.663990581046857,25.66399058104686,3.552713678800501e-15,True
Human,ATP0.1,human_ND_source,2,Muscle-06,51.42146613949847,51.42146613949848,7.105427357601002e-15,True
Human,ATP0.1,human_ND_source,2,Muscle-07,54.14591351072673,54.14591351072673,0.0,True
Human,ATP0.1,human_ND_source,2,Muscle-08,219.9152171744434,219.9152171744434,0.0,True
Human,ATP0.1,human_ND_source,2,Muscle-09,71.28186412752912,71.28186412752912,0.0,True
Human,ATP0.1,human_ND_source,2,Muscle-10,35.878236480196904,35.878236480196904,0.0,True
Human,ATP0.1,human_ND_source,2,Muscle-11,35.52560967068629,35.52560967068629,0.0,True
Human,ATP0.1,human_ND_source,2,Muscle-12,33.45537373135558,33.455373731355586,7.105427357601002e-15,True
Human,ATP0.1,human_ND_source,2,Muscle-13,29.682727631880883,29.682727631880883,0.0,True
Human,ATP0.1,human_ND_source,2,Muscle-14,80.76078953200398,80.76078953200398,0.0,True
Human,ATP0.1,human_ND_source,2,Muscle-15,46.003702971247904,46.003702971247904,0.0,True
Human,ATP0.1,human_ND_source,2,Muscle-16,18.83819295157309,18.83819295157309,0.0,True
Human,ATP0.1,human_ND_source,2,Muscle-17,14.179077649881272,14.17907764988127,1.7763568394002505e-15,True
Human,ATP0.1,human_ND_source,2,Muscle-18,58.20795939619289,58.20795939619289,0.0,True
Human,ATP0.1,human_ND_source,2,Muscle-19,18.336476230699827,18.336476230699827,0.0,True
Human,ATP0.1,human_ND_source,2,Muscle-20,33.9963662314077,33.9963662314077,0.0,True
Human,ATP0.1,random_seeded,2,Muscle-01,32.04573573076035,32.045735730760356,7.105427357601002e-15,True
Human,ATP0.1,random_seeded,2,Muscle-02,29.79074339695155,29.79074339695155,0.0,True
Human,ATP0.1,random_seeded,2,Muscle-03,42.01683887713563,42.01683887713563,0.0,True
Human,ATP0.1,random_seeded,2,Muscle-04,44.06059241735026,44.06059241735026,0.0,True
Human,ATP0.1,random_seeded,2,Muscle-05,62.9395344840463,62.93953448404629,7.105427357601002e-15,True
Human,ATP0.1,random_seeded,2,Muscle-06,80.95474094811411,80.95474094811411,0.0,True
Human,ATP0.1,random_seeded,2,Muscle-07,47.272674393891485,47.272674393891485,0.0,True
Human,ATP0.1,random_seeded,2,Muscle-08,231.6554327048584,231.65543270485836,5.684341886080802e-14,True
Human,ATP0.1,random_seeded,2,Muscle-09,63.96689354515534,63.96689354515533,7.105427357601002e-15,True
Human,ATP0.1,random_seeded,2,Muscle-10,46.29707368987435,46.29707368987435,0.0,True
Human,ATP0.1,random_seeded,2,Muscle-11,33.215506077971654,33.215506077971654,0.0,True
Human,ATP0.1,random_seeded,2,Muscle-12,33.91717445100984,33.917174451009835,7.105427357601002e-15,True
Human,ATP0.1,random_seeded,2,Muscle-13,21.5053591402665,21.505359140266503,3.552713678800501e-15,True
Human,ATP0.1,random_seeded,2,Muscle-14,93.0092598226864,93.00925982268639,1.4210854715202004e-14,True
Human,ATP0.1,random_seeded,2,Muscle-15,32.05688463995753,32.05688463995753,0.0,True
Human,ATP0.1,random_seeded,2,Muscle-16,46.215177408839146,46.215177408839146,0.0,True
Human,ATP0.1,random_seeded,2,Muscle-17,13.167444066794143,13.167444066794145,1.7763568394002505e-15,True
Human,ATP0.1,random_seeded,2,Muscle-18,108.10615635139406,108.10615635139406,0.0,True
Human,ATP0.1,random_seeded,2,Muscle-19,37.41657916449236,37.416579164492354,7.105427357601002e-15,True
Human,ATP0.1,random_seeded,2,Muscle-20,34.54789347737386,34.54789347737387,7.105427357601002e-15,True
Human,ATP0.1,fixed_conventional,2,Muscle-01,29.75634801346625,29.75634801346626,7.105427357601002e-15,True
Human,ATP0.1,fixed_conventional,2,Muscle-02,25.598764041664506,25.598764041664506,0.0,True
Human,ATP0.1,fixed_conventional,2,Muscle-03,42.94181408198223,42.94181408198222,7.105427357601002e-15,True
Human,ATP0.1,fixed_conventional,2,Muscle-04,43.13538535800122,43.13538535800122,0.0,True
Human,ATP0.1,fixed_conventional,2,Muscle-05,64.53237368946724,64.53237368946724,0.0,True
Human,ATP0.1,fixed_conventional,2,Muscle-06,82.37556432210891,82.37556432210891,0.0,True
Human,ATP0.1,fixed_conventional,2,Muscle-07,51.78918596204664,51.78918596204663,7.105427357601002e-15,True
Human,ATP0.1,fixed_conventional,2,Muscle-08,94.88831157571592,94.88831157571592,0.0,True
Human,ATP0.1,fixed_conventional,2,Muscle-09,63.385215697795005,63.38521569779501,7.105427357601002e-15,True
Human,ATP0.1,fixed_conventional,2,Muscle-10,40.7977569525429,40.7977569525429,0.0,True
Human,ATP0.1,fixed_conventional,2,Muscle-11,28.32596482346189,28.325964823461895,3.552713678800501e-15,True
Human,ATP0.1,fixed_conventional,2,Muscle-12,34.53596580600632,34.53596580600632,0.0,True
Human,ATP0.1,fixed_conventional,2,Muscle-13,29.76986861326693,29.76986861326693,0.0,True
Human,ATP0.1,fixed_conventional,2,Muscle-14,109.21669257609383,109.21669257609383,0.0,True
Human,ATP0.1,fixed_conventional,2,Muscle-15,38.00794743308843,38.00794743308843,0.0,True
Human,ATP0.1,fixed_conventional,2,Muscle-16,48.2955364755972,48.295536475597196,7.105427357601002e-15,True
Human,ATP0.1,fixed_conventional,2,Muscle-17,15.148720524174085,15.148720524174081,3.552713678800501e-15,True
Human,ATP0.1,fixed_conventional,2,Muscle-18,107.54530068388968,107.54530068388966,1.4210854715202004e-14,True
Human,ATP0.1,fixed_conventional,2,Muscle-19,36.72768397903016,36.727683979030154,7.105427357601002e-15,True
Human,ATP0.1,fixed_conventional,2,Muscle-20,36.77610347643176,36.77610347643175,7.105427357601002e-15,True
Human,ATP0.1,destination_nested_oracle,2,Muscle-01,31.78307845698948,31.783078456989475,3.552713678800501e-15,True
Human,ATP0.1,destination_nested_oracle,2,Muscle-02,24.30461247669909,24.304612476699095,3.552713678800501e-15,True
Human,ATP0.1,destination_nested_oracle,2,Muscle-03,56.08238955766183,56.08238955766183,0.0,True
Human,ATP0.1,destination_nested_oracle,2,Muscle-04,26.9824442795025,26.982444279502495,3.552713678800501e-15,True
Human,ATP0.1,destination_nested_oracle,2,Muscle-05,43.16334847180873,43.16334847180873,0.0,True
Human,ATP0.1,destination_nested_oracle,2,Muscle-06,46.26456079024988,46.26456079024988,0.0,True
Human,ATP0.1,destination_nested_oracle,2,Muscle-07,51.74299235303521,51.742992353035206,7.105427357601002e-15,True
Human,ATP0.1,destination_nested_oracle,2,Muscle-08,219.9152171744434,219.9152171744434,0.0,True
Human,ATP0.1,destination_nested_oracle,2,Muscle-09,77.80568518567286,77.80568518567286,0.0,True
Human,ATP0.1,destination_nested_oracle,2,Muscle-10,38.44910017004503,38.44910017004503,0.0,True
Human,ATP0.1,destination_nested_oracle,2,Muscle-11,30.526712922091843,30.526712922091843,0.0,True
Human,ATP0.1,destination_nested_oracle,2,Muscle-12,32.59205468880243,32.59205468880243,0.0,True
Human,ATP0.1,destination_nested_oracle,2,Muscle-13,27.535452232696063,27.535452232696066,3.552713678800501e-15,True
Human,ATP0.1,destination_nested_oracle,2,Muscle-14,87.07503411448705,87.07503411448705,0.0,True
Human,ATP0.1,destination_nested_oracle,2,Muscle-15,48.737514216832,48.737514216832,0.0,True
Human,ATP0.1,destination_nested_oracle,2,Muscle-16,17.8325118623987,17.8325118623987,0.0,True
Human,ATP0.1,destination_nested_oracle,2,Muscle-17,12.77739805061552,12.777398050615517,3.552713678800501e-15,True
Human,ATP0.1,destination_nested_oracle,2,Muscle-18,58.70593392866385,58.70593392866385,0.0,True
Human,ATP0.1,destination_nested_oracle,2,Muscle-19,19.748516028891824,19.748516028891828,3.552713678800501e-15,True
Human,ATP0.1,destination_nested_oracle,2,Muscle-20,36.62530259011516,36.625302590115155,7.105427357601002e-15,True
Human,ATP0.1,rat_K_target,3,Muscle-01,32.74605133660352,32.74605133660352,0.0,True
Human,ATP0.1,rat_K_target,3,Muscle-02,22.16373122281306,22.16373122281306,0.0,True
Human,ATP0.1,rat_K_target,3,Muscle-03,56.404989053568585,56.40498905356859,7.105427357601002e-15,True
Human,ATP0.1,rat_K_target,3,Muscle-04,25.921026926496715,25.921026926496715,0.0,True
Human,ATP0.1,rat_K_target,3,Muscle-05,59.88723409046607,59.887234090466066,7.105427357601002e-15,True
Human,ATP0.1,rat_K_target,3,Muscle-06,41.847845503230005,41.847845503230005,0.0,True
Human,ATP0.1,rat_K_target,3,Muscle-07,50.73649486156897,50.73649486156897,0.0,True
Human,ATP0.1,rat_K_target,3,Muscle-08,86.35011635329845,86.35011635329845,0.0,True
Human,ATP0.1,rat_K_target,3,Muscle-09,73.3695787857663,73.3695787857663,0.0,True
Human,ATP0.1,rat_K_target,3,Muscle-10,35.41909387011234,35.41909387011234,0.0,True
Human,ATP0.1,rat_K_target,3,Muscle-11,29.91181456509204,29.911814565092037,3.552713678800501e-15,True
Human,ATP0.1,rat_K_target,3,Muscle-12,34.803748795722655,34.803748795722655,0.0,True
Human,ATP0.1,rat_K_target,3,Muscle-13,30.714865564517517,30.714865564517513,3.552713678800501e-15,True
Human,ATP0.1,rat_K_target,3,Muscle-14,97.4774569327182,97.4774569327182,0.0,True
Human,ATP0.1,rat_K_target,3,Muscle-15,49.86729194292982,49.86729194292982,0.0,True
Human,ATP0.1,rat_K_target,3,Muscle-16,20.312643758027512,20.312643758027512,0.0,True
Human,ATP0.1,rat_K_target,3,Muscle-17,13.778413237013378,13.77841323701338,1.7763568394002505e-15,True
Human,ATP0.1,rat_K_target,3,Muscle-18,58.23911694720436,58.23911694720436,0.0,True
Human,ATP0.1,rat_K_target,3,Muscle-19,19.079706327828223,19.07970632782822,3.552713678800501e-15,True
Human,ATP0.1,rat_K_target,3,Muscle-20,35.990773847852545,35.99077384785254,7.105427357601002e-15,True
Human,ATP0.1,rat_R_robust,3,Muscle-01,30.920090087689537,30.920090087689537,0.0,True
Human,ATP0.1,rat_R_robust,3,Muscle-02,25.92501091566892,25.925010915668917,3.552713678800501e-15,True
Human,ATP0.1,rat_R_robust,3,Muscle-03,42.398812061690535,42.398812061690535,0.0,True
Human,ATP0.1,rat_R_robust,3,Muscle-04,43.6499324776973,43.649932477697305,7.105427357601002e-15,True
Human,ATP0.1,rat_R_robust,3,Muscle-05,63.58074031157065,63.58074031157064,7.105427357601002e-15,True
Human,ATP0.1,rat_R_robust,3,Muscle-06,81.47420723836659,81.47420723836659,0.0,True
Human,ATP0.1,rat_R_robust,3,Muscle-07,52.982028087701,52.982028087700996,7.105427357601002e-15,True
Human,ATP0.1,rat_R_robust,3,Muscle-08,235.285022754688,235.28502275468796,2.842170943040401e-14,True
Human,ATP0.1,rat_R_robust,3,Muscle-09,65.67265414057292,65.67265414057292,0.0,True
Human,ATP0.1,rat_R_robust,3,Muscle-10,44.24503395497244,44.245033954972435,7.105427357601002e-15,True
Human,ATP0.1,rat_R_robust,3,Muscle-11,34.415294478073754,34.415294478073754,0.0,True
Human,ATP0.1,rat_R_robust,3,Muscle-12,34.47541754299342,34.47541754299342,0.0,True
Human,ATP0.1,rat_R_robust,3,Muscle-13,28.99982195267405,28.999821952674054,3.552713678800501e-15,True
Human,ATP0.1,rat_R_robust,3,Muscle-14,109.03418865289088,109.03418865289089,1.4210854715202004e-14,True
Human,ATP0.1,rat_R_robust,3,Muscle-15,59.309287873912766,59.30928787391277,7.105427357601002e-15,True
Human,ATP0.1,rat_R_robust,3,Muscle-16,51.10402698718022,51.10402698718021,7.105427357601002e-15,True
Human,ATP0.1,rat_R_robust,3,Muscle-17,14.83382294816109,14.833822948161089,1.7763568394002505e-15,True
Human,ATP0.1,rat_R_robust,3,Muscle-18,109.41521166707626,109.41521166707625,1.4210854715202004e-14,True
Human,ATP0.1,rat_R_robust,3,Muscle-19,36.77395854261212,36.773958542612114,7.105427357601002e-15,True
Human,ATP0.1,rat_R_robust,3,Muscle-20,36.47135727544569,36.47135727544569,0.0,True
Human,ATP0.1,rat_parameter_A,3,Muscle-01,30.920090087689527,30.920090087689527,0.0,True
Human,ATP0.1,rat_parameter_A,3,Muscle-02,25.925010915668928,25.925010915668928,0.0,True
Human,ATP0.1,rat_parameter_A,3,Muscle-03,42.39881206169054,42.39881206169055,7.105427357601002e-15,True
Human,ATP0.1,rat_parameter_A,3,Muscle-04,43.6499324776973,43.64993247769729,7.105427357601002e-15,True
Human,ATP0.1,rat_parameter_A,3,Muscle-05,63.58074031157068,63.580740311570686,7.105427357601002e-15,True
Human,ATP0.1,rat_parameter_A,3,Muscle-06,81.4742072383666,81.47420723836659,1.4210854715202004e-14,True
Human,ATP0.1,rat_parameter_A,3,Muscle-07,52.982028087701,52.982028087700996,7.105427357601002e-15,True
Human,ATP0.1,rat_parameter_A,3,Muscle-08,235.285022754688,235.285022754688,0.0,True
Human,ATP0.1,rat_parameter_A,3,Muscle-09,65.67265414057293,65.67265414057293,0.0,True
Human,ATP0.1,rat_parameter_A,3,Muscle-10,44.24503395497243,44.24503395497243,0.0,True
Human,ATP0.1,rat_parameter_A,3,Muscle-11,34.41529447807377,34.41529447807376,7.105427357601002e-15,True
Human,ATP0.1,rat_parameter_A,3,Muscle-12,34.47541754299341,34.47541754299341,0.0,True
Human,ATP0.1,rat_parameter_A,3,Muscle-13,28.99982195267406,28.99982195267406,0.0,True
Human,ATP0.1,rat_parameter_A,3,Muscle-14,109.03418865289088,109.03418865289089,1.4210854715202004e-14,True
Human,ATP0.1,rat_parameter_A,3,Muscle-15,59.30928787391275,59.30928787391276,7.105427357601002e-15,True
Human,ATP0.1,rat_parameter_A,3,Muscle-16,51.10402698718023,51.10402698718023,0.0,True
Human,ATP0.1,rat_parameter_A,3,Muscle-17,14.833822948161089,14.833822948161089,0.0,True
Human,ATP0.1,rat_parameter_A,3,Muscle-18,109.41521166707624,109.41521166707625,1.4210854715202004e-14,True
Human,ATP0.1,rat_parameter_A,3,Muscle-19,36.77395854261212,36.77395854261212,0.0,True
Human,ATP0.1,rat_parameter_A,3,Muscle-20,36.47135727544569,36.47135727544569,0.0,True
Human,ATP0.1,human_ND_source,3,Muscle-01,33.45906673208267,33.45906673208267,0.0,True
Human,ATP0.1,human_ND_source,3,Muscle-02,23.782591678867703,23.782591678867703,0.0,True
Human,ATP0.1,human_ND_source,3,Muscle-03,59.276761243383845,59.276761243383845,0.0,True
Human,ATP0.1,human_ND_source,3,Muscle-04,29.177463226243923,29.17746322624392,3.552713678800501e-15,True
Human,ATP0.1,human_ND_source,3,Muscle-05,27.055320000098387,27.055320000098387,0.0,True
Human,ATP0.1,human_ND_source,3,Muscle-06,51.13168862447858,51.13168862447858,0.0,True
Human,ATP0.1,human_ND_source,3,Muscle-07,52.96629115185406,52.966291151854065,7.105427357601002e-15,True
Human,ATP0.1,human_ND_source,3,Muscle-08,221.59723924353187,221.59723924353187,0.0,True
Human,ATP0.1,human_ND_source,3,Muscle-09,71.43489192631652,71.43489192631652,0.0,True
Human,ATP0.1,human_ND_source,3,Muscle-10,33.67476898482435,33.67476898482435,0.0,True
Human,ATP0.1,human_ND_source,3,Muscle-11,35.215402444328774,35.21540244432878,7.105427357601002e-15,True
Human,ATP0.1,human_ND_source,3,Muscle-12,35.05743644720013,35.05743644720014,7.105427357601002e-15,True
Human,ATP0.1,human_ND_source,3,Muscle-13,33.29908615830515,33.29908615830516,7.105427357601002e-15,True
Human,ATP0.1,human_ND_source,3,Muscle-14,98.533021456128,98.533021456128,0.0,True
Human,ATP0.1,human_ND_source,3,Muscle-15,51.67628510832112,51.67628510832112,0.0,True
Human,ATP0.1,human_ND_source,3,Muscle-16,20.57792951721721,20.57792951721721,0.0,True
Human,ATP0.1,human_ND_source,3,Muscle-17,15.966085444579845,15.966085444579846,1.7763568394002505e-15,True
Human,ATP0.1,human_ND_source,3,Muscle-18,54.09874048088549,54.09874048088549,0.0,True
Human,ATP0.1,human_ND_source,3,Muscle-19,18.72620698056474,18.72620698056474,0.0,True
Human,ATP0.1,human_ND_source,3,Muscle-20,34.829444254984935,34.829444254984935,0.0,True
Human,ATP0.1,random_seeded,3,Muscle-01,29.80200966031993,29.802009660319932,3.552713678800501e-15,True
Human,ATP0.1,random_seeded,3,Muscle-02,15.824536785436209,15.824536785436209,0.0,True
Human,ATP0.1,random_seeded,3,Muscle-03,57.49089044747748,57.49089044747748,0.0,True
Human,ATP0.1,random_seeded,3,Muscle-04,27.84774396891823,27.84774396891823,0.0,True
Human,ATP0.1,random_seeded,3,Muscle-05,51.96573303470496,51.96573303470496,0.0,True
Human,ATP0.1,random_seeded,3,Muscle-06,44.53810519477261,44.53810519477261,0.0,True
Human,ATP0.1,random_seeded,3,Muscle-07,53.79599009440007,53.795990094400075,7.105427357601002e-15,True
Human,ATP0.1,random_seeded,3,Muscle-08,215.0553181342183,215.05531813421828,2.842170943040401e-14,True
Human,ATP0.1,random_seeded,3,Muscle-09,76.84816725246405,76.84816725246405,0.0,True
Human,ATP0.1,random_seeded,3,Muscle-10,43.121350881032924,43.121350881032924,0.0,True
Human,ATP0.1,random_seeded,3,Muscle-11,34.668734165131575,34.668734165131575,0.0,True
Human,ATP0.1,random_seeded,3,Muscle-12,33.1161872646252,33.1161872646252,0.0,True
Human,ATP0.1,random_seeded,3,Muscle-13,28.58227333487161,28.58227333487161,0.0,True
Human,ATP0.1,random_seeded,3,Muscle-14,85.760631898043,85.760631898043,0.0,True
Human,ATP0.1,random_seeded,3,Muscle-15,56.87410861227708,56.87410861227707,7.105427357601002e-15,True
Human,ATP0.1,random_seeded,3,Muscle-16,17.09828485998714,17.09828485998714,0.0,True
Human,ATP0.1,random_seeded,3,Muscle-17,12.597290268192,12.597290268192,0.0,True
Human,ATP0.1,random_seeded,3,Muscle-18,57.82301098255105,57.82301098255105,0.0,True
Human,ATP0.1,random_seeded,3,Muscle-19,20.18995970688232,20.189959706882316,3.552713678800501e-15,True
Human,ATP0.1,random_seeded,3,Muscle-20,36.27371941173168,36.27371941173169,7.105427357601002e-15,True
Human,ATP0.1,fixed_conventional,3,Muscle-01,32.74605133660352,32.74605133660352,0.0,True
Human,ATP0.1,fixed_conventional,3,Muscle-02,22.16373122281306,22.16373122281306,0.0,True
Human,ATP0.1,fixed_conventional,3,Muscle-03,56.404989053568585,56.40498905356859,7.105427357601002e-15,True
Human,ATP0.1,fixed_conventional,3,Muscle-04,25.921026926496715,25.921026926496715,0.0,True
Human,ATP0.1,fixed_conventional,3,Muscle-05,59.88723409046607,59.887234090466066,7.105427357601002e-15,True
Human,ATP0.1,fixed_conventional,3,Muscle-06,41.847845503230005,41.847845503230005,0.0,True
Human,ATP0.1,fixed_conventional,3,Muscle-07,50.73649486156897,50.73649486156897,0.0,True
Human,ATP0.1,fixed_conventional,3,Muscle-08,86.35011635329845,86.35011635329845,0.0,True
Human,ATP0.1,fixed_conventional,3,Muscle-09,73.3695787857663,73.3695787857663,0.0,True
Human,ATP0.1,fixed_conventional,3,Muscle-10,35.41909387011234,35.41909387011234,0.0,True
Human,ATP0.1,fixed_conventional,3,Muscle-11,29.91181456509204,29.911814565092037,3.552713678800501e-15,True
Human,ATP0.1,fixed_conventional,3,Muscle-12,34.803748795722655,34.803748795722655,0.0,True
Human,ATP0.1,fixed_conventional,3,Muscle-13,30.714865564517517,30.714865564517513,3.552713678800501e-15,True
Human,ATP0.1,fixed_conventional,3,Muscle-14,97.4774569327182,97.4774569327182,0.0,True
Human,ATP0.1,fixed_conventional,3,Muscle-15,49.86729194292982,49.86729194292982,0.0,True
Human,ATP0.1,fixed_conventional,3,Muscle-16,20.312643758027512,20.312643758027512,0.0,True
Human,ATP0.1,fixed_conventional,3,Muscle-17,13.778413237013378,13.77841323701338,1.7763568394002505e-15,True
Human,ATP0.1,fixed_conventional,3,Muscle-18,58.23911694720436,58.23911694720436,0.0,True
Human,ATP0.1,fixed_conventional,3,Muscle-19,19.079706327828223,19.07970632782822,3.552713678800501e-15,True
Human,ATP0.1,fixed_conventional,3,Muscle-20,35.990773847852545,35.99077384785254,7.105427357601002e-15,True
Human,ATP0.1,destination_nested_oracle,3,Muscle-01,32.74605133660352,32.74605133660352,0.0,True
Human,ATP0.1,destination_nested_oracle,3,Muscle-02,22.16373122281306,22.16373122281306,0.0,True
Human,ATP0.1,destination_nested_oracle,3,Muscle-03,56.404989053568585,56.40498905356859,7.105427357601002e-15,True
Human,ATP0.1,destination_nested_oracle,3,Muscle-04,25.921026926496715,25.921026926496715,0.0,True
Human,ATP0.1,destination_nested_oracle,3,Muscle-05,59.88723409046607,59.887234090466066,7.105427357601002e-15,True
Human,ATP0.1,destination_nested_oracle,3,Muscle-06,41.847845503230005,41.847845503230005,0.0,True
Human,ATP0.1,destination_nested_oracle,3,Muscle-07,50.73649486156897,50.73649486156897,0.0,True
Human,ATP0.1,destination_nested_oracle,3,Muscle-08,221.59723924353187,221.59723924353187,0.0,True
Human,ATP0.1,destination_nested_oracle,3,Muscle-09,73.3695787857663,73.3695787857663,0.0,True
Human,ATP0.1,destination_nested_oracle,3,Muscle-10,35.41909387011234,35.41909387011234,0.0,True
Human,ATP0.1,destination_nested_oracle,3,Muscle-11,29.91181456509204,29.911814565092037,3.552713678800501e-15,True
Human,ATP0.1,destination_nested_oracle,3,Muscle-12,34.803748795722655,34.803748795722655,0.0,True
Human,ATP0.1,destination_nested_oracle,3,Muscle-13,30.714865564517517,30.714865564517513,3.552713678800501e-15,True
Human,ATP0.1,destination_nested_oracle,3,Muscle-14,97.4774569327182,97.4774569327182,0.0,True
Human,ATP0.1,destination_nested_oracle,3,Muscle-15,49.86729194292982,49.86729194292982,0.0,True
Human,ATP0.1,destination_nested_oracle,3,Muscle-16,20.312643758027512,20.312643758027512,0.0,True
Human,ATP0.1,destination_nested_oracle,3,Muscle-17,13.778413237013378,13.77841323701338,1.7763568394002505e-15,True
Human,ATP0.1,destination_nested_oracle,3,Muscle-18,58.23911694720436,58.23911694720436,0.0,True
Human,ATP0.1,destination_nested_oracle,3,Muscle-19,19.079706327828223,19.07970632782822,3.552713678800501e-15,True
Human,ATP0.1,destination_nested_oracle,3,Muscle-20,35.990773847852545,35.99077384785254,7.105427357601002e-15,True
Human,ATP0.1,full_spectrum_reference,12,Muscle-01,52.71204829054103,52.71204829054103,0.0,True
Human,ATP0.1,full_spectrum_reference,12,Muscle-02,43.078022135986295,43.078022135986295,0.0,True
Human,ATP0.1,full_spectrum_reference,12,Muscle-03,48.63775816612523,48.63775816612523,0.0,True
Human,ATP0.1,full_spectrum_reference,12,Muscle-04,23.36196128570594,23.361961285705938,3.552713678800501e-15,True
Human,ATP0.1,full_spectrum_reference,12,Muscle-05,86.239861706552,86.239861706552,0.0,True
Human,ATP0.1,full_spectrum_reference,12,Muscle-06,32.656691808464814,32.65669180846481,7.105427357601002e-15,True
Human,ATP0.1,full_spectrum_reference,12,Muscle-07,61.29849081271082,61.29849081271083,1.4210854715202004e-14,True
Human,ATP0.1,full_spectrum_reference,12,Muscle-08,229.63137586533207,229.63137586533207,0.0,True
Human,ATP0.1,full_spectrum_reference,12,Muscle-09,72.30449453709905,72.30449453709906,1.4210854715202004e-14,True
Human,ATP0.1,full_spectrum_reference,12,Muscle-10,26.916215523138927,26.916215523138924,3.552713678800501e-15,True
Human,ATP0.1,full_spectrum_reference,12,Muscle-11,50.67912826967961,50.67912826967961,0.0,True
Human,ATP0.1,full_spectrum_reference,12,Muscle-12,41.59688871692131,41.59688871692131,0.0,True
Human,ATP0.1,full_spectrum_reference,12,Muscle-13,27.465232240384942,27.465232240384946,3.552713678800501e-15,True
Human,ATP0.1,full_spectrum_reference,12,Muscle-14,125.73717892596616,125.73717892596613,2.842170943040401e-14,True
Human,ATP0.1,full_spectrum_reference,12,Muscle-15,71.61411873940084,71.61411873940084,0.0,True
Human,ATP0.1,full_spectrum_reference,12,Muscle-16,14.132398831767512,14.132398831767514,1.7763568394002505e-15,True
Human,ATP0.1,full_spectrum_reference,12,Muscle-17,24.58500028521979,24.585000285219788,3.552713678800501e-15,True
Human,ATP0.1,full_spectrum_reference,12,Muscle-18,113.86392915144496,113.86392915144494,2.842170943040401e-14,True
Human,ATP0.1,full_spectrum_reference,12,Muscle-19,25.087980953309085,25.087980953309085,0.0,True
Human,ATP0.1,full_spectrum_reference,12,Muscle-20,31.22428388207596,31.22428388207596,0.0,True
Human,ATP1,baseline_only,0,Muscle-01,58.644960075527855,58.64496007552785,7.105427357601002e-15,True
Human,ATP1,baseline_only,0,Muscle-02,32.4815099678678,32.4815099678678,0.0,True
Human,ATP1,baseline_only,0,Muscle-03,78.03890671763787,78.03890671763786,1.4210854715202004e-14,True
Human,ATP1,baseline_only,0,Muscle-04,65.10409855274074,65.10409855274072,1.4210854715202004e-14,True
Human,ATP1,baseline_only,0,Muscle-05,60.948049375746,60.948049375746,0.0,True
Human,ATP1,baseline_only,0,Muscle-06,63.471931005409154,63.47193100540916,7.105427357601002e-15,True
Human,ATP1,baseline_only,0,Muscle-07,53.078299018292384,53.07829901829239,7.105427357601002e-15,True
Human,ATP1,baseline_only,0,Muscle-08,83.97441649309116,83.97441649309114,1.4210854715202004e-14,True
Human,ATP1,baseline_only,0,Muscle-09,53.00598255204218,53.00598255204217,7.105427357601002e-15,True
Human,ATP1,baseline_only,0,Muscle-10,47.89600111239172,47.896001112391716,7.105427357601002e-15,True
Human,ATP1,baseline_only,0,Muscle-11,40.27955379763282,40.27955379763282,0.0,True
Human,ATP1,baseline_only,0,Muscle-12,103.19010623502297,103.19010623502298,1.4210854715202004e-14,True
Human,ATP1,baseline_only,0,Muscle-13,73.79599835657042,73.79599835657042,0.0,True
Human,ATP1,baseline_only,0,Muscle-14,43.10570898374731,43.10570898374732,7.105427357601002e-15,True
Human,ATP1,baseline_only,0,Muscle-15,54.034303995320855,54.034303995320855,0.0,True
Human,ATP1,baseline_only,0,Muscle-16,53.63583930483493,53.63583930483493,0.0,True
Human,ATP1,baseline_only,0,Muscle-17,18.28626594962366,18.28626594962366,0.0,True
Human,ATP1,baseline_only,0,Muscle-18,27.912296627951573,27.912296627951573,0.0,True
Human,ATP1,baseline_only,0,Muscle-19,23.965175316541128,23.965175316541128,0.0,True
Human,ATP1,baseline_only,0,Muscle-20,57.69721397798251,57.697213977982514,7.105427357601002e-15,True
Human,ATP1,rat_K_target,1,Muscle-01,42.37143724608077,42.371437246080774,7.105427357601002e-15,True
Human,ATP1,rat_K_target,1,Muscle-02,33.30776196560062,33.30776196560062,0.0,True
Human,ATP1,rat_K_target,1,Muscle-03,80.47942140462243,80.47942140462243,0.0,True
Human,ATP1,rat_K_target,1,Muscle-04,65.52064785188611,65.5206478518861,1.4210854715202004e-14,True
Human,ATP1,rat_K_target,1,Muscle-05,71.10959467702133,71.10959467702135,1.4210854715202004e-14,True
Human,ATP1,rat_K_target,1,Muscle-06,65.8142526313019,65.81425263130188,1.4210854715202004e-14,True
Human,ATP1,rat_K_target,1,Muscle-07,62.85673461285811,62.85673461285811,0.0,True
Human,ATP1,rat_K_target,1,Muscle-08,86.64032526181626,86.64032526181627,1.4210854715202004e-14,True
Human,ATP1,rat_K_target,1,Muscle-09,54.72754674244512,54.72754674244511,1.4210854715202004e-14,True
Human,ATP1,rat_K_target,1,Muscle-10,49.154379355915886,49.154379355915886,0.0,True
Human,ATP1,rat_K_target,1,Muscle-11,45.82068969205211,45.82068969205211,0.0,True
Human,ATP1,rat_K_target,1,Muscle-12,177.91953026104096,177.91953026104096,0.0,True
Human,ATP1,rat_K_target,1,Muscle-13,78.54991416305495,78.54991416305495,0.0,True
Human,ATP1,rat_K_target,1,Muscle-14,44.40897838039669,44.40897838039669,0.0,True
Human,ATP1,rat_K_target,1,Muscle-15,56.54401435967813,56.54401435967813,0.0,True
Human,ATP1,rat_K_target,1,Muscle-16,53.21564540923994,53.21564540923994,0.0,True
Human,ATP1,rat_K_target,1,Muscle-17,19.59416901312696,19.594169013126958,3.552713678800501e-15,True
Human,ATP1,rat_K_target,1,Muscle-18,31.81240159342616,31.812401593426163,3.552713678800501e-15,True
Human,ATP1,rat_K_target,1,Muscle-19,23.896758374823463,23.896758374823463,0.0,True
Human,ATP1,rat_K_target,1,Muscle-20,65.5246881901616,65.5246881901616,0.0,True
Human,ATP1,rat_R_robust,1,Muscle-01,68.3896065401294,68.38960654012942,1.4210854715202004e-14,True
Human,ATP1,rat_R_robust,1,Muscle-02,40.17657867107301,40.17657867107301,0.0,True
Human,ATP1,rat_R_robust,1,Muscle-03,61.57858380520304,61.57858380520304,0.0,True
Human,ATP1,rat_R_robust,1,Muscle-04,77.80244352716824,77.80244352716825,1.4210854715202004e-14,True
Human,ATP1,rat_R_robust,1,Muscle-05,61.25235881178365,61.25235881178365,0.0,True
Human,ATP1,rat_R_robust,1,Muscle-06,33.5358790765867,33.535879076586696,7.105427357601002e-15,True
Human,ATP1,rat_R_robust,1,Muscle-07,48.80807822461899,48.80807822461898,7.105427357601002e-15,True
Human,ATP1,rat_R_robust,1,Muscle-08,69.43203594864487,69.43203594864487,0.0,True
Human,ATP1,rat_R_robust,1,Muscle-09,26.465645629374876,26.46564562937487,7.105427357601002e-15,True
Human,ATP1,rat_R_robust,1,Muscle-10,38.091664475501055,38.09166447550106,7.105427357601002e-15,True
Human,ATP1,rat_R_robust,1,Muscle-11,58.48699159686463,58.48699159686463,0.0,True
Human,ATP1,rat_R_robust,1,Muscle-12,129.96003726995494,129.96003726995494,0.0,True
Human,ATP1,rat_R_robust,1,Muscle-13,85.32835967202963,85.32835967202963,0.0,True
Human,ATP1,rat_R_robust,1,Muscle-14,45.32306869978255,45.323068699782546,7.105427357601002e-15,True
Human,ATP1,rat_R_robust,1,Muscle-15,57.931909159132125,57.931909159132125,0.0,True
Human,ATP1,rat_R_robust,1,Muscle-16,56.85514548929225,56.85514548929225,0.0,True
Human,ATP1,rat_R_robust,1,Muscle-17,29.07780456666607,29.07780456666607,0.0,True
Human,ATP1,rat_R_robust,1,Muscle-18,32.28018223044112,32.28018223044111,7.105427357601002e-15,True
Human,ATP1,rat_R_robust,1,Muscle-19,24.92581123573517,24.925811235735175,3.552713678800501e-15,True
Human,ATP1,rat_R_robust,1,Muscle-20,61.59331409272957,61.593314092729564,7.105427357601002e-15,True
Human,ATP1,rat_parameter_A,1,Muscle-01,68.3896065401294,68.38960654012942,1.4210854715202004e-14,True
Human,ATP1,rat_parameter_A,1,Muscle-02,40.17657867107301,40.17657867107301,0.0,True
Human,ATP1,rat_parameter_A,1,Muscle-03,61.57858380520304,61.57858380520304,0.0,True
Human,ATP1,rat_parameter_A,1,Muscle-04,77.80244352716824,77.80244352716825,1.4210854715202004e-14,True
Human,ATP1,rat_parameter_A,1,Muscle-05,61.25235881178365,61.25235881178365,0.0,True
Human,ATP1,rat_parameter_A,1,Muscle-06,33.5358790765867,33.535879076586696,7.105427357601002e-15,True
Human,ATP1,rat_parameter_A,1,Muscle-07,48.80807822461899,48.80807822461898,7.105427357601002e-15,True
Human,ATP1,rat_parameter_A,1,Muscle-08,69.43203594864487,69.43203594864487,0.0,True
Human,ATP1,rat_parameter_A,1,Muscle-09,26.465645629374876,26.46564562937487,7.105427357601002e-15,True
Human,ATP1,rat_parameter_A,1,Muscle-10,38.091664475501055,38.09166447550106,7.105427357601002e-15,True
Human,ATP1,rat_parameter_A,1,Muscle-11,58.48699159686463,58.48699159686463,0.0,True
Human,ATP1,rat_parameter_A,1,Muscle-12,129.96003726995494,129.96003726995494,0.0,True
Human,ATP1,rat_parameter_A,1,Muscle-13,85.32835967202963,85.32835967202963,0.0,True
Human,ATP1,rat_parameter_A,1,Muscle-14,45.32306869978255,45.323068699782546,7.105427357601002e-15,True
Human,ATP1,rat_parameter_A,1,Muscle-15,57.931909159132125,57.931909159132125,0.0,True
Human,ATP1,rat_parameter_A,1,Muscle-16,56.85514548929225,56.85514548929225,0.0,True
Human,ATP1,rat_parameter_A,1,Muscle-17,29.07780456666607,29.07780456666607,0.0,True
Human,ATP1,rat_parameter_A,1,Muscle-18,32.28018223044112,32.28018223044111,7.105427357601002e-15,True
Human,ATP1,rat_parameter_A,1,Muscle-19,24.92581123573517,24.925811235735175,3.552713678800501e-15,True
Human,ATP1,rat_parameter_A,1,Muscle-20,61.59331409272957,61.593314092729564,7.105427357601002e-15,True
Human,ATP1,human_ND_source,1,Muscle-01,52.71958468283656,52.71958468283656,0.0,True
Human,ATP1,human_ND_source,1,Muscle-02,26.3835496089823,26.383549608982303,3.552713678800501e-15,True
Human,ATP1,human_ND_source,1,Muscle-03,62.75435223391205,62.75435223391205,0.0,True
Human,ATP1,human_ND_source,1,Muscle-04,121.15900210548304,121.15900210548304,0.0,True
Human,ATP1,human_ND_source,1,Muscle-05,56.95012759494592,56.950127594945926,7.105427357601002e-15,True
Human,ATP1,human_ND_source,1,Muscle-06,14.530154801679876,14.530154801679878,1.7763568394002505e-15,True
Human,ATP1,human_ND_source,1,Muscle-07,53.0343687135991,53.03436871359911,7.105427357601002e-15,True
Human,ATP1,human_ND_source,1,Muscle-08,70.8741506645419,70.8741506645419,0.0,True
Human,ATP1,human_ND_source,1,Muscle-09,44.564577486815054,44.564577486815054,0.0,True
Human,ATP1,human_ND_source,1,Muscle-10,37.826672703209255,37.82667270320925,7.105427357601002e-15,True
Human,ATP1,human_ND_source,1,Muscle-11,46.58972786789981,46.58972786789981,0.0,True
Human,ATP1,human_ND_source,1,Muscle-12,79.17659593367051,79.17659593367051,0.0,True
Human,ATP1,human_ND_source,1,Muscle-13,60.08610655814661,60.086106558146604,7.105427357601002e-15,True
Human,ATP1,human_ND_source,1,Muscle-14,59.55387088089172,59.55387088089172,0.0,True
Human,ATP1,human_ND_source,1,Muscle-15,54.20780651174951,54.20780651174952,7.105427357601002e-15,True
Human,ATP1,human_ND_source,1,Muscle-16,91.68026768107204,91.68026768107204,0.0,True
Human,ATP1,human_ND_source,1,Muscle-17,20.40665963773658,20.40665963773658,0.0,True
Human,ATP1,human_ND_source,1,Muscle-18,44.27341184702068,44.273411847020675,7.105427357601002e-15,True
Human,ATP1,human_ND_source,1,Muscle-19,23.874965815379444,23.87496581537944,3.552713678800501e-15,True
Human,ATP1,human_ND_source,1,Muscle-20,58.8448975799676,58.8448975799676,0.0,True
Human,ATP1,random_seeded,1,Muscle-01,68.3896065401294,68.38960654012942,1.4210854715202004e-14,True
Human,ATP1,random_seeded,1,Muscle-02,40.17657867107301,40.17657867107301,0.0,True
Human,ATP1,random_seeded,1,Muscle-03,61.57858380520304,61.57858380520304,0.0,True
Human,ATP1,random_seeded,1,Muscle-04,77.80244352716824,77.80244352716825,1.4210854715202004e-14,True
Human,ATP1,random_seeded,1,Muscle-05,61.25235881178365,61.25235881178365,0.0,True
Human,ATP1,random_seeded,1,Muscle-06,33.5358790765867,33.535879076586696,7.105427357601002e-15,True
Human,ATP1,random_seeded,1,Muscle-07,48.80807822461899,48.80807822461898,7.105427357601002e-15,True
Human,ATP1,random_seeded,1,Muscle-08,69.43203594864487,69.43203594864487,0.0,True
Human,ATP1,random_seeded,1,Muscle-09,26.465645629374876,26.46564562937487,7.105427357601002e-15,True
Human,ATP1,random_seeded,1,Muscle-10,38.091664475501055,38.09166447550106,7.105427357601002e-15,True
Human,ATP1,random_seeded,1,Muscle-11,58.48699159686463,58.48699159686463,0.0,True
Human,ATP1,random_seeded,1,Muscle-12,129.96003726995494,129.96003726995494,0.0,True
Human,ATP1,random_seeded,1,Muscle-13,85.32835967202963,85.32835967202963,0.0,True
Human,ATP1,random_seeded,1,Muscle-14,45.32306869978255,45.323068699782546,7.105427357601002e-15,True
Human,ATP1,random_seeded,1,Muscle-15,57.931909159132125,57.931909159132125,0.0,True
Human,ATP1,random_seeded,1,Muscle-16,56.85514548929225,56.85514548929225,0.0,True
Human,ATP1,random_seeded,1,Muscle-17,29.07780456666607,29.07780456666607,0.0,True
Human,ATP1,random_seeded,1,Muscle-18,32.28018223044112,32.28018223044111,7.105427357601002e-15,True
Human,ATP1,random_seeded,1,Muscle-19,24.92581123573517,24.925811235735175,3.552713678800501e-15,True
Human,ATP1,random_seeded,1,Muscle-20,61.59331409272957,61.593314092729564,7.105427357601002e-15,True
Human,ATP1,fixed_conventional,1,Muscle-01,68.3896065401294,68.38960654012942,1.4210854715202004e-14,True
Human,ATP1,fixed_conventional,1,Muscle-02,40.17657867107301,40.17657867107301,0.0,True
Human,ATP1,fixed_conventional,1,Muscle-03,61.57858380520304,61.57858380520304,0.0,True
Human,ATP1,fixed_conventional,1,Muscle-04,77.80244352716824,77.80244352716825,1.4210854715202004e-14,True
Human,ATP1,fixed_conventional,1,Muscle-05,61.25235881178365,61.25235881178365,0.0,True
Human,ATP1,fixed_conventional,1,Muscle-06,33.5358790765867,33.535879076586696,7.105427357601002e-15,True
Human,ATP1,fixed_conventional,1,Muscle-07,48.80807822461899,48.80807822461898,7.105427357601002e-15,True
Human,ATP1,fixed_conventional,1,Muscle-08,69.43203594864487,69.43203594864487,0.0,True
Human,ATP1,fixed_conventional,1,Muscle-09,26.465645629374876,26.46564562937487,7.105427357601002e-15,True
Human,ATP1,fixed_conventional,1,Muscle-10,38.091664475501055,38.09166447550106,7.105427357601002e-15,True
Human,ATP1,fixed_conventional,1,Muscle-11,58.48699159686463,58.48699159686463,0.0,True
Human,ATP1,fixed_conventional,1,Muscle-12,129.96003726995494,129.96003726995494,0.0,True
Human,ATP1,fixed_conventional,1,Muscle-13,85.32835967202963,85.32835967202963,0.0,True
Human,ATP1,fixed_conventional,1,Muscle-14,45.32306869978255,45.323068699782546,7.105427357601002e-15,True
Human,ATP1,fixed_conventional,1,Muscle-15,57.931909159132125,57.931909159132125,0.0,True
Human,ATP1,fixed_conventional,1,Muscle-16,56.85514548929225,56.85514548929225,0.0,True
Human,ATP1,fixed_conventional,1,Muscle-17,29.07780456666607,29.07780456666607,0.0,True
Human,ATP1,fixed_conventional,1,Muscle-18,32.28018223044112,32.28018223044111,7.105427357601002e-15,True
Human,ATP1,fixed_conventional,1,Muscle-19,24.92581123573517,24.925811235735175,3.552713678800501e-15,True
Human,ATP1,fixed_conventional,1,Muscle-20,61.59331409272957,61.593314092729564,7.105427357601002e-15,True
Human,ATP1,destination_nested_oracle,1,Muscle-01,56.5321406122567,56.53214061225669,7.105427357601002e-15,True
Human,ATP1,destination_nested_oracle,1,Muscle-02,37.49689295628944,37.496892956289436,7.105427357601002e-15,True
Human,ATP1,destination_nested_oracle,1,Muscle-03,62.75435223391205,62.75435223391205,0.0,True
Human,ATP1,destination_nested_oracle,1,Muscle-04,121.15900210548304,121.15900210548304,0.0,True
Human,ATP1,destination_nested_oracle,1,Muscle-05,70.11045373266444,70.11045373266442,1.4210854715202004e-14,True
Human,ATP1,destination_nested_oracle,1,Muscle-06,55.089283108135824,55.08928310813582,7.105427357601002e-15,True
Human,ATP1,destination_nested_oracle,1,Muscle-07,53.0343687135991,53.03436871359911,7.105427357601002e-15,True
Human,ATP1,destination_nested_oracle,1,Muscle-08,84.73804916428621,84.73804916428621,0.0,True
Human,ATP1,destination_nested_oracle,1,Muscle-09,44.564577486815054,44.564577486815054,0.0,True
Human,ATP1,destination_nested_oracle,1,Muscle-10,37.826672703209255,37.82667270320925,7.105427357601002e-15,True
Human,ATP1,destination_nested_oracle,1,Muscle-11,46.58972786789981,46.58972786789981,0.0,True
Human,ATP1,destination_nested_oracle,1,Muscle-12,181.17868672176004,181.17868672176004,0.0,True
Human,ATP1,destination_nested_oracle,1,Muscle-13,60.08610655814661,60.086106558146604,7.105427357601002e-15,True
Human,ATP1,destination_nested_oracle,1,Muscle-14,59.55387088089172,59.55387088089172,0.0,True
Human,ATP1,destination_nested_oracle,1,Muscle-15,54.20780651174951,54.20780651174952,7.105427357601002e-15,True
Human,ATP1,destination_nested_oracle,1,Muscle-16,91.68026768107204,91.68026768107204,0.0,True
Human,ATP1,destination_nested_oracle,1,Muscle-17,19.63202844570745,19.63202844570745,0.0,True
Human,ATP1,destination_nested_oracle,1,Muscle-18,44.27341184702068,44.273411847020675,7.105427357601002e-15,True
Human,ATP1,destination_nested_oracle,1,Muscle-19,23.874965815379444,23.87496581537944,3.552713678800501e-15,True
Human,ATP1,destination_nested_oracle,1,Muscle-20,61.59331409272957,61.593314092729564,7.105427357601002e-15,True
Human,ATP1,rat_K_target,2,Muscle-01,54.30633443590721,54.3063344359072,7.105427357601002e-15,True
Human,ATP1,rat_K_target,2,Muscle-02,29.70314327222686,29.70314327222686,0.0,True
Human,ATP1,rat_K_target,2,Muscle-03,54.72435533022824,54.724355330228235,7.105427357601002e-15,True
Human,ATP1,rat_K_target,2,Muscle-04,115.98291439635148,115.98291439635149,1.4210854715202004e-14,True
Human,ATP1,rat_K_target,2,Muscle-05,67.11107454486405,67.11107454486404,1.4210854715202004e-14,True
Human,ATP1,rat_K_target,2,Muscle-06,15.753432112909474,15.753432112909472,1.7763568394002505e-15,True
Human,ATP1,rat_K_target,2,Muscle-07,61.75777134761089,61.75777134761089,0.0,True
Human,ATP1,rat_K_target,2,Muscle-08,66.37803231909444,66.37803231909444,0.0,True
Human,ATP1,rat_K_target,2,Muscle-09,31.451322393760066,31.45132239376007,3.552713678800501e-15,True
Human,ATP1,rat_K_target,2,Muscle-10,34.93134151604228,34.93134151604228,0.0,True
Human,ATP1,rat_K_target,2,Muscle-11,48.58670124627821,48.58670124627821,0.0,True
Human,ATP1,rat_K_target,2,Muscle-12,143.1220276140651,143.1220276140651,0.0,True
Human,ATP1,rat_K_target,2,Muscle-13,64.28515138071022,64.28515138071022,0.0,True
Human,ATP1,rat_K_target,2,Muscle-14,58.2954872494981,58.2954872494981,0.0,True
Human,ATP1,rat_K_target,2,Muscle-15,61.69789888935448,61.69789888935447,7.105427357601002e-15,True
Human,ATP1,rat_K_target,2,Muscle-16,88.87889175996585,88.87889175996584,1.4210854715202004e-14,True
Human,ATP1,rat_K_target,2,Muscle-17,19.35813702938493,19.35813702938493,0.0,True
Human,ATP1,rat_K_target,2,Muscle-18,35.19776113578928,35.19776113578928,0.0,True
Human,ATP1,rat_K_target,2,Muscle-19,27.271939666675344,27.27193966667534,3.552713678800501e-15,True
Human,ATP1,rat_K_target,2,Muscle-20,50.85947270404552,50.859472704045515,7.105427357601002e-15,True
Human,ATP1,rat_R_robust,2,Muscle-01,84.06363420352719,84.06363420352717,1.4210854715202004e-14,True
Human,ATP1,rat_R_robust,2,Muscle-02,31.84923482103387,31.84923482103387,0.0,True
Human,ATP1,rat_R_robust,2,Muscle-03,58.07862129384264,58.07862129384265,1.4210854715202004e-14,True
Human,ATP1,rat_R_robust,2,Muscle-04,79.15700611129478,79.15700611129476,1.4210854715202004e-14,True
Human,ATP1,rat_R_robust,2,Muscle-05,75.14427553109255,75.14427553109255,0.0,True
Human,ATP1,rat_R_robust,2,Muscle-06,31.862590661899663,31.862590661899663,0.0,True
Human,ATP1,rat_R_robust,2,Muscle-07,60.84212826000189,60.842128260001886,7.105427357601002e-15,True
Human,ATP1,rat_R_robust,2,Muscle-08,72.70906571899219,72.70906571899219,0.0,True
Human,ATP1,rat_R_robust,2,Muscle-09,29.274745284036545,29.27474528403655,3.552713678800501e-15,True
Human,ATP1,rat_R_robust,2,Muscle-10,39.33934557552443,39.339345575524426,7.105427357601002e-15,True
Human,ATP1,rat_R_robust,2,Muscle-11,55.553037400787886,55.553037400787886,0.0,True
Human,ATP1,rat_R_robust,2,Muscle-12,152.21406021060594,152.21406021060594,0.0,True
Human,ATP1,rat_R_robust,2,Muscle-13,73.61839776495019,73.61839776495017,1.4210854715202004e-14,True
Human,ATP1,rat_R_robust,2,Muscle-14,49.539237820327,49.53923782032699,1.4210854715202004e-14,True
Human,ATP1,rat_R_robust,2,Muscle-15,63.79106332654538,63.79106332654539,1.4210854715202004e-14,True
Human,ATP1,rat_R_robust,2,Muscle-16,65.10187817372385,65.10187817372385,0.0,True
Human,ATP1,rat_R_robust,2,Muscle-17,32.0338711728946,32.03387117289461,7.105427357601002e-15,True
Human,ATP1,rat_R_robust,2,Muscle-18,33.40959612161847,33.40959612161848,7.105427357601002e-15,True
Human,ATP1,rat_R_robust,2,Muscle-19,22.883289632933007,22.883289632933007,0.0,True
Human,ATP1,rat_R_robust,2,Muscle-20,96.51710886568668,96.51710886568667,1.4210854715202004e-14,True
Human,ATP1,rat_parameter_A,2,Muscle-01,84.06363420352719,84.06363420352719,0.0,True
Human,ATP1,rat_parameter_A,2,Muscle-02,31.849234821033868,31.849234821033868,0.0,True
Human,ATP1,rat_parameter_A,2,Muscle-03,58.07862129384264,58.07862129384265,1.4210854715202004e-14,True
Human,ATP1,rat_parameter_A,2,Muscle-04,79.15700611129479,79.15700611129478,1.4210854715202004e-14,True
Human,ATP1,rat_parameter_A,2,Muscle-05,75.14427553109256,75.14427553109256,0.0,True
Human,ATP1,rat_parameter_A,2,Muscle-06,31.86259066189968,31.862590661899677,3.552713678800501e-15,True
Human,ATP1,rat_parameter_A,2,Muscle-07,60.84212826000186,60.84212826000186,0.0,True
Human,ATP1,rat_parameter_A,2,Muscle-08,72.70906571899219,72.70906571899219,0.0,True
Human,ATP1,rat_parameter_A,2,Muscle-09,29.274745284036545,29.27474528403655,3.552713678800501e-15,True
Human,ATP1,rat_parameter_A,2,Muscle-10,39.33934557552444,39.33934557552444,0.0,True
Human,ATP1,rat_parameter_A,2,Muscle-11,55.55303740078791,55.55303740078791,0.0,True
Human,ATP1,rat_parameter_A,2,Muscle-12,152.21406021060594,152.21406021060594,0.0,True
Human,ATP1,rat_parameter_A,2,Muscle-13,73.61839776495017,73.61839776495017,0.0,True
Human,ATP1,rat_parameter_A,2,Muscle-14,49.539237820327,49.539237820327,0.0,True
Human,ATP1,rat_parameter_A,2,Muscle-15,63.79106332654538,63.79106332654539,1.4210854715202004e-14,True
Human,ATP1,rat_parameter_A,2,Muscle-16,65.10187817372385,65.10187817372385,0.0,True
Human,ATP1,rat_parameter_A,2,Muscle-17,32.03387117289462,32.03387117289462,0.0,True
Human,ATP1,rat_parameter_A,2,Muscle-18,33.40959612161846,33.40959612161846,0.0,True
Human,ATP1,rat_parameter_A,2,Muscle-19,22.88328963293301,22.88328963293301,0.0,True
Human,ATP1,rat_parameter_A,2,Muscle-20,96.51710886568668,96.51710886568667,1.4210854715202004e-14,True
Human,ATP1,human_ND_source,2,Muscle-01,64.51482957063917,64.51482957063917,0.0,True
Human,ATP1,human_ND_source,2,Muscle-02,27.36658239529134,27.366582395291342,3.552713678800501e-15,True
Human,ATP1,human_ND_source,2,Muscle-03,53.86136602200746,53.86136602200746,0.0,True
Human,ATP1,human_ND_source,2,Muscle-04,117.61064709017658,117.61064709017658,0.0,True
Human,ATP1,human_ND_source,2,Muscle-05,60.95275341469149,60.95275341469149,0.0,True
Human,ATP1,human_ND_source,2,Muscle-06,16.388727452401405,16.388727452401405,0.0,True
Human,ATP1,human_ND_source,2,Muscle-07,48.46309321792945,48.46309321792945,0.0,True
Human,ATP1,human_ND_source,2,Muscle-08,67.06525536854517,67.06525536854518,1.4210854715202004e-14,True
Human,ATP1,human_ND_source,2,Muscle-09,32.05739179460211,32.05739179460211,0.0,True
Human,ATP1,human_ND_source,2,Muscle-10,38.17011945115575,38.17011945115575,0.0,True
Human,ATP1,human_ND_source,2,Muscle-11,49.54759012660405,49.54759012660404,7.105427357601002e-15,True
Human,ATP1,human_ND_source,2,Muscle-12,108.79739997070888,108.79739997070887,1.4210854715202004e-14,True
Human,ATP1,human_ND_source,2,Muscle-13,58.11143242441826,58.111432424418254,7.105427357601002e-15,True
Human,ATP1,human_ND_source,2,Muscle-14,54.99462814986472,54.994628149864724,7.105427357601002e-15,True
Human,ATP1,human_ND_source,2,Muscle-15,58.12877684600974,58.12877684600975,7.105427357601002e-15,True
Human,ATP1,human_ND_source,2,Muscle-16,95.366072963619,95.366072963619,0.0,True
Human,ATP1,human_ND_source,2,Muscle-17,31.36980781873741,31.36980781873741,0.0,True
Human,ATP1,human_ND_source,2,Muscle-18,39.99889550980783,39.99889550980783,0.0,True
Human,ATP1,human_ND_source,2,Muscle-19,20.771448110934685,20.77144811093468,3.552713678800501e-15,True
Human,ATP1,human_ND_source,2,Muscle-20,89.59689963431484,89.59689963431484,0.0,True
Human,ATP1,random_seeded,2,Muscle-01,54.30633443590721,54.3063344359072,7.105427357601002e-15,True
Human,ATP1,random_seeded,2,Muscle-02,29.70314327222686,29.70314327222686,0.0,True
Human,ATP1,random_seeded,2,Muscle-03,54.72435533022824,54.724355330228235,7.105427357601002e-15,True
Human,ATP1,random_seeded,2,Muscle-04,115.98291439635148,115.98291439635149,1.4210854715202004e-14,True
Human,ATP1,random_seeded,2,Muscle-05,67.11107454486405,67.11107454486404,1.4210854715202004e-14,True
Human,ATP1,random_seeded,2,Muscle-06,15.753432112909474,15.753432112909472,1.7763568394002505e-15,True
Human,ATP1,random_seeded,2,Muscle-07,61.75777134761089,61.75777134761089,0.0,True
Human,ATP1,random_seeded,2,Muscle-08,66.37803231909444,66.37803231909444,0.0,True
Human,ATP1,random_seeded,2,Muscle-09,31.451322393760066,31.45132239376007,3.552713678800501e-15,True
Human,ATP1,random_seeded,2,Muscle-10,34.93134151604228,34.93134151604228,0.0,True
Human,ATP1,random_seeded,2,Muscle-11,48.58670124627821,48.58670124627821,0.0,True
Human,ATP1,random_seeded,2,Muscle-12,143.1220276140651,143.1220276140651,0.0,True
Human,ATP1,random_seeded,2,Muscle-13,64.28515138071022,64.28515138071022,0.0,True
Human,ATP1,random_seeded,2,Muscle-14,58.2954872494981,58.2954872494981,0.0,True
Human,ATP1,random_seeded,2,Muscle-15,61.69789888935448,61.69789888935447,7.105427357601002e-15,True
Human,ATP1,random_seeded,2,Muscle-16,88.87889175996585,88.87889175996584,1.4210854715202004e-14,True
Human,ATP1,random_seeded,2,Muscle-17,19.35813702938493,19.35813702938493,0.0,True
Human,ATP1,random_seeded,2,Muscle-18,35.19776113578928,35.19776113578928,0.0,True
Human,ATP1,random_seeded,2,Muscle-19,27.271939666675344,27.27193966667534,3.552713678800501e-15,True
Human,ATP1,random_seeded,2,Muscle-20,50.85947270404552,50.859472704045515,7.105427357601002e-15,True
Human,ATP1,fixed_conventional,2,Muscle-01,84.06363420352719,84.06363420352719,0.0,True
Human,ATP1,fixed_conventional,2,Muscle-02,31.849234821033868,31.849234821033868,0.0,True
Human,ATP1,fixed_conventional,2,Muscle-03,58.07862129384264,58.07862129384265,1.4210854715202004e-14,True
Human,ATP1,fixed_conventional,2,Muscle-04,79.15700611129479,79.15700611129478,1.4210854715202004e-14,True
Human,ATP1,fixed_conventional,2,Muscle-05,75.14427553109256,75.14427553109256,0.0,True
Human,ATP1,fixed_conventional,2,Muscle-06,31.86259066189968,31.862590661899677,3.552713678800501e-15,True
Human,ATP1,fixed_conventional,2,Muscle-07,60.84212826000186,60.84212826000186,0.0,True
Human,ATP1,fixed_conventional,2,Muscle-08,72.70906571899219,72.70906571899219,0.0,True
Human,ATP1,fixed_conventional,2,Muscle-09,29.274745284036545,29.27474528403655,3.552713678800501e-15,True
Human,ATP1,fixed_conventional,2,Muscle-10,39.33934557552444,39.33934557552444,0.0,True
Human,ATP1,fixed_conventional,2,Muscle-11,55.55303740078791,55.55303740078791,0.0,True
Human,ATP1,fixed_conventional,2,Muscle-12,152.21406021060594,152.21406021060594,0.0,True
Human,ATP1,fixed_conventional,2,Muscle-13,73.61839776495017,73.61839776495017,0.0,True
Human,ATP1,fixed_conventional,2,Muscle-14,49.539237820327,49.539237820327,0.0,True
Human,ATP1,fixed_conventional,2,Muscle-15,63.79106332654538,63.79106332654539,1.4210854715202004e-14,True
Human,ATP1,fixed_conventional,2,Muscle-16,65.10187817372385,65.10187817372385,0.0,True
Human,ATP1,fixed_conventional,2,Muscle-17,32.03387117289462,32.03387117289462,0.0,True
Human,ATP1,fixed_conventional,2,Muscle-18,33.40959612161846,33.40959612161846,0.0,True
Human,ATP1,fixed_conventional,2,Muscle-19,22.88328963293301,22.88328963293301,0.0,True
Human,ATP1,fixed_conventional,2,Muscle-20,96.51710886568668,96.51710886568667,1.4210854715202004e-14,True
Human,ATP1,destination_nested_oracle,2,Muscle-01,37.50406235834463,37.504062358344626,7.105427357601002e-15,True
Human,ATP1,destination_nested_oracle,2,Muscle-02,26.953065995738985,26.953065995738985,0.0,True
Human,ATP1,destination_nested_oracle,2,Muscle-03,55.72484839352016,55.72484839352016,0.0,True
Human,ATP1,destination_nested_oracle,2,Muscle-04,137.90402683677442,137.90402683677442,0.0,True
Human,ATP1,destination_nested_oracle,2,Muscle-05,82.31521668952725,82.31521668952725,0.0,True
Human,ATP1,destination_nested_oracle,2,Muscle-06,13.833749642126852,13.833749642126852,0.0,True
Human,ATP1,destination_nested_oracle,2,Muscle-07,42.4701365462239,42.4701365462239,0.0,True
Human,ATP1,destination_nested_oracle,2,Muscle-08,77.66523189516566,77.66523189516568,1.4210854715202004e-14,True
Human,ATP1,destination_nested_oracle,2,Muscle-09,30.440689229888434,30.440689229888434,0.0,True
Human,ATP1,destination_nested_oracle,2,Muscle-10,37.347490628121534,37.347490628121534,0.0,True
Human,ATP1,destination_nested_oracle,2,Muscle-11,30.948100870532443,30.94810087053244,3.552713678800501e-15,True
Human,ATP1,destination_nested_oracle,2,Muscle-12,124.88218177976962,124.88218177976962,0.0,True
Human,ATP1,destination_nested_oracle,2,Muscle-13,26.7701316973848,26.770131697384798,3.552713678800501e-15,True
Human,ATP1,destination_nested_oracle,2,Muscle-14,24.397536358744983,24.397536358744983,0.0,True
Human,ATP1,destination_nested_oracle,2,Muscle-15,43.529216947992296,43.5292169479923,7.105427357601002e-15,True
Human,ATP1,destination_nested_oracle,2,Muscle-16,71.89577959689115,71.89577959689113,1.4210854715202004e-14,True
Human,ATP1,destination_nested_oracle,2,Muscle-17,31.01583305227446,31.015833052274466,7.105427357601002e-15,True
Human,ATP1,destination_nested_oracle,2,Muscle-18,20.41187894763244,20.41187894763244,0.0,True
Human,ATP1,destination_nested_oracle,2,Muscle-19,34.284012488285235,34.284012488285235,0.0,True
Human,ATP1,destination_nested_oracle,2,Muscle-20,24.20520510946163,24.20520510946163,0.0,True
Human,ATP1,rat_K_target,3,Muscle-01,40.16926980003073,40.16926980003073,0.0,True
Human,ATP1,rat_K_target,3,Muscle-02,28.330068783204805,28.3300687832048,3.552713678800501e-15,True
Human,ATP1,rat_K_target,3,Muscle-03,52.27152629937212,52.27152629937211,7.105427357601002e-15,True
Human,ATP1,rat_K_target,3,Muscle-04,139.0260132607922,139.0260132607922,0.0,True
Human,ATP1,rat_K_target,3,Muscle-05,72.1078317885511,72.1078317885511,0.0,True
Human,ATP1,rat_K_target,3,Muscle-06,15.61277319623365,15.61277319623365,0.0,True
Human,ATP1,rat_K_target,3,Muscle-07,47.25304727965348,47.25304727965348,0.0,True
Human,ATP1,rat_K_target,3,Muscle-08,77.07275741427324,77.07275741427324,0.0,True
Human,ATP1,rat_K_target,3,Muscle-09,23.67702991881846,23.67702991881846,0.0,True
Human,ATP1,rat_K_target,3,Muscle-10,39.252443513486426,39.25244351348643,7.105427357601002e-15,True
Human,ATP1,rat_K_target,3,Muscle-11,31.035650286964227,31.03565028696423,3.552713678800501e-15,True
Human,ATP1,rat_K_target,3,Muscle-12,137.59531298204902,137.59531298204902,0.0,True
Human,ATP1,rat_K_target,3,Muscle-13,29.046585795975503,29.046585795975506,3.552713678800501e-15,True
Human,ATP1,rat_K_target,3,Muscle-14,24.076175841259012,24.076175841259012,0.0,True
Human,ATP1,rat_K_target,3,Muscle-15,56.08944268401369,56.08944268401369,0.0,True
Human,ATP1,rat_K_target,3,Muscle-16,71.08457931276565,71.08457931276565,0.0,True
Human,ATP1,rat_K_target,3,Muscle-17,35.114284538499305,35.114284538499305,0.0,True
Human,ATP1,rat_K_target,3,Muscle-18,12.00268535906195,12.00268535906195,0.0,True
Human,ATP1,rat_K_target,3,Muscle-19,36.026918767651686,36.026918767651686,0.0,True
Human,ATP1,rat_K_target,3,Muscle-20,18.130334291124534,18.130334291124534,0.0,True
Human,ATP1,rat_R_robust,3,Muscle-01,80.31307697015875,80.31307697015875,0.0,True
Human,ATP1,rat_R_robust,3,Muscle-02,26.65240520188271,26.652405201882708,3.552713678800501e-15,True
Human,ATP1,rat_R_robust,3,Muscle-03,49.89350439897371,49.893504398973704,7.105427357601002e-15,True
Human,ATP1,rat_R_robust,3,Muscle-04,108.52125906892024,108.52125906892026,1.4210854715202004e-14,True
Human,ATP1,rat_R_robust,3,Muscle-05,69.16072066133616,69.16072066133617,1.4210854715202004e-14,True
Human,ATP1,rat_R_robust,3,Muscle-06,20.79020967569145,20.790209675691454,3.552713678800501e-15,True
Human,ATP1,rat_R_robust,3,Muscle-07,48.4058263287852,48.405826328785196,7.105427357601002e-15,True
Human,ATP1,rat_R_robust,3,Muscle-08,67.49517825425919,67.49517825425919,0.0,True
Human,ATP1,rat_R_robust,3,Muscle-09,28.13931231475836,28.139312314758357,3.552713678800501e-15,True
Human,ATP1,rat_R_robust,3,Muscle-10,36.24318179855494,36.24318179855495,7.105427357601002e-15,True
Human,ATP1,rat_R_robust,3,Muscle-11,43.157385637793965,43.157385637793965,0.0,True
Human,ATP1,rat_R_robust,3,Muscle-12,134.24321209956344,134.24321209956344,0.0,True
Human,ATP1,rat_R_robust,3,Muscle-13,57.62101014952536,57.62101014952537,7.105427357601002e-15,True
Human,ATP1,rat_R_robust,3,Muscle-14,53.36313077511051,53.36313077511051,0.0,True
Human,ATP1,rat_R_robust,3,Muscle-15,64.06317234270881,64.06317234270881,0.0,True
Human,ATP1,rat_R_robust,3,Muscle-16,95.55934131651377,95.55934131651375,1.4210854715202004e-14,True
Human,ATP1,rat_R_robust,3,Muscle-17,30.62530033292707,30.62530033292707,0.0,True
Human,ATP1,rat_R_robust,3,Muscle-18,29.07812963877289,29.07812963877289,0.0,True
Human,ATP1,rat_R_robust,3,Muscle-19,22.938538767302497,22.938538767302493,3.552713678800501e-15,True
Human,ATP1,rat_R_robust,3,Muscle-20,92.09816755976205,92.09816755976203,1.4210854715202004e-14,True
Human,ATP1,rat_parameter_A,3,Muscle-01,78.54965907741615,78.54965907741617,1.4210854715202004e-14,True
Human,ATP1,rat_parameter_A,3,Muscle-02,31.17647726192193,31.176477261921935,3.552713678800501e-15,True
Human,ATP1,rat_parameter_A,3,Muscle-03,56.08775929465539,56.0877592946554,7.105427357601002e-15,True
Human,ATP1,rat_parameter_A,3,Muscle-04,91.8859152181709,91.8859152181709,0.0,True
Human,ATP1,rat_parameter_A,3,Muscle-05,76.98166035771408,76.98166035771408,0.0,True
Human,ATP1,rat_parameter_A,3,Muscle-06,30.74312658646165,30.743126586461642,7.105427357601002e-15,True
Human,ATP1,rat_parameter_A,3,Muscle-07,44.37975158517781,44.379751585177814,7.105427357601002e-15,True
Human,ATP1,rat_parameter_A,3,Muscle-08,83.23662874815174,83.23662874815174,0.0,True
Human,ATP1,rat_parameter_A,3,Muscle-09,19.765330831863142,19.765330831863146,3.552713678800501e-15,True
Human,ATP1,rat_parameter_A,3,Muscle-10,35.446616748102265,35.446616748102265,0.0,True
Human,ATP1,rat_parameter_A,3,Muscle-11,41.15315913299326,41.15315913299326,0.0,True
Human,ATP1,rat_parameter_A,3,Muscle-12,145.92623874415204,145.92623874415204,0.0,True
Human,ATP1,rat_parameter_A,3,Muscle-13,34.293944096701,34.293944096701,0.0,True
Human,ATP1,rat_parameter_A,3,Muscle-14,28.358944778197987,28.358944778197987,0.0,True
Human,ATP1,rat_parameter_A,3,Muscle-15,58.17410429913635,58.17410429913636,7.105427357601002e-15,True
Human,ATP1,rat_parameter_A,3,Muscle-16,43.91301357518012,43.91301357518012,0.0,True
Human,ATP1,rat_parameter_A,3,Muscle-17,15.762310032295415,15.762310032295415,0.0,True
Human,ATP1,rat_parameter_A,3,Muscle-18,12.194620551183366,12.194620551183366,0.0,True
Human,ATP1,rat_parameter_A,3,Muscle-19,22.724432686381974,22.724432686381974,0.0,True
Human,ATP1,rat_parameter_A,3,Muscle-20,59.43055083861505,59.43055083861505,0.0,True
Human,ATP1,human_ND_source,3,Muscle-01,80.31307697015873,80.31307697015873,0.0,True
Human,ATP1,human_ND_source,3,Muscle-02,26.65240520188272,26.65240520188272,0.0,True
Human,ATP1,human_ND_source,3,Muscle-03,49.8935043989737,49.893504398973704,7.105427357601002e-15,True
Human,ATP1,human_ND_source,3,Muscle-04,108.52125906892029,108.52125906892027,1.4210854715202004e-14,True
Human,ATP1,human_ND_source,3,Muscle-05,69.16072066133616,69.16072066133614,1.4210854715202004e-14,True
Human,ATP1,human_ND_source,3,Muscle-06,20.79020967569145,20.79020967569145,0.0,True
Human,ATP1,human_ND_source,3,Muscle-07,48.4058263287852,48.4058263287852,0.0,True
Human,ATP1,human_ND_source,3,Muscle-08,67.49517825425919,67.49517825425919,0.0,True
Human,ATP1,human_ND_source,3,Muscle-09,28.139312314758357,28.139312314758353,3.552713678800501e-15,True
Human,ATP1,human_ND_source,3,Muscle-10,36.24318179855494,36.24318179855495,7.105427357601002e-15,True
Human,ATP1,human_ND_source,3,Muscle-11,43.15738563779396,43.15738563779395,7.105427357601002e-15,True
Human,ATP1,human_ND_source,3,Muscle-12,134.24321209956346,134.24321209956346,0.0,True
Human,ATP1,human_ND_source,3,Muscle-13,57.621010149525375,57.62101014952537,7.105427357601002e-15,True
Human,ATP1,human_ND_source,3,Muscle-14,53.36313077511051,53.36313077511051,0.0,True
Human,ATP1,human_ND_source,3,Muscle-15,64.06317234270882,64.06317234270882,0.0,True
Human,ATP1,human_ND_source,3,Muscle-16,95.55934131651377,95.55934131651375,1.4210854715202004e-14,True
Human,ATP1,human_ND_source,3,Muscle-17,30.625300332927075,30.625300332927075,0.0,True
Human,ATP1,human_ND_source,3,Muscle-18,29.078129638772893,29.078129638772896,3.552713678800501e-15,True
Human,ATP1,human_ND_source,3,Muscle-19,22.938538767302497,22.938538767302493,3.552713678800501e-15,True
Human,ATP1,human_ND_source,3,Muscle-20,92.09816755976205,92.09816755976203,1.4210854715202004e-14,True
Human,ATP1,random_seeded,3,Muscle-01,40.16926980003073,40.16926980003073,0.0,True
Human,ATP1,random_seeded,3,Muscle-02,28.330068783204805,28.3300687832048,3.552713678800501e-15,True
Human,ATP1,random_seeded,3,Muscle-03,52.27152629937212,52.27152629937211,7.105427357601002e-15,True
Human,ATP1,random_seeded,3,Muscle-04,139.0260132607922,139.0260132607922,0.0,True
Human,ATP1,random_seeded,3,Muscle-05,72.1078317885511,72.1078317885511,0.0,True
Human,ATP1,random_seeded,3,Muscle-06,15.61277319623365,15.61277319623365,0.0,True
Human,ATP1,random_seeded,3,Muscle-07,47.25304727965348,47.25304727965348,0.0,True
Human,ATP1,random_seeded,3,Muscle-08,77.07275741427324,77.07275741427324,0.0,True
Human,ATP1,random_seeded,3,Muscle-09,23.67702991881846,23.67702991881846,0.0,True
Human,ATP1,random_seeded,3,Muscle-10,39.252443513486426,39.25244351348643,7.105427357601002e-15,True
Human,ATP1,random_seeded,3,Muscle-11,31.035650286964227,31.03565028696423,3.552713678800501e-15,True
Human,ATP1,random_seeded,3,Muscle-12,137.59531298204902,137.59531298204902,0.0,True
Human,ATP1,random_seeded,3,Muscle-13,29.046585795975503,29.046585795975506,3.552713678800501e-15,True
Human,ATP1,random_seeded,3,Muscle-14,24.076175841259012,24.076175841259012,0.0,True
Human,ATP1,random_seeded,3,Muscle-15,56.08944268401369,56.08944268401369,0.0,True
Human,ATP1,random_seeded,3,Muscle-16,71.08457931276565,71.08457931276565,0.0,True
Human,ATP1,random_seeded,3,Muscle-17,35.114284538499305,35.114284538499305,0.0,True
Human,ATP1,random_seeded,3,Muscle-18,12.00268535906195,12.00268535906195,0.0,True
Human,ATP1,random_seeded,3,Muscle-19,36.026918767651686,36.026918767651686,0.0,True
Human,ATP1,random_seeded,3,Muscle-20,18.130334291124534,18.130334291124534,0.0,True
Human,ATP1,fixed_conventional,3,Muscle-01,80.31307697015873,80.31307697015873,0.0,True
Human,ATP1,fixed_conventional,3,Muscle-02,26.65240520188272,26.65240520188272,0.0,True
Human,ATP1,fixed_conventional,3,Muscle-03,49.8935043989737,49.893504398973704,7.105427357601002e-15,True
Human,ATP1,fixed_conventional,3,Muscle-04,108.52125906892029,108.52125906892027,1.4210854715202004e-14,True
Human,ATP1,fixed_conventional,3,Muscle-05,69.16072066133616,69.16072066133614,1.4210854715202004e-14,True
Human,ATP1,fixed_conventional,3,Muscle-06,20.79020967569145,20.79020967569145,0.0,True
Human,ATP1,fixed_conventional,3,Muscle-07,48.4058263287852,48.4058263287852,0.0,True
Human,ATP1,fixed_conventional,3,Muscle-08,67.49517825425919,67.49517825425919,0.0,True
Human,ATP1,fixed_conventional,3,Muscle-09,28.139312314758357,28.139312314758353,3.552713678800501e-15,True
Human,ATP1,fixed_conventional,3,Muscle-10,36.24318179855494,36.24318179855495,7.105427357601002e-15,True
Human,ATP1,fixed_conventional,3,Muscle-11,43.15738563779396,43.15738563779395,7.105427357601002e-15,True
Human,ATP1,fixed_conventional,3,Muscle-12,134.24321209956346,134.24321209956346,0.0,True
Human,ATP1,fixed_conventional,3,Muscle-13,57.621010149525375,57.62101014952537,7.105427357601002e-15,True
Human,ATP1,fixed_conventional,3,Muscle-14,53.36313077511051,53.36313077511051,0.0,True
Human,ATP1,fixed_conventional,3,Muscle-15,64.06317234270882,64.06317234270882,0.0,True
Human,ATP1,fixed_conventional,3,Muscle-16,95.55934131651377,95.55934131651375,1.4210854715202004e-14,True
Human,ATP1,fixed_conventional,3,Muscle-17,30.625300332927075,30.625300332927075,0.0,True
Human,ATP1,fixed_conventional,3,Muscle-18,29.078129638772893,29.078129638772896,3.552713678800501e-15,True
Human,ATP1,fixed_conventional,3,Muscle-19,22.938538767302497,22.938538767302493,3.552713678800501e-15,True
Human,ATP1,fixed_conventional,3,Muscle-20,92.09816755976205,92.09816755976203,1.4210854715202004e-14,True
Human,ATP1,destination_nested_oracle,3,Muscle-01,49.32255418552373,49.32255418552373,0.0,True
Human,ATP1,destination_nested_oracle,3,Muscle-02,26.94839303969485,26.948393039694853,3.552713678800501e-15,True
Human,ATP1,destination_nested_oracle,3,Muscle-03,57.74153757739781,57.74153757739782,1.4210854715202004e-14,True
Human,ATP1,destination_nested_oracle,3,Muscle-04,132.78083729756926,132.78083729756924,2.842170943040401e-14,True
Human,ATP1,destination_nested_oracle,3,Muscle-05,72.1078317885511,72.1078317885511,0.0,True
Human,ATP1,destination_nested_oracle,3,Muscle-06,15.940127200535684,15.940127200535684,0.0,True
Human,ATP1,destination_nested_oracle,3,Muscle-07,42.22597994337157,42.22597994337158,7.105427357601002e-15,True
Human,ATP1,destination_nested_oracle,3,Muscle-08,75.94181049425313,75.94181049425313,0.0,True
Human,ATP1,destination_nested_oracle,3,Muscle-09,20.72340145807768,20.723401458077678,3.552713678800501e-15,True
Human,ATP1,destination_nested_oracle,3,Muscle-10,44.7690217426334,44.7690217426334,0.0,True
Human,ATP1,destination_nested_oracle,3,Muscle-11,34.48253619727987,34.48253619727987,0.0,True
Human,ATP1,destination_nested_oracle,3,Muscle-12,114.32680016707506,114.32680016707506,0.0,True
Human,ATP1,destination_nested_oracle,3,Muscle-13,29.579122828069167,29.57912282806917,3.552713678800501e-15,True
Human,ATP1,destination_nested_oracle,3,Muscle-14,27.78955109922293,27.789551099222926,3.552713678800501e-15,True
Human,ATP1,destination_nested_oracle,3,Muscle-15,44.26810861302583,44.26810861302583,0.0,True
Human,ATP1,destination_nested_oracle,3,Muscle-16,71.08457931276565,71.08457931276565,0.0,True
Human,ATP1,destination_nested_oracle,3,Muscle-17,25.83012378507047,25.83012378507047,0.0,True
Human,ATP1,destination_nested_oracle,3,Muscle-18,17.3462847847354,17.3462847847354,0.0,True
Human,ATP1,destination_nested_oracle,3,Muscle-19,26.279493344176213,26.279493344176217,3.552713678800501e-15,True
Human,ATP1,destination_nested_oracle,3,Muscle-20,42.57660620945538,42.57660620945538,0.0,True
Human,ATP1,full_spectrum_reference,12,Muscle-01,36.80032346722293,36.80032346722293,0.0,True
Human,ATP1,full_spectrum_reference,12,Muscle-02,23.801289093931054,23.801289093931054,0.0,True
Human,ATP1,full_spectrum_reference,12,Muscle-03,72.28829277127198,72.28829277127198,0.0,True
Human,ATP1,full_spectrum_reference,12,Muscle-04,123.6479926658812,123.64799266588119,1.4210854715202004e-14,True
Human,ATP1,full_spectrum_reference,12,Muscle-05,79.72943551481963,79.72943551481961,1.4210854715202004e-14,True
Human,ATP1,full_spectrum_reference,12,Muscle-06,25.898752096212885,25.898752096212885,0.0,True
Human,ATP1,full_spectrum_reference,12,Muscle-07,31.816355079949314,31.816355079949314,0.0,True
Human,ATP1,full_spectrum_reference,12,Muscle-08,86.1742590277591,86.1742590277591,0.0,True
Human,ATP1,full_spectrum_reference,12,Muscle-09,13.472943094775172,13.472943094775173,1.7763568394002505e-15,True
Human,ATP1,full_spectrum_reference,12,Muscle-10,37.26290337781525,37.26290337781524,7.105427357601002e-15,True
Human,ATP1,full_spectrum_reference,12,Muscle-11,67.66065722737433,67.66065722737433,0.0,True
Human,ATP1,full_spectrum_reference,12,Muscle-12,129.82228344010252,129.82228344010252,0.0,True
Human,ATP1,full_spectrum_reference,12,Muscle-13,64.4293697191596,64.4293697191596,0.0,True
Human,ATP1,full_spectrum_reference,12,Muscle-14,40.92476126036512,40.92476126036512,0.0,True
Human,ATP1,full_spectrum_reference,12,Muscle-15,50.564159418902186,50.56415941890219,7.105427357601002e-15,True
Human,ATP1,full_spectrum_reference,12,Muscle-16,89.06156935752838,89.06156935752838,0.0,True
Human,ATP1,full_spectrum_reference,12,Muscle-17,16.37775631215062,16.37775631215062,0.0,True
Human,ATP1,full_spectrum_reference,12,Muscle-18,25.148983046080104,25.148983046080108,3.552713678800501e-15,True
Human,ATP1,full_spectrum_reference,12,Muscle-19,25.55960048465699,25.55960048465699,0.0,True
Human,ATP1,full_spectrum_reference,12,Muscle-20,16.18764300584029,16.18764300584029,0.0,True
Awinda,ATP0.1,baseline_only,0,Mouse_328|N47K|Control|ATP0.1,7.642380128211299,7.642380128211299,0.0,True
Awinda,ATP0.1,baseline_only,0,Mouse_331|N47K|0.3_uM_mavacamten|ATP0.1,7.697427157476136,7.6974271574761355,8.881784197001252e-16,True
Awinda,ATP0.1,baseline_only,0,Mouse_331|N47K|Control|ATP0.1,8.239980847612486,8.239980847612488,1.7763568394002505e-15,True
Awinda,ATP0.1,baseline_only,0,Mouse_333|N47K|0.3_uM_mavacamten|ATP0.1,20.818994030398866,20.818994030398862,3.552713678800501e-15,True
Awinda,ATP0.1,baseline_only,0,Mouse_333|N47K|Control|ATP0.1,2.202206514018608,2.2022065140186076,4.440892098500626e-16,True
Awinda,ATP0.1,baseline_only,0,Mouse_394|N47K|0.3_uM_mavacamten|ATP0.1,6.414348170700481,6.414348170700479,1.7763568394002505e-15,True
Awinda,ATP0.1,baseline_only,0,Mouse_394|N47K|Control|ATP0.1,14.840984195054396,14.840984195054396,0.0,True
Awinda,ATP0.1,baseline_only,0,Mouse_401|N47K|0.3_uM_mavacamten|ATP0.1,24.158161967790697,24.1581619677907,3.552713678800501e-15,True
Awinda,ATP0.1,baseline_only,0,Mouse_401|N47K|Control|ATP0.1,7.029983533783075,7.029983533783076,8.881784197001252e-16,True
Awinda,ATP0.1,baseline_only,0,Mouse_460|WT-RLC|0.3_uM_mavacamten|ATP0.1,7.312573510508291,7.312573510508291,0.0,True
Awinda,ATP0.1,baseline_only,0,Mouse_460|WT-RLC|Control|ATP0.1,8.766882880564784,8.766882880564784,0.0,True
Awinda,ATP0.1,baseline_only,0,Mouse_464|WT-RLC|0.3_uM_mavacamten|ATP0.1,13.085898491095078,13.085898491095076,1.7763568394002505e-15,True
Awinda,ATP0.1,baseline_only,0,Mouse_464|WT-RLC|Control|ATP0.1,9.684887005940752,9.684887005940752,0.0,True
Awinda,ATP0.1,baseline_only,0,Mouse_467|WT-RLC|0.3_uM_mavacamten|ATP0.1,20.73401412345047,20.73401412345047,0.0,True
Awinda,ATP0.1,baseline_only,0,Mouse_467|WT-RLC|Control|ATP0.1,6.5199596058340274,6.519959605834028,8.881784197001252e-16,True
Awinda,ATP0.1,baseline_only,0,Mouse_469|WT-RLC|0.3_uM_mavacamten|ATP0.1,18.278522254603725,18.278522254603722,3.552713678800501e-15,True
Awinda,ATP0.1,baseline_only,0,Mouse_469|WT-RLC|Control|ATP0.1,18.22876328243466,18.22876328243466,0.0,True
Awinda,ATP0.1,baseline_only,0,Mouse_470|WT-RLC|0.3_uM_mavacamten|ATP0.1,67.99134540557652,67.99134540557652,0.0,True
Awinda,ATP0.1,baseline_only,0,Mouse_470|WT-RLC|Control|ATP0.1,7.283936062397712,7.2839360623977125,8.881784197001252e-16,True
Awinda,ATP0.1,rat_K_target,1,Mouse_328|N47K|Control|ATP0.1,7.2759015957949424,7.2759015957949424,0.0,True
Awinda,ATP0.1,rat_K_target,1,Mouse_331|N47K|0.3_uM_mavacamten|ATP0.1,6.632865986786565,6.632865986786565,0.0,True
Awinda,ATP0.1,rat_K_target,1,Mouse_331|N47K|Control|ATP0.1,16.696821248051464,16.696821248051464,0.0,True
Awinda,ATP0.1,rat_K_target,1,Mouse_333|N47K|0.3_uM_mavacamten|ATP0.1,19.84593090902267,19.84593090902267,0.0,True
Awinda,ATP0.1,rat_K_target,1,Mouse_333|N47K|Control|ATP0.1,2.1170242888659008,2.1170242888659008,0.0,True
Awinda,ATP0.1,rat_K_target,1,Mouse_394|N47K|0.3_uM_mavacamten|ATP0.1,9.907397695308212,9.907397695308212,0.0,True
Awinda,ATP0.1,rat_K_target,1,Mouse_394|N47K|Control|ATP0.1,26.44930453945796,26.449304539457962,3.552713678800501e-15,True
Awinda,ATP0.1,rat_K_target,1,Mouse_401|N47K|0.3_uM_mavacamten|ATP0.1,18.652983245881316,18.652983245881313,3.552713678800501e-15,True
Awinda,ATP0.1,rat_K_target,1,Mouse_401|N47K|Control|ATP0.1,12.843638112620232,12.843638112620232,0.0,True
Awinda,ATP0.1,rat_K_target,1,Mouse_460|WT-RLC|0.3_uM_mavacamten|ATP0.1,7.466215661543436,7.466215661543436,0.0,True
Awinda,ATP0.1,rat_K_target,1,Mouse_460|WT-RLC|Control|ATP0.1,10.468608174847,10.468608174846999,1.7763568394002505e-15,True
Awinda,ATP0.1,rat_K_target,1,Mouse_464|WT-RLC|0.3_uM_mavacamten|ATP0.1,12.443500863626753,12.443500863626753,0.0,True
Awinda,ATP0.1,rat_K_target,1,Mouse_464|WT-RLC|Control|ATP0.1,7.431206591650411,7.431206591650411,0.0,True
Awinda,ATP0.1,rat_K_target,1,Mouse_467|WT-RLC|0.3_uM_mavacamten|ATP0.1,22.39223890770776,22.392238907707757,3.552713678800501e-15,True
Awinda,ATP0.1,rat_K_target,1,Mouse_467|WT-RLC|Control|ATP0.1,15.921388592578156,15.921388592578158,1.7763568394002505e-15,True
Awinda,ATP0.1,rat_K_target,1,Mouse_469|WT-RLC|0.3_uM_mavacamten|ATP0.1,12.831514325273554,12.831514325273556,1.7763568394002505e-15,True
Awinda,ATP0.1,rat_K_target,1,Mouse_469|WT-RLC|Control|ATP0.1,13.005373953045138,13.005373953045137,1.7763568394002505e-15,True
Awinda,ATP0.1,rat_K_target,1,Mouse_470|WT-RLC|0.3_uM_mavacamten|ATP0.1,63.91086877219438,63.91086877219438,0.0,True
Awinda,ATP0.1,rat_K_target,1,Mouse_470|WT-RLC|Control|ATP0.1,10.2537615185661,10.253761518566101,1.7763568394002505e-15,True
Awinda,ATP0.1,rat_R_robust,1,Mouse_328|N47K|Control|ATP0.1,6.189301090424051,6.189301090424051,0.0,True
Awinda,ATP0.1,rat_R_robust,1,Mouse_331|N47K|0.3_uM_mavacamten|ATP0.1,8.827379905266092,8.827379905266092,0.0,True
Awinda,ATP0.1,rat_R_robust,1,Mouse_331|N47K|Control|ATP0.1,3.926167352535253,3.926167352535253,0.0,True
Awinda,ATP0.1,rat_R_robust,1,Mouse_333|N47K|0.3_uM_mavacamten|ATP0.1,19.53360478846468,19.533604788464682,3.552713678800501e-15,True
Awinda,ATP0.1,rat_R_robust,1,Mouse_333|N47K|Control|ATP0.1,2.349686308153089,2.349686308153089,0.0,True
Awinda,ATP0.1,rat_R_robust,1,Mouse_394|N47K|0.3_uM_mavacamten|ATP0.1,5.141141376039983,5.141141376039983,0.0,True
Awinda,ATP0.1,rat_R_robust,1,Mouse_394|N47K|Control|ATP0.1,5.005394784902402,5.005394784902402,0.0,True
Awinda,ATP0.1,rat_R_robust,1,Mouse_401|N47K|0.3_uM_mavacamten|ATP0.1,14.42999939564841,14.429999395648409,1.7763568394002505e-15,True
Awinda,ATP0.1,rat_R_robust,1,Mouse_401|N47K|Control|ATP0.1,5.055720373398279,5.055720373398279,0.0,True
Awinda,ATP0.1,rat_R_robust,1,Mouse_460|WT-RLC|0.3_uM_mavacamten|ATP0.1,10.662533255444568,10.662533255444567,1.7763568394002505e-15,True
Awinda,ATP0.1,rat_R_robust,1,Mouse_460|WT-RLC|Control|ATP0.1,8.325917348379322,8.325917348379322,0.0,True
Awinda,ATP0.1,rat_R_robust,1,Mouse_464|WT-RLC|0.3_uM_mavacamten|ATP0.1,10.919311735382951,10.919311735382951,0.0,True
Awinda,ATP0.1,rat_R_robust,1,Mouse_464|WT-RLC|Control|ATP0.1,18.92021787046133,18.92021787046133,0.0,True
Awinda,ATP0.1,rat_R_robust,1,Mouse_467|WT-RLC|0.3_uM_mavacamten|ATP0.1,21.062762477386485,21.06276247738648,3.552713678800501e-15,True
Awinda,ATP0.1,rat_R_robust,1,Mouse_467|WT-RLC|Control|ATP0.1,7.224805159069341,7.224805159069341,0.0,True
Awinda,ATP0.1,rat_R_robust,1,Mouse_469|WT-RLC|0.3_uM_mavacamten|ATP0.1,17.875485703011424,17.875485703011424,0.0,True
Awinda,ATP0.1,rat_R_robust,1,Mouse_469|WT-RLC|Control|ATP0.1,18.34002607257093,18.340026072570932,3.552713678800501e-15,True
Awinda,ATP0.1,rat_R_robust,1,Mouse_470|WT-RLC|0.3_uM_mavacamten|ATP0.1,66.03200522542919,66.0320052254292,1.4210854715202004e-14,True
Awinda,ATP0.1,rat_R_robust,1,Mouse_470|WT-RLC|Control|ATP0.1,8.971766085674048,8.971766085674046,1.7763568394002505e-15,True
Awinda,ATP0.1,rat_parameter_A,1,Mouse_328|N47K|Control|ATP0.1,6.189301090424051,6.189301090424051,0.0,True
Awinda,ATP0.1,rat_parameter_A,1,Mouse_331|N47K|0.3_uM_mavacamten|ATP0.1,8.827379905266092,8.827379905266092,0.0,True
Awinda,ATP0.1,rat_parameter_A,1,Mouse_331|N47K|Control|ATP0.1,3.926167352535253,3.926167352535253,0.0,True
Awinda,ATP0.1,rat_parameter_A,1,Mouse_333|N47K|0.3_uM_mavacamten|ATP0.1,19.53360478846468,19.533604788464682,3.552713678800501e-15,True
Awinda,ATP0.1,rat_parameter_A,1,Mouse_333|N47K|Control|ATP0.1,2.349686308153089,2.349686308153089,0.0,True
Awinda,ATP0.1,rat_parameter_A,1,Mouse_394|N47K|0.3_uM_mavacamten|ATP0.1,5.141141376039983,5.141141376039983,0.0,True
Awinda,ATP0.1,rat_parameter_A,1,Mouse_394|N47K|Control|ATP0.1,5.005394784902402,5.005394784902402,0.0,True
Awinda,ATP0.1,rat_parameter_A,1,Mouse_401|N47K|0.3_uM_mavacamten|ATP0.1,14.42999939564841,14.429999395648409,1.7763568394002505e-15,True
Awinda,ATP0.1,rat_parameter_A,1,Mouse_401|N47K|Control|ATP0.1,5.055720373398279,5.055720373398279,0.0,True
Awinda,ATP0.1,rat_parameter_A,1,Mouse_460|WT-RLC|0.3_uM_mavacamten|ATP0.1,10.662533255444568,10.662533255444567,1.7763568394002505e-15,True
Awinda,ATP0.1,rat_parameter_A,1,Mouse_460|WT-RLC|Control|ATP0.1,8.325917348379322,8.325917348379322,0.0,True
Awinda,ATP0.1,rat_parameter_A,1,Mouse_464|WT-RLC|0.3_uM_mavacamten|ATP0.1,10.919311735382951,10.919311735382951,0.0,True
Awinda,ATP0.1,rat_parameter_A,1,Mouse_464|WT-RLC|Control|ATP0.1,18.92021787046133,18.92021787046133,0.0,True
Awinda,ATP0.1,rat_parameter_A,1,Mouse_467|WT-RLC|0.3_uM_mavacamten|ATP0.1,21.062762477386485,21.06276247738648,3.552713678800501e-15,True
Awinda,ATP0.1,rat_parameter_A,1,Mouse_467|WT-RLC|Control|ATP0.1,7.224805159069341,7.224805159069341,0.0,True
Awinda,ATP0.1,rat_parameter_A,1,Mouse_469|WT-RLC|0.3_uM_mavacamten|ATP0.1,17.875485703011424,17.875485703011424,0.0,True
Awinda,ATP0.1,rat_parameter_A,1,Mouse_469|WT-RLC|Control|ATP0.1,18.34002607257093,18.340026072570932,3.552713678800501e-15,True
Awinda,ATP0.1,rat_parameter_A,1,Mouse_470|WT-RLC|0.3_uM_mavacamten|ATP0.1,66.03200522542919,66.0320052254292,1.4210854715202004e-14,True
Awinda,ATP0.1,rat_parameter_A,1,Mouse_470|WT-RLC|Control|ATP0.1,8.971766085674048,8.971766085674046,1.7763568394002505e-15,True
Awinda,ATP0.1,human_ND_source,1,Mouse_328|N47K|Control|ATP0.1,6.189301090424051,6.189301090424051,0.0,True
Awinda,ATP0.1,human_ND_source,1,Mouse_331|N47K|0.3_uM_mavacamten|ATP0.1,8.827379905266092,8.827379905266092,0.0,True
Awinda,ATP0.1,human_ND_source,1,Mouse_331|N47K|Control|ATP0.1,3.926167352535253,3.926167352535253,0.0,True
Awinda,ATP0.1,human_ND_source,1,Mouse_333|N47K|0.3_uM_mavacamten|ATP0.1,19.53360478846468,19.533604788464682,3.552713678800501e-15,True
Awinda,ATP0.1,human_ND_source,1,Mouse_333|N47K|Control|ATP0.1,2.349686308153089,2.349686308153089,0.0,True
Awinda,ATP0.1,human_ND_source,1,Mouse_394|N47K|0.3_uM_mavacamten|ATP0.1,5.141141376039983,5.141141376039983,0.0,True
Awinda,ATP0.1,human_ND_source,1,Mouse_394|N47K|Control|ATP0.1,5.005394784902402,5.005394784902402,0.0,True
Awinda,ATP0.1,human_ND_source,1,Mouse_401|N47K|0.3_uM_mavacamten|ATP0.1,14.42999939564841,14.429999395648409,1.7763568394002505e-15,True
Awinda,ATP0.1,human_ND_source,1,Mouse_401|N47K|Control|ATP0.1,5.055720373398279,5.055720373398279,0.0,True
Awinda,ATP0.1,human_ND_source,1,Mouse_460|WT-RLC|0.3_uM_mavacamten|ATP0.1,10.662533255444568,10.662533255444567,1.7763568394002505e-15,True
Awinda,ATP0.1,human_ND_source,1,Mouse_460|WT-RLC|Control|ATP0.1,8.325917348379322,8.325917348379322,0.0,True
Awinda,ATP0.1,human_ND_source,1,Mouse_464|WT-RLC|0.3_uM_mavacamten|ATP0.1,10.919311735382951,10.919311735382951,0.0,True
Awinda,ATP0.1,human_ND_source,1,Mouse_464|WT-RLC|Control|ATP0.1,18.92021787046133,18.92021787046133,0.0,True
Awinda,ATP0.1,human_ND_source,1,Mouse_467|WT-RLC|0.3_uM_mavacamten|ATP0.1,21.062762477386485,21.06276247738648,3.552713678800501e-15,True
Awinda,ATP0.1,human_ND_source,1,Mouse_467|WT-RLC|Control|ATP0.1,7.224805159069341,7.224805159069341,0.0,True
Awinda,ATP0.1,human_ND_source,1,Mouse_469|WT-RLC|0.3_uM_mavacamten|ATP0.1,17.875485703011424,17.875485703011424,0.0,True
Awinda,ATP0.1,human_ND_source,1,Mouse_469|WT-RLC|Control|ATP0.1,18.34002607257093,18.340026072570932,3.552713678800501e-15,True
Awinda,ATP0.1,human_ND_source,1,Mouse_470|WT-RLC|0.3_uM_mavacamten|ATP0.1,66.03200522542919,66.0320052254292,1.4210854715202004e-14,True
Awinda,ATP0.1,human_ND_source,1,Mouse_470|WT-RLC|Control|ATP0.1,8.971766085674048,8.971766085674046,1.7763568394002505e-15,True
Awinda,ATP0.1,random_seeded,1,Mouse_328|N47K|Control|ATP0.1,6.189301090424051,6.189301090424051,0.0,True
Awinda,ATP0.1,random_seeded,1,Mouse_331|N47K|0.3_uM_mavacamten|ATP0.1,8.827379905266092,8.827379905266092,0.0,True
Awinda,ATP0.1,random_seeded,1,Mouse_331|N47K|Control|ATP0.1,3.926167352535253,3.926167352535253,0.0,True
Awinda,ATP0.1,random_seeded,1,Mouse_333|N47K|0.3_uM_mavacamten|ATP0.1,19.53360478846468,19.533604788464682,3.552713678800501e-15,True
Awinda,ATP0.1,random_seeded,1,Mouse_333|N47K|Control|ATP0.1,2.349686308153089,2.349686308153089,0.0,True
Awinda,ATP0.1,random_seeded,1,Mouse_394|N47K|0.3_uM_mavacamten|ATP0.1,5.141141376039983,5.141141376039983,0.0,True
Awinda,ATP0.1,random_seeded,1,Mouse_394|N47K|Control|ATP0.1,5.005394784902402,5.005394784902402,0.0,True
Awinda,ATP0.1,random_seeded,1,Mouse_401|N47K|0.3_uM_mavacamten|ATP0.1,14.42999939564841,14.429999395648409,1.7763568394002505e-15,True
Awinda,ATP0.1,random_seeded,1,Mouse_401|N47K|Control|ATP0.1,5.055720373398279,5.055720373398279,0.0,True
Awinda,ATP0.1,random_seeded,1,Mouse_460|WT-RLC|0.3_uM_mavacamten|ATP0.1,10.662533255444568,10.662533255444567,1.7763568394002505e-15,True
Awinda,ATP0.1,random_seeded,1,Mouse_460|WT-RLC|Control|ATP0.1,8.325917348379322,8.325917348379322,0.0,True
Awinda,ATP0.1,random_seeded,1,Mouse_464|WT-RLC|0.3_uM_mavacamten|ATP0.1,10.919311735382951,10.919311735382951,0.0,True
Awinda,ATP0.1,random_seeded,1,Mouse_464|WT-RLC|Control|ATP0.1,18.92021787046133,18.92021787046133,0.0,True
Awinda,ATP0.1,random_seeded,1,Mouse_467|WT-RLC|0.3_uM_mavacamten|ATP0.1,21.062762477386485,21.06276247738648,3.552713678800501e-15,True
Awinda,ATP0.1,random_seeded,1,Mouse_467|WT-RLC|Control|ATP0.1,7.224805159069341,7.224805159069341,0.0,True
Awinda,ATP0.1,random_seeded,1,Mouse_469|WT-RLC|0.3_uM_mavacamten|ATP0.1,17.875485703011424,17.875485703011424,0.0,True
Awinda,ATP0.1,random_seeded,1,Mouse_469|WT-RLC|Control|ATP0.1,18.34002607257093,18.340026072570932,3.552713678800501e-15,True
Awinda,ATP0.1,random_seeded,1,Mouse_470|WT-RLC|0.3_uM_mavacamten|ATP0.1,66.03200522542919,66.0320052254292,1.4210854715202004e-14,True
Awinda,ATP0.1,random_seeded,1,Mouse_470|WT-RLC|Control|ATP0.1,8.971766085674048,8.971766085674046,1.7763568394002505e-15,True
Awinda,ATP0.1,fixed_conventional,1,Mouse_328|N47K|Control|ATP0.1,7.2759015957949424,7.2759015957949424,0.0,True
Awinda,ATP0.1,fixed_conventional,1,Mouse_331|N47K|0.3_uM_mavacamten|ATP0.1,6.632865986786565,6.632865986786565,0.0,True
Awinda,ATP0.1,fixed_conventional,1,Mouse_331|N47K|Control|ATP0.1,16.696821248051464,16.696821248051464,0.0,True
Awinda,ATP0.1,fixed_conventional,1,Mouse_333|N47K|0.3_uM_mavacamten|ATP0.1,19.84593090902267,19.84593090902267,0.0,True
Awinda,ATP0.1,fixed_conventional,1,Mouse_333|N47K|Control|ATP0.1,2.1170242888659008,2.1170242888659008,0.0,True
Awinda,ATP0.1,fixed_conventional,1,Mouse_394|N47K|0.3_uM_mavacamten|ATP0.1,9.907397695308212,9.907397695308212,0.0,True
Awinda,ATP0.1,fixed_conventional,1,Mouse_394|N47K|Control|ATP0.1,26.44930453945796,26.449304539457962,3.552713678800501e-15,True
Awinda,ATP0.1,fixed_conventional,1,Mouse_401|N47K|0.3_uM_mavacamten|ATP0.1,18.652983245881316,18.652983245881313,3.552713678800501e-15,True
Awinda,ATP0.1,fixed_conventional,1,Mouse_401|N47K|Control|ATP0.1,12.843638112620232,12.843638112620232,0.0,True
Awinda,ATP0.1,fixed_conventional,1,Mouse_460|WT-RLC|0.3_uM_mavacamten|ATP0.1,7.466215661543436,7.466215661543436,0.0,True
Awinda,ATP0.1,fixed_conventional,1,Mouse_460|WT-RLC|Control|ATP0.1,10.468608174847,10.468608174846999,1.7763568394002505e-15,True
Awinda,ATP0.1,fixed_conventional,1,Mouse_464|WT-RLC|0.3_uM_mavacamten|ATP0.1,12.443500863626753,12.443500863626753,0.0,True
Awinda,ATP0.1,fixed_conventional,1,Mouse_464|WT-RLC|Control|ATP0.1,7.431206591650411,7.431206591650411,0.0,True
Awinda,ATP0.1,fixed_conventional,1,Mouse_467|WT-RLC|0.3_uM_mavacamten|ATP0.1,22.39223890770776,22.392238907707757,3.552713678800501e-15,True
Awinda,ATP0.1,fixed_conventional,1,Mouse_467|WT-RLC|Control|ATP0.1,15.921388592578156,15.921388592578158,1.7763568394002505e-15,True
Awinda,ATP0.1,fixed_conventional,1,Mouse_469|WT-RLC|0.3_uM_mavacamten|ATP0.1,12.831514325273554,12.831514325273556,1.7763568394002505e-15,True
Awinda,ATP0.1,fixed_conventional,1,Mouse_469|WT-RLC|Control|ATP0.1,13.005373953045138,13.005373953045137,1.7763568394002505e-15,True
Awinda,ATP0.1,fixed_conventional,1,Mouse_470|WT-RLC|0.3_uM_mavacamten|ATP0.1,63.91086877219438,63.91086877219438,0.0,True
Awinda,ATP0.1,fixed_conventional,1,Mouse_470|WT-RLC|Control|ATP0.1,10.2537615185661,10.253761518566101,1.7763568394002505e-15,True
Awinda,ATP0.1,destination_nested_oracle,1,Mouse_328|N47K|Control|ATP0.1,7.378464186123333,7.378464186123333,0.0,True
Awinda,ATP0.1,destination_nested_oracle,1,Mouse_331|N47K|0.3_uM_mavacamten|ATP0.1,7.875680983199396,7.875680983199396,0.0,True
Awinda,ATP0.1,destination_nested_oracle,1,Mouse_331|N47K|Control|ATP0.1,5.631846363880356,5.6318463638803555,8.881784197001252e-16,True
Awinda,ATP0.1,destination_nested_oracle,1,Mouse_333|N47K|0.3_uM_mavacamten|ATP0.1,17.939601734039453,17.939601734039453,0.0,True
Awinda,ATP0.1,destination_nested_oracle,1,Mouse_333|N47K|Control|ATP0.1,4.747496651799902,4.747496651799901,8.881784197001252e-16,True
Awinda,ATP0.1,destination_nested_oracle,1,Mouse_394|N47K|0.3_uM_mavacamten|ATP0.1,6.148246757854096,6.148246757854096,0.0,True
Awinda,ATP0.1,destination_nested_oracle,1,Mouse_394|N47K|Control|ATP0.1,11.322179571626968,11.322179571626968,0.0,True
Awinda,ATP0.1,destination_nested_oracle,1,Mouse_401|N47K|0.3_uM_mavacamten|ATP0.1,13.819048732138905,13.819048732138901,3.552713678800501e-15,True
Awinda,ATP0.1,destination_nested_oracle,1,Mouse_401|N47K|Control|ATP0.1,3.2609326192748203,3.2609326192748194,8.881784197001252e-16,True
Awinda,ATP0.1,destination_nested_oracle,1,Mouse_460|WT-RLC|0.3_uM_mavacamten|ATP0.1,3.5745792776852428,3.574579277685243,4.440892098500626e-16,True
Awinda,ATP0.1,destination_nested_oracle,1,Mouse_460|WT-RLC|Control|ATP0.1,7.276296751909858,7.276296751909857,8.881784197001252e-16,True
Awinda,ATP0.1,destination_nested_oracle,1,Mouse_464|WT-RLC|0.3_uM_mavacamten|ATP0.1,13.829899420865402,13.8298994208654,1.7763568394002505e-15,True
Awinda,ATP0.1,destination_nested_oracle,1,Mouse_464|WT-RLC|Control|ATP0.1,8.985603837467334,8.985603837467334,0.0,True
Awinda,ATP0.1,destination_nested_oracle,1,Mouse_467|WT-RLC|0.3_uM_mavacamten|ATP0.1,15.158398812970932,15.158398812970932,0.0,True
Awinda,ATP0.1,destination_nested_oracle,1,Mouse_467|WT-RLC|Control|ATP0.1,6.894325135857369,6.894325135857369,0.0,True
Awinda,ATP0.1,destination_nested_oracle,1,Mouse_469|WT-RLC|0.3_uM_mavacamten|ATP0.1,11.289786564816731,11.289786564816733,1.7763568394002505e-15,True
Awinda,ATP0.1,destination_nested_oracle,1,Mouse_469|WT-RLC|Control|ATP0.1,13.496683855715194,13.496683855715194,0.0,True
Awinda,ATP0.1,destination_nested_oracle,1,Mouse_470|WT-RLC|0.3_uM_mavacamten|ATP0.1,62.435727716061294,62.435727716061294,0.0,True
Awinda,ATP0.1,destination_nested_oracle,1,Mouse_470|WT-RLC|Control|ATP0.1,8.082672985227916,8.082672985227916,0.0,True
Awinda,ATP0.1,rat_K_target,2,Mouse_328|N47K|Control|ATP0.1,6.982998524741202,6.982998524741203,8.881784197001252e-16,True
Awinda,ATP0.1,rat_K_target,2,Mouse_331|N47K|0.3_uM_mavacamten|ATP0.1,6.5191799154105405,6.5191799154105405,0.0,True
Awinda,ATP0.1,rat_K_target,2,Mouse_331|N47K|Control|ATP0.1,10.600618484359812,10.600618484359812,0.0,True
Awinda,ATP0.1,rat_K_target,2,Mouse_333|N47K|0.3_uM_mavacamten|ATP0.1,17.726665846783067,17.726665846783064,3.552713678800501e-15,True
Awinda,ATP0.1,rat_K_target,2,Mouse_333|N47K|Control|ATP0.1,4.38679322053506,4.3867932205350595,8.881784197001252e-16,True
Awinda,ATP0.1,rat_K_target,2,Mouse_394|N47K|0.3_uM_mavacamten|ATP0.1,7.089304652063929,7.0893046520639285,8.881784197001252e-16,True
Awinda,ATP0.1,rat_K_target,2,Mouse_394|N47K|Control|ATP0.1,19.82133942477117,19.82133942477117,0.0,True
Awinda,ATP0.1,rat_K_target,2,Mouse_401|N47K|0.3_uM_mavacamten|ATP0.1,13.119239847758076,13.119239847758076,0.0,True
Awinda,ATP0.1,rat_K_target,2,Mouse_401|N47K|Control|ATP0.1,6.19655953901492,6.19655953901492,0.0,True
Awinda,ATP0.1,rat_K_target,2,Mouse_460|WT-RLC|0.3_uM_mavacamten|ATP0.1,5.581212257513584,5.581212257513584,0.0,True
Awinda,ATP0.1,rat_K_target,2,Mouse_460|WT-RLC|Control|ATP0.1,9.15340490006405,9.15340490006405,0.0,True
Awinda,ATP0.1,rat_K_target,2,Mouse_464|WT-RLC|0.3_uM_mavacamten|ATP0.1,11.908645862903064,11.908645862903064,0.0,True
Awinda,ATP0.1,rat_K_target,2,Mouse_464|WT-RLC|Control|ATP0.1,7.312956801046234,7.3129568010462345,8.881784197001252e-16,True
Awinda,ATP0.1,rat_K_target,2,Mouse_467|WT-RLC|0.3_uM_mavacamten|ATP0.1,17.373936616974753,17.373936616974753,0.0,True
Awinda,ATP0.1,rat_K_target,2,Mouse_467|WT-RLC|Control|ATP0.1,12.69455694145026,12.694556941450259,1.7763568394002505e-15,True
Awinda,ATP0.1,rat_K_target,2,Mouse_469|WT-RLC|0.3_uM_mavacamten|ATP0.1,9.526008642386492,9.526008642386495,3.552713678800501e-15,True
Awinda,ATP0.1,rat_K_target,2,Mouse_469|WT-RLC|Control|ATP0.1,12.105707040098537,12.105707040098535,1.7763568394002505e-15,True
Awinda,ATP0.1,rat_K_target,2,Mouse_470|WT-RLC|0.3_uM_mavacamten|ATP0.1,56.838808881084105,56.838808881084105,0.0,True
Awinda,ATP0.1,rat_K_target,2,Mouse_470|WT-RLC|Control|ATP0.1,10.133143662795984,10.133143662795986,1.7763568394002505e-15,True
Awinda,ATP0.1,rat_R_robust,2,Mouse_328|N47K|Control|ATP0.1,8.629631282699936,8.629631282699934,1.7763568394002505e-15,True
Awinda,ATP0.1,rat_R_robust,2,Mouse_331|N47K|0.3_uM_mavacamten|ATP0.1,8.045798162507817,8.045798162507817,0.0,True
Awinda,ATP0.1,rat_R_robust,2,Mouse_331|N47K|Control|ATP0.1,16.616176372774085,16.61617637277408,3.552713678800501e-15,True
Awinda,ATP0.1,rat_R_robust,2,Mouse_333|N47K|0.3_uM_mavacamten|ATP0.1,12.213997054268557,12.213997054268557,0.0,True
Awinda,ATP0.1,rat_R_robust,2,Mouse_333|N47K|Control|ATP0.1,2.3034602538567,2.3034602538567,0.0,True
Awinda,ATP0.1,rat_R_robust,2,Mouse_394|N47K|0.3_uM_mavacamten|ATP0.1,11.847605566705411,11.84760556670541,1.7763568394002505e-15,True
Awinda,ATP0.1,rat_R_robust,2,Mouse_394|N47K|Control|ATP0.1,20.611299673315493,20.611299673315493,0.0,True
Awinda,ATP0.1,rat_R_robust,2,Mouse_401|N47K|0.3_uM_mavacamten|ATP0.1,15.942385236945144,15.942385236945144,0.0,True
Awinda,ATP0.1,rat_R_robust,2,Mouse_401|N47K|Control|ATP0.1,13.02908821500022,13.029088215000218,1.7763568394002505e-15,True
Awinda,ATP0.1,rat_R_robust,2,Mouse_460|WT-RLC|0.3_uM_mavacamten|ATP0.1,6.701644994350171,6.701644994350172,8.881784197001252e-16,True
Awinda,ATP0.1,rat_R_robust,2,Mouse_460|WT-RLC|Control|ATP0.1,11.172756382234564,11.172756382234565,1.7763568394002505e-15,True
Awinda,ATP0.1,rat_R_robust,2,Mouse_464|WT-RLC|0.3_uM_mavacamten|ATP0.1,12.67121184480921,12.67121184480921,0.0,True
Awinda,ATP0.1,rat_R_robust,2,Mouse_464|WT-RLC|Control|ATP0.1,8.19005761104644,8.190057611046441,1.7763568394002505e-15,True
Awinda,ATP0.1,rat_R_robust,2,Mouse_467|WT-RLC|0.3_uM_mavacamten|ATP0.1,22.641584630806346,22.641584630806342,3.552713678800501e-15,True
Awinda,ATP0.1,rat_R_robust,2,Mouse_467|WT-RLC|Control|ATP0.1,9.051913618111252,9.051913618111252,0.0,True
Awinda,ATP0.1,rat_R_robust,2,Mouse_469|WT-RLC|0.3_uM_mavacamten|ATP0.1,5.9804348691866736,5.9804348691866736,0.0,True
Awinda,ATP0.1,rat_R_robust,2,Mouse_469|WT-RLC|Control|ATP0.1,12.440261237803952,12.440261237803952,0.0,True
Awinda,ATP0.1,rat_R_robust,2,Mouse_470|WT-RLC|0.3_uM_mavacamten|ATP0.1,60.98681040140753,60.986810401407524,7.105427357601002e-15,True
Awinda,ATP0.1,rat_R_robust,2,Mouse_470|WT-RLC|Control|ATP0.1,9.55404725785171,9.554047257851712,1.7763568394002505e-15,True
Awinda,ATP0.1,rat_parameter_A,2,Mouse_328|N47K|Control|ATP0.1,9.834742332076155,9.834742332076157,1.7763568394002505e-15,True
Awinda,ATP0.1,rat_parameter_A,2,Mouse_331|N47K|0.3_uM_mavacamten|ATP0.1,10.459297282598772,10.459297282598772,0.0,True
Awinda,ATP0.1,rat_parameter_A,2,Mouse_331|N47K|Control|ATP0.1,11.878628562557637,11.878628562557635,1.7763568394002505e-15,True
Awinda,ATP0.1,rat_parameter_A,2,Mouse_333|N47K|0.3_uM_mavacamten|ATP0.1,14.882573392963808,14.882573392963808,0.0,True
Awinda,ATP0.1,rat_parameter_A,2,Mouse_333|N47K|Control|ATP0.1,4.20740343885366,4.20740343885366,0.0,True
Awinda,ATP0.1,rat_parameter_A,2,Mouse_394|N47K|0.3_uM_mavacamten|ATP0.1,9.291613254704949,9.291613254704949,0.0,True
Awinda,ATP0.1,rat_parameter_A,2,Mouse_394|N47K|Control|ATP0.1,19.672767743708107,19.672767743708107,0.0,True
Awinda,ATP0.1,rat_parameter_A,2,Mouse_401|N47K|0.3_uM_mavacamten|ATP0.1,7.988837499751081,7.988837499751082,8.881784197001252e-16,True
Awinda,ATP0.1,rat_parameter_A,2,Mouse_401|N47K|Control|ATP0.1,7.287554208333893,7.2875542083338924,8.881784197001252e-16,True
Awinda,ATP0.1,rat_parameter_A,2,Mouse_460|WT-RLC|0.3_uM_mavacamten|ATP0.1,4.56585128058863,4.56585128058863,0.0,True
Awinda,ATP0.1,rat_parameter_A,2,Mouse_460|WT-RLC|Control|ATP0.1,14.030884741737069,14.030884741737069,0.0,True
Awinda,ATP0.1,rat_parameter_A,2,Mouse_464|WT-RLC|0.3_uM_mavacamten|ATP0.1,10.964751916230412,10.964751916230412,0.0,True
Awinda,ATP0.1,rat_parameter_A,2,Mouse_464|WT-RLC|Control|ATP0.1,12.6951365635671,12.695136563567099,1.7763568394002505e-15,True
Awinda,ATP0.1,rat_parameter_A,2,Mouse_467|WT-RLC|0.3_uM_mavacamten|ATP0.1,21.275205110521213,21.275205110521217,3.552713678800501e-15,True
Awinda,ATP0.1,rat_parameter_A,2,Mouse_467|WT-RLC|Control|ATP0.1,17.786919038296368,17.786919038296368,0.0,True
Awinda,ATP0.1,rat_parameter_A,2,Mouse_469|WT-RLC|0.3_uM_mavacamten|ATP0.1,11.272082809763177,11.272082809763175,1.7763568394002505e-15,True
Awinda,ATP0.1,rat_parameter_A,2,Mouse_469|WT-RLC|Control|ATP0.1,10.583651142018708,10.583651142018708,0.0,True
Awinda,ATP0.1,rat_parameter_A,2,Mouse_470|WT-RLC|0.3_uM_mavacamten|ATP0.1,60.22734861922688,60.22734861922688,0.0,True
Awinda,ATP0.1,rat_parameter_A,2,Mouse_470|WT-RLC|Control|ATP0.1,12.787495571369943,12.787495571369943,0.0,True
Awinda,ATP0.1,human_ND_source,2,Mouse_328|N47K|Control|ATP0.1,6.053405765121914,6.053405765121914,0.0,True
Awinda,ATP0.1,human_ND_source,2,Mouse_331|N47K|0.3_uM_mavacamten|ATP0.1,9.229751992987891,9.22975199298789,1.7763568394002505e-15,True
Awinda,ATP0.1,human_ND_source,2,Mouse_331|N47K|Control|ATP0.1,3.201146664221916,3.201146664221916,0.0,True
Awinda,ATP0.1,human_ND_source,2,Mouse_333|N47K|0.3_uM_mavacamten|ATP0.1,16.609718563002357,16.609718563002357,0.0,True
Awinda,ATP0.1,human_ND_source,2,Mouse_333|N47K|Control|ATP0.1,4.339060138990813,4.339060138990813,0.0,True
Awinda,ATP0.1,human_ND_source,2,Mouse_394|N47K|0.3_uM_mavacamten|ATP0.1,5.735587374979585,5.735587374979584,8.881784197001252e-16,True
Awinda,ATP0.1,human_ND_source,2,Mouse_394|N47K|Control|ATP0.1,8.840706027237458,8.840706027237458,0.0,True
Awinda,ATP0.1,human_ND_source,2,Mouse_401|N47K|0.3_uM_mavacamten|ATP0.1,10.872981759037756,10.872981759037755,1.7763568394002505e-15,True
Awinda,ATP0.1,human_ND_source,2,Mouse_401|N47K|Control|ATP0.1,4.019724983924468,4.019724983924468,0.0,True
Awinda,ATP0.1,human_ND_source,2,Mouse_460|WT-RLC|0.3_uM_mavacamten|ATP0.1,5.161770476992678,5.161770476992679,8.881784197001252e-16,True
Awinda,ATP0.1,human_ND_source,2,Mouse_460|WT-RLC|Control|ATP0.1,7.343857941245968,7.343857941245968,0.0,True
Awinda,ATP0.1,human_ND_source,2,Mouse_464|WT-RLC|0.3_uM_mavacamten|ATP0.1,11.828558448756024,11.828558448756024,0.0,True
Awinda,ATP0.1,human_ND_source,2,Mouse_464|WT-RLC|Control|ATP0.1,14.77229018203166,14.772290182031655,5.329070518200751e-15,True
Awinda,ATP0.1,human_ND_source,2,Mouse_467|WT-RLC|0.3_uM_mavacamten|ATP0.1,15.85553173431988,15.855531734319879,1.7763568394002505e-15,True
Awinda,ATP0.1,human_ND_source,2,Mouse_467|WT-RLC|Control|ATP0.1,5.378366808063945,5.378366808063945,0.0,True
Awinda,ATP0.1,human_ND_source,2,Mouse_469|WT-RLC|0.3_uM_mavacamten|ATP0.1,12.191112367290325,12.191112367290323,1.7763568394002505e-15,True
Awinda,ATP0.1,human_ND_source,2,Mouse_469|WT-RLC|Control|ATP0.1,13.661362888302468,13.661362888302467,1.7763568394002505e-15,True
Awinda,ATP0.1,human_ND_source,2,Mouse_470|WT-RLC|0.3_uM_mavacamten|ATP0.1,59.35490981157384,59.354909811573854,1.4210854715202004e-14,True
Awinda,ATP0.1,human_ND_source,2,Mouse_470|WT-RLC|Control|ATP0.1,8.87088589185064,8.87088589185064,0.0,True
Awinda,ATP0.1,random_seeded,2,Mouse_328|N47K|Control|ATP0.1,9.834742332076155,9.834742332076157,1.7763568394002505e-15,True
Awinda,ATP0.1,random_seeded,2,Mouse_331|N47K|0.3_uM_mavacamten|ATP0.1,10.459297282598772,10.459297282598772,0.0,True
Awinda,ATP0.1,random_seeded,2,Mouse_331|N47K|Control|ATP0.1,11.878628562557637,11.878628562557635,1.7763568394002505e-15,True
Awinda,ATP0.1,random_seeded,2,Mouse_333|N47K|0.3_uM_mavacamten|ATP0.1,14.882573392963808,14.882573392963808,0.0,True
Awinda,ATP0.1,random_seeded,2,Mouse_333|N47K|Control|ATP0.1,4.20740343885366,4.20740343885366,0.0,True
Awinda,ATP0.1,random_seeded,2,Mouse_394|N47K|0.3_uM_mavacamten|ATP0.1,9.291613254704949,9.291613254704949,0.0,True
Awinda,ATP0.1,random_seeded,2,Mouse_394|N47K|Control|ATP0.1,19.672767743708107,19.672767743708107,0.0,True
Awinda,ATP0.1,random_seeded,2,Mouse_401|N47K|0.3_uM_mavacamten|ATP0.1,7.988837499751081,7.988837499751082,8.881784197001252e-16,True
Awinda,ATP0.1,random_seeded,2,Mouse_401|N47K|Control|ATP0.1,7.287554208333893,7.2875542083338924,8.881784197001252e-16,True
Awinda,ATP0.1,random_seeded,2,Mouse_460|WT-RLC|0.3_uM_mavacamten|ATP0.1,4.56585128058863,4.56585128058863,0.0,True
Awinda,ATP0.1,random_seeded,2,Mouse_460|WT-RLC|Control|ATP0.1,14.030884741737069,14.030884741737069,0.0,True
Awinda,ATP0.1,random_seeded,2,Mouse_464|WT-RLC|0.3_uM_mavacamten|ATP0.1,10.964751916230412,10.964751916230412,0.0,True
Awinda,ATP0.1,random_seeded,2,Mouse_464|WT-RLC|Control|ATP0.1,12.6951365635671,12.695136563567099,1.7763568394002505e-15,True
Awinda,ATP0.1,random_seeded,2,Mouse_467|WT-RLC|0.3_uM_mavacamten|ATP0.1,21.275205110521213,21.275205110521217,3.552713678800501e-15,True
Awinda,ATP0.1,random_seeded,2,Mouse_467|WT-RLC|Control|ATP0.1,17.786919038296368,17.786919038296368,0.0,True
Awinda,ATP0.1,random_seeded,2,Mouse_469|WT-RLC|0.3_uM_mavacamten|ATP0.1,11.272082809763177,11.272082809763175,1.7763568394002505e-15,True
Awinda,ATP0.1,random_seeded,2,Mouse_469|WT-RLC|Control|ATP0.1,10.583651142018708,10.583651142018708,0.0,True
Awinda,ATP0.1,random_seeded,2,Mouse_470|WT-RLC|0.3_uM_mavacamten|ATP0.1,60.22734861922688,60.22734861922688,0.0,True
Awinda,ATP0.1,random_seeded,2,Mouse_470|WT-RLC|Control|ATP0.1,12.787495571369943,12.787495571369943,0.0,True
Awinda,ATP0.1,fixed_conventional,2,Mouse_328|N47K|Control|ATP0.1,8.629631282699938,8.629631282699936,1.7763568394002505e-15,True
Awinda,ATP0.1,fixed_conventional,2,Mouse_331|N47K|0.3_uM_mavacamten|ATP0.1,8.045798162507813,8.045798162507813,0.0,True
Awinda,ATP0.1,fixed_conventional,2,Mouse_331|N47K|Control|ATP0.1,16.61617637277408,16.616176372774078,3.552713678800501e-15,True
Awinda,ATP0.1,fixed_conventional,2,Mouse_333|N47K|0.3_uM_mavacamten|ATP0.1,12.213997054268557,12.213997054268557,0.0,True
Awinda,ATP0.1,fixed_conventional,2,Mouse_333|N47K|Control|ATP0.1,2.3034602538567,2.3034602538567,0.0,True
Awinda,ATP0.1,fixed_conventional,2,Mouse_394|N47K|0.3_uM_mavacamten|ATP0.1,11.84760556670541,11.84760556670541,0.0,True
Awinda,ATP0.1,fixed_conventional,2,Mouse_394|N47K|Control|ATP0.1,20.611299673315493,20.611299673315493,0.0,True
Awinda,ATP0.1,fixed_conventional,2,Mouse_401|N47K|0.3_uM_mavacamten|ATP0.1,15.942385236945148,15.942385236945148,0.0,True
Awinda,ATP0.1,fixed_conventional,2,Mouse_401|N47K|Control|ATP0.1,13.02908821500022,13.029088215000218,1.7763568394002505e-15,True
Awinda,ATP0.1,fixed_conventional,2,Mouse_460|WT-RLC|0.3_uM_mavacamten|ATP0.1,6.701644994350171,6.70164499435017,8.881784197001252e-16,True
Awinda,ATP0.1,fixed_conventional,2,Mouse_460|WT-RLC|Control|ATP0.1,11.172756382234564,11.172756382234565,1.7763568394002505e-15,True
Awinda,ATP0.1,fixed_conventional,2,Mouse_464|WT-RLC|0.3_uM_mavacamten|ATP0.1,12.67121184480921,12.67121184480921,0.0,True
Awinda,ATP0.1,fixed_conventional,2,Mouse_464|WT-RLC|Control|ATP0.1,8.19005761104644,8.190057611046441,1.7763568394002505e-15,True
Awinda,ATP0.1,fixed_conventional,2,Mouse_467|WT-RLC|0.3_uM_mavacamten|ATP0.1,22.641584630806346,22.641584630806342,3.552713678800501e-15,True
Awinda,ATP0.1,fixed_conventional,2,Mouse_467|WT-RLC|Control|ATP0.1,9.051913618111252,9.051913618111252,0.0,True
Awinda,ATP0.1,fixed_conventional,2,Mouse_469|WT-RLC|0.3_uM_mavacamten|ATP0.1,5.980434869186673,5.980434869186673,0.0,True
Awinda,ATP0.1,fixed_conventional,2,Mouse_469|WT-RLC|Control|ATP0.1,12.440261237803952,12.440261237803952,0.0,True
Awinda,ATP0.1,fixed_conventional,2,Mouse_470|WT-RLC|0.3_uM_mavacamten|ATP0.1,60.98681040140753,60.986810401407524,7.105427357601002e-15,True
Awinda,ATP0.1,fixed_conventional,2,Mouse_470|WT-RLC|Control|ATP0.1,9.55404725785171,9.554047257851712,1.7763568394002505e-15,True
Awinda,ATP0.1,destination_nested_oracle,2,Mouse_328|N47K|Control|ATP0.1,7.655253058580609,7.655253058580609,0.0,True
Awinda,ATP0.1,destination_nested_oracle,2,Mouse_331|N47K|0.3_uM_mavacamten|ATP0.1,6.048875892077214,6.048875892077213,8.881784197001252e-16,True
Awinda,ATP0.1,destination_nested_oracle,2,Mouse_331|N47K|Control|ATP0.1,7.753586805414754,7.753586805414754,0.0,True
Awinda,ATP0.1,destination_nested_oracle,2,Mouse_333|N47K|0.3_uM_mavacamten|ATP0.1,11.935715908312329,11.935715908312325,3.552713678800501e-15,True
Awinda,ATP0.1,destination_nested_oracle,2,Mouse_333|N47K|Control|ATP0.1,4.57067839002548,4.570678390025481,8.881784197001252e-16,True
Awinda,ATP0.1,destination_nested_oracle,2,Mouse_394|N47K|0.3_uM_mavacamten|ATP0.1,7.125838970536616,7.125838970536616,0.0,True
Awinda,ATP0.1,destination_nested_oracle,2,Mouse_394|N47K|Control|ATP0.1,10.3363589361484,10.336358936148399,1.7763568394002505e-15,True
Awinda,ATP0.1,destination_nested_oracle,2,Mouse_401|N47K|0.3_uM_mavacamten|ATP0.1,12.52801057951734,12.52801057951734,0.0,True
Awinda,ATP0.1,destination_nested_oracle,2,Mouse_401|N47K|Control|ATP0.1,2.836832446557529,2.836832446557529,0.0,True
Awinda,ATP0.1,destination_nested_oracle,2,Mouse_460|WT-RLC|0.3_uM_mavacamten|ATP0.1,2.1876706718755115,2.187670671875511,4.440892098500626e-16,True
Awinda,ATP0.1,destination_nested_oracle,2,Mouse_460|WT-RLC|Control|ATP0.1,6.723039770944303,6.723039770944303,0.0,True
Awinda,ATP0.1,destination_nested_oracle,2,Mouse_464|WT-RLC|0.3_uM_mavacamten|ATP0.1,11.828558448756024,11.828558448756024,0.0,True
Awinda,ATP0.1,destination_nested_oracle,2,Mouse_464|WT-RLC|Control|ATP0.1,14.77229018203166,14.772290182031655,5.329070518200751e-15,True
Awinda,ATP0.1,destination_nested_oracle,2,Mouse_467|WT-RLC|0.3_uM_mavacamten|ATP0.1,16.165124587224796,16.165124587224796,0.0,True
Awinda,ATP0.1,destination_nested_oracle,2,Mouse_467|WT-RLC|Control|ATP0.1,5.9156945678142,5.9156945678141994,8.881784197001252e-16,True
Awinda,ATP0.1,destination_nested_oracle,2,Mouse_469|WT-RLC|0.3_uM_mavacamten|ATP0.1,4.307548745238508,4.307548745238508,0.0,True
Awinda,ATP0.1,destination_nested_oracle,2,Mouse_469|WT-RLC|Control|ATP0.1,8.267595140913853,8.267595140913853,0.0,True
Awinda,ATP0.1,destination_nested_oracle,2,Mouse_470|WT-RLC|0.3_uM_mavacamten|ATP0.1,56.96409923368505,56.96409923368505,0.0,True
Awinda,ATP0.1,destination_nested_oracle,2,Mouse_470|WT-RLC|Control|ATP0.1,8.041463999443577,8.041463999443577,0.0,True
Awinda,ATP0.1,rat_K_target,3,Mouse_328|N47K|Control|ATP0.1,7.22462356703746,7.22462356703746,0.0,True
Awinda,ATP0.1,rat_K_target,3,Mouse_331|N47K|0.3_uM_mavacamten|ATP0.1,5.572005333138206,5.572005333138206,0.0,True
Awinda,ATP0.1,rat_K_target,3,Mouse_331|N47K|Control|ATP0.1,11.644989032690638,11.64498903269064,1.7763568394002505e-15,True
Awinda,ATP0.1,rat_K_target,3,Mouse_333|N47K|0.3_uM_mavacamten|ATP0.1,12.857675138885796,12.857675138885797,1.7763568394002505e-15,True
Awinda,ATP0.1,rat_K_target,3,Mouse_333|N47K|Control|ATP0.1,4.232365466227763,4.232365466227763,0.0,True
Awinda,ATP0.1,rat_K_target,3,Mouse_394|N47K|0.3_uM_mavacamten|ATP0.1,8.629043712715083,8.629043712715083,0.0,True
Awinda,ATP0.1,rat_K_target,3,Mouse_394|N47K|Control|ATP0.1,17.12012585114328,17.12012585114328,0.0,True
Awinda,ATP0.1,rat_K_target,3,Mouse_401|N47K|0.3_uM_mavacamten|ATP0.1,12.687891390990364,12.687891390990362,1.7763568394002505e-15,True
Awinda,ATP0.1,rat_K_target,3,Mouse_401|N47K|Control|ATP0.1,6.511716452316664,6.511716452316664,0.0,True
Awinda,ATP0.1,rat_K_target,3,Mouse_460|WT-RLC|0.3_uM_mavacamten|ATP0.1,5.603940993616361,5.603940993616361,0.0,True
Awinda,ATP0.1,rat_K_target,3,Mouse_460|WT-RLC|Control|ATP0.1,9.09389332392792,9.093893323927919,1.7763568394002505e-15,True
Awinda,ATP0.1,rat_K_target,3,Mouse_464|WT-RLC|0.3_uM_mavacamten|ATP0.1,10.187438725791328,10.18743872579133,1.7763568394002505e-15,True
Awinda,ATP0.1,rat_K_target,3,Mouse_464|WT-RLC|Control|ATP0.1,8.981602088963026,8.981602088963026,0.0,True
Awinda,ATP0.1,rat_K_target,3,Mouse_467|WT-RLC|0.3_uM_mavacamten|ATP0.1,18.121621426775608,18.121621426775608,0.0,True
Awinda,ATP0.1,rat_K_target,3,Mouse_467|WT-RLC|Control|ATP0.1,9.04163991511622,9.041639915116221,1.7763568394002505e-15,True
Awinda,ATP0.1,rat_K_target,3,Mouse_469|WT-RLC|0.3_uM_mavacamten|ATP0.1,4.7717083893152985,4.7717083893152985,0.0,True
Awinda,ATP0.1,rat_K_target,3,Mouse_469|WT-RLC|Control|ATP0.1,10.305789443834437,10.305789443834437,0.0,True
Awinda,ATP0.1,rat_K_target,3,Mouse_470|WT-RLC|0.3_uM_mavacamten|ATP0.1,56.11515851880659,56.11515851880659,0.0,True
Awinda,ATP0.1,rat_K_target,3,Mouse_470|WT-RLC|Control|ATP0.1,9.564664858860642,9.564664858860642,0.0,True
Awinda,ATP0.1,rat_R_robust,3,Mouse_328|N47K|Control|ATP0.1,10.723844579463002,10.723844579463002,0.0,True
Awinda,ATP0.1,rat_R_robust,3,Mouse_331|N47K|0.3_uM_mavacamten|ATP0.1,7.729089225477143,7.729089225477143,0.0,True
Awinda,ATP0.1,rat_R_robust,3,Mouse_331|N47K|Control|ATP0.1,12.899945048225003,12.899945048225003,0.0,True
Awinda,ATP0.1,rat_R_robust,3,Mouse_333|N47K|0.3_uM_mavacamten|ATP0.1,11.46993106450002,11.469931064500019,1.7763568394002505e-15,True
Awinda,ATP0.1,rat_R_robust,3,Mouse_333|N47K|Control|ATP0.1,2.9249400011348894,2.92494000113489,4.440892098500626e-16,True
Awinda,ATP0.1,rat_R_robust,3,Mouse_394|N47K|0.3_uM_mavacamten|ATP0.1,10.591687443443956,10.591687443443954,1.7763568394002505e-15,True
Awinda,ATP0.1,rat_R_robust,3,Mouse_394|N47K|Control|ATP0.1,17.77590550000447,17.775905500004466,3.552713678800501e-15,True
Awinda,ATP0.1,rat_R_robust,3,Mouse_401|N47K|0.3_uM_mavacamten|ATP0.1,9.767168501913094,9.767168501913094,0.0,True
Awinda,ATP0.1,rat_R_robust,3,Mouse_401|N47K|Control|ATP0.1,8.640824734031467,8.640824734031467,0.0,True
Awinda,ATP0.1,rat_R_robust,3,Mouse_460|WT-RLC|0.3_uM_mavacamten|ATP0.1,4.388917211953125,4.388917211953125,0.0,True
Awinda,ATP0.1,rat_R_robust,3,Mouse_460|WT-RLC|Control|ATP0.1,13.454578242267246,13.454578242267246,0.0,True
Awinda,ATP0.1,rat_R_robust,3,Mouse_464|WT-RLC|0.3_uM_mavacamten|ATP0.1,11.238573642971163,11.238573642971163,0.0,True
Awinda,ATP0.1,rat_R_robust,3,Mouse_464|WT-RLC|Control|ATP0.1,13.482433197638857,13.482433197638859,1.7763568394002505e-15,True
Awinda,ATP0.1,rat_R_robust,3,Mouse_467|WT-RLC|0.3_uM_mavacamten|ATP0.1,22.056303433550447,22.056303433550447,0.0,True
Awinda,ATP0.1,rat_R_robust,3,Mouse_467|WT-RLC|Control|ATP0.1,11.05251026128916,11.052510261289163,1.7763568394002505e-15,True
Awinda,ATP0.1,rat_R_robust,3,Mouse_469|WT-RLC|0.3_uM_mavacamten|ATP0.1,6.099634110722834,6.0996341107228345,8.881784197001252e-16,True
Awinda,ATP0.1,rat_R_robust,3,Mouse_469|WT-RLC|Control|ATP0.1,10.894493169091584,10.894493169091584,0.0,True
Awinda,ATP0.1,rat_R_robust,3,Mouse_470|WT-RLC|0.3_uM_mavacamten|ATP0.1,58.61793323020584,58.61793323020584,0.0,True
Awinda,ATP0.1,rat_R_robust,3,Mouse_470|WT-RLC|Control|ATP0.1,11.3163695212814,11.3163695212814,0.0,True
Awinda,ATP0.1,rat_parameter_A,3,Mouse_328|N47K|Control|ATP0.1,10.723844579463004,10.723844579463004,0.0,True
Awinda,ATP0.1,rat_parameter_A,3,Mouse_331|N47K|0.3_uM_mavacamten|ATP0.1,7.729089225477144,7.729089225477144,0.0,True
Awinda,ATP0.1,rat_parameter_A,3,Mouse_331|N47K|Control|ATP0.1,12.899945048225003,12.899945048225003,0.0,True
Awinda,ATP0.1,rat_parameter_A,3,Mouse_333|N47K|0.3_uM_mavacamten|ATP0.1,11.46993106450002,11.469931064500019,1.7763568394002505e-15,True
Awinda,ATP0.1,rat_parameter_A,3,Mouse_333|N47K|Control|ATP0.1,2.924940001134888,2.9249400011348876,4.440892098500626e-16,True
Awinda,ATP0.1,rat_parameter_A,3,Mouse_394|N47K|0.3_uM_mavacamten|ATP0.1,10.591687443443956,10.591687443443954,1.7763568394002505e-15,True
Awinda,ATP0.1,rat_parameter_A,3,Mouse_394|N47K|Control|ATP0.1,17.77590550000447,17.77590550000447,0.0,True
Awinda,ATP0.1,rat_parameter_A,3,Mouse_401|N47K|0.3_uM_mavacamten|ATP0.1,9.767168501913092,9.767168501913092,0.0,True
Awinda,ATP0.1,rat_parameter_A,3,Mouse_401|N47K|Control|ATP0.1,8.640824734031469,8.640824734031469,0.0,True
Awinda,ATP0.1,rat_parameter_A,3,Mouse_460|WT-RLC|0.3_uM_mavacamten|ATP0.1,4.3889172119531255,4.3889172119531255,0.0,True
Awinda,ATP0.1,rat_parameter_A,3,Mouse_460|WT-RLC|Control|ATP0.1,13.454578242267248,13.45457824226725,1.7763568394002505e-15,True
Awinda,ATP0.1,rat_parameter_A,3,Mouse_464|WT-RLC|0.3_uM_mavacamten|ATP0.1,11.238573642971163,11.238573642971163,0.0,True
Awinda,ATP0.1,rat_parameter_A,3,Mouse_464|WT-RLC|Control|ATP0.1,13.482433197638857,13.482433197638859,1.7763568394002505e-15,True
Awinda,ATP0.1,rat_parameter_A,3,Mouse_467|WT-RLC|0.3_uM_mavacamten|ATP0.1,22.056303433550447,22.056303433550447,0.0,True
Awinda,ATP0.1,rat_parameter_A,3,Mouse_467|WT-RLC|Control|ATP0.1,11.052510261289166,11.052510261289166,0.0,True
Awinda,ATP0.1,rat_parameter_A,3,Mouse_469|WT-RLC|0.3_uM_mavacamten|ATP0.1,6.099634110722834,6.0996341107228345,8.881784197001252e-16,True
Awinda,ATP0.1,rat_parameter_A,3,Mouse_469|WT-RLC|Control|ATP0.1,10.894493169091586,10.894493169091586,0.0,True
Awinda,ATP0.1,rat_parameter_A,3,Mouse_470|WT-RLC|0.3_uM_mavacamten|ATP0.1,58.61793323020584,58.61793323020584,0.0,True
Awinda,ATP0.1,rat_parameter_A,3,Mouse_470|WT-RLC|Control|ATP0.1,11.316369521281402,11.3163695212814,1.7763568394002505e-15,True
Awinda,ATP0.1,human_ND_source,3,Mouse_328|N47K|Control|ATP0.1,7.056441596416666,7.056441596416665,8.881784197001252e-16,True
Awinda,ATP0.1,human_ND_source,3,Mouse_331|N47K|0.3_uM_mavacamten|ATP0.1,6.387825679210065,6.387825679210065,0.0,True
Awinda,ATP0.1,human_ND_source,3,Mouse_331|N47K|Control|ATP0.1,5.624242245995223,5.624242245995223,0.0,True
Awinda,ATP0.1,human_ND_source,3,Mouse_333|N47K|0.3_uM_mavacamten|ATP0.1,11.995610420558684,11.995610420558682,1.7763568394002505e-15,True
Awinda,ATP0.1,human_ND_source,3,Mouse_333|N47K|Control|ATP0.1,3.378013081267871,3.378013081267871,0.0,True
Awinda,ATP0.1,human_ND_source,3,Mouse_394|N47K|0.3_uM_mavacamten|ATP0.1,7.614794978963562,7.614794978963562,0.0,True
Awinda,ATP0.1,human_ND_source,3,Mouse_394|N47K|Control|ATP0.1,12.142789706370989,12.142789706370985,3.552713678800501e-15,True
Awinda,ATP0.1,human_ND_source,3,Mouse_401|N47K|0.3_uM_mavacamten|ATP0.1,10.32851601156707,10.32851601156707,0.0,True
Awinda,ATP0.1,human_ND_source,3,Mouse_401|N47K|Control|ATP0.1,4.213980943329689,4.213980943329689,0.0,True
Awinda,ATP0.1,human_ND_source,3,Mouse_460|WT-RLC|0.3_uM_mavacamten|ATP0.1,2.8385117525819954,2.8385117525819954,0.0,True
Awinda,ATP0.1,human_ND_source,3,Mouse_460|WT-RLC|Control|ATP0.1,7.321853901603539,7.321853901603539,0.0,True
Awinda,ATP0.1,human_ND_source,3,Mouse_464|WT-RLC|0.3_uM_mavacamten|ATP0.1,9.249616613632186,9.249616613632186,0.0,True
Awinda,ATP0.1,human_ND_source,3,Mouse_464|WT-RLC|Control|ATP0.1,14.538907036127965,14.538907036127965,0.0,True
Awinda,ATP0.1,human_ND_source,3,Mouse_467|WT-RLC|0.3_uM_mavacamten|ATP0.1,17.89178364178095,17.89178364178095,0.0,True
Awinda,ATP0.1,human_ND_source,3,Mouse_467|WT-RLC|Control|ATP0.1,4.807919129859521,4.807919129859522,8.881784197001252e-16,True
Awinda,ATP0.1,human_ND_source,3,Mouse_469|WT-RLC|0.3_uM_mavacamten|ATP0.1,5.419261133928739,5.419261133928738,8.881784197001252e-16,True
Awinda,ATP0.1,human_ND_source,3,Mouse_469|WT-RLC|Control|ATP0.1,8.80067530658499,8.80067530658499,0.0,True
Awinda,ATP0.1,human_ND_source,3,Mouse_470|WT-RLC|0.3_uM_mavacamten|ATP0.1,55.622605255073424,55.622605255073424,0.0,True
Awinda,ATP0.1,human_ND_source,3,Mouse_470|WT-RLC|Control|ATP0.1,8.868955547808246,8.868955547808246,0.0,True
Awinda,ATP0.1,random_seeded,3,Mouse_328|N47K|Control|ATP0.1,7.644148945921487,7.644148945921487,0.0,True
Awinda,ATP0.1,random_seeded,3,Mouse_331|N47K|0.3_uM_mavacamten|ATP0.1,10.38504183028562,10.38504183028562,0.0,True
Awinda,ATP0.1,random_seeded,3,Mouse_331|N47K|Control|ATP0.1,8.078518773560235,8.078518773560235,0.0,True
Awinda,ATP0.1,random_seeded,3,Mouse_333|N47K|0.3_uM_mavacamten|ATP0.1,14.808164000708068,14.808164000708068,0.0,True
Awinda,ATP0.1,random_seeded,3,Mouse_333|N47K|Control|ATP0.1,5.352063003214655,5.352063003214655,0.0,True
Awinda,ATP0.1,random_seeded,3,Mouse_394|N47K|0.3_uM_mavacamten|ATP0.1,7.225063674599043,7.225063674599043,0.0,True
Awinda,ATP0.1,random_seeded,3,Mouse_394|N47K|Control|ATP0.1,18.86660642348616,18.866606423486164,3.552713678800501e-15,True
Awinda,ATP0.1,random_seeded,3,Mouse_401|N47K|0.3_uM_mavacamten|ATP0.1,7.605240340966682,7.605240340966682,0.0,True
Awinda,ATP0.1,random_seeded,3,Mouse_401|N47K|Control|ATP0.1,6.087631731230215,6.087631731230215,0.0,True
Awinda,ATP0.1,random_seeded,3,Mouse_460|WT-RLC|0.3_uM_mavacamten|ATP0.1,4.478827401358294,4.478827401358294,0.0,True
Awinda,ATP0.1,random_seeded,3,Mouse_460|WT-RLC|Control|ATP0.1,10.659234619965012,10.659234619965012,0.0,True
Awinda,ATP0.1,random_seeded,3,Mouse_464|WT-RLC|0.3_uM_mavacamten|ATP0.1,9.750057191754076,9.750057191754077,1.7763568394002505e-15,True
Awinda,ATP0.1,random_seeded,3,Mouse_464|WT-RLC|Control|ATP0.1,12.445120450721673,12.44512045072167,1.7763568394002505e-15,True
Awinda,ATP0.1,random_seeded,3,Mouse_467|WT-RLC|0.3_uM_mavacamten|ATP0.1,17.250290576574013,17.250290576574013,0.0,True
Awinda,ATP0.1,random_seeded,3,Mouse_467|WT-RLC|Control|ATP0.1,14.06816926973448,14.068169269734481,1.7763568394002505e-15,True
Awinda,ATP0.1,random_seeded,3,Mouse_469|WT-RLC|0.3_uM_mavacamten|ATP0.1,9.387220324781431,9.387220324781431,0.0,True
Awinda,ATP0.1,random_seeded,3,Mouse_469|WT-RLC|Control|ATP0.1,10.044302792811026,10.044302792811026,0.0,True
Awinda,ATP0.1,random_seeded,3,Mouse_470|WT-RLC|0.3_uM_mavacamten|ATP0.1,55.93594834144866,55.93594834144866,0.0,True
Awinda,ATP0.1,random_seeded,3,Mouse_470|WT-RLC|Control|ATP0.1,12.41114519404764,12.41114519404764,0.0,True
Awinda,ATP0.1,fixed_conventional,3,Mouse_328|N47K|Control|ATP0.1,7.22462356703746,7.22462356703746,0.0,True
Awinda,ATP0.1,fixed_conventional,3,Mouse_331|N47K|0.3_uM_mavacamten|ATP0.1,5.572005333138206,5.572005333138206,0.0,True
Awinda,ATP0.1,fixed_conventional,3,Mouse_331|N47K|Control|ATP0.1,11.644989032690638,11.64498903269064,1.7763568394002505e-15,True
Awinda,ATP0.1,fixed_conventional,3,Mouse_333|N47K|0.3_uM_mavacamten|ATP0.1,12.857675138885796,12.857675138885797,1.7763568394002505e-15,True
Awinda,ATP0.1,fixed_conventional,3,Mouse_333|N47K|Control|ATP0.1,4.232365466227763,4.232365466227763,0.0,True
Awinda,ATP0.1,fixed_conventional,3,Mouse_394|N47K|0.3_uM_mavacamten|ATP0.1,8.629043712715083,8.629043712715083,0.0,True
Awinda,ATP0.1,fixed_conventional,3,Mouse_394|N47K|Control|ATP0.1,17.12012585114328,17.12012585114328,0.0,True
Awinda,ATP0.1,fixed_conventional,3,Mouse_401|N47K|0.3_uM_mavacamten|ATP0.1,12.687891390990364,12.687891390990362,1.7763568394002505e-15,True
Awinda,ATP0.1,fixed_conventional,3,Mouse_401|N47K|Control|ATP0.1,6.511716452316664,6.511716452316664,0.0,True
Awinda,ATP0.1,fixed_conventional,3,Mouse_460|WT-RLC|0.3_uM_mavacamten|ATP0.1,5.603940993616361,5.603940993616361,0.0,True
Awinda,ATP0.1,fixed_conventional,3,Mouse_460|WT-RLC|Control|ATP0.1,9.09389332392792,9.093893323927919,1.7763568394002505e-15,True
Awinda,ATP0.1,fixed_conventional,3,Mouse_464|WT-RLC|0.3_uM_mavacamten|ATP0.1,10.187438725791328,10.18743872579133,1.7763568394002505e-15,True
Awinda,ATP0.1,fixed_conventional,3,Mouse_464|WT-RLC|Control|ATP0.1,8.981602088963026,8.981602088963026,0.0,True
Awinda,ATP0.1,fixed_conventional,3,Mouse_467|WT-RLC|0.3_uM_mavacamten|ATP0.1,18.121621426775608,18.121621426775608,0.0,True
Awinda,ATP0.1,fixed_conventional,3,Mouse_467|WT-RLC|Control|ATP0.1,9.04163991511622,9.041639915116221,1.7763568394002505e-15,True
Awinda,ATP0.1,fixed_conventional,3,Mouse_469|WT-RLC|0.3_uM_mavacamten|ATP0.1,4.7717083893152985,4.7717083893152985,0.0,True
Awinda,ATP0.1,fixed_conventional,3,Mouse_469|WT-RLC|Control|ATP0.1,10.305789443834437,10.305789443834437,0.0,True
Awinda,ATP0.1,fixed_conventional,3,Mouse_470|WT-RLC|0.3_uM_mavacamten|ATP0.1,56.11515851880659,56.11515851880659,0.0,True
Awinda,ATP0.1,fixed_conventional,3,Mouse_470|WT-RLC|Control|ATP0.1,9.564664858860642,9.564664858860642,0.0,True
Awinda,ATP0.1,destination_nested_oracle,3,Mouse_328|N47K|Control|ATP0.1,7.056441596416666,7.056441596416665,8.881784197001252e-16,True
Awinda,ATP0.1,destination_nested_oracle,3,Mouse_331|N47K|0.3_uM_mavacamten|ATP0.1,6.387825679210065,6.387825679210065,0.0,True
Awinda,ATP0.1,destination_nested_oracle,3,Mouse_331|N47K|Control|ATP0.1,5.624242245995223,5.624242245995223,0.0,True
Awinda,ATP0.1,destination_nested_oracle,3,Mouse_333|N47K|0.3_uM_mavacamten|ATP0.1,11.995610420558684,11.995610420558682,1.7763568394002505e-15,True
Awinda,ATP0.1,destination_nested_oracle,3,Mouse_333|N47K|Control|ATP0.1,3.378013081267871,3.378013081267871,0.0,True
Awinda,ATP0.1,destination_nested_oracle,3,Mouse_394|N47K|0.3_uM_mavacamten|ATP0.1,7.614794978963562,7.614794978963562,0.0,True
Awinda,ATP0.1,destination_nested_oracle,3,Mouse_394|N47K|Control|ATP0.1,12.142789706370989,12.142789706370985,3.552713678800501e-15,True
Awinda,ATP0.1,destination_nested_oracle,3,Mouse_401|N47K|0.3_uM_mavacamten|ATP0.1,10.32851601156707,10.32851601156707,0.0,True
Awinda,ATP0.1,destination_nested_oracle,3,Mouse_401|N47K|Control|ATP0.1,4.213980943329689,4.213980943329689,0.0,True
Awinda,ATP0.1,destination_nested_oracle,3,Mouse_460|WT-RLC|0.3_uM_mavacamten|ATP0.1,2.8385117525819954,2.8385117525819954,0.0,True
Awinda,ATP0.1,destination_nested_oracle,3,Mouse_460|WT-RLC|Control|ATP0.1,7.321853901603539,7.321853901603539,0.0,True
Awinda,ATP0.1,destination_nested_oracle,3,Mouse_464|WT-RLC|0.3_uM_mavacamten|ATP0.1,9.249616613632186,9.249616613632186,0.0,True
Awinda,ATP0.1,destination_nested_oracle,3,Mouse_464|WT-RLC|Control|ATP0.1,14.538907036127965,14.538907036127965,0.0,True
Awinda,ATP0.1,destination_nested_oracle,3,Mouse_467|WT-RLC|0.3_uM_mavacamten|ATP0.1,17.89178364178095,17.89178364178095,0.0,True
Awinda,ATP0.1,destination_nested_oracle,3,Mouse_467|WT-RLC|Control|ATP0.1,4.807919129859521,4.807919129859522,8.881784197001252e-16,True
Awinda,ATP0.1,destination_nested_oracle,3,Mouse_469|WT-RLC|0.3_uM_mavacamten|ATP0.1,5.419261133928739,5.419261133928738,8.881784197001252e-16,True
Awinda,ATP0.1,destination_nested_oracle,3,Mouse_469|WT-RLC|Control|ATP0.1,8.80067530658499,8.80067530658499,0.0,True
Awinda,ATP0.1,destination_nested_oracle,3,Mouse_470|WT-RLC|0.3_uM_mavacamten|ATP0.1,55.622605255073424,55.622605255073424,0.0,True
Awinda,ATP0.1,destination_nested_oracle,3,Mouse_470|WT-RLC|Control|ATP0.1,8.868955547808246,8.868955547808246,0.0,True
Awinda,ATP0.1,full_spectrum_reference,72,Mouse_328|N47K|Control|ATP0.1,4.254667751518604,4.254667751518604,0.0,True
Awinda,ATP0.1,full_spectrum_reference,72,Mouse_331|N47K|0.3_uM_mavacamten|ATP0.1,3.678143961145596,3.678143961145596,0.0,True
Awinda,ATP0.1,full_spectrum_reference,72,Mouse_331|N47K|Control|ATP0.1,14.525147092772473,14.525147092772473,0.0,True
Awinda,ATP0.1,full_spectrum_reference,72,Mouse_333|N47K|0.3_uM_mavacamten|ATP0.1,21.097089622451364,21.097089622451364,0.0,True
Awinda,ATP0.1,full_spectrum_reference,72,Mouse_333|N47K|Control|ATP0.1,9.521187015332226,9.521187015332226,0.0,True
Awinda,ATP0.1,full_spectrum_reference,72,Mouse_394|N47K|0.3_uM_mavacamten|ATP0.1,4.443725181717071,4.443725181717071,0.0,True
Awinda,ATP0.1,full_spectrum_reference,72,Mouse_394|N47K|Control|ATP0.1,21.17440261571078,21.17440261571078,0.0,True
Awinda,ATP0.1,full_spectrum_reference,72,Mouse_401|N47K|0.3_uM_mavacamten|ATP0.1,4.932674772993641,4.932674772993641,0.0,True
Awinda,ATP0.1,full_spectrum_reference,72,Mouse_401|N47K|Control|ATP0.1,15.713299999455844,15.713299999455847,3.552713678800501e-15,True
Awinda,ATP0.1,full_spectrum_reference,72,Mouse_460|WT-RLC|0.3_uM_mavacamten|ATP0.1,6.531620800897954,6.5316208008979535,8.881784197001252e-16,True
Awinda,ATP0.1,full_spectrum_reference,72,Mouse_460|WT-RLC|Control|ATP0.1,3.136794687025217,3.1367946870252172,4.440892098500626e-16,True
Awinda,ATP0.1,full_spectrum_reference,72,Mouse_464|WT-RLC|0.3_uM_mavacamten|ATP0.1,12.979165891352247,12.979165891352247,0.0,True
Awinda,ATP0.1,full_spectrum_reference,72,Mouse_464|WT-RLC|Control|ATP0.1,17.310716441417327,17.31071644141733,3.552713678800501e-15,True
Awinda,ATP0.1,full_spectrum_reference,72,Mouse_467|WT-RLC|0.3_uM_mavacamten|ATP0.1,17.928666396543843,17.928666396543846,3.552713678800501e-15,True
Awinda,ATP0.1,full_spectrum_reference,72,Mouse_467|WT-RLC|Control|ATP0.1,6.190711238868739,6.190711238868739,0.0,True
Awinda,ATP0.1,full_spectrum_reference,72,Mouse_469|WT-RLC|0.3_uM_mavacamten|ATP0.1,10.766746397521503,10.766746397521505,1.7763568394002505e-15,True
Awinda,ATP0.1,full_spectrum_reference,72,Mouse_469|WT-RLC|Control|ATP0.1,6.769264199573835,6.7692641995738345,8.881784197001252e-16,True
Awinda,ATP0.1,full_spectrum_reference,72,Mouse_470|WT-RLC|0.3_uM_mavacamten|ATP0.1,32.02492117185775,32.02492117185775,0.0,True
Awinda,ATP0.1,full_spectrum_reference,72,Mouse_470|WT-RLC|Control|ATP0.1,17.1327126466189,17.1327126466189,0.0,True
Awinda,ATP1,baseline_only,0,Mouse_328|N47K|Control|ATP1,3.8770080847468953,3.8770080847468953,0.0,True
Awinda,ATP1,baseline_only,0,Mouse_331|N47K|0.3_uM_mavacamten|ATP1,6.7615666379115895,6.7615666379115895,0.0,True
Awinda,ATP1,baseline_only,0,Mouse_331|N47K|Control|ATP1,5.5816113198897614,5.581611319889761,8.881784197001252e-16,True
Awinda,ATP1,baseline_only,0,Mouse_333|N47K|0.3_uM_mavacamten|ATP1,8.598647489216935,8.598647489216935,0.0,True
Awinda,ATP1,baseline_only,0,Mouse_333|N47K|Control|ATP1,3.372854230576859,3.372854230576859,0.0,True
Awinda,ATP1,baseline_only,0,Mouse_394|N47K|0.3_uM_mavacamten|ATP1,4.864122018509608,4.864122018509608,0.0,True
Awinda,ATP1,baseline_only,0,Mouse_394|N47K|Control|ATP1,5.797724109763493,5.797724109763492,8.881784197001252e-16,True
Awinda,ATP1,baseline_only,0,Mouse_401|N47K|0.3_uM_mavacamten|ATP1,11.904350739785464,11.904350739785464,0.0,True
Awinda,ATP1,baseline_only,0,Mouse_401|N47K|Control|ATP1,4.192196438386173,4.192196438386173,0.0,True
Awinda,ATP1,baseline_only,0,Mouse_460|WT-RLC|0.3_uM_mavacamten|ATP1,5.4896051133220185,5.4896051133220185,0.0,True
Awinda,ATP1,baseline_only,0,Mouse_460|WT-RLC|Control|ATP1,5.50726803875047,5.50726803875047,0.0,True
Awinda,ATP1,baseline_only,0,Mouse_464|WT-RLC|0.3_uM_mavacamten|ATP1,6.591700303663991,6.591700303663992,8.881784197001252e-16,True
Awinda,ATP1,baseline_only,0,Mouse_464|WT-RLC|Control|ATP1,3.5290650402776294,3.5290650402776294,0.0,True
Awinda,ATP1,baseline_only,0,Mouse_467|WT-RLC|0.3_uM_mavacamten|ATP1,5.323894478784321,5.323894478784321,0.0,True
Awinda,ATP1,baseline_only,0,Mouse_467|WT-RLC|Control|ATP1,3.921271107959873,3.9212711079598725,4.440892098500626e-16,True
Awinda,ATP1,baseline_only,0,Mouse_469|WT-RLC|0.3_uM_mavacamten|ATP1,10.418691935709283,10.418691935709283,0.0,True
Awinda,ATP1,baseline_only,0,Mouse_469|WT-RLC|Control|ATP1,8.799746507062265,8.799746507062263,1.7763568394002505e-15,True
Awinda,ATP1,baseline_only,0,Mouse_470|WT-RLC|0.3_uM_mavacamten|ATP1,22.819387459921785,22.819387459921785,0.0,True
Awinda,ATP1,baseline_only,0,Mouse_470|WT-RLC|Control|ATP1,3.603994713644699,3.603994713644699,0.0,True
Awinda,ATP1,rat_K_target,1,Mouse_328|N47K|Control|ATP1,3.3043079030571514,3.3043079030571514,0.0,True
Awinda,ATP1,rat_K_target,1,Mouse_331|N47K|0.3_uM_mavacamten|ATP1,7.181602050924125,7.181602050924126,8.881784197001252e-16,True
Awinda,ATP1,rat_K_target,1,Mouse_331|N47K|Control|ATP1,4.993196379172964,4.993196379172964,0.0,True
Awinda,ATP1,rat_K_target,1,Mouse_333|N47K|0.3_uM_mavacamten|ATP1,4.7926193016139695,4.79261930161397,8.881784197001252e-16,True
Awinda,ATP1,rat_K_target,1,Mouse_333|N47K|Control|ATP1,3.2686769026203093,3.2686769026203093,0.0,True
Awinda,ATP1,rat_K_target,1,Mouse_394|N47K|0.3_uM_mavacamten|ATP1,5.128788672639815,5.128788672639814,8.881784197001252e-16,True
Awinda,ATP1,rat_K_target,1,Mouse_394|N47K|Control|ATP1,4.528327370552457,4.528327370552457,0.0,True
Awinda,ATP1,rat_K_target,1,Mouse_401|N47K|0.3_uM_mavacamten|ATP1,7.780637067623189,7.780637067623189,0.0,True
Awinda,ATP1,rat_K_target,1,Mouse_401|N47K|Control|ATP1,3.2256720128488805,3.2256720128488805,0.0,True
Awinda,ATP1,rat_K_target,1,Mouse_460|WT-RLC|0.3_uM_mavacamten|ATP1,3.674798499655525,3.674798499655526,8.881784197001252e-16,True
Awinda,ATP1,rat_K_target,1,Mouse_460|WT-RLC|Control|ATP1,5.473512598706005,5.473512598706005,0.0,True
Awinda,ATP1,rat_K_target,1,Mouse_464|WT-RLC|0.3_uM_mavacamten|ATP1,8.29820258347398,8.298202583473982,1.7763568394002505e-15,True
Awinda,ATP1,rat_K_target,1,Mouse_464|WT-RLC|Control|ATP1,5.530987973712284,5.530987973712284,0.0,True
Awinda,ATP1,rat_K_target,1,Mouse_467|WT-RLC|0.3_uM_mavacamten|ATP1,9.20916877338268,9.209168773382677,3.552713678800501e-15,True
Awinda,ATP1,rat_K_target,1,Mouse_467|WT-RLC|Control|ATP1,3.943089874426213,3.943089874426213,0.0,True
Awinda,ATP1,rat_K_target,1,Mouse_469|WT-RLC|0.3_uM_mavacamten|ATP1,7.050708763073292,7.050708763073292,0.0,True
Awinda,ATP1,rat_K_target,1,Mouse_469|WT-RLC|Control|ATP1,4.949857092760586,4.949857092760586,0.0,True
Awinda,ATP1,rat_K_target,1,Mouse_470|WT-RLC|0.3_uM_mavacamten|ATP1,22.16507376698196,22.16507376698196,0.0,True
Awinda,ATP1,rat_K_target,1,Mouse_470|WT-RLC|Control|ATP1,4.32720123723254,4.32720123723254,0.0,True
Awinda,ATP1,rat_R_robust,1,Mouse_328|N47K|Control|ATP1,4.343503688234189,4.34350368823419,8.881784197001252e-16,True
Awinda,ATP1,rat_R_robust,1,Mouse_331|N47K|0.3_uM_mavacamten|ATP1,4.6028689238654525,4.6028689238654525,0.0,True
Awinda,ATP1,rat_R_robust,1,Mouse_331|N47K|Control|ATP1,5.178439916467749,5.17843991646775,8.881784197001252e-16,True
Awinda,ATP1,rat_R_robust,1,Mouse_333|N47K|0.3_uM_mavacamten|ATP1,6.214710325362112,6.214710325362111,8.881784197001252e-16,True
Awinda,ATP1,rat_R_robust,1,Mouse_333|N47K|Control|ATP1,3.31573279182192,3.31573279182192,0.0,True
Awinda,ATP1,rat_R_robust,1,Mouse_394|N47K|0.3_uM_mavacamten|ATP1,6.3854416921159896,6.3854416921159896,0.0,True
Awinda,ATP1,rat_R_robust,1,Mouse_394|N47K|Control|ATP1,6.050541856632843,6.050541856632843,0.0,True
Awinda,ATP1,rat_R_robust,1,Mouse_401|N47K|0.3_uM_mavacamten|ATP1,9.64571609942449,9.64571609942449,0.0,True
Awinda,ATP1,rat_R_robust,1,Mouse_401|N47K|Control|ATP1,4.18359144993036,4.1835914499303595,8.881784197001252e-16,True
Awinda,ATP1,rat_R_robust,1,Mouse_460|WT-RLC|0.3_uM_mavacamten|ATP1,8.74903136351291,8.74903136351291,0.0,True
Awinda,ATP1,rat_R_robust,1,Mouse_460|WT-RLC|Control|ATP1,6.6048730641643125,6.6048730641643125,0.0,True
Awinda,ATP1,rat_R_robust,1,Mouse_464|WT-RLC|0.3_uM_mavacamten|ATP1,7.363264115951959,7.36326411595196,8.881784197001252e-16,True
Awinda,ATP1,rat_R_robust,1,Mouse_464|WT-RLC|Control|ATP1,4.677426866652781,4.677426866652781,0.0,True
Awinda,ATP1,rat_R_robust,1,Mouse_467|WT-RLC|0.3_uM_mavacamten|ATP1,6.620164705242224,6.620164705242223,8.881784197001252e-16,True
Awinda,ATP1,rat_R_robust,1,Mouse_467|WT-RLC|Control|ATP1,3.733793985759176,3.7337939857591764,4.440892098500626e-16,True
Awinda,ATP1,rat_R_robust,1,Mouse_469|WT-RLC|0.3_uM_mavacamten|ATP1,6.941738623491639,6.94173862349164,8.881784197001252e-16,True
Awinda,ATP1,rat_R_robust,1,Mouse_469|WT-RLC|Control|ATP1,8.16851857510696,8.16851857510696,0.0,True
Awinda,ATP1,rat_R_robust,1,Mouse_470|WT-RLC|0.3_uM_mavacamten|ATP1,20.38364563566634,20.38364563566634,0.0,True
Awinda,ATP1,rat_R_robust,1,Mouse_470|WT-RLC|Control|ATP1,5.005620254639388,5.005620254639389,8.881784197001252e-16,True
Awinda,ATP1,rat_parameter_A,1,Mouse_328|N47K|Control|ATP1,4.343503688234189,4.34350368823419,8.881784197001252e-16,True
Awinda,ATP1,rat_parameter_A,1,Mouse_331|N47K|0.3_uM_mavacamten|ATP1,4.6028689238654525,4.6028689238654525,0.0,True
Awinda,ATP1,rat_parameter_A,1,Mouse_331|N47K|Control|ATP1,5.178439916467749,5.17843991646775,8.881784197001252e-16,True
Awinda,ATP1,rat_parameter_A,1,Mouse_333|N47K|0.3_uM_mavacamten|ATP1,6.214710325362112,6.214710325362111,8.881784197001252e-16,True
Awinda,ATP1,rat_parameter_A,1,Mouse_333|N47K|Control|ATP1,3.31573279182192,3.31573279182192,0.0,True
Awinda,ATP1,rat_parameter_A,1,Mouse_394|N47K|0.3_uM_mavacamten|ATP1,6.3854416921159896,6.3854416921159896,0.0,True
Awinda,ATP1,rat_parameter_A,1,Mouse_394|N47K|Control|ATP1,6.050541856632843,6.050541856632843,0.0,True
Awinda,ATP1,rat_parameter_A,1,Mouse_401|N47K|0.3_uM_mavacamten|ATP1,9.64571609942449,9.64571609942449,0.0,True
Awinda,ATP1,rat_parameter_A,1,Mouse_401|N47K|Control|ATP1,4.18359144993036,4.1835914499303595,8.881784197001252e-16,True
Awinda,ATP1,rat_parameter_A,1,Mouse_460|WT-RLC|0.3_uM_mavacamten|ATP1,8.74903136351291,8.74903136351291,0.0,True
Awinda,ATP1,rat_parameter_A,1,Mouse_460|WT-RLC|Control|ATP1,6.6048730641643125,6.6048730641643125,0.0,True
Awinda,ATP1,rat_parameter_A,1,Mouse_464|WT-RLC|0.3_uM_mavacamten|ATP1,7.363264115951959,7.36326411595196,8.881784197001252e-16,True
Awinda,ATP1,rat_parameter_A,1,Mouse_464|WT-RLC|Control|ATP1,4.677426866652781,4.677426866652781,0.0,True
Awinda,ATP1,rat_parameter_A,1,Mouse_467|WT-RLC|0.3_uM_mavacamten|ATP1,6.620164705242224,6.620164705242223,8.881784197001252e-16,True
Awinda,ATP1,rat_parameter_A,1,Mouse_467|WT-RLC|Control|ATP1,3.733793985759176,3.7337939857591764,4.440892098500626e-16,True
Awinda,ATP1,rat_parameter_A,1,Mouse_469|WT-RLC|0.3_uM_mavacamten|ATP1,6.941738623491639,6.94173862349164,8.881784197001252e-16,True
Awinda,ATP1,rat_parameter_A,1,Mouse_469|WT-RLC|Control|ATP1,8.16851857510696,8.16851857510696,0.0,True
Awinda,ATP1,rat_parameter_A,1,Mouse_470|WT-RLC|0.3_uM_mavacamten|ATP1,20.38364563566634,20.38364563566634,0.0,True
Awinda,ATP1,rat_parameter_A,1,Mouse_470|WT-RLC|Control|ATP1,5.005620254639388,5.005620254639389,8.881784197001252e-16,True
Awinda,ATP1,human_ND_source,1,Mouse_328|N47K|Control|ATP1,3.093242808142037,3.0932428081420364,4.440892098500626e-16,True
Awinda,ATP1,human_ND_source,1,Mouse_331|N47K|0.3_uM_mavacamten|ATP1,5.898801994273397,5.898801994273397,0.0,True
Awinda,ATP1,human_ND_source,1,Mouse_331|N47K|Control|ATP1,3.898933423020582,3.898933423020582,0.0,True
Awinda,ATP1,human_ND_source,1,Mouse_333|N47K|0.3_uM_mavacamten|ATP1,5.429008755097294,5.4290087550972945,8.881784197001252e-16,True
Awinda,ATP1,human_ND_source,1,Mouse_333|N47K|Control|ATP1,3.5606870844074594,3.5606870844074594,0.0,True
Awinda,ATP1,human_ND_source,1,Mouse_394|N47K|0.3_uM_mavacamten|ATP1,5.144498154094158,5.144498154094158,0.0,True
Awinda,ATP1,human_ND_source,1,Mouse_394|N47K|Control|ATP1,4.463140394497012,4.463140394497011,8.881784197001252e-16,True
Awinda,ATP1,human_ND_source,1,Mouse_401|N47K|0.3_uM_mavacamten|ATP1,6.463161913617949,6.463161913617948,8.881784197001252e-16,True
Awinda,ATP1,human_ND_source,1,Mouse_401|N47K|Control|ATP1,2.93475823389117,2.9347582338911695,4.440892098500626e-16,True
Awinda,ATP1,human_ND_source,1,Mouse_460|WT-RLC|0.3_uM_mavacamten|ATP1,3.8761023486122896,3.876102348612289,4.440892098500626e-16,True
Awinda,ATP1,human_ND_source,1,Mouse_460|WT-RLC|Control|ATP1,5.077598364198732,5.077598364198732,0.0,True
Awinda,ATP1,human_ND_source,1,Mouse_464|WT-RLC|0.3_uM_mavacamten|ATP1,4.15813281544136,4.158132815441361,8.881784197001252e-16,True
Awinda,ATP1,human_ND_source,1,Mouse_464|WT-RLC|Control|ATP1,4.455811203984669,4.45581120398467,8.881784197001252e-16,True
Awinda,ATP1,human_ND_source,1,Mouse_467|WT-RLC|0.3_uM_mavacamten|ATP1,7.574783268016008,7.5747832680160085,8.881784197001252e-16,True
Awinda,ATP1,human_ND_source,1,Mouse_467|WT-RLC|Control|ATP1,3.76308481070592,3.76308481070592,0.0,True
Awinda,ATP1,human_ND_source,1,Mouse_469|WT-RLC|0.3_uM_mavacamten|ATP1,7.077489581295317,7.077489581295316,8.881784197001252e-16,True
Awinda,ATP1,human_ND_source,1,Mouse_469|WT-RLC|Control|ATP1,6.385195981460917,6.3851959814609165,8.881784197001252e-16,True
Awinda,ATP1,human_ND_source,1,Mouse_470|WT-RLC|0.3_uM_mavacamten|ATP1,16.612227231890056,16.612227231890056,0.0,True
Awinda,ATP1,human_ND_source,1,Mouse_470|WT-RLC|Control|ATP1,3.935656636466121,3.93565663646612,8.881784197001252e-16,True
Awinda,ATP1,random_seeded,1,Mouse_328|N47K|Control|ATP1,4.343503688234189,4.34350368823419,8.881784197001252e-16,True
Awinda,ATP1,random_seeded,1,Mouse_331|N47K|0.3_uM_mavacamten|ATP1,4.6028689238654525,4.6028689238654525,0.0,True
Awinda,ATP1,random_seeded,1,Mouse_331|N47K|Control|ATP1,5.178439916467749,5.17843991646775,8.881784197001252e-16,True
Awinda,ATP1,random_seeded,1,Mouse_333|N47K|0.3_uM_mavacamten|ATP1,6.214710325362112,6.214710325362111,8.881784197001252e-16,True
Awinda,ATP1,random_seeded,1,Mouse_333|N47K|Control|ATP1,3.31573279182192,3.31573279182192,0.0,True
Awinda,ATP1,random_seeded,1,Mouse_394|N47K|0.3_uM_mavacamten|ATP1,6.3854416921159896,6.3854416921159896,0.0,True
Awinda,ATP1,random_seeded,1,Mouse_394|N47K|Control|ATP1,6.050541856632843,6.050541856632843,0.0,True
Awinda,ATP1,random_seeded,1,Mouse_401|N47K|0.3_uM_mavacamten|ATP1,9.64571609942449,9.64571609942449,0.0,True
Awinda,ATP1,random_seeded,1,Mouse_401|N47K|Control|ATP1,4.18359144993036,4.1835914499303595,8.881784197001252e-16,True
Awinda,ATP1,random_seeded,1,Mouse_460|WT-RLC|0.3_uM_mavacamten|ATP1,8.74903136351291,8.74903136351291,0.0,True
Awinda,ATP1,random_seeded,1,Mouse_460|WT-RLC|Control|ATP1,6.6048730641643125,6.6048730641643125,0.0,True
Awinda,ATP1,random_seeded,1,Mouse_464|WT-RLC|0.3_uM_mavacamten|ATP1,7.363264115951959,7.36326411595196,8.881784197001252e-16,True
Awinda,ATP1,random_seeded,1,Mouse_464|WT-RLC|Control|ATP1,4.677426866652781,4.677426866652781,0.0,True
Awinda,ATP1,random_seeded,1,Mouse_467|WT-RLC|0.3_uM_mavacamten|ATP1,6.620164705242224,6.620164705242223,8.881784197001252e-16,True
Awinda,ATP1,random_seeded,1,Mouse_467|WT-RLC|Control|ATP1,3.733793985759176,3.7337939857591764,4.440892098500626e-16,True
Awinda,ATP1,random_seeded,1,Mouse_469|WT-RLC|0.3_uM_mavacamten|ATP1,6.941738623491639,6.94173862349164,8.881784197001252e-16,True
Awinda,ATP1,random_seeded,1,Mouse_469|WT-RLC|Control|ATP1,8.16851857510696,8.16851857510696,0.0,True
Awinda,ATP1,random_seeded,1,Mouse_470|WT-RLC|0.3_uM_mavacamten|ATP1,20.38364563566634,20.38364563566634,0.0,True
Awinda,ATP1,random_seeded,1,Mouse_470|WT-RLC|Control|ATP1,5.005620254639388,5.005620254639389,8.881784197001252e-16,True
Awinda,ATP1,fixed_conventional,1,Mouse_328|N47K|Control|ATP1,4.343503688234189,4.34350368823419,8.881784197001252e-16,True
Awinda,ATP1,fixed_conventional,1,Mouse_331|N47K|0.3_uM_mavacamten|ATP1,4.6028689238654525,4.6028689238654525,0.0,True
Awinda,ATP1,fixed_conventional,1,Mouse_331|N47K|Control|ATP1,5.178439916467749,5.17843991646775,8.881784197001252e-16,True
Awinda,ATP1,fixed_conventional,1,Mouse_333|N47K|0.3_uM_mavacamten|ATP1,6.214710325362112,6.214710325362111,8.881784197001252e-16,True
Awinda,ATP1,fixed_conventional,1,Mouse_333|N47K|Control|ATP1,3.31573279182192,3.31573279182192,0.0,True
Awinda,ATP1,fixed_conventional,1,Mouse_394|N47K|0.3_uM_mavacamten|ATP1,6.3854416921159896,6.3854416921159896,0.0,True
Awinda,ATP1,fixed_conventional,1,Mouse_394|N47K|Control|ATP1,6.050541856632843,6.050541856632843,0.0,True
Awinda,ATP1,fixed_conventional,1,Mouse_401|N47K|0.3_uM_mavacamten|ATP1,9.64571609942449,9.64571609942449,0.0,True
Awinda,ATP1,fixed_conventional,1,Mouse_401|N47K|Control|ATP1,4.18359144993036,4.1835914499303595,8.881784197001252e-16,True
Awinda,ATP1,fixed_conventional,1,Mouse_460|WT-RLC|0.3_uM_mavacamten|ATP1,8.74903136351291,8.74903136351291,0.0,True
Awinda,ATP1,fixed_conventional,1,Mouse_460|WT-RLC|Control|ATP1,6.6048730641643125,6.6048730641643125,0.0,True
Awinda,ATP1,fixed_conventional,1,Mouse_464|WT-RLC|0.3_uM_mavacamten|ATP1,7.363264115951959,7.36326411595196,8.881784197001252e-16,True
Awinda,ATP1,fixed_conventional,1,Mouse_464|WT-RLC|Control|ATP1,4.677426866652781,4.677426866652781,0.0,True
Awinda,ATP1,fixed_conventional,1,Mouse_467|WT-RLC|0.3_uM_mavacamten|ATP1,6.620164705242224,6.620164705242223,8.881784197001252e-16,True
Awinda,ATP1,fixed_conventional,1,Mouse_467|WT-RLC|Control|ATP1,3.733793985759176,3.7337939857591764,4.440892098500626e-16,True
Awinda,ATP1,fixed_conventional,1,Mouse_469|WT-RLC|0.3_uM_mavacamten|ATP1,6.941738623491639,6.94173862349164,8.881784197001252e-16,True
Awinda,ATP1,fixed_conventional,1,Mouse_469|WT-RLC|Control|ATP1,8.16851857510696,8.16851857510696,0.0,True
Awinda,ATP1,fixed_conventional,1,Mouse_470|WT-RLC|0.3_uM_mavacamten|ATP1,20.38364563566634,20.38364563566634,0.0,True
Awinda,ATP1,fixed_conventional,1,Mouse_470|WT-RLC|Control|ATP1,5.005620254639388,5.005620254639389,8.881784197001252e-16,True
Awinda,ATP1,destination_nested_oracle,1,Mouse_328|N47K|Control|ATP1,3.093242808142037,3.0932428081420364,4.440892098500626e-16,True
Awinda,ATP1,destination_nested_oracle,1,Mouse_331|N47K|0.3_uM_mavacamten|ATP1,5.898801994273397,5.898801994273397,0.0,True
Awinda,ATP1,destination_nested_oracle,1,Mouse_331|N47K|Control|ATP1,3.898933423020582,3.898933423020582,0.0,True
Awinda,ATP1,destination_nested_oracle,1,Mouse_333|N47K|0.3_uM_mavacamten|ATP1,5.429008755097294,5.4290087550972945,8.881784197001252e-16,True
Awinda,ATP1,destination_nested_oracle,1,Mouse_333|N47K|Control|ATP1,3.5606870844074594,3.5606870844074594,0.0,True
Awinda,ATP1,destination_nested_oracle,1,Mouse_394|N47K|0.3_uM_mavacamten|ATP1,5.144498154094158,5.144498154094158,0.0,True
Awinda,ATP1,destination_nested_oracle,1,Mouse_394|N47K|Control|ATP1,4.463140394497012,4.463140394497011,8.881784197001252e-16,True
Awinda,ATP1,destination_nested_oracle,1,Mouse_401|N47K|0.3_uM_mavacamten|ATP1,6.463161913617949,6.463161913617948,8.881784197001252e-16,True
Awinda,ATP1,destination_nested_oracle,1,Mouse_401|N47K|Control|ATP1,2.93475823389117,2.9347582338911695,4.440892098500626e-16,True
Awinda,ATP1,destination_nested_oracle,1,Mouse_460|WT-RLC|0.3_uM_mavacamten|ATP1,3.8761023486122896,3.876102348612289,4.440892098500626e-16,True
Awinda,ATP1,destination_nested_oracle,1,Mouse_460|WT-RLC|Control|ATP1,5.077598364198732,5.077598364198732,0.0,True
Awinda,ATP1,destination_nested_oracle,1,Mouse_464|WT-RLC|0.3_uM_mavacamten|ATP1,4.15813281544136,4.158132815441361,8.881784197001252e-16,True
Awinda,ATP1,destination_nested_oracle,1,Mouse_464|WT-RLC|Control|ATP1,4.455811203984669,4.45581120398467,8.881784197001252e-16,True
Awinda,ATP1,destination_nested_oracle,1,Mouse_467|WT-RLC|0.3_uM_mavacamten|ATP1,7.574783268016008,7.5747832680160085,8.881784197001252e-16,True
Awinda,ATP1,destination_nested_oracle,1,Mouse_467|WT-RLC|Control|ATP1,3.76308481070592,3.76308481070592,0.0,True
Awinda,ATP1,destination_nested_oracle,1,Mouse_469|WT-RLC|0.3_uM_mavacamten|ATP1,7.077489581295317,7.077489581295316,8.881784197001252e-16,True
Awinda,ATP1,destination_nested_oracle,1,Mouse_469|WT-RLC|Control|ATP1,6.385195981460917,6.3851959814609165,8.881784197001252e-16,True
Awinda,ATP1,destination_nested_oracle,1,Mouse_470|WT-RLC|0.3_uM_mavacamten|ATP1,21.232687905201004,21.232687905201004,0.0,True
Awinda,ATP1,destination_nested_oracle,1,Mouse_470|WT-RLC|Control|ATP1,5.526298604231658,5.526298604231658,0.0,True
Awinda,ATP1,rat_K_target,2,Mouse_328|N47K|Control|ATP1,2.8494155316408367,2.8494155316408367,0.0,True
Awinda,ATP1,rat_K_target,2,Mouse_331|N47K|0.3_uM_mavacamten|ATP1,5.8927642691386,5.8927642691386,0.0,True
Awinda,ATP1,rat_K_target,2,Mouse_331|N47K|Control|ATP1,3.8164665071513086,3.8164665071513086,0.0,True
Awinda,ATP1,rat_K_target,2,Mouse_333|N47K|0.3_uM_mavacamten|ATP1,4.816797150133854,4.816797150133854,0.0,True
Awinda,ATP1,rat_K_target,2,Mouse_333|N47K|Control|ATP1,3.532120120132737,3.532120120132737,0.0,True
Awinda,ATP1,rat_K_target,2,Mouse_394|N47K|0.3_uM_mavacamten|ATP1,5.216787587795086,5.216787587795086,0.0,True
Awinda,ATP1,rat_K_target,2,Mouse_394|N47K|Control|ATP1,4.229300521437791,4.229300521437792,8.881784197001252e-16,True
Awinda,ATP1,rat_K_target,2,Mouse_401|N47K|0.3_uM_mavacamten|ATP1,5.436577551506408,5.436577551506407,8.881784197001252e-16,True
Awinda,ATP1,rat_K_target,2,Mouse_401|N47K|Control|ATP1,2.9251689358571897,2.9251689358571897,0.0,True
Awinda,ATP1,rat_K_target,2,Mouse_460|WT-RLC|0.3_uM_mavacamten|ATP1,3.6826632493979146,3.682663249397915,4.440892098500626e-16,True
Awinda,ATP1,rat_K_target,2,Mouse_460|WT-RLC|Control|ATP1,4.461215528496703,4.4612155284967026,8.881784197001252e-16,True
Awinda,ATP1,rat_K_target,2,Mouse_464|WT-RLC|0.3_uM_mavacamten|ATP1,5.712832615511156,5.7128326155111555,8.881784197001252e-16,True
Awinda,ATP1,rat_K_target,2,Mouse_464|WT-RLC|Control|ATP1,4.899781565544705,4.899781565544705,0.0,True
Awinda,ATP1,rat_K_target,2,Mouse_467|WT-RLC|0.3_uM_mavacamten|ATP1,7.912455890647162,7.912455890647163,8.881784197001252e-16,True
Awinda,ATP1,rat_K_target,2,Mouse_467|WT-RLC|Control|ATP1,3.685719505544189,3.685719505544189,0.0,True
Awinda,ATP1,rat_K_target,2,Mouse_469|WT-RLC|0.3_uM_mavacamten|ATP1,6.069851571231101,6.069851571231101,0.0,True
Awinda,ATP1,rat_K_target,2,Mouse_469|WT-RLC|Control|ATP1,5.561044856000564,5.5610448560005645,8.881784197001252e-16,True
Awinda,ATP1,rat_K_target,2,Mouse_470|WT-RLC|0.3_uM_mavacamten|ATP1,17.91895351289197,17.91895351289197,0.0,True
Awinda,ATP1,rat_K_target,2,Mouse_470|WT-RLC|Control|ATP1,4.312680001468625,4.312680001468625,0.0,True
Awinda,ATP1,rat_R_robust,2,Mouse_328|N47K|Control|ATP1,3.832231954563442,3.8322319545634422,4.440892098500626e-16,True
Awinda,ATP1,rat_R_robust,2,Mouse_331|N47K|0.3_uM_mavacamten|ATP1,4.402956569871721,4.40295656987172,8.881784197001252e-16,True
Awinda,ATP1,rat_R_robust,2,Mouse_331|N47K|Control|ATP1,4.617628341923571,4.617628341923571,0.0,True
Awinda,ATP1,rat_R_robust,2,Mouse_333|N47K|0.3_uM_mavacamten|ATP1,5.097637341270277,5.097637341270277,0.0,True
Awinda,ATP1,rat_R_robust,2,Mouse_333|N47K|Control|ATP1,3.315167507470403,3.315167507470403,0.0,True
Awinda,ATP1,rat_R_robust,2,Mouse_394|N47K|0.3_uM_mavacamten|ATP1,5.936399147046275,5.936399147046275,0.0,True
Awinda,ATP1,rat_R_robust,2,Mouse_394|N47K|Control|ATP1,5.2951577886669705,5.2951577886669705,0.0,True
Awinda,ATP1,rat_R_robust,2,Mouse_401|N47K|0.3_uM_mavacamten|ATP1,7.595260449406712,7.595260449406713,8.881784197001252e-16,True
Awinda,ATP1,rat_R_robust,2,Mouse_401|N47K|Control|ATP1,3.3063696895341312,3.306369689534131,4.440892098500626e-16,True
Awinda,ATP1,rat_R_robust,2,Mouse_460|WT-RLC|0.3_uM_mavacamten|ATP1,5.706330178685141,5.706330178685141,0.0,True
Awinda,ATP1,rat_R_robust,2,Mouse_460|WT-RLC|Control|ATP1,3.5773475699494224,3.577347569949423,4.440892098500626e-16,True
Awinda,ATP1,rat_R_robust,2,Mouse_464|WT-RLC|0.3_uM_mavacamten|ATP1,4.905218802310677,4.905218802310677,0.0,True
Awinda,ATP1,rat_R_robust,2,Mouse_464|WT-RLC|Control|ATP1,4.921624161174721,4.921624161174721,0.0,True
Awinda,ATP1,rat_R_robust,2,Mouse_467|WT-RLC|0.3_uM_mavacamten|ATP1,7.110976647507466,7.110976647507466,0.0,True
Awinda,ATP1,rat_R_robust,2,Mouse_467|WT-RLC|Control|ATP1,3.246114243861583,3.246114243861583,0.0,True
Awinda,ATP1,rat_R_robust,2,Mouse_469|WT-RLC|0.3_uM_mavacamten|ATP1,5.384348345615524,5.384348345615525,8.881784197001252e-16,True
Awinda,ATP1,rat_R_robust,2,Mouse_469|WT-RLC|Control|ATP1,5.884014602148791,5.884014602148791,0.0,True
Awinda,ATP1,rat_R_robust,2,Mouse_470|WT-RLC|0.3_uM_mavacamten|ATP1,17.58143965664132,17.58143965664132,0.0,True
Awinda,ATP1,rat_R_robust,2,Mouse_470|WT-RLC|Control|ATP1,4.974549318985494,4.974549318985494,0.0,True
Awinda,ATP1,rat_parameter_A,2,Mouse_328|N47K|Control|ATP1,3.832231954563442,3.8322319545634422,4.440892098500626e-16,True
Awinda,ATP1,rat_parameter_A,2,Mouse_331|N47K|0.3_uM_mavacamten|ATP1,4.402956569871722,4.402956569871722,0.0,True
Awinda,ATP1,rat_parameter_A,2,Mouse_331|N47K|Control|ATP1,4.617628341923572,4.617628341923572,0.0,True
Awinda,ATP1,rat_parameter_A,2,Mouse_333|N47K|0.3_uM_mavacamten|ATP1,5.097637341270276,5.097637341270276,0.0,True
Awinda,ATP1,rat_parameter_A,2,Mouse_333|N47K|Control|ATP1,3.315167507470403,3.315167507470403,0.0,True
Awinda,ATP1,rat_parameter_A,2,Mouse_394|N47K|0.3_uM_mavacamten|ATP1,5.936399147046275,5.936399147046275,0.0,True
Awinda,ATP1,rat_parameter_A,2,Mouse_394|N47K|Control|ATP1,5.2951577886669705,5.2951577886669705,0.0,True
Awinda,ATP1,rat_parameter_A,2,Mouse_401|N47K|0.3_uM_mavacamten|ATP1,7.595260449406714,7.595260449406714,0.0,True
Awinda,ATP1,rat_parameter_A,2,Mouse_401|N47K|Control|ATP1,3.3063696895341312,3.306369689534131,4.440892098500626e-16,True
Awinda,ATP1,rat_parameter_A,2,Mouse_460|WT-RLC|0.3_uM_mavacamten|ATP1,5.706330178685139,5.706330178685139,0.0,True
Awinda,ATP1,rat_parameter_A,2,Mouse_460|WT-RLC|Control|ATP1,3.577347569949422,3.5773475699494215,4.440892098500626e-16,True
Awinda,ATP1,rat_parameter_A,2,Mouse_464|WT-RLC|0.3_uM_mavacamten|ATP1,4.905218802310677,4.905218802310677,0.0,True
Awinda,ATP1,rat_parameter_A,2,Mouse_464|WT-RLC|Control|ATP1,4.921624161174719,4.921624161174719,0.0,True
Awinda,ATP1,rat_parameter_A,2,Mouse_467|WT-RLC|0.3_uM_mavacamten|ATP1,7.110976647507468,7.110976647507467,8.881784197001252e-16,True
Awinda,ATP1,rat_parameter_A,2,Mouse_467|WT-RLC|Control|ATP1,3.246114243861583,3.2461142438615824,4.440892098500626e-16,True
Awinda,ATP1,rat_parameter_A,2,Mouse_469|WT-RLC|0.3_uM_mavacamten|ATP1,5.384348345615524,5.384348345615525,8.881784197001252e-16,True
Awinda,ATP1,rat_parameter_A,2,Mouse_469|WT-RLC|Control|ATP1,5.884014602148791,5.884014602148791,0.0,True
Awinda,ATP1,rat_parameter_A,2,Mouse_470|WT-RLC|0.3_uM_mavacamten|ATP1,17.58143965664132,17.58143965664132,0.0,True
Awinda,ATP1,rat_parameter_A,2,Mouse_470|WT-RLC|Control|ATP1,4.974549318985494,4.974549318985494,0.0,True
Awinda,ATP1,human_ND_source,2,Mouse_328|N47K|Control|ATP1,3.37908171942033,3.37908171942033,0.0,True
Awinda,ATP1,human_ND_source,2,Mouse_331|N47K|0.3_uM_mavacamten|ATP1,4.1864160465202565,4.1864160465202565,0.0,True
Awinda,ATP1,human_ND_source,2,Mouse_331|N47K|Control|ATP1,3.844845870293849,3.844845870293849,0.0,True
Awinda,ATP1,human_ND_source,2,Mouse_333|N47K|0.3_uM_mavacamten|ATP1,5.319454282806662,5.319454282806662,0.0,True
Awinda,ATP1,human_ND_source,2,Mouse_333|N47K|Control|ATP1,3.634197950731108,3.634197950731108,0.0,True
Awinda,ATP1,human_ND_source,2,Mouse_394|N47K|0.3_uM_mavacamten|ATP1,6.030152200343318,6.030152200343318,0.0,True
Awinda,ATP1,human_ND_source,2,Mouse_394|N47K|Control|ATP1,5.5438854416982135,5.5438854416982135,0.0,True
Awinda,ATP1,human_ND_source,2,Mouse_401|N47K|0.3_uM_mavacamten|ATP1,6.50360628264125,6.5036062826412495,8.881784197001252e-16,True
Awinda,ATP1,human_ND_source,2,Mouse_401|N47K|Control|ATP1,2.8546882688233373,2.8546882688233373,0.0,True
Awinda,ATP1,human_ND_source,2,Mouse_460|WT-RLC|0.3_uM_mavacamten|ATP1,5.290053068366314,5.290053068366314,0.0,True
Awinda,ATP1,human_ND_source,2,Mouse_460|WT-RLC|Control|ATP1,3.367918511182914,3.367918511182914,0.0,True
Awinda,ATP1,human_ND_source,2,Mouse_464|WT-RLC|0.3_uM_mavacamten|ATP1,3.8593644790092823,3.859364479009283,8.881784197001252e-16,True
Awinda,ATP1,human_ND_source,2,Mouse_464|WT-RLC|Control|ATP1,3.5462511176075093,3.5462511176075093,0.0,True
Awinda,ATP1,human_ND_source,2,Mouse_467|WT-RLC|0.3_uM_mavacamten|ATP1,5.478420540652658,5.4784205406526585,8.881784197001252e-16,True
Awinda,ATP1,human_ND_source,2,Mouse_467|WT-RLC|Control|ATP1,3.313314890124317,3.313314890124316,8.881784197001252e-16,True
Awinda,ATP1,human_ND_source,2,Mouse_469|WT-RLC|0.3_uM_mavacamten|ATP1,5.484322244396494,5.484322244396494,0.0,True
Awinda,ATP1,human_ND_source,2,Mouse_469|WT-RLC|Control|ATP1,7.471438596547625,7.471438596547625,0.0,True
Awinda,ATP1,human_ND_source,2,Mouse_470|WT-RLC|0.3_uM_mavacamten|ATP1,16.220092364450785,16.220092364450785,0.0,True
Awinda,ATP1,human_ND_source,2,Mouse_470|WT-RLC|Control|ATP1,4.788996027906401,4.788996027906401,0.0,True
Awinda,ATP1,random_seeded,2,Mouse_328|N47K|Control|ATP1,2.8494155316408367,2.8494155316408367,0.0,True
Awinda,ATP1,random_seeded,2,Mouse_331|N47K|0.3_uM_mavacamten|ATP1,5.8927642691386,5.8927642691386,0.0,True
Awinda,ATP1,random_seeded,2,Mouse_331|N47K|Control|ATP1,3.8164665071513086,3.8164665071513086,0.0,True
Awinda,ATP1,random_seeded,2,Mouse_333|N47K|0.3_uM_mavacamten|ATP1,4.816797150133854,4.816797150133854,0.0,True
Awinda,ATP1,random_seeded,2,Mouse_333|N47K|Control|ATP1,3.532120120132737,3.532120120132737,0.0,True
Awinda,ATP1,random_seeded,2,Mouse_394|N47K|0.3_uM_mavacamten|ATP1,5.216787587795086,5.216787587795086,0.0,True
Awinda,ATP1,random_seeded,2,Mouse_394|N47K|Control|ATP1,4.229300521437791,4.229300521437792,8.881784197001252e-16,True
Awinda,ATP1,random_seeded,2,Mouse_401|N47K|0.3_uM_mavacamten|ATP1,5.436577551506408,5.436577551506407,8.881784197001252e-16,True
Awinda,ATP1,random_seeded,2,Mouse_401|N47K|Control|ATP1,2.9251689358571897,2.9251689358571897,0.0,True
Awinda,ATP1,random_seeded,2,Mouse_460|WT-RLC|0.3_uM_mavacamten|ATP1,3.6826632493979146,3.682663249397915,4.440892098500626e-16,True
Awinda,ATP1,random_seeded,2,Mouse_460|WT-RLC|Control|ATP1,4.461215528496703,4.4612155284967026,8.881784197001252e-16,True
Awinda,ATP1,random_seeded,2,Mouse_464|WT-RLC|0.3_uM_mavacamten|ATP1,5.712832615511156,5.7128326155111555,8.881784197001252e-16,True
Awinda,ATP1,random_seeded,2,Mouse_464|WT-RLC|Control|ATP1,4.899781565544705,4.899781565544705,0.0,True
Awinda,ATP1,random_seeded,2,Mouse_467|WT-RLC|0.3_uM_mavacamten|ATP1,7.912455890647162,7.912455890647163,8.881784197001252e-16,True
Awinda,ATP1,random_seeded,2,Mouse_467|WT-RLC|Control|ATP1,3.685719505544189,3.685719505544189,0.0,True
Awinda,ATP1,random_seeded,2,Mouse_469|WT-RLC|0.3_uM_mavacamten|ATP1,6.069851571231101,6.069851571231101,0.0,True
Awinda,ATP1,random_seeded,2,Mouse_469|WT-RLC|Control|ATP1,5.561044856000564,5.5610448560005645,8.881784197001252e-16,True
Awinda,ATP1,random_seeded,2,Mouse_470|WT-RLC|0.3_uM_mavacamten|ATP1,17.91895351289197,17.91895351289197,0.0,True
Awinda,ATP1,random_seeded,2,Mouse_470|WT-RLC|Control|ATP1,4.312680001468625,4.312680001468625,0.0,True
Awinda,ATP1,fixed_conventional,2,Mouse_328|N47K|Control|ATP1,3.832231954563442,3.8322319545634422,4.440892098500626e-16,True
Awinda,ATP1,fixed_conventional,2,Mouse_331|N47K|0.3_uM_mavacamten|ATP1,4.402956569871722,4.402956569871722,0.0,True
Awinda,ATP1,fixed_conventional,2,Mouse_331|N47K|Control|ATP1,4.617628341923572,4.617628341923572,0.0,True
Awinda,ATP1,fixed_conventional,2,Mouse_333|N47K|0.3_uM_mavacamten|ATP1,5.097637341270276,5.097637341270276,0.0,True
Awinda,ATP1,fixed_conventional,2,Mouse_333|N47K|Control|ATP1,3.315167507470403,3.315167507470403,0.0,True
Awinda,ATP1,fixed_conventional,2,Mouse_394|N47K|0.3_uM_mavacamten|ATP1,5.936399147046275,5.936399147046275,0.0,True
Awinda,ATP1,fixed_conventional,2,Mouse_394|N47K|Control|ATP1,5.2951577886669705,5.2951577886669705,0.0,True
Awinda,ATP1,fixed_conventional,2,Mouse_401|N47K|0.3_uM_mavacamten|ATP1,7.595260449406714,7.595260449406714,0.0,True
Awinda,ATP1,fixed_conventional,2,Mouse_401|N47K|Control|ATP1,3.3063696895341312,3.306369689534131,4.440892098500626e-16,True
Awinda,ATP1,fixed_conventional,2,Mouse_460|WT-RLC|0.3_uM_mavacamten|ATP1,5.706330178685139,5.706330178685139,0.0,True
Awinda,ATP1,fixed_conventional,2,Mouse_460|WT-RLC|Control|ATP1,3.577347569949422,3.5773475699494215,4.440892098500626e-16,True
Awinda,ATP1,fixed_conventional,2,Mouse_464|WT-RLC|0.3_uM_mavacamten|ATP1,4.905218802310677,4.905218802310677,0.0,True
Awinda,ATP1,fixed_conventional,2,Mouse_464|WT-RLC|Control|ATP1,4.921624161174719,4.921624161174719,0.0,True
Awinda,ATP1,fixed_conventional,2,Mouse_467|WT-RLC|0.3_uM_mavacamten|ATP1,7.110976647507468,7.110976647507467,8.881784197001252e-16,True
Awinda,ATP1,fixed_conventional,2,Mouse_467|WT-RLC|Control|ATP1,3.246114243861583,3.2461142438615824,4.440892098500626e-16,True
Awinda,ATP1,fixed_conventional,2,Mouse_469|WT-RLC|0.3_uM_mavacamten|ATP1,5.384348345615524,5.384348345615525,8.881784197001252e-16,True
Awinda,ATP1,fixed_conventional,2,Mouse_469|WT-RLC|Control|ATP1,5.884014602148791,5.884014602148791,0.0,True
Awinda,ATP1,fixed_conventional,2,Mouse_470|WT-RLC|0.3_uM_mavacamten|ATP1,17.58143965664132,17.58143965664132,0.0,True
Awinda,ATP1,fixed_conventional,2,Mouse_470|WT-RLC|Control|ATP1,4.974549318985494,4.974549318985494,0.0,True
Awinda,ATP1,destination_nested_oracle,2,Mouse_328|N47K|Control|ATP1,3.37908171942033,3.37908171942033,0.0,True
Awinda,ATP1,destination_nested_oracle,2,Mouse_331|N47K|0.3_uM_mavacamten|ATP1,5.8927642691386,5.8927642691386,0.0,True
Awinda,ATP1,destination_nested_oracle,2,Mouse_331|N47K|Control|ATP1,3.8164665071513086,3.8164665071513086,0.0,True
Awinda,ATP1,destination_nested_oracle,2,Mouse_333|N47K|0.3_uM_mavacamten|ATP1,4.816797150133854,4.816797150133854,0.0,True
Awinda,ATP1,destination_nested_oracle,2,Mouse_333|N47K|Control|ATP1,3.532120120132737,3.532120120132737,0.0,True
Awinda,ATP1,destination_nested_oracle,2,Mouse_394|N47K|0.3_uM_mavacamten|ATP1,6.030152200343318,6.030152200343318,0.0,True
Awinda,ATP1,destination_nested_oracle,2,Mouse_394|N47K|Control|ATP1,5.5438854416982135,5.5438854416982135,0.0,True
Awinda,ATP1,destination_nested_oracle,2,Mouse_401|N47K|0.3_uM_mavacamten|ATP1,6.50360628264125,6.5036062826412495,8.881784197001252e-16,True
Awinda,ATP1,destination_nested_oracle,2,Mouse_401|N47K|Control|ATP1,2.8546882688233373,2.8546882688233373,0.0,True
Awinda,ATP1,destination_nested_oracle,2,Mouse_460|WT-RLC|0.3_uM_mavacamten|ATP1,5.290053068366314,5.290053068366314,0.0,True
Awinda,ATP1,destination_nested_oracle,2,Mouse_460|WT-RLC|Control|ATP1,3.367918511182914,3.367918511182914,0.0,True
Awinda,ATP1,destination_nested_oracle,2,Mouse_464|WT-RLC|0.3_uM_mavacamten|ATP1,5.712832615511156,5.7128326155111555,8.881784197001252e-16,True
Awinda,ATP1,destination_nested_oracle,2,Mouse_464|WT-RLC|Control|ATP1,4.899781565544705,4.899781565544705,0.0,True
Awinda,ATP1,destination_nested_oracle,2,Mouse_467|WT-RLC|0.3_uM_mavacamten|ATP1,7.912455890647162,7.912455890647163,8.881784197001252e-16,True
Awinda,ATP1,destination_nested_oracle,2,Mouse_467|WT-RLC|Control|ATP1,3.685719505544189,3.685719505544189,0.0,True
Awinda,ATP1,destination_nested_oracle,2,Mouse_469|WT-RLC|0.3_uM_mavacamten|ATP1,5.484322244396494,5.484322244396494,0.0,True
Awinda,ATP1,destination_nested_oracle,2,Mouse_469|WT-RLC|Control|ATP1,7.471438596547625,7.471438596547625,0.0,True
Awinda,ATP1,destination_nested_oracle,2,Mouse_470|WT-RLC|0.3_uM_mavacamten|ATP1,16.220092364450785,16.220092364450785,0.0,True
Awinda,ATP1,destination_nested_oracle,2,Mouse_470|WT-RLC|Control|ATP1,4.788996027906401,4.788996027906401,0.0,True
Awinda,ATP1,rat_K_target,3,Mouse_328|N47K|Control|ATP1,2.9413089699243944,2.941308969924395,4.440892098500626e-16,True
Awinda,ATP1,rat_K_target,3,Mouse_331|N47K|0.3_uM_mavacamten|ATP1,5.835279148454449,5.835279148454449,0.0,True
Awinda,ATP1,rat_K_target,3,Mouse_331|N47K|Control|ATP1,3.754486569902778,3.7544865699027774,4.440892098500626e-16,True
Awinda,ATP1,rat_K_target,3,Mouse_333|N47K|0.3_uM_mavacamten|ATP1,4.890918175102065,4.890918175102065,0.0,True
Awinda,ATP1,rat_K_target,3,Mouse_333|N47K|Control|ATP1,3.643199245643221,3.6431992456432214,4.440892098500626e-16,True
Awinda,ATP1,rat_K_target,3,Mouse_394|N47K|0.3_uM_mavacamten|ATP1,5.546174826155889,5.546174826155889,0.0,True
Awinda,ATP1,rat_K_target,3,Mouse_394|N47K|Control|ATP1,4.873676133303952,4.8736761333039516,8.881784197001252e-16,True
Awinda,ATP1,rat_K_target,3,Mouse_401|N47K|0.3_uM_mavacamten|ATP1,4.896949510616287,4.896949510616287,0.0,True
Awinda,ATP1,rat_K_target,3,Mouse_401|N47K|Control|ATP1,2.7792711044236915,2.7792711044236915,0.0,True
Awinda,ATP1,rat_K_target,3,Mouse_460|WT-RLC|0.3_uM_mavacamten|ATP1,3.732203507252005,3.732203507252006,8.881784197001252e-16,True
Awinda,ATP1,rat_K_target,3,Mouse_460|WT-RLC|Control|ATP1,3.3959172973920118,3.3959172973920113,4.440892098500626e-16,True
Awinda,ATP1,rat_K_target,3,Mouse_464|WT-RLC|0.3_uM_mavacamten|ATP1,5.348536435746495,5.348536435746496,8.881784197001252e-16,True
Awinda,ATP1,rat_K_target,3,Mouse_464|WT-RLC|Control|ATP1,5.905948273047878,5.905948273047879,8.881784197001252e-16,True
Awinda,ATP1,rat_K_target,3,Mouse_467|WT-RLC|0.3_uM_mavacamten|ATP1,7.899117674066873,7.899117674066873,0.0,True
Awinda,ATP1,rat_K_target,3,Mouse_467|WT-RLC|Control|ATP1,3.787882306623672,3.787882306623673,8.881784197001252e-16,True
Awinda,ATP1,rat_K_target,3,Mouse_469|WT-RLC|0.3_uM_mavacamten|ATP1,6.08130914413489,6.08130914413489,0.0,True
Awinda,ATP1,rat_K_target,3,Mouse_469|WT-RLC|Control|ATP1,6.541727475357622,6.541727475357622,0.0,True
Awinda,ATP1,rat_K_target,3,Mouse_470|WT-RLC|0.3_uM_mavacamten|ATP1,17.681411882059617,17.681411882059617,0.0,True
Awinda,ATP1,rat_K_target,3,Mouse_470|WT-RLC|Control|ATP1,5.341114445808856,5.341114445808856,0.0,True
Awinda,ATP1,rat_R_robust,3,Mouse_328|N47K|Control|ATP1,3.1957600912471045,3.1957600912471045,0.0,True
Awinda,ATP1,rat_R_robust,3,Mouse_331|N47K|0.3_uM_mavacamten|ATP1,4.243821355740513,4.243821355740513,0.0,True
Awinda,ATP1,rat_R_robust,3,Mouse_331|N47K|Control|ATP1,3.8262436819486942,3.826243681948694,4.440892098500626e-16,True
Awinda,ATP1,rat_R_robust,3,Mouse_333|N47K|0.3_uM_mavacamten|ATP1,5.024562128400374,5.024562128400374,0.0,True
Awinda,ATP1,rat_R_robust,3,Mouse_333|N47K|Control|ATP1,3.567504591017181,3.5675045910171814,4.440892098500626e-16,True
Awinda,ATP1,rat_R_robust,3,Mouse_394|N47K|0.3_uM_mavacamten|ATP1,5.830763318896903,5.830763318896903,0.0,True
Awinda,ATP1,rat_R_robust,3,Mouse_394|N47K|Control|ATP1,4.9904814384474045,4.9904814384474045,0.0,True
Awinda,ATP1,rat_R_robust,3,Mouse_401|N47K|0.3_uM_mavacamten|ATP1,6.437613308643531,6.437613308643531,0.0,True
Awinda,ATP1,rat_R_robust,3,Mouse_401|N47K|Control|ATP1,2.943986703275514,2.9439867032755136,4.440892098500626e-16,True
Awinda,ATP1,rat_R_robust,3,Mouse_460|WT-RLC|0.3_uM_mavacamten|ATP1,5.074241271391973,5.074241271391972,8.881784197001252e-16,True
Awinda,ATP1,rat_R_robust,3,Mouse_460|WT-RLC|Control|ATP1,3.2776060338104083,3.2776060338104083,0.0,True
Awinda,ATP1,rat_R_robust,3,Mouse_464|WT-RLC|0.3_uM_mavacamten|ATP1,4.141520317151028,4.141520317151029,8.881784197001252e-16,True
Awinda,ATP1,rat_R_robust,3,Mouse_464|WT-RLC|Control|ATP1,4.837567890550441,4.837567890550442,8.881784197001252e-16,True
Awinda,ATP1,rat_R_robust,3,Mouse_467|WT-RLC|0.3_uM_mavacamten|ATP1,6.865258638511734,6.865258638511734,0.0,True
Awinda,ATP1,rat_R_robust,3,Mouse_467|WT-RLC|Control|ATP1,3.221767669706921,3.221767669706921,0.0,True
Awinda,ATP1,rat_R_robust,3,Mouse_469|WT-RLC|0.3_uM_mavacamten|ATP1,5.243714990486264,5.243714990486264,0.0,True
Awinda,ATP1,rat_R_robust,3,Mouse_469|WT-RLC|Control|ATP1,6.60728940564874,6.607289405648742,1.7763568394002505e-15,True
Awinda,ATP1,rat_R_robust,3,Mouse_470|WT-RLC|0.3_uM_mavacamten|ATP1,16.25570732353553,16.255707323535532,3.552713678800501e-15,True
Awinda,ATP1,rat_R_robust,3,Mouse_470|WT-RLC|Control|ATP1,4.896789098827941,4.8967890988279414,8.881784197001252e-16,True
Awinda,ATP1,rat_parameter_A,3,Mouse_328|N47K|Control|ATP1,3.235400334555652,3.2354003345556523,4.440892098500626e-16,True
Awinda,ATP1,rat_parameter_A,3,Mouse_331|N47K|0.3_uM_mavacamten|ATP1,4.60159384989336,4.6015938498933595,8.881784197001252e-16,True
Awinda,ATP1,rat_parameter_A,3,Mouse_331|N47K|Control|ATP1,4.357212543636999,4.357212543636999,0.0,True
Awinda,ATP1,rat_parameter_A,3,Mouse_333|N47K|0.3_uM_mavacamten|ATP1,4.829797792750132,4.829797792750132,0.0,True
Awinda,ATP1,rat_parameter_A,3,Mouse_333|N47K|Control|ATP1,3.52535170846258,3.52535170846258,0.0,True
Awinda,ATP1,rat_parameter_A,3,Mouse_394|N47K|0.3_uM_mavacamten|ATP1,5.6476868631782375,5.6476868631782375,0.0,True
Awinda,ATP1,rat_parameter_A,3,Mouse_394|N47K|Control|ATP1,4.868013757091182,4.868013757091182,0.0,True
Awinda,ATP1,rat_parameter_A,3,Mouse_401|N47K|0.3_uM_mavacamten|ATP1,7.135979497231106,7.135979497231105,8.881784197001252e-16,True
Awinda,ATP1,rat_parameter_A,3,Mouse_401|N47K|Control|ATP1,3.265020419183947,3.2650204191839474,4.440892098500626e-16,True
Awinda,ATP1,rat_parameter_A,3,Mouse_460|WT-RLC|0.3_uM_mavacamten|ATP1,5.4585473766307295,5.4585473766307295,0.0,True
Awinda,ATP1,rat_parameter_A,3,Mouse_460|WT-RLC|Control|ATP1,4.3107973456284245,4.3107973456284245,0.0,True
Awinda,ATP1,rat_parameter_A,3,Mouse_464|WT-RLC|0.3_uM_mavacamten|ATP1,5.224939043408864,5.224939043408864,0.0,True
Awinda,ATP1,rat_parameter_A,3,Mouse_464|WT-RLC|Control|ATP1,6.740850375924549,6.740850375924549,0.0,True
Awinda,ATP1,rat_parameter_A,3,Mouse_467|WT-RLC|0.3_uM_mavacamten|ATP1,7.645928276920697,7.645928276920697,0.0,True
Awinda,ATP1,rat_parameter_A,3,Mouse_467|WT-RLC|Control|ATP1,3.3663397017380405,3.3663397017380405,0.0,True
Awinda,ATP1,rat_parameter_A,3,Mouse_469|WT-RLC|0.3_uM_mavacamten|ATP1,5.665110464757885,5.665110464757885,0.0,True
Awinda,ATP1,rat_parameter_A,3,Mouse_469|WT-RLC|Control|ATP1,5.831492595767463,5.831492595767462,8.881784197001252e-16,True
Awinda,ATP1,rat_parameter_A,3,Mouse_470|WT-RLC|0.3_uM_mavacamten|ATP1,17.706804691770543,17.706804691770543,0.0,True
Awinda,ATP1,rat_parameter_A,3,Mouse_470|WT-RLC|Control|ATP1,5.569180983512657,5.569180983512657,0.0,True
Awinda,ATP1,human_ND_source,3,Mouse_328|N47K|Control|ATP1,3.1957600912471045,3.1957600912471045,0.0,True
Awinda,ATP1,human_ND_source,3,Mouse_331|N47K|0.3_uM_mavacamten|ATP1,4.243821355740512,4.243821355740513,8.881784197001252e-16,True
Awinda,ATP1,human_ND_source,3,Mouse_331|N47K|Control|ATP1,3.8262436819486942,3.826243681948694,4.440892098500626e-16,True
Awinda,ATP1,human_ND_source,3,Mouse_333|N47K|0.3_uM_mavacamten|ATP1,5.024562128400374,5.024562128400374,0.0,True
Awinda,ATP1,human_ND_source,3,Mouse_333|N47K|Control|ATP1,3.567504591017181,3.567504591017181,0.0,True
Awinda,ATP1,human_ND_source,3,Mouse_394|N47K|0.3_uM_mavacamten|ATP1,5.830763318896903,5.830763318896903,0.0,True
Awinda,ATP1,human_ND_source,3,Mouse_394|N47K|Control|ATP1,4.990481438447403,4.990481438447403,0.0,True
Awinda,ATP1,human_ND_source,3,Mouse_401|N47K|0.3_uM_mavacamten|ATP1,6.437613308643529,6.43761330864353,8.881784197001252e-16,True
Awinda,ATP1,human_ND_source,3,Mouse_401|N47K|Control|ATP1,2.9439867032755145,2.9439867032755145,0.0,True
Awinda,ATP1,human_ND_source,3,Mouse_460|WT-RLC|0.3_uM_mavacamten|ATP1,5.074241271391971,5.074241271391971,0.0,True
Awinda,ATP1,human_ND_source,3,Mouse_460|WT-RLC|Control|ATP1,3.277606033810407,3.277606033810407,0.0,True
Awinda,ATP1,human_ND_source,3,Mouse_464|WT-RLC|0.3_uM_mavacamten|ATP1,4.141520317151028,4.141520317151028,0.0,True
Awinda,ATP1,human_ND_source,3,Mouse_464|WT-RLC|Control|ATP1,4.8375678905504405,4.8375678905504405,0.0,True
Awinda,ATP1,human_ND_source,3,Mouse_467|WT-RLC|0.3_uM_mavacamten|ATP1,6.865258638511734,6.865258638511734,0.0,True
Awinda,ATP1,human_ND_source,3,Mouse_467|WT-RLC|Control|ATP1,3.221767669706921,3.221767669706921,0.0,True
Awinda,ATP1,human_ND_source,3,Mouse_469|WT-RLC|0.3_uM_mavacamten|ATP1,5.243714990486264,5.243714990486264,0.0,True
Awinda,ATP1,human_ND_source,3,Mouse_469|WT-RLC|Control|ATP1,6.607289405648744,6.607289405648743,8.881784197001252e-16,True
Awinda,ATP1,human_ND_source,3,Mouse_470|WT-RLC|0.3_uM_mavacamten|ATP1,16.25570732353553,16.25570732353553,0.0,True
Awinda,ATP1,human_ND_source,3,Mouse_470|WT-RLC|Control|ATP1,4.896789098827941,4.8967890988279414,8.881784197001252e-16,True
Awinda,ATP1,random_seeded,3,Mouse_328|N47K|Control|ATP1,2.9413089699243944,2.941308969924395,4.440892098500626e-16,True
Awinda,ATP1,random_seeded,3,Mouse_331|N47K|0.3_uM_mavacamten|ATP1,5.835279148454449,5.835279148454449,0.0,True
Awinda,ATP1,random_seeded,3,Mouse_331|N47K|Control|ATP1,3.754486569902778,3.7544865699027774,4.440892098500626e-16,True
Awinda,ATP1,random_seeded,3,Mouse_333|N47K|0.3_uM_mavacamten|ATP1,4.890918175102065,4.890918175102065,0.0,True
Awinda,ATP1,random_seeded,3,Mouse_333|N47K|Control|ATP1,3.643199245643221,3.6431992456432214,4.440892098500626e-16,True
Awinda,ATP1,random_seeded,3,Mouse_394|N47K|0.3_uM_mavacamten|ATP1,5.546174826155889,5.546174826155889,0.0,True
Awinda,ATP1,random_seeded,3,Mouse_394|N47K|Control|ATP1,4.873676133303952,4.8736761333039516,8.881784197001252e-16,True
Awinda,ATP1,random_seeded,3,Mouse_401|N47K|0.3_uM_mavacamten|ATP1,4.896949510616287,4.896949510616287,0.0,True
Awinda,ATP1,random_seeded,3,Mouse_401|N47K|Control|ATP1,2.7792711044236915,2.7792711044236915,0.0,True
Awinda,ATP1,random_seeded,3,Mouse_460|WT-RLC|0.3_uM_mavacamten|ATP1,3.732203507252005,3.732203507252006,8.881784197001252e-16,True
Awinda,ATP1,random_seeded,3,Mouse_460|WT-RLC|Control|ATP1,3.3959172973920118,3.3959172973920113,4.440892098500626e-16,True
Awinda,ATP1,random_seeded,3,Mouse_464|WT-RLC|0.3_uM_mavacamten|ATP1,5.348536435746495,5.348536435746496,8.881784197001252e-16,True
Awinda,ATP1,random_seeded,3,Mouse_464|WT-RLC|Control|ATP1,5.905948273047878,5.905948273047879,8.881784197001252e-16,True
Awinda,ATP1,random_seeded,3,Mouse_467|WT-RLC|0.3_uM_mavacamten|ATP1,7.899117674066873,7.899117674066873,0.0,True
Awinda,ATP1,random_seeded,3,Mouse_467|WT-RLC|Control|ATP1,3.787882306623672,3.787882306623673,8.881784197001252e-16,True
Awinda,ATP1,random_seeded,3,Mouse_469|WT-RLC|0.3_uM_mavacamten|ATP1,6.08130914413489,6.08130914413489,0.0,True
Awinda,ATP1,random_seeded,3,Mouse_469|WT-RLC|Control|ATP1,6.541727475357622,6.541727475357622,0.0,True
Awinda,ATP1,random_seeded,3,Mouse_470|WT-RLC|0.3_uM_mavacamten|ATP1,17.681411882059617,17.681411882059617,0.0,True
Awinda,ATP1,random_seeded,3,Mouse_470|WT-RLC|Control|ATP1,5.341114445808856,5.341114445808856,0.0,True
Awinda,ATP1,fixed_conventional,3,Mouse_328|N47K|Control|ATP1,3.1957600912471045,3.1957600912471045,0.0,True
Awinda,ATP1,fixed_conventional,3,Mouse_331|N47K|0.3_uM_mavacamten|ATP1,4.243821355740512,4.243821355740513,8.881784197001252e-16,True
Awinda,ATP1,fixed_conventional,3,Mouse_331|N47K|Control|ATP1,3.8262436819486942,3.826243681948694,4.440892098500626e-16,True
Awinda,ATP1,fixed_conventional,3,Mouse_333|N47K|0.3_uM_mavacamten|ATP1,5.024562128400374,5.024562128400374,0.0,True
Awinda,ATP1,fixed_conventional,3,Mouse_333|N47K|Control|ATP1,3.567504591017181,3.567504591017181,0.0,True
Awinda,ATP1,fixed_conventional,3,Mouse_394|N47K|0.3_uM_mavacamten|ATP1,5.830763318896903,5.830763318896903,0.0,True
Awinda,ATP1,fixed_conventional,3,Mouse_394|N47K|Control|ATP1,4.990481438447403,4.990481438447403,0.0,True
Awinda,ATP1,fixed_conventional,3,Mouse_401|N47K|0.3_uM_mavacamten|ATP1,6.437613308643529,6.43761330864353,8.881784197001252e-16,True
Awinda,ATP1,fixed_conventional,3,Mouse_401|N47K|Control|ATP1,2.9439867032755145,2.9439867032755145,0.0,True
Awinda,ATP1,fixed_conventional,3,Mouse_460|WT-RLC|0.3_uM_mavacamten|ATP1,5.074241271391971,5.074241271391971,0.0,True
Awinda,ATP1,fixed_conventional,3,Mouse_460|WT-RLC|Control|ATP1,3.277606033810407,3.277606033810407,0.0,True
Awinda,ATP1,fixed_conventional,3,Mouse_464|WT-RLC|0.3_uM_mavacamten|ATP1,4.141520317151028,4.141520317151028,0.0,True
Awinda,ATP1,fixed_conventional,3,Mouse_464|WT-RLC|Control|ATP1,4.8375678905504405,4.8375678905504405,0.0,True
Awinda,ATP1,fixed_conventional,3,Mouse_467|WT-RLC|0.3_uM_mavacamten|ATP1,6.865258638511734,6.865258638511734,0.0,True
Awinda,ATP1,fixed_conventional,3,Mouse_467|WT-RLC|Control|ATP1,3.221767669706921,3.221767669706921,0.0,True
Awinda,ATP1,fixed_conventional,3,Mouse_469|WT-RLC|0.3_uM_mavacamten|ATP1,5.243714990486264,5.243714990486264,0.0,True
Awinda,ATP1,fixed_conventional,3,Mouse_469|WT-RLC|Control|ATP1,6.607289405648744,6.607289405648743,8.881784197001252e-16,True
Awinda,ATP1,fixed_conventional,3,Mouse_470|WT-RLC|0.3_uM_mavacamten|ATP1,16.25570732353553,16.25570732353553,0.0,True
Awinda,ATP1,fixed_conventional,3,Mouse_470|WT-RLC|Control|ATP1,4.896789098827941,4.8967890988279414,8.881784197001252e-16,True
Awinda,ATP1,destination_nested_oracle,3,Mouse_328|N47K|Control|ATP1,3.1957600912471045,3.1957600912471045,0.0,True
Awinda,ATP1,destination_nested_oracle,3,Mouse_331|N47K|0.3_uM_mavacamten|ATP1,5.835279148454449,5.835279148454449,0.0,True
Awinda,ATP1,destination_nested_oracle,3,Mouse_331|N47K|Control|ATP1,3.754486569902778,3.7544865699027774,4.440892098500626e-16,True
Awinda,ATP1,destination_nested_oracle,3,Mouse_333|N47K|0.3_uM_mavacamten|ATP1,5.024562128400374,5.024562128400374,0.0,True
Awinda,ATP1,destination_nested_oracle,3,Mouse_333|N47K|Control|ATP1,3.567504591017181,3.567504591017181,0.0,True
Awinda,ATP1,destination_nested_oracle,3,Mouse_394|N47K|0.3_uM_mavacamten|ATP1,5.830763318896903,5.830763318896903,0.0,True
Awinda,ATP1,destination_nested_oracle,3,Mouse_394|N47K|Control|ATP1,4.990481438447403,4.990481438447403,0.0,True
Awinda,ATP1,destination_nested_oracle,3,Mouse_401|N47K|0.3_uM_mavacamten|ATP1,6.437613308643529,6.43761330864353,8.881784197001252e-16,True
Awinda,ATP1,destination_nested_oracle,3,Mouse_401|N47K|Control|ATP1,2.9439867032755145,2.9439867032755145,0.0,True
Awinda,ATP1,destination_nested_oracle,3,Mouse_460|WT-RLC|0.3_uM_mavacamten|ATP1,5.074241271391971,5.074241271391971,0.0,True
Awinda,ATP1,destination_nested_oracle,3,Mouse_460|WT-RLC|Control|ATP1,3.277606033810407,3.277606033810407,0.0,True
Awinda,ATP1,destination_nested_oracle,3,Mouse_464|WT-RLC|0.3_uM_mavacamten|ATP1,4.141520317151028,4.141520317151028,0.0,True
Awinda,ATP1,destination_nested_oracle,3,Mouse_464|WT-RLC|Control|ATP1,4.8375678905504405,4.8375678905504405,0.0,True
Awinda,ATP1,destination_nested_oracle,3,Mouse_467|WT-RLC|0.3_uM_mavacamten|ATP1,6.865258638511734,6.865258638511734,0.0,True
Awinda,ATP1,destination_nested_oracle,3,Mouse_467|WT-RLC|Control|ATP1,3.221767669706921,3.221767669706921,0.0,True
Awinda,ATP1,destination_nested_oracle,3,Mouse_469|WT-RLC|0.3_uM_mavacamten|ATP1,6.08130914413489,6.08130914413489,0.0,True
Awinda,ATP1,destination_nested_oracle,3,Mouse_469|WT-RLC|Control|ATP1,6.541727475357622,6.541727475357622,0.0,True
Awinda,ATP1,destination_nested_oracle,3,Mouse_470|WT-RLC|0.3_uM_mavacamten|ATP1,16.773609525013985,16.773609525013985,0.0,True
Awinda,ATP1,destination_nested_oracle,3,Mouse_470|WT-RLC|Control|ATP1,5.4298644831297125,5.429864483129713,8.881784197001252e-16,True
Awinda,ATP1,full_spectrum_reference,72,Mouse_328|N47K|Control|ATP1,3.1902226323791125,3.1902226323791125,0.0,True
Awinda,ATP1,full_spectrum_reference,72,Mouse_331|N47K|0.3_uM_mavacamten|ATP1,4.526588539713108,4.526588539713108,0.0,True
Awinda,ATP1,full_spectrum_reference,72,Mouse_331|N47K|Control|ATP1,3.084211792097864,3.084211792097863,8.881784197001252e-16,True
Awinda,ATP1,full_spectrum_reference,72,Mouse_333|N47K|0.3_uM_mavacamten|ATP1,6.807737895217854,6.807737895217853,8.881784197001252e-16,True
Awinda,ATP1,full_spectrum_reference,72,Mouse_333|N47K|Control|ATP1,4.175977943151499,4.175977943151499,0.0,True
Awinda,ATP1,full_spectrum_reference,72,Mouse_394|N47K|0.3_uM_mavacamten|ATP1,5.181989448275861,5.18198944827586,8.881784197001252e-16,True
Awinda,ATP1,full_spectrum_reference,72,Mouse_394|N47K|Control|ATP1,5.133668450824828,5.133668450824829,8.881784197001252e-16,True
Awinda,ATP1,full_spectrum_reference,72,Mouse_401|N47K|0.3_uM_mavacamten|ATP1,6.114616216890081,6.114616216890081,0.0,True
Awinda,ATP1,full_spectrum_reference,72,Mouse_401|N47K|Control|ATP1,2.5689871916859586,2.5689871916859586,0.0,True
Awinda,ATP1,full_spectrum_reference,72,Mouse_460|WT-RLC|0.3_uM_mavacamten|ATP1,4.657560273026142,4.657560273026142,0.0,True
Awinda,ATP1,full_spectrum_reference,72,Mouse_460|WT-RLC|Control|ATP1,4.162889946409606,4.162889946409606,0.0,True
Awinda,ATP1,full_spectrum_reference,72,Mouse_464|WT-RLC|0.3_uM_mavacamten|ATP1,7.435568620839783,7.435568620839783,0.0,True
Awinda,ATP1,full_spectrum_reference,72,Mouse_464|WT-RLC|Control|ATP1,6.83000161381169,6.83000161381169,0.0,True
Awinda,ATP1,full_spectrum_reference,72,Mouse_467|WT-RLC|0.3_uM_mavacamten|ATP1,9.087093135745349,9.087093135745347,1.7763568394002505e-15,True
Awinda,ATP1,full_spectrum_reference,72,Mouse_467|WT-RLC|Control|ATP1,3.621019198898824,3.6210191988988245,4.440892098500626e-16,True
Awinda,ATP1,full_spectrum_reference,72,Mouse_469|WT-RLC|0.3_uM_mavacamten|ATP1,5.403445574936361,5.403445574936361,0.0,True
Awinda,ATP1,full_spectrum_reference,72,Mouse_469|WT-RLC|Control|ATP1,7.666457823393928,7.6664578233939285,8.881784197001252e-16,True
Awinda,ATP1,full_spectrum_reference,72,Mouse_470|WT-RLC|0.3_uM_mavacamten|ATP1,17.634972328858247,17.634972328858247,0.0,True
Awinda,ATP1,full_spectrum_reference,72,Mouse_470|WT-RLC|Control|ATP1,5.162493695173349,5.162493695173349,0.0,True
