target_ATP_mM,heldout_mouse,frequency_Hz,gain_pp,baseline_only_nrmse_pct,augmented_nrmse_pct,n_state_rows
0.05,Mouse_328,0.5083,-1.351197873092346,18.280738683309647,19.631936556401996,1
0.05,Mouse_328,1.0083,-1.349083507092459,18.280738683309647,19.629822190402106,1
0.05,Mouse_328,1.5083,-3.688461270785957,18.280738683309647,21.969199954095604,1
0.05,Mouse_328,2.0083,4.269246207283675,18.280738683309647,14.011492476025971,1
0.05,Mouse_328,2.5083,1.5049585924069042,18.280738683309647,16.775780090902742,1
0.05,Mouse_328,2.7583,1.5848872746063094,18.280738683309647,16.695851408703337,1
0.05,Mouse_328,3.0083,2.4730255757994524,18.280738683309647,15.807713107510194,1
0.05,Mouse_328,3.2583,3.4115904555211376,18.280738683309647,14.869148227788507,1
0.05,Mouse_328,3.5083,4.284663924367223,18.280738683309647,13.996074758942424,1
0.05,Mouse_328,3.7583,6.25018857796633,18.280738683309647,12.030550105343316,1
0.05,Mouse_328,4.0083,4.638677010558853,18.280738683309647,13.642061672750794,1
0.05,Mouse_328,4.5083,1.8175396811508333,18.280738683309647,16.463199002158813,1
0.05,Mouse_328,5.0083,1.833379596726964,18.280738683309647,16.447359086582683,1
0.05,Mouse_328,5.5083,2.4746951182929404,18.280738683309647,15.806043565016706,1
0.05,Mouse_328,6.0083,0.823347502998697,18.280738683309647,17.45739118031095,1
0.05,Mouse_328,6.5083,1.2660241539519357,18.280738683309647,17.01471452935771,1
0.05,Mouse_328,7.0083,0.3987699021615718,18.280738683309647,17.881968781148075,1
0.05,Mouse_328,7.5083,0.271393558771944,18.280738683309647,18.009345124537703,1
0.05,Mouse_328,8.0083,0.3641384694609186,18.280738683309647,17.916600213848728,1
0.05,Mouse_328,8.5083,1.109149181069597,18.280738683309647,17.17158950224005,1
0.05,Mouse_328,9.0083,0.7606068404858917,18.280738683309647,17.520131842823755,1
0.05,Mouse_328,9.5083,1.363581612235194,18.280738683309647,16.917157071074453,1
0.05,Mouse_328,10.0083,2.0144828566933555,18.280738683309647,16.26625582661629,1
0.05,Mouse_328,11.0083,3.367846986069944,18.280738683309647,14.912891697239704,1
0.05,Mouse_328,12.0083,2.847201368047882,18.280738683309647,15.433537315261765,1
0.05,Mouse_328,13.0083,4.504443290657116,18.280738683309647,13.77629539265253,1
0.05,Mouse_328,14.0083,4.732075503677374,18.280738683309647,13.548663179632271,1
0.05,Mouse_328,15.0083,4.999047622684399,18.280738683309647,13.281691060625247,1
0.05,Mouse_328,16.0083,4.997493013785711,18.280738683309647,13.283245669523936,1
0.05,Mouse_328,17.0083,5.043108693118414,18.280738683309647,13.237629990191232,1
0.05,Mouse_328,18.0083,5.376401032978508,18.280738683309647,12.904337650331138,1
0.05,Mouse_328,19.0083,5.89402535346804,18.280738683309647,12.386713329841609,1
0.05,Mouse_328,20.0084,6.1652021096197664,18.280738683309647,12.11553657368988,1
0.05,Mouse_328,22.0084,6.609194169091989,18.280738683309647,11.671544514217658,1
0.05,Mouse_328,24.0084,6.976612668341399,18.280738683309647,11.304126014968247,1
0.05,Mouse_328,26.0084,7.275940966646674,18.280738683309647,11.004797716662972,1
0.05,Mouse_328,28.0084,7.624884443749108,18.280738683309647,10.655854239560538,1
0.05,Mouse_328,30.0084,7.911041639288292,18.280738683309647,10.369697044021354,1
0.05,Mouse_328,32.0084,8.340245680380207,18.280738683309647,9.94049300292944,1
0.05,Mouse_328,34.0084,8.535912141640837,18.280738683309647,9.74482654166881,1
0.05,Mouse_328,36.0084,8.409312179299267,18.280738683309647,9.87142650401038,1
0.05,Mouse_328,38.0084,8.782988939758937,18.280738683309647,9.49774974355071,1
0.05,Mouse_328,40.0084,8.89873550973738,18.280738683309647,9.382003173572269,1
0.05,Mouse_328,45.0084,9.043962085338745,18.280738683309647,9.236776597970904,1
0.05,Mouse_328,48.0084,9.140182653309534,18.280738683309647,9.140556030000113,1
0.05,Mouse_328,51.0084,9.143095073921256,18.280738683309647,9.13764360938839,1
0.05,Mouse_328,54.0084,9.15570210320442,18.280738683309647,9.125036580105226,1
0.05,Mouse_328,57.0084,9.168153050214954,18.280738683309647,9.112585633094692,1
0.05,Mouse_328,65.0084,9.48831013430522,18.280738683309647,8.792428549004425,1
0.05,Mouse_328,70.0084,9.5779976973991,18.280738683309647,8.702740985910546,1
0.05,Mouse_328,75.0084,9.633978576193917,18.280738683309647,8.64676010711573,1
0.05,Mouse_328,80.0084,9.69678172661599,18.280738683309647,8.583956956693656,1
0.05,Mouse_328,85.0084,9.80464000403977,18.280738683309647,8.476098679269876,1
0.05,Mouse_328,90.0084,9.988438513727314,18.280738683309647,8.292300169582333,1
0.05,Mouse_328,95.0084,9.93725375570177,18.280738683309647,8.343484927607877,1
0.05,Mouse_328,100.0084,10.097465113424816,18.280738683309647,8.18327356988483,1
0.05,Mouse_328,105.0083,10.164386855683126,18.280738683309647,8.11635182762652,1
0.05,Mouse_328,110.0083,10.201804534497729,18.280738683309647,8.078934148811918,1
0.05,Mouse_328,115.0083,10.23716591930955,18.280738683309647,8.043572764000096,1
0.05,Mouse_328,125.0083,10.36166184423714,18.280738683309647,7.919076839072506,1
0.05,Mouse_328,135.0083,10.514262442023943,18.280738683309647,7.766476241285701,1
0.05,Mouse_328,145.0083,10.494942281204732,18.280738683309647,7.785796402104913,1
0.05,Mouse_328,155.0083,10.52827127647208,18.280738683309647,7.7524674068375665,1
0.05,Mouse_328,165.0083,10.70878184567232,18.280738683309647,7.571956837637327,1
0.05,Mouse_328,175.0083,10.739403756264842,18.280738683309647,7.541334927044805,1
0.05,Mouse_328,185.0083,10.680658625950995,18.280738683309647,7.6000800573586496,1
0.05,Mouse_328,195.0083,10.718801582498369,18.280738683309647,7.561937100811278,1
0.05,Mouse_328,205.0087,10.760259579025252,18.280738683309647,7.520479104284394,1
0.05,Mouse_328,215.0087,10.800459756326095,18.280738683309647,7.480278926983551,1
0.05,Mouse_328,225.0087,10.745630648199064,18.280738683309647,7.535108035110584,1
0.05,Mouse_328,235.0087,10.80971981341592,18.280738683309647,7.471018869893727,1
0.05,Mouse_328,245.0087,10.815198608678354,18.280738683309647,7.465540074631291,1
0.05,Mouse_331,0.5083,-4.692303029489538,14.812226095813621,19.504529125303158,2
0.05,Mouse_331,1.0083,-0.9061703910882835,14.812226095813621,15.718396486901904,2
0.05,Mouse_331,1.5083,-0.5979868017939625,14.812226095813621,15.410212897607586,2
0.05,Mouse_331,2.0083,5.295409645194102,14.812226095813621,9.516816450619517,2
0.05,Mouse_331,2.5083,4.1389986366333265,14.812226095813621,10.673227459180294,2
0.05,Mouse_331,2.7583,1.5055361600135675,14.812226095813621,13.306689935800053,2
0.05,Mouse_331,3.0083,2.6981154455873604,14.812226095813621,12.114110650226262,2
0.05,Mouse_331,3.2583,1.719777580299351,14.812226095813621,13.09244851551427,2
0.05,Mouse_331,3.5083,2.7070279214007367,14.812226095813621,12.105198174412884,2
0.05,Mouse_331,3.7583,4.885285499561637,14.812226095813621,9.926940596251985,2
0.05,Mouse_331,4.0083,3.41294141702461,14.812226095813621,11.39928467878901,2
0.05,Mouse_331,4.5083,-0.1101337632319237,14.812226095813621,14.922359859045544,2
0.05,Mouse_331,5.0083,-0.3018203525410712,14.812226095813621,15.114046448354692,2
0.05,Mouse_331,5.5083,0.09685760700936674,14.812226095813621,14.715368488804256,2
0.05,Mouse_331,6.0083,-1.7128997139152684,14.812226095813621,16.52512580972889,2
0.05,Mouse_331,6.5083,-1.5975356076564413,14.812226095813621,16.40976170347006,2
0.05,Mouse_331,7.0083,-3.0582408265465544,14.812226095813621,17.870466922360176,2
0.05,Mouse_331,7.5083,-2.7909047696421245,14.812226095813621,17.603130865455746,2
0.05,Mouse_331,8.0083,-2.9312856786036248,14.812226095813621,17.743511774417247,2
0.05,Mouse_331,8.5083,-3.9862965402417787,14.812226095813621,18.798522636055402,2
0.05,Mouse_331,9.0083,-2.989522048774729,14.812226095813621,17.801748144588352,2
0.05,Mouse_331,9.5083,-2.92141709558694,14.812226095813621,17.73364319140056,2
0.05,Mouse_331,10.0083,-3.033344331570265,14.812226095813621,17.84557042738389,2
0.05,Mouse_331,11.0083,-1.5368403417318017,14.812226095813621,16.349066437545424,2
0.05,Mouse_331,12.0083,-1.6772488837351585,14.812226095813621,16.48947497954878,2
0.05,Mouse_331,13.0083,-0.4010104967756911,14.812226095813621,15.213236592589311,2
0.05,Mouse_331,14.0083,0.08273927534690806,14.812226095813621,14.729486820466711,2
0.05,Mouse_331,15.0083,0.5638388838601038,14.812226095813621,14.248387211953519,2
0.05,Mouse_331,16.0083,0.8811679703955271,14.812226095813621,13.931058125418094,2
0.05,Mouse_331,17.0083,1.0703568718648233,14.812226095813621,13.741869223948799,2
0.05,Mouse_331,18.0083,1.4099306495767197,14.812226095813621,13.402295446236902,2
0.05,Mouse_331,19.0083,1.772158216173418,14.812226095813621,13.040067879640203,2
0.05,Mouse_331,20.0084,2.155363063904906,14.812226095813621,12.656863031908713,2
0.05,Mouse_331,22.0084,2.7085645344440774,14.812226095813621,12.103661561369544,2
0.05,Mouse_331,24.0084,2.9163952988012545,14.812226095813621,11.895830797012366,2
0.05,Mouse_331,26.0084,3.19844593046283,14.812226095813621,11.61378016535079,2
0.05,Mouse_331,28.0084,3.3531675807051124,14.812226095813621,11.45905851510851,2
0.05,Mouse_331,30.0084,3.5334141311383087,14.812226095813621,11.278811964675313,2
0.05,Mouse_331,32.0084,3.740732354323422,14.812226095813621,11.0714937414902,2
0.05,Mouse_331,34.0084,3.9343102571393853,14.812226095813621,10.877915838674236,2
0.05,Mouse_331,36.0084,3.901216221956763,14.812226095813621,10.911009873856859,2
0.05,Mouse_331,38.0084,4.074142425805267,14.812226095813621,10.738083670008354,2
0.05,Mouse_331,40.0084,4.067534754564932,14.812226095813621,10.74469134124869,2
0.05,Mouse_331,45.0084,4.20822990966375,14.812226095813621,10.603996186149871,2
0.05,Mouse_331,48.0084,4.198101580052242,14.812226095813621,10.614124515761379,2
0.05,Mouse_331,51.0084,4.154880504376836,14.812226095813621,10.657345591436785,2
0.05,Mouse_331,54.0084,4.216090040729966,14.812226095813621,10.596136055083655,2
0.05,Mouse_331,57.0084,4.139861981447968,14.812226095813621,10.672364114365653,2
0.05,Mouse_331,65.0084,4.228839872455469,14.812226095813621,10.58338622335815,2
0.05,Mouse_331,70.0084,4.213141663134567,14.812226095813621,10.599084432679053,2
0.05,Mouse_331,75.0084,4.232747193401702,14.812226095813621,10.57947890241192,2
0.05,Mouse_331,80.0084,4.273307126554324,14.812226095813621,10.538918969259296,2
0.05,Mouse_331,85.0084,4.242775088228125,14.812226095813621,10.569451007585496,2
0.05,Mouse_331,90.0084,4.346318034013611,14.812226095813621,10.465908061800011,2
0.05,Mouse_331,95.0084,4.339281883627155,14.812226095813621,10.472944212186466,2
0.05,Mouse_331,100.0084,4.336215298759402,14.812226095813621,10.476010797054219,2
0.05,Mouse_331,105.0083,4.3226549832114305,14.812226095813621,10.48957111260219,2
0.05,Mouse_331,110.0083,4.426073510110349,14.812226095813621,10.386152585703272,2
0.05,Mouse_331,115.0083,4.412396545125868,14.812226095813621,10.399829550687752,2
0.05,Mouse_331,125.0083,4.409772968887743,14.812226095813621,10.402453126925877,2
0.05,Mouse_331,135.0083,4.503069016714273,14.812226095813621,10.309157079099348,2
0.05,Mouse_331,145.0083,4.504948493147127,14.812226095813621,10.307277602666494,2
0.05,Mouse_331,155.0083,4.504222479142978,14.812226095813621,10.308003616670643,2
0.05,Mouse_331,165.0083,4.5442978571486465,14.812226095813621,10.267928238664975,2
0.05,Mouse_331,175.0083,4.567625208647749,14.812226095813621,10.244600887165872,2
0.05,Mouse_331,185.0083,4.560668467900614,14.812226095813621,10.251557627913007,2
0.05,Mouse_331,195.0083,4.525021495852292,14.812226095813621,10.28720459996133,2
0.05,Mouse_331,205.0087,4.537010491641161,14.812226095813621,10.275215604172459,2
0.05,Mouse_331,215.0087,4.510244785446807,14.812226095813621,10.301981310366815,2
0.05,Mouse_331,225.0087,4.539336762819423,14.812226095813621,10.272889332994197,2
0.05,Mouse_331,235.0087,4.513006349147057,14.812226095813621,10.299219746666564,2
0.05,Mouse_331,245.0087,4.536020954274213,14.812226095813621,10.276205141539407,2
0.05,Mouse_333,0.5083,-1.4579959870151296,6.754604470317738,8.212600457332869,2
0.05,Mouse_333,1.0083,-3.088312911594477,6.754604470317738,9.842917381912216,2
0.05,Mouse_333,1.5083,-3.486092913897874,6.754604470317738,10.240697384215613,2
0.05,Mouse_333,2.0083,-7.520081407973101,6.754604470317738,14.274685878290839,2
0.05,Mouse_333,2.5083,-4.388222980066375,6.754604470317738,11.142827450384113,2
0.05,Mouse_333,2.7583,-7.637703557441253,6.754604470317738,14.392308027758991,2
0.05,Mouse_333,3.0083,-4.568819447396618,6.754604470317738,11.323423917714356,2
0.05,Mouse_333,3.2583,-1.7956665977363424,6.754604470317738,8.55027106805408,2
0.05,Mouse_333,3.5083,-4.386612639499447,6.754604470317738,11.141217109817184,2
0.05,Mouse_333,3.7583,-4.578032474456229,6.754604470317738,11.332636944773967,2
0.05,Mouse_333,4.0083,-5.163861785561225,6.754604470317738,11.918466255878963,2
0.05,Mouse_333,4.5083,-4.868288779241853,6.754604470317738,11.622893249559592,2
0.05,Mouse_333,5.0083,-5.203237011359483,6.754604470317738,11.957841481677221,2
0.05,Mouse_333,5.5083,-4.275340429081021,6.754604470317738,11.02994489939876,2
0.05,Mouse_333,6.0083,-4.634367813480329,6.754604470317738,11.388972283798067,2
0.05,Mouse_333,6.5083,-4.822557505179723,6.754604470317738,11.57716197549746,2
0.05,Mouse_333,7.0083,-4.63655437501104,6.754604470317738,11.391158845328778,2
0.05,Mouse_333,7.5083,-4.130318408780474,6.754604470317738,10.884922879098212,2
0.05,Mouse_333,8.0083,-4.512097717424491,6.754604470317738,11.26670218774223,2
0.05,Mouse_333,8.5083,-4.566372932753583,6.754604470317738,11.320977403071321,2
0.05,Mouse_333,9.0083,-4.323194977397107,6.754604470317738,11.077799447714845,2
0.05,Mouse_333,9.5083,-4.525799659235992,6.754604470317738,11.28040412955373,2
0.05,Mouse_333,10.0083,-4.498623516893162,6.754604470317738,11.2532279872109,2
0.05,Mouse_333,11.0083,-4.061952932084574,6.754604470317738,10.816557402402312,2
0.05,Mouse_333,12.0083,-4.372223121351313,6.754604470317738,11.126827591669052,2
0.05,Mouse_333,13.0083,-4.235639916986163,6.754604470317738,10.990244387303902,2
0.05,Mouse_333,14.0083,-4.51153297480663,6.754604470317738,11.266137445124368,2
0.05,Mouse_333,15.0083,-4.4954565822146915,6.754604470317738,11.25006105253243,2
0.05,Mouse_333,16.0083,-4.72565806971601,6.754604470317738,11.480262540033747,2
0.05,Mouse_333,17.0083,-4.738415548951635,6.754604470317738,11.493020019269371,2
0.05,Mouse_333,18.0083,-4.481271929014312,6.754604470317738,11.23587639933205,2
0.05,Mouse_333,19.0083,-4.668115446639367,6.754604470317738,11.422719916957105,2
0.05,Mouse_333,20.0084,-4.572363712338326,6.754604470317738,11.326968182656064,2
0.05,Mouse_333,22.0084,-4.356825029724465,6.754604470317738,11.111429500042204,2
0.05,Mouse_333,24.0084,-4.1953818604280375,6.754604470317738,10.949986330745777,2
0.05,Mouse_333,26.0084,-4.2572981912514,6.754604470317738,11.011902661569138,2
0.05,Mouse_333,28.0084,-4.166983787764298,6.754604470317738,10.921588258082036,2
0.05,Mouse_333,30.0084,-4.033223211299267,6.754604470317738,10.787827681617005,2
0.05,Mouse_333,32.0084,-3.973182168447396,6.754604470317738,10.727786638765135,2
0.05,Mouse_333,34.0084,-3.9472795914628374,6.754604470317738,10.701884061780575,2
0.05,Mouse_333,36.0084,-3.8902319844610718,6.754604470317738,10.64483645477881,2
0.05,Mouse_333,38.0084,-4.03433057828016,6.754604470317738,10.788935048597898,2
0.05,Mouse_333,40.0084,-4.022096720982269,6.754604470317738,10.776701191300006,2
0.05,Mouse_333,45.0084,-3.989663290438329,6.754604470317738,10.744267760756067,2
0.05,Mouse_333,48.0084,-3.9805634409205446,6.754604470317738,10.735167911238282,2
0.05,Mouse_333,51.0084,-4.118417669690977,6.754604470317738,10.873022140008715,2
0.05,Mouse_333,54.0084,-4.2019922628565745,6.754604470317738,10.956596733174313,2
0.05,Mouse_333,57.0084,-4.211145196395943,6.754604470317738,10.96574966671368,2
0.05,Mouse_333,65.0084,-4.157161649761139,6.754604470317738,10.911766120078877,2
0.05,Mouse_333,70.0084,-4.205414047608212,6.754604470317738,10.960018517925949,2
0.05,Mouse_333,75.0084,-4.198383918475943,6.754604470317738,10.952988388793681,2
0.05,Mouse_333,80.0084,-4.131691166136992,6.754604470317738,10.886295636454731,2
0.05,Mouse_333,85.0084,-4.196114370757443,6.754604470317738,10.950718841075181,2
0.05,Mouse_333,90.0084,-4.169228855176236,6.754604470317738,10.923833325493975,2
0.05,Mouse_333,95.0084,-4.103039913598257,6.754604470317738,10.857644383915996,2
0.05,Mouse_333,100.0084,-4.171005959223436,6.754604470317738,10.925610429541173,2
0.05,Mouse_333,105.0083,-4.196291757522735,6.754604470317738,10.950896227840474,2
0.05,Mouse_333,110.0083,-4.254000891890479,6.754604470317738,11.008605362208218,2
0.05,Mouse_333,115.0083,-4.1322259300238,6.754604470317738,10.88683040034154,2
0.05,Mouse_333,125.0083,-4.076013529303626,6.754604470317738,10.830617999621364,2
0.05,Mouse_333,135.0083,-4.103819206727371,6.754604470317738,10.85842367704511,2
0.05,Mouse_333,145.0083,-4.112079462528315,6.754604470317738,10.866683932846053,2
0.05,Mouse_333,155.0083,-3.976179780184545,6.754604470317738,10.730784250502284,2
0.05,Mouse_333,165.0083,-3.957074576806839,6.754604470317738,10.711679047124576,2
0.05,Mouse_333,175.0083,-4.0036487256923365,6.754604470317738,10.758253196010074,2
0.05,Mouse_333,185.0083,-3.951152174566358,6.754604470317738,10.705756644884097,2
0.05,Mouse_333,195.0083,-3.9457198358144248,6.754604470317738,10.700324306132163,2
0.05,Mouse_333,205.0087,-3.939559739818244,6.754604470317738,10.69416421013598,2
0.05,Mouse_333,215.0087,-3.8874522468933033,6.754604470317738,10.642056717211041,2
0.05,Mouse_333,225.0087,-3.8389963191518293,6.754604470317738,10.593600789469567,2
0.05,Mouse_333,235.0087,-3.8120615332204264,6.754604470317738,10.566666003538163,2
0.05,Mouse_333,245.0087,-3.823632425690268,6.754604470317738,10.578236896008006,2
0.05,Mouse_394,0.5083,-4.9182108148255805,12.779153960210472,17.697364775036053,2
0.05,Mouse_394,1.0083,-1.9315128738791398,12.779153960210472,14.710666834089615,2
0.05,Mouse_394,1.5083,-0.29484484916334697,12.779153960210472,13.07399880937382,2
0.05,Mouse_394,2.0083,1.7752185160992422,12.779153960210472,11.003935444111232,2
0.05,Mouse_394,2.5083,3.193474917238561,12.779153960210472,9.585679042971913,2
0.05,Mouse_394,2.7583,2.79116583649565,12.779153960210472,9.987988123714825,2
0.05,Mouse_394,3.0083,2.608091096825686,12.779153960210472,10.171062863384787,2
0.05,Mouse_394,3.2583,-1.1545030200072723,12.779153960210472,13.933656980217744,2
0.05,Mouse_394,3.5083,0.5934661629562328,12.779153960210472,12.185687797254241,2
0.05,Mouse_394,3.7583,3.6141297063046114,12.779153960210472,9.165024253905862,2
0.05,Mouse_394,4.0083,2.6006977444948607,12.779153960210472,10.178456215715613,2
0.05,Mouse_394,4.5083,0.547054127781796,12.779153960210472,12.232099832428677,2
0.05,Mouse_394,5.0083,0.5707083484842848,12.779153960210472,12.208445611726187,2
0.05,Mouse_394,5.5083,1.711679565113311,12.779153960210472,11.067474395097165,2
0.05,Mouse_394,6.0083,0.8377566513122314,12.779153960210472,11.941397308898242,2
0.05,Mouse_394,6.5083,1.5455494176433922,12.779153960210472,11.233604542567083,2
0.05,Mouse_394,7.0083,0.6660644796383055,12.779153960210472,12.113089480572167,2
0.05,Mouse_394,7.5083,0.18189151767853134,12.779153960210472,12.597262442531942,2
0.05,Mouse_394,8.0083,0.7868313493279295,12.779153960210472,11.992322610882544,2
0.05,Mouse_394,8.5083,0.5813905118346323,12.779153960210472,12.197763448375841,2
0.05,Mouse_394,9.0083,1.2173514872801456,12.779153960210472,11.561802472930328,2
0.05,Mouse_394,9.5083,1.3640453388455291,12.779153960210472,11.415108621364944,2
0.05,Mouse_394,10.0083,1.363573489531099,12.779153960210472,11.415580470679375,2
0.05,Mouse_394,11.0083,1.7783145133664124,12.779153960210472,11.000839446844061,2
0.05,Mouse_394,12.0083,2.2613272864455523,12.779153960210472,10.51782667376492,2
0.05,Mouse_394,13.0083,2.9431897579223376,12.779153960210472,9.835964202288135,2
0.05,Mouse_394,14.0083,2.9898566408896787,12.779153960210472,9.789297319320795,2
0.05,Mouse_394,15.0083,3.5716155596767623,12.779153960210472,9.20753840053371,2
0.05,Mouse_394,16.0083,3.6564680607508198,12.779153960210472,9.122685899459654,2
0.05,Mouse_394,17.0083,3.6660257731583066,12.779153960210472,9.113128187052167,2
0.05,Mouse_394,18.0083,3.712765850616285,12.779153960210472,9.06638810959419,2
0.05,Mouse_394,19.0083,3.967065224165994,12.779153960210472,8.81208873604448,2
0.05,Mouse_394,20.0084,4.078710004016836,12.779153960210472,8.70044395619364,2
0.05,Mouse_394,22.0084,4.321858769293267,12.779153960210472,8.457295190917208,2
0.05,Mouse_394,24.0084,4.166221965892763,12.779153960210472,8.61293199431771,2
0.05,Mouse_394,26.0084,4.264767260058446,12.779153960210472,8.514386700152027,2
0.05,Mouse_394,28.0084,4.138779054253899,12.779153960210472,8.640374905956575,2
0.05,Mouse_394,30.0084,4.092005132119742,12.779153960210472,8.687148828090733,2
0.05,Mouse_394,32.0084,4.0846532955804316,12.779153960210472,8.694500664630041,2
0.05,Mouse_394,34.0084,4.155895119493682,12.779153960210472,8.623258840716792,2
0.05,Mouse_394,36.0084,3.9008747034168643,12.779153960210472,8.87827925679361,2
0.05,Mouse_394,38.0084,4.081147141822509,12.779153960210472,8.698006818387965,2
0.05,Mouse_394,40.0084,4.002157608547144,12.779153960210472,8.77699635166333,2
0.05,Mouse_394,45.0084,3.9300483571559033,12.779153960210472,8.849105603054571,2
0.05,Mouse_394,48.0084,3.9017580202048867,12.779153960210472,8.877395940005586,2
0.05,Mouse_394,51.0084,3.88344828746967,12.779153960210472,8.895705672740803,2
0.05,Mouse_394,54.0084,3.81156825031195,12.779153960210472,8.967585709898524,2
0.05,Mouse_394,57.0084,3.973053650618075,12.779153960210472,8.806100309592399,2
0.05,Mouse_394,65.0084,4.10087081972893,12.779153960210472,8.678283140481543,2
0.05,Mouse_394,70.0084,4.210467045024962,12.779153960210472,8.568686915185511,2
0.05,Mouse_394,75.0084,4.151717468160357,12.779153960210472,8.627436492050116,2
0.05,Mouse_394,80.0084,4.186005737077777,12.779153960210472,8.593148223132697,2
0.05,Mouse_394,85.0084,4.183110386385069,12.779153960210472,8.596043573825405,2
0.05,Mouse_394,90.0084,4.227391363251904,12.779153960210472,8.551762596958572,2
0.05,Mouse_394,95.0084,4.070192038112925,12.779153960210472,8.708961922097549,2
0.05,Mouse_394,100.0084,4.205819801764055,12.779153960210472,8.573334158446418,2
0.05,Mouse_394,105.0083,4.243199184630901,12.779153960210472,8.535954775579574,2
0.05,Mouse_394,110.0083,4.113072834306559,12.779153960210472,8.666081125903915,2
0.05,Mouse_394,115.0083,4.189307600014443,12.779153960210472,8.58984636019603,2
0.05,Mouse_394,125.0083,4.1190730265508755,12.779153960210472,8.660080933659598,2
0.05,Mouse_394,135.0083,4.11856861495812,12.779153960210472,8.660585345252354,2
0.05,Mouse_394,145.0083,4.008243478718195,12.779153960210472,8.770910481492278,2
0.05,Mouse_394,155.0083,3.913293961658143,12.779153960210472,8.865859998552331,2
0.05,Mouse_394,165.0083,3.8898978886377558,12.779153960210472,8.889256071572719,2
0.05,Mouse_394,175.0083,3.8283813112358986,12.779153960210472,8.950772648974576,2
0.05,Mouse_394,185.0083,3.7832547848705262,12.779153960210472,8.995899175339947,2
0.05,Mouse_394,195.0083,3.6655061532234727,12.779153960210472,9.113647806987,2
0.05,Mouse_394,205.0087,3.643816494987239,12.779153960210472,9.135337465223234,2
0.05,Mouse_394,215.0087,3.558817534822044,12.779153960210472,9.220336425388432,2
0.05,Mouse_394,225.0087,3.4602910352934657,12.779153960210472,9.318862924917008,2
0.05,Mouse_394,235.0087,3.3874195170624057,12.779153960210472,9.391734443148067,2
0.05,Mouse_394,245.0087,3.290115058038287,12.779153960210472,9.489038902172187,2
0.05,Mouse_401,0.5083,-0.5277738186385621,10.017203292811864,10.544977111450425,2
0.05,Mouse_401,1.0083,-6.262051176989079,10.017203292811864,16.279254469800943,2
0.05,Mouse_401,1.5083,0.7046913224607967,10.017203292811864,9.312511970351066,2
0.05,Mouse_401,2.0083,5.548924360748028,10.017203292811864,4.468278932063834,2
0.05,Mouse_401,2.5083,2.651121522352493,10.017203292811864,7.366081770459369,2
0.05,Mouse_401,2.7583,2.0033727497576033,10.017203292811864,8.013830543054258,2
0.05,Mouse_401,3.0083,5.011348114970982,10.017203292811864,5.005855177840882,2
0.05,Mouse_401,3.2583,3.474670025585153,10.017203292811864,6.54253326722671,2
0.05,Mouse_401,3.5083,3.16575173736942,10.017203292811864,6.851451555442443,2
0.05,Mouse_401,3.7583,2.7366796808487455,10.017203292811864,7.280523611963117,2
0.05,Mouse_401,4.0083,2.9951398097910658,10.017203292811864,7.022063483020797,2
0.05,Mouse_401,4.5083,2.5858542803735083,10.017203292811864,7.431349012438354,2
0.05,Mouse_401,5.0083,2.5076337375066986,10.017203292811864,7.5095695553051645,2
0.05,Mouse_401,5.5083,2.294949540493196,10.017203292811864,7.722253752318667,2
0.05,Mouse_401,6.0083,1.9360988412450313,10.017203292811864,8.08110445156683,2
0.05,Mouse_401,6.5083,1.9530465915256714,10.017203292811864,8.06415670128619,2
0.05,Mouse_401,7.0083,1.4755119474937002,10.017203292811864,8.541691345318162,2
0.05,Mouse_401,7.5083,1.0369478576112408,10.017203292811864,8.980255435200622,2
0.05,Mouse_401,8.0083,1.3665960032852877,10.017203292811864,8.650607289526574,2
0.05,Mouse_401,8.5083,1.252153445178376,10.017203292811864,8.765049847633486,2
0.05,Mouse_401,9.0083,1.796015909475613,10.017203292811864,8.22118738333625,2
0.05,Mouse_401,9.5083,1.0259596355079512,10.017203292811864,8.991243657303912,2
0.05,Mouse_401,10.0083,1.1719476063161467,10.017203292811864,8.845255686495715,2
0.05,Mouse_401,11.0083,1.796757291078603,10.017203292811864,8.22044600173326,2
0.05,Mouse_401,12.0083,1.7544798388017384,10.017203292811864,8.262723454010123,2
0.05,Mouse_401,13.0083,2.13913700869126,10.017203292811864,7.878066284120603,2
0.05,Mouse_401,14.0083,2.453469544258345,10.017203292811864,7.563733748553517,2
0.05,Mouse_401,15.0083,2.2961733764539622,10.017203292811864,7.7210299163579,2
0.05,Mouse_401,16.0083,2.7886825630553282,10.017203292811864,7.228520729756534,2
0.05,Mouse_401,17.0083,2.6906307487236063,10.017203292811864,7.326572544088258,2
0.05,Mouse_401,18.0083,2.704188163957331,10.017203292811864,7.3130151288545315,2
0.05,Mouse_401,19.0083,2.4554354495265938,10.017203292811864,7.561767843285269,2
0.05,Mouse_401,20.0084,2.8683346636321794,10.017203292811864,7.148868629179683,2
0.05,Mouse_401,22.0084,2.8885077989198145,10.017203292811864,7.128695493892048,2
0.05,Mouse_401,24.0084,3.00266789081435,10.017203292811864,7.014535401997513,2
0.05,Mouse_401,26.0084,2.880827732548766,10.017203292811864,7.1363755602630965,2
0.05,Mouse_401,28.0084,2.9120852045104235,10.017203292811864,7.105118088301439,2
0.05,Mouse_401,30.0084,2.917474397613566,10.017203292811864,7.099728895198297,2
0.05,Mouse_401,32.0084,2.8768255053999074,10.017203292811864,7.140377787411955,2
0.05,Mouse_401,34.0084,2.949030882147211,10.017203292811864,7.068172410664651,2
0.05,Mouse_401,36.0084,3.0430171515912323,10.017203292811864,6.97418614122063,2
0.05,Mouse_401,38.0084,2.9674126973520787,10.017203292811864,7.049790595459784,2
0.05,Mouse_401,40.0084,2.9513271084138446,10.017203292811864,7.065876184398018,2
0.05,Mouse_401,45.0084,3.0118421224503384,10.017203292811864,7.005361170361525,2
0.05,Mouse_401,48.0084,2.9782453382020124,10.017203292811864,7.038957954609851,2
0.05,Mouse_401,51.0084,2.9646469953571923,10.017203292811864,7.052556297454672,2
0.05,Mouse_401,54.0084,2.9082123690964288,10.017203292811864,7.108990923715433,2
0.05,Mouse_401,57.0084,2.8095464742126772,10.017203292811864,7.207656818599185,2
0.05,Mouse_401,65.0084,2.759077101002003,10.017203292811864,7.258126191809859,2
0.05,Mouse_401,70.0084,2.6481320225507052,10.017203292811864,7.369071270261157,2
0.05,Mouse_401,75.0084,2.6894306092516573,10.017203292811864,7.327772683560205,2
0.05,Mouse_401,80.0084,2.6434281927638805,10.017203292811864,7.3737751000479825,2
0.05,Mouse_401,85.0084,2.616370707456629,10.017203292811864,7.400832585355234,2
0.05,Mouse_401,90.0084,2.6165464982789874,10.017203292811864,7.400656794532875,2
0.05,Mouse_401,95.0084,2.640438816339809,10.017203292811864,7.3767644764720535,2
0.05,Mouse_401,100.0084,2.5579758193666877,10.017203292811864,7.459227473445175,2
0.05,Mouse_401,105.0083,2.4949069585447448,10.017203292811864,7.522296334267119,2
0.05,Mouse_401,110.0083,2.511893958397455,10.017203292811864,7.505309334414408,2
0.05,Mouse_401,115.0083,2.493762514973538,10.017203292811864,7.523440777838326,2
0.05,Mouse_401,125.0083,2.5326905850716943,10.017203292811864,7.484512707740167,2
0.05,Mouse_401,135.0083,2.517200674399345,10.017203292811864,7.500002618412516,2
0.05,Mouse_401,145.0083,2.5294406295095726,10.017203292811864,7.48776266330229,2
0.05,Mouse_401,155.0083,2.570203574780993,10.017203292811864,7.4469997180308685,2
0.05,Mouse_401,165.0083,2.5344200501114305,10.017203292811864,7.482783242700432,2
0.05,Mouse_401,175.0083,2.495022731840763,10.017203292811864,7.522180560971099,2
0.05,Mouse_401,185.0083,2.533613769513097,10.017203292811864,7.4835895232987655,2
0.05,Mouse_401,195.0083,2.581435242301035,10.017203292811864,7.435768050510829,2
0.05,Mouse_401,205.0087,2.5751446128754543,10.017203292811864,7.442058679936409,2
0.05,Mouse_401,215.0087,2.5877656314397237,10.017203292811864,7.429437661372139,2
0.05,Mouse_401,225.0087,2.639215106621595,10.017203292811864,7.377988186190267,2
0.05,Mouse_401,235.0087,2.6649830293685444,10.017203292811864,7.352220263443318,2
0.05,Mouse_401,245.0087,2.6883842878228688,10.017203292811864,7.328819004988993,2
0.05,Mouse_460,0.5083,-0.3971556865694521,7.501646425342748,7.8988021119122,2
0.05,Mouse_460,1.0083,0.9266631079300486,7.501646425342748,6.574983317412699,2
0.05,Mouse_460,1.5083,0.39288398822185266,7.501646425342748,7.108762437120895,2
0.05,Mouse_460,2.0083,1.2570474218654513,7.501646425342748,6.244599003477296,2
0.05,Mouse_460,2.5083,1.0891635638201635,7.501646425342748,6.412482861522584,2
0.05,Mouse_460,2.7583,1.0319743826276766,7.501646425342748,6.469672042715072,2
0.05,Mouse_460,3.0083,0.47397006717421974,7.501646425342748,7.027676358168528,2
0.05,Mouse_460,3.2583,1.0282773181405136,7.501646425342748,6.473369107202235,2
0.05,Mouse_460,3.5083,1.503727887875045,7.501646425342748,5.997918537467703,2
0.05,Mouse_460,3.7583,1.4734127008527886,7.501646425342748,6.02823372448996,2
0.05,Mouse_460,4.0083,1.490104544883534,7.501646425342748,6.011541880459214,2
0.05,Mouse_460,4.5083,0.24030211820202885,7.501646425342748,7.261344307140719,2
0.05,Mouse_460,5.0083,0.2808367691819371,7.501646425342748,7.22080965616081,2
0.05,Mouse_460,5.5083,0.05032542769630315,7.501646425342748,7.4513209976464445,2
0.05,Mouse_460,6.0083,-0.4768248066719969,7.501646425342748,7.978471232014744,2
0.05,Mouse_460,6.5083,-0.4447272819905357,7.501646425342748,7.946373707333283,2
0.05,Mouse_460,7.0083,-0.43492107608980435,7.501646425342748,7.9365675014325525,2
0.05,Mouse_460,7.5083,-0.24903582921719902,7.501646425342748,7.750682254559947,2
0.05,Mouse_460,8.0083,-0.3173889048692722,7.501646425342748,7.81903533021202,2
0.05,Mouse_460,8.5083,0.524267926421992,7.501646425342748,6.977378498920755,2
0.05,Mouse_460,9.0083,0.613087901345382,7.501646425342748,6.888558523997366,2
0.05,Mouse_460,9.5083,0.45133998953046356,7.501646425342748,7.050306435812284,2
0.05,Mouse_460,10.0083,1.0504197159662794,7.501646425342748,6.451226709376469,2
0.05,Mouse_460,11.0083,0.8841716143691838,7.501646425342748,6.6174748109735635,2
0.05,Mouse_460,12.0083,0.9585400074841619,7.501646425342748,6.543106417858586,2
0.05,Mouse_460,13.0083,0.36785957944096026,7.501646425342748,7.133786845901787,2
0.05,Mouse_460,14.0083,0.6308651130761191,7.501646425342748,6.870781312266629,2
0.05,Mouse_460,15.0083,0.42520804810818325,7.501646425342748,7.076438377234565,2
0.05,Mouse_460,16.0083,0.30432060217924883,7.501646425342748,7.197325823163499,2
0.05,Mouse_460,17.0083,0.46361693382521296,7.501646425342748,7.038029491517535,2
0.05,Mouse_460,18.0083,0.3470007062470668,7.501646425342748,7.154645719095679,2
0.05,Mouse_460,19.0083,0.5435467583894114,7.501646425342748,6.958099666953336,2
0.05,Mouse_460,20.0084,0.13075992641678136,7.501646425342748,7.370886498925967,2
0.05,Mouse_460,22.0084,-0.04128403356522892,7.501646425342748,7.542930458907977,2
0.05,Mouse_460,24.0084,-0.3202942358934888,7.501646425342748,7.821940661236237,2
0.05,Mouse_460,26.0084,-0.3554495590474356,7.501646425342748,7.857095984390185,2
0.05,Mouse_460,28.0084,-0.5925439910452415,7.501646425342748,8.094190416387988,2
0.05,Mouse_460,30.0084,-0.6101246396658555,7.501646425342748,8.111771065008604,2
0.05,Mouse_460,32.0084,-0.5166523569418597,7.501646425342748,8.018298782284607,2
0.05,Mouse_460,34.0084,-0.5242142562315144,7.501646425342748,8.025860681574262,2
0.05,Mouse_460,36.0084,-0.3697692833344397,7.501646425342748,7.871415708677187,2
0.05,Mouse_460,38.0084,-0.30640718337102424,7.501646425342748,7.808053608713772,2
0.05,Mouse_460,40.0084,-0.2800435486735293,7.501646425342748,7.7816899740162775,2
0.05,Mouse_460,45.0084,-0.12765203731025276,7.501646425342748,7.629298462652999,2
0.05,Mouse_460,48.0084,-0.11951162325063125,7.501646425342748,7.621158048593379,2
0.05,Mouse_460,51.0084,-0.02202742848368411,7.501646425342748,7.523673853826432,2
0.05,Mouse_460,54.0084,-0.035219816764098244,7.501646425342748,7.536866242106846,2
0.05,Mouse_460,57.0084,-0.08443839415851917,7.501646425342748,7.5860848195012665,2
0.05,Mouse_460,65.0084,-0.06326183405339103,7.501646425342748,7.564908259396139,2
0.05,Mouse_460,70.0084,-0.1204709436769823,7.501646425342748,7.62211736901973,2
0.05,Mouse_460,75.0084,-0.14888708890455327,7.501646425342748,7.650533514247301,2
0.05,Mouse_460,80.0084,-0.18730547352018823,7.501646425342748,7.688951898862936,2
0.05,Mouse_460,85.0084,-0.21271581524913108,7.501646425342748,7.714362240591878,2
0.05,Mouse_460,90.0084,-0.24126429080289546,7.501646425342748,7.7429107161456425,2
0.05,Mouse_460,95.0084,-0.27718288768891963,7.501646425342748,7.778829313031667,2
0.05,Mouse_460,100.0084,-0.2835814082308361,7.501646425342748,7.7852278335735825,2
0.05,Mouse_460,105.0083,-0.3420718531173743,7.501646425342748,7.843718278460122,2
0.05,Mouse_460,110.0083,-0.33983144156604084,7.501646425342748,7.841477866908789,2
0.05,Mouse_460,115.0083,-0.37622612974934855,7.501646425342748,7.877872555092097,2
0.05,Mouse_460,125.0083,-0.4073018421881067,7.501646425342748,7.908948267530855,2
0.05,Mouse_460,135.0083,-0.4613483906143543,7.501646425342748,7.962994815957102,2
0.05,Mouse_460,145.0083,-0.45036684435760765,7.501646425342748,7.952013269700355,2
0.05,Mouse_460,155.0083,-0.5065457553736978,7.501646425342748,8.008192180716446,2
0.05,Mouse_460,165.0083,-0.5314524100492458,7.501646425342748,8.033098835391993,2
0.05,Mouse_460,175.0083,-0.5747576079857257,7.501646425342748,8.076404033328473,2
0.05,Mouse_460,185.0083,-0.5684714481346242,7.501646425342748,8.070117873477372,2
0.05,Mouse_460,195.0083,-0.5880620647460213,7.501646425342748,8.08970849008877,2
0.05,Mouse_460,205.0087,-0.58282915061003,7.501646425342748,8.084475575952778,2
0.05,Mouse_460,215.0087,-0.6165825005865884,7.501646425342748,8.118228925929337,2
0.05,Mouse_460,225.0087,-0.6283628920358225,7.501646425342748,8.130009317378569,2
0.05,Mouse_460,235.0087,-0.6480489675975734,7.501646425342748,8.149695392940322,2
0.05,Mouse_460,245.0087,-0.6469519245897919,7.501646425342748,8.148598349932541,2
0.05,Mouse_464,0.5083,-1.964104760267106,12.832880718927854,14.796985479194959,2
0.05,Mouse_464,1.0083,0.9127184897976237,12.832880718927854,11.92016222913023,2
0.05,Mouse_464,1.5083,-2.891139840602632,12.832880718927854,15.724020559530485,2
0.05,Mouse_464,2.0083,-2.99601573875751,12.832880718927854,15.828896457685364,2
0.05,Mouse_464,2.5083,-2.1293252829785354,12.832880718927854,14.962206001906388,2
0.05,Mouse_464,2.7583,-2.68386171614606,12.832880718927854,15.516742435073914,2
0.05,Mouse_464,3.0083,-4.644214467012837,12.832880718927854,17.47709518594069,2
0.05,Mouse_464,3.2583,-4.956792732840485,12.832880718927854,17.78967345176834,2
0.05,Mouse_464,3.5083,-5.585776428142634,12.832880718927854,18.418657147070487,2
0.05,Mouse_464,3.7583,-3.049581246132099,12.832880718927854,15.882461965059953,2
0.05,Mouse_464,4.0083,-3.5129102257709013,12.832880718927854,16.345790944698756,2
0.05,Mouse_464,4.5083,-4.208765371365878,12.832880718927854,17.04164609029373,2
0.05,Mouse_464,5.0083,-4.287465573458864,12.832880718927854,17.120346292386717,2
0.05,Mouse_464,5.5083,-3.871134712459699,12.832880718927854,16.704015431387553,2
0.05,Mouse_464,6.0083,-2.3700821356619572,12.832880718927854,15.20296285458981,2
0.05,Mouse_464,6.5083,-2.096904878028517,12.832880718927854,14.92978559695637,2
0.05,Mouse_464,7.0083,-1.4027452364811959,12.832880718927854,14.235625955409049,2
0.05,Mouse_464,7.5083,-0.32564905321934545,12.832880718927854,13.1585297721472,2
0.05,Mouse_464,8.0083,1.031462701961663,12.832880718927854,11.801418016966192,2
0.05,Mouse_464,8.5083,1.913877138066879,12.832880718927854,10.919003580860975,2
0.05,Mouse_464,9.0083,1.956023663239809,12.832880718927854,10.876857055688046,2
0.05,Mouse_464,9.5083,1.6502976460071463,12.832880718927854,11.182583072920707,2
0.05,Mouse_464,10.0083,1.7628992413959883,12.832880718927854,11.069981477531865,2
0.05,Mouse_464,11.0083,1.1802784085736118,12.832880718927854,11.652602310354242,2
0.05,Mouse_464,12.0083,1.2499833943950813,12.832880718927854,11.582897324532773,2
0.05,Mouse_464,13.0083,0.8114103513018502,12.832880718927854,12.021470367626003,2
0.05,Mouse_464,14.0083,0.7201813176236342,12.832880718927854,12.11269940130422,2
0.05,Mouse_464,15.0083,0.759318861334373,12.832880718927854,12.073561857593482,2
0.05,Mouse_464,16.0083,0.867490533538227,12.832880718927854,11.965390185389627,2
0.05,Mouse_464,17.0083,0.6688600599004948,12.832880718927854,12.164020659027361,2
0.05,Mouse_464,18.0083,0.798086028862647,12.832880718927854,12.034794690065205,2
0.05,Mouse_464,19.0083,0.8770304638654512,12.832880718927854,11.955850255062401,2
0.05,Mouse_464,20.0084,1.0058916593935967,12.832880718927854,11.826989059534256,2
0.05,Mouse_464,22.0084,1.0651095673001283,12.832880718927854,11.767771151627725,2
0.05,Mouse_464,24.0084,1.222006597326918,12.832880718927854,11.610874121600935,2
0.05,Mouse_464,26.0084,1.3231822564752092,12.832880718927854,11.509698462452643,2
0.05,Mouse_464,28.0084,1.5074954774249554,12.832880718927854,11.3253852415029,2
0.05,Mouse_464,30.0084,1.5774459081256431,12.832880718927854,11.25543481080221,2
0.05,Mouse_464,32.0084,1.5997227562987986,12.832880718927854,11.233157962629054,2
0.05,Mouse_464,34.0084,1.750986558544792,12.832880718927854,11.081894160383062,2
0.05,Mouse_464,36.0084,1.621657678914345,12.832880718927854,11.211223040013508,2
0.05,Mouse_464,38.0084,1.7622539216988047,12.832880718927854,11.07062679722905,2
0.05,Mouse_464,40.0084,1.82388752785904,12.832880718927854,11.008993191068814,2
0.05,Mouse_464,45.0084,1.8345420206064622,12.832880718927854,10.998338698321392,2
0.05,Mouse_464,48.0084,1.8490884212128629,12.832880718927854,10.983792297714992,2
0.05,Mouse_464,51.0084,1.8214579392539108,12.832880718927854,11.011422779673943,2
0.05,Mouse_464,54.0084,1.8507757146332993,12.832880718927854,10.982105004294555,2
0.05,Mouse_464,57.0084,1.9020184445296189,12.832880718927854,10.930862274398235,2
0.05,Mouse_464,65.0084,1.985599479229458,12.832880718927854,10.847281239698395,2
0.05,Mouse_464,70.0084,2.092650561504619,12.832880718927854,10.740230157423236,2
0.05,Mouse_464,75.0084,2.0731425967208454,12.832880718927854,10.759738122207008,2
0.05,Mouse_464,80.0084,2.085206225012039,12.832880718927854,10.747674493915815,2
0.05,Mouse_464,85.0084,2.1395202271747,12.832880718927854,10.693360491753152,2
0.05,Mouse_464,90.0084,2.161417731480868,12.832880718927854,10.671462987446986,2
0.05,Mouse_464,95.0084,2.1102433598177566,12.832880718927854,10.722637359110097,2
0.05,Mouse_464,100.0084,2.2060765984189503,12.832880718927854,10.626804120508904,2
0.05,Mouse_464,105.0083,2.265070009730743,12.832880718927854,10.567810709197111,2
0.05,Mouse_464,110.0083,2.2438824891675346,12.832880718927854,10.58899822976032,2
0.05,Mouse_464,115.0083,2.251902110642794,12.832880718927854,10.58097860828506,2
0.05,Mouse_464,125.0083,2.3179682820564,12.832880718927854,10.514912436871455,2
0.05,Mouse_464,135.0083,2.338236975520395,12.832880718927854,10.494643743407458,2
0.05,Mouse_464,145.0083,2.289363314026172,12.832880718927854,10.543517404901682,2
0.05,Mouse_464,155.0083,2.2749598046197907,12.832880718927854,10.557920914308061,2
0.05,Mouse_464,165.0083,2.314081670928339,12.832880718927854,10.518799047999515,2
0.05,Mouse_464,175.0083,2.359184415517379,12.832880718927854,10.473696303410474,2
0.05,Mouse_464,185.0083,2.316352779665583,12.832880718927854,10.516527939262271,2
0.05,Mouse_464,195.0083,2.3785038342344165,12.832880718927854,10.454376884693437,2
0.05,Mouse_464,205.0087,2.3878466982927464,12.832880718927854,10.445034020635108,2
0.05,Mouse_464,215.0087,2.385016927854909,12.832880718927854,10.447863791072944,2
0.05,Mouse_464,225.0087,2.3908978479044496,12.832880718927854,10.441982871023404,2
0.05,Mouse_464,235.0087,2.326431435906339,12.832880718927854,10.506449283021514,2
0.05,Mouse_464,245.0087,2.3449995001187594,12.832880718927854,10.487881218809093,2
0.05,Mouse_467,0.5083,0.3280976210440345,15.515341594026337,15.187243972982305,2
0.05,Mouse_467,1.0083,-0.06915098726330526,15.515341594026337,15.584492581289641,2
0.05,Mouse_467,1.5083,-3.16062900246361,15.515341594026337,18.675970596489947,2
0.05,Mouse_467,2.0083,0.3593210411763882,15.515341594026337,15.156020552849949,2
0.05,Mouse_467,2.5083,-2.5196651632696785,15.515341594026337,18.035006757296017,2
0.05,Mouse_467,2.7583,-1.918975768959113,15.515341594026337,17.43431736298545,2
0.05,Mouse_467,3.0083,-3.7086025186942386,15.515341594026337,19.223944112720577,2
0.05,Mouse_467,3.2583,-1.3461264829585575,15.515341594026337,16.861468076984895,2
0.05,Mouse_467,3.5083,-1.0477175268398344,15.515341594026337,16.56305912086617,2
0.05,Mouse_467,3.7583,-0.2842030039416583,15.515341594026337,15.799544597967994,2
0.05,Mouse_467,4.0083,-0.3952900538730496,15.515341594026337,15.910631647899386,2
0.05,Mouse_467,4.5083,-0.594958249273255,15.515341594026337,16.110299843299593,2
0.05,Mouse_467,5.0083,-0.5572572485495226,15.515341594026337,16.07259884257586,2
0.05,Mouse_467,5.5083,-0.779214962897619,15.515341594026337,16.294556556923958,2
0.05,Mouse_467,6.0083,-0.23755996881205105,15.515341594026337,15.752901562838389,2
0.05,Mouse_467,6.5083,-0.2769164916683375,15.515341594026337,15.792258085694673,2
0.05,Mouse_467,7.0083,0.20214028143501797,15.515341594026337,15.31320131259132,2
0.05,Mouse_467,7.5083,0.4895180857839554,15.515341594026337,15.025823508242382,2
0.05,Mouse_467,8.0083,0.6604288882140779,15.515341594026337,14.854912705812259,2
0.05,Mouse_467,8.5083,1.7771029479044878,15.515341594026337,13.738238646121847,2
0.05,Mouse_467,9.0083,1.638437005648793,15.515341594026337,13.876904588377545,2
0.05,Mouse_467,9.5083,1.3378912036832724,15.515341594026337,14.177450390343067,2
0.05,Mouse_467,10.0083,2.211995320412234,15.515341594026337,13.303346273614103,2
0.05,Mouse_467,11.0083,2.4060141162244464,15.515341594026337,13.109327477801893,2
0.05,Mouse_467,12.0083,2.3735405967980188,15.515341594026337,13.141800997228318,2
0.05,Mouse_467,13.0083,2.965597847691816,15.515341594026337,12.54974374633452,2
0.05,Mouse_467,14.0083,2.917695614556153,15.515341594026337,12.597645979470183,2
0.05,Mouse_467,15.0083,2.8873717385747035,15.515341594026337,12.627969855451633,2
0.05,Mouse_467,16.0083,3.055296576855243,15.515341594026337,12.460045017171094,2
0.05,Mouse_467,17.0083,3.2082743100396,15.515341594026337,12.307067283986736,2
0.05,Mouse_467,18.0083,3.1722136378166184,15.515341594026337,12.343127956209718,2
0.05,Mouse_467,19.0083,3.0660676194695253,15.515341594026337,12.44927397455681,2
0.05,Mouse_467,20.0084,3.2851472163053654,15.515341594026337,12.230194377720972,2
0.05,Mouse_467,22.0084,3.2905488564701906,15.515341594026337,12.224792737556148,2
0.05,Mouse_467,24.0084,3.2529369195137092,15.515341594026337,12.262404674512629,2
0.05,Mouse_467,26.0084,3.2356994256775335,15.515341594026337,12.279642168348804,2
0.05,Mouse_467,28.0084,3.2808744760215363,15.515341594026337,12.234467118004801,2
0.05,Mouse_467,30.0084,3.2146511434062446,15.515341594026337,12.30069045062009,2
0.05,Mouse_467,32.0084,3.162476137944701,15.515341594026337,12.352865456081636,2
0.05,Mouse_467,34.0084,3.1927011184877245,15.515341594026337,12.322640475538613,2
0.05,Mouse_467,36.0084,3.0224171905984822,15.515341594026337,12.492924403427857,2
0.05,Mouse_467,38.0084,3.120936982703106,15.515341594026337,12.394404611323232,2
0.05,Mouse_467,40.0084,3.075075731118206,15.515341594026337,12.44026586290813,2
0.05,Mouse_467,45.0084,2.92965765896827,15.515341594026337,12.585683935058068,2
0.05,Mouse_467,48.0084,2.903186600013402,15.515341594026337,12.612154994012934,2
0.05,Mouse_467,51.0084,2.896358607867156,15.515341594026337,12.618982986159182,2
0.05,Mouse_467,54.0084,2.805458636595699,15.515341594026337,12.709882957430638,2
0.05,Mouse_467,57.0084,2.7513695332018813,15.515341594026337,12.763972060824456,2
0.05,Mouse_467,65.0084,2.7777931061149026,15.515341594026337,12.737548487911432,2
0.05,Mouse_467,70.0084,2.7553526993696815,15.515341594026337,12.759988894656658,2
0.05,Mouse_467,75.0084,2.687861724771964,15.515341594026337,12.827479869254372,2
0.05,Mouse_467,80.0084,2.6452431590557075,15.515341594026337,12.870098434970629,2
0.05,Mouse_467,85.0084,2.642963174402756,15.515341594026337,12.87237841962358,2
0.05,Mouse_467,90.0084,2.689461570175979,15.515341594026337,12.825880023850356,2
0.05,Mouse_467,95.0084,2.6147812509606756,15.515341594026337,12.900560343065662,2
0.05,Mouse_467,100.0084,2.6808036347800415,15.515341594026337,12.834537959246296,2
0.05,Mouse_467,105.0083,2.696886481264395,15.515341594026337,12.818455112761944,2
0.05,Mouse_467,110.0083,2.6850232025355947,15.515341594026337,12.830318391490742,2
0.05,Mouse_467,115.0083,2.66991960339319,15.515341594026337,12.845421990633147,2
0.05,Mouse_467,125.0083,2.658333242146548,15.515341594026337,12.857008351879788,2
0.05,Mouse_467,135.0083,2.675088824813608,15.515341594026337,12.840252769212729,2
0.05,Mouse_467,145.0083,2.680597208331068,15.515341594026337,12.83474438569527,2
0.05,Mouse_467,155.0083,2.6553632330647936,15.515341594026337,12.859978360961543,2
0.05,Mouse_467,165.0083,2.664172783109455,15.515341594026337,12.85116881091688,2
0.05,Mouse_467,175.0083,2.66544284755278,15.515341594026337,12.849898746473556,2
0.05,Mouse_467,185.0083,2.6593300509871787,15.515341594026337,12.856011543039159,2
0.05,Mouse_467,195.0083,2.647878694721049,15.515341594026337,12.867462899305288,2
0.05,Mouse_467,205.0087,2.628346075703352,15.515341594026337,12.886995518322983,2
0.05,Mouse_467,215.0087,2.6568674430367185,15.515341594026337,12.858474150989618,2
0.05,Mouse_467,225.0087,2.6230684115161456,15.515341594026337,12.892273182510193,2
0.05,Mouse_467,235.0087,2.6348485202784935,15.515341594026337,12.880493073747843,2
0.05,Mouse_467,245.0087,2.6236152487155664,15.515341594026337,12.89172634531077,2
0.05,Mouse_469,0.5083,-1.0600792799649401,16.892335542694262,17.952414822659204,2
0.05,Mouse_469,1.0083,2.1834984342508568,16.892335542694262,14.708837108443408,2
0.05,Mouse_469,1.5083,-0.0444830180625857,16.892335542694262,16.936818560756848,2
0.05,Mouse_469,2.0083,3.662179173709084,16.892335542694262,13.230156368985181,2
0.05,Mouse_469,2.5083,2.8341091959100266,16.892335542694262,14.058226346784238,2
0.05,Mouse_469,2.7583,1.6939285191282103,16.892335542694262,15.198407023566055,2
0.05,Mouse_469,3.0083,1.8095936038610478,16.892335542694262,15.082741938833216,2
0.05,Mouse_469,3.2583,0.0901165415281096,16.892335542694262,16.802219001166154,2
0.05,Mouse_469,3.5083,1.133458990563331,16.892335542694262,15.758876552130932,2
0.05,Mouse_469,3.7583,0.5450973379769497,16.892335542694262,16.347238204717314,2
0.05,Mouse_469,4.0083,0.8074878831938079,16.892335542694262,16.084847659500454,2
0.05,Mouse_469,4.5083,0.05439209220407015,16.892335542694262,16.837943450490194,2
0.05,Mouse_469,5.0083,-0.039959480713388756,16.892335542694262,16.932295023407654,2
0.05,Mouse_469,5.5083,-0.3262170780142224,16.892335542694262,17.218552620708486,2
0.05,Mouse_469,6.0083,-0.34000096174031036,16.892335542694262,17.232336504434574,2
0.05,Mouse_469,6.5083,-0.5385161297812875,16.892335542694262,17.43085167247555,2
0.05,Mouse_469,7.0083,-0.2625360946153972,16.892335542694262,17.15487163730966,2
0.05,Mouse_469,7.5083,0.15233291637860805,16.892335542694262,16.740002626315658,2
0.05,Mouse_469,8.0083,0.27150017240649754,16.892335542694262,16.620835370287764,2
0.05,Mouse_469,8.5083,1.4822822200727217,16.892335542694262,15.410053322621543,2
0.05,Mouse_469,9.0083,1.5875017636890734,16.892335542694262,15.304833779005191,2
0.05,Mouse_469,9.5083,0.5420711538145344,16.892335542694262,16.35026438887973,2
0.05,Mouse_469,10.0083,1.8582031203156681,16.892335542694262,15.034132422378597,2
0.05,Mouse_469,11.0083,1.9691064722848726,16.892335542694262,14.923229070409391,2
0.05,Mouse_469,12.0083,1.6847871264655678,16.892335542694262,15.207548416228697,2
0.05,Mouse_469,13.0083,1.7283265686303901,16.892335542694262,15.164008974063876,2
0.05,Mouse_469,14.0083,1.570881770945257,16.892335542694262,15.321453771749006,2
0.05,Mouse_469,15.0083,1.2163639070635623,16.892335542694262,15.6759716356307,2
0.05,Mouse_469,16.0083,1.0447073398538245,16.892335542694262,15.84762820284044,2
0.05,Mouse_469,17.0083,1.1416905630141887,16.892335542694262,15.750644979680075,2
0.05,Mouse_469,18.0083,1.1522672518191515,16.892335542694262,15.740068290875112,2
0.05,Mouse_469,19.0083,1.0077086145373277,16.892335542694262,15.884626928156937,2
0.05,Mouse_469,20.0084,1.168679783794401,16.892335542694262,15.723655758899863,2
0.05,Mouse_469,22.0084,1.039961462062731,16.892335542694262,15.852374080631533,2
0.05,Mouse_469,24.0084,1.0935851041167994,16.892335542694262,15.798750438577464,2
0.05,Mouse_469,26.0084,1.0354665279020656,16.892335542694262,15.856869014792197,2
0.05,Mouse_469,28.0084,1.0874337293545882,16.892335542694262,15.804901813339676,2
0.05,Mouse_469,30.0084,1.0577819859993953,16.892335542694262,15.834553556694868,2
0.05,Mouse_469,32.0084,1.0014719933264642,16.892335542694262,15.8908635493678,2
0.05,Mouse_469,34.0084,1.0408348126655307,16.892335542694262,15.851500730028732,2
0.05,Mouse_469,36.0084,0.9798785896969522,16.892335542694262,15.91245695299731,2
0.05,Mouse_469,38.0084,1.0440062541550654,16.892335542694262,15.848329288539198,2
0.05,Mouse_469,40.0084,1.0511027994915265,16.892335542694262,15.841232743202738,2
0.05,Mouse_469,45.0084,0.9901141995226705,16.892335542694262,15.902221343171593,2
0.05,Mouse_469,48.0084,0.9958458794274624,16.892335542694262,15.896489663266802,2
0.05,Mouse_469,51.0084,0.9349465206334379,16.892335542694262,15.957389022060827,2
0.05,Mouse_469,54.0084,1.0082643094986155,16.892335542694262,15.884071233195648,2
0.05,Mouse_469,57.0084,0.946663803060594,16.892335542694262,15.94567173963367,2
0.05,Mouse_469,65.0084,0.9169892470579928,16.892335542694262,15.975346295636271,2
0.05,Mouse_469,70.0084,0.8121479962759315,16.892335542694262,16.080187546418333,2
0.05,Mouse_469,75.0084,0.8520623503648519,16.892335542694262,16.040273192329412,2
0.05,Mouse_469,80.0084,0.802515842694711,16.892335542694262,16.089819699999552,2
0.05,Mouse_469,85.0084,0.8295040968910161,16.892335542694262,16.062831445803248,2
0.05,Mouse_469,90.0084,0.8401195623820871,16.892335542694262,16.052215980312177,2
0.05,Mouse_469,95.0084,0.8569198257247956,16.892335542694262,16.035415716969467,2
0.05,Mouse_469,100.0084,0.8419918064830619,16.892335542694262,16.050343736211204,2
0.05,Mouse_469,105.0083,0.8466167711779811,16.892335542694262,16.045718771516285,2
0.05,Mouse_469,110.0083,0.9025067347935095,16.892335542694262,15.989828807900754,2
0.05,Mouse_469,115.0083,0.8651911334025826,16.892335542694262,16.02714440929168,2
0.05,Mouse_469,125.0083,0.861376754601106,16.892335542694262,16.03095878809316,2
0.05,Mouse_469,135.0083,0.8715864367334466,16.892335542694262,16.020749105960817,2
0.05,Mouse_469,145.0083,0.8801336816908973,16.892335542694262,16.012201861003366,2
0.05,Mouse_469,155.0083,0.8505943173561228,16.892335542694262,16.041741225338143,2
0.05,Mouse_469,165.0083,0.8549625988452272,16.892335542694262,16.037372943849036,2
0.05,Mouse_469,175.0083,0.9537505406046547,16.892335542694262,15.938585002089608,2
0.05,Mouse_469,185.0083,0.8014996443520044,16.892335542694262,16.09083589834226,2
0.05,Mouse_469,195.0083,0.8481119051369442,16.892335542694262,16.04422363755732,2
0.05,Mouse_469,205.0087,0.836097309263728,16.892335542694262,16.056238233430538,2
0.05,Mouse_469,215.0087,0.845576027560619,16.892335542694262,16.046759515133644,2
0.05,Mouse_469,225.0087,0.8406129311120223,16.892335542694262,16.051722611582242,2
0.05,Mouse_469,235.0087,0.8357618959114799,16.892335542694262,16.056573646782784,2
0.05,Mouse_469,245.0087,0.8791708753750358,16.892335542694262,16.013164667319227,2
0.05,Mouse_470,0.5083,0.5040168412707544,28.47749423567797,27.973477394407215,2
0.05,Mouse_470,1.0083,-6.029662031717449,28.47749423567797,34.507156267395416,2
0.05,Mouse_470,1.5083,1.12795496703647,28.47749423567797,27.3495392686415,2
0.05,Mouse_470,2.0083,7.051975603808623,28.47749423567797,21.425518631869345,2
0.05,Mouse_470,2.5083,3.7282201384754643,28.47749423567797,24.749274097202505,2
0.05,Mouse_470,2.7583,-1.1564158063894223,28.47749423567797,29.63391004206739,2
0.05,Mouse_470,3.0083,2.6006133993434215,28.47749423567797,25.87688083633455,2
0.05,Mouse_470,3.2583,-4.65460448984367,28.47749423567797,33.132098725521644,2
0.05,Mouse_470,3.5083,-2.3540971782484483,28.47749423567797,30.831591413926418,2
0.05,Mouse_470,3.7583,-3.6705065993795287,28.47749423567797,32.1480008350575,2
0.05,Mouse_470,4.0083,-2.9322349554168863,28.47749423567797,31.409729191094854,2
0.05,Mouse_470,4.5083,-3.400177703629133,28.47749423567797,31.877671939307103,2
0.05,Mouse_470,5.0083,-2.3172352917372954,28.47749423567797,30.794729527415267,2
0.05,Mouse_470,5.5083,-1.7733502489095998,28.47749423567797,30.250844484587567,2
0.05,Mouse_470,6.0083,-3.032662079963195,28.47749423567797,31.510156315641165,2
0.05,Mouse_470,6.5083,-2.0554285908659717,28.47749423567797,30.532922826543942,2
0.05,Mouse_470,7.0083,-2.1774841631236366,28.47749423567797,30.654978398801607,2
0.05,Mouse_470,7.5083,-2.1702010439127277,28.47749423567797,30.6476952795907,2
0.05,Mouse_470,8.0083,-3.045928311795254,28.47749423567797,31.523422547473224,2
0.05,Mouse_470,8.5083,-0.9109735103467314,28.47749423567797,29.388467746024705,2
0.05,Mouse_470,9.0083,-2.0596044411324437,28.47749423567797,30.537098676810416,2
0.05,Mouse_470,9.5083,-3.1508186315114144,28.47749423567797,31.628312867189386,2
0.05,Mouse_470,10.0083,-2.257252788804615,28.47749423567797,30.734747024482587,2
0.05,Mouse_470,11.0083,-3.0944232004408625,28.47749423567797,31.57191743611883,2
0.05,Mouse_470,12.0083,-3.510481738589619,28.47749423567797,31.987975974267588,2
0.05,Mouse_470,13.0083,-3.8859131176093618,28.47749423567797,32.36340735328733,2
0.05,Mouse_470,14.0083,-4.140436232665957,28.47749423567797,32.61793046834393,2
0.05,Mouse_470,15.0083,-4.769783601316708,28.47749423567797,33.24727783699468,2
0.05,Mouse_470,16.0083,-4.914160863027124,28.47749423567797,33.391655098705094,2
0.05,Mouse_470,17.0083,-5.071499414336929,28.47749423567797,33.5489936500149,2
0.05,Mouse_470,18.0083,-5.212524013933722,28.47749423567797,33.69001824961169,2
0.05,Mouse_470,19.0083,-5.024047366540519,28.47749423567797,33.50154160221849,2
0.05,Mouse_470,20.0084,-4.869088948881285,28.47749423567797,33.34658318455926,2
0.05,Mouse_470,22.0084,-4.8287409862664665,28.47749423567797,33.30623522194444,2
0.05,Mouse_470,24.0084,-5.1609554417898575,28.47749423567797,33.638449677467825,2
0.05,Mouse_470,26.0084,-4.826208077288236,28.47749423567797,33.30370231296621,2
0.05,Mouse_470,28.0084,-4.746190815071678,28.47749423567797,33.22368505074965,2
0.05,Mouse_470,30.0084,-4.73134445183919,28.47749423567797,33.20883868751716,2
0.05,Mouse_470,32.0084,-4.829868587837266,28.47749423567797,33.307362823515234,2
0.05,Mouse_470,34.0084,-4.4542004082768685,28.47749423567797,32.93169464395484,2
0.05,Mouse_470,36.0084,-5.235573126806928,28.47749423567797,33.7130673624849,2
0.05,Mouse_470,38.0084,-4.5107437429364445,28.47749423567797,32.98823797861442,2
0.05,Mouse_470,40.0084,-4.506172778486696,28.47749423567797,32.983667014164666,2
0.05,Mouse_470,45.0084,-4.834259264863745,28.47749423567797,33.31175350054171,2
0.05,Mouse_470,48.0084,-4.833772605247441,28.47749423567797,33.31126684092541,2
0.05,Mouse_470,51.0084,-4.9161721196789525,28.47749423567797,33.39366635535693,2
0.05,Mouse_470,54.0084,-5.003575266227177,28.47749423567797,33.48106950190514,2
0.05,Mouse_470,57.0084,-5.049362605013146,28.47749423567797,33.52685684069112,2
0.05,Mouse_470,65.0084,-5.192350487233977,28.47749423567797,33.66984472291195,2
0.05,Mouse_470,70.0084,-5.176375290036193,28.47749423567797,33.653869525714164,2
0.05,Mouse_470,75.0084,-5.373213774611682,28.47749423567797,33.85070801028965,2
0.05,Mouse_470,80.0084,-5.53043068335208,28.47749423567797,34.00792491903005,2
0.05,Mouse_470,85.0084,-5.615068107538319,28.47749423567797,34.09256234321629,2
0.05,Mouse_470,90.0084,-5.50765795332394,28.47749423567797,33.98515218900191,2
0.05,Mouse_470,95.0084,-5.861298268923077,28.47749423567797,34.338792504601045,2
0.05,Mouse_470,100.0084,-5.623338526058971,28.47749423567797,34.10083276173694,2
0.05,Mouse_470,105.0083,-5.597437241643846,28.47749423567797,34.07493147732182,2
0.05,Mouse_470,110.0083,-5.584513329904675,28.47749423567797,34.06200756558265,2
0.05,Mouse_470,115.0083,-5.643777397791183,28.47749423567797,34.12127163346915,2
0.05,Mouse_470,125.0083,-5.840680633772106,28.47749423567797,34.318174869450075,2
0.05,Mouse_470,135.0083,-5.802754651854716,28.47749423567797,34.280248887532686,2
0.05,Mouse_470,145.0083,-5.904430768349558,28.47749423567797,34.38192500402753,2
0.05,Mouse_470,155.0083,-6.013566677730859,28.47749423567797,34.49106091340883,2
0.05,Mouse_470,165.0083,-5.943616001366431,28.47749423567797,34.421110237044395,2
0.05,Mouse_470,175.0083,-5.940205301349162,28.47749423567797,34.41769953702713,2
0.05,Mouse_470,185.0083,-5.914099982356861,28.47749423567797,34.39159421803483,2
0.05,Mouse_470,195.0083,-5.976528308012469,28.47749423567797,34.45402254369044,2
0.05,Mouse_470,205.0087,-6.026164104417766,28.47749423567797,34.50365834009573,2
0.05,Mouse_470,215.0087,-5.916831479613865,28.47749423567797,34.394325715291835,2
0.05,Mouse_470,225.0087,-6.064837873151413,28.47749423567797,34.542332108829385,2
0.05,Mouse_470,235.0087,-6.043197628070467,28.47749423567797,34.52069186374844,2
0.05,Mouse_470,245.0087,-6.032176737437948,28.47749423567797,34.50967097311592,2
0.1,Mouse_328,0.5083,-1.4107970085801718,18.259281841484466,19.670078850064638,1
0.1,Mouse_328,1.0083,-2.656374241393614,18.259281841484466,20.91565608287808,1
0.1,Mouse_328,1.5083,-4.395676134554247,18.259281841484466,22.65495797603871,1
0.1,Mouse_328,2.0083,4.607485890581781,18.259281841484466,13.65179595090268,1
0.1,Mouse_328,2.5083,1.288392176627852,18.259281841484466,16.97088966485661,1
0.1,Mouse_328,2.7583,1.6026697907847025,18.259281841484466,16.65661205069976,1
0.1,Mouse_328,3.0083,2.0901206769439256,18.259281841484466,16.169161164540537,1
0.1,Mouse_328,3.2583,2.729987272994713,18.259281841484466,15.52929456848975,1
0.1,Mouse_328,3.5083,4.528355616203816,18.259281841484466,13.730926225280646,1
0.1,Mouse_328,3.7583,5.545000581690379,18.259281841484466,12.714281259794085,1
0.1,Mouse_328,4.0083,4.518611085596669,18.259281841484466,13.740670755887791,1
0.1,Mouse_328,4.5083,2.131313683004634,18.259281841484466,16.127968158479828,1
0.1,Mouse_328,5.0083,2.2542846981805944,18.259281841484466,16.004997143303868,1
0.1,Mouse_328,5.5083,2.597204709218987,18.259281841484466,15.662077132265477,1
0.1,Mouse_328,6.0083,0.8184764682069137,18.259281841484466,17.44080537327755,1
0.1,Mouse_328,6.5083,1.590873565006433,18.259281841484466,16.66840827647803,1
0.1,Mouse_328,7.0083,0.6780255488815818,18.259281841484466,17.58125629260288,1
0.1,Mouse_328,7.5083,0.5760093414198124,18.259281841484466,17.68327250006465,1
0.1,Mouse_328,8.0083,0.7741998925100155,18.259281841484466,17.485081948974447,1
0.1,Mouse_328,8.5083,1.8106030376185664,18.259281841484466,16.448678803865896,1
0.1,Mouse_328,9.0083,1.3289708329532033,18.259281841484466,16.93031100853126,1
0.1,Mouse_328,9.5083,2.277314407526818,18.259281841484466,15.981967433957644,1
0.1,Mouse_328,10.0083,3.0334636889014472,18.259281841484466,15.225818152583017,1
0.1,Mouse_328,11.0083,4.481932304362724,18.259281841484466,13.777349537121738,1
0.1,Mouse_328,12.0083,4.02109122559701,18.259281841484466,14.238190615887452,1
0.1,Mouse_328,13.0083,5.910935066991842,18.259281841484466,12.34834677449262,1
0.1,Mouse_328,14.0083,6.1584947754759,18.259281841484466,12.100787066008564,1
0.1,Mouse_328,15.0083,6.511497842709963,18.259281841484466,11.7477839987745,1
0.1,Mouse_328,16.0083,6.511605847721222,18.259281841484466,11.74767599376324,1
0.1,Mouse_328,17.0083,6.585908899500288,18.259281841484466,11.673372941984177,1
0.1,Mouse_328,18.0083,6.8869167274737,18.259281841484466,11.372365114010762,1
0.1,Mouse_328,19.0083,7.441154471053629,18.259281841484466,10.818127370430831,1
0.1,Mouse_328,20.0084,7.674431125490003,18.259281841484466,10.58485071599446,1
0.1,Mouse_328,22.0084,8.060379761898224,18.259281841484466,10.198902079586238,1
0.1,Mouse_328,24.0084,8.430825433754448,18.259281841484466,9.828456407730014,1
0.1,Mouse_328,26.0084,8.675562997252207,18.259281841484466,9.583718844232257,1
0.1,Mouse_328,28.0084,9.023569791751902,18.259281841484466,9.23571204973256,1
0.1,Mouse_328,30.0084,9.242237111059389,18.259281841484466,9.017044730425074,1
0.1,Mouse_328,32.0084,9.653141666259756,18.259281841484466,8.606140175224708,1
0.1,Mouse_328,34.0084,9.793137660641024,18.259281841484466,8.46614418084344,1
0.1,Mouse_328,36.0084,9.66850273828072,18.259281841484466,8.590779103203742,1
0.1,Mouse_328,38.0084,9.99839254083222,18.259281841484466,8.260889300652243,1
0.1,Mouse_328,40.0084,10.091112970350617,18.259281841484466,8.168168871133846,1
0.1,Mouse_328,45.0084,10.22396874372109,18.259281841484466,8.035313097763373,1
0.1,Mouse_328,48.0084,10.332484321227945,18.259281841484466,7.926797520256517,1
0.1,Mouse_328,51.0084,10.36450679690912,18.259281841484466,7.894775044575342,1
0.1,Mouse_328,54.0084,10.369231664093848,18.259281841484466,7.890050177390615,1
0.1,Mouse_328,57.0084,10.424434336734006,18.259281841484466,7.834847504750457,1
0.1,Mouse_328,65.0084,10.758234981655855,18.259281841484466,7.501046859828607,1
0.1,Mouse_328,70.0084,10.888229548396136,18.259281841484466,7.371052293088327,1
0.1,Mouse_328,75.0084,10.973822702905842,18.259281841484466,7.28545913857862,1
0.1,Mouse_328,80.0084,11.061708548371868,18.259281841484466,7.197573293112593,1
0.1,Mouse_328,85.0084,11.193702766307077,18.259281841484466,7.065579075177388,1
0.1,Mouse_328,90.0084,11.339134264140313,18.259281841484466,6.92014757734415,1
0.1,Mouse_328,95.0084,11.349296158713528,18.259281841484466,6.909985682770936,1
0.1,Mouse_328,100.0084,11.49014025289933,18.259281841484466,6.769141588585133,1
0.1,Mouse_328,105.0083,11.589294214987977,18.259281841484466,6.669987626496486,1
0.1,Mouse_328,110.0083,11.611821554684282,18.259281841484466,6.647460286800181,1
0.1,Mouse_328,115.0083,11.630597579699703,18.259281841484466,6.628684261784759,1
0.1,Mouse_328,125.0083,11.79262647254193,18.259281841484466,6.466655368942534,1
0.1,Mouse_328,135.0083,11.9289329222637,18.259281841484466,6.330348919220762,1
0.1,Mouse_328,145.0083,11.941867136533435,18.259281841484466,6.317414704951026,1
0.1,Mouse_328,155.0083,11.977330205010777,18.259281841484466,6.281951636473687,1
0.1,Mouse_328,165.0083,12.136749000943627,18.259281841484466,6.122532840540836,1
0.1,Mouse_328,175.0083,12.216053495859615,18.259281841484466,6.043228345624846,1
0.1,Mouse_328,185.0083,12.095344645984838,18.259281841484466,6.163937195499624,1
0.1,Mouse_328,195.0083,12.153835423926669,18.259281841484466,6.105446417557793,1
0.1,Mouse_328,205.0087,12.189167337544836,18.259281841484466,6.070114503939626,1
0.1,Mouse_328,215.0087,12.232206168429126,18.259281841484466,6.027075673055337,1
0.1,Mouse_328,225.0087,12.214659266087873,18.259281841484466,6.044622575396592,1
0.1,Mouse_328,235.0087,12.265530822448078,18.259281841484466,5.9937510190363845,1
0.1,Mouse_328,245.0087,12.301570316263438,18.259281841484466,5.957711525221024,1
0.1,Mouse_331,0.5083,-2.893676633727164,14.77227910642052,17.665955740147684,2
0.1,Mouse_331,1.0083,0.7482795781333351,14.77227910642052,14.023999528287185,2
0.1,Mouse_331,1.5083,-0.38708444284700105,14.77227910642052,15.159363549267521,2
0.1,Mouse_331,2.0083,4.7908015931486965,14.77227910642052,9.981477513271825,2
0.1,Mouse_331,2.5083,5.399366249661221,14.77227910642052,9.3729128567593,2
0.1,Mouse_331,2.7583,3.5831283255020194,14.77227910642052,11.189150780918501,2
0.1,Mouse_331,3.0083,4.521801607014652,14.77227910642052,10.25047749940587,2
0.1,Mouse_331,3.2583,3.3724417795609685,14.77227910642052,11.399837326859553,2
0.1,Mouse_331,3.5083,4.985847348524208,14.77227910642052,9.786431757896311,2
0.1,Mouse_331,3.7583,6.2366811557695385,14.77227910642052,8.535597950650981,2
0.1,Mouse_331,4.0083,5.72440308470662,14.77227910642052,9.0478760217139,2
0.1,Mouse_331,4.5083,1.5406420074175804,14.77227910642052,13.23163709900294,2
0.1,Mouse_331,5.0083,1.3720366894174818,14.77227910642052,13.400242417003039,2
0.1,Mouse_331,5.5083,1.292932555197907,14.77227910642052,13.479346551222614,2
0.1,Mouse_331,6.0083,-0.990579690594507,14.77227910642052,15.762858797015028,2
0.1,Mouse_331,6.5083,-0.6298708202414236,14.77227910642052,15.402149926661945,2
0.1,Mouse_331,7.0083,-2.4627712102577464,14.77227910642052,17.23505031667827,2
0.1,Mouse_331,7.5083,-2.296102906268488,14.77227910642052,17.06838201268901,2
0.1,Mouse_331,8.0083,-2.419623355782364,14.77227910642052,17.191902462202883,2
0.1,Mouse_331,8.5083,-3.39410140008411,14.77227910642052,18.16638050650463,2
0.1,Mouse_331,9.0083,-2.277395893390147,14.77227910642052,17.04967499981067,2
0.1,Mouse_331,9.5083,-2.1538474557579503,14.77227910642052,16.92612656217847,2
0.1,Mouse_331,10.0083,-2.308024926171364,14.77227910642052,17.080304032591883,2
0.1,Mouse_331,11.0083,-0.4323542576782451,14.77227910642052,15.204633364098765,2
0.1,Mouse_331,12.0083,-0.5578097710169327,14.77227910642052,15.330088877437454,2
0.1,Mouse_331,13.0083,1.1438540700242488,14.77227910642052,13.628425036396271,2
0.1,Mouse_331,14.0083,1.7519822572646886,14.77227910642052,13.020296849155832,2
0.1,Mouse_331,15.0083,2.4401292816675335,14.77227910642052,12.332149824752985,2
0.1,Mouse_331,16.0083,2.8915763958874496,14.77227910642052,11.880702710533072,2
0.1,Mouse_331,17.0083,3.139685016936978,14.77227910642052,11.632594089483543,2
0.1,Mouse_331,18.0083,3.5960962762161675,14.77227910642052,11.176182830204354,2
0.1,Mouse_331,19.0083,4.071492781629645,14.77227910642052,10.700786324790876,2
0.1,Mouse_331,20.0084,4.6072624996857146,14.77227910642052,10.165016606734806,2
0.1,Mouse_331,22.0084,5.299428532292613,14.77227910642052,9.472850574127907,2
0.1,Mouse_331,24.0084,5.549311316552061,14.77227910642052,9.22296778986846,2
0.1,Mouse_331,26.0084,5.916479350251818,14.77227910642052,8.855799756168702,2
0.1,Mouse_331,28.0084,6.102043600893047,14.77227910642052,8.670235505527472,2
0.1,Mouse_331,30.0084,6.303731943606973,14.77227910642052,8.468547162813547,2
0.1,Mouse_331,32.0084,6.495593763809087,14.77227910642052,8.276685342611435,2
0.1,Mouse_331,34.0084,6.730656200882995,14.77227910642052,8.041622905537526,2
0.1,Mouse_331,36.0084,6.627760595267651,14.77227910642052,8.144518511152869,2
0.1,Mouse_331,38.0084,6.8187521721040705,14.77227910642052,7.95352693431645,2
0.1,Mouse_331,40.0084,6.803156858040118,14.77227910642052,7.969122248380402,2
0.1,Mouse_331,45.0084,6.929241745275473,14.77227910642052,7.843037361145049,2
0.1,Mouse_331,48.0084,6.89409768227288,14.77227910642052,7.878181424147641,2
0.1,Mouse_331,51.0084,6.820725744665014,14.77227910642052,7.951553361755506,2
0.1,Mouse_331,54.0084,6.88530198089018,14.77227910642052,7.886977125530342,2
0.1,Mouse_331,57.0084,6.785311065652994,14.77227910642052,7.986968040767526,2
0.1,Mouse_331,65.0084,6.840146995755038,14.77227910642052,7.932132110665483,2
0.1,Mouse_331,70.0084,6.8354315454088095,14.77227910642052,7.936847561011711,2
0.1,Mouse_331,75.0084,6.794569322923955,14.77227910642052,7.9777097834965645,2
0.1,Mouse_331,80.0084,6.815650684235763,14.77227910642052,7.956628422184758,2
0.1,Mouse_331,85.0084,6.725588912702395,14.77227910642052,8.046690193718126,2
0.1,Mouse_331,90.0084,6.824887660828864,14.77227910642052,7.947391445591657,2
0.1,Mouse_331,95.0084,6.731396612836997,14.77227910642052,8.040882493583524,2
0.1,Mouse_331,100.0084,6.755620283069531,14.77227910642052,8.01665882335099,2
0.1,Mouse_331,105.0083,6.702971024608948,14.77227910642052,8.069308081811574,2
0.1,Mouse_331,110.0083,6.767645420968478,14.77227910642052,8.004633685452042,2
0.1,Mouse_331,115.0083,6.751616325320697,14.77227910642052,8.020662781099823,2
0.1,Mouse_331,125.0083,6.639110506763329,14.77227910642052,8.133168599657193,2
0.1,Mouse_331,135.0083,6.649572056227152,14.77227910642052,8.12270705019337,2
0.1,Mouse_331,145.0083,6.579936781505367,14.77227910642052,8.192342324915154,2
0.1,Mouse_331,155.0083,6.478067640302106,14.77227910642052,8.294211466118416,2
0.1,Mouse_331,165.0083,6.466316815796647,14.77227910642052,8.305962290623874,2
0.1,Mouse_331,175.0083,6.4280801293176975,14.77227910642052,8.344198977102824,2
0.1,Mouse_331,185.0083,6.386251265432323,14.77227910642052,8.386027840988199,2
0.1,Mouse_331,195.0083,6.259736200242423,14.77227910642052,8.512542906178098,2
0.1,Mouse_331,205.0087,6.201931862901274,14.77227910642052,8.570347243519246,2
0.1,Mouse_331,215.0087,6.15824782953066,14.77227910642052,8.614031276889861,2
0.1,Mouse_331,225.0087,6.080140728380091,14.77227910642052,8.69213837804043,2
0.1,Mouse_331,235.0087,6.018712999090895,14.77227910642052,8.753566107329625,2
0.1,Mouse_331,245.0087,5.93120530483166,14.77227910642052,8.84107380158886,2
0.1,Mouse_333,0.5083,-0.8086970853779498,5.659374324365074,6.468071409743024,2
0.1,Mouse_333,1.0083,-6.092163774057974,5.659374324365074,11.75153809842305,2
0.1,Mouse_333,1.5083,-5.240198480457736,5.659374324365074,10.89957280482281,2
0.1,Mouse_333,2.0083,-4.6338386348725304,5.659374324365074,10.293212959237604,2
0.1,Mouse_333,2.5083,-3.939451020697142,5.659374324365074,9.598825345062217,2
0.1,Mouse_333,2.7583,-5.74844853021267,5.659374324365074,11.407822854577745,2
0.1,Mouse_333,3.0083,-4.410568686800655,5.659374324365074,10.069943011165728,2
0.1,Mouse_333,3.2583,-3.113815581846477,5.659374324365074,8.773189906211552,2
0.1,Mouse_333,3.5083,-4.64931902591451,5.659374324365074,10.308693350279585,2
0.1,Mouse_333,3.7583,-5.831440896103319,5.659374324365074,11.490815220468392,2
0.1,Mouse_333,4.0083,-5.5122758253505815,5.659374324365074,11.171650149715656,2
0.1,Mouse_333,4.5083,-3.175022477320052,5.659374324365074,8.834396801685127,2
0.1,Mouse_333,5.0083,-3.4925866160062533,5.659374324365074,9.151960940371328,2
0.1,Mouse_333,5.5083,-2.3785377707639723,5.659374324365074,8.037912095129046,2
0.1,Mouse_333,6.0083,-2.0616817792719138,5.659374324365074,7.721056103636988,2
0.1,Mouse_333,6.5083,-2.1076134840017375,5.659374324365074,7.766987808366812,2
0.1,Mouse_333,7.0083,-2.0055324877716285,5.659374324365074,7.664906812136703,2
0.1,Mouse_333,7.5083,-1.7315129898128447,5.659374324365074,7.3908873141779186,2
0.1,Mouse_333,8.0083,-2.3444281552469035,5.659374324365074,8.003802479611977,2
0.1,Mouse_333,8.5083,-2.5162103808427023,5.659374324365074,8.175584705207777,2
0.1,Mouse_333,9.0083,-2.3595270018053887,5.659374324365074,8.018901326170463,2
0.1,Mouse_333,9.5083,-2.392755042033633,5.659374324365074,8.052129366398708,2
0.1,Mouse_333,10.0083,-2.849219537104397,5.659374324365074,8.508593861469471,2
0.1,Mouse_333,11.0083,-3.1723649982375894,5.659374324365074,8.831739322602665,2
0.1,Mouse_333,12.0083,-2.9329965336420556,5.659374324365074,8.59237085800713,2
0.1,Mouse_333,13.0083,-3.6139702645619725,5.659374324365074,9.273344588927047,2
0.1,Mouse_333,14.0083,-3.9338635331512775,5.659374324365074,9.593237857516351,2
0.1,Mouse_333,15.0083,-3.9531371997217315,5.659374324365074,9.612511524086806,2
0.1,Mouse_333,16.0083,-4.289192330303414,5.659374324365074,9.94856665466849,2
0.1,Mouse_333,17.0083,-4.533114220710688,5.659374324365074,10.192488545075761,2
0.1,Mouse_333,18.0083,-4.638415680119996,5.659374324365074,10.297790004485071,2
0.1,Mouse_333,19.0083,-5.132297377645225,5.659374324365074,10.791671702010298,2
0.1,Mouse_333,20.0084,-5.109348296369838,5.659374324365074,10.768722620734913,2
0.1,Mouse_333,22.0084,-5.38716002922143,5.659374324365074,11.046534353586505,2
0.1,Mouse_333,24.0084,-5.47367838831319,5.659374324365074,11.133052712678266,2
0.1,Mouse_333,26.0084,-5.8794379093180025,5.659374324365074,11.538812233683078,2
0.1,Mouse_333,28.0084,-6.016014129646195,5.659374324365074,11.675388454011268,2
0.1,Mouse_333,30.0084,-6.1911270002007885,5.659374324365074,11.850501324565863,2
0.1,Mouse_333,32.0084,-6.346979088495754,5.659374324365074,12.00635341286083,2
0.1,Mouse_333,34.0084,-6.473002313359196,5.659374324365074,12.132376637724272,2
0.1,Mouse_333,36.0084,-6.486529188203919,5.659374324365074,12.145903512568994,2
0.1,Mouse_333,38.0084,-6.673917861792831,5.659374324365074,12.333292186157903,2
0.1,Mouse_333,40.0084,-6.785270158594347,5.659374324365074,12.444644482959424,2
0.1,Mouse_333,45.0084,-6.915747849075675,5.659374324365074,12.57512217344075,2
0.1,Mouse_333,48.0084,-6.895494259310962,5.659374324365074,12.554868583676036,2
0.1,Mouse_333,51.0084,-7.052174758841926,5.659374324365074,12.711549083207,2
0.1,Mouse_333,54.0084,-7.22766838151861,5.659374324365074,12.887042705883687,2
0.1,Mouse_333,57.0084,-7.100876978702475,5.659374324365074,12.760251303067552,2
0.1,Mouse_333,65.0084,-6.975472838144798,5.659374324365074,12.634847162509871,2
0.1,Mouse_333,70.0084,-6.958271017920431,5.659374324365074,12.617645342285506,2
0.1,Mouse_333,75.0084,-7.018321586068455,5.659374324365074,12.677695910433528,2
0.1,Mouse_333,80.0084,-6.955297590599053,5.659374324365074,12.614671914964127,2
0.1,Mouse_333,85.0084,-6.946548694728502,5.659374324365074,12.605923019093577,2
0.1,Mouse_333,90.0084,-6.951569193158017,5.659374324365074,12.610943517523092,2
0.1,Mouse_333,95.0084,-6.920860557602612,5.659374324365074,12.580234881967685,2
0.1,Mouse_333,100.0084,-6.913815063013954,5.659374324365074,12.573189387379028,2
0.1,Mouse_333,105.0083,-6.902554839780947,5.659374324365074,12.561929164146022,2
0.1,Mouse_333,110.0083,-7.037320876208519,5.659374324365074,12.696695200573595,2
0.1,Mouse_333,115.0083,-6.8956497925620885,5.659374324365074,12.555024116927163,2
0.1,Mouse_333,125.0083,-6.7737024272710356,5.659374324365074,12.43307675163611,2
0.1,Mouse_333,135.0083,-6.839215564678622,5.659374324365074,12.498589889043696,2
0.1,Mouse_333,145.0083,-6.854868371396716,5.659374324365074,12.51424269576179,2
0.1,Mouse_333,155.0083,-6.704755033428037,5.659374324365074,12.36412935779311,2
0.1,Mouse_333,165.0083,-6.706975729151936,5.659374324365074,12.36635005351701,2
0.1,Mouse_333,175.0083,-6.797054990771902,5.659374324365074,12.456429315136976,2
0.1,Mouse_333,185.0083,-6.678405644448381,5.659374324365074,12.337779968813457,2
0.1,Mouse_333,195.0083,-6.630821571966253,5.659374324365074,12.290195896331328,2
0.1,Mouse_333,205.0087,-6.583385460614649,5.659374324365074,12.242759784979725,2
0.1,Mouse_333,215.0087,-6.537533426703564,5.659374324365074,12.196907751068636,2
0.1,Mouse_333,225.0087,-6.5181492680667334,5.659374324365074,12.17752359243181,2
0.1,Mouse_333,235.0087,-6.453417943773399,5.659374324365074,12.112792268138472,2
0.1,Mouse_333,245.0087,-6.4548940509704495,5.659374324365074,12.114268375335524,2
0.1,Mouse_394,0.5083,-3.215586078731839,15.416735970382359,18.632322049114194,2
0.1,Mouse_394,1.0083,-1.4778055417023064,15.416735970382359,16.894541512084665,2
0.1,Mouse_394,1.5083,0.6023211812336058,15.416735970382359,14.814414789148753,2
0.1,Mouse_394,2.0083,-1.689667033356443,15.416735970382359,17.106403003738798,2
0.1,Mouse_394,2.5083,4.834261999210469,15.416735970382359,10.58247397117189,2
0.1,Mouse_394,2.7583,1.2190075787592394,15.416735970382359,14.197728391623116,2
0.1,Mouse_394,3.0083,0.8931029958372481,15.416735970382359,14.523632974545109,2
0.1,Mouse_394,3.2583,2.4384612657899662,15.416735970382359,12.97827470459239,2
0.1,Mouse_394,3.5083,4.735743442223182,15.416735970382359,10.680992528159177,2
0.1,Mouse_394,3.7583,5.409796428167718,15.416735970382359,10.006939542214639,2
0.1,Mouse_394,4.0083,5.226991451204626,15.416735970382359,10.18974451917773,2
0.1,Mouse_394,4.5083,4.367950270746087,15.416735970382359,11.04878569963627,2
0.1,Mouse_394,5.0083,4.370604460551141,15.416735970382359,11.046131509831215,2
0.1,Mouse_394,5.5083,4.939508258475659,15.416735970382359,10.477227711906696,2
0.1,Mouse_394,6.0083,4.4046808569741565,15.416735970382359,11.0120551134082,2
0.1,Mouse_394,6.5083,4.826679117134438,15.416735970382359,10.59005685324792,2
0.1,Mouse_394,7.0083,4.330371213854448,15.416735970382359,11.086364756527908,2
0.1,Mouse_394,7.5083,4.010578863259217,15.416735970382359,11.40615710712314,2
0.1,Mouse_394,8.0083,4.403887070740309,15.416735970382359,11.012848899642048,2
0.1,Mouse_394,8.5083,4.5874420324638985,15.416735970382359,10.829293937918457,2
0.1,Mouse_394,9.0083,4.765599168060752,15.416735970382359,10.651136802321606,2
0.1,Mouse_394,9.5083,5.022878304176068,15.416735970382359,10.393857666206289,2
0.1,Mouse_394,10.0083,4.793896389028257,15.416735970382359,10.6228395813541,2
0.1,Mouse_394,11.0083,4.347684132215703,15.416735970382359,11.069051838166654,2
0.1,Mouse_394,12.0083,4.856672316159208,15.416735970382359,10.560063654223148,2
0.1,Mouse_394,13.0083,5.125932411155574,15.416735970382359,10.29080355922678,2
0.1,Mouse_394,14.0083,5.21255591941064,15.416735970382359,10.204180050971717,2
0.1,Mouse_394,15.0083,5.578294594513444,15.416735970382359,9.838441375868912,2
0.1,Mouse_394,16.0083,5.6543563580504355,15.416735970382359,9.762379612331921,2
0.1,Mouse_394,17.0083,5.81505421176195,15.416735970382359,9.601681758620407,2
0.1,Mouse_394,18.0083,5.973436876135315,15.416735970382359,9.443299094247042,2
0.1,Mouse_394,19.0083,6.226858218091259,15.416735970382359,9.189877752291098,2
0.1,Mouse_394,20.0084,6.375287146835583,15.416735970382359,9.041448823546773,2
0.1,Mouse_394,22.0084,6.533230697748315,15.416735970382359,8.883505272634041,2
0.1,Mouse_394,24.0084,6.45396936145654,15.416735970382359,8.962766608925817,2
0.1,Mouse_394,26.0084,6.617016339852417,15.416735970382359,8.799719630529939,2
0.1,Mouse_394,28.0084,6.528096930547594,15.416735970382359,8.888639039834763,2
0.1,Mouse_394,30.0084,6.442078705787981,15.416735970382359,8.974657264594375,2
0.1,Mouse_394,32.0084,6.357863043021911,15.416735970382359,9.058872927360445,2
0.1,Mouse_394,34.0084,6.436639226866559,15.416735970382359,8.980096743515798,2
0.1,Mouse_394,36.0084,6.124883962272281,15.416735970382359,9.291852008110077,2
0.1,Mouse_394,38.0084,6.30987219521352,15.416735970382359,9.106863775168836,2
0.1,Mouse_394,40.0084,6.221949205673007,15.416735970382359,9.19478676470935,2
0.1,Mouse_394,45.0084,6.157352736313193,15.416735970382359,9.259383234069164,2
0.1,Mouse_394,48.0084,6.101704185082953,15.416735970382359,9.315031785299404,2
0.1,Mouse_394,51.0084,6.056392146081678,15.416735970382359,9.36034382430068,2
0.1,Mouse_394,54.0084,6.054225882741972,15.416735970382359,9.362510087640384,2
0.1,Mouse_394,57.0084,6.227744272693661,15.416735970382359,9.188991697688696,2
0.1,Mouse_394,65.0084,6.307619145760548,15.416735970382359,9.109116824621807,2
0.1,Mouse_394,70.0084,6.441400459895897,15.416735970382359,8.97533551048646,2
0.1,Mouse_394,75.0084,6.35289132710834,15.416735970382359,9.063844643274017,2
0.1,Mouse_394,80.0084,6.306253149263236,15.416735970382359,9.11048282111912,2
0.1,Mouse_394,85.0084,6.28419652535607,15.416735970382359,9.132539445026287,2
0.1,Mouse_394,90.0084,6.300997404605675,15.416735970382359,9.115738565776681,2
0.1,Mouse_394,95.0084,6.052146941420723,15.416735970382359,9.364589028961634,2
0.1,Mouse_394,100.0084,6.203121043136229,15.416735970382359,9.213614927246127,2
0.1,Mouse_394,105.0083,6.237498049389584,15.416735970382359,9.179237920992772,2
0.1,Mouse_394,110.0083,6.0861095327477175,15.416735970382359,9.330626437634638,2
0.1,Mouse_394,115.0083,6.158620085747219,15.416735970382359,9.258115884635139,2
0.1,Mouse_394,125.0083,5.911295787071889,15.416735970382359,9.50544018331047,2
0.1,Mouse_394,135.0083,5.869293636493646,15.416735970382359,9.54744233388871,2
0.1,Mouse_394,145.0083,5.739225758127438,15.416735970382359,9.67751021225492,2
0.1,Mouse_394,155.0083,5.520263567980875,15.416735970382359,9.896472402401482,2
0.1,Mouse_394,165.0083,5.443855820246194,15.416735970382359,9.972880150136163,2
0.1,Mouse_394,175.0083,5.326121258957787,15.416735970382359,10.090614711424568,2
0.1,Mouse_394,185.0083,5.264396945852566,15.416735970382359,10.152339024529791,2
0.1,Mouse_394,195.0083,5.070319292305752,15.416735970382359,10.346416678076604,2
0.1,Mouse_394,205.0087,5.003902099192177,15.416735970382359,10.41283387119018,2
0.1,Mouse_394,215.0087,4.857351719419713,15.416735970382359,10.559384250962644,2
0.1,Mouse_394,225.0087,4.715489604789578,15.416735970382359,10.701246365592779,2
0.1,Mouse_394,235.0087,4.607419386241595,15.416735970382359,10.80931658414076,2
0.1,Mouse_394,245.0087,4.475162238490041,15.416735970382359,10.941573731892316,2
0.1,Mouse_401,0.5083,-1.9696524477288548,17.835361587757284,19.80501403548614,2
0.1,Mouse_401,1.0083,-10.723518378578412,17.835361587757284,28.558879966335695,2
0.1,Mouse_401,1.5083,0.8369893940719306,17.835361587757284,16.998372193685352,2
0.1,Mouse_401,2.0083,10.954744437455906,17.835361587757284,6.880617150301376,2
0.1,Mouse_401,2.5083,6.130751487233379,17.835361587757284,11.704610100523904,2
0.1,Mouse_401,2.7583,2.317188774962189,17.835361587757284,15.518172812795093,2
0.1,Mouse_401,3.0083,5.880094106154611,17.835361587757284,11.955267481602672,2
0.1,Mouse_401,3.2583,5.155204689721332,17.835361587757284,12.68015689803595,2
0.1,Mouse_401,3.5083,5.347603751321522,17.835361587757284,12.487757836435762,2
0.1,Mouse_401,3.7583,5.254047086166522,17.835361587757284,12.58131450159076,2
0.1,Mouse_401,4.0083,6.143049369187418,17.835361587757284,11.692312218569867,2
0.1,Mouse_401,4.5083,4.122122260146318,17.835361587757284,13.713239327610966,2
0.1,Mouse_401,5.0083,4.76207022188419,17.835361587757284,13.073291365873093,2
0.1,Mouse_401,5.5083,4.061256421022009,17.835361587757284,13.774105166735271,2
0.1,Mouse_401,6.0083,2.996532777776438,17.835361587757284,14.838828809980846,2
0.1,Mouse_401,6.5083,2.7144195057862586,17.835361587757284,15.120942081971023,2
0.1,Mouse_401,7.0083,1.6120397240526894,17.835361587757284,16.223321863704594,2
0.1,Mouse_401,7.5083,0.8743028318592815,17.835361587757284,16.961058755898,2
0.1,Mouse_401,8.0083,0.9075999590358079,17.835361587757284,16.927761628721473,2
0.1,Mouse_401,8.5083,1.382543386803552,17.835361587757284,16.45281820095373,2
0.1,Mouse_401,9.0083,2.4312095375729355,17.835361587757284,15.404152050184345,2
0.1,Mouse_401,9.5083,2.4705709051538207,17.835361587757284,15.36479068260346,2
0.1,Mouse_401,10.0083,2.9918849750226206,17.835361587757284,14.843476612734662,2
0.1,Mouse_401,11.0083,4.094645290887443,17.835361587757284,13.74071629686984,2
0.1,Mouse_401,12.0083,3.841227267271867,17.835361587757284,13.994134320485417,2
0.1,Mouse_401,13.0083,5.212670099665059,17.835361587757284,12.622691488092224,2
0.1,Mouse_401,14.0083,5.646468975415168,17.835361587757284,12.188892612342114,2
0.1,Mouse_401,15.0083,5.595091141897008,17.835361587757284,12.240270445860274,2
0.1,Mouse_401,16.0083,6.007436637724002,17.835361587757284,11.827924950033282,2
0.1,Mouse_401,17.0083,5.911080561955472,17.835361587757284,11.924281025801813,2
0.1,Mouse_401,18.0083,5.990364494893408,17.835361587757284,11.844997092863876,2
0.1,Mouse_401,19.0083,5.676812770837227,17.835361587757284,12.158548816920057,2
0.1,Mouse_401,20.0084,6.099195370852576,17.835361587757284,11.736166216904708,2
0.1,Mouse_401,22.0084,6.1027449867297765,17.835361587757284,11.732616601027505,2
0.1,Mouse_401,24.0084,6.193333721137742,17.835361587757284,11.64202786661954,2
0.1,Mouse_401,26.0084,6.017659952874489,17.835361587757284,11.817701634882795,2
0.1,Mouse_401,28.0084,5.987433657976562,17.835361587757284,11.84792792978072,2
0.1,Mouse_401,30.0084,5.979025439477427,17.835361587757284,11.856336148279855,2
0.1,Mouse_401,32.0084,5.947115978048027,17.835361587757284,11.888245609709255,2
0.1,Mouse_401,34.0084,5.934163675700506,17.835361587757284,11.901197912056777,2
0.1,Mouse_401,36.0084,6.026300808944582,17.835361587757284,11.8090607788127,2
0.1,Mouse_401,38.0084,5.965634566496213,17.835361587757284,11.86972702126107,2
0.1,Mouse_401,40.0084,5.930493004551392,17.835361587757284,11.90486858320589,2
0.1,Mouse_401,45.0084,5.874710307894408,17.835361587757284,11.960651279862875,2
0.1,Mouse_401,48.0084,5.731615371602434,17.835361587757284,12.10374621615485,2
0.1,Mouse_401,51.0084,5.731322988842369,17.835361587757284,12.104038598914913,2
0.1,Mouse_401,54.0084,5.613836505818774,17.835361587757284,12.221525081938509,2
0.1,Mouse_401,57.0084,5.47089290351804,17.835361587757284,12.364468684239242,2
0.1,Mouse_401,65.0084,5.337853120586062,17.835361587757284,12.49750846717122,2
0.1,Mouse_401,70.0084,5.162747122870211,17.835361587757284,12.67261446488707,2
0.1,Mouse_401,75.0084,5.140363087002404,17.835361587757284,12.69499850075488,2
0.1,Mouse_401,80.0084,5.116964134420282,17.835361587757284,12.718397453337001,2
0.1,Mouse_401,85.0084,5.038383353463609,17.835361587757284,12.796978234293674,2
0.1,Mouse_401,90.0084,5.077803535714142,17.835361587757284,12.757558052043143,2
0.1,Mouse_401,95.0084,5.090402779310345,17.835361587757284,12.744958808446938,2
0.1,Mouse_401,100.0084,5.043965779619042,17.835361587757284,12.791395808138242,2
0.1,Mouse_401,105.0083,4.936076558758363,17.835361587757284,12.899285028998921,2
0.1,Mouse_401,110.0083,4.991085971732606,17.835361587757284,12.844275616024676,2
0.1,Mouse_401,115.0083,5.005190756788574,17.835361587757284,12.83017083096871,2
0.1,Mouse_401,125.0083,4.997874429291815,17.835361587757284,12.837487158465468,2
0.1,Mouse_401,135.0083,5.063989513061731,17.835361587757284,12.77137207469555,2
0.1,Mouse_401,145.0083,5.023811793632537,17.835361587757284,12.811549794124746,2
0.1,Mouse_401,155.0083,5.166162061869319,17.835361587757284,12.669199525887963,2
0.1,Mouse_401,165.0083,5.1556256358989225,17.835361587757284,12.67973595185836,2
0.1,Mouse_401,175.0083,5.137030192628455,17.835361587757284,12.698331395128829,2
0.1,Mouse_401,185.0083,5.20959638735072,17.835361587757284,12.625765200406565,2
0.1,Mouse_401,195.0083,5.317525329825959,17.835361587757284,12.517836257931323,2
0.1,Mouse_401,205.0087,5.364657799686497,17.835361587757284,12.470703788070784,2
0.1,Mouse_401,215.0087,5.362642824370809,17.835361587757284,12.472718763386474,2
0.1,Mouse_401,225.0087,5.4125091431122145,17.835361587757284,12.422852444645068,2
0.1,Mouse_401,235.0087,5.517338547196243,17.835361587757284,12.31802304056104,2
0.1,Mouse_401,245.0087,5.515059470786737,17.835361587757284,12.320302116970545,2
0.1,Mouse_460,0.5083,-1.3323981874899502,8.72448419790598,10.05688238539593,2
0.1,Mouse_460,1.0083,1.4775848417122264,8.72448419790598,7.2468993561937545,2
0.1,Mouse_460,1.5083,1.396863971783758,8.72448419790598,7.327620226122223,2
0.1,Mouse_460,2.0083,1.0168115563238302,8.72448419790598,7.707672641582151,2
0.1,Mouse_460,2.5083,1.5941791152005709,8.72448419790598,7.13030508270541,2
0.1,Mouse_460,2.7583,0.6371268914510138,8.72448419790598,8.087357306454967,2
0.1,Mouse_460,3.0083,-0.6354056287925953,8.72448419790598,9.359889826698575,2
0.1,Mouse_460,3.2583,0.38540844819152204,8.72448419790598,8.339075749714459,2
0.1,Mouse_460,3.5083,2.082519976122607,8.72448419790598,6.6419642217833745,2
0.1,Mouse_460,3.7583,2.3746824379326523,8.72448419790598,6.349801759973328,2
0.1,Mouse_460,4.0083,1.8973472702872738,8.72448419790598,6.8271369276187075,2
0.1,Mouse_460,4.5083,-0.2120826177397728,8.72448419790598,8.936566815645755,2
0.1,Mouse_460,5.0083,-0.1712903456778263,8.72448419790598,8.895774543583807,2
0.1,Mouse_460,5.5083,-0.3983641411985146,8.72448419790598,9.122848339104495,2
0.1,Mouse_460,6.0083,-1.0282912937497342,8.72448419790598,9.752775491655715,2
0.1,Mouse_460,6.5083,-0.7929336951350815,8.72448419790598,9.517417893041063,2
0.1,Mouse_460,7.0083,-0.7277305009704573,8.72448419790598,9.452214698876437,2
0.1,Mouse_460,7.5083,-0.6344250245827334,8.72448419790598,9.358909222488712,2
0.1,Mouse_460,8.0083,-0.04267382750890647,8.72448419790598,8.767158025414886,2
0.1,Mouse_460,8.5083,0.5863535783571373,8.72448419790598,8.138130619548843,2
0.1,Mouse_460,9.0083,0.5716150910334714,8.72448419790598,8.15286910687251,2
0.1,Mouse_460,9.5083,1.0672896645855747,8.72448419790598,7.657194533320406,2
0.1,Mouse_460,10.0083,1.4766872441110572,8.72448419790598,7.247796953794923,2
0.1,Mouse_460,11.0083,1.0448648489552288,8.72448419790598,7.679619348950752,2
0.1,Mouse_460,12.0083,1.2108596016472974,8.72448419790598,7.513624596258683,2
0.1,Mouse_460,13.0083,0.46032673616124375,8.72448419790598,8.264157461744738,2
0.1,Mouse_460,14.0083,0.84157640102018,8.72448419790598,7.882907796885801,2
0.1,Mouse_460,15.0083,0.5791271815952269,8.72448419790598,8.145357016310754,2
0.1,Mouse_460,16.0083,0.48168154043696276,8.72448419790598,8.242802657469017,2
0.1,Mouse_460,17.0083,0.7488109131136551,8.72448419790598,7.975673284792325,2
0.1,Mouse_460,18.0083,0.7002380332655442,8.72448419790598,8.024246164640436,2
0.1,Mouse_460,19.0083,1.0862693481242647,8.72448419790598,7.638214849781717,2
0.1,Mouse_460,20.0084,0.5573713147723369,8.72448419790598,8.167112883133644,2
0.1,Mouse_460,22.0084,0.429889409750155,8.72448419790598,8.294594788155827,2
0.1,Mouse_460,24.0084,0.16864555370204393,8.72448419790598,8.555838644203938,2
0.1,Mouse_460,26.0084,0.2454303359264891,8.72448419790598,8.47905386197949,2
0.1,Mouse_460,28.0084,-0.007726993172413321,8.72448419790598,8.732211191078395,2
0.1,Mouse_460,30.0084,0.04250522339749985,8.72448419790598,8.681978974508482,2
0.1,Mouse_460,32.0084,0.19972393986689152,8.72448419790598,8.52476025803909,2
0.1,Mouse_460,34.0084,0.254445613430172,8.72448419790598,8.470038584475809,2
0.1,Mouse_460,36.0084,0.3870082002384052,8.72448419790598,8.337475997667575,2
0.1,Mouse_460,38.0084,0.543545162242717,8.72448419790598,8.180939035663265,2
0.1,Mouse_460,40.0084,0.5764044031711926,8.72448419790598,8.148079794734787,2
0.1,Mouse_460,45.0084,0.7691296245875994,8.72448419790598,7.955354573318381,2
0.1,Mouse_460,48.0084,0.7919168157565728,8.72448419790598,7.932567382149408,2
0.1,Mouse_460,51.0084,0.9061003704054302,8.72448419790598,7.818383827500551,2
0.1,Mouse_460,54.0084,0.8954522643086815,8.72448419790598,7.8290319335972995,2
0.1,Mouse_460,57.0084,0.8558713571468859,8.72448419790598,7.868612840759095,2
0.1,Mouse_460,65.0084,0.866750863522407,8.72448419790598,7.857733334383574,2
0.1,Mouse_460,70.0084,0.8427927713304921,8.72448419790598,7.88169142657549,2
0.1,Mouse_460,75.0084,0.7837972108092828,8.72448419790598,7.940686987096698,2
0.1,Mouse_460,80.0084,0.7252595374525543,8.72448419790598,7.999224660453426,2
0.1,Mouse_460,85.0084,0.6800082823847234,8.72448419790598,8.044475915521257,2
0.1,Mouse_460,90.0084,0.6490593706539561,8.72448419790598,8.075424827252025,2
0.1,Mouse_460,95.0084,0.5341866532964269,8.72448419790598,8.190297544609553,2
0.1,Mouse_460,100.0084,0.5618223458196239,8.72448419790598,8.162661852086357,2
0.1,Mouse_460,105.0083,0.5059561125141978,8.72448419790598,8.218528085391783,2
0.1,Mouse_460,110.0083,0.4712333960749593,8.72448419790598,8.253250801831022,2
0.1,Mouse_460,115.0083,0.4302829494109526,8.72448419790598,8.294201248495028,2
0.1,Mouse_460,125.0083,0.3463450941758497,8.72448419790598,8.378139103730131,2
0.1,Mouse_460,135.0083,0.25695273221766357,8.72448419790598,8.467531465688317,2
0.1,Mouse_460,145.0083,0.2438799886776175,8.72448419790598,8.480604209228364,2
0.1,Mouse_460,155.0083,0.14563193640221606,8.72448419790598,8.578852261503766,2
0.1,Mouse_460,165.0083,0.11695408775279059,8.72448419790598,8.60753011015319,2
0.1,Mouse_460,175.0083,0.033559910307765506,8.72448419790598,8.690924287598214,2
0.1,Mouse_460,185.0083,0.056361025265413645,8.72448419790598,8.668123172640566,2
0.1,Mouse_460,195.0083,-0.020300962108997678,8.72448419790598,8.744785160014978,2
0.1,Mouse_460,205.0087,-0.028663373075811016,8.72448419790598,8.753147570981792,2
0.1,Mouse_460,215.0087,-0.0718154550116532,8.72448419790598,8.796299652917634,2
0.1,Mouse_460,225.0087,-0.11338753314056049,8.72448419790598,8.83787173104654,2
0.1,Mouse_460,235.0087,-0.14350582113972354,8.72448419790598,8.867990019045704,2
0.1,Mouse_460,245.0087,-0.1342050252221485,8.72448419790598,8.858689223128128,2
0.1,Mouse_464,0.5083,-2.3082731389598248,11.746711664672489,14.054984803632314,2
0.1,Mouse_464,1.0083,1.0731214176177373,11.746711664672489,10.673590247054754,2
0.1,Mouse_464,1.5083,-3.8579855488293333,11.746711664672489,15.604697213501822,2
0.1,Mouse_464,2.0083,-4.413003281024748,11.746711664672489,16.15971494569724,2
0.1,Mouse_464,2.5083,-2.4952242389412733,11.746711664672489,14.241935903613763,2
0.1,Mouse_464,2.7583,-3.106131879768429,11.746711664672489,14.852843544440919,2
0.1,Mouse_464,3.0083,-5.593996192450687,11.746711664672489,17.340707857123178,2
0.1,Mouse_464,3.2583,-5.294282885240196,11.746711664672489,17.040994549912686,2
0.1,Mouse_464,3.5083,-6.713926409371884,11.746711664672489,18.460638074044372,2
0.1,Mouse_464,3.7583,-3.8391650292105064,11.746711664672489,15.585876693882994,2
0.1,Mouse_464,4.0083,-4.3467902931449265,11.746711664672489,16.093501957817416,2
0.1,Mouse_464,4.5083,-4.6949707229713225,11.746711664672489,16.441682387643812,2
0.1,Mouse_464,5.0083,-4.91154089863811,11.746711664672489,16.6582525633106,2
0.1,Mouse_464,5.5083,-4.4319639183669075,11.746711664672489,16.178675583039396,2
0.1,Mouse_464,6.0083,-2.1274368679724773,11.746711664672489,13.874148532644968,2
0.1,Mouse_464,6.5083,-2.063069913105151,11.746711664672489,13.809781577777642,2
0.1,Mouse_464,7.0083,-0.7642516352332613,11.746711664672489,12.51096329990575,2
0.1,Mouse_464,7.5083,0.7098704191975331,11.746711664672489,11.036841245474957,2
0.1,Mouse_464,8.0083,2.2341836592921744,11.746711664672489,9.512528005380315,2
0.1,Mouse_464,8.5083,4.039159436365884,11.746711664672489,7.707552228306606,2
0.1,Mouse_464,9.0083,4.516578525985742,11.746711664672489,7.230133138686748,2
0.1,Mouse_464,9.5083,3.890867113337928,11.746711664672489,7.855844551334561,2
0.1,Mouse_464,10.0083,4.445543952822638,11.746711664672489,7.3011677118498515,2
0.1,Mouse_464,11.0083,3.7933664615552196,11.746711664672489,7.95334520311727,2
0.1,Mouse_464,12.0083,3.9764341247585877,11.746711664672489,7.770277539913902,2
0.1,Mouse_464,13.0083,3.5155582311271663,11.746711664672489,8.231153433545323,2
0.1,Mouse_464,14.0083,3.4048155831771423,11.746711664672489,8.341896081495348,2
0.1,Mouse_464,15.0083,3.4668263514731787,11.746711664672489,8.27988531319931,2
0.1,Mouse_464,16.0083,3.51406135336167,11.746711664672489,8.23265031131082,2
0.1,Mouse_464,17.0083,3.3441553786732645,11.746711664672489,8.402556285999225,2
0.1,Mouse_464,18.0083,3.4189632945602986,11.746711664672489,8.327748370112191,2
0.1,Mouse_464,19.0083,3.415166111197616,11.746711664672489,8.331545553474875,2
0.1,Mouse_464,20.0084,3.539249103393196,11.746711664672489,8.207462561279293,2
0.1,Mouse_464,22.0084,3.455951889690649,11.746711664672489,8.29075977498184,2
0.1,Mouse_464,24.0084,3.57341228345951,11.746711664672489,8.17329938121298,2
0.1,Mouse_464,26.0084,3.6386926068841214,11.746711664672489,8.108019057788368,2
0.1,Mouse_464,28.0084,3.7431812015958275,11.746711664672489,8.003530463076661,2
0.1,Mouse_464,30.0084,3.7645884045136118,11.746711664672489,7.982123260158878,2
0.1,Mouse_464,32.0084,3.7207755377879774,11.746711664672489,8.025936126884513,2
0.1,Mouse_464,34.0084,3.803385267764112,11.746711664672489,7.943326396908378,2
0.1,Mouse_464,36.0084,3.7313252169464954,11.746711664672489,8.015386447725994,2
0.1,Mouse_464,38.0084,3.7326462875297235,11.746711664672489,8.014065377142765,2
0.1,Mouse_464,40.0084,3.7447400175698116,11.746711664672489,8.001971647102678,2
0.1,Mouse_464,45.0084,3.6402581429974843,11.746711664672489,8.106453521675006,2
0.1,Mouse_464,48.0084,3.5702484046527685,11.746711664672489,8.176463260019721,2
0.1,Mouse_464,51.0084,3.5481521425625266,11.746711664672489,8.198559522109964,2
0.1,Mouse_464,54.0084,3.5482074760096705,11.746711664672489,8.19850418866282,2
0.1,Mouse_464,57.0084,3.5198659504219307,11.746711664672489,8.226845714250558,2
0.1,Mouse_464,65.0084,3.474446844292917,11.746711664672489,8.272264820379572,2
0.1,Mouse_464,70.0084,3.5242331800595252,11.746711664672489,8.222478484612965,2
0.1,Mouse_464,75.0084,3.521030840064636,11.746711664672489,8.225680824607853,2
0.1,Mouse_464,80.0084,3.5540739879865177,11.746711664672489,8.19263767668597,2
0.1,Mouse_464,85.0084,3.5692225644588627,11.746711664672489,8.177489100213627,2
0.1,Mouse_464,90.0084,3.5719974232581517,11.746711664672489,8.174714241414339,2
0.1,Mouse_464,95.0084,3.655459102614371,11.746711664672489,8.091252562058118,2
0.1,Mouse_464,100.0084,3.6096135659046173,11.746711664672489,8.137098098767872,2
0.1,Mouse_464,105.0083,3.6043680751686367,11.746711664672489,8.142343589503854,2
0.1,Mouse_464,110.0083,3.6543854023054534,11.746711664672489,8.092326262367036,2
0.1,Mouse_464,115.0083,3.6370414318576225,11.746711664672489,8.109670232814867,2
0.1,Mouse_464,125.0083,3.6702159008987367,11.746711664672489,8.076495763773753,2
0.1,Mouse_464,135.0083,3.709449405132337,11.746711664672489,8.037262259540153,2
0.1,Mouse_464,145.0083,3.7201962759322953,11.746711664672489,8.026515388740195,2
0.1,Mouse_464,155.0083,3.7037426364144572,11.746711664672489,8.042969028258034,2
0.1,Mouse_464,165.0083,3.734836955343103,11.746711664672489,8.011874709329387,2
0.1,Mouse_464,175.0083,3.803719923924052,11.746711664672489,7.942991740748438,2
0.1,Mouse_464,185.0083,3.6870515811885634,11.746711664672489,8.059660083483926,2
0.1,Mouse_464,195.0083,3.7507670283244883,11.746711664672489,7.995944636348002,2
0.1,Mouse_464,205.0087,3.7606913438687055,11.746711664672489,7.986020320803784,2
0.1,Mouse_464,215.0087,3.772845457574646,11.746711664672489,7.973866207097844,2
0.1,Mouse_464,225.0087,3.791802322311188,11.746711664672489,7.954909342361301,2
0.1,Mouse_464,235.0087,3.7705659414957475,11.746711664672489,7.976145723176742,2
0.1,Mouse_464,245.0087,3.7623165756382084,11.746711664672489,7.984395089034281,2
0.1,Mouse_467,0.5083,-0.06089284274638465,18.98129486151721,19.042187704263597,2
0.1,Mouse_467,1.0083,-1.1903814619502127,18.98129486151721,20.171676323467423,2
0.1,Mouse_467,1.5083,-2.644649910090294,18.98129486151721,21.625944771607504,2
0.1,Mouse_467,2.0083,0.4640194972597236,18.98129486151721,18.517275364257486,2
0.1,Mouse_467,2.5083,-2.6003309559710015,18.98129486151721,21.581625817488213,2
0.1,Mouse_467,2.7583,-2.0190298303708145,18.98129486151721,21.000324691888025,2
0.1,Mouse_467,3.0083,-3.7899636623135438,18.98129486151721,22.771258523830753,2
0.1,Mouse_467,3.2583,-1.439892072473672,18.98129486151721,20.421186933990885,2
0.1,Mouse_467,3.5083,-1.0927036051188512,18.98129486151721,20.073998466636063,2
0.1,Mouse_467,3.7583,-0.23473541826148736,18.98129486151721,19.2160302797787,2
0.1,Mouse_467,4.0083,-0.4051085609263829,18.98129486151721,19.386403422443593,2
0.1,Mouse_467,4.5083,-0.504628806314562,18.98129486151721,19.485923667831774,2
0.1,Mouse_467,5.0083,-0.42037535093753137,18.98129486151721,19.401670212454743,2
0.1,Mouse_467,5.5083,-0.5046235784475055,18.98129486151721,19.485918439964717,2
0.1,Mouse_467,6.0083,0.08546428250527782,18.98129486151721,18.895830579011932,2
0.1,Mouse_467,6.5083,0.08889119679168633,18.98129486151721,18.892403664725528,2
0.1,Mouse_467,7.0083,0.538678381592768,18.98129486151721,18.442616479924443,2
0.1,Mouse_467,7.5083,0.9433956141913198,18.98129486151721,18.03789924732589,2
0.1,Mouse_467,8.0083,1.142816413819716,18.98129486151721,17.838478447697494,2
0.1,Mouse_467,8.5083,2.2689918447183612,18.98129486151721,16.71230301679885,2
0.1,Mouse_467,9.0083,2.0707346293755253,18.98129486151721,16.910560232141684,2
0.1,Mouse_467,9.5083,1.8599044069683424,18.98129486151721,17.12139045454887,2
0.1,Mouse_467,10.0083,2.846377045378935,18.98129486151721,16.134917816138277,2
0.1,Mouse_467,11.0083,3.0273421291517586,18.98129486151721,15.953952732365451,2
0.1,Mouse_467,12.0083,3.059701375453594,18.98129486151721,15.921593486063617,2
0.1,Mouse_467,13.0083,3.787630133510237,18.98129486151721,15.193664728006974,2
0.1,Mouse_467,14.0083,3.7585793183149914,18.98129486151721,15.22271554320222,2
0.1,Mouse_467,15.0083,3.8037601183850893,18.98129486151721,15.17753474313212,2
0.1,Mouse_467,16.0083,4.09361013294995,18.98129486151721,14.887684728567262,2
0.1,Mouse_467,17.0083,4.349717360843911,18.98129486151721,14.6315775006733,2
0.1,Mouse_467,18.0083,4.416120924213195,18.98129486151721,14.565173937304015,2
0.1,Mouse_467,19.0083,4.27549840996795,18.98129486151721,14.70579645154926,2
0.1,Mouse_467,20.0084,4.58934233881784,18.98129486151721,14.391952522699373,2
0.1,Mouse_467,22.0084,4.584731984991949,18.98129486151721,14.396562876525262,2
0.1,Mouse_467,24.0084,4.693469970395924,18.98129486151721,14.287824891121284,2
0.1,Mouse_467,26.0084,4.671308896830576,18.98129486151721,14.309985964686636,2
0.1,Mouse_467,28.0084,4.835651333646488,18.98129486151721,14.145643527870723,2
0.1,Mouse_467,30.0084,4.793848698603193,18.98129486151721,14.187446162914016,2
0.1,Mouse_467,32.0084,4.707749416367563,18.98129486151721,14.273545445149647,2
0.1,Mouse_467,34.0084,4.782822085693702,18.98129486151721,14.19847277582351,2
0.1,Mouse_467,36.0084,4.622899067015999,18.98129486151721,14.358395794501211,2
0.1,Mouse_467,38.0084,4.7014642112630805,18.98129486151721,14.27983065025413,2
0.1,Mouse_467,40.0084,4.685373063057677,18.98129486151721,14.295921798459535,2
0.1,Mouse_467,45.0084,4.568461640978397,18.98129486151721,14.412833220538815,2
0.1,Mouse_467,48.0084,4.513120206749075,18.98129486151721,14.468174654768134,2
0.1,Mouse_467,51.0084,4.4850728595519005,18.98129486151721,14.496222001965311,2
0.1,Mouse_467,54.0084,4.448793195469324,18.98129486151721,14.532501666047887,2
0.1,Mouse_467,57.0084,4.384870212640094,18.98129486151721,14.596424648877115,2
0.1,Mouse_467,65.0084,4.353593620497893,18.98129486151721,14.627701241019318,2
0.1,Mouse_467,70.0084,4.293804551693328,18.98129486151721,14.687490309823882,2
0.1,Mouse_467,75.0084,4.21045860471879,18.98129486151721,14.770836256798422,2
0.1,Mouse_467,80.0084,4.16537043921695,18.98129486151721,14.815924422300263,2
0.1,Mouse_467,85.0084,4.148629713925866,18.98129486151721,14.832665147591346,2
0.1,Mouse_467,90.0084,4.177511635476526,18.98129486151721,14.803783226040684,2
0.1,Mouse_467,95.0084,4.112518516315912,18.98129486151721,14.868776345201297,2
0.1,Mouse_467,100.0084,4.174131727711281,18.98129486151721,14.807163133805929,2
0.1,Mouse_467,105.0083,4.124901407388903,18.98129486151721,14.856393454128307,2
0.1,Mouse_467,110.0083,4.145177690215639,18.98129486151721,14.836117171301572,2
0.1,Mouse_467,115.0083,4.118550242720568,18.98129486151721,14.86274461879664,2
0.1,Mouse_467,125.0083,4.073983970324424,18.98129486151721,14.90731089119279,2
0.1,Mouse_467,135.0083,4.086156315378254,18.98129486151721,14.895138546138956,2
0.1,Mouse_467,145.0083,4.072272784654031,18.98129486151721,14.909022076863177,2
0.1,Mouse_467,155.0083,4.063012148507747,18.98129486151721,14.918282713009464,2
0.1,Mouse_467,165.0083,4.07514674059877,18.98129486151721,14.90614812091844,2
0.1,Mouse_467,175.0083,4.069437728568697,18.98129486151721,14.911857132948514,2
0.1,Mouse_467,185.0083,4.101642610693651,18.98129486151721,14.879652250823561,2
0.1,Mouse_467,195.0083,4.084949314435972,18.98129486151721,14.896345547081237,2
0.1,Mouse_467,205.0087,4.073748183323614,18.98129486151721,14.907546678193599,2
0.1,Mouse_467,215.0087,4.10052099829435,18.98129486151721,14.88077386322286,2
0.1,Mouse_467,225.0087,4.060227478874117,18.98129486151721,14.921067382643095,2
0.1,Mouse_467,235.0087,4.088424478060877,18.98129486151721,14.892870383456334,2
0.1,Mouse_467,245.0087,4.061167973598897,18.98129486151721,14.920126887918315,2
0.1,Mouse_469,0.5083,-0.6424674286859702,18.63734875426033,19.279816182946302,2
0.1,Mouse_469,1.0083,1.8308156714979944,18.63734875426033,16.806533082762336,2
0.1,Mouse_469,1.5083,-1.4310366538271104,18.63734875426033,20.068385408087444,2
0.1,Mouse_469,2.0083,4.76183575091819,18.63734875426033,13.875513003342142,2
0.1,Mouse_469,2.5083,3.4653674336312696,18.63734875426033,15.171981320629062,2
0.1,Mouse_469,2.7583,0.5266992643700268,18.63734875426033,18.110649489890307,2
0.1,Mouse_469,3.0083,2.595119950742583,18.63734875426033,16.042228803517748,2
0.1,Mouse_469,3.2583,0.2417667800575547,18.63734875426033,18.395581974202777,2
0.1,Mouse_469,3.5083,1.1201819891187146,18.63734875426033,17.517166765141617,2
0.1,Mouse_469,3.7583,0.03022458721428123,18.63734875426033,18.607124167046052,2
0.1,Mouse_469,4.0083,0.5201895937103753,18.63734875426033,18.117159160549956,2
0.1,Mouse_469,4.5083,-0.6781414824144125,18.63734875426033,19.315490236674744,2
0.1,Mouse_469,5.0083,-0.5163456277302956,18.63734875426033,19.153694381990626,2
0.1,Mouse_469,5.5083,-0.9606978404907504,18.63734875426033,19.598046594751082,2
0.1,Mouse_469,6.0083,-0.8574931442912863,18.63734875426033,19.49484189855162,2
0.1,Mouse_469,6.5083,-1.1324452407198553,18.63734875426033,19.769793994980187,2
0.1,Mouse_469,7.0083,-0.6941086539754657,18.63734875426033,19.3314574082358,2
0.1,Mouse_469,7.5083,-0.2280495332373622,18.63734875426033,18.86539828749769,2
0.1,Mouse_469,8.0083,0.03369145616376912,18.63734875426033,18.603657298096564,2
0.1,Mouse_469,8.5083,1.8361677266196939,18.63734875426033,16.801181027640638,2
0.1,Mouse_469,9.0083,1.9119292826473036,18.63734875426033,16.72541947161303,2
0.1,Mouse_469,9.5083,0.9701763150562143,18.63734875426033,17.667172439204116,2
0.1,Mouse_469,10.0083,3.1037340692783486,18.63734875426033,15.533614684981984,2
0.1,Mouse_469,11.0083,3.62274470010561,18.63734875426033,15.014604054154724,2
0.1,Mouse_469,12.0083,3.3444341171817076,18.63734875426033,15.292914637078624,2
0.1,Mouse_469,13.0083,3.8514057682808804,18.63734875426033,14.785942985979451,2
0.1,Mouse_469,14.0083,3.7099628379589635,18.63734875426033,14.927385916301368,2
0.1,Mouse_469,15.0083,3.3024772086787353,18.63734875426033,15.334871545581596,2
0.1,Mouse_469,16.0083,3.099723061938791,18.63734875426033,15.53762569232154,2
0.1,Mouse_469,17.0083,3.099048414807057,18.63734875426033,15.538300339453274,2
0.1,Mouse_469,18.0083,2.9072243152493007,18.63734875426033,15.730124439011032,2
0.1,Mouse_469,19.0083,2.5371089977786196,18.63734875426033,16.100239756481713,2
0.1,Mouse_469,20.0084,2.7582414161876967,18.63734875426033,15.879107338072634,2
0.1,Mouse_469,22.0084,2.44919325543459,18.63734875426033,16.188155498825743,2
0.1,Mouse_469,24.0084,2.2061995471311775,18.63734875426033,16.431149207129153,2
0.1,Mouse_469,26.0084,2.1823303818342286,18.63734875426033,16.455018372426103,2
0.1,Mouse_469,28.0084,2.098949806977343,18.63734875426033,16.53839894728299,2
0.1,Mouse_469,30.0084,1.9399662731373883,18.63734875426033,16.697382481122943,2
0.1,Mouse_469,32.0084,1.7826804678241004,18.63734875426033,16.85466828643623,2
0.1,Mouse_469,34.0084,1.8664536639289475,18.63734875426033,16.770895090331386,2
0.1,Mouse_469,36.0084,1.6793068425577553,18.63734875426033,16.958041911702576,2
0.1,Mouse_469,38.0084,1.8028539371882655,18.63734875426033,16.834494817072066,2
0.1,Mouse_469,40.0084,1.7777603599602614,18.63734875426033,16.85958839430007,2
0.1,Mouse_469,45.0084,1.6023294033922362,18.63734875426033,17.035019350868097,2
0.1,Mouse_469,48.0084,1.5735727127493888,18.63734875426033,17.06377604151094,2
0.1,Mouse_469,51.0084,1.5377768908414389,18.63734875426033,17.099571863418895,2
0.1,Mouse_469,54.0084,1.5448293301620684,18.63734875426033,17.092519424098263,2
0.1,Mouse_469,57.0084,1.4629756178901623,18.63734875426033,17.17437313637017,2
0.1,Mouse_469,65.0084,1.3770090983695376,18.63734875426033,17.260339655890796,2
0.1,Mouse_469,70.0084,1.26920177992419,18.63734875426033,17.368146974336142,2
0.1,Mouse_469,75.0084,1.228634725500017,18.63734875426033,17.408714028760315,2
0.1,Mouse_469,80.0084,1.13914574470199,18.63734875426033,17.498203009558342,2
0.1,Mouse_469,85.0084,1.1064399574730128,18.63734875426033,17.53090879678732,2
0.1,Mouse_469,90.0084,1.1236409212726617,18.63734875426033,17.51370783298767,2
0.1,Mouse_469,95.0084,1.0990307365927432,18.63734875426033,17.53831801766759,2
0.1,Mouse_469,100.0084,1.0584167143185823,18.63734875426033,17.578932039941748,2
0.1,Mouse_469,105.0083,1.0780130907503764,18.63734875426033,17.559335663509955,2
0.1,Mouse_469,110.0083,1.147784242552694,18.63734875426033,17.489564511707638,2
0.1,Mouse_469,115.0083,1.1145607398758681,18.63734875426033,17.522788014384464,2
0.1,Mouse_469,125.0083,0.9802946818447803,18.63734875426033,17.65705407241555,2
0.1,Mouse_469,135.0083,1.0165148508440094,18.63734875426033,17.620833903416326,2
0.1,Mouse_469,145.0083,1.005792962338024,18.63734875426033,17.63155579192231,2
0.1,Mouse_469,155.0083,0.9503339251916945,18.63734875426033,17.687014829068637,2
0.1,Mouse_469,165.0083,0.9295390077402708,18.63734875426033,17.707809746520063,2
0.1,Mouse_469,175.0083,1.0414370444501362,18.63734875426033,17.595911709810196,2
0.1,Mouse_469,185.0083,0.8395879412847673,18.63734875426033,17.797760812975568,2
0.1,Mouse_469,195.0083,0.920922087278056,18.63734875426033,17.71642666698228,2
0.1,Mouse_469,205.0087,0.8794506905172809,18.63734875426033,17.75789806374305,2
0.1,Mouse_469,215.0087,0.9270592638137405,18.63734875426033,17.71028949044659,2
0.1,Mouse_469,225.0087,0.9224572044602173,18.63734875426033,17.714891549800114,2
0.1,Mouse_469,235.0087,0.9249807506762338,18.63734875426033,17.712368003584096,2
0.1,Mouse_469,245.0087,1.0014849557826064,18.63734875426033,17.635863798477725,2
0.1,Mouse_470,0.5083,-0.40900404203153456,31.386351611271092,31.79535565330263,2
0.1,Mouse_470,1.0083,-7.5438076566067584,31.386351611271092,38.93015926787785,2
0.1,Mouse_470,1.5083,0.7003196311261468,31.386351611271092,30.686031980144946,2
0.1,Mouse_470,2.0083,9.464802066265785,31.386351611271092,21.92154954500531,2
0.1,Mouse_470,2.5083,3.9051415049529985,31.386351611271092,27.481210106318095,2
0.1,Mouse_470,2.7583,-0.19738681750976683,31.386351611271092,31.583738428780862,2
0.1,Mouse_470,3.0083,3.301047193209042,31.386351611271092,28.08530441806205,2
0.1,Mouse_470,3.2583,-4.828346071269358,31.386351611271092,36.214697682540454,2
0.1,Mouse_470,3.5083,-2.4010446682581987,31.386351611271092,33.78739627952929,2
0.1,Mouse_470,3.7583,-3.43069779873841,31.386351611271092,34.8170494100095,2
0.1,Mouse_470,4.0083,-2.330390411076971,31.386351611271092,33.716742022348065,2
0.1,Mouse_470,4.5083,-3.3231304195650875,31.386351611271092,34.70948203083618,2
0.1,Mouse_470,5.0083,-2.3642910303898037,31.386351611271092,33.75064264166089,2
0.1,Mouse_470,5.5083,-2.0390900925484865,31.386351611271092,33.42544170381958,2
0.1,Mouse_470,6.0083,-3.040595496416907,31.386351611271092,34.426947107688,2
0.1,Mouse_470,6.5083,-2.3451182517922446,31.386351611271092,33.73146986306334,2
0.1,Mouse_470,7.0083,-2.517248378295682,31.386351611271092,33.90359998956677,2
0.1,Mouse_470,7.5083,-2.614357918489269,31.386351611271092,34.000709529760364,2
0.1,Mouse_470,8.0083,-3.6731584495767033,31.386351611271092,35.0595100608478,2
0.1,Mouse_470,8.5083,-1.176187957725602,31.386351611271092,32.5625395689967,2
0.1,Mouse_470,9.0083,-2.6633969341325767,31.386351611271092,34.049748545403666,2
0.1,Mouse_470,9.5083,-4.116574228143726,31.386351611271092,35.50292583941482,2
0.1,Mouse_470,10.0083,-3.0382470791142926,31.386351611271092,34.42459869038539,2
0.1,Mouse_470,11.0083,-4.183366490339955,31.386351611271092,35.569718101611045,2
0.1,Mouse_470,12.0083,-4.678147439310088,31.386351611271092,36.06449905058118,2
0.1,Mouse_470,13.0083,-5.111950089215277,31.386351611271092,36.498301700486365,2
0.1,Mouse_470,14.0083,-5.436551888804298,31.386351611271092,36.82290350007539,2
0.1,Mouse_470,15.0083,-6.246302197250598,31.386351611271092,37.63265380852169,2
0.1,Mouse_470,16.0083,-6.388474667843069,31.386351611271092,37.774826279114166,2
0.1,Mouse_470,17.0083,-6.577123808678991,31.386351611271092,37.963475419950086,2
0.1,Mouse_470,18.0083,-6.706757431168107,31.386351611271092,38.093109042439195,2
0.1,Mouse_470,19.0083,-6.442287864785804,31.386351611271092,37.8286394760569,2
0.1,Mouse_470,20.0084,-6.2384738575673575,31.386351611271092,37.62482546883845,2
0.1,Mouse_470,22.0084,-6.128849615929463,31.386351611271092,37.515201227200556,2
0.1,Mouse_470,24.0084,-6.464647589777503,31.386351611271092,37.850999201048595,2
0.1,Mouse_470,26.0084,-6.075695895819668,31.386351611271092,37.46204750709076,2
0.1,Mouse_470,28.0084,-5.950176734060899,31.386351611271092,37.33652834533199,2
0.1,Mouse_470,30.0084,-5.899555055609564,31.386351611271092,37.285906666880656,2
0.1,Mouse_470,32.0084,-6.001156350654929,31.386351611271092,37.38750796192602,2
0.1,Mouse_470,34.0084,-5.590626434436951,31.386351611271092,36.976978045708044,2
0.1,Mouse_470,36.0084,-6.45343824782093,31.386351611271092,37.83978985909202,2
0.1,Mouse_470,38.0084,-5.691216505449903,31.386351611271092,37.077568116721,2
0.1,Mouse_470,40.0084,-5.65026461029274,31.386351611271092,37.03661622156383,2
0.1,Mouse_470,45.0084,-6.062852721483303,31.386351611271092,37.44920433275439,2
0.1,Mouse_470,48.0084,-6.13922200710778,31.386351611271092,37.52557361837887,2
0.1,Mouse_470,51.0084,-6.227992899708083,31.386351611271092,37.61434451097917,2
0.1,Mouse_470,54.0084,-6.3004784997683965,31.386351611271092,37.68683011103949,2
0.1,Mouse_470,57.0084,-6.399860872587965,31.386351611271092,37.78621248385906,2
0.1,Mouse_470,65.0084,-6.620783244520384,31.386351611271092,38.00713485579148,2
0.1,Mouse_470,70.0084,-6.631993373565505,31.386351611271092,38.018344984836595,2
0.1,Mouse_470,75.0084,-6.878909113251246,31.386351611271092,38.26526072452234,2
0.1,Mouse_470,80.0084,-7.059245931176018,31.386351611271092,38.44559754244711,2
0.1,Mouse_470,85.0084,-7.143033673882128,31.386351611271092,38.52938528515322,2
0.1,Mouse_470,90.0084,-7.021288014563424,31.386351611271092,38.40763962583452,2
0.1,Mouse_470,95.0084,-7.431298028380085,31.386351611271092,38.81764963965118,2
0.1,Mouse_470,100.0084,-7.134504998408041,31.386351611271092,38.520856609679136,2
0.1,Mouse_470,105.0083,-7.1327038526310975,31.386351611271092,38.51905546390219,2
0.1,Mouse_470,110.0083,-7.1104192447764465,31.386351611271092,38.49677085604754,2
0.1,Mouse_470,115.0083,-7.1779299727055434,31.386351611271092,38.56428158397664,2
0.1,Mouse_470,125.0083,-7.396767812359402,31.386351611271092,38.783119423630495,2
0.1,Mouse_470,135.0083,-7.3390056897849165,31.386351611271092,38.72535730105601,2
0.1,Mouse_470,145.0083,-7.458408057072523,31.386351611271092,38.84475966834361,2
0.1,Mouse_470,155.0083,-7.597219550563022,31.386351611271092,38.983571161834114,2
0.1,Mouse_470,165.0083,-7.485619808586103,31.386351611271092,38.871971419857196,2
0.1,Mouse_470,175.0083,-7.451975950282122,31.386351611271092,38.838327561553214,2
0.1,Mouse_470,185.0083,-7.460996471227333,31.386351611271092,38.84734808249843,2
0.1,Mouse_470,195.0083,-7.5232537870437515,31.386351611271092,38.909605398314845,2
0.1,Mouse_470,205.0087,-7.564256481433921,31.386351611271092,38.95060809270501,2
0.1,Mouse_470,215.0087,-7.450829069297196,31.386351611271092,38.83718068056829,2
0.1,Mouse_470,225.0087,-7.6299139439520305,31.386351611271092,39.01626555522312,2
0.1,Mouse_470,235.0087,-7.6027558860400966,31.386351611271092,38.98910749731119,2
0.1,Mouse_470,245.0087,-7.6001024775734045,31.386351611271092,38.986454088844496,2
0.25,Mouse_328,0.5083,-1.311359832238001,18.073464304867517,19.384824137105515,1
0.25,Mouse_328,1.0083,-1.4852557777829285,18.073464304867517,19.55872008265044,1
0.25,Mouse_328,1.5083,-4.359945154731747,18.073464304867517,22.43340945959926,1
0.25,Mouse_328,2.0083,4.8523785652971405,18.073464304867517,13.221085739570372,1
0.25,Mouse_328,2.5083,1.295214854823218,18.073464304867517,16.778249450044296,1
0.25,Mouse_328,2.7583,1.8746792871325084,18.073464304867517,16.198785017735005,1
0.25,Mouse_328,3.0083,2.20532550561868,18.073464304867517,15.868138799248834,1
0.25,Mouse_328,3.2583,3.4594407657746515,18.073464304867517,14.614023539092862,1
0.25,Mouse_328,3.5083,5.378770134451884,18.073464304867517,12.69469417041563,1
0.25,Mouse_328,3.7583,6.363249495265828,18.073464304867517,11.710214809601686,1
0.25,Mouse_328,4.0083,5.33580285465465,18.073464304867517,12.737661450212864,1
0.25,Mouse_328,4.5083,2.471657970503637,18.073464304867517,15.601806334363877,1
0.25,Mouse_328,5.0083,2.4929350221070923,18.073464304867517,15.580529282760422,1
0.25,Mouse_328,5.5083,2.5331514472704004,18.073464304867517,15.540312857597112,1
0.25,Mouse_328,6.0083,0.8076444856893232,18.073464304867517,17.26581981917819,1
0.25,Mouse_328,6.5083,1.4761502615651132,18.073464304867517,16.5973140433024,1
0.25,Mouse_328,7.0083,0.5673422377629684,18.073464304867517,17.506122067104545,1
0.25,Mouse_328,7.5083,0.5304617918958989,18.073464304867517,17.543002512971615,1
0.25,Mouse_328,8.0083,0.7594724269570747,18.073464304867517,17.31399187791044,1
0.25,Mouse_328,8.5083,2.105332118081659,18.073464304867517,15.968132186785857,1
0.25,Mouse_328,9.0083,1.4954906684992473,18.073464304867517,16.577973636368267,1
0.25,Mouse_328,9.5083,2.768328198427991,18.073464304867517,15.305136106439525,1
0.25,Mouse_328,10.0083,3.76518442424296,18.073464304867517,14.308279880624552,1
0.25,Mouse_328,11.0083,5.868883570907565,18.073464304867517,12.204580733959949,1
0.25,Mouse_328,12.0083,5.1382762953581285,18.073464304867517,12.935188009509384,1
0.25,Mouse_328,13.0083,7.617586547294577,18.073464304867517,10.455877757572935,1
0.25,Mouse_328,14.0083,8.001415382402525,18.073464304867517,10.072048922464989,1
0.25,Mouse_328,15.0083,8.389293085324026,18.073464304867517,9.684171219543488,1
0.25,Mouse_328,16.0083,8.289410530825274,18.073464304867517,9.78405377404224,1
0.25,Mouse_328,17.0083,8.357729178207974,18.073464304867517,9.71573512665954,1
0.25,Mouse_328,18.0083,8.72320806038592,18.073464304867517,9.350256244481594,1
0.25,Mouse_328,19.0083,9.394691901439176,18.073464304867517,8.678772403428336,1
0.25,Mouse_328,20.0084,9.596301578202793,18.073464304867517,8.477162726664723,1
0.25,Mouse_328,22.0084,9.959043974888887,18.073464304867517,8.114420329978627,1
0.25,Mouse_328,24.0084,10.357074483545038,18.073464304867517,7.716389821322476,1
0.25,Mouse_328,26.0084,10.63742166521535,18.073464304867517,7.436042639652165,1
0.25,Mouse_328,28.0084,10.98749030389214,18.073464304867517,7.085974000975375,1
0.25,Mouse_328,30.0084,11.238868771970028,18.073464304867517,6.834595532897486,1
0.25,Mouse_328,32.0084,11.716245115431214,18.073464304867517,6.357219189436301,1
0.25,Mouse_328,34.0084,11.809541704936354,18.073464304867517,6.26392259993116,1
0.25,Mouse_328,36.0084,11.79173790707975,18.073464304867517,6.281726397787764,1
0.25,Mouse_328,38.0084,12.080914407704572,18.073464304867517,5.992549897162943,1
0.25,Mouse_328,40.0084,12.192858775770908,18.073464304867517,5.880605529096606,1
0.25,Mouse_328,45.0084,12.33837205884562,18.073464304867517,5.735092246021893,1
0.25,Mouse_328,48.0084,12.426437281584786,18.073464304867517,5.647027023282729,1
0.25,Mouse_328,51.0084,12.478982474374869,18.073464304867517,5.594481830492647,1
0.25,Mouse_328,54.0084,12.495473084075066,18.073464304867517,5.577991220792448,1
0.25,Mouse_328,57.0084,12.500845994701976,18.073464304867517,5.572618310165539,1
0.25,Mouse_328,65.0084,12.785165079295869,18.073464304867517,5.288299225571647,1
0.25,Mouse_328,70.0084,12.832603646437049,18.073464304867517,5.240860658430466,1
0.25,Mouse_328,75.0084,12.904984664502567,18.073464304867517,5.168479640364946,1
0.25,Mouse_328,80.0084,12.966196752028289,18.073464304867517,5.107267552839226,1
0.25,Mouse_328,85.0084,13.085699439103138,18.073464304867517,4.987764865764375,1
0.25,Mouse_328,90.0084,13.18325945496585,18.073464304867517,4.890204849901664,1
0.25,Mouse_328,95.0084,13.246147425988047,18.073464304867517,4.827316878879464,1
0.25,Mouse_328,100.0084,13.290877131002413,18.073464304867517,4.782587173865101,1
0.25,Mouse_328,105.0083,13.32066225055335,18.073464304867517,4.752802054314165,1
0.25,Mouse_328,110.0083,13.390318215506776,18.073464304867517,4.683146089360738,1
0.25,Mouse_328,115.0083,13.397150124929084,18.073464304867517,4.676314179938431,1
0.25,Mouse_328,125.0083,13.501792132379869,18.073464304867517,4.571672172487644,1
0.25,Mouse_328,135.0083,13.621391324823978,18.073464304867517,4.452072980043536,1
0.25,Mouse_328,145.0083,13.655976302874787,18.073464304867517,4.417488001992727,1
0.25,Mouse_328,155.0083,13.694800207998178,18.073464304867517,4.378664096869337,1
0.25,Mouse_328,165.0083,13.791970819114136,18.073464304867517,4.281493485753376,1
0.25,Mouse_328,175.0083,13.825857660826196,18.073464304867517,4.247606644041318,1
0.25,Mouse_328,185.0083,13.783261838761284,18.073464304867517,4.29020246610623,1
0.25,Mouse_328,195.0083,13.842327323610355,18.073464304867517,4.231136981257158,1
0.25,Mouse_328,205.0087,13.869232893538465,18.073464304867517,4.20423141132905,1
0.25,Mouse_328,215.0087,13.887023826448315,18.073464304867517,4.186440478419196,1
0.25,Mouse_328,225.0087,13.91057946443637,18.073464304867517,4.162884840431143,1
0.25,Mouse_328,235.0087,13.930347541261211,18.073464304867517,4.143116763606302,1
0.25,Mouse_328,245.0087,13.93736791254197,18.073464304867517,4.136096392325546,1
0.25,Mouse_331,0.5083,-4.479107600116926,15.745784570531177,20.224892170648104,2
0.25,Mouse_331,1.0083,2.02062705781936,15.745784570531177,13.725157512711817,2
0.25,Mouse_331,1.5083,0.9404364786972326,15.745784570531177,14.805348091833942,2
0.25,Mouse_331,2.0083,9.576347554522318,15.745784570531177,6.1694370160088585,2
0.25,Mouse_331,2.5083,8.785970398683551,15.745784570531177,6.959814171847627,2
0.25,Mouse_331,2.7583,5.493627303305217,15.745784570531177,10.252157267225959,2
0.25,Mouse_331,3.0083,8.042751688716947,15.745784570531177,7.703032881814229,2
0.25,Mouse_331,3.2583,5.519484396529869,15.745784570531177,10.226300174001308,2
0.25,Mouse_331,3.5083,6.464757901483488,15.745784570531177,9.281026669047689,2
0.25,Mouse_331,3.7583,8.757957491406842,15.745784570531177,6.987827079124335,2
0.25,Mouse_331,4.0083,8.108970450545995,15.745784570531177,7.636814119985182,2
0.25,Mouse_331,4.5083,2.643122925901169,15.745784570531177,13.102661644630007,2
0.25,Mouse_331,5.0083,2.4803040026163865,15.745784570531177,13.26548056791479,2
0.25,Mouse_331,5.5083,1.893466534870969,15.745784570531177,13.852318035660208,2
0.25,Mouse_331,6.0083,-0.2721764082849951,15.745784570531177,16.017960978816173,2
0.25,Mouse_331,6.5083,-0.3700824285097182,15.745784570531177,16.115866999040897,2
0.25,Mouse_331,7.0083,-2.2854305625192533,15.745784570531177,18.03121513305043,2
0.25,Mouse_331,7.5083,-2.094308126461981,15.745784570531177,17.84009269699316,2
0.25,Mouse_331,8.0083,-2.1144472755353374,15.745784570531177,17.86023184606651,2
0.25,Mouse_331,8.5083,-3.23912928857471,15.745784570531177,18.984913859105887,2
0.25,Mouse_331,9.0083,-1.8572693730932537,15.745784570531177,17.603053943624428,2
0.25,Mouse_331,9.5083,-2.0075196442898946,15.745784570531177,17.75330421482107,2
0.25,Mouse_331,10.0083,-2.00824168803657,15.745784570531177,17.754026258567748,2
0.25,Mouse_331,11.0083,0.2950060634192688,15.745784570531177,15.450778507111908,2
0.25,Mouse_331,12.0083,0.12500983922993347,15.745784570531177,15.620774731301243,2
0.25,Mouse_331,13.0083,2.2871259296505078,15.745784570531177,13.458658640880667,2
0.25,Mouse_331,14.0083,3.0403506101616937,15.745784570531177,12.705433960369483,2
0.25,Mouse_331,15.0083,3.8054655795362056,15.745784570531177,11.940318990994971,2
0.25,Mouse_331,16.0083,4.35541372179868,15.745784570531177,11.390370848732497,2
0.25,Mouse_331,17.0083,4.666279657569904,15.745784570531177,11.079504912961273,2
0.25,Mouse_331,18.0083,5.173403300630358,15.745784570531177,10.572381269900818,2
0.25,Mouse_331,19.0083,5.686059503204514,15.745784570531177,10.059725067326664,2
0.25,Mouse_331,20.0084,6.21829332471107,15.745784570531177,9.527491245820107,2
0.25,Mouse_331,22.0084,6.992858199097637,15.745784570531177,8.752926371433539,2
0.25,Mouse_331,24.0084,7.229642628440476,15.745784570531177,8.5161419420907,2
0.25,Mouse_331,26.0084,7.579412876165266,15.745784570531177,8.16637169436591,2
0.25,Mouse_331,28.0084,7.726365879522065,15.745784570531177,8.019418691009111,2
0.25,Mouse_331,30.0084,7.935122954845869,15.745784570531177,7.810661615685307,2
0.25,Mouse_331,32.0084,8.163900452065265,15.745784570531177,7.581884118465911,2
0.25,Mouse_331,34.0084,8.3519899804831,15.745784570531177,7.393794590048076,2
0.25,Mouse_331,36.0084,8.368439705370616,15.745784570531177,7.377344865160561,2
0.25,Mouse_331,38.0084,8.50046576942086,15.745784570531177,7.245318801110319,2
0.25,Mouse_331,40.0084,8.483606905849548,15.745784570531177,7.262177664681629,2
0.25,Mouse_331,45.0084,8.631093229234395,15.745784570531177,7.114691341296783,2
0.25,Mouse_331,48.0084,8.555206671961784,15.745784570531177,7.1905778985693924,2
0.25,Mouse_331,51.0084,8.51100614064574,15.745784570531177,7.234778429885437,2
0.25,Mouse_331,54.0084,8.574748790738768,15.745784570531177,7.171035779792407,2
0.25,Mouse_331,57.0084,8.444243195322505,15.745784570531177,7.3015413752086715,2
0.25,Mouse_331,65.0084,8.447029619682317,15.745784570531177,7.298754950848858,2
0.25,Mouse_331,70.0084,8.392233997302752,15.745784570531177,7.353550573228425,2
0.25,Mouse_331,75.0084,8.344110085412927,15.745784570531177,7.401674485118249,2
0.25,Mouse_331,80.0084,8.355364492247086,15.745784570531177,7.390420078284091,2
0.25,Mouse_331,85.0084,8.266465819098284,15.745784570531177,7.479318751432892,2
0.25,Mouse_331,90.0084,8.331466954309061,15.745784570531177,7.414317616222116,2
0.25,Mouse_331,95.0084,8.2595868151991,15.745784570531177,7.486197755332076,2
0.25,Mouse_331,100.0084,8.264373278646259,15.745784570531177,7.481411291884918,2
0.25,Mouse_331,105.0083,8.182232841910329,15.745784570531177,7.563551728620848,2
0.25,Mouse_331,110.0083,8.259522039805859,15.745784570531177,7.486262530725317,2
0.25,Mouse_331,115.0083,8.245160131766681,15.745784570531177,7.500624438764495,2
0.25,Mouse_331,125.0083,8.103305366294308,15.745784570531177,7.642479204236868,2
0.25,Mouse_331,135.0083,8.10406522345411,15.745784570531177,7.641719347077067,2
0.25,Mouse_331,145.0083,8.027819622275038,15.745784570531177,7.717964948256139,2
0.25,Mouse_331,155.0083,7.926774831341882,15.745784570531177,7.819009739189294,2
0.25,Mouse_331,165.0083,7.896306466000532,15.745784570531177,7.849478104530643,2
0.25,Mouse_331,175.0083,7.851032166707514,15.745784570531177,7.894752403823663,2
0.25,Mouse_331,185.0083,7.806752500968845,15.745784570531177,7.939032069562331,2
0.25,Mouse_331,195.0083,7.684644190942533,15.745784570531177,8.061140379588643,2
0.25,Mouse_331,205.0087,7.608689860555898,15.745784570531177,8.13709470997528,2
0.25,Mouse_331,215.0087,7.5670288997660595,15.745784570531177,8.178755670765117,2
0.25,Mouse_331,225.0087,7.468542377552143,15.745784570531177,8.277242192979035,2
0.25,Mouse_331,235.0087,7.410882041303947,15.745784570531177,8.334902529227229,2
0.25,Mouse_331,245.0087,7.292013386605588,15.745784570531177,8.45377118392559,2
0.25,Mouse_333,0.5083,1.6703256416648626,8.676495758366348,7.006170116701487,2
0.25,Mouse_333,1.0083,-2.188342482821096,8.676495758366348,10.864838241187446,2
0.25,Mouse_333,1.5083,1.141282912356819,8.676495758366348,7.5352128460095305,2
0.25,Mouse_333,2.0083,1.1541391737279416,8.676495758366348,7.522356584638407,2
0.25,Mouse_333,2.5083,2.315135038857724,8.676495758366348,6.361360719508625,2
0.25,Mouse_333,2.7583,0.9726036162750328,8.676495758366348,7.703892142091316,2
0.25,Mouse_333,3.0083,2.3080154151124255,8.676495758366348,6.368480343253923,2
0.25,Mouse_333,3.2583,2.681110137025241,8.676495758366348,5.995385621341109,2
0.25,Mouse_333,3.5083,2.6277428873533792,8.676495758366348,6.04875287101297,2
0.25,Mouse_333,3.7583,3.1752788661297604,8.676495758366348,5.501216892236588,2
0.25,Mouse_333,4.0083,3.1501564425623503,8.676495758366348,5.526339315803999,2
0.25,Mouse_333,4.5083,2.3731444626743414,8.676495758366348,6.303351295692007,2
0.25,Mouse_333,5.0083,2.46573849296764,8.676495758366348,6.210757265398708,2
0.25,Mouse_333,5.5083,3.077883175126207,8.676495758366348,5.5986125832401425,2
0.25,Mouse_333,6.0083,1.64533601459962,8.676495758366348,7.031159743766729,2
0.25,Mouse_333,6.5083,1.826518498399106,8.676495758366348,6.849977259967242,2
0.25,Mouse_333,7.0083,1.2564937978819182,8.676495758366348,7.420001960484431,2
0.25,Mouse_333,7.5083,1.4421098314250116,8.676495758366348,7.2343859269413375,2
0.25,Mouse_333,8.0083,1.0437345804702072,8.676495758366348,7.632761177896142,2
0.25,Mouse_333,8.5083,2.102033016303542,8.676495758366348,6.574462742062807,2
0.25,Mouse_333,9.0083,1.510617122559308,8.676495758366348,7.165878635807041,2
0.25,Mouse_333,9.5083,2.5455509101303813,8.676495758366348,6.130944848235968,2
0.25,Mouse_333,10.0083,2.989129903086443,8.676495758366348,5.687365855279905,2
0.25,Mouse_333,11.0083,3.652586106696843,8.676495758366348,5.023909651669506,2
0.25,Mouse_333,12.0083,3.4322423067980483,8.676495758366348,5.244253451568301,2
0.25,Mouse_333,13.0083,3.949483602035495,8.676495758366348,4.727012156330854,2
0.25,Mouse_333,14.0083,4.084239611069356,8.676495758366348,4.592256147296993,2
0.25,Mouse_333,15.0083,4.227744702689739,8.676495758366348,4.4487510556766106,2
0.25,Mouse_333,16.0083,4.238952461621888,8.676495758366348,4.437543296744462,2
0.25,Mouse_333,17.0083,4.151105072036751,8.676495758366348,4.525390686329597,2
0.25,Mouse_333,18.0083,4.054125670053179,8.676495758366348,4.62237008831317,2
0.25,Mouse_333,19.0083,3.8124561220604423,8.676495758366348,4.864039636305907,2
0.25,Mouse_333,20.0084,3.832102469158682,8.676495758366348,4.844393289207666,2
0.25,Mouse_333,22.0084,3.382397885478737,8.676495758366348,5.294097872887612,2
0.25,Mouse_333,24.0084,3.1431676530049986,8.676495758366348,5.533328105361351,2
0.25,Mouse_333,26.0084,2.782486902079668,8.676495758366348,5.894008856286682,2
0.25,Mouse_333,28.0084,2.5573513407038027,8.676495758366348,6.119144417662545,2
0.25,Mouse_333,30.0084,2.15232825543446,8.676495758366348,6.524167502931889,2
0.25,Mouse_333,32.0084,1.8537238483957417,8.676495758366348,6.822771909970609,2
0.25,Mouse_333,34.0084,1.6606615391300816,8.676495758366348,7.015834219236267,2
0.25,Mouse_333,36.0084,1.4860415267794105,8.676495758366348,7.190454231586939,2
0.25,Mouse_333,38.0084,1.5373766140000957,8.676495758366348,7.139119144366253,2
0.25,Mouse_333,40.0084,1.3385300508105002,8.676495758366348,7.337965707555849,2
0.25,Mouse_333,45.0084,1.0378952633876448,8.676495758366348,7.638600494978704,2
0.25,Mouse_333,48.0084,1.1021487245128057,8.676495758366348,7.574347033853542,2
0.25,Mouse_333,51.0084,1.126374732262915,8.676495758366348,7.550121026103434,2
0.25,Mouse_333,54.0084,0.9948327752423298,8.676495758366348,7.681662983124019,2
0.25,Mouse_333,57.0084,1.2165046226895715,8.676495758366348,7.459991135676777,2
0.25,Mouse_333,65.0084,1.3474641996044832,8.676495758366348,7.329031558761866,2
0.25,Mouse_333,70.0084,1.435942652950791,8.676495758366348,7.240553105415557,2
0.25,Mouse_333,75.0084,1.3661671182219608,8.676495758366348,7.3103286401443865,2
0.25,Mouse_333,80.0084,1.3113819766463641,8.676495758366348,7.365113781719985,2
0.25,Mouse_333,85.0084,1.4316942601155587,8.676495758366348,7.244801498250791,2
0.25,Mouse_333,90.0084,1.3817643337520022,8.676495758366348,7.294731424614346,2
0.25,Mouse_333,95.0084,1.30723468297658,8.676495758366348,7.369261075389769,2
0.25,Mouse_333,100.0084,1.3959188997962086,8.676495758366348,7.28057685857014,2
0.25,Mouse_333,105.0083,1.4575963609467473,8.676495758366348,7.218899397419602,2
0.25,Mouse_333,110.0083,1.3239054267964276,8.676495758366348,7.352590331569921,2
0.25,Mouse_333,115.0083,1.3441867928923212,8.676495758366348,7.332308965474027,2
0.25,Mouse_333,125.0083,1.4062529578807421,8.676495758366348,7.270242800485607,2
0.25,Mouse_333,135.0083,1.3391117364011333,8.676495758366348,7.3373840219652156,2
0.25,Mouse_333,145.0083,1.3095614207104398,8.676495758366348,7.366934337655909,2
0.25,Mouse_333,155.0083,1.3202558545887824,8.676495758366348,7.356239903777567,2
0.25,Mouse_333,165.0083,1.2751714897779904,8.676495758366348,7.401324268588359,2
0.25,Mouse_333,175.0083,1.1716212392066323,8.676495758366348,7.504874519159717,2
0.25,Mouse_333,185.0083,1.298051210211458,8.676495758366348,7.37844454815489,2
0.25,Mouse_333,195.0083,1.3066342944040579,8.676495758366348,7.36986146396229,2
0.25,Mouse_333,205.0087,1.3491745965318187,8.676495758366348,7.327321161834531,2
0.25,Mouse_333,215.0087,1.3317651512390132,8.676495758366348,7.344730607127336,2
0.25,Mouse_333,225.0087,1.24826251097558,8.676495758366348,7.428233247390769,2
0.25,Mouse_333,235.0087,1.2944654766481216,8.676495758366348,7.382030281718228,2
0.25,Mouse_333,245.0087,1.2893424395286082,8.676495758366348,7.387153318837741,2
0.25,Mouse_394,0.5083,-0.13359999407627132,17.134118966904325,17.267718960980595,2
0.25,Mouse_394,1.0083,-2.057713188474084,17.134118966904325,19.19183215537841,2
0.25,Mouse_394,1.5083,3.34240458355427,17.134118966904325,13.791714383350056,2
0.25,Mouse_394,2.0083,-0.04062669880674097,17.134118966904325,17.174745665711068,2
0.25,Mouse_394,2.5083,8.17289246639628,17.134118966904325,8.961226500508047,2
0.25,Mouse_394,2.7583,3.618817222795885,17.134118966904325,13.515301744108442,2
0.25,Mouse_394,3.0083,3.8828140468142935,17.134118966904325,13.251304920090032,2
0.25,Mouse_394,3.2583,5.397771575296169,17.134118966904325,11.736347391608158,2
0.25,Mouse_394,3.5083,8.121532203255388,17.134118966904325,9.012586763648937,2
0.25,Mouse_394,3.7583,8.33170417523262,17.134118966904325,8.802414791671708,2
0.25,Mouse_394,4.0083,8.1521825667561,17.134118966904325,8.981936400148225,2
0.25,Mouse_394,4.5083,7.3164551773951905,17.134118966904325,9.817663789509135,2
0.25,Mouse_394,5.0083,7.664552954524587,17.134118966904325,9.46956601237974,2
0.25,Mouse_394,5.5083,7.626292218886409,17.134118966904325,9.507826748017917,2
0.25,Mouse_394,6.0083,7.503343175616718,17.134118966904325,9.630775791287608,2
0.25,Mouse_394,6.5083,7.627089806549479,17.134118966904325,9.507029160354847,2
0.25,Mouse_394,7.0083,7.439503967166913,17.134118966904325,9.694614999737412,2
0.25,Mouse_394,7.5083,6.97250199579227,17.134118966904325,10.161616971112055,2
0.25,Mouse_394,8.0083,7.90136291194834,17.134118966904325,9.232756054955987,2
0.25,Mouse_394,8.5083,8.564509306818074,17.134118966904325,8.569609660086254,2
0.25,Mouse_394,9.0083,8.413621871126303,17.134118966904325,8.720497095778024,2
0.25,Mouse_394,9.5083,8.88255584506525,17.134118966904325,8.251563121839077,2
0.25,Mouse_394,10.0083,9.063872365649923,17.134118966904325,8.070246601254404,2
0.25,Mouse_394,11.0083,8.672809344290851,17.134118966904325,8.461309622613475,2
0.25,Mouse_394,12.0083,9.365943612369321,17.134118966904325,7.768175354535005,2
0.25,Mouse_394,13.0083,9.469102598274969,17.134118966904325,7.665016368629356,2
0.25,Mouse_394,14.0083,9.55470295897327,17.134118966904325,7.579416007931058,2
0.25,Mouse_394,15.0083,9.782398874003176,17.134118966904325,7.351720092901148,2
0.25,Mouse_394,16.0083,9.880112204293454,17.134118966904325,7.254006762610872,2
0.25,Mouse_394,17.0083,10.014374792423427,17.134118966904325,7.119744174480902,2
0.25,Mouse_394,18.0083,10.061225172667564,17.134118966904325,7.072893794236762,2
0.25,Mouse_394,19.0083,10.210160440435807,17.134118966904325,6.923958526468521,2
0.25,Mouse_394,20.0084,10.355564543830997,17.134118966904325,6.778554423073329,2
0.25,Mouse_394,22.0084,10.351225759701158,17.134118966904325,6.78289320720317,2
0.25,Mouse_394,24.0084,10.115403181576717,17.134118966904325,7.018715785327608,2
0.25,Mouse_394,26.0084,10.250594744082864,17.134118966904325,6.883524222821462,2
0.25,Mouse_394,28.0084,10.04023545503491,17.134118966904325,7.093883511869418,2
0.25,Mouse_394,30.0084,9.856642377336506,17.134118966904325,7.27747658956782,2
0.25,Mouse_394,32.0084,9.702098466747369,17.134118966904325,7.432020500156956,2
0.25,Mouse_394,34.0084,9.771153832616886,17.134118966904325,7.362965134287442,2
0.25,Mouse_394,36.0084,9.37531805095801,17.134118966904325,7.758800915946317,2
0.25,Mouse_394,38.0084,9.605744238515149,17.134118966904325,7.528374728389177,2
0.25,Mouse_394,40.0084,9.480994034351564,17.134118966904325,7.653124932552762,2
0.25,Mouse_394,45.0084,9.362625676702004,17.134118966904325,7.771493290202323,2
0.25,Mouse_394,48.0084,9.279451330790668,17.134118966904325,7.854667636113659,2
0.25,Mouse_394,51.0084,9.231751715080362,17.134118966904325,7.902367251823964,2
0.25,Mouse_394,54.0084,9.21239003113197,17.134118966904325,7.921728935772357,2
0.25,Mouse_394,57.0084,9.401733441109197,17.134118966904325,7.732385525795127,2
0.25,Mouse_394,65.0084,9.438159272780092,17.134118966904325,7.695959694124234,2
0.25,Mouse_394,70.0084,9.522250304010926,17.134118966904325,7.6118686628934,2
0.25,Mouse_394,75.0084,9.399472740332032,17.134118966904325,7.734646226572295,2
0.25,Mouse_394,80.0084,9.299626441049277,17.134118966904325,7.834492525855049,2
0.25,Mouse_394,85.0084,9.235088237049078,17.134118966904325,7.899030729855248,2
0.25,Mouse_394,90.0084,9.22399788821988,17.134118966904325,7.910121078684446,2
0.25,Mouse_394,95.0084,8.927542265733496,17.134118966904325,8.206576701170828,2
0.25,Mouse_394,100.0084,9.053026751147925,17.134118966904325,8.081092215756401,2
0.25,Mouse_394,105.0083,9.061661311202652,17.134118966904325,8.072457655701673,2
0.25,Mouse_394,110.0083,8.892973869455489,17.134118966904325,8.241145097448836,2
0.25,Mouse_394,115.0083,8.969392134484194,17.134118966904325,8.164726832420133,2
0.25,Mouse_394,125.0083,8.594098081333048,17.134118966904325,8.540020885571277,2
0.25,Mouse_394,135.0083,8.538249234409818,17.134118966904325,8.595869732494506,2
0.25,Mouse_394,145.0083,8.361255751988306,17.134118966904325,8.772863214916018,2
0.25,Mouse_394,155.0083,8.093921049540864,17.134118966904325,9.040197917363463,2
0.25,Mouse_394,165.0083,7.964262513173534,17.134118966904325,9.169856453730793,2
0.25,Mouse_394,175.0083,7.794789759444213,17.134118966904325,9.339329207460114,2
0.25,Mouse_394,185.0083,7.727848243354249,17.134118966904325,9.40627072355008,2
0.25,Mouse_394,195.0083,7.507498571744989,17.134118966904325,9.626620395159337,2
0.25,Mouse_394,205.0087,7.4115922152266585,17.134118966904325,9.72252675167767,2
0.25,Mouse_394,215.0087,7.219379987421141,17.134118966904325,9.914738979483186,2
0.25,Mouse_394,225.0087,7.041822915306917,17.134118966904325,10.092296051597408,2
0.25,Mouse_394,235.0087,6.925788138053092,17.134118966904325,10.208330828851235,2
0.25,Mouse_394,245.0087,6.768696396760866,17.134118966904325,10.365422570143462,2
0.25,Mouse_401,0.5083,-2.6366219147015606,19.18980954916607,21.826431463867632,2
0.25,Mouse_401,1.0083,-8.895847309116562,19.18980954916607,28.085656858282633,2
0.25,Mouse_401,1.5083,0.9617664790179017,19.18980954916607,18.22804307014817,2
0.25,Mouse_401,2.0083,11.366239279623382,19.18980954916607,7.823570269542689,2
0.25,Mouse_401,2.5083,8.011739017740611,19.18980954916607,11.178070531425462,2
0.25,Mouse_401,2.7583,3.0995771099188785,19.18980954916607,16.090232439247192,2
0.25,Mouse_401,3.0083,6.1277688278380475,19.18980954916607,13.062040721328025,2
0.25,Mouse_401,3.2583,6.818979599347912,19.18980954916607,12.370829949818159,2
0.25,Mouse_401,3.5083,6.865307270052792,19.18980954916607,12.324502279113279,2
0.25,Mouse_401,3.7583,7.409047966884986,19.18980954916607,11.780761582281086,2
0.25,Mouse_401,4.0083,8.457430620651762,19.18980954916607,10.73237892851431,2
0.25,Mouse_401,4.5083,5.943060758772253,19.18980954916607,13.24674879039382,2
0.25,Mouse_401,5.0083,6.876672524236774,19.18980954916607,12.313137024929299,2
0.25,Mouse_401,5.5083,6.222518846754209,19.18980954916607,12.967290702411864,2
0.25,Mouse_401,6.0083,4.492665179873385,19.18980954916607,14.697144369292683,2
0.25,Mouse_401,6.5083,4.641358235782176,19.18980954916607,14.548451313383895,2
0.25,Mouse_401,7.0083,2.8974407839807585,19.18980954916607,16.292368765185312,2
0.25,Mouse_401,7.5083,2.1010775482506183,19.18980954916607,17.088732000915453,2
0.25,Mouse_401,8.0083,2.0393271857432187,19.18980954916607,17.150482363422853,2
0.25,Mouse_401,8.5083,2.4158170522632263,19.18980954916607,16.773992496902846,2
0.25,Mouse_401,9.0083,3.6046200297521143,19.18980954916607,15.585189519413955,2
0.25,Mouse_401,9.5083,3.8551304702740206,19.18980954916607,15.334679078892052,2
0.25,Mouse_401,10.0083,4.435455065605513,19.18980954916607,14.754354483560558,2
0.25,Mouse_401,11.0083,5.771398920656013,19.18980954916607,13.418410628510058,2
0.25,Mouse_401,12.0083,5.4862431170718455,19.18980954916607,13.703566432094226,2
0.25,Mouse_401,13.0083,7.7671714147645226,19.18980954916607,11.422638134401549,2
0.25,Mouse_401,14.0083,8.411869507096092,19.18980954916607,10.77794004206998,2
0.25,Mouse_401,15.0083,8.788122790627721,19.18980954916607,10.40168675853835,2
0.25,Mouse_401,16.0083,9.117802896805713,19.18980954916607,10.072006652360358,2
0.25,Mouse_401,17.0083,9.089287028357106,19.18980954916607,10.100522520808966,2
0.25,Mouse_401,18.0083,9.342837688573177,19.18980954916607,9.846971860592895,2
0.25,Mouse_401,19.0083,9.215854086685557,19.18980954916607,9.973955462480514,2
0.25,Mouse_401,20.0084,9.598857989031366,19.18980954916607,9.590951560134705,2
0.25,Mouse_401,22.0084,9.695512604880726,19.18980954916607,9.494296944285345,2
0.25,Mouse_401,24.0084,9.787853415050037,19.18980954916607,9.401956134116034,2
0.25,Mouse_401,26.0084,9.664890382054931,19.18980954916607,9.524919167111142,2
0.25,Mouse_401,28.0084,9.655261258437033,19.18980954916607,9.53454829072904,2
0.25,Mouse_401,30.0084,9.610260161174983,19.18980954916607,9.579549387991088,2
0.25,Mouse_401,32.0084,9.593423148651894,19.18980954916607,9.596386400514177,2
0.25,Mouse_401,34.0084,9.52516484329918,19.18980954916607,9.664644705866891,2
0.25,Mouse_401,36.0084,9.522782685579621,19.18980954916607,9.66702686358645,2
0.25,Mouse_401,38.0084,9.530392201910976,19.18980954916607,9.659417347255095,2
0.25,Mouse_401,40.0084,9.433997507382518,19.18980954916607,9.755812041783553,2
0.25,Mouse_401,45.0084,9.233400084586057,19.18980954916607,9.956409464580014,2
0.25,Mouse_401,48.0084,9.080884261208862,19.18980954916607,10.10892528795721,2
0.25,Mouse_401,51.0084,9.080862234209443,19.18980954916607,10.108947314956628,2
0.25,Mouse_401,54.0084,8.949331507588328,19.18980954916607,10.240478041577743,2
0.25,Mouse_401,57.0084,8.784631622474166,19.18980954916607,10.405177926691906,2
0.25,Mouse_401,65.0084,8.688914945668401,19.18980954916607,10.500894603497668,2
0.25,Mouse_401,70.0084,8.573202439563927,19.18980954916607,10.616607109602144,2
0.25,Mouse_401,75.0084,8.480959713089655,19.18980954916607,10.708849836076414,2
0.25,Mouse_401,80.0084,8.508114213402429,19.18980954916607,10.681695335763644,2
0.25,Mouse_401,85.0084,8.434809029188127,19.18980954916607,10.755000519977944,2
0.25,Mouse_401,90.0084,8.497643037068219,19.18980954916607,10.692166512097852,2
0.25,Mouse_401,95.0084,8.53198340811651,19.18980954916607,10.657826141049561,2
0.25,Mouse_401,100.0084,8.545486827925279,19.18980954916607,10.644322721240794,2
0.25,Mouse_401,105.0083,8.459303118420811,19.18980954916607,10.73050643074526,2
0.25,Mouse_401,110.0083,8.555358995638032,19.18980954916607,10.634450553528039,2
0.25,Mouse_401,115.0083,8.541562703335154,19.18980954916607,10.648246845830917,2
0.25,Mouse_401,125.0083,8.594831357688445,19.18980954916607,10.594978191477626,2
0.25,Mouse_401,135.0083,8.658378898094977,19.18980954916607,10.531430651071094,2
0.25,Mouse_401,145.0083,8.599610935189848,19.18980954916607,10.590198613976224,2
0.25,Mouse_401,155.0083,8.756009721434577,19.18980954916607,10.433799827731493,2
0.25,Mouse_401,165.0083,8.784111571508507,19.18980954916607,10.405697977657564,2
0.25,Mouse_401,175.0083,8.832880879289682,19.18980954916607,10.356928669876389,2
0.25,Mouse_401,185.0083,8.857895836530448,19.18980954916607,10.331913712635624,2
0.25,Mouse_401,195.0083,8.97371573014144,19.18980954916607,10.216093819024632,2
0.25,Mouse_401,205.0087,9.029761645835874,19.18980954916607,10.160047903330197,2
0.25,Mouse_401,215.0087,9.064540993450587,19.18980954916607,10.125268555715484,2
0.25,Mouse_401,225.0087,9.05783319323288,19.18980954916607,10.13197635593319,2
0.25,Mouse_401,235.0087,9.167296314631376,19.18980954916607,10.022513234534696,2
0.25,Mouse_401,245.0087,9.152823758745456,19.18980954916607,10.036985790420616,2
0.25,Mouse_460,0.5083,-2.2813955601538565,10.019090017998872,12.300485578152728,2
0.25,Mouse_460,1.0083,1.9459236211360662,10.019090017998872,8.073166396862804,2
0.25,Mouse_460,1.5083,2.6706792875744485,10.019090017998872,7.348410730424423,2
0.25,Mouse_460,2.0083,1.3183350390657247,10.019090017998872,8.700754978933146,2
0.25,Mouse_460,2.5083,2.0068295522747546,10.019090017998872,8.012260465724117,2
0.25,Mouse_460,2.7583,0.9478034640426509,10.019090017998872,9.07128655395622,2
0.25,Mouse_460,3.0083,-0.41130360400075805,10.019090017998872,10.430393621999627,2
0.25,Mouse_460,3.2583,0.6132930341153129,10.019090017998872,9.405796983883558,2
0.25,Mouse_460,3.5083,2.9608813971209478,10.019090017998872,7.058208620877924,2
0.25,Mouse_460,3.7583,3.239382057452638,10.019090017998872,6.779707960546232,2
0.25,Mouse_460,4.0083,2.5467561415601923,10.019090017998872,7.472333876438679,2
0.25,Mouse_460,4.5083,-0.13141016460826732,10.019090017998872,10.15050018260714,2
0.25,Mouse_460,5.0083,-0.10281634700283071,10.019090017998872,10.121906365001703,2
0.25,Mouse_460,5.5083,-0.5076184176419059,10.019090017998872,10.526708435640778,2
0.25,Mouse_460,6.0083,-1.1078629553730528,10.019090017998872,11.126952973371925,2
0.25,Mouse_460,6.5083,-1.0183536766819428,10.019090017998872,11.037443694680814,2
0.25,Mouse_460,7.0083,-1.0225919457195891,10.019090017998872,11.04168196371846,2
0.25,Mouse_460,7.5083,-0.9257639572271499,10.019090017998872,10.944853975226021,2
0.25,Mouse_460,8.0083,0.014652180876896459,10.019090017998872,10.004437837121975,2
0.25,Mouse_460,8.5083,0.584558555208452,10.019090017998872,9.434531462790419,2
0.25,Mouse_460,9.0083,0.5074811461881339,10.019090017998872,9.511608871810736,2
0.25,Mouse_460,9.5083,1.567826822751381,10.019090017998872,8.45126319524749,2
0.25,Mouse_460,10.0083,2.245394921593771,10.019090017998872,7.773695096405101,2
0.25,Mouse_460,11.0083,2.0291451257955737,10.019090017998872,7.989944892203297,2
0.25,Mouse_460,12.0083,2.276495399672527,10.019090017998872,7.742594618326344,2
0.25,Mouse_460,13.0083,1.6139203524442576,10.019090017998872,8.405169665554613,2
0.25,Mouse_460,14.0083,2.0328271359869126,10.019090017998872,7.986262882011958,2
0.25,Mouse_460,15.0083,1.7058607340241587,10.019090017998872,8.313229283974712,2
0.25,Mouse_460,16.0083,1.6348265984736479,10.019090017998872,8.384263419525222,2
0.25,Mouse_460,17.0083,1.9265006870612278,10.019090017998872,8.092589330937644,2
0.25,Mouse_460,18.0083,1.8576643710591767,10.019090017998872,8.161425646939694,2
0.25,Mouse_460,19.0083,2.2772782108775624,10.019090017998872,7.741811807121309,2
0.25,Mouse_460,20.0084,1.743663919522629,10.019090017998872,8.275426098476242,2
0.25,Mouse_460,22.0084,1.6266828481679498,10.019090017998872,8.392407169830921,2
0.25,Mouse_460,24.0084,1.2891102609461589,10.019090017998872,8.729979757052712,2
0.25,Mouse_460,26.0084,1.4115011496816958,10.019090017998872,8.607588868317176,2
0.25,Mouse_460,28.0084,1.1296954208170993,10.019090017998872,8.889394597181772,2
0.25,Mouse_460,30.0084,1.1793574465242793,10.019090017998872,8.839732571474592,2
0.25,Mouse_460,32.0084,1.362377178665187,10.019090017998872,8.656712839333684,2
0.25,Mouse_460,34.0084,1.440387902909035,10.019090017998872,8.578702115089836,2
0.25,Mouse_460,36.0084,1.5418674584264584,10.019090017998872,8.477222559572413,2
0.25,Mouse_460,38.0084,1.7443960048134208,10.019090017998872,8.27469401318545,2
0.25,Mouse_460,40.0084,1.7730174272623946,10.019090017998872,8.246072590736476,2
0.25,Mouse_460,45.0084,1.9707810386481786,10.019090017998872,8.048308979350693,2
0.25,Mouse_460,48.0084,1.9681863904678227,10.019090017998872,8.05090362753105,2
0.25,Mouse_460,51.0084,2.082107035433827,10.019090017998872,7.936982982565044,2
0.25,Mouse_460,54.0084,2.0457953743644044,10.019090017998872,7.973294643634468,2
0.25,Mouse_460,57.0084,1.9566887785094877,10.019090017998872,8.062401239489382,2
0.25,Mouse_460,65.0084,1.9460342595337146,10.019090017998872,8.073055758465156,2
0.25,Mouse_460,70.0084,1.8848249313376466,10.019090017998872,8.134265086661225,2
0.25,Mouse_460,75.0084,1.7733974573134939,10.019090017998872,8.245692560685377,2
0.25,Mouse_460,80.0084,1.6897665757457094,10.019090017998872,8.329323442253163,2
0.25,Mouse_460,85.0084,1.604432462723516,10.019090017998872,8.414657555275355,2
0.25,Mouse_460,90.0084,1.5705787405379246,10.019090017998872,8.448511277460945,2
0.25,Mouse_460,95.0084,1.4046298108592459,10.019090017998872,8.614460207139626,2
0.25,Mouse_460,100.0084,1.4348973277938994,10.019090017998872,8.584192690204972,2
0.25,Mouse_460,105.0083,1.3518294112196871,10.019090017998872,8.667260606779184,2
0.25,Mouse_460,110.0083,1.3053625894338183,10.019090017998872,8.713727428565054,2
0.25,Mouse_460,115.0083,1.2501567467822685,10.019090017998872,8.768933271216603,2
0.25,Mouse_460,125.0083,1.1243548799448373,10.019090017998872,8.894735138054035,2
0.25,Mouse_460,135.0083,1.0175811150126925,10.019090017998872,9.001508902986178,2
0.25,Mouse_460,145.0083,0.9849825046038667,10.019090017998872,9.034107513395004,2
0.25,Mouse_460,155.0083,0.8720493336923134,10.019090017998872,9.147040684306557,2
0.25,Mouse_460,165.0083,0.8377999503422593,10.019090017998872,9.181290067656612,2
0.25,Mouse_460,175.0083,0.7184150891026909,10.019090017998872,9.300674928896182,2
0.25,Mouse_460,185.0083,0.7642757782844924,10.019090017998872,9.254814239714378,2
0.25,Mouse_460,195.0083,0.669942581169952,10.019090017998872,9.349147436828918,2
0.25,Mouse_460,205.0087,0.6486439549697014,10.019090017998872,9.37044606302917,2
0.25,Mouse_460,215.0087,0.6065409325141199,10.019090017998872,9.412549085484748,2
0.25,Mouse_460,225.0087,0.5525060636169769,10.019090017998872,9.466583954381894,2
0.25,Mouse_460,235.0087,0.5244487979685477,10.019090017998872,9.494641220030324,2
0.25,Mouse_460,245.0087,0.5368191483480286,10.019090017998872,9.482270869650842,2
0.25,Mouse_464,0.5083,-1.5867451190299011,13.041247424703837,14.627992543733736,2
0.25,Mouse_464,1.0083,0.43243273867055887,13.041247424703837,12.608814686033277,2
0.25,Mouse_464,1.5083,-4.128724658561756,13.041247424703837,17.169972083265595,2
0.25,Mouse_464,2.0083,-4.924563430119579,13.041247424703837,17.965810854823417,2
0.25,Mouse_464,2.5083,-2.414013688289761,13.041247424703837,15.455261112993597,2
0.25,Mouse_464,2.7583,-3.6930345761733214,13.041247424703837,16.73428200087716,2
0.25,Mouse_464,3.0083,-6.267930280051734,13.041247424703837,19.30917770475557,2
0.25,Mouse_464,3.2583,-5.8020721852778925,13.041247424703837,18.84331960998173,2
0.25,Mouse_464,3.5083,-7.770611813546844,13.041247424703837,20.81185923825068,2
0.25,Mouse_464,3.7583,-4.988954159061199,13.041247424703837,18.030201583765034,2
0.25,Mouse_464,4.0083,-5.397135444987453,13.041247424703837,18.43838286969129,2
0.25,Mouse_464,4.5083,-5.807144712012875,13.041247424703837,18.84839213671671,2
0.25,Mouse_464,5.0083,-6.049382973046392,13.041247424703837,19.090630397750232,2
0.25,Mouse_464,5.5083,-5.532215533205279,13.041247424703837,18.573462957909115,2
0.25,Mouse_464,6.0083,-3.228833322412668,13.041247424703837,16.270080747116502,2
0.25,Mouse_464,6.5083,-2.804582740119973,13.041247424703837,15.84583016482381,2
0.25,Mouse_464,7.0083,-1.618170255560969,13.041247424703837,14.659417680264806,2
0.25,Mouse_464,7.5083,0.17206571390204317,13.041247424703837,12.869181710801792,2
0.25,Mouse_464,8.0083,1.7201187725054277,13.041247424703837,11.321128652198407,2
0.25,Mouse_464,8.5083,4.946103682861149,13.041247424703837,8.095143741842687,2
0.25,Mouse_464,9.0083,6.536417854974989,13.041247424703837,6.504829569728848,2
0.25,Mouse_464,9.5083,4.849026841546445,13.041247424703837,8.19222058315739,2
0.25,Mouse_464,10.0083,6.195866378346976,13.041247424703837,6.845381046356859,2
0.25,Mouse_464,11.0083,5.552769102198415,13.041247424703837,7.488478322505422,2
0.25,Mouse_464,12.0083,5.435531881663033,13.041247424703837,7.605715543040802,2
0.25,Mouse_464,13.0083,4.874402645982167,13.041247424703837,8.16684477872167,2
0.25,Mouse_464,14.0083,4.662323046860679,13.041247424703837,8.378924377843157,2
0.25,Mouse_464,15.0083,4.63874507792239,13.041247424703837,8.402502346781446,2
0.25,Mouse_464,16.0083,4.64717582809362,13.041247424703837,8.394071596610218,2
0.25,Mouse_464,17.0083,4.425869427066969,13.041247424703837,8.615377997636866,2
0.25,Mouse_464,18.0083,4.609492161409529,13.041247424703837,8.431755263294308,2
0.25,Mouse_464,19.0083,4.689159147274031,13.041247424703837,8.352088277429806,2
0.25,Mouse_464,20.0084,4.795123578282887,13.041247424703837,8.24612384642095,2
0.25,Mouse_464,22.0084,4.72357475705865,13.041247424703837,8.317672667645185,2
0.25,Mouse_464,24.0084,4.88709800457957,13.041247424703837,8.154149420124265,2
0.25,Mouse_464,26.0084,4.979972456404899,13.041247424703837,8.061274968298937,2
0.25,Mouse_464,28.0084,5.152742691935304,13.041247424703837,7.888504732768531,2
0.25,Mouse_464,30.0084,5.198571311208255,13.041247424703837,7.842676113495582,2
0.25,Mouse_464,32.0084,5.221965226067667,13.041247424703837,7.81928219863617,2
0.25,Mouse_464,34.0084,5.406482718660745,13.041247424703837,7.634764706043091,2
0.25,Mouse_464,36.0084,5.2868921270485405,13.041247424703837,7.754355297655295,2
0.25,Mouse_464,38.0084,5.505901436867529,13.041247424703837,7.5353459878363065,2
0.25,Mouse_464,40.0084,5.541916206130603,13.041247424703837,7.499331218573232,2
0.25,Mouse_464,45.0084,5.5364302414023525,13.041247424703837,7.504817183301483,2
0.25,Mouse_464,48.0084,5.557631332515459,13.041247424703837,7.483616092188376,2
0.25,Mouse_464,51.0084,5.517932000549205,13.041247424703837,7.523315424154632,2
0.25,Mouse_464,54.0084,5.517445974118061,13.041247424703837,7.523801450585775,2
0.25,Mouse_464,57.0084,5.523594248804145,13.041247424703837,7.5176531758996905,2
0.25,Mouse_464,65.0084,5.538221263468855,13.041247424703837,7.503026161234981,2
0.25,Mouse_464,70.0084,5.562444548763548,13.041247424703837,7.478802875940289,2
0.25,Mouse_464,75.0084,5.5532486873993845,13.041247424703837,7.487998737304451,2
0.25,Mouse_464,80.0084,5.555161370094054,13.041247424703837,7.486086054609783,2
0.25,Mouse_464,85.0084,5.542808267140748,13.041247424703837,7.498439157563088,2
0.25,Mouse_464,90.0084,5.560925649101135,13.041247424703837,7.4803217756027,2
0.25,Mouse_464,95.0084,5.5606707298829114,13.041247424703837,7.480576694820925,2
0.25,Mouse_464,100.0084,5.572756893526081,13.041247424703837,7.468490531177755,2
0.25,Mouse_464,105.0083,5.571584255531331,13.041247424703837,7.469663169172505,2
0.25,Mouse_464,110.0083,5.584650436984653,13.041247424703837,7.456596987719183,2
0.25,Mouse_464,115.0083,5.573719501166982,13.041247424703837,7.467527923536855,2
0.25,Mouse_464,125.0083,5.576826109001612,13.041247424703837,7.464421315702223,2
0.25,Mouse_464,135.0083,5.584720176218012,13.041247424703837,7.456527248485825,2
0.25,Mouse_464,145.0083,5.553810459979717,13.041247424703837,7.487436964724118,2
0.25,Mouse_464,155.0083,5.564324737676781,13.041247424703837,7.476922687027056,2
0.25,Mouse_464,165.0083,5.5636791896019915,13.041247424703837,7.477568235101844,2
0.25,Mouse_464,175.0083,5.5952949647794386,13.041247424703837,7.445952459924397,2
0.25,Mouse_464,185.0083,5.549078988023082,13.041247424703837,7.492168436680755,2
0.25,Mouse_464,195.0083,5.568713049471551,13.041247424703837,7.472534375232284,2
0.25,Mouse_464,205.0087,5.56767187185044,13.041247424703837,7.473575552853396,2
0.25,Mouse_464,215.0087,5.570628950054351,13.041247424703837,7.470618474649484,2
0.25,Mouse_464,225.0087,5.567678163749625,13.041247424703837,7.473569260954211,2
0.25,Mouse_464,235.0087,5.549458434097774,13.041247424703837,7.491788990606061,2
0.25,Mouse_464,245.0087,5.544789523891808,13.041247424703837,7.496457900812027,2
0.25,Mouse_467,0.5083,-0.07905950705889797,18.166157280777146,18.245216787836043,2
0.25,Mouse_467,1.0083,-2.8565440265104316,18.166157280777146,21.022701307287576,2
0.25,Mouse_467,1.5083,-1.8459993879709025,18.166157280777146,20.012156668748048,2
0.25,Mouse_467,2.0083,0.7539710815185758,18.166157280777146,17.41218619925857,2
0.25,Mouse_467,2.5083,-2.373195154026198,18.166157280777146,20.53935243480334,2
0.25,Mouse_467,2.7583,-2.205933473052295,18.166157280777146,20.37209075382944,2
0.25,Mouse_467,3.0083,-3.6199586067777556,18.166157280777146,21.7861158875549,2
0.25,Mouse_467,3.2583,-1.592461387880686,18.166157280777146,19.758618668657828,2
0.25,Mouse_467,3.5083,-1.084773291256826,18.166157280777146,19.25093057203397,2
0.25,Mouse_467,3.7583,-0.20239607808339066,18.166157280777146,18.368553358860535,2
0.25,Mouse_467,4.0083,-0.4693855483888383,18.166157280777146,18.635542829165985,2
0.25,Mouse_467,4.5083,-0.4549219707353931,18.166157280777146,18.621079251512537,2
0.25,Mouse_467,5.0083,-0.2971231654985811,18.166157280777146,18.463280446275725,2
0.25,Mouse_467,5.5083,-0.3751663681225752,18.166157280777146,18.541323648899724,2
0.25,Mouse_467,6.0083,0.1667926390661174,18.166157280777146,17.999364641711026,2
0.25,Mouse_467,6.5083,0.18821696475279562,18.166157280777146,17.977940316024352,2
0.25,Mouse_467,7.0083,0.6336704098147008,18.166157280777146,17.532486870962444,2
0.25,Mouse_467,7.5083,0.9399728293943523,18.166157280777146,17.226184451382792,2
0.25,Mouse_467,8.0083,1.3457219283078228,18.166157280777146,16.82043535246932,2
0.25,Mouse_467,8.5083,2.430924639195889,18.166157280777146,15.735232641581256,2
0.25,Mouse_467,9.0083,2.253711165245157,18.166157280777146,15.912446115531989,2
0.25,Mouse_467,9.5083,2.2350715882437573,18.166157280777146,15.931085692533387,2
0.25,Mouse_467,10.0083,3.2214571386205,18.166157280777146,14.944700142156647,2
0.25,Mouse_467,11.0083,3.626884473439601,18.166157280777146,14.539272807337543,2
0.25,Mouse_467,12.0083,3.668222733151781,18.166157280777146,14.497934547625363,2
0.25,Mouse_467,13.0083,4.71142339701536,18.166157280777146,13.454733883761786,2
0.25,Mouse_467,14.0083,4.72897222756437,18.166157280777146,13.437185053212776,2
0.25,Mouse_467,15.0083,5.001987983763161,18.166157280777146,13.164169297013984,2
0.25,Mouse_467,16.0083,5.438328235073677,18.166157280777146,12.727829045703468,2
0.25,Mouse_467,17.0083,5.861292606096627,18.166157280777146,12.304864674680518,2
0.25,Mouse_467,18.0083,6.222175314329292,18.166157280777146,11.943981966447852,2
0.25,Mouse_467,19.0083,6.129949302173552,18.166157280777146,12.036207978603596,2
0.25,Mouse_467,20.0084,6.570804483267239,18.166157280777146,11.595352797509905,2
0.25,Mouse_467,22.0084,6.714765794941182,18.166157280777146,11.451391485835963,2
0.25,Mouse_467,24.0084,7.098775256960336,18.166157280777146,11.067382023816808,2
0.25,Mouse_467,26.0084,7.157883403502374,18.166157280777146,11.008273877274771,2
0.25,Mouse_467,28.0084,7.463465708304641,18.166157280777146,10.702691572472505,2
0.25,Mouse_467,30.0084,7.564279000723884,18.166157280777146,10.60187828005326,2
0.25,Mouse_467,32.0084,7.496480341300053,18.166157280777146,10.66967693947709,2
0.25,Mouse_467,34.0084,7.623706707181041,18.166157280777146,10.542450573596103,2
0.25,Mouse_467,36.0084,7.510771029631479,18.166157280777146,10.655386251145666,2
0.25,Mouse_467,38.0084,7.545293264874826,18.166157280777146,10.620864015902319,2
0.25,Mouse_467,40.0084,7.610323552997983,18.166157280777146,10.555833727779163,2
0.25,Mouse_467,45.0084,7.601744423044115,18.166157280777146,10.564412857733029,2
0.25,Mouse_467,48.0084,7.528159082122012,18.166157280777146,10.637998198655133,2
0.25,Mouse_467,51.0084,7.439554769165398,18.166157280777146,10.726602511611746,2
0.25,Mouse_467,54.0084,7.510755519543077,18.166157280777146,10.655401761234067,2
0.25,Mouse_467,57.0084,7.463213617623858,18.166157280777146,10.702943663153286,2
0.25,Mouse_467,65.0084,7.328620960996776,18.166157280777146,10.837536319780368,2
0.25,Mouse_467,70.0084,7.218012297806205,18.166157280777146,10.94814498297094,2
0.25,Mouse_467,75.0084,7.1311829826407855,18.166157280777146,11.034974298136358,2
0.25,Mouse_467,80.0084,7.120930407676724,18.166157280777146,11.045226873100422,2
0.25,Mouse_467,85.0084,7.0246707806687105,18.166157280777146,11.141486500108435,2
0.25,Mouse_467,90.0084,7.024944899903326,18.166157280777146,11.141212380873819,2
0.25,Mouse_467,95.0084,6.988242647155892,18.166157280777146,11.177914633621253,2
0.25,Mouse_467,100.0084,6.993857645241093,18.166157280777146,11.172299635536053,2
0.25,Mouse_467,105.0083,6.826024506374267,18.166157280777146,11.340132774402878,2
0.25,Mouse_467,110.0083,6.8770060469137,18.166157280777146,11.289151233863445,2
0.25,Mouse_467,115.0083,6.865944146247113,18.166157280777146,11.300213134530033,2
0.25,Mouse_467,125.0083,6.759946031519613,18.166157280777146,11.406211249257531,2
0.25,Mouse_467,135.0083,6.745453863790251,18.166157280777146,11.420703416986893,2
0.25,Mouse_467,145.0083,6.680825962540356,18.166157280777146,11.485331318236788,2
0.25,Mouse_467,155.0083,6.719552360622597,18.166157280777146,11.446604920154547,2
0.25,Mouse_467,165.0083,6.717236216175884,18.166157280777146,11.44892106460126,2
0.25,Mouse_467,175.0083,6.672786512170509,18.166157280777146,11.493370768606637,2
0.25,Mouse_467,185.0083,6.778676781612382,18.166157280777146,11.387480499164763,2
0.25,Mouse_467,195.0083,6.736691864894231,18.166157280777146,11.429465415882913,2
0.25,Mouse_467,205.0087,6.738954130276488,18.166157280777146,11.427203150500656,2
0.25,Mouse_467,215.0087,6.730787934784903,18.166157280777146,11.435369345992243,2
0.25,Mouse_467,225.0087,6.690572873316971,18.166157280777146,11.475584407460174,2
0.25,Mouse_467,235.0087,6.735108786679749,18.166157280777146,11.431048494097395,2
0.25,Mouse_467,245.0087,6.6568910492158615,18.166157280777146,11.509266231561282,2
0.25,Mouse_469,0.5083,-0.3962013666428499,14.917324808862507,15.313526175505356,2
0.25,Mouse_469,1.0083,2.3633212070866763,14.917324808862507,12.55400360177583,2
0.25,Mouse_469,1.5083,-1.0156665257574122,14.917324808862507,15.932991334619917,2
0.25,Mouse_469,2.0083,5.668759883509651,14.917324808862507,9.248564925352856,2
0.25,Mouse_469,2.5083,4.400759052504145,14.917324808862507,10.516565756358363,2
0.25,Mouse_469,2.7583,1.217661943398773,14.917324808862507,13.699662865463734,2
0.25,Mouse_469,3.0083,4.419630504505601,14.917324808862507,10.497694304356907,2
0.25,Mouse_469,3.2583,1.2752630279435353,14.917324808862507,13.642061780918972,2
0.25,Mouse_469,3.5083,2.0834923082655807,14.917324808862507,12.833832500596927,2
0.25,Mouse_469,3.7583,0.592162900395433,14.917324808862507,14.325161908467074,2
0.25,Mouse_469,4.0083,1.3901127249723526,14.917324808862507,13.527212083890156,2
0.25,Mouse_469,4.5083,-0.829024238038607,14.917324808862507,15.746349046901116,2
0.25,Mouse_469,5.0083,-0.5108775208764545,14.917324808862507,15.428202329738962,2
0.25,Mouse_469,5.5083,-1.391116142234159,14.917324808862507,16.308440951096667,2
0.25,Mouse_469,6.0083,-1.5694853856467121,14.917324808862507,16.48681019450922,2
0.25,Mouse_469,6.5083,-1.8381262215655605,14.917324808862507,16.755451030428066,2
0.25,Mouse_469,7.0083,-1.282144265852505,14.917324808862507,16.19946907471501,2
0.25,Mouse_469,7.5083,-0.9240242793940351,14.917324808862507,15.84134908825654,2
0.25,Mouse_469,8.0083,-0.34573123362192426,14.917324808862507,15.263056042484433,2
0.25,Mouse_469,8.5083,1.990744418393235,14.917324808862507,12.926580390469272,2
0.25,Mouse_469,9.0083,2.0971321518313957,14.917324808862507,12.82019265703111,2
0.25,Mouse_469,9.5083,1.831055365343441,14.917324808862507,13.086269443519065,2
0.25,Mouse_469,10.0083,4.836765286667168,14.917324808862507,10.080559522195339,2
0.25,Mouse_469,11.0083,6.424945020810123,14.917324808862507,8.492379788052384,2
0.25,Mouse_469,12.0083,6.08284289975229,14.917324808862507,8.834481909110218,2
0.25,Mouse_469,13.0083,7.058015965834846,14.917324808862507,7.859308843027661,2
0.25,Mouse_469,14.0083,6.913142843758688,14.917324808862507,8.00418196510382,2
0.25,Mouse_469,15.0083,6.480798996419724,14.917324808862507,8.436525812442783,2
0.25,Mouse_469,16.0083,6.1550382203394145,14.917324808862507,8.762286588523093,2
0.25,Mouse_469,17.0083,6.040898117863021,14.917324808862507,8.876426690999487,2
0.25,Mouse_469,18.0083,5.698255845962594,14.917324808862507,9.219068962899913,2
0.25,Mouse_469,19.0083,5.24080951236286,14.917324808862507,9.676515296499646,2
0.25,Mouse_469,20.0084,5.281770510971971,14.917324808862507,9.635554297890536,2
0.25,Mouse_469,22.0084,4.8350823552228315,14.917324808862507,10.082242453639676,2
0.25,Mouse_469,24.0084,4.255834211652023,14.917324808862507,10.661490597210484,2
0.25,Mouse_469,26.0084,4.245665434393834,14.917324808862507,10.671659374468675,2
0.25,Mouse_469,28.0084,3.9439718109165414,14.917324808862507,10.973352997945966,2
0.25,Mouse_469,30.0084,3.660956331191857,14.917324808862507,11.25636847767065,2
0.25,Mouse_469,32.0084,3.414749452437048,14.917324808862507,11.50257535642546,2
0.25,Mouse_469,34.0084,3.470044755723298,14.917324808862507,11.44728005313921,2
0.25,Mouse_469,36.0084,3.241481469269223,14.917324808862507,11.675843339593285,2
0.25,Mouse_469,38.0084,3.3537662239828205,14.917324808862507,11.563558584879686,2
0.25,Mouse_469,40.0084,3.293840988875309,14.917324808862507,11.623483819987198,2
0.25,Mouse_469,45.0084,2.973787477831819,14.917324808862507,11.943537331030688,2
0.25,Mouse_469,48.0084,2.8888998580767837,14.917324808862507,12.028424950785723,2
0.25,Mouse_469,51.0084,2.9093243949732224,14.917324808862507,12.008000413889285,2
0.25,Mouse_469,54.0084,2.8349538953731708,14.917324808862507,12.082370913489337,2
0.25,Mouse_469,57.0084,2.7588383838395263,14.917324808862507,12.158486425022982,2
0.25,Mouse_469,65.0084,2.5655321529052304,14.917324808862507,12.351792655957277,2
0.25,Mouse_469,70.0084,2.473060147016478,14.917324808862507,12.444264661846029,2
0.25,Mouse_469,75.0084,2.3531927344719503,14.917324808862507,12.564132074390557,2
0.25,Mouse_469,80.0084,2.2182162894437853,14.917324808862507,12.699108519418722,2
0.25,Mouse_469,85.0084,2.151493693472348,14.917324808862507,12.76583111539016,2
0.25,Mouse_469,90.0084,2.155086252210703,14.917324808862507,12.762238556651806,2
0.25,Mouse_469,95.0084,2.0860654312073077,14.917324808862507,12.8312593776552,2
0.25,Mouse_469,100.0084,2.0473241745059534,14.917324808862507,12.870000634356554,2
0.25,Mouse_469,105.0083,2.07771660888314,14.917324808862507,12.839608199979367,2
0.25,Mouse_469,110.0083,2.1516742377009725,14.917324808862507,12.765650571161535,2
0.25,Mouse_469,115.0083,2.1359211173099624,14.917324808862507,12.781403691552544,2
0.25,Mouse_469,125.0083,1.8733600054648933,14.917324808862507,13.043964803397614,2
0.25,Mouse_469,135.0083,1.9468721723264188,14.917324808862507,12.970452636536088,2
0.25,Mouse_469,145.0083,1.9399442180888427,14.917324808862507,12.977380590773665,2
0.25,Mouse_469,155.0083,1.864997059625253,14.917324808862507,13.052327749237254,2
0.25,Mouse_469,165.0083,1.831337454162706,14.917324808862507,13.085987354699801,2
0.25,Mouse_469,175.0083,1.9358742424671274,14.917324808862507,12.981450566395381,2
0.25,Mouse_469,185.0083,1.753472587183671,14.917324808862507,13.163852221678837,2
0.25,Mouse_469,195.0083,1.8592486872299139,14.917324808862507,13.058076121632594,2
0.25,Mouse_469,205.0087,1.8050056200727258,14.917324808862507,13.112319188789781,2
0.25,Mouse_469,215.0087,1.9011367437698086,14.917324808862507,13.016188065092699,2
0.25,Mouse_469,225.0087,1.8867280834832005,14.917324808862507,13.030596725379308,2
0.25,Mouse_469,235.0087,1.9187461742187264,14.917324808862507,12.998578634643781,2
0.25,Mouse_469,245.0087,1.9999302217197974,14.917324808862507,12.91739458714271,2
0.25,Mouse_470,0.5083,-1.6334832574146565,22.32782014371387,23.961303401128525,2
0.25,Mouse_470,1.0083,-8.645940175035587,22.32782014371387,30.973760318749456,2
0.25,Mouse_470,1.5083,0.10774983723094689,22.32782014371387,22.22007030648292,2
0.25,Mouse_470,2.0083,10.076022528191992,22.32782014371387,12.251797615521879,2
0.25,Mouse_470,2.5083,3.8716139128831415,22.32782014371387,18.456206230830727,2
0.25,Mouse_470,2.7583,0.09493403184997895,22.32782014371387,22.23288611186389,2
0.25,Mouse_470,3.0083,3.820042436292461,22.32782014371387,18.507777707421408,2
0.25,Mouse_470,3.2583,-4.6196149564340825,22.32782014371387,26.94743510014795,2
0.25,Mouse_470,3.5083,-2.338559367633022,22.32782014371387,24.66637951134689,2
0.25,Mouse_470,3.7583,-3.319562604700426,22.32782014371387,25.647382748414294,2
0.25,Mouse_470,4.0083,-2.06716971738107,22.32782014371387,24.39498986109494,2
0.25,Mouse_470,4.5083,-3.13153607667088,22.32782014371387,25.45935622038475,2
0.25,Mouse_470,5.0083,-2.207082936517353,22.32782014371387,24.534903080231224,2
0.25,Mouse_470,5.5083,-1.9904796485867804,22.32782014371387,24.31829979230065,2
0.25,Mouse_470,6.0083,-2.733959724700237,22.32782014371387,25.061779868414106,2
0.25,Mouse_470,6.5083,-2.303305328834691,22.32782014371387,24.63112547254856,2
0.25,Mouse_470,7.0083,-2.5317864443963236,22.32782014371387,24.859606588110193,2
0.25,Mouse_470,7.5083,-2.7461713330714206,22.32782014371387,25.073991476785288,2
0.25,Mouse_470,8.0083,-3.8440458721889614,22.32782014371387,26.17186601590283,2
0.25,Mouse_470,8.5083,-1.6050471508656363,22.32782014371387,23.932867294579506,2
0.25,Mouse_470,9.0083,-3.3542190733932484,22.32782014371387,25.682039217107118,2
0.25,Mouse_470,9.5083,-4.829167096996767,22.32782014371387,27.156987240710635,2
0.25,Mouse_470,10.0083,-3.763864137076167,22.32782014371387,26.091684280790034,2
0.25,Mouse_470,11.0083,-4.7827037670802905,22.32782014371387,27.110523910794157,2
0.25,Mouse_470,12.0083,-5.3804576468407355,22.32782014371387,27.708277790554604,2
0.25,Mouse_470,13.0083,-5.7214184123319765,22.32782014371387,28.049238556045843,2
0.25,Mouse_470,14.0083,-6.032546446821281,22.32782014371387,28.36036659053515,2
0.25,Mouse_470,15.0083,-6.956618194401544,22.32782014371387,29.28443833811541,2
0.25,Mouse_470,16.0083,-6.971385975911456,22.32782014371387,29.299206119625325,2
0.25,Mouse_470,17.0083,-7.105849084793384,22.32782014371387,29.433669228507252,2
0.25,Mouse_470,18.0083,-7.169245020043929,22.32782014371387,29.497065163757796,2
0.25,Mouse_470,19.0083,-6.962125345149915,22.32782014371387,29.289945488863783,2
0.25,Mouse_470,20.0084,-6.724764998703297,22.32782014371387,29.052585142417165,2
0.25,Mouse_470,22.0084,-6.595279725155488,22.32782014371387,28.923099868869357,2
0.25,Mouse_470,24.0084,-6.875789116461398,22.32782014371387,29.203609260175266,2
0.25,Mouse_470,26.0084,-6.576966204302506,22.32782014371387,28.904786348016373,2
0.25,Mouse_470,28.0084,-6.4010118426582086,22.32782014371387,28.72883198637208,2
0.25,Mouse_470,30.0084,-6.347078519202396,22.32782014371387,28.674898662916263,2
0.25,Mouse_470,32.0084,-6.460909839872389,22.32782014371387,28.78872998358626,2
0.25,Mouse_470,34.0084,-6.157690606716003,22.32782014371387,28.48551075042987,2
0.25,Mouse_470,36.0084,-6.871761518500227,22.32782014371387,29.199581662214094,2
0.25,Mouse_470,38.0084,-6.344910297070463,22.32782014371387,28.672730440784335,2
0.25,Mouse_470,40.0084,-6.233197288503251,22.32782014371387,28.56101743221712,2
0.25,Mouse_470,45.0084,-6.657604160257314,22.32782014371387,28.985424303971186,2
0.25,Mouse_470,48.0084,-6.866131994177334,22.32782014371387,29.193952137891202,2
0.25,Mouse_470,51.0084,-6.9516491035802375,22.32782014371387,29.279469247294106,2
0.25,Mouse_470,54.0084,-6.9483960633911535,22.32782014371387,29.276216207105023,2
0.25,Mouse_470,57.0084,-7.18538028090886,22.32782014371387,29.513200424622728,2
0.25,Mouse_470,65.0084,-7.591040197744663,22.32782014371387,29.91886034145853,2
0.25,Mouse_470,70.0084,-7.837286740691643,22.32782014371387,30.16510688440551,2
0.25,Mouse_470,75.0084,-8.02339854385496,22.32782014371387,30.351218687568828,2
0.25,Mouse_470,80.0084,-8.198515771845077,22.32782014371387,30.526335915558946,2
0.25,Mouse_470,85.0084,-8.25107510631062,22.32782014371387,30.57889525002449,2
0.25,Mouse_470,90.0084,-8.213415633056567,22.32782014371387,30.541235776770435,2
0.25,Mouse_470,95.0084,-8.452770455445066,22.32782014371387,30.780590599158934,2
0.25,Mouse_470,100.0084,-8.269071971032773,22.32782014371387,30.59689211474664,2
0.25,Mouse_470,105.0083,-8.43294279711316,22.32782014371387,30.76076294082703,2
0.25,Mouse_470,110.0083,-8.29243777553824,22.32782014371387,30.620257919252108,2
0.25,Mouse_470,115.0083,-8.40081562767748,22.32782014371387,30.72863577139135,2
0.25,Mouse_470,125.0083,-8.593977571661005,22.32782014371387,30.921797715374872,2
0.25,Mouse_470,135.0083,-8.490944893155278,22.32782014371387,30.81876503686915,2
0.25,Mouse_470,145.0083,-8.552012221478774,22.32782014371387,30.879832365192645,2
0.25,Mouse_470,155.0083,-8.696364651428064,22.32782014371387,31.024184795141935,2
0.25,Mouse_470,165.0083,-8.536347458898348,22.32782014371387,30.864167602612216,2
0.25,Mouse_470,175.0083,-8.454512340892379,22.32782014371387,30.782332484606247,2
0.25,Mouse_470,185.0083,-8.534456625667746,22.32782014371387,30.862276769381616,2
0.25,Mouse_470,195.0083,-8.55731460764985,22.32782014371387,30.88513475136372,2
0.25,Mouse_470,205.0087,-8.573382044778104,22.32782014371387,30.901202188491972,2
0.25,Mouse_470,215.0087,-8.488236596630884,22.32782014371387,30.816056740344752,2
0.25,Mouse_470,225.0087,-8.631248785214288,22.32782014371387,30.959068928928158,2
0.25,Mouse_470,235.0087,-8.575193499047586,22.32782014371387,30.903013642761454,2
0.25,Mouse_470,245.0087,-8.596441451828053,22.32782014371387,30.92426159554192,2
0.5,Mouse_328,0.5083,-1.4170300445296178,17.903215905117957,19.32024594964757,1
0.5,Mouse_328,1.0083,0.0556918797914356,17.903215905117957,17.84752402532652,1
0.5,Mouse_328,1.5083,-3.7155318275592,17.903215905117957,21.61874773267716,1
0.5,Mouse_328,2.0083,4.274591778823758,17.903215905117957,13.6286241262942,1
0.5,Mouse_328,2.5083,1.360338669256553,17.903215905117957,16.542877235861404,1
0.5,Mouse_328,2.7583,1.7959700622093244,17.903215905117957,16.107245842908632,1
0.5,Mouse_328,3.0083,2.3796465427856117,17.903215905117957,15.523569362332346,1
0.5,Mouse_328,3.2583,4.373776026398472,17.903215905117957,13.529439878719485,1
0.5,Mouse_328,3.5083,5.583261114695228,17.903215905117957,12.31995479042273,1
0.5,Mouse_328,3.7583,6.939224005010511,17.903215905117957,10.963991900107446,1
0.5,Mouse_328,4.0083,5.583506631757293,17.903215905117957,12.319709273360663,1
0.5,Mouse_328,4.5083,2.2423347185470544,17.903215905117957,15.660881186570904,1
0.5,Mouse_328,5.0083,2.3109485023922858,17.903215905117957,15.592267402725671,1
0.5,Mouse_328,5.5083,2.1759688143557785,17.903215905117957,15.727247090762178,1
0.5,Mouse_328,6.0083,0.4693377009739663,17.903215905117957,17.43387820414399,1
0.5,Mouse_328,6.5083,0.9693764422733224,17.903215905117957,16.933839462844634,1
0.5,Mouse_328,7.0083,0.1637502548999165,17.903215905117957,17.73946565021804,1
0.5,Mouse_328,7.5083,0.2088271315329812,17.903215905117957,17.694388773584976,1
0.5,Mouse_328,8.0083,0.3965272185075719,17.903215905117957,17.506688686610385,1
0.5,Mouse_328,8.5083,1.9958932595118613,17.903215905117957,15.907322645606095,1
0.5,Mouse_328,9.0083,1.273456546723292,17.903215905117957,16.629759358394665,1
0.5,Mouse_328,9.5083,2.7475191302413595,17.903215905117957,15.155696774876596,1
0.5,Mouse_328,10.0083,3.880634803547608,17.903215905117957,14.02258110157035,1
0.5,Mouse_328,11.0083,6.363203084687683,17.903215905117957,11.540012820430274,1
0.5,Mouse_328,12.0083,5.481584521056115,17.903215905117957,12.421631384061842,1
0.5,Mouse_328,13.0083,8.219713239890368,17.903215905117957,9.68350266522759,1
0.5,Mouse_328,14.0083,8.684532751358976,17.903215905117957,9.21868315375898,1
0.5,Mouse_328,15.0083,9.107322242626122,17.903215905117957,8.795893662491835,1
0.5,Mouse_328,16.0083,8.997614539567117,17.903215905117957,8.90560136555084,1
0.5,Mouse_328,17.0083,9.051373734994996,17.903215905117957,8.851842170122962,1
0.5,Mouse_328,18.0083,9.44887389771464,17.903215905117957,8.454342007403316,1
0.5,Mouse_328,19.0083,10.181494136969343,17.903215905117957,7.721721768148611,1
0.5,Mouse_328,20.0084,10.360338062379686,17.903215905117957,7.54287784273827,1
0.5,Mouse_328,22.0084,10.72415810474516,17.903215905117957,7.179057800372796,1
0.5,Mouse_328,24.0084,11.13214836232547,17.903215905117957,6.771067542792486,1
0.5,Mouse_328,26.0084,11.458321686057593,17.903215905117957,6.444894219060365,1
0.5,Mouse_328,28.0084,11.797976545333237,17.903215905117957,6.10523935978472,1
0.5,Mouse_328,30.0084,12.074270011040865,17.903215905117957,5.828945894077093,1
0.5,Mouse_328,32.0084,12.565528529855468,17.903215905117957,5.33768737526249,1
0.5,Mouse_328,34.0084,12.654277576610646,17.903215905117957,5.24893832850731,1
0.5,Mouse_328,36.0084,12.67569052073049,17.903215905117957,5.227525384387468,1
0.5,Mouse_328,38.0084,12.947832269022028,17.903215905117957,4.955383636095929,1
0.5,Mouse_328,40.0084,13.05476380497027,17.903215905117957,4.848452100147688,1
0.5,Mouse_328,45.0084,13.22058600265024,17.903215905117957,4.682629902467718,1
0.5,Mouse_328,48.0084,13.32076756406347,17.903215905117957,4.582448341054488,1
0.5,Mouse_328,51.0084,13.377173361846133,17.903215905117957,4.526042543271823,1
0.5,Mouse_328,54.0084,13.402547510505132,17.903215905117957,4.500668394612823,1
0.5,Mouse_328,57.0084,13.42071320390502,17.903215905117957,4.482502701212938,1
0.5,Mouse_328,65.0084,13.670076257963178,17.903215905117957,4.233139647154779,1
0.5,Mouse_328,70.0084,13.721831686465304,17.903215905117957,4.181384218652653,1
0.5,Mouse_328,75.0084,13.801229745782898,17.903215905117957,4.10198615933506,1
0.5,Mouse_328,80.0084,13.857348651717007,17.903215905117957,4.045867253400949,1
0.5,Mouse_328,85.0084,13.948072982153173,17.903215905117957,3.9551429229647854,1
0.5,Mouse_328,90.0084,14.0074199119787,17.903215905117957,3.8957959931392567,1
0.5,Mouse_328,95.0084,14.066089957413602,17.903215905117957,3.837125947704354,1
0.5,Mouse_328,100.0084,14.080318388751886,17.903215905117957,3.822897516366072,1
0.5,Mouse_328,105.0083,14.105157578172692,17.903215905117957,3.798058326945265,1
0.5,Mouse_328,110.0083,14.142693369519066,17.903215905117957,3.760522535598891,1
0.5,Mouse_328,115.0083,14.141710208521316,17.903215905117957,3.76150569659664,1
0.5,Mouse_328,125.0083,14.216192000169515,17.903215905117957,3.68702390494844,1
0.5,Mouse_328,135.0083,14.253314653555368,17.903215905117957,3.649901251562589,1
0.5,Mouse_328,145.0083,14.274291516419463,17.903215905117957,3.628924388698493,1
0.5,Mouse_328,155.0083,14.289357281669815,17.903215905117957,3.6138586234481416,1
0.5,Mouse_328,165.0083,14.290000438606036,17.903215905117957,3.613215466511922,1
0.5,Mouse_328,175.0083,14.31111191241554,17.903215905117957,3.592103992702417,1
0.5,Mouse_328,185.0083,14.299295638882548,17.903215905117957,3.603920266235409,1
0.5,Mouse_328,195.0083,14.288015411758686,17.903215905117957,3.615200493359271,1
0.5,Mouse_328,205.0087,14.28478033632346,17.903215905117957,3.618435568794498,1
0.5,Mouse_328,215.0087,14.259998815663575,17.903215905117957,3.6432170894543816,1
0.5,Mouse_328,225.0087,14.286626782102362,17.903215905117957,3.616589123015595,1
0.5,Mouse_328,235.0087,14.245744512327796,17.903215905117957,3.65747139279016,1
0.5,Mouse_328,245.0087,14.214214623766669,17.903215905117957,3.6890012813512887,1
0.5,Mouse_331,0.5083,-2.557500231302215,16.470653471554765,19.028153702856983,2
0.5,Mouse_331,1.0083,2.177232329957521,16.470653471554765,14.293421141597246,2
0.5,Mouse_331,1.5083,1.9105285538440588,16.470653471554765,14.560124917710707,2
0.5,Mouse_331,2.0083,9.238157553171668,16.470653471554765,7.232495918383099,2
0.5,Mouse_331,2.5083,9.743808041816413,16.470653471554765,6.726845429738353,2
0.5,Mouse_331,2.7583,5.565732913778155,16.470653471554765,10.904920557776611,2
0.5,Mouse_331,3.0083,8.535365051836692,16.470653471554765,7.935288419718074,2
0.5,Mouse_331,3.2583,6.818210425948395,16.470653471554765,9.65244304560637,2
0.5,Mouse_331,3.5083,7.060678527369341,16.470653471554765,9.409974944185425,2
0.5,Mouse_331,3.7583,8.740995013171268,16.470653471554765,7.729658458383499,2
0.5,Mouse_331,4.0083,8.744877588970244,16.470653471554765,7.7257758825845215,2
0.5,Mouse_331,4.5083,3.275686071055779,16.470653471554765,13.194967400498989,2
0.5,Mouse_331,5.0083,3.223875195433191,16.470653471554765,13.246778276121574,2
0.5,Mouse_331,5.5083,2.4297053244111697,16.470653471554765,14.040948147143597,2
0.5,Mouse_331,6.0083,0.13235686859629503,16.470653471554765,16.338296602958472,2
0.5,Mouse_331,6.5083,-0.2580683049899264,16.470653471554765,16.728721776544692,2
0.5,Mouse_331,7.0083,-2.019019062224161,16.470653471554765,18.48967253377893,2
0.5,Mouse_331,7.5083,-1.7322077417838404,16.470653471554765,18.202861213338608,2
0.5,Mouse_331,8.0083,-2.0005873984660427,16.470653471554765,18.471240870020807,2
0.5,Mouse_331,8.5083,-3.030937743172151,16.470653471554765,19.50159121472692,2
0.5,Mouse_331,9.0083,-1.5648680754159783,16.470653471554765,18.035521546970745,2
0.5,Mouse_331,9.5083,-2.0592077249501655,16.470653471554765,18.529861196504932,2
0.5,Mouse_331,10.0083,-1.845670978859638,16.470653471554765,18.316324450414406,2
0.5,Mouse_331,11.0083,0.7031743936933319,16.470653471554765,15.767479077861434,2
0.5,Mouse_331,12.0083,0.38119778439154484,16.470653471554765,16.089455687163223,2
0.5,Mouse_331,13.0083,2.7647792307922563,16.470653471554765,13.705874240762512,2
0.5,Mouse_331,14.0083,3.606181741461154,16.470653471554765,12.864471730093612,2
0.5,Mouse_331,15.0083,4.386049468875211,16.470653471554765,12.084604002679555,2
0.5,Mouse_331,16.0083,4.996801701304946,16.470653471554765,11.473851770249821,2
0.5,Mouse_331,17.0083,5.350314959440269,16.470653471554765,11.120338512114497,2
0.5,Mouse_331,18.0083,5.884015291611909,16.470653471554765,10.586638179942858,2
0.5,Mouse_331,19.0083,6.4711184321521875,16.470653471554765,9.999535039402577,2
0.5,Mouse_331,20.0084,7.005031700342544,16.470653471554765,9.465621771212223,2
0.5,Mouse_331,22.0084,7.82760950822566,16.470653471554765,8.643043963329108,2
0.5,Mouse_331,24.0084,8.068777074134022,16.470653471554765,8.401876397420743,2
0.5,Mouse_331,26.0084,8.46946572301441,16.470653471554765,8.001187748540355,2
0.5,Mouse_331,28.0084,8.586574984244946,16.470653471554765,7.884078487309821,2
0.5,Mouse_331,30.0084,8.820701295752677,16.470653471554765,7.64995217580209,2
0.5,Mouse_331,32.0084,9.042406269036741,16.470653471554765,7.428247202518024,2
0.5,Mouse_331,34.0084,9.226406399311779,16.470653471554765,7.244247072242988,2
0.5,Mouse_331,36.0084,9.243367807113506,16.470653471554765,7.2272856644412595,2
0.5,Mouse_331,38.0084,9.375263516618297,16.470653471554765,7.09538995493647,2
0.5,Mouse_331,40.0084,9.35999388518292,16.470653471554765,7.110659586371846,2
0.5,Mouse_331,45.0084,9.49078078037104,16.470653471554765,6.979872691183726,2
0.5,Mouse_331,48.0084,9.399275823916296,16.470653471554765,7.07137764763847,2
0.5,Mouse_331,51.0084,9.37777759819387,16.470653471554765,7.092875873360897,2
0.5,Mouse_331,54.0084,9.403383367487061,16.470653471554765,7.067270104067704,2
0.5,Mouse_331,57.0084,9.283380573517643,16.470653471554765,7.187272898037124,2
0.5,Mouse_331,65.0084,9.231500011055644,16.470653471554765,7.2391534604991215,2
0.5,Mouse_331,70.0084,9.171541477519806,16.470653471554765,7.299111994034959,2
0.5,Mouse_331,75.0084,9.087400943307262,16.470653471554765,7.383252528247503,2
0.5,Mouse_331,80.0084,9.082956776281806,16.470653471554765,7.387696695272959,2
0.5,Mouse_331,85.0084,8.968290122401397,16.470653471554765,7.502363349153368,2
0.5,Mouse_331,90.0084,9.001857300585977,16.470653471554765,7.468796170968789,2
0.5,Mouse_331,95.0084,8.908557186060882,16.470653471554765,7.562096285493885,2
0.5,Mouse_331,100.0084,8.919037009857114,16.470653471554765,7.5516164616976535,2
0.5,Mouse_331,105.0083,8.827783606345175,16.470653471554765,7.642869865209593,2
0.5,Mouse_331,110.0083,8.868940260692858,16.470653471554765,7.601713210861909,2
0.5,Mouse_331,115.0083,8.875920919982239,16.470653471554765,7.594732551572529,2
0.5,Mouse_331,125.0083,8.696939428735657,16.470653471554765,7.77371404281911,2
0.5,Mouse_331,135.0083,8.669106685375139,16.470653471554765,7.801546786179626,2
0.5,Mouse_331,145.0083,8.572409167040865,16.470653471554765,7.898244304513902,2
0.5,Mouse_331,155.0083,8.477238687606336,16.470653471554765,7.99341478394843,2
0.5,Mouse_331,165.0083,8.423557628781472,16.470653471554765,8.047095842773293,2
0.5,Mouse_331,175.0083,8.37091502393131,16.470653471554765,8.099738447623457,2
0.5,Mouse_331,185.0083,8.327511171190498,16.470653471554765,8.143142300364268,2
0.5,Mouse_331,195.0083,8.216944017080948,16.470653471554765,8.253709454473817,2
0.5,Mouse_331,205.0087,8.121877244690332,16.470653471554765,8.348776226864434,2
0.5,Mouse_331,215.0087,8.093740897799261,16.470653471554765,8.376912573755506,2
0.5,Mouse_331,225.0087,7.986046979647882,16.470653471554765,8.484606491906884,2
0.5,Mouse_331,235.0087,7.930282362373609,16.470653471554765,8.540371109181157,2
0.5,Mouse_331,245.0087,7.800607014264534,16.470653471554765,8.670046457290233,2
0.5,Mouse_333,0.5083,1.7626064629937421,9.79130965031155,8.02870318731781,2
0.5,Mouse_333,1.0083,-1.4040676360330986,9.79130965031155,11.195377286344648,2
0.5,Mouse_333,1.5083,1.217362074679495,9.79130965031155,8.573947575632054,2
0.5,Mouse_333,2.0083,1.0895276111403276,9.79130965031155,8.701782039171222,2
0.5,Mouse_333,2.5083,1.72670446525166,9.79130965031155,8.06460518505989,2
0.5,Mouse_333,2.7583,0.26927659346863364,9.79130965031155,9.522033056842917,2
0.5,Mouse_333,3.0083,2.6589988666702125,9.79130965031155,7.132310783641338,2
0.5,Mouse_333,3.2583,2.7026001931334656,9.79130965031155,7.088709457178085,2
0.5,Mouse_333,3.5083,2.8946749177091387,9.79130965031155,6.896634732602411,2
0.5,Mouse_333,3.7583,5.194483519706979,9.79130965031155,4.596826130604572,2
0.5,Mouse_333,4.0083,4.302444313187375,9.79130965031155,5.488865337124175,2
0.5,Mouse_333,4.5083,1.2586262680542257,9.79130965031155,8.532683382257325,2
0.5,Mouse_333,5.0083,1.4142203409418137,9.79130965031155,8.377089309369737,2
0.5,Mouse_333,5.5083,1.743470803477102,9.79130965031155,8.047838846834448,2
0.5,Mouse_333,6.0083,-0.15065076517988585,9.79130965031155,9.941960415491437,2
0.5,Mouse_333,6.5083,0.048283085922444346,9.79130965031155,9.743026564389107,2
0.5,Mouse_333,7.0083,-0.5265181924998796,9.79130965031155,10.317827842811429,2
0.5,Mouse_333,7.5083,-0.21765761353064494,9.79130965031155,10.008967263842194,2
0.5,Mouse_333,8.0083,-0.6784559433551451,9.79130965031155,10.469765593666697,2
0.5,Mouse_333,8.5083,0.9693717302249114,9.79130965031155,8.82193792008664,2
0.5,Mouse_333,9.0083,0.08905403654701072,9.79130965031155,9.70225561376454,2
0.5,Mouse_333,9.5083,1.4522609479285449,9.79130965031155,8.339048702383005,2
0.5,Mouse_333,10.0083,2.3307202828262152,9.79130965031155,7.460589367485336,2
0.5,Mouse_333,11.0083,3.735758377883633,9.79130965031155,6.055551272427918,2
0.5,Mouse_333,12.0083,2.9947859823104013,9.79130965031155,6.796523668001149,2
0.5,Mouse_333,13.0083,4.409268903047335,9.79130965031155,5.382040747264216,2
0.5,Mouse_333,14.0083,4.679055932201665,9.79130965031155,5.112253718109885,2
0.5,Mouse_333,15.0083,5.127128045951775,9.79130965031155,4.664181604359776,2
0.5,Mouse_333,16.0083,5.3696318076899665,9.79130965031155,4.421677842621584,2
0.5,Mouse_333,17.0083,5.5235629685727625,9.79130965031155,4.267746681738788,2
0.5,Mouse_333,18.0083,5.692172022444465,9.79130965031155,4.099137627867085,2
0.5,Mouse_333,19.0083,5.800581477195109,9.79130965031155,3.9907281731164406,2
0.5,Mouse_333,20.0084,5.742051625649817,9.79130965031155,4.049258024661734,2
0.5,Mouse_333,22.0084,5.578899489320722,9.79130965031155,4.212410160990827,2
0.5,Mouse_333,24.0084,5.204057579013003,9.79130965031155,4.587252071298548,2
0.5,Mouse_333,26.0084,4.984851185510646,9.79130965031155,4.8064584648009046,2
0.5,Mouse_333,28.0084,4.586105130686027,9.79130965031155,5.205204519625522,2
0.5,Mouse_333,30.0084,4.172289925951574,9.79130965031155,5.619019724359975,2
0.5,Mouse_333,32.0084,3.815215338141283,9.79130965031155,5.976094312170267,2
0.5,Mouse_333,34.0084,3.5443018923778746,9.79130965031155,6.247007757933677,2
0.5,Mouse_333,36.0084,3.3343059524237892,9.79130965031155,6.457003697887761,2
0.5,Mouse_333,38.0084,3.476481531682184,9.79130965031155,6.314828118629366,2
0.5,Mouse_333,40.0084,3.260054170055673,9.79130965031155,6.5312554802558775,2
0.5,Mouse_333,45.0084,2.90391871724169,9.79130965031155,6.887390933069861,2
0.5,Mouse_333,48.0084,2.9692776622677464,9.79130965031155,6.822031988043804,2
0.5,Mouse_333,51.0084,3.0392214560627666,9.79130965031155,6.752088194248784,2
0.5,Mouse_333,54.0084,2.898499261978264,9.79130965031155,6.892810388333286,2
0.5,Mouse_333,57.0084,3.125643242235821,9.79130965031155,6.665666408075729,2
0.5,Mouse_333,65.0084,3.1766561134625233,9.79130965031155,6.614653536849027,2
0.5,Mouse_333,70.0084,3.277147618858079,9.79130965031155,6.514162031453472,2
0.5,Mouse_333,75.0084,3.1983502178578944,9.79130965031155,6.5929594324536565,2
0.5,Mouse_333,80.0084,3.2160179801639073,9.79130965031155,6.575291670147644,2
0.5,Mouse_333,85.0084,3.2764467759588833,9.79130965031155,6.514862874352667,2
0.5,Mouse_333,90.0084,3.242650303119401,9.79130965031155,6.5486593471921495,2
0.5,Mouse_333,95.0084,3.189503483299453,9.79130965031155,6.601806167012097,2
0.5,Mouse_333,100.0084,3.2704949868239606,9.79130965031155,6.52081466348759,2
0.5,Mouse_333,105.0083,3.365642727081941,9.79130965031155,6.425666923229609,2
0.5,Mouse_333,110.0083,3.3207090541798436,9.79130965031155,6.470600596131708,2
0.5,Mouse_333,115.0083,3.2706447569513872,9.79130965031155,6.520664893360162,2
0.5,Mouse_333,125.0083,3.3547220406634097,9.79130965031155,6.436587609648141,2
0.5,Mouse_333,135.0083,3.3391590137939318,9.79130965031155,6.452150636517619,2
0.5,Mouse_333,145.0083,3.2917272479142525,9.79130965031155,6.499582402397298,2
0.5,Mouse_333,155.0083,3.3526091093927404,9.79130965031155,6.438700540918809,2
0.5,Mouse_333,165.0083,3.3040132570106127,9.79130965031155,6.487296393300938,2
0.5,Mouse_333,175.0083,3.2842760215983082,9.79130965031155,6.507033628713241,2
0.5,Mouse_333,185.0083,3.380337085668609,9.79130965031155,6.410972564642941,2
0.5,Mouse_333,195.0083,3.3991563518808614,9.79130965031155,6.3921532984306895,2
0.5,Mouse_333,205.0087,3.4699831997073955,9.79130965031155,6.321326450604155,2
0.5,Mouse_333,215.0087,3.4488189338490196,9.79130965031155,6.342490716462531,2
0.5,Mouse_333,225.0087,3.3886823786260614,9.79130965031155,6.402627271685489,2
0.5,Mouse_333,235.0087,3.4322759078431395,9.79130965031155,6.3590337424684105,2
0.5,Mouse_333,245.0087,3.4594581934952444,9.79130965031155,6.331851456816306,2
0.5,Mouse_394,0.5083,-1.0302079731378573,17.26475570199826,18.294963675136117,2
0.5,Mouse_394,1.0083,-3.3153875479393444,17.26475570199826,20.580143249937603,2
0.5,Mouse_394,1.5083,2.6489802396639455,17.26475570199826,14.615775462334316,2
0.5,Mouse_394,2.0083,0.7653795419058563,17.26475570199826,16.499376160092403,2
0.5,Mouse_394,2.5083,8.737737675709262,17.26475570199826,8.527018026289,2
0.5,Mouse_394,2.7583,4.299272434757208,17.26475570199826,12.965483267241053,2
0.5,Mouse_394,3.0083,4.778892214742004,17.26475570199826,12.485863487256257,2
0.5,Mouse_394,3.2583,4.925838909717782,17.26475570199826,12.338916792280479,2
0.5,Mouse_394,3.5083,7.503272375034997,17.26475570199826,9.761483326963265,2
0.5,Mouse_394,3.7583,8.584191286629029,17.26475570199826,8.680564415369233,2
0.5,Mouse_394,4.0083,7.732758839268383,17.26475570199826,9.531996862729876,2
0.5,Mouse_394,4.5083,6.638953308937317,17.26475570199826,10.625802393060944,2
0.5,Mouse_394,5.0083,7.130776402505517,17.26475570199826,10.133979299492744,2
0.5,Mouse_394,5.5083,6.859345098968312,17.26475570199826,10.40541060302995,2
0.5,Mouse_394,6.0083,6.882420054358,17.26475570199826,10.382335647640263,2
0.5,Mouse_394,6.5083,6.925138401979294,17.26475570199826,10.339617300018968,2
0.5,Mouse_394,7.0083,6.92517198628636,17.26475570199826,10.339583715711901,2
0.5,Mouse_394,7.5083,6.4337684325137605,17.26475570199826,10.8309872694845,2
0.5,Mouse_394,8.0083,7.698133867599426,17.26475570199826,9.566621834398834,2
0.5,Mouse_394,8.5083,8.746428033075702,17.26475570199826,8.51832766892256,2
0.5,Mouse_394,9.0083,8.515053904072476,17.26475570199826,8.749701797925786,2
0.5,Mouse_394,9.5083,9.235663698895902,17.26475570199826,8.02909200310236,2
0.5,Mouse_394,10.0083,10.035876093178125,17.26475570199826,7.228879608820137,2
0.5,Mouse_394,11.0083,10.641549086006117,17.26475570199826,6.623206615992144,2
0.5,Mouse_394,12.0083,11.061890043720698,17.26475570199826,6.202865658277563,2
0.5,Mouse_394,13.0083,11.589843283403304,17.26475570199826,5.674912418594957,2
0.5,Mouse_394,14.0083,11.633658283211826,17.26475570199826,5.631097418786435,2
0.5,Mouse_394,15.0083,11.80433075027518,17.26475570199826,5.460424951723082,2
0.5,Mouse_394,16.0083,11.856715594482175,17.26475570199826,5.408040107516087,2
0.5,Mouse_394,17.0083,11.935801813144689,17.26475570199826,5.328953888853574,2
0.5,Mouse_394,18.0083,11.994200124456434,17.26475570199826,5.270555577541828,2
0.5,Mouse_394,19.0083,12.109775068343167,17.26475570199826,5.154980633655095,2
0.5,Mouse_394,20.0084,12.23188819193292,17.26475570199826,5.032867510065339,2
0.5,Mouse_394,22.0084,12.203195842783806,17.26475570199826,5.061559859214455,2
0.5,Mouse_394,24.0084,11.956544389612665,17.26475570199826,5.3082113123855965,2
0.5,Mouse_394,26.0084,12.04795438024415,17.26475570199826,5.216801321754111,2
0.5,Mouse_394,28.0084,11.826693066740548,17.26475570199826,5.4380626352577135,2
0.5,Mouse_394,30.0084,11.678003060276314,17.26475570199826,5.586752641721947,2
0.5,Mouse_394,32.0084,11.577481936644478,17.26475570199826,5.6872737653537815,2
0.5,Mouse_394,34.0084,11.647256560035613,17.26475570199826,5.617499141962648,2
0.5,Mouse_394,36.0084,11.268888015431262,17.26475570199826,5.995867686566999,2
0.5,Mouse_394,38.0084,11.527755581442191,17.26475570199826,5.73700012055607,2
0.5,Mouse_394,40.0084,11.441873504606141,17.26475570199826,5.82288219739212,2
0.5,Mouse_394,45.0084,11.311123615207793,17.26475570199826,5.953632086790471,2
0.5,Mouse_394,48.0084,11.231891183255698,17.26475570199826,6.032864518742564,2
0.5,Mouse_394,51.0084,11.210920913228785,17.26475570199826,6.053834788769477,2
0.5,Mouse_394,54.0084,11.142669624022782,17.26475570199826,6.12208607797548,2
0.5,Mouse_394,57.0084,11.276780870058333,17.26475570199826,5.987974831939928,2
0.5,Mouse_394,65.0084,11.293846914390441,17.26475570199826,5.97090878760782,2
0.5,Mouse_394,70.0084,11.293223784824404,17.26475570199826,5.971531917173858,2
0.5,Mouse_394,75.0084,11.19345126418296,17.26475570199826,6.071304437815302,2
0.5,Mouse_394,80.0084,11.099183576779998,17.26475570199826,6.165572125218263,2
0.5,Mouse_394,85.0084,11.020108503947913,17.26475570199826,6.244647198050346,2
0.5,Mouse_394,90.0084,11.001488069904727,17.26475570199826,6.263267632093534,2
0.5,Mouse_394,95.0084,10.744208626995086,17.26475570199826,6.520547075003175,2
0.5,Mouse_394,100.0084,10.827332618389264,17.26475570199826,6.437423083608996,2
0.5,Mouse_394,105.0083,10.807463704075628,17.26475570199826,6.457291997922634,2
0.5,Mouse_394,110.0083,10.645376958536273,17.26475570199826,6.619378743461988,2
0.5,Mouse_394,115.0083,10.709236825916635,17.26475570199826,6.555518876081626,2
0.5,Mouse_394,125.0083,10.37533827053161,17.26475570199826,6.889417431466651,2
0.5,Mouse_394,135.0083,10.331391103584409,17.26475570199826,6.933364598413852,2
0.5,Mouse_394,145.0083,10.136190772189813,17.26475570199826,7.128564929808449,2
0.5,Mouse_394,155.0083,9.906865895983739,17.26475570199826,7.357889806014524,2
0.5,Mouse_394,165.0083,9.785060506126017,17.26475570199826,7.479695195872244,2
0.5,Mouse_394,175.0083,9.620299487587427,17.26475570199826,7.644456214410834,2
0.5,Mouse_394,185.0083,9.526697944705074,17.26475570199826,7.738057757293189,2
0.5,Mouse_394,195.0083,9.33660768562573,17.26475570199826,7.92814801637253,2
0.5,Mouse_394,205.0087,9.235485219902706,17.26475570199826,8.029270482095555,2
0.5,Mouse_394,215.0087,9.060994168656013,17.26475570199826,8.203761533342249,2
0.5,Mouse_394,225.0087,8.88143479416955,17.26475570199826,8.383320907828711,2
0.5,Mouse_394,235.0087,8.778378837837579,17.26475570199826,8.486376864160682,2
0.5,Mouse_394,245.0087,8.61476427252222,17.26475570199826,8.64999142947604,2
0.5,Mouse_401,0.5083,-2.2555074062319367,17.92960232390235,20.18510973013429,2
0.5,Mouse_401,1.0083,-6.9709523460018,17.92960232390235,24.900554669904153,2
0.5,Mouse_401,1.5083,0.46545526067006104,17.92960232390235,17.464147063232293,2
0.5,Mouse_401,2.0083,9.312320320092343,17.92960232390235,8.61728200381001,2
0.5,Mouse_401,2.5083,7.495650004386702,17.92960232390235,10.433952319515653,2
0.5,Mouse_401,2.7583,2.069380501742179,17.92960232390235,15.860221822160174,2
0.5,Mouse_401,3.0083,5.500564104381853,17.92960232390235,12.4290382195205,2
0.5,Mouse_401,3.2583,6.26711758174922,17.92960232390235,11.662484742153133,2
0.5,Mouse_401,3.5083,6.211591039760058,17.92960232390235,11.718011284142296,2
0.5,Mouse_401,3.7583,6.368105671737361,17.92960232390235,11.561496652164994,2
0.5,Mouse_401,4.0083,7.514784200421766,17.92960232390235,10.414818123480588,2
0.5,Mouse_401,4.5083,4.8795211816789195,17.92960232390235,13.050081142223434,2
0.5,Mouse_401,5.0083,6.0905745170488,17.92960232390235,11.839027806853553,2
0.5,Mouse_401,5.5083,5.2891463235525595,17.92960232390235,12.640456000349793,2
0.5,Mouse_401,6.0083,3.4281070394197943,17.92960232390235,14.501495284482562,2
0.5,Mouse_401,6.5083,3.540453414664662,17.92960232390235,14.389148909237692,2
0.5,Mouse_401,7.0083,1.6435490835883795,17.92960232390235,16.286053240313976,2
0.5,Mouse_401,7.5083,0.8935506199024107,17.92960232390235,17.036051703999945,2
0.5,Mouse_401,8.0083,0.6528308417824445,17.92960232390235,17.27677148211991,2
0.5,Mouse_401,8.5083,1.2686652537169296,17.92960232390235,16.660937070185426,2
0.5,Mouse_401,9.0083,2.4779523539311086,17.92960232390235,15.451649969971246,2
0.5,Mouse_401,9.5083,2.923513732857749,17.92960232390235,15.006088591044605,2
0.5,Mouse_401,10.0083,3.6136270018142835,17.92960232390235,14.31597532208807,2
0.5,Mouse_401,11.0083,5.1081700317378775,17.92960232390235,12.821432292164477,2
0.5,Mouse_401,12.0083,4.804439871555865,17.92960232390235,13.125162452346489,2
0.5,Mouse_401,13.0083,7.567163741549942,17.92960232390235,10.36243858235241,2
0.5,Mouse_401,14.0083,8.408202586764858,17.92960232390235,9.521399737137497,2
0.5,Mouse_401,15.0083,8.983726537927897,17.92960232390235,8.945875785974458,2
0.5,Mouse_401,16.0083,9.38059538171062,17.92960232390235,8.549006942191735,2
0.5,Mouse_401,17.0083,9.361236092364347,17.92960232390235,8.568366231538006,2
0.5,Mouse_401,18.0083,9.673108014760102,17.92960232390235,8.256494309142253,2
0.5,Mouse_401,19.0083,9.631556324263679,17.92960232390235,8.298045999638674,2
0.5,Mouse_401,20.0084,10.050794710454673,17.92960232390235,7.878807613447682,2
0.5,Mouse_401,22.0084,10.120300760401587,17.92960232390235,7.809301563500767,2
0.5,Mouse_401,24.0084,10.158738798869921,17.92960232390235,7.770863525032432,2
0.5,Mouse_401,26.0084,10.13074382685911,17.92960232390235,7.798858497043243,2
0.5,Mouse_401,28.0084,10.110192858711468,17.92960232390235,7.819409465190884,2
0.5,Mouse_401,30.0084,10.04217907535427,17.92960232390235,7.8874232485480835,2
0.5,Mouse_401,32.0084,9.997538165852005,17.92960232390235,7.93206415805035,2
0.5,Mouse_401,34.0084,9.935247326236595,17.92960232390235,7.994354997665759,2
0.5,Mouse_401,36.0084,9.83060021026897,17.92960232390235,8.099002113633382,2
0.5,Mouse_401,38.0084,9.971410029250524,17.92960232390235,7.95819229465183,2
0.5,Mouse_401,40.0084,9.849423615232457,17.92960232390235,8.080178708669898,2
0.5,Mouse_401,45.0084,9.615852197771218,17.92960232390235,8.313750126131136,2
0.5,Mouse_401,48.0084,9.488771175682425,17.92960232390235,8.440831148219928,2
0.5,Mouse_401,51.0084,9.516467698530729,17.92960232390235,8.413134625371626,2
0.5,Mouse_401,54.0084,9.410694464906008,17.92960232390235,8.518907858996343,2
0.5,Mouse_401,57.0084,9.259067014260552,17.92960232390235,8.670535309641803,2
0.5,Mouse_401,65.0084,9.193840802221413,17.92960232390235,8.73576152168094,2
0.5,Mouse_401,70.0084,9.14386224838342,17.92960232390235,8.785740075518932,2
0.5,Mouse_401,75.0084,9.025387178385003,17.92960232390235,8.90421514551735,2
0.5,Mouse_401,80.0084,9.034013034682017,17.92960232390235,8.895589289220336,2
0.5,Mouse_401,85.0084,8.966471088049637,17.92960232390235,8.963131235852718,2
0.5,Mouse_401,90.0084,9.037131333306249,17.92960232390235,8.892470990596106,2
0.5,Mouse_401,95.0084,9.032350195981373,17.92960232390235,8.897252127920982,2
0.5,Mouse_401,100.0084,9.08584023608282,17.92960232390235,8.843762087819533,2
0.5,Mouse_401,105.0083,9.045368955044,17.92960232390235,8.884233368858354,2
0.5,Mouse_401,110.0083,9.154789666261536,17.92960232390235,8.774812657640815,2
0.5,Mouse_401,115.0083,9.120328594595495,17.92960232390235,8.80927372930686,2
0.5,Mouse_401,125.0083,9.131016039532568,17.92960232390235,8.798586284369785,2
0.5,Mouse_401,135.0083,9.188624025438951,17.92960232390235,8.740978298463405,2
0.5,Mouse_401,145.0083,9.125997452997147,17.92960232390235,8.803604870905207,2
0.5,Mouse_401,155.0083,9.255257063899135,17.92960232390235,8.674345260003218,2
0.5,Mouse_401,165.0083,9.279851332573653,17.92960232390235,8.6497509913287,2
0.5,Mouse_401,175.0083,9.35542278688194,17.92960232390235,8.574179537020415,2
0.5,Mouse_401,185.0083,9.354841690015466,17.92960232390235,8.57476063388689,2
0.5,Mouse_401,195.0083,9.467537636736184,17.92960232390235,8.462064687166169,2
0.5,Mouse_401,205.0087,9.503313454909527,17.92960232390235,8.426288868992827,2
0.5,Mouse_401,215.0087,9.562871291809412,17.92960232390235,8.366731032092943,2
0.5,Mouse_401,225.0087,9.526072499776767,17.92960232390235,8.403529824125583,2
0.5,Mouse_401,235.0087,9.619178360444248,17.92960232390235,8.310423963458106,2
0.5,Mouse_401,245.0087,9.62061218496814,17.92960232390235,8.308990138934217,2
0.5,Mouse_460,0.5083,-2.897402575886903,10.831026124544312,13.728428700431216,2
0.5,Mouse_460,1.0083,2.5817742842315163,10.831026124544312,8.249251840312796,2
0.5,Mouse_460,1.5083,2.849037738115152,10.831026124544312,7.98198838642916,2
0.5,Mouse_460,2.0083,2.59716579961238,10.831026124544312,8.233860324931932,2
0.5,Mouse_460,2.5083,2.817884588544282,10.831026124544312,8.013141536000031,2
0.5,Mouse_460,2.7583,1.8617281514066124,10.831026124544312,8.969297973137701,2
0.5,Mouse_460,3.0083,0.8412145482475037,10.831026124544312,9.989811576296809,2
0.5,Mouse_460,3.2583,1.6536417373757022,10.831026124544312,9.177384387168612,2
0.5,Mouse_460,3.5083,3.9238013276155446,10.831026124544312,6.907224796928768,2
0.5,Mouse_460,3.7583,4.52636907542435,10.831026124544312,6.304657049119962,2
0.5,Mouse_460,4.0083,3.6741682287907445,10.831026124544312,7.156857895753568,2
0.5,Mouse_460,4.5083,0.15575832265889303,10.831026124544312,10.675267801885418,2
0.5,Mouse_460,5.0083,0.22480458029679262,10.831026124544312,10.606221544247518,2
0.5,Mouse_460,5.5083,-0.27810186498280576,10.831026124544312,11.109127989527117,2
0.5,Mouse_460,6.0083,-0.9478048268910805,10.831026124544312,11.778830951435395,2
0.5,Mouse_460,6.5083,-0.8483082366957531,10.831026124544312,11.679334361240066,2
0.5,Mouse_460,7.0083,-0.622676806670566,10.831026124544312,11.45370293121488,2
0.5,Mouse_460,7.5083,-0.5936367816699581,10.831026124544312,11.424662906214271,2
0.5,Mouse_460,8.0083,0.7435870028376339,10.831026124544312,10.087439121706678,2
0.5,Mouse_460,8.5083,1.679393527937262,10.831026124544312,9.151632596607051,2
0.5,Mouse_460,9.0083,1.6807568482275974,10.831026124544312,9.150269276316715,2
0.5,Mouse_460,9.5083,3.133306929385232,10.831026124544312,7.697719195159079,2
0.5,Mouse_460,10.0083,4.569728989936608,10.831026124544312,6.2612971346077035,2
0.5,Mouse_460,11.0083,5.034786202143148,10.831026124544312,5.796239922401165,2
0.5,Mouse_460,12.0083,5.253152318651582,10.831026124544312,5.577873805892731,2
0.5,Mouse_460,13.0083,4.646011465074848,10.831026124544312,6.185014659469465,2
0.5,Mouse_460,14.0083,5.05338311795961,10.831026124544312,5.777643006584702,2
0.5,Mouse_460,15.0083,4.638175959056566,10.831026124544312,6.192850165487746,2
0.5,Mouse_460,16.0083,4.458556412597137,10.831026124544312,6.372469711947176,2
0.5,Mouse_460,17.0083,4.78422834444679,10.831026124544312,6.046797780097522,2
0.5,Mouse_460,18.0083,4.654374950347983,10.831026124544312,6.176651174196329,2
0.5,Mouse_460,19.0083,5.059250677889345,10.831026124544312,5.771775446654967,2
0.5,Mouse_460,20.0084,4.449048882409904,10.831026124544312,6.3819772421344085,2
0.5,Mouse_460,22.0084,4.251531022909668,10.831026124544312,6.579495101634644,2
0.5,Mouse_460,24.0084,3.7963990317370517,10.831026124544312,7.034627092807261,2
0.5,Mouse_460,26.0084,3.835553094905492,10.831026124544312,6.995473029638821,2
0.5,Mouse_460,28.0084,3.498290171493318,10.831026124544312,7.332735953050994,2
0.5,Mouse_460,30.0084,3.5143924947061524,10.831026124544312,7.31663362983816,2
0.5,Mouse_460,32.0084,3.701409320704802,10.831026124544312,7.12961680383951,2
0.5,Mouse_460,34.0084,3.7544944293748252,10.831026124544312,7.076531695169487,2
0.5,Mouse_460,36.0084,3.919548157153459,10.831026124544312,6.911477967390853,2
0.5,Mouse_460,38.0084,4.094304414830022,10.831026124544312,6.73672170971429,2
0.5,Mouse_460,40.0084,4.140897279628973,10.831026124544312,6.690128844915339,2
0.5,Mouse_460,45.0084,4.368587628699965,10.831026124544312,6.4624384958443475,2
0.5,Mouse_460,48.0084,4.344601872078542,10.831026124544312,6.4864242524657705,2
0.5,Mouse_460,51.0084,4.468070285129785,10.831026124544312,6.3629558394145285,2
0.5,Mouse_460,54.0084,4.4278665812044675,10.831026124544312,6.403159543339845,2
0.5,Mouse_460,57.0084,4.272650481401583,10.831026124544312,6.55837564314273,2
0.5,Mouse_460,65.0084,4.260030209695355,10.831026124544312,6.570995914848957,2
0.5,Mouse_460,70.0084,4.110295994930718,10.831026124544312,6.720730129613594,2
0.5,Mouse_460,75.0084,3.9929210897120306,10.831026124544312,6.838105034832282,2
0.5,Mouse_460,80.0084,3.892878858538477,10.831026124544312,6.938147266005835,2
0.5,Mouse_460,85.0084,3.7939212892021463,10.831026124544312,7.037104835342166,2
0.5,Mouse_460,90.0084,3.7520276382166284,10.831026124544312,7.078998486327684,2
0.5,Mouse_460,95.0084,3.6079006466588055,10.831026124544312,7.223125477885507,2
0.5,Mouse_460,100.0084,3.6147136014583805,10.831026124544312,7.216312523085932,2
0.5,Mouse_460,105.0083,3.4853160667752734,10.831026124544312,7.34571005776904,2
0.5,Mouse_460,110.0083,3.4675633386370293,10.831026124544312,7.3634627859072825,2
0.5,Mouse_460,115.0083,3.3954693091741763,10.831026124544312,7.435556815370136,2
0.5,Mouse_460,125.0083,3.2766246616031762,10.831026124544312,7.5544014629411365,2
0.5,Mouse_460,135.0083,3.175838211230295,10.831026124544312,7.655187913314017,2
0.5,Mouse_460,145.0083,3.152746763483316,10.831026124544312,7.678279361060996,2
0.5,Mouse_460,155.0083,3.0460233489720436,10.831026124544312,7.785002775572268,2
0.5,Mouse_460,165.0083,3.0121453318025337,10.831026124544312,7.818880792741778,2
0.5,Mouse_460,175.0083,2.898253787774385,10.831026124544312,7.932772336769927,2
0.5,Mouse_460,185.0083,2.9300250461076676,10.831026124544312,7.901001078436645,2
0.5,Mouse_460,195.0083,2.8634752201059817,10.831026124544312,7.967550904438331,2
0.5,Mouse_460,205.0087,2.8480819767110845,10.831026124544312,7.982944147833227,2
0.5,Mouse_460,215.0087,2.797778081178343,10.831026124544312,8.033248043365969,2
0.5,Mouse_460,225.0087,2.7565603337544373,10.831026124544312,8.074465790789874,2
0.5,Mouse_460,235.0087,2.730728068524358,10.831026124544312,8.100298056019955,2
0.5,Mouse_460,245.0087,2.7325057970032187,10.831026124544312,8.098520327541094,2
0.5,Mouse_464,0.5083,-2.2635390438737684,12.61850513204837,14.882044175922136,2
0.5,Mouse_464,1.0083,1.5983952578107106,12.61850513204837,11.020109874237658,2
0.5,Mouse_464,1.5083,-4.191409132249631,12.61850513204837,16.809914264298,2
0.5,Mouse_464,2.0083,-4.700790125295852,12.61850513204837,17.319295257344223,2
0.5,Mouse_464,2.5083,-2.824664733675637,12.61850513204837,15.443169865724006,2
0.5,Mouse_464,2.7583,-3.87366381686033,12.61850513204837,16.4921689489087,2
0.5,Mouse_464,3.0083,-6.397764930628459,12.61850513204837,19.016270062676828,2
0.5,Mouse_464,3.2583,-6.356943590283234,12.61850513204837,18.9754487223316,2
0.5,Mouse_464,3.5083,-8.332947711148567,12.61850513204837,20.951452843196932,2
0.5,Mouse_464,3.7583,-5.659547911424467,12.61850513204837,18.278053043472838,2
0.5,Mouse_464,4.0083,-5.821805078307958,12.61850513204837,18.44031021035633,2
0.5,Mouse_464,4.5083,-6.164332672159849,12.61850513204837,18.782837804208217,2
0.5,Mouse_464,5.0083,-6.63705266996164,12.61850513204837,19.25555780201001,2
0.5,Mouse_464,5.5083,-5.876153620901552,12.61850513204837,18.49465875294992,2
0.5,Mouse_464,6.0083,-3.2907848620800673,12.61850513204837,15.909289994128436,2
0.5,Mouse_464,6.5083,-2.7016867046439463,12.61850513204837,15.320191836692315,2
0.5,Mouse_464,7.0083,-1.1369603786003335,12.61850513204837,13.755465510648701,2
0.5,Mouse_464,7.5083,0.6579812772373481,12.61850513204837,11.96052385481102,2
0.5,Mouse_464,8.0083,3.2955714692278355,12.61850513204837,9.322933662820532,2
0.5,Mouse_464,8.5083,6.455658859952141,12.61850513204837,6.1628462720962265,2
0.5,Mouse_464,9.0083,8.080009951668014,12.61850513204837,4.5384951803803535,2
0.5,Mouse_464,9.5083,7.011966434058996,12.61850513204837,5.606538697989373,2
0.5,Mouse_464,10.0083,7.142345702776183,12.61850513204837,5.476159429272186,2
0.5,Mouse_464,11.0083,6.103960522622961,12.61850513204837,6.514544609425408,2
0.5,Mouse_464,12.0083,6.005952484870139,12.61850513204837,6.612552647178229,2
0.5,Mouse_464,13.0083,5.359264051770625,12.61850513204837,7.259241080277743,2
0.5,Mouse_464,14.0083,5.178144245755631,12.61850513204837,7.440360886292739,2
0.5,Mouse_464,15.0083,5.3666578942054715,12.61850513204837,7.251847237842897,2
0.5,Mouse_464,16.0083,5.654540842040724,12.61850513204837,6.9639642900076435,2
0.5,Mouse_464,17.0083,5.257263041255537,12.61850513204837,7.361242090792832,2
0.5,Mouse_464,18.0083,5.655296394473831,12.61850513204837,6.963208737574538,2
0.5,Mouse_464,19.0083,5.900471094141858,12.61850513204837,6.718034037906509,2
0.5,Mouse_464,20.0084,6.092190045446762,12.61850513204837,6.526315086601606,2
0.5,Mouse_464,22.0084,6.262125227061999,12.61850513204837,6.356379904986371,2
0.5,Mouse_464,24.0084,6.47204529880975,12.61850513204837,6.1464598332386196,2
0.5,Mouse_464,26.0084,6.603820846700776,12.61850513204837,6.014684285347592,2
0.5,Mouse_464,28.0084,6.864146124659394,12.61850513204837,5.754359007388976,2
0.5,Mouse_464,30.0084,6.929129597906276,12.61850513204837,5.689375534142092,2
0.5,Mouse_464,32.0084,6.990006912182881,12.61850513204837,5.628498219865487,2
0.5,Mouse_464,34.0084,7.220870614061162,12.61850513204837,5.397634517987207,2
0.5,Mouse_464,36.0084,7.048767510330041,12.61850513204837,5.569737621718327,2
0.5,Mouse_464,38.0084,7.293262899881805,12.61850513204837,5.325242232166563,2
0.5,Mouse_464,40.0084,7.3533542371594525,12.61850513204837,5.265150894888916,2
0.5,Mouse_464,45.0084,7.348300811834683,12.61850513204837,5.270204320213685,2
0.5,Mouse_464,48.0084,7.388748727361589,12.61850513204837,5.229756404686778,2
0.5,Mouse_464,51.0084,7.3523862361537695,12.61850513204837,5.2661188958946,2
0.5,Mouse_464,54.0084,7.331203277616584,12.61850513204837,5.287301854431784,2
0.5,Mouse_464,57.0084,7.392163902022759,12.61850513204837,5.226341230025609,2
0.5,Mouse_464,65.0084,7.446408587524284,12.61850513204837,5.172096544524084,2
0.5,Mouse_464,70.0084,7.562695907099291,12.61850513204837,5.055809224949078,2
0.5,Mouse_464,75.0084,7.556016940127898,12.61850513204837,5.062488191920471,2
0.5,Mouse_464,80.0084,7.582961296458945,12.61850513204837,5.035543835589424,2
0.5,Mouse_464,85.0084,7.592722846758018,12.61850513204837,5.025782285290351,2
0.5,Mouse_464,90.0084,7.62341942012643,12.61850513204837,4.99508571192194,2
0.5,Mouse_464,95.0084,7.605020482546491,12.61850513204837,5.013484649501877,2
0.5,Mouse_464,100.0084,7.6494029216034995,12.61850513204837,4.969102210444868,2
0.5,Mouse_464,105.0083,7.700648432418374,12.61850513204837,4.917856699629994,2
0.5,Mouse_464,110.0083,7.680906696482757,12.61850513204837,4.9375984355656115,2
0.5,Mouse_464,115.0083,7.6955287172380675,12.61850513204837,4.9229764148103,2
0.5,Mouse_464,125.0083,7.720276317805434,12.61850513204837,4.898228814242935,2
0.5,Mouse_464,135.0083,7.742412590848722,12.61850513204837,4.876092541199647,2
0.5,Mouse_464,145.0083,7.689141765990572,12.61850513204837,4.929363366057797,2
0.5,Mouse_464,155.0083,7.702520716300992,12.61850513204837,4.915984415747377,2
0.5,Mouse_464,165.0083,7.713901033276228,12.61850513204837,4.9046040987721415,2
0.5,Mouse_464,175.0083,7.733486997778288,12.61850513204837,4.88501813427008,2
0.5,Mouse_464,185.0083,7.713715459035484,12.61850513204837,4.904789673012885,2
0.5,Mouse_464,195.0083,7.734016943686499,12.61850513204837,4.884488188361869,2
0.5,Mouse_464,205.0087,7.733486673738806,12.61850513204837,4.885018458309562,2
0.5,Mouse_464,215.0087,7.738283198362112,12.61850513204837,4.880221933686258,2
0.5,Mouse_464,225.0087,7.73751328132982,12.61850513204837,4.880991850718548,2
0.5,Mouse_464,235.0087,7.700101332091341,12.61850513204837,4.918403799957027,2
0.5,Mouse_464,245.0087,7.700900508208793,12.61850513204837,4.9176046238395745,2
0.5,Mouse_467,0.5083,-0.12546840707056717,16.92901961028469,17.054488017355254,2
0.5,Mouse_467,1.0083,-3.3033588163191645,16.92901961028469,20.23237842660385,2
0.5,Mouse_467,1.5083,-2.289953343161163,16.92901961028469,19.21897295344585,2
0.5,Mouse_467,2.0083,0.38044211960449026,16.92901961028469,16.548577490680195,2
0.5,Mouse_467,2.5083,-2.389417611243071,16.92901961028469,19.31843722152776,2
0.5,Mouse_467,2.7583,-2.0956487275219837,16.92901961028469,19.024668337806673,2
0.5,Mouse_467,3.0083,-3.5626562401662407,16.92901961028469,20.491675850450928,2
0.5,Mouse_467,3.2583,-1.7057803312793958,16.92901961028469,18.634799941564083,2
0.5,Mouse_467,3.5083,-1.1679668061497166,16.92901961028469,18.096986416434405,2
0.5,Mouse_467,3.7583,-0.29890603763652646,16.92901961028469,17.227925647921214,2
0.5,Mouse_467,4.0083,-0.5268437318934875,16.92901961028469,17.455863342178176,2
0.5,Mouse_467,4.5083,-0.5425856391672079,16.92901961028469,17.471605249451898,2
0.5,Mouse_467,5.0083,-0.44876181466897425,16.92901961028469,17.37778142495366,2
0.5,Mouse_467,5.5083,-0.5229827941168557,16.92901961028469,17.452002404401544,2
0.5,Mouse_467,6.0083,0.08094248724238895,16.92901961028469,16.848077123042298,2
0.5,Mouse_467,6.5083,0.1458518653922614,16.92901961028469,16.78316774489243,2
0.5,Mouse_467,7.0083,0.6599790785019835,16.92901961028469,16.269040531782707,2
0.5,Mouse_467,7.5083,0.9631886845244759,16.92901961028469,15.965830925760212,2
0.5,Mouse_467,8.0083,1.667203422884242,16.92901961028469,15.261816187400449,2
0.5,Mouse_467,8.5083,2.7779035004849275,16.92901961028469,14.151116109799759,2
0.5,Mouse_467,9.0083,2.478682045271637,16.92901961028469,14.450337565013049,2
0.5,Mouse_467,9.5083,2.578314277052275,16.92901961028469,14.350705333232412,2
0.5,Mouse_467,10.0083,3.699965531348629,16.92901961028469,13.22905407893606,2
0.5,Mouse_467,11.0083,4.137533331357887,16.92901961028469,12.7914862789268,2
0.5,Mouse_467,12.0083,4.191742495431,16.92901961028469,12.737277114853688,2
0.5,Mouse_467,13.0083,5.418602005374624,16.92901961028469,11.510417604910064,2
0.5,Mouse_467,14.0083,5.4403044611850655,16.92901961028469,11.488715149099622,2
0.5,Mouse_467,15.0083,5.765463455065712,16.92901961028469,11.163556155218975,2
0.5,Mouse_467,16.0083,6.338299447879006,16.92901961028469,10.590720162405683,2
0.5,Mouse_467,17.0083,6.852439077684306,16.92901961028469,10.076580532600383,2
0.5,Mouse_467,18.0083,7.269270534554348,16.92901961028469,9.659749075730339,2
0.5,Mouse_467,19.0083,7.1488501383604355,16.92901961028469,9.780169471924253,2
0.5,Mouse_467,20.0084,7.698281396798711,16.92901961028469,9.230738213485976,2
0.5,Mouse_467,22.0084,7.882974429104143,16.92901961028469,9.046045181180546,2
0.5,Mouse_467,24.0084,8.375728783212107,16.92901961028469,8.55329082707258,2
0.5,Mouse_467,26.0084,8.469396788407686,16.92901961028469,8.459622821877002,2
0.5,Mouse_467,28.0084,8.871306159488306,16.92901961028469,8.057713450796383,2
0.5,Mouse_467,30.0084,8.991795060589267,16.92901961028469,7.937224549695422,2
0.5,Mouse_467,32.0084,8.925203174251989,16.92901961028469,8.003816436032698,2
0.5,Mouse_467,34.0084,9.087087634175413,16.92901961028469,7.841931976109275,2
0.5,Mouse_467,36.0084,8.985088697056288,16.92901961028469,7.943930913228401,2
0.5,Mouse_467,38.0084,8.982658852963668,16.92901961028469,7.946360757321019,2
0.5,Mouse_467,40.0084,9.076128812465235,16.92901961028469,7.852890797819451,2
0.5,Mouse_467,45.0084,9.109232707970492,16.92901961028469,7.8197869023141955,2
0.5,Mouse_467,48.0084,9.03696222151935,16.92901961028469,7.892057388765338,2
0.5,Mouse_467,51.0084,8.95312984077351,16.92901961028469,7.975889769511177,2
0.5,Mouse_467,54.0084,9.049463874229442,16.92901961028469,7.879555736055246,2
0.5,Mouse_467,57.0084,9.00614819000672,16.92901961028469,7.922871420277968,2
0.5,Mouse_467,65.0084,8.872337021756662,16.92901961028469,8.056682588528027,2
0.5,Mouse_467,70.0084,8.768445775029821,16.92901961028469,8.160573835254866,2
0.5,Mouse_467,75.0084,8.672916311823482,16.92901961028469,8.256103298461205,2
0.5,Mouse_467,80.0084,8.674402796768524,16.92901961028469,8.254616813516163,2
0.5,Mouse_467,85.0084,8.569045899146747,16.92901961028469,8.35997371113794,2
0.5,Mouse_467,90.0084,8.554136584602803,16.92901961028469,8.374883025681886,2
0.5,Mouse_467,95.0084,8.533948266349437,16.92901961028469,8.39507134393525,2
0.5,Mouse_467,100.0084,8.522029285970351,16.92901961028469,8.406990324314336,2
0.5,Mouse_467,105.0083,8.333879414941082,16.92901961028469,8.595140195343605,2
0.5,Mouse_467,110.0083,8.385025568238724,16.92901961028469,8.543994042045965,2
0.5,Mouse_467,115.0083,8.375267353540291,16.92901961028469,8.553752256744396,2
0.5,Mouse_467,125.0083,8.258434624957784,16.92901961028469,8.670584985326904,2
0.5,Mouse_467,135.0083,8.236326861128283,16.92901961028469,8.692692749156407,2
0.5,Mouse_467,145.0083,8.174673166169283,16.92901961028469,8.754346444115406,2
0.5,Mouse_467,155.0083,8.207641210755334,16.92901961028469,8.721378399529355,2
0.5,Mouse_467,165.0083,8.199919455240883,16.92901961028469,8.729100155043806,2
0.5,Mouse_467,175.0083,8.147575743438221,16.92901961028469,8.78144386684647,2
0.5,Mouse_467,185.0083,8.266249772900947,16.92901961028469,8.66276983738374,2
0.5,Mouse_467,195.0083,8.218675623936777,16.92901961028469,8.710343986347912,2
0.5,Mouse_467,205.0087,8.21548869841958,16.92901961028469,8.713530911865107,2
0.5,Mouse_467,215.0087,8.204615644028983,16.92901961028469,8.724403966255704,2
0.5,Mouse_467,225.0087,8.173554373938533,16.92901961028469,8.755465236346156,2
0.5,Mouse_467,235.0087,8.210167989659258,16.92901961028469,8.71885162062543,2
0.5,Mouse_467,245.0087,8.128142344671572,16.92901961028469,8.800877265613117,2
0.5,Mouse_469,0.5083,-0.41857501402685937,17.317183537412213,17.73575855143907,2
0.5,Mouse_469,1.0083,2.5665412796500577,17.317183537412213,14.750642257762152,2
0.5,Mouse_469,1.5083,-0.6528663970603379,17.317183537412213,17.97004993447255,2
0.5,Mouse_469,2.0083,5.569163295519674,17.317183537412213,11.748020241892537,2
0.5,Mouse_469,2.5083,4.798134336516581,17.317183537412213,12.51904920089563,2
0.5,Mouse_469,2.7583,1.6071591105875171,17.317183537412213,15.710024426824692,2
0.5,Mouse_469,3.0083,4.512889790621303,17.317183537412213,12.804293746790908,2
0.5,Mouse_469,3.2583,1.7206141406146784,17.317183537412213,15.596569396797532,2
0.5,Mouse_469,3.5083,2.541945792104084,17.317183537412213,14.775237745308127,2
0.5,Mouse_469,3.7583,1.2766269519919433,17.317183537412213,16.04055658542027,2
0.5,Mouse_469,4.0083,2.013675541646146,17.317183537412213,15.303507995766067,2
0.5,Mouse_469,4.5083,-0.4455841614064404,17.317183537412213,17.76276769881865,2
0.5,Mouse_469,5.0083,-0.19996432418605004,17.317183537412213,17.51714786159826,2
0.5,Mouse_469,5.5083,-1.0426363094623028,17.317183537412213,18.359819846874515,2
0.5,Mouse_469,6.0083,-1.193824940149888,17.317183537412213,18.511008477562097,2
0.5,Mouse_469,6.5083,-1.4414446917916788,17.317183537412213,18.75862822920389,2
0.5,Mouse_469,7.0083,-0.6750241295224235,17.317183537412213,17.992207666934632,2
0.5,Mouse_469,7.5083,-0.24528354180703718,17.317183537412213,17.562467079219246,2
0.5,Mouse_469,8.0083,0.6965158382719387,17.317183537412213,16.62066769914027,2
0.5,Mouse_469,8.5083,3.0617360819342663,17.317183537412213,14.255447455477944,2
0.5,Mouse_469,9.0083,3.3747211060763664,17.317183537412213,13.942462431335844,2
0.5,Mouse_469,9.5083,3.61351859284009,17.317183537412213,13.703664944572122,2
0.5,Mouse_469,10.0083,6.808332621248755,17.317183537412213,10.508850916163457,2
0.5,Mouse_469,11.0083,8.444194585777947,17.317183537412213,8.872988951634264,2
0.5,Mouse_469,12.0083,8.38820762870752,17.317183537412213,8.928975908704691,2
0.5,Mouse_469,13.0083,9.193237566967813,17.317183537412213,8.123945970444398,2
0.5,Mouse_469,14.0083,9.079355924794756,17.317183537412213,8.237827612617455,2
0.5,Mouse_469,15.0083,8.760604756306329,17.317183537412213,8.556578781105882,2
0.5,Mouse_469,16.0083,8.470265613703681,17.317183537412213,8.846917923708531,2
0.5,Mouse_469,17.0083,8.297114333685972,17.317183537412213,9.02006920372624,2
0.5,Mouse_469,18.0083,7.844067505945858,17.317183537412213,9.473116031466352,2
0.5,Mouse_469,19.0083,7.341648265661827,17.317183537412213,9.975535271750385,2
0.5,Mouse_469,20.0084,7.316086089367282,17.317183537412213,10.001097448044929,2
0.5,Mouse_469,22.0084,6.815771324913502,17.317183537412213,10.501412212498707,2
0.5,Mouse_469,24.0084,6.185499369451283,17.317183537412213,11.131684167960927,2
0.5,Mouse_469,26.0084,6.160280434386715,17.317183537412213,11.156903103025495,2
0.5,Mouse_469,28.0084,5.796077535697482,17.317183537412213,11.521106001714728,2
0.5,Mouse_469,30.0084,5.49675598515689,17.317183537412213,11.820427552255321,2
0.5,Mouse_469,32.0084,5.223730092963937,17.317183537412213,12.093453444448274,2
0.5,Mouse_469,34.0084,5.243078946672632,17.317183537412213,12.07410459073958,2
0.5,Mouse_469,36.0084,5.026937533391046,17.317183537412213,12.290246004021164,2
0.5,Mouse_469,38.0084,5.109434295803871,17.317183537412213,12.20774924160834,2
0.5,Mouse_469,40.0084,5.017379517276748,17.317183537412213,12.299804020135461,2
0.5,Mouse_469,45.0084,4.675200464790668,17.317183537412213,12.641983072621542,2
0.5,Mouse_469,48.0084,4.561515662472006,17.317183537412213,12.755667874940205,2
0.5,Mouse_469,51.0084,4.57074707964711,17.317183537412213,12.7464364577651,2
0.5,Mouse_469,54.0084,4.470214615212283,17.317183537412213,12.846968922199927,2
0.5,Mouse_469,57.0084,4.414763139326083,17.317183537412213,12.902420398086129,2
0.5,Mouse_469,65.0084,4.1955701687699545,17.317183537412213,13.121613368642256,2
0.5,Mouse_469,70.0084,4.095062255662792,17.317183537412213,13.22212128174942,2
0.5,Mouse_469,75.0084,3.975302573950847,17.317183537412213,13.341880963461364,2
0.5,Mouse_469,80.0084,3.8530021803240313,17.317183537412213,13.46418135708818,2
0.5,Mouse_469,85.0084,3.773064740872534,17.317183537412213,13.544118796539678,2
0.5,Mouse_469,90.0084,3.7797443344146586,17.317183537412213,13.537439202997552,2
0.5,Mouse_469,95.0084,3.710476537323828,17.317183537412213,13.606707000088383,2
0.5,Mouse_469,100.0084,3.678754285129777,17.317183537412213,13.638429252282432,2
0.5,Mouse_469,105.0083,3.6854123549105955,17.317183537412213,13.631771182501616,2
0.5,Mouse_469,110.0083,3.7571196383655954,17.317183537412213,13.560063899046614,2
0.5,Mouse_469,115.0083,3.7419204135260804,17.317183537412213,13.575263123886131,2
0.5,Mouse_469,125.0083,3.478500375349336,17.317183537412213,13.838683162062875,2
0.5,Mouse_469,135.0083,3.546555442973659,17.317183537412213,13.770628094438552,2
0.5,Mouse_469,145.0083,3.5208702239729455,17.317183537412213,13.796313313439265,2
0.5,Mouse_469,155.0083,3.4532589167859493,17.317183537412213,13.86392462062626,2
0.5,Mouse_469,165.0083,3.4149398174337566,17.317183537412213,13.902243719978454,2
0.5,Mouse_469,175.0083,3.5126946335731137,17.317183537412213,13.804488903839099,2
0.5,Mouse_469,185.0083,3.3359670039650933,17.317183537412213,13.981216533447117,2
0.5,Mouse_469,195.0083,3.423226062938226,17.317183537412213,13.893957474473984,2
0.5,Mouse_469,205.0087,3.370910433133033,17.317183537412213,13.946273104279179,2
0.5,Mouse_469,215.0087,3.4506367142010346,17.317183537412213,13.866546823211177,2
0.5,Mouse_469,225.0087,3.4239963354538174,17.317183537412213,13.893187201958394,2
0.5,Mouse_469,235.0087,3.4579145918579215,17.317183537412213,13.859268945554291,2
0.5,Mouse_469,245.0087,3.5149144799734966,17.317183537412213,13.802269057438714,2
0.5,Mouse_470,0.5083,0.36683978457806754,15.53664273669205,15.169802952113983,2
0.5,Mouse_470,1.0083,-7.256793422532057,15.53664273669205,22.793436159224107,2
0.5,Mouse_470,1.5083,1.7121162391406908,15.53664273669205,13.82452649755136,2
0.5,Mouse_470,2.0083,8.587487290208527,15.53664273669205,6.949155446483522,2
0.5,Mouse_470,2.5083,4.631763054660155,15.53664273669205,10.904879682031897,2
0.5,Mouse_470,2.7583,-0.5631472213096957,15.53664273669205,16.099789958001747,2
0.5,Mouse_470,3.0083,4.037677251011143,15.53664273669205,11.498965485680907,2
0.5,Mouse_470,3.2583,-3.823967179680303,15.53664273669205,19.360609916372354,2
0.5,Mouse_470,3.5083,-1.563911455705063,15.53664273669205,17.100554192397112,2
0.5,Mouse_470,3.7583,-2.577546492497313,15.53664273669205,18.114189229189364,2
0.5,Mouse_470,4.0083,-1.8127522201122224,15.53664273669205,17.349394956804275,2
0.5,Mouse_470,4.5083,-2.249357124028423,15.53664273669205,17.785999860720473,2
0.5,Mouse_470,5.0083,-1.213843856494477,15.53664273669205,16.75048659318653,2
0.5,Mouse_470,5.5083,-0.4806837361448888,15.53664273669205,16.017326472836938,2
0.5,Mouse_470,6.0083,-0.8749993509660168,15.53664273669205,16.411642087658066,2
0.5,Mouse_470,6.5083,-0.567241812207514,15.53664273669205,16.103884548899565,2
0.5,Mouse_470,7.0083,-0.09739432667446146,15.53664273669205,15.634037063366513,2
0.5,Mouse_470,7.5083,-0.0888890457232534,15.53664273669205,15.625531782415305,2
0.5,Mouse_470,8.0083,-0.9294559084049898,15.53664273669205,16.46609864509704,2
0.5,Mouse_470,8.5083,1.1568384412232748,15.53664273669205,14.379804295468777,2
0.5,Mouse_470,9.0083,-0.49127500103471244,15.53664273669205,16.027917737726764,2
0.5,Mouse_470,9.5083,-1.9672165294564807,15.53664273669205,17.50385926614853,2
0.5,Mouse_470,10.0083,-0.9438401772300573,15.53664273669205,16.48048291392211,2
0.5,Mouse_470,11.0083,-2.15996635021997,15.53664273669205,17.69660908691202,2
0.5,Mouse_470,12.0083,-2.5278424856225086,15.53664273669205,18.06448522231456,2
0.5,Mouse_470,13.0083,-2.984764816331891,15.53664273669205,18.52140755302394,2
0.5,Mouse_470,14.0083,-3.325866507208839,15.53664273669205,18.862509243900888,2
0.5,Mouse_470,15.0083,-4.113936922278421,15.53664273669205,19.65057965897047,2
0.5,Mouse_470,16.0083,-4.2457729344620105,15.53664273669205,19.782415671154062,2
0.5,Mouse_470,17.0083,-4.440211536552002,15.53664273669205,19.976854273244054,2
0.5,Mouse_470,18.0083,-4.695665978350169,15.53664273669205,20.23230871504222,2
0.5,Mouse_470,19.0083,-4.433526194269039,15.53664273669205,19.97016893096109,2
0.5,Mouse_470,20.0084,-4.166643998003807,15.53664273669205,19.70328673469586,2
0.5,Mouse_470,22.0084,-4.1063727006415025,15.53664273669205,19.643015437333553,2
0.5,Mouse_470,24.0084,-4.492263067262664,15.53664273669205,20.028905803954714,2
0.5,Mouse_470,26.0084,-4.027213841141283,15.53664273669205,19.563856577833334,2
0.5,Mouse_470,28.0084,-3.911356535646674,15.53664273669205,19.447999272338727,2
0.5,Mouse_470,30.0084,-3.879753174844016,15.53664273669205,19.416395911536068,2
0.5,Mouse_470,32.0084,-4.010173831390097,15.53664273669205,19.546816568082146,2
0.5,Mouse_470,34.0084,-3.5300385763503375,15.53664273669205,19.066681313042388,2
0.5,Mouse_470,36.0084,-4.544860684019925,15.53664273669205,20.081503420711975,2
0.5,Mouse_470,38.0084,-3.64702398167372,15.53664273669205,19.18366671836577,2
0.5,Mouse_470,40.0084,-3.6301345710954322,15.53664273669205,19.166777307787484,2
0.5,Mouse_470,45.0084,-4.0514673299755515,15.53664273669205,19.588110066667603,2
0.5,Mouse_470,48.0084,-4.104701566113958,15.53664273669205,19.64134430280601,2
0.5,Mouse_470,51.0084,-4.217632561024988,15.53664273669205,19.75427529771704,2
0.5,Mouse_470,54.0084,-4.3115498377007775,15.53664273669205,19.848192574392826,2
0.5,Mouse_470,57.0084,-4.410283663100492,15.53664273669205,19.94692639979254,2
0.5,Mouse_470,65.0084,-4.729056540021354,15.53664273669205,20.265699276713406,2
0.5,Mouse_470,70.0084,-5.117951786417647,15.53664273669205,20.654594523109697,2
0.5,Mouse_470,75.0084,-5.2000692802156605,15.53664273669205,20.736712016907713,2
0.5,Mouse_470,80.0084,-5.332075139432387,15.53664273669205,20.868717876124435,2
0.5,Mouse_470,85.0084,-5.399172342808576,15.53664273669205,20.935815079500628,2
0.5,Mouse_470,90.0084,-5.403001181157062,15.53664273669205,20.939643917849114,2
0.5,Mouse_470,95.0084,-5.496944571744222,15.53664273669205,21.033587308436275,2
0.5,Mouse_470,100.0084,-5.422204391282843,15.53664273669205,20.958847127974895,2
0.5,Mouse_470,105.0083,-5.703110289666608,15.53664273669205,21.23975302635866,2
0.5,Mouse_470,110.0083,-5.466979856917401,15.53664273669205,21.003622593609453,2
0.5,Mouse_470,115.0083,-5.590648579193772,15.53664273669205,21.127291315885824,2
0.5,Mouse_470,125.0083,-5.726590697032044,15.53664273669205,21.263233433724096,2
0.5,Mouse_470,135.0083,-5.59730500110997,15.53664273669205,21.13394773780202,2
0.5,Mouse_470,145.0083,-5.6348297859873195,15.53664273669205,21.17147252267937,2
0.5,Mouse_470,155.0083,-5.732997406423488,15.53664273669205,21.269640143115538,2
0.5,Mouse_470,165.0083,-5.580545936502854,15.53664273669205,21.117188673194903,2
0.5,Mouse_470,175.0083,-5.49809806488058,15.53664273669205,21.034740801572635,2
0.5,Mouse_470,185.0083,-5.589753887146454,15.53664273669205,21.126396623838506,2
0.5,Mouse_470,195.0083,-5.598382234834536,15.53664273669205,21.135024971526587,2
0.5,Mouse_470,205.0087,-5.614229029104048,15.53664273669205,21.1508717657961,2
0.5,Mouse_470,215.0087,-5.539837651824012,15.53664273669205,21.076480388516064,2
0.5,Mouse_470,225.0087,-5.657333765560834,15.53664273669205,21.193976502252884,2
0.5,Mouse_470,235.0087,-5.6118170092348105,15.53664273669205,21.14845974592686,2
0.5,Mouse_470,245.0087,-5.629766846299007,15.53664273669205,21.16640958299106,2
1.0,Mouse_328,0.5083,-1.3707351553229683,17.817247408126736,19.187982563449705,1
1.0,Mouse_328,1.0083,1.410517183620005,17.817247408126736,16.40673022450673,1
1.0,Mouse_328,1.5083,-2.9695921877629203,17.817247408126736,20.786839595889656,1
1.0,Mouse_328,2.0083,3.347675025290595,17.817247408126736,14.46957238283614,1
1.0,Mouse_328,2.5083,1.3118800965260604,17.817247408126736,16.505367311600676,1
1.0,Mouse_328,2.7583,1.530208226504886,17.817247408126736,16.28703918162185,1
1.0,Mouse_328,3.0083,2.259019301564095,17.817247408126736,15.55822810656264,1
1.0,Mouse_328,3.2583,4.736616904431601,17.817247408126736,13.080630503695136,1
1.0,Mouse_328,3.5083,5.191828665484042,17.817247408126736,12.625418742642694,1
1.0,Mouse_328,3.7583,6.940328049594294,17.817247408126736,10.876919358532442,1
1.0,Mouse_328,4.0083,5.344350839048211,17.817247408126736,12.472896569078523,1
1.0,Mouse_328,4.5083,1.8114788720663773,17.817247408126736,16.00576853606036,1
1.0,Mouse_328,5.0083,1.941564386916177,17.817247408126736,15.87568302121056,1
1.0,Mouse_328,5.5083,1.6856043065081572,17.817247408126736,16.13164310161858,1
1.0,Mouse_328,6.0083,0.1191272987015068,17.817247408126736,17.69812010942523,1
1.0,Mouse_328,6.5083,0.4730908082926852,17.817247408126736,17.34415659983405,1
1.0,Mouse_328,7.0083,-0.2025058637549897,17.817247408126736,18.01975327188173,1
1.0,Mouse_328,7.5083,-0.0714578886802854,17.817247408126736,17.88870529680702,1
1.0,Mouse_328,8.0083,0.0432047455818924,17.817247408126736,17.774042662544844,1
1.0,Mouse_328,8.5083,1.7460920204982315,17.817247408126736,16.071155387628504,1
1.0,Mouse_328,9.0083,0.9892628847919838,17.817247408126736,16.827984523334752,1
1.0,Mouse_328,9.5083,2.55816555371862,17.817247408126736,15.259081854408116,1
1.0,Mouse_328,10.0083,3.721243995946139,17.817247408126736,14.096003412180597,1
1.0,Mouse_328,11.0083,6.40169487403365,17.817247408126736,11.415552534093086,1
1.0,Mouse_328,12.0083,5.444207839918247,17.817247408126736,12.373039568208489,1
1.0,Mouse_328,13.0083,8.283984776537924,17.817247408126736,9.533262631588812,1
1.0,Mouse_328,14.0083,8.80114690752728,17.817247408126736,9.016100500599457,1
1.0,Mouse_328,15.0083,9.255677153781267,17.817247408126736,8.561570254345467,1
1.0,Mouse_328,16.0083,9.133690662923712,17.817247408126736,8.683556745203024,1
1.0,Mouse_328,17.0083,9.16888269511574,17.817247408126736,8.648364713010995,1
1.0,Mouse_328,18.0083,9.578157944580644,17.817247408126736,8.239089463546092,1
1.0,Mouse_328,19.0083,10.332822486181636,17.817247408126736,7.484424921945099,1
1.0,Mouse_328,20.0084,10.501143214131917,17.817247408126736,7.3161041939948195,1
1.0,Mouse_328,22.0084,10.852261927611725,17.817247408126736,6.964985480515011,1
1.0,Mouse_328,24.0084,11.257731411473433,17.817247408126736,6.559515996653303,1
1.0,Mouse_328,26.0084,11.629845765701631,17.817247408126736,6.187401642425103,1
1.0,Mouse_328,28.0084,11.94750280229347,17.817247408126736,5.869744605833264,1
1.0,Mouse_328,30.0084,12.248664777226216,17.817247408126736,5.568582630900519,1
1.0,Mouse_328,32.0084,12.742199510593055,17.817247408126736,5.075047897533678,1
1.0,Mouse_328,34.0084,12.829445441054506,17.817247408126736,4.987801967072229,1
1.0,Mouse_328,36.0084,12.888662754807466,17.817247408126736,4.92858465331927,1
1.0,Mouse_328,38.0084,13.147568405093647,17.817247408126736,4.669679003033088,1
1.0,Mouse_328,40.0084,13.254219416381035,17.817247408126736,4.5630279917457,1
1.0,Mouse_328,45.0084,13.432408531728086,17.817247408126736,4.384838876398649,1
1.0,Mouse_328,48.0084,13.53998327102627,17.817247408126736,4.277264137100467,1
1.0,Mouse_328,51.0084,13.595315564104716,17.817247408126736,4.221931844022019,1
1.0,Mouse_328,54.0084,13.626431666586356,17.817247408126736,4.190815741540381,1
1.0,Mouse_328,57.0084,13.639752458405503,17.817247408126736,4.177494949721233,1
1.0,Mouse_328,65.0084,13.846306056983789,17.817247408126736,3.9709413511429497,1
1.0,Mouse_328,70.0084,13.877494638563126,17.817247408126736,3.93975276956361,1
1.0,Mouse_328,75.0084,13.93523349848979,17.817247408126736,3.882013909636946,1
1.0,Mouse_328,80.0084,13.969040444394103,17.817247408126736,3.8482069637326304,1
1.0,Mouse_328,85.0084,14.019937750016094,17.817247408126736,3.7973096581106422,1
1.0,Mouse_328,90.0084,14.049169486535629,17.817247408126736,3.7680779215911056,1
1.0,Mouse_328,95.0084,14.090452692625064,17.817247408126736,3.726794715501673,1
1.0,Mouse_328,100.0084,14.070637576793352,17.817247408126736,3.7466098313333833,1
1.0,Mouse_328,105.0083,14.058813196323266,17.817247408126736,3.75843421180347,1
1.0,Mouse_328,110.0083,14.089362789343468,17.817247408126736,3.7278846187832686,1
1.0,Mouse_328,115.0083,14.085758146344151,17.817247408126736,3.731489261782583,1
1.0,Mouse_328,125.0083,14.09421857114569,17.817247408126736,3.723028836981046,1
1.0,Mouse_328,135.0083,14.083702276845788,17.817247408126736,3.733545131280949,1
1.0,Mouse_328,145.0083,14.07959114824826,17.817247408126736,3.737656259878478,1
1.0,Mouse_328,155.0083,14.078361056933282,17.817247408126736,3.738886351193453,1
1.0,Mouse_328,165.0083,14.024234605685166,17.817247408126736,3.793012802441569,1
1.0,Mouse_328,175.0083,14.022137685336793,17.817247408126736,3.795109722789944,1
1.0,Mouse_328,185.0083,14.045531784959856,17.817247408126736,3.77171562316688,1
1.0,Mouse_328,195.0083,14.000962062717637,17.817247408126736,3.816285345409101,1
1.0,Mouse_328,205.0087,13.980064434957,17.817247408126736,3.8371829731697344,1
1.0,Mouse_328,215.0087,13.937308635142536,17.817247408126736,3.879938772984199,1
1.0,Mouse_328,225.0087,13.953797507875736,17.817247408126736,3.863449900251,1
1.0,Mouse_328,235.0087,13.893017195382823,17.817247408126736,3.924230212743912,1
1.0,Mouse_328,245.0087,13.829834530096624,17.817247408126736,3.987412878030114,1
1.0,Mouse_331,0.5083,-1.688736617750503,16.563462099145582,18.252198716896086,2
1.0,Mouse_331,1.0083,3.0615427852890544,16.563462099145582,13.501919313856527,2
1.0,Mouse_331,1.5083,2.0225817934536123,16.563462099145582,14.540880305691969,2
1.0,Mouse_331,2.0083,7.750762743459461,16.563462099145582,8.81269935568612,2
1.0,Mouse_331,2.5083,9.16635123819045,16.563462099145582,7.397110860955133,2
1.0,Mouse_331,2.7583,5.027761392946504,16.563462099145582,11.535700706199078,2
1.0,Mouse_331,3.0083,7.30899578032275,16.563462099145582,9.254466318822832,2
1.0,Mouse_331,3.2583,6.799496917248483,16.563462099145582,9.763965181897099,2
1.0,Mouse_331,3.5083,6.847506685998688,16.563462099145582,9.715955413146892,2
1.0,Mouse_331,3.7583,7.999211837610497,16.563462099145582,8.564250261535085,2
1.0,Mouse_331,4.0083,8.226901357608202,16.563462099145582,8.336560741537381,2
1.0,Mouse_331,4.5083,3.623434906433496,16.563462099145582,12.940027192712087,2
1.0,Mouse_331,5.0083,3.690978395699039,16.563462099145582,12.872483703446543,2
1.0,Mouse_331,5.5083,2.895704371805494,16.563462099145582,13.667757727340085,2
1.0,Mouse_331,6.0083,0.6603583909581241,16.563462099145582,15.903103708187455,2
1.0,Mouse_331,6.5083,0.15777835091802583,16.563462099145582,16.405683748227556,2
1.0,Mouse_331,7.0083,-1.4592852563034047,16.563462099145582,18.022747355448985,2
1.0,Mouse_331,7.5083,-1.050850428834852,16.563462099145582,17.614312527980434,2
1.0,Mouse_331,8.0083,-1.6541858051820384,16.563462099145582,18.21764790432762,2
1.0,Mouse_331,8.5083,-2.435205574311432,16.563462099145582,18.998667673457014,2
1.0,Mouse_331,9.0083,-1.078554832933988,16.563462099145582,17.64201693207957,2
1.0,Mouse_331,9.5083,-1.8314463937723735,16.563462099145582,18.394908492917956,2
1.0,Mouse_331,10.0083,-1.4349747986915684,16.563462099145582,17.99843689783715,2
1.0,Mouse_331,11.0083,1.1469068173728973,16.563462099145582,15.416555281772686,2
1.0,Mouse_331,12.0083,0.7231526316528651,16.563462099145582,15.840309467492716,2
1.0,Mouse_331,13.0083,3.151066810895081,16.563462099145582,13.412395288250503,2
1.0,Mouse_331,14.0083,4.019452617895553,16.563462099145582,12.54400948125003,2
1.0,Mouse_331,15.0083,4.776445274230991,16.563462099145582,11.78701682491459,2
1.0,Mouse_331,16.0083,5.396523989404931,16.563462099145582,11.166938109740652,2
1.0,Mouse_331,17.0083,5.7516593629264925,16.563462099145582,10.81180273621909,2
1.0,Mouse_331,18.0083,6.2750603820152415,16.563462099145582,10.288401717130341,2
1.0,Mouse_331,19.0083,6.892943609926632,16.563462099145582,9.670518489218951,2
1.0,Mouse_331,20.0084,7.398257510823104,16.563462099145582,9.165204588322478,2
1.0,Mouse_331,22.0084,8.20207391503331,16.563462099145582,8.361388184112272,2
1.0,Mouse_331,24.0084,8.442113135480756,16.563462099145582,8.121348963664826,2
1.0,Mouse_331,26.0084,8.852522181583295,16.563462099145582,7.710939917562287,2
1.0,Mouse_331,28.0084,8.944747989988684,16.563462099145582,7.6187141091568975,2
1.0,Mouse_331,30.0084,9.182511627927818,16.563462099145582,7.380950471217764,2
1.0,Mouse_331,32.0084,9.385502869452722,16.563462099145582,7.177959229692859,2
1.0,Mouse_331,34.0084,9.544551796043711,16.563462099145582,7.018910303101871,2
1.0,Mouse_331,36.0084,9.566744364882897,16.563462099145582,6.996717734262684,2
1.0,Mouse_331,38.0084,9.687620323125124,16.563462099145582,6.875841776020458,2
1.0,Mouse_331,40.0084,9.673869057826142,16.563462099145582,6.889593041319438,2
1.0,Mouse_331,45.0084,9.789708877351323,16.563462099145582,6.773753221794259,2
1.0,Mouse_331,48.0084,9.70965643221257,16.563462099145582,6.853805666933011,2
1.0,Mouse_331,51.0084,9.704025063446888,16.563462099145582,6.859437035698693,2
1.0,Mouse_331,54.0084,9.705955498919941,16.563462099145582,6.857506600225641,2
1.0,Mouse_331,57.0084,9.60913902506653,16.563462099145582,6.954323074079053,2
1.0,Mouse_331,65.0084,9.54851882923113,16.563462099145582,7.014943269914452,2
1.0,Mouse_331,70.0084,9.498903626912814,16.563462099145582,7.0645584722327674,2
1.0,Mouse_331,75.0084,9.412170088605215,16.563462099145582,7.151292010540365,2
1.0,Mouse_331,80.0084,9.400811118245539,16.563462099145582,7.162650980900042,2
1.0,Mouse_331,85.0084,9.290108389813819,16.563462099145582,7.273353709331763,2
1.0,Mouse_331,90.0084,9.304717988845406,16.563462099145582,7.258744110300176,2
1.0,Mouse_331,95.0084,9.212230550525137,16.563462099145582,7.351231548620445,2
1.0,Mouse_331,100.0084,9.222109291945385,16.563462099145582,7.341352807200197,2
1.0,Mouse_331,105.0083,9.142771370729063,16.563462099145582,7.420690728416519,2
1.0,Mouse_331,110.0083,9.160532175444015,16.563462099145582,7.402929923701567,2
1.0,Mouse_331,115.0083,9.178013401778625,16.563462099145582,7.385448697366957,2
1.0,Mouse_331,125.0083,9.000759831415436,16.563462099145582,7.562702267730145,2
1.0,Mouse_331,135.0083,8.956852193786974,16.563462099145582,7.606609905358608,2
1.0,Mouse_331,145.0083,8.862441131106007,16.563462099145582,7.701020968039577,2
1.0,Mouse_331,155.0083,8.771514568517311,16.563462099145582,7.7919475306282715,2
1.0,Mouse_331,165.0083,8.706034638935314,16.563462099145582,7.857427460210268,2
1.0,Mouse_331,175.0083,8.650962313220747,16.563462099145582,7.912499785924836,2
1.0,Mouse_331,185.0083,8.60838524309683,16.563462099145582,7.955076856048752,2
1.0,Mouse_331,195.0083,8.505497789464828,16.563462099145582,8.057964309680752,2
1.0,Mouse_331,205.0087,8.402445079375585,16.563462099145582,8.161017019769996,2
1.0,Mouse_331,215.0087,8.382135898990152,16.563462099145582,8.18132620015543,2
1.0,Mouse_331,225.0087,8.276295213763133,16.563462099145582,8.28716688538245,2
1.0,Mouse_331,235.0087,8.218085173544353,16.563462099145582,8.345376925601228,2
1.0,Mouse_331,245.0087,8.090561719401306,16.563462099145582,8.472900379744276,2
1.0,Mouse_333,0.5083,1.7466660412091635,11.554873298402438,9.808207257193274,2
1.0,Mouse_333,1.0083,-1.811728696463983,11.554873298402438,13.366601994866421,2
1.0,Mouse_333,1.5083,2.5660566374608917,11.554873298402438,8.988816660941545,2
1.0,Mouse_333,2.0083,2.3148376754387923,11.554873298402438,9.240035622963646,2
1.0,Mouse_333,2.5083,1.9375695336219307,11.554873298402438,9.617303764780507,2
1.0,Mouse_333,2.7583,1.0425430248732788,11.554873298402438,10.512330273529159,2
1.0,Mouse_333,3.0083,3.862035333645221,11.554873298402438,7.692837964757217,2
1.0,Mouse_333,3.2583,3.878086745763782,11.554873298402438,7.676786552638656,2
1.0,Mouse_333,3.5083,3.551481877323394,11.554873298402438,8.003391421079042,2
1.0,Mouse_333,3.7583,6.092450563737502,11.554873298402438,5.462422734664935,2
1.0,Mouse_333,4.0083,5.04160725396938,11.554873298402438,6.513266044433058,2
1.0,Mouse_333,4.5083,1.4087147425306337,11.554873298402438,10.146158555871803,2
1.0,Mouse_333,5.0083,1.556016921638853,11.554873298402438,9.998856376763584,2
1.0,Mouse_333,5.5083,1.824962357486108,11.554873298402438,9.72991094091633,2
1.0,Mouse_333,6.0083,-0.08420373011984861,11.554873298402438,11.639077028522287,2
1.0,Mouse_333,6.5083,0.06953118187253526,11.554873298402438,11.485342116529903,2
1.0,Mouse_333,7.0083,-0.3930620631397561,11.554873298402438,11.947935361542193,2
1.0,Mouse_333,7.5083,-0.02260576107256629,11.554873298402438,11.577479059475003,2
1.0,Mouse_333,8.0083,-0.5331951389896792,11.554873298402438,12.088068437392117,2
1.0,Mouse_333,8.5083,1.3261175873323614,11.554873298402438,10.228755711070075,2
1.0,Mouse_333,9.0083,0.39833926749236426,11.554873298402438,11.156534030910073,2
1.0,Mouse_333,9.5083,1.7346683862768657,11.554873298402438,9.820204912125572,2
1.0,Mouse_333,10.0083,2.7917515572500755,11.554873298402438,8.763121741152363,2
1.0,Mouse_333,11.0083,4.484238366097692,11.554873298402438,7.0706349323047455,2
1.0,Mouse_333,12.0083,3.518085268237053,11.554873298402438,8.036788030165384,2
1.0,Mouse_333,13.0083,5.269964268071179,11.554873298402438,6.284909030331258,2
1.0,Mouse_333,14.0083,5.525366271088984,11.554873298402438,6.029507027313453,2
1.0,Mouse_333,15.0083,5.916120093507373,11.554873298402438,5.638753204895065,2
1.0,Mouse_333,16.0083,6.206627777678017,11.554873298402438,5.3482455207244195,2
1.0,Mouse_333,17.0083,6.517220306230737,11.554873298402438,5.037652992171701,2
1.0,Mouse_333,18.0083,6.917048625993687,11.554873298402438,4.63782467240875,2
1.0,Mouse_333,19.0083,7.21378701499631,11.554873298402438,4.341086283406128,2
1.0,Mouse_333,20.0084,7.198902873029926,11.554873298402438,4.355970425372512,2
1.0,Mouse_333,22.0084,7.3443807025806125,11.554873298402438,4.210492595821825,2
1.0,Mouse_333,24.0084,7.115679343088212,11.554873298402438,4.4391939553142254,2
1.0,Mouse_333,26.0084,6.998741805871226,11.554873298402438,4.556131492531212,2
1.0,Mouse_333,28.0084,6.6902635158237995,11.554873298402438,4.864609782578639,2
1.0,Mouse_333,30.0084,6.328149618112681,11.554873298402438,5.226723680289757,2
1.0,Mouse_333,32.0084,5.984935679605338,11.554873298402438,5.569937618797099,2
1.0,Mouse_333,34.0084,5.766656828199118,11.554873298402438,5.788216470203319,2
1.0,Mouse_333,36.0084,5.539982452187468,11.554873298402438,6.0148908462149695,2
1.0,Mouse_333,38.0084,5.6994139607329934,11.554873298402438,5.855459337669444,2
1.0,Mouse_333,40.0084,5.491258790520408,11.554873298402438,6.063614507882029,2
1.0,Mouse_333,45.0084,5.187076647978204,11.554873298402438,6.367796650424235,2
1.0,Mouse_333,48.0084,5.277927395799487,11.554873298402438,6.27694590260295,2
1.0,Mouse_333,51.0084,5.31012149730759,11.554873298402438,6.244751801094847,2
1.0,Mouse_333,54.0084,5.196680685180163,11.554873298402438,6.358192613222275,2
1.0,Mouse_333,57.0084,5.40063280155602,11.554873298402438,6.154240496846418,2
1.0,Mouse_333,65.0084,5.490604737388765,11.554873298402438,6.064268561013672,2
1.0,Mouse_333,70.0084,5.583953028317251,11.554873298402438,5.970920270085187,2
1.0,Mouse_333,75.0084,5.5265127578686,11.554873298402438,6.028360540533837,2
1.0,Mouse_333,80.0084,5.533873210189195,11.554873298402438,6.021000088213244,2
1.0,Mouse_333,85.0084,5.593887461870468,11.554873298402438,5.96098583653197,2
1.0,Mouse_333,90.0084,5.573736271579175,11.554873298402438,5.981137026823263,2
1.0,Mouse_333,95.0084,5.521872641425764,11.554873298402438,6.033000656976673,2
1.0,Mouse_333,100.0084,5.588309322045474,11.554873298402438,5.966563976356964,2
1.0,Mouse_333,105.0083,5.6890934253513255,11.554873298402438,5.865779873051112,2
1.0,Mouse_333,110.0083,5.651689432649987,11.554873298402438,5.9031838657524505,2
1.0,Mouse_333,115.0083,5.5981444409915735,11.554873298402438,5.956728857410865,2
1.0,Mouse_333,125.0083,5.683603822491575,11.554873298402438,5.871269475910863,2
1.0,Mouse_333,135.0083,5.661042891214782,11.554873298402438,5.893830407187656,2
1.0,Mouse_333,145.0083,5.626227482568151,11.554873298402438,5.928645815834287,2
1.0,Mouse_333,155.0083,5.675012127821041,11.554873298402438,5.879861170581396,2
1.0,Mouse_333,165.0083,5.624388343768417,11.554873298402438,5.930484954634021,2
1.0,Mouse_333,175.0083,5.603800533469178,11.554873298402438,5.95107276493326,2
1.0,Mouse_333,185.0083,5.689166079039966,11.554873298402438,5.865707219362472,2
1.0,Mouse_333,195.0083,5.708756669406955,11.554873298402438,5.846116628995483,2
1.0,Mouse_333,205.0087,5.7629459847288445,11.554873298402438,5.791927313673593,2
1.0,Mouse_333,215.0087,5.7554269084446465,11.554873298402438,5.799446389957791,2
1.0,Mouse_333,225.0087,5.7093605153075675,11.554873298402438,5.84551278309487,2
1.0,Mouse_333,235.0087,5.736803108252781,11.554873298402438,5.8180701901496565,2
1.0,Mouse_333,245.0087,5.780406568874374,11.554873298402438,5.774466729528063,2
1.0,Mouse_394,0.5083,-1.5307448146177638,17.617484599517294,19.14822941413506,2
1.0,Mouse_394,1.0083,-3.9602514115630427,17.617484599517294,21.577736011080336,2
1.0,Mouse_394,1.5083,2.2231187201458633,17.617484599517294,15.394365879371431,2
1.0,Mouse_394,2.0083,1.959965523987555,17.617484599517294,15.657519075529738,2
1.0,Mouse_394,2.5083,7.6181443314635375,17.617484599517294,9.999340268053757,2
1.0,Mouse_394,2.7583,4.314274861796733,17.617484599517294,13.303209737720561,2
1.0,Mouse_394,3.0083,4.916029440945155,17.617484599517294,12.701455158572138,2
1.0,Mouse_394,3.2583,4.102060018858098,17.617484599517294,13.515424580659195,2
1.0,Mouse_394,3.5083,6.250666982887021,17.617484599517294,11.366817616630271,2
1.0,Mouse_394,3.7583,7.690409732430082,17.617484599517294,9.927074867087212,2
1.0,Mouse_394,4.0083,6.5290315179677885,17.617484599517294,11.088453081549506,2
1.0,Mouse_394,4.5083,5.540840644380911,17.617484599517294,12.076643955136383,2
1.0,Mouse_394,5.0083,5.882535853952921,17.617484599517294,11.734948745564374,2
1.0,Mouse_394,5.5083,5.6796330299294215,17.617484599517294,11.937851569587872,2
1.0,Mouse_394,6.0083,5.687196118170443,17.617484599517294,11.93028848134685,2
1.0,Mouse_394,6.5083,5.810217806755253,17.617484599517294,11.807266792762041,2
1.0,Mouse_394,7.0083,5.865742964561784,17.617484599517294,11.75174163495551,2
1.0,Mouse_394,7.5083,5.525666331095848,17.617484599517294,12.091818268421445,2
1.0,Mouse_394,8.0083,6.815335540175824,17.617484599517294,10.80214905934147,2
1.0,Mouse_394,8.5083,8.079657108920719,17.617484599517294,9.537827490596575,2
1.0,Mouse_394,9.0083,7.720580597452341,17.617484599517294,9.896904002064954,2
1.0,Mouse_394,9.5083,8.707654566639578,17.617484599517294,8.909830032877714,2
1.0,Mouse_394,10.0083,9.701670593459689,17.617484599517294,7.915814006057607,2
1.0,Mouse_394,11.0083,10.807816697551841,17.617484599517294,6.809667901965451,2
1.0,Mouse_394,12.0083,10.929893741592053,17.617484599517294,6.68759085792524,2
1.0,Mouse_394,13.0083,11.783080445595454,17.617484599517294,5.83440415392184,2
1.0,Mouse_394,14.0083,11.895044708172524,17.617484599517294,5.72243989134477,2
1.0,Mouse_394,15.0083,11.974843382555921,17.617484599517294,5.642641216961372,2
1.0,Mouse_394,16.0083,12.11352655634095,17.617484599517294,5.503958043176343,2
1.0,Mouse_394,17.0083,12.134109468423322,17.617484599517294,5.483375131093974,2
1.0,Mouse_394,18.0083,12.182540852382841,17.617484599517294,5.434943747134453,2
1.0,Mouse_394,19.0083,12.290941772110495,17.617484599517294,5.326542827406799,2
1.0,Mouse_394,20.0084,12.376903952230222,17.617484599517294,5.240580647287073,2
1.0,Mouse_394,22.0084,12.315935733157373,17.617484599517294,5.301548866359921,2
1.0,Mouse_394,24.0084,12.103379848967753,17.617484599517294,5.51410475054954,2
1.0,Mouse_394,26.0084,12.185951855189023,17.617484599517294,5.431532744328271,2
1.0,Mouse_394,28.0084,12.008446990113697,17.617484599517294,5.609037609403597,2
1.0,Mouse_394,30.0084,11.903928876458087,17.617484599517294,5.7135557230592084,2
1.0,Mouse_394,32.0084,11.84973468345945,17.617484599517294,5.767749916057844,2
1.0,Mouse_394,34.0084,11.942914562797842,17.617484599517294,5.674570036719453,2
1.0,Mouse_394,36.0084,11.618354763678266,17.617484599517294,5.999129835839026,2
1.0,Mouse_394,38.0084,11.887368687802518,17.617484599517294,5.730115911714776,2
1.0,Mouse_394,40.0084,11.853506716391436,17.617484599517294,5.763977883125858,2
1.0,Mouse_394,45.0084,11.752364115523449,17.617484599517294,5.865120483993844,2
1.0,Mouse_394,48.0084,11.71349674258373,17.617484599517294,5.903987856933563,2
1.0,Mouse_394,51.0084,11.740756874218174,17.617484599517294,5.876727725299121,2
1.0,Mouse_394,54.0084,11.650800709229344,17.617484599517294,5.96668389028795,2
1.0,Mouse_394,57.0084,11.743005019457124,17.617484599517294,5.87447958006017,2
1.0,Mouse_394,65.0084,11.756773566355145,17.617484599517294,5.860711033162151,2
1.0,Mouse_394,70.0084,11.737012375947147,17.617484599517294,5.880472223570146,2
1.0,Mouse_394,75.0084,11.67067806605363,17.617484599517294,5.946806533463663,2
1.0,Mouse_394,80.0084,11.584053749683541,17.617484599517294,6.0334308498337546,2
1.0,Mouse_394,85.0084,11.506794750991396,17.617484599517294,6.110689848525896,2
1.0,Mouse_394,90.0084,11.492522651538035,17.617484599517294,6.124961947979259,2
1.0,Mouse_394,95.0084,11.277588804373341,17.617484599517294,6.339895795143954,2
1.0,Mouse_394,100.0084,11.33238362267311,17.617484599517294,6.285100976844184,2
1.0,Mouse_394,105.0083,11.311860148356585,17.617484599517294,6.305624451160709,2
1.0,Mouse_394,110.0083,11.180010998819101,17.617484599517294,6.437473600698193,2
1.0,Mouse_394,115.0083,11.220709346553791,17.617484599517294,6.396775252963502,2
1.0,Mouse_394,125.0083,10.93790376667246,17.617484599517294,6.679580832844834,2
1.0,Mouse_394,135.0083,10.899397031856633,17.617484599517294,6.71808756766066,2
1.0,Mouse_394,145.0083,10.732473476400044,17.617484599517294,6.88501112311725,2
1.0,Mouse_394,155.0083,10.527161262589601,17.617484599517294,7.090323336927693,2
1.0,Mouse_394,165.0083,10.415628296243796,17.617484599517294,7.201856303273498,2
1.0,Mouse_394,175.0083,10.265351768159672,17.617484599517294,7.352132831357622,2
1.0,Mouse_394,185.0083,10.179364511324241,17.617484599517294,7.4381200881930525,2
1.0,Mouse_394,195.0083,10.014105496927675,17.617484599517294,7.603379102589619,2
1.0,Mouse_394,205.0087,9.912115009272213,17.617484599517294,7.705369590245082,2
1.0,Mouse_394,215.0087,9.764772850654891,17.617484599517294,7.8527117488624025,2
1.0,Mouse_394,225.0087,9.608305331363407,17.617484599517294,8.009179268153886,2
1.0,Mouse_394,235.0087,9.509647848715161,17.617484599517294,8.10783675080213,2
1.0,Mouse_394,245.0087,9.368860696462246,17.617484599517294,8.248623903055048,2
1.0,Mouse_401,0.5083,-1.7076536226288201,16.244475221277494,17.952128843906312,2
1.0,Mouse_401,1.0083,-4.118571584048982,16.244475221277494,20.363046805326476,2
1.0,Mouse_401,1.5083,0.23177998232460695,16.244475221277494,16.012695238952887,2
1.0,Mouse_401,2.0083,6.398008504722796,16.244475221277494,9.846466716554696,2
1.0,Mouse_401,2.5083,6.7364677056693685,16.244475221277494,9.508007515608124,2
1.0,Mouse_401,2.7583,1.2610495813295062,16.244475221277494,14.983425639947985,2
1.0,Mouse_401,3.0083,4.13621054565612,16.244475221277494,12.108264675621374,2
1.0,Mouse_401,3.2583,5.377931572493661,16.244475221277494,10.866543648783832,2
1.0,Mouse_401,3.5083,5.278755266707224,16.244475221277494,10.965719954570268,2
1.0,Mouse_401,3.7583,5.1516480571031,16.244475221277494,11.092827164174393,2
1.0,Mouse_401,4.0083,6.162037918320598,16.244475221277494,10.082437302956896,2
1.0,Mouse_401,4.5083,3.8154782779732184,16.244475221277494,12.428996943304274,2
1.0,Mouse_401,5.0083,4.9878716999266635,16.244475221277494,11.25660352135083,2
1.0,Mouse_401,5.5083,4.2261069127146635,16.244475221277494,12.01836830856283,2
1.0,Mouse_401,6.0083,2.5153604939081404,16.244475221277494,13.729114727369353,2
1.0,Mouse_401,6.5083,2.601384544763858,16.244475221277494,13.643090676513637,2
1.0,Mouse_401,7.0083,0.7600197458702018,16.244475221277494,15.484455475407291,2
1.0,Mouse_401,7.5083,0.2008879384167388,16.244475221277494,16.043587282860752,2
1.0,Mouse_401,8.0083,-0.2010987904220769,16.244475221277494,16.44557401169957,2
1.0,Mouse_401,8.5083,0.49722504023481484,16.244475221277494,15.74725018104268,2
1.0,Mouse_401,9.0083,1.6625503253502147,16.244475221277494,14.58192489592728,2
1.0,Mouse_401,9.5083,2.182255734914098,16.244475221277494,14.062219486363395,2
1.0,Mouse_401,10.0083,2.8523933064296716,16.244475221277494,13.392081914847822,2
1.0,Mouse_401,11.0083,4.339571650572731,16.244475221277494,11.90490357070476,2
1.0,Mouse_401,12.0083,4.063449264499529,16.244475221277494,12.181025956777964,2
1.0,Mouse_401,13.0083,6.795898488582582,16.244475221277494,9.448576732694912,2
1.0,Mouse_401,14.0083,7.671243749026692,16.244475221277494,8.573231472250802,2
1.0,Mouse_401,15.0083,8.28990369351879,16.244475221277494,7.954571527758703,2
1.0,Mouse_401,16.0083,8.719540198417548,16.244475221277494,7.524935022859946,2
1.0,Mouse_401,17.0083,8.717595676969822,16.244475221277494,7.526879544307672,2
1.0,Mouse_401,18.0083,9.032175549779023,16.244475221277494,7.212299671498468,2
1.0,Mouse_401,19.0083,9.045644930968379,16.244475221277494,7.198830290309113,2
1.0,Mouse_401,20.0084,9.462742457028146,16.244475221277494,6.781732764249346,2
1.0,Mouse_401,22.0084,9.519181778591129,16.244475221277494,6.725293442686362,2
1.0,Mouse_401,24.0084,9.568527325140662,16.244475221277494,6.675947896136833,2
1.0,Mouse_401,26.0084,9.58032355663697,16.244475221277494,6.6641516646405226,2
1.0,Mouse_401,28.0084,9.580511147363868,16.244475221277494,6.663964073913625,2
1.0,Mouse_401,30.0084,9.516158808755895,16.244475221277494,6.728316412521598,2
1.0,Mouse_401,32.0084,9.464861754742987,16.244475221277494,6.779613466534506,2
1.0,Mouse_401,34.0084,9.42037784766212,16.244475221277494,6.8240973736153725,2
1.0,Mouse_401,36.0084,9.299647556617199,16.244475221277494,6.944827664660294,2
1.0,Mouse_401,38.0084,9.476682831036987,16.244475221277494,6.767792390240506,2
1.0,Mouse_401,40.0084,9.351093300364408,16.244475221277494,6.893381920913087,2
1.0,Mouse_401,45.0084,9.181989191059637,16.244475221277494,7.062486030217856,2
1.0,Mouse_401,48.0084,9.107406199380716,16.244475221277494,7.137069021896776,2
1.0,Mouse_401,51.0084,9.134015980743602,16.244475221277494,7.11045924053389,2
1.0,Mouse_401,54.0084,9.070473943870114,16.244475221277494,7.1740012774073785,2
1.0,Mouse_401,57.0084,8.954932639649526,16.244475221277494,7.289542581627966,2
1.0,Mouse_401,65.0084,8.946005372668566,16.244475221277494,7.298469848608929,2
1.0,Mouse_401,70.0084,8.932169088296313,16.244475221277494,7.31230613298118,2
1.0,Mouse_401,75.0084,8.854353992928266,16.244475221277494,7.390121228349226,2
1.0,Mouse_401,80.0084,8.86115430823503,16.244475221277494,7.383320913042463,2
1.0,Mouse_401,85.0084,8.819854012480441,16.244475221277494,7.424621208797052,2
1.0,Mouse_401,90.0084,8.887092351467526,16.244475221277494,7.357382869809966,2
1.0,Mouse_401,95.0084,8.89367847469525,16.244475221277494,7.350796746582245,2
1.0,Mouse_401,100.0084,8.94321261120971,16.244475221277494,7.301262610067783,2
1.0,Mouse_401,105.0083,8.934506424797686,16.244475221277494,7.309968796479808,2
1.0,Mouse_401,110.0083,9.044765647559643,16.244475221277494,7.199709573717849,2
1.0,Mouse_401,115.0083,8.997887573301387,16.244475221277494,7.246587647976105,2
1.0,Mouse_401,125.0083,9.026409409071267,16.244475221277494,7.218065812206228,2
1.0,Mouse_401,135.0083,9.058410049123031,16.244475221277494,7.186065172154461,2
1.0,Mouse_401,145.0083,9.023214055393048,16.244475221277494,7.221261165884446,2
1.0,Mouse_401,155.0083,9.124812383746967,16.244475221277494,7.119662837530525,2
1.0,Mouse_401,165.0083,9.137705167864384,16.244475221277494,7.106770053413109,2
1.0,Mouse_401,175.0083,9.221924009462796,16.244475221277494,7.022551211814696,2
1.0,Mouse_401,185.0083,9.203323047188547,16.244475221277494,7.0411521740889444,2
1.0,Mouse_401,195.0083,9.299136442920679,16.244475221277494,6.945338778356813,2
1.0,Mouse_401,205.0087,9.311434148300108,16.244475221277494,6.9330410729773835,2
1.0,Mouse_401,215.0087,9.377705126536414,16.244475221277494,6.866770094741079,2
1.0,Mouse_401,225.0087,9.34815899369331,16.244475221277494,6.896316227584184,2
1.0,Mouse_401,235.0087,9.409908629293067,16.244475221277494,6.834566591984427,2
1.0,Mouse_401,245.0087,9.434791491371533,16.244475221277494,6.809683729905959,2
1.0,Mouse_460,0.5083,-2.395620995631445,12.789727301089073,15.18534829672052,2
1.0,Mouse_460,1.0083,2.9936447490180678,12.789727301089073,9.796082552071006,2
1.0,Mouse_460,1.5083,2.7766284026297403,12.789727301089073,10.013098898459333,2
1.0,Mouse_460,2.0083,3.643688978882743,12.789727301089073,9.146038322206332,2
1.0,Mouse_460,2.5083,3.200928334075271,12.789727301089073,9.588798967013803,2
1.0,Mouse_460,2.7583,2.2516011014962882,12.789727301089073,10.538126199592785,2
1.0,Mouse_460,3.0083,1.7083200919886143,12.789727301089073,11.08140720910046,2
1.0,Mouse_460,3.2583,2.509880888029212,12.789727301089073,10.279846413059861,2
1.0,Mouse_460,3.5083,4.012957864535201,12.789727301089073,8.776769436553872,2
1.0,Mouse_460,3.7583,4.864202323895961,12.789727301089073,7.9255249771931116,2
1.0,Mouse_460,4.0083,4.090044707942283,12.789727301089073,8.69968259314679,2
1.0,Mouse_460,4.5083,0.4046234508882715,12.789727301089073,12.385103850200803,2
1.0,Mouse_460,5.0083,0.5196762586193975,12.789727301089073,12.270051042469676,2
1.0,Mouse_460,5.5083,0.05831481038255859,12.789727301089073,12.731412490706514,2
1.0,Mouse_460,6.0083,-0.6050874103570116,12.789727301089073,13.394814711446084,2
1.0,Mouse_460,6.5083,-0.5186221740203649,12.789727301089073,13.308349475109438,2
1.0,Mouse_460,7.0083,-0.16836934864322384,12.789727301089073,12.958096649732298,2
1.0,Mouse_460,7.5083,-0.17702487523044574,12.789727301089073,12.96675217631952,2
1.0,Mouse_460,8.0083,1.3436567520692613,12.789727301089073,11.446070549019813,2
1.0,Mouse_460,8.5083,2.3084166256289573,12.789727301089073,10.481310675460115,2
1.0,Mouse_460,9.0083,2.407290400863901,12.789727301089073,10.382436900225173,2
1.0,Mouse_460,9.5083,4.042380262235574,12.789727301089073,8.7473470388535,2
1.0,Mouse_460,10.0083,5.768081003874322,12.789727301089073,7.021646297214752,2
1.0,Mouse_460,11.0083,6.967778779393175,12.789727301089073,5.821948521695901,2
1.0,Mouse_460,12.0083,7.325052498767803,12.789727301089073,5.464674802321271,2
1.0,Mouse_460,13.0083,7.861654779766292,12.789727301089073,4.9280725213227825,2
1.0,Mouse_460,14.0083,7.914346222315756,12.789727301089073,4.875381078773318,2
1.0,Mouse_460,15.0083,8.102368566934988,12.789727301089073,4.687358734154085,2
1.0,Mouse_460,16.0083,8.10476314901059,12.789727301089073,4.684964152078482,2
1.0,Mouse_460,17.0083,8.325267304357507,12.789727301089073,4.464459996731566,2
1.0,Mouse_460,18.0083,8.3465199354252,12.789727301089073,4.4432073656638735,2
1.0,Mouse_460,19.0083,8.564589879884485,12.789727301089073,4.225137421204589,2
1.0,Mouse_460,20.0084,8.296197780173124,12.789727301089073,4.493529520915949,2
1.0,Mouse_460,22.0084,8.198017939728777,12.789727301089073,4.591709361360297,2
1.0,Mouse_460,24.0084,7.818784298149658,12.789727301089073,4.970943002939416,2
1.0,Mouse_460,26.0084,7.867913417789847,12.789727301089073,4.921813883299228,2
1.0,Mouse_460,28.0084,7.597915703767718,12.789727301089073,5.1918115973213546,2
1.0,Mouse_460,30.0084,7.585630770048518,12.789727301089073,5.204096531040555,2
1.0,Mouse_460,32.0084,7.719191813723245,12.789727301089073,5.07053548736583,2
1.0,Mouse_460,34.0084,7.739703990052085,12.789727301089073,5.050023311036989,2
1.0,Mouse_460,36.0084,7.894565908955331,12.789727301089073,4.895161392133742,2
1.0,Mouse_460,38.0084,7.959161321274202,12.789727301089073,4.830565979814873,2
1.0,Mouse_460,40.0084,8.00681347781303,12.789727301089073,4.7829138232760435,2
1.0,Mouse_460,45.0084,8.129406448694656,12.789727301089073,4.660320852394419,2
1.0,Mouse_460,48.0084,8.08989620624839,12.789727301089073,4.699831094840683,2
1.0,Mouse_460,51.0084,8.150424879499411,12.789727301089073,4.639302421589663,2
1.0,Mouse_460,54.0084,8.160582170993527,12.789727301089073,4.629145130095548,2
1.0,Mouse_460,57.0084,8.030160331969384,12.789727301089073,4.759566969119689,2
1.0,Mouse_460,65.0084,7.982998955414358,12.789727301089073,4.806728345674716,2
1.0,Mouse_460,70.0084,7.834524931973228,12.789727301089073,4.955202369115845,2
1.0,Mouse_460,75.0084,7.762793328680731,12.789727301089073,5.026933972408342,2
1.0,Mouse_460,80.0084,7.673652223972276,12.789727301089073,5.116075077116799,2
1.0,Mouse_460,85.0084,7.614833672678334,12.789727301089073,5.174893628410739,2
1.0,Mouse_460,90.0084,7.567713016337876,12.789727301089073,5.222014284751198,2
1.0,Mouse_460,95.0084,7.463639388499338,12.789727301089073,5.326087912589735,2
1.0,Mouse_460,100.0084,7.457885777934162,12.789727301089073,5.331841523154912,2
1.0,Mouse_460,105.0083,7.328729670724704,12.789727301089073,5.4609976303643695,2
1.0,Mouse_460,110.0083,7.332513928007305,12.789727301089073,5.45721337308177,2
1.0,Mouse_460,115.0083,7.257404520760705,12.789727301089073,5.53232278032837,2
1.0,Mouse_460,125.0083,7.140032277104838,12.789727301089073,5.649695023984236,2
1.0,Mouse_460,135.0083,7.0571650276076525,12.789727301089073,5.732562273481421,2
1.0,Mouse_460,145.0083,7.036931717753264,12.789727301089073,5.752795583335811,2
1.0,Mouse_460,155.0083,6.925008188543254,12.789727301089073,5.864719112545819,2
1.0,Mouse_460,165.0083,6.899368743246203,12.789727301089073,5.89035855784287,2
1.0,Mouse_460,175.0083,6.804873726781201,12.789727301089073,5.9848535743078735,2
1.0,Mouse_460,185.0083,6.815208864794556,12.789727301089073,5.9745184362945185,2
1.0,Mouse_460,195.0083,6.750606295825788,12.789727301089073,6.0391210052632855,2
1.0,Mouse_460,205.0087,6.732157679763052,12.789727301089073,6.057569621326022,2
1.0,Mouse_460,215.0087,6.6866327850106755,12.789727301089073,6.103094516078398,2
1.0,Mouse_460,225.0087,6.642351356618641,12.789727301089073,6.147375944470433,2
1.0,Mouse_460,235.0087,6.619176413395869,12.789727301089073,6.170550887693205,2
1.0,Mouse_460,245.0087,6.612587346959323,12.789727301089073,6.177139954129751,2
1.0,Mouse_464,0.5083,-2.5217297779791847,13.056108880389115,15.577838658368298,2
1.0,Mouse_464,1.0083,2.131081449812002,13.056108880389115,10.925027430577112,2
1.0,Mouse_464,1.5083,-3.755144266207715,13.056108880389115,16.81125314659683,2
1.0,Mouse_464,2.0083,-4.026337486577352,13.056108880389115,17.082446366966465,2
1.0,Mouse_464,2.5083,-2.9873839381698284,13.056108880389115,16.043492818558942,2
1.0,Mouse_464,2.7583,-3.6936379800159616,13.056108880389115,16.749746860405075,2
1.0,Mouse_464,3.0083,-5.655332530282759,13.056108880389115,18.711441410671874,2
1.0,Mouse_464,3.2583,-6.2738856846111615,13.056108880389115,19.329994565000277,2
1.0,Mouse_464,3.5083,-8.001549284239076,13.056108880389115,21.057658164628187,2
1.0,Mouse_464,3.7583,-5.673425670688081,13.056108880389115,18.729534551077194,2
1.0,Mouse_464,4.0083,-5.589412174702216,13.056108880389115,18.64552105509133,2
1.0,Mouse_464,4.5083,-5.946274535861376,13.056108880389115,19.00238341625049,2
1.0,Mouse_464,5.0083,-6.5103099004698874,13.056108880389115,19.566418780859003,2
1.0,Mouse_464,5.5083,-5.655565693072604,13.056108880389115,18.711674573461718,2
1.0,Mouse_464,6.0083,-3.1625412115083806,13.056108880389115,16.218650091897494,2
1.0,Mouse_464,6.5083,-2.5551613858699183,13.056108880389115,15.611270266259034,2
1.0,Mouse_464,7.0083,-0.9357241251052448,13.056108880389115,13.99183300549436,2
1.0,Mouse_464,7.5083,0.550171374521728,13.056108880389115,12.505937505867385,2
1.0,Mouse_464,8.0083,3.873019614832998,13.056108880389115,9.183089265556116,2
1.0,Mouse_464,8.5083,6.520911442773001,13.056108880389115,6.535197437616112,2
1.0,Mouse_464,9.0083,8.10395985210469,13.056108880389115,4.952149028284423,2
1.0,Mouse_464,9.5083,7.625210940690117,13.056108880389115,5.430897939698998,2
1.0,Mouse_464,10.0083,7.713694790679771,13.056108880389115,5.342414089709342,2
1.0,Mouse_464,11.0083,6.752210294031593,13.056108880389115,6.303898586357521,2
1.0,Mouse_464,12.0083,6.6848936371430625,13.056108880389115,6.371215243246052,2
1.0,Mouse_464,13.0083,6.174047739156605,13.056108880389115,6.882061141232509,2
1.0,Mouse_464,14.0083,6.047795368038459,13.056108880389115,7.0083135123506555,2
1.0,Mouse_464,15.0083,6.26433341360438,13.056108880389115,6.791775466784733,2
1.0,Mouse_464,16.0083,6.607388687791738,13.056108880389115,6.448720192597376,2
1.0,Mouse_464,17.0083,6.214652576155123,13.056108880389115,6.84145630423399,2
1.0,Mouse_464,18.0083,6.639801189548116,13.056108880389115,6.4163076908409975,2
1.0,Mouse_464,19.0083,6.898636192799781,13.056108880389115,6.157472687589332,2
1.0,Mouse_464,20.0084,7.07461938828967,13.056108880389115,5.981489492099444,2
1.0,Mouse_464,22.0084,7.250468612942564,13.056108880389115,5.805640267446551,2
1.0,Mouse_464,24.0084,7.44614087346938,13.056108880389115,5.6099680069197335,2
1.0,Mouse_464,26.0084,7.567015373588298,13.056108880389115,5.489093506800817,2
1.0,Mouse_464,28.0084,7.819918262445785,13.056108880389115,5.236190617943329,2
1.0,Mouse_464,30.0084,7.878006491387797,13.056108880389115,5.178102389001316,2
1.0,Mouse_464,32.0084,7.961364688918382,13.056108880389115,5.094744191470731,2
1.0,Mouse_464,34.0084,8.181755554140262,13.056108880389115,4.874353326248851,2
1.0,Mouse_464,36.0084,8.030458333784045,13.056108880389115,5.0256505466050685,2
1.0,Mouse_464,38.0084,8.28455434435876,13.056108880389115,4.771554536030353,2
1.0,Mouse_464,40.0084,8.338930341147236,13.056108880389115,4.7171785392418775,2
1.0,Mouse_464,45.0084,8.350463941396974,13.056108880389115,4.7056449389921395,2
1.0,Mouse_464,48.0084,8.394155221262107,13.056108880389115,4.661953659127007,2
1.0,Mouse_464,51.0084,8.364874399153692,13.056108880389115,4.691234481235422,2
1.0,Mouse_464,54.0084,8.334153178041252,13.056108880389115,4.721955702347861,2
1.0,Mouse_464,57.0084,8.390459640868077,13.056108880389115,4.665649239521038,2
1.0,Mouse_464,65.0084,8.417537131884673,13.056108880389115,4.63857174850444,2
1.0,Mouse_464,70.0084,8.519532264601235,13.056108880389115,4.536576615787879,2
1.0,Mouse_464,75.0084,8.52158364911648,13.056108880389115,4.534525231272634,2
1.0,Mouse_464,80.0084,8.548874323750448,13.056108880389115,4.507234556638665,2
1.0,Mouse_464,85.0084,8.55476004128564,13.056108880389115,4.501348839103475,2
1.0,Mouse_464,90.0084,8.580351920528404,13.056108880389115,4.47575695986071,2
1.0,Mouse_464,95.0084,8.565793784538096,13.056108880389115,4.490315095851017,2
1.0,Mouse_464,100.0084,8.594800564570425,13.056108880389115,4.461308315818689,2
1.0,Mouse_464,105.0083,8.645332056150483,13.056108880389115,4.41077682423863,2
1.0,Mouse_464,110.0083,8.622267953384949,13.056108880389115,4.433840927004164,2
1.0,Mouse_464,115.0083,8.642643504251343,13.056108880389115,4.41346537613777,2
1.0,Mouse_464,125.0083,8.65345677689166,13.056108880389115,4.402652103497452,2
1.0,Mouse_464,135.0083,8.675887975718089,13.056108880389115,4.380220904671024,2
1.0,Mouse_464,145.0083,8.633594693982584,13.056108880389115,4.422514186406529,2
1.0,Mouse_464,155.0083,8.650163570300027,13.056108880389115,4.405945310089086,2
1.0,Mouse_464,165.0083,8.657515162331764,13.056108880389115,4.398593718057349,2
1.0,Mouse_464,175.0083,8.651149354423127,13.056108880389115,4.404959525965986,2
1.0,Mouse_464,185.0083,8.67080739956125,13.056108880389115,4.385301480827864,2
1.0,Mouse_464,195.0083,8.6664911925184,13.056108880389115,4.389617687870714,2
1.0,Mouse_464,205.0087,8.662145923320567,13.056108880389115,4.393962957068546,2
1.0,Mouse_464,215.0087,8.667666071589153,13.056108880389115,4.388442808799962,2
1.0,Mouse_464,225.0087,8.665442587921529,13.056108880389115,4.390666292467585,2
1.0,Mouse_464,235.0087,8.644664831442466,13.056108880389115,4.411444048946647,2
1.0,Mouse_464,245.0087,8.646761154969994,13.056108880389115,4.409347725419119,2
1.0,Mouse_467,0.5083,-0.22786143819609442,14.786217287949647,15.01407872614574,2
1.0,Mouse_467,1.0083,-3.942099683368099,14.786217287949647,18.728316971317742,2
1.0,Mouse_467,1.5083,-2.293534341111844,14.786217287949647,17.07975162906149,2
1.0,Mouse_467,2.0083,0.08590383893838371,14.786217287949647,14.700313449011261,2
1.0,Mouse_467,2.5083,-2.1680902934105406,14.786217287949647,16.954307581360187,2
1.0,Mouse_467,2.7583,-1.789494879020756,14.786217287949647,16.5757121669704,2
1.0,Mouse_467,3.0083,-3.053218674702789,14.786217287949647,17.83943596265243,2
1.0,Mouse_467,3.2583,-1.6519872327169551,14.786217287949647,16.4382045206666,2
1.0,Mouse_467,3.5083,-1.0982700997088024,14.786217287949647,15.884487387658448,2
1.0,Mouse_467,3.7583,-0.31221431146206413,14.786217287949647,15.09843159941171,2
1.0,Mouse_467,4.0083,-0.4955009380297497,14.786217287949647,15.281718225979397,2
1.0,Mouse_467,4.5083,-0.512716157150286,14.786217287949647,15.298933445099932,2
1.0,Mouse_467,5.0083,-0.4757822079278408,14.786217287949647,15.261999495877486,2
1.0,Mouse_467,5.5083,-0.5546562535261561,14.786217287949647,15.340873541475801,2
1.0,Mouse_467,6.0083,0.0688347629575583,14.786217287949647,14.717382524992086,2
1.0,Mouse_467,6.5083,0.14355688165995595,14.786217287949647,14.64266040628969,2
1.0,Mouse_467,7.0083,0.6967600106800962,14.786217287949647,14.089457277269549,2
1.0,Mouse_467,7.5083,0.9596896300974729,14.786217287949647,13.826527657852171,2
1.0,Mouse_467,8.0083,1.9306913043590752,14.786217287949647,12.85552598359057,2
1.0,Mouse_467,8.5083,2.928870097630764,14.786217287949647,11.857347190318883,2
1.0,Mouse_467,9.0083,2.5878485650962935,14.786217287949647,12.19836872285335,2
1.0,Mouse_467,9.5083,2.795811392649844,14.786217287949647,11.990405895299801,2
1.0,Mouse_467,10.0083,3.934210396039705,14.786217287949647,10.85200689190994,2
1.0,Mouse_467,11.0083,4.39770052340228,14.786217287949647,10.388516764547365,2
1.0,Mouse_467,12.0083,4.464056745773654,14.786217287949647,10.322160542175991,2
1.0,Mouse_467,13.0083,5.786077854299288,14.786217287949647,9.000139433650357,2
1.0,Mouse_467,14.0083,5.80204630233103,14.786217287949647,8.984170985618615,2
1.0,Mouse_467,15.0083,6.1809142992124455,14.786217287949647,8.6053029887372,2
1.0,Mouse_467,16.0083,6.806298851968224,14.786217287949647,7.979918435981421,2
1.0,Mouse_467,17.0083,7.362147518426854,14.786217287949647,7.4240697695227915,2
1.0,Mouse_467,18.0083,7.811516231713988,14.786217287949647,6.9747010562356575,2
1.0,Mouse_467,19.0083,7.67905956269081,14.786217287949647,7.107157725258837,2
1.0,Mouse_467,20.0084,8.268828861633784,14.786217287949647,6.517388426315861,2
1.0,Mouse_467,22.0084,8.472057329674076,14.786217287949647,6.314159958275569,2
1.0,Mouse_467,24.0084,9.018717747580828,14.786217287949647,5.767499540368818,2
1.0,Mouse_467,26.0084,9.12426357799986,14.786217287949647,5.661953709949785,2
1.0,Mouse_467,28.0084,9.528251458075296,14.786217287949647,5.2579658298743475,2
1.0,Mouse_467,30.0084,9.653827714100748,14.786217287949647,5.132389573848899,2
1.0,Mouse_467,32.0084,9.598668003072444,14.786217287949647,5.1875492848772,2
1.0,Mouse_467,34.0084,9.726012515209542,14.786217287949647,5.060204772740104,2
1.0,Mouse_467,36.0084,9.640255830195006,14.786217287949647,5.1459614577546375,2
1.0,Mouse_467,38.0084,9.62543326828867,14.786217287949647,5.160784019660976,2
1.0,Mouse_467,40.0084,9.707455929300618,14.786217287949647,5.078761358649027,2
1.0,Mouse_467,45.0084,9.74050256204236,14.786217287949647,5.045714725907285,2
1.0,Mouse_467,48.0084,9.700758559788799,14.786217287949647,5.085458728160848,2
1.0,Mouse_467,51.0084,9.618859928714208,14.786217287949647,5.167357359235439,2
1.0,Mouse_467,54.0084,9.696375981098097,14.786217287949647,5.08984130685155,2
1.0,Mouse_467,57.0084,9.681422465112917,14.786217287949647,5.10479482283673,2
1.0,Mouse_467,65.0084,9.586726353567885,14.786217287949647,5.19949093438176,2
1.0,Mouse_467,70.0084,9.512539593720897,14.786217287949647,5.273677694228748,2
1.0,Mouse_467,75.0084,9.435829121390888,14.786217287949647,5.350388166558758,2
1.0,Mouse_467,80.0084,9.454301567882098,14.786217287949647,5.331915720067547,2
1.0,Mouse_467,85.0084,9.354405919483296,14.786217287949647,5.431811368466349,2
1.0,Mouse_467,90.0084,9.33994842111142,14.786217287949647,5.446268866838226,2
1.0,Mouse_467,95.0084,9.334272439645122,14.786217287949647,5.451944848304523,2
1.0,Mouse_467,100.0084,9.310959403894858,14.786217287949647,5.475257884054788,2
1.0,Mouse_467,105.0083,9.137579606895958,14.786217287949647,5.648637681053689,2
1.0,Mouse_467,110.0083,9.174074415580526,14.786217287949647,5.612142872369119,2
1.0,Mouse_467,115.0083,9.175254004623312,14.786217287949647,5.610963283326333,2
1.0,Mouse_467,125.0083,9.082344680334064,14.786217287949647,5.7038726076155815,2
1.0,Mouse_467,135.0083,9.04991675703567,14.786217287949647,5.736300530913976,2
1.0,Mouse_467,145.0083,8.996200106111145,14.786217287949647,5.7900171818385004,2
1.0,Mouse_467,155.0083,9.04317230700916,14.786217287949647,5.7430449809404855,2
1.0,Mouse_467,165.0083,9.026367635633221,14.786217287949647,5.759849652316424,2
1.0,Mouse_467,175.0083,8.96386585364683,14.786217287949647,5.822351434302815,2
1.0,Mouse_467,185.0083,9.098498256369414,14.786217287949647,5.687719031580233,2
1.0,Mouse_467,195.0083,9.050580192229647,14.786217287949647,5.735637095719998,2
1.0,Mouse_467,205.0087,9.050616804870643,14.786217287949647,5.735600483079003,2
1.0,Mouse_467,215.0087,9.03467278650197,14.786217287949647,5.751544501447675,2
1.0,Mouse_467,225.0087,9.011988350048451,14.786217287949647,5.774228937901194,2
1.0,Mouse_467,235.0087,9.049050529083404,14.786217287949647,5.737166758866239,2
1.0,Mouse_467,245.0087,8.961143771370649,14.786217287949647,5.825073516578996,2
1.0,Mouse_469,0.5083,-0.7190224417576301,16.739897131821706,17.458919573579337,2
1.0,Mouse_469,1.0083,3.109198036840877,16.739897131821706,13.63069909498083,2
1.0,Mouse_469,1.5083,-0.22133119369646348,16.739897131821706,16.96122832551817,2
1.0,Mouse_469,2.0083,5.263976569750912,16.739897131821706,11.475920562070794,2
1.0,Mouse_469,2.5083,4.699717221106153,16.739897131821706,12.040179910715553,2
1.0,Mouse_469,2.7583,1.941318685111069,16.739897131821706,14.79857844671064,2
1.0,Mouse_469,3.0083,4.269580245109455,16.739897131821706,12.47031688671225,2
1.0,Mouse_469,3.2583,2.2877165712745775,16.739897131821706,14.45218056054713,2
1.0,Mouse_469,3.5083,3.045337259145251,16.739897131821706,13.694559872676455,2
1.0,Mouse_469,3.7583,1.8963232895661408,16.739897131821706,14.843573842255566,2
1.0,Mouse_469,4.0083,2.5387389978036516,16.739897131821706,14.201158134018055,2
1.0,Mouse_469,4.5083,0.05987581801742081,16.739897131821706,16.680021313804286,2
1.0,Mouse_469,5.0083,0.22472301668276096,16.739897131821706,16.515174115138947,2
1.0,Mouse_469,5.5083,-0.5267447058173378,16.739897131821706,17.266641837639042,2
1.0,Mouse_469,6.0083,-0.686999652092247,16.739897131821706,17.426896783913953,2
1.0,Mouse_469,6.5083,-0.9197061189064435,16.739897131821706,17.65960325072815,2
1.0,Mouse_469,7.0083,0.03388280182724654,16.739897131821706,16.70601432999446,2
1.0,Mouse_469,7.5083,0.452222706351634,16.739897131821706,16.287674425470072,2
1.0,Mouse_469,8.0083,1.7804533134130018,16.739897131821706,14.959443818408705,2
1.0,Mouse_469,8.5083,3.955366456829937,16.739897131821706,12.78453067499177,2
1.0,Mouse_469,9.0083,4.404235413377336,16.739897131821706,12.33566171844437,2
1.0,Mouse_469,9.5083,5.096435481737622,16.739897131821706,11.643461650084085,2
1.0,Mouse_469,10.0083,8.01949660734979,16.739897131821706,8.720400524471916,2
1.0,Mouse_469,11.0083,9.188565063341478,16.739897131821706,7.551332068480227,2
1.0,Mouse_469,12.0083,9.432295345525514,16.739897131821706,7.307601786296191,2
1.0,Mouse_469,13.0083,9.793529904819902,16.739897131821706,6.946367227001804,2
1.0,Mouse_469,14.0083,9.839681329859868,16.739897131821706,6.900215801961839,2
1.0,Mouse_469,15.0083,9.720577622903544,16.739897131821706,7.019319508918162,2
1.0,Mouse_469,16.0083,9.653775101053968,16.739897131821706,7.086122030767738,2
1.0,Mouse_469,17.0083,9.563701973455277,16.739897131821706,7.176195158366427,2
1.0,Mouse_469,18.0083,9.246382108411328,16.739897131821706,7.493515023410376,2
1.0,Mouse_469,19.0083,8.86091099575545,16.739897131821706,7.878986136066256,2
1.0,Mouse_469,20.0084,8.856797621541514,16.739897131821706,7.883099510280193,2
1.0,Mouse_469,22.0084,8.443171480464024,16.739897131821706,8.296725651357683,2
1.0,Mouse_469,24.0084,7.896673577641037,16.739897131821706,8.843223554180668,2
1.0,Mouse_469,26.0084,7.889970136848664,16.739897131821706,8.849926994973043,2
1.0,Mouse_469,28.0084,7.53496230634341,16.739897131821706,9.204934825478297,2
1.0,Mouse_469,30.0084,7.260854470830782,16.739897131821706,9.479042660990926,2
1.0,Mouse_469,32.0084,6.986569448545016,16.739897131821706,9.75332768327669,2
1.0,Mouse_469,34.0084,6.981649562575277,16.739897131821706,9.758247569246429,2
1.0,Mouse_469,36.0084,6.7840062888719,16.739897131821706,9.955890842949806,2
1.0,Mouse_469,38.0084,6.83676533360595,16.739897131821706,9.903131798215757,2
1.0,Mouse_469,40.0084,6.7233085943439175,16.739897131821706,10.016588537477789,2
1.0,Mouse_469,45.0084,6.397870706082999,16.739897131821706,10.342026425738707,2
1.0,Mouse_469,48.0084,6.261968951223177,16.739897131821706,10.47792818059853,2
1.0,Mouse_469,51.0084,6.255239747124747,16.739897131821706,10.484657384696959,2
1.0,Mouse_469,54.0084,6.138466815612483,16.739897131821706,10.601430316209225,2
1.0,Mouse_469,57.0084,6.093560229149866,16.739897131821706,10.646336902671841,2
1.0,Mouse_469,65.0084,5.873512795801913,16.739897131821706,10.866384336019795,2
1.0,Mouse_469,70.0084,5.781378120342815,16.739897131821706,10.958519011478892,2
1.0,Mouse_469,75.0084,5.654550598464467,16.739897131821706,11.085346533357239,2
1.0,Mouse_469,80.0084,5.546903321123738,16.739897131821706,11.192993810697967,2
1.0,Mouse_469,85.0084,5.4492411411927115,16.739897131821706,11.290655990628997,2
1.0,Mouse_469,90.0084,5.455542820032964,16.739897131821706,11.284354311788743,2
1.0,Mouse_469,95.0084,5.378261873948709,16.739897131821706,11.361635257872997,2
1.0,Mouse_469,100.0084,5.3487862599776275,16.739897131821706,11.391110871844079,2
1.0,Mouse_469,105.0083,5.330882603403633,16.739897131821706,11.409014528418073,2
1.0,Mouse_469,110.0083,5.391573045877157,16.739897131821706,11.348324085944549,2
1.0,Mouse_469,115.0083,5.374903784029649,16.739897131821706,11.364993347792058,2
1.0,Mouse_469,125.0083,5.112916664153312,16.739897131821706,11.626980467668396,2
1.0,Mouse_469,135.0083,5.167121665062488,16.739897131821706,11.572775466759218,2
1.0,Mouse_469,145.0083,5.123221019865702,16.739897131821706,11.616676111956005,2
1.0,Mouse_469,155.0083,5.056959031513716,16.739897131821706,11.68293810030799,2
1.0,Mouse_469,165.0083,5.013430126715384,16.739897131821706,11.726467005106322,2
1.0,Mouse_469,175.0083,5.082717395224511,16.739897131821706,11.657179736597197,2
1.0,Mouse_469,185.0083,4.93271433641679,16.739897131821706,11.807182795404916,2
1.0,Mouse_469,195.0083,4.99579572153186,16.739897131821706,11.744101410289847,2
1.0,Mouse_469,205.0087,4.940842350470221,16.739897131821706,11.799054781351485,2
1.0,Mouse_469,215.0087,5.002395739074133,16.739897131821706,11.737501392747573,2
1.0,Mouse_469,225.0087,4.968814169992673,16.739897131821706,11.771082961829034,2
1.0,Mouse_469,235.0087,4.991128657429923,16.739897131821706,11.748768474391785,2
1.0,Mouse_469,245.0087,5.022753373218893,16.739897131821706,11.717143758602813,2
1.0,Mouse_470,0.5083,1.1012050117790895,9.574884843839536,8.473679832060446,2
1.0,Mouse_470,1.0083,-5.602091231860509,9.574884843839536,15.176976075700047,2
1.0,Mouse_470,1.5083,1.6761762440141612,9.574884843839536,7.898708599825376,2
1.0,Mouse_470,2.0083,0.9346798848837992,9.574884843839536,8.640204958955739,2
1.0,Mouse_470,2.5083,3.80605388675923,9.574884843839536,5.768830957080307,2
1.0,Mouse_470,2.7583,-1.1142286531141625,9.574884843839536,10.689113496953699,2
1.0,Mouse_470,3.0083,2.4828350795742735,9.574884843839536,7.092049764265264,2
1.0,Mouse_470,3.2583,-3.229881640281445,9.574884843839536,12.804766484120982,2
1.0,Mouse_470,3.5083,-1.3580600241707117,9.574884843839536,10.93294486801025,2
1.0,Mouse_470,3.7583,-2.2795822419425855,9.574884843839536,11.854467085782122,2
1.0,Mouse_470,4.0083,-1.9464351665071533,9.574884843839536,11.52132001034669,2
1.0,Mouse_470,4.5083,-1.900974989169649,9.574884843839536,11.475859833009185,2
1.0,Mouse_470,5.0083,-0.9422582766756555,9.574884843839536,10.517143120515193,2
1.0,Mouse_470,5.5083,-0.13149117596300997,9.574884843839536,9.706376019802548,2
1.0,Mouse_470,6.0083,-0.38606950659658856,9.574884843839536,9.960954350436126,2
1.0,Mouse_470,6.5083,-0.0797448722189773,9.574884843839536,9.654629716058514,2
1.0,Mouse_470,7.0083,0.5191814581241525,9.574884843839536,9.055703385715386,2
1.0,Mouse_470,7.5083,0.705727286560458,9.574884843839536,8.86915755727908,2
1.0,Mouse_470,8.0083,0.0818892180265347,9.574884843839536,9.492995625813002,2
1.0,Mouse_470,8.5083,1.7800416680894584,9.574884843839536,7.794843175750079,2
1.0,Mouse_470,9.0083,0.6643374192715319,9.574884843839536,8.910547424568005,2
1.0,Mouse_470,9.5083,-0.6527263599322002,9.574884843839536,10.227611203771737,2
1.0,Mouse_470,10.0083,0.1894493122055143,9.574884843839536,9.385435531634023,2
1.0,Mouse_470,11.0083,-1.056161676735469,9.574884843839536,10.631046520575005,2
1.0,Mouse_470,12.0083,-1.2225445462281186,9.574884843839536,10.797429390067656,2
1.0,Mouse_470,13.0083,-1.7447313887849207,9.574884843839536,11.319616232624458,2
1.0,Mouse_470,14.0083,-2.0946014129028057,9.574884843839536,11.669486256742344,2
1.0,Mouse_470,15.0083,-2.626348554444952,9.574884843839536,12.201233398284486,2
1.0,Mouse_470,16.0083,-2.8582050230331646,9.574884843839536,12.4330898668727,2
1.0,Mouse_470,17.0083,-3.038728815895044,9.574884843839536,12.613613659734579,2
1.0,Mouse_470,18.0083,-3.3072367724550773,9.574884843839536,12.882121616294615,2
1.0,Mouse_470,19.0083,-3.1005941987821126,9.574884843839536,12.67547904262165,2
1.0,Mouse_470,20.0084,-2.8579967603512566,9.574884843839536,12.432881604190793,2
1.0,Mouse_470,22.0084,-2.8028795493585834,9.574884843839536,12.37776439319812,2
1.0,Mouse_470,24.0084,-3.1671302717145258,9.574884843839536,12.742015115554063,2
1.0,Mouse_470,26.0084,-2.7522559170857095,9.574884843839536,12.327140760925246,2
1.0,Mouse_470,28.0084,-2.6882260272898435,9.574884843839536,12.26311087112938,2
1.0,Mouse_470,30.0084,-2.666411109632772,9.574884843839536,12.241295953472308,2
1.0,Mouse_470,32.0084,-2.768921698994908,9.574884843839536,12.343806542834445,2
1.0,Mouse_470,34.0084,-2.315316822904248,9.574884843839536,11.890201666743785,2
1.0,Mouse_470,36.0084,-3.2533190501381313,9.574884843839536,12.828203893977669,2
1.0,Mouse_470,38.0084,-2.395283212180444,9.574884843839536,11.97016805601998,2
1.0,Mouse_470,40.0084,-2.4392342756863394,9.574884843839536,12.014119119525878,2
1.0,Mouse_470,45.0084,-2.781310811627394,9.574884843839536,12.35619565546693,2
1.0,Mouse_470,48.0084,-2.770150131818042,9.574884843839536,12.345034975657581,2
1.0,Mouse_470,51.0084,-2.9050486453298863,9.574884843839536,12.479933489169426,2
1.0,Mouse_470,54.0084,-3.05905867706854,9.574884843839536,12.633943520908076,2
1.0,Mouse_470,57.0084,-3.0926134343946092,9.574884843839536,12.667498278234149,2
1.0,Mouse_470,65.0084,-3.2474083588437237,9.574884843839536,12.822293202683257,2
1.0,Mouse_470,70.0084,-3.4708961783427004,9.574884843839536,13.045781022182238,2
1.0,Mouse_470,75.0084,-3.568982830567457,9.574884843839536,13.143867674406993,2
1.0,Mouse_470,80.0084,-3.641349786120798,9.574884843839536,13.216234629960335,2
1.0,Mouse_470,85.0084,-3.7780393269355175,9.574884843839536,13.352924170775054,2
1.0,Mouse_470,90.0084,-3.7048781452090367,9.574884843839536,13.279762989048574,2
1.0,Mouse_470,95.0084,-3.8420277776931404,9.574884843839536,13.416912621532678,2
1.0,Mouse_470,100.0084,-3.7610877492457044,9.574884843839536,13.33597259308524,2
1.0,Mouse_470,105.0083,-3.9320513892979347,9.574884843839536,13.506936233137472,2
1.0,Mouse_470,110.0083,-3.7921867351973284,9.574884843839536,13.367071579036864,2
1.0,Mouse_470,115.0083,-3.860525849614035,9.574884843839536,13.435410693453573,2
1.0,Mouse_470,125.0083,-3.969772248158984,9.574884843839536,13.54465709199852,2
1.0,Mouse_470,135.0083,-3.884296327606571,9.574884843839536,13.459181171446106,2
1.0,Mouse_470,145.0083,-3.9934690193321396,9.574884843839536,13.568353863171676,2
1.0,Mouse_470,155.0083,-4.004312712859857,9.574884843839536,13.579197556699393,2
1.0,Mouse_470,165.0083,-3.917788791919656,9.574884843839536,13.492673635759193,2
1.0,Mouse_470,175.0083,-3.884423262669366,9.574884843839536,13.459308106508903,2
1.0,Mouse_470,185.0083,-3.923132834750022,9.574884843839536,13.498017678589557,2
1.0,Mouse_470,195.0083,-3.948928337932632,9.574884843839536,13.52381318177217,2
1.0,Mouse_470,205.0087,-3.9734695919864453,9.574884843839536,13.548354435825981,2
1.0,Mouse_470,215.0087,-3.910687369859919,9.574884843839536,13.485572213699452,2
1.0,Mouse_470,225.0087,-4.0186534069962585,9.574884843839536,13.593538250835795,2
1.0,Mouse_470,235.0087,-3.9877995385892318,9.574884843839536,13.56268438242877,2
1.0,Mouse_470,245.0087,-4.009924383568608,9.574884843839536,13.584809227408144,2
2.5,Mouse_328,0.5083,-1.185372990470949,16.63892568706567,17.824298677536618,1
2.5,Mouse_328,1.0083,2.34914401487387,16.63892568706567,14.2897816721918,1
2.5,Mouse_328,1.5083,-1.6599718954050535,16.63892568706567,18.298897582470723,1
2.5,Mouse_328,2.0083,2.0660317870707026,16.63892568706567,14.572893899994966,1
2.5,Mouse_328,2.5083,1.1973402066537115,16.63892568706567,15.441585480411955,1
2.5,Mouse_328,2.7583,1.0621069496276905,16.63892568706567,15.57681873743798,1
2.5,Mouse_328,3.0083,1.974313669728204,16.63892568706567,14.664612017337465,1
2.5,Mouse_328,3.2583,4.625170894909402,16.63892568706567,12.013754792156266,1
2.5,Mouse_328,3.5083,4.256966728888731,16.63892568706567,12.381958958176938,1
2.5,Mouse_328,3.7583,6.272335595339229,16.63892568706567,10.36659009172644,1
2.5,Mouse_328,4.0083,4.544480763574466,16.63892568706567,12.094444923491205,1
2.5,Mouse_328,4.5083,1.0217441733097736,16.63892568706567,15.617181513755895,1
2.5,Mouse_328,5.0083,1.2070195715918146,16.63892568706567,15.431906115473854,1
2.5,Mouse_328,5.5083,0.8082523937270931,16.63892568706567,15.830673293338576,1
2.5,Mouse_328,6.0083,-0.428254798569327,16.63892568706567,17.067180485634996,1
2.5,Mouse_328,6.5083,-0.3611596697385764,16.63892568706567,17.000085356804245,1
2.5,Mouse_328,7.0083,-0.7565582499373633,16.63892568706567,17.395483937003032,1
2.5,Mouse_328,7.5083,-0.524399101163386,16.63892568706567,17.163324788229055,1
2.5,Mouse_328,8.0083,-0.5130618535797105,16.63892568706567,17.15198754064538,1
2.5,Mouse_328,8.5083,1.2007752648761176,16.63892568706567,15.438150422189551,1
2.5,Mouse_328,9.0083,0.4454588718493752,16.63892568706567,16.193466815216293,1
2.5,Mouse_328,9.5083,1.941235011939352,16.63892568706567,14.697690675126315,1
2.5,Mouse_328,10.0083,3.05655660184073,16.63892568706567,13.582369085224938,1
2.5,Mouse_328,11.0083,5.708112554398143,16.63892568706567,10.930813132667526,1
2.5,Mouse_328,12.0083,4.725558130571001,16.63892568706567,11.913367556494668,1
2.5,Mouse_328,13.0083,7.382801817495645,16.63892568706567,9.256123869570024,1
2.5,Mouse_328,14.0083,7.900919339694065,16.63892568706567,8.738006347371604,1
2.5,Mouse_328,15.0083,8.32462801325675,16.63892568706567,8.31429767380892,1
2.5,Mouse_328,16.0083,8.21282250462926,16.63892568706567,8.426103182436409,1
2.5,Mouse_328,17.0083,8.23194641806828,16.63892568706567,8.40697926899739,1
2.5,Mouse_328,18.0083,8.62612535334,16.63892568706567,8.012800333725668,1
2.5,Mouse_328,19.0083,9.31603918993967,16.63892568706567,7.322886497125999,1
2.5,Mouse_328,20.0084,9.486243153857856,16.63892568706567,7.152682533207812,1
2.5,Mouse_328,22.0084,9.806407796161327,16.63892568706567,6.832517890904341,1
2.5,Mouse_328,24.0084,10.178154535035112,16.63892568706567,6.460771152030557,1
2.5,Mouse_328,26.0084,10.594254988700506,16.63892568706567,6.044670698365164,1
2.5,Mouse_328,28.0084,10.86592669789432,16.63892568706567,5.77299898917135,1
2.5,Mouse_328,30.0084,11.192232617596591,16.63892568706567,5.446693069469076,1
2.5,Mouse_328,32.0084,11.638808091814774,16.63892568706567,5.000117595250895,1
2.5,Mouse_328,34.0084,11.737163917485166,16.63892568706567,4.901761769580502,1
2.5,Mouse_328,36.0084,11.818211271240726,16.63892568706567,4.820714415824943,1
2.5,Mouse_328,38.0084,12.064131625993182,16.63892568706567,4.574794061072486,1
2.5,Mouse_328,40.0084,12.166265755873296,16.63892568706567,4.472659931192373,1
2.5,Mouse_328,45.0084,12.345228585210624,16.63892568706567,4.293697101855046,1
2.5,Mouse_328,48.0084,12.468864462239988,16.63892568706567,4.170061224825681,1
2.5,Mouse_328,51.0084,12.51979237625733,16.63892568706567,4.119133310808339,1
2.5,Mouse_328,54.0084,12.554778706584184,16.63892568706567,4.084146980481485,1
2.5,Mouse_328,57.0084,12.567732769376562,16.63892568706567,4.071192917689107,1
2.5,Mouse_328,65.0084,12.753440736464944,16.63892568706567,3.885484950600724,1
2.5,Mouse_328,70.0084,12.797652662721228,16.63892568706567,3.8412730243444417,1
2.5,Mouse_328,75.0084,12.830617824315183,16.63892568706567,3.808307862750484,1
2.5,Mouse_328,80.0084,12.841325874005388,16.63892568706567,3.79759981306028,1
2.5,Mouse_328,85.0084,12.870870225659791,16.63892568706567,3.768055461405877,1
2.5,Mouse_328,90.0084,12.9081560228371,16.63892568706567,3.7307696642285686,1
2.5,Mouse_328,95.0084,12.901860339669897,16.63892568706567,3.737065347395773,1
2.5,Mouse_328,100.0084,12.880583586764384,16.63892568706567,3.758342100301284,1
2.5,Mouse_328,105.0083,12.868604430010226,16.63892568706567,3.770321257055443,1
2.5,Mouse_328,110.0083,12.89122365220324,16.63892568706567,3.7477020348624297,1
2.5,Mouse_328,115.0083,12.895872569249152,16.63892568706567,3.7430531178165154,1
2.5,Mouse_328,125.0083,12.867583720506737,16.63892568706567,3.771341966558931,1
2.5,Mouse_328,135.0083,12.844734147525706,16.63892568706567,3.794191539539964,1
2.5,Mouse_328,145.0083,12.827103047450173,16.63892568706567,3.8118226396154977,1
2.5,Mouse_328,155.0083,12.816776421750436,16.63892568706567,3.822149265315234,1
2.5,Mouse_328,165.0083,12.754690681127848,16.63892568706567,3.88423500593782,1
2.5,Mouse_328,175.0083,12.708504351912136,16.63892568706567,3.930421335153533,1
2.5,Mouse_328,185.0083,12.797148247162053,16.63892568706567,3.841777439903616,1
2.5,Mouse_328,195.0083,12.73037251398676,16.63892568706567,3.908553173078909,1
2.5,Mouse_328,205.0087,12.70568680275549,16.63892568706567,3.933238884310179,1
2.5,Mouse_328,215.0087,12.672654519785148,16.63892568706567,3.9662711672805218,1
2.5,Mouse_328,225.0087,12.665893076304965,16.63892568706567,3.973032610760705,1
2.5,Mouse_328,235.0087,12.604310758919528,16.63892568706567,4.034614928146141,1
2.5,Mouse_328,245.0087,12.532506896830814,16.63892568706567,4.106418790234855,1
2.5,Mouse_331,0.5083,-0.649595956294011,16.59385923866524,17.24345519495925,2
2.5,Mouse_331,1.0083,4.609531416485115,16.59385923866524,11.984327822180123,2
2.5,Mouse_331,1.5083,2.776007779447652,16.59385923866524,13.817851459217586,2
2.5,Mouse_331,2.0083,6.734139879418134,16.59385923866524,9.859719359247105,2
2.5,Mouse_331,2.5083,9.267765433504774,16.59385923866524,7.326093805160465,2
2.5,Mouse_331,2.7583,4.924297022837409,16.59385923866524,11.66956221582783,2
2.5,Mouse_331,3.0083,7.04230273718949,16.59385923866524,9.551556501475748,2
2.5,Mouse_331,3.2583,7.5263130292274765,16.59385923866524,9.067546209437763,2
2.5,Mouse_331,3.5083,7.484311407658024,16.59385923866524,9.109547831007216,2
2.5,Mouse_331,3.7583,7.827961135735768,16.59385923866524,8.76589810292947,2
2.5,Mouse_331,4.0083,8.194011054505575,16.59385923866524,8.399848184159664,2
2.5,Mouse_331,4.5083,4.771093233269377,16.59385923866524,11.822766005395863,2
2.5,Mouse_331,5.0083,4.890201500176775,16.59385923866524,11.703657738488463,2
2.5,Mouse_331,5.5083,3.993142842004654,16.59385923866524,12.600716396660584,2
2.5,Mouse_331,6.0083,2.030918982905838,16.59385923866524,14.5629402557594,2
2.5,Mouse_331,6.5083,1.3141637301653555,16.59385923866524,15.279695508499884,2
2.5,Mouse_331,7.0083,0.059424493029328396,16.59385923866524,16.53443474563591,2
2.5,Mouse_331,7.5083,0.5803679492003626,16.59385923866524,16.013491289464874,2
2.5,Mouse_331,8.0083,-0.3493147880072056,16.59385923866524,16.943174026672445,2
2.5,Mouse_331,8.5083,-0.8183586012522965,16.59385923866524,17.41221783991754,2
2.5,Mouse_331,9.0083,0.27051368915664753,16.59385923866524,16.32334554950859,2
2.5,Mouse_331,9.5083,-0.6887202176400058,16.59385923866524,17.282579456305246,2
2.5,Mouse_331,10.0083,-0.08088420600420854,16.59385923866524,16.67474344466945,2
2.5,Mouse_331,11.0083,2.3646754024142487,16.59385923866524,14.22918383625099,2
2.5,Mouse_331,12.0083,1.8036547232946851,16.59385923866524,14.790204515370554,2
2.5,Mouse_331,13.0083,4.091745121608751,16.59385923866524,12.502114117056486,2
2.5,Mouse_331,14.0083,4.93250682560492,16.59385923866524,11.661352413060321,2
2.5,Mouse_331,15.0083,5.560580731072926,16.59385923866524,11.033278507592314,2
2.5,Mouse_331,16.0083,6.134482291355438,16.59385923866524,10.459376947309803,2
2.5,Mouse_331,17.0083,6.463433436103145,16.59385923866524,10.130425802562094,2
2.5,Mouse_331,18.0083,6.927372022130937,16.59385923866524,9.666487216534302,2
2.5,Mouse_331,19.0083,7.535143645664133,16.59385923866524,9.058715593001104,2
2.5,Mouse_331,20.0084,7.957743258992318,16.59385923866524,8.63611597967292,2
2.5,Mouse_331,22.0084,8.669591258282656,16.59385923866524,7.924267980382582,2
2.5,Mouse_331,24.0084,8.898480762476854,16.59385923866524,7.695378476188385,2
2.5,Mouse_331,26.0084,9.29741393423741,16.59385923866524,7.29644530442783,2
2.5,Mouse_331,28.0084,9.359008009251761,16.59385923866524,7.2348512294134775,2
2.5,Mouse_331,30.0084,9.608999679516096,16.59385923866524,6.984859559149143,2
2.5,Mouse_331,32.0084,9.777414873995054,16.59385923866524,6.816444364670184,2
2.5,Mouse_331,34.0084,9.887971744624428,16.59385923866524,6.705887494040811,2
2.5,Mouse_331,36.0084,9.939488879014,16.59385923866524,6.654370359651239,2
2.5,Mouse_331,38.0084,10.027410068082746,16.59385923866524,6.566449170582493,2
2.5,Mouse_331,40.0084,10.02936506492257,16.59385923866524,6.564494173742668,2
2.5,Mouse_331,45.0084,10.14111443364007,16.59385923866524,6.4527448050251675,2
2.5,Mouse_331,48.0084,10.077614075201257,16.59385923866524,6.5162451634639815,2
2.5,Mouse_331,51.0084,10.085703773243463,16.59385923866524,6.508155465421778,2
2.5,Mouse_331,54.0084,10.071668449441251,16.59385923866524,6.522190789223988,2
2.5,Mouse_331,57.0084,9.995204794034052,16.59385923866524,6.598654444631187,2
2.5,Mouse_331,65.0084,9.919867274911718,16.59385923866524,6.6739919637535206,2
2.5,Mouse_331,70.0084,9.870014241720321,16.59385923866524,6.723844996944918,2
2.5,Mouse_331,75.0084,9.790680860154367,16.59385923866524,6.8031783785108715,2
2.5,Mouse_331,80.0084,9.770330551470732,16.59385923866524,6.823528687194507,2
2.5,Mouse_331,85.0084,9.690880872559262,16.59385923866524,6.9029783661059785,2
2.5,Mouse_331,90.0084,9.67086592196326,16.59385923866524,6.922993316701978,2
2.5,Mouse_331,95.0084,9.597831651600028,16.59385923866524,6.9960275870652096,2
2.5,Mouse_331,100.0084,9.594176173808325,16.59385923866524,6.999683064856914,2
2.5,Mouse_331,105.0083,9.52915748942665,16.59385923866524,7.064701749238589,2
2.5,Mouse_331,110.0083,9.533412820869756,16.59385923866524,7.060446417795482,2
2.5,Mouse_331,115.0083,9.544760073079551,16.59385923866524,7.049099165585689,2
2.5,Mouse_331,125.0083,9.397562565175422,16.59385923866524,7.196296673489817,2
2.5,Mouse_331,135.0083,9.331205893180764,16.59385923866524,7.262653345484475,2
2.5,Mouse_331,145.0083,9.25062541252686,16.59385923866524,7.343233826138379,2
2.5,Mouse_331,155.0083,9.169991724614185,16.59385923866524,7.423867514051055,2
2.5,Mouse_331,165.0083,9.100577527268943,16.59385923866524,7.493281711396296,2
2.5,Mouse_331,175.0083,9.036912533399532,16.59385923866524,7.556946705265708,2
2.5,Mouse_331,185.0083,9.00006784001831,16.59385923866524,7.593791398646928,2
2.5,Mouse_331,195.0083,8.908656695862641,16.59385923866524,7.685202542802598,2
2.5,Mouse_331,205.0087,8.806208622883368,16.59385923866524,7.787650615781871,2
2.5,Mouse_331,215.0087,8.78939307765139,16.59385923866524,7.804466161013848,2
2.5,Mouse_331,225.0087,8.684596637117446,16.59385923866524,7.909262601547793,2
2.5,Mouse_331,235.0087,8.630566306942645,16.59385923866524,7.963292931722595,2
2.5,Mouse_331,245.0087,8.51226950923915,16.59385923866524,8.081589729426089,2
2.5,Mouse_333,0.5083,1.9787106729186972,14.632352045820223,12.653641372901525,2
2.5,Mouse_333,1.0083,-1.8291949089577333,14.632352045820223,16.461546954777955,2
2.5,Mouse_333,1.5083,5.922319754600752,14.632352045820223,8.710032291219468,2
2.5,Mouse_333,2.0083,5.735989024474507,14.632352045820223,8.896363021345714,2
2.5,Mouse_333,2.5083,4.205628263286329,14.632352045820223,10.426723782533893,2
2.5,Mouse_333,2.7583,4.313281898834419,14.632352045820223,10.319070146985805,2
2.5,Mouse_333,3.0083,7.241060641475538,14.632352045820223,7.391291404344685,2
2.5,Mouse_333,3.2583,7.126386267836958,14.632352045820223,7.505965777983263,2
2.5,Mouse_333,3.5083,6.247400033140938,14.632352045820223,8.384952012679284,2
2.5,Mouse_333,3.7583,9.068423540108771,14.632352045820223,5.56392850571145,2
2.5,Mouse_333,4.0083,8.078639207232303,14.632352045820223,6.553712838587918,2
2.5,Mouse_333,4.5083,3.9017498180816768,14.632352045820223,10.730602227738544,2
2.5,Mouse_333,5.0083,4.1086113857693265,14.632352045820223,10.523740660050894,2
2.5,Mouse_333,5.5083,4.086707142496717,14.632352045820223,10.545644903323504,2
2.5,Mouse_333,6.0083,2.3063151787922433,14.632352045820223,12.32603686702798,2
2.5,Mouse_333,6.5083,2.304580867202457,14.632352045820223,12.327771178617764,2
2.5,Mouse_333,7.0083,2.0016362149051137,14.632352045820223,12.630715830915106,2
2.5,Mouse_333,7.5083,2.357238571950317,14.632352045820223,12.275113473869904,2
2.5,Mouse_333,8.0083,1.8572796711128357,14.632352045820223,12.775072374707385,2
2.5,Mouse_333,8.5083,3.779188007836085,14.632352045820223,10.853164037984136,2
2.5,Mouse_333,9.0083,2.839613733196063,14.632352045820223,11.79273831262416,2
2.5,Mouse_333,9.5083,3.992434106259015,14.632352045820223,10.639917939561206,2
2.5,Mouse_333,10.0083,5.168713753222584,14.632352045820223,9.463638292597638,2
2.5,Mouse_333,11.0083,6.924276609570464,14.632352045820223,7.708075436249757,2
2.5,Mouse_333,12.0083,5.8393888737051665,14.632352045820223,8.792963172115053,2
2.5,Mouse_333,13.0083,7.690212944497848,14.632352045820223,6.942139101322373,2
2.5,Mouse_333,14.0083,7.96976863846557,14.632352045820223,6.662583407354652,2
2.5,Mouse_333,15.0083,8.226139800452183,14.632352045820223,6.406212245368039,2
2.5,Mouse_333,16.0083,8.567661174837362,14.632352045820223,6.06469087098286,2
2.5,Mouse_333,17.0083,8.989151322125522,14.632352045820223,5.643200723694699,2
2.5,Mouse_333,18.0083,9.53251377359599,14.632352045820223,5.099838272224232,2
2.5,Mouse_333,19.0083,10.105053388923086,14.632352045820223,4.527298656897136,2
2.5,Mouse_333,20.0084,10.065140655739622,14.632352045820223,4.567211390080598,2
2.5,Mouse_333,22.0084,10.703574300658534,14.632352045820223,3.928777745161687,2
2.5,Mouse_333,24.0084,10.863744966851058,14.632352045820223,3.7686070789691613,2
2.5,Mouse_333,26.0084,11.127639161780337,14.632352045820223,3.504712884039885,2
2.5,Mouse_333,28.0084,11.066883691368442,14.632352045820223,3.5654683544517787,2
2.5,Mouse_333,30.0084,10.995844870398763,14.632352045820223,3.6365071754214595,2
2.5,Mouse_333,32.0084,10.842676639693925,14.632352045820223,3.789675406126296,2
2.5,Mouse_333,34.0084,10.702707940842147,14.632352045820223,3.929644104978074,2
2.5,Mouse_333,36.0084,10.563434186873286,14.632352045820223,4.068917858946936,2
2.5,Mouse_333,38.0084,10.70244165501101,14.632352045820223,3.929910390809213,2
2.5,Mouse_333,40.0084,10.56274299660966,14.632352045820223,4.069609049210562,2
2.5,Mouse_333,45.0084,10.371964256756668,14.632352045820223,4.260387789063555,2
2.5,Mouse_333,48.0084,10.452594678208229,14.632352045820223,4.179757367611993,2
2.5,Mouse_333,51.0084,10.47032558786173,14.632352045820223,4.162026457958491,2
2.5,Mouse_333,54.0084,10.401461836097269,14.632352045820223,4.230890209722952,2
2.5,Mouse_333,57.0084,10.544435179710433,14.632352045820223,4.087916866109788,2
2.5,Mouse_333,65.0084,10.604397173767424,14.632352045820223,4.027954872052797,2
2.5,Mouse_333,70.0084,10.665209639404223,14.632352045820223,3.9671424064159995,2
2.5,Mouse_333,75.0084,10.642229806360596,14.632352045820223,3.9901222394596267,2
2.5,Mouse_333,80.0084,10.653474535168279,14.632352045820223,3.9788775106519423,2
2.5,Mouse_333,85.0084,10.68950867257324,14.632352045820223,3.942843373246981,2
2.5,Mouse_333,90.0084,10.68216644189124,14.632352045820223,3.950185603928981,2
2.5,Mouse_333,95.0084,10.647296954413015,14.632352045820223,3.9850550914072045,2
2.5,Mouse_333,100.0084,10.683855289954579,14.632352045820223,3.9484967558656425,2
2.5,Mouse_333,105.0083,10.757502403595716,14.632352045820223,3.8748496422245076,2
2.5,Mouse_333,110.0083,10.751929443855769,14.632352045820223,3.880422601964452,2
2.5,Mouse_333,115.0083,10.699308915000731,14.632352045820223,3.933043130819489,2
2.5,Mouse_333,125.0083,10.748828512042419,14.632352045820223,3.8835235337778036,2
2.5,Mouse_333,135.0083,10.737370214633692,14.632352045820223,3.89498183118653,2
2.5,Mouse_333,145.0083,10.718286251221034,14.632352045820223,3.914065794599189,2
2.5,Mouse_333,155.0083,10.739723754675696,14.632352045820223,3.8926282911445256,2
2.5,Mouse_333,165.0083,10.698019590851256,14.632352045820223,3.934332454968965,2
2.5,Mouse_333,175.0083,10.679364182789715,14.632352045820223,3.952987863030506,2
2.5,Mouse_333,185.0083,10.741093616462834,14.632352045820223,3.891258429357389,2
2.5,Mouse_333,195.0083,10.743113788039427,14.632352045820223,3.889238257780794,2
2.5,Mouse_333,205.0087,10.764797821806326,14.632352045820223,3.8675542240138965,2
2.5,Mouse_333,215.0087,10.752356860619882,14.632352045820223,3.87999518520034,2
2.5,Mouse_333,225.0087,10.714961931711112,14.632352045820223,3.9173901141091094,2
2.5,Mouse_333,235.0087,10.722273026101146,14.632352045820223,3.910079019719075,2
2.5,Mouse_333,245.0087,10.749177072843088,14.632352045820223,3.8831749729771334,2
2.5,Mouse_394,0.5083,-1.6921101904385347,17.19001430515336,18.882124495591896,2
2.5,Mouse_394,1.0083,-4.331416742761525,17.19001430515336,21.52143104791488,2
2.5,Mouse_394,1.5083,3.4196854119961766,17.19001430515336,13.770328893157183,2
2.5,Mouse_394,2.0083,4.217485058784295,17.19001430515336,12.972529246369064,2
2.5,Mouse_394,2.5083,7.865127661638984,17.19001430515336,9.324886643514375,2
2.5,Mouse_394,2.7583,5.7416302948788704,17.19001430515336,11.448384010274488,2
2.5,Mouse_394,3.0083,6.667585283377576,17.19001430515336,10.522429021775782,2
2.5,Mouse_394,3.2583,6.2150435741729115,17.19001430515336,10.97497073098045,2
2.5,Mouse_394,3.5083,7.652905980613392,17.19001430515336,9.537108324539968,2
2.5,Mouse_394,3.7583,8.577669265665307,17.19001430515336,8.612345039488051,2
2.5,Mouse_394,4.0083,7.568221136471935,17.19001430515336,9.621793168681425,2
2.5,Mouse_394,4.5083,6.655250100335397,17.19001430515336,10.534764204817963,2
2.5,Mouse_394,5.0083,7.0890093935814775,17.19001430515336,10.10100491157188,2
2.5,Mouse_394,5.5083,6.514057054383067,17.19001430515336,10.67595725077029,2
2.5,Mouse_394,6.0083,6.6673994247029995,17.19001430515336,10.522614880450359,2
2.5,Mouse_394,6.5083,6.504370014210876,17.19001430515336,10.685644290942482,2
2.5,Mouse_394,7.0083,6.930862159142111,17.19001430515336,10.259152146011248,2
2.5,Mouse_394,7.5083,6.772433825162493,17.19001430515336,10.417580479990866,2
2.5,Mouse_394,8.0083,7.760057915006043,17.19001430515336,9.429956390147314,2
2.5,Mouse_394,8.5083,9.50579596748921,17.19001430515336,7.6842183376641495,2
2.5,Mouse_394,9.0083,8.895797016230024,17.19001430515336,8.294217288923337,2
2.5,Mouse_394,9.5083,9.900469305405906,17.19001430515336,7.289544999747454,2
2.5,Mouse_394,10.0083,11.029612130325777,17.19001430515336,6.160402174827581,2
2.5,Mouse_394,11.0083,12.187663246291688,17.19001430515336,5.00235105886167,2
2.5,Mouse_394,12.0083,11.811536161223,17.19001430515336,5.378478143930361,2
2.5,Mouse_394,13.0083,12.738694153625868,17.19001430515336,4.451320151527491,2
2.5,Mouse_394,14.0083,12.897584829608693,17.19001430515336,4.292429475544665,2
2.5,Mouse_394,15.0083,12.695330181933599,17.19001430515336,4.494684123219757,2
2.5,Mouse_394,16.0083,12.89703453966354,17.19001430515336,4.29297976548982,2
2.5,Mouse_394,17.0083,12.90250107046526,17.19001430515336,4.287513234688099,2
2.5,Mouse_394,18.0083,13.123496281929391,17.19001430515336,4.066518023223969,2
2.5,Mouse_394,19.0083,13.241782899903534,17.19001430515336,3.9482314052498255,2
2.5,Mouse_394,20.0084,13.32499609155124,17.19001430515336,3.865018213602119,2
2.5,Mouse_394,22.0084,13.201453878811465,17.19001430515336,3.988560426341894,2
2.5,Mouse_394,24.0084,13.248105983050422,17.19001430515336,3.941908322102936,2
2.5,Mouse_394,26.0084,13.323678676661057,17.19001430515336,3.8663356284923025,2
2.5,Mouse_394,28.0084,13.296366608339802,17.19001430515336,3.8936476968135567,2
2.5,Mouse_394,30.0084,13.270605239298808,17.19001430515336,3.9194090658545506,2
2.5,Mouse_394,32.0084,13.249269780469236,17.19001430515336,3.9407445246841233,2
2.5,Mouse_394,34.0084,13.284260884885569,17.19001430515336,3.905753420267791,2
2.5,Mouse_394,36.0084,13.08418966810705,17.19001430515336,4.105824637046309,2
2.5,Mouse_394,38.0084,13.274044185189506,17.19001430515336,3.915970119963854,2
2.5,Mouse_394,40.0084,13.303224212386466,17.19001430515336,3.8867900927668932,2
2.5,Mouse_394,45.0084,13.257358055499028,17.19001430515336,3.9326562496543325,2
2.5,Mouse_394,48.0084,13.207364847098606,17.19001430515336,3.9826494580547536,2
2.5,Mouse_394,51.0084,13.25645095384821,17.19001430515336,3.93356335130515,2
2.5,Mouse_394,54.0084,13.209594641749657,17.19001430515336,3.980419663403702,2
2.5,Mouse_394,57.0084,13.203703172766115,17.19001430515336,3.986311132387244,2
2.5,Mouse_394,65.0084,13.13891739956961,17.19001430515336,4.051096905583748,2
2.5,Mouse_394,70.0084,13.045654207758204,17.19001430515336,4.144360097395154,2
2.5,Mouse_394,75.0084,13.045626928228401,17.19001430515336,4.144387376924957,2
2.5,Mouse_394,80.0084,12.921399459820925,17.19001430515336,4.268614845332435,2
2.5,Mouse_394,85.0084,12.85271514687943,17.19001430515336,4.33729915827393,2
2.5,Mouse_394,90.0084,12.798512642580953,17.19001430515336,4.391501662572404,2
2.5,Mouse_394,95.0084,12.652884346821363,17.19001430515336,4.537129958331999,2
2.5,Mouse_394,100.0084,12.628591043511545,17.19001430515336,4.5614232616418136,2
2.5,Mouse_394,105.0083,12.57016720567555,17.19001430515336,4.619847099477811,2
2.5,Mouse_394,110.0083,12.478377968958924,17.19001430515336,4.711636336194435,2
2.5,Mouse_394,115.0083,12.456265955775734,17.19001430515336,4.733748349377626,2
2.5,Mouse_394,125.0083,12.189193404460433,17.19001430515336,5.000820900692926,2
2.5,Mouse_394,135.0083,12.118217477866406,17.19001430515336,5.071796827286956,2
2.5,Mouse_394,145.0083,11.956226840069224,17.19001430515336,5.233787465084136,2
2.5,Mouse_394,155.0083,11.745319546650602,17.19001430515336,5.444694758502758,2
2.5,Mouse_394,165.0083,11.628402434330752,17.19001430515336,5.561611870822607,2
2.5,Mouse_394,175.0083,11.486888760645877,17.19001430515336,5.703125544507482,2
2.5,Mouse_394,185.0083,11.339672386665601,17.19001430515336,5.850341918487759,2
2.5,Mouse_394,195.0083,11.197318852250412,17.19001430515336,5.992695452902948,2
2.5,Mouse_394,205.0087,11.083974988400332,17.19001430515336,6.106039316753028,2
2.5,Mouse_394,215.0087,10.917902657448455,17.19001430515336,6.2721116477049055,2
2.5,Mouse_394,225.0087,10.772746556506299,17.19001430515336,6.41726774864706,2
2.5,Mouse_394,235.0087,10.678135206088712,17.19001430515336,6.511879099064647,2
2.5,Mouse_394,245.0087,10.541625440085003,17.19001430515336,6.648388865068356,2
2.5,Mouse_401,0.5083,-0.9340061498672325,13.476305094056272,14.410311243923505,2
2.5,Mouse_401,1.0083,-1.4049666457495682,13.476305094056272,14.88127173980584,2
2.5,Mouse_401,1.5083,0.3633658869437353,13.476305094056272,13.112939207112538,2
2.5,Mouse_401,2.0083,3.54391603196542,13.476305094056272,9.932389062090852,2
2.5,Mouse_401,2.5083,5.0322867480168,13.476305094056272,8.44401834603947,2
2.5,Mouse_401,2.7583,0.5687850799672178,13.476305094056272,12.907520014089053,2
2.5,Mouse_401,3.0083,2.8150629672667655,13.476305094056272,10.661242126789507,2
2.5,Mouse_401,3.2583,4.224610966137616,13.476305094056272,9.251694127918656,2
2.5,Mouse_401,3.5083,4.099683914315833,13.476305094056272,9.37662117974044,2
2.5,Mouse_401,3.7583,3.4204861203428445,13.476305094056272,10.055818973713428,2
2.5,Mouse_401,4.0083,4.374807555998272,13.476305094056272,9.101497538058002,2
2.5,Mouse_401,4.5083,2.4220748584188745,13.476305094056272,11.054230235637398,2
2.5,Mouse_401,5.0083,3.4381376200475247,13.476305094056272,10.038167474008748,2
2.5,Mouse_401,5.5083,2.805021359646996,13.476305094056272,10.671283734409275,2
2.5,Mouse_401,6.0083,1.5227526627363068,13.476305094056272,11.953552431319965,2
2.5,Mouse_401,6.5083,1.3734955203998478,13.476305094056272,12.102809573656424,2
2.5,Mouse_401,7.0083,-0.08438549158102848,13.476305094056272,13.5606905856373,2
2.5,Mouse_401,7.5083,-0.342974963660148,13.476305094056272,13.81928005771642,2
2.5,Mouse_401,8.0083,-0.8795700547895429,13.476305094056272,14.355875148845815,2
2.5,Mouse_401,8.5083,-0.16203633693632202,13.476305094056272,13.638341430992593,2
2.5,Mouse_401,9.0083,0.8601703992779004,13.476305094056272,12.61613469477837,2
2.5,Mouse_401,9.5083,1.4454166498215715,13.476305094056272,12.030888444234701,2
2.5,Mouse_401,10.0083,2.0163572817539315,13.476305094056272,11.45994781230234,2
2.5,Mouse_401,11.0083,3.3605098441289174,13.476305094056272,10.115795249927356,2
2.5,Mouse_401,12.0083,3.0788075881416552,13.476305094056272,10.397497505914616,2
2.5,Mouse_401,13.0083,5.513097816261253,13.476305094056272,7.96320727779502,2
2.5,Mouse_401,14.0083,6.279910058791154,13.476305094056272,7.196395035265118,2
2.5,Mouse_401,15.0083,6.950650900945792,13.476305094056272,6.52565419311048,2
2.5,Mouse_401,16.0083,7.222599653394152,13.476305094056272,6.253705440662122,2
2.5,Mouse_401,17.0083,7.248438194503917,13.476305094056272,6.227866899552355,2
2.5,Mouse_401,18.0083,7.579287287227322,13.476305094056272,5.89701780682895,2
2.5,Mouse_401,19.0083,7.672418536513566,13.476305094056272,5.803886557542706,2
2.5,Mouse_401,20.0084,7.998673687691957,13.476305094056272,5.477631406364316,2
2.5,Mouse_401,22.0084,8.049897812558337,13.476305094056272,5.4264072814979345,2
2.5,Mouse_401,24.0084,8.096056154970762,13.476305094056272,5.380248939085508,2
2.5,Mouse_401,26.0084,8.165762578936196,13.476305094056272,5.310542515120075,2
2.5,Mouse_401,28.0084,8.175159157364345,13.476305094056272,5.3011459366919285,2
2.5,Mouse_401,30.0084,8.157606850726761,13.476305094056272,5.318698243329512,2
2.5,Mouse_401,32.0084,8.135577594364328,13.476305094056272,5.340727499691944,2
2.5,Mouse_401,34.0084,8.0992771869698,13.476305094056272,5.377027907086471,2
2.5,Mouse_401,36.0084,7.975480061488698,13.476305094056272,5.500825032567574,2
2.5,Mouse_401,38.0084,8.18928277719755,13.476305094056272,5.287022316858723,2
2.5,Mouse_401,40.0084,8.089097393647855,13.476305094056272,5.387207700408417,2
2.5,Mouse_401,45.0084,8.00942258017573,13.476305094056272,5.466882513880542,2
2.5,Mouse_401,48.0084,7.9661226260963875,13.476305094056272,5.510182467959885,2
2.5,Mouse_401,51.0084,7.987964373308719,13.476305094056272,5.488340720747553,2
2.5,Mouse_401,54.0084,7.973063207463254,13.476305094056272,5.503241886593019,2
2.5,Mouse_401,57.0084,7.896904896463226,13.476305094056272,5.579400197593047,2
2.5,Mouse_401,65.0084,7.93526330260703,13.476305094056272,5.541041791449242,2
2.5,Mouse_401,70.0084,7.930094160954924,13.476305094056272,5.5462109331013485,2
2.5,Mouse_401,75.0084,7.904458407089101,13.476305094056272,5.571846686967172,2
2.5,Mouse_401,80.0084,7.915360237132185,13.476305094056272,5.5609448569240865,2
2.5,Mouse_401,85.0084,7.888348565308029,13.476305094056272,5.587956528748243,2
2.5,Mouse_401,90.0084,7.954259814806916,13.476305094056272,5.522045279249357,2
2.5,Mouse_401,95.0084,7.96470459582981,13.476305094056272,5.511600498226462,2
2.5,Mouse_401,100.0084,8.010260992638088,13.476305094056272,5.466044101418184,2
2.5,Mouse_401,105.0083,8.01987941346561,13.476305094056272,5.456425680590663,2
2.5,Mouse_401,110.0083,8.123276746433566,13.476305094056272,5.353028347622706,2
2.5,Mouse_401,115.0083,8.078804704954477,13.476305094056272,5.397500389101795,2
2.5,Mouse_401,125.0083,8.098039989643036,13.476305094056272,5.378265104413238,2
2.5,Mouse_401,135.0083,8.117545334610679,13.476305094056272,5.358759759445594,2
2.5,Mouse_401,145.0083,8.096737706721838,13.476305094056272,5.3795673873344345,2
2.5,Mouse_401,155.0083,8.167629343981137,13.476305094056272,5.308675750075136,2
2.5,Mouse_401,165.0083,8.173516450853512,13.476305094056272,5.302788643202762,2
2.5,Mouse_401,175.0083,8.26260460158751,13.476305094056272,5.213700492468762,2
2.5,Mouse_401,185.0083,8.214882013314913,13.476305094056272,5.26142308074136,2
2.5,Mouse_401,195.0083,8.279531155529604,13.476305094056272,5.196773938526668,2
2.5,Mouse_401,205.0087,8.268486609157247,13.476305094056272,5.207818484899026,2
2.5,Mouse_401,215.0087,8.31027190717411,13.476305094056272,5.166033186882162,2
2.5,Mouse_401,225.0087,8.28809829357176,13.476305094056272,5.188206800484512,2
2.5,Mouse_401,235.0087,8.312046505479092,13.476305094056272,5.16425858857718,2
2.5,Mouse_401,245.0087,8.350896697952574,13.476305094056272,5.125408396103698,2
2.5,Mouse_460,0.5083,-0.7791075397078053,14.062660321435088,14.841767861142891,2
2.5,Mouse_460,1.0083,3.334464809054488,14.062660321435088,10.728195512380598,2
2.5,Mouse_460,1.5083,2.180521423030972,14.062660321435088,11.882138898404115,2
2.5,Mouse_460,2.0083,4.891463525881908,14.062660321435088,9.171196795553179,2
2.5,Mouse_460,2.5083,3.8372822681659695,14.062660321435088,10.225378053269118,2
2.5,Mouse_460,2.7583,2.71382981407955,14.062660321435088,11.348830507355537,2
2.5,Mouse_460,3.0083,2.8665038036740063,14.062660321435088,11.19615651776108,2
2.5,Mouse_460,3.2583,3.5920826428437067,14.062660321435088,10.470577678591379,2
2.5,Mouse_460,3.5083,4.011115112137992,14.062660321435088,10.051545209297094,2
2.5,Mouse_460,3.7583,5.231353662043019,14.062660321435088,8.831306659392066,2
2.5,Mouse_460,4.0083,4.5566950523682666,14.062660321435088,9.50596526906682,2
2.5,Mouse_460,4.5083,0.9842874567906144,14.062660321435088,13.078372864644471,2
2.5,Mouse_460,5.0083,1.1581619436367498,14.062660321435088,12.904498377798337,2
2.5,Mouse_460,5.5083,0.7696219551829326,14.062660321435088,13.293038366252155,2
2.5,Mouse_460,6.0083,0.14668391633078587,14.062660321435088,13.9159764051043,2
2.5,Mouse_460,6.5083,0.19835400212724252,14.062660321435088,13.864306319307843,2
2.5,Mouse_460,7.0083,0.6762130610369478,14.062660321435088,13.386447260398139,2
2.5,Mouse_460,7.5083,0.6442171674202841,14.062660321435088,13.418443154014803,2
2.5,Mouse_460,8.0083,2.1572912639832222,14.062660321435088,11.905369057451864,2
2.5,Mouse_460,8.5083,3.0950101971506787,14.062660321435088,10.96765012428441,2
2.5,Mouse_460,9.0083,3.2912558302942334,14.062660321435088,10.771404491140853,2
2.5,Mouse_460,9.5083,4.782404175842981,14.062660321435088,9.280256145592107,2
2.5,Mouse_460,10.0083,6.492284300697796,14.062660321435088,7.5703760207372905,2
2.5,Mouse_460,11.0083,7.793745448373185,14.062660321435088,6.268914873061902,2
2.5,Mouse_460,12.0083,8.145073241714243,14.062660321435088,5.917587079720845,2
2.5,Mouse_460,13.0083,9.236263361648813,14.062660321435088,4.826396959786274,2
2.5,Mouse_460,14.0083,9.02725209753157,14.062660321435088,5.0354082239035165,2
2.5,Mouse_460,15.0083,9.689461764382122,14.062660321435088,4.373198557052964,2
2.5,Mouse_460,16.0083,9.990796538451155,14.062660321435088,4.071863782983932,2
2.5,Mouse_460,17.0083,9.96652998781257,14.062660321435088,4.096130333622513,2
2.5,Mouse_460,18.0083,10.223051454722793,14.062660321435088,3.8396088667122945,2
2.5,Mouse_460,19.0083,10.216408088465645,14.062660321435088,3.8462522329694417,2
2.5,Mouse_460,20.0084,10.425290469789232,14.062660321435088,3.637369851645855,2
2.5,Mouse_460,22.0084,10.575324358494168,14.062660321435088,3.4873359629409175,2
2.5,Mouse_460,24.0084,10.451403601857256,14.062660321435088,3.6112567195778293,2
2.5,Mouse_460,26.0084,10.537677953115873,14.062660321435088,3.524982368319213,2
2.5,Mouse_460,28.0084,10.397142759228315,14.062660321435088,3.6655175622067713,2
2.5,Mouse_460,30.0084,10.360804720286561,14.062660321435088,3.701855601148525,2
2.5,Mouse_460,32.0084,10.398545558707873,14.062660321435088,3.664114762727215,2
2.5,Mouse_460,34.0084,10.359669813710157,14.062660321435088,3.70299050772493,2
2.5,Mouse_460,36.0084,10.486913434648482,14.062660321435088,3.5757468867866047,2
2.5,Mouse_460,38.0084,10.355962768915271,14.062660321435088,3.7066975525198145,2
2.5,Mouse_460,40.0084,10.394064122718113,14.062660321435088,3.668596198716973,2
2.5,Mouse_460,45.0084,10.361948086269003,14.062660321435088,3.7007122351660837,2
2.5,Mouse_460,48.0084,10.326419438626695,14.062660321435088,3.7362408828083904,2
2.5,Mouse_460,51.0084,10.323167893146138,14.062660321435088,3.7394924282889472,2
2.5,Mouse_460,54.0084,10.397876478214243,14.062660321435088,3.6647838432208433,2
2.5,Mouse_460,57.0084,10.362320352706142,14.062660321435088,3.7003399687289447,2
2.5,Mouse_460,65.0084,10.285278479776933,14.062660321435088,3.777381841658155,2
2.5,Mouse_460,70.0084,10.205151589584528,14.062660321435088,3.8575087318505603,2
2.5,Mouse_460,75.0084,10.227220431175898,14.062660321435088,3.835439890259188,2
2.5,Mouse_460,80.0084,10.184119114801705,14.062660321435088,3.878541206633381,2
2.5,Mouse_460,85.0084,10.211354987770756,14.062660321435088,3.851305333664331,2
2.5,Mouse_460,90.0084,10.161994938997895,14.062660321435088,3.900665382437193,2
2.5,Mouse_460,95.0084,10.134805007196352,14.062660321435088,3.9278553142387356,2
2.5,Mouse_460,100.0084,10.116035642871426,14.062660321435088,3.946624678563662,2
2.5,Mouse_460,105.0083,10.02846383612431,14.062660321435088,4.034196485310778,2
2.5,Mouse_460,110.0083,10.046773569541305,14.062660321435088,4.015886751893781,2
2.5,Mouse_460,115.0083,9.983693906360392,14.062660321435088,4.078966415074696,2
2.5,Mouse_460,125.0083,9.888484584291069,14.062660321435088,4.174175737144016,2
2.5,Mouse_460,135.0083,9.834184284895269,14.062660321435088,4.228476036539817,2
2.5,Mouse_460,145.0083,9.821067774332159,14.062660321435088,4.241592547102928,2
2.5,Mouse_460,155.0083,9.705909535236808,14.062660321435088,4.35675078619828,2
2.5,Mouse_460,165.0083,9.694093544403184,14.062660321435088,4.368566777031901,2
2.5,Mouse_460,175.0083,9.623594018327935,14.062660321435088,4.4390663031071504,2
2.5,Mouse_460,185.0083,9.61657682542883,14.062660321435088,4.446083496006257,2
2.5,Mouse_460,195.0083,9.542167260837418,14.062660321435088,4.520493060597668,2
2.5,Mouse_460,205.0087,9.517147649297511,14.062660321435088,4.5455126721375745,2
2.5,Mouse_460,215.0087,9.48409773569226,14.062660321435088,4.5785625857428265,2
2.5,Mouse_460,225.0087,9.434025260486994,14.062660321435088,4.628635060948093,2
2.5,Mouse_460,235.0087,9.415990966883749,14.062660321435088,4.646669354551339,2
2.5,Mouse_460,245.0087,9.403691285350174,14.062660321435088,4.658969036084913,2
2.5,Mouse_464,0.5083,-2.7161345525582847,13.718402036685061,16.434536589243347,2
2.5,Mouse_464,1.0083,2.2913617490706484,13.718402036685061,11.427040287614412,2
2.5,Mouse_464,1.5083,-2.864386226258766,13.718402036685061,16.582788262943826,2
2.5,Mouse_464,2.0083,-3.1560581510140393,13.718402036685061,16.8744601876991,2
2.5,Mouse_464,2.5083,-3.4897410606674493,13.718402036685061,17.20814309735251,2
2.5,Mouse_464,2.7583,-3.4340036862822467,13.718402036685061,17.15240572296731,2
2.5,Mouse_464,3.0083,-4.390659460560678,13.718402036685061,18.10906149724574,2
2.5,Mouse_464,3.2583,-5.472438335804015,13.718402036685061,19.190840372489074,2
2.5,Mouse_464,3.5083,-6.88692638413261,13.718402036685061,20.60532842081767,2
2.5,Mouse_464,3.7583,-5.051918630873149,13.718402036685061,18.77032066755821,2
2.5,Mouse_464,4.0083,-4.647010844227927,13.718402036685061,18.365412880912984,2
2.5,Mouse_464,4.5083,-5.196236892172258,13.718402036685061,18.914638928857315,2
2.5,Mouse_464,5.0083,-5.727524082638214,13.718402036685061,19.445926119323275,2
2.5,Mouse_464,5.5083,-4.654524936868463,13.718402036685061,18.372926973553525,2
2.5,Mouse_464,6.0083,-2.540074279368148,13.718402036685061,16.25847631605321,2
2.5,Mouse_464,6.5083,-1.8731136340343113,13.718402036685061,15.591515670719371,2
2.5,Mouse_464,7.0083,-0.269244280695907,13.718402036685061,13.987646317380968,2
2.5,Mouse_464,7.5083,0.883503469721858,13.718402036685061,12.834898566963204,2
2.5,Mouse_464,8.0083,4.3958042510139865,13.718402036685061,9.322597785671075,2
2.5,Mouse_464,8.5083,6.518716107491732,13.718402036685061,7.199685929193329,2
2.5,Mouse_464,9.0083,7.90724657908431,13.718402036685061,5.81115545760075,2
2.5,Mouse_464,9.5083,7.86979347216559,13.718402036685061,5.848608564519472,2
2.5,Mouse_464,10.0083,8.477531788911946,13.718402036685061,5.240870247773113,2
2.5,Mouse_464,11.0083,7.914386481646426,13.718402036685061,5.804015555038633,2
2.5,Mouse_464,12.0083,7.876310210203376,13.718402036685061,5.842091826481685,2
2.5,Mouse_464,13.0083,7.474495730725165,13.718402036685061,6.2439063059598965,2
2.5,Mouse_464,14.0083,7.405488179068113,13.718402036685061,6.312913857616947,2
2.5,Mouse_464,15.0083,7.52459087439388,13.718402036685061,6.193811162291181,2
2.5,Mouse_464,16.0083,7.73422287113655,13.718402036685061,5.984179165548511,2
2.5,Mouse_464,17.0083,7.4548932509138925,13.718402036685061,6.263508785771167,2
2.5,Mouse_464,18.0083,7.730060364076547,13.718402036685061,5.988341672608514,2
2.5,Mouse_464,19.0083,7.864394583697784,13.718402036685061,5.854007452987276,2
2.5,Mouse_464,20.0084,7.876983643522641,13.718402036685061,5.841418393162421,2
2.5,Mouse_464,22.0084,7.84880138808378,13.718402036685061,5.86960064860128,2
2.5,Mouse_464,24.0084,7.944905899182136,13.718402036685061,5.773496137502924,2
2.5,Mouse_464,26.0084,8.000944487008526,13.718402036685061,5.717457549676533,2
2.5,Mouse_464,28.0084,8.13185682091057,13.718402036685061,5.586545215774491,2
2.5,Mouse_464,30.0084,8.143585681448364,13.718402036685061,5.574816355236697,2
2.5,Mouse_464,32.0084,8.210039945029528,13.718402036685061,5.508362091655533,2
2.5,Mouse_464,34.0084,8.362881067101943,13.718402036685061,5.355520969583116,2
2.5,Mouse_464,36.0084,8.295946100796936,13.718402036685061,5.4224559358881255,2
2.5,Mouse_464,38.0084,8.505926251999632,13.718402036685061,5.212475784685429,2
2.5,Mouse_464,40.0084,8.52369570736596,13.718402036685061,5.194706329319102,2
2.5,Mouse_464,45.0084,8.54373392891273,13.718402036685061,5.17466810777233,2
2.5,Mouse_464,48.0084,8.589270916582787,13.718402036685061,5.129131120102273,2
2.5,Mouse_464,51.0084,8.579889878111162,13.718402036685061,5.138512158573898,2
2.5,Mouse_464,54.0084,8.536228758114094,13.718402036685061,5.182173278570968,2
2.5,Mouse_464,57.0084,8.560104683729952,13.718402036685061,5.158297352955109,2
2.5,Mouse_464,65.0084,8.539627498379513,13.718402036685061,5.178774538305548,2
2.5,Mouse_464,70.0084,8.560508001092963,13.718402036685061,5.157894035592099,2
2.5,Mouse_464,75.0084,8.5711708985838,13.718402036685061,5.14723113810126,2
2.5,Mouse_464,80.0084,8.581913892531398,13.718402036685061,5.136488144153662,2
2.5,Mouse_464,85.0084,8.556652428115525,13.718402036685061,5.161749608569536,2
2.5,Mouse_464,90.0084,8.566311749977585,13.718402036685061,5.152090286707477,2
2.5,Mouse_464,95.0084,8.572885264100883,13.718402036685061,5.145516772584177,2
2.5,Mouse_464,100.0084,8.553524672173259,13.718402036685061,5.164877364511802,2
2.5,Mouse_464,105.0083,8.563792400468591,13.718402036685061,5.154609636216469,2
2.5,Mouse_464,110.0083,8.553907058521379,13.718402036685061,5.164494978163681,2
2.5,Mouse_464,115.0083,8.565899650621812,13.718402036685061,5.152502386063249,2
2.5,Mouse_464,125.0083,8.538419918283328,13.718402036685061,5.179982118401732,2
2.5,Mouse_464,135.0083,8.547032324718442,13.718402036685061,5.171369711966619,2
2.5,Mouse_464,145.0083,8.533708739277802,13.718402036685061,5.184693297407257,2
2.5,Mouse_464,155.0083,8.554162626190752,13.718402036685061,5.164239410494309,2
2.5,Mouse_464,165.0083,8.541072973731218,13.718402036685061,5.1773290629538415,2
2.5,Mouse_464,175.0083,8.512131554177108,13.718402036685061,5.206270482507952,2
2.5,Mouse_464,185.0083,8.552635307925344,13.718402036685061,5.165766728759715,2
2.5,Mouse_464,195.0083,8.516510201620523,13.718402036685061,5.201891835064538,2
2.5,Mouse_464,205.0087,8.507383507780219,13.718402036685061,5.211018528904842,2
2.5,Mouse_464,215.0087,8.512775520791022,13.718402036685061,5.205626515894039,2
2.5,Mouse_464,225.0087,8.507414987011598,13.718402036685061,5.210987049673462,2
2.5,Mouse_464,235.0087,8.521325698350926,13.718402036685061,5.197076338334134,2
2.5,Mouse_464,245.0087,8.512044908312937,13.718402036685061,5.206357128372124,2
2.5,Mouse_467,0.5083,-0.6847534961735757,12.45456863825047,13.139322134424045,2
2.5,Mouse_467,1.0083,-4.1394629369355895,12.45456863825047,16.594031575186058,2
2.5,Mouse_467,1.5083,-2.420248801175061,12.45456863825047,14.87481743942553,2
2.5,Mouse_467,2.0083,-0.4336559188120255,12.45456863825047,12.888224557062495,2
2.5,Mouse_467,2.5083,-1.782969830112691,12.45456863825047,14.23753846836316,2
2.5,Mouse_467,2.7583,-1.2484823725236138,12.45456863825047,13.703051010774084,2
2.5,Mouse_467,3.0083,-2.2502549554256834,12.45456863825047,14.704823593676153,2
2.5,Mouse_467,3.2583,-1.429213245089616,12.45456863825047,13.883781883340088,2
2.5,Mouse_467,3.5083,-0.9230023668403264,12.45456863825047,13.377571005090799,2
2.5,Mouse_467,3.7583,-0.31289322824633015,12.45456863825047,12.767461866496799,2
2.5,Mouse_467,4.0083,-0.39740850901191127,12.45456863825047,12.851977147262382,2
2.5,Mouse_467,4.5083,-0.4581671241569012,12.45456863825047,12.91273576240737,2
2.5,Mouse_467,5.0083,-0.5167564111117411,12.45456863825047,12.971325049362212,2
2.5,Mouse_467,5.5083,-0.6166618880397658,12.45456863825047,13.071230526290236,2
2.5,Mouse_467,6.0083,-0.008125467247571044,12.45456863825047,12.462694105498041,2
2.5,Mouse_467,6.5083,0.07350125819198895,12.45456863825047,12.38106738005848,2
2.5,Mouse_467,7.0083,0.6460120483659502,12.45456863825047,11.808556589884521,2
2.5,Mouse_467,7.5083,0.8572717121342874,12.45456863825047,11.597296926116183,2
2.5,Mouse_467,8.0083,1.998059656610888,12.45456863825047,10.456508981639582,2
2.5,Mouse_467,8.5083,2.8266818108591307,12.45456863825047,9.62788682739134,2
2.5,Mouse_467,9.0083,2.4720131840416233,12.45456863825047,9.982555454208846,2
2.5,Mouse_467,9.5083,2.7358224851289377,12.45456863825047,9.718746153121533,2
2.5,Mouse_467,10.0083,3.799002806052384,12.45456863825047,8.655565832198088,2
2.5,Mouse_467,11.0083,4.243854733209009,12.45456863825047,8.210713905041462,2
2.5,Mouse_467,12.0083,4.296077297387068,12.45456863825047,8.158491340863403,2
2.5,Mouse_467,13.0083,5.592627300419567,12.45456863825047,6.861941337830904,2
2.5,Mouse_467,14.0083,5.5934922746434355,12.45456863825047,6.861076363607035,2
2.5,Mouse_467,15.0083,5.965580742251088,12.45456863825047,6.488987895999382,2
2.5,Mouse_467,16.0083,6.569702163023122,12.45456863825047,5.884866475227349,2
2.5,Mouse_467,17.0083,7.105934407929855,12.45456863825047,5.348634230320615,2
2.5,Mouse_467,18.0083,7.532845716002816,12.45456863825047,4.921722922247653,2
2.5,Mouse_467,19.0083,7.393398483671456,12.45456863825047,5.061170154579015,2
2.5,Mouse_467,20.0084,7.969770776747042,12.45456863825047,4.484797861503428,2
2.5,Mouse_467,22.0084,8.156797214462086,12.45456863825047,4.297771423788384,2
2.5,Mouse_467,24.0084,8.684763480188415,12.45456863825047,3.769805158062054,2
2.5,Mouse_467,26.0084,8.80626658554905,12.45456863825047,3.648302052701421,2
2.5,Mouse_467,28.0084,9.126063142916127,12.45456863825047,3.3285054953343427,2
2.5,Mouse_467,30.0084,9.228006052473653,12.45456863825047,3.226562585776817,2
2.5,Mouse_467,32.0084,9.202881631176782,12.45456863825047,3.25168700707369,2
2.5,Mouse_467,34.0084,9.2628927569232,12.45456863825047,3.191675881327269,2
2.5,Mouse_467,36.0084,9.197550896547906,12.45456863825047,3.257017741702565,2
2.5,Mouse_467,38.0084,9.195798722275104,12.45456863825047,3.2587699159753662,2
2.5,Mouse_467,40.0084,9.23776238049491,12.45456863825047,3.216806257755562,2
2.5,Mouse_467,45.0084,9.241386113561274,12.45456863825047,3.2131825246891954,2
2.5,Mouse_467,48.0084,9.240851210807172,12.45456863825047,3.2137174274432994,2
2.5,Mouse_467,51.0084,9.169545612730495,12.45456863825047,3.285023025519977,2
2.5,Mouse_467,54.0084,9.187518592491596,12.45456863825047,3.267050045758875,2
2.5,Mouse_467,57.0084,9.203578365763878,12.45456863825047,3.2509902724865904,2
2.5,Mouse_467,65.0084,9.155109071762164,12.45456863825047,3.2994595664883066,2
2.5,Mouse_467,70.0084,9.12314050058514,12.45456863825047,3.3314281376653305,2
2.5,Mouse_467,75.0084,9.07209130634281,12.45456863825047,3.3824773319076606,2
2.5,Mouse_467,80.0084,9.104526456290415,12.45456863825047,3.350042181960055,2
2.5,Mouse_467,85.0084,9.005289225112186,12.45456863825047,3.4492794131382847,2
2.5,Mouse_467,90.0084,9.00117244448027,12.45456863825047,3.4533961937701996,2
2.5,Mouse_467,95.0084,9.000612506900543,12.45456863825047,3.453956131349927,2
2.5,Mouse_467,100.0084,8.960997548219392,12.45456863825047,3.493571090031077,2
2.5,Mouse_467,105.0083,8.835739048384738,12.45456863825047,3.6188295898657326,2
2.5,Mouse_467,110.0083,8.84700440761218,12.45456863825047,3.607564230638289,2
2.5,Mouse_467,115.0083,8.867161952182464,12.45456863825047,3.5874066860680065,2
2.5,Mouse_467,125.0083,8.80900217627659,12.45456863825047,3.64556646197388,2
2.5,Mouse_467,135.0083,8.768517298905353,12.45456863825047,3.6860513393451173,2
2.5,Mouse_467,145.0083,8.7194217032276,12.45456863825047,3.735146935022871,2
2.5,Mouse_467,155.0083,8.788248445385825,12.45456863825047,3.6663201928646454,2
2.5,Mouse_467,165.0083,8.757391696201175,12.45456863825047,3.6971769420492953,2
2.5,Mouse_467,175.0083,8.685124663179636,12.45456863825047,3.7694439750708355,2
2.5,Mouse_467,185.0083,8.816852729174236,12.45456863825047,3.6377159090762348,2
2.5,Mouse_467,195.0083,8.783769081204888,12.45456863825047,3.6707995570455827,2
2.5,Mouse_467,205.0087,8.79023454824285,12.45456863825047,3.6643340900076216,2
2.5,Mouse_467,215.0087,8.76826282339778,12.45456863825047,3.686305814852692,2
2.5,Mouse_467,225.0087,8.755580931933979,12.45456863825047,3.6989877063164913,2
2.5,Mouse_467,235.0087,8.793156808130309,12.45456863825047,3.6614118301201604,2
2.5,Mouse_467,245.0087,8.705935147749432,12.45456863825047,3.748633490501038,2
2.5,Mouse_469,0.5083,-1.2400885717828993,15.698760488575068,16.938849060357967,2
2.5,Mouse_469,1.0083,4.673953906458545,15.698760488575068,11.024806582116526,2
2.5,Mouse_469,1.5083,0.46067790587554125,15.698760488575068,15.23808258269953,2
2.5,Mouse_469,2.0083,5.1635800297559085,15.698760488575068,10.53518045881916,2
2.5,Mouse_469,2.5083,4.806196621893183,15.698760488575068,10.892563866681886,2
2.5,Mouse_469,2.7583,2.7378345644871747,15.698760488575068,12.960925924087896,2
2.5,Mouse_469,3.0083,3.8364675847871297,15.698760488575068,11.862292903787939,2
2.5,Mouse_469,3.2583,3.1746967317637402,15.698760488575068,12.52406375681133,2
2.5,Mouse_469,3.5083,4.023954034189464,15.698760488575068,11.674806454385603,2
2.5,Mouse_469,3.7583,3.076750130972166,15.698760488575068,12.622010357602903,2
2.5,Mouse_469,4.0083,3.4795823626834936,15.698760488575068,12.219178125891576,2
2.5,Mouse_469,4.5083,1.2658365936832894,15.698760488575068,14.432923894891779,2
2.5,Mouse_469,5.0083,1.2022370238164584,15.698760488575068,14.49652346475861,2
2.5,Mouse_469,5.5083,0.7136882454965905,15.698760488575068,14.985072243078479,2
2.5,Mouse_469,6.0083,0.5646006721086545,15.698760488575068,15.134159816466415,2
2.5,Mouse_469,6.5083,0.3781666062165608,15.698760488575068,15.320593882358509,2
2.5,Mouse_469,7.0083,1.6014823595689525,15.698760488575068,14.097278129006117,2
2.5,Mouse_469,7.5083,2.1228062485026706,15.698760488575068,13.575954240072399,2
2.5,Mouse_469,8.0083,3.711644767494821,15.698760488575068,11.987115721080247,2
2.5,Mouse_469,8.5083,5.645598115197368,15.698760488575068,10.0531623733777,2
2.5,Mouse_469,9.0083,6.273067606662944,15.698760488575068,9.425692881912125,2
2.5,Mouse_469,9.5083,7.216957389094236,15.698760488575068,8.481803099480832,2
2.5,Mouse_469,10.0083,9.434979715435437,15.698760488575068,6.263780773139633,2
2.5,Mouse_469,11.0083,9.551463087053953,15.698760488575068,6.147297401521117,2
2.5,Mouse_469,12.0083,9.913238991943132,15.698760488575068,5.785521496631937,2
2.5,Mouse_469,13.0083,9.62081433787917,15.698760488575068,6.0779461506959,2
2.5,Mouse_469,14.0083,9.848094699679296,15.698760488575068,5.850665788895774,2
2.5,Mouse_469,15.0083,9.928011698640697,15.698760488575068,5.7707487899343715,2
2.5,Mouse_469,16.0083,10.170864829713398,15.698760488575068,5.52789565886167,2
2.5,Mouse_469,17.0083,10.338232948193149,15.698760488575068,5.36052754038192,2
2.5,Mouse_469,18.0083,10.417093645363234,15.698760488575068,5.281666843211834,2
2.5,Mouse_469,19.0083,10.379858757628392,15.698760488575068,5.318901730946677,2
2.5,Mouse_469,20.0084,10.478576631284469,15.698760488575068,5.2201838572906,2
2.5,Mouse_469,22.0084,10.349413669383548,15.698760488575068,5.349346819191519,2
2.5,Mouse_469,24.0084,10.100255167660624,15.698760488575068,5.598505320914445,2
2.5,Mouse_469,26.0084,10.127826842985062,15.698760488575068,5.5709336455900065,2
2.5,Mouse_469,28.0084,9.900134106149098,15.698760488575068,5.798626382425972,2
2.5,Mouse_469,30.0084,9.714336895949554,15.698760488575068,5.984423592625516,2
2.5,Mouse_469,32.0084,9.486893418921643,15.698760488575068,6.211867069653427,2
2.5,Mouse_469,34.0084,9.473017982565864,15.698760488575068,6.225742506009205,2
2.5,Mouse_469,36.0084,9.31757020194516,15.698760488575068,6.381190286629911,2
2.5,Mouse_469,38.0084,9.341908428542462,15.698760488575068,6.356852060032608,2
2.5,Mouse_469,40.0084,9.217478260005137,15.698760488575068,6.481282228569933,2
2.5,Mouse_469,45.0084,8.972488232952761,15.698760488575068,6.726272255622309,2
2.5,Mouse_469,48.0084,8.831755596819367,15.698760488575068,6.867004891755703,2
2.5,Mouse_469,51.0084,8.794665929602875,15.698760488575068,6.904094558972194,2
2.5,Mouse_469,54.0084,8.684516308974997,15.698760488575068,7.014244179600071,2
2.5,Mouse_469,57.0084,8.651737676981755,15.698760488575068,7.047022811593314,2
2.5,Mouse_469,65.0084,8.466515319944733,15.698760488575068,7.232245168630335,2
2.5,Mouse_469,70.0084,8.383623373924294,15.698760488575068,7.315137114650774,2
2.5,Mouse_469,75.0084,8.271976288339854,15.698760488575068,7.426784200235215,2
2.5,Mouse_469,80.0084,8.193239287920818,15.698760488575068,7.505521200654252,2
2.5,Mouse_469,85.0084,8.085685579704048,15.698760488575068,7.613074908871022,2
2.5,Mouse_469,90.0084,8.095008525503705,15.698760488575068,7.603751963071366,2
2.5,Mouse_469,95.0084,8.018185153746451,15.698760488575068,7.680575334828617,2
2.5,Mouse_469,100.0084,7.990911781219532,15.698760488575068,7.707848707355536,2
2.5,Mouse_469,105.0083,7.939737062316562,15.698760488575068,7.759023426258507,2
2.5,Mouse_469,110.0083,7.986078799445179,15.698760488575068,7.71268168912989,2
2.5,Mouse_469,115.0083,7.961392118949015,15.698760488575068,7.737368369626054,2
2.5,Mouse_469,125.0083,7.731601579882473,15.698760488575068,7.967158908692596,2
2.5,Mouse_469,135.0083,7.757914104561917,15.698760488575068,7.9408463840131525,2
2.5,Mouse_469,145.0083,7.692542100152305,15.698760488575068,8.006218388422765,2
2.5,Mouse_469,155.0083,7.627439132114536,15.698760488575068,8.071321356460533,2
2.5,Mouse_469,165.0083,7.578978445344108,15.698760488575068,8.119782043230963,2
2.5,Mouse_469,175.0083,7.607374241672248,15.698760488575068,8.091386246902822,2
2.5,Mouse_469,185.0083,7.493053441052573,15.698760488575068,8.205707047522496,2
2.5,Mouse_469,195.0083,7.515230501764738,15.698760488575068,8.183529986810331,2
2.5,Mouse_469,205.0087,7.45719440760998,15.698760488575068,8.24156608096509,2
2.5,Mouse_469,215.0087,7.482915837732618,15.698760488575068,8.215844650842453,2
2.5,Mouse_469,225.0087,7.441052054657721,15.698760488575068,8.25770843391735,2
2.5,Mouse_469,235.0087,7.437669568948451,15.698760488575068,8.261090919626618,2
2.5,Mouse_469,245.0087,7.4309094930998105,15.698760488575068,8.267850995475259,2
2.5,Mouse_470,0.5083,1.9193847590813484,6.681925324818156,4.762540565736807,2
2.5,Mouse_470,1.0083,-4.217330689088742,6.681925324818156,10.899256013906896,2
2.5,Mouse_470,1.5083,1.4975779290043698,6.681925324818156,5.184347395813786,2
2.5,Mouse_470,2.0083,-4.821512132575357,6.681925324818156,11.503437457393513,2
2.5,Mouse_470,2.5083,-0.4549962151482325,6.681925324818156,7.136921539966388,2
2.5,Mouse_470,2.7583,-2.6208587211404435,6.681925324818156,9.302784045958598,2
2.5,Mouse_470,3.0083,-0.7643346992380491,6.681925324818156,7.446260024056205,2
2.5,Mouse_470,3.2583,-1.2297864372230998,6.681925324818156,7.9117117620412545,2
2.5,Mouse_470,3.5083,-1.629754120049733,6.681925324818156,8.31167944486789,2
2.5,Mouse_470,3.7583,-1.5549529561351356,6.681925324818156,8.236878280953292,2
2.5,Mouse_470,4.0083,-2.1481754145252343,6.681925324818156,8.83010073934339,2
2.5,Mouse_470,4.5083,-0.9294619022723278,6.681925324818156,7.611387227090484,2
2.5,Mouse_470,5.0083,-0.16103566089875845,6.681925324818156,6.842960985716914,2
2.5,Mouse_470,5.5083,0.6909575974545392,6.681925324818156,5.990967727363616,2
2.5,Mouse_470,6.0083,1.047512594517897,6.681925324818156,5.634412730300259,2
2.5,Mouse_470,6.5083,1.2429693905076877,6.681925324818156,5.438955934310468,2
2.5,Mouse_470,7.0083,2.1840440656010207,6.681925324818156,4.497881259217134,2
2.5,Mouse_470,7.5083,2.5539117967013834,6.681925324818156,4.128013528116773,2
2.5,Mouse_470,8.0083,2.4968330530757927,6.681925324818156,4.185092271742363,2
2.5,Mouse_470,8.5083,3.196340986136743,6.681925324818156,3.485584338681413,2
2.5,Mouse_470,9.0083,2.5580854579002,6.681925324818156,4.1238398669179555,2
2.5,Mouse_470,9.5083,1.9123109747855271,6.681925324818156,4.7696143500326285,2
2.5,Mouse_470,10.0083,2.5534168234571455,6.681925324818156,4.12850850136101,2
2.5,Mouse_470,11.0083,1.7547590399574697,6.681925324818156,4.927166284860686,2
2.5,Mouse_470,12.0083,1.7607753732610187,6.681925324818156,4.921149951557137,2
2.5,Mouse_470,13.0083,1.299348608047668,6.681925324818156,5.382576716770488,2
2.5,Mouse_470,14.0083,0.9299152384571063,6.681925324818156,5.752010086361049,2
2.5,Mouse_470,15.0083,0.7563464371955155,6.681925324818156,5.92557888762264,2
2.5,Mouse_470,16.0083,0.43367714693858384,6.681925324818156,6.248248177879572,2
2.5,Mouse_470,17.0083,0.3018419585475507,6.681925324818156,6.380083366270606,2
2.5,Mouse_470,18.0083,0.06366098718579671,6.681925324818156,6.618264337632359,2
2.5,Mouse_470,19.0083,0.14802133254175764,6.681925324818156,6.533903992276398,2
2.5,Mouse_470,20.0084,0.3526186376466218,6.681925324818156,6.329306687171535,2
2.5,Mouse_470,22.0084,0.40779057313788325,6.681925324818156,6.274134751680272,2
2.5,Mouse_470,24.0084,0.09810228786300446,6.681925324818156,6.583823036955151,2
2.5,Mouse_470,26.0084,0.37851142017918527,6.681925324818156,6.303413904638971,2
2.5,Mouse_470,28.0084,0.37138336040365605,6.681925324818156,6.3105419644145,2
2.5,Mouse_470,30.0084,0.37592482277007244,6.681925324818156,6.306000502048083,2
2.5,Mouse_470,32.0084,0.32454079954407655,6.681925324818156,6.35738452527408,2
2.5,Mouse_470,34.0084,0.6808080732112427,6.681925324818156,6.001117251606912,2
2.5,Mouse_470,36.0084,-0.05756585801948111,6.681925324818156,6.739491182837638,2
2.5,Mouse_470,38.0084,0.6199661117585484,6.681925324818156,6.061959213059607,2
2.5,Mouse_470,40.0084,0.5200207726360739,6.681925324818156,6.161904552182081,2
2.5,Mouse_470,45.0084,0.31857281767863865,6.681925324818156,6.363352507139517,2
2.5,Mouse_470,48.0084,0.37264398317784186,6.681925324818156,6.309281341640314,2
2.5,Mouse_470,51.0084,0.2090067150080701,6.681925324818156,6.472918609810085,2
2.5,Mouse_470,54.0084,0.0015067461540509974,6.681925324818156,6.680418578664105,2
2.5,Mouse_470,57.0084,-0.015573073946468341,6.681925324818156,6.6974983987646235,2
2.5,Mouse_470,65.0084,-0.09101879409218627,6.681925324818156,6.772944118910343,2
2.5,Mouse_470,70.0084,-0.366578137742398,6.681925324818156,7.0485034625605545,2
2.5,Mouse_470,75.0084,-0.37424095537994484,6.681925324818156,7.0561662801981,2
2.5,Mouse_470,80.0084,-0.3330937224160535,6.681925324818156,7.01501904723421,2
2.5,Mouse_470,85.0084,-0.5496860172855236,6.681925324818156,7.2316113421036805,2
2.5,Mouse_470,90.0084,-0.4662592167990609,6.681925324818156,7.1481845416172165,2
2.5,Mouse_470,95.0084,-0.41484233154199046,6.681925324818156,7.0967676563601465,2
2.5,Mouse_470,100.0084,-0.5108958051083241,6.681925324818156,7.19282112992648,2
2.5,Mouse_470,105.0083,-0.6956683098150855,6.681925324818156,7.377593634633241,2
2.5,Mouse_470,110.0083,-0.5610436336601503,6.681925324818156,7.242968958478306,2
2.5,Mouse_470,115.0083,-0.5883795584464404,6.681925324818156,7.270304883264596,2
2.5,Mouse_470,125.0083,-0.6147788407931212,6.681925324818156,7.296704165611277,2
2.5,Mouse_470,135.0083,-0.5302148100747757,6.681925324818156,7.212140134892931,2
2.5,Mouse_470,145.0083,-0.6737362284562676,6.681925324818156,7.355661553274423,2
2.5,Mouse_470,155.0083,-0.533747493657569,6.681925324818156,7.215672818475724,2
2.5,Mouse_470,165.0083,-0.5003279818086903,6.681925324818156,7.182253306626846,2
2.5,Mouse_470,175.0083,-0.4900145184968827,6.681925324818156,7.171939843315038,2
2.5,Mouse_470,185.0083,-0.5290448174482063,6.681925324818156,7.210970142266362,2
2.5,Mouse_470,195.0083,-0.5237241502250405,6.681925324818156,7.205649475043196,2
2.5,Mouse_470,205.0087,-0.536205802762693,6.681925324818156,7.218131127580849,2
2.5,Mouse_470,215.0087,-0.5302803440568442,6.681925324818156,7.212205668875,2
2.5,Mouse_470,225.0087,-0.5597682236370876,6.681925324818156,7.241693548455244,2
2.5,Mouse_470,235.0087,-0.5278602601380986,6.681925324818156,7.209785584956254,2
2.5,Mouse_470,245.0087,-0.5703151704464582,6.681925324818156,7.252240495264614,2
