AnimalID,target_ATP_mM,frequency_Hz,gain_pp,baseline_nrmse_pct,augmented_nrmse_pct,c_Hz,d_c,xi_c
Mouse_328,0.05,0.5083,-1.351197873092346,18.280738683309647,19.631936556401996,6.73715,2.5843204413631007,0.07544733307110574
Mouse_328,0.05,1.0083,-1.349083507092459,18.280738683309647,19.629822190402106,6.73715,1.8993712424167881,0.14966269119731637
Mouse_328,0.05,1.5083,-3.688461270785957,18.280738683309647,21.969199954095604,6.73715,1.4966537980417511,0.223878049323527
Mouse_328,0.05,2.0083,4.269246207283675,18.280738683309647,14.011492476025971,6.73715,1.2103483937733253,0.29809340744973767
Mouse_328,0.05,2.5083,1.5049585924069042,18.280738683309647,16.775780090902742,6.73715,0.9880317539918357,0.37230876557594833
Mouse_328,0.05,2.7583,1.5848872746063094,18.280738683309647,16.695851408703337,6.73715,0.893022438903968,0.40941644463905363
Mouse_328,0.05,3.0083,2.4730255757994524,18.280738683309647,15.807713107510194,6.73715,0.806261851676783,0.446524123702159
Mouse_328,0.05,3.2583,3.4115904555211376,18.280738683309647,14.869148227788507,6.73715,0.7264313998618576,0.4836318027652643
Mouse_328,0.05,3.5083,4.284663924367223,18.280738683309647,13.996074758942424,6.73715,0.6525053971662702,0.5207394818283696
Mouse_328,0.05,3.7583,6.25018857796633,18.280738683309647,12.030550105343316,6.73715,0.5836702593321206,0.5578471608914749
Mouse_328,0.05,4.0083,4.638677010558853,18.280738683309647,13.642061672750794,6.73715,0.5192697755529997,0.5949548399545802
Mouse_328,0.05,4.5083,1.8175396811508333,18.280738683309647,16.463199002158813,6.73715,0.4017168445120607,0.6691701980807909
Mouse_328,0.05,5.0083,1.833379596726964,18.280738683309647,16.447359086582683,6.73715,0.29654045067685075,0.7433855562070015
Mouse_328,0.05,5.5083,2.4746951182929404,18.280738683309647,15.806043565016706,6.73715,0.20138094121970676,0.8176009143332121
Mouse_328,0.05,6.0083,0.823347502998697,18.280738683309647,17.45739118031095,6.73715,0.11449514019651494,0.8918162724594229
Mouse_328,0.05,6.5083,1.2660241539519357,18.280738683309647,17.01471452935771,6.73715,0.03455870142822076,0.9660316305856335
Mouse_328,0.05,7.0083,0.3987699021615718,18.280738683309647,17.881968781148075,6.73715,0.03945817410320217,1.0402469887118442
Mouse_328,0.05,7.5083,0.271393558771944,18.280738683309647,18.009345124537703,6.73715,0.10837208847096294,1.1144623468380548
Mouse_328,0.05,8.0083,0.3641384694609186,18.280738683309647,17.916600213848728,6.73715,0.17284151701485803,1.1886777049642654
Mouse_328,0.05,8.5083,1.109149181069597,18.280738683309647,17.17158950224005,6.73715,0.23340517081340667,1.262893063090476
Mouse_328,0.05,9.0083,0.7606068404858917,18.280738683309647,17.520131842823755,6.73715,0.2905093877389747,1.3371084212166866
Mouse_328,0.05,9.5083,1.363581612235194,18.280738683309647,16.917157071074453,6.73715,0.34452811454330673,1.4113237793428972
Mouse_328,0.05,10.0083,2.0144828566933555,18.280738683309647,16.26625582661629,6.73715,0.3957777619007022,1.485539137469108
Mouse_328,0.05,11.0083,3.367846986069944,18.280738683309647,14.912891697239704,6.73715,0.4910125468927902,1.6339698537215293
Mouse_328,0.05,12.0083,2.847201368047882,18.280738683309647,15.433537315261765,6.73715,0.5779610905296987,1.7824005699739505
Mouse_328,0.05,13.0083,4.504443290657116,18.280738683309647,13.77629539265253,6.73715,0.6579506284363207,1.9308312862263717
Mouse_328,0.05,14.0083,4.732075503677374,18.280738683309647,13.548663179632271,6.73715,0.7320130242539274,2.079262002478793
Mouse_328,0.05,15.0083,4.999047622684399,18.280738683309647,13.281691060625247,6.73715,0.8009663945692832,2.2276927187312143
Mouse_328,0.05,16.0083,4.997493013785711,18.280738683309647,13.283245669523936,6.73715,0.8654703509016933,2.3761234349836355
Mouse_328,0.05,17.0083,5.043108693118414,18.280738683309647,13.237629990191232,6.73715,0.9260644733684418,2.5245541512360568
Mouse_328,0.05,18.0083,5.376401032978508,18.280738683309647,12.904337650331138,6.73715,0.9831957758943963,2.672984867488478
Mouse_328,0.05,19.0083,5.89402535346804,18.280738683309647,12.386713329841609,6.73715,1.037238739050149,2.821415583740899
Mouse_328,0.05,20.0084,6.1652021096197664,18.280738683309647,12.11553657368988,6.73715,1.0885151985448587,2.9698611430649464
Mouse_328,0.05,22.0084,6.609194169091989,18.280738683309647,11.671544514217658,6.73715,1.1837872118323007,3.266722575569789
Mouse_328,0.05,24.0084,6.976612668341399,18.280738683309647,11.304126014968247,6.73715,1.270766782278413,3.5635840080746313
Mouse_328,0.05,26.0084,7.275940966646674,18.280738683309647,11.004797716662972,6.73715,1.3507825759326273,3.8604454405794737
Mouse_328,0.05,28.0084,7.624884443749108,18.280738683309647,10.655854239560538,6.73715,1.4248674783503812,4.157306873084316
Mouse_328,0.05,30.0084,7.911041639288292,18.280738683309647,10.369697044021354,6.73715,1.4938403556356505,4.454168305589159
Mouse_328,0.05,32.0084,8.340245680380207,18.280738683309647,9.94049300292944,6.73715,1.558361381518809,4.751029738094002
Mouse_328,0.05,34.0084,8.535912141640837,18.280738683309647,9.74482654166881,6.73715,1.6189705660918647,5.047891170598844
Mouse_328,0.05,36.0084,8.409312179299267,18.280738683309647,9.87142650401038,6.73715,1.6761152577376344,5.344752603103687
Mouse_328,0.05,38.0084,8.782988939758937,18.280738683309647,9.49774974355071,6.73715,1.730170201095611,5.641614035608529
Mouse_328,0.05,40.0084,8.89873550973738,18.280738683309647,9.382003173572269,6.73715,1.7814524452332021,5.938475468113372
Mouse_328,0.05,45.0084,9.043962085338745,18.280738683309647,9.236776597970904,6.73715,1.8992121521831113,6.6806290493754785
Mouse_328,0.05,48.0084,9.140182653309534,18.280738683309647,9.140556030000113,6.73715,1.9637390087633566,7.125921198132742
Mouse_328,0.05,51.0084,9.143095073921256,18.280738683309647,9.13764360938839,6.73715,2.0243533382103336,7.571213346890006
Mouse_328,0.05,54.0084,9.15570210320442,18.280738683309647,9.125036580105226,6.73715,2.0815026031884982,8.01650549564727
Mouse_328,0.05,57.0084,9.168153050214954,18.280738683309647,9.112585633094692,6.73715,2.135561638564123,8.461797644404534
Mouse_328,0.05,65.0084,9.48831013430522,18.280738683309647,8.792428549004425,6.73715,2.2668795054814708,9.649243374423904
Mouse_328,0.05,70.0084,9.5779976973991,18.280738683309647,8.702740985910546,6.73715,2.340978248016114,10.391396955686009
Mouse_328,0.05,75.0084,9.633978576193917,18.280738683309647,8.64676010711573,6.73715,2.409963120430958,11.133550536948116
Mouse_328,0.05,80.0084,9.69678172661599,18.280738683309647,8.583956956693656,6.73715,2.474494642327947,11.875704118210223
Mouse_328,0.05,85.0084,9.80464000403977,18.280738683309647,8.476098679269876,6.73715,2.5351130883031843,12.617857699472328
Mouse_328,0.05,90.0084,9.988438513727314,18.280738683309647,8.292300169582333,6.73715,2.592266012474493,13.360011280734435
Mouse_328,0.05,95.0084,9.93725375570177,18.280738683309647,8.343484927607877,6.73715,2.646328321910441,14.102164861996542
Mouse_328,0.05,100.0084,10.097465113424816,18.280738683309647,8.18327356988483,6.73715,2.697617195626468,14.844318443258647
Mouse_328,0.05,105.0083,10.164386855683126,18.280738683309647,8.11635182762652,6.73715,2.746402407818652,15.58645718144913
Mouse_328,0.05,110.0083,10.201804534497729,18.280738683309647,8.078934148811918,6.73715,2.792918830657499,16.328610762711236
Mouse_328,0.05,115.0083,10.23716591930955,18.280738683309647,8.043572764000096,6.73715,2.8373673128380617,17.070764343973345
Mouse_328,0.05,125.0083,10.36166184423714,18.280738683309647,7.919076839072506,6.73715,2.920743148264098,18.555071506497555
Mouse_328,0.05,135.0083,10.514262442023943,18.280738683309647,7.766476241285701,6.73715,2.9976992711961814,20.039378669021765
Mouse_328,0.05,145.0083,10.494942281204732,18.280738683309647,7.785796402104913,6.73715,3.069153995327839,21.52368583154598
Mouse_328,0.05,155.0083,10.52827127647208,18.280738683309647,7.7524674068375665,6.73715,3.135841677038859,23.007992994070193
Mouse_328,0.05,165.0083,10.70878184567232,18.280738683309647,7.571956837637327,6.73715,3.198358788831908,24.492300156594407
Mouse_328,0.05,175.0083,10.739403756264842,18.280738683309647,7.541334927044805,6.73715,3.257196414536423,25.976607319118617
Mouse_328,0.05,185.0083,10.680658625950995,18.280738683309647,7.6000800573586496,6.73715,3.312763702102971,27.46091448164283
Mouse_328,0.05,195.0083,10.718801582498369,18.280738683309647,7.561937100811278,6.73715,3.3654051349266645,28.945221644167045
Mouse_328,0.05,205.0087,10.760259579025252,18.280738683309647,7.520479104284394,6.73715,3.415415430428468,30.42958817897776
Mouse_328,0.05,215.0087,10.800459756326095,18.280738683309647,7.480278926983551,6.73715,3.4630415055914305,31.913895341501973
Mouse_328,0.05,225.0087,10.745630648199064,18.280738683309647,7.535108035110584,6.73715,3.50850208128973,33.39820250402619
Mouse_328,0.05,235.0087,10.80971981341592,18.280738683309647,7.471018869893727,6.73715,3.5519855479016633,34.8825096665504
Mouse_328,0.05,245.0087,10.815198608678354,18.280738683309647,7.465540074631291,6.73715,3.5936567332845155,36.36681682907461
Mouse_328,0.1,0.5083,-1.4107970085801718,18.259281841484466,19.670078850064638,5.800050000000001,2.4345499927341514,0.08763717554159015
Mouse_328,0.1,1.0083,-2.656374241393614,18.259281841484466,20.91565608287808,5.800050000000001,1.7496007937878384,0.17384332893681947
Mouse_328,0.1,1.5083,-4.395676134554247,18.259281841484466,22.65495797603871,5.800050000000001,1.3468833494128014,0.26004948233204883
Mouse_328,0.1,2.0083,4.607485890581781,18.259281841484466,13.65179595090268,5.800050000000001,1.0605779451443755,0.3462556357272782
Mouse_328,0.1,2.5083,1.288392176627852,18.259281841484466,16.97088966485661,5.800050000000001,0.8382613053628861,0.43246178912250755
Mouse_328,0.1,2.7583,1.6026697907847025,18.259281841484466,16.65661205069976,5.800050000000001,0.7432519902750182,0.47556486582012225
Mouse_328,0.1,3.0083,2.0901206769439256,18.259281841484466,16.169161164540537,5.800050000000001,0.6564914030478334,0.5186679425177368
Mouse_328,0.1,3.2583,2.729987272994713,18.259281841484466,15.52929456848975,5.800050000000001,0.576660951232908,0.5617710192153516
Mouse_328,0.1,3.5083,4.528355616203816,18.259281841484466,13.730926225280646,5.800050000000001,0.5027349485373205,0.6048740959129663
Mouse_328,0.1,3.7583,5.545000581690379,18.259281841484466,12.714281259794085,5.800050000000001,0.4338998107031708,0.647977172610581
Mouse_328,0.1,4.0083,4.518611085596669,18.259281841484466,13.740670755887791,5.800050000000001,0.36949932692404996,0.6910802493081956
Mouse_328,0.1,4.5083,2.131313683004634,18.259281841484466,16.127968158479828,5.800050000000001,0.25194639588311096,0.777286402703425
Mouse_328,0.1,5.0083,2.2542846981805944,18.259281841484466,16.004997143303868,5.800050000000001,0.14677000204790105,0.8634925560986543
Mouse_328,0.1,5.5083,2.597204709218987,18.259281841484466,15.662077132265477,5.800050000000001,0.05161049259075706,0.9496987094938836
Mouse_328,0.1,6.0083,0.8184764682069137,18.259281841484466,17.44080537327755,5.800050000000001,0.03527530843243473,1.035904862889113
Mouse_328,0.1,6.5083,1.590873565006433,18.259281841484466,16.66840827647803,5.800050000000001,0.115211747200729,1.1221110162843424
Mouse_328,0.1,7.0083,0.6780255488815818,18.259281841484466,17.58125629260288,5.800050000000001,0.1892286227321517,1.2083171696795716
Mouse_328,0.1,7.5083,0.5760093414198124,18.259281841484466,17.68327250006465,5.800050000000001,0.2581425370999126,1.294523323074801
Mouse_328,0.1,8.0083,0.7741998925100155,18.259281841484466,17.485081948974447,5.800050000000001,0.3226119656438078,1.3807294764700304
Mouse_328,0.1,8.5083,1.8106030376185664,18.259281841484466,16.448678803865896,5.800050000000001,0.3831756194423563,1.4669356298652596
Mouse_328,0.1,9.0083,1.3289708329532033,18.259281841484466,16.93031100853126,5.800050000000001,0.44027983636792445,1.553141783260489
Mouse_328,0.1,9.5083,2.277314407526818,18.259281841484466,15.981967433957644,5.800050000000001,0.4942985631722565,1.6393479366557184
Mouse_328,0.1,10.0083,3.0334636889014472,18.259281841484466,15.225818152583017,5.800050000000001,0.5455482105296517,1.7255540900509476
Mouse_328,0.1,11.0083,4.481932304362724,18.259281841484466,13.777349537121738,5.800050000000001,0.6407829955217399,1.8979663968414064
Mouse_328,0.1,12.0083,4.02109122559701,18.259281841484466,14.238190615887452,5.800050000000001,0.7277315391586483,2.070378703631865
Mouse_328,0.1,13.0083,5.910935066991842,18.259281841484466,12.34834677449262,5.800050000000001,0.8077210770652705,2.242791010422324
Mouse_328,0.1,14.0083,6.1584947754759,18.259281841484466,12.100787066008564,5.800050000000001,0.881783472882877,2.4152033172127823
Mouse_328,0.1,15.0083,6.511497842709963,18.259281841484466,11.7477839987745,5.800050000000001,0.9507368431982329,2.587615624003241
Mouse_328,0.1,16.0083,6.511605847721222,18.259281841484466,11.74767599376324,5.800050000000001,1.015240799530643,2.7600279307936995
Mouse_328,0.1,17.0083,6.585908899500288,18.259281841484466,11.673372941984177,5.800050000000001,1.0758349219973915,2.9324402375841583
Mouse_328,0.1,18.0083,6.8869167274737,18.259281841484466,11.372365114010762,5.800050000000001,1.132966224523346,3.1048525443746167
Mouse_328,0.1,19.0083,7.441154471053629,18.259281841484466,10.818127370430831,5.800050000000001,1.1870091876790987,3.2772648511650755
Mouse_328,0.1,20.0084,7.674431125490003,18.259281841484466,10.58485071599446,5.800050000000001,1.2382856471738084,3.449694399186214
Mouse_328,0.1,22.0084,8.060379761898224,18.259281841484466,10.198902079586238,5.800050000000001,1.3335576604612502,3.794519012767131
Mouse_328,0.1,24.0084,8.430825433754448,18.259281841484466,9.828456407730014,5.800050000000001,1.4205372309073625,4.139343626348048
Mouse_328,0.1,26.0084,8.675562997252207,18.259281841484466,9.583718844232257,5.800050000000001,1.500553024561577,4.484168239928966
Mouse_328,0.1,28.0084,9.023569791751902,18.259281841484466,9.23571204973256,5.800050000000001,1.574637926979331,4.828992853509884
Mouse_328,0.1,30.0084,9.242237111059389,18.259281841484466,9.017044730425074,5.800050000000001,1.6436108042646003,5.1738174670908
Mouse_328,0.1,32.0084,9.653141666259756,18.259281841484466,8.606140175224708,5.800050000000001,1.7081318301477586,5.518642080671718
Mouse_328,0.1,34.0084,9.793137660641024,18.259281841484466,8.46614418084344,5.800050000000001,1.7687410147208145,5.863466694252636
Mouse_328,0.1,36.0084,9.66850273828072,18.259281841484466,8.590779103203742,5.800050000000001,1.8258857063665839,6.208291307833552
Mouse_328,0.1,38.0084,9.99839254083222,18.259281841484466,8.260889300652243,5.800050000000001,1.8799406497245608,6.55311592141447
Mouse_328,0.1,40.0084,10.091112970350617,18.259281841484466,8.168168871133846,5.800050000000001,1.9312228938621518,6.897940534995388
Mouse_328,0.1,45.0084,10.22396874372109,18.259281841484466,8.035313097763373,5.800050000000001,2.048982600812061,7.760002068947681
Mouse_328,0.1,48.0084,10.332484321227945,18.259281841484466,7.926797520256517,5.800050000000001,2.1135094573923063,8.277238989319057
Mouse_328,0.1,51.0084,10.36450679690912,18.259281841484466,7.894775044575342,5.800050000000001,2.1741237868392833,8.794475909690433
Mouse_328,0.1,54.0084,10.369231664093848,18.259281841484466,7.890050177390615,5.800050000000001,2.231273051817448,9.31171283006181
Mouse_328,0.1,57.0084,10.424434336734006,18.259281841484466,7.834847504750457,5.800050000000001,2.2853320871930727,9.828949750433186
Mouse_328,0.1,65.0084,10.758234981655855,18.259281841484466,7.501046859828607,5.800050000000001,2.4166499541104205,11.208248204756854
Mouse_328,0.1,70.0084,10.888229548396136,18.259281841484466,7.371052293088327,5.800050000000001,2.490748696645064,12.070309738709147
Mouse_328,0.1,75.0084,10.973822702905842,18.259281841484466,7.28545913857862,5.800050000000001,2.5597335690599077,12.93237127266144
Mouse_328,0.1,80.0084,11.061708548371868,18.259281841484466,7.197573293112593,5.800050000000001,2.6242650909568965,13.794432806613734
Mouse_328,0.1,85.0084,11.193702766307077,18.259281841484466,7.065579075177388,5.800050000000001,2.684883536932134,14.656494340566027
Mouse_328,0.1,90.0084,11.339134264140313,18.259281841484466,6.92014757734415,5.800050000000001,2.7420364611034427,15.51855587451832
Mouse_328,0.1,95.0084,11.349296158713528,18.259281841484466,6.909985682770936,5.800050000000001,2.7960987705393903,16.380617408470613
Mouse_328,0.1,100.0084,11.49014025289933,18.259281841484466,6.769141588585133,5.800050000000001,2.847387644255418,17.24267894242291
Mouse_328,0.1,105.0083,11.589294214987977,18.259281841484466,6.669987626496486,5.800050000000001,2.8961728564476017,18.104723235144522
Mouse_328,0.1,110.0083,11.611821554684282,18.259281841484466,6.647460286800181,5.800050000000001,2.9426892792864487,18.96678476909682
Mouse_328,0.1,115.0083,11.630597579699703,18.259281841484466,6.628684261784759,5.800050000000001,2.987137761467011,19.82884630304911
Mouse_328,0.1,125.0083,11.79262647254193,18.259281841484466,6.466655368942534,5.800050000000001,3.070513596893048,21.552969370953697
Mouse_328,0.1,135.0083,11.9289329222637,18.259281841484466,6.330348919220762,5.800050000000001,3.147469719825131,23.277092438858283
Mouse_328,0.1,145.0083,11.941867136533435,18.259281841484466,6.317414704951026,5.800050000000001,3.2189244439567886,25.00121550676287
Mouse_328,0.1,155.0083,11.977330205010777,18.259281841484466,6.281951636473687,5.800050000000001,3.2856121256678086,26.725338574667454
Mouse_328,0.1,165.0083,12.136749000943627,18.259281841484466,6.122532840540836,5.800050000000001,3.3481292374608578,28.449461642572043
Mouse_328,0.1,175.0083,12.216053495859615,18.259281841484466,6.043228345624846,5.800050000000001,3.4069668631653722,30.17358471047663
Mouse_328,0.1,185.0083,12.095344645984838,18.259281841484466,6.163937195499624,5.800050000000001,3.462534150731921,31.897707778381218
Mouse_328,0.1,195.0083,12.153835423926669,18.259281841484466,6.105446417557793,5.800050000000001,3.515175583555614,33.6218308462858
Mouse_328,0.1,205.0087,12.189167337544836,18.259281841484466,6.070114503939626,5.800050000000001,3.5651858790574176,35.34602287911311
Mouse_328,0.1,215.0087,12.232206168429126,18.259281841484466,6.027075673055337,5.800050000000001,3.6128119542203803,37.07014594701769
Mouse_328,0.1,225.0087,12.214659266087873,18.259281841484466,6.044622575396592,5.800050000000001,3.65827252991868,38.794269014922286
Mouse_328,0.1,235.0087,12.265530822448078,18.259281841484466,5.9937510190363845,5.800050000000001,3.701755996530613,40.51839208282687
Mouse_328,0.1,245.0087,12.301570316263438,18.259281841484466,5.957711525221024,5.800050000000001,3.7434271819134652,42.24251515073146
Mouse_328,0.25,0.5083,-1.311359832238001,18.073464304867517,19.384824137105515,11.39235,3.1096255320415556,0.04461766009646824
Mouse_328,0.25,1.0083,-1.4852557777829285,18.073464304867517,19.55872008265044,11.39235,2.4246763330952428,0.08850676111601205
Mouse_328,0.25,1.5083,-4.359945154731747,18.073464304867517,22.43340945959926,11.39235,2.021958888720206,0.13239586213555588
Mouse_328,0.25,2.0083,4.8523785652971405,18.073464304867517,13.221085739570372,11.39235,1.73565348445178,0.1762849631550997
Mouse_328,0.25,2.5083,1.295214854823218,18.073464304867517,16.778249450044296,11.39235,1.5133368446702904,0.22017406417464352
Mouse_328,0.25,2.7583,1.8746792871325084,18.073464304867517,16.198785017735005,11.39235,1.4183275295824227,0.24211861468441542
Mouse_328,0.25,3.0083,2.20532550561868,18.073464304867517,15.868138799248834,11.39235,1.3315669423552376,0.2640631651941873
Mouse_328,0.25,3.2583,3.4594407657746515,18.073464304867517,14.614023539092862,11.39235,1.2517364905403123,0.2860077157039592
Mouse_328,0.25,3.5083,5.378770134451884,18.073464304867517,12.69469417041563,11.39235,1.1778104878447249,0.3079522662137312
Mouse_328,0.25,3.7583,6.363249495265828,18.073464304867517,11.710214809601686,11.39235,1.1089753500105752,0.3298968167235031
Mouse_328,0.25,4.0083,5.33580285465465,18.073464304867517,12.737661450212864,11.39235,1.0445748662314542,0.35184136723327497
Mouse_328,0.25,4.5083,2.471657970503637,18.073464304867517,15.601806334363877,11.39235,0.9270219351905155,0.39573046825281877
Mouse_328,0.25,5.0083,2.4929350221070923,18.073464304867517,15.580529282760422,11.39235,0.8218455413553054,0.4396195692723626
Mouse_328,0.25,5.5083,2.5331514472704004,18.073464304867517,15.540312857597112,11.39235,0.7266860318981614,0.4835086702919064
Mouse_328,0.25,6.0083,0.8076444856893232,18.073464304867517,17.26581981917819,11.39235,0.6398002308749696,0.5273977713114503
Mouse_328,0.25,6.5083,1.4761502615651132,18.073464304867517,16.5973140433024,11.39235,0.5598637921066754,0.5712868723309941
Mouse_328,0.25,7.0083,0.5673422377629684,18.073464304867517,17.506122067104545,11.39235,0.4858469165752526,0.6151759733505379
Mouse_328,0.25,7.5083,0.5304617918958989,18.073464304867517,17.543002512971615,11.39235,0.4169330022074918,0.6590650743700817
Mouse_328,0.25,8.0083,0.7594724269570747,18.073464304867517,17.31399187791044,11.39235,0.3524635736635967,0.7029541753896255
Mouse_328,0.25,8.5083,2.105332118081659,18.073464304867517,15.968132186785857,11.39235,0.2918999198650481,0.7468432764091693
Mouse_328,0.25,9.0083,1.4954906684992473,18.073464304867517,16.577973636368267,11.39235,0.23479570293947985,0.7907323774287132
Mouse_328,0.25,9.5083,2.768328198427991,18.073464304867517,15.305136106439525,11.39235,0.18077697613514787,0.834621478448257
Mouse_328,0.25,10.0083,3.76518442424296,18.073464304867517,14.308279880624552,11.39235,0.12952732877775255,0.8785105794678008
Mouse_328,0.25,11.0083,5.868883570907565,18.073464304867517,12.204580733959949,11.39235,0.03429254378566451,0.9662887815068884
Mouse_328,0.25,12.0083,5.1382762953581285,18.073464304867517,12.935188009509384,11.39235,0.05265599985124391,1.054066983545976
Mouse_328,0.25,13.0083,7.617586547294577,18.073464304867517,10.455877757572935,11.39235,0.13264553775786597,1.1418451855850635
Mouse_328,0.25,14.0083,8.001415382402525,18.073464304867517,10.072048922464989,11.39235,0.20670793357547276,1.2296233876241514
Mouse_328,0.25,15.0083,8.389293085324026,18.073464304867517,9.684171219543488,11.39235,0.27566130389082855,1.317401589663239
Mouse_328,0.25,16.0083,8.289410530825274,18.073464304867517,9.78405377404224,11.39235,0.3401652602232385,1.4051797917023263
Mouse_328,0.25,17.0083,8.357729178207974,18.073464304867517,9.71573512665954,11.39235,0.40075938268998695,1.492957993741414
Mouse_328,0.25,18.0083,8.72320806038592,18.073464304867517,9.350256244481594,11.39235,0.45789068521594173,1.5807361957805017
Mouse_328,0.25,19.0083,9.394691901439176,18.073464304867517,8.678772403428336,11.39235,0.5119336483716943,1.6685143978195893
Mouse_328,0.25,20.0084,9.596301578202793,18.073464304867517,8.477162726664723,11.39235,0.563210107866404,1.7563013776788812
Mouse_328,0.25,22.0084,9.959043974888887,18.073464304867517,8.114420329978627,11.39235,0.658482121153846,1.9318577817570564
Mouse_328,0.25,24.0084,10.357074483545038,18.073464304867517,7.716389821322476,11.39235,0.7454616915999582,2.1074141858352315
Mouse_328,0.25,26.0084,10.63742166521535,18.073464304867517,7.436042639652165,11.39235,0.8254774852541725,2.2829705899134067
Mouse_328,0.25,28.0084,10.98749030389214,18.073464304867517,7.085974000975375,11.39235,0.8995623876719265,2.458526993991582
Mouse_328,0.25,30.0084,11.238868771970028,18.073464304867517,6.834595532897486,11.39235,0.9685352649571959,2.6340833980697576
Mouse_328,0.25,32.0084,11.716245115431214,18.073464304867517,6.357219189436301,11.39235,1.0330562908403544,2.8096398021479327
Mouse_328,0.25,34.0084,11.809541704936354,18.073464304867517,6.26392259993116,11.39235,1.09366547541341,2.985196206226108
Mouse_328,0.25,36.0084,11.79173790707975,18.073464304867517,6.281726397787764,11.39235,1.1508101670591797,3.160752610304283
Mouse_328,0.25,38.0084,12.080914407704572,18.073464304867517,5.992549897162943,11.39235,1.2048651104171564,3.3363090143824583
Mouse_328,0.25,40.0084,12.192858775770908,18.073464304867517,5.880605529096606,11.39235,1.2561473545547475,3.5118654184606335
Mouse_328,0.25,45.0084,12.33837205884562,18.073464304867517,5.735092246021893,11.39235,1.3739070615046567,3.9507564286560717
Mouse_328,0.25,48.0084,12.426437281584786,18.073464304867517,5.647027023282729,11.39235,1.438433918084902,4.214091034773335
Mouse_328,0.25,51.0084,12.478982474374869,18.073464304867517,5.594481830492647,11.39235,1.4990482475318787,4.477425640890598
Mouse_328,0.25,54.0084,12.495473084075066,18.073464304867517,5.577991220792448,11.39235,1.5561975125100436,4.74076024700786
Mouse_328,0.25,57.0084,12.500845994701976,18.073464304867517,5.572618310165539,11.39235,1.6102565478856685,5.004094853125124
Mouse_328,0.25,65.0084,12.785165079295869,18.073464304867517,5.288299225571647,11.39235,1.741574414803016,5.706320469437824
Mouse_328,0.25,70.0084,12.832603646437049,18.073464304867517,5.240860658430466,11.39235,1.8156731573376594,6.145211479633262
Mouse_328,0.25,75.0084,12.904984664502567,18.073464304867517,5.168479640364946,11.39235,1.8846580297525033,6.5841024898287
Mouse_328,0.25,80.0084,12.966196752028289,18.073464304867517,5.107267552839226,11.39235,1.949189551649492,7.022993500024138
Mouse_328,0.25,85.0084,13.085699439103138,18.073464304867517,4.987764865764375,11.39235,2.0098079976247294,7.461884510219576
Mouse_328,0.25,90.0084,13.18325945496585,18.073464304867517,4.890204849901664,11.39235,2.0669609217960385,7.9007755204150145
Mouse_328,0.25,95.0084,13.246147425988047,18.073464304867517,4.827316878879464,11.39235,2.121023231231986,8.339666530610453
Mouse_328,0.25,100.0084,13.290877131002413,18.073464304867517,4.782587173865101,11.39235,2.172312104948013,8.77855754080589
Mouse_328,0.25,105.0083,13.32066225055335,18.073464304867517,4.752802054314165,11.39235,2.2210973171401975,9.217439773181127
Mouse_328,0.25,110.0083,13.390318215506776,18.073464304867517,4.683146089360738,11.39235,2.2676137399790446,9.656330783376564
Mouse_328,0.25,115.0083,13.397150124929084,18.073464304867517,4.676314179938431,11.39235,2.3120622221596068,10.095221793572003
Mouse_328,0.25,125.0083,13.501792132379869,18.073464304867517,4.571672172487644,11.39235,2.3954380575856433,10.973003813962878
Mouse_328,0.25,135.0083,13.621391324823978,18.073464304867517,4.452072980043536,11.39235,2.4723941805177265,11.850785834353754
Mouse_328,0.25,145.0083,13.655976302874787,18.073464304867517,4.417488001992727,11.39235,2.543848904649384,12.72856785474463
Mouse_328,0.25,155.0083,13.694800207998178,18.073464304867517,4.378664096869337,11.39235,2.6105365863604044,13.606349875135507
Mouse_328,0.25,165.0083,13.791970819114136,18.073464304867517,4.281493485753376,11.39235,2.673053698153453,14.484131895526383
Mouse_328,0.25,175.0083,13.825857660826196,18.073464304867517,4.247606644041318,11.39235,2.731891323857968,15.36191391591726
Mouse_328,0.25,185.0083,13.783261838761284,18.073464304867517,4.29020246610623,11.39235,2.7874586114245163,16.239695936308134
Mouse_328,0.25,195.0083,13.842327323610355,18.073464304867517,4.231136981257158,11.39235,2.84010004424821,17.117477956699013
Mouse_328,0.25,205.0087,13.869232893538465,18.073464304867517,4.20423141132905,11.39235,2.890110339750013,17.995295088370703
Mouse_328,0.25,215.0087,13.887023826448315,18.073464304867517,4.186440478419196,11.39235,2.9377364149129757,18.87307710876158
Mouse_328,0.25,225.0087,13.91057946443637,18.073464304867517,4.162884840431143,11.39235,2.983196990611275,19.750859129152456
Mouse_328,0.25,235.0087,13.930347541261211,18.073464304867517,4.143116763606302,11.39235,3.026680457223209,20.628641149543334
Mouse_328,0.25,245.0087,13.93736791254197,18.073464304867517,4.136096392325546,11.39235,3.0683516426060606,21.50642316993421
Mouse_328,0.5,0.5083,-1.4170300445296178,17.903215905117957,19.32024594964757,13.645499999999998,3.2900932514773693,0.0372503755816936
Mouse_328,0.5,1.0083,0.0556918797914356,17.903215905117957,17.84752402532652,13.645499999999998,2.6051440525310565,0.07389249203033968
Mouse_328,0.5,1.5083,-3.7155318275592,17.903215905117957,21.61874773267716,13.645499999999998,2.2024266081560193,0.11053460847898576
Mouse_328,0.5,2.0083,4.274591778823758,17.903215905117957,13.6286241262942,13.645499999999998,1.9161212038875937,0.14717672492763184
Mouse_328,0.5,2.5083,1.360338669256553,17.903215905117957,16.542877235861404,13.645499999999998,1.6938045641061041,0.18381884137627794
Mouse_328,0.5,2.7583,1.7959700622093244,17.903215905117957,16.107245842908632,13.645499999999998,1.5987952490182364,0.20213989960060097
Mouse_328,0.5,3.0083,2.3796465427856117,17.903215905117957,15.523569362332346,13.645499999999998,1.5120346617910514,0.220460957824924
Mouse_328,0.5,3.2583,4.373776026398472,17.903215905117957,13.529439878719485,13.645499999999998,1.432204209976126,0.23878201604924704
Mouse_328,0.5,3.5083,5.583261114695228,17.903215905117957,12.31995479042273,13.645499999999998,1.3582782072805386,0.2571030742735701
Mouse_328,0.5,3.7583,6.939224005010511,17.903215905117957,10.963991900107446,13.645499999999998,1.289443069446389,0.2754241324978931
Mouse_328,0.5,4.0083,5.583506631757293,17.903215905117957,12.319709273360663,13.645499999999998,1.225042585667268,0.29374519072221617
Mouse_328,0.5,4.5083,2.2423347185470544,17.903215905117957,15.660881186570904,13.645499999999998,1.107489654626329,0.33038730717086223
Mouse_328,0.5,5.0083,2.3109485023922858,17.903215905117957,15.592267402725671,13.645499999999998,1.0023132607911192,0.3670294236195083
Mouse_328,0.5,5.5083,2.1759688143557785,17.903215905117957,15.727247090762178,13.645499999999998,0.907153751333975,0.4036715400681544
Mouse_328,0.5,6.0083,0.4693377009739663,17.903215905117957,17.43387820414399,13.645499999999998,0.8202679503107834,0.4403136565168005
Mouse_328,0.5,6.5083,0.9693764422733224,17.903215905117957,16.933839462844634,13.645499999999998,0.7403315115424891,0.47695577296544656
Mouse_328,0.5,7.0083,0.1637502548999165,17.903215905117957,17.73946565021804,13.645499999999998,0.6663146360110662,0.5135978894140927
Mouse_328,0.5,7.5083,0.2088271315329812,17.903215905117957,17.694388773584976,13.645499999999998,0.5974007216433055,0.5502400058627387
Mouse_328,0.5,8.0083,0.3965272185075719,17.903215905117957,17.506688686610385,13.645499999999998,0.5329312930994103,0.5868821223113848
Mouse_328,0.5,8.5083,1.9958932595118613,17.903215905117957,15.907322645606095,13.645499999999998,0.4723676393008618,0.6235242387600308
Mouse_328,0.5,9.0083,1.273456546723292,17.903215905117957,16.629759358394665,13.645499999999998,0.4152634223752936,0.660166355208677
Mouse_328,0.5,9.5083,2.7475191302413595,17.903215905117957,15.155696774876596,13.645499999999998,0.36124469557096156,0.6968084716573231
Mouse_328,0.5,10.0083,3.880634803547608,17.903215905117957,14.02258110157035,13.645499999999998,0.30999504821356627,0.7334505881059691
Mouse_328,0.5,11.0083,6.363203084687683,17.903215905117957,11.540012820430274,13.645499999999998,0.21476026322147823,0.8067348210032612
Mouse_328,0.5,12.0083,5.481584521056115,17.903215905117957,12.421631384061842,13.645499999999998,0.1278117195845697,0.8800190539005535
Mouse_328,0.5,13.0083,8.219713239890368,17.903215905117957,9.68350266522759,13.645499999999998,0.04782218167794763,0.9533032867978456
Mouse_328,0.5,14.0083,8.684532751358976,17.903215905117957,9.21868315375898,13.645499999999998,0.026240214139658977,1.0265875196951377
Mouse_328,0.5,15.0083,9.107322242626122,17.903215905117957,8.795893662491835,13.645499999999998,0.0951935844550149,1.09987175259243
Mouse_328,0.5,16.0083,8.997614539567117,17.903215905117957,8.90560136555084,13.645499999999998,0.15969754078742493,1.173155985489722
Mouse_328,0.5,17.0083,9.051373734994996,17.903215905117957,8.851842170122962,13.645499999999998,0.22029166325417326,1.246440218387014
Mouse_328,0.5,18.0083,9.44887389771464,17.903215905117957,8.454342007403316,13.645499999999998,0.277422965780128,1.3197244512843063
Mouse_328,0.5,19.0083,10.181494136969343,17.903215905117957,7.721721768148611,13.645499999999998,0.3314659289358805,1.3930086841815983
Mouse_328,0.5,20.0084,10.360338062379686,17.903215905117957,7.54287784273827,13.645499999999998,0.3827423884305902,1.4663002455021805
Mouse_328,0.5,22.0084,10.72415810474516,17.903215905117957,7.179057800372796,13.645499999999998,0.4780144017180322,1.6128687112967648
Mouse_328,0.5,24.0084,11.13214836232547,17.903215905117957,6.771067542792486,13.645499999999998,0.5649939721641445,1.759437177091349
Mouse_328,0.5,26.0084,11.458321686057593,17.903215905117957,6.444894219060365,13.645499999999998,0.645009765818359,1.9060056428859335
Mouse_328,0.5,28.0084,11.797976545333237,17.903215905117957,6.10523935978472,13.645499999999998,0.7190946682361129,2.052574108680518
Mouse_328,0.5,30.0084,12.074270011040865,17.903215905117957,5.828945894077093,13.645499999999998,0.788067545521382,2.199142574475102
Mouse_328,0.5,32.0084,12.565528529855468,17.903215905117957,5.33768737526249,13.645499999999998,0.8525885714045406,2.3457110402696864
Mouse_328,0.5,34.0084,12.654277576610646,17.903215905117957,5.24893832850731,13.645499999999998,0.9131977559775964,2.492279506064271
Mouse_328,0.5,36.0084,12.67569052073049,17.903215905117957,5.227525384387468,13.645499999999998,0.9703424476233659,2.638847971858855
Mouse_328,0.5,38.0084,12.947832269022028,17.903215905117957,4.955383636095929,13.645499999999998,1.0243973909813426,2.7854164376534394
Mouse_328,0.5,40.0084,13.05476380497027,17.903215905117957,4.848452100147688,13.645499999999998,1.0756796351189337,2.9319849034480234
Mouse_328,0.5,45.0084,13.22058600265024,17.903215905117957,4.682629902467718,13.645499999999998,1.193439342068843,3.298406067934484
Mouse_328,0.5,48.0084,13.32076756406347,17.903215905117957,4.582448341054488,13.645499999999998,1.2579661986490882,3.518258766626361
Mouse_328,0.5,51.0084,13.377173361846133,17.903215905117957,4.526042543271823,13.645499999999998,1.318580528096065,3.7381114653182372
Mouse_328,0.5,54.0084,13.402547510505132,17.903215905117957,4.500668394612823,13.645499999999998,1.37572979307423,3.957964164010114
Mouse_328,0.5,57.0084,13.42071320390502,17.903215905117957,4.482502701212938,13.645499999999998,1.4297888284498548,4.177816862701991
Mouse_328,0.5,65.0084,13.670076257963178,17.903215905117957,4.233139647154779,13.645499999999998,1.5611066953672021,4.764090725880327
Mouse_328,0.5,70.0084,13.721831686465304,17.903215905117957,4.181384218652653,13.645499999999998,1.6352054379018457,5.130511890366788
Mouse_328,0.5,75.0084,13.801229745782898,17.903215905117957,4.10198615933506,13.645499999999998,1.7041903103166895,5.4969330548532485
Mouse_328,0.5,80.0084,13.857348651717007,17.903215905117957,4.045867253400949,13.645499999999998,1.7687218322136784,5.863354219339709
Mouse_328,0.5,85.0084,13.948072982153173,17.903215905117957,3.9551429229647854,13.645499999999998,1.8293402781889159,6.22977538382617
Mouse_328,0.5,90.0084,14.0074199119787,17.903215905117957,3.8957959931392567,13.645499999999998,1.8864932023602248,6.596196548312631
Mouse_328,0.5,95.0084,14.066089957413602,17.903215905117957,3.837125947704354,13.645499999999998,1.9405555117961724,6.962617712799092
Mouse_328,0.5,100.0084,14.080318388751886,17.903215905117957,3.822897516366072,13.645499999999998,1.9918443855121999,7.329038877285552
Mouse_328,0.5,105.0083,14.105157578172692,17.903215905117957,3.798058326945265,13.645499999999998,2.040629597704384,7.6954527133487245
Mouse_328,0.5,110.0083,14.142693369519066,17.903215905117957,3.760522535598891,13.645499999999998,2.087146020543231,8.061873877835184
Mouse_328,0.5,115.0083,14.141710208521316,17.903215905117957,3.76150569659664,13.645499999999998,2.131594502723793,8.428295042321645
Mouse_328,0.5,125.0083,14.216192000169515,17.903215905117957,3.68702390494844,13.645499999999998,2.2149703381498296,9.161137371294567
Mouse_328,0.5,135.0083,14.253314653555368,17.903215905117957,3.649901251562589,13.645499999999998,2.2919264610819132,9.893979700267488
Mouse_328,0.5,145.0083,14.274291516419463,17.903215905117957,3.628924388698493,13.645499999999998,2.36338118521357,10.62682202924041
Mouse_328,0.5,155.0083,14.289357281669815,17.903215905117957,3.6138586234481416,13.645499999999998,2.4300688669245907,11.359664358213331
Mouse_328,0.5,165.0083,14.290000438606036,17.903215905117957,3.613215466511922,13.645499999999998,2.4925859787176394,12.092506687186253
Mouse_328,0.5,175.0083,14.31111191241554,17.903215905117957,3.592103992702417,13.645499999999998,2.5514236044221543,12.825349016159175
Mouse_328,0.5,185.0083,14.299295638882548,17.903215905117957,3.603920266235409,13.645499999999998,2.6069908919887026,13.558191345132096
Mouse_328,0.5,195.0083,14.288015411758686,17.903215905117957,3.615200493359271,13.645499999999998,2.6596323248123963,14.291033674105018
Mouse_328,0.5,205.0087,14.28478033632346,17.903215905117957,3.618435568794498,13.645499999999998,2.7096426203141997,15.0239053167711
Mouse_328,0.5,215.0087,14.259998815663575,17.903215905117957,3.6432170894543816,13.645499999999998,2.757268695477162,15.75674764574402
Mouse_328,0.5,225.0087,14.286626782102362,17.903215905117957,3.616589123015595,13.645499999999998,2.8027292711754614,16.489589974716942
Mouse_328,0.5,235.0087,14.245744512327796,17.903215905117957,3.65747139279016,13.645499999999998,2.846212737787395,17.222432303689864
Mouse_328,0.5,245.0087,14.214214623766669,17.903215905117957,3.6890012813512887,13.645499999999998,2.8878839231702473,17.955274632662785
Mouse_328,1.0,0.5083,-1.3707351553229683,17.817247408126736,19.187982563449705,13.999,3.3156693530219687,0.03630973640974355
Mouse_328,1.0,1.0083,1.410517183620005,17.817247408126736,16.40673022450673,13.999,2.6307201540756555,0.07202657332666619
Mouse_328,1.0,1.5083,-2.9695921877629203,17.817247408126736,20.786839595889656,13.999,2.2280027097006188,0.10774341024358883
Mouse_328,1.0,2.0083,3.347675025290595,17.817247408126736,14.46957238283614,13.999,1.9416973054321927,0.14346024716051148
Mouse_328,1.0,2.5083,1.3118800965260604,17.817247408126736,16.505367311600676,13.999,1.7193806656507034,0.1791770840774341
Mouse_328,1.0,2.7583,1.530208226504886,17.817247408126736,16.28703918162185,13.999,1.6243713505628354,0.19703550253589544
Mouse_328,1.0,3.0083,2.259019301564095,17.817247408126736,15.55822810656264,13.999,1.5376107633356504,0.21489392099435675
Mouse_328,1.0,3.2583,4.736616904431601,17.817247408126736,13.080630503695136,13.999,1.457780311520725,0.23275233945281806
Mouse_328,1.0,3.5083,5.191828665484042,17.817247408126736,12.625418742642694,13.999,1.3838543088251376,0.2506107579112794
Mouse_328,1.0,3.7583,6.940328049594294,17.817247408126736,10.876919358532442,13.999,1.315019170990988,0.2684691763697407
Mouse_328,1.0,4.0083,5.344350839048211,17.817247408126736,12.472896569078523,13.999,1.2506186872118672,0.286327594828202
Mouse_328,1.0,4.5083,1.8114788720663773,17.817247408126736,16.00576853606036,13.999,1.1330657561709283,0.32204443174512465
Mouse_328,1.0,5.0083,1.941564386916177,17.817247408126736,15.87568302121056,13.999,1.0278893623357184,0.35776126866204727
Mouse_328,1.0,5.5083,1.6856043065081572,17.817247408126736,16.13164310161858,13.999,0.9327298528785741,0.39347810557896995
Mouse_328,1.0,6.0083,0.1191272987015068,17.817247408126736,17.69812010942523,13.999,0.8458440518553825,0.4291949424958926
Mouse_328,1.0,6.5083,0.4730908082926852,17.817247408126736,17.34415659983405,13.999,0.7659076130870883,0.4649117794128152
Mouse_328,1.0,7.0083,-0.2025058637549897,17.817247408126736,18.01975327188173,13.999,0.6918907375556653,0.5006286163297379
Mouse_328,1.0,7.5083,-0.0714578886802854,17.817247408126736,17.88870529680702,13.999,0.6229768231879046,0.5363454532466605
Mouse_328,1.0,8.0083,0.0432047455818924,17.817247408126736,17.774042662544844,13.999,0.5585073946440094,0.5720622901635831
Mouse_328,1.0,8.5083,1.7460920204982315,17.817247408126736,16.071155387628504,13.999,0.49794374084546084,0.6077791270805057
Mouse_328,1.0,9.0083,0.9892628847919838,17.817247408126736,16.827984523334752,13.999,0.4408395239198928,0.6434959639974284
Mouse_328,1.0,9.5083,2.55816555371862,17.817247408126736,15.259081854408116,13.999,0.3868207971155608,0.679212800914351
Mouse_328,1.0,10.0083,3.721243995946139,17.817247408126736,14.096003412180597,13.999,0.33557114975816543,0.7149296378312736
Mouse_328,1.0,11.0083,6.40169487403365,17.817247408126736,11.415552534093086,13.999,0.24033636476607725,0.786363311665119
Mouse_328,1.0,12.0083,5.444207839918247,17.817247408126736,12.373039568208489,13.999,0.15338782112916882,0.8577969854989642
Mouse_328,1.0,13.0083,8.283984776537924,17.817247408126736,9.533262631588812,13.999,0.07339828322254678,0.9292306593328095
Mouse_328,1.0,14.0083,8.80114690752728,17.817247408126736,9.016100500599457,13.999,0.0006641125950598261,1.0006643331666547
Mouse_328,1.0,15.0083,9.255677153781267,17.817247408126736,8.561570254345467,13.999,0.06961748291041564,1.0720980070005
Mouse_328,1.0,16.0083,9.133690662923712,17.817247408126736,8.683556745203024,13.999,0.1341214392428258,1.1435316808343452
Mouse_328,1.0,17.0083,9.16888269511574,17.817247408126736,8.648364713010995,13.999,0.19471556170957421,1.2149653546681904
Mouse_328,1.0,18.0083,9.578157944580644,17.817247408126736,8.239089463546092,13.999,0.2518468642355288,1.2863990285020357
Mouse_328,1.0,19.0083,10.332822486181636,17.817247408126736,7.484424921945099,13.999,0.30588982739128145,1.357832702335881
Mouse_328,1.0,20.0084,10.501143214131917,17.817247408126736,7.3161041939948195,13.999,0.35716628688599106,1.4292735195371098
Mouse_328,1.0,22.0084,10.852261927611725,17.817247408126736,6.964985480515011,13.999,0.45243830017343317,1.5721408672048005
Mouse_328,1.0,24.0084,11.257731411473433,17.817247408126736,6.559515996653303,13.999,0.5394178706195455,1.715008214872491
Mouse_328,1.0,26.0084,11.629845765701631,17.817247408126736,6.187401642425103,13.999,0.6194336642737598,1.8578755625401815
Mouse_328,1.0,28.0084,11.94750280229347,17.817247408126736,5.869744605833264,13.999,0.6935185666915138,2.000742910207872
Mouse_328,1.0,30.0084,12.248664777226216,17.817247408126736,5.568582630900519,13.999,0.762491443976783,2.1436102578755625
Mouse_328,1.0,32.0084,12.742199510593055,17.817247408126736,5.075047897533678,13.999,0.8270124698599415,2.286477605543253
Mouse_328,1.0,34.0084,12.829445441054506,17.817247408126736,4.987801967072229,13.999,0.8876216544329971,2.4293449532109435
Mouse_328,1.0,36.0084,12.888662754807466,17.817247408126736,4.92858465331927,13.999,0.9447663460787669,2.5722123008786344
Mouse_328,1.0,38.0084,13.147568405093647,17.817247408126736,4.669679003033088,13.999,0.9988212894367435,2.715079648546325
Mouse_328,1.0,40.0084,13.254219416381035,17.817247408126736,4.5630279917457,13.999,1.0501035335743347,2.8579469962140154
Mouse_328,1.0,45.0084,13.432408531728086,17.817247408126736,4.384838876398649,13.999,1.167863240524244,3.215115365383242
Mouse_328,1.0,48.0084,13.53998327102627,17.817247408126736,4.277264137100467,13.999,1.232390097104489,3.4294163868847773
Mouse_328,1.0,51.0084,13.595315564104716,17.817247408126736,4.221931844022019,13.999,1.293004426551466,3.6437174083863133
Mouse_328,1.0,54.0084,13.626431666586356,17.817247408126736,4.190815741540381,13.999,1.3501536915296308,3.8580184298878493
Mouse_328,1.0,57.0084,13.639752458405503,17.817247408126736,4.177494949721233,13.999,1.4042127269052556,4.072319451389385
Mouse_328,1.0,65.0084,13.846306056983789,17.817247408126736,3.9709413511429497,13.999,1.5355305938226032,4.643788842060147
Mouse_328,1.0,70.0084,13.877494638563126,17.817247408126736,3.93975276956361,13.999,1.6096293363572467,5.000957211229373
Mouse_328,1.0,75.0084,13.93523349848979,17.817247408126736,3.882013909636946,13.999,1.6786142087720906,5.3581255803986
Mouse_328,1.0,80.0084,13.969040444394103,17.817247408126736,3.8482069637326304,13.999,1.7431457306690792,5.715293949567826
Mouse_328,1.0,85.0084,14.019937750016094,17.817247408126736,3.7973096581106422,13.999,1.8037641766443167,6.072462318737052
Mouse_328,1.0,90.0084,14.049169486535629,17.817247408126736,3.7680779215911056,13.999,1.8609171008156256,6.429630687906278
Mouse_328,1.0,95.0084,14.090452692625064,17.817247408126736,3.726794715501673,13.999,1.9149794102515734,6.786799057075505
Mouse_328,1.0,100.0084,14.070637576793352,17.817247408126736,3.7466098313333833,13.999,1.9662682839676007,7.143967426244731
Mouse_328,1.0,105.0083,14.058813196323266,17.817247408126736,3.75843421180347,13.999,2.0150534961597844,7.5011286520465745
Mouse_328,1.0,110.0083,14.089362789343468,17.817247408126736,3.7278846187832686,13.999,2.0615699189986314,7.858297021215801
Mouse_328,1.0,115.0083,14.085758146344151,17.817247408126736,3.731489261782583,13.999,2.106018401179194,8.215465390385027
Mouse_328,1.0,125.0083,14.09421857114569,17.817247408126736,3.723028836981046,13.999,2.1893942366052306,8.92980212872348
Mouse_328,1.0,135.0083,14.083702276845788,17.817247408126736,3.733545131280949,13.999,2.266350359537314,9.644138867061931
Mouse_328,1.0,145.0083,14.07959114824826,17.817247408126736,3.737656259878478,13.999,2.337805083668971,10.358475605400384
Mouse_328,1.0,155.0083,14.078361056933282,17.817247408126736,3.738886351193453,13.999,2.4044927653799912,11.072812343738837
Mouse_328,1.0,165.0083,14.024234605685166,17.817247408126736,3.793012802441569,13.999,2.4670098771730404,11.78714908207729
Mouse_328,1.0,175.0083,14.022137685336793,17.817247408126736,3.795109722789944,13.999,2.5258475028775553,12.501485820415743
Mouse_328,1.0,185.0083,14.045531784959856,17.817247408126736,3.77171562316688,13.999,2.5814147904441036,13.215822558754196
Mouse_328,1.0,195.0083,14.000962062717637,17.817247408126736,3.816285345409101,13.999,2.634056223267797,13.930159297092649
Mouse_328,1.0,205.0087,13.980064434957,17.817247408126736,3.8371829731697344,13.999,2.6840665187696002,14.644524608900635
Mouse_328,1.0,215.0087,13.937308635142536,17.817247408126736,3.879938772984199,13.999,2.731692593932563,15.358861347239088
Mouse_328,1.0,225.0087,13.953797507875736,17.817247408126736,3.863449900251,13.999,2.7771531696308625,16.07319808557754
Mouse_328,1.0,235.0087,13.893017195382823,17.817247408126736,3.924230212743912,13.999,2.820636636242796,16.787534823915994
Mouse_328,1.0,245.0087,13.829834530096624,17.817247408126736,3.987412878030114,13.999,2.862307821625648,17.501871562254447
Mouse_328,2.5,0.5083,-1.185372990470949,16.63892568706567,17.824298677536618,14.0019,3.315876489221903,0.036302216127811225
Mouse_328,2.5,1.0083,2.34914401487387,16.63892568706567,14.2897816721918,14.0019,2.6309272902755896,0.07201165556103101
Mouse_328,2.5,1.5083,-1.6599718954050535,16.63892568706567,18.298897582470723,14.0019,2.228209845900553,0.10772109499425078
Mouse_328,2.5,2.0083,2.0660317870707026,16.63892568706567,14.572893899994966,14.0019,1.9419044416321267,0.14343053442747059
Mouse_328,2.5,2.5083,1.1973402066537115,16.63892568706567,15.441585480411955,14.0019,1.7195878018506374,0.17913997386069036
Mouse_328,2.5,2.7583,1.0621069496276905,16.63892568706567,15.57681873743798,14.0019,1.6245784867627695,0.19699469357730026
Mouse_328,2.5,3.0083,1.974313669728204,16.63892568706567,14.664612017337465,14.0019,1.5378178995355847,0.21484941329391014
Mouse_328,2.5,3.2583,4.625170894909402,16.63892568706567,12.013754792156266,14.0019,1.4579874477206591,0.23270413301052004
Mouse_328,2.5,3.5083,4.256966728888731,16.63892568706567,12.381958958176938,14.0019,1.384061445025072,0.2505588527271299
Mouse_328,2.5,3.7583,6.272335595339229,16.63892568706567,10.36659009172644,14.0019,1.3152263071909223,0.2684135724437398
Mouse_328,2.5,4.0083,4.544480763574466,16.63892568706567,12.094444923491205,14.0019,1.2508258234118013,0.2862682921603497
Mouse_328,2.5,4.5083,1.0217441733097736,16.63892568706567,15.617181513755895,14.0019,1.1332728923708624,0.32197773159356946
Mouse_328,2.5,5.0083,1.2070195715918146,16.63892568706567,15.431906115473854,14.0019,1.0280964985356524,0.35768717102678926
Mouse_328,2.5,5.5083,0.8082523937270931,16.63892568706567,15.830673293338576,14.0019,0.9329369890785084,0.393396610460009
Mouse_328,2.5,6.0083,-0.428254798569327,16.63892568706567,17.067180485634996,14.0019,0.8460511880553166,0.4291060498932288
Mouse_328,2.5,6.5083,-0.3611596697385764,16.63892568706567,17.000085356804245,14.0019,0.7661147492870224,0.4648154893264486
Mouse_328,2.5,7.0083,-0.7565582499373633,16.63892568706567,17.395483937003032,14.0019,0.6920978737555995,0.5005249287596684
Mouse_328,2.5,7.5083,-0.524399101163386,16.63892568706567,17.163324788229055,14.0019,0.6231839593878387,0.5362343681928882
Mouse_328,2.5,8.0083,-0.5130618535797105,16.63892568706567,17.15198754064538,14.0019,0.5587145308439435,0.571943807626108
Mouse_328,2.5,8.5083,1.2007752648761176,16.63892568706567,15.438150422189551,14.0019,0.498150877045395,0.6076532470593277
Mouse_328,2.5,9.0083,0.4454588718493752,16.63892568706567,16.193466815216293,14.0019,0.4410466601198269,0.6433626864925475
Mouse_328,2.5,9.5083,1.941235011939352,16.63892568706567,14.697690675126315,14.0019,0.38702793331549484,0.6790721259257673
Mouse_328,2.5,10.0083,3.05655660184073,16.63892568706567,13.582369085224938,14.0019,0.33577828595809944,0.7147815653589871
Mouse_328,2.5,11.0083,5.708112554398143,16.63892568706567,10.930813132667526,14.0019,0.24054350096601146,0.7862004442254266
Mouse_328,2.5,12.0083,4.725558130571001,16.63892568706567,11.913367556494668,14.0019,0.15359495732910294,0.8576193230918662
Mouse_328,2.5,13.0083,7.382801817495645,16.63892568706567,9.256123869570024,14.0019,0.07360541942248083,0.9290382019583058
Mouse_328,2.5,14.0083,7.900919339694065,16.63892568706567,8.738006347371604,14.0019,0.000456976395125735,1.0004570808247453
Mouse_328,2.5,15.0083,8.32462801325675,16.63892568706567,8.31429767380892,14.0019,0.06941034671048162,1.0718759596911849
Mouse_328,2.5,16.0083,8.21282250462926,16.63892568706567,8.426103182436409,14.0019,0.13391430304289162,1.1432948385576243
Mouse_328,2.5,17.0083,8.23194641806828,16.63892568706567,8.40697926899739,14.0019,0.1945084255096401,1.2147137174240639
Mouse_328,2.5,18.0083,8.62612535334,16.63892568706567,8.012800333725668,14.0019,0.2516397280355948,1.2861325962905035
Mouse_328,2.5,19.0083,9.31603918993967,16.63892568706567,7.322886497125999,14.0019,0.3056826911913473,1.3575514751569429
Mouse_328,2.5,20.0084,9.486243153857856,16.63892568706567,7.152682533207812,14.0019,0.35695915068605694,1.4289774959112693
Mouse_328,2.5,22.0084,9.806407796161327,16.63892568706567,6.832517890904341,14.0019,0.452231163973499,1.5718152536441485
Mouse_328,2.5,24.0084,10.178154535035112,16.63892568706567,6.460771152030557,14.0019,0.5392107344196112,1.7146530113770275
Mouse_328,2.5,26.0084,10.594254988700506,16.63892568706567,6.044670698365164,14.0019,0.6192265280738257,1.8574907691099067
Mouse_328,2.5,28.0084,10.86592669789432,16.63892568706567,5.77299898917135,14.0019,0.6933114304915797,2.000328526842786
Mouse_328,2.5,30.0084,11.192232617596591,16.63892568706567,5.446693069469076,14.0019,0.762284307776849,2.143166284575665
Mouse_328,2.5,32.0084,11.638808091814774,16.63892568706567,5.000117595250895,14.0019,0.8268053336600073,2.286004042308544
Mouse_328,2.5,34.0084,11.737163917485166,16.63892568706567,4.901761769580502,14.0019,0.8874145182330632,2.428841800041423
Mouse_328,2.5,36.0084,11.818211271240726,16.63892568706567,4.820714415824943,14.0019,0.9445592098788327,2.5716795577743023
Mouse_328,2.5,38.0084,12.064131625993182,16.63892568706567,4.574794061072486,14.0019,0.9986141532368095,2.7145173155071816
Mouse_328,2.5,40.0084,12.166265755873296,16.63892568706567,4.472659931192373,14.0019,1.0498963973744007,2.8573550732400608
Mouse_328,2.5,45.0084,12.345228585210624,16.63892568706567,4.293697101855046,14.0019,1.1676561043243097,3.2144494675722584
Mouse_328,2.5,48.0084,12.468864462239988,16.63892568706567,4.170061224825681,14.0019,1.232182960904555,3.428706104171577
Mouse_328,2.5,51.0084,12.51979237625733,16.63892568706567,4.119133310808339,14.0019,1.2927972903515317,3.6429627407708955
Mouse_328,2.5,54.0084,12.554778706584184,16.63892568706567,4.084146980481485,14.0019,1.3499465553296968,3.8572193773702144
Mouse_328,2.5,57.0084,12.567732769376562,16.63892568706567,4.071192917689107,14.0019,1.4040055907053213,4.071476013969533
Mouse_328,2.5,65.0084,12.753440736464944,16.63892568706567,3.885484950600724,14.0019,1.5353234576226689,4.642827044901049
Mouse_328,2.5,70.0084,12.797652662721228,16.63892568706567,3.8412730243444417,14.0019,1.6094222001573126,4.999921439233247
Mouse_328,2.5,75.0084,12.830617824315183,16.63892568706567,3.808307862750484,14.0019,1.6784070725721563,5.357015833565445
Mouse_328,2.5,80.0084,12.841325874005388,16.63892568706567,3.79759981306028,14.0019,1.7429385944691451,5.714110227897643
Mouse_328,2.5,85.0084,12.870870225659791,16.63892568706567,3.768055461405877,14.0019,1.8035570404443826,6.07120462222984
Mouse_328,2.5,90.0084,12.9081560228371,16.63892568706567,3.7307696642285686,14.0019,1.8607099646156915,6.428299016562038
Mouse_328,2.5,95.0084,12.901860339669897,16.63892568706567,3.737065347395773,14.0019,1.9147722740516393,6.785393410894236
Mouse_328,2.5,100.0084,12.880583586764384,16.63892568706567,3.758342100301284,14.0019,1.9660611477676666,7.142487805226434
Mouse_328,2.5,105.0083,12.868604430010226,16.63892568706567,3.770321257055443,14.0019,2.0148463599598503,7.499575057670746
Mouse_328,2.5,110.0083,12.89122365220324,16.63892568706567,3.7477020348624297,14.0019,2.0613627827986973,7.856669452002944
Mouse_328,2.5,115.0083,12.895872569249152,16.63892568706567,3.7430531178165154,14.0019,2.1058112649792595,8.21376384633514
Mouse_328,2.5,125.0083,12.867583720506737,16.63892568706567,3.771341966558931,14.0019,2.1891871004052965,8.927952634999537
Mouse_328,2.5,135.0083,12.844734147525706,16.63892568706567,3.794191539539964,14.0019,2.2661432233373797,9.642141423663931
Mouse_328,2.5,145.0083,12.827103047450173,16.63892568706567,3.8118226396154977,14.0019,2.337597947469037,10.356330212328327
Mouse_328,2.5,155.0083,12.816776421750436,16.63892568706567,3.822149265315234,14.0019,2.4042856291800576,11.070519000992723
Mouse_328,2.5,165.0083,12.754690681127848,16.63892568706567,3.88423500593782,14.0019,2.4668027409731064,11.784707789657118
Mouse_328,2.5,175.0083,12.708504351912136,16.63892568706567,3.930421335153533,14.0019,2.5256403666776213,12.498896578321514
Mouse_328,2.5,185.0083,12.797148247162053,16.63892568706567,3.841777439903616,14.0019,2.5812076542441695,13.21308536698591
Mouse_328,2.5,195.0083,12.73037251398676,16.63892568706567,3.908553173078909,14.0019,2.633849087067863,13.927274155650306
Mouse_328,2.5,205.0087,12.70568680275549,16.63892568706567,3.933238884310179,14.0019,2.683859382569666,14.641491511866247
Mouse_328,2.5,215.0087,12.672654519785148,16.63892568706567,3.9662711672805218,14.0019,2.731485457732629,15.355680300530643
Mouse_328,2.5,225.0087,12.665893076304965,16.63892568706567,3.973032610760705,14.0019,2.776946033430928,16.069869089195038
Mouse_328,2.5,235.0087,12.604310758919528,16.63892568706567,4.034614928146141,14.0019,2.820429500042862,16.784057877859436
Mouse_328,2.5,245.0087,12.532506896830814,16.63892568706567,4.106418790234855,14.0019,2.862100685425714,17.49824666652383
Mouse_331,0.05,0.5083,-4.692303029489538,14.812226095813621,19.504529125303158,5.064287500000001,2.2988969110613504,0.10036949916449252
Mouse_331,0.05,1.0083,-0.9061703910882835,14.812226095813621,15.718396486901904,5.064287500000001,1.6139477121150374,0.19910007083918516
Mouse_331,0.05,1.5083,-0.5979868017939625,14.812226095813621,15.410212897607586,5.064287500000001,1.2112302677400006,0.29783064251387775
Mouse_331,0.05,2.0083,5.295409645194102,14.812226095813621,9.516816450619517,5.064287500000001,0.9249248634715747,0.39656121418857043
Mouse_331,0.05,2.5083,4.1389986366333265,14.812226095813621,10.673227459180294,5.064287500000001,0.7026082236900851,0.49529178586326306
Mouse_331,0.05,2.7583,1.5055361600135675,14.812226095813621,13.306689935800053,5.064287500000001,0.6075989086022173,0.5446570717006094
Mouse_331,0.05,3.0083,2.6981154455873604,14.812226095813621,12.114110650226262,5.064287500000001,0.5208383213750323,0.5940223575379557
Mouse_331,0.05,3.2583,1.719777580299351,14.812226095813621,13.09244851551427,5.064287500000001,0.44100786956010707,0.643387643375302
Mouse_331,0.05,3.5083,2.7070279214007367,14.812226095813621,12.105198174412884,5.064287500000001,0.3670818668645196,0.6927529292126483
Mouse_331,0.05,3.7583,4.885285499561637,14.812226095813621,9.926940596251985,5.064287500000001,0.2982467290303699,0.7421182150499946
Mouse_331,0.05,4.0083,3.41294141702461,14.812226095813621,11.39928467878901,5.064287500000001,0.23384624525124897,0.791483500887341
Mouse_331,0.05,4.5083,-0.1101337632319237,14.812226095813621,14.922359859045544,5.064287500000001,0.11629331421031011,0.8902140725620336
Mouse_331,0.05,5.0083,-0.3018203525410712,14.812226095813621,15.114046448354692,5.064287500000001,0.011116920375100085,0.9889446442367262
Mouse_331,0.05,5.5083,0.09685760700936674,14.812226095813621,14.715368488804256,5.064287500000001,0.084042589082044,1.087675215911419
Mouse_331,0.05,6.0083,-1.7128997139152684,14.812226095813621,16.52512580972889,5.064287500000001,0.17092839010523558,1.1864057875861114
Mouse_331,0.05,6.5083,-1.5975356076564413,14.812226095813621,16.40976170347006,5.064287500000001,0.25086482887352984,1.285136359260804
Mouse_331,0.05,7.0083,-3.0582408265465544,14.812226095813621,17.870466922360176,5.064287500000001,0.32488170440495273,1.3838669309354967
Mouse_331,0.05,7.5083,-2.7909047696421245,14.812226095813621,17.603130865455746,5.064287500000001,0.3937956187727136,1.4825975026101894
Mouse_331,0.05,8.0083,-2.9312856786036248,14.812226095813621,17.743511774417247,5.064287500000001,0.4582650473166086,1.5813280742848819
Mouse_331,0.05,8.5083,-3.9862965402417787,14.812226095813621,18.798522636055402,5.064287500000001,0.5188287011151572,1.6800586459595745
Mouse_331,0.05,9.0083,-2.989522048774729,14.812226095813621,17.801748144588352,5.064287500000001,0.5759329180407254,1.7787892176342672
Mouse_331,0.05,9.5083,-2.92141709558694,14.812226095813621,17.73364319140056,5.064287500000001,0.6299516448450575,1.87751978930896
Mouse_331,0.05,10.0083,-3.033344331570265,14.812226095813621,17.84557042738389,5.064287500000001,0.6812012922024527,1.9762503609836524
Mouse_331,0.05,11.0083,-1.5368403417318017,14.812226095813621,16.349066437545424,5.064287500000001,0.7764360771945408,2.1737115043330375
Mouse_331,0.05,12.0083,-1.6772488837351585,14.812226095813621,16.48947497954878,5.064287500000001,0.8633846208314493,2.371172647682423
Mouse_331,0.05,13.0083,-0.4010104967756911,14.812226095813621,15.213236592589311,5.064287500000001,0.9433741587380714,2.5686337910318082
Mouse_331,0.05,14.0083,0.08273927534690806,14.812226095813621,14.729486820466711,5.064287500000001,1.017436554555678,2.7660949343811936
Mouse_331,0.05,15.0083,0.5638388838601038,14.812226095813621,14.248387211953519,5.064287500000001,1.0863899248710338,2.9635560777305785
Mouse_331,0.05,16.0083,0.8811679703955271,14.812226095813621,13.931058125418094,5.064287500000001,1.1508938812034437,3.1610172210799634
Mouse_331,0.05,17.0083,1.0703568718648233,14.812226095813621,13.741869223948799,5.064287500000001,1.2114880036701923,3.3584783644293488
Mouse_331,0.05,18.0083,1.4099306495767197,14.812226095813621,13.402295446236902,5.064287500000001,1.268619306196147,3.555939507778734
Mouse_331,0.05,19.0083,1.772158216173418,14.812226095813621,13.040067879640203,5.064287500000001,1.3226622693518997,3.7534006511281195
Mouse_331,0.05,20.0084,2.155363063904906,14.812226095813621,12.656863031908713,5.064287500000001,1.3739387288466092,3.95088154059184
Mouse_331,0.05,22.0084,2.7085645344440774,14.812226095813621,12.103661561369544,5.064287500000001,1.4692107421340512,4.34580382729061
Mouse_331,0.05,24.0084,2.9163952988012545,14.812226095813621,11.895830797012366,5.064287500000001,1.5561903125801635,4.740726113989381
Mouse_331,0.05,26.0084,3.19844593046283,14.812226095813621,11.61378016535079,5.064287500000001,1.636206106234378,5.135648400688152
Mouse_331,0.05,28.0084,3.3531675807051124,14.812226095813621,11.45905851510851,5.064287500000001,1.710291008652132,5.5305706873869225
Mouse_331,0.05,30.0084,3.5334141311383087,14.812226095813621,11.278811964675313,5.064287500000001,1.779263885937401,5.925492974085692
Mouse_331,0.05,32.0084,3.740732354323422,14.812226095813621,11.0714937414902,5.064287500000001,1.8437849118205596,6.320415260784463
Mouse_331,0.05,34.0084,3.9343102571393853,14.812226095813621,10.877915838674236,5.064287500000001,1.9043940963936155,6.715337547483234
Mouse_331,0.05,36.0084,3.901216221956763,14.812226095813621,10.911009873856859,5.064287500000001,1.9615387880393849,7.1102598341820045
Mouse_331,0.05,38.0084,4.074142425805267,14.812226095813621,10.738083670008354,5.064287500000001,2.0155937313973618,7.505182120880774
Mouse_331,0.05,40.0084,4.067534754564932,14.812226095813621,10.74469134124869,5.064287500000001,2.066875975534953,7.900104407579545
Mouse_331,0.05,45.0084,4.20822990966375,14.812226095813621,10.603996186149871,5.064287500000001,2.184635682484862,8.887410124326472
Mouse_331,0.05,48.0084,4.198101580052242,14.812226095813621,10.614124515761379,5.064287500000001,2.2491625390651073,9.479793554374627
Mouse_331,0.05,51.0084,4.154880504376836,14.812226095813621,10.657345591436785,5.064287500000001,2.309776868512084,10.072176984422782
Mouse_331,0.05,54.0084,4.216090040729966,14.812226095813621,10.596136055083655,5.064287500000001,2.366926133490249,10.66456041447094
Mouse_331,0.05,57.0084,4.139861981447968,14.812226095813621,10.672364114365653,5.064287500000001,2.4209851688658737,11.256943844519094
Mouse_331,0.05,65.0084,4.228839872455469,14.812226095813621,10.58338622335815,5.064287500000001,2.552303035783221,12.836632991314175
Mouse_331,0.05,70.0084,4.213141663134567,14.812226095813621,10.599084432679053,5.064287500000001,2.626401778317865,13.823938708061101
Mouse_331,0.05,75.0084,4.232747193401702,14.812226095813621,10.57947890241192,5.064287500000001,2.6953866507327087,14.811244424808027
Mouse_331,0.05,80.0084,4.273307126554324,14.812226095813621,10.538918969259296,5.064287500000001,2.759918172629697,15.798550141554953
Mouse_331,0.05,85.0084,4.242775088228125,14.812226095813621,10.569451007585496,5.064287500000001,2.8205366186049345,16.78585585830188
Mouse_331,0.05,90.0084,4.346318034013611,14.812226095813621,10.465908061800011,5.064287500000001,2.8776895427762437,17.773161575048807
Mouse_331,0.05,95.0084,4.339281883627155,14.812226095813621,10.472944212186466,5.064287500000001,2.9317518522121913,18.76046729179573
Mouse_331,0.05,100.0084,4.336215298759402,14.812226095813621,10.476010797054219,5.064287500000001,2.983040725928219,19.74777300854266
Mouse_331,0.05,105.0083,4.3226549832114305,14.812226095813621,10.48957111260219,5.064287500000001,3.0318259381204027,20.735058979175253
Mouse_331,0.05,110.0083,4.426073510110349,14.812226095813621,10.386152585703272,5.064287500000001,3.0783423609592497,21.722364695922177
Mouse_331,0.05,115.0083,4.412396545125868,14.812226095813621,10.399829550687752,5.064287500000001,3.122790843139812,22.709670412669105
Mouse_331,0.05,125.0083,4.409772968887743,14.812226095813621,10.402453126925877,5.064287500000001,3.2061666785658485,24.684281846162957
Mouse_331,0.05,135.0083,4.503069016714273,14.812226095813621,10.309157079099348,5.064287500000001,3.283122801497932,26.65889327965681
Mouse_331,0.05,145.0083,4.504948493147127,14.812226095813621,10.307277602666494,5.064287500000001,3.3545775256295896,28.63350471315066
Mouse_331,0.05,155.0083,4.504222479142978,14.812226095813621,10.308003616670643,5.064287500000001,3.4212652073406096,30.608116146644512
Mouse_331,0.05,165.0083,4.5442978571486465,14.812226095813621,10.267928238664975,5.064287500000001,3.4837823191336588,32.58272758013837
Mouse_331,0.05,175.0083,4.567625208647749,14.812226095813621,10.244600887165872,5.064287500000001,3.542619944838173,34.557339013632216
Mouse_331,0.05,185.0083,4.560668467900614,14.812226095813621,10.251557627913007,5.064287500000001,3.5981872324047215,36.53195044712607
Mouse_331,0.05,195.0083,4.525021495852292,14.812226095813621,10.28720459996133,5.064287500000001,3.650828665228415,38.50656188061992
Mouse_331,0.05,205.0087,4.537010491641161,14.812226095813621,10.275215604172459,5.064287500000001,3.7008389607302186,40.481252298571114
Mouse_331,0.05,215.0087,4.510244785446807,14.812226095813621,10.301981310366815,5.064287500000001,3.7484650358931813,42.45586373206497
Mouse_331,0.05,225.0087,4.539336762819423,14.812226095813621,10.272889332994197,5.064287500000001,3.7939256115914803,44.430475165558825
Mouse_331,0.05,235.0087,4.513006349147057,14.812226095813621,10.299219746666564,5.064287500000001,3.837409078203414,46.40508659905267
Mouse_331,0.05,245.0087,4.536020954274213,14.812226095813621,10.276205141539407,5.064287500000001,3.8790802635862662,48.37969803254653
Mouse_331,0.1,0.5083,-2.893676633727164,14.77227910642052,17.665955740147684,6.6065125,2.5647393594756105,0.07693923231054206
Mouse_331,0.1,1.0083,0.7482795781333351,14.77227910642052,14.023999528287185,6.6065125,1.8797901605292977,0.1526221285436151
Mouse_331,0.1,1.5083,-0.38708444284700105,14.77227910642052,15.159363549267521,6.6065125,1.4770727161542607,0.22830502477668815
Mouse_331,0.1,2.0083,4.7908015931486965,14.77227910642052,9.981477513271825,6.6065125,1.1907673118858348,0.30398792100976124
Mouse_331,0.1,2.5083,5.399366249661221,14.77227910642052,9.3729128567593,6.6065125,0.9684506721043453,0.3796708172428343
Mouse_331,0.1,2.7583,3.5831283255020194,14.77227910642052,11.189150780918501,6.6065125,0.8734413570164776,0.4175122653593708
Mouse_331,0.1,3.0083,4.521801607014652,14.77227910642052,10.25047749940587,6.6065125,0.7866807697892927,0.4553537134759073
Mouse_331,0.1,3.2583,3.3724417795609685,14.77227910642052,11.399837326859553,6.6065125,0.7068503179743673,0.49319516159244386
Mouse_331,0.1,3.5083,4.985847348524208,14.77227910642052,9.786431757896311,6.6065125,0.6329243152787799,0.5310366097089804
Mouse_331,0.1,3.7583,6.2366811557695385,14.77227910642052,8.535597950650981,6.6065125,0.5640891774446302,0.5688780578255169
Mouse_331,0.1,4.0083,5.72440308470662,14.77227910642052,9.0478760217139,6.6065125,0.49968869366550933,0.6067195059420534
Mouse_331,0.1,4.5083,1.5406420074175804,14.77227910642052,13.23163709900294,6.6065125,0.38213576262457033,0.6824024021751265
Mouse_331,0.1,5.0083,1.3720366894174818,14.77227910642052,13.400242417003039,6.6065125,0.2769593687893604,0.7580852984081995
Mouse_331,0.1,5.5083,1.292932555197907,14.77227910642052,13.479346551222614,6.6065125,0.1817998593322163,0.8337681946412726
Mouse_331,0.1,6.0083,-0.990579690594507,14.77227910642052,15.762858797015028,6.6065125,0.09491405830902462,0.9094510908743456
Mouse_331,0.1,6.5083,-0.6298708202414236,14.77227910642052,15.402149926661945,6.6065125,0.014977619540730442,0.9851339871074186
Mouse_331,0.1,7.0083,-2.4627712102577464,14.77227910642052,17.23505031667827,6.6065125,0.059039255990692374,1.0608168833404916
Mouse_331,0.1,7.5083,-2.296102906268488,14.77227910642052,17.06838201268901,6.6065125,0.12795317035845324,1.1364997795735647
Mouse_331,0.1,8.0083,-2.419623355782364,14.77227910642052,17.191902462202883,6.6065125,0.19242259890234842,1.2121826758066379
Mouse_331,0.1,8.5083,-3.39410140008411,14.77227910642052,18.16638050650463,6.6065125,0.252986252700897,1.2878655720397107
Mouse_331,0.1,9.0083,-2.277395893390147,14.77227910642052,17.04967499981067,6.6065125,0.31009046962646514,1.3635484682727839
Mouse_331,0.1,9.5083,-2.1538474557579503,14.77227910642052,16.92612656217847,6.6065125,0.3641091964307972,1.439231364505857
Mouse_331,0.1,10.0083,-2.308024926171364,14.77227910642052,17.080304032591883,6.6065125,0.41535884378819243,1.5149142607389299
Mouse_331,0.1,11.0083,-0.4323542576782451,14.77227910642052,15.204633364098765,6.6065125,0.5105936287802806,1.666280053205076
Mouse_331,0.1,12.0083,-0.5578097710169327,14.77227910642052,15.330088877437454,6.6065125,0.597542172417189,1.8176458456712221
Mouse_331,0.1,13.0083,1.1438540700242488,14.77227910642052,13.628425036396271,6.6065125,0.6775317103238111,1.9690116381373683
Mouse_331,0.1,14.0083,1.7519822572646886,14.77227910642052,13.020296849155832,6.6065125,0.7515941061414179,2.1203774306035146
Mouse_331,0.1,15.0083,2.4401292816675335,14.77227910642052,12.332149824752985,6.6065125,0.8205474764567735,2.2717432230696604
Mouse_331,0.1,16.0083,2.8915763958874496,14.77227910642052,11.880702710533072,6.6065125,0.8850514327891835,2.423109015535806
Mouse_331,0.1,17.0083,3.139685016936978,14.77227910642052,11.632594089483543,6.6065125,0.9456455552559321,2.5744748080019524
Mouse_331,0.1,18.0083,3.5960962762161675,14.77227910642052,11.176182830204354,6.6065125,1.0027768577818867,2.7258406004680986
Mouse_331,0.1,19.0083,4.071492781629645,14.77227910642052,10.700786324790876,6.6065125,1.0568198209376394,2.8772063929342444
Mouse_331,0.1,20.0084,4.6072624996857146,14.77227910642052,10.165016606734806,6.6065125,1.108096280432349,3.028587321979638
Mouse_331,0.1,22.0084,5.299428532292613,14.77227910642052,9.472850574127907,6.6065125,1.203368293719791,3.33131890691193
Mouse_331,0.1,24.0084,5.549311316552061,14.77227910642052,9.22296778986846,6.6065125,1.2903478641659032,3.634050491844222
Mouse_331,0.1,26.0084,5.916479350251818,14.77227910642052,8.855799756168702,6.6065125,1.3703636578201177,3.9367820767765145
Mouse_331,0.1,28.0084,6.102043600893047,14.77227910642052,8.670235505527472,6.6065125,1.4444485602378716,4.2395136617088065
Mouse_331,0.1,30.0084,6.303731943606973,14.77227910642052,8.468547162813547,6.6065125,1.513421437523141,4.542245246641099
Mouse_331,0.1,32.0084,6.495593763809087,14.77227910642052,8.276685342611435,6.6065125,1.5779424634062993,4.8449768315733905
Mouse_331,0.1,34.0084,6.730656200882995,14.77227910642052,8.041622905537526,6.6065125,1.6385516479793552,5.147708416505683
Mouse_331,0.1,36.0084,6.627760595267651,14.77227910642052,8.144518511152869,6.6065125,1.6956963396251248,5.4504400014379755
Mouse_331,0.1,38.0084,6.8187521721040705,14.77227910642052,7.95352693431645,6.6065125,1.7497512829831012,5.753171586370267
Mouse_331,0.1,40.0084,6.803156858040118,14.77227910642052,7.969122248380402,6.6065125,1.8010335271206925,6.0559031713025595
Mouse_331,0.1,45.0084,6.929241745275473,14.77227910642052,7.843037361145049,6.6065125,1.9187932340706018,6.81273213363329
Mouse_331,0.1,48.0084,6.89409768227288,14.77227910642052,7.878181424147641,6.6065125,1.9833200906508468,7.2668295110317285
Mouse_331,0.1,51.0084,6.820725744665014,14.77227910642052,7.951553361755506,6.6065125,2.043934420097824,7.720926888430166
Mouse_331,0.1,54.0084,6.88530198089018,14.77227910642052,7.886977125530342,6.6065125,2.101083685075989,8.175024265828606
Mouse_331,0.1,57.0084,6.785311065652994,14.77227910642052,7.986968040767526,6.6065125,2.1551427204516136,8.629121643227043
Mouse_331,0.1,65.0084,6.840146995755038,14.77227910642052,7.932132110665483,6.6065125,2.286460587368961,9.84004798295621
Mouse_331,0.1,70.0084,6.8354315454088095,14.77227910642052,7.936847561011711,6.6065125,2.3605593299036047,10.596876945286942
Mouse_331,0.1,75.0084,6.794569322923955,14.77227910642052,7.9777097834965645,6.6065125,2.429544202318448,11.353705907617671
Mouse_331,0.1,80.0084,6.815650684235763,14.77227910642052,7.956628422184758,6.6065125,2.494075724215437,12.110534869948403
Mouse_331,0.1,85.0084,6.725588912702395,14.77227910642052,8.046690193718126,6.6065125,2.5546941701906745,12.867363832279132
Mouse_331,0.1,90.0084,6.824887660828864,14.77227910642052,7.947391445591657,6.6065125,2.6118470943619836,13.624192794609863
Mouse_331,0.1,95.0084,6.731396612836997,14.77227910642052,8.040882493583524,6.6065125,2.665909403797931,14.381021756940594
Mouse_331,0.1,100.0084,6.755620283069531,14.77227910642052,8.01665882335099,6.6065125,2.7171982775139587,15.137850719271324
Mouse_331,0.1,105.0083,6.702971024608948,14.77227910642052,8.069308081811574,6.6065125,2.765983489706142,15.89466454502281
Mouse_331,0.1,110.0083,6.767645420968478,14.77227910642052,8.004633685452042,6.6065125,2.812499912544989,16.65149350735354
Mouse_331,0.1,115.0083,6.751616325320697,14.77227910642052,8.020662781099823,6.6065125,2.856948394725552,17.408322469684272
Mouse_331,0.1,125.0083,6.639110506763329,14.77227910642052,8.133168599657193,6.6065125,2.9403242301515884,18.92198039434573
Mouse_331,0.1,135.0083,6.649572056227152,14.77227910642052,8.12270705019337,6.6065125,3.0172803530836716,20.43563831900719
Mouse_331,0.1,145.0083,6.579936781505367,14.77227910642052,8.192342324915154,6.6065125,3.088735077215329,21.949296243668652
Mouse_331,0.1,155.0083,6.478067640302106,14.77227910642052,8.294211466118416,6.6065125,3.155422758926349,23.46295416833011
Mouse_331,0.1,165.0083,6.466316815796647,14.77227910642052,8.305962290623874,6.6065125,3.2179398707193982,24.976612092991573
Mouse_331,0.1,175.0083,6.4280801293176975,14.77227910642052,8.344198977102824,6.6065125,3.276777496423913,26.490270017653035
Mouse_331,0.1,185.0083,6.386251265432323,14.77227910642052,8.386027840988199,6.6065125,3.3323447839904614,28.003927942314494
Mouse_331,0.1,195.0083,6.259736200242423,14.77227910642052,8.512542906178098,6.6065125,3.3849862168141547,29.517585866975956
Mouse_331,0.1,205.0087,6.201931862901274,14.77227910642052,8.570347243519246,6.6065125,3.434996512315958,31.031304337954406
Mouse_331,0.1,215.0087,6.15824782953066,14.77227910642052,8.614031276889861,6.6065125,3.4826225874789207,32.54496226261587
Mouse_331,0.1,225.0087,6.080140728380091,14.77227910642052,8.69213837804043,6.6065125,3.5280831631772203,34.05862018727733
Mouse_331,0.1,235.0087,6.018712999090895,14.77227910642052,8.753566107329625,6.6065125,3.571566629789154,35.572278111938786
Mouse_331,0.1,245.0087,5.93120530483166,14.77227910642052,8.84107380158886,6.6065125,3.613237815172006,37.08593603660025
Mouse_331,0.25,0.5083,-4.479107600116926,15.745784570531177,20.224892170648104,10.791525,3.0554445583815797,0.0471017766256391
Mouse_331,0.25,1.0083,2.02062705781936,15.745784570531177,13.725157512711817,10.791525,2.370495359435267,0.09343443118558313
Mouse_331,0.25,1.5083,0.9404364786972326,15.745784570531177,14.805348091833942,10.791525,1.96777791506023,0.13976708574552715
Mouse_331,0.25,2.0083,9.576347554522318,15.745784570531177,6.1694370160088585,10.791525,1.681472510791804,0.18609974030547122
Mouse_331,0.25,2.5083,8.785970398683551,15.745784570531177,6.959814171847627,10.791525,1.4591558710103145,0.23243239486541523
Mouse_331,0.25,2.7583,5.493627303305217,15.745784570531177,10.252157267225959,10.791525,1.3641465559224468,0.25559872214538726
Mouse_331,0.25,3.0083,8.042751688716947,15.745784570531177,7.703032881814229,10.791525,1.2773859686952618,0.2787650494253593
Mouse_331,0.25,3.2583,5.519484396529869,15.745784570531177,10.226300174001308,10.791525,1.1975555168803365,0.30193137670533127
Mouse_331,0.25,3.5083,6.464757901483488,15.745784570531177,9.281026669047689,10.791525,1.123629514184749,0.3250977039853033
Mouse_331,0.25,3.7583,8.757957491406842,15.745784570531177,6.987827079124335,10.791525,1.0547943763505994,0.34826403126527533
Mouse_331,0.25,4.0083,8.108970450545995,15.745784570531177,7.636814119985182,10.791525,0.9903938925714785,0.3714303585452473
Mouse_331,0.25,4.5083,2.643122925901169,15.745784570531177,13.102661644630007,10.791525,0.8728409615305395,0.41776301310519137
Mouse_331,0.25,5.0083,2.4803040026163865,15.745784570531177,13.26548056791479,10.791525,0.7676645676953295,0.4640956676651354
Mouse_331,0.25,5.5083,1.893466534870969,15.745784570531177,13.852318035660208,10.791525,0.6725050582381855,0.5104283222250794
Mouse_331,0.25,6.0083,-0.2721764082849951,15.745784570531177,16.017960978816173,10.791525,0.5856192572149937,0.5567609767850235
Mouse_331,0.25,6.5083,-0.3700824285097182,15.745784570531177,16.115866999040897,10.791525,0.5056828184466995,0.6030936313449675
Mouse_331,0.25,7.0083,-2.2854305625192533,15.745784570531177,18.03121513305043,10.791525,0.43166594291527677,0.6494262859049115
Mouse_331,0.25,7.5083,-2.094308126461981,15.745784570531177,17.84009269699316,10.791525,0.3627520285475159,0.6957589404648555
Mouse_331,0.25,8.0083,-2.1144472755353374,15.745784570531177,17.86023184606651,10.791525,0.2982826000036207,0.7420915950247996
Mouse_331,0.25,8.5083,-3.23912928857471,15.745784570531177,18.984913859105887,10.791525,0.2377189462050722,0.7884242495847436
Mouse_331,0.25,9.0083,-1.8572693730932537,15.745784570531177,17.603053943624428,10.791525,0.18061472927950403,0.8347569041446876
Mouse_331,0.25,9.5083,-2.0075196442898946,15.745784570531177,17.75330421482107,10.791525,0.126596002475172,0.8810895587046317
Mouse_331,0.25,10.0083,-2.00824168803657,15.745784570531177,17.754026258567748,10.791525,0.07534635511777674,0.9274222132645756
Mouse_331,0.25,11.0083,0.2950060634192688,15.745784570531177,15.450778507111908,10.791525,0.019888429874311313,1.0200875223844637
Mouse_331,0.25,12.0083,0.12500983922993347,15.745784570531177,15.620774731301243,10.791525,0.10683697351121983,1.1127528315043518
Mouse_331,0.25,13.0083,2.2871259296505078,15.745784570531177,13.458658640880667,10.791525,0.18682651141784196,1.20541814062424
Mouse_331,0.25,14.0083,3.0403506101616937,15.745784570531177,12.705433960369483,10.791525,0.26088890723544866,1.298083449744128
Mouse_331,0.25,15.0083,3.8054655795362056,15.745784570531177,11.940318990994971,10.791525,0.32984227755080436,1.390748758864016
Mouse_331,0.25,16.0083,4.35541372179868,15.745784570531177,11.390370848732497,10.791525,0.39434623388321444,1.4834140679839039
Mouse_331,0.25,17.0083,4.666279657569904,15.745784570531177,11.079504912961273,10.791525,0.45494035634996294,1.576079377103792
Mouse_331,0.25,18.0083,5.173403300630358,15.745784570531177,10.572381269900818,10.791525,0.5120716588759177,1.66874468622368
Mouse_331,0.25,19.0083,5.686059503204514,15.745784570531177,10.059725067326664,10.791525,0.5661146220316702,1.761409995343568
Mouse_331,0.25,20.0084,6.21829332471107,15.745784570531177,9.527491245820107,10.791525,0.6173910815263799,1.8540845709943685
Mouse_331,0.25,22.0084,6.992858199097637,15.745784570531177,8.752926371433539,10.791525,0.7126630948138217,2.0394151892341443
Mouse_331,0.25,24.0084,7.229642628440476,15.745784570531177,8.5161419420907,10.791525,0.7996426652599341,2.2247458074739206
Mouse_331,0.25,26.0084,7.579412876165266,15.745784570531177,8.16637169436591,10.791525,0.8796584589141485,2.410076425713697
Mouse_331,0.25,28.0084,7.726365879522065,15.745784570531177,8.019418691009111,10.791525,0.9537433613319025,2.595407043953473
Mouse_331,0.25,30.0084,7.935122954845869,15.745784570531177,7.810661615685307,10.791525,1.0227162386171718,2.780737662193249
Mouse_331,0.25,32.0084,8.163900452065265,15.745784570531177,7.581884118465911,10.791525,1.0872372645003303,2.966068280433025
Mouse_331,0.25,34.0084,8.3519899804831,15.745784570531177,7.393794590048076,10.791525,1.147846449073386,3.1513988986728014
Mouse_331,0.25,36.0084,8.368439705370616,15.745784570531177,7.377344865160561,10.791525,1.2049911407191554,3.3367295169125772
Mouse_331,0.25,38.0084,8.50046576942086,15.745784570531177,7.245318801110319,10.791525,1.2590460840771323,3.5220601351523535
Mouse_331,0.25,40.0084,8.483606905849548,15.745784570531177,7.262177664681629,10.791525,1.3103283282147233,3.7073907533921298
Mouse_331,0.25,45.0084,8.631093229234395,15.745784570531177,7.114691341296783,10.791525,1.4280880351646326,4.17071729899157
Mouse_331,0.25,48.0084,8.555206671961784,15.745784570531177,7.1905778985693924,10.791525,1.4926148917448778,4.448713226351234
Mouse_331,0.25,51.0084,8.51100614064574,15.745784570531177,7.234778429885437,10.791525,1.5532292211918548,4.726709153710899
Mouse_331,0.25,54.0084,8.574748790738768,15.745784570531177,7.171035779792407,10.791525,1.6103784861700197,5.004705081070562
Mouse_331,0.25,57.0084,8.444243195322505,15.745784570531177,7.3015413752086715,10.791525,1.6644375215456442,5.282701008430227
Mouse_331,0.25,65.0084,8.447029619682317,15.745784570531177,7.298754950848858,10.791525,1.7957553884629918,6.024023481389331
Mouse_331,0.25,70.0084,8.392233997302752,15.745784570531177,7.353550573228425,10.791525,1.8698541309976353,6.4873500269887705
Mouse_331,0.25,75.0084,8.344110085412927,15.745784570531177,7.401674485118249,10.791525,1.9388390034124792,6.950676572588211
Mouse_331,0.25,80.0084,8.355364492247086,15.745784570531177,7.390420078284091,10.791525,2.003370525309468,7.414003118187652
Mouse_331,0.25,85.0084,8.266465819098284,15.745784570531177,7.479318751432892,10.791525,2.0639889712847053,7.8773296637870915
Mouse_331,0.25,90.0084,8.331466954309061,15.745784570531177,7.414317616222116,10.791525,2.1211418954560144,8.340656209386532
Mouse_331,0.25,95.0084,8.2595868151991,15.745784570531177,7.486197755332076,10.791525,2.175204204891962,8.803982754985972
Mouse_331,0.25,100.0084,8.264373278646259,15.745784570531177,7.481411291884918,10.791525,2.2264930786079895,9.267309300585412
Mouse_331,0.25,105.0083,8.182232841910329,15.745784570531177,7.563551728620848,10.791525,2.275278290800173,9.730626579653942
Mouse_331,0.25,110.0083,8.259522039805859,15.745784570531177,7.486262530725317,10.791525,2.3217947136390205,10.193953125253381
Mouse_331,0.25,115.0083,8.245160131766681,15.745784570531177,7.500624438764495,10.791525,2.3662431958195826,10.657279670852823
Mouse_331,0.25,125.0083,8.103305366294308,15.745784570531177,7.642479204236868,10.791525,2.449619031245619,11.583932762051703
Mouse_331,0.25,135.0083,8.10406522345411,15.745784570531177,7.641719347077067,10.791525,2.5265751541777024,12.510585853250582
Mouse_331,0.25,145.0083,8.027819622275038,15.745784570531177,7.717964948256139,10.791525,2.59802987830936,13.437238944449463
Mouse_331,0.25,155.0083,7.926774831341882,15.745784570531177,7.819009739189294,10.791525,2.6647175600203803,14.363892035648343
Mouse_331,0.25,165.0083,7.896306466000532,15.745784570531177,7.849478104530643,10.791525,2.727234671813429,15.290545126847224
Mouse_331,0.25,175.0083,7.851032166707514,15.745784570531177,7.894752403823663,10.791525,2.786072297517944,16.217198218046104
Mouse_331,0.25,185.0083,7.806752500968845,15.745784570531177,7.939032069562331,10.791525,2.841639585084492,17.143851309244987
Mouse_331,0.25,195.0083,7.684644190942533,15.745784570531177,8.061140379588643,10.791525,2.8942810179081855,18.070504400443866
Mouse_331,0.25,205.0087,7.608689860555898,15.745784570531177,8.13709470997528,10.791525,2.944291313409989,18.997194557766395
Mouse_331,0.25,215.0087,7.5670288997660595,15.745784570531177,8.178755670765117,10.791525,2.9919173885729515,19.923847648965275
Mouse_331,0.25,225.0087,7.468542377552143,15.745784570531177,8.277242192979035,10.791525,3.037377964271251,20.850500740164158
Mouse_331,0.25,235.0087,7.410882041303947,15.745784570531177,8.334902529227229,10.791525,3.0808614308831848,21.777153831363037
Mouse_331,0.25,245.0087,7.292013386605588,15.745784570531177,8.45377118392559,10.791525,3.1225326162660365,22.703806922561917
Mouse_331,0.5,0.5083,-2.557500231302215,16.470653471554765,19.028153702856983,12.1226375,3.171758027007179,0.04192981931530989
Mouse_331,0.5,1.0083,2.177232329957521,16.470653471554765,14.293421141597246,12.1226375,2.486808828060866,0.08317496914347229
Mouse_331,0.5,1.5083,1.9105285538440588,16.470653471554765,14.560124917710707,12.1226375,2.0840913836858292,0.12442011897163469
Mouse_331,0.5,2.0083,9.238157553171668,16.470653471554765,7.232495918383099,12.1226375,1.7977859794174031,0.1656652687997971
Mouse_331,0.5,2.5083,9.743808041816413,16.470653471554765,6.726845429738353,12.1226375,1.5754693396359136,0.2069104186279595
Mouse_331,0.5,2.7583,5.565732913778155,16.470653471554765,10.904920557776611,12.1226375,1.4804600245480461,0.22753299354204068
Mouse_331,0.5,3.0083,8.535365051836692,16.470653471554765,7.935288419718074,12.1226375,1.393699437320861,0.24815556845612188
Mouse_331,0.5,3.2583,6.818210425948395,16.470653471554765,9.65244304560637,12.1226375,1.3138689855059358,0.26877814337020306
Mouse_331,0.5,3.5083,7.060678527369341,16.470653471554765,9.409974944185425,12.1226375,1.2399429828103483,0.28940071828428426
Mouse_331,0.5,3.7583,8.740995013171268,16.470653471554765,7.729658458383499,12.1226375,1.1711078449761987,0.31002329319836547
Mouse_331,0.5,4.0083,8.744877588970244,16.470653471554765,7.7257758825845215,12.1226375,1.1067073611970777,0.3306458681124467
Mouse_331,0.5,4.5083,3.275686071055779,16.470653471554765,13.194967400498989,12.1226375,0.9891544301561387,0.3718910179406091
Mouse_331,0.5,5.0083,3.223875195433191,16.470653471554765,13.246778276121574,12.1226375,0.8839780363209288,0.4131361677687715
Mouse_331,0.5,5.5083,2.4297053244111697,16.470653471554765,14.040948147143597,12.1226375,0.7888185268637847,0.45438131759693384
Mouse_331,0.5,6.0083,0.13235686859629503,16.470653471554765,16.338296602958472,12.1226375,0.7019327258405931,0.49562646742509625
Mouse_331,0.5,6.5083,-0.2580683049899264,16.470653471554765,16.728721776544692,12.1226375,0.6219962870722989,0.5368716172532586
Mouse_331,0.5,7.0083,-2.019019062224161,16.470653471554765,18.48967253377893,12.1226375,0.547979411540876,0.578116767081421
Mouse_331,0.5,7.5083,-1.7322077417838404,16.470653471554765,18.202861213338608,12.1226375,0.4790654971731152,0.6193619169095834
Mouse_331,0.5,8.0083,-2.0005873984660427,16.470653471554765,18.471240870020807,12.1226375,0.41459606862922005,0.6606070667377458
Mouse_331,0.5,8.5083,-3.030937743172151,16.470653471554765,19.50159121472692,12.1226375,0.3540324148306713,0.7018522165659082
Mouse_331,0.5,9.0083,-1.5648680754159783,16.470653471554765,18.035521546970745,12.1226375,0.2969281979051032,0.7430973663940706
Mouse_331,0.5,9.5083,-2.0592077249501655,16.470653471554765,18.529861196504932,12.1226375,0.2429094711007712,0.784342516222233
Mouse_331,0.5,10.0083,-1.845670978859638,16.470653471554765,18.316324450414406,12.1226375,0.19165982374337584,0.8255876660503955
Mouse_331,0.5,11.0083,0.7031743936933319,16.470653471554765,15.767479077861434,12.1226375,0.09642503875128786,0.9080779657067202
Mouse_331,0.5,12.0083,0.38119778439154484,16.470653471554765,16.089455687163223,12.1226375,0.009476495114379382,0.990568265363045
Mouse_331,0.5,13.0083,2.7647792307922563,16.470653471554765,13.705874240762512,12.1226375,0.07051304279224273,1.0730585650193698
Mouse_331,0.5,14.0083,3.606181741461154,16.470653471554765,12.864471730093612,12.1226375,0.14457543860984937,1.1555488646756946
Mouse_331,0.5,15.0083,4.386049468875211,16.470653471554765,12.084604002679555,12.1226375,0.21352880892520523,1.2380391643320194
Mouse_331,0.5,16.0083,4.996801701304946,16.470653471554765,11.473851770249821,12.1226375,0.2780327652576152,1.320529463988344
Mouse_331,0.5,17.0083,5.350314959440269,16.470653471554765,11.120338512114497,12.1226375,0.3386268877243637,1.4030197636446688
Mouse_331,0.5,18.0083,5.884015291611909,16.470653471554765,10.586638179942858,12.1226375,0.3957581902503184,1.4855100633009937
Mouse_331,0.5,19.0083,6.4711184321521875,16.470653471554765,9.999535039402577,12.1226375,0.449801153406071,1.5680003629573185
Mouse_331,0.5,20.0084,7.005031700342544,16.470653471554765,9.465621771212223,12.1226375,0.5010776129007806,1.650498911643609
Mouse_331,0.5,22.0084,7.82760950822566,16.470653471554765,8.643043963329108,12.1226375,0.5963496261882226,1.8154795109562587
Mouse_331,0.5,24.0084,8.068777074134022,16.470653471554765,8.401876397420743,12.1226375,0.683329196634335,1.9804601102689083
Mouse_331,0.5,26.0084,8.46946572301441,16.470653471554765,8.001187748540355,12.1226375,0.7633449902885492,2.1454407095815577
Mouse_331,0.5,28.0084,8.586574984244946,16.470653471554765,7.884078487309821,12.1226375,0.8374298927063032,2.3104213088942074
Mouse_331,0.5,30.0084,8.820701295752677,16.470653471554765,7.64995217580209,12.1226375,0.9064027699915725,2.475401908206857
Mouse_331,0.5,32.0084,9.042406269036741,16.470653471554765,7.428247202518024,12.1226375,0.970923795874731,2.6403825075195066
Mouse_331,0.5,34.0084,9.226406399311779,16.470653471554765,7.244247072242988,12.1226375,1.0315329804477869,2.8053631068321563
Mouse_331,0.5,36.0084,9.243367807113506,16.470653471554765,7.2272856644412595,12.1226375,1.0886776720935563,2.970343706144806
Mouse_331,0.5,38.0084,9.375263516618297,16.470653471554765,7.09538995493647,12.1226375,1.142732615451533,3.135324305457455
Mouse_331,0.5,40.0084,9.35999388518292,16.470653471554765,7.110659586371846,12.1226375,1.194014859589124,3.3003049047701047
Mouse_331,0.5,45.0084,9.49078078037104,16.470653471554765,6.979872691183726,12.1226375,1.3117745665390335,3.712756403051729
Mouse_331,0.5,48.0084,9.399275823916296,16.470653471554765,7.07137764763847,12.1226375,1.3763014231192785,3.9602273020207033
Mouse_331,0.5,51.0084,9.37777759819387,16.470653471554765,7.092875873360897,12.1226375,1.4369157525662555,4.207698200989678
Mouse_331,0.5,54.0084,9.403383367487061,16.470653471554765,7.067270104067704,12.1226375,1.4940650175444203,4.455169099958652
Mouse_331,0.5,57.0084,9.283380573517643,16.470653471554765,7.187272898037124,12.1226375,1.548124052920045,4.702639998927626
Mouse_331,0.5,65.0084,9.231500011055644,16.470653471554765,7.2391534604991215,12.1226375,1.6794419198373927,5.362562396178224
Mouse_331,0.5,70.0084,9.171541477519806,16.470653471554765,7.299111994034959,12.1226375,1.7535406623720362,5.775013894459848
Mouse_331,0.5,75.0084,9.087400943307262,16.470653471554765,7.383252528247503,12.1226375,1.8225255347868798,6.187465392741472
Mouse_331,0.5,80.0084,9.082956776281806,16.470653471554765,7.387696695272959,12.1226375,1.8870570566838687,6.599916891023096
Mouse_331,0.5,85.0084,8.968290122401397,16.470653471554765,7.502363349153368,12.1226375,1.9476755026591062,7.0123683893047195
Mouse_331,0.5,90.0084,9.001857300585977,16.470653471554765,7.468796170968789,12.1226375,2.0048284268304153,7.424819887586344
Mouse_331,0.5,95.0084,8.908557186060882,16.470653471554765,7.562096285493885,12.1226375,2.058890736266363,7.837271385867968
Mouse_331,0.5,100.0084,8.919037009857114,16.470653471554765,7.5516164616976535,12.1226375,2.11017960998239,8.249722884149591
Mouse_331,0.5,105.0083,8.827783606345175,16.470653471554765,7.642869865209593,12.1226375,2.158964822174574,8.662166133401252
Mouse_331,0.5,110.0083,8.868940260692858,16.470653471554765,7.601713210861909,12.1226375,2.205481245013421,9.074617631682875
Mouse_331,0.5,115.0083,8.875920919982239,16.470653471554765,7.594732551572529,12.1226375,2.2499297271939835,9.4870691299645
Mouse_331,0.5,125.0083,8.696939428735657,16.470653471554765,7.77371404281911,12.1226375,2.33330556262002,10.311972126527747
Mouse_331,0.5,135.0083,8.669106685375139,16.470653471554765,7.801546786179626,12.1226375,2.4102616855521033,11.136875123090993
Mouse_331,0.5,145.0083,8.572409167040865,16.470653471554765,7.898244304513902,12.1226375,2.4817164096837607,11.961778119654241
Mouse_331,0.5,155.0083,8.477238687606336,16.470653471554765,7.99341478394843,12.1226375,2.5484040913947807,12.786681116217489
Mouse_331,0.5,165.0083,8.423557628781472,16.470653471554765,8.047095842773293,12.1226375,2.61092120318783,13.611584112780736
Mouse_331,0.5,175.0083,8.37091502393131,16.470653471554765,8.099738447623457,12.1226375,2.669758828892345,14.436487109343986
Mouse_331,0.5,185.0083,8.327511171190498,16.470653471554765,8.143142300364268,12.1226375,2.725326116458893,15.261390105907234
Mouse_331,0.5,195.0083,8.216944017080948,16.470653471554765,8.253709454473817,12.1226375,2.7779675492825864,16.08629310247048
Mouse_331,0.5,205.0087,8.121877244690332,16.470653471554765,8.348776226864434,12.1226375,2.8279778447843897,16.911229095153594
Mouse_331,0.5,215.0087,8.093740897799261,16.470653471554765,8.376912573755506,12.1226375,2.8756039199473524,17.73613209171684
Mouse_331,0.5,225.0087,7.986046979647882,16.470653471554765,8.484606491906884,12.1226375,2.921064495645652,18.56103508828009
Mouse_331,0.5,235.0087,7.930282362373609,16.470653471554765,8.540371109181157,12.1226375,2.964547962257585,19.385938084843335
Mouse_331,0.5,245.0087,7.800607014264534,16.470653471554765,8.670046457290233,12.1226375,3.0062191476404374,20.210841081406585
Mouse_331,1.0,0.5083,-1.688736617750503,16.563462099145582,18.252198716896086,12.167449999999999,3.1754478079387276,0.041775392543219825
Mouse_331,1.0,1.0083,3.0615427852890544,16.563462099145582,13.501919313856527,12.167449999999999,2.490498608992415,0.08286863722472664
Mouse_331,1.0,1.5083,2.0225817934536123,16.563462099145582,14.540880305691969,12.167449999999999,2.0877811646173776,0.12396188190623345
Mouse_331,1.0,2.0083,7.750762743459461,16.563462099145582,8.81269935568612,12.167449999999999,1.801475760348952,0.16505512658774027
Mouse_331,1.0,2.5083,9.16635123819045,16.563462099145582,7.397110860955133,12.167449999999999,1.5791591205674624,0.2061483712692471
Mouse_331,1.0,2.7583,5.027761392946504,16.563462099145582,11.535700706199078,12.167449999999999,1.4841498054795947,0.22669499361000048
Mouse_331,1.0,3.0083,7.30899578032275,16.563462099145582,9.254466318822832,12.167449999999999,1.3973892182524097,0.2472416159507539
Mouse_331,1.0,3.2583,6.799496917248483,16.563462099145582,9.763965181897099,12.167449999999999,1.3175587664374842,0.26778823829150733
Mouse_331,1.0,3.5083,6.847506685998688,16.563462099145582,9.715955413146892,12.167449999999999,1.243632763741897,0.2883348606322607
Mouse_331,1.0,3.7583,7.999211837610497,16.563462099145582,8.564250261535085,12.167449999999999,1.1747976259077473,0.3088814829730141
Mouse_331,1.0,4.0083,8.226901357608202,16.563462099145582,8.336560741537381,12.167449999999999,1.1103971421286263,0.32942810531376754
Mouse_331,1.0,4.5083,3.623434906433496,16.563462099145582,12.940027192712087,12.167449999999999,0.9928442110876874,0.3705213499952743
Mouse_331,1.0,5.0083,3.690978395699039,16.563462099145582,12.872483703446543,12.167449999999999,0.8876678172524775,0.41161459467678113
Mouse_331,1.0,5.5083,2.895704371805494,16.563462099145582,13.667757727340085,12.167449999999999,0.7925083077953333,0.45270783935828796
Mouse_331,1.0,6.0083,0.6603583909581241,16.563462099145582,15.903103708187455,12.167449999999999,0.7056225067721416,0.4938010840397948
Mouse_331,1.0,6.5083,0.15777835091802583,16.563462099145582,16.405683748227556,12.167449999999999,0.6256860680038474,0.5348943287213016
Mouse_331,1.0,7.0083,-1.4592852563034047,16.563462099145582,18.022747355448985,12.167449999999999,0.5516691924724246,0.5759875734028084
Mouse_331,1.0,7.5083,-1.050850428834852,16.563462099145582,17.614312527980434,12.167449999999999,0.4827552781046637,0.6170808180843153
Mouse_331,1.0,8.0083,-1.6541858051820384,16.563462099145582,18.21764790432762,12.167449999999999,0.4182858495607686,0.658174062765822
Mouse_331,1.0,8.5083,-2.435205574311432,16.563462099145582,18.998667673457014,12.167449999999999,0.35772219576222003,0.6992673074473288
Mouse_331,1.0,9.0083,-1.078554832933988,16.563462099145582,17.64201693207957,12.167449999999999,0.3006179788366518,0.7403605521288357
Mouse_331,1.0,9.5083,-1.8314463937723735,16.563462099145582,18.394908492917956,12.167449999999999,0.24659925203231986,0.7814537968103424
Mouse_331,1.0,10.0083,-1.4349747986915684,16.563462099145582,17.99843689783715,12.167449999999999,0.19534960467492457,0.8225470414918492
Mouse_331,1.0,11.0083,1.1469068173728973,16.563462099145582,15.416555281772686,12.167449999999999,0.10011481968283645,0.9047335308548629
Mouse_331,1.0,12.0083,0.7231526316528651,16.563462099145582,15.840309467492716,12.167449999999999,0.013166276045927974,0.9869200202178765
Mouse_331,1.0,13.0083,3.151066810895081,16.563462099145582,13.412395288250503,12.167449999999999,0.06682326186069402,1.06910650958089
Mouse_331,1.0,14.0083,4.019452617895553,16.563462099145582,12.54400948125003,12.167449999999999,0.14088565767830077,1.1512929989439038
Mouse_331,1.0,15.0083,4.776445274230991,16.563462099145582,11.78701682491459,12.167449999999999,0.20983902799365656,1.2334794883069173
Mouse_331,1.0,16.0083,5.396523989404931,16.563462099145582,11.166938109740652,12.167449999999999,0.27434298432606663,1.3156659776699309
Mouse_331,1.0,17.0083,5.7516593629264925,16.563462099145582,10.81180273621909,12.167449999999999,0.334937106792815,1.3978524670329444
Mouse_331,1.0,18.0083,6.2750603820152415,16.563462099145582,10.288401717130341,12.167449999999999,0.3920684093187698,1.4800389563959582
Mouse_331,1.0,19.0083,6.892943609926632,16.563462099145582,9.670518489218951,12.167449999999999,0.4461113724745223,1.5622254457589717
Mouse_331,1.0,20.0084,7.398257510823104,16.563462099145582,9.165204588322478,12.167449999999999,0.49738783196923203,1.644420153770922
Mouse_331,1.0,22.0084,8.20207391503331,16.563462099145582,8.361388184112272,12.167449999999999,0.5926598452566739,1.808793132496949
Mouse_331,1.0,24.0084,8.442113135480756,16.563462099145582,8.121348963664826,12.167449999999999,0.6796394157027863,1.9731661112229764
Mouse_331,1.0,26.0084,8.852522181583295,16.563462099145582,7.710939917562287,12.167449999999999,0.7596552093570007,2.1375390899490037
Mouse_331,1.0,28.0084,8.944747989988684,16.563462099145582,7.6187141091568975,12.167449999999999,0.8337401117747546,2.3019120686750307
Mouse_331,1.0,30.0084,9.182511627927818,16.563462099145582,7.380950471217764,12.167449999999999,0.902712989060024,2.4662850474010583
Mouse_331,1.0,32.0084,9.385502869452722,16.563462099145582,7.177959229692859,12.167449999999999,0.9672340149431824,2.6306580261270853
Mouse_331,1.0,34.0084,9.544551796043711,16.563462099145582,7.018910303101871,12.167449999999999,1.0278431995162383,2.795031004853113
Mouse_331,1.0,36.0084,9.566744364882897,16.563462099145582,6.996717734262684,12.167449999999999,1.0849878911620077,2.95940398357914
Mouse_331,1.0,38.0084,9.687620323125124,16.563462099145582,6.875841776020458,12.167449999999999,1.1390428345199843,3.123776962305167
Mouse_331,1.0,40.0084,9.673869057826142,16.563462099145582,6.889593041319438,12.167449999999999,1.1903250786575756,3.2881499410311945
Mouse_331,1.0,45.0084,9.789708877351323,16.563462099145582,6.773753221794259,12.167449999999999,1.3080847856074846,3.6990823878462624
Mouse_331,1.0,48.0084,9.70965643221257,16.563462099145582,6.853805666933011,12.167449999999999,1.37261164218773,3.9456418559353033
Mouse_331,1.0,51.0084,9.704025063446888,16.563462099145582,6.859437035698693,12.167449999999999,1.4332259716347067,4.192201324024344
Mouse_331,1.0,54.0084,9.705955498919941,16.563462099145582,6.857506600225641,12.167449999999999,1.4903752366128717,4.438760792113385
Mouse_331,1.0,57.0084,9.60913902506653,16.563462099145582,6.954323074079053,12.167449999999999,1.5444342719884965,4.685320260202426
Mouse_331,1.0,65.0084,9.54851882923113,16.563462099145582,7.014943269914452,12.167449999999999,1.6757521389058438,5.342812175106534
Mouse_331,1.0,70.0084,9.498903626912814,16.563462099145582,7.0645584722327674,12.167449999999999,1.7498508814404876,5.753744621921602
Mouse_331,1.0,75.0084,9.412170088605215,16.563462099145582,7.151292010540365,12.167449999999999,1.8188357538553312,6.164677068736671
Mouse_331,1.0,80.0084,9.400811118245539,16.563462099145582,7.162650980900042,12.167449999999999,1.88336727575232,6.575609515551739
Mouse_331,1.0,85.0084,9.290108389813819,16.563462099145582,7.273353709331763,12.167449999999999,1.9439857217275576,6.986541962366807
Mouse_331,1.0,90.0084,9.304717988845406,16.563462099145582,7.258744110300176,12.167449999999999,2.0011386458988665,7.397474409181875
Mouse_331,1.0,95.0084,9.212230550525137,16.563462099145582,7.351231548620445,12.167449999999999,2.055200955334814,7.808406855996943
Mouse_331,1.0,100.0084,9.222109291945385,16.563462099145582,7.341352807200197,12.167449999999999,2.1064898290508416,8.219339302812012
Mouse_331,1.0,105.0083,9.142771370729063,16.563462099145582,7.420690728416519,12.167449999999999,2.1552750412430255,8.630263530978144
Mouse_331,1.0,110.0083,9.160532175444015,16.563462099145582,7.402929923701567,12.167449999999999,2.2017914640818725,9.041195977793212
Mouse_331,1.0,115.0083,9.178013401778625,16.563462099145582,7.385448697366957,12.167449999999999,2.2462399462624347,9.45212842460828
Mouse_331,1.0,125.0083,9.000759831415436,16.563462099145582,7.562702267730145,12.167449999999999,2.3296157816884713,10.273993318238416
Mouse_331,1.0,135.0083,8.956852193786974,16.563462099145582,7.606609905358608,12.167449999999999,2.4065719046205545,11.095858211868551
Mouse_331,1.0,145.0083,8.862441131106007,16.563462099145582,7.701020968039577,12.167449999999999,2.4780266287522124,11.917723105498688
Mouse_331,1.0,155.0083,8.771514568517311,16.563462099145582,7.7919475306282715,12.167449999999999,2.5447143104632324,12.739587999128824
Mouse_331,1.0,165.0083,8.706034638935314,16.563462099145582,7.857427460210268,12.167449999999999,2.607231422256281,13.56145289275896
Mouse_331,1.0,175.0083,8.650962313220747,16.563462099145582,7.912499785924836,12.167449999999999,2.666069047960796,14.383317786389096
Mouse_331,1.0,185.0083,8.60838524309683,16.563462099145582,7.955076856048752,12.167449999999999,2.7216363355273443,15.205182680019233
Mouse_331,1.0,195.0083,8.505497789464828,16.563462099145582,8.057964309680752,12.167449999999999,2.774277768351038,16.02704757364937
Mouse_331,1.0,205.0087,8.402445079375585,16.563462099145582,8.161017019769996,12.167449999999999,2.8242880638528414,16.84894534187525
Mouse_331,1.0,215.0087,8.382135898990152,16.563462099145582,8.18132620015543,12.167449999999999,2.871914139015804,17.67081023550539
Mouse_331,1.0,225.0087,8.276295213763133,16.563462099145582,8.28716688538245,12.167449999999999,2.917374714714103,18.492675129135524
Mouse_331,1.0,235.0087,8.218085173544353,16.563462099145582,8.345376925601228,12.167449999999999,2.960858181326037,19.31454002276566
Mouse_331,1.0,245.0087,8.090561719401306,16.563462099145582,8.472900379744276,12.167449999999999,3.002529366708889,20.136404916395797
Mouse_331,2.5,0.5083,-0.649595956294011,16.59385923866524,17.24345519495925,12.4723375,3.2001966465344034,0.04075418902030192
Mouse_331,2.5,1.0083,4.609531416485115,16.59385923866524,11.984327822180123,12.4723375,2.51524744758809,0.08084290534953853
Mouse_331,2.5,1.5083,2.776007779447652,16.59385923866524,13.817851459217586,12.4723375,2.1125300032130534,0.12093162167877512
Mouse_331,2.5,2.0083,6.734139879418134,16.59385923866524,9.859719359247105,12.4723375,1.8262245989446275,0.16102033800801174
Mouse_331,2.5,2.5083,9.267765433504774,16.59385923866524,7.326093805160465,12.4723375,1.603907959163138,0.20110905433724835
Mouse_331,2.5,2.7583,4.924297022837409,16.59385923866524,11.66956221582783,12.4723375,1.50889864407527,0.22115341250186665
Mouse_331,2.5,3.0083,7.04230273718949,16.59385923866524,9.551556501475748,12.4723375,1.4221380568480853,0.24119777066648496
Mouse_331,2.5,3.2583,7.5263130292274765,16.59385923866524,9.067546209437763,12.4723375,1.3423076050331597,0.26124212883110326
Mouse_331,2.5,3.5083,7.484311407658024,16.59385923866524,9.109547831007216,12.4723375,1.2683816023375725,0.28128648699572156
Mouse_331,2.5,3.7583,7.827961135735768,16.59385923866524,8.76589810292947,12.4723375,1.1995464645034226,0.30133084516033987
Mouse_331,2.5,4.0083,8.194011054505575,16.59385923866524,8.399848184159664,12.4723375,1.1351459807243018,0.32137520332495817
Mouse_331,2.5,4.5083,4.771093233269377,16.59385923866524,11.822766005395863,12.4723375,1.017593049683363,0.3614639196541947
Mouse_331,2.5,5.0083,4.890201500176775,16.59385923866524,11.703657738488463,12.4723375,0.912416655848153,0.4015526359834313
Mouse_331,2.5,5.5083,3.993142842004654,16.59385923866524,12.600716396660584,12.4723375,0.817257146391009,0.44164135231266793
Mouse_331,2.5,6.0083,2.030918982905838,16.59385923866524,14.5629402557594,12.4723375,0.7303713453678172,0.48173006864190454
Mouse_331,2.5,6.5083,1.3141637301653555,16.59385923866524,15.279695508499884,12.4723375,0.6504349065995229,0.5218187849711412
Mouse_331,2.5,7.0083,0.059424493029328396,16.59385923866524,16.53443474563591,12.4723375,0.5764180310681002,0.5619075013003777
Mouse_331,2.5,7.5083,0.5803679492003626,16.59385923866524,16.013491289464874,12.4723375,0.5075041167003393,0.6019962176296143
Mouse_331,2.5,8.0083,-0.3493147880072056,16.59385923866524,16.943174026672445,12.4723375,0.44303468815644426,0.6420849339588509
Mouse_331,2.5,8.5083,-0.8183586012522965,16.59385923866524,17.41221783991754,12.4723375,0.3824710343578956,0.6821736502880875
Mouse_331,2.5,9.0083,0.27051368915664753,16.59385923866524,16.32334554950859,12.4723375,0.3253668174323275,0.7222623666173241
Mouse_331,2.5,9.5083,-0.6887202176400058,16.59385923866524,17.282579456305246,12.4723375,0.2713480906279954,0.7623510829465607
Mouse_331,2.5,10.0083,-0.08088420600420854,16.59385923866524,16.67474344466945,12.4723375,0.2200984432706001,0.8024397992757973
Mouse_331,2.5,11.0083,2.3646754024142487,16.59385923866524,14.22918383625099,12.4723375,0.12486365827851201,0.8826172319342706
Mouse_331,2.5,12.0083,1.8036547232946851,16.59385923866524,14.790204515370554,12.4723375,0.03791511464160354,0.9627946645927438
Mouse_331,2.5,13.0083,4.091745121608751,16.59385923866524,12.502114117056486,12.4723375,0.042074423265018444,1.0429720972512169
Mouse_331,2.5,14.0083,4.93250682560492,16.59385923866524,11.661352413060321,12.4723375,0.11613681908262509,1.12314952990969
Mouse_331,2.5,15.0083,5.560580731072926,16.59385923866524,11.033278507592314,12.4723375,0.18509018939798094,1.2033269625681633
Mouse_331,2.5,16.0083,6.134482291355438,16.59385923866524,10.459376947309803,12.4723375,0.24959414573039113,1.2835043952266365
Mouse_331,2.5,17.0083,6.463433436103145,16.59385923866524,10.130425802562094,12.4723375,0.31018826819713957,1.3636818278851097
Mouse_331,2.5,18.0083,6.927372022130937,16.59385923866524,9.666487216534302,12.4723375,0.36731957072309407,1.4438592605435827
Mouse_331,2.5,19.0083,7.535143645664133,16.59385923866524,9.058715593001104,12.4723375,0.4213625338788467,1.524036693202056
Mouse_331,2.5,20.0084,7.957743258992318,16.59385923866524,8.63611597967292,12.4723375,0.4726389933735564,1.6042221436037953
Mouse_331,2.5,22.0084,8.669591258282656,16.59385923866524,7.924267980382582,12.4723375,0.5679110066609985,1.7645770089207418
Mouse_331,2.5,24.0084,8.898480762476854,16.59385923866524,7.695378476188385,12.4723375,0.6548905771071107,1.9249318742376882
Mouse_331,2.5,26.0084,9.29741393423741,16.59385923866524,7.29644530442783,12.4723375,0.734906370761325,2.0852867395546344
Mouse_331,2.5,28.0084,9.359008009251761,16.59385923866524,7.2348512294134775,12.4723375,0.808991273179079,2.245641604871581
Mouse_331,2.5,30.0084,9.608999679516096,16.59385923866524,6.984859559149143,12.4723375,0.8779641504643483,2.4059964701885272
Mouse_331,2.5,32.0084,9.777414873995054,16.59385923866524,6.816444364670184,12.4723375,0.9424851763475068,2.5663513355054737
Mouse_331,2.5,34.0084,9.887971744624428,16.59385923866524,6.705887494040811,12.4723375,1.0030943609205625,2.72670620082242
Mouse_331,2.5,36.0084,9.939488879014,16.59385923866524,6.654370359651239,12.4723375,1.060239052566332,2.8870610661393665
Mouse_331,2.5,38.0084,10.027410068082746,16.59385923866524,6.566449170582493,12.4723375,1.1142939959243088,3.047415931456313
Mouse_331,2.5,40.0084,10.02936506492257,16.59385923866524,6.564494173742668,12.4723375,1.1655762400619,3.2077707967732594
Mouse_331,2.5,45.0084,10.14111443364007,16.59385923866524,6.4527448050251675,12.4723375,1.283335947011809,3.6086579600656252
Mouse_331,2.5,48.0084,10.077614075201257,16.59385923866524,6.5162451634639815,12.4723375,1.3478628035920543,3.849190258041045
Mouse_331,2.5,51.0084,10.085703773243463,16.59385923866524,6.508155465421778,12.4723375,1.4084771330390313,4.089722556016465
Mouse_331,2.5,54.0084,10.071668449441251,16.59385923866524,6.522190789223988,12.4723375,1.4656263980171962,4.330254853991884
Mouse_331,2.5,57.0084,9.995204794034052,16.59385923866524,6.598654444631187,12.4723375,1.519685433392821,4.570787151967304
Mouse_331,2.5,65.0084,9.919867274911718,16.59385923866524,6.6739919637535206,12.4723375,1.6510033003101683,5.212206613235089
Mouse_331,2.5,70.0084,9.870014241720321,16.59385923866524,6.723844996944918,12.4723375,1.725102042844812,5.613093776527455
Mouse_331,2.5,75.0084,9.790680860154367,16.59385923866524,6.8031783785108715,12.4723375,1.794086915259656,6.013980939819821
Mouse_331,2.5,80.0084,9.770330551470732,16.59385923866524,6.823528687194507,12.4723375,1.8586184371566445,6.414868103112187
Mouse_331,2.5,85.0084,9.690880872559262,16.59385923866524,6.9029783661059785,12.4723375,1.919236883131882,6.815755266404553
Mouse_331,2.5,90.0084,9.67086592196326,16.59385923866524,6.922993316701978,12.4723375,1.976389807303191,7.216642429696919
Mouse_331,2.5,95.0084,9.597831651600028,16.59385923866524,6.9960275870652096,12.4723375,2.0304521167391387,7.617529592989285
Mouse_331,2.5,100.0084,9.594176173808325,16.59385923866524,6.999683064856914,12.4723375,2.081740990455166,8.01841675628165
Mouse_331,2.5,105.0083,9.52915748942665,16.59385923866524,7.064701749238589,12.4723375,2.1305262026473497,8.419295901830752
Mouse_331,2.5,110.0083,9.533412820869756,16.59385923866524,7.060446417795482,12.4723375,2.1770426254861968,8.820183065123118
Mouse_331,2.5,115.0083,9.544760073079551,16.59385923866524,7.049099165585689,12.4723375,2.221491107666759,9.221070228415483
Mouse_331,2.5,125.0083,9.397562565175422,16.59385923866524,7.196296673489817,12.4723375,2.304866943092796,10.022844555000216
Mouse_331,2.5,135.0083,9.331205893180764,16.59385923866524,7.262653345484475,12.4723375,2.381823066024879,10.824618881584946
Mouse_331,2.5,145.0083,9.25062541252686,16.59385923866524,7.343233826138379,12.4723375,2.4532777901565366,11.626393208169679
Mouse_331,2.5,155.0083,9.169991724614185,16.59385923866524,7.423867514051055,12.4723375,2.519965471867557,12.428167534754412
Mouse_331,2.5,165.0083,9.100577527268943,16.59385923866524,7.493281711396296,12.4723375,2.582482583660606,13.229941861339142
Mouse_331,2.5,175.0083,9.036912533399532,16.59385923866524,7.556946705265708,12.4723375,2.6413202093651207,14.031716187923875
Mouse_331,2.5,185.0083,9.00006784001831,16.59385923866524,7.593791398646928,12.4723375,2.696887496931669,14.833490514508608
Mouse_331,2.5,195.0083,8.908656695862641,16.59385923866524,7.685202542802598,12.4723375,2.7495289297553622,15.635264841093338
Mouse_331,2.5,205.0087,8.806208622883368,16.59385923866524,7.787650615781871,12.4723375,2.7995392252571656,16.437071238651136
Mouse_331,2.5,215.0087,8.78939307765139,16.59385923866524,7.804466161013848,12.4723375,2.8471653004201283,17.238845565235867
Mouse_331,2.5,225.0087,8.684596637117446,16.59385923866524,7.909262601547793,12.4723375,2.892625876118428,18.0406198918206
Mouse_331,2.5,235.0087,8.630566306942645,16.59385923866524,7.963292931722595,12.4723375,2.9361093427303615,18.84239421840533
Mouse_331,2.5,245.0087,8.51226950923915,16.59385923866524,8.081589729426089,12.4723375,2.9777805281132133,19.644168544990062
Mouse_333,0.05,0.5083,-1.4579959870151296,6.754604470317738,8.212600457332869,6.1036625,2.485572455370741,0.08327786800138441
Mouse_333,0.05,1.0083,-3.088312911594477,6.754604470317738,9.842917381912216,6.1036625,1.8006232564244282,0.16519589672594118
Mouse_333,0.05,1.5083,-3.486092913897874,6.754604470317738,10.240697384215613,6.1036625,1.3979058120493912,0.24711392545049793
Mouse_333,0.05,2.0083,-7.520081407973101,6.754604470317738,14.274685878290839,6.1036625,1.1116004077809651,0.32903195417505476
Mouse_333,0.05,2.5083,-4.388222980066375,6.754604470317738,11.142827450384113,6.1036625,0.8892837679994758,0.4109499828996115
Mouse_333,0.05,2.7583,-7.637703557441253,6.754604470317738,14.392308027758991,6.1036625,0.7942744529116081,0.4519089972618899
Mouse_333,0.05,3.0083,-4.568819447396618,6.754604470317738,11.323423917714356,6.1036625,0.7075138656844231,0.49286801162416827
Mouse_333,0.05,3.2583,-1.7956665977363424,6.754604470317738,8.55027106805408,6.1036625,0.6276834138694978,0.5338270259864466
Mouse_333,0.05,3.5083,-4.386612639499447,6.754604470317738,11.141217109817184,6.1036625,0.5537574111739103,0.574786040348725
Mouse_333,0.05,3.7583,-4.578032474456229,6.754604470317738,11.332636944773967,6.1036625,0.48492227333976073,0.6157450547110034
Mouse_333,0.05,4.0083,-5.163861785561225,6.754604470317738,11.918466255878963,6.1036625,0.4205217895606397,0.6567040690732818
Mouse_333,0.05,4.5083,-4.868288779241853,6.754604470317738,11.622893249559592,6.1036625,0.30296885851970073,0.7386220977978386
Mouse_333,0.05,5.0083,-5.203237011359483,6.754604470317738,11.957841481677221,6.1036625,0.19779246468449077,0.8205401265223954
Mouse_333,0.05,5.5083,-4.275340429081021,6.754604470317738,11.02994489939876,6.1036625,0.10263295522734685,0.902458155246952
Mouse_333,0.05,6.0083,-4.634367813480329,6.754604470317738,11.388972283798067,6.1036625,0.015747154204155102,0.9843761839715088
Mouse_333,0.05,6.5083,-4.822557505179723,6.754604470317738,11.57716197549746,6.1036625,0.06418928456413923,1.0662942126960657
Mouse_333,0.05,7.0083,-4.63655437501104,6.754604470317738,11.391158845328778,6.1036625,0.138206160095562,1.1482122414206224
Mouse_333,0.05,7.5083,-4.130318408780474,6.754604470317738,10.884922879098212,6.1036625,0.20712007446332273,1.230130270145179
Mouse_333,0.05,8.0083,-4.512097717424491,6.754604470317738,11.26670218774223,6.1036625,0.27158950300721796,1.312048298869736
Mouse_333,0.05,8.5083,-4.566372932753583,6.754604470317738,11.320977403071321,6.1036625,0.3321531568057665,1.3939663275942926
Mouse_333,0.05,9.0083,-4.323194977397107,6.754604470317738,11.077799447714845,6.1036625,0.38925737373133473,1.4758843563188495
Mouse_333,0.05,9.5083,-4.525799659235992,6.754604470317738,11.28040412955373,6.1036625,0.4432761005356667,1.5578023850434062
Mouse_333,0.05,10.0083,-4.498623516893162,6.754604470317738,11.2532279872109,6.1036625,0.4945257478930621,1.639720413767963
Mouse_333,0.05,11.0083,-4.061952932084574,6.754604470317738,10.816557402402312,6.1036625,0.5897605328851502,1.8035564712170766
Mouse_333,0.05,12.0083,-4.372223121351313,6.754604470317738,11.126827591669052,6.1036625,0.6767090765220586,1.96739252866619
Mouse_333,0.05,13.0083,-4.235639916986163,6.754604470317738,10.990244387303902,6.1036625,0.7566986144286806,2.1312285861153035
Mouse_333,0.05,14.0083,-4.51153297480663,6.754604470317738,11.266137445124368,6.1036625,0.8307610102462873,2.2950646435644173
Mouse_333,0.05,15.0083,-4.4954565822146915,6.754604470317738,11.25006105253243,6.1036625,0.8997143805616431,2.4589007010135306
Mouse_333,0.05,16.0083,-4.72565806971601,6.754604470317738,11.480262540033747,6.1036625,0.9642183368940532,2.622736758462644
Mouse_333,0.05,17.0083,-4.738415548951635,6.754604470317738,11.493020019269371,6.1036625,1.0248124593608017,2.7865728159117573
Mouse_333,0.05,18.0083,-4.481271929014312,6.754604470317738,11.23587639933205,6.1036625,1.0819437618867562,2.950408873360871
Mouse_333,0.05,19.0083,-4.668115446639367,6.754604470317738,11.422719916957105,6.1036625,1.1359867250425089,3.1142449308099844
Mouse_333,0.05,20.0084,-4.572363712338326,6.754604470317738,11.326968182656064,6.1036625,1.1872631845372186,3.2780973718648436
Mouse_333,0.05,22.0084,-4.356825029724465,6.754604470317738,11.111429500042204,6.1036625,1.2825351978246606,3.6057694867630707
Mouse_333,0.05,24.0084,-4.1953818604280375,6.754604470317738,10.949986330745777,6.1036625,1.369514768270773,3.9334416016612974
Mouse_333,0.05,26.0084,-4.2572981912514,6.754604470317738,11.011902661569138,6.1036625,1.4495305619249872,4.2611137165595245
Mouse_333,0.05,28.0084,-4.166983787764298,6.754604470317738,10.921588258082036,6.1036625,1.5236154643427413,4.588785831457752
Mouse_333,0.05,30.0084,-4.033223211299267,6.754604470317738,10.787827681617005,6.1036625,1.5925883416280104,4.916457946355979
Mouse_333,0.05,32.0084,-3.973182168447396,6.754604470317738,10.727786638765135,6.1036625,1.657109367511169,5.244130061254206
Mouse_333,0.05,34.0084,-3.9472795914628374,6.754604470317738,10.701884061780575,6.1036625,1.7177185520842246,5.571802176152433
Mouse_333,0.05,36.0084,-3.8902319844610718,6.754604470317738,10.64483645477881,6.1036625,1.7748632437299943,5.89947429105066
Mouse_333,0.05,38.0084,-4.03433057828016,6.754604470317738,10.788935048597898,6.1036625,1.828918187087971,6.227146405948887
Mouse_333,0.05,40.0084,-4.022096720982269,6.754604470317738,10.776701191300006,6.1036625,1.880200431225562,6.554818520847114
Mouse_333,0.05,45.0084,-3.989663290438329,6.754604470317738,10.744267760756067,6.1036625,1.9979601381754712,7.373998808092682
Mouse_333,0.05,48.0084,-3.9805634409205446,6.754604470317738,10.735167911238282,6.1036625,2.0624869947557163,7.865506980440022
Mouse_333,0.05,51.0084,-4.118417669690977,6.754604470317738,10.873022140008715,6.1036625,2.1231013242026933,8.357015152787364
Mouse_333,0.05,54.0084,-4.2019922628565745,6.754604470317738,10.956596733174313,6.1036625,2.1802505891808583,8.848523325134703
Mouse_333,0.05,57.0084,-4.211145196395943,6.754604470317738,10.96574966671368,6.1036625,2.234309624556483,9.340031497482045
Mouse_333,0.05,65.0084,-4.157161649761139,6.754604470317738,10.911766120078877,6.1036625,2.3656274914738304,10.650719957074951
Mouse_333,0.05,70.0084,-4.205414047608212,6.754604470317738,10.960018517925949,6.1036625,2.439726234008474,11.469900244320518
Mouse_333,0.05,75.0084,-4.198383918475943,6.754604470317738,10.952988388793681,6.1036625,2.508711106423318,12.289080531566087
Mouse_333,0.05,80.0084,-4.131691166136992,6.754604470317738,10.886295636454731,6.1036625,2.5732426283203065,13.108260818811655
Mouse_333,0.05,85.0084,-4.196114370757443,6.754604470317738,10.950718841075181,6.1036625,2.633861074295544,13.927441106057222
Mouse_333,0.05,90.0084,-4.169228855176236,6.754604470317738,10.923833325493975,6.1036625,2.691013998466853,14.746621393302789
Mouse_333,0.05,95.0084,-4.103039913598257,6.754604470317738,10.857644383915996,6.1036625,2.7450763079028007,15.565801680548358
Mouse_333,0.05,100.0084,-4.171005959223436,6.754604470317738,10.925610429541173,6.1036625,2.796365181618828,16.384981967793927
Mouse_333,0.05,105.0083,-4.196291757522735,6.754604470317738,10.950896227840474,6.1036625,2.8451503938110116,17.20414587143375
Mouse_333,0.05,110.0083,-4.254000891890479,6.754604470317738,11.008605362208218,6.1036625,2.891666816649859,18.023326158679318
Mouse_333,0.05,115.0083,-4.1322259300238,6.754604470317738,10.88683040034154,6.1036625,2.9361152988304213,18.842506445924887
Mouse_333,0.05,125.0083,-4.076013529303626,6.754604470317738,10.830617999621364,6.1036625,3.019491134256458,20.48086702041602
Mouse_333,0.05,135.0083,-4.103819206727371,6.754604470317738,10.85842367704511,6.1036625,3.096447257188541,22.11922759490715
Mouse_333,0.05,145.0083,-4.112079462528315,6.754604470317738,10.866683932846053,6.1036625,3.1679019813201985,23.75758816939829
Mouse_333,0.05,155.0083,-3.976179780184545,6.754604470317738,10.730784250502284,6.1036625,3.234589663031219,25.395948743889424
Mouse_333,0.05,165.0083,-3.957074576806839,6.754604470317738,10.711679047124576,6.1036625,3.2971067748242677,27.034309318380558
Mouse_333,0.05,175.0083,-4.0036487256923365,6.754604470317738,10.758253196010074,6.1036625,3.3559444005287826,28.672669892871696
Mouse_333,0.05,185.0083,-3.951152174566358,6.754604470317738,10.705756644884097,6.1036625,3.411511688095331,30.31103046736283
Mouse_333,0.05,195.0083,-3.9457198358144248,6.754604470317738,10.700324306132163,6.1036625,3.464153120919024,31.949391041853964
Mouse_333,0.05,205.0087,-3.939559739818244,6.754604470317738,10.69416421013598,6.1036625,3.514163416420828,33.58781715076808
Mouse_333,0.05,215.0087,-3.8874522468933033,6.754604470317738,10.642056717211041,6.1036625,3.5617894915837907,35.22617772525922
Mouse_333,0.05,225.0087,-3.8389963191518293,6.754604470317738,10.593600789469567,6.1036625,3.6072500672820897,36.86453829975035
Mouse_333,0.05,235.0087,-3.8120615332204264,6.754604470317738,10.566666003538163,6.1036625,3.6507335338940234,38.50289887424149
Mouse_333,0.05,245.0087,-3.823632425690268,6.754604470317738,10.578236896008006,6.1036625,3.6924047192768756,40.141259448732626
Mouse_333,0.1,0.5083,-0.8086970853779498,5.659374324365074,6.468071409743024,4.6672625,2.2172561658976426,0.1089075234144212
Mouse_333,0.1,1.0083,-6.092163774057974,5.659374324365074,11.75153809842305,4.6672625,1.5323069669513296,0.21603670245673992
Mouse_333,0.1,1.5083,-5.240198480457736,5.659374324365074,10.89957280482281,4.6672625,1.1295895225762929,0.3231658814990586
Mouse_333,0.1,2.0083,-4.6338386348725304,5.659374324365074,10.293212959237604,4.6672625,0.8432841183078669,0.4302950605413774
Mouse_333,0.1,2.5083,-3.939451020697142,5.659374324365074,9.598825345062217,4.6672625,0.6209674785263773,0.5374242395836961
Mouse_333,0.1,2.7583,-5.74844853021267,5.659374324365074,11.407822854577745,4.6672625,0.5259581634385098,0.5909888291048554
Mouse_333,0.1,3.0083,-4.410568686800655,5.659374324365074,10.069943011165728,4.6672625,0.4391975762113247,0.6445534186260148
Mouse_333,0.1,3.2583,-3.113815581846477,5.659374324365074,8.773189906211552,4.6672625,0.3593671243963993,0.6981180081471742
Mouse_333,0.1,3.5083,-4.64931902591451,5.659374324365074,10.308693350279585,4.6672625,0.2854411217008118,0.7516825976683336
Mouse_333,0.1,3.7583,-5.831440896103319,5.659374324365074,11.490815220468392,4.6672625,0.21660598386666227,0.8052471871894928
Mouse_333,0.1,4.0083,-5.5122758253505815,5.659374324365074,11.171650149715656,4.6672625,0.1522055000875413,0.8588117767106522
Mouse_333,0.1,4.5083,-3.175022477320052,5.659374324365074,8.834396801685127,4.6672625,0.03465256904660243,0.9659409557529709
Mouse_333,0.1,5.0083,-3.4925866160062533,5.659374324365074,9.151960940371328,4.6672625,0.0705238247886075,1.0730701347952896
Mouse_333,0.1,5.5083,-2.3785377707639723,5.659374324365074,8.037912095129046,4.6672625,0.1656833342457516,1.1801993138376083
Mouse_333,0.1,6.0083,-2.0616817792719138,5.659374324365074,7.721056103636988,4.6672625,0.25256913526894337,1.2873284928799271
Mouse_333,0.1,6.5083,-2.1076134840017375,5.659374324365074,7.766987808366812,4.6672625,0.33250557403723746,1.3944576719222457
Mouse_333,0.1,7.0083,-2.0055324877716285,5.659374324365074,7.664906812136703,4.6672625,0.4065224495686604,1.5015868509645645
Mouse_333,0.1,7.5083,-1.7315129898128447,5.659374324365074,7.3908873141779186,4.6672625,0.47543636393642125,1.6087160300068832
Mouse_333,0.1,8.0083,-2.3444281552469035,5.659374324365074,8.003802479611977,4.6672625,0.5399057924803164,1.715845209049202
Mouse_333,0.1,8.5083,-2.5162103808427023,5.659374324365074,8.175584705207777,4.6672625,0.600469446278865,1.8229743880915206
Mouse_333,0.1,9.0083,-2.3595270018053887,5.659374324365074,8.018901326170463,4.6672625,0.6575736632044331,1.9301035671338393
Mouse_333,0.1,9.5083,-2.392755042033633,5.659374324365074,8.052129366398708,4.6672625,0.7115923900087652,2.037232746176158
Mouse_333,0.1,10.0083,-2.849219537104397,5.659374324365074,8.508593861469471,4.6672625,0.7628420373661605,2.144361925218477
Mouse_333,0.1,11.0083,-3.1723649982375894,5.659374324365074,8.831739322602665,4.6672625,0.8580768223582484,2.358620283303114
Mouse_333,0.1,12.0083,-2.9329965336420556,5.659374324365074,8.59237085800713,4.6672625,0.945025365995157,2.5728786413877516
Mouse_333,0.1,13.0083,-3.6139702645619725,5.659374324365074,9.273344588927047,4.6672625,1.025014903901779,2.787136999472389
Mouse_333,0.1,14.0083,-3.9338635331512775,5.659374324365074,9.593237857516351,4.6672625,1.0990772997193858,3.0013953575570267
Mouse_333,0.1,15.0083,-3.9531371997217315,5.659374324365074,9.612511524086806,4.6672625,1.1680306700347416,3.215653715641664
Mouse_333,0.1,16.0083,-4.289192330303414,5.659374324365074,9.94856665466849,4.6672625,1.2325346263671515,3.429912073726301
Mouse_333,0.1,17.0083,-4.533114220710688,5.659374324365074,10.192488545075761,4.6672625,1.2931287488339,3.6441704318109385
Mouse_333,0.1,18.0083,-4.638415680119996,5.659374324365074,10.297790004485071,4.6672625,1.3502600513598546,3.8584287898955756
Mouse_333,0.1,19.0083,-5.132297377645225,5.659374324365074,10.791671702010298,4.6672625,1.4043030145156072,4.072687147980213
Mouse_333,0.1,20.0084,-5.109348296369838,5.659374324365074,10.768722620734913,4.6672625,1.455579474010317,4.28696693190066
Mouse_333,0.1,22.0084,-5.38716002922143,5.659374324365074,11.046534353586505,4.6672625,1.5508514872977588,4.7154836480699345
Mouse_333,0.1,24.0084,-5.47367838831319,5.659374324365074,11.133052712678266,4.6672625,1.6378310577438713,5.14400036423921
Mouse_333,0.1,26.0084,-5.8794379093180025,5.659374324365074,11.538812233683078,4.6672625,1.7178468513980858,5.572517080408485
Mouse_333,0.1,28.0084,-6.016014129646195,5.659374324365074,11.675388454011268,4.6672625,1.7919317538158395,6.001033796577759
Mouse_333,0.1,30.0084,-6.1911270002007885,5.659374324365074,11.850501324565863,4.6672625,1.8609046311011088,6.429550512747034
Mouse_333,0.1,32.0084,-6.346979088495754,5.659374324365074,12.00635341286083,4.6672625,1.9254256569842674,6.858067228916309
Mouse_333,0.1,34.0084,-6.473002313359196,5.659374324365074,12.132376637724272,4.6672625,1.986034841557323,7.286583945085583
Mouse_333,0.1,36.0084,-6.486529188203919,5.659374324365074,12.145903512568994,4.6672625,2.0431795332030926,7.7151006612548585
Mouse_333,0.1,38.0084,-6.673917861792831,5.659374324365074,12.333292186157903,4.6672625,2.0972344765610695,8.143617377424134
Mouse_333,0.1,40.0084,-6.785270158594347,5.659374324365074,12.444644482959424,4.6672625,2.1485167206986606,8.572134093593409
Mouse_333,0.1,45.0084,-6.915747849075675,5.659374324365074,12.57512217344075,4.6672625,2.26627642764857,9.643425884016596
Mouse_333,0.1,48.0084,-6.895494259310962,5.659374324365074,12.554868583676036,4.6672625,2.3308032842288147,10.286200958270507
Mouse_333,0.1,51.0084,-7.052174758841926,5.659374324365074,12.711549083207,4.6672625,2.3914176136757916,10.92897603252442
Mouse_333,0.1,54.0084,-7.22766838151861,5.659374324365074,12.887042705883687,4.6672625,2.4485668786539567,11.571751106778333
Mouse_333,0.1,57.0084,-7.100876978702475,5.659374324365074,12.760251303067552,4.6672625,2.5026259140295815,12.214526181032245
Mouse_333,0.1,65.0084,-6.975472838144798,5.659374324365074,12.634847162509871,4.6672625,2.633943780946929,13.928593045709343
Mouse_333,0.1,70.0084,-6.958271017920431,5.659374324365074,12.617645342285506,4.6672625,2.7080425234815726,14.99988483613253
Mouse_333,0.1,75.0084,-7.018321586068455,5.659374324365074,12.677695910433528,4.6672625,2.777027395896416,16.071176626555715
Mouse_333,0.1,80.0084,-6.955297590599053,5.659374324365074,12.614671914964127,4.6672625,2.841558917793405,17.142468416978904
Mouse_333,0.1,85.0084,-6.946548694728502,5.659374324365074,12.605923019093577,4.6672625,2.9021773637686428,18.213760207402093
Mouse_333,0.1,90.0084,-6.951569193158017,5.659374324365074,12.610943517523092,4.6672625,2.9593302879399515,19.285051997825278
Mouse_333,0.1,95.0084,-6.920860557602612,5.659374324365074,12.580234881967685,4.6672625,3.013392597375899,20.356343788248466
Mouse_333,0.1,100.0084,-6.913815063013954,5.659374324365074,12.573189387379028,4.6672625,3.0646814710919266,21.42763557867165
Mouse_333,0.1,105.0083,-6.902554839780947,5.659374324365074,12.561929164146022,4.6672625,3.1134666832841105,22.498905943259032
Mouse_333,0.1,110.0083,-7.037320876208519,5.659374324365074,12.696695200573595,4.6672625,3.1599831061229575,23.57019773368222
Mouse_333,0.1,115.0083,-6.8956497925620885,5.659374324365074,12.555024116927163,4.6672625,3.2044315883035197,24.641489524105406
Mouse_333,0.1,125.0083,-6.7737024272710356,5.659374324365074,12.43307675163611,4.6672625,3.2878074237295563,26.78407310495178
Mouse_333,0.1,135.0083,-6.839215564678622,5.659374324365074,12.498589889043696,4.6672625,3.36476354666164,28.926656685798154
Mouse_333,0.1,145.0083,-6.854868371396716,5.659374324365074,12.51424269576179,4.6672625,3.4362182707932973,31.069240266644528
Mouse_333,0.1,155.0083,-6.704755033428037,5.659374324365074,12.36412935779311,4.6672625,3.5029059525043174,33.211823847490905
Mouse_333,0.1,165.0083,-6.706975729151936,5.659374324365074,12.36635005351701,4.6672625,3.565423064297366,35.354407428337275
Mouse_333,0.1,175.0083,-6.797054990771902,5.659374324365074,12.456429315136976,4.6672625,3.624260690001881,37.49699100918365
Mouse_333,0.1,185.0083,-6.678405644448381,5.659374324365074,12.337779968813457,4.6672625,3.6798279775684293,39.63957459003002
Mouse_333,0.1,195.0083,-6.630821571966253,5.659374324365074,12.290195896331328,4.6672625,3.732469410392123,41.7821581708764
Mouse_333,0.1,205.0087,-6.583385460614649,5.659374324365074,12.242759784979725,4.6672625,3.7824797058939263,43.92482745506601
Mouse_333,0.1,215.0087,-6.537533426703564,5.659374324365074,12.196907751068636,4.6672625,3.830105781056889,46.067411035912386
Mouse_333,0.1,225.0087,-6.5181492680667334,5.659374324365074,12.17752359243181,4.6672625,3.875566356755188,48.209994616758756
Mouse_333,0.1,235.0087,-6.453417943773399,5.659374324365074,12.112792268138472,4.6672625,3.919049823367122,50.35257819760513
Mouse_333,0.1,245.0087,-6.4548940509704495,5.659374324365074,12.114268375335524,4.6672625,3.960721008749974,52.495161778451504
Mouse_333,0.25,0.5083,1.6703256416648626,8.676495758366348,7.006170116701487,9.854858333333333,2.9646480199249416,0.051578620697236476
Mouse_333,0.25,1.0083,-2.188342482821096,8.676495758366348,10.864838241187446,9.854858333333333,2.279698820978629,0.10231501721232253
Mouse_333,0.25,1.5083,1.141282912356819,8.676495758366348,7.5352128460095305,9.854858333333333,1.8769813766035917,0.15305141372740858
Mouse_333,0.25,2.0083,1.1541391737279416,8.676495758366348,7.522356584638407,9.854858333333333,1.5906759723351658,0.20378781024249465
Mouse_333,0.25,2.5083,2.315135038857724,8.676495758366348,6.361360719508625,9.854858333333333,1.3683593325536765,0.2545242067575807
Mouse_333,0.25,2.7583,0.9726036162750328,8.676495758366348,7.703892142091316,9.854858333333333,1.2733500174658088,0.2798924050151237
Mouse_333,0.25,3.0083,2.3080154151124255,8.676495758366348,6.368480343253923,9.854858333333333,1.1865894302386237,0.30526060327266674
Mouse_333,0.25,3.2583,2.681110137025241,8.676495758366348,5.995385621341109,9.854858333333333,1.1067589784236984,0.33062880153020974
Mouse_333,0.25,3.5083,2.6277428873533792,8.676495758366348,6.04875287101297,9.854858333333333,1.032832975728111,0.3559969997877528
Mouse_333,0.25,3.7583,3.1752788661297604,8.676495758366348,5.501216892236588,9.854858333333333,0.9639978378939611,0.38136519804529584
Mouse_333,0.25,4.0083,3.1501564425623503,8.676495758366348,5.526339315803999,9.854858333333333,0.8995973541148403,0.40673339630283883
Mouse_333,0.25,4.5083,2.3731444626743414,8.676495758366348,6.303351295692007,9.854858333333333,0.7820444230739013,0.4574697928179249
Mouse_333,0.25,5.0083,2.46573849296764,8.676495758366348,6.210757265398708,9.854858333333333,0.6768680292386913,0.508206189333011
Mouse_333,0.25,5.5083,3.077883175126207,8.676495758366348,5.5986125832401425,9.854858333333333,0.5817085197815474,0.558942585848097
Mouse_333,0.25,6.0083,1.64533601459962,8.676495758366348,7.031159743766729,9.854858333333333,0.49482271875835554,0.6096789823631831
Mouse_333,0.25,6.5083,1.826518498399106,8.676495758366348,6.849977259967242,9.854858333333333,0.41488627999006145,0.6604153788782691
Mouse_333,0.25,7.0083,1.2564937978819182,8.676495758366348,7.420001960484431,9.854858333333333,0.3408694044586385,0.7111517753933552
Mouse_333,0.25,7.5083,1.4421098314250116,8.676495758366348,7.2343859269413375,9.854858333333333,0.27195549009087777,0.7618881719084412
Mouse_333,0.25,8.0083,1.0437345804702072,8.676495758366348,7.632761177896142,9.854858333333333,0.2074860615469826,0.8126245684235273
Mouse_333,0.25,8.5083,2.102033016303542,8.676495758366348,6.574462742062807,9.854858333333333,0.14692240774843401,0.8633609649386133
Mouse_333,0.25,9.0083,1.510617122559308,8.676495758366348,7.165878635807041,9.854858333333333,0.08981819082286584,0.9140973614536994
Mouse_333,0.25,9.5083,2.5455509101303813,8.676495758366348,6.130944848235968,9.854858333333333,0.035799464018533886,0.9648337579687853
Mouse_333,0.25,10.0083,2.989129903086443,8.676495758366348,5.687365855279905,9.854858333333333,0.015450183338861398,1.0155701544838713
Mouse_333,0.25,11.0083,3.652586106696843,8.676495758366348,5.023909651669506,9.854858333333333,0.11068496833094958,1.1170429475140435
Mouse_333,0.25,12.0083,3.4322423067980483,8.676495758366348,5.244253451568301,9.854858333333333,0.19763351196785794,1.2185157405442155
Mouse_333,0.25,13.0083,3.949483602035495,8.676495758366348,4.727012156330854,9.854858333333333,0.2776230498744801,1.3199885335743877
Mouse_333,0.25,14.0083,4.084239611069356,8.676495758366348,4.592256147296993,9.854858333333333,0.35168544569208665,1.4214613266045597
Mouse_333,0.25,15.0083,4.227744702689739,8.676495758366348,4.4487510556766106,9.854858333333333,0.4206388160074426,1.522934119634732
Mouse_333,0.25,16.0083,4.238952461621888,8.676495758366348,4.437543296744462,9.854858333333333,0.48514277233985265,1.624406912664904
Mouse_333,0.25,17.0083,4.151105072036751,8.676495758366348,4.525390686329597,9.854858333333333,0.545736894806601,1.7258797056950759
Mouse_333,0.25,18.0083,4.054125670053179,8.676495758366348,4.62237008831317,9.854858333333333,0.6028681973325557,1.827352498725248
Mouse_333,0.25,19.0083,3.8124561220604423,8.676495758366348,4.864039636305907,9.854858333333333,0.6569111604883083,1.92882529175542
Mouse_333,0.25,20.0084,3.832102469158682,8.676495758366348,4.844393289207666,9.854858333333333,0.7081876199830179,2.0303082320648955
Mouse_333,0.25,22.0084,3.382397885478737,8.676495758366348,5.294097872887612,9.854858333333333,0.80345963327046,2.23325381812524
Mouse_333,0.25,24.0084,3.1431676530049986,8.676495758366348,5.533328105361351,9.854858333333333,0.8904392037165723,2.436199404185584
Mouse_333,0.25,26.0084,2.782486902079668,8.676495758366348,5.894008856286682,9.854858333333333,0.9704549973707867,2.6391449902459283
Mouse_333,0.25,28.0084,2.5573513407038027,8.676495758366348,6.119144417662545,9.854858333333333,1.0445398997885407,2.8420905763062723
Mouse_333,0.25,30.0084,2.15232825543446,8.676495758366348,6.524167502931889,9.854858333333333,1.11351277707381,3.0450361623666167
Mouse_333,0.25,32.0084,1.8537238483957417,8.676495758366348,6.822771909970609,9.854858333333333,1.1780338029569684,3.2479817484269606
Mouse_333,0.25,34.0084,1.6606615391300816,8.676495758366348,7.015834219236267,9.854858333333333,1.2386429875300242,3.450927334487305
Mouse_333,0.25,36.0084,1.4860415267794105,8.676495758366348,7.190454231586939,9.854858333333333,1.2957876791757936,3.653872920547649
Mouse_333,0.25,38.0084,1.5373766140000957,8.676495758366348,7.139119144366253,9.854858333333333,1.3498426225337705,3.8568185066079934
Mouse_333,0.25,40.0084,1.3385300508105002,8.676495758366348,7.337965707555849,9.854858333333333,1.4011248666713616,4.059764092668337
Mouse_333,0.25,45.0084,1.0378952633876448,8.676495758366348,7.638600494978704,9.854858333333333,1.5188845736212706,4.567128057819198
Mouse_333,0.25,48.0084,1.1021487245128057,8.676495758366348,7.574347033853542,9.854858333333333,1.5834114302015159,4.871546436909714
Mouse_333,0.25,51.0084,1.126374732262915,8.676495758366348,7.550121026103434,9.854858333333333,1.6440257596484928,5.1759648160002305
Mouse_333,0.25,54.0084,0.9948327752423298,8.676495758366348,7.681662983124019,9.854858333333333,1.7011750246266577,5.480383195090747
Mouse_333,0.25,57.0084,1.2165046226895715,8.676495758366348,7.459991135676777,9.854858333333333,1.7552340600022824,5.784801574181263
Mouse_333,0.25,65.0084,1.3474641996044832,8.676495758366348,7.329031558761866,9.854858333333333,1.88655192691963,6.596583918422639
Mouse_333,0.25,70.0084,1.435942652950791,8.676495758366348,7.240553105415557,9.854858333333333,1.9606506694542736,7.1039478835734995
Mouse_333,0.25,75.0084,1.3661671182219608,8.676495758366348,7.3103286401443865,9.854858333333333,2.0296355418691174,7.61131184872436
Mouse_333,0.25,80.0084,1.3113819766463641,8.676495758366348,7.365113781719985,9.854858333333333,2.0941670637661063,8.118675813875221
Mouse_333,0.25,85.0084,1.4316942601155587,8.676495758366348,7.244801498250791,9.854858333333333,2.1547855097413438,8.626039779026081
Mouse_333,0.25,90.0084,1.3817643337520022,8.676495758366348,7.294731424614346,9.854858333333333,2.2119384339126524,9.133403744176942
Mouse_333,0.25,95.0084,1.30723468297658,8.676495758366348,7.369261075389769,9.854858333333333,2.2660007433486,9.640767709327802
Mouse_333,0.25,100.0084,1.3959188997962086,8.676495758366348,7.28057685857014,9.854858333333333,2.3172896170646275,10.148131674478662
Mouse_333,0.25,105.0083,1.4575963609467473,8.676495758366348,7.218899397419602,9.854858333333333,2.3660748292568115,10.655485492350222
Mouse_333,0.25,110.0083,1.3239054267964276,8.676495758366348,7.352590331569921,9.854858333333333,2.4125912520956585,11.162849457501082
Mouse_333,0.25,115.0083,1.3441867928923212,8.676495758366348,7.332308965474027,9.854858333333333,2.4570397342762207,11.670213422651942
Mouse_333,0.25,125.0083,1.4062529578807421,8.676495758366348,7.270242800485607,9.854858333333333,2.5404155697022572,12.684941352953663
Mouse_333,0.25,135.0083,1.3391117364011333,8.676495758366348,7.3373840219652156,9.854858333333333,2.617371692634341,13.699669283255382
Mouse_333,0.25,145.0083,1.3095614207104398,8.676495758366348,7.366934337655909,9.854858333333333,2.6888264167659983,14.714397213557104
Mouse_333,0.25,155.0083,1.3202558545887824,8.676495758366348,7.356239903777567,9.854858333333333,2.7555140984770183,15.729125143858825
Mouse_333,0.25,165.0083,1.2751714897779904,8.676495758366348,7.401324268588359,9.854858333333333,2.818031210270067,16.743853074160544
Mouse_333,0.25,175.0083,1.1716212392066323,8.676495758366348,7.504874519159717,9.854858333333333,2.876868835974582,17.758581004462265
Mouse_333,0.25,185.0083,1.298051210211458,8.676495758366348,7.37844454815489,9.854858333333333,2.9324361235411303,18.77330893476399
Mouse_333,0.25,195.0083,1.3066342944040579,8.676495758366348,7.36986146396229,9.854858333333333,2.985077556364824,19.78803686506571
Mouse_333,0.25,205.0087,1.3491745965318187,8.676495758366348,7.327321161834531,9.854858333333333,3.0350878518666273,20.802805384484643
Mouse_333,0.25,215.0087,1.3317651512390132,8.676495758366348,7.344730607127336,9.854858333333333,3.08271392702959,21.817533314786363
Mouse_333,0.25,225.0087,1.24826251097558,8.676495758366348,7.428233247390769,9.854858333333333,3.128174502727889,22.832261245088084
Mouse_333,0.25,235.0087,1.2944654766481216,8.676495758366348,7.382030281718228,9.854858333333333,3.171657969339823,23.846989175389805
Mouse_333,0.25,245.0087,1.2893424395286082,8.676495758366348,7.387153318837741,9.854858333333333,3.213329154722675,24.861717105691525
Mouse_333,0.5,0.5083,1.7626064629937421,9.79130965031155,8.02870318731781,12.4319875,3.196956242684311,0.040886463246524334
Mouse_333,0.5,1.0083,-1.4040676360330986,9.79130965031155,11.195377286344648,12.4319875,2.512007043737998,0.08110529390413239
Mouse_333,0.5,1.5083,1.217362074679495,9.79130965031155,8.573947575632054,12.4319875,2.109289599362961,0.12132412456174042
Mouse_333,0.5,2.0083,1.0895276111403276,9.79130965031155,8.701782039171222,12.4319875,1.8229841950945351,0.1615429552193485
Mouse_333,0.5,2.5083,1.72670446525166,9.79130965031155,8.06460518505989,12.4319875,1.6006675553130458,0.20176178587695653
Mouse_333,0.5,2.7583,0.26927659346863364,9.79130965031155,9.522033056842917,12.4319875,1.505658240225178,0.22187120120576057
Mouse_333,0.5,3.0083,2.6589988666702125,9.79130965031155,7.132310783641338,12.4319875,1.418897652997993,0.24198061653456457
Mouse_333,0.5,3.2583,2.7026001931334656,9.79130965031155,7.088709457178085,12.4319875,1.3390672011830675,0.2620900318633686
Mouse_333,0.5,3.5083,2.8946749177091387,9.79130965031155,6.896634732602411,12.4319875,1.2651411984874803,0.2821994471921726
Mouse_333,0.5,3.7583,5.194483519706979,9.79130965031155,4.596826130604572,12.4319875,1.1963060606533304,0.30230886252097666
Mouse_333,0.5,4.0083,4.302444313187375,9.79130965031155,5.488865337124175,12.4319875,1.1319055768742097,0.32241827784978067
Mouse_333,0.5,4.5083,1.2586262680542257,9.79130965031155,8.532683382257325,12.4319875,1.0143526458332708,0.36263710850738873
Mouse_333,0.5,5.0083,1.4142203409418137,9.79130965031155,8.377089309369737,12.4319875,0.9091762519980606,0.4028559391649968
Mouse_333,0.5,5.5083,1.743470803477102,9.79130965031155,8.047838846834448,12.4319875,0.8140167425409167,0.4430747698226048
Mouse_333,0.5,6.0083,-0.15065076517988585,9.79130965031155,9.941960415491437,12.4319875,0.727130941517725,0.48329360048021286
Mouse_333,0.5,6.5083,0.048283085922444346,9.79130965031155,9.743026564389107,12.4319875,0.6471945027494308,0.5235124311378209
Mouse_333,0.5,7.0083,-0.5265181924998796,9.79130965031155,10.317827842811429,12.4319875,0.5731776272180078,0.563731261795429
Mouse_333,0.5,7.5083,-0.21765761353064494,9.79130965031155,10.008967263842194,12.4319875,0.5042637128502471,0.603950092453037
Mouse_333,0.5,8.0083,-0.6784559433551451,9.79130965031155,10.469765593666697,12.4319875,0.43979428430635203,0.644168923110645
Mouse_333,0.5,8.5083,0.9693717302249114,9.79130965031155,8.82193792008664,12.4319875,0.37923063050780326,0.6843877537682531
Mouse_333,0.5,9.0083,0.08905403654701072,9.79130965031155,9.70225561376454,12.4319875,0.3221264135822352,0.7246065844258611
Mouse_333,0.5,9.5083,1.4522609479285449,9.79130965031155,8.339048702383005,12.4319875,0.26810768677790325,0.7648254150834691
Mouse_333,0.5,10.0083,2.3307202828262152,9.79130965031155,7.460589367485336,12.4319875,0.21685803942050783,0.8050442457410772
Mouse_333,0.5,11.0083,3.735758377883633,9.79130965031155,6.055551272427918,12.4319875,0.12162325442841984,0.8854819070562933
Mouse_333,0.5,12.0083,2.9947859823104013,9.79130965031155,6.796523668001149,12.4319875,0.03467471079151135,0.9659195683715094
Mouse_333,0.5,13.0083,4.409268903047335,9.79130965031155,5.382040747264216,12.4319875,0.04531482711511066,1.0463572296867254
Mouse_333,0.5,14.0083,4.679055932201665,9.79130965031155,5.112253718109885,12.4319875,0.11937722293271742,1.1267948910019416
Mouse_333,0.5,15.0083,5.127128045951775,9.79130965031155,4.664181604359776,12.4319875,0.1883305932480732,1.2072325523171576
Mouse_333,0.5,16.0083,5.3696318076899665,9.79130965031155,4.421677842621584,12.4319875,0.2528345495804833,1.2876702136323737
Mouse_333,0.5,17.0083,5.5235629685727625,9.79130965031155,4.267746681738788,12.4319875,0.3134286720472317,1.3681078749475897
Mouse_333,0.5,18.0083,5.692172022444465,9.79130965031155,4.099137627867085,12.4319875,0.37055997457318646,1.448545536262806
Mouse_333,0.5,19.0083,5.800581477195109,9.79130965031155,3.9907281731164406,12.4319875,0.424602937728939,1.528983197578022
Mouse_333,0.5,20.0084,5.742051625649817,9.79130965031155,4.049258024661734,12.4319875,0.47587939722364864,1.6094289026593698
Mouse_333,0.5,22.0084,5.578899489320722,9.79130965031155,4.212410160990827,12.4319875,0.5711514105110906,1.770304225289802
Mouse_333,0.5,24.0084,5.204057579013003,9.79130965031155,4.587252071298548,12.4319875,0.6581309809572029,1.931179547920234
Mouse_333,0.5,26.0084,4.984851185510646,9.79130965031155,4.8064584648009046,12.4319875,0.7381467746114173,2.0920548705506663
Mouse_333,0.5,28.0084,4.586105130686027,9.79130965031155,5.205204519625522,12.4319875,0.8122316770291712,2.2529301931810983
Mouse_333,0.5,30.0084,4.172289925951574,9.79130965031155,5.619019724359975,12.4319875,0.8812045543144406,2.413805515811531
Mouse_333,0.5,32.0084,3.815215338141283,9.79130965031155,5.976094312170267,12.4319875,0.945725580197599,2.574680838441963
Mouse_333,0.5,34.0084,3.5443018923778746,9.79130965031155,6.247007757933677,12.4319875,1.0063347647706546,2.735556161072395
Mouse_333,0.5,36.0084,3.3343059524237892,9.79130965031155,6.457003697887761,12.4319875,1.0634794564164243,2.8964314837028273
Mouse_333,0.5,38.0084,3.476481531682184,9.79130965031155,6.314828118629366,12.4319875,1.117534399774401,3.0573068063332594
Mouse_333,0.5,40.0084,3.260054170055673,9.79130965031155,6.5312554802558775,12.4319875,1.168816643911992,3.2181821289636914
Mouse_333,0.5,45.0084,2.90391871724169,9.79130965031155,6.887390933069861,12.4319875,1.2865763508619015,3.620370435539772
Mouse_333,0.5,48.0084,2.9692776622677464,9.79130965031155,6.822031988043804,12.4319875,1.3511032074421465,3.8616834194854204
Mouse_333,0.5,51.0084,3.0392214560627666,9.79130965031155,6.752088194248784,12.4319875,1.4117175368891233,4.102996403431068
Mouse_333,0.5,54.0084,2.898499261978264,9.79130965031155,6.892810388333286,12.4319875,1.4688668018672884,4.3443093873767165
Mouse_333,0.5,57.0084,3.125643242235821,9.79130965031155,6.665666408075729,12.4319875,1.522925837242913,4.585622371322365
Mouse_333,0.5,65.0084,3.1766561134625233,9.79130965031155,6.614653536849027,12.4319875,1.6542437041602607,5.229123661844094
Mouse_333,0.5,70.0084,3.277147618858079,9.79130965031155,6.514162031453472,12.4319875,1.7283424466949042,5.631311968420174
Mouse_333,0.5,75.0084,3.1983502178578944,9.79130965031155,6.5929594324536565,12.4319875,1.797327319109748,6.033500274996254
Mouse_333,0.5,80.0084,3.2160179801639073,9.79130965031155,6.575291670147644,12.4319875,1.8618588410067367,6.435688581572335
Mouse_333,0.5,85.0084,3.2764467759588833,9.79130965031155,6.514862874352667,12.4319875,1.9224772869819742,6.837876888148415
Mouse_333,0.5,90.0084,3.242650303119401,9.79130965031155,6.5486593471921495,12.4319875,1.979630211153283,7.240065194724496
Mouse_333,0.5,95.0084,3.189503483299453,9.79130965031155,6.601806167012097,12.4319875,2.0336925205892307,7.642253501300576
Mouse_333,0.5,100.0084,3.2704949868239606,9.79130965031155,6.52081466348759,12.4319875,2.084981394305258,8.044441807876657
Mouse_333,0.5,105.0083,3.365642727081941,9.79130965031155,6.425666923229609,12.4319875,2.133766606497442,8.446622070686606
Mouse_333,0.5,110.0083,3.3207090541798436,9.79130965031155,6.470600596131708,12.4319875,2.180283029336289,8.848810377262687
Mouse_333,0.5,115.0083,3.2706447569513872,9.79130965031155,6.520664893360162,12.4319875,2.2247315115168513,9.250998683838768
Mouse_333,0.5,125.0083,3.3547220406634097,9.79130965031155,6.436587609648141,12.4319875,2.308107346942888,10.055375296990928
Mouse_333,0.5,135.0083,3.3391590137939318,9.79130965031155,6.452150636517619,12.4319875,2.3850634698749715,10.859751910143087
Mouse_333,0.5,145.0083,3.2917272479142525,9.79130965031155,6.499582402397298,12.4319875,2.456518194006629,11.664128523295249
Mouse_333,0.5,155.0083,3.3526091093927404,9.79130965031155,6.438700540918809,12.4319875,2.523205875717649,12.46850513644741
Mouse_333,0.5,165.0083,3.3040132570106127,9.79130965031155,6.487296393300938,12.4319875,2.5857229875106977,13.27288174959957
Mouse_333,0.5,175.0083,3.2842760215983082,9.79130965031155,6.507033628713241,12.4319875,2.6445606132152126,14.077258362751731
Mouse_333,0.5,185.0083,3.380337085668609,9.79130965031155,6.410972564642941,12.4319875,2.700127900781761,14.881634975903893
Mouse_333,0.5,195.0083,3.3991563518808614,9.79130965031155,6.3921532984306895,12.4319875,2.7527693336054546,15.686011589056053
Mouse_333,0.5,205.0087,3.4699831997073955,9.79130965031155,6.321326450604155,12.4319875,2.802779629107258,16.49042037727274
Mouse_333,0.5,215.0087,3.4488189338490196,9.79130965031155,6.342490716462531,12.4319875,2.8504057042702207,17.294796990424903
Mouse_333,0.5,225.0087,3.3886823786260614,9.79130965031155,6.402627271685489,12.4319875,2.8958662799685198,18.099173603577064
Mouse_333,0.5,235.0087,3.4322759078431395,9.79130965031155,6.3590337424684105,12.4319875,2.9393497465804534,18.903550216729226
Mouse_333,0.5,245.0087,3.4594581934952444,9.79130965031155,6.331851456816306,12.4319875,2.9810209319633056,19.707926829881384
Mouse_333,1.0,0.5083,1.7466660412091635,11.554873298402438,9.808207257193274,12.7058375,3.218744988058406,0.04000523381477215
Mouse_333,1.0,1.0083,-1.811728696463983,11.554873298402438,13.366601994866421,12.7058375,2.533795789112093,0.07935722458279511
Mouse_333,1.0,1.5083,2.5660566374608917,11.554873298402438,8.988816660941545,12.7058375,2.131078344737056,0.11870921535081808
Mouse_333,1.0,2.0083,2.3148376754387923,11.554873298402438,9.240035622963646,12.7058375,1.8447729404686302,0.15806120611884106
Mouse_333,1.0,2.5083,1.9375695336219307,11.554873298402438,9.617303764780507,12.7058375,1.6224563006871406,0.19741319688686404
Mouse_333,1.0,2.7583,1.0425430248732788,11.554873298402438,10.512330273529159,12.7058375,1.5274469855992727,0.21708919227087553
Mouse_333,1.0,3.0083,3.862035333645221,11.554873298402438,7.692837964757217,12.7058375,1.440686398372088,0.236765187654887
Mouse_333,1.0,3.2583,3.878086745763782,11.554873298402438,7.676786552638656,12.7058375,1.3608559465571624,0.2564411830388985
Mouse_333,1.0,3.5083,3.551481877323394,11.554873298402438,8.003391421079042,12.7058375,1.286929943861575,0.27611717842290995
Mouse_333,1.0,3.7583,6.092450563737502,11.554873298402438,5.462422734664935,12.7058375,1.2180948060274255,0.29579317380692144
Mouse_333,1.0,4.0083,5.04160725396938,11.554873298402438,6.513266044433058,12.7058375,1.1536943222483045,0.31546916919093293
Mouse_333,1.0,4.5083,1.4087147425306337,11.554873298402438,10.146158555871803,12.7058375,1.0361413912073656,0.3548211599589559
Mouse_333,1.0,5.0083,1.556016921638853,11.554873298402438,9.998856376763584,12.7058375,0.9309649973721555,0.3941731507269789
Mouse_333,1.0,5.5083,1.824962357486108,11.554873298402438,9.72991094091633,12.7058375,0.8358054879150115,0.4335251414950018
Mouse_333,1.0,6.0083,-0.08420373011984861,11.554873298402438,11.639077028522287,12.7058375,0.7489196868918198,0.4728771322630248
Mouse_333,1.0,6.5083,0.06953118187253526,11.554873298402438,11.485342116529903,12.7058375,0.6689832481235257,0.5122291230310477
Mouse_333,1.0,7.0083,-0.3930620631397561,11.554873298402438,11.947935361542193,12.7058375,0.5949663725921028,0.5515811137990707
Mouse_333,1.0,7.5083,-0.02260576107256629,11.554873298402438,11.577479059475003,12.7058375,0.526052458224342,0.5909331045670937
Mouse_333,1.0,8.0083,-0.5331951389896792,11.554873298402438,12.088068437392117,12.7058375,0.4615830296804468,0.6302850953351167
Mouse_333,1.0,8.5083,1.3261175873323614,11.554873298402438,10.228755711070075,12.7058375,0.4010193758818981,0.6696370861031397
Mouse_333,1.0,9.0083,0.39833926749236426,11.554873298402438,11.156534030910073,12.7058375,0.34391515895633,0.7089890768711626
Mouse_333,1.0,9.5083,1.7346683862768657,11.554873298402438,9.820204912125572,12.7058375,0.28989643215199795,0.7483410676391856
Mouse_333,1.0,10.0083,2.7917515572500755,11.554873298402438,8.763121741152363,12.7058375,0.23864678479460263,0.7876930584072086
Mouse_333,1.0,11.0083,4.484238366097692,11.554873298402438,7.0706349323047455,12.7058375,0.14341199980251465,0.8663970399432545
Mouse_333,1.0,12.0083,3.518085268237053,11.554873298402438,8.036788030165384,12.7058375,0.056463456165606156,0.9451010214793004
Mouse_333,1.0,13.0083,5.269964268071179,11.554873298402438,6.284909030331258,12.7058375,0.02352608174101584,1.0238050030153463
Mouse_333,1.0,14.0083,5.525366271088984,11.554873298402438,6.029507027313453,12.7058375,0.0975884775586225,1.1025089845513922
Mouse_333,1.0,15.0083,5.916120093507373,11.554873298402438,5.638753204895065,12.7058375,0.16654184787397838,1.1812129660874382
Mouse_333,1.0,16.0083,6.206627777678017,11.554873298402438,5.3482455207244195,12.7058375,0.23104580420638837,1.259916947623484
Mouse_333,1.0,17.0083,6.517220306230737,11.554873298402438,5.037652992171701,12.7058375,0.2916399266731368,1.33862092915953
Mouse_333,1.0,18.0083,6.917048625993687,11.554873298402438,4.63782467240875,12.7058375,0.34877122919909154,1.4173249106955759
Mouse_333,1.0,19.0083,7.21378701499631,11.554873298402438,4.341086283406128,12.7058375,0.40281419235484417,1.4960288922316218
Mouse_333,1.0,20.0084,7.198902873029926,11.554873298402438,4.355970425372512,12.7058375,0.45409065184955383,1.5747407441658217
Mouse_333,1.0,22.0084,7.3443807025806125,11.554873298402438,4.210492595821825,12.7058375,0.5493626651369958,1.7321487072379136
Mouse_333,1.0,24.0084,7.115679343088212,11.554873298402438,4.4391939553142254,12.7058375,0.6363422355831081,1.8895566703100053
Mouse_333,1.0,26.0084,6.998741805871226,11.554873298402438,4.556131492531212,12.7058375,0.7163580292373226,2.0469646333820974
Mouse_333,1.0,28.0084,6.6902635158237995,11.554873298402438,4.864609782578639,12.7058375,0.7904429316550764,2.204372596454189
Mouse_333,1.0,30.0084,6.328149618112681,11.554873298402438,5.226723680289757,12.7058375,0.8594158089403456,2.361780559526281
Mouse_333,1.0,32.0084,5.984935679605338,11.554873298402438,5.569937618797099,12.7058375,0.9239368348235042,2.519188522598373
Mouse_333,1.0,34.0084,5.766656828199118,11.554873298402438,5.788216470203319,12.7058375,0.98454601939656,2.6765964856704647
Mouse_333,1.0,36.0084,5.539982452187468,11.554873298402438,6.0148908462149695,12.7058375,1.0416907110423295,2.8340044487425566
Mouse_333,1.0,38.0084,5.6994139607329934,11.554873298402438,5.855459337669444,12.7058375,1.0957456544003064,2.9914124118146486
Mouse_333,1.0,40.0084,5.491258790520408,11.554873298402438,6.063614507882029,12.7058375,1.1470278985378974,3.1488203748867405
Mouse_333,1.0,45.0084,5.187076647978204,11.554873298402438,6.367796650424235,12.7058375,1.2647876054878067,3.54234028256697
Mouse_333,1.0,48.0084,5.277927395799487,11.554873298402438,6.27694590260295,12.7058375,1.3293144620680517,3.7784522271751078
Mouse_333,1.0,51.0084,5.31012149730759,11.554873298402438,6.244751801094847,12.7058375,1.3899287915150285,4.014564171783245
Mouse_333,1.0,54.0084,5.196680685180163,11.554873298402438,6.358192613222275,12.7058375,1.4470780564931935,4.250676116391383
Mouse_333,1.0,57.0084,5.40063280155602,11.554873298402438,6.154240496846418,12.7058375,1.5011370918688183,4.486788060999522
Mouse_333,1.0,65.0084,5.490604737388765,11.554873298402438,6.064268561013672,12.7058375,1.6324549587861659,5.1164199132878885
Mouse_333,1.0,70.0084,5.583953028317251,11.554873298402438,5.970920270085187,12.7058375,1.7065537013208094,5.509939820968118
Mouse_333,1.0,75.0084,5.5265127578686,11.554873298402438,6.028360540533837,12.7058375,1.7755385737356533,5.903459728648348
Mouse_333,1.0,80.0084,5.533873210189195,11.554873298402438,6.021000088213244,12.7058375,1.840070095632642,6.296979636328577
Mouse_333,1.0,85.0084,5.593887461870468,11.554873298402438,5.96098583653197,12.7058375,1.9006885416078794,6.690499544008807
Mouse_333,1.0,90.0084,5.573736271579175,11.554873298402438,5.981137026823263,12.7058375,1.9578414657791883,7.084019451689037
Mouse_333,1.0,95.0084,5.521872641425764,11.554873298402438,6.033000656976673,12.7058375,2.011903775215136,7.477539359369266
Mouse_333,1.0,100.0084,5.588309322045474,11.554873298402438,5.966563976356964,12.7058375,2.0631926489311634,7.871059267049496
Mouse_333,1.0,105.0083,5.6890934253513255,11.554873298402438,5.865779873051112,12.7058375,2.1119778611233473,8.264571304331573
Mouse_333,1.0,110.0083,5.651689432649987,11.554873298402438,5.9031838657524505,12.7058375,2.1584942839621943,8.658091212011803
Mouse_333,1.0,115.0083,5.5981444409915735,11.554873298402438,5.956728857410865,12.7058375,2.2029427661427565,9.051611119692032
Mouse_333,1.0,125.0083,5.683603822491575,11.554873298402438,5.871269475910863,12.7058375,2.286318601568793,9.838650935052492
Mouse_333,1.0,135.0083,5.661042891214782,11.554873298402438,5.893830407187656,12.7058375,2.3632747245008767,10.62569075041295
Mouse_333,1.0,145.0083,5.626227482568151,11.554873298402438,5.928645815834287,12.7058375,2.4347294486325337,11.412730565773408
Mouse_333,1.0,155.0083,5.675012127821041,11.554873298402438,5.879861170581396,12.7058375,2.501417130343554,12.199770381133868
Mouse_333,1.0,165.0083,5.624388343768417,11.554873298402438,5.930484954634021,12.7058375,2.5639342421366034,12.986810196494329
Mouse_333,1.0,175.0083,5.603800533469178,11.554873298402438,5.95107276493326,12.7058375,2.622771867841118,13.773850011854787
Mouse_333,1.0,185.0083,5.689166079039966,11.554873298402438,5.865707219362472,12.7058375,2.678339155407666,14.560889827215247
Mouse_333,1.0,195.0083,5.708756669406955,11.554873298402438,5.846116628995483,12.7058375,2.73098058823136,15.347929642575705
Mouse_333,1.0,205.0087,5.7629459847288445,11.554873298402438,5.791927313673593,12.7058375,2.780990883733163,16.13500093952878
Mouse_333,1.0,215.0087,5.7554269084446465,11.554873298402438,5.799446389957791,12.7058375,2.828616958896126,16.92204075488924
Mouse_333,1.0,225.0087,5.7093605153075675,11.554873298402438,5.84551278309487,12.7058375,2.874077534594425,17.7090805702497
Mouse_333,1.0,235.0087,5.736803108252781,11.554873298402438,5.8180701901496565,12.7058375,2.9175610012063586,18.49612038561016
Mouse_333,1.0,245.0087,5.780406568874374,11.554873298402438,5.774466729528063,12.7058375,2.959232186589211,19.283160200970617
Mouse_333,2.5,0.5083,1.9787106729186972,14.632352045820223,12.653641372901525,11.840575000000001,3.1482156469951272,0.04292865844775274
Mouse_333,2.5,1.0083,-1.8291949089577333,14.632352045820223,16.461546954777955,11.840575000000001,2.4632664480488144,0.08515633742449162
Mouse_333,2.5,1.5083,5.922319754600752,14.632352045820223,8.710032291219468,11.840575000000001,2.0605490036737772,0.1273840164012305
Mouse_333,2.5,2.0083,5.735989024474507,14.632352045820223,8.896363021345714,11.840575000000001,1.7742435994053514,0.16961169537796938
Mouse_333,2.5,2.5083,4.205628263286329,14.632352045820223,10.426723782533893,11.840575000000001,1.5519269596238618,0.2118393743547083
Mouse_333,2.5,2.7583,4.313281898834419,14.632352045820223,10.319070146985805,11.840575000000001,1.4569176445359941,0.2329532138430777
Mouse_333,2.5,3.0083,7.241060641475538,14.632352045820223,7.391291404344685,11.840575000000001,1.3701570573088093,0.25406705333144713
Mouse_333,2.5,3.2583,7.126386267836958,14.632352045820223,7.505965777983263,11.840575000000001,1.2903266054938838,0.2751808928198166
Mouse_333,2.5,3.5083,6.247400033140938,14.632352045820223,8.384952012679284,11.840575000000001,1.2164006027982963,0.29629473230818604
Mouse_333,2.5,3.7583,9.068423540108771,14.632352045820223,5.56392850571145,11.840575000000001,1.1475654649641467,0.31740857179655546
Mouse_333,2.5,4.0083,8.078639207232303,14.632352045820223,6.553712838587918,11.840575000000001,1.0831649811850257,0.33852241128492494
Mouse_333,2.5,4.5083,3.9017498180816768,14.632352045820223,10.730602227738544,11.840575000000001,0.9656120501440869,0.3807500902616638
Mouse_333,2.5,5.0083,4.1086113857693265,14.632352045820223,10.523740660050894,11.840575000000001,0.8604356563088769,0.4229777692384027
Mouse_333,2.5,5.5083,4.086707142496717,14.632352045820223,10.545644903323504,11.840575000000001,0.765276146851733,0.46520544821514154
Mouse_333,2.5,6.0083,2.3063151787922433,14.632352045820223,12.32603686702798,11.840575000000001,0.6783903458285413,0.5074331271918804
Mouse_333,2.5,6.5083,2.304580867202457,14.632352045820223,12.327771178617764,11.840575000000001,0.5984539070602469,0.5496608061686193
Mouse_333,2.5,7.0083,2.0016362149051137,14.632352045820223,12.630715830915106,11.840575000000001,0.524437031528824,0.5918884851453582
Mouse_333,2.5,7.5083,2.357238571950317,14.632352045820223,12.275113473869904,11.840575000000001,0.4555231171610633,0.634116164122097
Mouse_333,2.5,8.0083,1.8572796711128357,14.632352045820223,12.775072374707385,11.840575000000001,0.3910536886171681,0.676343843098836
Mouse_333,2.5,8.5083,3.779188007836085,14.632352045820223,10.853164037984136,11.840575000000001,0.3304900348186195,0.7185715220755748
Mouse_333,2.5,9.0083,2.839613733196063,14.632352045820223,11.79273831262416,11.840575000000001,0.27338581789305144,0.7607992010523137
Mouse_333,2.5,9.5083,3.992434106259015,14.632352045820223,10.639917939561206,11.840575000000001,0.21936709108871943,0.8030268800290525
Mouse_333,2.5,10.0083,5.168713753222584,14.632352045820223,9.463638292597638,11.840575000000001,0.168117443731324,0.8452545590057915
Mouse_333,2.5,11.0083,6.924276609570464,14.632352045820223,7.708075436249757,11.840575000000001,0.072882658739236,0.9297099169592692
Mouse_333,2.5,12.0083,5.8393888737051665,14.632352045820223,8.792963172115053,11.840575000000001,0.014065884897672503,1.014165274912747
Mouse_333,2.5,13.0083,7.690212944497848,14.632352045820223,6.942139101322373,11.840575000000001,0.09405542280429452,1.0986206328662247
Mouse_333,2.5,14.0083,7.96976863846557,14.632352045820223,6.662583407354652,11.840575000000001,0.1681178186219011,1.1830759908197024
Mouse_333,2.5,15.0083,8.226139800452183,14.632352045820223,6.406212245368039,11.840575000000001,0.23707118893725707,1.2675313487731803
Mouse_333,2.5,16.0083,8.567661174837362,14.632352045820223,6.06469087098286,11.840575000000001,0.301575145269667,1.3519867067266578
Mouse_333,2.5,17.0083,8.989151322125522,14.632352045820223,5.643200723694699,11.840575000000001,0.36216926773641556,1.4364420646801357
Mouse_333,2.5,18.0083,9.53251377359599,14.632352045820223,5.099838272224232,11.840575000000001,0.41930057026237016,1.5208974226336134
Mouse_333,2.5,19.0083,10.105053388923086,14.632352045820223,4.527298656897136,11.840575000000001,0.47334353341812274,1.605352780587091
Mouse_333,2.5,20.0084,10.065140655739622,14.632352045820223,4.567211390080598,11.840575000000001,0.5246199929128325,1.6898165840763646
Mouse_333,2.5,22.0084,10.703574300658534,14.632352045820223,3.928777745161687,11.840575000000001,0.6198920062002744,1.85872729998332
Mouse_333,2.5,24.0084,10.863744966851058,14.632352045820223,3.7686070789691613,11.840575000000001,0.7068715766463867,2.0276380158902754
Mouse_333,2.5,26.0084,11.127639161780337,14.632352045820223,3.504712884039885,11.840575000000001,0.7868873703006012,2.196548731797231
Mouse_333,2.5,28.0084,11.066883691368442,14.632352045820223,3.5654683544517787,11.840575000000001,0.8609722727183551,2.3654594477041866
Mouse_333,2.5,30.0084,10.995844870398763,14.632352045820223,3.6365071754214595,11.840575000000001,0.9299451500036243,2.534370163611142
Mouse_333,2.5,32.0084,10.842676639693925,14.632352045820223,3.789675406126296,11.840575000000001,0.994466175886783,2.703280879518098
Mouse_333,2.5,34.0084,10.702707940842147,14.632352045820223,3.929644104978074,11.840575000000001,1.0550753604598386,2.872191595425053
Mouse_333,2.5,36.0084,10.563434186873286,14.632352045820223,4.068917858946936,11.840575000000001,1.112220052105608,3.0411023113320086
Mouse_333,2.5,38.0084,10.70244165501101,14.632352045820223,3.929910390809213,11.840575000000001,1.166274995463585,3.210013027238964
Mouse_333,2.5,40.0084,10.56274299660966,14.632352045820223,4.069609049210562,11.840575000000001,1.217557239601176,3.37892374314592
Mouse_333,2.5,45.0084,10.371964256756668,14.632352045820223,4.260387789063555,11.840575000000001,1.3353169465510852,3.8012005329133083
Mouse_333,2.5,48.0084,10.452594678208229,14.632352045820223,4.179757367611993,11.840575000000001,1.3998438031313303,4.054566606773742
Mouse_333,2.5,51.0084,10.47032558786173,14.632352045820223,4.162026457958491,11.840575000000001,1.4604581325783073,4.307932680634175
Mouse_333,2.5,54.0084,10.401461836097269,14.632352045820223,4.230890209722952,11.840575000000001,1.5176073975564721,4.561298754494608
Mouse_333,2.5,57.0084,10.544435179710433,14.632352045820223,4.087916866109788,11.840575000000001,1.571666432932097,4.814664828355042
Mouse_333,2.5,65.0084,10.604397173767424,14.632352045820223,4.027954872052797,11.840575000000001,1.7029842998494444,5.490307691982863
Mouse_333,2.5,70.0084,10.665209639404223,14.632352045820223,3.9671424064159995,11.840575000000001,1.777083042384088,5.912584481750252
Mouse_333,2.5,75.0084,10.642229806360596,14.632352045820223,3.9901222394596267,11.840575000000001,1.8460679147989318,6.3348612715176404
Mouse_333,2.5,80.0084,10.653474535168279,14.632352045820223,3.9788775106519423,11.840575000000001,1.9105994366959207,6.75713806128503
Mouse_333,2.5,85.0084,10.68950867257324,14.632352045820223,3.942843373246981,11.840575000000001,1.971217882671158,7.179414851052418
Mouse_333,2.5,90.0084,10.68216644189124,14.632352045820223,3.950185603928981,11.840575000000001,2.028370806842467,7.601691640819807
Mouse_333,2.5,95.0084,10.647296954413015,14.632352045820223,3.9850550914072045,11.840575000000001,2.082433116278415,8.023968430587196
Mouse_333,2.5,100.0084,10.683855289954579,14.632352045820223,3.9484967558656425,11.840575000000001,2.133721989994442,8.446245220354584
Mouse_333,2.5,105.0083,10.757502403595716,14.632352045820223,3.8748496422245076,11.840575000000001,2.182507202186626,8.868513564586179
Mouse_333,2.5,110.0083,10.751929443855769,14.632352045820223,3.880422601964452,11.840575000000001,2.229023625025473,9.290790354353568
Mouse_333,2.5,115.0083,10.699308915000731,14.632352045820223,3.933043130819489,11.840575000000001,2.273472107206035,9.713067144120956
Mouse_333,2.5,125.0083,10.748828512042419,14.632352045820223,3.8835235337778036,11.840575000000001,2.356847942632072,10.557620723655734
Mouse_333,2.5,135.0083,10.737370214633692,14.632352045820223,3.89498183118653,11.840575000000001,2.4338040655641553,11.40217430319051
Mouse_333,2.5,145.0083,10.718286251221034,14.632352045820223,3.914065794599189,11.840575000000001,2.5052587896958127,12.246727882725288
Mouse_333,2.5,155.0083,10.739723754675696,14.632352045820223,3.8926282911445256,11.840575000000001,2.5719464714068327,13.091281462260065
Mouse_333,2.5,165.0083,10.698019590851256,14.632352045820223,3.934332454968965,11.840575000000001,2.634463583199882,13.935835041794844
Mouse_333,2.5,175.0083,10.679364182789715,14.632352045820223,3.952987863030506,11.840575000000001,2.6933012089043964,14.780388621329621
Mouse_333,2.5,185.0083,10.741093616462834,14.632352045820223,3.891258429357389,11.840575000000001,2.7488684964709447,15.624942200864398
Mouse_333,2.5,195.0083,10.743113788039427,14.632352045820223,3.889238257780794,11.840575000000001,2.8015099292946384,16.469495780399175
Mouse_333,2.5,205.0087,10.764797821806326,14.632352045820223,3.8675542240138965,11.840575000000001,2.8515202247964417,17.314083142077138
Mouse_333,2.5,215.0087,10.752356860619882,14.632352045820223,3.87999518520034,11.840575000000001,2.8991462999594044,18.158636721611913
Mouse_333,2.5,225.0087,10.714961931711112,14.632352045820223,3.9173901141091094,11.840575000000001,2.9446068756577035,19.00319030114669
Mouse_333,2.5,235.0087,10.722273026101146,14.632352045820223,3.910079019719075,11.840575000000001,2.988090342269637,19.84774388068147
Mouse_333,2.5,245.0087,10.749177072843088,14.632352045820223,3.8831749729771334,11.840575000000001,3.0297615276524894,20.692297460216245
Mouse_394,0.05,0.5083,-4.9182108148255805,12.779153960210472,17.697364775036053,9.2925375,2.905895113222918,0.054699806161664664
Mouse_394,0.05,1.0083,-1.9315128738791398,12.779153960210472,14.710666834089615,9.2925375,2.220945914276605,0.10850642249224175
Mouse_394,0.05,1.5083,-0.29484484916334697,12.779153960210472,13.07399880937382,9.2925375,1.818228469901568,0.16231303882281883
Mouse_394,0.05,2.0083,1.7752185160992422,12.779153960210472,11.003935444111232,9.2925375,1.5319230656331422,0.21611965515339596
Mouse_394,0.05,2.5083,3.193474917238561,12.779153960210472,9.585679042971913,9.2925375,1.3096064258516527,0.269926271483973
Mouse_394,0.05,2.7583,2.79116583649565,12.779153960210472,9.987988123714825,9.2925375,1.214597110763785,0.2968295796492616
Mouse_394,0.05,3.0083,2.608091096825686,12.779153960210472,10.171062863384787,9.2925375,1.1278365235366,0.3237328878145501
Mouse_394,0.05,3.2583,-1.1545030200072723,12.779153960210472,13.933656980217744,9.2925375,1.0480060717216746,0.3506361959798387
Mouse_394,0.05,3.5083,0.5934661629562328,12.779153960210472,12.185687797254241,9.2925375,0.9740800690260871,0.3775395041451272
Mouse_394,0.05,3.7583,3.6141297063046114,12.779153960210472,9.165024253905862,9.2925375,0.9052449311919374,0.4044428123104158
Mouse_394,0.05,4.0083,2.6006977444948607,12.779153960210472,10.178456215715613,9.2925375,0.8408444474128166,0.4313461204757043
Mouse_394,0.05,4.5083,0.547054127781796,12.779153960210472,12.232099832428677,9.2925375,0.7232915163718776,0.4851527368062814
Mouse_394,0.05,5.0083,0.5707083484842848,12.779153960210472,12.208445611726187,9.2925375,0.6181151225366677,0.5389593531368585
Mouse_394,0.05,5.5083,1.711679565113311,12.779153960210472,11.067474395097165,9.2925375,0.5229556130795237,0.5927659694674355
Mouse_394,0.05,6.0083,0.8377566513122314,12.779153960210472,11.941397308898242,9.2925375,0.4360698120563319,0.6465725857980127
Mouse_394,0.05,6.5083,1.5455494176433922,12.779153960210472,11.233604542567083,9.2925375,0.35613337328803774,0.7003792021285897
Mouse_394,0.05,7.0083,0.6660644796383055,12.779153960210472,12.113089480572167,9.2925375,0.2821164977566148,0.7541858184591669
Mouse_394,0.05,7.5083,0.18189151767853134,12.779153960210472,12.597262442531942,9.2925375,0.21320258338885403,0.8079924347897439
Mouse_394,0.05,8.0083,0.7868313493279295,12.779153960210472,11.992322610882544,9.2925375,0.14873315484495886,0.8617990511203211
Mouse_394,0.05,8.5083,0.5813905118346323,12.779153960210472,12.197763448375841,9.2925375,0.08816950104641025,0.9156056674508981
Mouse_394,0.05,9.0083,1.2173514872801456,12.779153960210472,11.561802472930328,9.2925375,0.031065284120842085,0.9694122837814753
Mouse_394,0.05,9.5083,1.3640453388455291,12.779153960210472,11.415108621364944,9.2925375,0.02295344268348999,1.0232189001120524
Mouse_394,0.05,10.0083,1.363573489531099,12.779153960210472,11.415580470679375,9.2925375,0.07420309004088528,1.0770255164426294
Mouse_394,0.05,11.0083,1.7783145133664124,12.779153960210472,11.000839446844061,9.2925375,0.16943787503297328,1.1846387491037835
Mouse_394,0.05,12.0083,2.2613272864455523,12.779153960210472,10.51782667376492,9.2925375,0.2563864186698818,1.2922519817649378
Mouse_394,0.05,13.0083,2.9431897579223376,12.779153960210472,9.835964202288135,9.2925375,0.3363759565765038,1.399865214426092
Mouse_394,0.05,14.0083,2.9898566408896787,12.779153960210472,9.789297319320795,9.2925375,0.41043835239411053,1.5074784470872462
Mouse_394,0.05,15.0083,3.5716155596767623,12.779153960210472,9.20753840053371,9.2925375,0.4793917227094663,1.6150916797484003
Mouse_394,0.05,16.0083,3.6564680607508198,12.779153960210472,9.122685899459654,9.2925375,0.5438956790418764,1.7227049124095544
Mouse_394,0.05,17.0083,3.6660257731583066,12.779153960210472,9.113128187052167,9.2925375,0.6044898015086247,1.8303181450707084
Mouse_394,0.05,18.0083,3.712765850616285,12.779153960210472,9.06638810959419,9.2925375,0.6616211040345795,1.9379313777318627
Mouse_394,0.05,19.0083,3.967065224165994,12.779153960210472,8.81208873604448,9.2925375,0.7156640671903322,2.045544610393017
Mouse_394,0.05,20.0084,4.078710004016836,12.779153960210472,8.70044395619364,9.2925375,0.7669405266850416,2.1531686043774374
Mouse_394,0.05,22.0084,4.321858769293267,12.779153960210472,8.457295190917208,9.2925375,0.8622125399724838,2.368395069699746
Mouse_394,0.05,24.0084,4.166221965892763,12.779153960210472,8.61293199431771,9.2925375,0.949192110418596,2.583621535022054
Mouse_394,0.05,26.0084,4.264767260058446,12.779153960210472,8.514386700152027,9.2925375,1.0292079040728104,2.7988480003443628
Mouse_394,0.05,28.0084,4.138779054253899,12.779153960210472,8.640374905956575,9.2925375,1.1032928064905645,3.014074465666671
Mouse_394,0.05,30.0084,4.092005132119742,12.779153960210472,8.687148828090733,9.2925375,1.1722656837758336,3.229300930988979
Mouse_394,0.05,32.0084,4.0846532955804316,12.779153960210472,8.694500664630041,9.2925375,1.2367867096589922,3.4445273963112877
Mouse_394,0.05,34.0084,4.155895119493682,12.779153960210472,8.623258840716792,9.2925375,1.2973958942320478,3.659753861633596
Mouse_394,0.05,36.0084,3.9008747034168643,12.779153960210472,8.87827925679361,9.2925375,1.3545405858778174,3.8749803269559044
Mouse_394,0.05,38.0084,4.081147141822509,12.779153960210472,8.698006818387965,9.2925375,1.4085955292357943,4.090206792278213
Mouse_394,0.05,40.0084,4.002157608547144,12.779153960210472,8.77699635166333,9.2925375,1.4598777733733854,4.305433257600521
Mouse_394,0.05,45.0084,3.9300483571559033,12.779153960210472,8.849105603054571,9.2925375,1.5776374803232944,4.843499420906292
Mouse_394,0.05,48.0084,3.9017580202048867,12.779153960210472,8.877395940005586,9.2925375,1.6421643369035397,5.166339118889755
Mouse_394,0.05,51.0084,3.88344828746967,12.779153960210472,8.895705672740803,9.2925375,1.7027786663505164,5.489178816873217
Mouse_394,0.05,54.0084,3.81156825031195,12.779153960210472,8.967585709898524,9.2925375,1.7599279313286815,5.812018514856679
Mouse_394,0.05,57.0084,3.973053650618075,12.779153960210472,8.806100309592399,9.2925375,1.8139869667043063,6.134858212840142
Mouse_394,0.05,65.0084,4.10087081972893,12.779153960210472,8.678283140481543,9.2925375,1.9453048336216536,6.995764074129375
Mouse_394,0.05,70.0084,4.210467045024962,12.779153960210472,8.568686915185511,9.2925375,2.0194035761562974,7.533830237435145
Mouse_394,0.05,75.0084,4.151717468160357,12.779153960210472,8.627436492050116,9.2925375,2.0883884485711413,8.071896400740917
Mouse_394,0.05,80.0084,4.186005737077777,12.779153960210472,8.593148223132697,9.2925375,2.1529199704681297,8.609962564046688
Mouse_394,0.05,85.0084,4.183110386385069,12.779153960210472,8.596043573825405,9.2925375,2.2135384164433676,9.14802872735246
Mouse_394,0.05,90.0084,4.227391363251904,12.779153960210472,8.551762596958572,9.2925375,2.2706913406146763,9.686094890658229
Mouse_394,0.05,95.0084,4.070192038112925,12.779153960210472,8.708961922097549,9.2925375,2.324753650050624,10.224161053964
Mouse_394,0.05,100.0084,4.205819801764055,12.779153960210472,8.573334158446418,9.2925375,2.3760425237666514,10.762227217269771
Mouse_394,0.05,105.0083,4.243199184630901,12.779153960210472,8.535954775579574,9.2925375,2.4248277359588353,11.300282619252277
Mouse_394,0.05,110.0083,4.113072834306559,12.779153960210472,8.666081125903915,9.2925375,2.4713441587976823,11.838348782558048
Mouse_394,0.05,115.0083,4.189307600014443,12.779153960210472,8.58984636019603,9.2925375,2.5157926409782445,12.37641494586382
Mouse_394,0.05,125.0083,4.1190730265508755,12.779153960210472,8.660080933659598,9.2925375,2.599168476404281,13.45254727247536
Mouse_394,0.05,135.0083,4.11856861495812,12.779153960210472,8.660585345252354,9.2925375,2.6761245993363647,14.528679599086901
Mouse_394,0.05,145.0083,4.008243478718195,12.779153960210472,8.770910481492278,9.2925375,2.7475793234680217,15.604811925698442
Mouse_394,0.05,155.0083,3.913293961658143,12.779153960210472,8.865859998552331,9.2925375,2.814267005179042,16.680944252309985
Mouse_394,0.05,165.0083,3.8898978886377558,12.779153960210472,8.889256071572719,9.2925375,2.876784116972091,17.757076578921527
Mouse_394,0.05,175.0083,3.8283813112358986,12.779153960210472,8.950772648974576,9.2925375,2.935621742676606,18.83320890553307
Mouse_394,0.05,185.0083,3.7832547848705262,12.779153960210472,8.995899175339947,9.2925375,2.991189030243154,19.90934123214461
Mouse_394,0.05,195.0083,3.6655061532234727,12.779153960210472,9.113647806987,9.2925375,3.0438304630668473,20.98547355875615
Mouse_394,0.05,205.0087,3.643816494987239,12.779153960210472,9.135337465223234,9.2925375,3.093840758568651,22.06164893066076
Mouse_394,0.05,215.0087,3.558817534822044,12.779153960210472,9.220336425388432,9.2925375,3.1414668337316134,23.1377812572723
Mouse_394,0.05,225.0087,3.4602910352934657,12.779153960210472,9.318862924917008,9.2925375,3.186927409429913,24.213913583883844
Mouse_394,0.05,235.0087,3.3874195170624057,12.779153960210472,9.391734443148067,9.2925375,3.2304108760418466,25.290045910495383
Mouse_394,0.05,245.0087,3.290115058038287,12.779153960210472,9.489038902172187,9.2925375,3.272082061424699,26.366178237106926
Mouse_394,0.1,0.5083,-3.215586078731839,15.416735970382359,18.632322049114194,8.0189125,2.7584862687096545,0.06338764763925282
Mouse_394,0.1,1.0083,-1.4778055417023064,15.416735970382359,16.894541512084665,8.0189125,2.0735370697633417,0.1257402422086536
Mouse_394,0.1,1.5083,0.6023211812336058,15.416735970382359,14.814414789148753,8.0189125,1.6708196253883048,0.18809283677805436
Mouse_394,0.1,2.0083,-1.689667033356443,15.416735970382359,17.106403003738798,8.0189125,1.3845142211198789,0.25044543134745517
Mouse_394,0.1,2.5083,4.834261999210469,15.416735970382359,10.58247397117189,8.0189125,1.1621975813383894,0.3127980259168559
Mouse_394,0.1,2.7583,1.2190075787592394,15.416735970382359,14.197728391623116,8.0189125,1.0671882662505217,0.3439743232015563
Mouse_394,0.1,3.0083,0.8931029958372481,15.416735970382359,14.523632974545109,8.0189125,0.9804276790233366,0.3751506204862567
Mouse_394,0.1,3.2583,2.4384612657899662,15.416735970382359,12.97827470459239,8.0189125,0.9005972272084112,0.4063269177709571
Mouse_394,0.1,3.5083,4.735743442223182,15.416735970382359,10.680992528159177,8.0189125,0.8266712245128238,0.4375032150556575
Mouse_394,0.1,3.7583,5.409796428167718,15.416735970382359,10.006939542214639,8.0189125,0.7578360866786742,0.4686795123403579
Mouse_394,0.1,4.0083,5.226991451204626,15.416735970382359,10.18974451917773,8.0189125,0.6934356028995533,0.4998558096250582
Mouse_394,0.1,4.5083,4.367950270746087,15.416735970382359,11.04878569963627,8.0189125,0.5758826718586143,0.562208404194459
Mouse_394,0.1,5.0083,4.370604460551141,15.416735970382359,11.046131509831215,8.0189125,0.4707062780234044,0.6245609987638597
Mouse_394,0.1,5.5083,4.939508258475659,15.416735970382359,10.477227711906696,8.0189125,0.37554676856626035,0.6869135933332605
Mouse_394,0.1,6.0083,4.4046808569741565,15.416735970382359,11.0120551134082,8.0189125,0.28866096754306864,0.7492661879026613
Mouse_394,0.1,6.5083,4.826679117134438,15.416735970382359,10.59005685324792,8.0189125,0.20872452877477438,0.8116187824720621
Mouse_394,0.1,7.0083,4.330371213854448,15.416735970382359,11.086364756527908,8.0189125,0.13470765324335152,0.8739713770414629
Mouse_394,0.1,7.5083,4.010578863259217,15.416735970382359,11.40615710712314,8.0189125,0.06579373887559069,0.9363239716108637
Mouse_394,0.1,8.0083,4.403887070740309,15.416735970382359,11.012848899642048,8.0189125,0.0013243103316956594,0.9986765661802643
Mouse_394,0.1,8.5083,4.5874420324638985,15.416735970382359,10.829293937918457,8.0189125,0.059239343466853014,1.0610291607496651
Mouse_394,0.1,9.0083,4.765599168060752,15.416735970382359,10.651136802321606,8.0189125,0.11634356039242114,1.123381755319066
Mouse_394,0.1,9.5083,5.022878304176068,15.416735970382359,10.393857666206289,8.0189125,0.17036228719675317,1.1857343498884667
Mouse_394,0.1,10.0083,4.793896389028257,15.416735970382359,10.6228395813541,8.0189125,0.22161193455414852,1.2480869444578675
Mouse_394,0.1,11.0083,4.347684132215703,15.416735970382359,11.069051838166654,8.0189125,0.3168467195462366,1.372792133596669
Mouse_394,0.1,12.0083,4.856672316159208,15.416735970382359,10.560063654223148,8.0189125,0.40379526318314507,1.4974973227354706
Mouse_394,0.1,13.0083,5.125932411155574,15.416735970382359,10.29080355922678,8.0189125,0.48378480108976707,1.622202511874272
Mouse_394,0.1,14.0083,5.21255591941064,15.416735970382359,10.204180050971717,8.0189125,0.5578471969073737,1.7469077010130736
Mouse_394,0.1,15.0083,5.578294594513444,15.416735970382359,9.838441375868912,8.0189125,0.6268005672227296,1.8716128901518752
Mouse_394,0.1,16.0083,5.6543563580504355,15.416735970382359,9.762379612331921,8.0189125,0.6913045235551396,1.9963180792906765
Mouse_394,0.1,17.0083,5.81505421176195,15.416735970382359,9.601681758620407,8.0189125,0.7518986460218879,2.121023268429478
Mouse_394,0.1,18.0083,5.973436876135315,15.416735970382359,9.443299094247042,8.0189125,0.8090299485478427,2.2457284575682794
Mouse_394,0.1,19.0083,6.226858218091259,15.416735970382359,9.189877752291098,8.0189125,0.8630729117035953,2.370433646707081
Mouse_394,0.1,20.0084,6.375287146835583,15.416735970382359,9.041448823546773,8.0189125,0.9143493711983051,2.495151306364797
Mouse_394,0.1,22.0084,6.533230697748315,15.416735970382359,8.883505272634041,8.0189125,1.0096213844857471,2.7445616846424
Mouse_394,0.1,24.0084,6.45396936145654,15.416735970382359,8.962766608925817,8.0189125,1.0966009549318594,2.9939720629200033
Mouse_394,0.1,26.0084,6.617016339852417,15.416735970382359,8.799719630529939,8.0189125,1.1766167485860737,3.243382441197606
Mouse_394,0.1,28.0084,6.528096930547594,15.416735970382359,8.888639039834763,8.0189125,1.2507016510038276,3.492792819475209
Mouse_394,0.1,30.0084,6.442078705787981,15.416735970382359,8.974657264594375,8.0189125,1.319674528289097,3.7422031977528123
Mouse_394,0.1,32.0084,6.357863043021911,15.416735970382359,9.058872927360445,8.0189125,1.3841955541722555,3.9916135760304154
Mouse_394,0.1,34.0084,6.436639226866559,15.416735970382359,8.980096743515798,8.0189125,1.4448047387453111,4.241023954308019
Mouse_394,0.1,36.0084,6.124883962272281,15.416735970382359,9.291852008110077,8.0189125,1.5019494303910808,4.490434332585622
Mouse_394,0.1,38.0084,6.30987219521352,15.416735970382359,9.106863775168836,8.0189125,1.5560043737490574,4.739844710863225
Mouse_394,0.1,40.0084,6.221949205673007,15.416735970382359,9.19478676470935,8.0189125,1.6072866178866487,4.989255089140828
Mouse_394,0.1,45.0084,6.157352736313193,15.416735970382359,9.259383234069164,8.0189125,1.7250463248365577,5.6127810348348355
Mouse_394,0.1,48.0084,6.101704185082953,15.416735970382359,9.315031785299404,8.0189125,1.7895731814168028,5.98689660225124
Mouse_394,0.1,51.0084,6.056392146081678,15.416735970382359,9.36034382430068,8.0189125,1.8501875108637797,6.361012169667645
Mouse_394,0.1,54.0084,6.054225882741972,15.416735970382359,9.362510087640384,8.0189125,1.9073367758419448,6.735127737084049
Mouse_394,0.1,57.0084,6.227744272693661,15.416735970382359,9.188991697688696,8.0189125,1.9613958112175693,7.1092433045004535
Mouse_394,0.1,65.0084,6.307619145760548,15.416735970382359,9.109116824621807,8.0189125,2.092713678134917,8.106884817610865
Mouse_394,0.1,70.0084,6.441400459895897,15.416735970382359,8.97533551048646,8.0189125,2.1668124206695607,8.730410763304873
Mouse_394,0.1,75.0084,6.35289132710834,15.416735970382359,9.063844643274017,8.0189125,2.235797293084404,9.35393670899888
Mouse_394,0.1,80.0084,6.306253149263236,15.416735970382359,9.11048282111912,8.0189125,2.300328814981393,9.97746265469289
Mouse_394,0.1,85.0084,6.28419652535607,15.416735970382359,9.132539445026287,8.0189125,2.3609472609566304,10.600988600386897
Mouse_394,0.1,90.0084,6.300997404605675,15.416735970382359,9.115738565776681,8.0189125,2.4181001851279396,11.224514546080904
Mouse_394,0.1,95.0084,6.052146941420723,15.416735970382359,9.364589028961634,8.0189125,2.472162494563887,11.848040491774912
Mouse_394,0.1,100.0084,6.203121043136229,15.416735970382359,9.213614927246127,8.0189125,2.5234513682799147,12.471566437468919
Mouse_394,0.1,105.0083,6.237498049389584,15.416735970382359,9.179237920992772,8.0189125,2.572236580472098,13.095079912644014
Mouse_394,0.1,110.0083,6.0861095327477175,15.416735970382359,9.330626437634638,8.0189125,2.6187530033109456,13.718605858338021
Mouse_394,0.1,115.0083,6.158620085747219,15.416735970382359,9.258115884635139,8.0189125,2.663201485491508,14.34213180403203
Mouse_394,0.1,125.0083,5.911295787071889,15.416735970382359,9.50544018331047,8.0189125,2.7465773209175444,15.589183695420045
Mouse_394,0.1,135.0083,5.869293636493646,15.416735970382359,9.54744233388871,8.0189125,2.8235334438496276,16.83623558680806
Mouse_394,0.1,145.0083,5.739225758127438,15.416735970382359,9.67751021225492,8.0189125,2.894988167981285,18.083287478196073
Mouse_394,0.1,155.0083,5.520263567980875,15.416735970382359,9.896472402401482,8.0189125,2.9616758496923055,19.330339369584088
Mouse_394,0.1,165.0083,5.443855820246194,15.416735970382359,9.972880150136163,8.0189125,3.024192961485354,20.577391260972107
Mouse_394,0.1,175.0083,5.326121258957787,15.416735970382359,10.090614711424568,8.0189125,3.083030587189869,21.82444315236012
Mouse_394,0.1,185.0083,5.264396945852566,15.416735970382359,10.152339024529791,8.0189125,3.1385978747564174,23.071495043748136
Mouse_394,0.1,195.0083,5.070319292305752,15.416735970382359,10.346416678076604,8.0189125,3.1912393075801107,24.31854693513615
Mouse_394,0.1,205.0087,5.003902099192177,15.416735970382359,10.41283387119018,8.0189125,3.241249603081914,25.565648708599824
Mouse_394,0.1,215.0087,4.857351719419713,15.416735970382359,10.559384250962644,8.0189125,3.2888756782448767,26.81270059998784
Mouse_394,0.1,225.0087,4.715489604789578,15.416735970382359,10.701246365592779,8.0189125,3.3343362539431762,28.059752491375853
Mouse_394,0.1,235.0087,4.607419386241595,15.416735970382359,10.80931658414076,8.0189125,3.37781972055511,29.306804382763872
Mouse_394,0.1,245.0087,4.475162238490041,15.416735970382359,10.941573731892316,8.0189125,3.419490905937962,30.553856274151887
Mouse_394,0.25,0.5083,-0.13359999407627132,17.134118966904325,17.267718960980595,6.592783333333333,2.562659070982767,0.07709945470678797
Mouse_394,0.25,1.0083,-2.057713188474084,17.134118966904325,19.19183215537841,6.592783333333333,1.877709872036454,0.15293995707427566
Mouse_394,0.25,1.5083,3.34240458355427,17.134118966904325,13.791714383350056,6.592783333333333,1.474992427661417,0.22878045944176334
Mouse_394,0.25,2.0083,-0.04062669880674097,17.134118966904325,17.174745665711068,6.592783333333333,1.1886870233929911,0.3046209618092511
Mouse_394,0.25,2.5083,8.17289246639628,17.134118966904325,8.961226500508047,6.592783333333333,0.9663703836115016,0.38046146417673876
Mouse_394,0.25,2.7583,3.618817222795885,17.134118966904325,13.515301744108442,6.592783333333333,0.8713610685236339,0.4183817153604826
Mouse_394,0.25,3.0083,3.8828140468142935,17.134118966904325,13.251304920090032,6.592783333333333,0.7846004812964489,0.45630196654422644
Mouse_394,0.25,3.2583,5.397771575296169,17.134118966904325,11.736347391608158,6.592783333333333,0.7047700294815236,0.49422221772797026
Mouse_394,0.25,3.5083,8.121532203255388,17.134118966904325,9.012586763648937,6.592783333333333,0.6308440267859361,0.5321424689117141
Mouse_394,0.25,3.7583,8.33170417523262,17.134118966904325,8.802414791671708,6.592783333333333,0.5620088889517864,0.570062720095458
Mouse_394,0.25,4.0083,8.1521825667561,17.134118966904325,8.981936400148225,6.592783333333333,0.4976084051726656,0.6079829712792018
Mouse_394,0.25,4.5083,7.3164551773951905,17.134118966904325,9.817663789509135,6.592783333333333,0.3800554741317266,0.6838234736466895
Mouse_394,0.25,5.0083,7.664552954524587,17.134118966904325,9.46956601237974,6.592783333333333,0.2748790802965167,0.7596639760141771
Mouse_394,0.25,5.5083,7.626292218886409,17.134118966904325,9.507826748017917,6.592783333333333,0.1797195708393726,0.8355044783816649
Mouse_394,0.25,6.0083,7.503343175616718,17.134118966904325,9.630775791287608,6.592783333333333,0.09283376981618092,0.9113449807491525
Mouse_394,0.25,6.5083,7.627089806549479,17.134118966904325,9.507029160354847,6.592783333333333,0.012897331047886651,0.9871854831166402
Mouse_394,0.25,7.0083,7.439503967166913,17.134118966904325,9.694614999737412,6.592783333333333,0.06111954448353625,1.063025985484128
Mouse_394,0.25,7.5083,6.97250199579227,17.134118966904325,10.161616971112055,6.592783333333333,0.1300334588512969,1.1388664878516155
Mouse_394,0.25,8.0083,7.90136291194834,17.134118966904325,9.232756054955987,6.592783333333333,0.1945028873951921,1.2147069902191032
Mouse_394,0.25,8.5083,8.564509306818074,17.134118966904325,8.569609660086254,6.592783333333333,0.2550665411937408,1.290547492586591
Mouse_394,0.25,9.0083,8.413621871126303,17.134118966904325,8.720497095778024,6.592783333333333,0.31217075811930894,1.3663879949540787
Mouse_394,0.25,9.5083,8.88255584506525,17.134118966904325,8.251563121839077,6.592783333333333,0.36618948492364084,1.4422284973215662
Mouse_394,0.25,10.0083,9.063872365649923,17.134118966904325,8.070246601254404,6.592783333333333,0.4174391322810362,1.518068999689054
Mouse_394,0.25,11.0083,8.672809344290851,17.134118966904325,8.461309622613475,6.592783333333333,0.5126739172731244,1.6697500044240294
Mouse_394,0.25,12.0083,9.365943612369321,17.134118966904325,7.768175354535005,6.592783333333333,0.5996224609100327,1.8214310091590047
Mouse_394,0.25,13.0083,9.469102598274969,17.134118966904325,7.665016368629356,6.592783333333333,0.6796119988166549,1.9731120138939802
Mouse_394,0.25,14.0083,9.55470295897327,17.134118966904325,7.579416007931058,6.592783333333333,0.7536743946342616,2.1247930186289556
Mouse_394,0.25,15.0083,9.782398874003176,17.134118966904325,7.351720092901148,6.592783333333333,0.8226277649496172,2.2764740233639307
Mouse_394,0.25,16.0083,9.880112204293454,17.134118966904325,7.254006762610872,6.592783333333333,0.8871317212820272,2.4281550280989057
Mouse_394,0.25,17.0083,10.014374792423427,17.134118966904325,7.119744174480902,6.592783333333333,0.9477258437487758,2.579836032833881
Mouse_394,0.25,18.0083,10.061225172667564,17.134118966904325,7.072893794236762,6.592783333333333,1.0048571462747304,2.7315170375688567
Mouse_394,0.25,19.0083,10.210160440435807,17.134118966904325,6.923958526468521,6.592783333333333,1.058900109430483,2.883198042303832
Mouse_394,0.25,20.0084,10.355564543830997,17.134118966904325,6.778554423073329,6.592783333333333,1.1101765689251928,3.0348942151392815
Mouse_394,0.25,22.0084,10.351225759701158,17.134118966904325,6.78289320720317,6.592783333333333,1.2054485822126346,3.338256224609232
Mouse_394,0.25,24.0084,10.115403181576717,17.134118966904325,7.018715785327608,6.592783333333333,1.292428152658747,3.641618234079183
Mouse_394,0.25,26.0084,10.250594744082864,17.134118966904325,6.883524222821462,6.592783333333333,1.3724439463129614,3.9449802435491335
Mouse_394,0.25,28.0084,10.04023545503491,17.134118966904325,7.093883511869418,6.592783333333333,1.4465288487307153,4.248342253019084
Mouse_394,0.25,30.0084,9.856642377336506,17.134118966904325,7.27747658956782,6.592783333333333,1.5155017260159847,4.551704262489035
Mouse_394,0.25,32.0084,9.702098466747369,17.134118966904325,7.432020500156956,6.592783333333333,1.5800227518991432,4.855066271958986
Mouse_394,0.25,34.0084,9.771153832616886,17.134118966904325,7.362965134287442,6.592783333333333,1.6406319364721988,5.158428281428937
Mouse_394,0.25,36.0084,9.37531805095801,17.134118966904325,7.758800915946317,6.592783333333333,1.6977766281179683,5.461790290898887
Mouse_394,0.25,38.0084,9.605744238515149,17.134118966904325,7.528374728389177,6.592783333333333,1.7518315714759451,5.765152300368838
Mouse_394,0.25,40.0084,9.480994034351564,17.134118966904325,7.653124932552762,6.592783333333333,1.8031138156135362,6.068514309838789
Mouse_394,0.25,45.0084,9.362625676702004,17.134118966904325,7.771493290202323,6.592783333333333,1.9208735225634455,6.826919333513666
Mouse_394,0.25,48.0084,9.279451330790668,17.134118966904325,7.854667636113659,6.592783333333333,1.9854003791436907,7.281962347718592
Mouse_394,0.25,51.0084,9.231751715080362,17.134118966904325,7.902367251823964,6.592783333333333,2.0460147085906675,7.737005361923518
Mouse_394,0.25,54.0084,9.21239003113197,17.134118966904325,7.921728935772357,6.592783333333333,2.1031639735688326,8.192048376128444
Mouse_394,0.25,57.0084,9.401733441109197,17.134118966904325,7.732385525795127,6.592783333333333,2.1572230089444573,8.64709139033337
Mouse_394,0.25,65.0084,9.438159272780092,17.134118966904325,7.695959694124234,6.592783333333333,2.2885408758618047,9.860539428213173
Mouse_394,0.25,70.0084,9.522250304010926,17.134118966904325,7.6118686628934,6.592783333333333,2.362639618396448,10.618944451888048
Mouse_394,0.25,75.0084,9.399472740332032,17.134118966904325,7.734646226572295,6.592783333333333,2.431624490811292,11.377349475562925
Mouse_394,0.25,80.0084,9.299626441049277,17.134118966904325,7.834492525855049,6.592783333333333,2.4961560127082807,12.135754499237802
Mouse_394,0.25,85.0084,9.235088237049078,17.134118966904325,7.899030729855248,6.592783333333333,2.556774458683518,12.894159522912679
Mouse_394,0.25,90.0084,9.22399788821988,17.134118966904325,7.910121078684446,6.592783333333333,2.6139273828548273,13.652564546587556
Mouse_394,0.25,95.0084,8.927542265733496,17.134118966904325,8.206576701170828,6.592783333333333,2.667989692290775,14.410969570262433
Mouse_394,0.25,100.0084,9.053026751147925,17.134118966904325,8.081092215756401,6.592783333333333,2.7192785660068024,15.16937459393731
Mouse_394,0.25,105.0083,9.061661311202652,17.134118966904325,8.072457655701673,6.592783333333333,2.768063778198986,15.927764449511715
Mouse_394,0.25,110.0083,8.892973869455489,17.134118966904325,8.241145097448836,6.592783333333333,2.8145802010378334,16.68616947318659
Mouse_394,0.25,115.0083,8.969392134484194,17.134118966904325,8.164726832420133,6.592783333333333,2.8590286832183955,17.444574496861467
Mouse_394,0.25,125.0083,8.594098081333048,17.134118966904325,8.540020885571277,6.592783333333333,2.942404518644432,18.96138454421122
Mouse_394,0.25,135.0083,8.538249234409818,17.134118966904325,8.595869732494506,6.592783333333333,3.0193606415765157,20.478194591560975
Mouse_394,0.25,145.0083,8.361255751988306,17.134118966904325,8.772863214916018,6.592783333333333,3.0908153657081727,21.99500463891073
Mouse_394,0.25,155.0083,8.093921049540864,17.134118966904325,9.040197917363463,6.592783333333333,3.157503047419193,23.511814686260482
Mouse_394,0.25,165.0083,7.964262513173534,17.134118966904325,9.169856453730793,6.592783333333333,3.220020159212242,25.028624733610236
Mouse_394,0.25,175.0083,7.794789759444213,17.134118966904325,9.339329207460114,6.592783333333333,3.278857784916757,26.545434780959987
Mouse_394,0.25,185.0083,7.727848243354249,17.134118966904325,9.40627072355008,6.592783333333333,3.334425072483305,28.06224482830974
Mouse_394,0.25,195.0083,7.507498571744989,17.134118966904325,9.626620395159337,6.592783333333333,3.3870665053069984,29.579054875659494
Mouse_394,0.25,205.0087,7.4115922152266585,17.134118966904325,9.72252675167767,6.592783333333333,3.437076800808802,31.095925595411146
Mouse_394,0.25,215.0087,7.219379987421141,17.134118966904325,9.914738979483186,6.592783333333333,3.4847028759717644,32.612735642760896
Mouse_394,0.25,225.0087,7.041822915306917,17.134118966904325,10.092296051597408,6.592783333333333,3.530163451670064,34.12954569011065
Mouse_394,0.25,235.0087,6.925788138053092,17.134118966904325,10.208330828851235,6.592783333333333,3.5736469182819977,35.646355737460404
Mouse_394,0.25,245.0087,6.768696396760866,17.134118966904325,10.365422570143462,6.592783333333333,3.61531810366485,37.16316578481016
Mouse_394,0.5,0.5083,-1.0302079731378573,17.26475570199826,18.294963675136117,7.045716666666667,2.6291033216992235,0.07214312241716597
Mouse_394,0.5,1.0083,-3.3153875479393444,17.26475570199826,20.580143249937603,7.045716666666667,1.9441541227529107,0.14310822414563928
Mouse_394,0.5,1.5083,2.6489802396639455,17.26475570199826,14.615775462334316,7.045716666666667,1.5414366783778737,0.21407332587411262
Mouse_394,0.5,2.0083,0.7653795419058563,17.26475570199826,16.499376160092403,7.045716666666667,1.2551312741094478,0.28503842760258596
Mouse_394,0.5,2.5083,8.737737675709262,17.26475570199826,8.527018026289,7.045716666666667,1.0328146343279583,0.3560035293310593
Mouse_394,0.5,2.7583,4.299272434757208,17.26475570199826,12.965483267241053,7.045716666666667,0.9378053192400906,0.39148608019529596
Mouse_394,0.5,3.0083,4.778892214742004,17.26475570199826,12.485863487256257,7.045716666666667,0.8510447320129056,0.4269686310595326
Mouse_394,0.5,3.2583,4.925838909717782,17.26475570199826,12.338916792280479,7.045716666666667,0.7712142801979802,0.46245118192376927
Mouse_394,0.5,3.5083,7.503272375034997,17.26475570199826,9.761483326963265,7.045716666666667,0.6972882775023928,0.49793373278800596
Mouse_394,0.5,3.7583,8.584191286629029,17.26475570199826,8.680564415369233,7.045716666666667,0.6284531396682432,0.5334162836522426
Mouse_394,0.5,4.0083,7.732758839268383,17.26475570199826,9.531996862729876,7.045716666666667,0.5640526558891222,0.5688988345164793
Mouse_394,0.5,4.5083,6.638953308937317,17.26475570199826,10.625802393060944,7.045716666666667,0.4464997248481834,0.6398639362449525
Mouse_394,0.5,5.0083,7.130776402505517,17.26475570199826,10.133979299492744,7.045716666666667,0.34132333101297335,0.7108290379734259
Mouse_394,0.5,5.5083,6.859345098968312,17.26475570199826,10.40541060302995,7.045716666666667,0.24616382155582928,0.7817941397018993
Mouse_394,0.5,6.0083,6.882420054358,17.26475570199826,10.382335647640263,7.045716666666667,0.15927802053263762,0.8527592414303725
Mouse_394,0.5,6.5083,6.925138401979294,17.26475570199826,10.339617300018968,7.045716666666667,0.07934158176434335,0.9237243431588459
Mouse_394,0.5,7.0083,6.92517198628636,17.26475570199826,10.339583715711901,7.045716666666667,0.005324706232920566,0.9946894448873191
Mouse_394,0.5,7.5083,6.4337684325137605,17.26475570199826,10.8309872694845,7.045716666666667,0.06358920813484029,1.0656545466157925
Mouse_394,0.5,8.0083,7.698133867599426,17.26475570199826,9.566621834398834,7.045716666666667,0.12805863667873546,1.1366196483442659
Mouse_394,0.5,8.5083,8.746428033075702,17.26475570199826,8.51832766892256,7.045716666666667,0.18862229047728415,1.2075847500727392
Mouse_394,0.5,9.0083,8.515053904072476,17.26475570199826,8.749701797925786,7.045716666666667,0.2457265074028521,1.2785498518012124
Mouse_394,0.5,9.5083,9.235663698895902,17.26475570199826,8.02909200310236,7.045716666666667,0.2997452342071842,1.3495149535296858
Mouse_394,0.5,10.0083,10.035876093178125,17.26475570199826,7.228879608820137,7.045716666666667,0.35099488156457953,1.4204800552581591
Mouse_394,0.5,11.0083,10.641549086006117,17.26475570199826,6.623206615992144,7.045716666666667,0.4462296665566677,1.5624102587151059
Mouse_394,0.5,12.0083,11.061890043720698,17.26475570199826,6.202865658277563,7.045716666666667,0.533178210193576,1.7043404621720524
Mouse_394,0.5,13.0083,11.589843283403304,17.26475570199826,5.674912418594957,7.045716666666667,0.6131677481001981,1.846270665628999
Mouse_394,0.5,14.0083,11.633658283211826,17.26475570199826,5.631097418786435,7.045716666666667,0.6872301439178047,1.9882008690859456
Mouse_394,0.5,15.0083,11.80433075027518,17.26475570199826,5.460424951723082,7.045716666666667,0.7561835142331605,2.130131072542892
Mouse_394,0.5,16.0083,11.856715594482175,17.26475570199826,5.408040107516087,7.045716666666667,0.8206874705655707,2.272061275999839
Mouse_394,0.5,17.0083,11.935801813144689,17.26475570199826,5.328953888853574,7.045716666666667,0.881281593032319,2.413991479456785
Mouse_394,0.5,18.0083,11.994200124456434,17.26475570199826,5.270555577541828,7.045716666666667,0.9384128955582737,2.555921682913732
Mouse_394,0.5,19.0083,12.109775068343167,17.26475570199826,5.154980633655095,7.045716666666667,0.9924558587140263,2.6978518863706786
Mouse_394,0.5,20.0084,12.23188819193292,17.26475570199826,5.032867510065339,7.045716666666667,1.0437323182087361,2.8397962828479715
Mouse_394,0.5,22.0084,12.203195842783806,17.26475570199826,5.061559859214455,7.045716666666667,1.139004331496178,3.123656689761865
Mouse_394,0.5,24.0084,11.956544389612665,17.26475570199826,5.3082113123855965,7.045716666666667,1.2259839019422902,3.407517096675758
Mouse_394,0.5,26.0084,12.04795438024415,17.26475570199826,5.216801321754111,7.045716666666667,1.3059996955965048,3.6913775035896514
Mouse_394,0.5,28.0084,11.826693066740548,17.26475570199826,5.4380626352577135,7.045716666666667,1.3800845980142586,3.9752379105035445
Mouse_394,0.5,30.0084,11.678003060276314,17.26475570199826,5.586752641721947,7.045716666666667,1.449057475299528,4.259098317417438
Mouse_394,0.5,32.0084,11.577481936644478,17.26475570199826,5.6872737653537815,7.045716666666667,1.5135785011826866,4.542958724331331
Mouse_394,0.5,34.0084,11.647256560035613,17.26475570199826,5.617499141962648,7.045716666666667,1.5741876857557422,4.826819131245225
Mouse_394,0.5,36.0084,11.268888015431262,17.26475570199826,5.995867686566999,7.045716666666667,1.6313323774015116,5.1106795381591175
Mouse_394,0.5,38.0084,11.527755581442191,17.26475570199826,5.73700012055607,7.045716666666667,1.6853873207594885,5.394539945073011
Mouse_394,0.5,40.0084,11.441873504606141,17.26475570199826,5.82288219739212,7.045716666666667,1.7366695648970796,5.678400351986904
Mouse_394,0.5,45.0084,11.311123615207793,17.26475570199826,5.953632086790471,7.045716666666667,1.8544292718469888,6.388051369271637
Mouse_394,0.5,48.0084,11.231891183255698,17.26475570199826,6.032864518742564,7.045716666666667,1.9189561284272338,6.813841979642477
Mouse_394,0.5,51.0084,11.210920913228785,17.26475570199826,6.053834788769477,7.045716666666667,1.9795704578742108,7.239632590013318
Mouse_394,0.5,54.0084,11.142669624022782,17.26475570199826,6.12208607797548,7.045716666666667,2.036719722852376,7.665423200384157
Mouse_394,0.5,57.0084,11.276780870058333,17.26475570199826,5.987974831939928,7.045716666666667,2.0907787582280006,8.091213810754997
Mouse_394,0.5,65.0084,11.293846914390441,17.26475570199826,5.97090878760782,7.045716666666667,2.222096625145348,9.22665543841057
Mouse_394,0.5,70.0084,11.293223784824404,17.26475570199826,5.971531917173858,7.045716666666667,2.2961953676799913,9.936306455695302
Mouse_394,0.5,75.0084,11.19345126418296,17.26475570199826,6.071304437815302,7.045716666666667,2.3651802400948356,10.645957472980037
Mouse_394,0.5,80.0084,11.099183576779998,17.26475570199826,6.165572125218263,7.045716666666667,2.429711761991824,11.35560849026477
Mouse_394,0.5,85.0084,11.020108503947913,17.26475570199826,6.244647198050346,7.045716666666667,2.4903302079670615,12.065259507549502
Mouse_394,0.5,90.0084,11.001488069904727,17.26475570199826,6.263267632093534,7.045716666666667,2.5474831321383706,12.774910524834235
Mouse_394,0.5,95.0084,10.744208626995086,17.26475570199826,6.520547075003175,7.045716666666667,2.601545441574318,13.48456154211897
Mouse_394,0.5,100.0084,10.827332618389264,17.26475570199826,6.437423083608996,7.045716666666667,2.6528343152903457,14.194212559403702
Mouse_394,0.5,105.0083,10.807463704075628,17.26475570199826,6.457291997922634,7.045716666666667,2.701619527482529,14.90384938366809
Mouse_394,0.5,110.0083,10.645376958536273,17.26475570199826,6.619378743461988,7.045716666666667,2.7481359503213767,15.613500400952825
Mouse_394,0.5,115.0083,10.709236825916635,17.26475570199826,6.555518876081626,7.045716666666667,2.792584432501939,16.323151418237558
Mouse_394,0.5,125.0083,10.37533827053161,17.26475570199826,6.889417431466651,7.045716666666667,2.8759602679279754,17.742453452807023
Mouse_394,0.5,135.0083,10.331391103584409,17.26475570199826,6.933364598413852,7.045716666666667,2.9529163908600586,19.16175548737649
Mouse_394,0.5,145.0083,10.136190772189813,17.26475570199826,7.128564929808449,7.045716666666667,3.024371114991716,20.581057521945954
Mouse_394,0.5,155.0083,9.906865895983739,17.26475570199826,7.357889806014524,7.045716666666667,3.091058796702736,22.00035955651542
Mouse_394,0.5,165.0083,9.785060506126017,17.26475570199826,7.479695195872244,7.045716666666667,3.1535759084957853,23.41966159108489
Mouse_394,0.5,175.0083,9.620299487587427,17.26475570199826,7.644456214410834,7.045716666666667,3.2124135342003,24.838963625654355
Mouse_394,0.5,185.0083,9.526697944705074,17.26475570199826,7.738057757293189,7.045716666666667,3.2679808217668485,26.25826566022382
Mouse_394,0.5,195.0083,9.33660768562573,17.26475570199826,7.92814801637253,7.045716666666667,3.3206222545905417,27.677567694793286
Mouse_394,0.5,205.0087,9.235485219902706,17.26475570199826,8.029270482095555,7.045716666666667,3.370632550092345,29.096926501444138
Mouse_394,0.5,215.0087,9.060994168656013,17.26475570199826,8.203761533342249,7.045716666666667,3.4182586252553078,30.516228536013603
Mouse_394,0.5,225.0087,8.88143479416955,17.26475570199826,8.383320907828711,7.045716666666667,3.4637192009536073,31.935530570583072
Mouse_394,0.5,235.0087,8.778378837837579,17.26475570199826,8.486376864160682,7.045716666666667,3.507202667565541,33.35483260515254
Mouse_394,0.5,245.0087,8.61476427252222,17.26475570199826,8.64999142947604,7.045716666666667,3.548873852948393,34.77413463972201
Mouse_394,1.0,0.5083,-1.5307448146177638,17.617484599517294,19.14822941413506,8.063279166666666,2.7640037728086204,0.06303886911187395
Mouse_394,1.0,1.0083,-3.9602514115630427,17.617484599517294,21.577736011080336,8.063279166666666,2.0790545738623076,0.1250483803374041
Mouse_394,1.0,1.5083,2.2231187201458633,17.617484599517294,15.394365879371431,8.063279166666666,1.6763371294872709,0.18705789156293423
Mouse_394,1.0,2.0083,1.959965523987555,17.617484599517294,15.657519075529738,8.063279166666666,1.3900317252188448,0.24906740278846443
Mouse_394,1.0,2.5083,7.6181443314635375,17.617484599517294,9.999340268053757,8.063279166666666,1.1677150854373555,0.31107691401399457
Mouse_394,1.0,2.7583,4.314274861796733,17.617484599517294,13.303209737720561,8.063279166666666,1.0727057703494876,0.3420816696267596
Mouse_394,1.0,3.0083,4.916029440945155,17.617484599517294,12.701455158572138,8.063279166666666,0.9859451831223026,0.37308642523952473
Mouse_394,1.0,3.2583,4.102060018858098,17.617484599517294,13.515424580659195,8.063279166666666,0.9061147313073772,0.4040911808522898
Mouse_394,1.0,3.5083,6.250666982887021,17.617484599517294,11.366817616630271,8.063279166666666,0.8321887286117898,0.43509593646505484
Mouse_394,1.0,3.7583,7.690409732430082,17.617484599517294,9.927074867087212,8.063279166666666,0.7633535907776401,0.46610069207781996
Mouse_394,1.0,4.0083,6.5290315179677885,17.617484599517294,11.088453081549506,8.063279166666666,0.6989531069985192,0.497105447690585
Mouse_394,1.0,4.5083,5.540840644380911,17.617484599517294,12.076643955136383,8.063279166666666,0.5814001759575803,0.5591149589161152
Mouse_394,1.0,5.0083,5.882535853952921,17.617484599517294,11.734948745564374,8.063279166666666,0.4762237821223704,0.6211244701416453
Mouse_394,1.0,5.5083,5.6796330299294215,17.617484599517294,11.937851569587872,8.063279166666666,0.38106427266522624,0.6831339813671755
Mouse_394,1.0,6.0083,5.687196118170443,17.617484599517294,11.93028848134685,8.063279166666666,0.2941784716420346,0.7451434925927056
Mouse_394,1.0,6.5083,5.810217806755253,17.617484599517294,11.807266792762041,8.063279166666666,0.2142420328737404,0.8071530038182357
Mouse_394,1.0,7.0083,5.865742964561784,17.617484599517294,11.75174163495551,8.063279166666666,0.14022515734231747,0.869162515043766
Mouse_394,1.0,7.5083,5.525666331095848,17.617484599517294,12.091818268421445,8.063279166666666,0.07131124297455671,0.9311720262692961
Mouse_394,1.0,8.0083,6.815335540175824,17.617484599517294,10.80214905934147,8.063279166666666,0.006841814430661618,0.9931815374948262
Mouse_394,1.0,8.5083,8.079657108920719,17.617484599517294,9.537827490596575,8.063279166666666,0.0537218393678871,1.0551910487203564
Mouse_394,1.0,9.0083,7.720580597452341,17.617484599517294,9.896904002064954,8.063279166666666,0.11082605629345517,1.1172005599458865
Mouse_394,1.0,9.5083,8.707654566639578,17.617484599517294,8.909830032877714,8.063279166666666,0.16484478309778716,1.1792100711714166
Mouse_394,1.0,10.0083,9.701670593459689,17.617484599517294,7.915814006057607,8.063279166666666,0.21609443045518248,1.2412195823969467
Mouse_394,1.0,11.0083,10.807816697551841,17.617484599517294,6.809667901965451,8.063279166666666,0.31132921544727066,1.3652386048480072
Mouse_394,1.0,12.0083,10.929893741592053,17.617484599517294,6.68759085792524,8.063279166666666,0.39827775908417906,1.4892576272990674
Mouse_394,1.0,13.0083,11.783080445595454,17.617484599517294,5.83440415392184,8.063279166666666,0.4782672969908011,1.6132766497501276
Mouse_394,1.0,14.0083,11.895044708172524,17.617484599517294,5.72243989134477,8.063279166666666,0.5523296928084078,1.737295672201188
Mouse_394,1.0,15.0083,11.974843382555921,17.617484599517294,5.642641216961372,8.063279166666666,0.6212830631237636,1.8613146946522483
Mouse_394,1.0,16.0083,12.11352655634095,17.617484599517294,5.503958043176343,8.063279166666666,0.6857870194561736,1.9853337171033083
Mouse_394,1.0,17.0083,12.134109468423322,17.617484599517294,5.483375131093974,8.063279166666666,0.7463811419229222,2.1093527395543687
Mouse_394,1.0,18.0083,12.182540852382841,17.617484599517294,5.434943747134453,8.063279166666666,0.8035124444488767,2.233371762005429
Mouse_394,1.0,19.0083,12.290941772110495,17.617484599517294,5.326542827406799,8.063279166666666,0.8575554076046293,2.357390784456489
Mouse_394,1.0,20.0084,12.376903952230222,17.617484599517294,5.240580647287073,8.063279166666666,0.9088318670993389,2.481422208809795
Mouse_394,1.0,22.0084,12.315935733157373,17.617484599517294,5.301548866359921,8.063279166666666,1.004103880386781,2.7294602537119155
Mouse_394,1.0,24.0084,12.103379848967753,17.617484599517294,5.51410475054954,8.063279166666666,1.0910834508328933,2.9774982986140364
Mouse_394,1.0,26.0084,12.185951855189023,17.617484599517294,5.431532744328271,8.063279166666666,1.1710992444871078,3.225536343516157
Mouse_394,1.0,28.0084,12.008446990113697,17.617484599517294,5.609037609403597,8.063279166666666,1.2451841469048617,3.4735743884182773
Mouse_394,1.0,30.0084,11.903928876458087,17.617484599517294,5.7135557230592084,8.063279166666666,1.314157024190131,3.721612433320398
Mouse_394,1.0,32.0084,11.84973468345945,17.617484599517294,5.767749916057844,8.063279166666666,1.3786780500732894,3.9696504782225186
Mouse_394,1.0,34.0084,11.942914562797842,17.617484599517294,5.674570036719453,8.063279166666666,1.4392872346463452,4.2176885231246395
Mouse_394,1.0,36.0084,11.618354763678266,17.617484599517294,5.999129835839026,8.063279166666666,1.4964319262921146,4.46572656802676
Mouse_394,1.0,38.0084,11.887368687802518,17.617484599517294,5.730115911714776,8.063279166666666,1.5504868696500915,4.71376461292888
Mouse_394,1.0,40.0084,11.853506716391436,17.617484599517294,5.763977883125858,8.063279166666666,1.6017691137876826,4.961802657831001
Mouse_394,1.0,45.0084,11.752364115523449,17.617484599517294,5.865120483993844,8.063279166666666,1.7195288207375918,5.581897770086303
Mouse_394,1.0,48.0084,11.71349674258373,17.617484599517294,5.903987856933563,8.063279166666666,1.7840556773178369,5.9539548374394835
Mouse_394,1.0,51.0084,11.740756874218174,17.617484599517294,5.876727725299121,8.063279166666666,1.8446700067648139,6.326011904792664
Mouse_394,1.0,54.0084,11.650800709229344,17.617484599517294,5.96668389028795,8.063279166666666,1.9018192717429787,6.698068972145845
Mouse_394,1.0,57.0084,11.743005019457124,17.617484599517294,5.87447958006017,8.063279166666666,1.9558783071186034,7.070126039499026
Mouse_394,1.0,65.0084,11.756773566355145,17.617484599517294,5.860711033162151,8.063279166666666,2.087196174035951,8.062278219107508
Mouse_394,1.0,70.0084,11.737012375947147,17.617484599517294,5.880472223570146,8.063279166666666,2.161294916570595,8.68237333136281
Mouse_394,1.0,75.0084,11.67067806605363,17.617484599517294,5.946806533463663,8.063279166666666,2.230279788985438,9.30246844361811
Mouse_394,1.0,80.0084,11.584053749683541,17.617484599517294,6.0334308498337546,8.063279166666666,2.294811310882427,9.922563555873412
Mouse_394,1.0,85.0084,11.506794750991396,17.617484599517294,6.110689848525896,8.063279166666666,2.3554297568576645,10.542658668128713
Mouse_394,1.0,90.0084,11.492522651538035,17.617484599517294,6.124961947979259,8.063279166666666,2.4125826810289737,11.162753780384016
Mouse_394,1.0,95.0084,11.277588804373341,17.617484599517294,6.339895795143954,8.063279166666666,2.4666449904649212,11.782848892639317
Mouse_394,1.0,100.0084,11.33238362267311,17.617484599517294,6.285100976844184,8.063279166666666,2.5179338641809488,12.402944004894618
Mouse_394,1.0,105.0083,11.311860148356585,17.617484599517294,6.305624451160709,8.063279166666666,2.5667190763731322,13.023026715247676
Mouse_394,1.0,110.0083,11.180010998819101,17.617484599517294,6.437473600698193,8.063279166666666,2.6132354992119793,13.643121827502977
Mouse_394,1.0,115.0083,11.220709346553791,17.617484599517294,6.396775252963502,8.063279166666666,2.657683981392542,14.263216939758278
Mouse_394,1.0,125.0083,10.93790376667246,17.617484599517294,6.679580832844834,8.063279166666666,2.7410598168185785,15.503407164268882
Mouse_394,1.0,135.0083,10.899397031856633,17.617484599517294,6.71808756766066,8.063279166666666,2.8180159397506617,16.743597388779484
Mouse_394,1.0,145.0083,10.732473476400044,17.617484599517294,6.88501112311725,8.063279166666666,2.889470663882319,17.983787613290087
Mouse_394,1.0,155.0083,10.527161262589601,17.617484599517294,7.090323336927693,8.063279166666666,2.9561583455933396,19.22397783780069
Mouse_394,1.0,165.0083,10.415628296243796,17.617484599517294,7.201856303273498,8.063279166666666,3.0186754573863883,20.46416806231129
Mouse_394,1.0,175.0083,10.265351768159672,17.617484599517294,7.352132831357622,8.063279166666666,3.077513083090903,21.704358286821893
Mouse_394,1.0,185.0083,10.179364511324241,17.617484599517294,7.4381200881930525,8.063279166666666,3.1330803706574515,22.9445485113325
Mouse_394,1.0,195.0083,10.014105496927675,17.617484599517294,7.603379102589619,8.063279166666666,3.1857218034811448,24.1847387358431
Mouse_394,1.0,205.0087,9.912115009272213,17.617484599517294,7.705369590245082,8.063279166666666,3.235732098982948,25.424978567962686
Mouse_394,1.0,215.0087,9.764772850654891,17.617484599517294,7.8527117488624025,8.063279166666666,3.283358174145911,26.66516879247329
Mouse_394,1.0,225.0087,9.608305331363407,17.617484599517294,8.009179268153886,8.063279166666666,3.3288187498442103,27.90535901698389
Mouse_394,1.0,235.0087,9.509647848715161,17.617484599517294,8.10783675080213,8.063279166666666,3.372302216456144,29.145549241494496
Mouse_394,1.0,245.0087,9.368860696462246,17.617484599517294,8.248623903055048,8.063279166666666,3.4139734018389962,30.3857394660051
Mouse_394,2.5,0.5083,-1.6921101904385347,17.19001430515336,18.882124495591896,8.34075,2.7978365949142043,0.060941761831969546
Mouse_394,2.5,1.0083,-4.331416742761525,17.19001430515336,21.52143104791488,8.34075,2.1128873959678915,0.12088840931570902
Mouse_394,2.5,1.5083,3.4196854119961766,17.19001430515336,13.770328893157183,8.34075,1.7101699515928543,0.1808350567994485
Mouse_394,2.5,2.0083,4.217485058784295,17.19001430515336,12.972529246369064,8.34075,1.4238645473244285,0.240781704283188
Mouse_394,2.5,2.5083,7.865127661638984,17.19001430515336,9.324886643514375,8.34075,1.201547907542939,0.30072835176692747
Mouse_394,2.5,2.7583,5.7416302948788704,17.19001430515336,11.448384010274488,8.34075,1.1065385924550712,0.3307016755087972
Mouse_394,2.5,3.0083,6.667585283377576,17.19001430515336,10.522429021775782,8.34075,1.0197780052278862,0.36067499925066693
Mouse_394,2.5,3.2583,6.2150435741729115,17.19001430515336,10.97497073098045,8.34075,0.939947553412961,0.39064832299253666
Mouse_394,2.5,3.5083,7.652905980613392,17.19001430515336,9.537108324539968,8.34075,0.8660215507173735,0.4206216467344064
Mouse_394,2.5,3.7583,8.577669265665307,17.19001430515336,8.612345039488051,8.34075,0.7971864128832238,0.45059497047627617
Mouse_394,2.5,4.0083,7.568221136471935,17.19001430515336,9.621793168681425,8.34075,0.7327859291041029,0.4805682942181459
Mouse_394,2.5,4.5083,6.655250100335397,17.19001430515336,10.534764204817963,8.34075,0.6152329980631641,0.5405149417018853
Mouse_394,2.5,5.0083,7.0890093935814775,17.19001430515336,10.10100491157188,8.34075,0.510056604227954,0.6004615891856249
Mouse_394,2.5,5.5083,6.514057054383067,17.19001430515336,10.67595725077029,8.34075,0.41489709477080994,0.6604082366693643
Mouse_394,2.5,6.0083,6.6673994247029995,17.19001430515336,10.522614880450359,8.34075,0.3280112937476183,0.7203548841531038
Mouse_394,2.5,6.5083,6.504370014210876,17.19001430515336,10.685644290942482,8.34075,0.24807485497932408,0.7803015316368432
Mouse_394,2.5,7.0083,6.930862159142111,17.19001430515336,10.259152146011248,8.34075,0.17405797944790125,0.8402481791205827
Mouse_394,2.5,7.5083,6.772433825162493,17.19001430515336,10.417580479990866,8.34075,0.10514406508014044,0.9001948266043222
Mouse_394,2.5,8.0083,7.760057915006043,17.19001430515336,9.429956390147314,8.34075,0.04067463653624533,0.9601414740880616
Mouse_394,2.5,8.5083,9.50579596748921,17.19001430515336,7.6842183376641495,8.34075,0.01988901726230342,1.0200881215718012
Mouse_394,2.5,9.0083,8.895797016230024,17.19001430515336,8.294217288923337,8.34075,0.0769932341878714,1.0800347690555405
Mouse_394,2.5,9.5083,9.900469305405906,17.19001430515336,7.289544999747454,8.34075,0.1310119609922035,1.13998141653928
Mouse_394,2.5,10.0083,11.029612130325777,17.19001430515336,6.160402174827581,8.34075,0.18226160834959892,1.1999280640230197
Mouse_394,2.5,11.0083,12.187663246291688,17.19001430515336,5.00235105886167,8.34075,0.27749639334168696,1.3198213589904986
Mouse_394,2.5,12.0083,11.811536161223,17.19001430515336,5.378478143930361,8.34075,0.3644449369785954,1.4397146539579775
Mouse_394,2.5,13.0083,12.738694153625868,17.19001430515336,4.451320151527491,8.34075,0.4444344748852175,1.5596079489254564
Mouse_394,2.5,14.0083,12.897584829608693,17.19001430515336,4.292429475544665,8.34075,0.518496870702824,1.6795012438929353
Mouse_394,2.5,15.0083,12.695330181933599,17.19001430515336,4.494684123219757,8.34075,0.5874502410181799,1.7993945388604142
Mouse_394,2.5,16.0083,12.89703453966354,17.19001430515336,4.29297976548982,8.34075,0.6519541973505899,1.919287833827893
Mouse_394,2.5,17.0083,12.90250107046526,17.19001430515336,4.287513234688099,8.34075,0.7125483198173383,2.039181128795372
Mouse_394,2.5,18.0083,13.123496281929391,17.19001430515336,4.066518023223969,8.34075,0.7696796223432931,2.159074423762851
Mouse_394,2.5,19.0083,13.241782899903534,17.19001430515336,3.9482314052498255,8.34075,0.8237225854990456,2.2789677187303297
Mouse_394,2.5,20.0084,13.32499609155124,17.19001430515336,3.865018213602119,8.34075,0.8749990449937554,2.398873003027306
Mouse_394,2.5,22.0084,13.201453878811465,17.19001430515336,3.988560426341894,8.34075,0.9702710582811973,2.638659592962264
Mouse_394,2.5,24.0084,13.248105983050422,17.19001430515336,3.941908322102936,8.34075,1.0572506287273096,2.8784461828972217
Mouse_394,2.5,26.0084,13.323678676661057,17.19001430515336,3.8663356284923025,8.34075,1.1372664223815239,3.1182327728321795
Mouse_394,2.5,28.0084,13.296366608339802,17.19001430515336,3.8936476968135567,8.34075,1.211351324799278,3.3580193627671373
Mouse_394,2.5,30.0084,13.270605239298808,17.19001430515336,3.9194090658545506,8.34075,1.2803242020845473,3.5978059527020956
Mouse_394,2.5,32.0084,13.249269780469236,17.19001430515336,3.9407445246841233,8.34075,1.3448452279677057,3.8375925426370534
Mouse_394,2.5,34.0084,13.284260884885569,17.19001430515336,3.905753420267791,8.34075,1.4054544125407613,4.077379132572011
Mouse_394,2.5,36.0084,13.08418966810705,17.19001430515336,4.105824637046309,8.34075,1.462599104186531,4.317165722506969
Mouse_394,2.5,38.0084,13.274044185189506,17.19001430515336,3.915970119963854,8.34075,1.5166540475445078,4.556952312441927
Mouse_394,2.5,40.0084,13.303224212386466,17.19001430515336,3.8867900927668932,8.34075,1.567936291682099,4.796738902376885
Mouse_394,2.5,45.0084,13.257358055499028,17.19001430515336,3.9326562496543325,8.34075,1.6856959986320081,5.3962053772142795
Mouse_394,2.5,48.0084,13.207364847098606,17.19001430515336,3.9826494580547536,8.34075,1.7502228552122532,5.755885262116716
Mouse_394,2.5,51.0084,13.25645095384821,17.19001430515336,3.93356335130515,8.34075,1.8108371846592302,6.115565147019153
Mouse_394,2.5,54.0084,13.209594641749657,17.19001430515336,3.980419663403702,8.34075,1.867986449637395,6.47524503192159
Mouse_394,2.5,57.0084,13.203703172766115,17.19001430515336,3.986311132387244,8.34075,1.9220454850130197,6.8349249168240265
Mouse_394,2.5,65.0084,13.13891739956961,17.19001430515336,4.051096905583748,8.34075,2.053363351930367,7.794071276563858
Mouse_394,2.5,70.0084,13.045654207758204,17.19001430515336,4.144360097395154,8.34075,2.127462094465011,8.393537751401253
Mouse_394,2.5,75.0084,13.045626928228401,17.19001430515336,4.144387376924957,8.34075,2.1964469668798547,8.993004226238646
Mouse_394,2.5,80.0084,12.921399459820925,17.19001430515336,4.268614845332435,8.34075,2.2609784887768436,9.592470701076042
Mouse_394,2.5,85.0084,12.85271514687943,17.19001430515336,4.33729915827393,8.34075,2.321596934752081,10.191937175913436
Mouse_394,2.5,90.0084,12.798512642580953,17.19001430515336,4.391501662572404,8.34075,2.3787498589233897,10.791403650750832
Mouse_394,2.5,95.0084,12.652884346821363,17.19001430515336,4.537129958331999,8.34075,2.4328121683593373,11.390870125588226
Mouse_394,2.5,100.0084,12.628591043511545,17.19001430515336,4.5614232616418136,8.34075,2.484101042075365,11.990336600425621
Mouse_394,2.5,105.0083,12.57016720567555,17.19001430515336,4.619847099477811,8.34075,2.5328862542675488,12.58979108593352
Mouse_394,2.5,110.0083,12.478377968958924,17.19001430515336,4.711636336194435,8.34075,2.579402677106396,13.189257560770915
Mouse_394,2.5,115.0083,12.456265955775734,17.19001430515336,4.733748349377626,8.34075,2.623851159286958,13.78872403560831
Mouse_394,2.5,125.0083,12.189193404460433,17.19001430515336,5.000820900692926,8.34075,2.707226994712995,14.987656985283099
Mouse_394,2.5,135.0083,12.118217477866406,17.19001430515336,5.071796827286956,8.34075,2.784183117645078,16.186589934957887
Mouse_394,2.5,145.0083,11.956226840069224,17.19001430515336,5.233787465084136,8.34075,2.855637841776735,17.385522884632675
Mouse_394,2.5,155.0083,11.745319546650602,17.19001430515336,5.444694758502758,8.34075,2.9223255234877556,18.584455834307466
Mouse_394,2.5,165.0083,11.628402434330752,17.19001430515336,5.561611870822607,8.34075,2.9848426352808044,19.783388783982254
Mouse_394,2.5,175.0083,11.486888760645877,17.19001430515336,5.703125544507482,8.34075,3.0436802609853193,20.982321733657045
Mouse_394,2.5,185.0083,11.339672386665601,17.19001430515336,5.850341918487759,8.34075,3.0992475485518676,22.181254683331833
Mouse_394,2.5,195.0083,11.197318852250412,17.19001430515336,5.992695452902948,8.34075,3.1518889813755613,23.380187633006624
Mouse_394,2.5,205.0087,11.083974988400332,17.19001430515336,6.106039316753028,8.34075,3.2018992768773646,24.5791685399994
Mouse_394,2.5,215.0087,10.917902657448455,17.19001430515336,6.2721116477049055,8.34075,3.2495253520403273,25.778101489674192
Mouse_394,2.5,225.0087,10.772746556506299,17.19001430515336,6.41726774864706,8.34075,3.2949859277386264,26.97703443934898
Mouse_394,2.5,235.0087,10.678135206088712,17.19001430515336,6.511879099064647,8.34075,3.33846939435056,28.17596738902377
Mouse_394,2.5,245.0087,10.541625440085003,17.19001430515336,6.648388865068356,8.34075,3.3801405797334123,29.37490033869856
Mouse_401,0.05,0.5083,-0.5277738186385621,10.017203292811864,10.544977111450425,5.431516666666667,2.3689018619362936,0.09358343740698576
Mouse_401,0.05,1.0083,-6.262051176989079,10.017203292811864,16.279254469800943,5.431516666666667,1.683952662989981,0.18563875651674944
Mouse_401,0.05,1.5083,0.7046913224607967,10.017203292811864,9.312511970351066,5.431516666666667,1.2812352186149438,0.27769407562651316
Mouse_401,0.05,2.0083,5.548924360748028,10.017203292811864,4.468278932063834,5.431516666666667,0.994929814346518,0.3697493947362769
Mouse_401,0.05,2.5083,2.651121522352493,10.017203292811864,7.366081770459369,5.431516666666667,0.7726131745650285,0.46180471384604055
Mouse_401,0.05,2.7583,2.0033727497576033,10.017203292811864,8.013830543054258,5.431516666666667,0.6776038594771608,0.5078323734009224
Mouse_401,0.05,3.0083,5.011348114970982,10.017203292811864,5.005855177840882,5.431516666666667,0.5908432722499758,0.5538600329558042
Mouse_401,0.05,3.2583,3.474670025585153,10.017203292811864,6.54253326722671,5.431516666666667,0.5110128204350504,0.5998876925106861
Mouse_401,0.05,3.5083,3.16575173736942,10.017203292811864,6.851451555442443,5.431516666666667,0.437086817739463,0.6459153520655679
Mouse_401,0.05,3.7583,2.7366796808487455,10.017203292811864,7.280523611963117,5.431516666666667,0.3682516799053133,0.6919430116204498
Mouse_401,0.05,4.0083,2.9951398097910658,10.017203292811864,7.022063483020797,5.431516666666667,0.3038511961261924,0.7379706711753317
Mouse_401,0.05,4.5083,2.5858542803735083,10.017203292811864,7.431349012438354,5.431516666666667,0.18629826508525354,0.8300259902850953
Mouse_401,0.05,5.0083,2.5076337375066986,10.017203292811864,7.5095695553051645,5.431516666666667,0.08112187125004354,0.922081309394859
Mouse_401,0.05,5.5083,2.294949540493196,10.017203292811864,7.722253752318667,5.431516666666667,0.014037638207100534,1.0141366285046227
Mouse_401,0.05,6.0083,1.9360988412450313,10.017203292811864,8.08110445156683,5.431516666666667,0.10092343923029229,1.1061919476143864
Mouse_401,0.05,6.5083,1.9530465915256714,10.017203292811864,8.06415670128619,5.431516666666667,0.18085987799858652,1.1982472667241502
Mouse_401,0.05,7.0083,1.4755119474937002,10.017203292811864,8.541691345318162,5.431516666666667,0.2548767535300092,1.2903025858339137
Mouse_401,0.05,7.5083,1.0369478576112408,10.017203292811864,8.980255435200622,5.431516666666667,0.32379066789777006,1.3823579049436774
Mouse_401,0.05,8.0083,1.3665960032852877,10.017203292811864,8.650607289526574,5.431516666666667,0.3882600964416652,1.474413224053441
Mouse_401,0.05,8.5083,1.252153445178376,10.017203292811864,8.765049847633486,5.431516666666667,0.44882375024021387,1.5664685431632048
Mouse_401,0.05,9.0083,1.796015909475613,10.017203292811864,8.22118738333625,5.431516666666667,0.505927967165782,1.6585238622729686
Mouse_401,0.05,9.5083,1.0259596355079512,10.017203292811864,8.991243657303912,5.431516666666667,0.5599466939701141,1.7505791813827323
Mouse_401,0.05,10.0083,1.1719476063161467,10.017203292811864,8.845255686495715,5.431516666666667,0.6111963413275093,1.8426345004924958
Mouse_401,0.05,11.0083,1.796757291078603,10.017203292811864,8.22044600173326,5.431516666666667,0.7064311263195974,2.026745138712023
Mouse_401,0.05,12.0083,1.7544798388017384,10.017203292811864,8.262723454010123,5.431516666666667,0.7933796699565059,2.2108557769315507
Mouse_401,0.05,13.0083,2.13913700869126,10.017203292811864,7.878066284120603,5.431516666666667,0.873369207863128,2.394966415151078
Mouse_401,0.05,14.0083,2.453469544258345,10.017203292811864,7.563733748553517,5.431516666666667,0.9474316036807346,2.5790770533706056
Mouse_401,0.05,15.0083,2.2961733764539622,10.017203292811864,7.7210299163579,5.431516666666667,1.0163849739960904,2.7631876915901326
Mouse_401,0.05,16.0083,2.7886825630553282,10.017203292811864,7.228520729756534,5.431516666666667,1.0808889303285005,2.94729832980966
Mouse_401,0.05,17.0083,2.6906307487236063,10.017203292811864,7.326572544088258,5.431516666666667,1.1414830527952489,3.131408968029187
Mouse_401,0.05,18.0083,2.704188163957331,10.017203292811864,7.3130151288545315,5.431516666666667,1.1986143553212036,3.3155196062487144
Mouse_401,0.05,19.0083,2.4554354495265938,10.017203292811864,7.561767843285269,5.431516666666667,1.2526573184769563,3.499630244468242
Mouse_401,0.05,20.0084,2.8683346636321794,10.017203292811864,7.148868629179683,5.431516666666667,1.3039337779716658,3.6837592937515917
Mouse_401,0.05,22.0084,2.8885077989198145,10.017203292811864,7.128695493892048,5.431516666666667,1.3992057912591078,4.051980570190647
Mouse_401,0.05,24.0084,3.00266789081435,10.017203292811864,7.014535401997513,5.431516666666667,1.48618536170522,4.420201846629701
Mouse_401,0.05,26.0084,2.880827732548766,10.017203292811864,7.1363755602630965,5.431516666666667,1.5662011553594344,4.788423123068756
Mouse_401,0.05,28.0084,2.9120852045104235,10.017203292811864,7.105118088301439,5.431516666666667,1.6402860577771885,5.156644399507811
Mouse_401,0.05,30.0084,2.917474397613566,10.017203292811864,7.099728895198297,5.431516666666667,1.7092589350624579,5.524865675946866
Mouse_401,0.05,32.0084,2.8768255053999074,10.017203292811864,7.140377787411955,5.431516666666667,1.7737799609456162,5.893086952385921
Mouse_401,0.05,34.0084,2.949030882147211,10.017203292811864,7.068172410664651,5.431516666666667,1.834389145518672,6.2613082288249755
Mouse_401,0.05,36.0084,3.0430171515912323,10.017203292811864,6.97418614122063,5.431516666666667,1.8915338371644415,6.6295295052640295
Mouse_401,0.05,38.0084,2.9674126973520787,10.017203292811864,7.049790595459784,5.431516666666667,1.9455887805224181,6.997750781703084
Mouse_401,0.05,40.0084,2.9513271084138446,10.017203292811864,7.065876184398018,5.431516666666667,1.9968710246600094,7.365972058142139
Mouse_401,0.05,45.0084,3.0118421224503384,10.017203292811864,7.005361170361525,5.431516666666667,2.1146307316099184,8.286525249239777
Mouse_401,0.05,48.0084,2.9782453382020124,10.017203292811864,7.038957954609851,5.431516666666667,2.1791575881901637,8.838857163898359
Mouse_401,0.05,51.0084,2.9646469953571923,10.017203292811864,7.052556297454672,5.431516666666667,2.2397719176371407,9.391189078556941
Mouse_401,0.05,54.0084,2.9082123690964288,10.017203292811864,7.108990923715433,5.431516666666667,2.2969211826153058,9.943520993215524
Mouse_401,0.05,57.0084,2.8095464742126772,10.017203292811864,7.207656818599185,5.431516666666667,2.35098021799093,10.495852907874104
Mouse_401,0.05,65.0084,2.759077101002003,10.017203292811864,7.258126191809859,5.431516666666667,2.482298084908278,11.968738013630322
Mouse_401,0.05,70.0084,2.6481320225507052,10.017203292811864,7.369071270261157,5.431516666666667,2.556396827442921,12.889291204727959
Mouse_401,0.05,75.0084,2.6894306092516573,10.017203292811864,7.327772683560205,5.431516666666667,2.625381699857765,13.809844395825596
Mouse_401,0.05,80.0084,2.6434281927638805,10.017203292811864,7.3737751000479825,5.431516666666667,2.689913221754754,14.730397586923234
Mouse_401,0.05,85.0084,2.616370707456629,10.017203292811864,7.400832585355234,5.431516666666667,2.7505316677299914,15.65095077802087
Mouse_401,0.05,90.0084,2.6165464982789874,10.017203292811864,7.400656794532875,5.431516666666667,2.8076845919013005,16.571503969118506
Mouse_401,0.05,95.0084,2.640438816339809,10.017203292811864,7.3767644764720535,5.431516666666667,2.861746901337248,17.492057160216145
Mouse_401,0.05,100.0084,2.5579758193666877,10.017203292811864,7.459227473445175,5.431516666666667,2.9130357750532756,18.41261035131378
Mouse_401,0.05,105.0083,2.4949069585447448,10.017203292811864,7.522296334267119,5.431516666666667,2.961820987245459,19.333145131347596
Mouse_401,0.05,110.0083,2.511893958397455,10.017203292811864,7.505309334414408,5.431516666666667,3.0083374100843066,20.253698322445235
Mouse_401,0.05,115.0083,2.493762514973538,10.017203292811864,7.523440777838326,5.431516666666667,3.0527858922648687,21.17425151354287
Mouse_401,0.05,125.0083,2.5326905850716943,10.017203292811864,7.484512707740167,5.431516666666667,3.1361617276909053,23.015357895738145
Mouse_401,0.05,135.0083,2.517200674399345,10.017203292811864,7.500002618412516,5.431516666666667,3.2131178506229885,24.856464277933416
Mouse_401,0.05,145.0083,2.5294406295095726,10.017203292811864,7.48776266330229,5.431516666666667,3.284572574754646,26.69757066012869
Mouse_401,0.05,155.0083,2.570203574780993,10.017203292811864,7.4469997180308685,5.431516666666667,3.3512602564656664,28.538677042323965
Mouse_401,0.05,165.0083,2.5344200501114305,10.017203292811864,7.482783242700432,5.431516666666667,3.413777368258715,30.37978342451924
Mouse_401,0.05,175.0083,2.495022731840763,10.017203292811864,7.522180560971099,5.431516666666667,3.47261499396323,32.22088980671451
Mouse_401,0.05,185.0083,2.533613769513097,10.017203292811864,7.4835895232987655,5.431516666666667,3.5281822815297783,34.06199618890979
Mouse_401,0.05,195.0083,2.581435242301035,10.017203292811864,7.435768050510829,5.431516666666667,3.5808237143534716,35.90310257110506
Mouse_401,0.05,205.0087,2.5751446128754543,10.017203292811864,7.442058679936409,5.431516666666667,3.630834009855275,37.744282597555625
Mouse_401,0.05,215.0087,2.5877656314397237,10.017203292811864,7.429437661372139,5.431516666666667,3.6784600850182376,39.585388979750896
Mouse_401,0.05,225.0087,2.639215106621595,10.017203292811864,7.377988186190267,5.431516666666667,3.723920660716537,41.42649536194617
Mouse_401,0.05,235.0087,2.6649830293685444,10.017203292811864,7.352220263443318,5.431516666666667,3.767404127328471,43.267601744141444
Mouse_401,0.05,245.0087,2.6883842878228688,10.017203292811864,7.328819004988993,5.431516666666667,3.8090753127113226,45.108708126336715
Mouse_401,0.1,0.5083,-1.9696524477288548,17.835361587757284,19.80501403548614,7.382033333333334,2.675732574615017,0.06885636748682611
Mouse_401,0.1,1.0083,-10.723518378578412,17.835361587757284,28.558879966335695,7.382033333333334,1.9907833756687037,0.13658838350770564
Mouse_401,0.1,1.5083,0.8369893940719306,17.835361587757284,16.998372193685352,7.382033333333334,1.588065931293667,0.20432039952858513
Mouse_401,0.1,2.0083,10.954744437455906,17.835361587757284,6.880617150301376,7.382033333333334,1.301760527025241,0.2720524155494647
Mouse_401,0.1,2.5083,6.130751487233379,17.835361587757284,11.704610100523904,7.382033333333334,1.0794438872437515,0.3397844315703442
Mouse_401,0.1,2.7583,2.317188774962189,17.835361587757284,15.518172812795093,7.382033333333334,0.9844345721558837,0.373650439580784
Mouse_401,0.1,3.0083,5.880094106154611,17.835361587757284,11.955267481602672,7.382033333333334,0.8976739849286987,0.40751644759122374
Mouse_401,0.1,3.2583,5.155204689721332,17.835361587757284,12.68015689803595,7.382033333333334,0.8178435331137733,0.4413824556016635
Mouse_401,0.1,3.5083,5.347603751321522,17.835361587757284,12.487757836435762,7.382033333333334,0.743917530418186,0.4752484636121032
Mouse_401,0.1,3.7583,5.254047086166522,17.835361587757284,12.58131450159076,7.382033333333334,0.6750823925840364,0.509114471622543
Mouse_401,0.1,4.0083,6.143049369187418,17.835361587757284,11.692312218569867,7.382033333333334,0.6106819088049154,0.5429804796329828
Mouse_401,0.1,4.5083,4.122122260146318,17.835361587757284,13.713239327610966,7.382033333333334,0.49312897776397635,0.6107124956538623
Mouse_401,0.1,5.0083,4.76207022188419,17.835361587757284,13.073291365873093,7.382033333333334,0.3879525839287666,0.6784445116747417
Mouse_401,0.1,5.5083,4.061256421022009,17.835361587757284,13.774105166735271,7.382033333333334,0.2927930744716225,0.7461765276956213
Mouse_401,0.1,6.0083,2.996532777776438,17.835361587757284,14.838828809980846,7.382033333333334,0.20590727344843077,0.8139085437165008
Mouse_401,0.1,6.5083,2.7144195057862586,17.835361587757284,15.120942081971023,7.382033333333334,0.12597083468013653,0.8816405597373803
Mouse_401,0.1,7.0083,1.6120397240526894,17.835361587757284,16.223321863704594,7.382033333333334,0.05195395914871366,0.9493725757582598
Mouse_401,0.1,7.5083,0.8743028318592815,17.835361587757284,16.961058755898,7.382033333333334,0.01695995521904705,1.0171045917791393
Mouse_401,0.1,8.0083,0.9075999590358079,17.835361587757284,16.927761628721473,7.382033333333334,0.08142938376294229,1.084836607800019
Mouse_401,0.1,8.5083,1.382543386803552,17.835361587757284,16.45281820095373,7.382033333333334,0.14199303756149087,1.1525686238208983
Mouse_401,0.1,9.0083,2.4312095375729355,17.835361587757284,15.404152050184345,7.382033333333334,0.19909725448705906,1.220300639841778
Mouse_401,0.1,9.5083,2.4705709051538207,17.835361587757284,15.36479068260346,7.382033333333334,0.253115981291391,1.2880326558626574
Mouse_401,0.1,10.0083,2.9918849750226206,17.835361587757284,14.843476612734662,7.382033333333334,0.3043656286487864,1.355764671883537
Mouse_401,0.1,11.0083,4.094645290887443,17.835361587757284,13.74071629686984,7.382033333333334,0.3996004136408745,1.491228703925296
Mouse_401,0.1,12.0083,3.841227267271867,17.835361587757284,13.994134320485417,7.382033333333334,0.48654895727778297,1.626692735967055
Mouse_401,0.1,13.0083,5.212670099665059,17.835361587757284,12.622691488092224,7.382033333333334,0.5665384951844049,1.762156768008814
Mouse_401,0.1,14.0083,5.646468975415168,17.835361587757284,12.188892612342114,7.382033333333334,0.6406008910020116,1.897620800050573
Mouse_401,0.1,15.0083,5.595091141897008,17.835361587757284,12.240270445860274,7.382033333333334,0.7095542613173674,2.033084832092332
Mouse_401,0.1,16.0083,6.007436637724002,17.835361587757284,11.827924950033282,7.382033333333334,0.7740582176497776,2.168548864134091
Mouse_401,0.1,17.0083,5.911080561955472,17.835361587757284,11.924281025801813,7.382033333333334,0.8346523401165259,2.3040128961758497
Mouse_401,0.1,18.0083,5.990364494893408,17.835361587757284,11.844997092863876,7.382033333333334,0.8917836426424807,2.439476928217609
Mouse_401,0.1,19.0083,5.676812770837227,17.835361587757284,12.158548816920057,7.382033333333334,0.9458266057982332,2.574940960259368
Mouse_401,0.1,20.0084,6.099195370852576,17.835361587757284,11.736166216904708,7.382033333333334,0.9971030652929429,2.7104185387043316
Mouse_401,0.1,22.0084,6.1027449867297765,17.835361587757284,11.732616601027505,7.382033333333334,1.092375078580385,2.9813466027878497
Mouse_401,0.1,24.0084,6.193333721137742,17.835361587757284,11.64202786661954,7.382033333333334,1.1793546490264972,3.252274666871368
Mouse_401,0.1,26.0084,6.017659952874489,17.835361587757284,11.817701634882795,7.382033333333334,1.2593704426807115,3.523202730954886
Mouse_401,0.1,28.0084,5.987433657976562,17.835361587757284,11.84792792978072,7.382033333333334,1.3334553450984656,3.794130795038404
Mouse_401,0.1,30.0084,5.979025439477427,17.835361587757284,11.856336148279855,7.382033333333334,1.4024282223837348,4.065058859121922
Mouse_401,0.1,32.0084,5.947115978048027,17.835361587757284,11.888245609709255,7.382033333333334,1.4669492482668933,4.33598692320544
Mouse_401,0.1,34.0084,5.934163675700506,17.835361587757284,11.901197912056777,7.382033333333334,1.527558432839949,4.606914987288958
Mouse_401,0.1,36.0084,6.026300808944582,17.835361587757284,11.8090607788127,7.382033333333334,1.5847031244857186,4.877843051372476
Mouse_401,0.1,38.0084,5.965634566496213,17.835361587757284,11.86972702126107,7.382033333333334,1.6387580678436953,5.148771115455994
Mouse_401,0.1,40.0084,5.930493004551392,17.835361587757284,11.90486858320589,7.382033333333334,1.6900403119812866,5.419699179539513
Mouse_401,0.1,45.0084,5.874710307894408,17.835361587757284,11.960651279862875,7.382033333333334,1.8078000189311956,6.097019339748307
Mouse_401,0.1,48.0084,5.731615371602434,17.835361587757284,12.10374621615485,7.382033333333334,1.8723268755114406,6.503411435873584
Mouse_401,0.1,51.0084,5.731322988842369,17.835361587757284,12.104038598914913,7.382033333333334,1.9329412049584178,6.909803531998862
Mouse_401,0.1,54.0084,5.613836505818774,17.835361587757284,12.221525081938509,7.382033333333334,1.9900904699365827,7.316195628124139
Mouse_401,0.1,57.0084,5.47089290351804,17.835361587757284,12.364468684239242,7.382033333333334,2.044149505312207,7.722587724249416
Mouse_401,0.1,65.0084,5.337853120586062,17.835361587757284,12.49750846717122,7.382033333333334,2.175467372229555,8.806299980583487
Mouse_401,0.1,70.0084,5.162747122870211,17.835361587757284,12.67261446488707,7.382033333333334,2.2495661147641983,9.483620140792283
Mouse_401,0.1,75.0084,5.140363087002404,17.835361587757284,12.69499850075488,7.382033333333334,2.318550987179042,10.160940301001077
Mouse_401,0.1,80.0084,5.116964134420282,17.835361587757284,12.718397453337001,7.382033333333334,2.383082509076031,10.838260461209872
Mouse_401,0.1,85.0084,5.038383353463609,17.835361587757284,12.796978234293674,7.382033333333334,2.4437009550512685,11.515580621418668
Mouse_401,0.1,90.0084,5.077803535714142,17.835361587757284,12.757558052043143,7.382033333333334,2.500853879222577,12.192900781627463
Mouse_401,0.1,95.0084,5.090402779310345,17.835361587757284,12.744958808446938,7.382033333333334,2.554916188658525,12.870220941836259
Mouse_401,0.1,100.0084,5.043965779619042,17.835361587757284,12.791395808138242,7.382033333333334,2.6062050623745527,13.547541102045054
Mouse_401,0.1,105.0083,4.936076558758363,17.835361587757284,12.899285028998921,7.382033333333334,2.654990274566736,14.224847715850645
Mouse_401,0.1,110.0083,4.991085971732606,17.835361587757284,12.844275616024676,7.382033333333334,2.7015066974055832,14.90216787605944
Mouse_401,0.1,115.0083,5.005190756788574,17.835361587757284,12.83017083096871,7.382033333333334,2.7459551795861454,15.579488036268236
Mouse_401,0.1,125.0083,4.997874429291815,17.835361587757284,12.837487158465468,7.382033333333334,2.8293310150121824,16.934128356685825
Mouse_401,0.1,135.0083,5.063989513061731,17.835361587757284,12.77137207469555,7.382033333333334,2.9062871379442656,18.288768677103416
Mouse_401,0.1,145.0083,5.023811793632537,17.835361587757284,12.811549794124746,7.382033333333334,2.977741862075923,19.643408997521004
Mouse_401,0.1,155.0083,5.166162061869319,17.835361587757284,12.669199525887963,7.382033333333334,3.044429543786943,20.998049317938595
Mouse_401,0.1,165.0083,5.1556256358989225,17.835361587757284,12.67973595185836,7.382033333333334,3.1069466555799923,22.352689638356185
Mouse_401,0.1,175.0083,5.137030192628455,17.835361587757284,12.698331395128829,7.382033333333334,3.165784281284507,23.707329958773776
Mouse_401,0.1,185.0083,5.20959638735072,17.835361587757284,12.625765200406565,7.382033333333334,3.2213515688510554,25.061970279191367
Mouse_401,0.1,195.0083,5.317525329825959,17.835361587757284,12.517836257931323,7.382033333333334,3.2739930016747487,26.416610599608955
Mouse_401,0.1,205.0087,5.364657799686497,17.835361587757284,12.470703788070784,7.382033333333334,3.324003297176552,27.771305105639364
Mouse_401,0.1,215.0087,5.362642824370809,17.835361587757284,12.472718763386474,7.382033333333334,3.3716293723395148,29.125945426056955
Mouse_401,0.1,225.0087,5.4125091431122145,17.835361587757284,12.422852444645068,7.382033333333334,3.4170899480378143,30.480585746474546
Mouse_401,0.1,235.0087,5.517338547196243,17.835361587757284,12.31802304056104,7.382033333333334,3.460573414649748,31.835226066892137
Mouse_401,0.1,245.0087,5.515059470786737,17.835361587757284,12.320302116970545,7.382033333333334,3.5022446000325997,33.18986638730973
Mouse_401,0.25,0.5083,-2.6366219147015606,19.18980954916607,21.826431463867632,9.755283333333335,2.954492473116781,0.052105098604687705
Mouse_401,0.25,1.0083,-8.895847309116562,19.18980954916607,28.085656858282633,9.755283333333335,2.2695432741704678,0.10335937620127211
Mouse_401,0.25,1.5083,0.9617664790179017,19.18980954916607,18.22804307014817,9.755283333333335,1.866825829795431,0.15461365379785652
Mouse_401,0.25,2.0083,11.366239279623382,19.18980954916607,7.823570269542689,9.755283333333335,1.5805204255270051,0.20586793139444096
Mouse_401,0.25,2.5083,8.011739017740611,19.18980954916607,11.178070531425462,9.755283333333335,1.3582037857455156,0.25712220899102534
Mouse_401,0.25,2.7583,3.0995771099188785,19.18980954916607,16.090232439247192,9.755283333333335,1.263194470657648,0.28274934778931754
Mouse_401,0.25,3.0083,6.1277688278380475,19.18980954916607,13.062040721328025,9.755283333333335,1.1764338834304628,0.30837648658760974
Mouse_401,0.25,3.2583,6.818979599347912,19.18980954916607,12.370829949818159,9.755283333333335,1.0966034316155375,0.33400362538590195
Mouse_401,0.25,3.5083,6.865307270052792,19.18980954916607,12.324502279113279,9.755283333333335,1.02267742891995,0.35963076418419415
Mouse_401,0.25,3.7583,7.409047966884986,19.18980954916607,11.780761582281086,9.755283333333335,0.9538422910858004,0.38525790298248636
Mouse_401,0.25,4.0083,8.457430620651762,19.18980954916607,10.73237892851431,9.755283333333335,0.8894418073066795,0.41088504178077856
Mouse_401,0.25,4.5083,5.943060758772253,19.18980954916607,13.24674879039382,9.755283333333335,0.7718888762657405,0.46213931937736297
Mouse_401,0.25,5.0083,6.876672524236774,19.18980954916607,12.313137024929299,9.755283333333335,0.6667124824305306,0.5133935969739474
Mouse_401,0.25,5.5083,6.222518846754209,19.18980954916607,12.967290702411864,9.755283333333335,0.5715529729733866,0.5646478745705318
Mouse_401,0.25,6.0083,4.492665179873385,19.18980954916607,14.697144369292683,9.755283333333335,0.4846671719501949,0.6159021521671162
Mouse_401,0.25,6.5083,4.641358235782176,19.18980954916607,14.548451313383895,9.755283333333335,0.4047307331819006,0.6671564297637006
Mouse_401,0.25,7.0083,2.8974407839807585,19.18980954916607,16.292368765185312,9.755283333333335,0.3307138576504778,0.718410707360285
Mouse_401,0.25,7.5083,2.1010775482506183,19.18980954916607,17.088732000915453,9.755283333333335,0.261799943282717,0.7696649849568694
Mouse_401,0.25,8.0083,2.0393271857432187,19.18980954916607,17.150482363422853,9.755283333333335,0.19733051473882185,0.8209192625534538
Mouse_401,0.25,8.5083,2.4158170522632263,19.18980954916607,16.773992496902846,9.755283333333335,0.13676686094027318,0.8721735401500382
Mouse_401,0.25,9.0083,3.6046200297521143,19.18980954916607,15.585189519413955,9.755283333333335,0.07966264401470509,0.9234278177466226
Mouse_401,0.25,9.5083,3.8551304702740206,19.18980954916607,15.334679078892052,9.755283333333335,0.025643917210373065,0.974682095343207
Mouse_401,0.25,10.0083,4.435455065605513,19.18980954916607,14.754354483560558,9.755283333333335,0.025605730147022273,1.0259363729397915
Mouse_401,0.25,11.0083,5.771398920656013,19.18980954916607,13.418410628510058,9.755283333333335,0.12084051513911036,1.1284449281329603
Mouse_401,0.25,12.0083,5.4862431170718455,19.18980954916607,13.703566432094226,9.755283333333335,0.2077890587760188,1.230953483326129
Mouse_401,0.25,13.0083,7.7671714147645226,19.18980954916607,11.422638134401549,9.755283333333335,0.2877785966826409,1.333462038519298
Mouse_401,0.25,14.0083,8.411869507096092,19.18980954916607,10.77794004206998,9.755283333333335,0.36184099250024754,1.4359705937124667
Mouse_401,0.25,15.0083,8.788122790627721,19.18980954916607,10.40168675853835,9.755283333333335,0.43079436281560335,1.5384791489056355
Mouse_401,0.25,16.0083,9.117802896805713,19.18980954916607,10.072006652360358,9.755283333333335,0.49529831914801337,1.6409877040988041
Mouse_401,0.25,17.0083,9.089287028357106,19.18980954916607,10.100522520808966,9.755283333333335,0.5558924416147618,1.743496259291973
Mouse_401,0.25,18.0083,9.342837688573177,19.18980954916607,9.846971860592895,9.755283333333335,0.6130237441407165,1.8460048144851418
Mouse_401,0.25,19.0083,9.215854086685557,19.18980954916607,9.973955462480514,9.755283333333335,0.6670667072964691,1.9485133696783106
Mouse_401,0.25,20.0084,9.598857989031366,19.18980954916607,9.590951560134705,9.755283333333335,0.7183431667911787,2.051032175726999
Mouse_401,0.25,22.0084,9.695512604880726,19.18980954916607,9.494296944285345,9.755283333333335,0.8136151800786207,2.2560492861133365
Mouse_401,0.25,24.0084,9.787853415050037,19.18980954916607,9.401956134116034,9.755283333333335,0.900594750524733,2.461066396499674
Mouse_401,0.25,26.0084,9.664890382054931,19.18980954916607,9.524919167111142,9.755283333333335,0.9806105441789474,2.666083506886012
Mouse_401,0.25,28.0084,9.655261258437033,19.18980954916607,9.53454829072904,9.755283333333335,1.0546954465967013,2.8711006172723494
Mouse_401,0.25,30.0084,9.610260161174983,19.18980954916607,9.579549387991088,9.755283333333335,1.1236683238819707,3.076117727658687
Mouse_401,0.25,32.0084,9.593423148651894,19.18980954916607,9.596386400514177,9.755283333333335,1.1881893497651292,3.2811348380450247
Mouse_401,0.25,34.0084,9.52516484329918,19.18980954916607,9.664644705866891,9.755283333333335,1.2487985343381849,3.4861519484313623
Mouse_401,0.25,36.0084,9.522782685579621,19.18980954916607,9.66702686358645,9.755283333333335,1.3059432259839545,3.6911690588177
Mouse_401,0.25,38.0084,9.530392201910976,19.18980954916607,9.659417347255095,9.755283333333335,1.3599981693419312,3.8961861692040376
Mouse_401,0.25,40.0084,9.433997507382518,19.18980954916607,9.755812041783553,9.755283333333335,1.4112804134795225,4.101203279590376
Mouse_401,0.25,45.0084,9.233400084586057,19.18980954916607,9.956409464580014,9.755283333333335,1.5290401204294315,4.613746055556219
Mouse_401,0.25,48.0084,9.080884261208862,19.18980954916607,10.10892528795721,9.755283333333335,1.5935669770096768,4.921271721135726
Mouse_401,0.25,51.0084,9.080862234209443,19.18980954916607,10.108947314956628,9.755283333333335,1.6541813064566535,5.228797386715232
Mouse_401,0.25,54.0084,8.949331507588328,19.18980954916607,10.240478041577743,9.755283333333335,1.7113305714348186,5.536323052294739
Mouse_401,0.25,57.0084,8.784631622474166,19.18980954916607,10.405177926691906,9.755283333333335,1.7653896068104433,5.843848717874246
Mouse_401,0.25,65.0084,8.688914945668401,19.18980954916607,10.500894603497668,9.755283333333335,1.896707473727791,6.663917159419595
Mouse_401,0.25,70.0084,8.573202439563927,19.18980954916607,10.616607109602144,9.755283333333335,1.9708062162624342,7.176459935385439
Mouse_401,0.25,75.0084,8.480959713089655,19.18980954916607,10.708849836076414,9.755283333333335,2.039791088677278,7.689002711351283
Mouse_401,0.25,80.0084,8.508114213402429,19.18980954916607,10.681695335763644,9.755283333333335,2.104322610574267,8.201545487317127
Mouse_401,0.25,85.0084,8.434809029188127,19.18980954916607,10.755000519977944,9.755283333333335,2.1649410565495044,8.71408826328297
Mouse_401,0.25,90.0084,8.497643037068219,19.18980954916607,10.692166512097852,9.755283333333335,2.222093980720813,9.226631039248815
Mouse_401,0.25,95.0084,8.53198340811651,19.18980954916607,10.657826141049561,9.755283333333335,2.276156290156761,9.73917381521466
Mouse_401,0.25,100.0084,8.545486827925279,19.18980954916607,10.644322721240794,9.755283333333335,2.327445163872788,10.251716591180504
Mouse_401,0.25,105.0083,8.459303118420811,19.18980954916607,10.73050643074526,9.755283333333335,2.376230376064972,10.764249116290829
Mouse_401,0.25,110.0083,8.555358995638032,19.18980954916607,10.634450553528039,9.755283333333335,2.422746798903819,11.276791892256673
Mouse_401,0.25,115.0083,8.541562703335154,19.18980954916607,10.648246845830917,9.755283333333335,2.4671952810843814,11.789334668222518
Mouse_401,0.25,125.0083,8.594831357688445,19.18980954916607,10.594978191477626,9.755283333333335,2.5505711165104183,12.814420220154206
Mouse_401,0.25,135.0083,8.658378898094977,19.18980954916607,10.531430651071094,9.755283333333335,2.6275272394425015,13.839505772085893
Mouse_401,0.25,145.0083,8.599610935189848,19.18980954916607,10.590198613976224,9.755283333333335,2.698981963574159,14.864591324017582
Mouse_401,0.25,155.0083,8.756009721434577,19.18980954916607,10.433799827731493,9.755283333333335,2.765669645285179,15.889676875949268
Mouse_401,0.25,165.0083,8.784111571508507,19.18980954916607,10.405697977657564,9.755283333333335,2.828186757078228,16.91476242788096
Mouse_401,0.25,175.0083,8.832880879289682,19.18980954916607,10.356928669876389,9.755283333333335,2.8870243827827426,17.939847979812644
Mouse_401,0.25,185.0083,8.857895836530448,19.18980954916607,10.331913712635624,9.755283333333335,2.942591670349291,18.964933531744332
Mouse_401,0.25,195.0083,8.97371573014144,19.18980954916607,10.216093819024632,9.755283333333335,2.9952331031729846,19.99001908367602
Mouse_401,0.25,205.0087,9.029761645835874,19.18980954916607,10.160047903330197,9.755283333333335,3.045243398674788,21.01514563902979
Mouse_401,0.25,215.0087,9.064540993450587,19.18980954916607,10.125268555715484,9.755283333333335,3.0928694738377507,22.040231190961478
Mouse_401,0.25,225.0087,9.05783319323288,19.18980954916607,10.13197635593319,9.755283333333335,3.1383300495360498,23.065316742893163
Mouse_401,0.25,235.0087,9.167296314631376,19.18980954916607,10.022513234534696,9.755283333333335,3.1818135161479835,24.09040229482485
Mouse_401,0.25,245.0087,9.152823758745456,19.18980954916607,10.036985790420616,9.755283333333335,3.2234847015308357,25.11548784675654
Mouse_401,0.5,0.5083,-2.2555074062319367,17.92960232390235,20.18510973013429,8.170683333333333,2.7772359992345033,0.062210219055525755
Mouse_401,0.5,1.0083,-6.9709523460018,17.92960232390235,24.900554669904153,8.170683333333333,2.0922868002881905,0.12340461120142951
Mouse_401,0.5,1.5083,0.46545526067006104,17.92960232390235,17.464147063232293,8.170683333333333,1.6895693559131535,0.18459900334733326
Mouse_401,0.5,2.0083,9.312320320092343,17.92960232390235,8.61728200381001,8.170683333333333,1.4032639516447276,0.24579339549323703
Mouse_401,0.5,2.5083,7.495650004386702,17.92960232390235,10.433952319515653,8.170683333333333,1.180947311863238,0.3069877876391408
Mouse_401,0.5,2.7583,2.069380501742179,17.92960232390235,15.860221822160174,8.170683333333333,1.0859379967753704,0.33758498371209267
Mouse_401,0.5,3.0083,5.500564104381853,17.92960232390235,12.4290382195205,8.170683333333333,0.9991774095481853,0.3681821797850445
Mouse_401,0.5,3.2583,6.26711758174922,17.92960232390235,11.662484742153133,8.170683333333333,0.9193469577332599,0.39877937585799644
Mouse_401,0.5,3.5083,6.211591039760058,17.92960232390235,11.718011284142296,8.170683333333333,0.8454209550376726,0.4293765719309483
Mouse_401,0.5,3.7583,6.368105671737361,17.92960232390235,11.561496652164994,8.170683333333333,0.7765858172035229,0.45997376800390016
Mouse_401,0.5,4.0083,7.514784200421766,17.92960232390235,10.414818123480588,8.170683333333333,0.712185333424402,0.490570964076852
Mouse_401,0.5,4.5083,4.8795211816789195,17.92960232390235,13.050081142223434,8.170683333333333,0.594632402383463,0.5517653562227558
Mouse_401,0.5,5.0083,6.0905745170488,17.92960232390235,11.839027806853553,8.170683333333333,0.4894560085482531,0.6129597483686595
Mouse_401,0.5,5.5083,5.2891463235525595,17.92960232390235,12.640456000349793,8.170683333333333,0.394296499091109,0.6741541405145633
Mouse_401,0.5,6.0083,3.4281070394197943,17.92960232390235,14.501495284482562,8.170683333333333,0.3074106980679173,0.7353485326604671
Mouse_401,0.5,6.5083,3.540453414664662,17.92960232390235,14.389148909237692,8.170683333333333,0.22747425929962312,0.7965429248063708
Mouse_401,0.5,7.0083,1.6435490835883795,17.92960232390235,16.286053240313976,8.170683333333333,0.15345738376820017,0.8577373169522746
Mouse_401,0.5,7.5083,0.8935506199024107,17.92960232390235,17.036051703999945,8.170683333333333,0.08454346940043941,0.9189317090981783
Mouse_401,0.5,8.0083,0.6528308417824445,17.92960232390235,17.27677148211991,8.170683333333333,0.02007404085654432,0.9801261012440821
Mouse_401,0.5,8.5083,1.2686652537169296,17.92960232390235,16.660937070185426,8.170683333333333,0.0404896129420043,1.0413204933899858
Mouse_401,0.5,9.0083,2.4779523539311086,17.92960232390235,15.451649969971246,8.170683333333333,0.09759382986757238,1.1025148855358895
Mouse_401,0.5,9.5083,2.923513732857749,17.92960232390235,15.006088591044605,8.170683333333333,0.15161255667190457,1.1637092776817934
Mouse_401,0.5,10.0083,3.6136270018142835,17.92960232390235,14.31597532208807,8.170683333333333,0.20286220402929986,1.2249036698276972
Mouse_401,0.5,11.0083,5.1081700317378775,17.92960232390235,12.821432292164477,8.170683333333333,0.29809698902138787,1.3472924541195046
Mouse_401,0.5,12.0083,4.804439871555865,17.92960232390235,13.125162452346489,8.170683333333333,0.38504553265829633,1.469681238411312
Mouse_401,0.5,13.0083,7.567163741549942,17.92960232390235,10.36243858235241,8.170683333333333,0.4650350705649185,1.5920700227031197
Mouse_401,0.5,14.0083,8.408202586764858,17.92960232390235,9.521399737137497,8.170683333333333,0.5390974663825251,1.7144588069949271
Mouse_401,0.5,15.0083,8.983726537927897,17.92960232390235,8.945875785974458,8.170683333333333,0.6080508366978808,1.8368475912867346
Mouse_401,0.5,16.0083,9.38059538171062,17.92960232390235,8.549006942191735,8.170683333333333,0.6725547930302909,1.9592363755785418
Mouse_401,0.5,17.0083,9.361236092364347,17.92960232390235,8.568366231538006,8.170683333333333,0.7331489154970393,2.0816251598703492
Mouse_401,0.5,18.0083,9.673108014760102,17.92960232390235,8.256494309142253,8.170683333333333,0.7902802180229941,2.204013944162157
Mouse_401,0.5,19.0083,9.631556324263679,17.92960232390235,8.298045999638674,8.170683333333333,0.8443231811787467,2.3264027284539646
Mouse_401,0.5,20.0084,10.050794710454673,17.92960232390235,7.878807613447682,8.170683333333333,0.8955996406734562,2.4488037516242014
Mouse_401,0.5,22.0084,10.120300760401587,17.92960232390235,7.809301563500767,8.170683333333333,0.9908716539608984,2.6935813202078167
Mouse_401,0.5,24.0084,10.158738798869921,17.92960232390235,7.770863525032432,8.170683333333333,1.0778512244070106,2.9383588887914316
Mouse_401,0.5,26.0084,10.13074382685911,17.92960232390235,7.798858497043243,8.170683333333333,1.157867018061225,3.1831364573750465
Mouse_401,0.5,28.0084,10.110192858711468,17.92960232390235,7.819409465190884,8.170683333333333,1.2319519204789788,3.4279140259586613
Mouse_401,0.5,30.0084,10.04217907535427,17.92960232390235,7.8874232485480835,8.170683333333333,1.3009247977642482,3.6726915945422767
Mouse_401,0.5,32.0084,9.997538165852005,17.92960232390235,7.93206415805035,8.170683333333333,1.3654458236474067,3.9174691631258916
Mouse_401,0.5,34.0084,9.935247326236595,17.92960232390235,7.994354997665759,8.170683333333333,1.4260550082204626,4.162246731709507
Mouse_401,0.5,36.0084,9.83060021026897,17.92960232390235,8.099002113633382,8.170683333333333,1.483199699866232,4.407024300293122
Mouse_401,0.5,38.0084,9.971410029250524,17.92960232390235,7.95819229465183,8.170683333333333,1.5372546432242087,4.651801868876737
Mouse_401,0.5,40.0084,9.849423615232457,17.92960232390235,8.080178708669898,8.170683333333333,1.5885368873617998,4.8965794374603515
Mouse_401,0.5,45.0084,9.615852197771218,17.92960232390235,8.313750126131136,8.170683333333333,1.7062965943117092,5.50852335891939
Mouse_401,0.5,48.0084,9.488771175682425,17.92960232390235,8.440831148219928,8.170683333333333,1.7708234508919543,5.875689711794812
Mouse_401,0.5,51.0084,9.516467698530729,17.92960232390235,8.413134625371626,8.170683333333333,1.831437780338931,6.242856064670234
Mouse_401,0.5,54.0084,9.410694464906008,17.92960232390235,8.518907858996343,8.170683333333333,1.888587045317096,6.610022417545657
Mouse_401,0.5,57.0084,9.259067014260552,17.92960232390235,8.670535309641803,8.170683333333333,1.9426460806927206,6.977188770421079
Mouse_401,0.5,65.0084,9.193840802221413,17.92960232390235,8.73576152168094,8.170683333333333,2.073963947610068,7.956299044755538
Mouse_401,0.5,70.0084,9.14386224838342,17.92960232390235,8.785740075518932,8.170683333333333,2.148062690144712,8.568242966214576
Mouse_401,0.5,75.0084,9.025387178385003,17.92960232390235,8.90421514551735,8.170683333333333,2.217047562559556,9.180186887673614
Mouse_401,0.5,80.0084,9.034013034682017,17.92960232390235,8.895589289220336,8.170683333333333,2.2815790844565442,9.79213080913265
Mouse_401,0.5,85.0084,8.966471088049637,17.92960232390235,8.963131235852718,8.170683333333333,2.3421975304317817,10.404074730591688
Mouse_401,0.5,90.0084,9.037131333306249,17.92960232390235,8.892470990596106,8.170683333333333,2.399350454603091,11.016018652050725
Mouse_401,0.5,95.0084,9.032350195981373,17.92960232390235,8.897252127920982,8.170683333333333,2.4534127640390384,11.627962573509764
Mouse_401,0.5,100.0084,9.08584023608282,17.92960232390235,8.843762087819533,8.170683333333333,2.504701637755066,12.239906494968801
Mouse_401,0.5,105.0083,9.045368955044,17.92960232390235,8.884233368858354,8.170683333333333,2.55348684994725,12.85183817754941
Mouse_401,0.5,110.0083,9.154789666261536,17.92960232390235,8.774812657640815,8.170683333333333,2.600003272786097,13.463782099008448
Mouse_401,0.5,115.0083,9.120328594595495,17.92960232390235,8.80927372930686,8.170683333333333,2.644451754966659,14.075726020467485
Mouse_401,0.5,125.0083,9.131016039532568,17.92960232390235,8.798586284369785,8.170683333333333,2.7278275903926956,15.299613863385561
Mouse_401,0.5,135.0083,9.188624025438951,17.92960232390235,8.740978298463405,8.170683333333333,2.804783713324779,16.523501706303634
Mouse_401,0.5,145.0083,9.125997452997147,17.92960232390235,8.803604870905207,8.170683333333333,2.8762384374564363,17.747389549221708
Mouse_401,0.5,155.0083,9.255257063899135,17.92960232390235,8.674345260003218,8.170683333333333,2.9429261191674567,18.971277392139783
Mouse_401,0.5,165.0083,9.279851332573653,17.92960232390235,8.6497509913287,8.170683333333333,3.0054432309605055,20.19516523505786
Mouse_401,0.5,175.0083,9.35542278688194,17.92960232390235,8.574179537020415,8.170683333333333,3.0642808566650204,21.419053077975935
Mouse_401,0.5,185.0083,9.354841690015466,17.92960232390235,8.57476063388689,8.170683333333333,3.1198481442315686,22.64294092089401
Mouse_401,0.5,195.0083,9.467537636736184,17.92960232390235,8.462064687166169,8.170683333333333,3.172489577055262,23.866828763812084
Mouse_401,0.5,205.0087,9.503313454909527,17.92960232390235,8.426288868992827,8.170683333333333,3.2224998725570657,25.090765562243877
Mouse_401,0.5,215.0087,9.562871291809412,17.92960232390235,8.366731032092943,8.170683333333333,3.270125947720028,26.314653405161952
Mouse_401,0.5,225.0087,9.526072499776767,17.92960232390235,8.403529824125583,8.170683333333333,3.3155865234183275,27.53854124808003
Mouse_401,0.5,235.0087,9.619178360444248,17.92960232390235,8.310423963458106,8.170683333333333,3.359069990030261,28.762429090998104
Mouse_401,0.5,245.0087,9.62061218496814,17.92960232390235,8.308990138934217,8.170683333333333,3.4007411754131134,29.98631693391618
Mouse_401,1.0,0.5083,-1.7076536226288201,16.244475221277494,17.952128843906312,8.19575,2.7802991817564813,0.06201994936399963
Mouse_401,1.0,1.0083,-4.118571584048982,16.244475221277494,20.363046805326476,8.19575,2.095349982810168,0.12302717872067839
Mouse_401,1.0,1.5083,0.23177998232460695,16.244475221277494,16.012695238952887,8.19575,1.6926325384351313,0.18403440807735716
Mouse_401,1.0,2.0083,6.398008504722796,16.244475221277494,9.846466716554696,8.19575,1.4063271341667054,0.24504163743403595
Mouse_401,1.0,2.5083,6.7364677056693685,16.244475221277494,9.508007515608124,8.19575,1.1840104943852159,0.3060488667907147
Mouse_401,1.0,2.7583,1.2610495813295062,16.244475221277494,14.983425639947985,8.19575,1.0890011792973482,0.3365524814690541
Mouse_401,1.0,3.0083,4.13621054565612,16.244475221277494,12.108264675621374,8.19575,1.0022405920701631,0.3670560961473935
Mouse_401,1.0,3.2583,5.377931572493661,16.244475221277494,10.866543648783832,8.19575,0.9224101402552377,0.3975597108257329
Mouse_401,1.0,3.5083,5.278755266707224,16.244475221277494,10.965719954570268,8.19575,0.8484841375596504,0.4280633255040722
Mouse_401,1.0,3.7583,5.1516480571031,16.244475221277494,11.092827164174393,8.19575,0.7796489997255007,0.4585669401824116
Mouse_401,1.0,4.0083,6.162037918320598,16.244475221277494,10.082437302956896,8.19575,0.7152485159463797,0.489070554860751
Mouse_401,1.0,4.5083,3.8154782779732184,16.244475221277494,12.428996943304274,8.19575,0.5976955849054407,0.5500777842174298
Mouse_401,1.0,5.0083,4.9878716999266635,16.244475221277494,11.25660352135083,8.19575,0.49251919107023096,0.6110850135741085
Mouse_401,1.0,5.5083,4.2261069127146635,16.244475221277494,12.01836830856283,8.19575,0.3973596816130869,0.6720922429307873
Mouse_401,1.0,6.0083,2.5153604939081404,16.244475221277494,13.729114727369353,8.19575,0.3104738805898951,0.7330994722874661
Mouse_401,1.0,6.5083,2.601384544763858,16.244475221277494,13.643090676513637,8.19575,0.23053744182160085,0.7941067016441449
Mouse_401,1.0,7.0083,0.7600197458702018,16.244475221277494,15.484455475407291,8.19575,0.1565205662901781,0.8551139310008236
Mouse_401,1.0,7.5083,0.2008879384167388,16.244475221277494,16.043587282860752,8.19575,0.08760665192241725,0.9161211603575024
Mouse_401,1.0,8.0083,-0.2010987904220769,16.244475221277494,16.44557401169957,8.19575,0.023137223378522094,0.9771283897141811
Mouse_401,1.0,8.5083,0.49722504023481484,16.244475221277494,15.74725018104268,8.19575,0.03742643042002659,1.03813561907086
Mouse_401,1.0,9.0083,1.6625503253502147,16.244475221277494,14.58192489592728,8.19575,0.09453064734559471,1.0991428484275387
Mouse_401,1.0,9.5083,2.182255734914098,16.244475221277494,14.062219486363395,8.19575,0.14854937414992656,1.1601500777842173
Mouse_401,1.0,10.0083,2.8523933064296716,16.244475221277494,13.392081914847822,8.19575,0.19979902150732193,1.221157307140896
Mouse_401,1.0,11.0083,4.339571650572731,16.244475221277494,11.90490357070476,8.19575,0.2950338064994101,1.3431717658542537
Mouse_401,1.0,12.0083,4.063449264499529,16.244475221277494,12.181025956777964,8.19575,0.38198235013631854,1.4651862245676113
Mouse_401,1.0,13.0083,6.795898488582582,16.244475221277494,9.448576732694912,8.19575,0.46197188804294065,1.5872006832809689
Mouse_401,1.0,14.0083,7.671243749026692,16.244475221277494,8.573231472250802,8.19575,0.5360342838605472,1.7092151419943262
Mouse_401,1.0,15.0083,8.28990369351879,16.244475221277494,7.954571527758703,8.19575,0.6049876541759031,1.8312296007076838
Mouse_401,1.0,16.0083,8.719540198417548,16.244475221277494,7.524935022859946,8.19575,0.6694916105083132,1.9532440594210412
Mouse_401,1.0,17.0083,8.717595676969822,16.244475221277494,7.526879544307672,8.19575,0.7300857329750616,2.0752585181343988
Mouse_401,1.0,18.0083,9.032175549779023,16.244475221277494,7.212299671498468,8.19575,0.7872170355010163,2.1972729768477564
Mouse_401,1.0,19.0083,9.045644930968379,16.244475221277494,7.198830290309113,8.19575,0.8412599986567687,2.3192874355611135
Mouse_401,1.0,20.0084,9.462742457028146,16.244475221277494,6.781732764249346,8.19575,0.8925364581514785,2.441314095720343
Mouse_401,1.0,22.0084,9.519181778591129,16.244475221277494,6.725293442686362,8.19575,0.9878084714389205,2.685343013147058
Mouse_401,1.0,24.0084,9.568527325140662,16.244475221277494,6.675947896136833,8.19575,1.0747880418850326,2.929371930573773
Mouse_401,1.0,26.0084,9.58032355663697,16.244475221277494,6.6641516646405226,8.19575,1.1548038355392471,3.173400848000488
Mouse_401,1.0,28.0084,9.580511147363868,16.244475221277494,6.663964073913625,8.19575,1.228888737957001,3.4174297654272032
Mouse_401,1.0,30.0084,9.516158808755895,16.244475221277494,6.728316412521598,8.19575,1.2978616152422704,3.6614586828539184
Mouse_401,1.0,32.0084,9.464861754742987,16.244475221277494,6.779613466534506,8.19575,1.362382641125429,3.905487600280633
Mouse_401,1.0,34.0084,9.42037784766212,16.244475221277494,6.8240973736153725,8.19575,1.4229918256984846,4.149516517707348
Mouse_401,1.0,36.0084,9.299647556617199,16.244475221277494,6.944827664660294,8.19575,1.4801365173442542,4.3935454351340635
Mouse_401,1.0,38.0084,9.476682831036987,16.244475221277494,6.767792390240506,8.19575,1.534191460702231,4.637574352560779
Mouse_401,1.0,40.0084,9.351093300364408,16.244475221277494,6.893381920913087,8.19575,1.5854737048398222,4.881603269987494
Mouse_401,1.0,45.0084,9.181989191059637,16.244475221277494,7.062486030217856,8.19575,1.7032334117897312,5.491675563554281
Mouse_401,1.0,48.0084,9.107406199380716,16.244475221277494,7.137069021896776,8.19575,1.7677602683699765,5.857718939694354
Mouse_401,1.0,51.0084,9.134015980743602,16.244475221277494,7.11045924053389,8.19575,1.8283745978169532,6.223762315834426
Mouse_401,1.0,54.0084,9.070473943870114,16.244475221277494,7.1740012774073785,8.19575,1.8855238627951183,6.589805691974499
Mouse_401,1.0,57.0084,8.954932639649526,16.244475221277494,7.289542581627966,8.19575,1.939582898170743,6.9558490681145715
Mouse_401,1.0,65.0084,8.946005372668566,16.244475221277494,7.298469848608929,8.19575,2.0709007650880906,7.931964737821431
Mouse_401,1.0,70.0084,8.932169088296313,16.244475221277494,7.31230613298118,8.19575,2.144999507622734,8.542037031388219
Mouse_401,1.0,75.0084,8.854353992928266,16.244475221277494,7.390121228349226,8.19575,2.213984380037578,9.152109324955006
Mouse_401,1.0,80.0084,8.86115430823503,16.244475221277494,7.383320913042463,8.19575,2.2785159019345667,9.762181618521794
Mouse_401,1.0,85.0084,8.819854012480441,16.244475221277494,7.424621208797052,8.19575,2.339134347909804,10.372253912088581
Mouse_401,1.0,90.0084,8.887092351467526,16.244475221277494,7.357382869809966,8.19575,2.396287272081113,10.982326205655369
Mouse_401,1.0,95.0084,8.89367847469525,16.244475221277494,7.350796746582245,8.19575,2.450349581517061,11.592398499222156
Mouse_401,1.0,100.0084,8.94321261120971,16.244475221277494,7.301262610067783,8.19575,2.501638455233088,12.202470792788944
Mouse_401,1.0,105.0083,8.934506424797686,16.244475221277494,7.309968796479808,8.19575,2.550423667425272,12.812530884909862
Mouse_401,1.0,110.0083,9.044765647559643,16.244475221277494,7.199709573717849,8.19575,2.596940090264119,13.422603178476649
Mouse_401,1.0,115.0083,8.997887573301387,16.244475221277494,7.246587647976105,8.19575,2.641388572444681,14.032675472043437
Mouse_401,1.0,125.0083,9.026409409071267,16.244475221277494,7.218065812206228,8.19575,2.724764407870718,15.252820059177013
Mouse_401,1.0,135.0083,9.058410049123031,16.244475221277494,7.186065172154461,8.19575,2.8017205308028013,16.472964646310587
Mouse_401,1.0,145.0083,9.023214055393048,16.244475221277494,7.221261165884446,8.19575,2.8731752549344587,17.69310923344416
Mouse_401,1.0,155.0083,9.124812383746967,16.244475221277494,7.119662837530525,8.19575,2.9398629366454787,18.913253820577737
Mouse_401,1.0,165.0083,9.137705167864384,16.244475221277494,7.106770053413109,8.19575,3.002380048438528,20.13339840771131
Mouse_401,1.0,175.0083,9.221924009462796,16.244475221277494,7.022551211814696,8.19575,3.061217674143043,21.353542994844886
Mouse_401,1.0,185.0083,9.203323047188547,16.244475221277494,7.0411521740889444,8.19575,3.1167849617095906,22.57368758197846
Mouse_401,1.0,195.0083,9.299136442920679,16.244475221277494,6.945338778356813,8.19575,3.1694263945332843,23.793832169112036
Mouse_401,1.0,205.0087,9.311434148300108,16.244475221277494,6.9330410729773835,8.19575,3.2194366900350877,25.0140255620291
Mouse_401,1.0,215.0087,9.377705126536414,16.244475221277494,6.866770094741079,8.19575,3.2670627651980504,26.234170149162676
Mouse_401,1.0,225.0087,9.34815899369331,16.244475221277494,6.896316227584184,8.19575,3.31252334089635,27.45431473629625
Mouse_401,1.0,235.0087,9.409908629293067,16.244475221277494,6.834566591984427,8.19575,3.356006807508283,28.674459323429826
Mouse_401,1.0,245.0087,9.434791491371533,16.244475221277494,6.809683729905959,8.19575,3.3976779928911354,29.8946039105634
Mouse_401,2.5,0.5083,-0.9340061498672325,13.476305094056272,14.410311243923505,5.672866666666666,2.4123780294539614,0.08960196490898195
Mouse_401,2.5,1.0083,-1.4049666457495682,13.476305094056272,14.88127173980584,5.672866666666666,1.7274288305076486,0.17774082474469113
Mouse_401,2.5,1.5083,0.3633658869437353,13.476305094056272,13.112939207112538,5.672866666666666,1.3247113861326119,0.2658796845804003
Mouse_401,2.5,2.0083,3.54391603196542,13.476305094056272,9.932389062090852,5.672866666666666,1.0384059818641858,0.3540185444161095
Mouse_401,2.5,2.5083,5.0322867480168,13.476305094056272,8.44401834603947,5.672866666666666,0.8160893420826963,0.4421574042518187
Mouse_401,2.5,2.7583,0.5687850799672178,13.476305094056272,12.907520014089053,5.672866666666666,0.7210800269948286,0.48622683416967327
Mouse_401,2.5,3.0083,2.8150629672667655,13.476305094056272,10.661242126789507,5.672866666666666,0.6343194397676437,0.5302962640875278
Mouse_401,2.5,3.2583,4.224610966137616,13.476305094056272,9.251694127918656,5.672866666666666,0.5544889879527182,0.5743656940053825
Mouse_401,2.5,3.5083,4.099683914315833,13.476305094056272,9.37662117974044,5.672866666666666,0.48056298525713087,0.6184351239232371
Mouse_401,2.5,3.7583,3.4204861203428445,13.476305094056272,10.055818973713428,5.672866666666666,0.41172784742298124,0.6625045538410916
Mouse_401,2.5,4.0083,4.374807555998272,13.476305094056272,9.101497538058002,5.672866666666666,0.34732736364386035,0.7065739837589462
Mouse_401,2.5,4.5083,2.4220748584188745,13.476305094056272,11.054230235637398,5.672866666666666,0.22977443260292132,0.7947128435946554
Mouse_401,2.5,5.0083,3.4381376200475247,13.476305094056272,10.038167474008748,5.672866666666666,0.12459803876771143,0.8828517034303646
Mouse_401,2.5,5.5083,2.805021359646996,13.476305094056272,10.671283734409275,5.672866666666666,0.029438529310567327,0.9709905632660738
Mouse_401,2.5,6.0083,1.5227526627363068,13.476305094056272,11.953552431319965,5.672866666666666,0.05744727171262434,1.059129423101783
Mouse_401,2.5,6.5083,1.3734955203998478,13.476305094056272,12.102809573656424,5.672866666666666,0.13738371048091852,1.147268282937492
Mouse_401,2.5,7.0083,-0.08438549158102848,13.476305094056272,13.5606905856373,5.672866666666666,0.21140058601234152,1.2354071427732014
Mouse_401,2.5,7.5083,-0.342974963660148,13.476305094056272,13.81928005771642,5.672866666666666,0.28031450038010225,1.3235460026089105
Mouse_401,2.5,8.0083,-0.8795700547895429,13.476305094056272,14.355875148845815,5.672866666666666,0.34478392892399734,1.4116848624446197
Mouse_401,2.5,8.5083,-0.16203633693632202,13.476305094056272,13.638341430992593,5.672866666666666,0.405347582722546,1.4998237222803288
Mouse_401,2.5,9.0083,0.8601703992779004,13.476305094056272,12.61613469477837,5.672866666666666,0.46245179964811406,1.587962582116038
Mouse_401,2.5,9.5083,1.4454166498215715,13.476305094056272,12.030888444234701,5.672866666666666,0.5164705264524462,1.6761014419517473
Mouse_401,2.5,10.0083,2.0163572817539315,13.476305094056272,11.45994781230234,5.672866666666666,0.5677201738098415,1.7642403017874564
Mouse_401,2.5,11.0083,3.3605098441289174,13.476305094056272,10.115795249927356,5.672866666666666,0.6629549588019296,1.9405180214588746
Mouse_401,2.5,12.0083,3.0788075881416552,13.476305094056272,10.397497505914616,5.672866666666666,0.749903502438838,2.116795741130293
Mouse_401,2.5,13.0083,5.513097816261253,13.476305094056272,7.96320727779502,5.672866666666666,0.8298930403454602,2.2930734608017116
Mouse_401,2.5,14.0083,6.279910058791154,13.476305094056272,7.196395035265118,5.672866666666666,0.9039554361630667,2.46935118047313
Mouse_401,2.5,15.0083,6.950650900945792,13.476305094056272,6.52565419311048,5.672866666666666,0.9729088064784225,2.645628900144548
Mouse_401,2.5,16.0083,7.222599653394152,13.476305094056272,6.253705440662122,5.672866666666666,1.0374127628108327,2.8219066198159664
Mouse_401,2.5,17.0083,7.248438194503917,13.476305094056272,6.227866899552355,5.672866666666666,1.098006885277581,2.9981843394873846
Mouse_401,2.5,18.0083,7.579287287227322,13.476305094056272,5.89701780682895,5.672866666666666,1.1551381878035356,3.174462059158803
Mouse_401,2.5,19.0083,7.672418536513566,13.476305094056272,5.803886557542706,5.672866666666666,1.2091811509592882,3.350739778830221
Mouse_401,2.5,20.0084,7.998673687691957,13.476305094056272,5.477631406364316,5.672866666666666,1.260457610453998,3.5270351262736073
Mouse_401,2.5,22.0084,8.049897812558337,13.476305094056272,5.4264072814979345,5.672866666666666,1.35572962374144,3.879590565616444
Mouse_401,2.5,24.0084,8.096056154970762,13.476305094056272,5.380248939085508,5.672866666666666,1.4427091941875523,4.232146004959281
Mouse_401,2.5,26.0084,8.165762578936196,13.476305094056272,5.310542515120075,5.672866666666666,1.5227249878417668,4.584701444302118
Mouse_401,2.5,28.0084,8.175159157364345,13.476305094056272,5.3011459366919285,5.672866666666666,1.5968098902595207,4.937256883644954
Mouse_401,2.5,30.0084,8.157606850726761,13.476305094056272,5.318698243329512,5.672866666666666,1.6657827675447898,5.289812322987791
Mouse_401,2.5,32.0084,8.135577594364328,13.476305094056272,5.340727499691944,5.672866666666666,1.7303037934279484,5.642367762330627
Mouse_401,2.5,34.0084,8.0992771869698,13.476305094056272,5.377027907086471,5.672866666666666,1.7909129780010042,5.994923201673465
Mouse_401,2.5,36.0084,7.975480061488698,13.476305094056272,5.500825032567574,5.672866666666666,1.8480576696467736,6.347478641016301
Mouse_401,2.5,38.0084,8.18928277719755,13.476305094056272,5.287022316858723,5.672866666666666,1.9021126130047503,6.700034080359138
Mouse_401,2.5,40.0084,8.089097393647855,13.476305094056272,5.387207700408417,5.672866666666666,1.9533948571423414,7.052589519701974
Mouse_401,2.5,45.0084,8.00942258017573,13.476305094056272,5.466882513880542,5.672866666666666,2.0711545640922506,7.933978118059066
Mouse_401,2.5,48.0084,7.9661226260963875,13.476305094056272,5.510182467959885,5.672866666666666,2.135681420672496,8.462811277073321
Mouse_401,2.5,51.0084,7.987964373308719,13.476305094056272,5.488340720747553,5.672866666666666,2.196295750119473,8.991644436087576
Mouse_401,2.5,54.0084,7.973063207463254,13.476305094056272,5.503241886593019,5.672866666666666,2.253445015097638,9.520477595101832
Mouse_401,2.5,57.0084,7.896904896463226,13.476305094056272,5.579400197593047,5.672866666666666,2.3075040504732627,10.049310754116087
Mouse_401,2.5,65.0084,7.93526330260703,13.476305094056272,5.541041791449242,5.672866666666666,2.43882191739061,11.459532511487431
Mouse_401,2.5,70.0084,7.930094160954924,13.476305094056272,5.5462109331013485,5.672866666666666,2.5129206599252534,12.340921109844524
Mouse_401,2.5,75.0084,7.904458407089101,13.476305094056272,5.571846686967172,5.672866666666666,2.5819055323400972,13.222309708201616
Mouse_401,2.5,80.0084,7.915360237132185,13.476305094056272,5.5609448569240865,5.672866666666666,2.646437054237086,14.103698306558707
Mouse_401,2.5,85.0084,7.888348565308029,13.476305094056272,5.587956528748243,5.672866666666666,2.7070555002123236,14.9850869049158
Mouse_401,2.5,90.0084,7.954259814806916,13.476305094056272,5.522045279249357,5.672866666666666,2.7642084243836327,15.866475503272891
Mouse_401,2.5,95.0084,7.96470459582981,13.476305094056272,5.511600498226462,5.672866666666666,2.8182707338195803,16.747864101629983
Mouse_401,2.5,100.0084,8.010260992638088,13.476305094056272,5.466044101418184,5.672866666666666,2.8695596075356073,17.629252699987074
Mouse_401,2.5,105.0083,8.01987941346561,13.476305094056272,5.456425680590663,5.672866666666666,2.9183448197277913,18.5106236705722
Mouse_401,2.5,110.0083,8.123276746433566,13.476305094056272,5.353028347622706,5.672866666666666,2.9648612425666383,19.392012268929292
Mouse_401,2.5,115.0083,8.078804704954477,13.476305094056272,5.397500389101795,5.672866666666666,3.0093097247472005,20.273400867286384
Mouse_401,2.5,125.0083,8.098039989643036,13.476305094056272,5.378265104413238,5.672866666666666,3.0926855601732375,22.03617806400057
Mouse_401,2.5,135.0083,8.117545334610679,13.476305094056272,5.358759759445594,5.672866666666666,3.1696416831053207,23.79895526071475
Mouse_401,2.5,145.0083,8.096737706721838,13.476305094056272,5.3795673873344345,5.672866666666666,3.241096407236978,25.56173245742893
Mouse_401,2.5,155.0083,8.167629343981137,13.476305094056272,5.308675750075136,5.672866666666666,3.307784088947998,27.324509654143117
Mouse_401,2.5,165.0083,8.173516450853512,13.476305094056272,5.302788643202762,5.672866666666666,3.3703012007410473,29.0872868508573
Mouse_401,2.5,175.0083,8.26260460158751,13.476305094056272,5.213700492468762,5.672866666666666,3.4291388264455622,30.850064047571482
Mouse_401,2.5,185.0083,8.214882013314913,13.476305094056272,5.26142308074136,5.672866666666666,3.4847061140121105,32.61284124428567
Mouse_401,2.5,195.0083,8.279531155529604,13.476305094056272,5.196773938526668,5.672866666666666,3.5373475468358038,34.37561844099985
Mouse_401,2.5,205.0087,8.268486609157247,13.476305094056272,5.207818484899026,5.672866666666666,3.587357842337607,36.1384661488019
Mouse_401,2.5,215.0087,8.31027190717411,13.476305094056272,5.166033186882162,5.672866666666666,3.63498391750057,37.901243345516086
Mouse_401,2.5,225.0087,8.28809829357176,13.476305094056272,5.188206800484512,5.672866666666666,3.6804444931988693,39.664020542230276
Mouse_401,2.5,235.0087,8.312046505479092,13.476305094056272,5.16425858857718,5.672866666666666,3.723927959810803,41.42679773894446
Mouse_401,2.5,245.0087,8.350896697952574,13.476305094056272,5.125408396103698,5.672866666666666,3.765599145193655,43.18957493565864
Mouse_460,0.05,0.5083,-0.3971556865694521,7.501646425342748,7.8988021119122,6.08725,2.482879874332878,0.08350240256273357
Mouse_460,0.05,1.0083,0.9266631079300486,7.501646425342748,6.574983317412699,6.08725,1.7979306753865651,0.16564129943734854
Mouse_460,0.05,1.5083,0.39288398822185266,7.501646425342748,7.108762437120895,6.08725,1.3952132310115282,0.24778019631196352
Mouse_460,0.05,2.0083,1.2570474218654513,7.501646425342748,6.244599003477296,6.08725,1.108907826743102,0.3299190931865785
Mouse_460,0.05,2.5083,1.0891635638201635,7.501646425342748,6.412482861522584,6.08725,0.8865911869616128,0.4120579900611935
Mouse_460,0.05,2.7583,1.0319743826276766,7.501646425342748,6.469672042715072,6.08725,0.7915818718737448,0.453127438498501
Mouse_460,0.05,3.0083,0.47397006717421974,7.501646425342748,7.027676358168528,6.08725,0.7048212846465599,0.4941968869358085
Mouse_460,0.05,3.2583,1.0282773181405136,7.501646425342748,6.473369107202235,6.08725,0.6249908328316345,0.535266335373116
Mouse_460,0.05,3.5083,1.503727887875045,7.501646425342748,5.997918537467703,6.08725,0.551064830136047,0.5763357838104235
Mouse_460,0.05,3.7583,1.4734127008527886,7.501646425342748,6.02823372448996,6.08725,0.4822296923018975,0.6174052322477309
Mouse_460,0.05,4.0083,1.490104544883534,7.501646425342748,6.011541880459214,6.08725,0.4178292085227765,0.6584746806850384
Mouse_460,0.05,4.5083,0.24030211820202885,7.501646425342748,7.261344307140719,6.08725,0.3002762774818376,0.7406135775596534
Mouse_460,0.05,5.0083,0.2808367691819371,7.501646425342748,7.22080965616081,6.08725,0.19509988364662767,0.8227524744342684
Mouse_460,0.05,5.5083,0.05032542769630315,7.501646425342748,7.4513209976464445,6.08725,0.09994037418948366,0.9048913713088833
Mouse_460,0.05,6.0083,-0.4768248066719969,7.501646425342748,7.978471232014744,6.08725,0.013054573166291843,0.9870302681834984
Mouse_460,0.05,6.5083,-0.4447272819905357,7.501646425342748,7.946373707333283,6.08725,0.06688186560200225,1.0691691650581132
Mouse_460,0.05,7.0083,-0.43492107608980435,7.501646425342748,7.9365675014325525,6.08725,0.14089874113342518,1.1513080619327283
Mouse_460,0.05,7.5083,-0.24903582921719902,7.501646425342748,7.750682254559947,6.08725,0.20981265550118605,1.2334469588073433
Mouse_460,0.05,8.0083,-0.3173889048692722,7.501646425342748,7.81903533021202,6.08725,0.2742820840450811,1.3155858556819582
Mouse_460,0.05,8.5083,0.524267926421992,7.501646425342748,6.977378498920755,6.08725,0.3348457378436298,1.3977247525565732
Mouse_460,0.05,9.0083,0.613087901345382,7.501646425342748,6.888558523997366,6.08725,0.3919499547691978,1.479863649431188
Mouse_460,0.05,9.5083,0.45133998953046356,7.501646425342748,7.050306435812284,6.08725,0.44596868157352987,1.5620025463058032
Mouse_460,0.05,10.0083,1.0504197159662794,7.501646425342748,6.451226709376469,6.08725,0.49721832893092527,1.6441414431804182
Mouse_460,0.05,11.0083,0.8841716143691838,7.501646425342748,6.6174748109735635,6.08725,0.5924531139230134,1.8084192369296481
Mouse_460,0.05,12.0083,0.9585400074841619,7.501646425342748,6.543106417858586,6.08725,0.6794016575599218,1.972697030678878
Mouse_460,0.05,13.0083,0.36785957944096026,7.501646425342748,7.133786845901787,6.08725,0.7593911954665439,2.136974824428108
Mouse_460,0.05,14.0083,0.6308651130761191,7.501646425342748,6.870781312266629,6.08725,0.8334535912841505,2.301252618177338
Mouse_460,0.05,15.0083,0.42520804810818325,7.501646425342748,7.076438377234565,6.08725,0.9024069615995063,2.4655304119265677
Mouse_460,0.05,16.0083,0.30432060217924883,7.501646425342748,7.197325823163499,6.08725,0.9669109179319163,2.6298082056757974
Mouse_460,0.05,17.0083,0.46361693382521296,7.501646425342748,7.038029491517535,6.08725,1.0275050403986647,2.7940859994250276
Mouse_460,0.05,18.0083,0.3470007062470668,7.501646425342748,7.154645719095679,6.08725,1.0846363429246193,2.9583637931742572
Mouse_460,0.05,19.0083,0.5435467583894114,7.501646425342748,6.958099666953336,6.08725,1.1386793060803722,3.1226415869234874
Mouse_460,0.05,20.0084,0.13075992641678136,7.501646425342748,7.370886498925967,6.08725,1.1899557655750816,3.2869358084520925
Mouse_460,0.05,22.0084,-0.04128403356522892,7.501646425342748,7.542930458907977,6.08725,1.2852277788625237,3.615491395950553
Mouse_460,0.05,24.0084,-0.3202942358934888,7.501646425342748,7.821940661236237,6.08725,1.372207349308636,3.9440469834490126
Mouse_460,0.05,26.0084,-0.3554495590474356,7.501646425342748,7.857095984390185,6.08725,1.4522231429628505,4.272602570947472
Mouse_460,0.05,28.0084,-0.5925439910452415,7.501646425342748,8.094190416387988,6.08725,1.5263080453806044,4.601158158445933
Mouse_460,0.05,30.0084,-0.6101246396658555,7.501646425342748,8.111771065008604,6.08725,1.5952809226658735,4.929713745944392
Mouse_460,0.05,32.0084,-0.5166523569418597,7.501646425342748,8.018298782284607,6.08725,1.659801948549032,5.258269333442852
Mouse_460,0.05,34.0084,-0.5242142562315144,7.501646425342748,8.025860681574262,6.08725,1.7204111331220877,5.586824920941312
Mouse_460,0.05,36.0084,-0.3697692833344397,7.501646425342748,7.871415708677187,6.08725,1.7775558247678573,5.915380508439772
Mouse_460,0.05,38.0084,-0.30640718337102424,7.501646425342748,7.808053608713772,6.08725,1.8316107681258342,6.243936095938232
Mouse_460,0.05,40.0084,-0.2800435486735293,7.501646425342748,7.7816899740162775,6.08725,1.8828930122634253,6.5724916834366915
Mouse_460,0.05,45.0084,-0.12765203731025276,7.501646425342748,7.629298462652999,6.08725,2.0006527192133343,7.393880652182841
Mouse_460,0.05,48.0084,-0.11951162325063125,7.501646425342748,7.621158048593379,6.08725,2.0651795757935796,7.886714033430532
Mouse_460,0.05,51.0084,-0.02202742848368411,7.501646425342748,7.523673853826432,6.08725,2.1257939052405566,8.379547414678221
Mouse_460,0.05,54.0084,-0.035219816764098244,7.501646425342748,7.536866242106846,6.08725,2.1829431702187216,8.872380795925912
Mouse_460,0.05,57.0084,-0.08443839415851917,7.501646425342748,7.5860848195012665,6.08725,2.237002205594346,9.3652141771736
Mouse_460,0.05,65.0084,-0.06326183405339103,7.501646425342748,7.564908259396139,6.08725,2.3683200725116937,10.67943652716744
Mouse_460,0.05,70.0084,-0.1204709436769823,7.501646425342748,7.62211736901973,6.08725,2.442418815046337,11.500825495913588
Mouse_460,0.05,75.0084,-0.14888708890455327,7.501646425342748,7.650533514247301,6.08725,2.511403687461181,12.322214464659739
Mouse_460,0.05,80.0084,-0.18730547352018823,7.501646425342748,7.688951898862936,6.08725,2.5759352093581698,13.143603433405888
Mouse_460,0.05,85.0084,-0.21271581524913108,7.501646425342748,7.714362240591878,6.08725,2.6365536553334072,13.964992402152038
Mouse_460,0.05,90.0084,-0.24126429080289546,7.501646425342748,7.7429107161456425,6.08725,2.6937065795047164,14.786381370898187
Mouse_460,0.05,95.0084,-0.27718288768891963,7.501646425342748,7.778829313031667,6.08725,2.747768888940664,15.607770339644338
Mouse_460,0.05,100.0084,-0.2835814082308361,7.501646425342748,7.7852278335735825,6.08725,2.7990577626566915,16.42915930839049
Mouse_460,0.05,105.0083,-0.3420718531173743,7.501646425342748,7.843718278460122,6.08725,2.847842974848875,17.250531849357262
Mouse_460,0.05,110.0083,-0.33983144156604084,7.501646425342748,7.841477866908789,6.08725,2.8943593976877224,18.071920818103415
Mouse_460,0.05,115.0083,-0.37622612974934855,7.501646425342748,7.877872555092097,6.08725,2.9388078798682846,18.893309786849564
Mouse_460,0.05,125.0083,-0.4073018421881067,7.501646425342748,7.908948267530855,6.08725,3.022183715294321,20.53608772434186
Mouse_460,0.05,135.0083,-0.4613483906143543,7.501646425342748,7.962994815957102,6.08725,3.0991398382264044,22.17886566183416
Mouse_460,0.05,145.0083,-0.45036684435760765,7.501646425342748,7.952013269700355,6.08725,3.170594562358062,23.82164359932646
Mouse_460,0.05,155.0083,-0.5065457553736978,7.501646425342748,8.008192180716446,6.08725,3.237282244069082,25.464421536818758
Mouse_460,0.05,165.0083,-0.5314524100492458,7.501646425342748,8.033098835391993,6.08725,3.299799355862131,27.10719947431106
Mouse_460,0.05,175.0083,-0.5747576079857257,7.501646425342748,8.076404033328473,6.08725,3.358636981566646,28.749977411803357
Mouse_460,0.05,185.0083,-0.5684714481346242,7.501646425342748,8.070117873477372,6.08725,3.414204269133194,30.39275534929566
Mouse_460,0.05,195.0083,-0.5880620647460213,7.501646425342748,8.08970849008877,6.08725,3.4668457019568875,32.03553328678796
Mouse_460,0.05,205.0087,-0.58282915061003,7.501646425342748,8.084475575952778,6.08725,3.516855997458691,33.67837693539776
Mouse_460,0.05,215.0087,-0.6165825005865884,7.501646425342748,8.118228925929337,6.08725,3.5644820726216535,35.321154872890055
Mouse_460,0.05,225.0087,-0.6283628920358225,7.501646425342748,8.130009317378569,6.08725,3.609942648319953,36.96393281038236
Mouse_460,0.05,235.0087,-0.6480489675975734,7.501646425342748,8.149695392940322,6.08725,3.6534261149318867,38.60671074787466
Mouse_460,0.05,245.0087,-0.6469519245897919,7.501646425342748,8.148598349932541,6.08725,3.6950973003147385,40.249488685366956
Mouse_460,0.1,0.5083,-1.3323981874899502,8.72448419790598,10.05688238539593,7.5889,2.7033701078975767,0.06697940412971577
Mouse_460,0.1,1.0083,1.4775848417122264,8.72448419790598,7.2468993561937545,7.5889,2.018420908951264,0.1328651056147795
Mouse_460,0.1,1.5083,1.396863971783758,8.72448419790598,7.327620226122223,7.5889,1.615703464576227,0.1987508070998432
Mouse_460,0.1,2.0083,1.0168115563238302,8.72448419790598,7.707672641582151,7.5889,1.329398060307801,0.26463650858490695
Mouse_460,0.1,2.5083,1.5941791152005709,8.72448419790598,7.13030508270541,7.5889,1.1070814205263115,0.3305222100699707
Mouse_460,0.1,2.7583,0.6371268914510138,8.72448419790598,8.087357306454967,7.5889,1.0120721054384438,0.3634650608125025
Mouse_460,0.1,3.0083,-0.6354056287925953,8.72448419790598,9.359889826698575,7.5889,0.9253115182112588,0.39640791155503435
Mouse_460,0.1,3.2583,0.38540844819152204,8.72448419790598,8.339075749714459,7.5889,0.8454810663963334,0.42935076229756625
Mouse_460,0.1,3.5083,2.082519976122607,8.72448419790598,6.6419642217833745,7.5889,0.771555063700746,0.4622936130400981
Mouse_460,0.1,3.7583,2.3746824379326523,8.72448419790598,6.349801759973328,7.5889,0.7027199258665964,0.4952364637826299
Mouse_460,0.1,4.0083,1.8973472702872738,8.72448419790598,6.8271369276187075,7.5889,0.6383194420874755,0.5281793145251618
Mouse_460,0.1,4.5083,-0.2120826177397728,8.72448419790598,8.936566815645755,7.5889,0.5207665110465365,0.5940650160102255
Mouse_460,0.1,5.0083,-0.1712903456778263,8.72448419790598,8.895774543583807,7.5889,0.41559011721132655,0.6599507174952892
Mouse_460,0.1,5.5083,-0.3983641411985146,8.72448419790598,9.122848339104495,7.5889,0.32043060775418253,0.7258364189803529
Mouse_460,0.1,6.0083,-1.0282912937497342,8.72448419790598,9.752775491655715,7.5889,0.23354480673099073,0.7917221204654167
Mouse_460,0.1,6.5083,-0.7929336951350815,8.72448419790598,9.517417893041063,7.5889,0.15360836796269656,0.8576078219504804
Mouse_460,0.1,7.0083,-0.7277305009704573,8.72448419790598,9.452214698876437,7.5889,0.07959149243127375,0.923493523435544
Mouse_460,0.1,7.5083,-0.6344250245827334,8.72448419790598,9.358909222488712,7.5889,0.010677578063512874,0.9893792249206078
Mouse_460,0.1,8.0083,-0.04267382750890647,8.72448419790598,8.767158025414886,7.5889,0.053791850480382215,1.0552649264056715
Mouse_460,0.1,8.5083,0.5863535783571373,8.72448419790598,8.138130619548843,7.5889,0.11435550427893093,1.1211506278907353
Mouse_460,0.1,9.0083,0.5716150910334714,8.72448419790598,8.15286910687251,7.5889,0.1714597212044989,1.1870363293757988
Mouse_460,0.1,9.5083,1.0672896645855747,8.72448419790598,7.657194533320406,7.5889,0.225478448008831,1.2529220308608626
Mouse_460,0.1,10.0083,1.4766872441110572,8.72448419790598,7.247796953794923,7.5889,0.2767280953662264,1.3188077323459264
Mouse_460,0.1,11.0083,1.0448648489552288,8.72448419790598,7.679619348950752,7.5889,0.37196288035831443,1.4505791353160538
Mouse_460,0.1,12.0083,1.2108596016472974,8.72448419790598,7.513624596258683,7.5889,0.4589114239952228,1.582350538286181
Mouse_460,0.1,13.0083,0.46032673616124375,8.72448419790598,8.264157461744738,7.5889,0.538900961901845,1.7141219412563087
Mouse_460,0.1,14.0083,0.84157640102018,8.72448419790598,7.882907796885801,7.5889,0.6129633577194515,1.845893344226436
Mouse_460,0.1,15.0083,0.5791271815952269,8.72448419790598,8.145357016310754,7.5889,0.6819167280348075,1.9776647471965636
Mouse_460,0.1,16.0083,0.48168154043696276,8.72448419790598,8.242802657469017,7.5889,0.7464206843672175,2.1094361501666907
Mouse_460,0.1,17.0083,0.7488109131136551,8.72448419790598,7.975673284792325,7.5889,0.807014806833966,2.2412075531368183
Mouse_460,0.1,18.0083,0.7002380332655442,8.72448419790598,8.024246164640436,7.5889,0.8641461093599205,2.3729789561069454
Mouse_460,0.1,19.0083,1.0862693481242647,8.72448419790598,7.638214849781717,7.5889,0.9181890725156732,2.504750359077073
Mouse_460,0.1,20.0084,0.5573713147723369,8.72448419790598,8.167112883133644,7.5889,0.9694655320103828,2.6365349391874977
Mouse_460,0.1,22.0084,0.429889409750155,8.72448419790598,8.294594788155827,7.5889,1.064737545297825,2.900077745127753
Mouse_460,0.1,24.0084,0.16864555370204393,8.72448419790598,8.555838644203938,7.5889,1.1517171157439372,3.1636205510680075
Mouse_460,0.1,26.0084,0.2454303359264891,8.72448419790598,8.47905386197949,7.5889,1.2317329093981515,3.4271633570082622
Mouse_460,0.1,28.0084,-0.007726993172413321,8.72448419790598,8.732211191078395,7.5889,1.3058178118159056,3.6907061629485174
Mouse_460,0.1,30.0084,0.04250522339749985,8.72448419790598,8.681978974508482,7.5889,1.3747906891011747,3.954248968888772
Mouse_460,0.1,32.0084,0.19972393986689152,8.72448419790598,8.52476025803909,7.5889,1.4393117149843333,4.217791774829027
Mouse_460,0.1,34.0084,0.254445613430172,8.72448419790598,8.470038584475809,7.5889,1.499920899557389,4.481334580769282
Mouse_460,0.1,36.0084,0.3870082002384052,8.72448419790598,8.337475997667575,7.5889,1.5570655912031586,4.744877386709537
Mouse_460,0.1,38.0084,0.543545162242717,8.72448419790598,8.180939035663265,7.5889,1.6111205345611352,5.008420192649791
Mouse_460,0.1,40.0084,0.5764044031711926,8.72448419790598,8.148079794734787,7.5889,1.6624027786987263,5.2719629985900465
Mouse_460,0.1,45.0084,0.7691296245875994,8.72448419790598,7.955354573318381,7.5889,1.7801624856486356,5.930820013440684
Mouse_460,0.1,48.0084,0.7919168157565728,8.72448419790598,7.932567382149408,7.5889,1.8446893422288808,6.326134222351066
Mouse_460,0.1,51.0084,0.9061003704054302,8.72448419790598,7.818383827500551,7.5889,1.9053036716758578,6.721448431261448
Mouse_460,0.1,54.0084,0.8954522643086815,8.72448419790598,7.8290319335972995,7.5889,1.9624529366540227,7.116762640171831
Mouse_460,0.1,57.0084,0.8558713571468859,8.72448419790598,7.868612840759095,7.5889,2.0165119720296474,7.512076849082213
Mouse_460,0.1,65.0084,0.866750863522407,8.72448419790598,7.857733334383574,7.5889,2.1478298389469948,8.566248072843232
Mouse_460,0.1,70.0084,0.8427927713304921,8.72448419790598,7.88169142657549,7.5889,2.2219285814816385,9.225105087693867
Mouse_460,0.1,75.0084,0.7837972108092828,8.72448419790598,7.940686987096698,7.5889,2.290913453896482,9.883962102544505
Mouse_460,0.1,80.0084,0.7252595374525543,8.72448419790598,7.999224660453426,7.5889,2.355444975793471,10.542819117395142
Mouse_460,0.1,85.0084,0.6800082823847234,8.72448419790598,8.044475915521257,7.5889,2.4160634217687083,11.20167613224578
Mouse_460,0.1,90.0084,0.6490593706539561,8.72448419790598,8.075424827252025,7.5889,2.4732163459400174,11.860533147096417
Mouse_460,0.1,95.0084,0.5341866532964269,8.72448419790598,8.190297544609553,7.5889,2.527278655375965,12.519390161947054
Mouse_460,0.1,100.0084,0.5618223458196239,8.72448419790598,8.162661852086357,7.5889,2.5785675290919925,13.178247176797692
Mouse_460,0.1,105.0083,0.5059561125141978,8.72448419790598,8.218528085391783,7.5889,2.6273527412841764,13.837091014508033
Mouse_460,0.1,110.0083,0.4712333960749593,8.72448419790598,8.253250801831022,7.5889,2.6738691641230234,14.49594802935867
Mouse_460,0.1,115.0083,0.4302829494109526,8.72448419790598,8.294201248495028,7.5889,2.7183176463035856,15.154805044209306
Mouse_460,0.1,125.0083,0.3463450941758497,8.72448419790598,8.378139103730131,7.5889,2.801693481729622,16.472519073910583
Mouse_460,0.1,135.0083,0.25695273221766357,8.72448419790598,8.467531465688317,7.5889,2.8786496046617054,17.790233103611854
Mouse_460,0.1,145.0083,0.2438799886776175,8.72448419790598,8.480604209228364,7.5889,2.950104328793363,19.10794713331313
Mouse_460,0.1,155.0083,0.14563193640221606,8.72448419790598,8.578852261503766,7.5889,3.0167920105043833,20.425661163014404
Mouse_460,0.1,165.0083,0.11695408775279059,8.72448419790598,8.60753011015319,7.5889,3.079309122297432,21.743375192715675
Mouse_460,0.1,175.0083,0.033559910307765506,8.72448419790598,8.690924287598214,7.5889,3.138146748001947,23.06108922241695
Mouse_460,0.1,185.0083,0.056361025265413645,8.72448419790598,8.668123172640566,7.5889,3.193714035568495,24.378803252118225
Mouse_460,0.1,195.0083,-0.020300962108997678,8.72448419790598,8.744785160014978,7.5889,3.2463554683921885,25.6965172818195
Mouse_460,0.1,205.0087,-0.028663373075811016,8.72448419790598,8.753147570981792,7.5889,3.296365763893992,27.014284020081963
Mouse_460,0.1,215.0087,-0.0718154550116532,8.72448419790598,8.796299652917634,7.5889,3.3439918390569545,28.331998049783238
Mouse_460,0.1,225.0087,-0.11338753314056049,8.72448419790598,8.83787173104654,7.5889,3.389452414755254,29.649712079484512
Mouse_460,0.1,235.0087,-0.14350582113972354,8.72448419790598,8.867990019045704,7.5889,3.4329358813671877,30.967426109185787
Mouse_460,0.1,245.0087,-0.1342050252221485,8.72448419790598,8.858689223128128,7.5889,3.47460706675004,32.28514013888706
Mouse_460,0.25,0.5083,-2.2813955601538565,10.019090017998872,12.300485578152728,9.4997625,2.92795025282327,0.053506600822915314
Mouse_460,0.25,1.0083,1.9459236211360662,10.019090017998872,8.073166396862804,9.4997625,2.243001053876957,0.10613949559265298
Mouse_460,0.25,1.5083,2.6706792875744485,10.019090017998872,7.348410730424423,9.4997625,1.8402836095019202,0.15877239036239066
Mouse_460,0.25,2.0083,1.3183350390657247,10.019090017998872,8.700754978933146,9.4997625,1.5539782052334945,0.21140528513212833
Mouse_460,0.25,2.5083,2.0068295522747546,10.019090017998872,8.012260465724117,9.4997625,1.331661565452005,0.264038179901866
Mouse_460,0.25,2.7583,0.9478034640426509,10.019090017998872,9.07128655395622,9.4997625,1.2366522503641373,0.29035462728673483
Mouse_460,0.25,3.0083,-0.41130360400075805,10.019090017998872,10.430393621999627,9.4997625,1.1498916631369522,0.31667107467160366
Mouse_460,0.25,3.2583,0.6132930341153129,10.019090017998872,9.405796983883558,9.4997625,1.0700612113220267,0.34298752205647254
Mouse_460,0.25,3.5083,2.9608813971209478,10.019090017998872,7.058208620877924,9.4997625,0.9961352086264393,0.36930396944134136
Mouse_460,0.25,3.7583,3.239382057452638,10.019090017998872,6.779707960546232,9.4997625,0.9273000707922897,0.3956204168262102
Mouse_460,0.25,4.0083,2.5467561415601923,10.019090017998872,7.472333876438679,9.4997625,0.8628995870131688,0.421936864211079
Mouse_460,0.25,4.5083,-0.13141016460826732,10.019090017998872,10.15050018260714,9.4997625,0.7453466559722299,0.47456975898081666
Mouse_460,0.25,5.0083,-0.10281634700283071,10.019090017998872,10.121906365001703,9.4997625,0.64017026213702,0.5272026537505543
Mouse_460,0.25,5.5083,-0.5076184176419059,10.019090017998872,10.526708435640778,9.4997625,0.5450107526798759,0.5798355485202921
Mouse_460,0.25,6.0083,-1.1078629553730528,10.019090017998872,11.126952973371925,9.4997625,0.45812495165668415,0.6324684432900297
Mouse_460,0.25,6.5083,-1.0183536766819428,10.019090017998872,11.037443694680814,9.4997625,0.37818851288838995,0.6851013380597674
Mouse_460,0.25,7.0083,-1.0225919457195891,10.019090017998872,11.04168196371846,9.4997625,0.3041716373569671,0.737734232829505
Mouse_460,0.25,7.5083,-0.9257639572271499,10.019090017998872,10.944853975226021,9.4997625,0.23525772298920633,0.7903671275992427
Mouse_460,0.25,8.0083,0.014652180876896459,10.019090017998872,10.004437837121975,9.4997625,0.1707882944453111,0.8430000223689804
Mouse_460,0.25,8.5083,0.584558555208452,10.019090017998872,9.434531462790419,9.4997625,0.11022464064676248,0.8956329171387181
Mouse_460,0.25,9.0083,0.5074811461881339,10.019090017998872,9.511608871810736,9.4997625,0.0531204237211944,0.9482658119084557
Mouse_460,0.25,9.5083,1.567826822751381,10.019090017998872,8.45126319524749,9.4997625,0.0008983030831375941,1.0008987066781934
Mouse_460,0.25,10.0083,2.245394921593771,10.019090017998872,7.773695096405101,9.4997625,0.052147950440532914,1.053531601447931
Mouse_460,0.25,11.0083,2.0291451257955737,10.019090017998872,7.989944892203297,9.4997625,0.14738273543262095,1.1587973909874063
Mouse_460,0.25,12.0083,2.276495399672527,10.019090017998872,7.742594618326344,9.4997625,0.23433127906952955,1.2640631805268818
Mouse_460,0.25,13.0083,1.6139203524442576,10.019090017998872,8.405169665554613,9.4997625,0.3143208169761516,1.3693289700663571
Mouse_460,0.25,14.0083,2.0328271359869126,10.019090017998872,7.986262882011958,9.4997625,0.3883832127937582,1.4745947596058324
Mouse_460,0.25,15.0083,1.7058607340241587,10.019090017998872,8.313229283974712,9.4997625,0.457336583109114,1.5798605491453077
Mouse_460,0.25,16.0083,1.6348265984736479,10.019090017998872,8.384263419525222,9.4997625,0.521840539441524,1.6851263386847828
Mouse_460,0.25,17.0083,1.9265006870612278,10.019090017998872,8.092589330937644,9.4997625,0.5824346619082725,1.7903921282242583
Mouse_460,0.25,18.0083,1.8576643710591767,10.019090017998872,8.161425646939694,9.4997625,0.6395659644342272,1.8956579177637336
Mouse_460,0.25,19.0083,2.2772782108775624,10.019090017998872,7.741811807121309,9.4997625,0.6936089275899797,2.0009237073032087
Mouse_460,0.25,20.0084,1.743663919522629,10.019090017998872,8.275426098476242,9.4997625,0.7448853870846895,2.1062000234216387
Mouse_460,0.25,22.0084,1.6266828481679498,10.019090017998872,8.392407169830921,9.4997625,0.8401574003721315,2.3167316025005893
Mouse_460,0.25,24.0084,1.2891102609461589,10.019090017998872,8.729979757052712,9.4997625,0.9271369708182438,2.52726318157954
Mouse_460,0.25,26.0084,1.4115011496816958,10.019090017998872,8.607588868317176,9.4997625,1.007152764472458,2.7377947606584905
Mouse_460,0.25,28.0084,1.1296954208170993,10.019090017998872,8.889394597181772,9.4997625,1.081237666890212,2.948326339737441
Mouse_460,0.25,30.0084,1.1793574465242793,10.019090017998872,8.839732571474592,9.4997625,1.1502105441754815,3.158857918816392
Mouse_460,0.25,32.0084,1.362377178665187,10.019090017998872,8.656712839333684,9.4997625,1.2147315700586399,3.3693894978953427
Mouse_460,0.25,34.0084,1.440387902909035,10.019090017998872,8.578702115089836,9.4997625,1.2753407546316955,3.5799210769742933
Mouse_460,0.25,36.0084,1.5418674584264584,10.019090017998872,8.477222559572413,9.4997625,1.3324854462774651,3.790452656053244
Mouse_460,0.25,38.0084,1.7443960048134208,10.019090017998872,8.27469401318545,9.4997625,1.3865403896354418,4.0009842351321945
Mouse_460,0.25,40.0084,1.7730174272623946,10.019090017998872,8.246072590736476,9.4997625,1.4378226337730329,4.211515814211145
Mouse_460,0.25,45.0084,1.9707810386481786,10.019090017998872,8.048308979350693,9.4997625,1.555582340722942,4.737844761908522
Mouse_460,0.25,48.0084,1.9681863904678227,10.019090017998872,8.05090362753105,9.4997625,1.6201091973031874,5.053642130526948
Mouse_460,0.25,51.0084,2.082107035433827,10.019090017998872,7.936982982565044,9.4997625,1.6807235267501641,5.369439499145374
Mouse_460,0.25,54.0084,2.0457953743644044,10.019090017998872,7.973294643634468,9.4997625,1.7378727917283292,5.6852368677638
Mouse_460,0.25,57.0084,1.9566887785094877,10.019090017998872,8.062401239489382,9.4997625,1.791931827103954,6.001034236382226
Mouse_460,0.25,65.0084,1.9460342595337146,10.019090017998872,8.073055758465156,9.4997625,1.9232496940213013,6.843160552698028
Mouse_460,0.25,70.0084,1.8848249313376466,10.019090017998872,8.134265086661225,9.4997625,1.997348436555945,7.369489500395405
Mouse_460,0.25,75.0084,1.7733974573134939,10.019090017998872,8.245692560685377,9.4997625,2.0663333089707887,7.895818448092782
Mouse_460,0.25,80.0084,1.6897665757457094,10.019090017998872,8.329323442253163,9.4997625,2.1308648308677776,8.422147395790159
Mouse_460,0.25,85.0084,1.604432462723516,10.019090017998872,8.414657555275355,9.4997625,2.191483276843015,8.948476343487535
Mouse_460,0.25,90.0084,1.5705787405379246,10.019090017998872,8.448511277460945,9.4997625,2.2486362010143237,9.47480529118491
Mouse_460,0.25,95.0084,1.4046298108592459,10.019090017998872,8.614460207139626,9.4997625,2.3026985104502717,10.001134238882289
Mouse_460,0.25,100.0084,1.4348973277938994,10.019090017998872,8.584192690204972,9.4997625,2.353987384166299,10.527463186579665
Mouse_460,0.25,105.0083,1.3518294112196871,10.019090017998872,8.667260606779184,9.4997625,2.4027725963584827,11.053781607698088
Mouse_460,0.25,110.0083,1.3053625894338183,10.019090017998872,8.713727428565054,9.4997625,2.4492890191973298,11.580110555395466
Mouse_460,0.25,115.0083,1.2501567467822685,10.019090017998872,8.768933271216603,9.4997625,2.493737501377892,12.106439503092842
Mouse_460,0.25,125.0083,1.1243548799448373,10.019090017998872,8.894735138054035,9.4997625,2.577113336803929,13.159097398487596
Mouse_460,0.25,135.0083,1.0175811150126925,10.019090017998872,9.001508902986178,9.4997625,2.654069459736012,14.211755293882348
Mouse_460,0.25,145.0083,0.9849825046038667,10.019090017998872,9.034107513395004,9.4997625,2.7255241838676696,15.2644131892771
Mouse_460,0.25,155.0083,0.8720493336923134,10.019090017998872,9.147040684306557,9.4997625,2.79221186557869,16.317071084671856
Mouse_460,0.25,165.0083,0.8377999503422593,10.019090017998872,9.181290067656612,9.4997625,2.854728977371739,17.369728980066608
Mouse_460,0.25,175.0083,0.7184150891026909,10.019090017998872,9.300674928896182,9.4997625,2.9135666030762537,18.42238687546136
Mouse_460,0.25,185.0083,0.7642757782844924,10.019090017998872,9.254814239714378,9.4997625,2.969133890642802,19.475044770856115
Mouse_460,0.25,195.0083,0.669942581169952,10.019090017998872,9.349147436828918,9.4997625,3.0217753234664952,20.527702666250867
Mouse_460,0.25,205.0087,0.6486439549697014,10.019090017998872,9.37044606302917,9.4997625,3.0717856189682986,21.580402667961437
Mouse_460,0.25,215.0087,0.6065409325141199,10.019090017998872,9.412549085484748,9.4997625,3.1194116941312613,22.633060563356192
Mouse_460,0.25,225.0087,0.5525060636169769,10.019090017998872,9.466583954381894,9.4997625,3.164872269829561,23.685718458750944
Mouse_460,0.25,235.0087,0.5244487979685477,10.019090017998872,9.494641220030324,9.4997625,3.2083557364414945,24.7383763541457
Mouse_460,0.25,245.0087,0.5368191483480286,10.019090017998872,9.482270869650842,9.4997625,3.2500269218243463,25.791034249540452
Mouse_460,0.5,0.5083,-2.897402575886903,10.831026124544312,13.728428700431216,9.983025,2.97756960513767,0.050916430641013116
Mouse_460,0.5,1.0083,2.5817742842315163,10.831026124544312,8.249251840312796,9.983025,2.2926204061913573,0.10100144996130933
Mouse_460,0.5,1.5083,2.849037738115152,10.831026124544312,7.98198838642916,9.983025,1.8899029618163203,0.15108646928160552
Mouse_460,0.5,2.0083,2.59716579961238,10.831026124544312,8.233860324931932,9.983025,1.6035975575478942,0.20117148860190176
Mouse_460,0.5,2.5083,2.817884588544282,10.831026124544312,8.013141536000031,9.983025,1.381280917766405,0.25125650792219795
Mouse_460,0.5,2.7583,1.8617281514066124,10.831026124544312,8.969297973137701,9.983025,1.2862716026785372,0.27629901758234604
Mouse_460,0.5,3.0083,0.8412145482475037,10.831026124544312,9.989811576296809,9.983025,1.199511015451352,0.3013415272424942
Mouse_460,0.5,3.2583,1.6536417373757022,10.831026124544312,9.177384387168612,9.983025,1.1196805636364267,0.3263840369026423
Mouse_460,0.5,3.5083,3.9238013276155446,10.831026124544312,6.907224796928768,9.983025,1.0457545609408392,0.3514265465627904
Mouse_460,0.5,3.7583,4.52636907542435,10.831026124544312,6.304657049119962,9.983025,0.9769194231066897,0.37646905622293847
Mouse_460,0.5,4.0083,3.6741682287907445,10.831026124544312,7.156857895753568,9.983025,0.9125189393275688,0.40151156588308656
Mouse_460,0.5,4.5083,0.15575832265889303,10.831026124544312,10.675267801885418,9.983025,0.7949660082866298,0.4515965852033828
Mouse_460,0.5,5.0083,0.22480458029679262,10.831026124544312,10.606221544247518,9.983025,0.68978961445142,0.5016816045236789
Mouse_460,0.5,5.5083,-0.27810186498280576,10.831026124544312,11.109127989527117,9.983025,0.5946301049942757,0.5517666238439752
Mouse_460,0.5,6.0083,-0.9478048268910805,10.831026124544312,11.778830951435395,9.983025,0.507744303971084,0.6018516431642714
Mouse_460,0.5,6.5083,-0.8483082366957531,10.831026124544312,11.679334361240066,9.983025,0.42780786520278985,0.6519366624845676
Mouse_460,0.5,7.0083,-0.622676806670566,10.831026124544312,11.45370293121488,9.983025,0.353790989671367,0.7020216818048638
Mouse_460,0.5,7.5083,-0.5936367816699581,10.831026124544312,11.424662906214271,9.983025,0.28487707530360623,0.75210670112516
Mouse_460,0.5,8.0083,0.7435870028376339,10.831026124544312,10.087439121706678,9.983025,0.22040764675971114,0.8021917204454562
Mouse_460,0.5,8.5083,1.679393527937262,10.831026124544312,9.151632596607051,9.983025,0.15984399296116236,0.8522767397657525
Mouse_460,0.5,9.0083,1.6807568482275974,10.831026124544312,9.150269276316715,9.983025,0.10273977603559428,0.9023617590860487
Mouse_460,0.5,9.5083,3.133306929385232,10.831026124544312,7.697719195159079,9.983025,0.04872104923126229,0.9524467784063448
Mouse_460,0.5,10.0083,4.569728989936608,10.831026124544312,6.2612971346077035,9.983025,0.002528598126133033,1.002531797726641
Mouse_460,0.5,11.0083,5.034786202143148,10.831026124544312,5.796239922401165,9.983025,0.09776338311822108,1.1027018363672334
Mouse_460,0.5,12.0083,5.253152318651582,10.831026124544312,5.577873805892731,9.983025,0.1847119267551295,1.2028718750078258
Mouse_460,0.5,13.0083,4.646011465074848,10.831026124544312,6.185014659469465,9.983025,0.2647014646617517,1.3030419136484184
Mouse_460,0.5,14.0083,5.05338311795961,10.831026124544312,5.777643006584702,9.983025,0.33876386047935836,1.4032119522890107
Mouse_460,0.5,15.0083,4.638175959056566,10.831026124544312,6.192850165487746,9.983025,0.40771723079471417,1.5033819909296031
Mouse_460,0.5,16.0083,4.458556412597137,10.831026124544312,6.372469711947176,9.983025,0.47222118712712413,1.6035520295701953
Mouse_460,0.5,17.0083,4.78422834444679,10.831026124544312,6.046797780097522,9.983025,0.5328153095938726,1.7037220682107876
Mouse_460,0.5,18.0083,4.654374950347983,10.831026124544312,6.176651174196329,9.983025,0.5899466121198274,1.8038921068513802
Mouse_460,0.5,19.0083,5.059250677889345,10.831026124544312,5.771775446654967,9.983025,0.6439895752755799,1.9040621454919726
Mouse_460,0.5,20.0084,4.449048882409904,10.831026124544312,6.3819772421344085,9.983025,0.6952660347702896,2.0042422011364294
Mouse_460,0.5,22.0084,4.251531022909668,10.831026124544312,6.579495101634644,9.983025,0.7905380480577315,2.204582278417614
Mouse_460,0.5,24.0084,3.7963990317370517,10.831026124544312,7.034627092807261,9.983025,0.8775176185038438,2.404922355698799
Mouse_460,0.5,26.0084,3.835553094905492,10.831026124544312,6.995473029638821,9.983025,0.9575334121580581,2.6052624329799836
Mouse_460,0.5,28.0084,3.498290171493318,10.831026124544312,7.332735953050994,9.983025,1.0316183145758122,2.805602510261169
Mouse_460,0.5,30.0084,3.5143924947061524,10.831026124544312,7.31663362983816,9.983025,1.1005911918610816,3.0059425875423536
Mouse_460,0.5,32.0084,3.701409320704802,10.831026124544312,7.12961680383951,9.983025,1.16511221774424,3.2062826648235383
Mouse_460,0.5,34.0084,3.7544944293748252,10.831026124544312,7.076531695169487,9.983025,1.2257214023172958,3.406622742104723
Mouse_460,0.5,36.0084,3.919548157153459,10.831026124544312,6.911477967390853,9.983025,1.2828660939630652,3.606962819385908
Mouse_460,0.5,38.0084,4.094304414830022,10.831026124544312,6.73672170971429,9.983025,1.3369210373210418,3.8073028966670925
Mouse_460,0.5,40.0084,4.140897279628973,10.831026124544312,6.690128844915339,9.983025,1.3882032814586331,4.007642973948277
Mouse_460,0.5,45.0084,4.368587628699965,10.831026124544312,6.4624384958443475,9.983025,1.5059629884085421,4.508493167151239
Mouse_460,0.5,48.0084,4.344601872078542,10.831026124544312,6.4864242524657705,9.983025,1.5704898449887874,4.809003283073017
Mouse_460,0.5,51.0084,4.468070285129785,10.831026124544312,6.3629558394145285,9.983025,1.6311041744357644,5.109513398994794
Mouse_460,0.5,54.0084,4.4278665812044675,10.831026124544312,6.403159543339845,9.983025,1.6882534394139292,5.410023514916571
Mouse_460,0.5,57.0084,4.272650481401583,10.831026124544312,6.55837564314273,9.983025,1.742312474789554,5.7105336308383485
Mouse_460,0.5,65.0084,4.260030209695355,10.831026124544312,6.570995914848957,9.983025,1.8736303417069013,6.511893939963087
Mouse_460,0.5,70.0084,4.110295994930718,10.831026124544312,6.720730129613594,9.983025,1.9477290842415451,7.012744133166049
Mouse_460,0.5,75.0084,3.9929210897120306,10.831026124544312,6.838105034832282,9.983025,2.016713956656389,7.513594326369011
Mouse_460,0.5,80.0084,3.892878858538477,10.831026124544312,6.938147266005835,9.983025,2.081245478553378,8.014444519571974
Mouse_460,0.5,85.0084,3.7939212892021463,10.831026124544312,7.037104835342166,9.983025,2.141863924528615,8.515294712774935
Mouse_460,0.5,90.0084,3.7520276382166284,10.831026124544312,7.078998486327684,9.983025,2.199016848699924,9.016144905977898
Mouse_460,0.5,95.0084,3.6079006466588055,10.831026124544312,7.223125477885507,9.983025,2.2530791581358716,9.516995099180859
Mouse_460,0.5,100.0084,3.6147136014583805,10.831026124544312,7.216312523085932,9.983025,2.304368031851899,10.017845292383821
Mouse_460,0.5,105.0083,3.4853160667752734,10.831026124544312,7.34571005776904,9.983025,2.353153244044083,10.51868546858292
Mouse_460,0.5,110.0083,3.4675633386370293,10.831026124544312,7.3634627859072825,9.983025,2.39966966688293,11.019535661785882
Mouse_460,0.5,115.0083,3.3954693091741763,10.831026124544312,7.435556815370136,9.983025,2.4441181490634922,11.520385854988845
Mouse_460,0.5,125.0083,3.2766246616031762,10.831026124544312,7.5544014629411365,9.983025,2.527493984489529,12.522086241394769
Mouse_460,0.5,135.0083,3.175838211230295,10.831026124544312,7.655187913314017,9.983025,2.6044501074216124,13.52378662780069
Mouse_460,0.5,145.0083,3.152746763483316,10.831026124544312,7.678279361060996,9.983025,2.6759048315532694,14.525487014206615
Mouse_460,0.5,155.0083,3.0460233489720436,10.831026124544312,7.785002775572268,9.983025,2.74259251326429,15.52718740061254
Mouse_460,0.5,165.0083,3.0121453318025337,10.831026124544312,7.818880792741778,9.983025,2.8051096250573386,16.528887787018462
Mouse_460,0.5,175.0083,2.898253787774385,10.831026124544312,7.932772336769927,9.983025,2.8639472507618535,17.530588173424388
Mouse_460,0.5,185.0083,2.9300250461076676,10.831026124544312,7.901001078436645,9.983025,2.919514538328402,18.532288559830313
Mouse_460,0.5,195.0083,2.8634752201059817,10.831026124544312,7.967550904438331,9.983025,2.9721559711520955,19.533988946236235
Mouse_460,0.5,205.0087,2.8480819767110845,10.831026124544312,7.982944147833227,9.983025,3.022166266653899,20.53572940065762
Mouse_460,0.5,215.0087,2.797778081178343,10.831026124544312,8.033248043365969,9.983025,3.0697923418168616,21.53742978706354
Mouse_460,0.5,225.0087,2.7565603337544373,10.831026124544312,8.074465790789874,9.983025,3.1152529175151606,22.539130173469466
Mouse_460,0.5,235.0087,2.730728068524358,10.831026124544312,8.100298056019955,9.983025,3.1587363841270943,23.54083055987539
Mouse_460,0.5,245.0087,2.7325057970032187,10.831026124544312,8.098520327541094,9.983025,3.2004075695099465,24.542530946281314
Mouse_460,1.0,0.5083,-2.395620995631445,12.789727301089073,15.18534829672052,11.38975,3.109397282669348,0.04462784521170351
Mouse_460,1.0,1.0083,2.9936447490180678,12.789727301089073,9.796082552071006,11.38975,2.4244480837230347,0.08852696503435106
Mouse_460,1.0,1.5083,2.7766284026297403,12.789727301089073,10.013098898459333,11.38975,2.021730639347998,0.1324260848569986
Mouse_460,1.0,2.0083,3.643688978882743,12.789727301089073,9.146038322206332,11.38975,1.735425235079572,0.1763252046796462
Mouse_460,1.0,2.5083,3.200928334075271,12.789727301089073,9.588798967013803,11.38975,1.5131085952980825,0.22022432450229376
Mouse_460,1.0,2.7583,2.2516011014962882,12.789727301089073,10.538126199592785,11.38975,1.4180992802102148,0.24217388441361754
Mouse_460,1.0,3.0083,1.7083200919886143,12.789727301089073,11.08140720910046,11.38975,1.3313386929830298,0.26412344432494134
Mouse_460,1.0,3.2583,2.509880888029212,12.789727301089073,10.279846413059861,11.38975,1.2515082411681044,0.2860730042362651
Mouse_460,1.0,3.5083,4.012957864535201,12.789727301089073,8.776769436553872,11.38975,1.177582238472517,0.3080225641475889
Mouse_460,1.0,3.7583,4.864202323895961,12.789727301089073,7.9255249771931116,11.38975,1.1087471006383673,0.32997212405891263
Mouse_460,1.0,4.0083,4.090044707942283,12.789727301089073,8.69968259314679,11.38975,1.0443466168592463,0.35192168397023643
Mouse_460,1.0,4.5083,0.4046234508882715,12.789727301089073,12.385103850200803,11.38975,0.9267936858183076,0.395820803792884
Mouse_460,1.0,5.0083,0.5196762586193975,12.789727301089073,12.270051042469676,11.38975,0.8216172919830976,0.4397199236155315
Mouse_460,1.0,5.5083,0.05831481038255859,12.789727301089073,12.731412490706514,11.38975,0.7264577825259535,0.48361904343817913
Mouse_460,1.0,6.0083,-0.6050874103570116,12.789727301089073,13.394814711446084,11.38975,0.6395719815027617,0.5275181632608267
Mouse_460,1.0,6.5083,-0.5186221740203649,12.789727301089073,13.308349475109438,11.38975,0.5596355427344677,0.5714172830834742
Mouse_460,1.0,7.0083,-0.16836934864322384,12.789727301089073,12.958096649732298,11.38975,0.4856186672030447,0.6153164029061218
Mouse_460,1.0,7.5083,-0.17702487523044574,12.789727301089073,12.96675217631952,11.38975,0.41670475283528385,0.6592155227287694
Mouse_460,1.0,8.0083,1.3436567520692613,12.789727301089073,11.446070549019813,11.38975,0.3522353242913888,0.7031146425514169
Mouse_460,1.0,8.5083,2.3084166256289573,12.789727301089073,10.481310675460115,11.38975,0.2916716704928401,0.7470137623740645
Mouse_460,1.0,9.0083,2.407290400863901,12.789727301089073,10.382436900225173,11.38975,0.23456745356727207,0.790912882196712
Mouse_460,1.0,9.5083,4.042380262235574,12.789727301089073,8.7473470388535,11.38975,0.18054872676294,0.8348120020193596
Mouse_460,1.0,10.0083,5.768081003874322,12.789727301089073,7.021646297214752,11.38975,0.1292990794055446,0.8787111218420072
Mouse_460,1.0,11.0083,6.967778779393175,12.789727301089073,5.821948521695901,11.38975,0.034064294413456556,0.9665093614873023
Mouse_460,1.0,12.0083,7.325052498767803,12.789727301089073,5.464674802321271,11.38975,0.052884249223451876,1.0543076011325974
Mouse_460,1.0,13.0083,7.861654779766292,12.789727301089073,4.9280725213227825,11.38975,0.13287378713007403,1.1421058407778926
Mouse_460,1.0,14.0083,7.914346222315756,12.789727301089073,4.875381078773318,11.38975,0.20693618294768054,1.2299040804231876
Mouse_460,1.0,15.0083,8.102368566934988,12.789727301089073,4.687358734154085,11.38975,0.27588955326303644,1.3177023200684828
Mouse_460,1.0,16.0083,8.10476314901059,12.789727301089073,4.684964152078482,11.38975,0.3403935095954465,1.4055005597137777
Mouse_460,1.0,17.0083,8.325267304357507,12.789727301089073,4.464459996731566,11.38975,0.4009876320621949,1.4932987993590727
Mouse_460,1.0,18.0083,8.3465199354252,12.789727301089073,4.4432073656638735,11.38975,0.4581189345881496,1.581097039004368
Mouse_460,1.0,19.0083,8.564589879884485,12.789727301089073,4.225137421204589,11.38975,0.5121618977439021,1.668895278649663
Mouse_460,1.0,20.0084,8.296197780173124,12.789727301089073,4.493529520915949,11.38975,0.5634383572386118,1.7567022981189229
Mouse_460,1.0,22.0084,8.198017939728777,12.789727301089073,4.591709361360297,11.38975,0.6587103705260539,1.9322987774095133
Mouse_460,1.0,24.0084,7.818784298149658,12.789727301089073,4.970943002939416,11.38975,0.7456899409721661,2.1078952567001035
Mouse_460,1.0,26.0084,7.867913417789847,12.789727301089073,4.921813883299228,11.38975,0.8257057346263806,2.283491735990694
Mouse_460,1.0,28.0084,7.597915703767718,12.789727301089073,5.1918115973213546,11.38975,0.8997906370441345,2.459088215281284
Mouse_460,1.0,30.0084,7.585630770048518,12.789727301089073,5.204096531040555,11.38975,0.9687635143294038,2.6346846945718743
Mouse_460,1.0,32.0084,7.719191813723245,12.789727301089073,5.07053548736583,11.38975,1.033284540212562,2.8102811738624642
Mouse_460,1.0,34.0084,7.739703990052085,12.789727301089073,5.050023311036989,11.38975,1.093893724785618,2.9858776531530546
Mouse_460,1.0,36.0084,7.894565908955331,12.789727301089073,4.895161392133742,11.38975,1.1510384164313874,3.1614741324436446
Mouse_460,1.0,38.0084,7.959161321274202,12.789727301089073,4.830565979814873,11.38975,1.2050933597893643,3.337070611734235
Mouse_460,1.0,40.0084,8.00681347781303,12.789727301089073,4.7829138232760435,11.38975,1.2563756039269554,3.5126670910248254
Mouse_460,1.0,45.0084,8.129406448694656,12.789727301089073,4.660320852394419,11.38975,1.3741353108768646,3.951658289251301
Mouse_460,1.0,48.0084,8.08989620624839,12.789727301089073,4.699831094840683,11.38975,1.4386621674571096,4.215053008187186
Mouse_460,1.0,51.0084,8.150424879499411,12.789727301089073,4.639302421589663,11.38975,1.4992764969040866,4.478447727123071
Mouse_460,1.0,54.0084,8.160582170993527,12.789727301089073,4.629145130095548,11.38975,1.5564257618822517,4.741842446058957
Mouse_460,1.0,57.0084,8.030160331969384,12.789727301089073,4.759566969119689,11.38975,1.6104847972578762,5.005237164994842
Mouse_460,1.0,65.0084,7.982998955414358,12.789727301089073,4.806728345674716,11.38975,1.7418026641752238,5.707623082157203
Mouse_460,1.0,70.0084,7.834524931973228,12.789727301089073,4.955202369115845,11.38975,1.8159014067098675,6.1466142803836785
Mouse_460,1.0,75.0084,7.762793328680731,12.789727301089073,5.026933972408342,11.38975,1.8848862791247112,6.585605478610153
Mouse_460,1.0,80.0084,7.673652223972276,12.789727301089073,5.116075077116799,11.38975,1.9494178010216998,7.024596676836629
Mouse_460,1.0,85.0084,7.614833672678334,12.789727301089073,5.174893628410739,11.38975,2.0100362469969375,7.463587875063105
Mouse_460,1.0,90.0084,7.567713016337876,12.789727301089073,5.222014284751198,11.38975,2.067189171168246,7.902579073289581
Mouse_460,1.0,95.0084,7.463639388499338,12.789727301089073,5.326087912589735,11.38975,2.121251480604194,8.341570271516057
Mouse_460,1.0,100.0084,7.457885777934162,12.789727301089073,5.331841523154912,11.38975,2.1725403543202213,8.780561469742532
Mouse_460,1.0,105.0083,7.328729670724704,12.789727301089073,5.4609976303643695,11.38975,2.221325566512405,9.219543888145044
Mouse_460,1.0,110.0083,7.332513928007305,12.789727301089073,5.45721337308177,11.38975,2.2678419893512523,9.658535086371518
Mouse_460,1.0,115.0083,7.257404520760705,12.789727301089073,5.53232278032837,11.38975,2.3122904715318144,10.097526284597995
Mouse_460,1.0,125.0083,7.140032277104838,12.789727301089073,5.649695023984236,11.38975,2.3956663069578514,10.975508681050947
Mouse_460,1.0,135.0083,7.0571650276076525,12.789727301089073,5.732562273481421,11.38975,2.4726224298899346,11.853491077503897
Mouse_460,1.0,145.0083,7.036931717753264,12.789727301089073,5.752795583335811,11.38975,2.544077154021592,12.731473473956846
Mouse_460,1.0,155.0083,6.925008188543254,12.789727301089073,5.864719112545819,11.38975,2.610764835732612,13.609455870409798
Mouse_460,1.0,165.0083,6.899368743246203,12.789727301089073,5.89035855784287,11.38975,2.6732819475256613,14.48743826686275
Mouse_460,1.0,175.0083,6.804873726781201,12.789727301089073,5.9848535743078735,11.38975,2.732119573230176,15.365420663315701
Mouse_460,1.0,185.0083,6.815208864794556,12.789727301089073,5.9745184362945185,11.38975,2.7876868607967245,16.243403059768653
Mouse_460,1.0,195.0083,6.750606295825788,12.789727301089073,6.0391210052632855,11.38975,2.8403282936204177,17.121385456221603
Mouse_460,1.0,205.0087,6.732157679763052,12.789727301089073,6.057569621326022,11.38975,2.890338589122221,17.99940297197041
Mouse_460,1.0,215.0087,6.6866327850106755,12.789727301089073,6.103094516078398,11.38975,2.9379646642851838,18.877385368423365
Mouse_460,1.0,225.0087,6.642351356618641,12.789727301089073,6.147375944470433,11.38975,2.983425239983483,19.755367764876315
Mouse_460,1.0,235.0087,6.619176413395869,12.789727301089073,6.170550887693205,11.38975,3.026908706595417,20.63335016132927
Mouse_460,1.0,245.0087,6.612587346959323,12.789727301089073,6.177139954129751,11.38975,3.0685798919782687,21.511332557782218
Mouse_460,2.5,0.5083,-0.7791075397078053,14.062660321435088,14.841767861142891,12.0508125,3.165815539578712,0.042179728545274436
Mouse_460,2.5,1.0083,3.334464809054488,14.062660321435088,10.728195512380598,12.0508125,2.4808663406323994,0.08367070685067916
Mouse_460,2.5,1.5083,2.180521423030972,14.062660321435088,11.882138898404115,12.0508125,2.078148896257362,0.1251616851560839
Mouse_460,2.5,2.0083,4.891463525881908,14.062660321435088,9.171196795553179,12.0508125,1.7918434919889366,0.16665266346148863
Mouse_460,2.5,2.5083,3.8372822681659695,14.062660321435088,10.225378053269118,12.0508125,1.569526852207447,0.20814364176689334
Mouse_460,2.5,2.7583,2.71382981407955,14.062660321435088,11.348830507355537,12.0508125,1.4745175371195793,0.2288891309195957
Mouse_460,2.5,3.0083,2.8665038036740063,14.062660321435088,11.19615651776108,12.0508125,1.3877569498923943,0.24963462007229806
Mouse_460,2.5,3.2583,3.5920826428437067,14.062660321435088,10.470577678591379,12.0508125,1.307926498077469,0.27038010922500044
Mouse_460,2.5,3.5083,4.011115112137992,14.062660321435088,10.051545209297094,12.0508125,1.2340004953818815,0.2911255983777028
Mouse_460,2.5,3.7583,5.231353662043019,14.062660321435088,8.831306659392066,12.0508125,1.1651653575477319,0.31187108753040516
Mouse_460,2.5,4.0083,4.5566950523682666,14.062660321435088,9.50596526906682,12.0508125,1.100764873768611,0.3326165766831075
Mouse_460,2.5,4.5083,0.9842874567906144,14.062660321435088,13.078372864644471,12.0508125,0.9832119427276721,0.3741075549885122
Mouse_460,2.5,5.0083,1.1581619436367498,14.062660321435088,12.904498377798337,12.0508125,0.8780355488924622,0.41559853329391694
Mouse_460,2.5,5.5083,0.7696219551829326,14.062660321435088,13.293038366252155,12.0508125,0.7828760394353181,0.45708951159932165
Mouse_460,2.5,6.0083,0.14668391633078587,14.062660321435088,13.9159764051043,12.0508125,0.6959902384121264,0.49858048990472636
Mouse_460,2.5,6.5083,0.19835400212724252,14.062660321435088,13.864306319307843,12.0508125,0.6160537996438322,0.5400714682101311
Mouse_460,2.5,7.0083,0.6762130610369478,14.062660321435088,13.386447260398139,12.0508125,0.5420369241124093,0.5815624465155358
Mouse_460,2.5,7.5083,0.6442171674202841,14.062660321435088,13.418443154014803,12.0508125,0.47312300974464855,0.6230534248209405
Mouse_460,2.5,8.0083,2.1572912639832222,14.062660321435088,11.905369057451864,12.0508125,0.40865358120075346,0.6645444031263452
Mouse_460,2.5,8.5083,3.0950101971506787,14.062660321435088,10.96765012428441,12.0508125,0.3480899274022046,0.70603538143175
Mouse_460,2.5,9.0083,3.2912558302942334,14.062660321435088,10.771404491140853,12.0508125,0.29098571047663657,0.7475263597371548
Mouse_460,2.5,9.5083,4.782404175842981,14.062660321435088,9.280256145592107,12.0508125,0.23696698367230454,0.7890173380425595
Mouse_460,2.5,10.0083,6.492284300697796,14.062660321435088,7.5703760207372905,12.0508125,0.18571733631490922,0.8305083163479642
Mouse_460,2.5,11.0083,7.793745448373185,14.062660321435088,6.268914873061902,12.0508125,0.09048255132282115,0.9134902729587736
Mouse_460,2.5,12.0083,8.145073241714243,14.062660321435088,5.917587079720845,12.0508125,0.0035340076859127225,0.996472229569583
Mouse_460,2.5,13.0083,9.236263361648813,14.062660321435088,4.826396959786274,12.0508125,0.07645553022070944,1.0794541861803926
Mouse_460,2.5,14.0083,9.02725209753157,14.062660321435088,5.0354082239035165,12.0508125,0.15051792603831607,1.162436142791202
Mouse_460,2.5,15.0083,9.689461764382122,14.062660321435088,4.373198557052964,12.0508125,0.21947129635367188,1.2454180994020114
Mouse_460,2.5,16.0083,9.990796538451155,14.062660321435088,4.071863782983932,12.0508125,0.28397525268608187,1.3284000560128206
Mouse_460,2.5,17.0083,9.96652998781257,14.062660321435088,4.096130333622513,12.0508125,0.3445693751528303,1.41138201262363
Mouse_460,2.5,18.0083,10.223051454722793,14.062660321435088,3.8396088667122945,12.0508125,0.4017006776787849,1.4943639692344395
Mouse_460,2.5,19.0083,10.216408088465645,14.062660321435088,3.8462522329694417,12.0508125,0.45574364083453756,1.577345925845249
Mouse_460,2.5,20.0084,10.425290469789232,14.062660321435088,3.637369851645855,12.0508125,0.5070201003292473,1.6603361806517198
Mouse_460,2.5,22.0084,10.575324358494168,14.062660321435088,3.4873359629409175,12.0508125,0.6022921136166892,1.8263000938733387
Mouse_460,2.5,24.0084,10.451403601857256,14.062660321435088,3.6112567195778293,12.0508125,0.6892716840628016,1.9922640070949575
Mouse_460,2.5,26.0084,10.537677953115873,14.062660321435088,3.524982368319213,12.0508125,0.7692874777170159,2.1582279203165764
Mouse_460,2.5,28.0084,10.397142759228315,14.062660321435088,3.6655175622067713,12.0508125,0.8433723801347699,2.3241918335381953
Mouse_460,2.5,30.0084,10.360804720286561,14.062660321435088,3.701855601148525,12.0508125,0.9123452574200391,2.490155746759814
Mouse_460,2.5,32.0084,10.398545558707873,14.062660321435088,3.664114762727215,12.0508125,0.9768662833031976,2.656119659981433
Mouse_460,2.5,34.0084,10.359669813710157,14.062660321435088,3.70299050772493,12.0508125,1.0374754678762532,2.822083573203052
Mouse_460,2.5,36.0084,10.486913434648482,14.062660321435088,3.5757468867866047,12.0508125,1.0946201595220229,2.9880474864246707
Mouse_460,2.5,38.0084,10.355962768915271,14.062660321435088,3.7066975525198145,12.0508125,1.1486751028799997,3.15401139964629
Mouse_460,2.5,40.0084,10.394064122718113,14.062660321435088,3.668596198716973,12.0508125,1.1999573470175908,3.319975312867909
Mouse_460,2.5,45.0084,10.361948086269003,14.062660321435088,3.7007122351660837,12.0508125,1.3177170539675,3.734885095921956
Mouse_460,2.5,48.0084,10.326419438626695,14.062660321435088,3.7362408828083904,12.0508125,1.382243910547745,3.9838309657543842
Mouse_460,2.5,51.0084,10.323167893146138,14.062660321435088,3.7394924282889472,12.0508125,1.442858239994722,4.2327768355868125
Mouse_460,2.5,54.0084,10.397876478214243,14.062660321435088,3.6647838432208433,12.0508125,1.500007504972887,4.481722705419241
Mouse_460,2.5,57.0084,10.362320352706142,14.062660321435088,3.7003399687289447,12.0508125,1.5540665403485117,4.730668575251669
Mouse_460,2.5,65.0084,10.285278479776933,14.062660321435088,3.777381841658155,12.0508125,1.6853844072658593,5.3945242281381445
Mouse_460,2.5,70.0084,10.205151589584528,14.062660321435088,3.8575087318505603,12.0508125,1.7594831498005028,5.809434011192192
Mouse_460,2.5,75.0084,10.227220431175898,14.062660321435088,3.835439890259188,12.0508125,1.8284680222153467,6.224343794246239
Mouse_460,2.5,80.0084,10.184119114801705,14.062660321435088,3.878541206633381,12.0508125,1.8929995441123353,6.639253577300286
Mouse_460,2.5,85.0084,10.211354987770756,14.062660321435088,3.851305333664331,12.0508125,1.9536179900875728,7.054163360354333
Mouse_460,2.5,90.0084,10.161994938997895,14.062660321435088,3.900665382437193,12.0508125,2.010770914258882,7.46907314340838
Mouse_460,2.5,95.0084,10.134805007196352,14.062660321435088,3.9278553142387356,12.0508125,2.0648332236948295,7.883982926462427
Mouse_460,2.5,100.0084,10.116035642871426,14.062660321435088,3.946624678563662,12.0508125,2.116122097410857,8.298892709516474
Mouse_460,2.5,105.0083,10.02846383612431,14.062660321435088,4.034196485310778,12.0508125,2.1649073096030405,8.713794194374861
Mouse_460,2.5,110.0083,10.046773569541305,14.062660321435088,4.015886751893781,12.0508125,2.211423732441888,9.12870397742891
Mouse_460,2.5,115.0083,9.983693906360392,14.062660321435088,4.078966415074696,12.0508125,2.25587221462245,9.543613760482955
Mouse_460,2.5,125.0083,9.888484584291069,14.062660321435088,4.174175737144016,12.0508125,2.3392480500484867,10.37343332659105
Mouse_460,2.5,135.0083,9.834184284895269,14.062660321435088,4.228476036539817,12.0508125,2.41620417298057,11.203252892699144
Mouse_460,2.5,145.0083,9.821067774332159,14.062660321435088,4.241592547102928,12.0508125,2.4876588971122273,12.033072458807238
Mouse_460,2.5,155.0083,9.705909535236808,14.062660321435088,4.35675078619828,12.0508125,2.554346578823248,12.862892024915332
Mouse_460,2.5,165.0083,9.694093544403184,14.062660321435088,4.368566777031901,12.0508125,2.6168636906162965,13.692711591023427
Mouse_460,2.5,175.0083,9.623594018327935,14.062660321435088,4.4390663031071504,12.0508125,2.6757013163208114,14.522531157131521
Mouse_460,2.5,185.0083,9.61657682542883,14.062660321435088,4.446083496006257,12.0508125,2.7312686038873597,15.352350723239615
Mouse_460,2.5,195.0083,9.542167260837418,14.062660321435088,4.520493060597668,12.0508125,2.783910036711053,16.18217028934771
Mouse_460,2.5,205.0087,9.517147649297511,14.062660321435088,4.5455126721375745,12.0508125,2.8339203322128563,17.01202304823845
Mouse_460,2.5,215.0087,9.48409773569226,14.062660321435088,4.5785625857428265,12.0508125,2.881546407375819,17.841842614346543
Mouse_460,2.5,225.0087,9.434025260486994,14.062660321435088,4.628635060948093,12.0508125,2.9270069830741186,18.67166218045464
Mouse_460,2.5,235.0087,9.415990966883749,14.062660321435088,4.646669354551339,12.0508125,2.9704904496860522,19.50148174656273
Mouse_460,2.5,245.0087,9.403691285350174,14.062660321435088,4.658969036084913,12.0508125,3.012161635068904,20.331301312670828
Mouse_464,0.05,0.5083,-1.964104760267106,12.832880718927854,14.796985479194959,6.866016666666667,2.603267576981972,0.07403127965996781
Mouse_464,0.05,1.0083,0.9127184897976237,12.832880718927854,11.92016222913023,6.866016666666667,1.9183183780356594,0.14685370702566505
Mouse_464,0.05,1.5083,-2.891139840602632,12.832880718927854,15.724020559530485,6.866016666666667,1.5156009336606227,0.21967613439136227
Mouse_464,0.05,2.0083,-2.99601573875751,12.832880718927854,15.828896457685364,6.866016666666667,1.2292955293921966,0.29249856175705957
Mouse_464,0.05,2.5083,-2.1293252829785354,12.832880718927854,14.962206001906388,6.866016666666667,1.006978889610707,0.3653209891227568
Mouse_464,0.05,2.7583,-2.68386171614606,12.832880718927854,15.516742435073914,6.866016666666667,0.9119695745228393,0.4017322028056054
Mouse_464,0.05,3.0083,-4.644214467012837,12.832880718927854,17.47709518594069,6.866016666666667,0.8252089872956544,0.438143416488454
Mouse_464,0.05,3.2583,-4.956792732840485,12.832880718927854,17.78967345176834,6.866016666666667,0.745378535480729,0.4745546301713026
Mouse_464,0.05,3.5083,-5.585776428142634,12.832880718927854,18.418657147070487,6.866016666666667,0.6714525327851416,0.5109658438541512
Mouse_464,0.05,3.7583,-3.049581246132099,12.832880718927854,15.882461965059953,6.866016666666667,0.602617394950992,0.5473770575369998
Mouse_464,0.05,4.0083,-3.5129102257709013,12.832880718927854,16.345790944698756,6.866016666666667,0.5382169111718711,0.5837882712198484
Mouse_464,0.05,4.5083,-4.208765371365878,12.832880718927854,17.04164609029373,6.866016666666667,0.42066398013093204,0.6566106985855458
Mouse_464,0.05,5.0083,-4.287465573458864,12.832880718927854,17.120346292386717,6.866016666666667,0.3154875862957221,0.729433125951243
Mouse_464,0.05,5.5083,-3.871134712459699,12.832880718927854,16.704015431387553,6.866016666666667,0.22032807683857805,0.8022555533169402
Mouse_464,0.05,6.0083,-2.3700821356619572,12.832880718927854,15.20296285458981,6.866016666666667,0.13344227581538637,0.8750779806826374
Mouse_464,0.05,6.5083,-2.096904878028517,12.832880718927854,14.92978559695637,6.866016666666667,0.053505837047092164,0.9479004080483346
Mouse_464,0.05,7.0083,-1.4027452364811959,12.832880718927854,14.235625955409049,6.866016666666667,0.02051103848433067,1.0207228354140319
Mouse_464,0.05,7.5083,-0.32564905321934545,12.832880718927854,13.1585297721472,6.866016666666667,0.08942495285209147,1.093545262779729
Mouse_464,0.05,8.0083,1.031462701961663,12.832880718927854,11.801418016966192,6.866016666666667,0.15389438139598657,1.1663676901454263
Mouse_464,0.05,8.5083,1.913877138066879,12.832880718927854,10.919003580860975,6.866016666666667,0.2144580351945352,1.2391901175111235
Mouse_464,0.05,9.0083,1.956023663239809,12.832880718927854,10.876857055688046,6.866016666666667,0.2715622521201035,1.312012544876821
Mouse_464,0.05,9.5083,1.6502976460071463,12.832880718927854,11.182583072920707,6.866016666666667,0.3255809789244355,1.3848349722425182
Mouse_464,0.05,10.0083,1.7628992413959883,12.832880718927854,11.069981477531865,6.866016666666667,0.3768306262818308,1.4576573996082154
Mouse_464,0.05,11.0083,1.1802784085736118,12.832880718927854,11.652602310354242,6.866016666666667,0.4720654112739189,1.6033022543396098
Mouse_464,0.05,12.0083,1.2499833943950813,12.832880718927854,11.582897324532773,6.866016666666667,0.5590139549108273,1.7489471090710043
Mouse_464,0.05,13.0083,0.8114103513018502,12.832880718927854,12.021470367626003,6.866016666666667,0.6390034928174494,1.8945919638023987
Mouse_464,0.05,14.0083,0.7201813176236342,12.832880718927854,12.11269940130422,6.866016666666667,0.713065888635056,2.0402368185337934
Mouse_464,0.05,15.0083,0.759318861334373,12.832880718927854,12.073561857593482,6.866016666666667,0.7820192589504119,2.185881673265188
Mouse_464,0.05,16.0083,0.867490533538227,12.832880718927854,11.965390185389627,6.866016666666667,0.8465232152828218,2.3315265279965818
Mouse_464,0.05,17.0083,0.6688600599004948,12.832880718927854,12.164020659027361,6.866016666666667,0.9071173377495703,2.477171382727976
Mouse_464,0.05,18.0083,0.798086028862647,12.832880718927854,12.034794690065205,6.866016666666667,0.9642486402755249,2.6228162374593706
Mouse_464,0.05,19.0083,0.8770304638654512,12.832880718927854,11.955850255062401,6.866016666666667,1.0182916034312777,2.7684610921907655
Mouse_464,0.05,20.0084,1.0058916593935967,12.832880718927854,11.826989059534256,6.866016666666667,1.0695680629259874,2.9141205114076336
Mouse_464,0.05,22.0084,1.0651095673001283,12.832880718927854,11.767771151627725,6.866016666666667,1.1648400762134292,3.2054102208704225
Mouse_464,0.05,24.0084,1.222006597326918,12.832880718927854,11.610874121600935,6.866016666666667,1.2518196466595415,3.4966999303332114
Mouse_464,0.05,26.0084,1.3231822564752092,12.832880718927854,11.509698462452643,6.866016666666667,1.331835440313756,3.7879896397960002
Mouse_464,0.05,28.0084,1.5074954774249554,12.832880718927854,11.3253852415029,6.866016666666667,1.40592034273151,4.0792793492587895
Mouse_464,0.05,30.0084,1.5774459081256431,12.832880718927854,11.25543481080221,6.866016666666667,1.4748932200167792,4.370569058721578
Mouse_464,0.05,32.0084,1.5997227562987986,12.832880718927854,11.233157962629054,6.866016666666667,1.5394142458999378,4.661858768184367
Mouse_464,0.05,34.0084,1.750986558544792,12.832880718927854,11.081894160383062,6.866016666666667,1.6000234304729934,4.953148477647156
Mouse_464,0.05,36.0084,1.621657678914345,12.832880718927854,11.211223040013508,6.866016666666667,1.6571681221187629,5.244438187109945
Mouse_464,0.05,38.0084,1.7622539216988047,12.832880718927854,11.07062679722905,6.866016666666667,1.7112230654767397,5.535727896572734
Mouse_464,0.05,40.0084,1.82388752785904,12.832880718927854,11.008993191068814,6.866016666666667,1.7625053096143308,5.827017606035523
Mouse_464,0.05,45.0084,1.8345420206064622,12.832880718927854,10.998338698321392,6.866016666666667,1.88026501656424,6.555241879692495
Mouse_464,0.05,48.0084,1.8490884212128629,12.832880718927854,10.983792297714992,6.866016666666667,1.944791873144485,6.992176443886678
Mouse_464,0.05,51.0084,1.8214579392539108,12.832880718927854,11.011422779673943,6.866016666666667,2.005406202591462,7.429111008080862
Mouse_464,0.05,54.0084,1.8507757146332993,12.832880718927854,10.982105004294555,6.866016666666667,2.062555467569627,7.866045572275046
Mouse_464,0.05,57.0084,1.9020184445296189,12.832880718927854,10.930862274398235,6.866016666666667,2.116614502945252,8.302980136469229
Mouse_464,0.05,65.0084,1.985599479229458,12.832880718927854,10.847281239698395,6.866016666666667,2.2479323698625993,9.468138974320384
Mouse_464,0.05,70.0084,2.092650561504619,12.832880718927854,10.740230157423236,6.866016666666667,2.322031112397243,10.196363247977356
Mouse_464,0.05,75.0084,2.0731425967208454,12.832880718927854,10.759738122207008,6.866016666666667,2.3910159848120864,10.924587521634328
Mouse_464,0.05,80.0084,2.085206225012039,12.832880718927854,10.747674493915815,6.866016666666667,2.4555475067090753,11.652811795291301
Mouse_464,0.05,85.0084,2.1395202271747,12.832880718927854,10.693360491753152,6.866016666666667,2.5161659526843128,12.381036068948273
Mouse_464,0.05,90.0084,2.161417731480868,12.832880718927854,10.671462987446986,6.866016666666667,2.573318876855622,13.109260342605246
Mouse_464,0.05,95.0084,2.1102433598177566,12.832880718927854,10.722637359110097,6.866016666666667,2.6273811862915695,13.837484616262218
Mouse_464,0.05,100.0084,2.2060765984189503,12.832880718927854,10.626804120508904,6.866016666666667,2.678670060007597,14.56570888991919
Mouse_464,0.05,105.0083,2.265070009730743,12.832880718927854,10.567810709197111,6.866016666666667,2.7274552721997805,15.293918599090691
Mouse_464,0.05,110.0083,2.2438824891675346,12.832880718927854,10.58899822976032,6.866016666666667,2.773971695038628,16.022142872747665
Mouse_464,0.05,115.0083,2.251902110642794,12.832880718927854,10.58097860828506,6.866016666666667,2.81842017721919,16.750367146404635
Mouse_464,0.05,125.0083,2.3179682820564,12.832880718927854,10.514912436871455,6.866016666666667,2.9017960126452267,18.206815693718582
Mouse_464,0.05,135.0083,2.338236975520395,12.832880718927854,10.494643743407458,6.866016666666667,2.97875213557731,19.663264241032522
Mouse_464,0.05,145.0083,2.289363314026172,12.832880718927854,10.543517404901682,6.866016666666667,3.0502068597089673,21.11971278834647
Mouse_464,0.05,155.0083,2.2749598046197907,12.832880718927854,10.557920914308061,6.866016666666667,3.116894541419988,22.576161335660412
Mouse_464,0.05,165.0083,2.314081670928339,12.832880718927854,10.518799047999515,6.866016666666667,3.1794116532130365,24.032609882974356
Mouse_464,0.05,175.0083,2.359184415517379,12.832880718927854,10.473696303410474,6.866016666666667,3.2382492789175514,25.489058430288303
Mouse_464,0.05,185.0083,2.316352779665583,12.832880718927854,10.516527939262271,6.866016666666667,3.2938165664840997,26.945506977602246
Mouse_464,0.05,195.0083,2.3785038342344165,12.832880718927854,10.454376884693437,6.866016666666667,3.346457999307793,28.40195552491619
Mouse_464,0.05,205.0087,2.3878466982927464,12.832880718927854,10.445034020635108,6.866016666666667,3.3964682948095963,29.85846233017203
Mouse_464,0.05,215.0087,2.385016927854909,12.832880718927854,10.447863791072944,6.866016666666667,3.444094369972559,31.314910877485975
Mouse_464,0.05,225.0087,2.3908978479044496,12.832880718927854,10.441982871023404,6.866016666666667,3.4895549456708586,32.77135942479992
Mouse_464,0.05,235.0087,2.326431435906339,12.832880718927854,10.506449283021514,6.866016666666667,3.5330384122827923,34.227807972113865
Mouse_464,0.05,245.0087,2.3449995001187594,12.832880718927854,10.487881218809093,6.866016666666667,3.5747095976656444,35.68425651942781
Mouse_464,0.1,0.5083,-2.3082731389598248,11.746711664672489,14.054984803632314,5.8764,2.4476277840434153,0.08649853651895717
Mouse_464,0.1,1.0083,1.0731214176177373,11.746711664672489,10.673590247054754,5.8764,1.7626785850971025,0.17158464365938328
Mouse_464,0.1,1.5083,-3.8579855488293333,11.746711664672489,15.604697213501822,5.8764,1.3599611407220655,0.2566707507998094
Mouse_464,0.1,2.0083,-4.413003281024748,11.746711664672489,16.15971494569724,5.8764,1.0736557364536397,0.3417568579402355
Mouse_464,0.1,2.5083,-2.4952242389412733,11.746711664672489,14.241935903613763,5.8764,0.85133909667215,0.42684296508066166
Mouse_464,0.1,2.7583,-3.106131879768429,11.746711664672489,14.852843544440919,5.8764,0.7563297815842823,0.4693860186508747
Mouse_464,0.1,3.0083,-5.593996192450687,11.746711664672489,17.340707857123178,5.8764,0.6695691943570973,0.5119290722210877
Mouse_464,0.1,3.2583,-5.294282885240196,11.746711664672489,17.040994549912686,5.8764,0.589738742542172,0.5544721257913008
Mouse_464,0.1,3.5083,-6.713926409371884,11.746711664672489,18.460638074044372,5.8764,0.5158127398465846,0.5970151793615138
Mouse_464,0.1,3.7583,-3.8391650292105064,11.746711664672489,15.585876693882994,5.8764,0.44697760201243497,0.6395582329317269
Mouse_464,0.1,4.0083,-4.3467902931449265,11.746711664672489,16.093501957817416,5.8764,0.38257711823331386,0.68210128650194
Mouse_464,0.1,4.5083,-4.6949707229713225,11.746711664672489,16.441682387643812,5.8764,0.26502418719237497,0.7671873936423661
Mouse_464,0.1,5.0083,-4.91154089863811,11.746711664672489,16.6582525633106,5.8764,0.15984779335716506,0.8522735007827922
Mouse_464,0.1,5.5083,-4.4319639183669075,11.746711664672489,16.178675583039396,5.8764,0.06468828390002106,0.9373596079232183
Mouse_464,0.1,6.0083,-2.1274368679724773,11.746711664672489,13.874148532644968,5.8764,0.02219751712317065,1.0224457150636443
Mouse_464,0.1,6.5083,-2.063069913105151,11.746711664672489,13.809781577777642,5.8764,0.10213395589146484,1.1075318222040704
Mouse_464,0.1,7.0083,-0.7642516352332613,11.746711664672489,12.51096329990575,5.8764,0.17615083142288768,1.1926179293444965
Mouse_464,0.1,7.5083,0.7098704191975331,11.746711664672489,11.036841245474957,5.8764,0.24506474579064866,1.2777040364849228
Mouse_464,0.1,8.0083,2.2341836592921744,11.746711664672489,9.512528005380315,5.8764,0.3095341743345437,1.362790143625349
Mouse_464,0.1,8.5083,4.039159436365884,11.746711664672489,7.707552228306606,5.8764,0.3700978281330924,1.447876250765775
Mouse_464,0.1,9.0083,4.516578525985742,11.746711664672489,7.230133138686748,5.8764,0.42720204505866044,1.532962357906201
Mouse_464,0.1,9.5083,3.890867113337928,11.746711664672489,7.855844551334561,5.8764,0.48122077186299245,1.6180484650466271
Mouse_464,0.1,10.0083,4.445543952822638,11.746711664672489,7.3011677118498515,5.8764,0.5324704192203877,1.7031345721870532
Mouse_464,0.1,11.0083,3.7933664615552196,11.746711664672489,7.95334520311727,5.8764,0.6277052042124759,1.8733067864679054
Mouse_464,0.1,12.0083,3.9764341247585877,11.746711664672489,7.770277539913902,5.8764,0.7146537478493843,2.0434790007487575
Mouse_464,0.1,13.0083,3.5155582311271663,11.746711664672489,8.231153433545323,5.8764,0.7946432857560063,2.2136512150296097
Mouse_464,0.1,14.0083,3.4048155831771423,11.746711664672489,8.341896081495348,5.8764,0.8687056815736132,2.3838234293104623
Mouse_464,0.1,15.0083,3.4668263514731787,11.746711664672489,8.27988531319931,5.8764,0.9376590518889689,2.5539956435913145
Mouse_464,0.1,16.0083,3.51406135336167,11.746711664672489,8.23265031131082,5.8764,1.0021630082213788,2.724167857872166
Mouse_464,0.1,17.0083,3.3441553786732645,11.746711664672489,8.402556285999225,5.8764,1.0627571306881274,2.8943400721530184
Mouse_464,0.1,18.0083,3.4189632945602986,11.746711664672489,8.327748370112191,5.8764,1.119888433214082,3.0645122864338705
Mouse_464,0.1,19.0083,3.415166111197616,11.746711664672489,8.331545553474875,5.8764,1.1739313963698346,3.2346845007147227
Mouse_464,0.1,20.0084,3.539249103393196,11.746711664672489,8.207462561279293,5.8764,1.2252078558645443,3.4048737322170037
Mouse_464,0.1,22.0084,3.455951889690649,11.746711664672489,8.29075977498184,5.8764,1.3204798691519863,3.745218160778708
Mouse_464,0.1,24.0084,3.57341228345951,11.746711664672489,8.17329938121298,5.8764,1.4074594395980986,4.085562589340412
Mouse_464,0.1,26.0084,3.6386926068841214,11.746711664672489,8.108019057788368,5.8764,1.487475233252313,4.425907017902117
Mouse_464,0.1,28.0084,3.7431812015958275,11.746711664672489,8.003530463076661,5.8764,1.5615601356700668,4.766251446463821
Mouse_464,0.1,30.0084,3.7645884045136118,11.746711664672489,7.982123260158878,5.8764,1.6305330129553364,5.106595875025526
Mouse_464,0.1,32.0084,3.7207755377879774,11.746711664672489,8.025936126884513,5.8764,1.6950540388384947,5.446940303587231
Mouse_464,0.1,34.0084,3.803385267764112,11.746711664672489,7.943326396908378,5.8764,1.7556632234115506,5.787284732148935
Mouse_464,0.1,36.0084,3.7313252169464954,11.746711664672489,8.015386447725994,5.8764,1.81280791505732,6.127629160710639
Mouse_464,0.1,38.0084,3.7326462875297235,11.746711664672489,8.014065377142765,5.8764,1.8668628584152966,6.467973589272344
Mouse_464,0.1,40.0084,3.7447400175698116,11.746711664672489,8.001971647102678,5.8764,1.918145102552888,6.808318017834048
Mouse_464,0.1,45.0084,3.6402581429974843,11.746711664672489,8.106453521675006,5.8764,2.035904809502797,7.659179089238309
Mouse_464,0.1,48.0084,3.5702484046527685,11.746711664672489,8.176463260019721,5.8764,2.1004316660830424,8.169695732080866
Mouse_464,0.1,51.0084,3.5481521425625266,11.746711664672489,8.198559522109964,5.8764,2.161045995530019,8.680212374923423
Mouse_464,0.1,54.0084,3.5482074760096705,11.746711664672489,8.19850418866282,5.8764,2.218195260508184,9.190729017765978
Mouse_464,0.1,57.0084,3.5198659504219307,11.746711664672489,8.226845714250558,5.8764,2.272254295883809,9.701245660608535
Mouse_464,0.1,65.0084,3.474446844292917,11.746711664672489,8.272264820379572,5.8764,2.403572162801156,11.062623374855352
Mouse_464,0.1,70.0084,3.5242331800595252,11.746711664672489,8.222478484612965,5.8764,2.4776709053358,11.913484446259613
Mouse_464,0.1,75.0084,3.521030840064636,11.746711664672489,8.225680824607853,5.8764,2.546655777750644,12.764345517663875
Mouse_464,0.1,80.0084,3.5540739879865177,11.746711664672489,8.19263767668597,5.8764,2.611187299647632,13.615206589068135
Mouse_464,0.1,85.0084,3.5692225644588627,11.746711664672489,8.177489100213627,5.8764,2.6718057456228697,14.466067660472396
Mouse_464,0.1,90.0084,3.5719974232581517,11.746711664672489,8.174714241414339,5.8764,2.728958669794179,15.316928731876658
Mouse_464,0.1,95.0084,3.655459102614371,11.746711664672489,8.091252562058118,5.8764,2.7830209792301264,16.167789803280918
Mouse_464,0.1,100.0084,3.6096135659046173,11.746711664672489,8.137098098767872,5.8764,2.834309852946154,17.01865087468518
Mouse_464,0.1,105.0083,3.6043680751686367,11.746711664672489,8.142343589503854,5.8764,2.883095065138338,17.869494928868015
Mouse_464,0.1,110.0083,3.6543854023054534,11.746711664672489,8.092326262367036,5.8764,2.929611487977185,18.720356000272275
Mouse_464,0.1,115.0083,3.6370414318576225,11.746711664672489,8.109670232814867,5.8764,2.974059970157747,19.571217071676536
Mouse_464,0.1,125.0083,3.6702159008987367,11.746711664672489,8.076495763773753,5.8764,3.057435805583784,21.27293921448506
Mouse_464,0.1,135.0083,3.709449405132337,11.746711664672489,8.037262259540153,5.8764,3.134391928515867,22.974661357293577
Mouse_464,0.1,145.0083,3.7201962759322953,11.746711664672489,8.026515388740195,5.8764,3.2058466526475247,24.6763835001021
Mouse_464,0.1,155.0083,3.7037426364144572,11.746711664672489,8.042969028258034,5.8764,3.2725343343585447,26.378105642910622
Mouse_464,0.1,165.0083,3.734836955343103,11.746711664672489,8.011874709329387,5.8764,3.3350514461515934,28.079827785719147
Mouse_464,0.1,175.0083,3.803719923924052,11.746711664672489,7.942991740748438,5.8764,3.3938890718561083,29.781549928527667
Mouse_464,0.1,185.0083,3.6870515811885634,11.746711664672489,8.059660083483926,5.8764,3.4494563594226566,31.483272071336188
Mouse_464,0.1,195.0083,3.7507670283244883,11.746711664672489,7.995944636348002,5.8764,3.50209779224635,33.18499421414471
Mouse_464,0.1,205.0087,3.7606913438687055,11.746711664672489,7.986020320803784,5.8764,3.5521080877481537,34.88678442583895
Mouse_464,0.1,215.0087,3.772845457574646,11.746711664672489,7.973866207097844,5.8764,3.599734162911116,36.58850656864747
Mouse_464,0.1,225.0087,3.791802322311188,11.746711664672489,7.954909342361301,5.8764,3.6451947386094155,38.290228711455995
Mouse_464,0.1,235.0087,3.7705659414957475,11.746711664672489,7.976145723176742,5.8764,3.688678205221349,39.991950854264516
Mouse_464,0.1,245.0087,3.7623165756382084,11.746711664672489,7.984395089034281,5.8764,3.7303493906042013,41.69367299707304
Mouse_464,0.25,0.5083,-1.5867451190299011,13.041247424703837,14.627992543733736,9.323933333333335,2.90926802567008,0.054515619302297307
Mouse_464,0.25,1.0083,0.43243273867055887,13.041247424703837,12.608814686033277,9.323933333333335,2.224318826723767,0.10814105634960923
Mouse_464,0.25,1.5083,-4.128724658561756,13.041247424703837,17.169972083265595,9.323933333333335,1.8216013823487298,0.16176649339692117
Mouse_464,0.25,2.0083,-4.924563430119579,13.041247424703837,17.965810854823417,9.323933333333335,1.535295978080304,0.2153919304442331
Mouse_464,0.25,2.5083,-2.414013688289761,13.041247424703837,15.455261112993597,9.323933333333335,1.3129793382988144,0.26901736749154503
Mouse_464,0.25,2.7583,-3.6930345761733214,13.041247424703837,16.73428200087716,9.323933333333335,1.2179700232109467,0.295830086015201
Mouse_464,0.25,3.0083,-6.267930280051734,13.041247424703837,19.30917770475557,9.323933333333335,1.1312094359837617,0.32264280453885696
Mouse_464,0.25,3.2583,-5.8020721852778925,13.041247424703837,18.84331960998173,9.323933333333335,1.0513789841688364,0.34945552306251293
Mouse_464,0.25,3.5083,-7.770611813546844,13.041247424703837,20.81185923825068,9.323933333333335,0.977452981473249,0.3762682415861689
Mouse_464,0.25,3.7583,-4.988954159061199,13.041247424703837,18.030201583765034,9.323933333333335,0.9086178436390993,0.40308096010982486
Mouse_464,0.25,4.0083,-5.397135444987453,13.041247424703837,18.43838286969129,9.323933333333335,0.8442173598599784,0.4298936786334808
Mouse_464,0.25,4.5083,-5.807144712012875,13.041247424703837,18.84839213671671,9.323933333333335,0.7266644288190395,0.48351911568079275
Mouse_464,0.25,5.0083,-6.049382973046392,13.041247424703837,19.090630397750232,9.323933333333335,0.6214880349838294,0.5371445527281047
Mouse_464,0.25,5.5083,-5.532215533205279,13.041247424703837,18.573462957909115,9.323933333333335,0.5263285255266854,0.5907699897754166
Mouse_464,0.25,6.0083,-3.228833322412668,13.041247424703837,16.270080747116502,9.323933333333335,0.4394427245034937,0.6443954268227285
Mouse_464,0.25,6.5083,-2.804582740119973,13.041247424703837,15.84583016482381,9.323933333333335,0.3595062857351995,0.6980208638700405
Mouse_464,0.25,7.0083,-1.618170255560969,13.041247424703837,14.659417680264806,9.323933333333335,0.2854894102037766,0.7516463009173524
Mouse_464,0.25,7.5083,0.17206571390204317,13.041247424703837,12.869181710801792,9.323933333333335,0.21657549583601582,0.8052717379646643
Mouse_464,0.25,8.0083,1.7201187725054277,13.041247424703837,11.321128652198407,9.323933333333335,0.1521060672921207,0.8588971750119763
Mouse_464,0.25,8.5083,4.946103682861149,13.041247424703837,8.095143741842687,9.323933333333335,0.09154241349357205,0.9125226120592882
Mouse_464,0.25,9.0083,6.536417854974989,13.041247424703837,6.504829569728848,9.323933333333335,0.03443819656800394,0.9661480491066001
Mouse_464,0.25,9.5083,4.849026841546445,13.041247424703837,8.19222058315739,9.323933333333335,0.01958053023632808,1.019773486153912
Mouse_464,0.25,10.0083,6.195866378346976,13.041247424703837,6.845381046356859,9.323933333333335,0.07083017759372341,1.073398923201224
Mouse_464,0.25,11.0083,5.552769102198415,13.041247424703837,7.488478322505422,9.323933333333335,0.1660649625858115,1.1806497972958478
Mouse_464,0.25,12.0083,5.435531881663033,13.041247424703837,7.605715543040802,9.323933333333335,0.25301350622271995,1.2879006713904717
Mouse_464,0.25,13.0083,4.874402645982167,13.041247424703837,8.16684477872167,9.323933333333335,0.333003044129342,1.3951515454850956
Mouse_464,0.25,14.0083,4.662323046860679,13.041247424703837,8.378924377843157,9.323933333333335,0.40706543994694866,1.5024024195797194
Mouse_464,0.25,15.0083,4.63874507792239,13.041247424703837,8.402502346781446,9.323933333333335,0.4760188102623045,1.6096532936743433
Mouse_464,0.25,16.0083,4.64717582809362,13.041247424703837,8.394071596610218,9.323933333333335,0.5405227665947145,1.716904167768967
Mouse_464,0.25,17.0083,4.425869427066969,13.041247424703837,8.615377997636866,9.323933333333335,0.601116889061463,1.8241550418635908
Mouse_464,0.25,18.0083,4.609492161409529,13.041247424703837,8.431755263294308,9.323933333333335,0.6582481915874177,1.9314059159582146
Mouse_464,0.25,19.0083,4.689159147274031,13.041247424703837,8.352088277429806,9.323933333333335,0.7122911547431702,2.0386567900528383
Mouse_464,0.25,20.0084,4.795123578282887,13.041247424703837,8.24612384642095,9.323933333333335,0.76356761423788,2.1459183892348723
Mouse_464,0.25,22.0084,4.72357475705865,13.041247424703837,8.317672667645185,9.323933333333335,0.858839627525322,2.36042013742412
Mouse_464,0.25,24.0084,4.88709800457957,13.041247424703837,8.154149420124265,9.323933333333335,0.9458191979714343,2.5749218856133678
Mouse_464,0.25,26.0084,4.979972456404899,13.041247424703837,8.061274968298937,9.323933333333335,1.0258349916256486,2.7894236338026155
Mouse_464,0.25,28.0084,5.152742691935304,13.041247424703837,7.888504732768531,9.323933333333335,1.0999198940434025,3.003925381991863
Mouse_464,0.25,30.0084,5.198571311208255,13.041247424703837,7.842676113495582,9.323933333333335,1.1688927713286719,3.218427130181111
Mouse_464,0.25,32.0084,5.221965226067667,13.041247424703837,7.81928219863617,9.323933333333335,1.2334137972118304,3.4329288783703586
Mouse_464,0.25,34.0084,5.406482718660745,13.041247424703837,7.634764706043091,9.323933333333335,1.294022981784886,3.6474306265596064
Mouse_464,0.25,36.0084,5.2868921270485405,13.041247424703837,7.754355297655295,9.323933333333335,1.3511676734306557,3.861932374748854
Mouse_464,0.25,38.0084,5.505901436867529,13.041247424703837,7.5353459878363065,9.323933333333335,1.4052226167886324,4.076434122938101
Mouse_464,0.25,40.0084,5.541916206130603,13.041247424703837,7.499331218573232,9.323933333333335,1.4565048609262234,4.290935871127349
Mouse_464,0.25,45.0084,5.5364302414023525,13.041247424703837,7.504817183301483,9.323933333333335,1.5742645678761327,4.827190241600468
Mouse_464,0.25,48.0084,5.557631332515459,13.041247424703837,7.483616092188376,9.323933333333335,1.6387914244563777,5.14894286388434
Mouse_464,0.25,51.0084,5.517932000549205,13.041247424703837,7.523315424154632,9.323933333333335,1.6994057539033547,5.4706954861682116
Mouse_464,0.25,54.0084,5.517445974118061,13.041247424703837,7.523801450585775,9.323933333333335,1.7565550188815195,5.792448108452083
Mouse_464,0.25,57.0084,5.523594248804145,13.041247424703837,7.5176531758996905,9.323933333333335,1.8106140542571443,6.114200730735955
Mouse_464,0.25,65.0084,5.538221263468855,13.041247424703837,7.503026161234981,9.323933333333335,1.9419319211744919,6.972207723492945
Mouse_464,0.25,70.0084,5.562444548763548,13.041247424703837,7.478802875940289,9.323933333333335,2.0160306637091354,7.508462093966064
Mouse_464,0.25,75.0084,5.5532486873993845,13.041247424703837,7.487998737304451,9.323933333333335,2.0850155361239793,8.044716464439183
Mouse_464,0.25,80.0084,5.555161370094054,13.041247424703837,7.486086054609783,9.323933333333335,2.149547058020968,8.580970834912304
Mouse_464,0.25,85.0084,5.542808267140748,13.041247424703837,7.498439157563088,9.323933333333335,2.2101655039962056,9.117225205385422
Mouse_464,0.25,90.0084,5.560925649101135,13.041247424703837,7.4803217756027,9.323933333333335,2.2673184281675143,9.653479575858542
Mouse_464,0.25,95.0084,5.5606707298829114,13.041247424703837,7.480576694820925,9.323933333333335,2.321380737603462,10.18973394633166
Mouse_464,0.25,100.0084,5.572756893526081,13.041247424703837,7.468490531177755,9.323933333333335,2.3726696113194894,10.72598831680478
Mouse_464,0.25,105.0083,5.571584255531331,13.041247424703837,7.469663169172505,9.323933333333335,2.4214548235116733,11.26223196219049
Mouse_464,0.25,110.0083,5.584650436984653,13.041247424703837,7.456596987719183,9.323933333333335,2.4679712463505203,11.798486332663611
Mouse_464,0.25,115.0083,5.573719501166982,13.041247424703837,7.467527923536855,9.323933333333335,2.5124197285310825,12.33474070313673
Mouse_464,0.25,125.0083,5.576826109001612,13.041247424703837,7.464421315702223,9.323933333333335,2.5957955639571195,13.407249444082968
Mouse_464,0.25,135.0083,5.584720176218012,13.041247424703837,7.456527248485825,9.323933333333335,2.6727516868892027,14.479758185029205
Mouse_464,0.25,145.0083,5.553810459979717,13.041247424703837,7.487436964724118,9.323933333333335,2.74420641102086,15.552266925975443
Mouse_464,0.25,155.0083,5.564324737676781,13.041247424703837,7.476922687027056,9.323933333333335,2.81089409273188,16.624775666921682
Mouse_464,0.25,165.0083,5.5636791896019915,13.041247424703837,7.477568235101844,9.323933333333335,2.8734112045249294,17.697284407867922
Mouse_464,0.25,175.0083,5.5952949647794386,13.041247424703837,7.445952459924397,9.323933333333335,2.932248830229444,18.76979314881416
Mouse_464,0.25,185.0083,5.549078988023082,13.041247424703837,7.492168436680755,9.323933333333335,2.9878161177959925,19.8423018897604
Mouse_464,0.25,195.0083,5.568713049471551,13.041247424703837,7.472534375232284,9.323933333333335,3.040457550619686,20.914810630706636
Mouse_464,0.25,205.0087,5.56767187185044,13.041247424703837,7.473575552853396,9.323933333333335,3.090467846121489,21.987362272002514
Mouse_464,0.25,215.0087,5.570628950054351,13.041247424703837,7.470618474649484,9.323933333333335,3.138093921284452,23.059871012948754
Mouse_464,0.25,225.0087,5.567678163749625,13.041247424703837,7.473569260954211,9.323933333333335,3.183554496982751,24.13237975389499
Mouse_464,0.25,235.0087,5.549458434097774,13.041247424703837,7.491788990606061,9.323933333333335,3.2270379635946846,25.20488849484123
Mouse_464,0.25,245.0087,5.544789523891808,13.041247424703837,7.496457900812027,9.323933333333335,3.268709148977537,26.27739723578747
Mouse_464,0.5,0.5083,-2.2635390438737684,12.61850513204837,14.882044175922136,9.908566666666665,2.970083157361747,0.051299044261363065
Mouse_464,0.5,1.0083,1.5983952578107106,12.61850513204837,11.020109874237658,9.908566666666665,2.285133958415434,0.10176042952731139
Mouse_464,0.5,1.5083,-4.191409132249631,12.61850513204837,16.809914264298,9.908566666666665,1.8824165140403974,0.15222181479325972
Mouse_464,0.5,2.0083,-4.700790125295852,12.61850513204837,17.319295257344223,9.908566666666665,1.5961111097719716,0.20268320005920806
Mouse_464,0.5,2.5083,-2.824664733675637,12.61850513204837,15.443169865724006,9.908566666666665,1.373794469990482,0.2531445853251564
Mouse_464,0.5,2.7583,-3.87366381686033,12.61850513204837,16.4921689489087,9.908566666666665,1.2787851549026141,0.27837527795813055
Mouse_464,0.5,3.0083,-6.397764930628459,12.61850513204837,19.016270062676828,9.908566666666665,1.1920245676754293,0.3036059705911047
Mouse_464,0.5,3.2583,-6.356943590283234,12.61850513204837,18.9754487223316,9.908566666666665,1.1121941158605038,0.3288366632240789
Mouse_464,0.5,3.5083,-8.332947711148567,12.61850513204837,20.951452843196932,9.908566666666665,1.0382681131649163,0.35406735585705307
Mouse_464,0.5,3.7583,-5.659547911424467,12.61850513204837,18.278053043472838,9.908566666666665,0.9694329753307667,0.37929804849002724
Mouse_464,0.5,4.0083,-5.821805078307958,12.61850513204837,18.44031021035633,9.908566666666665,0.9050324915516459,0.40452874112300136
Mouse_464,0.5,4.5083,-6.164332672159849,12.61850513204837,18.782837804208217,9.908566666666665,0.7874795605107069,0.4549901263889497
Mouse_464,0.5,5.0083,-6.63705266996164,12.61850513204837,19.25555780201001,9.908566666666665,0.6823031666754971,0.505451511654898
Mouse_464,0.5,5.5083,-5.876153620901552,12.61850513204837,18.49465875294992,9.908566666666665,0.5871436572183529,0.5559128969208463
Mouse_464,0.5,6.0083,-3.2907848620800673,12.61850513204837,15.909289994128436,9.908566666666665,0.5002578561951612,0.6063742821867947
Mouse_464,0.5,6.5083,-2.7016867046439463,12.61850513204837,15.320191836692315,9.908566666666665,0.42032141742686696,0.656835667452743
Mouse_464,0.5,7.0083,-1.1369603786003335,12.61850513204837,13.755465510648701,9.908566666666665,0.3463045418954441,0.7072970527186914
Mouse_464,0.5,7.5083,0.6579812772373481,12.61850513204837,11.96052385481102,9.908566666666665,0.2773906275276833,0.7577584379846397
Mouse_464,0.5,8.0083,3.2955714692278355,12.61850513204837,9.322933662820532,9.908566666666665,0.21292119898378825,0.8082198232505879
Mouse_464,0.5,8.5083,6.455658859952141,12.61850513204837,6.1628462720962265,9.908566666666665,0.15235754518523958,0.8586812085165363
Mouse_464,0.5,9.0083,8.080009951668014,12.61850513204837,4.5384951803803535,9.908566666666665,0.09525332825967145,0.9091425937824846
Mouse_464,0.5,9.5083,7.011966434058996,12.61850513204837,5.606538697989373,9.908566666666665,0.04123460145533942,0.959603979048433
Mouse_464,0.5,10.0083,7.142345702776183,12.61850513204837,5.476159429272186,9.908566666666665,0.010015045902055935,1.0100653643143813
Mouse_464,0.5,11.0083,6.103960522622961,12.61850513204837,6.514544609425408,9.908566666666665,0.10524983089414405,1.110988134846278
Mouse_464,0.5,12.0083,6.005952484870139,12.61850513204837,6.612552647178229,9.908566666666665,0.1921983745310525,1.2119109053781747
Mouse_464,0.5,13.0083,5.359264051770625,12.61850513204837,7.259241080277743,9.908566666666665,0.27218791243767443,1.3128336759100712
Mouse_464,0.5,14.0083,5.178144245755631,12.61850513204837,7.440360886292739,9.908566666666665,0.34625030825528114,1.4137564464419679
Mouse_464,0.5,15.0083,5.3666578942054715,12.61850513204837,7.251847237842897,9.908566666666665,0.415203678570637,1.5146792169738645
Mouse_464,0.5,16.0083,5.654540842040724,12.61850513204837,6.9639642900076435,9.908566666666665,0.479707634903047,1.615601987505761
Mouse_464,0.5,17.0083,5.257263041255537,12.61850513204837,7.361242090792832,9.908566666666665,0.5403017573697955,1.7165247580376577
Mouse_464,0.5,18.0083,5.655296394473831,12.61850513204837,6.963208737574538,9.908566666666665,0.5974330598957501,1.8174475285695544
Mouse_464,0.5,19.0083,5.900471094141858,12.61850513204837,6.718034037906509,9.908566666666665,0.6514760230515028,1.918370299101451
Mouse_464,0.5,20.0084,6.092190045446762,12.61850513204837,6.526315086601606,9.908566666666665,0.7027524825462125,2.0193031619104014
Mouse_464,0.5,22.0084,6.262125227061999,12.61850513204837,6.356379904986371,9.908566666666665,0.7980244958336543,2.2211487029741943
Mouse_464,0.5,24.0084,6.47204529880975,12.61850513204837,6.1464598332386196,9.908566666666665,0.8850040662797667,2.4229942440379877
Mouse_464,0.5,26.0084,6.603820846700776,12.61850513204837,6.014684285347592,9.908566666666665,0.9650198599339811,2.624839785101781
Mouse_464,0.5,28.0084,6.864146124659394,12.61850513204837,5.754359007388976,9.908566666666665,1.039104762351735,2.8266853261655744
Mouse_464,0.5,30.0084,6.929129597906276,12.61850513204837,5.689375534142092,9.908566666666665,1.1080776396370045,3.028530867229368
Mouse_464,0.5,32.0084,6.990006912182881,12.61850513204837,5.628498219865487,9.908566666666665,1.1725986655201628,3.230376408293161
Mouse_464,0.5,34.0084,7.220870614061162,12.61850513204837,5.397634517987207,9.908566666666665,1.2332078500932186,3.4322219493569546
Mouse_464,0.5,36.0084,7.048767510330041,12.61850513204837,5.569737621718327,9.908566666666665,1.290352541738988,3.6340674904207475
Mouse_464,0.5,38.0084,7.293262899881805,12.61850513204837,5.325242232166563,9.908566666666665,1.3444074850969647,3.835913031484541
Mouse_464,0.5,40.0084,7.3533542371594525,12.61850513204837,5.265150894888916,9.908566666666665,1.395689729234556,4.037758572548334
Mouse_464,0.5,45.0084,7.348300811834683,12.61850513204837,5.270204320213685,9.908566666666665,1.5134494361844653,4.542372425207818
Mouse_464,0.5,48.0084,7.388748727361589,12.61850513204837,5.229756404686778,9.908566666666665,1.5779762927647103,4.845140736803508
Mouse_464,0.5,51.0084,7.3523862361537695,12.61850513204837,5.2661188958946,9.908566666666665,1.6385906222116873,5.147909048399198
Mouse_464,0.5,54.0084,7.331203277616584,12.61850513204837,5.287301854431784,9.908566666666665,1.6957398871898521,5.450677359994887
Mouse_464,0.5,57.0084,7.392163902022759,12.61850513204837,5.226341230025609,9.908566666666665,1.7497989225654769,5.753445671590577
Mouse_464,0.5,65.0084,7.446408587524284,12.61850513204837,5.172096544524084,9.908566666666665,1.8811167894828245,6.56082783584575
Mouse_464,0.5,70.0084,7.562695907099291,12.61850513204837,5.055809224949078,9.908566666666665,1.955215532017468,7.065441688505233
Mouse_464,0.5,75.0084,7.556016940127898,12.61850513204837,5.062488191920471,9.908566666666665,2.0242004044323116,7.570055541164717
Mouse_464,0.5,80.0084,7.582961296458945,12.61850513204837,5.035543835589424,9.908566666666665,2.0887319263293005,8.0746693938242
Mouse_464,0.5,85.0084,7.592722846758018,12.61850513204837,5.025782285290351,9.908566666666665,2.149350372304538,8.579283246483683
Mouse_464,0.5,90.0084,7.62341942012643,12.61850513204837,4.99508571192194,9.908566666666665,2.206503296475847,9.083897099143167
Mouse_464,0.5,95.0084,7.605020482546491,12.61850513204837,5.013484649501877,9.908566666666665,2.2605656059117947,9.58851095180265
Mouse_464,0.5,100.0084,7.6494029216034995,12.61850513204837,4.969102210444868,9.908566666666665,2.3118544796278218,10.093124804462132
Mouse_464,0.5,105.0083,7.700648432418374,12.61850513204837,4.917856699629994,9.908566666666665,2.3606396918200057,10.597728564844564
Mouse_464,0.5,110.0083,7.680906696482757,12.61850513204837,4.9375984355656115,9.908566666666665,2.407156114658853,11.102342417504047
Mouse_464,0.5,115.0083,7.6955287172380675,12.61850513204837,4.9229764148103,9.908566666666665,2.4516045968394153,11.606956270163531
Mouse_464,0.5,125.0083,7.720276317805434,12.61850513204837,4.898228814242935,9.908566666666665,2.534980432265452,12.616183975482498
Mouse_464,0.5,135.0083,7.742412590848722,12.61850513204837,4.876092541199647,9.908566666666665,2.611936555197535,13.625411680801463
Mouse_464,0.5,145.0083,7.689141765990572,12.61850513204837,4.929363366057797,9.908566666666665,2.6833912793291925,14.634639386120428
Mouse_464,0.5,155.0083,7.702520716300992,12.61850513204837,4.915984415747377,9.908566666666665,2.7500789610402125,15.643867091439395
Mouse_464,0.5,165.0083,7.713901033276228,12.61850513204837,4.9046040987721415,9.908566666666665,2.8125960728332617,16.653094796758364
Mouse_464,0.5,175.0083,7.733486997778288,12.61850513204837,4.88501813427008,9.908566666666665,2.8714336985377766,17.662322502077327
Mouse_464,0.5,185.0083,7.713715459035484,12.61850513204837,4.904789673012885,9.908566666666665,2.927000986104325,18.671550207396294
Mouse_464,0.5,195.0083,7.734016943686499,12.61850513204837,4.884488188361869,9.908566666666665,2.979642418928018,19.68077791271526
Mouse_464,0.5,205.0087,7.733486673738806,12.61850513204837,4.885018458309562,9.908566666666665,3.0296527144298215,20.690045987142444
Mouse_464,0.5,215.0087,7.738283198362112,12.61850513204837,4.880221933686258,9.908566666666665,3.0772787895927842,21.699273692461407
Mouse_464,0.5,225.0087,7.73751328132982,12.61850513204837,4.880991850718548,9.908566666666665,3.1227393652910838,22.708501397780374
Mouse_464,0.5,235.0087,7.700101332091341,12.61850513204837,4.918403799957027,9.908566666666665,3.1662228319030175,23.71772910309934
Mouse_464,0.5,245.0087,7.700900508208793,12.61850513204837,4.9176046238395745,9.908566666666665,3.207894017285869,24.726956808418308
Mouse_464,1.0,0.5083,-2.5217297779791847,13.056108880389115,15.577838658368298,10.510183333333334,3.029028082970409,0.048362619744977485
Mouse_464,1.0,1.0083,2.131081449812002,13.056108880389115,10.925027430577112,10.510183333333334,2.3440788840240963,0.09593552919311588
Mouse_464,1.0,1.5083,-3.755144266207715,13.056108880389115,16.81125314659683,10.510183333333334,1.9413614396490593,0.14350843864125426
Mouse_464,1.0,2.0083,-4.026337486577352,13.056108880389115,17.082446366966465,10.510183333333334,1.6550560353806332,0.19108134808939267
Mouse_464,1.0,2.5083,-2.9873839381698284,13.056108880389115,16.043492818558942,10.510183333333334,1.4327393955991439,0.23865425753753106
Mouse_464,1.0,2.7583,-3.6936379800159616,13.056108880389115,16.749746860405075,10.510183333333334,1.337730080511276,0.26244071226160026
Mouse_464,1.0,3.0083,-5.655332530282759,13.056108880389115,18.711441410671874,10.510183333333334,1.250969493284091,0.28622716698566947
Mouse_464,1.0,3.2583,-6.2738856846111615,13.056108880389115,19.329994565000277,10.510183333333334,1.1711390414691656,0.3100136217097387
Mouse_464,1.0,3.5083,-8.001549284239076,13.056108880389115,21.057658164628187,10.510183333333334,1.0972130387735783,0.3338000764338078
Mouse_464,1.0,3.7583,-5.673425670688081,13.056108880389115,18.729534551077194,10.510183333333334,1.0283779009394285,0.35758653115787703
Mouse_464,1.0,4.0083,-5.589412174702216,13.056108880389115,18.64552105509133,10.510183333333334,0.9639774171603076,0.38137298588194624
Mouse_464,1.0,4.5083,-5.946274535861376,13.056108880389115,19.00238341625049,10.510183333333334,0.8464244861193687,0.42894589533008465
Mouse_464,1.0,5.0083,-6.5103099004698874,13.056108880389115,19.566418780859003,10.510183333333334,0.7412480922841588,0.476518804778223
Mouse_464,1.0,5.5083,-5.655565693072604,13.056108880389115,18.711674573461718,10.510183333333334,0.6460885828270148,0.5240917142263614
Mouse_464,1.0,6.0083,-3.1625412115083806,13.056108880389115,16.218650091897494,10.510183333333334,0.559202781803823,0.5716646236744998
Mouse_464,1.0,6.5083,-2.5551613858699183,13.056108880389115,15.611270266259034,10.510183333333334,0.4792663430355288,0.6192375331226382
Mouse_464,1.0,7.0083,-0.9357241251052448,13.056108880389115,13.99183300549436,10.510183333333334,0.4052494675041059,0.6668104425707766
Mouse_464,1.0,7.5083,0.550171374521728,13.056108880389115,12.505937505867385,10.510183333333334,0.33633555313634506,0.714383352018915
Mouse_464,1.0,8.0083,3.873019614832998,13.056108880389115,9.183089265556116,10.510183333333334,0.27186612459245,0.7619562614670533
Mouse_464,1.0,8.5083,6.520911442773001,13.056108880389115,6.535197437616112,10.510183333333334,0.21130247079390135,0.8095291709151917
Mouse_464,1.0,9.0083,8.10395985210469,13.056108880389115,4.952149028284423,10.510183333333334,0.15419825386833322,0.8571020803633301
Mouse_464,1.0,9.5083,7.625210940690117,13.056108880389115,5.430897939698998,10.510183333333334,0.10017952706400118,0.9046749898114685
Mouse_464,1.0,10.0083,7.713694790679771,13.056108880389115,5.342414089709342,10.510183333333334,0.048929879706605825,0.952247899259607
Mouse_464,1.0,11.0083,6.752210294031593,13.056108880389115,6.303898586357521,10.510183333333334,0.04630490528548219,1.0473937181558837
Mouse_464,1.0,12.0083,6.6848936371430625,13.056108880389115,6.371215243246052,10.510183333333334,0.1332534489223907,1.1425395370521605
Mouse_464,1.0,13.0083,6.174047739156605,13.056108880389115,6.882061141232509,10.510183333333334,0.2132429868290128,1.2376853559484373
Mouse_464,1.0,14.0083,6.047795368038459,13.056108880389115,7.0083135123506555,10.510183333333334,0.2873053826466194,1.3328311748447141
Mouse_464,1.0,15.0083,6.26433341360438,13.056108880389115,6.791775466784733,10.510183333333334,0.3562587529619752,1.4279769937409907
Mouse_464,1.0,16.0083,6.607388687791738,13.056108880389115,6.448720192597376,10.510183333333334,0.4207627092943852,1.5231228126372673
Mouse_464,1.0,17.0083,6.214652576155123,13.056108880389115,6.84145630423399,10.510183333333334,0.4813568317611337,1.6182686315335442
Mouse_464,1.0,18.0083,6.639801189548116,13.056108880389115,6.4163076908409975,10.510183333333334,0.5384881342870884,1.713414450429821
Mouse_464,1.0,19.0083,6.898636192799781,13.056108880389115,6.157472687589332,10.510183333333334,0.592531097442841,1.8085602693260978
Mouse_464,1.0,20.0084,7.07461938828967,13.056108880389115,5.981489492099444,10.510183333333334,0.6438075569375507,1.9037156028042646
Mouse_464,1.0,22.0084,7.250468612942564,13.056108880389115,5.805640267446551,10.510183333333334,0.7390795702249926,2.094007240596818
Mouse_464,1.0,24.0084,7.44614087346938,13.056108880389115,5.6099680069197335,10.510183333333334,0.826059140671105,2.2842988783893716
Mouse_464,1.0,26.0084,7.567015373588298,13.056108880389115,5.489093506800817,10.510183333333334,0.9060749343253194,2.4745905161819253
Mouse_464,1.0,28.0084,7.819918262445785,13.056108880389115,5.236190617943329,10.510183333333334,0.9801598367430734,2.664882153974479
Mouse_464,1.0,30.0084,7.878006491387797,13.056108880389115,5.178102389001316,10.510183333333334,1.0491327140283424,2.855173791767032
Mouse_464,1.0,32.0084,7.961364688918382,13.056108880389115,5.094744191470731,10.510183333333334,1.113653739911501,3.0454654295595858
Mouse_464,1.0,34.0084,8.181755554140262,13.056108880389115,4.874353326248851,10.510183333333334,1.1742629244845568,3.2357570673521394
Mouse_464,1.0,36.0084,8.030458333784045,13.056108880389115,5.0256505466050685,10.510183333333334,1.2314076161303262,3.426048705144693
Mouse_464,1.0,38.0084,8.28455434435876,13.056108880389115,4.771554536030353,10.510183333333334,1.2854625594883031,3.6163403429372467
Mouse_464,1.0,40.0084,8.338930341147236,13.056108880389115,4.7171785392418775,10.510183333333334,1.3367448036258942,3.8066319807298
Mouse_464,1.0,45.0084,8.350463941396974,13.056108880389115,4.7056449389921395,10.510183333333334,1.4545045105758032,4.282361075211184
Mouse_464,1.0,48.0084,8.394155221262107,13.056108880389115,4.661953659127007,10.510183333333334,1.5190313671560485,4.5677985319000145
Mouse_464,1.0,51.0084,8.364874399153692,13.056108880389115,4.691234481235422,10.510183333333334,1.5796456966030255,4.853235988588844
Mouse_464,1.0,54.0084,8.334153178041252,13.056108880389115,4.721955702347861,10.510183333333334,1.6367949615811903,5.138673445277675
Mouse_464,1.0,57.0084,8.390459640868077,13.056108880389115,4.665649239521038,10.510183333333334,1.690853996956815,5.424110901966506
Mouse_464,1.0,65.0084,8.417537131884673,13.056108880389115,4.63857174850444,10.510183333333334,1.8221718638741626,6.185277453136719
Mouse_464,1.0,70.0084,8.519532264601235,13.056108880389115,4.536576615787879,10.510183333333334,1.8962706064088062,6.661006547618103
Mouse_464,1.0,75.0084,8.52158364911648,13.056108880389115,4.534525231272634,10.510183333333334,1.96525547882365,7.136735642099487
Mouse_464,1.0,80.0084,8.548874323750448,13.056108880389115,4.507234556638665,10.510183333333334,2.029787000720639,7.612464736580871
Mouse_464,1.0,85.0084,8.55476004128564,13.056108880389115,4.501348839103475,10.510183333333334,2.090405446695876,8.088193831062254
Mouse_464,1.0,90.0084,8.580351920528404,13.056108880389115,4.47575695986071,10.510183333333334,2.147558370867185,8.563922925543638
Mouse_464,1.0,95.0084,8.565793784538096,13.056108880389115,4.490315095851017,10.510183333333334,2.2016206803031326,9.039652020025022
Mouse_464,1.0,100.0084,8.594800564570425,13.056108880389115,4.461308315818689,10.510183333333334,2.25290955401916,9.515381114506406
Mouse_464,1.0,105.0083,8.645332056150483,13.056108880389115,4.41077682423863,10.510183333333334,2.301694766211344,9.991100694405901
Mouse_464,1.0,110.0083,8.622267953384949,13.056108880389115,4.433840927004164,10.510183333333334,2.348211189050191,10.466829788887285
Mouse_464,1.0,115.0083,8.642643504251343,13.056108880389115,4.41346537613777,10.510183333333334,2.3926596712307533,10.942558883368669
Mouse_464,1.0,125.0083,8.65345677689166,13.056108880389115,4.402652103497452,10.510183333333334,2.47603550665679,11.894017072331437
Mouse_464,1.0,135.0083,8.675887975718089,13.056108880389115,4.380220904671024,10.510183333333334,2.5529916295888735,12.845475261294204
Mouse_464,1.0,145.0083,8.633594693982584,13.056108880389115,4.422514186406529,10.510183333333334,2.624446353720531,13.796933450256972
Mouse_464,1.0,155.0083,8.650163570300027,13.056108880389115,4.405945310089086,10.510183333333334,2.691134035431551,14.74839163921974
Mouse_464,1.0,165.0083,8.657515162331764,13.056108880389115,4.398593718057349,10.510183333333334,2.7536511472246,15.699849828182508
Mouse_464,1.0,175.0083,8.651149354423127,13.056108880389115,4.404959525965986,10.510183333333334,2.812488772929115,16.651308017145276
Mouse_464,1.0,185.0083,8.67080739956125,13.056108880389115,4.385301480827864,10.510183333333334,2.868056060495663,17.602766206108043
Mouse_464,1.0,195.0083,8.6664911925184,13.056108880389115,4.389617687870714,10.510183333333334,2.9206974933193566,18.55422439507081
Mouse_464,1.0,205.0087,8.662145923320567,13.056108880389115,4.393962957068546,10.510183333333334,2.97070778882116,19.505720642361137
Mouse_464,1.0,215.0087,8.667666071589153,13.056108880389115,4.388442808799962,10.510183333333334,3.0183338639841226,20.457178831323905
Mouse_464,1.0,225.0087,8.665442587921529,13.056108880389115,4.390666292467585,10.510183333333334,3.0637944396824217,21.408637020286672
Mouse_464,1.0,235.0087,8.644664831442466,13.056108880389115,4.411444048946647,10.510183333333334,3.1072779062943554,22.36009520924944
Mouse_464,1.0,245.0087,8.646761154969994,13.056108880389115,4.409347725419119,10.510183333333334,3.1489490916772076,23.311553398212208
Mouse_464,2.5,0.5083,-2.7161345525582847,13.718402036685061,16.434536589243347,11.145150000000001,3.087687880226744,0.045607282091313255
Mouse_464,2.5,1.0083,2.2913617490706484,13.718402036685061,11.427040287614412,11.145150000000001,2.4027386812804306,0.09046984562791886
Mouse_464,2.5,1.5083,-2.864386226258766,13.718402036685061,16.582788262943826,11.145150000000001,2.000021236905394,0.13533240916452446
Mouse_464,2.5,2.0083,-3.1560581510140393,13.718402036685061,16.8744601876991,11.145150000000001,1.713715832636968,0.18019497270113008
Mouse_464,2.5,2.5083,-3.4897410606674493,13.718402036685061,17.20814309735251,11.145150000000001,1.4913991928554784,0.2250575362377357
Mouse_464,2.5,2.7583,-3.4340036862822467,13.718402036685061,17.15240572296731,11.145150000000001,1.3963898777676105,0.2474888180060385
Mouse_464,2.5,3.0083,-4.390659460560678,13.718402036685061,18.10906149724574,11.145150000000001,1.3096292905404257,0.2699200997743413
Mouse_464,2.5,3.2583,-5.472438335804015,13.718402036685061,19.190840372489074,11.145150000000001,1.2297988387255,0.2923513815426441
Mouse_464,2.5,3.5083,-6.88692638413261,13.718402036685061,20.60532842081767,11.145150000000001,1.1558728360299129,0.3147826633109469
Mouse_464,2.5,3.7583,-5.051918630873149,13.718402036685061,18.77032066755821,11.145150000000001,1.087037698195763,0.33721394507924973
Mouse_464,2.5,4.0083,-4.647010844227927,13.718402036685061,18.365412880912984,11.145150000000001,1.0226372144166422,0.3596452268475525
Mouse_464,2.5,4.5083,-5.196236892172258,13.718402036685061,18.914638928857315,11.145150000000001,0.9050842833757033,0.40450779038415813
Mouse_464,2.5,5.0083,-5.727524082638214,13.718402036685061,19.445926119323275,11.145150000000001,0.7999078895404933,0.44937035392076374
Mouse_464,2.5,5.5083,-4.654524936868463,13.718402036685061,18.372926973553525,11.145150000000001,0.7047483800833494,0.4942329174573693
Mouse_464,2.5,6.0083,-2.540074279368148,13.718402036685061,16.25847631605321,11.145150000000001,0.6178625790601575,0.539095480993975
Mouse_464,2.5,6.5083,-1.8731136340343113,13.718402036685061,15.591515670719371,11.145150000000001,0.5379261402918634,0.5839580445305805
Mouse_464,2.5,7.0083,-0.269244280695907,13.718402036685061,13.987646317380968,11.145150000000001,0.4639092647604406,0.6288206080671861
Mouse_464,2.5,7.5083,0.883503469721858,13.718402036685061,12.834898566963204,11.145150000000001,0.3949953503926797,0.6736831716037918
Mouse_464,2.5,8.0083,4.3958042510139865,13.718402036685061,9.322597785671075,11.145150000000001,0.33052592184878465,0.7185457351403973
Mouse_464,2.5,8.5083,6.518716107491732,13.718402036685061,7.199685929193329,11.145150000000001,0.2699622680502359,0.763408298677003
Mouse_464,2.5,9.0083,7.90724657908431,13.718402036685061,5.81115545760075,11.145150000000001,0.21285805112466785,0.8082708622136086
Mouse_464,2.5,9.5083,7.86979347216559,13.718402036685061,5.848608564519472,11.145150000000001,0.15883932432033587,0.8531334257502141
Mouse_464,2.5,10.0083,8.477531788911946,13.718402036685061,5.240870247773113,11.145150000000001,0.10758967696294047,0.8979959892868198
Mouse_464,2.5,11.0083,7.914386481646426,13.718402036685061,5.804015555038633,11.145150000000001,0.012354891970852367,0.987721116360031
Mouse_464,2.5,12.0083,7.876310210203376,13.718402036685061,5.842091826481685,11.145150000000001,0.074593651666056,1.0774462434332421
Mouse_464,2.5,13.0083,7.474495730725165,13.718402036685061,6.2439063059598965,11.145150000000001,0.1545831895726782,1.1671713705064535
Mouse_464,2.5,14.0083,7.405488179068113,13.718402036685061,6.312913857616947,11.145150000000001,0.22864558539028473,1.2568964975796646
Mouse_464,2.5,15.0083,7.52459087439388,13.718402036685061,6.193811162291181,11.145150000000001,0.29759895570564054,1.3466216246528757
Mouse_464,2.5,16.0083,7.73422287113655,13.718402036685061,5.984179165548511,11.145150000000001,0.3621029120380506,1.4363467517260868
Mouse_464,2.5,17.0083,7.4548932509138925,13.718402036685061,6.263508785771167,11.145150000000001,0.4226970345047992,1.5260718787992982
Mouse_464,2.5,18.0083,7.730060364076547,13.718402036685061,5.988341672608514,11.145150000000001,0.4798283370307537,1.6157970058725093
Mouse_464,2.5,19.0083,7.864394583697784,13.718402036685061,5.854007452987276,11.145150000000001,0.5338713001865063,1.7055221329457204
Mouse_464,2.5,20.0084,7.876983643522641,13.718402036685061,5.841418393162421,11.145150000000001,0.585147759681216,1.7952562325316392
Mouse_464,2.5,22.0084,7.84880138808378,13.718402036685061,5.86960064860128,11.145150000000001,0.680419772968658,1.9747064866780617
Mouse_464,2.5,24.0084,7.944905899182136,13.718402036685061,5.773496137502924,11.145150000000001,0.7673993434147702,2.154156740824484
Mouse_464,2.5,26.0084,8.000944487008526,13.718402036685061,5.717457549676533,11.145150000000001,0.8474151370689847,2.3336069949709066
Mouse_464,2.5,28.0084,8.13185682091057,13.718402036685061,5.586545215774491,11.145150000000001,0.9215000394867386,2.513057249117329
Mouse_464,2.5,30.0084,8.143585681448364,13.718402036685061,5.574816355236697,11.145150000000001,0.990472916772008,2.6925075032637515
Mouse_464,2.5,32.0084,8.210039945029528,13.718402036685061,5.508362091655533,11.145150000000001,1.0549939426551664,2.871957757410174
Mouse_464,2.5,34.0084,8.362881067101943,13.718402036685061,5.355520969583116,11.145150000000001,1.1156031272282223,3.0514080115565965
Mouse_464,2.5,36.0084,8.295946100796936,13.718402036685061,5.4224559358881255,11.145150000000001,1.1727478188739917,3.2308582657030187
Mouse_464,2.5,38.0084,8.505926251999632,13.718402036685061,5.212475784685429,11.145150000000001,1.2268027622319684,3.410308519849441
Mouse_464,2.5,40.0084,8.52369570736596,13.718402036685061,5.194706329319102,11.145150000000001,1.2780850063695597,3.5897587739958636
Mouse_464,2.5,45.0084,8.54373392891273,13.718402036685061,5.17466810777233,11.145150000000001,1.3958447133194687,4.038384409361919
Mouse_464,2.5,48.0084,8.589270916582787,13.718402036685061,5.129131120102273,11.145150000000001,1.460371569899714,4.3075597905815535
Mouse_464,2.5,51.0084,8.579889878111162,13.718402036685061,5.138512158573898,11.145150000000001,1.5209858993466907,4.576735171801187
Mouse_464,2.5,54.0084,8.536228758114094,13.718402036685061,5.182173278570968,11.145150000000001,1.5781351643248558,4.84591055302082
Mouse_464,2.5,57.0084,8.560104683729952,13.718402036685061,5.158297352955109,11.145150000000001,1.6321941997004805,5.115085934240454
Mouse_464,2.5,65.0084,8.539627498379513,13.718402036685061,5.178774538305548,11.145150000000001,1.7635120666178281,5.832886950826143
Mouse_464,2.5,70.0084,8.560508001092963,13.718402036685061,5.157894035592099,11.145150000000001,1.8376108091524714,6.281512586192199
Mouse_464,2.5,75.0084,8.5711708985838,13.718402036685061,5.14723113810126,11.145150000000001,1.9065956815673153,6.7301382215582555
Mouse_464,2.5,80.0084,8.581913892531398,13.718402036685061,5.136488144153662,11.145150000000001,1.9711272034643041,7.178763856924311
Mouse_464,2.5,85.0084,8.556652428115525,13.718402036685061,5.161749608569536,11.145150000000001,2.0317456494395416,7.627389492290368
Mouse_464,2.5,90.0084,8.566311749977585,13.718402036685061,5.152090286707477,11.145150000000001,2.0888985736108507,8.076015127656424
Mouse_464,2.5,95.0084,8.572885264100883,13.718402036685061,5.145516772584177,11.145150000000001,2.1429608830467983,8.524640763022479
Mouse_464,2.5,100.0084,8.553524672173259,13.718402036685061,5.164877364511802,11.145150000000001,2.1942497567628254,8.973266398388535
Mouse_464,2.5,105.0083,8.563792400468591,13.718402036685061,5.154609636216469,11.145150000000001,2.2430349689550093,9.421883061241886
Mouse_464,2.5,110.0083,8.553907058521379,13.718402036685061,5.164494978163681,11.145150000000001,2.289551391793857,9.870508696607942
Mouse_464,2.5,115.0083,8.565899650621812,13.718402036685061,5.152502386063249,11.145150000000001,2.3339998739744185,10.319134331973997
Mouse_464,2.5,125.0083,8.538419918283328,13.718402036685061,5.179982118401732,11.145150000000001,2.4173757094004555,11.21638560270611
Mouse_464,2.5,135.0083,8.547032324718442,13.718402036685061,5.171369711966619,11.145150000000001,2.4943318323325387,12.113636873438221
Mouse_464,2.5,145.0083,8.533708739277802,13.718402036685061,5.184693297407257,11.145150000000001,2.565786556464196,13.010888144170332
Mouse_464,2.5,155.0083,8.554162626190752,13.718402036685061,5.164239410494309,11.145150000000001,2.632474238175216,13.908139414902445
Mouse_464,2.5,165.0083,8.541072973731218,13.718402036685061,5.1773290629538415,11.145150000000001,2.6949913499682654,14.805390685634556
Mouse_464,2.5,175.0083,8.512131554177108,13.718402036685061,5.206270482507952,11.145150000000001,2.7538289756727803,15.70264195636667
Mouse_464,2.5,185.0083,8.552635307925344,13.718402036685061,5.165766728759715,11.145150000000001,2.8093962632393286,16.599893227098782
Mouse_464,2.5,195.0083,8.516510201620523,13.718402036685061,5.201891835064538,11.145150000000001,2.862037696063022,17.49714449783089
Mouse_464,2.5,205.0087,8.507383507780219,13.718402036685061,5.211018528904842,11.145150000000001,2.912047991564825,18.394431658613836
Mouse_464,2.5,215.0087,8.512775520791022,13.718402036685061,5.205626515894039,11.145150000000001,2.959674066727788,19.291682929345946
Mouse_464,2.5,225.0087,8.507414987011598,13.718402036685061,5.210987049673462,11.145150000000001,3.0051346424260874,20.18893420007806
Mouse_464,2.5,235.0087,8.521325698350926,13.718402036685061,5.197076338334134,11.145150000000001,3.048618109038021,21.08618547081017
Mouse_464,2.5,245.0087,8.512044908312937,13.718402036685061,5.206357128372124,11.145150000000001,3.090289294420873,21.983436741542285
Mouse_467,0.05,0.5083,0.3280976210440345,15.515341594026337,15.187243972982305,4.6621500000000005,2.2161601696574156,0.10902695108479991
Mouse_467,0.05,1.0083,-0.06915098726330526,15.515341594026337,15.584492581289641,4.6621500000000005,1.5312109707111026,0.21627360767028087
Mouse_467,0.05,1.5083,-3.16062900246361,15.515341594026337,18.675970596489947,4.6621500000000005,1.1284935263360656,0.3235202642557618
Mouse_467,0.05,2.0083,0.3593210411763882,15.515341594026337,15.156020552849949,4.6621500000000005,0.8421881220676398,0.4307669208412428
Mouse_467,0.05,2.5083,-2.5196651632696785,15.515341594026337,18.035006757296017,4.6621500000000005,0.6198714822861503,0.5380135774267237
Mouse_467,0.05,2.7583,-1.918975768959113,15.515341594026337,17.43431736298545,4.6621500000000005,0.5248621671982826,0.5916369057194641
Mouse_467,0.05,3.0083,-3.7086025186942386,15.515341594026337,19.223944112720577,4.6621500000000005,0.43810157997109755,0.6452602340122047
Mouse_467,0.05,3.2583,-1.3461264829585575,15.515341594026337,16.861468076984895,4.6621500000000005,0.35827112815617224,0.6988835623049451
Mouse_467,0.05,3.5083,-1.0477175268398344,15.515341594026337,16.56305912086617,4.6621500000000005,0.28434512546058477,0.7525068905976856
Mouse_467,0.05,3.7583,-0.2842030039416583,15.515341594026337,15.799544597967994,4.6621500000000005,0.2155099876264352,0.806130218890426
Mouse_467,0.05,4.0083,-0.3952900538730496,15.515341594026337,15.910631647899386,4.6621500000000005,0.15110950384731422,0.8597535471831665
Mouse_467,0.05,4.5083,-0.594958249273255,15.515341594026337,16.110299843299593,4.6621500000000005,0.033556572806375286,0.9670002037686475
Mouse_467,0.05,5.0083,-0.5572572485495226,15.515341594026337,16.07259884257586,4.6621500000000005,0.07161982102883467,1.0742468603541284
Mouse_467,0.05,5.5083,-0.779214962897619,15.515341594026337,16.294556556923958,4.6621500000000005,0.16677933048597862,1.1814935169396092
Mouse_467,0.05,6.0083,-0.23755996881205105,15.515341594026337,15.752901562838389,4.6621500000000005,0.2536651315091704,1.2887401735250903
Mouse_467,0.05,6.5083,-0.2769164916683375,15.515341594026337,15.792258085694673,4.6621500000000005,0.33360157027746457,1.3959868301105711
Mouse_467,0.05,7.0083,0.20214028143501797,15.515341594026337,15.31320131259132,4.6621500000000005,0.4076184458088875,1.5032334866960522
Mouse_467,0.05,7.5083,0.4895180857839554,15.515341594026337,15.025823508242382,4.6621500000000005,0.47653236017664824,1.610480143281533
Mouse_467,0.05,8.0083,0.6604288882140779,15.515341594026337,14.854912705812259,4.6621500000000005,0.5410017887205434,1.717726799867014
Mouse_467,0.05,8.5083,1.7771029479044878,15.515341594026337,13.738238646121847,4.6621500000000005,0.601565442519092,1.8249734564524949
Mouse_467,0.05,9.0083,1.638437005648793,15.515341594026337,13.876904588377545,4.6621500000000005,0.6586696594446602,1.932220113037976
Mouse_467,0.05,9.5083,1.3378912036832724,15.515341594026337,14.177450390343067,4.6621500000000005,0.7126883862489922,2.039466769623457
Mouse_467,0.05,10.0083,2.211995320412234,15.515341594026337,13.303346273614103,4.6621500000000005,0.7639380336063875,2.1467134262089376
Mouse_467,0.05,11.0083,2.4060141162244464,15.515341594026337,13.109327477801893,4.6621500000000005,0.8591728185984756,2.3612067393798997
Mouse_467,0.05,12.0083,2.3735405967980188,15.515341594026337,13.141800997228318,4.6621500000000005,0.946121362235384,2.5757000525508613
Mouse_467,0.05,13.0083,2.965597847691816,15.515341594026337,12.54974374633452,4.6621500000000005,1.0261109001420061,2.7901933657218234
Mouse_467,0.05,14.0083,2.917695614556153,15.515341594026337,12.597645979470183,4.6621500000000005,1.1001732959596127,3.004686678892785
Mouse_467,0.05,15.0083,2.8873717385747035,15.515341594026337,12.627969855451633,4.6621500000000005,1.1691266662749686,3.219179992063747
Mouse_467,0.05,16.0083,3.055296576855243,15.515341594026337,12.460045017171094,4.6621500000000005,1.2336306226073788,3.433673305234709
Mouse_467,0.05,17.0083,3.2082743100396,15.515341594026337,12.307067283986736,4.6621500000000005,1.294224745074127,3.6481666184056705
Mouse_467,0.05,18.0083,3.1722136378166184,15.515341594026337,12.343127956209718,4.6621500000000005,1.3513560476000819,3.8626599315766326
Mouse_467,0.05,19.0083,3.0660676194695253,15.515341594026337,12.44927397455681,4.6621500000000005,1.4053990107558345,4.077153244747595
Mouse_467,0.05,20.0084,3.2851472163053654,15.515341594026337,12.230194377720972,4.6621500000000005,1.456675470250544,4.291668007249874
Mouse_467,0.05,22.0084,3.2905488564701906,15.515341594026337,12.224792737556148,4.6621500000000005,1.5519474835379858,4.720654633591797
Mouse_467,0.05,24.0084,3.2529369195137092,15.515341594026337,12.262404674512629,4.6621500000000005,1.6389270539840983,5.149641259933722
Mouse_467,0.05,26.0084,3.2356994256775335,15.515341594026337,12.279642168348804,4.6621500000000005,1.7189428476383126,5.578627886275645
Mouse_467,0.05,28.0084,3.2808744760215363,15.515341594026337,12.234467118004801,4.6621500000000005,1.7930277500560667,6.007614512617569
Mouse_467,0.05,30.0084,3.2146511434062446,15.515341594026337,12.30069045062009,4.6621500000000005,1.8620006273413359,6.436601138959492
Mouse_467,0.05,32.0084,3.162476137944701,15.515341594026337,12.352865456081636,4.6621500000000005,1.9265216532244944,6.865587765301417
Mouse_467,0.05,34.0084,3.1927011184877245,15.515341594026337,12.322640475538613,4.6621500000000005,1.98713083779755,7.29457439164334
Mouse_467,0.05,36.0084,3.0224171905984822,15.515341594026337,12.492924403427857,4.6621500000000005,2.0442755294433197,7.723561017985264
Mouse_467,0.05,38.0084,3.120936982703106,15.515341594026337,12.394404611323232,4.6621500000000005,2.0983304728012966,8.152547644327187
Mouse_467,0.05,40.0084,3.075075731118206,15.515341594026337,12.44026586290813,4.6621500000000005,2.1496127169388877,8.581534270669112
Mouse_467,0.05,45.0084,2.92965765896827,15.515341594026337,12.585683935058068,4.6621500000000005,2.267372423888797,9.65400083652392
Mouse_467,0.05,48.0084,2.903186600013402,15.515341594026337,12.612154994012934,4.6621500000000005,2.3318992804690417,10.297480776036807
Mouse_467,0.05,51.0084,2.896358607867156,15.515341594026337,12.618982986159182,4.6621500000000005,2.3925136099160187,10.940960715549693
Mouse_467,0.05,54.0084,2.805458636595699,15.515341594026337,12.709882957430638,4.6621500000000005,2.4496628748941838,11.584440655062577
Mouse_467,0.05,57.0084,2.7513695332018813,15.515341594026337,12.763972060824456,4.6621500000000005,2.5037219102698085,12.227920594575464
Mouse_467,0.05,65.0084,2.7777931061149026,15.515341594026337,12.737548487911432,4.6621500000000005,2.635039777187156,13.943867099943157
Mouse_467,0.05,70.0084,2.7553526993696815,15.515341594026337,12.759988894656658,4.6621500000000005,2.7091385197217996,15.016333665797966
Mouse_467,0.05,75.0084,2.687861724771964,15.515341594026337,12.827479869254372,4.6621500000000005,2.7781233921366435,16.088800231652776
Mouse_467,0.05,80.0084,2.6452431590557075,15.515341594026337,12.870098434970629,4.6621500000000005,2.8426549140336324,17.161266797507587
Mouse_467,0.05,85.0084,2.642963174402756,15.515341594026337,12.87237841962358,4.6621500000000005,2.9032733600088694,18.233733363362393
Mouse_467,0.05,90.0084,2.689461570175979,15.515341594026337,12.825880023850356,4.6621500000000005,2.9604262841801785,19.306199929217204
Mouse_467,0.05,95.0084,2.6147812509606756,15.515341594026337,12.900560343065662,4.6621500000000005,3.014488593616126,20.378666495072014
Mouse_467,0.05,100.0084,2.6808036347800415,15.515341594026337,12.834537959246296,4.6621500000000005,3.0657774673321536,21.45113306092682
Mouse_467,0.05,105.0083,2.696886481264395,15.515341594026337,12.818455112761944,4.6621500000000005,3.1145626795243375,22.523578177450318
Mouse_467,0.05,110.0083,2.6850232025355947,15.515341594026337,12.830318391490742,4.6621500000000005,3.1610791023631846,23.596044743305125
Mouse_467,0.05,115.0083,2.66991960339319,15.515341594026337,12.845421990633147,4.6621500000000005,3.2055275845437468,24.668511309159936
Mouse_467,0.05,125.0083,2.658333242146548,15.515341594026337,12.857008351879788,4.6621500000000005,3.2889034199697833,26.813444440869553
Mouse_467,0.05,135.0083,2.675088824813608,15.515341594026337,12.840252769212729,4.6621500000000005,3.365859542901867,28.95837757257917
Mouse_467,0.05,145.0083,2.680597208331068,15.515341594026337,12.83474438569527,4.6621500000000005,3.437314267033524,31.103310704288788
Mouse_467,0.05,155.0083,2.6553632330647936,15.515341594026337,12.859978360961543,4.6621500000000005,3.5040019487445444,33.24824383599841
Mouse_467,0.05,165.0083,2.664172783109455,15.515341594026337,12.85116881091688,4.6621500000000005,3.5665190605375936,35.39317696770803
Mouse_467,0.05,175.0083,2.66544284755278,15.515341594026337,12.849898746473556,4.6621500000000005,3.625356686242108,37.53811009941764
Mouse_467,0.05,185.0083,2.6593300509871787,15.515341594026337,12.856011543039159,4.6621500000000005,3.6809239738086563,39.683043231127265
Mouse_467,0.05,195.0083,2.647878694721049,15.515341594026337,12.867462899305288,4.6621500000000005,3.73356540663235,41.827976362836885
Mouse_467,0.05,205.0087,2.628346075703352,15.515341594026337,12.886995518322983,4.6621500000000005,3.7835757021341534,43.972995291871776
Mouse_467,0.05,215.0087,2.6568674430367185,15.515341594026337,12.858474150989618,4.6621500000000005,3.8312017772971156,46.11792842358139
Mouse_467,0.05,225.0087,2.6230684115161456,15.515341594026337,12.892273182510193,4.6621500000000005,3.876662352995415,48.26286155529101
Mouse_467,0.05,235.0087,2.6348485202784935,15.515341594026337,12.880493073747843,4.6621500000000005,3.920145819607349,50.40779468700063
Mouse_467,0.05,245.0087,2.6236152487155664,15.515341594026337,12.89172634531077,4.6621500000000005,3.961817004990201,52.552727818710245
Mouse_467,0.1,0.5083,-0.06089284274638465,18.98129486151721,19.042187704263597,5.815883333333333,2.4372761349536165,0.08739858949486035
Mouse_467,0.1,1.0083,-1.1903814619502127,18.98129486151721,20.171676323467423,5.815883333333333,1.7523269360073035,0.17337005270050695
Mouse_467,0.1,1.5083,-2.644649910090294,18.98129486151721,21.625944771607504,5.815883333333333,1.3496094916322665,0.25934151590615356
Mouse_467,0.1,2.0083,0.4640194972597236,18.98129486151721,18.517275364257486,5.815883333333333,1.0633040873638406,0.3453129791118002
Mouse_467,0.1,2.5083,-2.6003309559710015,18.98129486151721,21.581625817488213,5.815883333333333,0.8409874475823512,0.43128444231744684
Mouse_467,0.1,2.7583,-2.0190298303708145,18.98129486151721,21.000324691888025,5.815883333333333,0.7459781324944834,0.47427017392027015
Mouse_467,0.1,3.0083,-3.7899636623135438,18.98129486151721,22.771258523830753,5.815883333333333,0.6592175452672985,0.5172559055230934
Mouse_467,0.1,3.2583,-1.439892072473672,18.98129486151721,20.421186933990885,5.815883333333333,0.5793870934523729,0.5602416371259168
Mouse_467,0.1,3.5083,-1.0927036051188512,18.98129486151721,20.073998466636063,5.815883333333333,0.5054610907567857,0.60322736872874
Mouse_467,0.1,3.7583,-0.23473541826148736,18.98129486151721,19.2160302797787,5.815883333333333,0.43662595292263606,0.6462131003315633
Mouse_467,0.1,4.0083,-0.4051085609263829,18.98129486151721,19.386403422443593,5.815883333333333,0.37222546914351506,0.6891988319343867
Mouse_467,0.1,4.5083,-0.504628806314562,18.98129486151721,19.485923667831774,5.815883333333333,0.2546725381025761,0.7751702951400333
Mouse_467,0.1,5.0083,-0.42037535093753137,18.98129486151721,19.401670212454743,5.815883333333333,0.14949614426736624,0.8611417583456799
Mouse_467,0.1,5.5083,-0.5046235784475055,18.98129486151721,19.485918439964717,5.815883333333333,0.05433663481022216,0.9471132215513265
Mouse_467,0.1,6.0083,0.08546428250527782,18.98129486151721,18.895830579011932,5.815883333333333,0.03254916621296947,1.033084684756973
Mouse_467,0.1,6.5083,0.08889119679168633,18.98129486151721,18.892403664725528,5.815883333333333,0.11248560498126382,1.1190561479626198
Mouse_467,0.1,7.0083,0.538678381592768,18.98129486151721,18.442616479924443,5.815883333333333,0.18650248051268659,1.2050276111682663
Mouse_467,0.1,7.5083,0.9433956141913198,18.98129486151721,18.03789924732589,5.815883333333333,0.25541639488044754,1.290999074373913
Mouse_467,0.1,8.0083,1.142816413819716,18.98129486151721,17.838478447697494,5.815883333333333,0.3198858234243426,1.3769705375795596
Mouse_467,0.1,8.5083,2.2689918447183612,18.98129486151721,16.71230301679885,5.815883333333333,0.3804494772228912,1.462942000785206
Mouse_467,0.1,9.0083,2.0707346293755253,18.98129486151721,16.910560232141684,5.815883333333333,0.43755369414845935,1.5489134639908528
Mouse_467,0.1,9.5083,1.8599044069683424,18.98129486151721,17.12139045454887,5.815883333333333,0.4915724209527913,1.6348849271964994
Mouse_467,0.1,10.0083,2.846377045378935,18.98129486151721,16.134917816138277,5.815883333333333,0.5428220683101868,1.720856390402146
Mouse_467,0.1,11.0083,3.0273421291517586,18.98129486151721,15.953952732365451,5.815883333333333,0.6380568533022747,1.8927993168134392
Mouse_467,0.1,12.0083,3.059701375453594,18.98129486151721,15.921593486063617,5.815883333333333,0.7250053969391833,2.0647422432247327
Mouse_467,0.1,13.0083,3.787630133510237,18.98129486151721,15.193664728006974,5.815883333333333,0.8049949348458053,2.2366851696360257
Mouse_467,0.1,14.0083,3.7585793183149914,18.98129486151721,15.22271554320222,5.815883333333333,0.8790573306634119,2.4086280960473188
Mouse_467,0.1,15.0083,3.8037601183850893,18.98129486151721,15.17753474313212,5.815883333333333,0.9480107009787678,2.5805710224586123
Mouse_467,0.1,16.0083,4.09361013294995,18.98129486151721,14.887684728567262,5.815883333333333,1.0125146573111778,2.752513948869905
Mouse_467,0.1,17.0083,4.349717360843911,18.98129486151721,14.6315775006733,5.815883333333333,1.0731087797779262,2.9244568752811984
Mouse_467,0.1,18.0083,4.416120924213195,18.98129486151721,14.565173937304015,5.815883333333333,1.130240082303881,3.0963998016924914
Mouse_467,0.1,19.0083,4.27549840996795,18.98129486151721,14.70579645154926,5.815883333333333,1.1842830454596336,3.268342728103785
Mouse_467,0.1,20.0084,4.58934233881784,18.98129486151721,14.391952522699373,5.815883333333333,1.235559504954343,3.4403028488077196
Mouse_467,0.1,22.0084,4.584731984991949,18.98129486151721,14.396562876525262,5.815883333333333,1.3308315182417851,3.784188701630306
Mouse_467,0.1,24.0084,4.693469970395924,18.98129486151721,14.287824891121284,5.815883333333333,1.4178110886878974,4.128074554452892
Mouse_467,0.1,26.0084,4.671308896830576,18.98129486151721,14.309985964686636,5.815883333333333,1.497826882342112,4.471960407275479
Mouse_467,0.1,28.0084,4.835651333646488,18.98129486151721,14.145643527870723,5.815883333333333,1.5719117847598658,4.815846260098065
Mouse_467,0.1,30.0084,4.793848698603193,18.98129486151721,14.187446162914016,5.815883333333333,1.6408846620451352,5.159732112920652
Mouse_467,0.1,32.0084,4.707749416367563,18.98129486151721,14.273545445149647,5.815883333333333,1.7054056879282937,5.5036179657432385
Mouse_467,0.1,34.0084,4.782822085693702,18.98129486151721,14.19847277582351,5.815883333333333,1.7660148725013494,5.847503818565825
Mouse_467,0.1,36.0084,4.622899067015999,18.98129486151721,14.358395794501211,5.815883333333333,1.823159564147119,6.191389671388412
Mouse_467,0.1,38.0084,4.7014642112630805,18.98129486151721,14.27983065025413,5.815883333333333,1.8772145075050957,6.535275524210998
Mouse_467,0.1,40.0084,4.685373063057677,18.98129486151721,14.295921798459535,5.815883333333333,1.9284967516426867,6.879161377033584
Mouse_467,0.1,45.0084,4.568461640978397,18.98129486151721,14.412833220538815,5.815883333333333,2.046256458592596,7.73887600909005
Mouse_467,0.1,48.0084,4.513120206749075,18.98129486151721,14.468174654768134,5.815883333333333,2.1107833151728412,8.25470478832393
Mouse_467,0.1,51.0084,4.4850728595519005,18.98129486151721,14.496222001965311,5.815883333333333,2.1713976446198178,8.770533567557809
Mouse_467,0.1,54.0084,4.448793195469324,18.98129486151721,14.532501666047887,5.815883333333333,2.228546909597983,9.28636234679169
Mouse_467,0.1,57.0084,4.384870212640094,18.98129486151721,14.596424648877115,5.815883333333333,2.2826059449736076,9.80219112602557
Mouse_467,0.1,65.0084,4.353593620497893,18.98129486151721,14.627701241019318,5.815883333333333,2.413923811890955,11.177734537315914
Mouse_467,0.1,70.0084,4.293804551693328,18.98129486151721,14.687490309823882,5.815883333333333,2.4880225544255987,12.03744916937238
Mouse_467,0.1,75.0084,4.21045860471879,18.98129486151721,14.770836256798422,5.815883333333333,2.5570074268404426,12.897163801428846
Mouse_467,0.1,80.0084,4.16537043921695,18.98129486151721,14.815924422300263,5.815883333333333,2.6215389487374314,13.756878433485312
Mouse_467,0.1,85.0084,4.148629713925866,18.98129486151721,14.832665147591346,5.815883333333333,2.682157394712669,14.616593065541778
Mouse_467,0.1,90.0084,4.177511635476526,18.98129486151721,14.803783226040684,5.815883333333333,2.7393103188839776,15.476307697598244
Mouse_467,0.1,95.0084,4.112518516315912,18.98129486151721,14.868776345201297,5.815883333333333,2.7933726283199256,16.33602232965471
Mouse_467,0.1,100.0084,4.174131727711281,18.98129486151721,14.807163133805929,5.815883333333333,2.8446615020359527,17.195736961711177
Mouse_467,0.1,105.0083,4.124901407388903,18.98129486151721,14.856393454128307,5.815883333333333,2.8934467142281366,18.055434399475004
Mouse_467,0.1,110.0083,4.145177690215639,18.98129486151721,14.836117171301572,5.815883333333333,2.9399631370669836,18.91514903153147
Mouse_467,0.1,115.0083,4.118550242720568,18.98129486151721,14.86274461879664,5.815883333333333,2.984411619247546,19.774863663587936
Mouse_467,0.1,125.0083,4.073983970324424,18.98129486151721,14.90731089119279,5.815883333333333,3.067787454673583,21.49429292770087
Mouse_467,0.1,135.0083,4.086156315378254,18.98129486151721,14.895138546138956,5.815883333333333,3.144743577605666,23.213722191813797
Mouse_467,0.1,145.0083,4.072272784654031,18.98129486151721,14.909022076863177,5.815883333333333,3.2161983017373235,24.93315145592673
Mouse_467,0.1,155.0083,4.063012148507747,18.98129486151721,14.918282713009464,5.815883333333333,3.2828859834483435,26.652580720039662
Mouse_467,0.1,165.0083,4.07514674059877,18.98129486151721,14.90614812091844,5.815883333333333,3.3454030952413927,28.372009984152594
Mouse_467,0.1,175.0083,4.069437728568697,18.98129486151721,14.911857132948514,5.815883333333333,3.404240720945907,30.091439248265527
Mouse_467,0.1,185.0083,4.101642610693651,18.98129486151721,14.879652250823561,5.815883333333333,3.4598080085124554,31.81086851237846
Mouse_467,0.1,195.0083,4.084949314435972,18.98129486151721,14.896345547081237,5.815883333333333,3.512449441336149,33.530297776491395
Mouse_467,0.1,205.0087,4.073748183323614,18.98129486151721,14.907546678193599,5.815883333333333,3.5624597368379525,35.24979581777489
Mouse_467,0.1,215.0087,4.10052099829435,18.98129486151721,14.88077386322286,5.815883333333333,3.610085812000915,36.96922508188782
Mouse_467,0.1,225.0087,4.060227478874117,18.98129486151721,14.921067382643095,5.815883333333333,3.6555463876992143,38.68865434600075
Mouse_467,0.1,235.0087,4.088424478060877,18.98129486151721,14.892870383456334,5.815883333333333,3.699029854311148,40.408083610113685
Mouse_467,0.1,245.0087,4.061167973598897,18.98129486151721,14.920126887918315,5.815883333333333,3.740701039694,42.12751287422662
Mouse_467,0.25,0.5083,-0.07905950705889797,18.166157280777146,18.245216787836043,8.757133333333332,2.846552060867961,0.05804410880272845
Mouse_467,0.25,1.0083,-2.8565440265104316,18.166157280777146,21.022701307287576,8.757133333333332,2.161602861921648,0.11514041885853059
Mouse_467,0.25,1.5083,-1.8459993879709025,18.166157280777146,20.012156668748048,8.757133333333332,1.758885417546611,0.17223672891433273
Mouse_467,0.25,2.0083,0.7539710815185758,18.166157280777146,17.41218619925857,8.757133333333332,1.4725800132781852,0.22933303897013488
Mouse_467,0.25,2.5083,-2.373195154026198,18.166157280777146,20.53935243480334,8.757133333333332,1.2502633734966957,0.28642934902593703
Mouse_467,0.25,2.7583,-2.205933473052295,18.166157280777146,20.37209075382944,8.757133333333332,1.155254058408828,0.31497750405383806
Mouse_467,0.25,3.0083,-3.6199586067777556,18.166157280777146,21.7861158875549,8.757133333333332,1.068493471181643,0.34352565908173915
Mouse_467,0.25,3.2583,-1.592461387880686,18.166157280777146,19.758618668657828,8.757133333333332,0.9886630193667177,0.3720738141096402
Mouse_467,0.25,3.5083,-1.084773291256826,18.166157280777146,19.25093057203397,8.757133333333332,0.9147370166711303,0.4006219691375413
Mouse_467,0.25,3.7583,-0.20239607808339066,18.166157280777146,18.368553358860535,8.757133333333332,0.8459018788369805,0.42917012416544237
Mouse_467,0.25,4.0083,-0.4693855483888383,18.166157280777146,18.635542829165985,8.757133333333332,0.7815013950578596,0.4577182791933434
Mouse_467,0.25,4.5083,-0.4549219707353931,18.166157280777146,18.621079251512537,8.757133333333332,0.6639484640169206,0.5148145892491456
Mouse_467,0.25,5.0083,-0.2971231654985811,18.166157280777146,18.463280446275725,8.757133333333332,0.5587720701817108,0.5719108993049477
Mouse_467,0.25,5.5083,-0.3751663681225752,18.166157280777146,18.541323648899724,8.757133333333332,0.4636125607245667,0.6290072093607498
Mouse_467,0.25,6.0083,0.1667926390661174,18.166157280777146,17.999364641711026,8.757133333333332,0.3767267597013749,0.686103519416552
Mouse_467,0.25,6.5083,0.18821696475279562,18.166157280777146,17.977940316024352,8.757133333333332,0.2967903209330808,0.7431998294723541
Mouse_467,0.25,7.0083,0.6336704098147008,18.166157280777146,17.532486870962444,8.757133333333332,0.2227734454016579,0.8002961395281563
Mouse_467,0.25,7.5083,0.9399728293943523,18.166157280777146,17.226184451382792,8.757133333333332,0.15385953103389716,0.8573924495839583
Mouse_467,0.25,8.0083,1.3457219283078228,18.166157280777146,16.82043535246932,8.757133333333332,0.08939010249000198,0.9144887596397605
Mouse_467,0.25,8.5083,2.430924639195889,18.166157280777146,15.735232641581256,8.757133333333332,0.028826448691453285,0.9715850696955627
Mouse_467,0.25,9.0083,2.253711165245157,18.166157280777146,15.912446115531989,8.757133333333332,0.02827776823411475,1.0286813797513648
Mouse_467,0.25,9.5083,2.2350715882437573,18.166157280777146,15.931085692533387,8.757133333333332,0.08229649503844681,1.085777689807167
Mouse_467,0.25,10.0083,3.2214571386205,18.166157280777146,14.944700142156647,8.757133333333332,0.1335461423958422,1.1428739998629691
Mouse_467,0.25,11.0083,3.626884473439601,18.166157280777146,14.539272807337543,8.757133333333332,0.22878092738793016,1.2570666199745733
Mouse_467,0.25,12.0083,3.668222733151781,18.166157280777146,14.497934547625363,8.757133333333332,0.31572947102483867,1.3712592400861776
Mouse_467,0.25,13.0083,4.71142339701536,18.166157280777146,13.454733883761786,8.757133333333332,0.39571900893146067,1.4854518601977817
Mouse_467,0.25,14.0083,4.72897222756437,18.166157280777146,13.437185053212776,8.757133333333332,0.4697814047490674,1.599644480309386
Mouse_467,0.25,15.0083,5.001987983763161,18.166157280777146,13.164169297013984,8.757133333333332,0.5387347750644232,1.7138371004209905
Mouse_467,0.25,16.0083,5.438328235073677,18.166157280777146,12.727829045703468,8.757133333333332,0.6032387313968333,1.8280297205325944
Mouse_467,0.25,17.0083,5.861292606096627,18.166157280777146,12.304864674680518,8.757133333333332,0.6638328538635817,1.9422223406441987
Mouse_467,0.25,18.0083,6.222175314329292,18.166157280777146,11.943981966447852,8.757133333333332,0.7209641563895364,2.056414960755803
Mouse_467,0.25,19.0083,6.129949302173552,18.166157280777146,12.036207978603596,8.757133333333332,0.775007119545289,2.1706075808674075
Mouse_467,0.25,20.0084,6.570804483267239,18.166157280777146,11.595352797509905,8.757133333333332,0.8262835790399985,2.284811620241023
Mouse_467,0.25,22.0084,6.714765794941182,18.166157280777146,11.451391485835963,8.757133333333332,0.9215555923274407,2.5131968604642316
Mouse_467,0.25,24.0084,7.098775256960336,18.166157280777146,11.067382023816808,8.757133333333332,1.008535162773553,2.7415821006874403
Mouse_467,0.25,26.0084,7.157883403502374,18.166157280777146,11.008273877274771,8.757133333333332,1.0885509564277673,2.9699673409106486
Mouse_467,0.25,28.0084,7.463465708304641,18.166157280777146,10.702691572472505,8.757133333333332,1.1626358588455212,3.1983525811338573
Mouse_467,0.25,30.0084,7.564279000723884,18.166157280777146,10.60187828005326,8.757133333333332,1.2316087361307906,3.4267378213570656
Mouse_467,0.25,32.0084,7.496480341300053,18.166157280777146,10.66967693947709,8.757133333333332,1.2961297620139491,3.6551230615802743
Mouse_467,0.25,34.0084,7.623706707181041,18.166157280777146,10.542450573596103,8.757133333333332,1.3567389465870048,3.883508301803483
Mouse_467,0.25,36.0084,7.510771029631479,18.166157280777146,10.655386251145666,8.757133333333332,1.4138836382327742,4.111893542026691
Mouse_467,0.25,38.0084,7.545293264874826,18.166157280777146,10.620864015902319,8.757133333333332,1.467938581590751,4.3402787822499
Mouse_467,0.25,40.0084,7.610323552997983,18.166157280777146,10.555833727779163,8.757133333333332,1.5192208257283422,4.568664022473109
Mouse_467,0.25,45.0084,7.601744423044115,18.166157280777146,10.564412857733029,8.757133333333332,1.6369805326782514,5.13962712303113
Mouse_467,0.25,48.0084,7.528159082122012,18.166157280777146,10.637998198655133,8.757133333333332,1.7015073892584964,5.482204983365943
Mouse_467,0.25,51.0084,7.439554769165398,18.166157280777146,10.726602511611746,8.757133333333332,1.7621217187054734,5.824782843700755
Mouse_467,0.25,54.0084,7.510755519543077,18.166157280777146,10.655401761234067,8.757133333333332,1.8192709836836383,6.167360704035568
Mouse_467,0.25,57.0084,7.463213617623858,18.166157280777146,10.702943663153286,8.757133333333332,1.873330019059263,6.509938564370381
Mouse_467,0.25,65.0084,7.328620960996776,18.166157280777146,10.837536319780368,8.757133333333332,2.0046478859766106,7.423479525263215
Mouse_467,0.25,70.0084,7.218012297806205,18.166157280777146,10.94814498297094,8.757133333333332,2.0787466285112544,7.994442625821236
Mouse_467,0.25,75.0084,7.1311829826407855,18.166157280777146,11.034974298136358,8.757133333333332,2.1477315009260978,8.565405726379257
Mouse_467,0.25,80.0084,7.120930407676724,18.166157280777146,11.045226873100422,8.757133333333332,2.2122630228230866,9.136368826937279
Mouse_467,0.25,85.0084,7.0246707806687105,18.166157280777146,11.141486500108435,8.757133333333332,2.272881468798324,9.7073319274953
Mouse_467,0.25,90.0084,7.024944899903326,18.166157280777146,11.141212380873819,8.757133333333332,2.330034392969633,10.278295028053321
Mouse_467,0.25,95.0084,6.988242647155892,18.166157280777146,11.177914633621253,8.757133333333332,2.384096702405581,10.849258128611343
Mouse_467,0.25,100.0084,6.993857645241093,18.166157280777146,11.172299635536053,8.757133333333332,2.4353855761216083,11.420221229169364
Mouse_467,0.25,105.0083,6.826024506374267,18.166157280777146,11.340132774402878,8.757133333333332,2.484170788313792,11.991172910465375
Mouse_467,0.25,110.0083,6.8770060469137,18.166157280777146,11.289151233863445,8.757133333333332,2.5306872111526393,12.562136011023396
Mouse_467,0.25,115.0083,6.865944146247113,18.166157280777146,11.300213134530033,8.757133333333332,2.5751356933332015,13.133099111581418
Mouse_467,0.25,125.0083,6.759946031519613,18.166157280777146,11.406211249257531,8.757133333333332,2.658511528759238,14.27502531269746
Mouse_467,0.25,135.0083,6.745453863790251,18.166157280777146,11.420703416986893,8.757133333333332,2.7354676516913212,15.416951513813501
Mouse_467,0.25,145.0083,6.680825962540356,18.166157280777146,11.485331318236788,8.757133333333332,2.8069223758229787,16.558877714929544
Mouse_467,0.25,155.0083,6.719552360622597,18.166157280777146,11.446604920154547,8.757133333333332,2.873610057533999,17.700803916045587
Mouse_467,0.25,165.0083,6.717236216175884,18.166157280777146,11.44892106460126,8.757133333333332,2.936127169327048,18.84273011716163
Mouse_467,0.25,175.0083,6.672786512170509,18.166157280777146,11.493370768606637,8.757133333333332,2.9949647950315628,19.984656318277672
Mouse_467,0.25,185.0083,6.778676781612382,18.166157280777146,11.387480499164763,8.757133333333332,3.050532082598111,21.126582519393715
Mouse_467,0.25,195.0083,6.736691864894231,18.166157280777146,11.429465415882913,8.757133333333332,3.1031735154218043,22.268508720509757
Mouse_467,0.25,205.0087,6.738954130276488,18.166157280777146,11.427203150500656,8.757133333333332,3.1531838109236077,23.410480598673846
Mouse_467,0.25,215.0087,6.730787934784903,18.166157280777146,11.435369345992243,8.757133333333332,3.2008098860865704,24.55240679978989
Mouse_467,0.25,225.0087,6.690572873316971,18.166157280777146,11.475584407460174,8.757133333333332,3.24627046178487,25.69433300090593
Mouse_467,0.25,235.0087,6.735108786679749,18.166157280777146,11.431048494097395,8.757133333333332,3.2897539283968036,26.836259202021974
Mouse_467,0.25,245.0087,6.6568910492158615,18.166157280777146,11.509266231561282,8.757133333333332,3.3314251137796558,27.978185403138017
Mouse_467,0.5,0.5083,-0.12546840707056717,16.92901961028469,17.054488017355254,10.874983333333333,3.0631484989358038,0.046740301517703475
Mouse_467,0.5,1.0083,-3.3033588163191645,16.92901961028469,20.23237842660385,10.874983333333333,2.378199299989491,0.0927173834749172
Mouse_467,0.5,1.5083,-2.289953343161163,16.92901961028469,19.21897295344585,10.874983333333333,1.975481855614454,0.13869446543213093
Mouse_467,0.5,2.0083,0.38044211960449026,16.92901961028469,16.548577490680195,10.874983333333333,1.6891764513460281,0.1846715473893447
Mouse_467,0.5,2.5083,-2.389417611243071,16.92901961028469,19.31843722152776,10.874983333333333,1.4668598115645386,0.23064862934655841
Mouse_467,0.5,2.7583,-2.0956487275219837,16.92901961028469,19.024668337806673,10.874983333333333,1.3718504964766707,0.2536371703251653
Mouse_467,0.5,3.0083,-3.5626562401662407,16.92901961028469,20.491675850450928,10.874983333333333,1.2850899092494859,0.27662571130377217
Mouse_467,0.5,3.2583,-1.7057803312793958,16.92901961028469,18.634799941564083,10.874983333333333,1.2052594574345603,0.29961425228237903
Mouse_467,0.5,3.5083,-1.1679668061497166,16.92901961028469,18.096986416434405,10.874983333333333,1.131333454738973,0.3226027932609859
Mouse_467,0.5,3.7583,-0.29890603763652646,16.92901961028469,17.227925647921214,10.874983333333333,1.0624983169048234,0.34559133423959276
Mouse_467,0.5,4.0083,-0.5268437318934875,16.92901961028469,17.455863342178176,10.874983333333333,0.9980978331257024,0.3685798752181996
Mouse_467,0.5,4.5083,-0.5425856391672079,16.92901961028469,17.471605249451898,10.874983333333333,0.8805449020847635,0.41455695717541335
Mouse_467,0.5,5.0083,-0.44876181466897425,16.92901961028469,17.37778142495366,10.874983333333333,0.7753685082495536,0.4605340391326271
Mouse_467,0.5,5.5083,-0.5229827941168557,16.92901961028469,17.452002404401544,10.874983333333333,0.6802089987924097,0.5065111210898408
Mouse_467,0.5,6.0083,0.08094248724238895,16.92901961028469,16.848077123042298,10.874983333333333,0.5933231977692179,0.5524882030470545
Mouse_467,0.5,6.5083,0.1458518653922614,16.92901961028469,16.78316774489243,10.874983333333333,0.5133867590009237,0.5984652850042682
Mouse_467,0.5,7.0083,0.6599790785019835,16.92901961028469,16.269040531782707,10.874983333333333,0.43936988346950084,0.6444423669614819
Mouse_467,0.5,7.5083,0.9631886845244759,16.92901961028469,15.965830925760212,10.874983333333333,0.37045596910174006,0.6904194489186957
Mouse_467,0.5,8.0083,1.667203422884242,16.92901961028469,15.261816187400449,10.874983333333333,0.3059865405578449,0.7363965308759094
Mouse_467,0.5,8.5083,2.7779035004849275,16.92901961028469,14.151116109799759,10.874983333333333,0.24542288675929627,0.7823736128331231
Mouse_467,0.5,9.0083,2.478682045271637,16.92901961028469,14.450337565013049,10.874983333333333,0.18831866983372816,0.8283506947903369
Mouse_467,0.5,9.5083,2.578314277052275,16.92901961028469,14.350705333232412,10.874983333333333,0.13429994302939602,0.8743277767475507
Mouse_467,0.5,10.0083,3.699965531348629,16.92901961028469,13.22905407893606,10.874983333333333,0.08305029567200069,0.9203048587047644
Mouse_467,0.5,11.0083,4.137533331357887,16.92901961028469,12.7914862789268,10.874983333333333,0.012184489320087387,1.0122590226191919
Mouse_467,0.5,12.0083,4.191742495431,16.92901961028469,12.737277114853688,10.874983333333333,0.09913303295699583,1.1042131865336193
Mouse_467,0.5,13.0083,5.418602005374624,16.92901961028469,11.510417604910064,10.874983333333333,0.1791225708636179,1.1961673504480468
Mouse_467,0.5,14.0083,5.4403044611850655,16.92901961028469,11.488715149099622,10.874983333333333,0.25318496668122453,1.2881215143624742
Mouse_467,0.5,15.0083,5.765463455065712,16.92901961028469,11.163556155218975,10.874983333333333,0.32213833699658034,1.3800756782769017
Mouse_467,0.5,16.0083,6.338299447879006,16.92901961028469,10.590720162405683,10.874983333333333,0.38664229332899036,1.472029842191329
Mouse_467,0.5,17.0083,6.852439077684306,16.92901961028469,10.076580532600383,10.874983333333333,0.4472364157957388,1.5639840061057564
Mouse_467,0.5,18.0083,7.269270534554348,16.92901961028469,9.659749075730339,10.874983333333333,0.5043677183216935,1.6559381700201838
Mouse_467,0.5,19.0083,7.1488501383604355,16.92901961028469,9.780169471924253,10.874983333333333,0.5584106814774461,1.7478923339346113
Mouse_467,0.5,20.0084,7.698281396798711,16.92901961028469,9.230738213485976,10.874983333333333,0.6096871409721558,1.8398556932654306
Mouse_467,0.5,22.0084,7.882974429104143,16.92901961028469,9.046045181180546,10.874983333333333,0.7049591542595977,2.0237640210942853
Mouse_467,0.5,24.0084,8.375728783212107,16.92901961028469,8.55329082707258,10.874983333333333,0.79193872470571,2.2076723489231402
Mouse_467,0.5,26.0084,8.469396788407686,16.92901961028469,8.459622821877002,10.874983333333333,0.8719545183599243,2.391580676751995
Mouse_467,0.5,28.0084,8.871306159488306,16.92901961028469,8.057713450796383,10.874983333333333,0.9460394207776783,2.57548900458085
Mouse_467,0.5,30.0084,8.991795060589267,16.92901961028469,7.937224549695422,10.874983333333333,1.0150122980629477,2.759397332409705
Mouse_467,0.5,32.0084,8.925203174251989,16.92901961028469,8.003816436032698,10.874983333333333,1.079533323946106,2.94330566023856
Mouse_467,0.5,34.0084,9.087087634175413,16.92901961028469,7.841931976109275,10.874983333333333,1.1401425085191619,3.127213988067415
Mouse_467,0.5,36.0084,8.985088697056288,16.92901961028469,7.943930913228401,10.874983333333333,1.1972872001649313,3.3111223158962697
Mouse_467,0.5,38.0084,8.982658852963668,16.92901961028469,7.946360757321019,10.874983333333333,1.2513421435229082,3.4950306437251246
Mouse_467,0.5,40.0084,9.076128812465235,16.92901961028469,7.852890797819451,10.874983333333333,1.3026243876604993,3.6789389715539795
Mouse_467,0.5,45.0084,9.109232707970492,16.92901961028469,7.8197869023141955,10.874983333333333,1.4203840946104085,4.138709791126117
Mouse_467,0.5,48.0084,9.03696222151935,16.92901961028469,7.892057388765338,10.874983333333333,1.4849109511906537,4.4145722828694
Mouse_467,0.5,51.0084,8.95312984077351,16.92901961028469,7.975889769511177,10.874983333333333,1.5455252806376307,4.690434774612682
Mouse_467,0.5,54.0084,9.049463874229442,16.92901961028469,7.879555736055246,10.874983333333333,1.6026745456157956,4.966297266355964
Mouse_467,0.5,57.0084,9.00614819000672,16.92901961028469,7.922871420277968,10.874983333333333,1.65673358099142,5.2421597580992465
Mouse_467,0.5,65.0084,8.872337021756662,16.92901961028469,8.056682588528027,10.874983333333333,1.7880514479087677,5.977793069414665
Mouse_467,0.5,70.0084,8.768445775029821,16.92901961028469,8.160573835254866,10.874983333333333,1.8621501904434115,6.437563888986803
Mouse_467,0.5,75.0084,8.672916311823482,16.92901961028469,8.256103298461205,10.874983333333333,1.931135062858255,6.89733470855894
Mouse_467,0.5,80.0084,8.674402796768524,16.92901961028469,8.254616813516163,10.874983333333333,1.9956665847552437,7.357105528131077
Mouse_467,0.5,85.0084,8.569045899146747,16.92901961028469,8.35997371113794,10.874983333333333,2.056285030730481,7.816876347703214
Mouse_467,0.5,90.0084,8.554136584602803,16.92901961028469,8.374883025681886,10.874983333333333,2.1134379549017903,8.276647167275351
Mouse_467,0.5,95.0084,8.533948266349437,16.92901961028469,8.39507134393525,10.874983333333333,2.167500264337738,8.736417986847488
Mouse_467,0.5,100.0084,8.522029285970351,16.92901961028469,8.406990324314336,10.874983333333333,2.2187891380537654,9.196188806419627
Mouse_467,0.5,105.0083,8.333879414941082,16.92901961028469,8.595140195343605,10.874983333333333,2.267574350245949,9.655950430575373
Mouse_467,0.5,110.0083,8.385025568238724,16.92901961028469,8.543994042045965,10.874983333333333,2.3140907730847964,10.11572125014751
Mouse_467,0.5,115.0083,8.375267353540291,16.92901961028469,8.553752256744396,10.874983333333333,2.3585392552653586,10.575492069719648
Mouse_467,0.5,125.0083,8.258434624957784,16.92901961028469,8.670584985326904,10.874983333333333,2.441915090691395,11.495033708863923
Mouse_467,0.5,135.0083,8.236326861128283,16.92901961028469,8.692692749156407,10.874983333333333,2.5188712136234783,12.414575348008196
Mouse_467,0.5,145.0083,8.174673166169283,16.92901961028469,8.754346444115406,10.874983333333333,2.5903259377551358,13.33411698715247
Mouse_467,0.5,155.0083,8.207641210755334,16.92901961028469,8.721378399529355,10.874983333333333,2.657013619466156,14.253658626296746
Mouse_467,0.5,165.0083,8.199919455240883,16.92901961028469,8.729100155043806,10.874983333333333,2.719530731259205,15.17320026544102
Mouse_467,0.5,175.0083,8.147575743438221,16.92901961028469,8.78144386684647,10.874983333333333,2.77836835696372,16.092741904585296
Mouse_467,0.5,185.0083,8.266249772900947,16.92901961028469,8.66276983738374,10.874983333333333,2.833935644530268,17.01228354372957
Mouse_467,0.5,195.0083,8.218675623936777,16.92901961028469,8.710343986347912,10.874983333333333,2.8865770773539614,17.931825182873844
Mouse_467,0.5,205.0087,8.21548869841958,16.92901961028469,8.713530911865107,10.874983333333333,2.936587372855765,18.851403603683686
Mouse_467,0.5,215.0087,8.204615644028983,16.92901961028469,8.724403966255704,10.874983333333333,2.9842134480187275,19.77094524282796
Mouse_467,0.5,225.0087,8.173554373938533,16.92901961028469,8.755465236346156,10.874983333333333,3.029674023717027,20.690486881972234
Mouse_467,0.5,235.0087,8.210167989659258,16.92901961028469,8.71885162062543,10.874983333333333,3.0731574903289607,21.610028521116508
Mouse_467,0.5,245.0087,8.128142344671572,16.92901961028469,8.800877265613117,10.874983333333333,3.1148286757118124,22.529570160260782
Mouse_467,1.0,0.5083,-0.22786143819609442,14.786217287949647,15.01407872614574,11.220666666666666,3.094440770565145,0.04530033866080447
Mouse_467,1.0,1.0083,-3.942099683368099,14.786217287949647,18.728316971317742,11.220666666666666,2.4094915716188323,0.08986097082763947
Mouse_467,1.0,1.5083,-2.293534341111844,14.786217287949647,17.07975162906149,11.220666666666666,2.006774127243795,0.13442160299447448
Mouse_467,1.0,2.0083,0.08590383893838371,14.786217287949647,14.700313449011261,11.220666666666666,1.7204687229753692,0.1789822351613095
Mouse_467,1.0,2.5083,-2.1680902934105406,14.786217287949647,16.954307581360187,11.220666666666666,1.49815208319388,0.22354286732814452
Mouse_467,1.0,2.7583,-1.789494879020756,14.786217287949647,16.5757121669704,11.220666666666666,1.403142768106012,0.24582318341156204
Mouse_467,1.0,3.0083,-3.053218674702789,14.786217287949647,17.83943596265243,11.220666666666666,1.3163821808788272,0.2681034994949795
Mouse_467,1.0,3.2583,-1.6519872327169551,14.786217287949647,16.4382045206666,11.220666666666666,1.2365517290639017,0.29038381557839704
Mouse_467,1.0,3.5083,-1.0982700997088024,14.786217287949647,15.884487387658448,11.220666666666666,1.1626257263683142,0.31266413166181456
Mouse_467,1.0,3.7583,-0.31221431146206413,14.786217287949647,15.09843159941171,11.220666666666666,1.0937905885341648,0.334944447745232
Mouse_467,1.0,4.0083,-0.4955009380297497,14.786217287949647,15.281718225979397,11.220666666666666,1.0293901047550438,0.35722476382864954
Mouse_467,1.0,4.5083,-0.512716157150286,14.786217287949647,15.298933445099932,11.220666666666666,0.9118371737141048,0.4017853959954846
Mouse_467,1.0,5.0083,-0.4757822079278408,14.786217287949647,15.261999495877486,11.220666666666666,0.8066607798788948,0.44634602816231955
Mouse_467,1.0,5.5083,-0.5546562535261561,14.786217287949647,15.340873541475801,11.220666666666666,0.7115012704217507,0.4909066603291546
Mouse_467,1.0,6.0083,0.0688347629575583,14.786217287949647,14.717382524992086,11.220666666666666,0.624615469398559,0.5354672924959896
Mouse_467,1.0,6.5083,0.14355688165995595,14.786217287949647,14.64266040628969,11.220666666666666,0.5446790306302648,0.5800279246628246
Mouse_467,1.0,7.0083,0.6967600106800962,14.786217287949647,14.089457277269549,11.220666666666666,0.4706621550988419,0.6245885568296596
Mouse_467,1.0,7.5083,0.9596896300974729,14.786217287949647,13.826527657852171,11.220666666666666,0.40174824073108123,0.6691491889964946
Mouse_467,1.0,8.0083,1.9306913043590752,14.786217287949647,12.85552598359057,11.220666666666666,0.3372788121871861,0.7137098211633296
Mouse_467,1.0,8.5083,2.928870097630764,14.786217287949647,11.857347190318883,11.220666666666666,0.2767151583886374,0.7582704533301646
Mouse_467,1.0,9.0083,2.5878485650962935,14.786217287949647,12.19836872285335,11.220666666666666,0.21961094146306925,0.8028310854969997
Mouse_467,1.0,9.5083,2.795811392649844,14.786217287949647,11.990405895299801,11.220666666666666,0.16559221465873736,0.8473917176638346
Mouse_467,1.0,10.0083,3.934210396039705,14.786217287949647,10.85200689190994,11.220666666666666,0.11434256730134197,0.8919523498306696
Mouse_467,1.0,11.0083,4.39770052340228,14.786217287949647,10.388516764547365,11.220666666666666,0.019107782309253838,0.9810736141643397
Mouse_467,1.0,12.0083,4.464056745773654,14.786217287949647,10.322160542175991,11.220666666666666,0.06784076132765467,1.0701948784980098
Mouse_467,1.0,13.0083,5.786077854299288,14.786217287949647,9.000139433650357,11.220666666666666,0.1478302992342766,1.1593161428316796
Mouse_467,1.0,14.0083,5.80204630233103,14.786217287949647,8.984170985618615,11.220666666666666,0.22189269505188328,1.2484374071653497
Mouse_467,1.0,15.0083,6.1809142992124455,14.786217287949647,8.6053029887372,11.220666666666666,0.29084606536723917,1.3375586714990197
Mouse_467,1.0,16.0083,6.806298851968224,14.786217287949647,7.979918435981421,11.220666666666666,0.3553500216996492,1.4266799358326896
Mouse_467,1.0,17.0083,7.362147518426854,14.786217287949647,7.4240697695227915,11.220666666666666,0.4159441441663977,1.5158012001663597
Mouse_467,1.0,18.0083,7.811516231713988,14.786217287949647,6.9747010562356575,11.220666666666666,0.47307544669235224,1.6049224645000295
Mouse_467,1.0,19.0083,7.67905956269081,14.786217287949647,7.107157725258837,11.220666666666666,0.5271184098481049,1.6940437288336996
Mouse_467,1.0,20.0084,8.268828861633784,14.786217287949647,6.517388426315861,11.220666666666666,0.5783948693428146,1.7831739052938034
Mouse_467,1.0,22.0084,8.472057329674076,14.786217287949647,6.314159958275569,11.220666666666666,0.6736668826302565,1.9614164339611433
Mouse_467,1.0,24.0084,9.018717747580828,14.786217287949647,5.767499540368818,11.220666666666666,0.7606464530763689,2.1396589626284834
Mouse_467,1.0,26.0084,9.12426357799986,14.786217287949647,5.661953709949785,11.220666666666666,0.8406622467305833,2.3179014912958236
Mouse_467,1.0,28.0084,9.528251458075296,14.786217287949647,5.2579658298743475,11.220666666666666,0.9147471491483371,2.4961440199631633
Mouse_467,1.0,30.0084,9.653827714100748,14.786217287949647,5.132389573848899,11.220666666666666,0.9837200264336065,2.6743865486305034
Mouse_467,1.0,32.0084,9.598668003072444,14.786217287949647,5.1875492848772,11.220666666666666,1.048241052316765,2.8526290772978435
Mouse_467,1.0,34.0084,9.726012515209542,14.786217287949647,5.060204772740104,11.220666666666666,1.1088502368898208,3.0308716059651837
Mouse_467,1.0,36.0084,9.640255830195006,14.786217287949647,5.1459614577546375,11.220666666666666,1.1659949285355902,3.2091141346325234
Mouse_467,1.0,38.0084,9.62543326828867,14.786217287949647,5.160784019660976,11.220666666666666,1.2200498718935668,3.3873566632998635
Mouse_467,1.0,40.0084,9.707455929300618,14.786217287949647,5.078761358649027,11.220666666666666,1.2713321160311581,3.5655991919672037
Mouse_467,1.0,45.0084,9.74050256204236,14.786217287949647,5.045714725907285,11.220666666666666,1.3890918229810674,4.011205513635554
Mouse_467,1.0,48.0084,9.700758559788799,14.786217287949647,5.085458728160848,11.220666666666666,1.4536186795613124,4.278569306636563
Mouse_467,1.0,51.0084,9.618859928714208,14.786217287949647,5.167357359235439,11.220666666666666,1.5142330090082894,4.5459330996375735
Mouse_467,1.0,54.0084,9.696375981098097,14.786217287949647,5.08984130685155,11.220666666666666,1.5713822739864542,4.813296892638584
Mouse_467,1.0,57.0084,9.681422465112917,14.786217287949647,5.10479482283673,11.220666666666666,1.625441309362079,5.080660685639594
Mouse_467,1.0,65.0084,9.586726353567885,14.786217287949647,5.19949093438176,11.220666666666666,1.7567591762794266,5.793630800308954
Mouse_467,1.0,70.0084,9.512539593720897,14.786217287949647,5.273677694228748,11.220666666666666,1.8308579188140701,6.239237121977303
Mouse_467,1.0,75.0084,9.435829121390888,14.786217287949647,5.350388166558758,11.220666666666666,1.8998427912289138,6.684843443645653
Mouse_467,1.0,80.0084,9.454301567882098,14.786217287949647,5.331915720067547,11.220666666666666,1.9643743131259026,7.130449765314004
Mouse_467,1.0,85.0084,9.354405919483296,14.786217287949647,5.431811368466349,11.220666666666666,2.0249927591011403,7.576056086982354
Mouse_467,1.0,90.0084,9.33994842111142,14.786217287949647,5.446268866838226,11.220666666666666,2.082145683272449,8.021662408650704
Mouse_467,1.0,95.0084,9.334272439645122,14.786217287949647,5.451944848304523,11.220666666666666,2.1362079927083966,8.467268730319054
Mouse_467,1.0,100.0084,9.310959403894858,14.786217287949647,5.475257884054788,11.220666666666666,2.187496866424424,8.912875051987404
Mouse_467,1.0,105.0083,9.137579606895958,14.786217287949647,5.648637681053689,11.220666666666666,2.236282078616608,9.358472461529322
Mouse_467,1.0,110.0083,9.174074415580526,14.786217287949647,5.612142872369119,11.220666666666666,2.282798501455455,9.804078783197673
Mouse_467,1.0,115.0083,9.175254004623312,14.786217287949647,5.610963283326333,11.220666666666666,2.3272469836360172,10.249685104866021
Mouse_467,1.0,125.0083,9.082344680334064,14.786217287949647,5.7038726076155815,11.220666666666666,2.410622819062054,11.140897748202722
Mouse_467,1.0,135.0083,9.04991675703567,14.786217287949647,5.736300530913976,11.220666666666666,2.4875789419941374,12.03211039153942
Mouse_467,1.0,145.0083,8.996200106111145,14.786217287949647,5.7900171818385004,11.220666666666666,2.559033666125795,12.923323034876121
Mouse_467,1.0,155.0083,9.04317230700916,14.786217287949647,5.7430449809404855,11.220666666666666,2.625721347836815,13.81453567821282
Mouse_467,1.0,165.0083,9.026367635633221,14.786217287949647,5.759849652316424,11.220666666666666,2.6882384596298636,14.705748321549521
Mouse_467,1.0,175.0083,8.96386585364683,14.786217287949647,5.822351434302815,11.220666666666666,2.7470760853343785,15.596960964886222
Mouse_467,1.0,185.0083,9.098498256369414,14.786217287949647,5.687719031580233,11.220666666666666,2.802643372900927,16.488173608222922
Mouse_467,1.0,195.0083,9.050580192229647,14.786217287949647,5.735637095719998,11.220666666666666,2.8552848057246205,17.379386251559623
Mouse_467,1.0,205.0087,9.050616804870643,14.786217287949647,5.735600483079003,11.220666666666666,2.905295101226424,18.270634543402057
Mouse_467,1.0,215.0087,9.03467278650197,14.786217287949647,5.751544501447675,11.220666666666666,2.9529211763893866,19.161847186738758
Mouse_467,1.0,225.0087,9.011988350048451,14.786217287949647,5.774228937901194,11.220666666666666,2.9983817520876856,20.05305983007546
Mouse_467,1.0,235.0087,9.049050529083404,14.786217287949647,5.737166758866239,11.220666666666666,3.0418652186996193,20.944272473412155
Mouse_467,1.0,245.0087,8.961143771370649,14.786217287949647,5.825073516578996,11.220666666666666,3.0835364040824715,21.835485116748856
Mouse_467,2.5,0.5083,-0.6847534961735757,12.45456863825047,13.139322134424045,11.145583333333333,3.0877267603592995,0.04560550890861104
Mouse_467,2.5,1.0083,-4.1394629369355895,12.45456863825047,16.594031575186058,11.145583333333333,2.4027775614129867,0.09046632821670766
Mouse_467,2.5,1.5083,-2.420248801175061,12.45456863825047,14.87481743942553,11.145583333333333,2.00006011703795,0.1353271475248043
Mouse_467,2.5,2.0083,-0.4336559188120255,12.45456863825047,12.888224557062495,11.145583333333333,1.713754712769524,0.18018796683290095
Mouse_467,2.5,2.5083,-1.782969830112691,12.45456863825047,14.23753846836316,11.145583333333333,1.4914380729880345,0.22504878614099758
Mouse_467,2.5,2.7583,-1.2484823725236138,12.45456863825047,13.703051010774084,11.145583333333333,1.3964287579001666,0.2474791957950459
Mouse_467,2.5,3.0083,-2.2502549554256834,12.45456863825047,14.704823593676153,11.145583333333333,1.3096681706729818,0.2699096054490942
Mouse_467,2.5,3.2583,-1.429213245089616,12.45456863825047,13.883781883340088,11.145583333333333,1.2298377188580563,0.29234001510314256
Mouse_467,2.5,3.5083,-0.9230023668403264,12.45456863825047,13.377571005090799,11.145583333333333,1.155911716162469,0.31477042475719086
Mouse_467,2.5,3.7583,-0.31289322824633015,12.45456863825047,12.767461866496799,11.145583333333333,1.0870765783283194,0.33720083441123916
Mouse_467,2.5,4.0083,-0.39740850901191127,12.45456863825047,12.851977147262382,11.145583333333333,1.0226760945491984,0.35963124406528746
Mouse_467,2.5,4.5083,-0.4581671241569012,12.45456863825047,12.91273576240737,11.145583333333333,0.9051231635082594,0.4044920633733841
Mouse_467,2.5,5.0083,-0.5167564111117411,12.45456863825047,12.971325049362212,11.145583333333333,0.7999467696730495,0.44935288268148077
Mouse_467,2.5,5.5083,-0.6166618880397658,12.45456863825047,13.071230526290236,11.145583333333333,0.7047872602159054,0.49421370198957737
Mouse_467,2.5,6.0083,-0.008125467247571044,12.45456863825047,12.462694105498041,11.145583333333333,0.6179014591927138,0.539074521297674
Mouse_467,2.5,6.5083,0.07350125819198895,12.45456863825047,12.38106738005848,11.145583333333333,0.5379650204244194,0.5839353406057707
Mouse_467,2.5,7.0083,0.6460120483659502,12.45456863825047,11.808556589884521,11.145583333333333,0.46394814489299663,0.6287961599138673
Mouse_467,2.5,7.5083,0.8572717121342874,12.45456863825047,11.597296926116183,11.145583333333333,0.3950342305252359,0.6736569792219639
Mouse_467,2.5,8.0083,1.998059656610888,12.45456863825047,10.456508981639582,11.145583333333333,0.33056480198134064,0.7185177985300606
Mouse_467,2.5,8.5083,2.8266818108591307,12.45456863825047,9.62788682739134,11.145583333333333,0.27000114818279203,0.7633786178381572
Mouse_467,2.5,9.0083,2.4720131840416233,12.45456863825047,9.982555454208846,11.145583333333333,0.21289693125722398,0.8082394371462538
Mouse_467,2.5,9.5083,2.7358224851289377,12.45456863825047,9.718746153121533,11.145583333333333,0.158878204452892,0.8531002564543504
Mouse_467,2.5,10.0083,3.799002806052384,12.45456863825047,8.655565832198088,11.145583333333333,0.10762855709549655,0.8979610757624471
Mouse_467,2.5,11.0083,4.243854733209009,12.45456863825047,8.210713905041462,11.145583333333333,0.012393772103408545,0.9876827143786403
Mouse_467,2.5,12.0083,4.296077297387068,12.45456863825047,8.158491340863403,11.145583333333333,0.07455477153349996,1.0774043529948336
Mouse_467,2.5,13.0083,5.592627300419567,12.45456863825047,6.861941337830904,11.145583333333333,0.15454430944012199,1.1671259916110268
Mouse_467,2.5,14.0083,5.5934922746434355,12.45456863825047,6.861076363607035,11.145583333333333,0.22860670525772872,1.2568476302272202
Mouse_467,2.5,15.0083,5.965580742251088,12.45456863825047,6.488987895999382,11.145583333333333,0.2975600755730845,1.3465692688434134
Mouse_467,2.5,16.0083,6.569702163023122,12.45456863825047,5.884866475227349,11.145583333333333,0.36206403190549447,1.4362909074596064
Mouse_467,2.5,17.0083,7.105934407929855,12.45456863825047,5.348634230320615,11.145583333333333,0.422658154372243,1.5260125460757998
Mouse_467,2.5,18.0083,7.532845716002816,12.45456863825047,4.921722922247653,11.145583333333333,0.47978945689819763,1.615734184691993
Mouse_467,2.5,19.0083,7.393398483671456,12.45456863825047,5.061170154579015,11.145583333333333,0.5338324200539503,1.7054558233081862
Mouse_467,2.5,20.0084,7.969770776747042,12.45456863825047,4.484797861503428,11.145583333333333,0.58510887954866,1.7951864340882415
Mouse_467,2.5,22.0084,8.156797214462086,12.45456863825047,4.297771423788384,11.145583333333333,0.6803808928361018,1.974629711320628
Mouse_467,2.5,24.0084,8.684763480188415,12.45456863825047,3.769805158062054,11.145583333333333,0.7673604632822143,2.1540729885530148
Mouse_467,2.5,26.0084,8.80626658554905,12.45456863825047,3.648302052701421,11.145583333333333,0.8473762569364286,2.333516265785401
Mouse_467,2.5,28.0084,9.126063142916127,12.45456863825047,3.3285054953343427,11.145583333333333,0.9214611593541826,2.5129595430177876
Mouse_467,2.5,30.0084,9.228006052473653,12.45456863825047,3.226562585776817,11.145583333333333,0.9904340366394517,2.692402820250174
Mouse_467,2.5,32.0084,9.202881631176782,12.45456863825047,3.25168700707369,11.145583333333333,1.0549550625226103,2.871846097482561
Mouse_467,2.5,34.0084,9.2628927569232,12.45456863825047,3.191675881327269,11.145583333333333,1.1155642470956662,3.051289374714947
Mouse_467,2.5,36.0084,9.197550896547906,12.45456863825047,3.257017741702565,11.145583333333333,1.1727089387414356,3.2307326519473336
Mouse_467,2.5,38.0084,9.195798722275104,12.45456863825047,3.2587699159753662,11.145583333333333,1.2267638820994125,3.4101759291797205
Mouse_467,2.5,40.0084,9.23776238049491,12.45456863825047,3.216806257755562,11.145583333333333,1.2780461262370035,3.589619206412107
Mouse_467,2.5,45.0084,9.241386113561274,12.45456863825047,3.2131825246891954,11.145583333333333,1.3958058331869128,4.038227399493073
Mouse_467,2.5,48.0084,9.240851210807172,12.45456863825047,3.2137174274432994,11.145583333333333,1.4603326897671578,4.307392315341653
Mouse_467,2.5,51.0084,9.169545612730495,12.45456863825047,3.285023025519977,11.145583333333333,1.5209470192141346,4.5765572311902325
Mouse_467,2.5,54.0084,9.187518592491596,12.45456863825047,3.267050045758875,11.145583333333333,1.5780962841922996,4.8457221470388125
Mouse_467,2.5,57.0084,9.203578365763878,12.45456863825047,3.2509902724865904,11.145583333333333,1.6321553195679244,5.114887062887393
Mouse_467,2.5,65.0084,9.155109071762164,12.45456863825047,3.2994595664883066,11.145583333333333,1.763473186485272,5.832660171816938
Mouse_467,2.5,70.0084,9.12314050058514,12.45456863825047,3.3314281376653305,11.145583333333333,1.8375719290199155,6.281268364897904
Mouse_467,2.5,75.0084,9.07209130634281,12.45456863825047,3.3824773319076606,11.145583333333333,1.9065568014347591,6.72987655797887
Mouse_467,2.5,80.0084,9.104526456290415,12.45456863825047,3.350042181960055,11.145583333333333,1.971088323331748,7.178484751059837
Mouse_467,2.5,85.0084,9.005289225112186,12.45456863825047,3.4492794131382847,11.145583333333333,2.0317067693069855,7.627092944140803
Mouse_467,2.5,90.0084,9.00117244448027,12.45456863825047,3.4533961937701996,11.145583333333333,2.088859693478294,8.075701137221769
Mouse_467,2.5,95.0084,9.000612506900543,12.45456863825047,3.453956131349927,11.145583333333333,2.142922002914242,8.524309330302735
Mouse_467,2.5,100.0084,8.960997548219392,12.45456863825047,3.493571090031077,11.145583333333333,2.1942108766302693,8.972917523383702
Mouse_467,2.5,105.0083,8.835739048384738,12.45456863825047,3.6188295898657326,11.145583333333333,2.242996088822453,9.421516744300808
Mouse_467,2.5,110.0083,8.84700440761218,12.45456863825047,3.607564230638289,11.145583333333333,2.2895125116613007,9.870124937381775
Mouse_467,2.5,115.0083,8.867161952182464,12.45456863825047,3.5874066860680065,11.145583333333333,2.333960993841863,10.318733130462741
Mouse_467,2.5,125.0083,8.80900217627659,12.45456863825047,3.64556646197388,11.145583333333333,2.4173368292678994,11.215949516624674
Mouse_467,2.5,135.0083,8.768517298905353,12.45456863825047,3.6860513393451173,11.145583333333333,2.4942929521999826,12.113165902786605
Mouse_467,2.5,145.0083,8.7194217032276,12.45456863825047,3.735146935022871,11.145583333333333,2.56574767633164,13.010382288948538
Mouse_467,2.5,155.0083,8.788248445385825,12.45456863825047,3.6663201928646454,11.145583333333333,2.63243535804266,13.907598675110469
Mouse_467,2.5,165.0083,8.757391696201175,12.45456863825047,3.6971769420492953,11.145583333333333,2.6949524698357092,14.804815061272402
Mouse_467,2.5,175.0083,8.685124663179636,12.45456863825047,3.7694439750708355,11.145583333333333,2.753790095540224,15.702031447434335
Mouse_467,2.5,185.0083,8.816852729174236,12.45456863825047,3.6377159090762348,11.145583333333333,2.8093573831067724,16.59924783359627
Mouse_467,2.5,195.0083,8.783769081204888,12.45456863825047,3.6707995570455827,11.145583333333333,2.8619988159304657,17.4964642197582
Mouse_467,2.5,205.0087,8.79023454824285,12.45456863825047,3.6643340900076216,11.145583333333333,2.912009111432269,18.393716494575582
Mouse_467,2.5,215.0087,8.76826282339778,12.45456863825047,3.686305814852692,11.145583333333333,2.9596351865952317,19.290932880737515
Mouse_467,2.5,225.0087,8.755580931933979,12.45456863825047,3.6989877063164913,11.145583333333333,3.0050957622935313,20.188149266899448
Mouse_467,2.5,235.0087,8.793156808130309,12.45456863825047,3.6614118301201604,11.145583333333333,3.0485792289054645,21.085365653061377
Mouse_467,2.5,245.0087,8.705935147749432,12.45456863825047,3.748633490501038,11.145583333333333,3.0902504142883167,21.98258203922331
Mouse_469,0.05,0.5083,-1.0600792799649401,16.892335542694262,17.952414822659204,5.082375,2.302462126551433,0.10001229740032956
Mouse_469,0.05,1.0083,2.1834984342508568,16.892335542694262,14.708837108443408,5.082375,1.6175129276051199,0.1983915000368922
Mouse_469,0.05,1.5083,-0.0444830180625857,16.892335542694262,16.936818560756848,5.082375,1.2147954832300831,0.29677070267345484
Mouse_469,0.05,2.0083,3.662179173709084,16.892335542694262,13.230156368985181,5.082375,0.9284900789616571,0.39514990531001754
Mouse_469,0.05,2.5083,2.8341091959100266,16.892335542694262,14.058226346784238,5.082375,0.7061734391801676,0.49352910794658017
Mouse_469,0.05,2.7583,1.6939285191282103,16.892335542694262,15.198407023566055,5.082375,0.6111641240923,0.5427187092648614
Mouse_469,0.05,3.0083,1.8095936038610478,16.892335542694262,15.082741938833216,5.082375,0.524403536865115,0.5919083105831427
Mouse_469,0.05,3.2583,0.0901165415281096,16.892335542694262,16.802219001166154,5.082375,0.4445730850501896,0.6410979119014241
Mouse_469,0.05,3.5083,1.133458990563331,16.892335542694262,15.758876552130932,5.082375,0.3706470823546022,0.6902875132197054
Mouse_469,0.05,3.7583,0.5450973379769497,16.892335542694262,16.347238204717314,5.082375,0.30181194452045257,0.7394771145379867
Mouse_469,0.05,4.0083,0.8074878831938079,16.892335542694262,16.084847659500454,5.082375,0.23741146074133163,0.788666715856268
Mouse_469,0.05,4.5083,0.05439209220407015,16.892335542694262,16.837943450490194,5.082375,0.1198585297003927,0.8870459184928307
Mouse_469,0.05,5.0083,-0.039959480713388756,16.892335542694262,16.932295023407654,5.082375,0.014682135865182721,0.9854251211293933
Mouse_469,0.05,5.5083,-0.3262170780142224,16.892335542694262,17.218552620708486,5.082375,0.08047737359196142,1.083804323765956
Mouse_469,0.05,6.0083,-0.34000096174031036,16.892335542694262,17.232336504434574,5.082375,0.16736317461515313,1.1821835264025187
Mouse_469,0.05,6.5083,-0.5385161297812875,16.892335542694262,17.43085167247555,5.082375,0.24729961338344736,1.2805627290390813
Mouse_469,0.05,7.0083,-0.2625360946153972,16.892335542694262,17.15487163730966,5.082375,0.3213164889148702,1.378941931675644
Mouse_469,0.05,7.5083,0.15233291637860805,16.892335542694262,16.740002626315658,5.082375,0.390230403282631,1.4773211343122066
Mouse_469,0.05,8.0083,0.27150017240649754,16.892335542694262,16.620835370287764,5.082375,0.4546998318265261,1.5757003369487692
Mouse_469,0.05,8.5083,1.4822822200727217,16.892335542694262,15.410053322621543,5.082375,0.5152634856250747,1.6740795395853318
Mouse_469,0.05,9.0083,1.5875017636890734,16.892335542694262,15.304833779005191,5.082375,0.5723677025506428,1.7724587422218945
Mouse_469,0.05,9.5083,0.5420711538145344,16.892335542694262,16.35026438887973,5.082375,0.6263864293549749,1.8708379448584571
Mouse_469,0.05,10.0083,1.8582031203156681,16.892335542694262,15.034132422378597,5.082375,0.6776360767123702,1.9692171474950197
Mouse_469,0.05,11.0083,1.9691064722848726,16.892335542694262,14.923229070409391,5.082375,0.7728708617044583,2.165975552768145
Mouse_469,0.05,12.0083,1.6847871264655678,16.892335542694262,15.207548416228697,5.082375,0.8598194053413668,2.3627339580412703
Mouse_469,0.05,13.0083,1.7283265686303901,16.892335542694262,15.164008974063876,5.082375,0.9398089432479888,2.5594923633143956
Mouse_469,0.05,14.0083,1.570881770945257,16.892335542694262,15.321453771749006,5.082375,1.0138713390655956,2.756250768587521
Mouse_469,0.05,15.0083,1.2163639070635623,16.892335542694262,15.6759716356307,5.082375,1.0828247093809513,2.953009173860646
Mouse_469,0.05,16.0083,1.0447073398538245,16.892335542694262,15.84762820284044,5.082375,1.1473286657133612,3.149767579133771
Mouse_469,0.05,17.0083,1.1416905630141887,16.892335542694262,15.750644979680075,5.082375,1.2079227881801098,3.346525984406896
Mouse_469,0.05,18.0083,1.1522672518191515,16.892335542694262,15.740068290875112,5.082375,1.2650540907060643,3.5432843896800215
Mouse_469,0.05,19.0083,1.0077086145373277,16.892335542694262,15.884626928156937,5.082375,1.319097053861817,3.7400427949531467
Mouse_469,0.05,20.0084,1.168679783794401,16.892335542694262,15.723655758899863,5.082375,1.3703735133565267,3.9368208760668
Mouse_469,0.05,22.0084,1.039961462062731,16.892335542694262,15.852374080631533,5.082375,1.4656455266439685,4.33033768661305
Mouse_469,0.05,24.0084,1.0935851041167994,16.892335542694262,15.798750438577464,5.082375,1.552625097090081,4.723854497159301
Mouse_469,0.05,26.0084,1.0354665279020656,16.892335542694262,15.856869014792197,5.082375,1.6326408907442953,5.117371307705551
Mouse_469,0.05,28.0084,1.0874337293545882,16.892335542694262,15.804901813339676,5.082375,1.7067257931620492,5.510888118251802
Mouse_469,0.05,30.0084,1.0577819859993953,16.892335542694262,15.834553556694868,5.082375,1.7756986704473186,5.904404928798052
Mouse_469,0.05,32.0084,1.0014719933264642,16.892335542694262,15.8908635493678,5.082375,1.840219696330477,6.297921739344303
Mouse_469,0.05,34.0084,1.0408348126655307,16.892335542694262,15.851500730028732,5.082375,1.9008288809035327,6.691438549890553
Mouse_469,0.05,36.0084,0.9798785896969522,16.892335542694262,15.91245695299731,5.082375,1.9579735725493024,7.084955360436804
Mouse_469,0.05,38.0084,1.0440062541550654,16.892335542694262,15.848329288539198,5.082375,2.012028515907279,7.478472170983054
Mouse_469,0.05,40.0084,1.0511027994915265,16.892335542694262,15.841232743202738,5.082375,2.06331076004487,7.871988981529305
Mouse_469,0.05,45.0084,0.9901141995226705,16.892335542694262,15.902221343171593,5.082375,2.1810704669947794,8.855781007894931
Mouse_469,0.05,48.0084,0.9958458794274624,16.892335542694262,15.896489663266802,5.082375,2.2455973235750246,9.446056223714308
Mouse_469,0.05,51.0084,0.9349465206334379,16.892335542694262,15.957389022060827,5.082375,2.3062116530220016,10.036331439533683
Mouse_469,0.05,54.0084,1.0082643094986155,16.892335542694262,15.884071233195648,5.082375,2.3633609180001667,10.62660665535306
Mouse_469,0.05,57.0084,0.946663803060594,16.892335542694262,15.94567173963367,5.082375,2.417419953375791,11.216881871172435
Mouse_469,0.05,65.0084,0.9169892470579928,16.892335542694262,15.975346295636271,5.082375,2.548737820293139,12.790949113357435
Mouse_469,0.05,70.0084,0.8121479962759315,16.892335542694262,16.080187546418333,5.082375,2.622836562827782,13.774741139723062
Mouse_469,0.05,75.0084,0.8520623503648519,16.892335542694262,16.040273192329412,5.082375,2.691821435242626,14.758533166088688
Mouse_469,0.05,80.0084,0.802515842694711,16.892335542694262,16.089819699999552,5.082375,2.756352957139615,15.742325192454315
Mouse_469,0.05,85.0084,0.8295040968910161,16.892335542694262,16.062831445803248,5.082375,2.8169714031148523,16.72611721881994
Mouse_469,0.05,90.0084,0.8401195623820871,16.892335542694262,16.052215980312177,5.082375,2.874124327286161,17.709909245185568
Mouse_469,0.05,95.0084,0.8569198257247956,16.892335542694262,16.035415716969467,5.082375,2.928186636722109,18.693701271551195
Mouse_469,0.05,100.0084,0.8419918064830619,16.892335542694262,16.050343736211204,5.082375,2.979475510438136,19.67749329791682
Mouse_469,0.05,105.0083,0.8466167711779811,16.892335542694262,16.045718771516285,5.082375,3.02826072263032,20.661265648441923
Mouse_469,0.05,110.0083,0.9025067347935095,16.892335542694262,15.989828807900754,5.082375,3.074777145469167,21.645057674807546
Mouse_469,0.05,115.0083,0.8651911334025826,16.892335542694262,16.02714440929168,5.082375,3.119225627649729,22.628849701173174
Mouse_469,0.05,125.0083,0.861376754601106,16.892335542694262,16.03095878809316,5.082375,3.202601463075766,24.596433753904428
Mouse_469,0.05,135.0083,0.8715864367334466,16.892335542694262,16.020749105960817,5.082375,3.2795575860078494,26.564017806635675
Mouse_469,0.05,145.0083,0.8801336816908973,16.892335542694262,16.012201861003366,5.082375,3.351012310139507,28.53160185936693
Mouse_469,0.05,155.0083,0.8505943173561228,16.892335542694262,16.041741225338143,5.082375,3.417699991850527,30.49918591209818
Mouse_469,0.05,165.0083,0.8549625988452272,16.892335542694262,16.037372943849036,5.082375,3.480217103643576,32.46676996482943
Mouse_469,0.05,175.0083,0.9537505406046547,16.892335542694262,15.938585002089608,5.082375,3.539054729348091,34.434354017560686
Mouse_469,0.05,185.0083,0.8014996443520044,16.892335542694262,16.09083589834226,5.082375,3.5946220169146392,36.40193807029194
Mouse_469,0.05,195.0083,0.8481119051369442,16.892335542694262,16.04422363755732,5.082375,3.6472634497383325,38.369522123023195
Mouse_469,0.05,205.0087,0.836097309263728,16.892335542694262,16.056238233430538,5.082375,3.697273745240136,40.337184879116556
Mouse_469,0.05,215.0087,0.845576027560619,16.892335542694262,16.046759515133644,5.082375,3.7448998204030985,42.30476893184781
Mouse_469,0.05,225.0087,0.8406129311120223,16.892335542694262,16.051722611582242,5.082375,3.790360396101398,44.272352984579065
Mouse_469,0.05,235.0087,0.8357618959114799,16.892335542694262,16.056573646782784,5.082375,3.8338438627133313,46.23993703731031
Mouse_469,0.05,245.0087,0.8791708753750358,16.892335542694262,16.013164667319227,5.082375,3.8755150480961835,48.20752109004157
Mouse_469,0.1,0.5083,-0.6424674286859702,18.63734875426033,19.279816182946302,6.6764833333333335,2.575274856350115,0.07613289431312392
Mouse_469,0.1,1.0083,1.8308156714979944,18.63734875426033,16.806533082762336,6.6764833333333335,1.8903256574038023,0.15102261919323795
Mouse_469,0.1,1.5083,-1.4310366538271104,18.63734875426033,20.068385408087444,6.6764833333333335,1.4876082130287653,0.22591234407335198
Mouse_469,0.1,2.0083,4.76183575091819,18.63734875426033,13.875513003342142,6.6764833333333335,1.2013028087603392,0.30080206895346606
Mouse_469,0.1,2.5083,3.4653674336312696,18.63734875426033,15.171981320629062,6.6764833333333335,0.9789861689788498,0.3756917938335801
Mouse_469,0.1,2.7583,0.5266992643700268,18.63734875426033,18.110649489890307,6.6764833333333335,0.8839768538909821,0.4131366562736371
Mouse_469,0.1,3.0083,2.595119950742583,18.63734875426033,16.042228803517748,6.6764833333333335,0.7972162666637971,0.4505815187136941
Mouse_469,0.1,3.2583,0.2417667800575547,18.63734875426033,18.395581974202777,6.6764833333333335,0.7173858148488718,0.48802638115375113
Mouse_469,0.1,3.5083,1.1201819891187146,18.63734875426033,17.517166765141617,6.6764833333333335,0.6434598121532843,0.5254712435938081
Mouse_469,0.1,3.7583,0.03022458721428123,18.63734875426033,18.607124167046052,6.6764833333333335,0.5746246743191348,0.5629161060338651
Mouse_469,0.1,4.0083,0.5201895937103753,18.63734875426033,18.117159160549956,6.6764833333333335,0.5102241905400138,0.6003609684739222
Mouse_469,0.1,4.5083,-0.6781414824144125,18.63734875426033,19.315490236674744,6.6764833333333335,0.39267125949907483,0.6752506933540362
Mouse_469,0.1,5.0083,-0.5163456277302956,18.63734875426033,19.153694381990626,6.6764833333333335,0.2874948656638649,0.7501404182341502
Mouse_469,0.1,5.5083,-0.9606978404907504,18.63734875426033,19.598046594751082,6.6764833333333335,0.19233535620672085,0.8250301431142643
Mouse_469,0.1,6.0083,-0.8574931442912863,18.63734875426033,19.49484189855162,6.6764833333333335,0.10544955518352912,0.8999198679943783
Mouse_469,0.1,6.5083,-1.1324452407198553,18.63734875426033,19.769793994980187,6.6764833333333335,0.02551311641523491,0.9748095928744923
Mouse_469,0.1,7.0083,-0.6941086539754657,18.63734875426033,19.3314574082358,6.6764833333333335,0.048503759116187935,1.0496993177546063
Mouse_469,0.1,7.5083,-0.2280495332373622,18.63734875426033,18.86539828749769,6.6764833333333335,0.11741767348394865,1.1245890426347203
Mouse_469,0.1,8.0083,0.03369145616376912,18.63734875426033,18.603657298096564,6.6764833333333335,0.18188710202784386,1.1994787675148344
Mouse_469,0.1,8.5083,1.8361677266196939,18.63734875426033,16.801181027640638,6.6764833333333335,0.2424507558263926,1.2743684923949485
Mouse_469,0.1,9.0083,1.9119292826473036,18.63734875426033,16.72541947161303,6.6764833333333335,0.29955497275196064,1.3492582172750625
Mouse_469,0.1,9.5083,0.9701763150562143,18.63734875426033,17.667172439204116,6.6764833333333335,0.3535736995562927,1.4241479421551766
Mouse_469,0.1,10.0083,3.1037340692783486,18.63734875426033,15.533614684981984,6.6764833333333335,0.404823346913688,1.4990376670352905
Mouse_469,0.1,11.0083,3.62274470010561,18.63734875426033,15.014604054154724,6.6764833333333335,0.5000581319057761,1.6488171167955186
Mouse_469,0.1,12.0083,3.3444341171817076,18.63734875426033,15.292914637078624,6.6764833333333335,0.5870066755426845,1.7985965665557466
Mouse_469,0.1,13.0083,3.8514057682808804,18.63734875426033,14.785942985979451,6.6764833333333335,0.6669962134493066,1.9483760163159747
Mouse_469,0.1,14.0083,3.7099628379589635,18.63734875426033,14.927385916301368,6.6764833333333335,0.7410586092669132,2.0981554660762027
Mouse_469,0.1,15.0083,3.3024772086787353,18.63734875426033,15.334871545581596,6.6764833333333335,0.8100119795822691,2.247934915836431
Mouse_469,0.1,16.0083,3.099723061938791,18.63734875426033,15.53762569232154,6.6764833333333335,0.874515935914679,2.3977143655966584
Mouse_469,0.1,17.0083,3.099048414807057,18.63734875426033,15.538300339453274,6.6764833333333335,0.9351100583814276,2.5474938153568867
Mouse_469,0.1,18.0083,2.9072243152493007,18.63734875426033,15.730124439011032,6.6764833333333335,0.9922413609073821,2.6972732651171145
Mouse_469,0.1,19.0083,2.5371089977786196,18.63734875426033,16.100239756481713,6.6764833333333335,1.0462843240631348,2.847052714877343
Mouse_469,0.1,20.0084,2.7582414161876967,18.63734875426033,15.879107338072634,6.6764833333333335,1.0975607835578445,2.9968471425825474
Mouse_469,0.1,22.0084,2.44919325543459,18.63734875426033,16.188155498825743,6.6764833333333335,1.1928327968452865,3.2964060421030035
Mouse_469,0.1,24.0084,2.2061995471311775,18.63734875426033,16.431149207129153,6.6764833333333335,1.2798123672913988,3.5959649416234596
Mouse_469,0.1,26.0084,2.1823303818342286,18.63734875426033,16.455018372426103,6.6764833333333335,1.359828160945613,3.8955238411439157
Mouse_469,0.1,28.0084,2.098949806977343,18.63734875426033,16.53839894728299,6.6764833333333335,1.4339130633633672,4.195082740664372
Mouse_469,0.1,30.0084,1.9399662731373883,18.63734875426033,16.697382481122943,6.6764833333333335,1.5028859406486366,4.494641640184828
Mouse_469,0.1,32.0084,1.7826804678241004,18.63734875426033,16.85466828643623,6.6764833333333335,1.567406966531795,4.794200539705284
Mouse_469,0.1,34.0084,1.8664536639289475,18.63734875426033,16.770895090331386,6.6764833333333335,1.6280161511048508,5.093759439225741
Mouse_469,0.1,36.0084,1.6793068425577553,18.63734875426033,16.958041911702576,6.6764833333333335,1.6851608427506202,5.393318338746196
Mouse_469,0.1,38.0084,1.8028539371882655,18.63734875426033,16.834494817072066,6.6764833333333335,1.739215786108597,5.692877238266653
Mouse_469,0.1,40.0084,1.7777603599602614,18.63734875426033,16.85958839430007,6.6764833333333335,1.790498030246188,5.9924361377871085
Mouse_469,0.1,45.0084,1.6023294033922362,18.63734875426033,17.035019350868097,6.6764833333333335,1.9082577371960971,6.7413333865882485
Mouse_469,0.1,48.0084,1.5735727127493888,18.63734875426033,17.06377604151094,6.6764833333333335,1.9727845937763424,7.190671735868933
Mouse_469,0.1,51.0084,1.5377768908414389,18.63734875426033,17.099571863418895,6.6764833333333335,2.033398923223319,7.640010085149617
Mouse_469,0.1,54.0084,1.5448293301620684,18.63734875426033,17.092519424098263,6.6764833333333335,2.0905481882014842,8.0893484344303
Mouse_469,0.1,57.0084,1.4629756178901623,18.63734875426033,17.17437313637017,6.6764833333333335,2.144607223577109,8.538686783710986
Mouse_469,0.1,65.0084,1.3770090983695376,18.63734875426033,17.260339655890796,6.6764833333333335,2.2759250904944563,9.736922381792809
Mouse_469,0.1,70.0084,1.26920177992419,18.63734875426033,17.368146974336142,6.6764833333333335,2.3500238330291,10.48581963059395
Mouse_469,0.1,75.0084,1.228634725500017,18.63734875426033,17.408714028760315,6.6764833333333335,2.419008705443944,11.234716879395089
Mouse_469,0.1,80.0084,1.13914574470199,18.63734875426033,17.498203009558342,6.6764833333333335,2.4835402273409324,11.98361412819623
Mouse_469,0.1,85.0084,1.1064399574730128,18.63734875426033,17.53090879678732,6.6764833333333335,2.5441586733161703,12.73251137699737
Mouse_469,0.1,90.0084,1.1236409212726617,18.63734875426033,17.51370783298767,6.6764833333333335,2.601311597487479,13.48140862579851
Mouse_469,0.1,95.0084,1.0990307365927432,18.63734875426033,17.53831801766759,6.6764833333333335,2.6553739069234266,14.230305874599651
Mouse_469,0.1,100.0084,1.0584167143185823,18.63734875426033,17.578932039941748,6.6764833333333335,2.706662780639454,14.979203123400792
Mouse_469,0.1,105.0083,1.0780130907503764,18.63734875426033,17.559335663509955,6.6764833333333335,2.755447992831638,15.728085394256958
Mouse_469,0.1,110.0083,1.147784242552694,18.63734875426033,17.489564511707638,6.6764833333333335,2.801964415670485,16.476982643058097
Mouse_469,0.1,115.0083,1.1145607398758681,18.63734875426033,17.522788014384464,6.6764833333333335,2.8464128978510472,17.225879891859236
Mouse_469,0.1,125.0083,0.9802946818447803,18.63734875426033,17.65705407241555,6.6764833333333335,2.929788733277084,18.723674389461518
Mouse_469,0.1,135.0083,1.0165148508440094,18.63734875426033,17.620833903416326,6.6764833333333335,3.0067448562091674,20.221468887063796
Mouse_469,0.1,145.0083,1.005792962338024,18.63734875426033,17.63155579192231,6.6764833333333335,3.078199580340825,21.71926338466608
Mouse_469,0.1,155.0083,0.9503339251916945,18.63734875426033,17.687014829068637,6.6764833333333335,3.144887262051845,23.217057882268357
Mouse_469,0.1,165.0083,0.9295390077402708,18.63734875426033,17.707809746520063,6.6764833333333335,3.2074043738448936,24.71485237987064
Mouse_469,0.1,175.0083,1.0414370444501362,18.63734875426033,17.595911709810196,6.6764833333333335,3.2662419995494085,26.21264687747292
Mouse_469,0.1,185.0083,0.8395879412847673,18.63734875426033,17.797760812975568,6.6764833333333335,3.321809287115957,27.7104413750752
Mouse_469,0.1,195.0083,0.920922087278056,18.63734875426033,17.71642666698228,6.6764833333333335,3.3744507199396505,29.20823587267748
Mouse_469,0.1,205.0087,0.8794506905172809,18.63734875426033,17.75789806374305,6.6764833333333335,3.424461015441454,30.706090282059666
Mouse_469,0.1,215.0087,0.9270592638137405,18.63734875426033,17.71028949044659,6.6764833333333335,3.4720870906044166,32.20388477966195
Mouse_469,0.1,225.0087,0.9224572044602173,18.63734875426033,17.714891549800114,6.6764833333333335,3.5175476663027156,33.701679277264226
Mouse_469,0.1,235.0087,0.9249807506762338,18.63734875426033,17.712368003584096,6.6764833333333335,3.5610311329146493,35.19947377486651
Mouse_469,0.1,245.0087,1.0014849557826064,18.63734875426033,17.635863798477725,6.6764833333333335,3.6027023182975015,36.69726827246879
Mouse_469,0.25,0.5083,-0.3962013666428499,14.917324808862507,15.313526175505356,8.649958333333334,2.8342379585057826,0.058763288840505
Mouse_469,0.25,1.0083,2.3633212070866763,14.917324808862507,12.55400360177583,8.649958333333334,2.14928875955947,0.11656703548668344
Mouse_469,0.25,1.5083,-1.0156665257574122,14.917324808862507,15.932991334619917,8.649958333333334,1.7465713151844329,0.1743707821328619
Mouse_469,0.25,2.0083,5.668759883509651,14.917324808862507,9.248564925352856,8.649958333333334,1.460265910916007,0.23217452877904035
Mouse_469,0.25,2.5083,4.400759052504145,14.917324808862507,10.516565756358363,8.649958333333334,1.2379492711345175,0.2899782754252188
Mouse_469,0.25,2.7583,1.217661943398773,14.917324808862507,13.699662865463734,8.649958333333334,1.1429399560466498,0.31888014874830806
Mouse_469,0.25,3.0083,4.419630504505601,14.917324808862507,10.497694304356907,8.649958333333334,1.0561793688194647,0.34778202207139725
Mouse_469,0.25,3.2583,1.2752630279435353,14.917324808862507,13.642061780918972,8.649958333333334,0.9763489170045394,0.3766838953944865
Mouse_469,0.25,3.5083,2.0834923082655807,14.917324808862507,12.833832500596927,8.649958333333334,0.902422914308952,0.4055857687175757
Mouse_469,0.25,3.7583,0.592162900395433,14.917324808862507,14.325161908467074,8.649958333333334,0.8335877764748023,0.4344876420406649
Mouse_469,0.25,4.0083,1.3901127249723526,14.917324808862507,13.527212083890156,8.649958333333334,0.7691872926956814,0.46338951536375417
Mouse_469,0.25,4.5083,-0.829024238038607,14.917324808862507,15.746349046901116,8.649958333333334,0.6516343616547425,0.5211932620099325
Mouse_469,0.25,5.0083,-0.5108775208764545,14.917324808862507,15.428202329738962,8.649958333333334,0.5464579678195325,0.578997008656111
Mouse_469,0.25,5.5083,-1.391116142234159,14.917324808862507,16.308440951096667,8.649958333333334,0.4512984583623884,0.6368007553022895
Mouse_469,0.25,6.0083,-1.5694853856467121,14.917324808862507,16.48681019450922,8.649958333333334,0.3644126573391968,0.6946045019484679
Mouse_469,0.25,6.5083,-1.8381262215655605,14.917324808862507,16.755451030428066,8.649958333333334,0.28447621857090255,0.7524082485946464
Mouse_469,0.25,7.0083,-1.282144265852505,14.917324808862507,16.19946907471501,8.649958333333334,0.21045934303947977,0.8102119952408248
Mouse_469,0.25,7.5083,-0.9240242793940351,14.917324808862507,15.84134908825654,8.649958333333334,0.1415454286717189,0.8680157418870033
Mouse_469,0.25,8.0083,-0.34573123362192426,14.917324808862507,15.263056042484433,8.649958333333334,0.07707600012782373,0.9258194885331817
Mouse_469,0.25,8.5083,1.990744418393235,14.917324808862507,12.926580390469272,8.649958333333334,0.016512346329275143,0.9836232351793601
Mouse_469,0.25,9.0083,2.0971321518313957,14.917324808862507,12.82019265703111,8.649958333333334,0.040591870596293,1.0414269818255386
Mouse_469,0.25,9.5083,1.831055365343441,14.917324808862507,13.086269443519065,8.649958333333334,0.09461059740062507,1.099230728471717
Mouse_469,0.25,10.0083,4.836765286667168,14.917324808862507,10.080559522195339,8.649958333333334,0.14586024475802042,1.1570344751178956
Mouse_469,0.25,11.0083,6.424945020810123,14.917324808862507,8.492379788052384,8.649958333333334,0.2410950297501084,1.2726419684102523
Mouse_469,0.25,12.0083,6.08284289975229,14.917324808862507,8.834481909110218,8.649958333333334,0.3280435733870169,1.3882494617026093
Mouse_469,0.25,13.0083,7.058015965834846,14.917324808862507,7.859308843027661,8.649958333333334,0.4080331112936389,1.503856954994966
Mouse_469,0.25,14.0083,6.913142843758688,14.917324808862507,8.00418196510382,8.649958333333334,0.4820955071112456,1.619464448287323
Mouse_469,0.25,15.0083,6.480798996419724,14.917324808862507,8.436525812442783,8.649958333333334,0.5510488774266015,1.73507194157968
Mouse_469,0.25,16.0083,6.1550382203394145,14.917324808862507,8.762286588523093,8.649958333333334,0.6155528337590115,1.8506794348720366
Mouse_469,0.25,17.0083,6.040898117863021,14.917324808862507,8.876426690999487,8.649958333333334,0.6761469562257599,1.9662869281643935
Mouse_469,0.25,18.0083,5.698255845962594,14.917324808862507,9.219068962899913,8.649958333333334,0.7332782587517146,2.0818944214567505
Mouse_469,0.25,19.0083,5.24080951236286,14.917324808862507,9.676515296499646,8.649958333333334,0.7873212219074672,2.1975019147491075
Mouse_469,0.25,20.0084,5.281770510971971,14.917324808862507,9.635554297890536,8.649958333333334,0.8385976814021768,2.313120968790794
Mouse_469,0.25,22.0084,4.8350823552228315,14.917324808862507,10.082242453639676,8.649958333333334,0.9338696946896188,2.5443359553755074
Mouse_469,0.25,24.0084,4.255834211652023,14.917324808862507,10.661490597210484,8.649958333333334,1.020849265135731,2.7755509419602213
Mouse_469,0.25,26.0084,4.245665434393834,14.917324808862507,10.671659374468675,8.649958333333334,1.1008650587899456,3.0067659285449353
Mouse_469,0.25,28.0084,3.9439718109165414,14.917324808862507,10.973352997945966,8.649958333333334,1.1749499612076995,3.237980915129649
Mouse_469,0.25,30.0084,3.660956331191857,14.917324808862507,11.25636847767065,8.649958333333334,1.2439228384929688,3.4691959017143628
Mouse_469,0.25,32.0084,3.414749452437048,14.917324808862507,11.50257535642546,8.649958333333334,1.3084438643761271,3.7004108882990763
Mouse_469,0.25,34.0084,3.470044755723298,14.917324808862507,11.44728005313921,8.649958333333334,1.369053048949183,3.9316258748837902
Mouse_469,0.25,36.0084,3.241481469269223,14.917324808862507,11.675843339593285,8.649958333333334,1.4261977405949524,4.162840861468504
Mouse_469,0.25,38.0084,3.3537662239828205,14.917324808862507,11.563558584879686,8.649958333333334,1.4802526839529293,4.394055848053218
Mouse_469,0.25,40.0084,3.293840988875309,14.917324808862507,11.623483819987198,8.649958333333334,1.5315349280905204,4.625270834637932
Mouse_469,0.25,45.0084,2.973787477831819,14.917324808862507,11.943537331030688,8.649958333333334,1.6492946350404294,5.203308301099716
Mouse_469,0.25,48.0084,2.8888998580767837,14.917324808862507,12.028424950785723,8.649958333333334,1.7138214916206747,5.550130780976787
Mouse_469,0.25,51.0084,2.9093243949732224,14.917324808862507,12.008000413889285,8.649958333333334,1.7744358210676516,5.8969532608538575
Mouse_469,0.25,54.0084,2.8349538953731708,14.917324808862507,12.082370913489337,8.649958333333334,1.8315850860458167,6.2437757407309284
Mouse_469,0.25,57.0084,2.7588383838395263,14.917324808862507,12.158486425022982,8.649958333333334,1.8856441214214412,6.5905982206079985
Mouse_469,0.25,65.0084,2.5655321529052304,14.917324808862507,12.351792655957277,8.649958333333334,2.016961988338789,7.515458166946853
Mouse_469,0.25,70.0084,2.473060147016478,14.917324808862507,12.444264661846029,8.649958333333334,2.0910607308734326,8.093495633408638
Mouse_469,0.25,75.0084,2.3531927344719503,14.917324808862507,12.564132074390557,8.649958333333334,2.160045603288276,8.671533099870421
Mouse_469,0.25,80.0084,2.2182162894437853,14.917324808862507,12.699108519418722,8.649958333333334,2.224577125185265,9.249570566332206
Mouse_469,0.25,85.0084,2.151493693472348,14.917324808862507,12.76583111539016,8.649958333333334,2.2851955711605023,9.827608032793991
Mouse_469,0.25,90.0084,2.155086252210703,14.917324808862507,12.762238556651806,8.649958333333334,2.3423484953318114,10.405645499255776
Mouse_469,0.25,95.0084,2.0860654312073077,14.917324808862507,12.8312593776552,8.649958333333334,2.396410804767759,10.98368296571756
Mouse_469,0.25,100.0084,2.0473241745059534,14.917324808862507,12.870000634356554,8.649958333333334,2.4476996784837866,11.561720432179344
Mouse_469,0.25,105.0083,2.07771660888314,14.917324808862507,12.839608199979367,8.649958333333334,2.49648489067597,12.1397463378918
Mouse_469,0.25,110.0083,2.1516742377009725,14.917324808862507,12.765650571161535,8.649958333333334,2.5430013135148175,12.717783804353585
Mouse_469,0.25,115.0083,2.1359211173099624,14.917324808862507,12.781403691552544,8.649958333333334,2.5874497956953797,13.29582127081537
Mouse_469,0.25,125.0083,1.8733600054648933,14.917324808862507,13.043964803397614,8.649958333333334,2.6708256311214162,14.451896203738938
Mouse_469,0.25,135.0083,1.9468721723264188,14.917324808862507,12.970452636536088,8.649958333333334,2.7477817540534994,15.607971136662506
Mouse_469,0.25,145.0083,1.9399442180888427,14.917324808862507,12.977380590773665,8.649958333333334,2.819236478185157,16.764046069586076
Mouse_469,0.25,155.0083,1.864997059625253,14.917324808862507,13.052327749237254,8.649958333333334,2.885924159896177,17.920121002509642
Mouse_469,0.25,165.0083,1.831337454162706,14.917324808862507,13.085987354699801,8.649958333333334,2.948441271689226,19.076195935433212
Mouse_469,0.25,175.0083,1.9358742424671274,14.917324808862507,12.981450566395381,8.649958333333334,3.007278897393741,20.232270868356782
Mouse_469,0.25,185.0083,1.753472587183671,14.917324808862507,13.163852221678837,8.649958333333334,3.0628461849602893,21.38834580128035
Mouse_469,0.25,195.0083,1.8592486872299139,14.917324808862507,13.058076121632594,8.649958333333334,3.1154876177839825,22.544420734203918
Mouse_469,0.25,205.0087,1.8050056200727258,14.917324808862507,13.112319188789781,8.649958333333334,3.165497913285786,23.700541910124805
Mouse_469,0.25,215.0087,1.9011367437698086,14.917324808862507,13.016188065092699,8.649958333333334,3.2131239884487486,24.856616843048375
Mouse_469,0.25,225.0087,1.8867280834832005,14.917324808862507,13.030596725379308,8.649958333333334,3.258584564147048,26.012691775971945
Mouse_469,0.25,235.0087,1.9187461742187264,14.917324808862507,12.998578634643781,8.649958333333334,3.302068030758982,27.168766708895514
Mouse_469,0.25,245.0087,1.9999302217197974,14.917324808862507,12.91739458714271,8.649958333333334,3.3437392161418336,28.32484164181908
Mouse_469,0.5,0.5083,-0.41857501402685937,17.317183537412213,17.73575855143907,10.248183333333333,3.003783908633224,0.049599034625649095
Mouse_469,0.5,1.0083,2.5665412796500577,17.317183537412213,14.750642257762152,10.248183333333333,2.3188347096869113,0.09838816961054886
Mouse_469,0.5,1.5083,-0.6528663970603379,17.317183537412213,17.97004993447255,10.248183333333333,1.9161172653118743,0.14717730459544862
Mouse_469,0.5,2.0083,5.569163295519674,17.317183537412213,11.748020241892537,10.248183333333333,1.6298118610434484,0.1959664395803484
Mouse_469,0.5,2.5083,4.798134336516581,17.317183537412213,12.51904920089563,10.248183333333333,1.407495221261959,0.24475557456524816
Mouse_469,0.5,2.7583,1.6071591105875171,17.317183537412213,15.710024426824692,10.248183333333333,1.3124859061740912,0.26915014205769805
Mouse_469,0.5,3.0083,4.512889790621303,17.317183537412213,12.804293746790908,10.248183333333333,1.2257253189469062,0.29354470955014794
Mouse_469,0.5,3.2583,1.7206141406146784,17.317183537412213,15.596569396797532,10.248183333333333,1.1458948671319809,0.31793927704259783
Mouse_469,0.5,3.5083,2.541945792104084,17.317183537412213,14.775237745308127,10.248183333333333,1.0719688644363936,0.34233384453504767
Mouse_469,0.5,3.7583,1.2766269519919433,17.317183537412213,16.04055658542027,10.248183333333333,1.0031337266022438,0.36672841202749756
Mouse_469,0.5,4.0083,2.013675541646146,17.317183537412213,15.303507995766067,10.248183333333333,0.9387332428231229,0.39112297951994746
Mouse_469,0.5,4.5083,-0.4455841614064404,17.317183537412213,17.76276769881865,10.248183333333333,0.8211803117821839,0.43991211450484724
Mouse_469,0.5,5.0083,-0.19996432418605004,17.317183537412213,17.51714786159826,10.248183333333333,0.716003917946974,0.48870124948974697
Mouse_469,0.5,5.5083,-1.0426363094623028,17.317183537412213,18.359819846874515,10.248183333333333,0.62084440848983,0.5374903844746467
Mouse_469,0.5,6.0083,-1.193824940149888,17.317183537412213,18.511008477562097,10.248183333333333,0.5339586074666383,0.5862795194595465
Mouse_469,0.5,6.5083,-1.4414446917916788,17.317183537412213,18.75862822920389,10.248183333333333,0.454022168698344,0.6350686544444463
Mouse_469,0.5,7.0083,-0.6750241295224235,17.317183537412213,17.992207666934632,10.248183333333333,0.3800052931669211,0.683857789429346
Mouse_469,0.5,7.5083,-0.24528354180703718,17.317183537412213,17.562467079219246,10.248183333333333,0.31109137879916027,0.7326469244142458
Mouse_469,0.5,8.0083,0.6965158382719387,17.317183537412213,16.62066769914027,10.248183333333333,0.2466219502552653,0.7814360593991455
Mouse_469,0.5,8.5083,3.0617360819342663,17.317183537412213,14.255447455477944,10.248183333333333,0.1860582964567166,0.8302251943840453
Mouse_469,0.5,9.0083,3.3747211060763664,17.317183537412213,13.942462431335844,10.248183333333333,0.12895407953114846,0.8790143293689451
Mouse_469,0.5,9.5083,3.61351859284009,17.317183537412213,13.703664944572122,10.248183333333333,0.07493535272681642,0.9278034643538449
Mouse_469,0.5,10.0083,6.808332621248755,17.317183537412213,10.508850916163457,10.248183333333333,0.02368570536942106,0.9765925993387446
Mouse_469,0.5,11.0083,8.444194585777947,17.317183537412213,8.872988951634264,10.248183333333333,0.07154907962266696,1.074170869308544
Mouse_469,0.5,12.0083,8.38820762870752,17.317183537412213,8.928975908704691,10.248183333333333,0.15849762325957545,1.1717491392783437
Mouse_469,0.5,13.0083,9.193237566967813,17.317183537412213,8.123945970444398,10.248183333333333,0.23848716116619756,1.2693274092481432
Mouse_469,0.5,14.0083,9.079355924794756,17.317183537412213,8.237827612617455,10.248183333333333,0.31254955698380404,1.3669056792179426
Mouse_469,0.5,15.0083,8.760604756306329,17.317183537412213,8.556578781105882,10.248183333333333,0.3815029272991599,1.4644839491877422
Mouse_469,0.5,16.0083,8.470265613703681,17.317183537412213,8.846917923708531,10.248183333333333,0.44600688363157,1.5620622191575415
Mouse_469,0.5,17.0083,8.297114333685972,17.317183537412213,9.02006920372624,10.248183333333333,0.5066010060983185,1.659640489127341
Mouse_469,0.5,18.0083,7.844067505945858,17.317183537412213,9.473116031466352,10.248183333333333,0.5637323086242731,1.7572187590971406
Mouse_469,0.5,19.0083,7.341648265661827,17.317183537412213,9.975535271750385,10.248183333333333,0.6177752717800258,1.8547970290669402
Mouse_469,0.5,20.0084,7.316086089367282,17.317183537412213,10.001097448044929,10.248183333333333,0.6690517312747354,1.9523850568637369
Mouse_469,0.5,22.0084,6.815771324913502,17.317183537412213,10.501412212498707,10.248183333333333,0.7643237445621773,2.147541596803336
Mouse_469,0.5,24.0084,6.185499369451283,17.317183537412213,11.131684167960927,10.248183333333333,0.8513033150082897,2.342698136742935
Mouse_469,0.5,26.0084,6.160280434386715,17.317183537412213,11.156903103025495,10.248183333333333,0.9313191086625041,2.5378546766825343
Mouse_469,0.5,28.0084,5.796077535697482,17.317183537412213,11.521106001714728,10.248183333333333,1.005404011080258,2.733011216622133
Mouse_469,0.5,30.0084,5.49675598515689,17.317183537412213,11.820427552255321,10.248183333333333,1.0743768883655274,2.928167756561732
Mouse_469,0.5,32.0084,5.223730092963937,17.317183537412213,12.093453444448274,10.248183333333333,1.1388979142486857,3.1233242965013313
Mouse_469,0.5,34.0084,5.243078946672632,17.317183537412213,12.07410459073958,10.248183333333333,1.1995070988217416,3.3184808364409304
Mouse_469,0.5,36.0084,5.026937533391046,17.317183537412213,12.290246004021164,10.248183333333333,1.2566517904675112,3.5136373763805295
Mouse_469,0.5,38.0084,5.109434295803871,17.317183537412213,12.20774924160834,10.248183333333333,1.3107067338254879,3.7087939163201282
Mouse_469,0.5,40.0084,5.017379517276748,17.317183537412213,12.299804020135461,10.248183333333333,1.361988977963079,3.9039504562597274
Mouse_469,0.5,45.0084,4.675200464790668,17.317183537412213,12.641983072621542,10.248183333333333,1.4797486849129882,4.391841806108725
Mouse_469,0.5,48.0084,4.561515662472006,17.317183537412213,12.755667874940205,10.248183333333333,1.5442755414932332,4.6845766160181235
Mouse_469,0.5,51.0084,4.57074707964711,17.317183537412213,12.7464364577651,10.248183333333333,1.6048898709402102,4.977311425927522
Mouse_469,0.5,54.0084,4.470214615212283,17.317183537412213,12.846968922199927,10.248183333333333,1.662039135918375,5.2700462358369204
Mouse_469,0.5,57.0084,4.414763139326083,17.317183537412213,12.902420398086129,10.248183333333333,1.716098171294,5.56278104574632
Mouse_469,0.5,65.0084,4.1955701687699545,17.317183537412213,13.121613368642256,10.248183333333333,1.8474160382113474,6.343407205504715
Mouse_469,0.5,70.0084,4.095062255662792,17.317183537412213,13.22212128174942,10.248183333333333,1.921514780745991,6.831298555353713
Mouse_469,0.5,75.0084,3.975302573950847,17.317183537412213,13.341880963461364,10.248183333333333,1.9904996531608348,7.31918990520271
Mouse_469,0.5,80.0084,3.8530021803240313,17.317183537412213,13.46418135708818,10.248183333333333,2.0550311750578234,7.807081255051708
Mouse_469,0.5,85.0084,3.773064740872534,17.317183537412213,13.544118796539678,10.248183333333333,2.115649621033061,8.294972604900705
Mouse_469,0.5,90.0084,3.7797443344146586,17.317183537412213,13.537439202997552,10.248183333333333,2.17280254520437,8.782863954749702
Mouse_469,0.5,95.0084,3.710476537323828,17.317183537412213,13.606707000088383,10.248183333333333,2.2268648546403176,9.270755304598701
Mouse_469,0.5,100.0084,3.678754285129777,17.317183537412213,13.638429252282432,10.248183333333333,2.278153728356345,9.758646654447698
Mouse_469,0.5,105.0083,3.6854123549105955,17.317183537412213,13.631771182501616,10.248183333333333,2.3269389405485286,10.2465282464697
Mouse_469,0.5,110.0083,3.7571196383655954,17.317183537412213,13.560063899046614,10.248183333333333,2.373455363387376,10.734419596318698
Mouse_469,0.5,115.0083,3.7419204135260804,17.317183537412213,13.575263123886131,10.248183333333333,2.4179038455679382,11.222310946167696
Mouse_469,0.5,125.0083,3.478500375349336,17.317183537412213,13.838683162062875,10.248183333333333,2.501279680993975,12.19809364586569
Mouse_469,0.5,135.0083,3.546555442973659,17.317183537412213,13.770628094438552,10.248183333333333,2.578235803926058,13.173876345563684
Mouse_469,0.5,145.0083,3.5208702239729455,17.317183537412213,13.796313313439265,10.248183333333333,2.6496905280577154,14.14965904526168
Mouse_469,0.5,155.0083,3.4532589167859493,17.317183537412213,13.86392462062626,10.248183333333333,2.716378209768736,15.125441744959675
Mouse_469,0.5,165.0083,3.4149398174337566,17.317183537412213,13.902243719978454,10.248183333333333,2.7788953215617846,16.10122444465767
Mouse_469,0.5,175.0083,3.5126946335731137,17.317183537412213,13.804488903839099,10.248183333333333,2.8377329472662995,17.077007144355665
Mouse_469,0.5,185.0083,3.3359670039650933,17.317183537412213,13.981216533447117,10.248183333333333,2.893300234832848,18.05278984405366
Mouse_469,0.5,195.0083,3.423226062938226,17.317183537412213,13.893957474473984,10.248183333333333,2.9459416676565415,19.028572543751658
Mouse_469,0.5,205.0087,3.370910433133033,17.317183537412213,13.946273104279179,10.248183333333333,2.9959519631583444,20.00439427475764
Mouse_469,0.5,215.0087,3.4506367142010346,17.317183537412213,13.866546823211177,10.248183333333333,3.043578038321307,20.980176974455635
Mouse_469,0.5,225.0087,3.4239963354538174,17.317183537412213,13.893187201958394,10.248183333333333,3.0890386140196067,21.955959674153632
Mouse_469,0.5,235.0087,3.4579145918579215,17.317183537412213,13.859268945554291,10.248183333333333,3.1325220806315404,22.931742373851627
Mouse_469,0.5,245.0087,3.5149144799734966,17.317183537412213,13.802269057438714,10.248183333333333,3.1741932660143926,23.90752507354962
Mouse_469,1.0,0.5083,-0.7190224417576301,16.739897131821706,17.458919573579337,11.47455,3.1168149940206598,0.04429803347407959
Mouse_469,1.0,1.0083,3.109198036840877,16.739897131821706,13.63069909498083,11.47455,2.4318657950743465,0.08787272703504712
Mouse_469,1.0,1.5083,-0.22133119369646348,16.739897131821706,16.96122832551817,11.47455,2.0291483506993098,0.13144742059601464
Mouse_469,1.0,2.0083,5.263976569750912,16.739897131821706,11.475920562070794,11.47455,1.7428429464308839,0.17502211415698218
Mouse_469,1.0,2.5083,4.699717221106153,16.739897131821706,12.040179910715553,11.47455,1.5205263066493944,0.21859680771794973
Mouse_469,1.0,2.7583,1.941318685111069,16.739897131821706,14.79857844671064,11.47455,1.4255169915615264,0.2403841544984335
Mouse_469,1.0,3.0083,4.269580245109455,16.739897131821706,12.47031688671225,11.47455,1.3387564043343416,0.26217150127891725
Mouse_469,1.0,3.2583,2.2877165712745775,16.739897131821706,14.45218056054713,11.47455,1.2589259525194163,0.283958848059401
Mouse_469,1.0,3.5083,3.045337259145251,16.739897131821706,13.694559872676455,11.47455,1.1849999498238288,0.3057461948398848
Mouse_469,1.0,3.7583,1.8963232895661408,16.739897131821706,14.843573842255566,11.47455,1.1161648119896792,0.3275335416203686
Mouse_469,1.0,4.0083,2.5387389978036516,16.739897131821706,14.201158134018055,11.47455,1.0517643282105582,0.3493208884008523
Mouse_469,1.0,4.5083,0.05987581801742081,16.739897131821706,16.680021313804286,11.47455,0.9342113971696193,0.39289558196181984
Mouse_469,1.0,5.0083,0.22472301668276096,16.739897131821706,16.515174115138947,11.47455,0.8290350033344093,0.4364702755227874
Mouse_469,1.0,5.5083,-0.5267447058173378,16.739897131821706,17.266641837639042,11.47455,0.7338754938772654,0.4800449690837549
Mouse_469,1.0,6.0083,-0.686999652092247,16.739897131821706,17.426896783913953,11.47455,0.6469896928540735,0.5236196626447225
Mouse_469,1.0,6.5083,-0.9197061189064435,16.739897131821706,17.65960325072815,11.47455,0.5670532540857794,0.5671943562056899
Mouse_469,1.0,7.0083,0.03388280182724654,16.739897131821706,16.70601432999446,11.47455,0.49303637855435656,0.6107690497666575
Mouse_469,1.0,7.5083,0.452222706351634,16.739897131821706,16.287674425470072,11.47455,0.4241224641865957,0.654343743327625
Mouse_469,1.0,8.0083,1.7804533134130018,16.739897131821706,14.959443818408705,11.47455,0.35965303564270057,0.6979184368885926
Mouse_469,1.0,8.5083,3.955366456829937,16.739897131821706,12.78453067499177,11.47455,0.2990893818441519,0.7414931304495601
Mouse_469,1.0,9.0083,4.404235413377336,16.739897131821706,12.33566171844437,11.47455,0.24198516491858377,0.7850678240105277
Mouse_469,1.0,9.5083,5.096435481737622,16.739897131821706,11.643461650084085,11.47455,0.18796643811425187,0.8286425175714951
Mouse_469,1.0,10.0083,8.01949660734979,16.739897131821706,8.720400524471916,11.47455,0.1367167907568565,0.8722172111324626
Mouse_469,1.0,11.0083,9.188565063341478,16.739897131821706,7.551332068480227,11.47455,0.04148200576476838,0.9593665982543977
Mouse_469,1.0,12.0083,9.432295345525514,16.739897131821706,7.307601786296191,11.47455,0.045466537872140105,1.0465159853763328
Mouse_469,1.0,13.0083,9.793529904819902,16.739897131821706,6.946367227001804,11.47455,0.12545607577876222,1.133665372498268
Mouse_469,1.0,14.0083,9.839681329859868,16.739897131821706,6.900215801961839,11.47455,0.19951847159636868,1.2208147596202028
Mouse_469,1.0,15.0083,9.720577622903544,16.739897131821706,7.019319508918162,11.47455,0.2684718419117246,1.307964146742138
Mouse_469,1.0,16.0083,9.653775101053968,16.739897131821706,7.086122030767738,11.47455,0.3329757982441346,1.3951135338640728
Mouse_469,1.0,17.0083,9.563701973455277,16.739897131821706,7.176195158366427,11.47455,0.39356992071088304,1.4822629209860079
Mouse_469,1.0,18.0083,9.246382108411328,16.739897131821706,7.493515023410376,11.47455,0.45070122323683776,1.569412308107943
Mouse_469,1.0,19.0083,8.86091099575545,16.739897131821706,7.878986136066256,11.47455,0.5047441863925903,1.656561695229878
Mouse_469,1.0,20.0084,8.856797621541514,16.739897131821706,7.883099510280193,11.47455,0.5560206458873,1.7437197972905256
Mouse_469,1.0,22.0084,8.443171480464024,16.739897131821706,8.296725651357683,11.47455,0.6512926591747421,1.9180185715343958
Mouse_469,1.0,24.0084,7.896673577641037,16.739897131821706,8.843223554180668,11.47455,0.7382722296208544,2.092317345778266
Mouse_469,1.0,26.0084,7.889970136848664,16.739897131821706,8.849926994973043,11.47455,0.8182880232750687,2.2666161200221357
Mouse_469,1.0,28.0084,7.53496230634341,16.739897131821706,9.204934825478297,11.47455,0.8923729256928227,2.440914894266006
Mouse_469,1.0,30.0084,7.260854470830782,16.739897131821706,9.479042660990926,11.47455,0.9613458029780919,2.615213668509876
Mouse_469,1.0,32.0084,6.986569448545016,16.739897131821706,9.75332768327669,11.47455,1.0258668288612505,2.7895124427537463
Mouse_469,1.0,34.0084,6.981649562575277,16.739897131821706,9.758247569246429,11.47455,1.086476013434306,2.9638112169976165
Mouse_469,1.0,36.0084,6.7840062888719,16.739897131821706,9.955890842949806,11.47455,1.1436207050800757,3.1381099912414867
Mouse_469,1.0,38.0084,6.83676533360595,16.739897131821706,9.903131798215757,11.47455,1.1976756484380524,3.3124087654853565
Mouse_469,1.0,40.0084,6.7233085943439175,16.739897131821706,10.016588537477789,11.47455,1.2489578925756435,3.4867075397292266
Mouse_469,1.0,45.0084,6.397870706082999,16.739897131821706,10.342026425738707,11.47455,1.3667175995255527,3.922454475338902
Mouse_469,1.0,48.0084,6.261968951223177,16.739897131821706,10.47792818059853,11.47455,1.431244456105798,4.183902636704707
Mouse_469,1.0,51.0084,6.255239747124747,16.739897131821706,10.484657384696959,11.47455,1.4918587855527747,4.445350798070512
Mouse_469,1.0,54.0084,6.138466815612483,16.739897131821706,10.601430316209225,11.47455,1.5490080505309398,4.706798959436318
Mouse_469,1.0,57.0084,6.093560229149866,16.739897131821706,10.646336902671841,11.47455,1.6030670859065645,4.968247120802123
Mouse_469,1.0,65.0084,5.873512795801913,16.739897131821706,10.866384336019795,11.47455,1.734384952823912,5.665442217777603
Mouse_469,1.0,70.0084,5.781378120342815,16.739897131821706,10.958519011478892,11.47455,1.8084836953585555,6.101189153387278
Mouse_469,1.0,75.0084,5.654550598464467,16.739897131821706,11.085346533357239,11.47455,1.8774685677733993,6.536936088996954
Mouse_469,1.0,80.0084,5.546903321123738,16.739897131821706,11.192993810697967,11.47455,1.9420000896703882,6.972683024606629
Mouse_469,1.0,85.0084,5.4492411411927115,16.739897131821706,11.290655990628997,11.47455,2.0026185356456256,7.408429960216304
Mouse_469,1.0,90.0084,5.455542820032964,16.739897131821706,11.284354311788743,11.47455,2.0597714598169343,7.844176895825979
Mouse_469,1.0,95.0084,5.378261873948709,16.739897131821706,11.361635257872997,11.47455,2.1138337692528824,8.279923831435655
Mouse_469,1.0,100.0084,5.3487862599776275,16.739897131821706,11.391110871844079,11.47455,2.1651226429689094,8.71567076704533
Mouse_469,1.0,105.0083,5.330882603403633,16.739897131821706,11.409014528418073,11.47455,2.2139078551610933,9.151408987716295
Mouse_469,1.0,110.0083,5.391573045877157,16.739897131821706,11.348324085944549,11.47455,2.2604242779999404,9.58715592332597
Mouse_469,1.0,115.0083,5.374903784029649,16.739897131821706,11.364993347792058,11.47455,2.3048727601805026,10.022902858935645
Mouse_469,1.0,125.0083,5.112916664153312,16.739897131821706,11.626980467668396,11.47455,2.3882485956065396,10.894396730154995
Mouse_469,1.0,135.0083,5.167121665062488,16.739897131821706,11.572775466759218,11.47455,2.4652047185386228,11.765890601374345
Mouse_469,1.0,145.0083,5.123221019865702,16.739897131821706,11.616676111956005,11.47455,2.53665944267028,12.637384472593695
Mouse_469,1.0,155.0083,5.056959031513716,16.739897131821706,11.68293810030799,11.47455,2.6033471243813002,13.508878343813045
Mouse_469,1.0,165.0083,5.013430126715384,16.739897131821706,11.726467005106322,11.47455,2.6658642361743494,14.380372215032397
Mouse_469,1.0,175.0083,5.082717395224511,16.739897131821706,11.657179736597197,11.47455,2.7247018618788643,15.251866086251747
Mouse_469,1.0,185.0083,4.93271433641679,16.739897131821706,11.807182795404916,11.47455,2.7802691494454126,16.1233599574711
Mouse_469,1.0,195.0083,4.99579572153186,16.739897131821706,11.744101410289847,11.47455,2.832910582269106,16.99485382869045
Mouse_469,1.0,205.0087,4.940842350470221,16.739897131821706,11.799054781351485,11.47455,2.882920877770909,17.866382559664647
Mouse_469,1.0,215.0087,5.002395739074133,16.739897131821706,11.737501392747573,11.47455,2.930546952933872,18.737876430884
Mouse_469,1.0,225.0087,4.968814169992673,16.739897131821706,11.771082961829034,11.47455,2.9760075286321714,19.60937030210335
Mouse_469,1.0,235.0087,4.991128657429923,16.739897131821706,11.748768474391785,11.47455,3.019490995244105,20.4808641733227
Mouse_469,1.0,245.0087,5.022753373218893,16.739897131821706,11.717143758602813,11.47455,3.061162180626957,21.35235804454205
Mouse_469,2.5,0.5083,-1.2400885717828993,15.698760488575068,16.938849060357967,11.364941666666667,3.107216779103207,0.04472526255817415
Mouse_469,2.5,1.0083,4.673953906458545,15.698760488575068,11.024806582116526,11.364941666666667,2.4222675801568943,0.08872020900532558
Mouse_469,2.5,1.5083,0.46067790587554125,15.698760488575068,15.23808258269953,11.364941666666667,2.019550135781857,0.13271515545247703
Mouse_469,2.5,2.0083,5.1635800297559085,15.698760488575068,10.53518045881916,11.364941666666667,1.7332447315134314,0.1767101018996285
Mouse_469,2.5,2.5083,4.806196621893183,15.698760488575068,10.892563866681886,11.364941666666667,1.5109280917319419,0.22070504834677993
Mouse_469,2.5,2.7583,2.7378345644871747,15.698760488575068,12.960925924087896,11.364941666666667,1.4159187766440742,0.24270252157035563
Mouse_469,2.5,3.0083,3.8364675847871297,15.698760488575068,11.862292903787939,11.364941666666667,1.3291581894168891,0.26469999479393136
Mouse_469,2.5,3.2583,3.1746967317637402,15.698760488575068,12.52406375681133,11.364941666666667,1.2493277376019638,0.28669746801750706
Mouse_469,2.5,3.5083,4.023954034189464,15.698760488575068,11.674806454385603,11.364941666666667,1.1754017349063766,0.30869494124108277
Mouse_469,2.5,3.7583,3.076750130972166,15.698760488575068,12.622010357602903,11.364941666666667,1.1065665970722267,0.3306924144646585
Mouse_469,2.5,4.0083,3.4795823626834936,15.698760488575068,12.219178125891576,11.364941666666667,1.0421661132931057,0.3526898876882342
Mouse_469,2.5,4.5083,1.2658365936832894,15.698760488575068,14.432923894891779,11.364941666666667,0.9246131822521668,0.3966848341353857
Mouse_469,2.5,5.0083,1.2022370238164584,15.698760488575068,14.49652346475861,11.364941666666667,0.8194367884169569,0.4406797805825371
Mouse_469,2.5,5.5083,0.7136882454965905,15.698760488575068,14.985072243078479,11.364941666666667,0.7242772789598129,0.48467472702968856
Mouse_469,2.5,6.0083,0.5646006721086545,15.698760488575068,15.134159816466415,11.364941666666667,0.6373914779366211,0.52866967347684
Mouse_469,2.5,6.5083,0.3781666062165608,15.698760488575068,15.320593882358509,11.364941666666667,0.557455039168327,0.5726646199239914
Mouse_469,2.5,7.0083,1.6014823595689525,15.698760488575068,14.097278129006117,11.364941666666667,0.4834381636369041,0.6166595663711428
Mouse_469,2.5,7.5083,2.1228062485026706,15.698760488575068,13.575954240072399,11.364941666666667,0.41452424926914333,0.6606545128182942
Mouse_469,2.5,8.0083,3.711644767494821,15.698760488575068,11.987115721080247,11.364941666666667,0.35005482072524813,0.7046494592654458
Mouse_469,2.5,8.5083,5.645598115197368,15.698760488575068,10.0531623733777,11.364941666666667,0.2894911669266995,0.7486444057125972
Mouse_469,2.5,9.0083,6.273067606662944,15.698760488575068,9.425692881912125,11.364941666666667,0.23238695000113144,0.7926393521597486
Mouse_469,2.5,9.5083,7.216957389094236,15.698760488575068,8.481803099480832,11.364941666666667,0.17836822319679932,0.8366342986069001
Mouse_469,2.5,10.0083,9.434979715435437,15.698760488575068,6.263780773139633,11.364941666666667,0.12711857583940403,0.8806292450540515
Mouse_469,2.5,11.0083,9.551463087053953,15.698760488575068,6.147297401521117,11.364941666666667,0.031883790847316004,0.9686191379483543
Mouse_469,2.5,12.0083,9.913238991943132,15.698760488575068,5.785521496631937,11.364941666666667,0.0550647527895925,1.0566090308426572
Mouse_469,2.5,13.0083,9.62081433787917,15.698760488575068,6.0779461506959,11.364941666666667,0.13505429069621452,1.14459892373696
Mouse_469,2.5,14.0083,9.848094699679296,15.698760488575068,5.850665788895774,11.364941666666667,0.2091166865138213,1.232588816631263
Mouse_469,2.5,15.0083,9.928011698640697,15.698760488575068,5.7707487899343715,11.364941666666667,0.27807005682917707,1.3205787095255659
Mouse_469,2.5,16.0083,10.170864829713398,15.698760488575068,5.52789565886167,11.364941666666667,0.34257401316158703,1.4085686024198685
Mouse_469,2.5,17.0083,10.338232948193149,15.698760488575068,5.36052754038192,11.364941666666667,0.4031681356283356,1.4965584953141715
Mouse_469,2.5,18.0083,10.417093645363234,15.698760488575068,5.281666843211834,11.364941666666667,0.4602994381542902,1.5845483882084743
Mouse_469,2.5,19.0083,10.379858757628392,15.698760488575068,5.318901730946677,11.364941666666667,0.5143424013100427,1.6725382811027771
Mouse_469,2.5,20.0084,10.478576631284469,15.698760488575068,5.2201838572906,11.364941666666667,0.5656188608047524,1.7605369729863698
Mouse_469,2.5,22.0084,10.349413669383548,15.698760488575068,5.349346819191519,11.364941666666667,0.6608908740921944,1.9365167587749754
Mouse_469,2.5,24.0084,10.100255167660624,15.698760488575068,5.598505320914445,11.364941666666667,0.7478704445383069,2.1124965445635815
Mouse_469,2.5,26.0084,10.127826842985062,15.698760488575068,5.5709336455900065,11.364941666666667,0.8278862381925212,2.288476330352187
Mouse_469,2.5,28.0084,9.900134106149098,15.698760488575068,5.798626382425972,11.364941666666667,0.9019711406102751,2.4644561161407927
Mouse_469,2.5,30.0084,9.714336895949554,15.698760488575068,5.984423592625516,11.364941666666667,0.9709440178955443,2.6404359019293984
Mouse_469,2.5,32.0084,9.486893418921643,15.698760488575068,6.211867069653427,11.364941666666667,1.035465043778703,2.8164156877180044
Mouse_469,2.5,34.0084,9.473017982565864,15.698760488575068,6.225742506009205,11.364941666666667,1.0960742283517586,2.99239547350661
Mouse_469,2.5,36.0084,9.31757020194516,15.698760488575068,6.381190286629911,11.364941666666667,1.153218919997528,3.1683752592952157
Mouse_469,2.5,38.0084,9.341908428542462,15.698760488575068,6.356852060032608,11.364941666666667,1.207273863355505,3.3443550450838213
Mouse_469,2.5,40.0084,9.217478260005137,15.698760488575068,6.481282228569933,11.364941666666667,1.258556107493096,3.5203348308724274
Mouse_469,2.5,45.0084,8.972488232952761,15.698760488575068,6.726272255622309,11.364941666666667,1.3763158144430052,3.9602842953439414
Mouse_469,2.5,48.0084,8.831755596819367,15.698760488575068,6.867004891755703,11.364941666666667,1.4408426710232503,4.22425397402685
Mouse_469,2.5,51.0084,8.794665929602875,15.698760488575068,6.904094558972194,11.364941666666667,1.5014570004702272,4.488223652709759
Mouse_469,2.5,54.0084,8.684516308974997,15.698760488575068,7.014244179600071,11.364941666666667,1.558606265448392,4.752193331392667
Mouse_469,2.5,57.0084,8.651737676981755,15.698760488575068,7.047022811593314,11.364941666666667,1.612665300824017,5.0161630100755765
Mouse_469,2.5,65.0084,8.466515319944733,15.698760488575068,7.232245168630335,11.364941666666667,1.7439831677413644,5.720082153229998
Mouse_469,2.5,70.0084,8.383623373924294,15.698760488575068,7.315137114650774,11.364941666666667,1.818081910276008,6.160031617701513
Mouse_469,2.5,75.0084,8.271976288339854,15.698760488575068,7.426784200235215,11.364941666666667,1.8870667826908518,6.599981082173027
Mouse_469,2.5,80.0084,8.193239287920818,15.698760488575068,7.505521200654252,11.364941666666667,1.9515983045878404,7.039930546644541
Mouse_469,2.5,85.0084,8.085685579704048,15.698760488575068,7.613074908871022,11.364941666666667,2.012216750563078,7.479880011116056
Mouse_469,2.5,90.0084,8.095008525503705,15.698760488575068,7.603751963071366,11.364941666666667,2.069369674734387,7.91982947558757
Mouse_469,2.5,95.0084,8.018185153746451,15.698760488575068,7.680575334828617,11.364941666666667,2.1234319841703346,8.359778940059085
Mouse_469,2.5,100.0084,7.990911781219532,15.698760488575068,7.707848707355536,11.364941666666667,2.174720857886362,8.7997284045306
Mouse_469,2.5,105.0083,7.939737062316562,15.698760488575068,7.759023426258507,11.364941666666667,2.2235060700785456,9.239669070012825
Mouse_469,2.5,110.0083,7.986078799445179,15.698760488575068,7.71268168912989,11.364941666666667,2.270022492917393,9.679618534484339
Mouse_469,2.5,115.0083,7.961392118949015,15.698760488575068,7.737368369626054,11.364941666666667,2.3144709750979553,10.119567998955853
Mouse_469,2.5,125.0083,7.731601579882473,15.698760488575068,7.967158908692596,11.364941666666667,2.397846810523992,10.999466927898883
Mouse_469,2.5,135.0083,7.757914104561917,15.698760488575068,7.9408463840131525,11.364941666666667,2.474802933456075,11.87936585684191
Mouse_469,2.5,145.0083,7.692542100152305,15.698760488575068,8.006218388422765,11.364941666666667,2.5462576575877325,12.75926478578494
Mouse_469,2.5,155.0083,7.627439132114536,15.698760488575068,8.071321356460533,11.364941666666667,2.612945339298753,13.639163714727967
Mouse_469,2.5,165.0083,7.578978445344108,15.698760488575068,8.119782043230963,11.364941666666667,2.6754624510918017,14.519062643670996
Mouse_469,2.5,175.0083,7.607374241672248,15.698760488575068,8.091386246902822,11.364941666666667,2.7343000767963166,15.398961572614025
Mouse_469,2.5,185.0083,7.493053441052573,15.698760488575068,8.205707047522496,11.364941666666667,2.789867364362865,16.278860501557055
Mouse_469,2.5,195.0083,7.515230501764738,15.698760488575068,8.183529986810331,11.364941666666667,2.8425087971865586,17.158759430500083
Mouse_469,2.5,205.0087,7.45719440760998,15.698760488575068,8.24156608096509,11.364941666666667,2.8925190926883615,18.03869355540027
Mouse_469,2.5,215.0087,7.482915837732618,15.698760488575068,8.215844650842453,11.364941666666667,2.940145167851324,18.9185924843433
Mouse_469,2.5,225.0087,7.441052054657721,15.698760488575068,8.25770843391735,11.364941666666667,2.9856057435496237,19.798491413286328
Mouse_469,2.5,235.0087,7.437669568948451,15.698760488575068,8.261090919626618,11.364941666666667,3.0290892101615574,20.678390342229356
Mouse_469,2.5,245.0087,7.4309094930998105,15.698760488575068,8.267850995475259,11.364941666666667,3.0707603955444096,21.558289271172384
Mouse_470,0.05,0.5083,0.5040168412707544,28.47749423567797,27.973477394407215,7.792555,2.729852245232383,0.06522892684106817
Mouse_470,0.05,1.0083,-6.029662031717449,28.47749423567797,34.507156267395416,7.792555,2.0449030462860702,0.12939273447540633
Mouse_470,0.05,1.5083,1.12795496703647,28.47749423567797,27.3495392686415,7.792555,1.6421856019110332,0.1935565421097445
Mouse_470,0.05,2.0083,7.051975603808623,28.47749423567797,21.425518631869345,7.792555,1.3558801976426074,0.2577203497440827
Mouse_470,0.05,2.5083,3.7282201384754643,28.47749423567797,24.749274097202505,7.792555,1.1335635578611178,0.32188415737842085
Mouse_470,0.05,2.7583,-1.1564158063894223,28.47749423567797,29.63391004206739,7.792555,1.0385542427732501,0.35396606119558993
Mouse_470,0.05,3.0083,2.6006133993434215,28.47749423567797,25.87688083633455,7.792555,0.9517936555460651,0.386047965012759
Mouse_470,0.05,3.2583,-4.65460448984367,28.47749423567797,33.132098725521644,7.792555,0.8719632037311397,0.4181298688299281
Mouse_470,0.05,3.5083,-2.3540971782484483,28.47749423567797,30.831591413926418,7.792555,0.7980372010355523,0.45021177264709716
Mouse_470,0.05,3.7583,-3.6705065993795287,28.47749423567797,32.1480008350575,7.792555,0.7292020632014027,0.48229367646426624
Mouse_470,0.05,4.0083,-2.9322349554168863,28.47749423567797,31.409729191094854,7.792555,0.6648015794222819,0.5143755802814353
Mouse_470,0.05,4.5083,-3.400177703629133,28.47749423567797,31.877671939307103,7.792555,0.5472486483813429,0.5785393879157734
Mouse_470,0.05,5.0083,-2.3172352917372954,28.47749423567797,30.794729527415267,7.792555,0.4420722545461328,0.6427031955501117
Mouse_470,0.05,5.5083,-1.7733502489095998,28.47749423567797,30.250844484587567,7.792555,0.3469127450889888,0.7068670031844498
Mouse_470,0.05,6.0083,-3.032662079963195,28.47749423567797,31.510156315641165,7.792555,0.26002694406579707,0.771030810818788
Mouse_470,0.05,6.5083,-2.0554285908659717,28.47749423567797,30.532922826543942,7.792555,0.18009050529750287,0.8351946184531261
Mouse_470,0.05,7.0083,-2.1774841631236366,28.47749423567797,30.654978398801607,7.792555,0.10607362976608002,0.8993584260874643
Mouse_470,0.05,7.5083,-2.1702010439127277,28.47749423567797,30.6476952795907,7.792555,0.03715971539831922,0.9635222337218025
Mouse_470,0.05,8.0083,-3.045928311795254,28.47749423567797,31.523422547473224,7.792555,0.027309713145575898,1.0276860413561406
Mouse_470,0.05,8.5083,-0.9109735103467314,28.47749423567797,29.388467746024705,7.792555,0.08787336694412444,1.0918498489904787
Mouse_470,0.05,9.0083,-2.0596044411324437,28.47749423567797,30.537098676810416,7.792555,0.14497758386969264,1.156013656624817
Mouse_470,0.05,9.5083,-3.1508186315114144,28.47749423567797,31.628312867189386,7.792555,0.19899631067402457,1.220177464259155
Mouse_470,0.05,10.0083,-2.257252788804615,28.47749423567797,30.734747024482587,7.792555,0.25024595803141997,1.2843412718934932
Mouse_470,0.05,11.0083,-3.0944232004408625,28.47749423567797,31.57191743611883,7.792555,0.34548074302350806,1.4126688871621695
Mouse_470,0.05,12.0083,-3.510481738589619,28.47749423567797,31.987975974267588,7.792555,0.4324292866604165,1.5409965024308458
Mouse_470,0.05,13.0083,-3.8859131176093618,28.47749423567797,32.36340735328733,7.792555,0.5124188245670386,1.6693241176995222
Mouse_470,0.05,14.0083,-4.140436232665957,28.47749423567797,32.61793046834393,7.792555,0.5864812203846452,1.7976517329681985
Mouse_470,0.05,15.0083,-4.769783601316708,28.47749423567797,33.24727783699468,7.792555,0.6554345907000011,1.9259793482368748
Mouse_470,0.05,16.0083,-4.914160863027124,28.47749423567797,33.391655098705094,7.792555,0.7199385470324111,2.054306963505551
Mouse_470,0.05,17.0083,-5.071499414336929,28.47749423567797,33.5489936500149,7.792555,0.7805326694991597,2.1826345787742274
Mouse_470,0.05,18.0083,-5.212524013933722,28.47749423567797,33.69001824961169,7.792555,0.8376639720251142,2.3109621940429035
Mouse_470,0.05,19.0083,-5.024047366540519,28.47749423567797,33.50154160221849,7.792555,0.8917069351808669,2.43928980931158
Mouse_470,0.05,20.0084,-4.869088948881285,28.47749423567797,33.34658318455926,7.792555,0.9429833946755765,2.5676302573417833
Mouse_470,0.05,22.0084,-4.8287409862664665,28.47749423567797,33.30623522194444,7.792555,1.0382554079630184,2.824285487879136
Mouse_470,0.05,24.0084,-5.1609554417898575,28.47749423567797,33.638449677467825,7.792555,1.1252349784091307,3.0809407184164885
Mouse_470,0.05,26.0084,-4.826208077288236,28.47749423567797,33.30370231296621,7.792555,1.2052507720633452,3.337595948953841
Mouse_470,0.05,28.0084,-4.746190815071678,28.47749423567797,33.22368505074965,7.792555,1.2793356744810993,3.594251179491194
Mouse_470,0.05,30.0084,-4.73134445183919,28.47749423567797,33.20883868751716,7.792555,1.3483085517663684,3.850906410028547
Mouse_470,0.05,32.0084,-4.829868587837266,28.47749423567797,33.307362823515234,7.792555,1.412829577649527,4.1075616405658995
Mouse_470,0.05,34.0084,-4.4542004082768685,28.47749423567797,32.93169464395484,7.792555,1.4734387622225826,4.364216871103252
Mouse_470,0.05,36.0084,-5.235573126806928,28.47749423567797,33.7130673624849,7.792555,1.5305834538683523,4.620872101640605
Mouse_470,0.05,38.0084,-4.5107437429364445,28.47749423567797,32.98823797861442,7.792555,1.584638397226329,4.877527332177957
Mouse_470,0.05,40.0084,-4.506172778486696,28.47749423567797,32.983667014164666,7.792555,1.63592064136392,5.13418256271531
Mouse_470,0.05,45.0084,-4.834259264863745,28.47749423567797,33.31175350054171,7.792555,1.7536803483138292,5.775820639058692
Mouse_470,0.05,48.0084,-4.833772605247441,28.47749423567797,33.31126684092541,7.792555,1.8182072048940743,6.16080348486472
Mouse_470,0.05,51.0084,-4.9161721196789525,28.47749423567797,33.39366635535693,7.792555,1.8788215343410513,6.545786330670749
Mouse_470,0.05,54.0084,-5.003575266227177,28.47749423567797,33.48106950190514,7.792555,1.9359707993192163,6.930769176476779
Mouse_470,0.05,57.0084,-5.049362605013146,28.47749423567797,33.52685684069112,7.792555,1.9900298346948408,7.315752022282807
Mouse_470,0.05,65.0084,-5.192350487233977,28.47749423567797,33.66984472291195,7.792555,2.1213477016121884,8.342372944432217
Mouse_470,0.05,70.0084,-5.176375290036193,28.47749423567797,33.653869525714164,7.792555,2.195446444146832,8.984011020775599
Mouse_470,0.05,75.0084,-5.373213774611682,28.47749423567797,33.85070801028965,7.792555,2.264431316561676,9.62564909711898
Mouse_470,0.05,80.0084,-5.53043068335208,28.47749423567797,34.00792491903005,7.792555,2.3289628384586645,10.267287173462362
Mouse_470,0.05,85.0084,-5.615068107538319,28.47749423567797,34.09256234321629,7.792555,2.389581284433902,10.908925249805744
Mouse_470,0.05,90.0084,-5.50765795332394,28.47749423567797,33.98515218900191,7.792555,2.446734208605211,11.550563326149124
Mouse_470,0.05,95.0084,-5.861298268923077,28.47749423567797,34.338792504601045,7.792555,2.5007965180411587,12.192201402492506
Mouse_470,0.05,100.0084,-5.623338526058971,28.47749423567797,34.10083276173694,7.792555,2.552085391757186,12.833839478835888
Mouse_470,0.05,105.0083,-5.597437241643846,28.47749423567797,34.07493147732182,7.792555,2.6008706039493696,13.475464722417744
Mouse_470,0.05,110.0083,-5.584513329904675,28.47749423567797,34.06200756558265,7.792555,2.647387026788217,14.117102798761126
Mouse_470,0.05,115.0083,-5.643777397791183,28.47749423567797,34.12127163346915,7.792555,2.6918355089687793,14.758740875104507
Mouse_470,0.05,125.0083,-5.840680633772106,28.47749423567797,34.318174869450075,7.792555,2.775211344394816,16.04201702779127
Mouse_470,0.05,135.0083,-5.802754651854716,28.47749423567797,34.280248887532686,7.792555,2.852167467326899,17.32529318047803
Mouse_470,0.05,145.0083,-5.904430768349558,28.47749423567797,34.38192500402753,7.792555,2.9236221914585565,18.608569333164795
Mouse_470,0.05,155.0083,-6.013566677730859,28.47749423567797,34.49106091340883,7.792555,2.990309873169577,19.891845485851558
Mouse_470,0.05,165.0083,-5.943616001366431,28.47749423567797,34.421110237044395,7.792555,3.0528269849626257,21.17512163853832
Mouse_470,0.05,175.0083,-5.940205301349162,28.47749423567797,34.41769953702713,7.792555,3.1116646106671406,22.458397791225085
Mouse_470,0.05,185.0083,-5.914099982356861,28.47749423567797,34.39159421803483,7.792555,3.167231898233689,23.74167394391185
Mouse_470,0.05,195.0083,-5.976528308012469,28.47749423567797,34.45402254369044,7.792555,3.2198733310573826,25.024950096598612
Mouse_470,0.05,205.0087,-6.026164104417766,28.47749423567797,34.50365834009573,7.792555,3.269883626559186,26.308277580331485
Mouse_470,0.05,215.0087,-5.916831479613865,28.47749423567797,34.394325715291835,7.792555,3.317509701722148,27.591553733018248
Mouse_470,0.05,225.0087,-6.064837873151413,28.47749423567797,34.542332108829385,7.792555,3.3629702774204477,28.874829885705008
Mouse_470,0.05,235.0087,-6.043197628070467,28.47749423567797,34.52069186374844,7.792555,3.4064537440323814,30.15810603839177
Mouse_470,0.05,245.0087,-6.032176737437948,28.47749423567797,34.50967097311592,7.792555,3.4481249294152336,31.441382191078535
Mouse_470,0.1,0.5083,-0.40900404203153456,31.386351611271092,31.79535565330263,8.17315,2.777537846008768,0.06219144393532481
Mouse_470,0.1,1.0083,-7.5438076566067584,31.386351611271092,38.93015926787785,8.17315,2.0925886470624553,0.12336736753883142
Mouse_470,0.1,1.5083,0.7003196311261468,31.386351611271092,30.686031980144946,8.17315,1.6898712026874183,0.18454329114233803
Mouse_470,0.1,2.0083,9.464802066265785,31.386351611271092,21.92154954500531,8.17315,1.4035657984189924,0.24571921474584466
Mouse_470,0.1,2.5083,3.9051415049529985,31.386351611271092,27.481210106318095,8.17315,1.181249158637503,0.3068951383493513
Mouse_470,0.1,2.7583,-0.19738681750976683,31.386351611271092,31.583738428780862,8.17315,1.0862398435496352,0.33748310015110455
Mouse_470,0.1,3.0083,3.301047193209042,31.386351611271092,28.08530441806205,8.17315,0.9994792563224503,0.3680710619528579
Mouse_470,0.1,3.2583,-4.828346071269358,31.386351611271092,36.214697682540454,8.17315,0.919648804507525,0.39865902375461115
Mouse_470,0.1,3.5083,-2.4010446682581987,31.386351611271092,33.78739627952929,8.17315,0.8457228018119375,0.4292469855563645
Mouse_470,0.1,3.7583,-3.43069779873841,31.386351611271092,34.8170494100095,8.17315,0.7768876639777877,0.4598349473581178
Mouse_470,0.1,4.0083,-2.330390411076971,31.386351611271092,33.716742022348065,8.17315,0.712487180198667,0.4904229091598711
Mouse_470,0.1,4.5083,-3.3231304195650875,31.386351611271092,34.70948203083618,8.17315,0.5949342491577279,0.5515988327633777
Mouse_470,0.1,5.0083,-2.3642910303898037,31.386351611271092,33.75064264166089,8.17315,0.48975785532251803,0.6127747563668843
Mouse_470,0.1,5.5083,-2.0390900925484865,31.386351611271092,33.42544170381958,8.17315,0.39459834586537396,0.6739506799703909
Mouse_470,0.1,6.0083,-3.040595496416907,31.386351611271092,34.426947107688,8.17315,0.3077125448421823,0.7351266035738975
Mouse_470,0.1,6.5083,-2.3451182517922446,31.386351611271092,33.73146986306334,8.17315,0.227776106073888,0.7963025271774041
Mouse_470,0.1,7.0083,-2.517248378295682,31.386351611271092,33.90359998956677,8.17315,0.15375923054246524,0.8574784507809107
Mouse_470,0.1,7.5083,-2.614357918489269,31.386351611271092,34.000709529760364,8.17315,0.08484531617470438,0.9186543743844173
Mouse_470,0.1,8.0083,-3.6731584495767033,31.386351611271092,35.0595100608478,8.17315,0.020375887630809206,0.979830297987924
Mouse_470,0.1,8.5083,-1.176187957725602,31.386351611271092,32.5625395689967,8.17315,0.040187766167739496,1.0410062215914306
Mouse_470,0.1,9.0083,-2.6633969341325767,31.386351611271092,34.049748545403666,8.17315,0.09729198309330753,1.1021821451949372
Mouse_470,0.1,9.5083,-4.116574228143726,31.386351611271092,35.50292583941482,8.17315,0.1513107098976395,1.1633580687984437
Mouse_470,0.1,10.0083,-3.0382470791142926,31.386351611271092,34.42459869038539,8.17315,0.2025603572550348,1.2245339924019503
Mouse_470,0.1,11.0083,-4.183366490339955,31.386351611271092,35.569718101611045,8.17315,0.29779514224712295,1.3468858396089636
Mouse_470,0.1,12.0083,-4.678147439310088,31.386351611271092,36.06449905058118,8.17315,0.38474368588403146,1.4692376868159769
Mouse_470,0.1,13.0083,-5.111950089215277,31.386351611271092,36.498301700486365,8.17315,0.46473322379065346,1.59158953402299
Mouse_470,0.1,14.0083,-5.436551888804298,31.386351611271092,36.82290350007539,8.17315,0.5387956196082602,1.7139413812300033
Mouse_470,0.1,15.0083,-6.246302197250598,31.386351611271092,37.63265380852169,8.17315,0.6077489899236159,1.8362932284370164
Mouse_470,0.1,16.0083,-6.388474667843069,31.386351611271092,37.774826279114166,8.17315,0.672252946256026,1.9586450756440295
Mouse_470,0.1,17.0083,-6.577123808678991,31.386351611271092,37.963475419950086,8.17315,0.7328470687227744,2.0809969228510425
Mouse_470,0.1,18.0083,-6.706757431168107,31.386351611271092,38.093109042439195,8.17315,0.7899783712487289,2.2033487700580556
Mouse_470,0.1,19.0083,-6.442287864785804,31.386351611271092,37.8286394760569,8.17315,0.8440213344044818,2.325700617265069
Mouse_470,0.1,20.0084,-6.2384738575673575,31.386351611271092,37.62482546883845,8.17315,0.8952977938991913,2.448064699656803
Mouse_470,0.1,22.0084,-6.128849615929463,31.386351611271092,37.515201227200556,8.17315,0.9905698071866333,2.69276839407083
Mouse_470,0.1,24.0084,-6.464647589777503,31.386351611271092,37.850999201048595,8.17315,1.0775493776327458,2.9374720884848564
Mouse_470,0.1,26.0084,-6.075695895819668,31.386351611271092,37.46204750709076,8.17315,1.1575651712869601,3.1821757828988826
Mouse_470,0.1,28.0084,-5.950176734060899,31.386351611271092,37.33652834533199,8.17315,1.231650073704714,3.426879477312909
Mouse_470,0.1,30.0084,-5.899555055609564,31.386351611271092,37.285906666880656,8.17315,1.3006229509899832,3.6715831717269354
Mouse_470,0.1,32.0084,-6.001156350654929,31.386351611271092,37.38750796192602,8.17315,1.3651439768731417,3.916286866140962
Mouse_470,0.1,34.0084,-5.590626434436951,31.386351611271092,36.976978045708044,8.17315,1.4257531614461973,4.160990560554988
Mouse_470,0.1,36.0084,-6.45343824782093,31.386351611271092,37.83978985909202,8.17315,1.482897853091967,4.405694254969014
Mouse_470,0.1,38.0084,-5.691216505449903,31.386351611271092,37.077568116721,8.17315,1.5369527964499439,4.650397949383041
Mouse_470,0.1,40.0084,-5.65026461029274,31.386351611271092,37.03661622156383,8.17315,1.588235040587535,4.895101643797068
Mouse_470,0.1,45.0084,-6.062852721483303,31.386351611271092,37.44920433275439,8.17315,1.7059947475374442,5.506860879832134
Mouse_470,0.1,48.0084,-6.13922200710778,31.386351611271092,37.52557361837887,8.17315,1.7705216041176892,5.873916421453173
Mouse_470,0.1,51.0084,-6.227992899708083,31.386351611271092,37.61434451097917,8.17315,1.8311359335646662,6.240971963074213
Mouse_470,0.1,54.0084,-6.3004784997683965,31.386351611271092,37.68683011103949,8.17315,1.888285198542831,6.608027504695253
Mouse_470,0.1,57.0084,-6.399860872587965,31.386351611271092,37.78621248385906,8.17315,1.9423442339184558,6.975083046316292
Mouse_470,0.1,65.0084,-6.620783244520384,31.386351611271092,38.00713485579148,8.17315,2.0736621008358034,7.953897823972397
Mouse_470,0.1,70.0084,-6.631993373565505,31.386351611271092,38.018344984836595,8.17315,2.147760843370447,8.565657060007464
Mouse_470,0.1,75.0084,-6.878909113251246,31.386351611271092,38.26526072452234,8.17315,2.216745715785291,9.17741629604253
Mouse_470,0.1,80.0084,-7.059245931176018,31.386351611271092,38.44559754244711,8.17315,2.2812772376822794,9.789175532077595
Mouse_470,0.1,85.0084,-7.143033673882128,31.386351611271092,38.52938528515322,8.17315,2.341895683657517,10.400934768112661
Mouse_470,0.1,90.0084,-7.021288014563424,31.386351611271092,38.40763962583452,8.17315,2.399048607828826,11.012694004147727
Mouse_470,0.1,95.0084,-7.431298028380085,31.386351611271092,38.81764963965118,8.17315,2.4531109172647736,11.624453240182794
Mouse_470,0.1,100.0084,-7.134504998408041,31.386351611271092,38.520856609679136,8.17315,2.504399790980801,12.23621247621786
Mouse_470,0.1,105.0083,-7.1327038526310975,31.386351611271092,38.51905546390219,8.17315,2.5531850031729846,12.847959477068207
Mouse_470,0.1,110.0083,-7.1104192447764465,31.386351611271092,38.49677085604754,8.17315,2.599701426011832,13.459718713103273
Mouse_470,0.1,115.0083,-7.1779299727055434,31.386351611271092,38.56428158397664,8.17315,2.6441499081923943,14.071477949138337
Mouse_470,0.1,125.0083,-7.396767812359402,31.386351611271092,38.783119423630495,8.17315,2.727525743618431,15.29499642120847
Mouse_470,0.1,135.0083,-7.3390056897849165,31.386351611271092,38.72535730105601,8.17315,2.804481866550514,16.5185148932786
Mouse_470,0.1,145.0083,-7.458408057072523,31.386351611271092,38.84475966834361,8.17315,2.8759365906821714,17.742033365348732
Mouse_470,0.1,155.0083,-7.597219550563022,31.386351611271092,38.983571161834114,8.17315,2.9426242723931915,18.965551837418865
Mouse_470,0.1,165.0083,-7.485619808586103,31.386351611271092,38.871971419857196,8.17315,3.0051413841862407,20.189070309488997
Mouse_470,0.1,175.0083,-7.451975950282122,31.386351611271092,38.838327561553214,8.17315,3.0639790098907556,21.41258878155913
Mouse_470,0.1,185.0083,-7.460996471227333,31.386351611271092,38.84734808249843,8.17315,3.119546297457304,22.636107253629262
Mouse_470,0.1,195.0083,-7.5232537870437515,31.386351611271092,38.909605398314845,8.17315,3.172187730280997,23.859625725699395
Mouse_470,0.1,205.0087,-7.564256481433921,31.386351611271092,38.95060809270501,8.17315,3.2221980257828005,25.08319313850841
Mouse_470,0.1,215.0087,-7.450829069297196,31.386351611271092,38.83718068056829,8.17315,3.269824100945763,26.306711610578542
Mouse_470,0.1,225.0087,-7.6299139439520305,31.386351611271092,39.01626555522312,8.17315,3.3152846766440627,27.530230082648675
Mouse_470,0.1,235.0087,-7.6027558860400966,31.386351611271092,38.98910749731119,8.17315,3.3587681432559964,28.753748554718808
Mouse_470,0.1,245.0087,-7.6001024775734045,31.386351611271092,38.986454088844496,8.17315,3.4004393286388486,29.97726702678894
Mouse_470,0.25,0.5083,-1.6334832574146565,22.32782014371387,23.961303401128525,10.25724,3.004667252235387,0.04955524098100464
Mouse_470,0.25,1.0083,-8.645940175035587,22.32782014371387,30.973760318749456,10.25724,2.3197180532890744,0.09830129742503832
Mouse_470,0.25,1.5083,0.10774983723094689,22.32782014371387,22.22007030648292,10.25724,1.9170006089140375,0.147047353869072
Mouse_470,0.25,2.0083,10.076022528191992,22.32782014371387,12.251797615521879,10.25724,1.6306952046456116,0.1957934103131057
Mouse_470,0.25,2.5083,3.8716139128831415,22.32782014371387,18.456206230830727,10.25724,1.408378564864122,0.2445394667571394
Mouse_470,0.25,2.7583,0.09493403184997895,22.32782014371387,22.23288611186389,10.25724,1.3133692497762544,0.2689124949791562
Mouse_470,0.25,3.0083,3.820042436292461,22.32782014371387,18.507777707421408,10.25724,1.2266086625490693,0.29328552320117307
Mouse_470,0.25,3.2583,-4.6196149564340825,22.32782014371387,26.94743510014795,10.25724,1.146778210734144,0.3176585514231899
Mouse_470,0.25,3.5083,-2.338559367633022,22.32782014371387,24.66637951134689,10.25724,1.0728522080385565,0.34203157964520675
Mouse_470,0.25,3.7583,-3.319562604700426,22.32782014371387,25.647382748414294,10.25724,1.004017070204407,0.36640460786722356
Mouse_470,0.25,4.0083,-2.06716971738107,22.32782014371387,24.39498986109494,10.25724,0.9396165864252859,0.39077763608924043
Mouse_470,0.25,4.5083,-3.13153607667088,22.32782014371387,25.45935622038475,10.25724,0.822063655384347,0.4395236925332741
Mouse_470,0.25,5.0083,-2.207082936517353,22.32782014371387,24.534903080231224,10.25724,0.7168872615491371,0.4882697489773078
Mouse_470,0.25,5.5083,-1.9904796485867804,22.32782014371387,24.31829979230065,10.25724,0.621727752091993,0.5370158054213414
Mouse_470,0.25,6.0083,-2.733959724700237,22.32782014371387,25.061779868414106,10.25724,0.5348419510688013,0.5857618618653752
Mouse_470,0.25,6.5083,-2.303305328834691,22.32782014371387,24.63112547254856,10.25724,0.45490551230050713,0.6345079183094088
Mouse_470,0.25,7.0083,-2.5317864443963236,22.32782014371387,24.859606588110193,10.25724,0.3808886367690842,0.6832539747534425
Mouse_470,0.25,7.5083,-2.7461713330714206,22.32782014371387,25.073991476785288,10.25724,0.31197472240132346,0.7320000311974761
Mouse_470,0.25,8.0083,-3.8440458721889614,22.32782014371387,26.17186601590283,10.25724,0.24750529385742828,0.7807460876415099
Mouse_470,0.25,8.5083,-1.6050471508656363,22.32782014371387,23.932867294579506,10.25724,0.1869416400588797,0.8294921440855435
Mouse_470,0.25,9.0083,-3.3542190733932484,22.32782014371387,25.682039217107118,10.25724,0.1298374231333115,0.8782382005295772
Mouse_470,0.25,9.5083,-4.829167096996767,22.32782014371387,27.156987240710635,10.25724,0.07581869632897956,0.9269842569736109
Mouse_470,0.25,10.0083,-3.763864137076167,22.32782014371387,26.091684280790034,10.25724,0.024569048971584167,0.9757303134176446
Mouse_470,0.25,11.0083,-4.7827037670802905,22.32782014371387,27.110523910794157,10.25724,0.07066573602050391,1.073222426305712
Mouse_470,0.25,12.0083,-5.3804576468407355,22.32782014371387,27.708277790554604,10.25724,0.15761427965741226,1.1707145391937792
Mouse_470,0.25,13.0083,-5.7214184123319765,22.32782014371387,28.049238556045843,10.25724,0.23760381756403445,1.2682066520818467
Mouse_470,0.25,14.0083,-6.032546446821281,22.32782014371387,28.36036659053515,10.25724,0.31166621338164097,1.365698764969914
Mouse_470,0.25,15.0083,-6.956618194401544,22.32782014371387,29.28443833811541,10.25724,0.38061958369699694,1.4631908778579814
Mouse_470,0.25,16.0083,-6.971385975911456,22.32782014371387,29.299206119625325,10.25724,0.445123540029407,1.5606829907460487
Mouse_470,0.25,17.0083,-7.105849084793384,22.32782014371387,29.433669228507252,10.25724,0.5057176624961554,1.658175103634116
Mouse_470,0.25,18.0083,-7.169245020043929,22.32782014371387,29.497065163757796,10.25724,0.5628489650221101,1.7556672165221834
Mouse_470,0.25,19.0083,-6.962125345149915,22.32782014371387,29.289945488863783,10.25724,0.6168919281778626,1.8531593294102506
Mouse_470,0.25,20.0084,-6.724764998703297,22.32782014371387,29.052585142417165,10.25724,0.6681683876725723,1.950661191509607
Mouse_470,0.25,22.0084,-6.595279725155488,22.32782014371387,28.923099868869357,10.25724,0.7634404009600143,2.145645417285742
Mouse_470,0.25,24.0084,-6.875789116461398,22.32782014371387,29.203609260175266,10.25724,0.8504199714061266,2.3406296430618765
Mouse_470,0.25,26.0084,-6.576966204302506,22.32782014371387,28.904786348016373,10.25724,0.9304357650603411,2.5356138688380114
Mouse_470,0.25,28.0084,-6.4010118426582086,22.32782014371387,28.72883198637208,10.25724,1.0045206674780949,2.730598094614146
Mouse_470,0.25,30.0084,-6.347078519202396,22.32782014371387,28.674898662916263,10.25724,1.0734935447633642,2.925582320390281
Mouse_470,0.25,32.0084,-6.460909839872389,22.32782014371387,28.78872998358626,10.25724,1.1380145706465228,3.1205665461664154
Mouse_470,0.25,34.0084,-6.157690606716003,22.32782014371387,28.48551075042987,10.25724,1.1986237552195784,3.3155507719425503
Mouse_470,0.25,36.0084,-6.871761518500227,22.32782014371387,29.199581662214094,10.25724,1.255768446865348,3.510534997718685
Mouse_470,0.25,38.0084,-6.344910297070463,22.32782014371387,28.672730440784335,10.25724,1.3098233902233247,3.7055192234948198
Mouse_470,0.25,40.0084,-6.233197288503251,22.32782014371387,28.56101743221712,10.25724,1.3611056343609158,3.9005034492709543
Mouse_470,0.25,45.0084,-6.657604160257314,22.32782014371387,28.985424303971186,10.25724,1.478865341310825,4.387964013711291
Mouse_470,0.25,48.0084,-6.866131994177334,22.32782014371387,29.193952137891202,10.25724,1.5433921978910703,4.680440352375493
Mouse_470,0.25,51.0084,-6.9516491035802375,22.32782014371387,29.279469247294106,10.25724,1.604006527338047,4.972916691039695
Mouse_470,0.25,54.0084,-6.9483960633911535,22.32782014371387,29.276216207105023,10.25724,1.6611557923162121,5.2653930297038976
Mouse_470,0.25,57.0084,-7.18538028090886,22.32782014371387,29.513200424622728,10.25724,1.7152148276918369,5.5578693683681
Mouse_470,0.25,65.0084,-7.591040197744663,22.32782014371387,29.91886034145853,10.25724,1.8465326946091842,6.337806271472638
Mouse_470,0.25,70.0084,-7.837286740691643,22.32782014371387,30.16510688440551,10.25724,1.9206314371438278,6.8252668359129745
Mouse_470,0.25,75.0084,-8.02339854385496,22.32782014371387,30.351218687568828,10.25724,1.9896163095586716,7.312727400353311
Mouse_470,0.25,80.0084,-8.198515771845077,22.32782014371387,30.526335915558946,10.25724,2.0541478314556603,7.800187964793648
Mouse_470,0.25,85.0084,-8.25107510631062,22.32782014371387,30.57889525002449,10.25724,2.1147662774308977,8.287648529233985
Mouse_470,0.25,90.0084,-8.213415633056567,22.32782014371387,30.541235776770435,10.25724,2.171919201602207,8.775109093674322
Mouse_470,0.25,95.0084,-8.452770455445066,22.32782014371387,30.780590599158934,10.25724,2.2259815110381544,9.262569658114659
Mouse_470,0.25,100.0084,-8.269071971032773,22.32782014371387,30.59689211474664,10.25724,2.277270384754182,9.750030222554996
Mouse_470,0.25,105.0083,-8.43294279711316,22.32782014371387,30.76076294082703,10.25724,2.326055596946366,10.237481037784045
Mouse_470,0.25,110.0083,-8.29243777553824,22.32782014371387,30.620257919252108,10.25724,2.372572019785213,10.724941602224382
Mouse_470,0.25,115.0083,-8.40081562767748,22.32782014371387,30.72863577139135,10.25724,2.417020501965775,11.212402166664718
Mouse_470,0.25,125.0083,-8.593977571661005,22.32782014371387,30.921797715374872,10.25724,2.5003963373918117,12.187323295545392
Mouse_470,0.25,135.0083,-8.490944893155278,22.32782014371387,30.81876503686915,10.25724,2.577352460323895,13.162244424426063
Mouse_470,0.25,145.0083,-8.552012221478774,22.32782014371387,30.879832365192645,10.25724,2.6488071844555523,14.137165553306737
Mouse_470,0.25,155.0083,-8.696364651428064,22.32782014371387,31.024184795141935,10.25724,2.7154948661665728,15.11208668218741
Mouse_470,0.25,165.0083,-8.536347458898348,22.32782014371387,30.864167602612216,10.25724,2.7780119779596215,16.087007811068084
Mouse_470,0.25,175.0083,-8.454512340892379,22.32782014371387,30.782332484606247,10.25724,2.8368496036641364,17.061928939948757
Mouse_470,0.25,185.0083,-8.534456625667746,22.32782014371387,30.862276769381616,10.25724,2.8924168912306847,18.03685006882943
Mouse_470,0.25,195.0083,-8.55731460764985,22.32782014371387,30.88513475136372,10.25724,2.945058324054378,19.011771197710104
Mouse_470,0.25,205.0087,-8.573382044778104,22.32782014371387,30.901202188491972,10.25724,2.9950686195561818,19.986731323435937
Mouse_470,0.25,215.0087,-8.488236596630884,22.32782014371387,30.816056740344752,10.25724,3.042694694719144,20.96165245231661
Mouse_470,0.25,225.0087,-8.631248785214288,22.32782014371387,30.959068928928158,10.25724,3.0881552704174435,21.936573581197283
Mouse_470,0.25,235.0087,-8.575193499047586,22.32782014371387,30.903013642761454,10.25724,3.1316387370293772,22.911494710077957
Mouse_470,0.25,245.0087,-8.596441451828053,22.32782014371387,30.92426159554192,10.25724,3.1733099224122294,23.88641583895863
Mouse_470,0.5,0.5083,0.36683978457806754,15.53664273669205,15.169802952113983,10.627475,3.040126083389648,0.047828858689387646
Mouse_470,0.5,1.0083,-7.256793422532057,15.53664273669205,22.793436159224107,10.627475,2.355176884443335,0.09487672283397514
Mouse_470,0.5,1.5083,1.7121162391406908,15.53664273669205,13.82452649755136,10.627475,1.9524594400682982,0.14192458697856264
Mouse_470,0.5,2.0083,8.587487290208527,15.53664273669205,6.949155446483522,10.627475,1.6661540357998723,0.18897245112315014
Mouse_470,0.5,2.5083,4.631763054660155,15.53664273669205,10.904879682031897,10.627475,1.4438373960183828,0.23602031526773765
Mouse_470,0.5,2.7583,-0.5631472213096957,15.53664273669205,16.099789958001747,10.627475,1.348828080930515,0.2595442473400314
Mouse_470,0.5,3.0083,4.037677251011143,15.53664273669205,11.498965485680907,10.627475,1.26206749370333,0.28306817941232515
Mouse_470,0.5,3.2583,-3.823967179680303,15.53664273669205,19.360609916372354,10.627475,1.1822370418884047,0.3065921114846189
Mouse_470,0.5,3.5083,-1.563911455705063,15.53664273669205,17.100554192397112,10.627475,1.1083110391928173,0.33011604355691265
Mouse_470,0.5,3.7583,-2.577546492497313,15.53664273669205,18.114189229189364,10.627475,1.0394759013586679,0.35363997562920635
Mouse_470,0.5,4.0083,-1.8127522201122224,15.53664273669205,17.349394956804275,10.627475,0.9750754175795469,0.3771639077015001
Mouse_470,0.5,4.5083,-2.249357124028423,15.53664273669205,17.785999860720473,10.627475,0.8575224865386079,0.4242117718460876
Mouse_470,0.5,5.0083,-1.213843856494477,15.53664273669205,16.75048659318653,10.627475,0.7523460927033979,0.4712596359906751
Mouse_470,0.5,5.5083,-0.4806837361448888,15.53664273669205,16.017326472836938,10.627475,0.6571865832462539,0.5183075001352626
Mouse_470,0.5,6.0083,-0.8749993509660168,15.53664273669205,16.411642087658066,10.627475,0.5703007822230621,0.5653553642798501
Mouse_470,0.5,6.5083,-0.567241812207514,15.53664273669205,16.103884548899565,10.627475,0.49036434345476787,0.6124032284244376
Mouse_470,0.5,7.0083,-0.09739432667446146,15.53664273669205,15.634037063366513,10.627475,0.41634746792334504,0.6594510925690251
Mouse_470,0.5,7.5083,-0.0888890457232534,15.53664273669205,15.625531782415305,10.627475,0.3474335535555842,0.7064989567136126
Mouse_470,0.5,8.0083,-0.9294559084049898,15.53664273669205,16.46609864509704,10.627475,0.28296412501168905,0.7535468208582001
Mouse_470,0.5,8.5083,1.1568384412232748,15.53664273669205,14.379804295468777,10.627475,0.22240047121314055,0.8005946850027875
Mouse_470,0.5,9.0083,-0.49127500103471244,15.53664273669205,16.027917737726764,10.627475,0.16529625428757241,0.847642549147375
Mouse_470,0.5,9.5083,-1.9672165294564807,15.53664273669205,17.50385926614853,10.627475,0.1112775274832404,0.8946904132919625
Mouse_470,0.5,10.0083,-0.9438401772300573,15.53664273669205,16.48048291392211,10.627475,0.06002788012584505,0.94173827743655
Mouse_470,0.5,11.0083,-2.15996635021997,15.53664273669205,17.69660908691202,10.627475,0.035206904866243165,1.0358340057257251
Mouse_470,0.5,12.0083,-2.5278424856225086,15.53664273669205,18.06448522231456,10.627475,0.12215544850315142,1.1299297340149
Mouse_470,0.5,13.0083,-2.984764816331891,15.53664273669205,18.52140755302394,10.627475,0.20214498640977352,1.224025462304075
Mouse_470,0.5,14.0083,-3.325866507208839,15.53664273669205,18.862509243900888,10.627475,0.27620738222738017,1.31812119059325
Mouse_470,0.5,15.0083,-4.113936922278421,15.53664273669205,19.65057965897047,10.627475,0.34516075254273604,1.412216918882425
Mouse_470,0.5,16.0083,-4.2457729344620105,15.53664273669205,19.782415671154062,10.627475,0.40966470887514606,1.5063126471715997
Mouse_470,0.5,17.0083,-4.440211536552002,15.53664273669205,19.976854273244054,10.627475,0.4702588313418945,1.6004083754607747
Mouse_470,0.5,18.0083,-4.695665978350169,15.53664273669205,20.23230871504222,10.627475,0.5273901338678492,1.6945041037499498
Mouse_470,0.5,19.0083,-4.433526194269039,15.53664273669205,19.97016893096109,10.627475,0.5814330970236018,1.7885998320391248
Mouse_470,0.5,20.0084,-4.166643998003807,15.53664273669205,19.70328673469586,10.627475,0.6327095565183114,1.882704969901129
Mouse_470,0.5,22.0084,-4.1063727006415025,15.53664273669205,19.643015437333553,10.627475,0.7279815698057536,2.070896426479479
Mouse_470,0.5,24.0084,-4.492263067262664,15.53664273669205,20.028905803954714,10.627475,0.8149611402518658,2.259087883057829
Mouse_470,0.5,26.0084,-4.027213841141283,15.53664273669205,19.563856577833334,10.627475,0.89497693390608,2.4472793396361787
Mouse_470,0.5,28.0084,-3.911356535646674,15.53664273669205,19.447999272338727,10.627475,0.969061836323834,2.6354707962145287
Mouse_470,0.5,30.0084,-3.879753174844016,15.53664273669205,19.416395911536068,10.627475,1.0380347136091033,2.8236622527928787
Mouse_470,0.5,32.0084,-4.010173831390097,15.53664273669205,19.546816568082146,10.627475,1.1025557394922618,3.0118537093712288
Mouse_470,0.5,34.0084,-3.5300385763503375,15.53664273669205,19.066681313042388,10.627475,1.1631649240653177,3.2000451659495788
Mouse_470,0.5,36.0084,-4.544860684019925,15.53664273669205,20.081503420711975,10.627475,1.220309615711087,3.388236622527929
Mouse_470,0.5,38.0084,-3.64702398167372,15.53664273669205,19.18366671836577,10.627475,1.274364559069064,3.576428079106279
Mouse_470,0.5,40.0084,-3.6301345710954322,15.53664273669205,19.166777307787484,10.627475,1.325646803206655,3.764619535684629
Mouse_470,0.5,45.0084,-4.0514673299755515,15.53664273669205,19.588110066667603,10.627475,1.4434065101565643,4.235098177130504
Mouse_470,0.5,48.0084,-4.104701566113958,15.53664273669205,19.64134430280601,10.627475,1.5079333667368093,4.517385361998029
Mouse_470,0.5,51.0084,-4.217632561024988,15.53664273669205,19.75427529771704,10.627475,1.5685476961837863,4.799672546865554
Mouse_470,0.5,54.0084,-4.3115498377007775,15.53664273669205,19.848192574392826,10.627475,1.6256969611619514,5.081959731733079
Mouse_470,0.5,57.0084,-4.410283663100492,15.53664273669205,19.94692639979254,10.627475,1.679755996537576,5.364246916600604
Mouse_470,0.5,65.0084,-4.729056540021354,15.53664273669205,20.265699276713406,10.627475,1.8110738634549235,6.117012742914003
Mouse_470,0.5,70.0084,-5.117951786417647,15.53664273669205,20.654594523109697,10.627475,1.885172605989567,6.587491384359878
Mouse_470,0.5,75.0084,-5.2000692802156605,15.53664273669205,20.736712016907713,10.627475,1.9541574784044107,7.057970025805752
Mouse_470,0.5,80.0084,-5.332075139432387,15.53664273669205,20.868717876124435,10.627475,2.0186890003013995,7.528448667251627
Mouse_470,0.5,85.0084,-5.399172342808576,15.53664273669205,20.935815079500628,10.627475,2.079307446276637,7.998927308697502
Mouse_470,0.5,90.0084,-5.403001181157062,15.53664273669205,20.939643917849114,10.627475,2.136460370447946,8.469405950143377
Mouse_470,0.5,95.0084,-5.496944571744222,15.53664273669205,21.033587308436275,10.627475,2.1905226798838937,8.939884591589253
Mouse_470,0.5,100.0084,-5.422204391282843,15.53664273669205,20.958847127974895,10.627475,2.2418115535999212,9.410363233035127
Mouse_470,0.5,105.0083,-5.703110289666608,15.53664273669205,21.23975302635866,10.627475,2.2905967657921047,9.880832464908174
Mouse_470,0.5,110.0083,-5.466979856917401,15.53664273669205,21.003622593609453,10.627475,2.337113188630952,10.35131110635405
Mouse_470,0.5,115.0083,-5.590648579193772,15.53664273669205,21.127291315885824,10.627475,2.3815616708115144,10.821789747799924
Mouse_470,0.5,125.0083,-5.726590697032044,15.53664273669205,21.263233433724096,10.627475,2.464937506237551,11.762747030691674
Mouse_470,0.5,135.0083,-5.59730500110997,15.53664273669205,21.13394773780202,10.627475,2.541893629169634,12.703704313583422
Mouse_470,0.5,145.0083,-5.6348297859873195,15.53664273669205,21.17147252267937,10.627475,2.6133483533012916,13.644661596475173
Mouse_470,0.5,155.0083,-5.732997406423488,15.53664273669205,21.269640143115538,10.627475,2.680036035012312,14.585618879366923
Mouse_470,0.5,165.0083,-5.580545936502854,15.53664273669205,21.117188673194903,10.627475,2.7425531468053608,15.526576162258673
Mouse_470,0.5,175.0083,-5.49809806488058,15.53664273669205,21.034740801572635,10.627475,2.8013907725098757,16.467533445150423
Mouse_470,0.5,185.0083,-5.589753887146454,15.53664273669205,21.126396623838506,10.627475,2.856958060076424,17.40849072804217
Mouse_470,0.5,195.0083,-5.598382234834536,15.53664273669205,21.135024971526587,10.627475,2.909599492900117,18.349448010933923
Mouse_470,0.5,205.0087,-5.614229029104048,15.53664273669205,21.1508717657961,10.627475,2.9596097884019206,19.29044293211699
Mouse_470,0.5,215.0087,-5.539837651824012,15.53664273669205,21.076480388516064,10.627475,3.0072358635648833,20.23140021500874
Mouse_470,0.5,225.0087,-5.657333765560834,15.53664273669205,21.193976502252884,10.627475,3.052696439263183,21.17235749790049
Mouse_470,0.5,235.0087,-5.6118170092348105,15.53664273669205,21.14845974592686,10.627475,3.0961799058751165,22.113314780792237
Mouse_470,0.5,245.0087,-5.629766846299007,15.53664273669205,21.16640958299106,10.627475,3.1378510912579682,23.05427206368399
Mouse_470,1.0,0.5083,1.1012050117790895,9.574884843839536,8.473679832060446,9.892215,2.9684315386873936,0.05138384072727897
Mouse_470,1.0,1.0083,-5.602091231860509,9.574884843839536,15.176976075700047,9.892215,2.283482339741081,0.10192863782277276
Mouse_470,1.0,1.5083,1.6761762440141612,9.574884843839536,7.898708599825376,9.892215,1.8807648953660439,0.15247343491826654
Mouse_470,1.0,2.0083,0.9346798848837992,9.574884843839536,8.640204958955739,9.892215,1.594459491097618,0.20301823201376032
Mouse_470,1.0,2.5083,3.80605388675923,9.574884843839536,5.768830957080307,9.892215,1.3721428513161285,0.2535630291092541
Mouse_470,1.0,2.7583,-1.1142286531141625,9.574884843839536,10.689113496953699,9.892215,1.2771335362282608,0.278835427657001
Mouse_470,1.0,3.0083,2.4828350795742735,9.574884843839536,7.092049764265264,9.892215,1.1903729490010757,0.3041078262047479
Mouse_470,1.0,3.2583,-3.229881640281445,9.574884843839536,12.804766484120982,9.892215,1.1105424971861502,0.3293802247524948
Mouse_470,1.0,3.5083,-1.3580600241707117,9.574884843839536,10.93294486801025,9.892215,1.036616494490563,0.35465262330024167
Mouse_470,1.0,3.7583,-2.2795822419425855,9.574884843839536,11.854467085782122,9.892215,0.9677813566564133,0.37992502184798854
Mouse_470,1.0,4.0083,-1.9464351665071533,9.574884843839536,11.52132001034669,9.892215,0.9033808728772924,0.4051974203957354
Mouse_470,1.0,4.5083,-1.900974989169649,9.574884843839536,11.475859833009185,9.892215,0.7858279418363534,0.45574221749122923
Mouse_470,1.0,5.0083,-0.9422582766756555,9.574884843839536,10.517143120515193,9.892215,0.6806515480011435,0.506287014586723
Mouse_470,1.0,5.5083,-0.13149117596300997,9.574884843839536,9.706376019802548,9.892215,0.5854920385439994,0.5568318116822167
Mouse_470,1.0,6.0083,-0.38606950659658856,9.574884843839536,9.960954350436126,9.892215,0.4986062375208076,0.6073766087777106
Mouse_470,1.0,6.5083,-0.0797448722189773,9.574884843839536,9.654629716058514,9.892215,0.4186697987525134,0.6579214058732044
Mouse_470,1.0,7.0083,0.5191814581241525,9.574884843839536,9.055703385715386,9.892215,0.3446529232210906,0.7084662029686981
Mouse_470,1.0,7.5083,0.705727286560458,9.574884843839536,8.86915755727908,9.892215,0.27573900885332986,0.7590110000641919
Mouse_470,1.0,8.0083,0.0818892180265347,9.574884843839536,9.492995625813002,9.892215,0.2112695803094346,0.8095557971596857
Mouse_470,1.0,8.5083,1.7800416680894584,9.574884843839536,7.794843175750079,9.892215,0.150705926510886,0.8601005942551795
Mouse_470,1.0,9.0083,0.6643374192715319,9.574884843839536,8.910547424568005,9.892215,0.09360170958531791,0.9106453913506732
Mouse_470,1.0,9.5083,-0.6527263599322002,9.574884843839536,10.227611203771737,9.892215,0.03958298278098592,0.961190188446167
Mouse_470,1.0,10.0083,0.1894493122055143,9.574884843839536,9.385435531634023,9.892215,0.011666664576409505,1.0117349855416609
Mouse_470,1.0,11.0083,-1.056161676735469,9.574884843839536,10.631046520575005,9.892215,0.10690144956849754,1.1128245797326484
Mouse_470,1.0,12.0083,-1.2225445462281186,9.574884843839536,10.797429390067656,9.892215,0.19384999320540594,1.2139141739236359
Mouse_470,1.0,13.0083,-1.7447313887849207,9.574884843839536,11.319616232624458,9.892215,0.27383953111202797,1.3150037681146234
Mouse_470,1.0,14.0083,-2.0946014129028057,9.574884843839536,11.669486256742344,9.892215,0.34790192692963473,1.4160933623056111
Mouse_470,1.0,15.0083,-2.626348554444952,9.574884843839536,12.201233398284486,9.892215,0.41685529724499054,1.5171829564965986
Mouse_470,1.0,16.0083,-2.8582050230331646,9.574884843839536,12.4330898668727,9.892215,0.48135925357740056,1.618272550687586
Mouse_470,1.0,17.0083,-3.038728815895044,9.574884843839536,12.613613659734579,9.892215,0.541953376044149,1.7193621448785734
Mouse_470,1.0,18.0083,-3.3072367724550773,9.574884843839536,12.882121616294615,9.892215,0.5990846785701037,1.8204517390695611
Mouse_470,1.0,19.0083,-3.1005941987821126,9.574884843839536,12.67547904262165,9.892215,0.6531276417258562,1.9215413332605487
Mouse_470,1.0,20.0084,-2.8579967603512566,9.574884843839536,12.432881604190793,9.892215,0.704404101220566,2.0226410364109557
Mouse_470,1.0,22.0084,-2.8028795493585834,9.574884843839536,12.37776439319812,9.892215,0.7996761145080079,2.2248202247929307
Mouse_470,1.0,24.0084,-3.1671302717145258,9.574884843839536,12.742015115554063,9.892215,0.8866556849541202,2.4269994131749058
Mouse_470,1.0,26.0084,-2.7522559170857095,9.574884843839536,12.327140760925246,9.892215,0.9666714786083346,2.6291786015568808
Mouse_470,1.0,28.0084,-2.6882260272898435,9.574884843839536,12.26311087112938,9.892215,1.0407563810260887,2.8313577899388562
Mouse_470,1.0,30.0084,-2.666411109632772,9.574884843839536,12.241295953472308,9.892215,1.1097292583113578,3.0335369783208312
Mouse_470,1.0,32.0084,-2.768921698994908,9.574884843839536,12.343806542834445,9.892215,1.1742502841945164,3.2357161667028063
Mouse_470,1.0,34.0084,-2.315316822904248,9.574884843839536,11.890201666743785,9.892215,1.234859468767572,3.4378953550847813
Mouse_470,1.0,36.0084,-3.2533190501381313,9.574884843839536,12.828203893977669,9.892215,1.2920041604133417,3.6400745434667567
Mouse_470,1.0,38.0084,-2.395283212180444,9.574884843839536,11.97016805601998,9.892215,1.3460591037713183,3.8422537318487318
Mouse_470,1.0,40.0084,-2.4392342756863394,9.574884843839536,12.014119119525878,9.892215,1.3973413479089094,4.044432920230706
Mouse_470,1.0,45.0084,-2.781310811627394,9.574884843839536,12.35619565546693,9.892215,1.5151010548588186,4.549880891185644
Mouse_470,1.0,48.0084,-2.770150131818042,9.574884843839536,12.345034975657581,9.892215,1.579627911439064,4.853149673758607
Mouse_470,1.0,51.0084,-2.9050486453298863,9.574884843839536,12.479933489169426,9.892215,1.6402422408860409,5.15641845633157
Mouse_470,1.0,54.0084,-3.05905867706854,9.574884843839536,12.633943520908076,9.892215,1.6973915058642057,5.459687238904532
Mouse_470,1.0,57.0084,-3.0926134343946092,9.574884843839536,12.667498278234149,9.892215,1.7514505412398305,5.762956021477495
Mouse_470,1.0,65.0084,-3.2474083588437237,9.574884843839536,12.822293202683257,9.892215,1.882768408157178,6.571672775005395
Mouse_470,1.0,70.0084,-3.4708961783427004,9.574884843839536,13.045781022182238,9.892215,1.9568671506918214,7.0771207459603325
Mouse_470,1.0,75.0084,-3.568982830567457,9.574884843839536,13.143867674406993,9.892215,2.0258520231066655,7.5825687169152705
Mouse_470,1.0,80.0084,-3.641349786120798,9.574884843839536,13.216234629960335,9.892215,2.090383545003654,8.088016687870208
Mouse_470,1.0,85.0084,-3.7780393269355175,9.574884843839536,13.352924170775054,9.892215,2.1510019909788913,8.593464658825146
Mouse_470,1.0,90.0084,-3.7048781452090367,9.574884843839536,13.279762989048574,9.892215,2.2081549151502005,9.098912629780084
Mouse_470,1.0,95.0084,-3.8420277776931404,9.574884843839536,13.416912621532678,9.892215,2.262217224586148,9.604360600735022
Mouse_470,1.0,100.0084,-3.7610877492457044,9.574884843839536,13.33597259308524,9.892215,2.3135060983021756,10.109808571689959
Mouse_470,1.0,105.0083,-3.9320513892979347,9.574884843839536,13.506936233137472,9.892215,2.3622913104943595,10.61524643368548
Mouse_470,1.0,110.0083,-3.7921867351973284,9.574884843839536,13.367071579036864,9.892215,2.4088077333332065,11.120694404640417
Mouse_470,1.0,115.0083,-3.860525849614035,9.574884843839536,13.435410693453573,9.892215,2.4532562155137687,11.626142375595355
Mouse_470,1.0,125.0083,-3.969772248158984,9.574884843839536,13.54465709199852,9.892215,2.5366320509398053,12.63703831750523
Mouse_470,1.0,135.0083,-3.884296327606571,9.574884843839536,13.459181171446106,9.892215,2.6135881738718885,13.647934259415104
Mouse_470,1.0,145.0083,-3.9934690193321396,9.574884843839536,13.568353863171676,9.892215,2.685042898003546,14.65883020132498
Mouse_470,1.0,155.0083,-4.004312712859857,9.574884843839536,13.579197556699393,9.892215,2.7517305797145664,15.669726143234856
Mouse_470,1.0,165.0083,-3.917788791919656,9.574884843839536,13.492673635759193,9.892215,2.814247691507615,16.68062208514473
Mouse_470,1.0,175.0083,-3.884423262669366,9.574884843839536,13.459308106508903,9.892215,2.87308531721213,17.691518027054606
Mouse_470,1.0,185.0083,-3.923132834750022,9.574884843839536,13.498017678589557,9.892215,2.9286526047786783,18.702413968964482
Mouse_470,1.0,195.0083,-3.948928337932632,9.574884843839536,13.52381318177217,9.892215,2.981294037602372,19.713309910874358
Mouse_470,1.0,205.0087,-3.9734695919864453,9.574884843839536,13.548354435825981,9.892215,3.0313043331041754,20.724246288621913
Mouse_470,1.0,215.0087,-3.910687369859919,9.574884843839536,13.485572213699452,9.892215,3.0789304082671376,21.735142230531785
Mouse_470,1.0,225.0087,-4.0186534069962585,9.574884843839536,13.593538250835795,9.892215,3.124390983965437,22.74603817244166
Mouse_470,1.0,235.0087,-3.9877995385892318,9.574884843839536,13.56268438242877,9.892215,3.167874450577371,23.756934114351537
Mouse_470,1.0,245.0087,-4.009924383568608,9.574884843839536,13.584809227408144,9.892215,3.209545635960223,24.767830056261413
Mouse_470,2.5,0.5083,1.9193847590813484,6.681925324818156,4.762540565736807,10.46563,3.0247800092841524,0.04856850471495743
Mouse_470,2.5,1.0083,-4.217330689088742,6.681925324818156,10.899256013906896,10.46563,2.339830810337839,0.09634393724983588
Mouse_470,2.5,1.5083,1.4975779290043698,6.681925324818156,5.184347395813786,10.46563,1.9371133659628024,0.14411936978471432
Mouse_470,2.5,2.0083,-4.821512132575357,6.681925324818156,11.503437457393513,10.46563,1.6508079616943765,0.1918948023195928
Mouse_470,2.5,2.5083,-0.4549962151482325,6.681925324818156,7.136921539966388,10.46563,1.428491321912887,0.23967023485447125
Mouse_470,2.5,2.7583,-2.6208587211404435,6.681925324818156,9.302784045958598,10.46563,1.3334820068250193,0.2635579511219105
Mouse_470,2.5,3.0083,-0.7643346992380491,6.681925324818156,7.446260024056205,10.46563,1.2467214195978342,0.2874456673893497
Mouse_470,2.5,3.2583,-1.2297864372230998,6.681925324818156,7.9117117620412545,10.46563,1.166890967782909,0.3113333836567889
Mouse_470,2.5,3.5083,-1.629754120049733,6.681925324818156,8.31167944486789,10.46563,1.0929649650873214,0.33522109992422816
Mouse_470,2.5,3.7583,-1.5549529561351356,6.681925324818156,8.236878280953292,10.46563,1.0241298272531718,0.3591088161916674
Mouse_470,2.5,4.0083,-2.1481754145252343,6.681925324818156,8.83010073934339,10.46563,0.9597293434740509,0.3829965324591066
Mouse_470,2.5,4.5083,-0.9294619022723278,6.681925324818156,7.611387227090484,10.46563,0.8421764124331119,0.43077196499398507
Mouse_470,2.5,5.0083,-0.16103566089875845,6.681925324818156,6.842960985716914,10.46563,0.737000018597902,0.4785473975288635
Mouse_470,2.5,5.5083,0.6909575974545392,6.681925324818156,5.990967727363616,10.46563,0.641840509140758,0.5263228300637419
Mouse_470,2.5,6.0083,1.047512594517897,6.681925324818156,5.634412730300259,10.46563,0.5549547081175662,0.5740982625986204
Mouse_470,2.5,6.5083,1.2429693905076877,6.681925324818156,5.438955934310468,10.46563,0.47501826934927194,0.6218736951334989
Mouse_470,2.5,7.0083,2.1840440656010207,6.681925324818156,4.497881259217134,10.46563,0.4010013938178492,0.6696491276683773
Mouse_470,2.5,7.5083,2.5539117967013834,6.681925324818156,4.128013528116773,10.46563,0.3320874794500884,0.7174245602032557
Mouse_470,2.5,8.0083,2.4968330530757927,6.681925324818156,4.185092271742363,10.46563,0.26761805090619323,0.7651999927381342
Mouse_470,2.5,8.5083,3.196340986136743,6.681925324818156,3.485584338681413,10.46563,0.20705439710764453,0.8129754252730127
Mouse_470,2.5,9.0083,2.5580854579002,6.681925324818156,4.1238398669179555,10.46563,0.1499501801820765,0.8607508578078911
Mouse_470,2.5,9.5083,1.9123109747855271,6.681925324818156,4.7696143500326285,10.46563,0.09593145337774446,0.9085262903427695
Mouse_470,2.5,10.0083,2.5534168234571455,6.681925324818156,4.12850850136101,10.46563,0.04468180602034909,0.956301722877648
Mouse_470,2.5,11.0083,1.7547590399574697,6.681925324818156,4.927166284860686,10.46563,0.05055297897173905,1.051852587947405
Mouse_470,2.5,12.0083,1.7607753732610187,6.681925324818156,4.921149951557137,10.46563,0.13750152260864734,1.1474034530171617
Mouse_470,2.5,13.0083,1.299348608047668,6.681925324818156,5.382576716770488,10.46563,0.21749106051526948,1.2429543180869187
Mouse_470,2.5,14.0083,0.9299152384571063,6.681925324818156,5.752010086361049,10.46563,0.29155345633287616,1.3385051831566757
Mouse_470,2.5,15.0083,0.7563464371955155,6.681925324818156,5.92557888762264,10.46563,0.360506826648232,1.4340560482264326
Mouse_470,2.5,16.0083,0.43367714693858384,6.681925324818156,6.248248177879572,10.46563,0.42501078298064193,1.5296069132961891
Mouse_470,2.5,17.0083,0.3018419585475507,6.681925324818156,6.380083366270606,10.46563,0.48560490544739043,1.625157778365946
Mouse_470,2.5,18.0083,0.06366098718579671,6.681925324818156,6.618264337632359,10.46563,0.5427362079733451,1.720708643435703
Mouse_470,2.5,19.0083,0.14802133254175764,6.681925324818156,6.533903992276398,10.46563,0.5967791711290977,1.81625950850546
Mouse_470,2.5,20.0084,0.3526186376466218,6.681925324818156,6.329306687171535,10.46563,0.6480556306238073,1.9118199286617241
Mouse_470,2.5,22.0084,0.40779057313788325,6.681925324818156,6.274134751680272,10.46563,0.7433276439112493,2.102921658801238
Mouse_470,2.5,24.0084,0.09810228786300446,6.681925324818156,6.583823036955151,10.46563,0.8303072143573617,2.2940233889407518
Mouse_470,2.5,26.0084,0.37851142017918527,6.681925324818156,6.303413904638971,10.46563,0.9103230080115762,2.4851251190802657
Mouse_470,2.5,28.0084,0.37138336040365605,6.681925324818156,6.3105419644145,10.46563,0.98440791042933,2.676226849219779
Mouse_470,2.5,30.0084,0.37592482277007244,6.681925324818156,6.306000502048083,10.46563,1.0533807877145993,2.867328579359293
Mouse_470,2.5,32.0084,0.32454079954407655,6.681925324818156,6.35738452527408,10.46563,1.1179018135977579,3.058430309498807
Mouse_470,2.5,34.0084,0.6808080732112427,6.681925324818156,6.001117251606912,10.46563,1.1785109981708135,3.249532039638321
Mouse_470,2.5,36.0084,-0.05756585801948111,6.681925324818156,6.739491182837638,10.46563,1.2356556898165831,3.4406337697778344
Mouse_470,2.5,38.0084,0.6199661117585484,6.681925324818156,6.061959213059607,10.46563,1.2897106331745598,3.6317354999173483
Mouse_470,2.5,40.0084,0.5200207726360739,6.681925324818156,6.161904552182081,10.46563,1.3409928773121509,3.8228372300568623
Mouse_470,2.5,45.0084,0.31857281767863865,6.681925324818156,6.363352507139517,10.46563,1.4587525842620601,4.300591555405647
Mouse_470,2.5,48.0084,0.37264398317784186,6.681925324818156,6.309281341640314,10.46563,1.5232794408423052,4.587244150614917
Mouse_470,2.5,51.0084,0.2090067150080701,6.681925324818156,6.472918609810085,10.46563,1.5838937702892824,4.873896745824188
Mouse_470,2.5,54.0084,0.0015067461540509974,6.681925324818156,6.680418578664105,10.46563,1.6410430352674472,5.160549341033459
Mouse_470,2.5,57.0084,-0.015573073946468341,6.681925324818156,6.6974983987646235,10.46563,1.6951020706430717,5.447201936242729
Mouse_470,2.5,65.0084,-0.09101879409218627,6.681925324818156,6.772944118910343,10.46563,1.8264199375604193,6.211608856800784
Mouse_470,2.5,70.0084,-0.366578137742398,6.681925324818156,7.0485034625605545,10.46563,1.9005186800950629,6.6893631821495685
Mouse_470,2.5,75.0084,-0.37424095537994484,6.681925324818156,7.0561662801981,10.46563,1.9695035525099067,7.167117507498353
Mouse_470,2.5,80.0084,-0.3330937224160535,6.681925324818156,7.01501904723421,10.46563,2.0340350744068956,7.644871832847137
Mouse_470,2.5,85.0084,-0.5496860172855236,6.681925324818156,7.2316113421036805,10.46563,2.094653520382133,8.122626158195922
Mouse_470,2.5,90.0084,-0.4662592167990609,6.681925324818156,7.1481845416172165,10.46563,2.1518064445534417,8.600380483544706
Mouse_470,2.5,95.0084,-0.41484233154199046,6.681925324818156,7.0967676563601465,10.46563,2.2058687539893898,9.078134808893491
Mouse_470,2.5,100.0084,-0.5108958051083241,6.681925324818156,7.19282112992648,10.46563,2.257157627705417,9.555889134242275
Mouse_470,2.5,105.0083,-0.6956683098150855,6.681925324818156,7.377593634633241,10.46563,2.3059428398976007,10.033633904504555
Mouse_470,2.5,110.0083,-0.5610436336601503,6.681925324818156,7.242968958478306,10.46563,2.352459262736448,10.511388229853338
Mouse_470,2.5,115.0083,-0.5883795584464404,6.681925324818156,7.270304883264596,10.46563,2.39690774491701,10.989142555202124
Mouse_470,2.5,125.0083,-0.6147788407931212,6.681925324818156,7.296704165611277,10.46563,2.480283580343047,11.944651205899692
Mouse_470,2.5,135.0083,-0.5302148100747757,6.681925324818156,7.212140134892931,10.46563,2.55723970327513,12.90015985659726
Mouse_470,2.5,145.0083,-0.6737362284562676,6.681925324818156,7.355661553274423,10.46563,2.6286944274067876,13.855668507294828
Mouse_470,2.5,155.0083,-0.533747493657569,6.681925324818156,7.215672818475724,10.46563,2.6953821091178076,14.811177157992399
Mouse_470,2.5,165.0083,-0.5003279818086903,6.681925324818156,7.182253306626846,10.46563,2.757899220910857,15.766685808689967
Mouse_470,2.5,175.0083,-0.4900145184968827,6.681925324818156,7.171939843315038,10.46563,2.8167368466153713,16.722194459387534
Mouse_470,2.5,185.0083,-0.5290448174482063,6.681925324818156,7.210970142266362,10.46563,2.87230413418192,17.677703110085105
Mouse_470,2.5,195.0083,-0.5237241502250405,6.681925324818156,7.205649475043196,10.46563,2.9249455670056133,18.633211760782675
Mouse_470,2.5,205.0087,-0.536205802762693,6.681925324818156,7.218131127580849,10.46563,2.9749558625074166,19.588758631826273
Mouse_470,2.5,215.0087,-0.5302803440568442,6.681925324818156,7.212205668875,10.46563,3.0225819376703793,20.54426728252384
Mouse_470,2.5,225.0087,-0.5597682236370876,6.681925324818156,7.241693548455244,10.46563,3.068042513368679,21.49977593322141
Mouse_470,2.5,235.0087,-0.5278602601380986,6.681925324818156,7.209785584956254,10.46563,3.111525979980612,22.455284583918978
Mouse_470,2.5,245.0087,-0.5703151704464582,6.681925324818156,7.252240495264614,10.46563,3.1531971653634643,23.41079323461655
