outcome_family,comparator,outer_heldout_subject,outer_fold,target_time_to_stretch_ms,target_strain_rate_s_inv,observed_target,predicted_target,signed_error_prediction_minus_observed,absolute_error,squared_error,selected_candidate_time_ms,selected_candidate_strain_rate_s_inv,candidate_condition,target_condition,training_subject_ids_json,n_training_subjects,inner_candidate_target_mae_json,fit_slope,fit_intercept,model_status,selection_status,random_policy_id,random_policy_assignment_json
peak_stress_response,C2_TARGET_SPECIFIC,20181130,1,100,25,0.78128992020641,0.793883162246484,0.0125932420400744,0.0125932420400744,0.000158589745079897,10.0,250,10ms/250s^-1,100ms/25s^-1,"[20190103, 20190104, 20190111, 20190115, 20190122, 20190124]",6,"[[0.418148962360308,0.9044090557710254,0.9689757963730083,0.8477134507829124],[0.4032237207371195,0.893707705916988,0.9276347781498021,0.869820285394073]]",0.23104231849413642,0.3501028710063856,OK,TRAINING_ONLY,,
peak_stress_response,C1_GLOBAL_FIXED,20181130,1,100,25,0.78128992020641,0.793883162246484,0.0125932420400744,0.0125932420400744,0.000158589745079897,10.0,250,10ms/250s^-1,100ms/25s^-1,"[20190103, 20190104, 20190111, 20190115, 20190122, 20190124]",6,"[[0.418148962360308,0.9044090557710254,0.9689757963730083,0.8477134507829124],[0.4032237207371195,0.893707705916988,0.9276347781498021,0.869820285394073]]",0.23104231849413642,0.3501028710063856,OK,TRAINING_ONLY,,
peak_stress_response,C0_TARGET_MEAN,20181130,1,100,25,0.78128992020641,2.08068486124673,1.29939494104032,1.29939494104032,1.68842721280118,,,none,100ms/25s^-1,"[20190103, 20190104, 20190111, 20190115, 20190122, 20190124]",6,"[[0.418148962360308,0.9044090557710254,0.9689757963730083,0.8477134507829124],[0.4032237207371195,0.893707705916988,0.9276347781498021,0.869820285394073]]",,,OK,TRAINING_ONLY,,
peak_stress_response,C4_NEAREST_LOG_RATE,20181130,1,100,25,0.78128992020641,0.849143902682098,0.0678539824756879,0.0678539824756879,0.00460416293781095,10.0,100,10ms/100s^-1,100ms/25s^-1,"[20190103, 20190104, 20190111, 20190115, 20190122, 20190124]",6,"[[0.418148962360308,0.9044090557710254,0.9689757963730083,0.8477134507829124],[0.4032237207371195,0.893707705916988,0.9276347781498021,0.869820285394073]]",0.2767554305266323,0.3988425865511407,OK,MECHANICAL_HEURISTIC,,
peak_stress_response,C2_TARGET_SPECIFIC,20181130,1,100,100,1.389645730717,1.25176566875905,-0.137880061957949,0.137880061957949,0.0190109114855278,10.0,250,10ms/250s^-1,100ms/100s^-1,"[20190103, 20190104, 20190111, 20190115, 20190122, 20190124]",6,"[[0.418148962360308,0.9044090557710254,0.9689757963730083,0.8477134507829124],[0.4032237207371195,0.893707705916988,0.9276347781498021,0.869820285394073]]",0.5342841058978167,0.2255261570294893,OK,TRAINING_ONLY,,
peak_stress_response,C1_GLOBAL_FIXED,20181130,1,100,100,1.389645730717,1.25176566875905,-0.137880061957949,0.137880061957949,0.0190109114855278,10.0,250,10ms/250s^-1,100ms/100s^-1,"[20190103, 20190104, 20190111, 20190115, 20190122, 20190124]",6,"[[0.418148962360308,0.9044090557710254,0.9689757963730083,0.8477134507829124],[0.4032237207371195,0.893707705916988,0.9276347781498021,0.869820285394073]]",0.5342841058978167,0.2255261570294893,OK,TRAINING_ONLY,,
peak_stress_response,C0_TARGET_MEAN,20181130,1,100,100,1.389645730717,4.22748760445971,2.83784187374271,2.83784187374271,8.05334650036751,,,none,100ms/100s^-1,"[20190103, 20190104, 20190111, 20190115, 20190122, 20190124]",6,"[[0.418148962360308,0.9044090557710254,0.9689757963730083,0.8477134507829124],[0.4032237207371195,0.893707705916988,0.9276347781498021,0.869820285394073]]",,,OK,TRAINING_ONLY,,
peak_stress_response,C4_NEAREST_LOG_RATE,20181130,1,100,100,1.389645730717,1.37464427507028,-0.0150014556467206,0.0150014556467206,0.000225043671520526,10.0,100,10ms/100s^-1,100ms/100s^-1,"[20190103, 20190104, 20190111, 20190115, 20190122, 20190124]",6,"[[0.418148962360308,0.9044090557710254,0.9689757963730083,0.8477134507829124],[0.4032237207371195,0.893707705916988,0.9276347781498021,0.869820285394073]]",0.6410991679646723,0.3315290648082265,OK,MECHANICAL_HEURISTIC,,
peak_stress_response,C2_TARGET_SPECIFIC,20181130,1,100,250,1.68991882851711,1.58624514442119,-0.103673684095917,0.103673684095917,0.0107482327740201,10.0,250,10ms/250s^-1,100ms/250s^-1,"[20190103, 20190104, 20190111, 20190115, 20190122, 20190124]",6,"[[0.418148962360308,0.9044090557710254,0.9689757963730083,0.8477134507829124],[0.4032237207371195,0.893707705916988,0.9276347781498021,0.869820285394073]]",0.7026798177717585,0.23655537238402236,OK,TRAINING_ONLY,,
peak_stress_response,C1_GLOBAL_FIXED,20181130,1,100,250,1.68991882851711,1.58624514442119,-0.103673684095917,0.103673684095917,0.0107482327740201,10.0,250,10ms/250s^-1,100ms/250s^-1,"[20190103, 20190104, 20190111, 20190115, 20190122, 20190124]",6,"[[0.418148962360308,0.9044090557710254,0.9689757963730083,0.8477134507829124],[0.4032237207371195,0.893707705916988,0.9276347781498021,0.869820285394073]]",0.7026798177717585,0.23655537238402236,OK,TRAINING_ONLY,,
peak_stress_response,C0_TARGET_MEAN,20181130,1,100,250,1.68991882851711,5.49985538368492,3.80993655516781,3.80993655516781,14.515616554404,,,none,100ms/250s^-1,"[20190103, 20190104, 20190111, 20190115, 20190122, 20190124]",6,"[[0.418148962360308,0.9044090557710254,0.9689757963730083,0.8477134507829124],[0.4032237207371195,0.893707705916988,0.9276347781498021,0.869820285394073]]",,,OK,TRAINING_ONLY,,
peak_stress_response,C4_NEAREST_LOG_RATE,20181130,1,100,250,1.68991882851711,1.58624514442119,-0.103673684095917,0.103673684095917,0.0107482327740201,10.0,250,10ms/250s^-1,100ms/250s^-1,"[20190103, 20190104, 20190111, 20190115, 20190122, 20190124]",6,"[[0.418148962360308,0.9044090557710254,0.9689757963730083,0.8477134507829124],[0.4032237207371195,0.893707705916988,0.9276347781498021,0.869820285394073]]",0.7026798177717585,0.23655537238402236,OK,MECHANICAL_HEURISTIC,,
peak_stress_response,C2_TARGET_SPECIFIC,20181130,1,100,1000,2.08138755358501,1.99272470590143,-0.0886628476835731,0.0886628476835731,0.00786110055936049,10.0,100,10ms/100s^-1,100ms/1000s^-1,"[20190103, 20190104, 20190111, 20190115, 20190122, 20190124]",6,"[[0.418148962360308,0.9044090557710254,0.9689757963730083,0.8477134507829124],[0.4032237207371195,0.893707705916988,0.9276347781498021,0.869820285394073]]",0.8997090142679183,0.5288323714717302,OK,TRAINING_ONLY,,
peak_stress_response,C1_GLOBAL_FIXED,20181130,1,100,1000,2.08138755358501,1.83070069186361,-0.250686861721394,0.250686861721394,0.0628439026397213,10.0,250,10ms/250s^-1,100ms/1000s^-1,"[20190103, 20190104, 20190111, 20190115, 20190122, 20190124]",6,"[[0.418148962360308,0.9044090557710254,0.9689757963730083,0.8477134507829124],[0.4032237207371195,0.893707705916988,0.9276347781498021,0.869820285394073]]",0.747935104037165,0.39408570088857164,OK,TRAINING_ONLY,,
peak_stress_response,C0_TARGET_MEAN,20181130,1,100,1000,2.08138755358501,5.99636250174273,3.91497494815772,3.91497494815772,15.3270288447025,,,none,100ms/1000s^-1,"[20190103, 20190104, 20190111, 20190115, 20190122, 20190124]",6,"[[0.418148962360308,0.9044090557710254,0.9689757963730083,0.8477134507829124],[0.4032237207371195,0.893707705916988,0.9276347781498021,0.869820285394073]]",,,OK,TRAINING_ONLY,,
peak_stress_response,C4_NEAREST_LOG_RATE,20181130,1,100,1000,2.08138755358501,1.83070069186361,-0.250686861721394,0.250686861721394,0.0628439026397213,10.0,250,10ms/250s^-1,100ms/1000s^-1,"[20190103, 20190104, 20190111, 20190115, 20190122, 20190124]",6,"[[0.418148962360308,0.9044090557710254,0.9689757963730083,0.8477134507829124],[0.4032237207371195,0.893707705916988,0.9276347781498021,0.869820285394073]]",0.747935104037165,0.39408570088857164,OK,MECHANICAL_HEURISTIC,,
peak_stress_response,C2_TARGET_SPECIFIC,20190103,2,100,25,1.17441656649598,0.985493608942762,-0.188922957553216,0.188922957553216,0.0356918838906541,10.0,250,10ms/250s^-1,100ms/25s^-1,"[20181130, 20190104, 20190111, 20190115, 20190122, 20190124]",6,"[[0.3672755870917608,0.8266416978949086,0.8686287453800215,0.8013822825930642],[0.36096488765856066,0.8486506845554338,0.8740129670737247,0.8387204499029837]]",0.23899805536869584,0.2680537717112019,OK,TRAINING_ONLY,,
peak_stress_response,C1_GLOBAL_FIXED,20190103,2,100,25,1.17441656649598,0.968941739782388,-0.205474826713589,0.205474826713589,0.0422199044129795,10.0,100,10ms/100s^-1,100ms/25s^-1,"[20181130, 20190104, 20190111, 20190115, 20190122, 20190124]",6,"[[0.3672755870917608,0.8266416978949086,0.8686287453800215,0.8013822825930642],[0.36096488765856066,0.8486506845554338,0.8740129670737247,0.8387204499029837]]",0.2905634931225291,0.2846618762527915,OK,TRAINING_ONLY,,
peak_stress_response,C0_TARGET_MEAN,20190103,2,100,25,1.17441656649598,2.0151637535318,0.840747187035827,0.840747187035827,0.706855832508655,,,none,100ms/25s^-1,"[20181130, 20190104, 20190111, 20190115, 20190122, 20190124]",6,"[[0.3672755870917608,0.8266416978949086,0.8686287453800215,0.8013822825930642],[0.36096488765856066,0.8486506845554338,0.8740129670737247,0.8387204499029837]]",,,OK,TRAINING_ONLY,,
peak_stress_response,C4_NEAREST_LOG_RATE,20190103,2,100,25,1.17441656649598,0.968941739782388,-0.205474826713589,0.205474826713589,0.0422199044129795,10.0,100,10ms/100s^-1,100ms/25s^-1,"[20181130, 20190104, 20190111, 20190115, 20190122, 20190124]",6,"[[0.3672755870917608,0.8266416978949086,0.8686287453800215,0.8013822825930642],[0.36096488765856066,0.8486506845554338,0.8740129670737247,0.8387204499029837]]",0.2905634931225291,0.2846618762527915,OK,MECHANICAL_HEURISTIC,,
peak_stress_response,C2_TARGET_SPECIFIC,20190103,2,100,100,2.11309013723482,1.73710771508274,-0.375982422152078,0.375982422152078,0.141362781767344,10.0,100,10ms/100s^-1,100ms/100s^-1,"[20181130, 20190104, 20190111, 20190115, 20190122, 20190124]",6,"[[0.3672755870917608,0.8266416978949086,0.8686287453800215,0.8013822825930642],[0.36096488765856066,0.8486506845554338,0.8740129670737247,0.8387204499029837]]",0.6581576840325373,0.18713994256280087,OK,TRAINING_ONLY,,
peak_stress_response,C1_GLOBAL_FIXED,20190103,2,100,100,2.11309013723482,1.73710771508274,-0.375982422152078,0.375982422152078,0.141362781767344,10.0,100,10ms/100s^-1,100ms/100s^-1,"[20181130, 20190104, 20190111, 20190115, 20190122, 20190124]",6,"[[0.3672755870917608,0.8266416978949086,0.8686287453800215,0.8013822825930642],[0.36096488765856066,0.8486506845554338,0.8740129670737247,0.8387204499029837]]",0.6581576840325373,0.18713994256280087,OK,TRAINING_ONLY,,
peak_stress_response,C0_TARGET_MEAN,20190103,2,100,100,2.11309013723482,4.10691353670674,1.99382339947192,1.99382339947192,3.97533174828175,,,none,100ms/100s^-1,"[20181130, 20190104, 20190111, 20190115, 20190122, 20190124]",6,"[[0.3672755870917608,0.8266416978949086,0.8686287453800215,0.8013822825930642],[0.36096488765856066,0.8486506845554338,0.8740129670737247,0.8387204499029837]]",,,OK,TRAINING_ONLY,,
peak_stress_response,C4_NEAREST_LOG_RATE,20190103,2,100,100,2.11309013723482,1.73710771508274,-0.375982422152078,0.375982422152078,0.141362781767344,10.0,100,10ms/100s^-1,100ms/100s^-1,"[20181130, 20190104, 20190111, 20190115, 20190122, 20190124]",6,"[[0.3672755870917608,0.8266416978949086,0.8686287453800215,0.8013822825930642],[0.36096488765856066,0.8486506845554338,0.8740129670737247,0.8387204499029837]]",0.6581576840325373,0.18713994256280087,OK,MECHANICAL_HEURISTIC,,
peak_stress_response,C2_TARGET_SPECIFIC,20190103,2,100,250,2.66346756822239,2.21326463046205,-0.450202937760338,0.450202937760338,0.202682685168039,10.0,100,10ms/100s^-1,100ms/250s^-1,"[20181130, 20190104, 20190111, 20190115, 20190122, 20190124]",6,"[[0.3672755870917608,0.8266416978949086,0.8686287453800215,0.8013822825930642],[0.36096488765856066,0.8486506845554338,0.8740129670737247,0.8387204499029837]]",0.8677097123757411,0.16979978500951365,OK,TRAINING_ONLY,,
peak_stress_response,C1_GLOBAL_FIXED,20190103,2,100,250,2.66346756822239,2.21326463046205,-0.450202937760338,0.450202937760338,0.202682685168039,10.0,100,10ms/100s^-1,100ms/250s^-1,"[20181130, 20190104, 20190111, 20190115, 20190122, 20190124]",6,"[[0.3672755870917608,0.8266416978949086,0.8686287453800215,0.8013822825930642],[0.36096488765856066,0.8486506845554338,0.8740129670737247,0.8387204499029837]]",0.8677097123757411,0.16979978500951365,OK,TRAINING_ONLY,,
peak_stress_response,C0_TARGET_MEAN,20190103,2,100,250,2.66346756822239,5.33759726040071,2.67412969217832,2.67412969217832,7.15096961058972,,,none,100ms/250s^-1,"[20181130, 20190104, 20190111, 20190115, 20190122, 20190124]",6,"[[0.3672755870917608,0.8266416978949086,0.8686287453800215,0.8013822825930642],[0.36096488765856066,0.8486506845554338,0.8740129670737247,0.8387204499029837]]",,,OK,TRAINING_ONLY,,
peak_stress_response,C4_NEAREST_LOG_RATE,20190103,2,100,250,2.66346756822239,2.26630438601466,-0.397163182207725,0.397163182207725,0.157738593301367,10.0,250,10ms/250s^-1,100ms/250s^-1,"[20181130, 20190104, 20190111, 20190115, 20190122, 20190124]",6,"[[0.3672755870917608,0.8266416978949086,0.8686287453800215,0.8013822825930642],[0.36096488765856066,0.8486506845554338,0.8740129670737247,0.8387204499029837]]",0.7128817207174256,0.12632987915993255,OK,MECHANICAL_HEURISTIC,,
peak_stress_response,C2_TARGET_SPECIFIC,20190103,2,100,1000,2.93104996283833,2.57240035878998,-0.358649604048349,0.358649604048349,0.128629538484037,10.0,100,10ms/100s^-1,100ms/1000s^-1,"[20181130, 20190104, 20190111, 20190115, 20190122, 20190124]",6,"[[0.3672755870917608,0.8266416978949086,0.8686287453800215,0.8013822825930642],[0.36096488765856066,0.8486506845554338,0.8740129670737247,0.8387204499029837]]",0.9115957943028806,0.42558336187054646,OK,TRAINING_ONLY,,
peak_stress_response,C1_GLOBAL_FIXED,20190103,2,100,1000,2.93104996283833,2.57240035878998,-0.358649604048349,0.358649604048349,0.128629538484037,10.0,100,10ms/100s^-1,100ms/1000s^-1,"[20181130, 20190104, 20190111, 20190115, 20190122, 20190124]",6,"[[0.3672755870917608,0.8266416978949086,0.8686287453800215,0.8013822825930642],[0.36096488765856066,0.8486506845554338,0.8740129670737247,0.8387204499029837]]",0.9115957943028806,0.42558336187054646,OK,TRAINING_ONLY,,
peak_stress_response,C0_TARGET_MEAN,20190103,2,100,1000,2.93104996283833,5.85475210020051,2.92370213736217,2.92370213736217,8.54803418801615,,,none,100ms/1000s^-1,"[20181130, 20190104, 20190111, 20190115, 20190122, 20190124]",6,"[[0.3672755870917608,0.8266416978949086,0.8686287453800215,0.8013822825930642],[0.36096488765856066,0.8486506845554338,0.8740129670737247,0.8387204499029837]]",,,OK,TRAINING_ONLY,,
peak_stress_response,C4_NEAREST_LOG_RATE,20190103,2,100,1000,2.93104996283833,2.63754617154244,-0.293503791295891,0.293503791295891,0.0861444755050619,10.0,250,10ms/250s^-1,100ms/1000s^-1,"[20181130, 20190104, 20190111, 20190115, 20190122, 20190124]",6,"[[0.3672755870917608,0.8266416978949086,0.8686287453800215,0.8013822825930642],[0.36096488765856066,0.8486506845554338,0.8740129670737247,0.8387204499029837]]",0.7467497865316852,0.395904311839816,OK,MECHANICAL_HEURISTIC,,
peak_stress_response,C2_TARGET_SPECIFIC,20190104,3,100,25,1.00428080295749,1.40183261602927,0.397551813071786,0.397551813071786,0.158047444076664,10.0,250,10ms/250s^-1,100ms/25s^-1,"[20181130, 20190103, 20190111, 20190115, 20190122, 20190124]",6,"[[0.3529361271379452,0.6899800008400373,0.7707625804911477,0.5225864914104731],[0.3163718710163897,0.6124522013305133,0.6609116328741155,0.5335338153940329]]",0.22129990931863588,0.4703192133061036,OK,TRAINING_ONLY,,
peak_stress_response,C1_GLOBAL_FIXED,20190104,3,100,25,1.00428080295749,1.40183261602927,0.397551813071786,0.397551813071786,0.158047444076664,10.0,250,10ms/250s^-1,100ms/25s^-1,"[20181130, 20190103, 20190111, 20190115, 20190122, 20190124]",6,"[[0.3529361271379452,0.6899800008400373,0.7707625804911477,0.5225864914104731],[0.3163718710163897,0.6124522013305133,0.6609116328741155,0.5335338153940329]]",0.22129990931863588,0.4703192133061036,OK,TRAINING_ONLY,,
peak_stress_response,C0_TARGET_MEAN,20190104,3,100,25,1.00428080295749,2.04351971412155,1.03923891116407,1.03923891116407,1.08001751447748,,,none,100ms/25s^-1,"[20181130, 20190103, 20190111, 20190115, 20190122, 20190124]",6,"[[0.3529361271379452,0.6899800008400373,0.7707625804911477,0.5225864914104731],[0.3163718710163897,0.6124522013305133,0.6609116328741155,0.5335338153940329]]",,,OK,TRAINING_ONLY,,
peak_stress_response,C4_NEAREST_LOG_RATE,20190104,3,100,25,1.00428080295749,1.34985254296288,0.345571740005397,0.345571740005397,0.119419827490358,10.0,100,10ms/100s^-1,100ms/25s^-1,"[20181130, 20190103, 20190111, 20190115, 20190122, 20190124]",6,"[[0.3529361271379452,0.6899800008400373,0.7707625804911477,0.5225864914104731],[0.3163718710163897,0.6124522013305133,0.6609116328741155,0.5335338153940329]]",0.2689439295903073,0.48102123040744527,OK,MECHANICAL_HEURISTIC,,
peak_stress_response,C2_TARGET_SPECIFIC,20190104,3,100,100,1.68731885693161,2.72738230632184,1.04006344939023,1.04006344939023,1.0817319787575,10.0,250,10ms/250s^-1,100ms/100s^-1,"[20181130, 20190103, 20190111, 20190115, 20190122, 20190124]",6,"[[0.3529361271379452,0.6899800008400373,0.7707625804911477,0.5225864914104731],[0.3163718710163897,0.6124522013305133,0.6609116328741155,0.5335338153940329]]",0.5002344519018301,0.6217551604041938,OK,TRAINING_ONLY,,
peak_stress_response,C1_GLOBAL_FIXED,20190104,3,100,100,1.68731885693161,2.72738230632184,1.04006344939023,1.04006344939023,1.0817319787575,10.0,250,10ms/250s^-1,100ms/100s^-1,"[20181130, 20190103, 20190111, 20190115, 20190122, 20190124]",6,"[[0.3529361271379452,0.6899800008400373,0.7707625804911477,0.5225864914104731],[0.3163718710163897,0.6124522013305133,0.6609116328741155,0.5335338153940329]]",0.5002344519018301,0.6217551604041938,OK,TRAINING_ONLY,,
peak_stress_response,C0_TARGET_MEAN,20190104,3,100,100,1.68731885693161,4.17787541675727,2.49055655982567,2.49055655982567,6.20287197769065,,,none,100ms/100s^-1,"[20181130, 20190103, 20190111, 20190115, 20190122, 20190124]",6,"[[0.3529361271379452,0.6899800008400373,0.7707625804911477,0.5225864914104731],[0.3163718710163897,0.6124522013305133,0.6609116328741155,0.5335338153940329]]",,,OK,TRAINING_ONLY,,
peak_stress_response,C4_NEAREST_LOG_RATE,20190104,3,100,100,1.68731885693161,2.60777645622654,0.920457599294932,0.920457599294932,0.847242192099789,10.0,100,10ms/100s^-1,100ms/100s^-1,"[20181130, 20190103, 20190111, 20190115, 20190122, 20190124]",6,"[[0.3529361271379452,0.6899800008400373,0.7707625804911477,0.5225864914104731],[0.3163718710163897,0.6124522013305133,0.6609116328741155,0.5335338153940329]]",0.6087481170334957,0.6411976740113929,OK,MECHANICAL_HEURISTIC,,
peak_stress_response,C2_TARGET_SPECIFIC,20190104,3,100,250,2.36434584547135,3.44691817943744,1.08257233396609,1.08257233396609,1.17196285826879,10.0,250,10ms/250s^-1,100ms/250s^-1,"[20181130, 20190103, 20190111, 20190115, 20190122, 20190124]",6,"[[0.3529361271379452,0.6899800008400373,0.7707625804911477,0.5225864914104731],[0.3163718710163897,0.6124522013305133,0.6609116328741155,0.5335338153940329]]",0.6692353829946073,0.6299187023230957,OK,TRAINING_ONLY,,
peak_stress_response,C1_GLOBAL_FIXED,20190104,3,100,250,2.36434584547135,3.44691817943744,1.08257233396609,1.08257233396609,1.17196285826879,10.0,250,10ms/250s^-1,100ms/250s^-1,"[20181130, 20190103, 20190111, 20190115, 20190122, 20190124]",6,"[[0.3529361271379452,0.6899800008400373,0.7707625804911477,0.5225864914104731],[0.3163718710163897,0.6124522013305133,0.6609116328741155,0.5335338153940329]]",0.6692353829946073,0.6299187023230957,OK,TRAINING_ONLY,,
peak_stress_response,C0_TARGET_MEAN,20190104,3,100,250,2.36434584547135,5.38745088085921,3.02310503538786,3.02310503538786,9.13916405498746,,,none,100ms/250s^-1,"[20181130, 20190103, 20190111, 20190115, 20190122, 20190124]",6,"[[0.3529361271379452,0.6899800008400373,0.7707625804911477,0.5225864914104731],[0.3163718710163897,0.6124522013305133,0.6609116328741155,0.5335338153940329]]",,,OK,TRAINING_ONLY,,
peak_stress_response,C4_NEAREST_LOG_RATE,20190104,3,100,250,2.36434584547135,3.44691817943744,1.08257233396609,1.08257233396609,1.17196285826879,10.0,250,10ms/250s^-1,100ms/250s^-1,"[20181130, 20190103, 20190111, 20190115, 20190122, 20190124]",6,"[[0.3529361271379452,0.6899800008400373,0.7707625804911477,0.5225864914104731],[0.3163718710163897,0.6124522013305133,0.6609116328741155,0.5335338153940329]]",0.6692353829946073,0.6299187023230957,OK,MECHANICAL_HEURISTIC,,
peak_stress_response,C2_TARGET_SPECIFIC,20190104,3,100,1000,2.60153205914972,3.69940850627366,1.09787644712394,1.09787644712394,1.20533269314949,10.0,100,10ms/100s^-1,100ms/1000s^-1,"[20181130, 20190103, 20190111, 20190115, 20190122, 20190124]",6,"[[0.3529361271379452,0.6899800008400373,0.7707625804911477,0.5225864914104731],[0.3163718710163897,0.6124522013305133,0.6609116328741155,0.5335338153940329]]",0.856948270195809,0.9310117942879064,OK,TRAINING_ONLY,,
peak_stress_response,C1_GLOBAL_FIXED,20190104,3,100,1000,2.60153205914972,3.87362016521503,1.27208810606531,1.27208810606531,1.61820814959282,10.0,250,10ms/250s^-1,100ms/1000s^-1,"[20181130, 20190103, 20190111, 20190115, 20190122, 20190124]",6,"[[0.3529361271379452,0.6899800008400373,0.7707625804911477,0.5225864914104731],[0.3163718710163897,0.6124522013305133,0.6609116328741155,0.5335338153940329]]",0.7021771710868979,0.9179594603933916,OK,TRAINING_ONLY,,
peak_stress_response,C0_TARGET_MEAN,20190104,3,100,1000,2.60153205914972,5.90967175081527,3.30813969166555,3.30813969166555,10.943788219573,,,none,100ms/1000s^-1,"[20181130, 20190103, 20190111, 20190115, 20190122, 20190124]",6,"[[0.3529361271379452,0.6899800008400373,0.7707625804911477,0.5225864914104731],[0.3163718710163897,0.6124522013305133,0.6609116328741155,0.5335338153940329]]",,,OK,TRAINING_ONLY,,
peak_stress_response,C4_NEAREST_LOG_RATE,20190104,3,100,1000,2.60153205914972,3.87362016521503,1.27208810606531,1.27208810606531,1.61820814959282,10.0,250,10ms/250s^-1,100ms/1000s^-1,"[20181130, 20190103, 20190111, 20190115, 20190122, 20190124]",6,"[[0.3529361271379452,0.6899800008400373,0.7707625804911477,0.5225864914104731],[0.3163718710163897,0.6124522013305133,0.6609116328741155,0.5335338153940329]]",0.7021771710868979,0.9179594603933916,OK,MECHANICAL_HEURISTIC,,
peak_stress_response,C2_TARGET_SPECIFIC,20190111,4,100,25,2.44791965980209,2.3086251704163,-0.139294489385791,0.139294489385791,0.0194029547732481,10.0,250,10ms/250s^-1,100ms/25s^-1,"[20181130, 20190103, 20190104, 20190115, 20190122, 20190124]",6,"[[0.39013178570538676,0.852720217184315,0.8753923218816798,0.8185184019607941],[0.3717798961159104,0.8724860359715297,0.8761376697266083,0.8622444591832306]]",0.2289041531441902,0.3427189452421573,OK,TRAINING_ONLY,,
peak_stress_response,C1_GLOBAL_FIXED,20190111,4,100,25,2.44791965980209,2.2720927580465,-0.175826901755586,0.175826901755586,0.0309150993809687,10.0,100,10ms/100s^-1,100ms/25s^-1,"[20181130, 20190103, 20190104, 20190115, 20190122, 20190124]",6,"[[0.39013178570538676,0.852720217184315,0.8753923218816798,0.8185184019607941],[0.3717798961159104,0.8724860359715297,0.8761376697266083,0.8622444591832306]]",0.2768074441408853,0.36374801025838743,OK,TRAINING_ONLY,,
peak_stress_response,C0_TARGET_MEAN,20190111,4,100,25,2.44791965980209,1.80291323798079,-0.6450064218213,0.6450064218213,0.416033284190717,,,none,100ms/25s^-1,"[20181130, 20190103, 20190104, 20190115, 20190122, 20190124]",6,"[[0.39013178570538676,0.852720217184315,0.8753923218816798,0.8185184019607941],[0.3717798961159104,0.8724860359715297,0.8761376697266083,0.8622444591832306]]",,,OK,TRAINING_ONLY,,
peak_stress_response,C4_NEAREST_LOG_RATE,20190111,4,100,25,2.44791965980209,2.2720927580465,-0.175826901755586,0.175826901755586,0.0309150993809687,10.0,100,10ms/100s^-1,100ms/25s^-1,"[20181130, 20190103, 20190104, 20190115, 20190122, 20190124]",6,"[[0.39013178570538676,0.852720217184315,0.8753923218816798,0.8185184019607941],[0.3717798961159104,0.8724860359715297,0.8761376697266083,0.8622444591832306]]",0.2768074441408853,0.36374801025838743,OK,MECHANICAL_HEURISTIC,,
peak_stress_response,C2_TARGET_SPECIFIC,20190111,4,100,100,4.96533372131586,4.70683896875722,-0.25849475255864,0.25849475255864,0.0668195371003526,10.0,100,10ms/100s^-1,100ms/100s^-1,"[20181130, 20190103, 20190104, 20190115, 20190122, 20190124]",6,"[[0.39013178570538676,0.852720217184315,0.8753923218816798,0.8185184019607941],[0.3717798961159104,0.8724860359715297,0.8761376697266083,0.8622444591832306]]",0.634407205672802,0.3331572469302726,OK,TRAINING_ONLY,,
peak_stress_response,C1_GLOBAL_FIXED,20190111,4,100,100,4.96533372131586,4.70683896875722,-0.25849475255864,0.25849475255864,0.0668195371003526,10.0,100,10ms/100s^-1,100ms/100s^-1,"[20181130, 20190103, 20190104, 20190115, 20190122, 20190124]",6,"[[0.39013178570538676,0.852720217184315,0.8753923218816798,0.8185184019607941],[0.3717798961159104,0.8724860359715297,0.8761376697266083,0.8622444591832306]]",0.634407205672802,0.3331572469302726,OK,TRAINING_ONLY,,
peak_stress_response,C0_TARGET_MEAN,20190111,4,100,100,4.96533372131586,3.63153960602656,-1.3337941152893,1.3337941152893,1.77900674198035,,,none,100ms/100s^-1,"[20181130, 20190103, 20190104, 20190115, 20190122, 20190124]",6,"[[0.39013178570538676,0.852720217184315,0.8753923218816798,0.8185184019607941],[0.3717798961159104,0.8724860359715297,0.8761376697266083,0.8622444591832306]]",,,OK,TRAINING_ONLY,,
peak_stress_response,C4_NEAREST_LOG_RATE,20190111,4,100,100,4.96533372131586,4.70683896875722,-0.25849475255864,0.25849475255864,0.0668195371003526,10.0,100,10ms/100s^-1,100ms/100s^-1,"[20181130, 20190103, 20190104, 20190115, 20190122, 20190124]",6,"[[0.39013178570538676,0.852720217184315,0.8753923218816798,0.8185184019607941],[0.3717798961159104,0.8724860359715297,0.8761376697266083,0.8622444591832306]]",0.634407205672802,0.3331572469302726,OK,MECHANICAL_HEURISTIC,,
peak_stress_response,C2_TARGET_SPECIFIC,20190111,4,100,250,6.52921398662744,6.11173170577198,-0.417482280855459,0.417482280855459,0.174291454828277,10.0,100,10ms/100s^-1,100ms/250s^-1,"[20181130, 20190103, 20190104, 20190115, 20190122, 20190124]",6,"[[0.39013178570538676,0.852720217184315,0.8753923218816798,0.8185184019607941],[0.3717798961159104,0.8724860359715297,0.8761376697266083,0.8622444591832306]]",0.8368454392160306,0.34241576994210643,OK,TRAINING_ONLY,,
peak_stress_response,C1_GLOBAL_FIXED,20190111,4,100,250,6.52921398662744,6.11173170577198,-0.417482280855459,0.417482280855459,0.174291454828277,10.0,100,10ms/100s^-1,100ms/250s^-1,"[20181130, 20190103, 20190104, 20190115, 20190122, 20190124]",6,"[[0.39013178570538676,0.852720217184315,0.8753923218816798,0.8185184019607941],[0.3717798961159104,0.8724860359715297,0.8761376697266083,0.8622444591832306]]",0.8368454392160306,0.34241576994210643,OK,TRAINING_ONLY,,
peak_stress_response,C0_TARGET_MEAN,20190111,4,100,250,6.52921398662744,4.69330619066653,-1.83590779596091,1.83590779596091,3.37055743527004,,,none,100ms/250s^-1,"[20181130, 20190103, 20190104, 20190115, 20190122, 20190124]",6,"[[0.39013178570538676,0.852720217184315,0.8753923218816798,0.8185184019607941],[0.3717798961159104,0.8724860359715297,0.8761376697266083,0.8622444591832306]]",,,OK,TRAINING_ONLY,,
peak_stress_response,C4_NEAREST_LOG_RATE,20190111,4,100,250,6.52921398662744,6.22068710414974,-0.308526882477695,0.308526882477695,0.0951888372114054,10.0,250,10ms/250s^-1,100ms/250s^-1,"[20181130, 20190103, 20190104, 20190115, 20190122, 20190124]",6,"[[0.39013178570538676,0.852720217184315,0.8753923218816798,0.8185184019607941],[0.3717798961159104,0.8724860359715297,0.8761376697266083,0.8622444591832306]]",0.6913497825643267,0.2831415303922409,OK,MECHANICAL_HEURISTIC,,
peak_stress_response,C2_TARGET_SPECIFIC,20190111,4,100,1000,6.85719852366943,6.71093836574246,-0.146260157926969,0.146260157926969,0.0213920337968219,10.0,100,10ms/100s^-1,100ms/1000s^-1,"[20181130, 20190103, 20190104, 20190115, 20190122, 20190124]",6,"[[0.39013178570538676,0.852720217184315,0.8753923218816798,0.8185184019607941],[0.3717798961159104,0.8724860359715297,0.8761376697266083,0.8622444591832306]]",0.8911938935899842,0.5669374651464363,OK,TRAINING_ONLY,,
peak_stress_response,C1_GLOBAL_FIXED,20190111,4,100,1000,6.85719852366943,6.71093836574246,-0.146260157926969,0.146260157926969,0.0213920337968219,10.0,100,10ms/100s^-1,100ms/1000s^-1,"[20181130, 20190103, 20190104, 20190115, 20190122, 20190124]",6,"[[0.39013178570538676,0.852720217184315,0.8753923218816798,0.8185184019607941],[0.3717798961159104,0.8724860359715297,0.8761376697266083,0.8622444591832306]]",0.8911938935899842,0.5669374651464363,OK,TRAINING_ONLY,,
peak_stress_response,C0_TARGET_MEAN,20190111,4,100,1000,6.85719852366943,5.20039400672866,-1.65680451694077,1.65680451694077,2.74500120735535,,,none,100ms/1000s^-1,"[20181130, 20190103, 20190104, 20190115, 20190122, 20190124]",6,"[[0.39013178570538676,0.852720217184315,0.8753923218816798,0.8185184019607941],[0.3717798961159104,0.8724860359715297,0.8761376697266083,0.8622444591832306]]",,,OK,TRAINING_ONLY,,
peak_stress_response,C4_NEAREST_LOG_RATE,20190111,4,100,1000,6.85719852366943,6.8235510979279,-0.0336474257415338,0.0336474257415338,0.00113214925903203,10.0,250,10ms/250s^-1,100ms/1000s^-1,"[20181130, 20190103, 20190104, 20190115, 20190122, 20190124]",6,"[[0.39013178570538676,0.852720217184315,0.8753923218816798,0.8185184019607941],[0.3717798961159104,0.8724860359715297,0.8761376697266083,0.8622444591832306]]",0.7347016662066417,0.5136848967164793,OK,MECHANICAL_HEURISTIC,,
peak_stress_response,C2_TARGET_SPECIFIC,20190115,5,100,25,2.94253082242503,3.76598790120727,0.823457078782237,0.823457078782237,0.678081560596575,10.0,100,10ms/100s^-1,100ms/25s^-1,"[20181130, 20190103, 20190104, 20190111, 20190122, 20190124]",6,"[[0.2608074793814859,0.6306010047664335,0.6091902416981392,0.5527508095656627],[0.27182917848095733,0.6557089112581834,0.6413162795259932,0.6615337620655691]]",0.3453942076542816,0.1333020731331771,OK,TRAINING_ONLY,,
peak_stress_response,C1_GLOBAL_FIXED,20190115,5,100,25,2.94253082242503,3.76598790120727,0.823457078782237,0.823457078782237,0.678081560596575,10.0,100,10ms/100s^-1,100ms/25s^-1,"[20181130, 20190103, 20190104, 20190111, 20190122, 20190124]",6,"[[0.2608074793814859,0.6306010047664335,0.6091902416981392,0.5527508095656627],[0.27182917848095733,0.6557089112581834,0.6413162795259932,0.6615337620655691]]",0.3453942076542816,0.1333020731331771,OK,TRAINING_ONLY,,
peak_stress_response,C0_TARGET_MEAN,20190115,5,100,25,2.94253082242503,1.72047804421029,-1.22205277821474,1.22205277821474,1.49341299274235,,,none,100ms/25s^-1,"[20181130, 20190103, 20190104, 20190111, 20190122, 20190124]",6,"[[0.2608074793814859,0.6306010047664335,0.6091902416981392,0.5527508095656627],[0.27182917848095733,0.6557089112581834,0.6413162795259932,0.6615337620655691]]",,,OK,TRAINING_ONLY,,
peak_stress_response,C4_NEAREST_LOG_RATE,20190115,5,100,25,2.94253082242503,3.76598790120727,0.823457078782237,0.823457078782237,0.678081560596575,10.0,100,10ms/100s^-1,100ms/25s^-1,"[20181130, 20190103, 20190104, 20190111, 20190122, 20190124]",6,"[[0.2608074793814859,0.6306010047664335,0.6091902416981392,0.5527508095656627],[0.27182917848095733,0.6557089112581834,0.6413162795259932,0.6615337620655691]]",0.3453942076542816,0.1333020731331771,OK,MECHANICAL_HEURISTIC,,
peak_stress_response,C2_TARGET_SPECIFIC,20190115,5,100,100,6.24506267431551,8.04777251070075,1.80270983638523,1.80270983638523,3.24976275420008,10.0,100,10ms/100s^-1,100ms/100s^-1,"[20181130, 20190103, 20190104, 20190111, 20190122, 20190124]",6,"[[0.2608074793814859,0.6306010047664335,0.6091902416981392,0.5527508095656627],[0.27182917848095733,0.6557089112581834,0.6413162795259932,0.6615337620655691]]",0.7817169661047164,-0.17394077053665846,OK,TRAINING_ONLY,,
peak_stress_response,C1_GLOBAL_FIXED,20190115,5,100,100,6.24506267431551,8.04777251070075,1.80270983638523,1.80270983638523,3.24976275420008,10.0,100,10ms/100s^-1,100ms/100s^-1,"[20181130, 20190103, 20190104, 20190111, 20190122, 20190124]",6,"[[0.2608074793814859,0.6306010047664335,0.6091902416981392,0.5527508095656627],[0.27182917848095733,0.6557089112581834,0.6413162795259932,0.6615337620655691]]",0.7817169661047164,-0.17394077053665846,OK,TRAINING_ONLY,,
peak_stress_response,C0_TARGET_MEAN,20190115,5,100,100,6.24506267431551,3.41825144719329,-2.82681122712222,2.82681122712222,7.99086171378426,,,none,100ms/100s^-1,"[20181130, 20190103, 20190104, 20190111, 20190122, 20190124]",6,"[[0.2608074793814859,0.6306010047664335,0.6091902416981392,0.5527508095656627],[0.27182917848095733,0.6557089112581834,0.6413162795259932,0.6615337620655691]]",,,OK,TRAINING_ONLY,,
peak_stress_response,C4_NEAREST_LOG_RATE,20190115,5,100,100,6.24506267431551,8.04777251070075,1.80270983638523,1.80270983638523,3.24976275420008,10.0,100,10ms/100s^-1,100ms/100s^-1,"[20181130, 20190103, 20190104, 20190111, 20190122, 20190124]",6,"[[0.2608074793814859,0.6306010047664335,0.6091902416981392,0.5527508095656627],[0.27182917848095733,0.6557089112581834,0.6413162795259932,0.6615337620655691]]",0.7817169661047164,-0.17394077053665846,OK,MECHANICAL_HEURISTIC,,
peak_stress_response,C2_TARGET_SPECIFIC,20190115,5,100,250,8.38922655749674,10.2684225618142,1.87919600431746,1.87919600431746,3.53137762264272,10.0,100,10ms/100s^-1,100ms/250s^-1,"[20181130, 20190103, 20190104, 20190111, 20190122, 20190124]",6,"[[0.2608074793814859,0.6306010047664335,0.6091902416981392,0.5527508095656627],[0.27182917848095733,0.6557089112581834,0.6413162795259932,0.6615337620655691]]",0.9937306450338487,-0.18314596810939943,OK,TRAINING_ONLY,,
peak_stress_response,C1_GLOBAL_FIXED,20190115,5,100,250,8.38922655749674,10.2684225618142,1.87919600431746,1.87919600431746,3.53137762264272,10.0,100,10ms/100s^-1,100ms/250s^-1,"[20181130, 20190103, 20190104, 20190111, 20190122, 20190124]",6,"[[0.2608074793814859,0.6306010047664335,0.6091902416981392,0.5527508095656627],[0.27182917848095733,0.6557089112581834,0.6413162795259932,0.6615337620655691]]",0.9937306450338487,-0.18314596810939943,OK,TRAINING_ONLY,,
peak_stress_response,C0_TARGET_MEAN,20190115,5,100,250,8.38922655749674,4.38330409552165,-4.00592246197509,4.00592246197509,16.0474147713566,,,none,100ms/250s^-1,"[20181130, 20190103, 20190104, 20190111, 20190122, 20190124]",6,"[[0.2608074793814859,0.6306010047664335,0.6091902416981392,0.5527508095656627],[0.27182917848095733,0.6557089112581834,0.6413162795259932,0.6615337620655691]]",,,OK,TRAINING_ONLY,,
peak_stress_response,C4_NEAREST_LOG_RATE,20190115,5,100,250,8.38922655749674,10.1291193928792,1.73989283538244,1.73989283538244,3.02722707861516,10.0,250,10ms/250s^-1,100ms/250s^-1,"[20181130, 20190103, 20190104, 20190111, 20190122, 20190124]",6,"[[0.2608074793814859,0.6306010047664335,0.6091902416981392,0.5527508095656627],[0.27182917848095733,0.6557089112581834,0.6413162795259932,0.6615337620655691]]",0.8087250432941342,-0.21001627577353688,OK,MECHANICAL_HEURISTIC,,
peak_stress_response,C2_TARGET_SPECIFIC,20190115,5,100,1000,9.29347941799218,10.7850556619487,1.4915762439565,1.4915762439565,2.22479969153537,10.0,100,10ms/100s^-1,100ms/1000s^-1,"[20181130, 20190103, 20190104, 20190111, 20190122, 20190124]",6,"[[0.2608074793814859,0.6306010047664335,0.6091902416981392,0.5527508095656627],[0.27182917848095733,0.6557089112581834,0.6413162795259932,0.6615337620655691]]",1.0115600267241045,0.14596649399993744,OK,TRAINING_ONLY,,
peak_stress_response,C1_GLOBAL_FIXED,20190115,5,100,1000,9.29347941799218,10.7850556619487,1.4915762439565,1.4915762439565,2.22479969153537,10.0,100,10ms/100s^-1,100ms/1000s^-1,"[20181130, 20190103, 20190104, 20190111, 20190122, 20190124]",6,"[[0.2608074793814859,0.6306010047664335,0.6091902416981392,0.5527508095656627],[0.27182917848095733,0.6557089112581834,0.6413162795259932,0.6615337620655691]]",1.0115600267241045,0.14596649399993744,OK,TRAINING_ONLY,,
peak_stress_response,C0_TARGET_MEAN,20190115,5,100,1000,9.29347941799218,4.7943471910082,-4.49913222698398,4.49913222698398,20.2421907958858,,,none,100ms/1000s^-1,"[20181130, 20190103, 20190104, 20190111, 20190122, 20190124]",6,"[[0.2608074793814859,0.6306010047664335,0.6091902416981392,0.5527508095656627],[0.27182917848095733,0.6557089112581834,0.6413162795259932,0.6615337620655691]]",,,OK,TRAINING_ONLY,,
peak_stress_response,C4_NEAREST_LOG_RATE,20190115,5,100,1000,9.29347941799218,10.6228709215781,1.32939150358594,1.32939150358594,1.76728176980648,10.0,250,10ms/250s^-1,100ms/1000s^-1,"[20181130, 20190103, 20190104, 20190111, 20190122, 20190124]",6,"[[0.2608074793814859,0.6306010047664335,0.6091902416981392,0.5527508095656627],[0.27182917848095733,0.6557089112581834,0.6413162795259932,0.6615337620655691]]",0.820366277439136,0.13490803386776484,OK,MECHANICAL_HEURISTIC,,
peak_stress_response,C2_TARGET_SPECIFIC,20190122,6,100,25,1.74310135425802,1.79598360685909,0.0528822526010657,0.0528822526010657,0.00279653264016292,10.0,250,10ms/250s^-1,100ms/25s^-1,"[20181130, 20190103, 20190104, 20190111, 20190115, 20190124]",6,"[[0.3980144417747587,0.8431769037414641,0.9082563151343219,0.7715858887504635],[0.3751847060757398,0.8431609185196488,0.8774686548867635,0.7789748215104487]]",0.23141768068333388,0.3533455161730681,OK,TRAINING_ONLY,,
peak_stress_response,C1_GLOBAL_FIXED,20190122,6,100,25,1.74310135425802,1.79598360685909,0.0528822526010657,0.0528822526010657,0.00279653264016292,10.0,250,10ms/250s^-1,100ms/25s^-1,"[20181130, 20190103, 20190104, 20190111, 20190115, 20190124]",6,"[[0.3980144417747587,0.8431769037414641,0.9082563151343219,0.7715858887504635],[0.3751847060757398,0.8431609185196488,0.8774686548867635,0.7789748215104487]]",0.23141768068333388,0.3533455161730681,OK,TRAINING_ONLY,,
peak_stress_response,C0_TARGET_MEAN,20190122,6,100,25,1.74310135425802,1.92038295557146,0.177281601313444,0.177281601313444,0.0314287661642587,,,none,100ms/25s^-1,"[20181130, 20190103, 20190104, 20190111, 20190115, 20190124]",6,"[[0.3980144417747587,0.8431769037414641,0.9082563151343219,0.7715858887504635],[0.3751847060757398,0.8431609185196488,0.8774686548867635,0.7789748215104487]]",,,OK,TRAINING_ONLY,,
peak_stress_response,C4_NEAREST_LOG_RATE,20190122,6,100,25,1.74310135425802,1.8522538783082,0.109152524050185,0.109152524050185,0.0119142735065263,10.0,100,10ms/100s^-1,100ms/25s^-1,"[20181130, 20190103, 20190104, 20190111, 20190115, 20190124]",6,"[[0.3980144417747587,0.8431769037414641,0.9082563151343219,0.7715858887504635],[0.3751847060757398,0.8431609185196488,0.8774686548867635,0.7789748215104487]]",0.28040595335617685,0.3848788077496199,OK,MECHANICAL_HEURISTIC,,
peak_stress_response,C2_TARGET_SPECIFIC,20190122,6,100,100,3.61928113362567,3.57226804974836,-0.0470130838773106,0.0470130838773106,0.00221023005565504,10.0,250,10ms/250s^-1,100ms/100s^-1,"[20181130, 20190103, 20190104, 20190111, 20190115, 20190124]",6,"[[0.3980144417747587,0.8431769037414641,0.9082563151343219,0.7715858887504635],[0.3751847060757398,0.8431609185196488,0.8774686548867635,0.7789748215104487]]",0.5276009460707763,0.28324873525093786,OK,TRAINING_ONLY,,
peak_stress_response,C1_GLOBAL_FIXED,20190122,6,100,100,3.61928113362567,3.57226804974836,-0.0470130838773106,0.0470130838773106,0.00221023005565504,10.0,250,10ms/250s^-1,100ms/100s^-1,"[20181130, 20190103, 20190104, 20190111, 20190115, 20190124]",6,"[[0.3980144417747587,0.8431769037414641,0.9082563151343219,0.7715858887504635],[0.3751847060757398,0.8431609185196488,0.8774686548867635,0.7789748215104487]]",0.5276009460707763,0.28324873525093786,OK,TRAINING_ONLY,,
peak_stress_response,C0_TARGET_MEAN,20190122,6,100,100,3.61928113362567,3.85588170397493,0.236600570349264,0.236600570349264,0.055979829889597,,,none,100ms/100s^-1,"[20181130, 20190103, 20190104, 20190111, 20190115, 20190124]",6,"[[0.3980144417747587,0.8431769037414641,0.9082563151343219,0.7715858887504635],[0.3751847060757398,0.8431609185196488,0.8774686548867635,0.7789748215104487]]",,,OK,TRAINING_ONLY,,
peak_stress_response,C4_NEAREST_LOG_RATE,20190122,6,100,100,3.61928113362567,3.70039492310468,0.0811137894790113,0.0811137894790113,0.00657944684364536,10.0,100,10ms/100s^-1,100ms/100s^-1,"[20181130, 20190103, 20190104, 20190111, 20190115, 20190124]",6,"[[0.3980144417747587,0.8431769037414641,0.9082563151343219,0.7715858887504635],[0.3751847060757398,0.8431609185196488,0.8774686548867635,0.7789748215104487]]",0.6399531708866886,0.35149552191669864,OK,MECHANICAL_HEURISTIC,,
peak_stress_response,C2_TARGET_SPECIFIC,20190122,6,100,250,4.62765053311793,4.63531869338419,0.00766816026625783,0.00766816026625783,5.88006818690153e-05,10.0,250,10ms/250s^-1,100ms/250s^-1,"[20181130, 20190103, 20190104, 20190111, 20190115, 20190124]",6,"[[0.3980144417747587,0.8431769037414641,0.9082563151343219,0.7715858887504635],[0.3751847060757398,0.8431609185196488,0.8774686548867635,0.7789748215104487]]",0.6974465732737734,0.2874962199579283,OK,TRAINING_ONLY,,
peak_stress_response,C1_GLOBAL_FIXED,20190122,6,100,250,4.62765053311793,4.63531869338419,0.00766816026625783,0.00766816026625783,5.88006818690153e-05,10.0,250,10ms/250s^-1,100ms/250s^-1,"[20181130, 20190103, 20190104, 20190111, 20190115, 20190124]",6,"[[0.3980144417747587,0.8431769037414641,0.9082563151343219,0.7715858887504635],[0.3751847060757398,0.8431609185196488,0.8774686548867635,0.7789748215104487]]",0.6974465732737734,0.2874962199579283,OK,TRAINING_ONLY,,
peak_stress_response,C0_TARGET_MEAN,20190122,6,100,250,4.62765053311793,5.01023343291812,0.382582899800183,0.382582899800183,0.146369675219517,,,none,100ms/250s^-1,"[20181130, 20190103, 20190104, 20190111, 20190115, 20190124]",6,"[[0.3980144417747587,0.8431769037414641,0.9082563151343219,0.7715858887504635],[0.3751847060757398,0.8431609185196488,0.8774686548867635,0.7789748215104487]]",,,OK,TRAINING_ONLY,,
peak_stress_response,C4_NEAREST_LOG_RATE,20190122,6,100,250,4.62765053311793,4.63531869338419,0.00766816026625783,0.00766816026625783,5.88006818690153e-05,10.0,250,10ms/250s^-1,100ms/250s^-1,"[20181130, 20190103, 20190104, 20190111, 20190115, 20190124]",6,"[[0.3980144417747587,0.8431769037414641,0.9082563151343219,0.7715858887504635],[0.3751847060757398,0.8431609185196488,0.8774686548867635,0.7789748215104487]]",0.6974465732737734,0.2874962199579283,OK,MECHANICAL_HEURISTIC,,
peak_stress_response,C2_TARGET_SPECIFIC,20190122,6,100,1000,5.48419702930995,5.21168633363459,-0.272510695675361,0.272510695675361,0.0742620792574694,10.0,100,10ms/100s^-1,100ms/1000s^-1,"[20181130, 20190103, 20190104, 20190111, 20190115, 20190124]",6,"[[0.3980144417747587,0.8431769037414641,0.9082563151343219,0.7715858887504635],[0.3751847060757398,0.8431609185196488,0.8774686548867635,0.7789748215104487]]",0.8953572481762992,0.5262476348741743,OK,TRAINING_ONLY,,
peak_stress_response,C1_GLOBAL_FIXED,20190122,6,100,1000,5.48419702930995,5.03275272760813,-0.451444301701816,0.451444301701816,0.20380195753904,10.0,250,10ms/250s^-1,100ms/1000s^-1,"[20181130, 20190103, 20190104, 20190111, 20190115, 20190124]",6,"[[0.3980144417747587,0.8431769037414641,0.9082563151343219,0.7715858887504635],[0.3751847060757398,0.8431609185196488,0.8774686548867635,0.7789748215104487]]",0.7375544474344528,0.4349011862654306,OK,TRAINING_ONLY,,
peak_stress_response,C0_TARGET_MEAN,20190122,6,100,1000,5.48419702930995,5.4292275891219,-0.0549694401880423,0.0549694401880423,0.00302163935458676,,,none,100ms/1000s^-1,"[20181130, 20190103, 20190104, 20190111, 20190115, 20190124]",6,"[[0.3980144417747587,0.8431769037414641,0.9082563151343219,0.7715858887504635],[0.3751847060757398,0.8431609185196488,0.8774686548867635,0.7789748215104487]]",,,OK,TRAINING_ONLY,,
peak_stress_response,C4_NEAREST_LOG_RATE,20190122,6,100,1000,5.48419702930995,5.03275272760813,-0.451444301701816,0.451444301701816,0.20380195753904,10.0,250,10ms/250s^-1,100ms/1000s^-1,"[20181130, 20190103, 20190104, 20190111, 20190115, 20190124]",6,"[[0.3980144417747587,0.8431769037414641,0.9082563151343219,0.7715858887504635],[0.3751847060757398,0.8431609185196488,0.8774686548867635,0.7789748215104487]]",0.7375544474344528,0.4349011862654306,OK,MECHANICAL_HEURISTIC,,
peak_stress_response,C2_TARGET_SPECIFIC,20190124,7,100,25,3.17185996154179,2.51447307785513,-0.657386883686661,0.657386883686661,0.43215751484326,10.0,250,10ms/250s^-1,100ms/25s^-1,"[20181130, 20190103, 20190104, 20190111, 20190115, 20190122]",6,"[[0.24443172358494913,0.5148893576035125,0.5763787193432937,0.550276729103277],[0.23480593338535868,0.5156479305923022,0.5621339903121164,0.5668835514616752]]",0.20800462772825495,0.40862127117189484,OK,TRAINING_ONLY,,
peak_stress_response,C1_GLOBAL_FIXED,20190124,7,100,25,3.17185996154179,2.51447307785513,-0.657386883686661,0.657386883686661,0.43215751484326,10.0,250,10ms/250s^-1,100ms/25s^-1,"[20181130, 20190103, 20190104, 20190111, 20190115, 20190122]",6,"[[0.24443172358494913,0.5148893576035125,0.5763787193432937,0.550276729103277],[0.23480593338535868,0.5156479305923022,0.5621339903121164,0.5668835514616752]]",0.20800462772825495,0.40862127117189484,OK,TRAINING_ONLY,,
peak_stress_response,C0_TARGET_MEAN,20190124,7,100,25,3.17185996154179,1.68225652102417,-1.48960344051762,1.48960344051762,2.21891841000194,,,none,100ms/25s^-1,"[20181130, 20190103, 20190104, 20190111, 20190115, 20190122]",6,"[[0.24443172358494913,0.5148893576035125,0.5763787193432937,0.550276729103277],[0.23480593338535868,0.5156479305923022,0.5621339903121164,0.5668835514616752]]",,,OK,TRAINING_ONLY,,
peak_stress_response,C4_NEAREST_LOG_RATE,20190124,7,100,25,3.17185996154179,2.50221132508053,-0.669648636461257,0.669648636461257,0.44842929631442,10.0,100,10ms/100s^-1,100ms/25s^-1,"[20181130, 20190103, 20190104, 20190111, 20190115, 20190122]",6,"[[0.24443172358494913,0.5148893576035125,0.5763787193432937,0.550276729103277],[0.23480593338535868,0.5156479305923022,0.5621339903121164,0.5668835514616752]]",0.25186224887436287,0.4289362064761062,OK,MECHANICAL_HEURISTIC,,
peak_stress_response,C2_TARGET_SPECIFIC,20190124,7,100,100,6.73483910333478,5.20613595600703,-1.52870314732774,1.52870314732774,2.33693331264975,10.0,100,10ms/100s^-1,100ms/100s^-1,"[20181130, 20190103, 20190104, 20190111, 20190115, 20190122]",6,"[[0.24443172358494913,0.5148893576035125,0.5763787193432937,0.550276729103277],[0.23480593338535868,0.5156479305923022,0.5621339903121164,0.5668835514616752]]",0.5742511370925562,0.47902580081184887,OK,TRAINING_ONLY,,
peak_stress_response,C1_GLOBAL_FIXED,20190124,7,100,100,6.73483910333478,5.22981649515533,-1.50502260817944,1.50502260817944,2.26509305113125,10.0,250,10ms/250s^-1,100ms/100s^-1,"[20181130, 20190103, 20190104, 20190111, 20190115, 20190122]",6,"[[0.24443172358494913,0.5148893576035125,0.5763787193432937,0.550276729103277],[0.23480593338535868,0.5156479305923022,0.5621339903121164,0.5668835514616752]]",0.4731859804269122,0.43925215693780606,OK,TRAINING_ONLY,,
peak_stress_response,C0_TARGET_MEAN,20190124,7,100,100,6.73483910333478,3.33662204235674,-3.39821706097803,3.39821706097803,11.5478791935222,,,none,100ms/100s^-1,"[20181130, 20190103, 20190104, 20190111, 20190115, 20190122]",6,"[[0.24443172358494913,0.5148893576035125,0.5763787193432937,0.550276729103277],[0.23480593338535868,0.5156479305923022,0.5621339903121164,0.5668835514616752]]",,,OK,TRAINING_ONLY,,
peak_stress_response,C4_NEAREST_LOG_RATE,20190124,7,100,100,6.73483910333478,5.20613595600703,-1.52870314732774,1.52870314732774,2.33693331264975,10.0,100,10ms/100s^-1,100ms/100s^-1,"[20181130, 20190103, 20190104, 20190111, 20190115, 20190122]",6,"[[0.24443172358494913,0.5148893576035125,0.5763787193432937,0.550276729103277],[0.23480593338535868,0.5156479305923022,0.5621339903121164,0.5668835514616752]]",0.5742511370925562,0.47902580081184887,OK,MECHANICAL_HEURISTIC,,
peak_stress_response,C2_TARGET_SPECIFIC,20190124,7,100,250,8.42522781117367,6.95630048395779,-1.46892732721587,1.46892732721587,2.15774749264157,10.0,250,10ms/250s^-1,100ms/250s^-1,"[20181130, 20190103, 20190104, 20190111, 20190115, 20190122]",6,"[[0.24443172358494913,0.5148893576035125,0.5763787193432937,0.550276729103277],[0.23480593338535868,0.5156479305923022,0.5621339903121164,0.5668835514616752]]",0.644595715799851,0.4303733085740902,OK,TRAINING_ONLY,,
peak_stress_response,C1_GLOBAL_FIXED,20190124,7,100,250,8.42522781117367,6.95630048395779,-1.46892732721587,1.46892732721587,2.15774749264157,10.0,250,10ms/250s^-1,100ms/250s^-1,"[20181130, 20190103, 20190104, 20190111, 20190115, 20190122]",6,"[[0.24443172358494913,0.5148893576035125,0.5763787193432937,0.550276729103277],[0.23480593338535868,0.5156479305923022,0.5621339903121164,0.5668835514616752]]",0.644595715799851,0.4303733085740902,OK,TRAINING_ONLY,,
peak_stress_response,C0_TARGET_MEAN,20190124,7,100,250,8.42522781117367,4.37730388657549,-4.04792392459818,4.04792392459818,16.3856880993343,,,none,100ms/250s^-1,"[20181130, 20190103, 20190104, 20190111, 20190115, 20190122]",6,"[[0.24443172358494913,0.5148893576035125,0.5763787193432937,0.550276729103277],[0.23480593338535868,0.5156479305923022,0.5621339903121164,0.5668835514616752]]",,,OK,TRAINING_ONLY,,
peak_stress_response,C4_NEAREST_LOG_RATE,20190124,7,100,250,8.42522781117367,6.95630048395779,-1.46892732721587,1.46892732721587,2.15774749264157,10.0,250,10ms/250s^-1,100ms/250s^-1,"[20181130, 20190103, 20190104, 20190111, 20190115, 20190122]",6,"[[0.24443172358494913,0.5148893576035125,0.5763787193432937,0.550276729103277],[0.23480593338535868,0.5156479305923022,0.5621339903121164,0.5668835514616752]]",0.644595715799851,0.4303733085740902,OK,MECHANICAL_HEURISTIC,,
peak_stress_response,C2_TARGET_SPECIFIC,20190124,7,100,1000,8.81071801749675,7.61950975219251,-1.19120826530425,1.19120826530425,1.41897713132915,10.0,100,10ms/100s^-1,100ms/1000s^-1,"[20181130, 20190103, 20190104, 20190111, 20190115, 20190122]",6,"[[0.24443172358494913,0.5148893576035125,0.5763787193432937,0.550276729103277],[0.23480593338535868,0.5156479305923022,0.5621339903121164,0.5668835514616752]]",0.8430792738119336,0.6794649887658926,OK,TRAINING_ONLY,,
peak_stress_response,C1_GLOBAL_FIXED,20190124,7,100,1000,8.81071801749675,7.64975011703964,-1.16096790045711,1.16096790045711,1.34784646589179,10.0,250,10ms/250s^-1,100ms/1000s^-1,"[20181130, 20190103, 20190104, 20190111, 20190115, 20190122]",6,"[[0.24443172358494913,0.5148893576035125,0.5763787193432937,0.550276729103277],[0.23480593338535868,0.5156479305923022,0.5621339903121164,0.5668835514616752]]",0.6935705820882583,0.6279983449539355,OK,TRAINING_ONLY,,
peak_stress_response,C0_TARGET_MEAN,20190124,7,100,1000,8.81071801749675,4.8748074244241,-3.93591059307265,3.93591059307265,15.4913921966615,,,none,100ms/1000s^-1,"[20181130, 20190103, 20190104, 20190111, 20190115, 20190122]",6,"[[0.24443172358494913,0.5148893576035125,0.5763787193432937,0.550276729103277],[0.23480593338535868,0.5156479305923022,0.5621339903121164,0.5668835514616752]]",,,OK,TRAINING_ONLY,,
peak_stress_response,C4_NEAREST_LOG_RATE,20190124,7,100,1000,8.81071801749675,7.64975011703964,-1.16096790045711,1.16096790045711,1.34784646589179,10.0,250,10ms/250s^-1,100ms/1000s^-1,"[20181130, 20190103, 20190104, 20190111, 20190115, 20190122]",6,"[[0.24443172358494913,0.5148893576035125,0.5763787193432937,0.550276729103277],[0.23480593338535868,0.5156479305923022,0.5621339903121164,0.5668835514616752]]",0.6935705820882583,0.6279983449539355,OK,MECHANICAL_HEURISTIC,,
peak_stress_response,C5_ORACLE_UPPER_BOUND,20181130,1,100,25,0.78128992020641,0.793883162246484,0.0125932420400744,0.0125932420400744,0.000158589745079897,10.0,250,10ms/250s^-1,100ms/25s^-1,"[20190103, 20190104, 20190111, 20190115, 20190122, 20190124]",6,"[[0.418148962360308,0.9044090557710254,0.9689757963730083,0.8477134507829124],[0.4032237207371195,0.893707705916988,0.9276347781498021,0.869820285394073]]",0.23104231849413642,0.3501028710063856,OK,LEAKAGE_BY_ALL_SUBJECT_SELECTION_UPPER_BOUND,,
peak_stress_response,C5_ORACLE_UPPER_BOUND,20190103,2,100,25,1.17441656649598,0.985493608942762,-0.188922957553216,0.188922957553216,0.0356918838906541,10.0,250,10ms/250s^-1,100ms/25s^-1,"[20181130, 20190104, 20190111, 20190115, 20190122, 20190124]",6,"[[0.3672755870917608,0.8266416978949086,0.8686287453800215,0.8013822825930642],[0.36096488765856066,0.8486506845554338,0.8740129670737247,0.8387204499029837]]",0.23899805536869584,0.2680537717112019,OK,LEAKAGE_BY_ALL_SUBJECT_SELECTION_UPPER_BOUND,,
peak_stress_response,C5_ORACLE_UPPER_BOUND,20190104,3,100,25,1.00428080295749,1.40183261602927,0.397551813071786,0.397551813071786,0.158047444076664,10.0,250,10ms/250s^-1,100ms/25s^-1,"[20181130, 20190103, 20190111, 20190115, 20190122, 20190124]",6,"[[0.3529361271379452,0.6899800008400373,0.7707625804911477,0.5225864914104731],[0.3163718710163897,0.6124522013305133,0.6609116328741155,0.5335338153940329]]",0.22129990931863588,0.4703192133061036,OK,LEAKAGE_BY_ALL_SUBJECT_SELECTION_UPPER_BOUND,,
peak_stress_response,C5_ORACLE_UPPER_BOUND,20190111,4,100,25,2.44791965980209,2.3086251704163,-0.139294489385791,0.139294489385791,0.0194029547732481,10.0,250,10ms/250s^-1,100ms/25s^-1,"[20181130, 20190103, 20190104, 20190115, 20190122, 20190124]",6,"[[0.39013178570538676,0.852720217184315,0.8753923218816798,0.8185184019607941],[0.3717798961159104,0.8724860359715297,0.8761376697266083,0.8622444591832306]]",0.2289041531441902,0.3427189452421573,OK,LEAKAGE_BY_ALL_SUBJECT_SELECTION_UPPER_BOUND,,
peak_stress_response,C5_ORACLE_UPPER_BOUND,20190115,5,100,25,2.94253082242503,3.7193273225425,0.776796500117469,0.776796500117469,0.603412802594749,10.0,250,10ms/250s^-1,100ms/25s^-1,"[20181130, 20190103, 20190104, 20190111, 20190122, 20190124]",6,"[[0.2608074793814859,0.6306010047664335,0.6091902416981392,0.5527508095656627],[0.27182917848095733,0.6557089112581834,0.6413162795259932,0.6615337620655691]]",0.2813385717255982,0.12255770842531932,OK,LEAKAGE_BY_ALL_SUBJECT_SELECTION_UPPER_BOUND,,
peak_stress_response,C5_ORACLE_UPPER_BOUND,20190122,6,100,25,1.74310135425802,1.79598360685909,0.0528822526010657,0.0528822526010657,0.00279653264016292,10.0,250,10ms/250s^-1,100ms/25s^-1,"[20181130, 20190103, 20190104, 20190111, 20190115, 20190124]",6,"[[0.3980144417747587,0.8431769037414641,0.9082563151343219,0.7715858887504635],[0.3751847060757398,0.8431609185196488,0.8774686548867635,0.7789748215104487]]",0.23141768068333388,0.3533455161730681,OK,LEAKAGE_BY_ALL_SUBJECT_SELECTION_UPPER_BOUND,,
peak_stress_response,C5_ORACLE_UPPER_BOUND,20190124,7,100,25,3.17185996154179,2.51447307785513,-0.657386883686661,0.657386883686661,0.43215751484326,10.0,250,10ms/250s^-1,100ms/25s^-1,"[20181130, 20190103, 20190104, 20190111, 20190115, 20190122]",6,"[[0.24443172358494913,0.5148893576035125,0.5763787193432937,0.550276729103277],[0.23480593338535868,0.5156479305923022,0.5621339903121164,0.5668835514616752]]",0.20800462772825495,0.40862127117189484,OK,LEAKAGE_BY_ALL_SUBJECT_SELECTION_UPPER_BOUND,,
peak_stress_response,C5_ORACLE_UPPER_BOUND,20181130,1,100,100,1.389645730717,1.25176566875905,-0.137880061957949,0.137880061957949,0.0190109114855278,10.0,250,10ms/250s^-1,100ms/100s^-1,"[20190103, 20190104, 20190111, 20190115, 20190122, 20190124]",6,"[[0.418148962360308,0.9044090557710254,0.9689757963730083,0.8477134507829124],[0.4032237207371195,0.893707705916988,0.9276347781498021,0.869820285394073]]",0.5342841058978167,0.2255261570294893,OK,LEAKAGE_BY_ALL_SUBJECT_SELECTION_UPPER_BOUND,,
peak_stress_response,C5_ORACLE_UPPER_BOUND,20190103,2,100,100,2.11309013723482,1.77904531864043,-0.334044818594388,0.334044818594388,0.111585940829757,10.0,250,10ms/250s^-1,100ms/100s^-1,"[20181130, 20190104, 20190111, 20190115, 20190122, 20190124]",6,"[[0.3672755870917608,0.8266416978949086,0.8686287453800215,0.8013822825930642],[0.36096488765856066,0.8486506845554338,0.8740129670737247,0.8387204499029837]]",0.5403244720613789,0.15706433352351867,OK,LEAKAGE_BY_ALL_SUBJECT_SELECTION_UPPER_BOUND,,
peak_stress_response,C5_ORACLE_UPPER_BOUND,20190104,3,100,100,1.68731885693161,2.72738230632184,1.04006344939023,1.04006344939023,1.0817319787575,10.0,250,10ms/250s^-1,100ms/100s^-1,"[20181130, 20190103, 20190111, 20190115, 20190122, 20190124]",6,"[[0.3529361271379452,0.6899800008400373,0.7707625804911477,0.5225864914104731],[0.3163718710163897,0.6124522013305133,0.6609116328741155,0.5335338153940329]]",0.5002344519018301,0.6217551604041938,OK,LEAKAGE_BY_ALL_SUBJECT_SELECTION_UPPER_BOUND,,
peak_stress_response,C5_ORACLE_UPPER_BOUND,20190111,4,100,100,4.96533372131586,4.78890269554443,-0.176431025771432,0.176431025771432,0.0311279068547597,10.0,250,10ms/250s^-1,100ms/100s^-1,"[20181130, 20190103, 20190104, 20190115, 20190122, 20190124]",6,"[[0.39013178570538676,0.852720217184315,0.8753923218816798,0.8185184019607941],[0.3717798961159104,0.8724860359715297,0.8761376697266083,0.8622444591832306]]",0.523865862944048,0.2897656245398923,OK,LEAKAGE_BY_ALL_SUBJECT_SELECTION_UPPER_BOUND,,
peak_stress_response,C5_ORACLE_UPPER_BOUND,20190115,5,100,100,6.24506267431551,7.93093027722149,1.68586760290598,1.68586760290598,2.84214957452794,10.0,250,10ms/250s^-1,100ms/100s^-1,"[20181130, 20190103, 20190104, 20190111, 20190122, 20190124]",6,"[[0.2608074793814859,0.6306010047664335,0.6091902416981392,0.5527508095656627],[0.27182917848095733,0.6557089112581834,0.6413162795259932,0.6615337620655691]]",0.6351607549698772,-0.1892748178110586,OK,LEAKAGE_BY_ALL_SUBJECT_SELECTION_UPPER_BOUND,,
peak_stress_response,C5_ORACLE_UPPER_BOUND,20190122,6,100,100,3.61928113362567,3.57226804974836,-0.0470130838773106,0.0470130838773106,0.00221023005565504,10.0,250,10ms/250s^-1,100ms/100s^-1,"[20181130, 20190103, 20190104, 20190111, 20190115, 20190124]",6,"[[0.3980144417747587,0.8431769037414641,0.9082563151343219,0.7715858887504635],[0.3751847060757398,0.8431609185196488,0.8774686548867635,0.7789748215104487]]",0.5276009460707763,0.28324873525093786,OK,LEAKAGE_BY_ALL_SUBJECT_SELECTION_UPPER_BOUND,,
peak_stress_response,C5_ORACLE_UPPER_BOUND,20190124,7,100,100,6.73483910333478,5.22981649515533,-1.50502260817944,1.50502260817944,2.26509305113125,10.0,250,10ms/250s^-1,100ms/100s^-1,"[20181130, 20190103, 20190104, 20190111, 20190115, 20190122]",6,"[[0.24443172358494913,0.5148893576035125,0.5763787193432937,0.550276729103277],[0.23480593338535868,0.5156479305923022,0.5621339903121164,0.5668835514616752]]",0.4731859804269122,0.43925215693780606,OK,LEAKAGE_BY_ALL_SUBJECT_SELECTION_UPPER_BOUND,,
peak_stress_response,C5_ORACLE_UPPER_BOUND,20181130,1,100,250,1.68991882851711,1.58624514442119,-0.103673684095917,0.103673684095917,0.0107482327740201,10.0,250,10ms/250s^-1,100ms/250s^-1,"[20190103, 20190104, 20190111, 20190115, 20190122, 20190124]",6,"[[0.418148962360308,0.9044090557710254,0.9689757963730083,0.8477134507829124],[0.4032237207371195,0.893707705916988,0.9276347781498021,0.869820285394073]]",0.7026798177717585,0.23655537238402236,OK,LEAKAGE_BY_ALL_SUBJECT_SELECTION_UPPER_BOUND,,
peak_stress_response,C5_ORACLE_UPPER_BOUND,20190103,2,100,250,2.66346756822239,2.26630438601466,-0.397163182207725,0.397163182207725,0.157738593301367,10.0,250,10ms/250s^-1,100ms/250s^-1,"[20181130, 20190104, 20190111, 20190115, 20190122, 20190124]",6,"[[0.3672755870917608,0.8266416978949086,0.8686287453800215,0.8013822825930642],[0.36096488765856066,0.8486506845554338,0.8740129670737247,0.8387204499029837]]",0.7128817207174256,0.12632987915993255,OK,LEAKAGE_BY_ALL_SUBJECT_SELECTION_UPPER_BOUND,,
peak_stress_response,C5_ORACLE_UPPER_BOUND,20190104,3,100,250,2.36434584547135,3.44691817943744,1.08257233396609,1.08257233396609,1.17196285826879,10.0,250,10ms/250s^-1,100ms/250s^-1,"[20181130, 20190103, 20190111, 20190115, 20190122, 20190124]",6,"[[0.3529361271379452,0.6899800008400373,0.7707625804911477,0.5225864914104731],[0.3163718710163897,0.6124522013305133,0.6609116328741155,0.5335338153940329]]",0.6692353829946073,0.6299187023230957,OK,LEAKAGE_BY_ALL_SUBJECT_SELECTION_UPPER_BOUND,,
peak_stress_response,C5_ORACLE_UPPER_BOUND,20190111,4,100,250,6.52921398662744,6.22068710414974,-0.308526882477695,0.308526882477695,0.0951888372114054,10.0,250,10ms/250s^-1,100ms/250s^-1,"[20181130, 20190103, 20190104, 20190115, 20190122, 20190124]",6,"[[0.39013178570538676,0.852720217184315,0.8753923218816798,0.8185184019607941],[0.3717798961159104,0.8724860359715297,0.8761376697266083,0.8622444591832306]]",0.6913497825643267,0.2831415303922409,OK,LEAKAGE_BY_ALL_SUBJECT_SELECTION_UPPER_BOUND,,
peak_stress_response,C5_ORACLE_UPPER_BOUND,20190115,5,100,250,8.38922655749674,10.1291193928792,1.73989283538244,1.73989283538244,3.02722707861516,10.0,250,10ms/250s^-1,100ms/250s^-1,"[20181130, 20190103, 20190104, 20190111, 20190122, 20190124]",6,"[[0.2608074793814859,0.6306010047664335,0.6091902416981392,0.5527508095656627],[0.27182917848095733,0.6557089112581834,0.6413162795259932,0.6615337620655691]]",0.8087250432941342,-0.21001627577353688,OK,LEAKAGE_BY_ALL_SUBJECT_SELECTION_UPPER_BOUND,,
peak_stress_response,C5_ORACLE_UPPER_BOUND,20190122,6,100,250,4.62765053311793,4.63531869338419,0.00766816026625783,0.00766816026625783,5.88006818690153e-05,10.0,250,10ms/250s^-1,100ms/250s^-1,"[20181130, 20190103, 20190104, 20190111, 20190115, 20190124]",6,"[[0.3980144417747587,0.8431769037414641,0.9082563151343219,0.7715858887504635],[0.3751847060757398,0.8431609185196488,0.8774686548867635,0.7789748215104487]]",0.6974465732737734,0.2874962199579283,OK,LEAKAGE_BY_ALL_SUBJECT_SELECTION_UPPER_BOUND,,
peak_stress_response,C5_ORACLE_UPPER_BOUND,20190124,7,100,250,8.42522781117367,6.95630048395779,-1.46892732721587,1.46892732721587,2.15774749264157,10.0,250,10ms/250s^-1,100ms/250s^-1,"[20181130, 20190103, 20190104, 20190111, 20190115, 20190122]",6,"[[0.24443172358494913,0.5148893576035125,0.5763787193432937,0.550276729103277],[0.23480593338535868,0.5156479305923022,0.5621339903121164,0.5668835514616752]]",0.644595715799851,0.4303733085740902,OK,LEAKAGE_BY_ALL_SUBJECT_SELECTION_UPPER_BOUND,,
peak_stress_response,C5_ORACLE_UPPER_BOUND,20181130,1,100,1000,2.08138755358501,1.99272470590143,-0.0886628476835731,0.0886628476835731,0.00786110055936049,10.0,100,10ms/100s^-1,100ms/1000s^-1,"[20190103, 20190104, 20190111, 20190115, 20190122, 20190124]",6,"[[0.418148962360308,0.9044090557710254,0.9689757963730083,0.8477134507829124],[0.4032237207371195,0.893707705916988,0.9276347781498021,0.869820285394073]]",0.8997090142679183,0.5288323714717302,OK,LEAKAGE_BY_ALL_SUBJECT_SELECTION_UPPER_BOUND,,
peak_stress_response,C5_ORACLE_UPPER_BOUND,20190103,2,100,1000,2.93104996283833,2.57240035878998,-0.358649604048349,0.358649604048349,0.128629538484037,10.0,100,10ms/100s^-1,100ms/1000s^-1,"[20181130, 20190104, 20190111, 20190115, 20190122, 20190124]",6,"[[0.3672755870917608,0.8266416978949086,0.8686287453800215,0.8013822825930642],[0.36096488765856066,0.8486506845554338,0.8740129670737247,0.8387204499029837]]",0.9115957943028806,0.42558336187054646,OK,LEAKAGE_BY_ALL_SUBJECT_SELECTION_UPPER_BOUND,,
peak_stress_response,C5_ORACLE_UPPER_BOUND,20190104,3,100,1000,2.60153205914972,3.69940850627366,1.09787644712394,1.09787644712394,1.20533269314949,10.0,100,10ms/100s^-1,100ms/1000s^-1,"[20181130, 20190103, 20190111, 20190115, 20190122, 20190124]",6,"[[0.3529361271379452,0.6899800008400373,0.7707625804911477,0.5225864914104731],[0.3163718710163897,0.6124522013305133,0.6609116328741155,0.5335338153940329]]",0.856948270195809,0.9310117942879064,OK,LEAKAGE_BY_ALL_SUBJECT_SELECTION_UPPER_BOUND,,
peak_stress_response,C5_ORACLE_UPPER_BOUND,20190111,4,100,1000,6.85719852366943,6.71093836574246,-0.146260157926969,0.146260157926969,0.0213920337968219,10.0,100,10ms/100s^-1,100ms/1000s^-1,"[20181130, 20190103, 20190104, 20190115, 20190122, 20190124]",6,"[[0.39013178570538676,0.852720217184315,0.8753923218816798,0.8185184019607941],[0.3717798961159104,0.8724860359715297,0.8761376697266083,0.8622444591832306]]",0.8911938935899842,0.5669374651464363,OK,LEAKAGE_BY_ALL_SUBJECT_SELECTION_UPPER_BOUND,,
peak_stress_response,C5_ORACLE_UPPER_BOUND,20190115,5,100,1000,9.29347941799218,10.7850556619487,1.4915762439565,1.4915762439565,2.22479969153537,10.0,100,10ms/100s^-1,100ms/1000s^-1,"[20181130, 20190103, 20190104, 20190111, 20190122, 20190124]",6,"[[0.2608074793814859,0.6306010047664335,0.6091902416981392,0.5527508095656627],[0.27182917848095733,0.6557089112581834,0.6413162795259932,0.6615337620655691]]",1.0115600267241045,0.14596649399993744,OK,LEAKAGE_BY_ALL_SUBJECT_SELECTION_UPPER_BOUND,,
peak_stress_response,C5_ORACLE_UPPER_BOUND,20190122,6,100,1000,5.48419702930995,5.21168633363459,-0.272510695675361,0.272510695675361,0.0742620792574694,10.0,100,10ms/100s^-1,100ms/1000s^-1,"[20181130, 20190103, 20190104, 20190111, 20190115, 20190124]",6,"[[0.3980144417747587,0.8431769037414641,0.9082563151343219,0.7715858887504635],[0.3751847060757398,0.8431609185196488,0.8774686548867635,0.7789748215104487]]",0.8953572481762992,0.5262476348741743,OK,LEAKAGE_BY_ALL_SUBJECT_SELECTION_UPPER_BOUND,,
peak_stress_response,C5_ORACLE_UPPER_BOUND,20190124,7,100,1000,8.81071801749675,7.61950975219251,-1.19120826530425,1.19120826530425,1.41897713132915,10.0,100,10ms/100s^-1,100ms/1000s^-1,"[20181130, 20190103, 20190104, 20190111, 20190115, 20190122]",6,"[[0.24443172358494913,0.5148893576035125,0.5763787193432937,0.550276729103277],[0.23480593338535868,0.5156479305923022,0.5621339903121164,0.5668835514616752]]",0.8430792738119336,0.6794649887658926,OK,LEAKAGE_BY_ALL_SUBJECT_SELECTION_UPPER_BOUND,,
peak_stress_response,C3_RANDOM_POLICY,20181130,1,100,25,0.78128992020641,0.849143902682098,0.0678539824756879,0.0678539824756879,0.00460416293781095,10.0,100,10ms/100s^-1,100ms/25s^-1,"[20190103, 20190104, 20190111, 20190115, 20190122, 20190124]",6,"[[0.418148962360308,0.9044090557710254,0.9689757963730083,0.8477134507829124],[0.4032237207371195,0.893707705916988,0.9276347781498021,0.869820285394073]]",0.2767554305266323,0.3988425865511407,OK,EXACT_POLICY_ENUMERATION,P00,"{""100"": 100, ""1000"": 100, ""25"": 100, ""250"": 100}"
peak_stress_response,C3_RANDOM_POLICY,20181130,1,100,100,1.389645730717,1.37464427507028,-0.0150014556467206,0.0150014556467206,0.000225043671520526,10.0,100,10ms/100s^-1,100ms/100s^-1,"[20190103, 20190104, 20190111, 20190115, 20190122, 20190124]",6,"[[0.418148962360308,0.9044090557710254,0.9689757963730083,0.8477134507829124],[0.4032237207371195,0.893707705916988,0.9276347781498021,0.869820285394073]]",0.6410991679646723,0.3315290648082265,OK,EXACT_POLICY_ENUMERATION,P00,"{""100"": 100, ""1000"": 100, ""25"": 100, ""250"": 100}"
peak_stress_response,C3_RANDOM_POLICY,20181130,1,100,250,1.68991882851711,1.74998527755152,0.0600664490344129,0.0600664490344129,0.00360797829960373,10.0,100,10ms/100s^-1,100ms/250s^-1,"[20190103, 20190104, 20190111, 20190115, 20190122, 20190124]",6,"[[0.418148962360308,0.9044090557710254,0.9689757963730083,0.8477134507829124],[0.4032237207371195,0.893707705916988,0.9276347781498021,0.869820285394073]]",0.8426816082929576,0.3788807013139319,OK,EXACT_POLICY_ENUMERATION,P00,"{""100"": 100, ""1000"": 100, ""25"": 100, ""250"": 100}"
peak_stress_response,C3_RANDOM_POLICY,20181130,1,100,1000,2.08138755358501,1.99272470590143,-0.0886628476835731,0.0886628476835731,0.00786110055936049,10.0,100,10ms/100s^-1,100ms/1000s^-1,"[20190103, 20190104, 20190111, 20190115, 20190122, 20190124]",6,"[[0.418148962360308,0.9044090557710254,0.9689757963730083,0.8477134507829124],[0.4032237207371195,0.893707705916988,0.9276347781498021,0.869820285394073]]",0.8997090142679183,0.5288323714717302,OK,EXACT_POLICY_ENUMERATION,P00,"{""100"": 100, ""1000"": 100, ""25"": 100, ""250"": 100}"
peak_stress_response,C3_RANDOM_POLICY,20181130,1,100,25,0.78128992020641,0.849143902682098,0.0678539824756879,0.0678539824756879,0.00460416293781095,10.0,100,10ms/100s^-1,100ms/25s^-1,"[20190103, 20190104, 20190111, 20190115, 20190122, 20190124]",6,"[[0.418148962360308,0.9044090557710254,0.9689757963730083,0.8477134507829124],[0.4032237207371195,0.893707705916988,0.9276347781498021,0.869820285394073]]",0.2767554305266323,0.3988425865511407,OK,EXACT_POLICY_ENUMERATION,P01,"{""100"": 100, ""1000"": 250, ""25"": 100, ""250"": 100}"
peak_stress_response,C3_RANDOM_POLICY,20181130,1,100,100,1.389645730717,1.37464427507028,-0.0150014556467206,0.0150014556467206,0.000225043671520526,10.0,100,10ms/100s^-1,100ms/100s^-1,"[20190103, 20190104, 20190111, 20190115, 20190122, 20190124]",6,"[[0.418148962360308,0.9044090557710254,0.9689757963730083,0.8477134507829124],[0.4032237207371195,0.893707705916988,0.9276347781498021,0.869820285394073]]",0.6410991679646723,0.3315290648082265,OK,EXACT_POLICY_ENUMERATION,P01,"{""100"": 100, ""1000"": 250, ""25"": 100, ""250"": 100}"
peak_stress_response,C3_RANDOM_POLICY,20181130,1,100,250,1.68991882851711,1.74998527755152,0.0600664490344129,0.0600664490344129,0.00360797829960373,10.0,100,10ms/100s^-1,100ms/250s^-1,"[20190103, 20190104, 20190111, 20190115, 20190122, 20190124]",6,"[[0.418148962360308,0.9044090557710254,0.9689757963730083,0.8477134507829124],[0.4032237207371195,0.893707705916988,0.9276347781498021,0.869820285394073]]",0.8426816082929576,0.3788807013139319,OK,EXACT_POLICY_ENUMERATION,P01,"{""100"": 100, ""1000"": 250, ""25"": 100, ""250"": 100}"
peak_stress_response,C3_RANDOM_POLICY,20181130,1,100,1000,2.08138755358501,1.83070069186361,-0.250686861721394,0.250686861721394,0.0628439026397213,10.0,250,10ms/250s^-1,100ms/1000s^-1,"[20190103, 20190104, 20190111, 20190115, 20190122, 20190124]",6,"[[0.418148962360308,0.9044090557710254,0.9689757963730083,0.8477134507829124],[0.4032237207371195,0.893707705916988,0.9276347781498021,0.869820285394073]]",0.747935104037165,0.39408570088857164,OK,EXACT_POLICY_ENUMERATION,P01,"{""100"": 100, ""1000"": 250, ""25"": 100, ""250"": 100}"
peak_stress_response,C3_RANDOM_POLICY,20181130,1,100,25,0.78128992020641,0.849143902682098,0.0678539824756879,0.0678539824756879,0.00460416293781095,10.0,100,10ms/100s^-1,100ms/25s^-1,"[20190103, 20190104, 20190111, 20190115, 20190122, 20190124]",6,"[[0.418148962360308,0.9044090557710254,0.9689757963730083,0.8477134507829124],[0.4032237207371195,0.893707705916988,0.9276347781498021,0.869820285394073]]",0.2767554305266323,0.3988425865511407,OK,EXACT_POLICY_ENUMERATION,P02,"{""100"": 100, ""1000"": 100, ""25"": 100, ""250"": 250}"
peak_stress_response,C3_RANDOM_POLICY,20181130,1,100,100,1.389645730717,1.37464427507028,-0.0150014556467206,0.0150014556467206,0.000225043671520526,10.0,100,10ms/100s^-1,100ms/100s^-1,"[20190103, 20190104, 20190111, 20190115, 20190122, 20190124]",6,"[[0.418148962360308,0.9044090557710254,0.9689757963730083,0.8477134507829124],[0.4032237207371195,0.893707705916988,0.9276347781498021,0.869820285394073]]",0.6410991679646723,0.3315290648082265,OK,EXACT_POLICY_ENUMERATION,P02,"{""100"": 100, ""1000"": 100, ""25"": 100, ""250"": 250}"
peak_stress_response,C3_RANDOM_POLICY,20181130,1,100,250,1.68991882851711,1.58624514442119,-0.103673684095917,0.103673684095917,0.0107482327740201,10.0,250,10ms/250s^-1,100ms/250s^-1,"[20190103, 20190104, 20190111, 20190115, 20190122, 20190124]",6,"[[0.418148962360308,0.9044090557710254,0.9689757963730083,0.8477134507829124],[0.4032237207371195,0.893707705916988,0.9276347781498021,0.869820285394073]]",0.7026798177717585,0.23655537238402236,OK,EXACT_POLICY_ENUMERATION,P02,"{""100"": 100, ""1000"": 100, ""25"": 100, ""250"": 250}"
peak_stress_response,C3_RANDOM_POLICY,20181130,1,100,1000,2.08138755358501,1.99272470590143,-0.0886628476835731,0.0886628476835731,0.00786110055936049,10.0,100,10ms/100s^-1,100ms/1000s^-1,"[20190103, 20190104, 20190111, 20190115, 20190122, 20190124]",6,"[[0.418148962360308,0.9044090557710254,0.9689757963730083,0.8477134507829124],[0.4032237207371195,0.893707705916988,0.9276347781498021,0.869820285394073]]",0.8997090142679183,0.5288323714717302,OK,EXACT_POLICY_ENUMERATION,P02,"{""100"": 100, ""1000"": 100, ""25"": 100, ""250"": 250}"
peak_stress_response,C3_RANDOM_POLICY,20181130,1,100,25,0.78128992020641,0.849143902682098,0.0678539824756879,0.0678539824756879,0.00460416293781095,10.0,100,10ms/100s^-1,100ms/25s^-1,"[20190103, 20190104, 20190111, 20190115, 20190122, 20190124]",6,"[[0.418148962360308,0.9044090557710254,0.9689757963730083,0.8477134507829124],[0.4032237207371195,0.893707705916988,0.9276347781498021,0.869820285394073]]",0.2767554305266323,0.3988425865511407,OK,EXACT_POLICY_ENUMERATION,P03,"{""100"": 100, ""1000"": 250, ""25"": 100, ""250"": 250}"
peak_stress_response,C3_RANDOM_POLICY,20181130,1,100,100,1.389645730717,1.37464427507028,-0.0150014556467206,0.0150014556467206,0.000225043671520526,10.0,100,10ms/100s^-1,100ms/100s^-1,"[20190103, 20190104, 20190111, 20190115, 20190122, 20190124]",6,"[[0.418148962360308,0.9044090557710254,0.9689757963730083,0.8477134507829124],[0.4032237207371195,0.893707705916988,0.9276347781498021,0.869820285394073]]",0.6410991679646723,0.3315290648082265,OK,EXACT_POLICY_ENUMERATION,P03,"{""100"": 100, ""1000"": 250, ""25"": 100, ""250"": 250}"
peak_stress_response,C3_RANDOM_POLICY,20181130,1,100,250,1.68991882851711,1.58624514442119,-0.103673684095917,0.103673684095917,0.0107482327740201,10.0,250,10ms/250s^-1,100ms/250s^-1,"[20190103, 20190104, 20190111, 20190115, 20190122, 20190124]",6,"[[0.418148962360308,0.9044090557710254,0.9689757963730083,0.8477134507829124],[0.4032237207371195,0.893707705916988,0.9276347781498021,0.869820285394073]]",0.7026798177717585,0.23655537238402236,OK,EXACT_POLICY_ENUMERATION,P03,"{""100"": 100, ""1000"": 250, ""25"": 100, ""250"": 250}"
peak_stress_response,C3_RANDOM_POLICY,20181130,1,100,1000,2.08138755358501,1.83070069186361,-0.250686861721394,0.250686861721394,0.0628439026397213,10.0,250,10ms/250s^-1,100ms/1000s^-1,"[20190103, 20190104, 20190111, 20190115, 20190122, 20190124]",6,"[[0.418148962360308,0.9044090557710254,0.9689757963730083,0.8477134507829124],[0.4032237207371195,0.893707705916988,0.9276347781498021,0.869820285394073]]",0.747935104037165,0.39408570088857164,OK,EXACT_POLICY_ENUMERATION,P03,"{""100"": 100, ""1000"": 250, ""25"": 100, ""250"": 250}"
peak_stress_response,C3_RANDOM_POLICY,20181130,1,100,25,0.78128992020641,0.849143902682098,0.0678539824756879,0.0678539824756879,0.00460416293781095,10.0,100,10ms/100s^-1,100ms/25s^-1,"[20190103, 20190104, 20190111, 20190115, 20190122, 20190124]",6,"[[0.418148962360308,0.9044090557710254,0.9689757963730083,0.8477134507829124],[0.4032237207371195,0.893707705916988,0.9276347781498021,0.869820285394073]]",0.2767554305266323,0.3988425865511407,OK,EXACT_POLICY_ENUMERATION,P04,"{""100"": 250, ""1000"": 100, ""25"": 100, ""250"": 100}"
peak_stress_response,C3_RANDOM_POLICY,20181130,1,100,100,1.389645730717,1.25176566875905,-0.137880061957949,0.137880061957949,0.0190109114855278,10.0,250,10ms/250s^-1,100ms/100s^-1,"[20190103, 20190104, 20190111, 20190115, 20190122, 20190124]",6,"[[0.418148962360308,0.9044090557710254,0.9689757963730083,0.8477134507829124],[0.4032237207371195,0.893707705916988,0.9276347781498021,0.869820285394073]]",0.5342841058978167,0.2255261570294893,OK,EXACT_POLICY_ENUMERATION,P04,"{""100"": 250, ""1000"": 100, ""25"": 100, ""250"": 100}"
peak_stress_response,C3_RANDOM_POLICY,20181130,1,100,250,1.68991882851711,1.74998527755152,0.0600664490344129,0.0600664490344129,0.00360797829960373,10.0,100,10ms/100s^-1,100ms/250s^-1,"[20190103, 20190104, 20190111, 20190115, 20190122, 20190124]",6,"[[0.418148962360308,0.9044090557710254,0.9689757963730083,0.8477134507829124],[0.4032237207371195,0.893707705916988,0.9276347781498021,0.869820285394073]]",0.8426816082929576,0.3788807013139319,OK,EXACT_POLICY_ENUMERATION,P04,"{""100"": 250, ""1000"": 100, ""25"": 100, ""250"": 100}"
peak_stress_response,C3_RANDOM_POLICY,20181130,1,100,1000,2.08138755358501,1.99272470590143,-0.0886628476835731,0.0886628476835731,0.00786110055936049,10.0,100,10ms/100s^-1,100ms/1000s^-1,"[20190103, 20190104, 20190111, 20190115, 20190122, 20190124]",6,"[[0.418148962360308,0.9044090557710254,0.9689757963730083,0.8477134507829124],[0.4032237207371195,0.893707705916988,0.9276347781498021,0.869820285394073]]",0.8997090142679183,0.5288323714717302,OK,EXACT_POLICY_ENUMERATION,P04,"{""100"": 250, ""1000"": 100, ""25"": 100, ""250"": 100}"
peak_stress_response,C3_RANDOM_POLICY,20181130,1,100,25,0.78128992020641,0.849143902682098,0.0678539824756879,0.0678539824756879,0.00460416293781095,10.0,100,10ms/100s^-1,100ms/25s^-1,"[20190103, 20190104, 20190111, 20190115, 20190122, 20190124]",6,"[[0.418148962360308,0.9044090557710254,0.9689757963730083,0.8477134507829124],[0.4032237207371195,0.893707705916988,0.9276347781498021,0.869820285394073]]",0.2767554305266323,0.3988425865511407,OK,EXACT_POLICY_ENUMERATION,P05,"{""100"": 250, ""1000"": 250, ""25"": 100, ""250"": 100}"
peak_stress_response,C3_RANDOM_POLICY,20181130,1,100,100,1.389645730717,1.25176566875905,-0.137880061957949,0.137880061957949,0.0190109114855278,10.0,250,10ms/250s^-1,100ms/100s^-1,"[20190103, 20190104, 20190111, 20190115, 20190122, 20190124]",6,"[[0.418148962360308,0.9044090557710254,0.9689757963730083,0.8477134507829124],[0.4032237207371195,0.893707705916988,0.9276347781498021,0.869820285394073]]",0.5342841058978167,0.2255261570294893,OK,EXACT_POLICY_ENUMERATION,P05,"{""100"": 250, ""1000"": 250, ""25"": 100, ""250"": 100}"
peak_stress_response,C3_RANDOM_POLICY,20181130,1,100,250,1.68991882851711,1.74998527755152,0.0600664490344129,0.0600664490344129,0.00360797829960373,10.0,100,10ms/100s^-1,100ms/250s^-1,"[20190103, 20190104, 20190111, 20190115, 20190122, 20190124]",6,"[[0.418148962360308,0.9044090557710254,0.9689757963730083,0.8477134507829124],[0.4032237207371195,0.893707705916988,0.9276347781498021,0.869820285394073]]",0.8426816082929576,0.3788807013139319,OK,EXACT_POLICY_ENUMERATION,P05,"{""100"": 250, ""1000"": 250, ""25"": 100, ""250"": 100}"
peak_stress_response,C3_RANDOM_POLICY,20181130,1,100,1000,2.08138755358501,1.83070069186361,-0.250686861721394,0.250686861721394,0.0628439026397213,10.0,250,10ms/250s^-1,100ms/1000s^-1,"[20190103, 20190104, 20190111, 20190115, 20190122, 20190124]",6,"[[0.418148962360308,0.9044090557710254,0.9689757963730083,0.8477134507829124],[0.4032237207371195,0.893707705916988,0.9276347781498021,0.869820285394073]]",0.747935104037165,0.39408570088857164,OK,EXACT_POLICY_ENUMERATION,P05,"{""100"": 250, ""1000"": 250, ""25"": 100, ""250"": 100}"
peak_stress_response,C3_RANDOM_POLICY,20181130,1,100,25,0.78128992020641,0.849143902682098,0.0678539824756879,0.0678539824756879,0.00460416293781095,10.0,100,10ms/100s^-1,100ms/25s^-1,"[20190103, 20190104, 20190111, 20190115, 20190122, 20190124]",6,"[[0.418148962360308,0.9044090557710254,0.9689757963730083,0.8477134507829124],[0.4032237207371195,0.893707705916988,0.9276347781498021,0.869820285394073]]",0.2767554305266323,0.3988425865511407,OK,EXACT_POLICY_ENUMERATION,P06,"{""100"": 250, ""1000"": 100, ""25"": 100, ""250"": 250}"
peak_stress_response,C3_RANDOM_POLICY,20181130,1,100,100,1.389645730717,1.25176566875905,-0.137880061957949,0.137880061957949,0.0190109114855278,10.0,250,10ms/250s^-1,100ms/100s^-1,"[20190103, 20190104, 20190111, 20190115, 20190122, 20190124]",6,"[[0.418148962360308,0.9044090557710254,0.9689757963730083,0.8477134507829124],[0.4032237207371195,0.893707705916988,0.9276347781498021,0.869820285394073]]",0.5342841058978167,0.2255261570294893,OK,EXACT_POLICY_ENUMERATION,P06,"{""100"": 250, ""1000"": 100, ""25"": 100, ""250"": 250}"
peak_stress_response,C3_RANDOM_POLICY,20181130,1,100,250,1.68991882851711,1.58624514442119,-0.103673684095917,0.103673684095917,0.0107482327740201,10.0,250,10ms/250s^-1,100ms/250s^-1,"[20190103, 20190104, 20190111, 20190115, 20190122, 20190124]",6,"[[0.418148962360308,0.9044090557710254,0.9689757963730083,0.8477134507829124],[0.4032237207371195,0.893707705916988,0.9276347781498021,0.869820285394073]]",0.7026798177717585,0.23655537238402236,OK,EXACT_POLICY_ENUMERATION,P06,"{""100"": 250, ""1000"": 100, ""25"": 100, ""250"": 250}"
peak_stress_response,C3_RANDOM_POLICY,20181130,1,100,1000,2.08138755358501,1.99272470590143,-0.0886628476835731,0.0886628476835731,0.00786110055936049,10.0,100,10ms/100s^-1,100ms/1000s^-1,"[20190103, 20190104, 20190111, 20190115, 20190122, 20190124]",6,"[[0.418148962360308,0.9044090557710254,0.9689757963730083,0.8477134507829124],[0.4032237207371195,0.893707705916988,0.9276347781498021,0.869820285394073]]",0.8997090142679183,0.5288323714717302,OK,EXACT_POLICY_ENUMERATION,P06,"{""100"": 250, ""1000"": 100, ""25"": 100, ""250"": 250}"
peak_stress_response,C3_RANDOM_POLICY,20181130,1,100,25,0.78128992020641,0.849143902682098,0.0678539824756879,0.0678539824756879,0.00460416293781095,10.0,100,10ms/100s^-1,100ms/25s^-1,"[20190103, 20190104, 20190111, 20190115, 20190122, 20190124]",6,"[[0.418148962360308,0.9044090557710254,0.9689757963730083,0.8477134507829124],[0.4032237207371195,0.893707705916988,0.9276347781498021,0.869820285394073]]",0.2767554305266323,0.3988425865511407,OK,EXACT_POLICY_ENUMERATION,P07,"{""100"": 250, ""1000"": 250, ""25"": 100, ""250"": 250}"
peak_stress_response,C3_RANDOM_POLICY,20181130,1,100,100,1.389645730717,1.25176566875905,-0.137880061957949,0.137880061957949,0.0190109114855278,10.0,250,10ms/250s^-1,100ms/100s^-1,"[20190103, 20190104, 20190111, 20190115, 20190122, 20190124]",6,"[[0.418148962360308,0.9044090557710254,0.9689757963730083,0.8477134507829124],[0.4032237207371195,0.893707705916988,0.9276347781498021,0.869820285394073]]",0.5342841058978167,0.2255261570294893,OK,EXACT_POLICY_ENUMERATION,P07,"{""100"": 250, ""1000"": 250, ""25"": 100, ""250"": 250}"
peak_stress_response,C3_RANDOM_POLICY,20181130,1,100,250,1.68991882851711,1.58624514442119,-0.103673684095917,0.103673684095917,0.0107482327740201,10.0,250,10ms/250s^-1,100ms/250s^-1,"[20190103, 20190104, 20190111, 20190115, 20190122, 20190124]",6,"[[0.418148962360308,0.9044090557710254,0.9689757963730083,0.8477134507829124],[0.4032237207371195,0.893707705916988,0.9276347781498021,0.869820285394073]]",0.7026798177717585,0.23655537238402236,OK,EXACT_POLICY_ENUMERATION,P07,"{""100"": 250, ""1000"": 250, ""25"": 100, ""250"": 250}"
peak_stress_response,C3_RANDOM_POLICY,20181130,1,100,1000,2.08138755358501,1.83070069186361,-0.250686861721394,0.250686861721394,0.0628439026397213,10.0,250,10ms/250s^-1,100ms/1000s^-1,"[20190103, 20190104, 20190111, 20190115, 20190122, 20190124]",6,"[[0.418148962360308,0.9044090557710254,0.9689757963730083,0.8477134507829124],[0.4032237207371195,0.893707705916988,0.9276347781498021,0.869820285394073]]",0.747935104037165,0.39408570088857164,OK,EXACT_POLICY_ENUMERATION,P07,"{""100"": 250, ""1000"": 250, ""25"": 100, ""250"": 250}"
peak_stress_response,C3_RANDOM_POLICY,20181130,1,100,25,0.78128992020641,0.793883162246484,0.0125932420400744,0.0125932420400744,0.000158589745079897,10.0,250,10ms/250s^-1,100ms/25s^-1,"[20190103, 20190104, 20190111, 20190115, 20190122, 20190124]",6,"[[0.418148962360308,0.9044090557710254,0.9689757963730083,0.8477134507829124],[0.4032237207371195,0.893707705916988,0.9276347781498021,0.869820285394073]]",0.23104231849413642,0.3501028710063856,OK,EXACT_POLICY_ENUMERATION,P08,"{""100"": 100, ""1000"": 100, ""25"": 250, ""250"": 100}"
peak_stress_response,C3_RANDOM_POLICY,20181130,1,100,100,1.389645730717,1.37464427507028,-0.0150014556467206,0.0150014556467206,0.000225043671520526,10.0,100,10ms/100s^-1,100ms/100s^-1,"[20190103, 20190104, 20190111, 20190115, 20190122, 20190124]",6,"[[0.418148962360308,0.9044090557710254,0.9689757963730083,0.8477134507829124],[0.4032237207371195,0.893707705916988,0.9276347781498021,0.869820285394073]]",0.6410991679646723,0.3315290648082265,OK,EXACT_POLICY_ENUMERATION,P08,"{""100"": 100, ""1000"": 100, ""25"": 250, ""250"": 100}"
peak_stress_response,C3_RANDOM_POLICY,20181130,1,100,250,1.68991882851711,1.74998527755152,0.0600664490344129,0.0600664490344129,0.00360797829960373,10.0,100,10ms/100s^-1,100ms/250s^-1,"[20190103, 20190104, 20190111, 20190115, 20190122, 20190124]",6,"[[0.418148962360308,0.9044090557710254,0.9689757963730083,0.8477134507829124],[0.4032237207371195,0.893707705916988,0.9276347781498021,0.869820285394073]]",0.8426816082929576,0.3788807013139319,OK,EXACT_POLICY_ENUMERATION,P08,"{""100"": 100, ""1000"": 100, ""25"": 250, ""250"": 100}"
peak_stress_response,C3_RANDOM_POLICY,20181130,1,100,1000,2.08138755358501,1.99272470590143,-0.0886628476835731,0.0886628476835731,0.00786110055936049,10.0,100,10ms/100s^-1,100ms/1000s^-1,"[20190103, 20190104, 20190111, 20190115, 20190122, 20190124]",6,"[[0.418148962360308,0.9044090557710254,0.9689757963730083,0.8477134507829124],[0.4032237207371195,0.893707705916988,0.9276347781498021,0.869820285394073]]",0.8997090142679183,0.5288323714717302,OK,EXACT_POLICY_ENUMERATION,P08,"{""100"": 100, ""1000"": 100, ""25"": 250, ""250"": 100}"
peak_stress_response,C3_RANDOM_POLICY,20181130,1,100,25,0.78128992020641,0.793883162246484,0.0125932420400744,0.0125932420400744,0.000158589745079897,10.0,250,10ms/250s^-1,100ms/25s^-1,"[20190103, 20190104, 20190111, 20190115, 20190122, 20190124]",6,"[[0.418148962360308,0.9044090557710254,0.9689757963730083,0.8477134507829124],[0.4032237207371195,0.893707705916988,0.9276347781498021,0.869820285394073]]",0.23104231849413642,0.3501028710063856,OK,EXACT_POLICY_ENUMERATION,P09,"{""100"": 100, ""1000"": 250, ""25"": 250, ""250"": 100}"
peak_stress_response,C3_RANDOM_POLICY,20181130,1,100,100,1.389645730717,1.37464427507028,-0.0150014556467206,0.0150014556467206,0.000225043671520526,10.0,100,10ms/100s^-1,100ms/100s^-1,"[20190103, 20190104, 20190111, 20190115, 20190122, 20190124]",6,"[[0.418148962360308,0.9044090557710254,0.9689757963730083,0.8477134507829124],[0.4032237207371195,0.893707705916988,0.9276347781498021,0.869820285394073]]",0.6410991679646723,0.3315290648082265,OK,EXACT_POLICY_ENUMERATION,P09,"{""100"": 100, ""1000"": 250, ""25"": 250, ""250"": 100}"
peak_stress_response,C3_RANDOM_POLICY,20181130,1,100,250,1.68991882851711,1.74998527755152,0.0600664490344129,0.0600664490344129,0.00360797829960373,10.0,100,10ms/100s^-1,100ms/250s^-1,"[20190103, 20190104, 20190111, 20190115, 20190122, 20190124]",6,"[[0.418148962360308,0.9044090557710254,0.9689757963730083,0.8477134507829124],[0.4032237207371195,0.893707705916988,0.9276347781498021,0.869820285394073]]",0.8426816082929576,0.3788807013139319,OK,EXACT_POLICY_ENUMERATION,P09,"{""100"": 100, ""1000"": 250, ""25"": 250, ""250"": 100}"
peak_stress_response,C3_RANDOM_POLICY,20181130,1,100,1000,2.08138755358501,1.83070069186361,-0.250686861721394,0.250686861721394,0.0628439026397213,10.0,250,10ms/250s^-1,100ms/1000s^-1,"[20190103, 20190104, 20190111, 20190115, 20190122, 20190124]",6,"[[0.418148962360308,0.9044090557710254,0.9689757963730083,0.8477134507829124],[0.4032237207371195,0.893707705916988,0.9276347781498021,0.869820285394073]]",0.747935104037165,0.39408570088857164,OK,EXACT_POLICY_ENUMERATION,P09,"{""100"": 100, ""1000"": 250, ""25"": 250, ""250"": 100}"
peak_stress_response,C3_RANDOM_POLICY,20181130,1,100,25,0.78128992020641,0.793883162246484,0.0125932420400744,0.0125932420400744,0.000158589745079897,10.0,250,10ms/250s^-1,100ms/25s^-1,"[20190103, 20190104, 20190111, 20190115, 20190122, 20190124]",6,"[[0.418148962360308,0.9044090557710254,0.9689757963730083,0.8477134507829124],[0.4032237207371195,0.893707705916988,0.9276347781498021,0.869820285394073]]",0.23104231849413642,0.3501028710063856,OK,EXACT_POLICY_ENUMERATION,P10,"{""100"": 100, ""1000"": 100, ""25"": 250, ""250"": 250}"
peak_stress_response,C3_RANDOM_POLICY,20181130,1,100,100,1.389645730717,1.37464427507028,-0.0150014556467206,0.0150014556467206,0.000225043671520526,10.0,100,10ms/100s^-1,100ms/100s^-1,"[20190103, 20190104, 20190111, 20190115, 20190122, 20190124]",6,"[[0.418148962360308,0.9044090557710254,0.9689757963730083,0.8477134507829124],[0.4032237207371195,0.893707705916988,0.9276347781498021,0.869820285394073]]",0.6410991679646723,0.3315290648082265,OK,EXACT_POLICY_ENUMERATION,P10,"{""100"": 100, ""1000"": 100, ""25"": 250, ""250"": 250}"
peak_stress_response,C3_RANDOM_POLICY,20181130,1,100,250,1.68991882851711,1.58624514442119,-0.103673684095917,0.103673684095917,0.0107482327740201,10.0,250,10ms/250s^-1,100ms/250s^-1,"[20190103, 20190104, 20190111, 20190115, 20190122, 20190124]",6,"[[0.418148962360308,0.9044090557710254,0.9689757963730083,0.8477134507829124],[0.4032237207371195,0.893707705916988,0.9276347781498021,0.869820285394073]]",0.7026798177717585,0.23655537238402236,OK,EXACT_POLICY_ENUMERATION,P10,"{""100"": 100, ""1000"": 100, ""25"": 250, ""250"": 250}"
peak_stress_response,C3_RANDOM_POLICY,20181130,1,100,1000,2.08138755358501,1.99272470590143,-0.0886628476835731,0.0886628476835731,0.00786110055936049,10.0,100,10ms/100s^-1,100ms/1000s^-1,"[20190103, 20190104, 20190111, 20190115, 20190122, 20190124]",6,"[[0.418148962360308,0.9044090557710254,0.9689757963730083,0.8477134507829124],[0.4032237207371195,0.893707705916988,0.9276347781498021,0.869820285394073]]",0.8997090142679183,0.5288323714717302,OK,EXACT_POLICY_ENUMERATION,P10,"{""100"": 100, ""1000"": 100, ""25"": 250, ""250"": 250}"
peak_stress_response,C3_RANDOM_POLICY,20181130,1,100,25,0.78128992020641,0.793883162246484,0.0125932420400744,0.0125932420400744,0.000158589745079897,10.0,250,10ms/250s^-1,100ms/25s^-1,"[20190103, 20190104, 20190111, 20190115, 20190122, 20190124]",6,"[[0.418148962360308,0.9044090557710254,0.9689757963730083,0.8477134507829124],[0.4032237207371195,0.893707705916988,0.9276347781498021,0.869820285394073]]",0.23104231849413642,0.3501028710063856,OK,EXACT_POLICY_ENUMERATION,P11,"{""100"": 100, ""1000"": 250, ""25"": 250, ""250"": 250}"
peak_stress_response,C3_RANDOM_POLICY,20181130,1,100,100,1.389645730717,1.37464427507028,-0.0150014556467206,0.0150014556467206,0.000225043671520526,10.0,100,10ms/100s^-1,100ms/100s^-1,"[20190103, 20190104, 20190111, 20190115, 20190122, 20190124]",6,"[[0.418148962360308,0.9044090557710254,0.9689757963730083,0.8477134507829124],[0.4032237207371195,0.893707705916988,0.9276347781498021,0.869820285394073]]",0.6410991679646723,0.3315290648082265,OK,EXACT_POLICY_ENUMERATION,P11,"{""100"": 100, ""1000"": 250, ""25"": 250, ""250"": 250}"
peak_stress_response,C3_RANDOM_POLICY,20181130,1,100,250,1.68991882851711,1.58624514442119,-0.103673684095917,0.103673684095917,0.0107482327740201,10.0,250,10ms/250s^-1,100ms/250s^-1,"[20190103, 20190104, 20190111, 20190115, 20190122, 20190124]",6,"[[0.418148962360308,0.9044090557710254,0.9689757963730083,0.8477134507829124],[0.4032237207371195,0.893707705916988,0.9276347781498021,0.869820285394073]]",0.7026798177717585,0.23655537238402236,OK,EXACT_POLICY_ENUMERATION,P11,"{""100"": 100, ""1000"": 250, ""25"": 250, ""250"": 250}"
peak_stress_response,C3_RANDOM_POLICY,20181130,1,100,1000,2.08138755358501,1.83070069186361,-0.250686861721394,0.250686861721394,0.0628439026397213,10.0,250,10ms/250s^-1,100ms/1000s^-1,"[20190103, 20190104, 20190111, 20190115, 20190122, 20190124]",6,"[[0.418148962360308,0.9044090557710254,0.9689757963730083,0.8477134507829124],[0.4032237207371195,0.893707705916988,0.9276347781498021,0.869820285394073]]",0.747935104037165,0.39408570088857164,OK,EXACT_POLICY_ENUMERATION,P11,"{""100"": 100, ""1000"": 250, ""25"": 250, ""250"": 250}"
peak_stress_response,C3_RANDOM_POLICY,20181130,1,100,25,0.78128992020641,0.793883162246484,0.0125932420400744,0.0125932420400744,0.000158589745079897,10.0,250,10ms/250s^-1,100ms/25s^-1,"[20190103, 20190104, 20190111, 20190115, 20190122, 20190124]",6,"[[0.418148962360308,0.9044090557710254,0.9689757963730083,0.8477134507829124],[0.4032237207371195,0.893707705916988,0.9276347781498021,0.869820285394073]]",0.23104231849413642,0.3501028710063856,OK,EXACT_POLICY_ENUMERATION,P12,"{""100"": 250, ""1000"": 100, ""25"": 250, ""250"": 100}"
peak_stress_response,C3_RANDOM_POLICY,20181130,1,100,100,1.389645730717,1.25176566875905,-0.137880061957949,0.137880061957949,0.0190109114855278,10.0,250,10ms/250s^-1,100ms/100s^-1,"[20190103, 20190104, 20190111, 20190115, 20190122, 20190124]",6,"[[0.418148962360308,0.9044090557710254,0.9689757963730083,0.8477134507829124],[0.4032237207371195,0.893707705916988,0.9276347781498021,0.869820285394073]]",0.5342841058978167,0.2255261570294893,OK,EXACT_POLICY_ENUMERATION,P12,"{""100"": 250, ""1000"": 100, ""25"": 250, ""250"": 100}"
peak_stress_response,C3_RANDOM_POLICY,20181130,1,100,250,1.68991882851711,1.74998527755152,0.0600664490344129,0.0600664490344129,0.00360797829960373,10.0,100,10ms/100s^-1,100ms/250s^-1,"[20190103, 20190104, 20190111, 20190115, 20190122, 20190124]",6,"[[0.418148962360308,0.9044090557710254,0.9689757963730083,0.8477134507829124],[0.4032237207371195,0.893707705916988,0.9276347781498021,0.869820285394073]]",0.8426816082929576,0.3788807013139319,OK,EXACT_POLICY_ENUMERATION,P12,"{""100"": 250, ""1000"": 100, ""25"": 250, ""250"": 100}"
peak_stress_response,C3_RANDOM_POLICY,20181130,1,100,1000,2.08138755358501,1.99272470590143,-0.0886628476835731,0.0886628476835731,0.00786110055936049,10.0,100,10ms/100s^-1,100ms/1000s^-1,"[20190103, 20190104, 20190111, 20190115, 20190122, 20190124]",6,"[[0.418148962360308,0.9044090557710254,0.9689757963730083,0.8477134507829124],[0.4032237207371195,0.893707705916988,0.9276347781498021,0.869820285394073]]",0.8997090142679183,0.5288323714717302,OK,EXACT_POLICY_ENUMERATION,P12,"{""100"": 250, ""1000"": 100, ""25"": 250, ""250"": 100}"
peak_stress_response,C3_RANDOM_POLICY,20181130,1,100,25,0.78128992020641,0.793883162246484,0.0125932420400744,0.0125932420400744,0.000158589745079897,10.0,250,10ms/250s^-1,100ms/25s^-1,"[20190103, 20190104, 20190111, 20190115, 20190122, 20190124]",6,"[[0.418148962360308,0.9044090557710254,0.9689757963730083,0.8477134507829124],[0.4032237207371195,0.893707705916988,0.9276347781498021,0.869820285394073]]",0.23104231849413642,0.3501028710063856,OK,EXACT_POLICY_ENUMERATION,P13,"{""100"": 250, ""1000"": 250, ""25"": 250, ""250"": 100}"
peak_stress_response,C3_RANDOM_POLICY,20181130,1,100,100,1.389645730717,1.25176566875905,-0.137880061957949,0.137880061957949,0.0190109114855278,10.0,250,10ms/250s^-1,100ms/100s^-1,"[20190103, 20190104, 20190111, 20190115, 20190122, 20190124]",6,"[[0.418148962360308,0.9044090557710254,0.9689757963730083,0.8477134507829124],[0.4032237207371195,0.893707705916988,0.9276347781498021,0.869820285394073]]",0.5342841058978167,0.2255261570294893,OK,EXACT_POLICY_ENUMERATION,P13,"{""100"": 250, ""1000"": 250, ""25"": 250, ""250"": 100}"
peak_stress_response,C3_RANDOM_POLICY,20181130,1,100,250,1.68991882851711,1.74998527755152,0.0600664490344129,0.0600664490344129,0.00360797829960373,10.0,100,10ms/100s^-1,100ms/250s^-1,"[20190103, 20190104, 20190111, 20190115, 20190122, 20190124]",6,"[[0.418148962360308,0.9044090557710254,0.9689757963730083,0.8477134507829124],[0.4032237207371195,0.893707705916988,0.9276347781498021,0.869820285394073]]",0.8426816082929576,0.3788807013139319,OK,EXACT_POLICY_ENUMERATION,P13,"{""100"": 250, ""1000"": 250, ""25"": 250, ""250"": 100}"
peak_stress_response,C3_RANDOM_POLICY,20181130,1,100,1000,2.08138755358501,1.83070069186361,-0.250686861721394,0.250686861721394,0.0628439026397213,10.0,250,10ms/250s^-1,100ms/1000s^-1,"[20190103, 20190104, 20190111, 20190115, 20190122, 20190124]",6,"[[0.418148962360308,0.9044090557710254,0.9689757963730083,0.8477134507829124],[0.4032237207371195,0.893707705916988,0.9276347781498021,0.869820285394073]]",0.747935104037165,0.39408570088857164,OK,EXACT_POLICY_ENUMERATION,P13,"{""100"": 250, ""1000"": 250, ""25"": 250, ""250"": 100}"
peak_stress_response,C3_RANDOM_POLICY,20181130,1,100,25,0.78128992020641,0.793883162246484,0.0125932420400744,0.0125932420400744,0.000158589745079897,10.0,250,10ms/250s^-1,100ms/25s^-1,"[20190103, 20190104, 20190111, 20190115, 20190122, 20190124]",6,"[[0.418148962360308,0.9044090557710254,0.9689757963730083,0.8477134507829124],[0.4032237207371195,0.893707705916988,0.9276347781498021,0.869820285394073]]",0.23104231849413642,0.3501028710063856,OK,EXACT_POLICY_ENUMERATION,P14,"{""100"": 250, ""1000"": 100, ""25"": 250, ""250"": 250}"
peak_stress_response,C3_RANDOM_POLICY,20181130,1,100,100,1.389645730717,1.25176566875905,-0.137880061957949,0.137880061957949,0.0190109114855278,10.0,250,10ms/250s^-1,100ms/100s^-1,"[20190103, 20190104, 20190111, 20190115, 20190122, 20190124]",6,"[[0.418148962360308,0.9044090557710254,0.9689757963730083,0.8477134507829124],[0.4032237207371195,0.893707705916988,0.9276347781498021,0.869820285394073]]",0.5342841058978167,0.2255261570294893,OK,EXACT_POLICY_ENUMERATION,P14,"{""100"": 250, ""1000"": 100, ""25"": 250, ""250"": 250}"
peak_stress_response,C3_RANDOM_POLICY,20181130,1,100,250,1.68991882851711,1.58624514442119,-0.103673684095917,0.103673684095917,0.0107482327740201,10.0,250,10ms/250s^-1,100ms/250s^-1,"[20190103, 20190104, 20190111, 20190115, 20190122, 20190124]",6,"[[0.418148962360308,0.9044090557710254,0.9689757963730083,0.8477134507829124],[0.4032237207371195,0.893707705916988,0.9276347781498021,0.869820285394073]]",0.7026798177717585,0.23655537238402236,OK,EXACT_POLICY_ENUMERATION,P14,"{""100"": 250, ""1000"": 100, ""25"": 250, ""250"": 250}"
peak_stress_response,C3_RANDOM_POLICY,20181130,1,100,1000,2.08138755358501,1.99272470590143,-0.0886628476835731,0.0886628476835731,0.00786110055936049,10.0,100,10ms/100s^-1,100ms/1000s^-1,"[20190103, 20190104, 20190111, 20190115, 20190122, 20190124]",6,"[[0.418148962360308,0.9044090557710254,0.9689757963730083,0.8477134507829124],[0.4032237207371195,0.893707705916988,0.9276347781498021,0.869820285394073]]",0.8997090142679183,0.5288323714717302,OK,EXACT_POLICY_ENUMERATION,P14,"{""100"": 250, ""1000"": 100, ""25"": 250, ""250"": 250}"
peak_stress_response,C3_RANDOM_POLICY,20181130,1,100,25,0.78128992020641,0.793883162246484,0.0125932420400744,0.0125932420400744,0.000158589745079897,10.0,250,10ms/250s^-1,100ms/25s^-1,"[20190103, 20190104, 20190111, 20190115, 20190122, 20190124]",6,"[[0.418148962360308,0.9044090557710254,0.9689757963730083,0.8477134507829124],[0.4032237207371195,0.893707705916988,0.9276347781498021,0.869820285394073]]",0.23104231849413642,0.3501028710063856,OK,EXACT_POLICY_ENUMERATION,P15,"{""100"": 250, ""1000"": 250, ""25"": 250, ""250"": 250}"
peak_stress_response,C3_RANDOM_POLICY,20181130,1,100,100,1.389645730717,1.25176566875905,-0.137880061957949,0.137880061957949,0.0190109114855278,10.0,250,10ms/250s^-1,100ms/100s^-1,"[20190103, 20190104, 20190111, 20190115, 20190122, 20190124]",6,"[[0.418148962360308,0.9044090557710254,0.9689757963730083,0.8477134507829124],[0.4032237207371195,0.893707705916988,0.9276347781498021,0.869820285394073]]",0.5342841058978167,0.2255261570294893,OK,EXACT_POLICY_ENUMERATION,P15,"{""100"": 250, ""1000"": 250, ""25"": 250, ""250"": 250}"
peak_stress_response,C3_RANDOM_POLICY,20181130,1,100,250,1.68991882851711,1.58624514442119,-0.103673684095917,0.103673684095917,0.0107482327740201,10.0,250,10ms/250s^-1,100ms/250s^-1,"[20190103, 20190104, 20190111, 20190115, 20190122, 20190124]",6,"[[0.418148962360308,0.9044090557710254,0.9689757963730083,0.8477134507829124],[0.4032237207371195,0.893707705916988,0.9276347781498021,0.869820285394073]]",0.7026798177717585,0.23655537238402236,OK,EXACT_POLICY_ENUMERATION,P15,"{""100"": 250, ""1000"": 250, ""25"": 250, ""250"": 250}"
peak_stress_response,C3_RANDOM_POLICY,20181130,1,100,1000,2.08138755358501,1.83070069186361,-0.250686861721394,0.250686861721394,0.0628439026397213,10.0,250,10ms/250s^-1,100ms/1000s^-1,"[20190103, 20190104, 20190111, 20190115, 20190122, 20190124]",6,"[[0.418148962360308,0.9044090557710254,0.9689757963730083,0.8477134507829124],[0.4032237207371195,0.893707705916988,0.9276347781498021,0.869820285394073]]",0.747935104037165,0.39408570088857164,OK,EXACT_POLICY_ENUMERATION,P15,"{""100"": 250, ""1000"": 250, ""25"": 250, ""250"": 250}"
peak_stress_response,C3_RANDOM_POLICY,20190103,2,100,25,1.17441656649598,0.968941739782388,-0.205474826713589,0.205474826713589,0.0422199044129795,10.0,100,10ms/100s^-1,100ms/25s^-1,"[20181130, 20190104, 20190111, 20190115, 20190122, 20190124]",6,"[[0.3672755870917608,0.8266416978949086,0.8686287453800215,0.8013822825930642],[0.36096488765856066,0.8486506845554338,0.8740129670737247,0.8387204499029837]]",0.2905634931225291,0.2846618762527915,OK,EXACT_POLICY_ENUMERATION,P00,"{""100"": 100, ""1000"": 100, ""25"": 100, ""250"": 100}"
peak_stress_response,C3_RANDOM_POLICY,20190103,2,100,100,2.11309013723482,1.73710771508274,-0.375982422152078,0.375982422152078,0.141362781767344,10.0,100,10ms/100s^-1,100ms/100s^-1,"[20181130, 20190104, 20190111, 20190115, 20190122, 20190124]",6,"[[0.3672755870917608,0.8266416978949086,0.8686287453800215,0.8013822825930642],[0.36096488765856066,0.8486506845554338,0.8740129670737247,0.8387204499029837]]",0.6581576840325373,0.18713994256280087,OK,EXACT_POLICY_ENUMERATION,P00,"{""100"": 100, ""1000"": 100, ""25"": 100, ""250"": 100}"
peak_stress_response,C3_RANDOM_POLICY,20190103,2,100,250,2.66346756822239,2.21326463046205,-0.450202937760338,0.450202937760338,0.202682685168039,10.0,100,10ms/100s^-1,100ms/250s^-1,"[20181130, 20190104, 20190111, 20190115, 20190122, 20190124]",6,"[[0.3672755870917608,0.8266416978949086,0.8686287453800215,0.8013822825930642],[0.36096488765856066,0.8486506845554338,0.8740129670737247,0.8387204499029837]]",0.8677097123757411,0.16979978500951365,OK,EXACT_POLICY_ENUMERATION,P00,"{""100"": 100, ""1000"": 100, ""25"": 100, ""250"": 100}"
peak_stress_response,C3_RANDOM_POLICY,20190103,2,100,1000,2.93104996283833,2.57240035878998,-0.358649604048349,0.358649604048349,0.128629538484037,10.0,100,10ms/100s^-1,100ms/1000s^-1,"[20181130, 20190104, 20190111, 20190115, 20190122, 20190124]",6,"[[0.3672755870917608,0.8266416978949086,0.8686287453800215,0.8013822825930642],[0.36096488765856066,0.8486506845554338,0.8740129670737247,0.8387204499029837]]",0.9115957943028806,0.42558336187054646,OK,EXACT_POLICY_ENUMERATION,P00,"{""100"": 100, ""1000"": 100, ""25"": 100, ""250"": 100}"
peak_stress_response,C3_RANDOM_POLICY,20190103,2,100,25,1.17441656649598,0.968941739782388,-0.205474826713589,0.205474826713589,0.0422199044129795,10.0,100,10ms/100s^-1,100ms/25s^-1,"[20181130, 20190104, 20190111, 20190115, 20190122, 20190124]",6,"[[0.3672755870917608,0.8266416978949086,0.8686287453800215,0.8013822825930642],[0.36096488765856066,0.8486506845554338,0.8740129670737247,0.8387204499029837]]",0.2905634931225291,0.2846618762527915,OK,EXACT_POLICY_ENUMERATION,P01,"{""100"": 100, ""1000"": 250, ""25"": 100, ""250"": 100}"
peak_stress_response,C3_RANDOM_POLICY,20190103,2,100,100,2.11309013723482,1.73710771508274,-0.375982422152078,0.375982422152078,0.141362781767344,10.0,100,10ms/100s^-1,100ms/100s^-1,"[20181130, 20190104, 20190111, 20190115, 20190122, 20190124]",6,"[[0.3672755870917608,0.8266416978949086,0.8686287453800215,0.8013822825930642],[0.36096488765856066,0.8486506845554338,0.8740129670737247,0.8387204499029837]]",0.6581576840325373,0.18713994256280087,OK,EXACT_POLICY_ENUMERATION,P01,"{""100"": 100, ""1000"": 250, ""25"": 100, ""250"": 100}"
peak_stress_response,C3_RANDOM_POLICY,20190103,2,100,250,2.66346756822239,2.21326463046205,-0.450202937760338,0.450202937760338,0.202682685168039,10.0,100,10ms/100s^-1,100ms/250s^-1,"[20181130, 20190104, 20190111, 20190115, 20190122, 20190124]",6,"[[0.3672755870917608,0.8266416978949086,0.8686287453800215,0.8013822825930642],[0.36096488765856066,0.8486506845554338,0.8740129670737247,0.8387204499029837]]",0.8677097123757411,0.16979978500951365,OK,EXACT_POLICY_ENUMERATION,P01,"{""100"": 100, ""1000"": 250, ""25"": 100, ""250"": 100}"
peak_stress_response,C3_RANDOM_POLICY,20190103,2,100,1000,2.93104996283833,2.63754617154244,-0.293503791295891,0.293503791295891,0.0861444755050619,10.0,250,10ms/250s^-1,100ms/1000s^-1,"[20181130, 20190104, 20190111, 20190115, 20190122, 20190124]",6,"[[0.3672755870917608,0.8266416978949086,0.8686287453800215,0.8013822825930642],[0.36096488765856066,0.8486506845554338,0.8740129670737247,0.8387204499029837]]",0.7467497865316852,0.395904311839816,OK,EXACT_POLICY_ENUMERATION,P01,"{""100"": 100, ""1000"": 250, ""25"": 100, ""250"": 100}"
peak_stress_response,C3_RANDOM_POLICY,20190103,2,100,25,1.17441656649598,0.968941739782388,-0.205474826713589,0.205474826713589,0.0422199044129795,10.0,100,10ms/100s^-1,100ms/25s^-1,"[20181130, 20190104, 20190111, 20190115, 20190122, 20190124]",6,"[[0.3672755870917608,0.8266416978949086,0.8686287453800215,0.8013822825930642],[0.36096488765856066,0.8486506845554338,0.8740129670737247,0.8387204499029837]]",0.2905634931225291,0.2846618762527915,OK,EXACT_POLICY_ENUMERATION,P02,"{""100"": 100, ""1000"": 100, ""25"": 100, ""250"": 250}"
peak_stress_response,C3_RANDOM_POLICY,20190103,2,100,100,2.11309013723482,1.73710771508274,-0.375982422152078,0.375982422152078,0.141362781767344,10.0,100,10ms/100s^-1,100ms/100s^-1,"[20181130, 20190104, 20190111, 20190115, 20190122, 20190124]",6,"[[0.3672755870917608,0.8266416978949086,0.8686287453800215,0.8013822825930642],[0.36096488765856066,0.8486506845554338,0.8740129670737247,0.8387204499029837]]",0.6581576840325373,0.18713994256280087,OK,EXACT_POLICY_ENUMERATION,P02,"{""100"": 100, ""1000"": 100, ""25"": 100, ""250"": 250}"
peak_stress_response,C3_RANDOM_POLICY,20190103,2,100,250,2.66346756822239,2.26630438601466,-0.397163182207725,0.397163182207725,0.157738593301367,10.0,250,10ms/250s^-1,100ms/250s^-1,"[20181130, 20190104, 20190111, 20190115, 20190122, 20190124]",6,"[[0.3672755870917608,0.8266416978949086,0.8686287453800215,0.8013822825930642],[0.36096488765856066,0.8486506845554338,0.8740129670737247,0.8387204499029837]]",0.7128817207174256,0.12632987915993255,OK,EXACT_POLICY_ENUMERATION,P02,"{""100"": 100, ""1000"": 100, ""25"": 100, ""250"": 250}"
peak_stress_response,C3_RANDOM_POLICY,20190103,2,100,1000,2.93104996283833,2.57240035878998,-0.358649604048349,0.358649604048349,0.128629538484037,10.0,100,10ms/100s^-1,100ms/1000s^-1,"[20181130, 20190104, 20190111, 20190115, 20190122, 20190124]",6,"[[0.3672755870917608,0.8266416978949086,0.8686287453800215,0.8013822825930642],[0.36096488765856066,0.8486506845554338,0.8740129670737247,0.8387204499029837]]",0.9115957943028806,0.42558336187054646,OK,EXACT_POLICY_ENUMERATION,P02,"{""100"": 100, ""1000"": 100, ""25"": 100, ""250"": 250}"
peak_stress_response,C3_RANDOM_POLICY,20190103,2,100,25,1.17441656649598,0.968941739782388,-0.205474826713589,0.205474826713589,0.0422199044129795,10.0,100,10ms/100s^-1,100ms/25s^-1,"[20181130, 20190104, 20190111, 20190115, 20190122, 20190124]",6,"[[0.3672755870917608,0.8266416978949086,0.8686287453800215,0.8013822825930642],[0.36096488765856066,0.8486506845554338,0.8740129670737247,0.8387204499029837]]",0.2905634931225291,0.2846618762527915,OK,EXACT_POLICY_ENUMERATION,P03,"{""100"": 100, ""1000"": 250, ""25"": 100, ""250"": 250}"
peak_stress_response,C3_RANDOM_POLICY,20190103,2,100,100,2.11309013723482,1.73710771508274,-0.375982422152078,0.375982422152078,0.141362781767344,10.0,100,10ms/100s^-1,100ms/100s^-1,"[20181130, 20190104, 20190111, 20190115, 20190122, 20190124]",6,"[[0.3672755870917608,0.8266416978949086,0.8686287453800215,0.8013822825930642],[0.36096488765856066,0.8486506845554338,0.8740129670737247,0.8387204499029837]]",0.6581576840325373,0.18713994256280087,OK,EXACT_POLICY_ENUMERATION,P03,"{""100"": 100, ""1000"": 250, ""25"": 100, ""250"": 250}"
peak_stress_response,C3_RANDOM_POLICY,20190103,2,100,250,2.66346756822239,2.26630438601466,-0.397163182207725,0.397163182207725,0.157738593301367,10.0,250,10ms/250s^-1,100ms/250s^-1,"[20181130, 20190104, 20190111, 20190115, 20190122, 20190124]",6,"[[0.3672755870917608,0.8266416978949086,0.8686287453800215,0.8013822825930642],[0.36096488765856066,0.8486506845554338,0.8740129670737247,0.8387204499029837]]",0.7128817207174256,0.12632987915993255,OK,EXACT_POLICY_ENUMERATION,P03,"{""100"": 100, ""1000"": 250, ""25"": 100, ""250"": 250}"
peak_stress_response,C3_RANDOM_POLICY,20190103,2,100,1000,2.93104996283833,2.63754617154244,-0.293503791295891,0.293503791295891,0.0861444755050619,10.0,250,10ms/250s^-1,100ms/1000s^-1,"[20181130, 20190104, 20190111, 20190115, 20190122, 20190124]",6,"[[0.3672755870917608,0.8266416978949086,0.8686287453800215,0.8013822825930642],[0.36096488765856066,0.8486506845554338,0.8740129670737247,0.8387204499029837]]",0.7467497865316852,0.395904311839816,OK,EXACT_POLICY_ENUMERATION,P03,"{""100"": 100, ""1000"": 250, ""25"": 100, ""250"": 250}"
peak_stress_response,C3_RANDOM_POLICY,20190103,2,100,25,1.17441656649598,0.968941739782388,-0.205474826713589,0.205474826713589,0.0422199044129795,10.0,100,10ms/100s^-1,100ms/25s^-1,"[20181130, 20190104, 20190111, 20190115, 20190122, 20190124]",6,"[[0.3672755870917608,0.8266416978949086,0.8686287453800215,0.8013822825930642],[0.36096488765856066,0.8486506845554338,0.8740129670737247,0.8387204499029837]]",0.2905634931225291,0.2846618762527915,OK,EXACT_POLICY_ENUMERATION,P04,"{""100"": 250, ""1000"": 100, ""25"": 100, ""250"": 100}"
peak_stress_response,C3_RANDOM_POLICY,20190103,2,100,100,2.11309013723482,1.77904531864043,-0.334044818594388,0.334044818594388,0.111585940829757,10.0,250,10ms/250s^-1,100ms/100s^-1,"[20181130, 20190104, 20190111, 20190115, 20190122, 20190124]",6,"[[0.3672755870917608,0.8266416978949086,0.8686287453800215,0.8013822825930642],[0.36096488765856066,0.8486506845554338,0.8740129670737247,0.8387204499029837]]",0.5403244720613789,0.15706433352351867,OK,EXACT_POLICY_ENUMERATION,P04,"{""100"": 250, ""1000"": 100, ""25"": 100, ""250"": 100}"
peak_stress_response,C3_RANDOM_POLICY,20190103,2,100,250,2.66346756822239,2.21326463046205,-0.450202937760338,0.450202937760338,0.202682685168039,10.0,100,10ms/100s^-1,100ms/250s^-1,"[20181130, 20190104, 20190111, 20190115, 20190122, 20190124]",6,"[[0.3672755870917608,0.8266416978949086,0.8686287453800215,0.8013822825930642],[0.36096488765856066,0.8486506845554338,0.8740129670737247,0.8387204499029837]]",0.8677097123757411,0.16979978500951365,OK,EXACT_POLICY_ENUMERATION,P04,"{""100"": 250, ""1000"": 100, ""25"": 100, ""250"": 100}"
peak_stress_response,C3_RANDOM_POLICY,20190103,2,100,1000,2.93104996283833,2.57240035878998,-0.358649604048349,0.358649604048349,0.128629538484037,10.0,100,10ms/100s^-1,100ms/1000s^-1,"[20181130, 20190104, 20190111, 20190115, 20190122, 20190124]",6,"[[0.3672755870917608,0.8266416978949086,0.8686287453800215,0.8013822825930642],[0.36096488765856066,0.8486506845554338,0.8740129670737247,0.8387204499029837]]",0.9115957943028806,0.42558336187054646,OK,EXACT_POLICY_ENUMERATION,P04,"{""100"": 250, ""1000"": 100, ""25"": 100, ""250"": 100}"
peak_stress_response,C3_RANDOM_POLICY,20190103,2,100,25,1.17441656649598,0.968941739782388,-0.205474826713589,0.205474826713589,0.0422199044129795,10.0,100,10ms/100s^-1,100ms/25s^-1,"[20181130, 20190104, 20190111, 20190115, 20190122, 20190124]",6,"[[0.3672755870917608,0.8266416978949086,0.8686287453800215,0.8013822825930642],[0.36096488765856066,0.8486506845554338,0.8740129670737247,0.8387204499029837]]",0.2905634931225291,0.2846618762527915,OK,EXACT_POLICY_ENUMERATION,P05,"{""100"": 250, ""1000"": 250, ""25"": 100, ""250"": 100}"
peak_stress_response,C3_RANDOM_POLICY,20190103,2,100,100,2.11309013723482,1.77904531864043,-0.334044818594388,0.334044818594388,0.111585940829757,10.0,250,10ms/250s^-1,100ms/100s^-1,"[20181130, 20190104, 20190111, 20190115, 20190122, 20190124]",6,"[[0.3672755870917608,0.8266416978949086,0.8686287453800215,0.8013822825930642],[0.36096488765856066,0.8486506845554338,0.8740129670737247,0.8387204499029837]]",0.5403244720613789,0.15706433352351867,OK,EXACT_POLICY_ENUMERATION,P05,"{""100"": 250, ""1000"": 250, ""25"": 100, ""250"": 100}"
peak_stress_response,C3_RANDOM_POLICY,20190103,2,100,250,2.66346756822239,2.21326463046205,-0.450202937760338,0.450202937760338,0.202682685168039,10.0,100,10ms/100s^-1,100ms/250s^-1,"[20181130, 20190104, 20190111, 20190115, 20190122, 20190124]",6,"[[0.3672755870917608,0.8266416978949086,0.8686287453800215,0.8013822825930642],[0.36096488765856066,0.8486506845554338,0.8740129670737247,0.8387204499029837]]",0.8677097123757411,0.16979978500951365,OK,EXACT_POLICY_ENUMERATION,P05,"{""100"": 250, ""1000"": 250, ""25"": 100, ""250"": 100}"
peak_stress_response,C3_RANDOM_POLICY,20190103,2,100,1000,2.93104996283833,2.63754617154244,-0.293503791295891,0.293503791295891,0.0861444755050619,10.0,250,10ms/250s^-1,100ms/1000s^-1,"[20181130, 20190104, 20190111, 20190115, 20190122, 20190124]",6,"[[0.3672755870917608,0.8266416978949086,0.8686287453800215,0.8013822825930642],[0.36096488765856066,0.8486506845554338,0.8740129670737247,0.8387204499029837]]",0.7467497865316852,0.395904311839816,OK,EXACT_POLICY_ENUMERATION,P05,"{""100"": 250, ""1000"": 250, ""25"": 100, ""250"": 100}"
peak_stress_response,C3_RANDOM_POLICY,20190103,2,100,25,1.17441656649598,0.968941739782388,-0.205474826713589,0.205474826713589,0.0422199044129795,10.0,100,10ms/100s^-1,100ms/25s^-1,"[20181130, 20190104, 20190111, 20190115, 20190122, 20190124]",6,"[[0.3672755870917608,0.8266416978949086,0.8686287453800215,0.8013822825930642],[0.36096488765856066,0.8486506845554338,0.8740129670737247,0.8387204499029837]]",0.2905634931225291,0.2846618762527915,OK,EXACT_POLICY_ENUMERATION,P06,"{""100"": 250, ""1000"": 100, ""25"": 100, ""250"": 250}"
peak_stress_response,C3_RANDOM_POLICY,20190103,2,100,100,2.11309013723482,1.77904531864043,-0.334044818594388,0.334044818594388,0.111585940829757,10.0,250,10ms/250s^-1,100ms/100s^-1,"[20181130, 20190104, 20190111, 20190115, 20190122, 20190124]",6,"[[0.3672755870917608,0.8266416978949086,0.8686287453800215,0.8013822825930642],[0.36096488765856066,0.8486506845554338,0.8740129670737247,0.8387204499029837]]",0.5403244720613789,0.15706433352351867,OK,EXACT_POLICY_ENUMERATION,P06,"{""100"": 250, ""1000"": 100, ""25"": 100, ""250"": 250}"
peak_stress_response,C3_RANDOM_POLICY,20190103,2,100,250,2.66346756822239,2.26630438601466,-0.397163182207725,0.397163182207725,0.157738593301367,10.0,250,10ms/250s^-1,100ms/250s^-1,"[20181130, 20190104, 20190111, 20190115, 20190122, 20190124]",6,"[[0.3672755870917608,0.8266416978949086,0.8686287453800215,0.8013822825930642],[0.36096488765856066,0.8486506845554338,0.8740129670737247,0.8387204499029837]]",0.7128817207174256,0.12632987915993255,OK,EXACT_POLICY_ENUMERATION,P06,"{""100"": 250, ""1000"": 100, ""25"": 100, ""250"": 250}"
peak_stress_response,C3_RANDOM_POLICY,20190103,2,100,1000,2.93104996283833,2.57240035878998,-0.358649604048349,0.358649604048349,0.128629538484037,10.0,100,10ms/100s^-1,100ms/1000s^-1,"[20181130, 20190104, 20190111, 20190115, 20190122, 20190124]",6,"[[0.3672755870917608,0.8266416978949086,0.8686287453800215,0.8013822825930642],[0.36096488765856066,0.8486506845554338,0.8740129670737247,0.8387204499029837]]",0.9115957943028806,0.42558336187054646,OK,EXACT_POLICY_ENUMERATION,P06,"{""100"": 250, ""1000"": 100, ""25"": 100, ""250"": 250}"
peak_stress_response,C3_RANDOM_POLICY,20190103,2,100,25,1.17441656649598,0.968941739782388,-0.205474826713589,0.205474826713589,0.0422199044129795,10.0,100,10ms/100s^-1,100ms/25s^-1,"[20181130, 20190104, 20190111, 20190115, 20190122, 20190124]",6,"[[0.3672755870917608,0.8266416978949086,0.8686287453800215,0.8013822825930642],[0.36096488765856066,0.8486506845554338,0.8740129670737247,0.8387204499029837]]",0.2905634931225291,0.2846618762527915,OK,EXACT_POLICY_ENUMERATION,P07,"{""100"": 250, ""1000"": 250, ""25"": 100, ""250"": 250}"
peak_stress_response,C3_RANDOM_POLICY,20190103,2,100,100,2.11309013723482,1.77904531864043,-0.334044818594388,0.334044818594388,0.111585940829757,10.0,250,10ms/250s^-1,100ms/100s^-1,"[20181130, 20190104, 20190111, 20190115, 20190122, 20190124]",6,"[[0.3672755870917608,0.8266416978949086,0.8686287453800215,0.8013822825930642],[0.36096488765856066,0.8486506845554338,0.8740129670737247,0.8387204499029837]]",0.5403244720613789,0.15706433352351867,OK,EXACT_POLICY_ENUMERATION,P07,"{""100"": 250, ""1000"": 250, ""25"": 100, ""250"": 250}"
peak_stress_response,C3_RANDOM_POLICY,20190103,2,100,250,2.66346756822239,2.26630438601466,-0.397163182207725,0.397163182207725,0.157738593301367,10.0,250,10ms/250s^-1,100ms/250s^-1,"[20181130, 20190104, 20190111, 20190115, 20190122, 20190124]",6,"[[0.3672755870917608,0.8266416978949086,0.8686287453800215,0.8013822825930642],[0.36096488765856066,0.8486506845554338,0.8740129670737247,0.8387204499029837]]",0.7128817207174256,0.12632987915993255,OK,EXACT_POLICY_ENUMERATION,P07,"{""100"": 250, ""1000"": 250, ""25"": 100, ""250"": 250}"
peak_stress_response,C3_RANDOM_POLICY,20190103,2,100,1000,2.93104996283833,2.63754617154244,-0.293503791295891,0.293503791295891,0.0861444755050619,10.0,250,10ms/250s^-1,100ms/1000s^-1,"[20181130, 20190104, 20190111, 20190115, 20190122, 20190124]",6,"[[0.3672755870917608,0.8266416978949086,0.8686287453800215,0.8013822825930642],[0.36096488765856066,0.8486506845554338,0.8740129670737247,0.8387204499029837]]",0.7467497865316852,0.395904311839816,OK,EXACT_POLICY_ENUMERATION,P07,"{""100"": 250, ""1000"": 250, ""25"": 100, ""250"": 250}"
peak_stress_response,C3_RANDOM_POLICY,20190103,2,100,25,1.17441656649598,0.985493608942762,-0.188922957553216,0.188922957553216,0.0356918838906541,10.0,250,10ms/250s^-1,100ms/25s^-1,"[20181130, 20190104, 20190111, 20190115, 20190122, 20190124]",6,"[[0.3672755870917608,0.8266416978949086,0.8686287453800215,0.8013822825930642],[0.36096488765856066,0.8486506845554338,0.8740129670737247,0.8387204499029837]]",0.23899805536869584,0.2680537717112019,OK,EXACT_POLICY_ENUMERATION,P08,"{""100"": 100, ""1000"": 100, ""25"": 250, ""250"": 100}"
peak_stress_response,C3_RANDOM_POLICY,20190103,2,100,100,2.11309013723482,1.73710771508274,-0.375982422152078,0.375982422152078,0.141362781767344,10.0,100,10ms/100s^-1,100ms/100s^-1,"[20181130, 20190104, 20190111, 20190115, 20190122, 20190124]",6,"[[0.3672755870917608,0.8266416978949086,0.8686287453800215,0.8013822825930642],[0.36096488765856066,0.8486506845554338,0.8740129670737247,0.8387204499029837]]",0.6581576840325373,0.18713994256280087,OK,EXACT_POLICY_ENUMERATION,P08,"{""100"": 100, ""1000"": 100, ""25"": 250, ""250"": 100}"
peak_stress_response,C3_RANDOM_POLICY,20190103,2,100,250,2.66346756822239,2.21326463046205,-0.450202937760338,0.450202937760338,0.202682685168039,10.0,100,10ms/100s^-1,100ms/250s^-1,"[20181130, 20190104, 20190111, 20190115, 20190122, 20190124]",6,"[[0.3672755870917608,0.8266416978949086,0.8686287453800215,0.8013822825930642],[0.36096488765856066,0.8486506845554338,0.8740129670737247,0.8387204499029837]]",0.8677097123757411,0.16979978500951365,OK,EXACT_POLICY_ENUMERATION,P08,"{""100"": 100, ""1000"": 100, ""25"": 250, ""250"": 100}"
peak_stress_response,C3_RANDOM_POLICY,20190103,2,100,1000,2.93104996283833,2.57240035878998,-0.358649604048349,0.358649604048349,0.128629538484037,10.0,100,10ms/100s^-1,100ms/1000s^-1,"[20181130, 20190104, 20190111, 20190115, 20190122, 20190124]",6,"[[0.3672755870917608,0.8266416978949086,0.8686287453800215,0.8013822825930642],[0.36096488765856066,0.8486506845554338,0.8740129670737247,0.8387204499029837]]",0.9115957943028806,0.42558336187054646,OK,EXACT_POLICY_ENUMERATION,P08,"{""100"": 100, ""1000"": 100, ""25"": 250, ""250"": 100}"
peak_stress_response,C3_RANDOM_POLICY,20190103,2,100,25,1.17441656649598,0.985493608942762,-0.188922957553216,0.188922957553216,0.0356918838906541,10.0,250,10ms/250s^-1,100ms/25s^-1,"[20181130, 20190104, 20190111, 20190115, 20190122, 20190124]",6,"[[0.3672755870917608,0.8266416978949086,0.8686287453800215,0.8013822825930642],[0.36096488765856066,0.8486506845554338,0.8740129670737247,0.8387204499029837]]",0.23899805536869584,0.2680537717112019,OK,EXACT_POLICY_ENUMERATION,P09,"{""100"": 100, ""1000"": 250, ""25"": 250, ""250"": 100}"
peak_stress_response,C3_RANDOM_POLICY,20190103,2,100,100,2.11309013723482,1.73710771508274,-0.375982422152078,0.375982422152078,0.141362781767344,10.0,100,10ms/100s^-1,100ms/100s^-1,"[20181130, 20190104, 20190111, 20190115, 20190122, 20190124]",6,"[[0.3672755870917608,0.8266416978949086,0.8686287453800215,0.8013822825930642],[0.36096488765856066,0.8486506845554338,0.8740129670737247,0.8387204499029837]]",0.6581576840325373,0.18713994256280087,OK,EXACT_POLICY_ENUMERATION,P09,"{""100"": 100, ""1000"": 250, ""25"": 250, ""250"": 100}"
peak_stress_response,C3_RANDOM_POLICY,20190103,2,100,250,2.66346756822239,2.21326463046205,-0.450202937760338,0.450202937760338,0.202682685168039,10.0,100,10ms/100s^-1,100ms/250s^-1,"[20181130, 20190104, 20190111, 20190115, 20190122, 20190124]",6,"[[0.3672755870917608,0.8266416978949086,0.8686287453800215,0.8013822825930642],[0.36096488765856066,0.8486506845554338,0.8740129670737247,0.8387204499029837]]",0.8677097123757411,0.16979978500951365,OK,EXACT_POLICY_ENUMERATION,P09,"{""100"": 100, ""1000"": 250, ""25"": 250, ""250"": 100}"
peak_stress_response,C3_RANDOM_POLICY,20190103,2,100,1000,2.93104996283833,2.63754617154244,-0.293503791295891,0.293503791295891,0.0861444755050619,10.0,250,10ms/250s^-1,100ms/1000s^-1,"[20181130, 20190104, 20190111, 20190115, 20190122, 20190124]",6,"[[0.3672755870917608,0.8266416978949086,0.8686287453800215,0.8013822825930642],[0.36096488765856066,0.8486506845554338,0.8740129670737247,0.8387204499029837]]",0.7467497865316852,0.395904311839816,OK,EXACT_POLICY_ENUMERATION,P09,"{""100"": 100, ""1000"": 250, ""25"": 250, ""250"": 100}"
peak_stress_response,C3_RANDOM_POLICY,20190103,2,100,25,1.17441656649598,0.985493608942762,-0.188922957553216,0.188922957553216,0.0356918838906541,10.0,250,10ms/250s^-1,100ms/25s^-1,"[20181130, 20190104, 20190111, 20190115, 20190122, 20190124]",6,"[[0.3672755870917608,0.8266416978949086,0.8686287453800215,0.8013822825930642],[0.36096488765856066,0.8486506845554338,0.8740129670737247,0.8387204499029837]]",0.23899805536869584,0.2680537717112019,OK,EXACT_POLICY_ENUMERATION,P10,"{""100"": 100, ""1000"": 100, ""25"": 250, ""250"": 250}"
peak_stress_response,C3_RANDOM_POLICY,20190103,2,100,100,2.11309013723482,1.73710771508274,-0.375982422152078,0.375982422152078,0.141362781767344,10.0,100,10ms/100s^-1,100ms/100s^-1,"[20181130, 20190104, 20190111, 20190115, 20190122, 20190124]",6,"[[0.3672755870917608,0.8266416978949086,0.8686287453800215,0.8013822825930642],[0.36096488765856066,0.8486506845554338,0.8740129670737247,0.8387204499029837]]",0.6581576840325373,0.18713994256280087,OK,EXACT_POLICY_ENUMERATION,P10,"{""100"": 100, ""1000"": 100, ""25"": 250, ""250"": 250}"
peak_stress_response,C3_RANDOM_POLICY,20190103,2,100,250,2.66346756822239,2.26630438601466,-0.397163182207725,0.397163182207725,0.157738593301367,10.0,250,10ms/250s^-1,100ms/250s^-1,"[20181130, 20190104, 20190111, 20190115, 20190122, 20190124]",6,"[[0.3672755870917608,0.8266416978949086,0.8686287453800215,0.8013822825930642],[0.36096488765856066,0.8486506845554338,0.8740129670737247,0.8387204499029837]]",0.7128817207174256,0.12632987915993255,OK,EXACT_POLICY_ENUMERATION,P10,"{""100"": 100, ""1000"": 100, ""25"": 250, ""250"": 250}"
peak_stress_response,C3_RANDOM_POLICY,20190103,2,100,1000,2.93104996283833,2.57240035878998,-0.358649604048349,0.358649604048349,0.128629538484037,10.0,100,10ms/100s^-1,100ms/1000s^-1,"[20181130, 20190104, 20190111, 20190115, 20190122, 20190124]",6,"[[0.3672755870917608,0.8266416978949086,0.8686287453800215,0.8013822825930642],[0.36096488765856066,0.8486506845554338,0.8740129670737247,0.8387204499029837]]",0.9115957943028806,0.42558336187054646,OK,EXACT_POLICY_ENUMERATION,P10,"{""100"": 100, ""1000"": 100, ""25"": 250, ""250"": 250}"
peak_stress_response,C3_RANDOM_POLICY,20190103,2,100,25,1.17441656649598,0.985493608942762,-0.188922957553216,0.188922957553216,0.0356918838906541,10.0,250,10ms/250s^-1,100ms/25s^-1,"[20181130, 20190104, 20190111, 20190115, 20190122, 20190124]",6,"[[0.3672755870917608,0.8266416978949086,0.8686287453800215,0.8013822825930642],[0.36096488765856066,0.8486506845554338,0.8740129670737247,0.8387204499029837]]",0.23899805536869584,0.2680537717112019,OK,EXACT_POLICY_ENUMERATION,P11,"{""100"": 100, ""1000"": 250, ""25"": 250, ""250"": 250}"
peak_stress_response,C3_RANDOM_POLICY,20190103,2,100,100,2.11309013723482,1.73710771508274,-0.375982422152078,0.375982422152078,0.141362781767344,10.0,100,10ms/100s^-1,100ms/100s^-1,"[20181130, 20190104, 20190111, 20190115, 20190122, 20190124]",6,"[[0.3672755870917608,0.8266416978949086,0.8686287453800215,0.8013822825930642],[0.36096488765856066,0.8486506845554338,0.8740129670737247,0.8387204499029837]]",0.6581576840325373,0.18713994256280087,OK,EXACT_POLICY_ENUMERATION,P11,"{""100"": 100, ""1000"": 250, ""25"": 250, ""250"": 250}"
peak_stress_response,C3_RANDOM_POLICY,20190103,2,100,250,2.66346756822239,2.26630438601466,-0.397163182207725,0.397163182207725,0.157738593301367,10.0,250,10ms/250s^-1,100ms/250s^-1,"[20181130, 20190104, 20190111, 20190115, 20190122, 20190124]",6,"[[0.3672755870917608,0.8266416978949086,0.8686287453800215,0.8013822825930642],[0.36096488765856066,0.8486506845554338,0.8740129670737247,0.8387204499029837]]",0.7128817207174256,0.12632987915993255,OK,EXACT_POLICY_ENUMERATION,P11,"{""100"": 100, ""1000"": 250, ""25"": 250, ""250"": 250}"
peak_stress_response,C3_RANDOM_POLICY,20190103,2,100,1000,2.93104996283833,2.63754617154244,-0.293503791295891,0.293503791295891,0.0861444755050619,10.0,250,10ms/250s^-1,100ms/1000s^-1,"[20181130, 20190104, 20190111, 20190115, 20190122, 20190124]",6,"[[0.3672755870917608,0.8266416978949086,0.8686287453800215,0.8013822825930642],[0.36096488765856066,0.8486506845554338,0.8740129670737247,0.8387204499029837]]",0.7467497865316852,0.395904311839816,OK,EXACT_POLICY_ENUMERATION,P11,"{""100"": 100, ""1000"": 250, ""25"": 250, ""250"": 250}"
peak_stress_response,C3_RANDOM_POLICY,20190103,2,100,25,1.17441656649598,0.985493608942762,-0.188922957553216,0.188922957553216,0.0356918838906541,10.0,250,10ms/250s^-1,100ms/25s^-1,"[20181130, 20190104, 20190111, 20190115, 20190122, 20190124]",6,"[[0.3672755870917608,0.8266416978949086,0.8686287453800215,0.8013822825930642],[0.36096488765856066,0.8486506845554338,0.8740129670737247,0.8387204499029837]]",0.23899805536869584,0.2680537717112019,OK,EXACT_POLICY_ENUMERATION,P12,"{""100"": 250, ""1000"": 100, ""25"": 250, ""250"": 100}"
peak_stress_response,C3_RANDOM_POLICY,20190103,2,100,100,2.11309013723482,1.77904531864043,-0.334044818594388,0.334044818594388,0.111585940829757,10.0,250,10ms/250s^-1,100ms/100s^-1,"[20181130, 20190104, 20190111, 20190115, 20190122, 20190124]",6,"[[0.3672755870917608,0.8266416978949086,0.8686287453800215,0.8013822825930642],[0.36096488765856066,0.8486506845554338,0.8740129670737247,0.8387204499029837]]",0.5403244720613789,0.15706433352351867,OK,EXACT_POLICY_ENUMERATION,P12,"{""100"": 250, ""1000"": 100, ""25"": 250, ""250"": 100}"
peak_stress_response,C3_RANDOM_POLICY,20190103,2,100,250,2.66346756822239,2.21326463046205,-0.450202937760338,0.450202937760338,0.202682685168039,10.0,100,10ms/100s^-1,100ms/250s^-1,"[20181130, 20190104, 20190111, 20190115, 20190122, 20190124]",6,"[[0.3672755870917608,0.8266416978949086,0.8686287453800215,0.8013822825930642],[0.36096488765856066,0.8486506845554338,0.8740129670737247,0.8387204499029837]]",0.8677097123757411,0.16979978500951365,OK,EXACT_POLICY_ENUMERATION,P12,"{""100"": 250, ""1000"": 100, ""25"": 250, ""250"": 100}"
peak_stress_response,C3_RANDOM_POLICY,20190103,2,100,1000,2.93104996283833,2.57240035878998,-0.358649604048349,0.358649604048349,0.128629538484037,10.0,100,10ms/100s^-1,100ms/1000s^-1,"[20181130, 20190104, 20190111, 20190115, 20190122, 20190124]",6,"[[0.3672755870917608,0.8266416978949086,0.8686287453800215,0.8013822825930642],[0.36096488765856066,0.8486506845554338,0.8740129670737247,0.8387204499029837]]",0.9115957943028806,0.42558336187054646,OK,EXACT_POLICY_ENUMERATION,P12,"{""100"": 250, ""1000"": 100, ""25"": 250, ""250"": 100}"
peak_stress_response,C3_RANDOM_POLICY,20190103,2,100,25,1.17441656649598,0.985493608942762,-0.188922957553216,0.188922957553216,0.0356918838906541,10.0,250,10ms/250s^-1,100ms/25s^-1,"[20181130, 20190104, 20190111, 20190115, 20190122, 20190124]",6,"[[0.3672755870917608,0.8266416978949086,0.8686287453800215,0.8013822825930642],[0.36096488765856066,0.8486506845554338,0.8740129670737247,0.8387204499029837]]",0.23899805536869584,0.2680537717112019,OK,EXACT_POLICY_ENUMERATION,P13,"{""100"": 250, ""1000"": 250, ""25"": 250, ""250"": 100}"
peak_stress_response,C3_RANDOM_POLICY,20190103,2,100,100,2.11309013723482,1.77904531864043,-0.334044818594388,0.334044818594388,0.111585940829757,10.0,250,10ms/250s^-1,100ms/100s^-1,"[20181130, 20190104, 20190111, 20190115, 20190122, 20190124]",6,"[[0.3672755870917608,0.8266416978949086,0.8686287453800215,0.8013822825930642],[0.36096488765856066,0.8486506845554338,0.8740129670737247,0.8387204499029837]]",0.5403244720613789,0.15706433352351867,OK,EXACT_POLICY_ENUMERATION,P13,"{""100"": 250, ""1000"": 250, ""25"": 250, ""250"": 100}"
peak_stress_response,C3_RANDOM_POLICY,20190103,2,100,250,2.66346756822239,2.21326463046205,-0.450202937760338,0.450202937760338,0.202682685168039,10.0,100,10ms/100s^-1,100ms/250s^-1,"[20181130, 20190104, 20190111, 20190115, 20190122, 20190124]",6,"[[0.3672755870917608,0.8266416978949086,0.8686287453800215,0.8013822825930642],[0.36096488765856066,0.8486506845554338,0.8740129670737247,0.8387204499029837]]",0.8677097123757411,0.16979978500951365,OK,EXACT_POLICY_ENUMERATION,P13,"{""100"": 250, ""1000"": 250, ""25"": 250, ""250"": 100}"
peak_stress_response,C3_RANDOM_POLICY,20190103,2,100,1000,2.93104996283833,2.63754617154244,-0.293503791295891,0.293503791295891,0.0861444755050619,10.0,250,10ms/250s^-1,100ms/1000s^-1,"[20181130, 20190104, 20190111, 20190115, 20190122, 20190124]",6,"[[0.3672755870917608,0.8266416978949086,0.8686287453800215,0.8013822825930642],[0.36096488765856066,0.8486506845554338,0.8740129670737247,0.8387204499029837]]",0.7467497865316852,0.395904311839816,OK,EXACT_POLICY_ENUMERATION,P13,"{""100"": 250, ""1000"": 250, ""25"": 250, ""250"": 100}"
peak_stress_response,C3_RANDOM_POLICY,20190103,2,100,25,1.17441656649598,0.985493608942762,-0.188922957553216,0.188922957553216,0.0356918838906541,10.0,250,10ms/250s^-1,100ms/25s^-1,"[20181130, 20190104, 20190111, 20190115, 20190122, 20190124]",6,"[[0.3672755870917608,0.8266416978949086,0.8686287453800215,0.8013822825930642],[0.36096488765856066,0.8486506845554338,0.8740129670737247,0.8387204499029837]]",0.23899805536869584,0.2680537717112019,OK,EXACT_POLICY_ENUMERATION,P14,"{""100"": 250, ""1000"": 100, ""25"": 250, ""250"": 250}"
peak_stress_response,C3_RANDOM_POLICY,20190103,2,100,100,2.11309013723482,1.77904531864043,-0.334044818594388,0.334044818594388,0.111585940829757,10.0,250,10ms/250s^-1,100ms/100s^-1,"[20181130, 20190104, 20190111, 20190115, 20190122, 20190124]",6,"[[0.3672755870917608,0.8266416978949086,0.8686287453800215,0.8013822825930642],[0.36096488765856066,0.8486506845554338,0.8740129670737247,0.8387204499029837]]",0.5403244720613789,0.15706433352351867,OK,EXACT_POLICY_ENUMERATION,P14,"{""100"": 250, ""1000"": 100, ""25"": 250, ""250"": 250}"
peak_stress_response,C3_RANDOM_POLICY,20190103,2,100,250,2.66346756822239,2.26630438601466,-0.397163182207725,0.397163182207725,0.157738593301367,10.0,250,10ms/250s^-1,100ms/250s^-1,"[20181130, 20190104, 20190111, 20190115, 20190122, 20190124]",6,"[[0.3672755870917608,0.8266416978949086,0.8686287453800215,0.8013822825930642],[0.36096488765856066,0.8486506845554338,0.8740129670737247,0.8387204499029837]]",0.7128817207174256,0.12632987915993255,OK,EXACT_POLICY_ENUMERATION,P14,"{""100"": 250, ""1000"": 100, ""25"": 250, ""250"": 250}"
peak_stress_response,C3_RANDOM_POLICY,20190103,2,100,1000,2.93104996283833,2.57240035878998,-0.358649604048349,0.358649604048349,0.128629538484037,10.0,100,10ms/100s^-1,100ms/1000s^-1,"[20181130, 20190104, 20190111, 20190115, 20190122, 20190124]",6,"[[0.3672755870917608,0.8266416978949086,0.8686287453800215,0.8013822825930642],[0.36096488765856066,0.8486506845554338,0.8740129670737247,0.8387204499029837]]",0.9115957943028806,0.42558336187054646,OK,EXACT_POLICY_ENUMERATION,P14,"{""100"": 250, ""1000"": 100, ""25"": 250, ""250"": 250}"
peak_stress_response,C3_RANDOM_POLICY,20190103,2,100,25,1.17441656649598,0.985493608942762,-0.188922957553216,0.188922957553216,0.0356918838906541,10.0,250,10ms/250s^-1,100ms/25s^-1,"[20181130, 20190104, 20190111, 20190115, 20190122, 20190124]",6,"[[0.3672755870917608,0.8266416978949086,0.8686287453800215,0.8013822825930642],[0.36096488765856066,0.8486506845554338,0.8740129670737247,0.8387204499029837]]",0.23899805536869584,0.2680537717112019,OK,EXACT_POLICY_ENUMERATION,P15,"{""100"": 250, ""1000"": 250, ""25"": 250, ""250"": 250}"
peak_stress_response,C3_RANDOM_POLICY,20190103,2,100,100,2.11309013723482,1.77904531864043,-0.334044818594388,0.334044818594388,0.111585940829757,10.0,250,10ms/250s^-1,100ms/100s^-1,"[20181130, 20190104, 20190111, 20190115, 20190122, 20190124]",6,"[[0.3672755870917608,0.8266416978949086,0.8686287453800215,0.8013822825930642],[0.36096488765856066,0.8486506845554338,0.8740129670737247,0.8387204499029837]]",0.5403244720613789,0.15706433352351867,OK,EXACT_POLICY_ENUMERATION,P15,"{""100"": 250, ""1000"": 250, ""25"": 250, ""250"": 250}"
peak_stress_response,C3_RANDOM_POLICY,20190103,2,100,250,2.66346756822239,2.26630438601466,-0.397163182207725,0.397163182207725,0.157738593301367,10.0,250,10ms/250s^-1,100ms/250s^-1,"[20181130, 20190104, 20190111, 20190115, 20190122, 20190124]",6,"[[0.3672755870917608,0.8266416978949086,0.8686287453800215,0.8013822825930642],[0.36096488765856066,0.8486506845554338,0.8740129670737247,0.8387204499029837]]",0.7128817207174256,0.12632987915993255,OK,EXACT_POLICY_ENUMERATION,P15,"{""100"": 250, ""1000"": 250, ""25"": 250, ""250"": 250}"
peak_stress_response,C3_RANDOM_POLICY,20190103,2,100,1000,2.93104996283833,2.63754617154244,-0.293503791295891,0.293503791295891,0.0861444755050619,10.0,250,10ms/250s^-1,100ms/1000s^-1,"[20181130, 20190104, 20190111, 20190115, 20190122, 20190124]",6,"[[0.3672755870917608,0.8266416978949086,0.8686287453800215,0.8013822825930642],[0.36096488765856066,0.8486506845554338,0.8740129670737247,0.8387204499029837]]",0.7467497865316852,0.395904311839816,OK,EXACT_POLICY_ENUMERATION,P15,"{""100"": 250, ""1000"": 250, ""25"": 250, ""250"": 250}"
peak_stress_response,C3_RANDOM_POLICY,20190104,3,100,25,1.00428080295749,1.34985254296288,0.345571740005397,0.345571740005397,0.119419827490358,10.0,100,10ms/100s^-1,100ms/25s^-1,"[20181130, 20190103, 20190111, 20190115, 20190122, 20190124]",6,"[[0.3529361271379452,0.6899800008400373,0.7707625804911477,0.5225864914104731],[0.3163718710163897,0.6124522013305133,0.6609116328741155,0.5335338153940329]]",0.2689439295903073,0.48102123040744527,OK,EXACT_POLICY_ENUMERATION,P00,"{""100"": 100, ""1000"": 100, ""25"": 100, ""250"": 100}"
peak_stress_response,C3_RANDOM_POLICY,20190104,3,100,100,1.68731885693161,2.60777645622654,0.920457599294932,0.920457599294932,0.847242192099789,10.0,100,10ms/100s^-1,100ms/100s^-1,"[20181130, 20190103, 20190111, 20190115, 20190122, 20190124]",6,"[[0.3529361271379452,0.6899800008400373,0.7707625804911477,0.5225864914104731],[0.3163718710163897,0.6124522013305133,0.6609116328741155,0.5335338153940329]]",0.6087481170334957,0.6411976740113929,OK,EXACT_POLICY_ENUMERATION,P00,"{""100"": 100, ""1000"": 100, ""25"": 100, ""250"": 100}"
peak_stress_response,C3_RANDOM_POLICY,20190104,3,100,250,2.36434584547135,3.28612197519854,0.921776129727195,0.921776129727195,0.849671233334847,10.0,100,10ms/100s^-1,100ms/250s^-1,"[20181130, 20190103, 20190111, 20190115, 20190122, 20190124]",6,"[[0.3529361271379452,0.6899800008400373,0.7707625804911477,0.5225864914104731],[0.3163718710163897,0.6124522013305133,0.6609116328741155,0.5335338153940329]]",0.8147129873626519,0.6541675925711079,OK,EXACT_POLICY_ENUMERATION,P00,"{""100"": 100, ""1000"": 100, ""25"": 100, ""250"": 100}"
peak_stress_response,C3_RANDOM_POLICY,20190104,3,100,1000,2.60153205914972,3.69940850627366,1.09787644712394,1.09787644712394,1.20533269314949,10.0,100,10ms/100s^-1,100ms/1000s^-1,"[20181130, 20190103, 20190111, 20190115, 20190122, 20190124]",6,"[[0.3529361271379452,0.6899800008400373,0.7707625804911477,0.5225864914104731],[0.3163718710163897,0.6124522013305133,0.6609116328741155,0.5335338153940329]]",0.856948270195809,0.9310117942879064,OK,EXACT_POLICY_ENUMERATION,P00,"{""100"": 100, ""1000"": 100, ""25"": 100, ""250"": 100}"
peak_stress_response,C3_RANDOM_POLICY,20190104,3,100,25,1.00428080295749,1.34985254296288,0.345571740005397,0.345571740005397,0.119419827490358,10.0,100,10ms/100s^-1,100ms/25s^-1,"[20181130, 20190103, 20190111, 20190115, 20190122, 20190124]",6,"[[0.3529361271379452,0.6899800008400373,0.7707625804911477,0.5225864914104731],[0.3163718710163897,0.6124522013305133,0.6609116328741155,0.5335338153940329]]",0.2689439295903073,0.48102123040744527,OK,EXACT_POLICY_ENUMERATION,P01,"{""100"": 100, ""1000"": 250, ""25"": 100, ""250"": 100}"
peak_stress_response,C3_RANDOM_POLICY,20190104,3,100,100,1.68731885693161,2.60777645622654,0.920457599294932,0.920457599294932,0.847242192099789,10.0,100,10ms/100s^-1,100ms/100s^-1,"[20181130, 20190103, 20190111, 20190115, 20190122, 20190124]",6,"[[0.3529361271379452,0.6899800008400373,0.7707625804911477,0.5225864914104731],[0.3163718710163897,0.6124522013305133,0.6609116328741155,0.5335338153940329]]",0.6087481170334957,0.6411976740113929,OK,EXACT_POLICY_ENUMERATION,P01,"{""100"": 100, ""1000"": 250, ""25"": 100, ""250"": 100}"
peak_stress_response,C3_RANDOM_POLICY,20190104,3,100,250,2.36434584547135,3.28612197519854,0.921776129727195,0.921776129727195,0.849671233334847,10.0,100,10ms/100s^-1,100ms/250s^-1,"[20181130, 20190103, 20190111, 20190115, 20190122, 20190124]",6,"[[0.3529361271379452,0.6899800008400373,0.7707625804911477,0.5225864914104731],[0.3163718710163897,0.6124522013305133,0.6609116328741155,0.5335338153940329]]",0.8147129873626519,0.6541675925711079,OK,EXACT_POLICY_ENUMERATION,P01,"{""100"": 100, ""1000"": 250, ""25"": 100, ""250"": 100}"
peak_stress_response,C3_RANDOM_POLICY,20190104,3,100,1000,2.60153205914972,3.87362016521503,1.27208810606531,1.27208810606531,1.61820814959282,10.0,250,10ms/250s^-1,100ms/1000s^-1,"[20181130, 20190103, 20190111, 20190115, 20190122, 20190124]",6,"[[0.3529361271379452,0.6899800008400373,0.7707625804911477,0.5225864914104731],[0.3163718710163897,0.6124522013305133,0.6609116328741155,0.5335338153940329]]",0.7021771710868979,0.9179594603933916,OK,EXACT_POLICY_ENUMERATION,P01,"{""100"": 100, ""1000"": 250, ""25"": 100, ""250"": 100}"
peak_stress_response,C3_RANDOM_POLICY,20190104,3,100,25,1.00428080295749,1.34985254296288,0.345571740005397,0.345571740005397,0.119419827490358,10.0,100,10ms/100s^-1,100ms/25s^-1,"[20181130, 20190103, 20190111, 20190115, 20190122, 20190124]",6,"[[0.3529361271379452,0.6899800008400373,0.7707625804911477,0.5225864914104731],[0.3163718710163897,0.6124522013305133,0.6609116328741155,0.5335338153940329]]",0.2689439295903073,0.48102123040744527,OK,EXACT_POLICY_ENUMERATION,P02,"{""100"": 100, ""1000"": 100, ""25"": 100, ""250"": 250}"
peak_stress_response,C3_RANDOM_POLICY,20190104,3,100,100,1.68731885693161,2.60777645622654,0.920457599294932,0.920457599294932,0.847242192099789,10.0,100,10ms/100s^-1,100ms/100s^-1,"[20181130, 20190103, 20190111, 20190115, 20190122, 20190124]",6,"[[0.3529361271379452,0.6899800008400373,0.7707625804911477,0.5225864914104731],[0.3163718710163897,0.6124522013305133,0.6609116328741155,0.5335338153940329]]",0.6087481170334957,0.6411976740113929,OK,EXACT_POLICY_ENUMERATION,P02,"{""100"": 100, ""1000"": 100, ""25"": 100, ""250"": 250}"
peak_stress_response,C3_RANDOM_POLICY,20190104,3,100,250,2.36434584547135,3.44691817943744,1.08257233396609,1.08257233396609,1.17196285826879,10.0,250,10ms/250s^-1,100ms/250s^-1,"[20181130, 20190103, 20190111, 20190115, 20190122, 20190124]",6,"[[0.3529361271379452,0.6899800008400373,0.7707625804911477,0.5225864914104731],[0.3163718710163897,0.6124522013305133,0.6609116328741155,0.5335338153940329]]",0.6692353829946073,0.6299187023230957,OK,EXACT_POLICY_ENUMERATION,P02,"{""100"": 100, ""1000"": 100, ""25"": 100, ""250"": 250}"
peak_stress_response,C3_RANDOM_POLICY,20190104,3,100,1000,2.60153205914972,3.69940850627366,1.09787644712394,1.09787644712394,1.20533269314949,10.0,100,10ms/100s^-1,100ms/1000s^-1,"[20181130, 20190103, 20190111, 20190115, 20190122, 20190124]",6,"[[0.3529361271379452,0.6899800008400373,0.7707625804911477,0.5225864914104731],[0.3163718710163897,0.6124522013305133,0.6609116328741155,0.5335338153940329]]",0.856948270195809,0.9310117942879064,OK,EXACT_POLICY_ENUMERATION,P02,"{""100"": 100, ""1000"": 100, ""25"": 100, ""250"": 250}"
peak_stress_response,C3_RANDOM_POLICY,20190104,3,100,25,1.00428080295749,1.34985254296288,0.345571740005397,0.345571740005397,0.119419827490358,10.0,100,10ms/100s^-1,100ms/25s^-1,"[20181130, 20190103, 20190111, 20190115, 20190122, 20190124]",6,"[[0.3529361271379452,0.6899800008400373,0.7707625804911477,0.5225864914104731],[0.3163718710163897,0.6124522013305133,0.6609116328741155,0.5335338153940329]]",0.2689439295903073,0.48102123040744527,OK,EXACT_POLICY_ENUMERATION,P03,"{""100"": 100, ""1000"": 250, ""25"": 100, ""250"": 250}"
peak_stress_response,C3_RANDOM_POLICY,20190104,3,100,100,1.68731885693161,2.60777645622654,0.920457599294932,0.920457599294932,0.847242192099789,10.0,100,10ms/100s^-1,100ms/100s^-1,"[20181130, 20190103, 20190111, 20190115, 20190122, 20190124]",6,"[[0.3529361271379452,0.6899800008400373,0.7707625804911477,0.5225864914104731],[0.3163718710163897,0.6124522013305133,0.6609116328741155,0.5335338153940329]]",0.6087481170334957,0.6411976740113929,OK,EXACT_POLICY_ENUMERATION,P03,"{""100"": 100, ""1000"": 250, ""25"": 100, ""250"": 250}"
peak_stress_response,C3_RANDOM_POLICY,20190104,3,100,250,2.36434584547135,3.44691817943744,1.08257233396609,1.08257233396609,1.17196285826879,10.0,250,10ms/250s^-1,100ms/250s^-1,"[20181130, 20190103, 20190111, 20190115, 20190122, 20190124]",6,"[[0.3529361271379452,0.6899800008400373,0.7707625804911477,0.5225864914104731],[0.3163718710163897,0.6124522013305133,0.6609116328741155,0.5335338153940329]]",0.6692353829946073,0.6299187023230957,OK,EXACT_POLICY_ENUMERATION,P03,"{""100"": 100, ""1000"": 250, ""25"": 100, ""250"": 250}"
peak_stress_response,C3_RANDOM_POLICY,20190104,3,100,1000,2.60153205914972,3.87362016521503,1.27208810606531,1.27208810606531,1.61820814959282,10.0,250,10ms/250s^-1,100ms/1000s^-1,"[20181130, 20190103, 20190111, 20190115, 20190122, 20190124]",6,"[[0.3529361271379452,0.6899800008400373,0.7707625804911477,0.5225864914104731],[0.3163718710163897,0.6124522013305133,0.6609116328741155,0.5335338153940329]]",0.7021771710868979,0.9179594603933916,OK,EXACT_POLICY_ENUMERATION,P03,"{""100"": 100, ""1000"": 250, ""25"": 100, ""250"": 250}"
peak_stress_response,C3_RANDOM_POLICY,20190104,3,100,25,1.00428080295749,1.34985254296288,0.345571740005397,0.345571740005397,0.119419827490358,10.0,100,10ms/100s^-1,100ms/25s^-1,"[20181130, 20190103, 20190111, 20190115, 20190122, 20190124]",6,"[[0.3529361271379452,0.6899800008400373,0.7707625804911477,0.5225864914104731],[0.3163718710163897,0.6124522013305133,0.6609116328741155,0.5335338153940329]]",0.2689439295903073,0.48102123040744527,OK,EXACT_POLICY_ENUMERATION,P04,"{""100"": 250, ""1000"": 100, ""25"": 100, ""250"": 100}"
peak_stress_response,C3_RANDOM_POLICY,20190104,3,100,100,1.68731885693161,2.72738230632184,1.04006344939023,1.04006344939023,1.0817319787575,10.0,250,10ms/250s^-1,100ms/100s^-1,"[20181130, 20190103, 20190111, 20190115, 20190122, 20190124]",6,"[[0.3529361271379452,0.6899800008400373,0.7707625804911477,0.5225864914104731],[0.3163718710163897,0.6124522013305133,0.6609116328741155,0.5335338153940329]]",0.5002344519018301,0.6217551604041938,OK,EXACT_POLICY_ENUMERATION,P04,"{""100"": 250, ""1000"": 100, ""25"": 100, ""250"": 100}"
peak_stress_response,C3_RANDOM_POLICY,20190104,3,100,250,2.36434584547135,3.28612197519854,0.921776129727195,0.921776129727195,0.849671233334847,10.0,100,10ms/100s^-1,100ms/250s^-1,"[20181130, 20190103, 20190111, 20190115, 20190122, 20190124]",6,"[[0.3529361271379452,0.6899800008400373,0.7707625804911477,0.5225864914104731],[0.3163718710163897,0.6124522013305133,0.6609116328741155,0.5335338153940329]]",0.8147129873626519,0.6541675925711079,OK,EXACT_POLICY_ENUMERATION,P04,"{""100"": 250, ""1000"": 100, ""25"": 100, ""250"": 100}"
peak_stress_response,C3_RANDOM_POLICY,20190104,3,100,1000,2.60153205914972,3.69940850627366,1.09787644712394,1.09787644712394,1.20533269314949,10.0,100,10ms/100s^-1,100ms/1000s^-1,"[20181130, 20190103, 20190111, 20190115, 20190122, 20190124]",6,"[[0.3529361271379452,0.6899800008400373,0.7707625804911477,0.5225864914104731],[0.3163718710163897,0.6124522013305133,0.6609116328741155,0.5335338153940329]]",0.856948270195809,0.9310117942879064,OK,EXACT_POLICY_ENUMERATION,P04,"{""100"": 250, ""1000"": 100, ""25"": 100, ""250"": 100}"
peak_stress_response,C3_RANDOM_POLICY,20190104,3,100,25,1.00428080295749,1.34985254296288,0.345571740005397,0.345571740005397,0.119419827490358,10.0,100,10ms/100s^-1,100ms/25s^-1,"[20181130, 20190103, 20190111, 20190115, 20190122, 20190124]",6,"[[0.3529361271379452,0.6899800008400373,0.7707625804911477,0.5225864914104731],[0.3163718710163897,0.6124522013305133,0.6609116328741155,0.5335338153940329]]",0.2689439295903073,0.48102123040744527,OK,EXACT_POLICY_ENUMERATION,P05,"{""100"": 250, ""1000"": 250, ""25"": 100, ""250"": 100}"
peak_stress_response,C3_RANDOM_POLICY,20190104,3,100,100,1.68731885693161,2.72738230632184,1.04006344939023,1.04006344939023,1.0817319787575,10.0,250,10ms/250s^-1,100ms/100s^-1,"[20181130, 20190103, 20190111, 20190115, 20190122, 20190124]",6,"[[0.3529361271379452,0.6899800008400373,0.7707625804911477,0.5225864914104731],[0.3163718710163897,0.6124522013305133,0.6609116328741155,0.5335338153940329]]",0.5002344519018301,0.6217551604041938,OK,EXACT_POLICY_ENUMERATION,P05,"{""100"": 250, ""1000"": 250, ""25"": 100, ""250"": 100}"
peak_stress_response,C3_RANDOM_POLICY,20190104,3,100,250,2.36434584547135,3.28612197519854,0.921776129727195,0.921776129727195,0.849671233334847,10.0,100,10ms/100s^-1,100ms/250s^-1,"[20181130, 20190103, 20190111, 20190115, 20190122, 20190124]",6,"[[0.3529361271379452,0.6899800008400373,0.7707625804911477,0.5225864914104731],[0.3163718710163897,0.6124522013305133,0.6609116328741155,0.5335338153940329]]",0.8147129873626519,0.6541675925711079,OK,EXACT_POLICY_ENUMERATION,P05,"{""100"": 250, ""1000"": 250, ""25"": 100, ""250"": 100}"
peak_stress_response,C3_RANDOM_POLICY,20190104,3,100,1000,2.60153205914972,3.87362016521503,1.27208810606531,1.27208810606531,1.61820814959282,10.0,250,10ms/250s^-1,100ms/1000s^-1,"[20181130, 20190103, 20190111, 20190115, 20190122, 20190124]",6,"[[0.3529361271379452,0.6899800008400373,0.7707625804911477,0.5225864914104731],[0.3163718710163897,0.6124522013305133,0.6609116328741155,0.5335338153940329]]",0.7021771710868979,0.9179594603933916,OK,EXACT_POLICY_ENUMERATION,P05,"{""100"": 250, ""1000"": 250, ""25"": 100, ""250"": 100}"
peak_stress_response,C3_RANDOM_POLICY,20190104,3,100,25,1.00428080295749,1.34985254296288,0.345571740005397,0.345571740005397,0.119419827490358,10.0,100,10ms/100s^-1,100ms/25s^-1,"[20181130, 20190103, 20190111, 20190115, 20190122, 20190124]",6,"[[0.3529361271379452,0.6899800008400373,0.7707625804911477,0.5225864914104731],[0.3163718710163897,0.6124522013305133,0.6609116328741155,0.5335338153940329]]",0.2689439295903073,0.48102123040744527,OK,EXACT_POLICY_ENUMERATION,P06,"{""100"": 250, ""1000"": 100, ""25"": 100, ""250"": 250}"
peak_stress_response,C3_RANDOM_POLICY,20190104,3,100,100,1.68731885693161,2.72738230632184,1.04006344939023,1.04006344939023,1.0817319787575,10.0,250,10ms/250s^-1,100ms/100s^-1,"[20181130, 20190103, 20190111, 20190115, 20190122, 20190124]",6,"[[0.3529361271379452,0.6899800008400373,0.7707625804911477,0.5225864914104731],[0.3163718710163897,0.6124522013305133,0.6609116328741155,0.5335338153940329]]",0.5002344519018301,0.6217551604041938,OK,EXACT_POLICY_ENUMERATION,P06,"{""100"": 250, ""1000"": 100, ""25"": 100, ""250"": 250}"
peak_stress_response,C3_RANDOM_POLICY,20190104,3,100,250,2.36434584547135,3.44691817943744,1.08257233396609,1.08257233396609,1.17196285826879,10.0,250,10ms/250s^-1,100ms/250s^-1,"[20181130, 20190103, 20190111, 20190115, 20190122, 20190124]",6,"[[0.3529361271379452,0.6899800008400373,0.7707625804911477,0.5225864914104731],[0.3163718710163897,0.6124522013305133,0.6609116328741155,0.5335338153940329]]",0.6692353829946073,0.6299187023230957,OK,EXACT_POLICY_ENUMERATION,P06,"{""100"": 250, ""1000"": 100, ""25"": 100, ""250"": 250}"
peak_stress_response,C3_RANDOM_POLICY,20190104,3,100,1000,2.60153205914972,3.69940850627366,1.09787644712394,1.09787644712394,1.20533269314949,10.0,100,10ms/100s^-1,100ms/1000s^-1,"[20181130, 20190103, 20190111, 20190115, 20190122, 20190124]",6,"[[0.3529361271379452,0.6899800008400373,0.7707625804911477,0.5225864914104731],[0.3163718710163897,0.6124522013305133,0.6609116328741155,0.5335338153940329]]",0.856948270195809,0.9310117942879064,OK,EXACT_POLICY_ENUMERATION,P06,"{""100"": 250, ""1000"": 100, ""25"": 100, ""250"": 250}"
peak_stress_response,C3_RANDOM_POLICY,20190104,3,100,25,1.00428080295749,1.34985254296288,0.345571740005397,0.345571740005397,0.119419827490358,10.0,100,10ms/100s^-1,100ms/25s^-1,"[20181130, 20190103, 20190111, 20190115, 20190122, 20190124]",6,"[[0.3529361271379452,0.6899800008400373,0.7707625804911477,0.5225864914104731],[0.3163718710163897,0.6124522013305133,0.6609116328741155,0.5335338153940329]]",0.2689439295903073,0.48102123040744527,OK,EXACT_POLICY_ENUMERATION,P07,"{""100"": 250, ""1000"": 250, ""25"": 100, ""250"": 250}"
peak_stress_response,C3_RANDOM_POLICY,20190104,3,100,100,1.68731885693161,2.72738230632184,1.04006344939023,1.04006344939023,1.0817319787575,10.0,250,10ms/250s^-1,100ms/100s^-1,"[20181130, 20190103, 20190111, 20190115, 20190122, 20190124]",6,"[[0.3529361271379452,0.6899800008400373,0.7707625804911477,0.5225864914104731],[0.3163718710163897,0.6124522013305133,0.6609116328741155,0.5335338153940329]]",0.5002344519018301,0.6217551604041938,OK,EXACT_POLICY_ENUMERATION,P07,"{""100"": 250, ""1000"": 250, ""25"": 100, ""250"": 250}"
peak_stress_response,C3_RANDOM_POLICY,20190104,3,100,250,2.36434584547135,3.44691817943744,1.08257233396609,1.08257233396609,1.17196285826879,10.0,250,10ms/250s^-1,100ms/250s^-1,"[20181130, 20190103, 20190111, 20190115, 20190122, 20190124]",6,"[[0.3529361271379452,0.6899800008400373,0.7707625804911477,0.5225864914104731],[0.3163718710163897,0.6124522013305133,0.6609116328741155,0.5335338153940329]]",0.6692353829946073,0.6299187023230957,OK,EXACT_POLICY_ENUMERATION,P07,"{""100"": 250, ""1000"": 250, ""25"": 100, ""250"": 250}"
peak_stress_response,C3_RANDOM_POLICY,20190104,3,100,1000,2.60153205914972,3.87362016521503,1.27208810606531,1.27208810606531,1.61820814959282,10.0,250,10ms/250s^-1,100ms/1000s^-1,"[20181130, 20190103, 20190111, 20190115, 20190122, 20190124]",6,"[[0.3529361271379452,0.6899800008400373,0.7707625804911477,0.5225864914104731],[0.3163718710163897,0.6124522013305133,0.6609116328741155,0.5335338153940329]]",0.7021771710868979,0.9179594603933916,OK,EXACT_POLICY_ENUMERATION,P07,"{""100"": 250, ""1000"": 250, ""25"": 100, ""250"": 250}"
peak_stress_response,C3_RANDOM_POLICY,20190104,3,100,25,1.00428080295749,1.40183261602927,0.397551813071786,0.397551813071786,0.158047444076664,10.0,250,10ms/250s^-1,100ms/25s^-1,"[20181130, 20190103, 20190111, 20190115, 20190122, 20190124]",6,"[[0.3529361271379452,0.6899800008400373,0.7707625804911477,0.5225864914104731],[0.3163718710163897,0.6124522013305133,0.6609116328741155,0.5335338153940329]]",0.22129990931863588,0.4703192133061036,OK,EXACT_POLICY_ENUMERATION,P08,"{""100"": 100, ""1000"": 100, ""25"": 250, ""250"": 100}"
peak_stress_response,C3_RANDOM_POLICY,20190104,3,100,100,1.68731885693161,2.60777645622654,0.920457599294932,0.920457599294932,0.847242192099789,10.0,100,10ms/100s^-1,100ms/100s^-1,"[20181130, 20190103, 20190111, 20190115, 20190122, 20190124]",6,"[[0.3529361271379452,0.6899800008400373,0.7707625804911477,0.5225864914104731],[0.3163718710163897,0.6124522013305133,0.6609116328741155,0.5335338153940329]]",0.6087481170334957,0.6411976740113929,OK,EXACT_POLICY_ENUMERATION,P08,"{""100"": 100, ""1000"": 100, ""25"": 250, ""250"": 100}"
peak_stress_response,C3_RANDOM_POLICY,20190104,3,100,250,2.36434584547135,3.28612197519854,0.921776129727195,0.921776129727195,0.849671233334847,10.0,100,10ms/100s^-1,100ms/250s^-1,"[20181130, 20190103, 20190111, 20190115, 20190122, 20190124]",6,"[[0.3529361271379452,0.6899800008400373,0.7707625804911477,0.5225864914104731],[0.3163718710163897,0.6124522013305133,0.6609116328741155,0.5335338153940329]]",0.8147129873626519,0.6541675925711079,OK,EXACT_POLICY_ENUMERATION,P08,"{""100"": 100, ""1000"": 100, ""25"": 250, ""250"": 100}"
peak_stress_response,C3_RANDOM_POLICY,20190104,3,100,1000,2.60153205914972,3.69940850627366,1.09787644712394,1.09787644712394,1.20533269314949,10.0,100,10ms/100s^-1,100ms/1000s^-1,"[20181130, 20190103, 20190111, 20190115, 20190122, 20190124]",6,"[[0.3529361271379452,0.6899800008400373,0.7707625804911477,0.5225864914104731],[0.3163718710163897,0.6124522013305133,0.6609116328741155,0.5335338153940329]]",0.856948270195809,0.9310117942879064,OK,EXACT_POLICY_ENUMERATION,P08,"{""100"": 100, ""1000"": 100, ""25"": 250, ""250"": 100}"
peak_stress_response,C3_RANDOM_POLICY,20190104,3,100,25,1.00428080295749,1.40183261602927,0.397551813071786,0.397551813071786,0.158047444076664,10.0,250,10ms/250s^-1,100ms/25s^-1,"[20181130, 20190103, 20190111, 20190115, 20190122, 20190124]",6,"[[0.3529361271379452,0.6899800008400373,0.7707625804911477,0.5225864914104731],[0.3163718710163897,0.6124522013305133,0.6609116328741155,0.5335338153940329]]",0.22129990931863588,0.4703192133061036,OK,EXACT_POLICY_ENUMERATION,P09,"{""100"": 100, ""1000"": 250, ""25"": 250, ""250"": 100}"
peak_stress_response,C3_RANDOM_POLICY,20190104,3,100,100,1.68731885693161,2.60777645622654,0.920457599294932,0.920457599294932,0.847242192099789,10.0,100,10ms/100s^-1,100ms/100s^-1,"[20181130, 20190103, 20190111, 20190115, 20190122, 20190124]",6,"[[0.3529361271379452,0.6899800008400373,0.7707625804911477,0.5225864914104731],[0.3163718710163897,0.6124522013305133,0.6609116328741155,0.5335338153940329]]",0.6087481170334957,0.6411976740113929,OK,EXACT_POLICY_ENUMERATION,P09,"{""100"": 100, ""1000"": 250, ""25"": 250, ""250"": 100}"
peak_stress_response,C3_RANDOM_POLICY,20190104,3,100,250,2.36434584547135,3.28612197519854,0.921776129727195,0.921776129727195,0.849671233334847,10.0,100,10ms/100s^-1,100ms/250s^-1,"[20181130, 20190103, 20190111, 20190115, 20190122, 20190124]",6,"[[0.3529361271379452,0.6899800008400373,0.7707625804911477,0.5225864914104731],[0.3163718710163897,0.6124522013305133,0.6609116328741155,0.5335338153940329]]",0.8147129873626519,0.6541675925711079,OK,EXACT_POLICY_ENUMERATION,P09,"{""100"": 100, ""1000"": 250, ""25"": 250, ""250"": 100}"
peak_stress_response,C3_RANDOM_POLICY,20190104,3,100,1000,2.60153205914972,3.87362016521503,1.27208810606531,1.27208810606531,1.61820814959282,10.0,250,10ms/250s^-1,100ms/1000s^-1,"[20181130, 20190103, 20190111, 20190115, 20190122, 20190124]",6,"[[0.3529361271379452,0.6899800008400373,0.7707625804911477,0.5225864914104731],[0.3163718710163897,0.6124522013305133,0.6609116328741155,0.5335338153940329]]",0.7021771710868979,0.9179594603933916,OK,EXACT_POLICY_ENUMERATION,P09,"{""100"": 100, ""1000"": 250, ""25"": 250, ""250"": 100}"
peak_stress_response,C3_RANDOM_POLICY,20190104,3,100,25,1.00428080295749,1.40183261602927,0.397551813071786,0.397551813071786,0.158047444076664,10.0,250,10ms/250s^-1,100ms/25s^-1,"[20181130, 20190103, 20190111, 20190115, 20190122, 20190124]",6,"[[0.3529361271379452,0.6899800008400373,0.7707625804911477,0.5225864914104731],[0.3163718710163897,0.6124522013305133,0.6609116328741155,0.5335338153940329]]",0.22129990931863588,0.4703192133061036,OK,EXACT_POLICY_ENUMERATION,P10,"{""100"": 100, ""1000"": 100, ""25"": 250, ""250"": 250}"
peak_stress_response,C3_RANDOM_POLICY,20190104,3,100,100,1.68731885693161,2.60777645622654,0.920457599294932,0.920457599294932,0.847242192099789,10.0,100,10ms/100s^-1,100ms/100s^-1,"[20181130, 20190103, 20190111, 20190115, 20190122, 20190124]",6,"[[0.3529361271379452,0.6899800008400373,0.7707625804911477,0.5225864914104731],[0.3163718710163897,0.6124522013305133,0.6609116328741155,0.5335338153940329]]",0.6087481170334957,0.6411976740113929,OK,EXACT_POLICY_ENUMERATION,P10,"{""100"": 100, ""1000"": 100, ""25"": 250, ""250"": 250}"
peak_stress_response,C3_RANDOM_POLICY,20190104,3,100,250,2.36434584547135,3.44691817943744,1.08257233396609,1.08257233396609,1.17196285826879,10.0,250,10ms/250s^-1,100ms/250s^-1,"[20181130, 20190103, 20190111, 20190115, 20190122, 20190124]",6,"[[0.3529361271379452,0.6899800008400373,0.7707625804911477,0.5225864914104731],[0.3163718710163897,0.6124522013305133,0.6609116328741155,0.5335338153940329]]",0.6692353829946073,0.6299187023230957,OK,EXACT_POLICY_ENUMERATION,P10,"{""100"": 100, ""1000"": 100, ""25"": 250, ""250"": 250}"
peak_stress_response,C3_RANDOM_POLICY,20190104,3,100,1000,2.60153205914972,3.69940850627366,1.09787644712394,1.09787644712394,1.20533269314949,10.0,100,10ms/100s^-1,100ms/1000s^-1,"[20181130, 20190103, 20190111, 20190115, 20190122, 20190124]",6,"[[0.3529361271379452,0.6899800008400373,0.7707625804911477,0.5225864914104731],[0.3163718710163897,0.6124522013305133,0.6609116328741155,0.5335338153940329]]",0.856948270195809,0.9310117942879064,OK,EXACT_POLICY_ENUMERATION,P10,"{""100"": 100, ""1000"": 100, ""25"": 250, ""250"": 250}"
peak_stress_response,C3_RANDOM_POLICY,20190104,3,100,25,1.00428080295749,1.40183261602927,0.397551813071786,0.397551813071786,0.158047444076664,10.0,250,10ms/250s^-1,100ms/25s^-1,"[20181130, 20190103, 20190111, 20190115, 20190122, 20190124]",6,"[[0.3529361271379452,0.6899800008400373,0.7707625804911477,0.5225864914104731],[0.3163718710163897,0.6124522013305133,0.6609116328741155,0.5335338153940329]]",0.22129990931863588,0.4703192133061036,OK,EXACT_POLICY_ENUMERATION,P11,"{""100"": 100, ""1000"": 250, ""25"": 250, ""250"": 250}"
peak_stress_response,C3_RANDOM_POLICY,20190104,3,100,100,1.68731885693161,2.60777645622654,0.920457599294932,0.920457599294932,0.847242192099789,10.0,100,10ms/100s^-1,100ms/100s^-1,"[20181130, 20190103, 20190111, 20190115, 20190122, 20190124]",6,"[[0.3529361271379452,0.6899800008400373,0.7707625804911477,0.5225864914104731],[0.3163718710163897,0.6124522013305133,0.6609116328741155,0.5335338153940329]]",0.6087481170334957,0.6411976740113929,OK,EXACT_POLICY_ENUMERATION,P11,"{""100"": 100, ""1000"": 250, ""25"": 250, ""250"": 250}"
peak_stress_response,C3_RANDOM_POLICY,20190104,3,100,250,2.36434584547135,3.44691817943744,1.08257233396609,1.08257233396609,1.17196285826879,10.0,250,10ms/250s^-1,100ms/250s^-1,"[20181130, 20190103, 20190111, 20190115, 20190122, 20190124]",6,"[[0.3529361271379452,0.6899800008400373,0.7707625804911477,0.5225864914104731],[0.3163718710163897,0.6124522013305133,0.6609116328741155,0.5335338153940329]]",0.6692353829946073,0.6299187023230957,OK,EXACT_POLICY_ENUMERATION,P11,"{""100"": 100, ""1000"": 250, ""25"": 250, ""250"": 250}"
peak_stress_response,C3_RANDOM_POLICY,20190104,3,100,1000,2.60153205914972,3.87362016521503,1.27208810606531,1.27208810606531,1.61820814959282,10.0,250,10ms/250s^-1,100ms/1000s^-1,"[20181130, 20190103, 20190111, 20190115, 20190122, 20190124]",6,"[[0.3529361271379452,0.6899800008400373,0.7707625804911477,0.5225864914104731],[0.3163718710163897,0.6124522013305133,0.6609116328741155,0.5335338153940329]]",0.7021771710868979,0.9179594603933916,OK,EXACT_POLICY_ENUMERATION,P11,"{""100"": 100, ""1000"": 250, ""25"": 250, ""250"": 250}"
peak_stress_response,C3_RANDOM_POLICY,20190104,3,100,25,1.00428080295749,1.40183261602927,0.397551813071786,0.397551813071786,0.158047444076664,10.0,250,10ms/250s^-1,100ms/25s^-1,"[20181130, 20190103, 20190111, 20190115, 20190122, 20190124]",6,"[[0.3529361271379452,0.6899800008400373,0.7707625804911477,0.5225864914104731],[0.3163718710163897,0.6124522013305133,0.6609116328741155,0.5335338153940329]]",0.22129990931863588,0.4703192133061036,OK,EXACT_POLICY_ENUMERATION,P12,"{""100"": 250, ""1000"": 100, ""25"": 250, ""250"": 100}"
peak_stress_response,C3_RANDOM_POLICY,20190104,3,100,100,1.68731885693161,2.72738230632184,1.04006344939023,1.04006344939023,1.0817319787575,10.0,250,10ms/250s^-1,100ms/100s^-1,"[20181130, 20190103, 20190111, 20190115, 20190122, 20190124]",6,"[[0.3529361271379452,0.6899800008400373,0.7707625804911477,0.5225864914104731],[0.3163718710163897,0.6124522013305133,0.6609116328741155,0.5335338153940329]]",0.5002344519018301,0.6217551604041938,OK,EXACT_POLICY_ENUMERATION,P12,"{""100"": 250, ""1000"": 100, ""25"": 250, ""250"": 100}"
peak_stress_response,C3_RANDOM_POLICY,20190104,3,100,250,2.36434584547135,3.28612197519854,0.921776129727195,0.921776129727195,0.849671233334847,10.0,100,10ms/100s^-1,100ms/250s^-1,"[20181130, 20190103, 20190111, 20190115, 20190122, 20190124]",6,"[[0.3529361271379452,0.6899800008400373,0.7707625804911477,0.5225864914104731],[0.3163718710163897,0.6124522013305133,0.6609116328741155,0.5335338153940329]]",0.8147129873626519,0.6541675925711079,OK,EXACT_POLICY_ENUMERATION,P12,"{""100"": 250, ""1000"": 100, ""25"": 250, ""250"": 100}"
peak_stress_response,C3_RANDOM_POLICY,20190104,3,100,1000,2.60153205914972,3.69940850627366,1.09787644712394,1.09787644712394,1.20533269314949,10.0,100,10ms/100s^-1,100ms/1000s^-1,"[20181130, 20190103, 20190111, 20190115, 20190122, 20190124]",6,"[[0.3529361271379452,0.6899800008400373,0.7707625804911477,0.5225864914104731],[0.3163718710163897,0.6124522013305133,0.6609116328741155,0.5335338153940329]]",0.856948270195809,0.9310117942879064,OK,EXACT_POLICY_ENUMERATION,P12,"{""100"": 250, ""1000"": 100, ""25"": 250, ""250"": 100}"
peak_stress_response,C3_RANDOM_POLICY,20190104,3,100,25,1.00428080295749,1.40183261602927,0.397551813071786,0.397551813071786,0.158047444076664,10.0,250,10ms/250s^-1,100ms/25s^-1,"[20181130, 20190103, 20190111, 20190115, 20190122, 20190124]",6,"[[0.3529361271379452,0.6899800008400373,0.7707625804911477,0.5225864914104731],[0.3163718710163897,0.6124522013305133,0.6609116328741155,0.5335338153940329]]",0.22129990931863588,0.4703192133061036,OK,EXACT_POLICY_ENUMERATION,P13,"{""100"": 250, ""1000"": 250, ""25"": 250, ""250"": 100}"
peak_stress_response,C3_RANDOM_POLICY,20190104,3,100,100,1.68731885693161,2.72738230632184,1.04006344939023,1.04006344939023,1.0817319787575,10.0,250,10ms/250s^-1,100ms/100s^-1,"[20181130, 20190103, 20190111, 20190115, 20190122, 20190124]",6,"[[0.3529361271379452,0.6899800008400373,0.7707625804911477,0.5225864914104731],[0.3163718710163897,0.6124522013305133,0.6609116328741155,0.5335338153940329]]",0.5002344519018301,0.6217551604041938,OK,EXACT_POLICY_ENUMERATION,P13,"{""100"": 250, ""1000"": 250, ""25"": 250, ""250"": 100}"
peak_stress_response,C3_RANDOM_POLICY,20190104,3,100,250,2.36434584547135,3.28612197519854,0.921776129727195,0.921776129727195,0.849671233334847,10.0,100,10ms/100s^-1,100ms/250s^-1,"[20181130, 20190103, 20190111, 20190115, 20190122, 20190124]",6,"[[0.3529361271379452,0.6899800008400373,0.7707625804911477,0.5225864914104731],[0.3163718710163897,0.6124522013305133,0.6609116328741155,0.5335338153940329]]",0.8147129873626519,0.6541675925711079,OK,EXACT_POLICY_ENUMERATION,P13,"{""100"": 250, ""1000"": 250, ""25"": 250, ""250"": 100}"
peak_stress_response,C3_RANDOM_POLICY,20190104,3,100,1000,2.60153205914972,3.87362016521503,1.27208810606531,1.27208810606531,1.61820814959282,10.0,250,10ms/250s^-1,100ms/1000s^-1,"[20181130, 20190103, 20190111, 20190115, 20190122, 20190124]",6,"[[0.3529361271379452,0.6899800008400373,0.7707625804911477,0.5225864914104731],[0.3163718710163897,0.6124522013305133,0.6609116328741155,0.5335338153940329]]",0.7021771710868979,0.9179594603933916,OK,EXACT_POLICY_ENUMERATION,P13,"{""100"": 250, ""1000"": 250, ""25"": 250, ""250"": 100}"
peak_stress_response,C3_RANDOM_POLICY,20190104,3,100,25,1.00428080295749,1.40183261602927,0.397551813071786,0.397551813071786,0.158047444076664,10.0,250,10ms/250s^-1,100ms/25s^-1,"[20181130, 20190103, 20190111, 20190115, 20190122, 20190124]",6,"[[0.3529361271379452,0.6899800008400373,0.7707625804911477,0.5225864914104731],[0.3163718710163897,0.6124522013305133,0.6609116328741155,0.5335338153940329]]",0.22129990931863588,0.4703192133061036,OK,EXACT_POLICY_ENUMERATION,P14,"{""100"": 250, ""1000"": 100, ""25"": 250, ""250"": 250}"
peak_stress_response,C3_RANDOM_POLICY,20190104,3,100,100,1.68731885693161,2.72738230632184,1.04006344939023,1.04006344939023,1.0817319787575,10.0,250,10ms/250s^-1,100ms/100s^-1,"[20181130, 20190103, 20190111, 20190115, 20190122, 20190124]",6,"[[0.3529361271379452,0.6899800008400373,0.7707625804911477,0.5225864914104731],[0.3163718710163897,0.6124522013305133,0.6609116328741155,0.5335338153940329]]",0.5002344519018301,0.6217551604041938,OK,EXACT_POLICY_ENUMERATION,P14,"{""100"": 250, ""1000"": 100, ""25"": 250, ""250"": 250}"
peak_stress_response,C3_RANDOM_POLICY,20190104,3,100,250,2.36434584547135,3.44691817943744,1.08257233396609,1.08257233396609,1.17196285826879,10.0,250,10ms/250s^-1,100ms/250s^-1,"[20181130, 20190103, 20190111, 20190115, 20190122, 20190124]",6,"[[0.3529361271379452,0.6899800008400373,0.7707625804911477,0.5225864914104731],[0.3163718710163897,0.6124522013305133,0.6609116328741155,0.5335338153940329]]",0.6692353829946073,0.6299187023230957,OK,EXACT_POLICY_ENUMERATION,P14,"{""100"": 250, ""1000"": 100, ""25"": 250, ""250"": 250}"
peak_stress_response,C3_RANDOM_POLICY,20190104,3,100,1000,2.60153205914972,3.69940850627366,1.09787644712394,1.09787644712394,1.20533269314949,10.0,100,10ms/100s^-1,100ms/1000s^-1,"[20181130, 20190103, 20190111, 20190115, 20190122, 20190124]",6,"[[0.3529361271379452,0.6899800008400373,0.7707625804911477,0.5225864914104731],[0.3163718710163897,0.6124522013305133,0.6609116328741155,0.5335338153940329]]",0.856948270195809,0.9310117942879064,OK,EXACT_POLICY_ENUMERATION,P14,"{""100"": 250, ""1000"": 100, ""25"": 250, ""250"": 250}"
peak_stress_response,C3_RANDOM_POLICY,20190104,3,100,25,1.00428080295749,1.40183261602927,0.397551813071786,0.397551813071786,0.158047444076664,10.0,250,10ms/250s^-1,100ms/25s^-1,"[20181130, 20190103, 20190111, 20190115, 20190122, 20190124]",6,"[[0.3529361271379452,0.6899800008400373,0.7707625804911477,0.5225864914104731],[0.3163718710163897,0.6124522013305133,0.6609116328741155,0.5335338153940329]]",0.22129990931863588,0.4703192133061036,OK,EXACT_POLICY_ENUMERATION,P15,"{""100"": 250, ""1000"": 250, ""25"": 250, ""250"": 250}"
peak_stress_response,C3_RANDOM_POLICY,20190104,3,100,100,1.68731885693161,2.72738230632184,1.04006344939023,1.04006344939023,1.0817319787575,10.0,250,10ms/250s^-1,100ms/100s^-1,"[20181130, 20190103, 20190111, 20190115, 20190122, 20190124]",6,"[[0.3529361271379452,0.6899800008400373,0.7707625804911477,0.5225864914104731],[0.3163718710163897,0.6124522013305133,0.6609116328741155,0.5335338153940329]]",0.5002344519018301,0.6217551604041938,OK,EXACT_POLICY_ENUMERATION,P15,"{""100"": 250, ""1000"": 250, ""25"": 250, ""250"": 250}"
peak_stress_response,C3_RANDOM_POLICY,20190104,3,100,250,2.36434584547135,3.44691817943744,1.08257233396609,1.08257233396609,1.17196285826879,10.0,250,10ms/250s^-1,100ms/250s^-1,"[20181130, 20190103, 20190111, 20190115, 20190122, 20190124]",6,"[[0.3529361271379452,0.6899800008400373,0.7707625804911477,0.5225864914104731],[0.3163718710163897,0.6124522013305133,0.6609116328741155,0.5335338153940329]]",0.6692353829946073,0.6299187023230957,OK,EXACT_POLICY_ENUMERATION,P15,"{""100"": 250, ""1000"": 250, ""25"": 250, ""250"": 250}"
peak_stress_response,C3_RANDOM_POLICY,20190104,3,100,1000,2.60153205914972,3.87362016521503,1.27208810606531,1.27208810606531,1.61820814959282,10.0,250,10ms/250s^-1,100ms/1000s^-1,"[20181130, 20190103, 20190111, 20190115, 20190122, 20190124]",6,"[[0.3529361271379452,0.6899800008400373,0.7707625804911477,0.5225864914104731],[0.3163718710163897,0.6124522013305133,0.6609116328741155,0.5335338153940329]]",0.7021771710868979,0.9179594603933916,OK,EXACT_POLICY_ENUMERATION,P15,"{""100"": 250, ""1000"": 250, ""25"": 250, ""250"": 250}"
peak_stress_response,C3_RANDOM_POLICY,20190111,4,100,25,2.44791965980209,2.2720927580465,-0.175826901755586,0.175826901755586,0.0309150993809687,10.0,100,10ms/100s^-1,100ms/25s^-1,"[20181130, 20190103, 20190104, 20190115, 20190122, 20190124]",6,"[[0.39013178570538676,0.852720217184315,0.8753923218816798,0.8185184019607941],[0.3717798961159104,0.8724860359715297,0.8761376697266083,0.8622444591832306]]",0.2768074441408853,0.36374801025838743,OK,EXACT_POLICY_ENUMERATION,P00,"{""100"": 100, ""1000"": 100, ""25"": 100, ""250"": 100}"
peak_stress_response,C3_RANDOM_POLICY,20190111,4,100,100,4.96533372131586,4.70683896875722,-0.25849475255864,0.25849475255864,0.0668195371003526,10.0,100,10ms/100s^-1,100ms/100s^-1,"[20181130, 20190103, 20190104, 20190115, 20190122, 20190124]",6,"[[0.39013178570538676,0.852720217184315,0.8753923218816798,0.8185184019607941],[0.3717798961159104,0.8724860359715297,0.8761376697266083,0.8622444591832306]]",0.634407205672802,0.3331572469302726,OK,EXACT_POLICY_ENUMERATION,P00,"{""100"": 100, ""1000"": 100, ""25"": 100, ""250"": 100}"
peak_stress_response,C3_RANDOM_POLICY,20190111,4,100,250,6.52921398662744,6.11173170577198,-0.417482280855459,0.417482280855459,0.174291454828277,10.0,100,10ms/100s^-1,100ms/250s^-1,"[20181130, 20190103, 20190104, 20190115, 20190122, 20190124]",6,"[[0.39013178570538676,0.852720217184315,0.8753923218816798,0.8185184019607941],[0.3717798961159104,0.8724860359715297,0.8761376697266083,0.8622444591832306]]",0.8368454392160306,0.34241576994210643,OK,EXACT_POLICY_ENUMERATION,P00,"{""100"": 100, ""1000"": 100, ""25"": 100, ""250"": 100}"
peak_stress_response,C3_RANDOM_POLICY,20190111,4,100,1000,6.85719852366943,6.71093836574246,-0.146260157926969,0.146260157926969,0.0213920337968219,10.0,100,10ms/100s^-1,100ms/1000s^-1,"[20181130, 20190103, 20190104, 20190115, 20190122, 20190124]",6,"[[0.39013178570538676,0.852720217184315,0.8753923218816798,0.8185184019607941],[0.3717798961159104,0.8724860359715297,0.8761376697266083,0.8622444591832306]]",0.8911938935899842,0.5669374651464363,OK,EXACT_POLICY_ENUMERATION,P00,"{""100"": 100, ""1000"": 100, ""25"": 100, ""250"": 100}"
peak_stress_response,C3_RANDOM_POLICY,20190111,4,100,25,2.44791965980209,2.2720927580465,-0.175826901755586,0.175826901755586,0.0309150993809687,10.0,100,10ms/100s^-1,100ms/25s^-1,"[20181130, 20190103, 20190104, 20190115, 20190122, 20190124]",6,"[[0.39013178570538676,0.852720217184315,0.8753923218816798,0.8185184019607941],[0.3717798961159104,0.8724860359715297,0.8761376697266083,0.8622444591832306]]",0.2768074441408853,0.36374801025838743,OK,EXACT_POLICY_ENUMERATION,P01,"{""100"": 100, ""1000"": 250, ""25"": 100, ""250"": 100}"
peak_stress_response,C3_RANDOM_POLICY,20190111,4,100,100,4.96533372131586,4.70683896875722,-0.25849475255864,0.25849475255864,0.0668195371003526,10.0,100,10ms/100s^-1,100ms/100s^-1,"[20181130, 20190103, 20190104, 20190115, 20190122, 20190124]",6,"[[0.39013178570538676,0.852720217184315,0.8753923218816798,0.8185184019607941],[0.3717798961159104,0.8724860359715297,0.8761376697266083,0.8622444591832306]]",0.634407205672802,0.3331572469302726,OK,EXACT_POLICY_ENUMERATION,P01,"{""100"": 100, ""1000"": 250, ""25"": 100, ""250"": 100}"
peak_stress_response,C3_RANDOM_POLICY,20190111,4,100,250,6.52921398662744,6.11173170577198,-0.417482280855459,0.417482280855459,0.174291454828277,10.0,100,10ms/100s^-1,100ms/250s^-1,"[20181130, 20190103, 20190104, 20190115, 20190122, 20190124]",6,"[[0.39013178570538676,0.852720217184315,0.8753923218816798,0.8185184019607941],[0.3717798961159104,0.8724860359715297,0.8761376697266083,0.8622444591832306]]",0.8368454392160306,0.34241576994210643,OK,EXACT_POLICY_ENUMERATION,P01,"{""100"": 100, ""1000"": 250, ""25"": 100, ""250"": 100}"
peak_stress_response,C3_RANDOM_POLICY,20190111,4,100,1000,6.85719852366943,6.8235510979279,-0.0336474257415338,0.0336474257415338,0.00113214925903203,10.0,250,10ms/250s^-1,100ms/1000s^-1,"[20181130, 20190103, 20190104, 20190115, 20190122, 20190124]",6,"[[0.39013178570538676,0.852720217184315,0.8753923218816798,0.8185184019607941],[0.3717798961159104,0.8724860359715297,0.8761376697266083,0.8622444591832306]]",0.7347016662066417,0.5136848967164793,OK,EXACT_POLICY_ENUMERATION,P01,"{""100"": 100, ""1000"": 250, ""25"": 100, ""250"": 100}"
peak_stress_response,C3_RANDOM_POLICY,20190111,4,100,25,2.44791965980209,2.2720927580465,-0.175826901755586,0.175826901755586,0.0309150993809687,10.0,100,10ms/100s^-1,100ms/25s^-1,"[20181130, 20190103, 20190104, 20190115, 20190122, 20190124]",6,"[[0.39013178570538676,0.852720217184315,0.8753923218816798,0.8185184019607941],[0.3717798961159104,0.8724860359715297,0.8761376697266083,0.8622444591832306]]",0.2768074441408853,0.36374801025838743,OK,EXACT_POLICY_ENUMERATION,P02,"{""100"": 100, ""1000"": 100, ""25"": 100, ""250"": 250}"
peak_stress_response,C3_RANDOM_POLICY,20190111,4,100,100,4.96533372131586,4.70683896875722,-0.25849475255864,0.25849475255864,0.0668195371003526,10.0,100,10ms/100s^-1,100ms/100s^-1,"[20181130, 20190103, 20190104, 20190115, 20190122, 20190124]",6,"[[0.39013178570538676,0.852720217184315,0.8753923218816798,0.8185184019607941],[0.3717798961159104,0.8724860359715297,0.8761376697266083,0.8622444591832306]]",0.634407205672802,0.3331572469302726,OK,EXACT_POLICY_ENUMERATION,P02,"{""100"": 100, ""1000"": 100, ""25"": 100, ""250"": 250}"
peak_stress_response,C3_RANDOM_POLICY,20190111,4,100,250,6.52921398662744,6.22068710414974,-0.308526882477695,0.308526882477695,0.0951888372114054,10.0,250,10ms/250s^-1,100ms/250s^-1,"[20181130, 20190103, 20190104, 20190115, 20190122, 20190124]",6,"[[0.39013178570538676,0.852720217184315,0.8753923218816798,0.8185184019607941],[0.3717798961159104,0.8724860359715297,0.8761376697266083,0.8622444591832306]]",0.6913497825643267,0.2831415303922409,OK,EXACT_POLICY_ENUMERATION,P02,"{""100"": 100, ""1000"": 100, ""25"": 100, ""250"": 250}"
peak_stress_response,C3_RANDOM_POLICY,20190111,4,100,1000,6.85719852366943,6.71093836574246,-0.146260157926969,0.146260157926969,0.0213920337968219,10.0,100,10ms/100s^-1,100ms/1000s^-1,"[20181130, 20190103, 20190104, 20190115, 20190122, 20190124]",6,"[[0.39013178570538676,0.852720217184315,0.8753923218816798,0.8185184019607941],[0.3717798961159104,0.8724860359715297,0.8761376697266083,0.8622444591832306]]",0.8911938935899842,0.5669374651464363,OK,EXACT_POLICY_ENUMERATION,P02,"{""100"": 100, ""1000"": 100, ""25"": 100, ""250"": 250}"
peak_stress_response,C3_RANDOM_POLICY,20190111,4,100,25,2.44791965980209,2.2720927580465,-0.175826901755586,0.175826901755586,0.0309150993809687,10.0,100,10ms/100s^-1,100ms/25s^-1,"[20181130, 20190103, 20190104, 20190115, 20190122, 20190124]",6,"[[0.39013178570538676,0.852720217184315,0.8753923218816798,0.8185184019607941],[0.3717798961159104,0.8724860359715297,0.8761376697266083,0.8622444591832306]]",0.2768074441408853,0.36374801025838743,OK,EXACT_POLICY_ENUMERATION,P03,"{""100"": 100, ""1000"": 250, ""25"": 100, ""250"": 250}"
peak_stress_response,C3_RANDOM_POLICY,20190111,4,100,100,4.96533372131586,4.70683896875722,-0.25849475255864,0.25849475255864,0.0668195371003526,10.0,100,10ms/100s^-1,100ms/100s^-1,"[20181130, 20190103, 20190104, 20190115, 20190122, 20190124]",6,"[[0.39013178570538676,0.852720217184315,0.8753923218816798,0.8185184019607941],[0.3717798961159104,0.8724860359715297,0.8761376697266083,0.8622444591832306]]",0.634407205672802,0.3331572469302726,OK,EXACT_POLICY_ENUMERATION,P03,"{""100"": 100, ""1000"": 250, ""25"": 100, ""250"": 250}"
peak_stress_response,C3_RANDOM_POLICY,20190111,4,100,250,6.52921398662744,6.22068710414974,-0.308526882477695,0.308526882477695,0.0951888372114054,10.0,250,10ms/250s^-1,100ms/250s^-1,"[20181130, 20190103, 20190104, 20190115, 20190122, 20190124]",6,"[[0.39013178570538676,0.852720217184315,0.8753923218816798,0.8185184019607941],[0.3717798961159104,0.8724860359715297,0.8761376697266083,0.8622444591832306]]",0.6913497825643267,0.2831415303922409,OK,EXACT_POLICY_ENUMERATION,P03,"{""100"": 100, ""1000"": 250, ""25"": 100, ""250"": 250}"
peak_stress_response,C3_RANDOM_POLICY,20190111,4,100,1000,6.85719852366943,6.8235510979279,-0.0336474257415338,0.0336474257415338,0.00113214925903203,10.0,250,10ms/250s^-1,100ms/1000s^-1,"[20181130, 20190103, 20190104, 20190115, 20190122, 20190124]",6,"[[0.39013178570538676,0.852720217184315,0.8753923218816798,0.8185184019607941],[0.3717798961159104,0.8724860359715297,0.8761376697266083,0.8622444591832306]]",0.7347016662066417,0.5136848967164793,OK,EXACT_POLICY_ENUMERATION,P03,"{""100"": 100, ""1000"": 250, ""25"": 100, ""250"": 250}"
peak_stress_response,C3_RANDOM_POLICY,20190111,4,100,25,2.44791965980209,2.2720927580465,-0.175826901755586,0.175826901755586,0.0309150993809687,10.0,100,10ms/100s^-1,100ms/25s^-1,"[20181130, 20190103, 20190104, 20190115, 20190122, 20190124]",6,"[[0.39013178570538676,0.852720217184315,0.8753923218816798,0.8185184019607941],[0.3717798961159104,0.8724860359715297,0.8761376697266083,0.8622444591832306]]",0.2768074441408853,0.36374801025838743,OK,EXACT_POLICY_ENUMERATION,P04,"{""100"": 250, ""1000"": 100, ""25"": 100, ""250"": 100}"
peak_stress_response,C3_RANDOM_POLICY,20190111,4,100,100,4.96533372131586,4.78890269554443,-0.176431025771432,0.176431025771432,0.0311279068547597,10.0,250,10ms/250s^-1,100ms/100s^-1,"[20181130, 20190103, 20190104, 20190115, 20190122, 20190124]",6,"[[0.39013178570538676,0.852720217184315,0.8753923218816798,0.8185184019607941],[0.3717798961159104,0.8724860359715297,0.8761376697266083,0.8622444591832306]]",0.523865862944048,0.2897656245398923,OK,EXACT_POLICY_ENUMERATION,P04,"{""100"": 250, ""1000"": 100, ""25"": 100, ""250"": 100}"
peak_stress_response,C3_RANDOM_POLICY,20190111,4,100,250,6.52921398662744,6.11173170577198,-0.417482280855459,0.417482280855459,0.174291454828277,10.0,100,10ms/100s^-1,100ms/250s^-1,"[20181130, 20190103, 20190104, 20190115, 20190122, 20190124]",6,"[[0.39013178570538676,0.852720217184315,0.8753923218816798,0.8185184019607941],[0.3717798961159104,0.8724860359715297,0.8761376697266083,0.8622444591832306]]",0.8368454392160306,0.34241576994210643,OK,EXACT_POLICY_ENUMERATION,P04,"{""100"": 250, ""1000"": 100, ""25"": 100, ""250"": 100}"
peak_stress_response,C3_RANDOM_POLICY,20190111,4,100,1000,6.85719852366943,6.71093836574246,-0.146260157926969,0.146260157926969,0.0213920337968219,10.0,100,10ms/100s^-1,100ms/1000s^-1,"[20181130, 20190103, 20190104, 20190115, 20190122, 20190124]",6,"[[0.39013178570538676,0.852720217184315,0.8753923218816798,0.8185184019607941],[0.3717798961159104,0.8724860359715297,0.8761376697266083,0.8622444591832306]]",0.8911938935899842,0.5669374651464363,OK,EXACT_POLICY_ENUMERATION,P04,"{""100"": 250, ""1000"": 100, ""25"": 100, ""250"": 100}"
peak_stress_response,C3_RANDOM_POLICY,20190111,4,100,25,2.44791965980209,2.2720927580465,-0.175826901755586,0.175826901755586,0.0309150993809687,10.0,100,10ms/100s^-1,100ms/25s^-1,"[20181130, 20190103, 20190104, 20190115, 20190122, 20190124]",6,"[[0.39013178570538676,0.852720217184315,0.8753923218816798,0.8185184019607941],[0.3717798961159104,0.8724860359715297,0.8761376697266083,0.8622444591832306]]",0.2768074441408853,0.36374801025838743,OK,EXACT_POLICY_ENUMERATION,P05,"{""100"": 250, ""1000"": 250, ""25"": 100, ""250"": 100}"
peak_stress_response,C3_RANDOM_POLICY,20190111,4,100,100,4.96533372131586,4.78890269554443,-0.176431025771432,0.176431025771432,0.0311279068547597,10.0,250,10ms/250s^-1,100ms/100s^-1,"[20181130, 20190103, 20190104, 20190115, 20190122, 20190124]",6,"[[0.39013178570538676,0.852720217184315,0.8753923218816798,0.8185184019607941],[0.3717798961159104,0.8724860359715297,0.8761376697266083,0.8622444591832306]]",0.523865862944048,0.2897656245398923,OK,EXACT_POLICY_ENUMERATION,P05,"{""100"": 250, ""1000"": 250, ""25"": 100, ""250"": 100}"
peak_stress_response,C3_RANDOM_POLICY,20190111,4,100,250,6.52921398662744,6.11173170577198,-0.417482280855459,0.417482280855459,0.174291454828277,10.0,100,10ms/100s^-1,100ms/250s^-1,"[20181130, 20190103, 20190104, 20190115, 20190122, 20190124]",6,"[[0.39013178570538676,0.852720217184315,0.8753923218816798,0.8185184019607941],[0.3717798961159104,0.8724860359715297,0.8761376697266083,0.8622444591832306]]",0.8368454392160306,0.34241576994210643,OK,EXACT_POLICY_ENUMERATION,P05,"{""100"": 250, ""1000"": 250, ""25"": 100, ""250"": 100}"
peak_stress_response,C3_RANDOM_POLICY,20190111,4,100,1000,6.85719852366943,6.8235510979279,-0.0336474257415338,0.0336474257415338,0.00113214925903203,10.0,250,10ms/250s^-1,100ms/1000s^-1,"[20181130, 20190103, 20190104, 20190115, 20190122, 20190124]",6,"[[0.39013178570538676,0.852720217184315,0.8753923218816798,0.8185184019607941],[0.3717798961159104,0.8724860359715297,0.8761376697266083,0.8622444591832306]]",0.7347016662066417,0.5136848967164793,OK,EXACT_POLICY_ENUMERATION,P05,"{""100"": 250, ""1000"": 250, ""25"": 100, ""250"": 100}"
peak_stress_response,C3_RANDOM_POLICY,20190111,4,100,25,2.44791965980209,2.2720927580465,-0.175826901755586,0.175826901755586,0.0309150993809687,10.0,100,10ms/100s^-1,100ms/25s^-1,"[20181130, 20190103, 20190104, 20190115, 20190122, 20190124]",6,"[[0.39013178570538676,0.852720217184315,0.8753923218816798,0.8185184019607941],[0.3717798961159104,0.8724860359715297,0.8761376697266083,0.8622444591832306]]",0.2768074441408853,0.36374801025838743,OK,EXACT_POLICY_ENUMERATION,P06,"{""100"": 250, ""1000"": 100, ""25"": 100, ""250"": 250}"
peak_stress_response,C3_RANDOM_POLICY,20190111,4,100,100,4.96533372131586,4.78890269554443,-0.176431025771432,0.176431025771432,0.0311279068547597,10.0,250,10ms/250s^-1,100ms/100s^-1,"[20181130, 20190103, 20190104, 20190115, 20190122, 20190124]",6,"[[0.39013178570538676,0.852720217184315,0.8753923218816798,0.8185184019607941],[0.3717798961159104,0.8724860359715297,0.8761376697266083,0.8622444591832306]]",0.523865862944048,0.2897656245398923,OK,EXACT_POLICY_ENUMERATION,P06,"{""100"": 250, ""1000"": 100, ""25"": 100, ""250"": 250}"
peak_stress_response,C3_RANDOM_POLICY,20190111,4,100,250,6.52921398662744,6.22068710414974,-0.308526882477695,0.308526882477695,0.0951888372114054,10.0,250,10ms/250s^-1,100ms/250s^-1,"[20181130, 20190103, 20190104, 20190115, 20190122, 20190124]",6,"[[0.39013178570538676,0.852720217184315,0.8753923218816798,0.8185184019607941],[0.3717798961159104,0.8724860359715297,0.8761376697266083,0.8622444591832306]]",0.6913497825643267,0.2831415303922409,OK,EXACT_POLICY_ENUMERATION,P06,"{""100"": 250, ""1000"": 100, ""25"": 100, ""250"": 250}"
peak_stress_response,C3_RANDOM_POLICY,20190111,4,100,1000,6.85719852366943,6.71093836574246,-0.146260157926969,0.146260157926969,0.0213920337968219,10.0,100,10ms/100s^-1,100ms/1000s^-1,"[20181130, 20190103, 20190104, 20190115, 20190122, 20190124]",6,"[[0.39013178570538676,0.852720217184315,0.8753923218816798,0.8185184019607941],[0.3717798961159104,0.8724860359715297,0.8761376697266083,0.8622444591832306]]",0.8911938935899842,0.5669374651464363,OK,EXACT_POLICY_ENUMERATION,P06,"{""100"": 250, ""1000"": 100, ""25"": 100, ""250"": 250}"
peak_stress_response,C3_RANDOM_POLICY,20190111,4,100,25,2.44791965980209,2.2720927580465,-0.175826901755586,0.175826901755586,0.0309150993809687,10.0,100,10ms/100s^-1,100ms/25s^-1,"[20181130, 20190103, 20190104, 20190115, 20190122, 20190124]",6,"[[0.39013178570538676,0.852720217184315,0.8753923218816798,0.8185184019607941],[0.3717798961159104,0.8724860359715297,0.8761376697266083,0.8622444591832306]]",0.2768074441408853,0.36374801025838743,OK,EXACT_POLICY_ENUMERATION,P07,"{""100"": 250, ""1000"": 250, ""25"": 100, ""250"": 250}"
peak_stress_response,C3_RANDOM_POLICY,20190111,4,100,100,4.96533372131586,4.78890269554443,-0.176431025771432,0.176431025771432,0.0311279068547597,10.0,250,10ms/250s^-1,100ms/100s^-1,"[20181130, 20190103, 20190104, 20190115, 20190122, 20190124]",6,"[[0.39013178570538676,0.852720217184315,0.8753923218816798,0.8185184019607941],[0.3717798961159104,0.8724860359715297,0.8761376697266083,0.8622444591832306]]",0.523865862944048,0.2897656245398923,OK,EXACT_POLICY_ENUMERATION,P07,"{""100"": 250, ""1000"": 250, ""25"": 100, ""250"": 250}"
peak_stress_response,C3_RANDOM_POLICY,20190111,4,100,250,6.52921398662744,6.22068710414974,-0.308526882477695,0.308526882477695,0.0951888372114054,10.0,250,10ms/250s^-1,100ms/250s^-1,"[20181130, 20190103, 20190104, 20190115, 20190122, 20190124]",6,"[[0.39013178570538676,0.852720217184315,0.8753923218816798,0.8185184019607941],[0.3717798961159104,0.8724860359715297,0.8761376697266083,0.8622444591832306]]",0.6913497825643267,0.2831415303922409,OK,EXACT_POLICY_ENUMERATION,P07,"{""100"": 250, ""1000"": 250, ""25"": 100, ""250"": 250}"
peak_stress_response,C3_RANDOM_POLICY,20190111,4,100,1000,6.85719852366943,6.8235510979279,-0.0336474257415338,0.0336474257415338,0.00113214925903203,10.0,250,10ms/250s^-1,100ms/1000s^-1,"[20181130, 20190103, 20190104, 20190115, 20190122, 20190124]",6,"[[0.39013178570538676,0.852720217184315,0.8753923218816798,0.8185184019607941],[0.3717798961159104,0.8724860359715297,0.8761376697266083,0.8622444591832306]]",0.7347016662066417,0.5136848967164793,OK,EXACT_POLICY_ENUMERATION,P07,"{""100"": 250, ""1000"": 250, ""25"": 100, ""250"": 250}"
peak_stress_response,C3_RANDOM_POLICY,20190111,4,100,25,2.44791965980209,2.3086251704163,-0.139294489385791,0.139294489385791,0.0194029547732481,10.0,250,10ms/250s^-1,100ms/25s^-1,"[20181130, 20190103, 20190104, 20190115, 20190122, 20190124]",6,"[[0.39013178570538676,0.852720217184315,0.8753923218816798,0.8185184019607941],[0.3717798961159104,0.8724860359715297,0.8761376697266083,0.8622444591832306]]",0.2289041531441902,0.3427189452421573,OK,EXACT_POLICY_ENUMERATION,P08,"{""100"": 100, ""1000"": 100, ""25"": 250, ""250"": 100}"
peak_stress_response,C3_RANDOM_POLICY,20190111,4,100,100,4.96533372131586,4.70683896875722,-0.25849475255864,0.25849475255864,0.0668195371003526,10.0,100,10ms/100s^-1,100ms/100s^-1,"[20181130, 20190103, 20190104, 20190115, 20190122, 20190124]",6,"[[0.39013178570538676,0.852720217184315,0.8753923218816798,0.8185184019607941],[0.3717798961159104,0.8724860359715297,0.8761376697266083,0.8622444591832306]]",0.634407205672802,0.3331572469302726,OK,EXACT_POLICY_ENUMERATION,P08,"{""100"": 100, ""1000"": 100, ""25"": 250, ""250"": 100}"
peak_stress_response,C3_RANDOM_POLICY,20190111,4,100,250,6.52921398662744,6.11173170577198,-0.417482280855459,0.417482280855459,0.174291454828277,10.0,100,10ms/100s^-1,100ms/250s^-1,"[20181130, 20190103, 20190104, 20190115, 20190122, 20190124]",6,"[[0.39013178570538676,0.852720217184315,0.8753923218816798,0.8185184019607941],[0.3717798961159104,0.8724860359715297,0.8761376697266083,0.8622444591832306]]",0.8368454392160306,0.34241576994210643,OK,EXACT_POLICY_ENUMERATION,P08,"{""100"": 100, ""1000"": 100, ""25"": 250, ""250"": 100}"
peak_stress_response,C3_RANDOM_POLICY,20190111,4,100,1000,6.85719852366943,6.71093836574246,-0.146260157926969,0.146260157926969,0.0213920337968219,10.0,100,10ms/100s^-1,100ms/1000s^-1,"[20181130, 20190103, 20190104, 20190115, 20190122, 20190124]",6,"[[0.39013178570538676,0.852720217184315,0.8753923218816798,0.8185184019607941],[0.3717798961159104,0.8724860359715297,0.8761376697266083,0.8622444591832306]]",0.8911938935899842,0.5669374651464363,OK,EXACT_POLICY_ENUMERATION,P08,"{""100"": 100, ""1000"": 100, ""25"": 250, ""250"": 100}"
peak_stress_response,C3_RANDOM_POLICY,20190111,4,100,25,2.44791965980209,2.3086251704163,-0.139294489385791,0.139294489385791,0.0194029547732481,10.0,250,10ms/250s^-1,100ms/25s^-1,"[20181130, 20190103, 20190104, 20190115, 20190122, 20190124]",6,"[[0.39013178570538676,0.852720217184315,0.8753923218816798,0.8185184019607941],[0.3717798961159104,0.8724860359715297,0.8761376697266083,0.8622444591832306]]",0.2289041531441902,0.3427189452421573,OK,EXACT_POLICY_ENUMERATION,P09,"{""100"": 100, ""1000"": 250, ""25"": 250, ""250"": 100}"
peak_stress_response,C3_RANDOM_POLICY,20190111,4,100,100,4.96533372131586,4.70683896875722,-0.25849475255864,0.25849475255864,0.0668195371003526,10.0,100,10ms/100s^-1,100ms/100s^-1,"[20181130, 20190103, 20190104, 20190115, 20190122, 20190124]",6,"[[0.39013178570538676,0.852720217184315,0.8753923218816798,0.8185184019607941],[0.3717798961159104,0.8724860359715297,0.8761376697266083,0.8622444591832306]]",0.634407205672802,0.3331572469302726,OK,EXACT_POLICY_ENUMERATION,P09,"{""100"": 100, ""1000"": 250, ""25"": 250, ""250"": 100}"
peak_stress_response,C3_RANDOM_POLICY,20190111,4,100,250,6.52921398662744,6.11173170577198,-0.417482280855459,0.417482280855459,0.174291454828277,10.0,100,10ms/100s^-1,100ms/250s^-1,"[20181130, 20190103, 20190104, 20190115, 20190122, 20190124]",6,"[[0.39013178570538676,0.852720217184315,0.8753923218816798,0.8185184019607941],[0.3717798961159104,0.8724860359715297,0.8761376697266083,0.8622444591832306]]",0.8368454392160306,0.34241576994210643,OK,EXACT_POLICY_ENUMERATION,P09,"{""100"": 100, ""1000"": 250, ""25"": 250, ""250"": 100}"
peak_stress_response,C3_RANDOM_POLICY,20190111,4,100,1000,6.85719852366943,6.8235510979279,-0.0336474257415338,0.0336474257415338,0.00113214925903203,10.0,250,10ms/250s^-1,100ms/1000s^-1,"[20181130, 20190103, 20190104, 20190115, 20190122, 20190124]",6,"[[0.39013178570538676,0.852720217184315,0.8753923218816798,0.8185184019607941],[0.3717798961159104,0.8724860359715297,0.8761376697266083,0.8622444591832306]]",0.7347016662066417,0.5136848967164793,OK,EXACT_POLICY_ENUMERATION,P09,"{""100"": 100, ""1000"": 250, ""25"": 250, ""250"": 100}"
peak_stress_response,C3_RANDOM_POLICY,20190111,4,100,25,2.44791965980209,2.3086251704163,-0.139294489385791,0.139294489385791,0.0194029547732481,10.0,250,10ms/250s^-1,100ms/25s^-1,"[20181130, 20190103, 20190104, 20190115, 20190122, 20190124]",6,"[[0.39013178570538676,0.852720217184315,0.8753923218816798,0.8185184019607941],[0.3717798961159104,0.8724860359715297,0.8761376697266083,0.8622444591832306]]",0.2289041531441902,0.3427189452421573,OK,EXACT_POLICY_ENUMERATION,P10,"{""100"": 100, ""1000"": 100, ""25"": 250, ""250"": 250}"
peak_stress_response,C3_RANDOM_POLICY,20190111,4,100,100,4.96533372131586,4.70683896875722,-0.25849475255864,0.25849475255864,0.0668195371003526,10.0,100,10ms/100s^-1,100ms/100s^-1,"[20181130, 20190103, 20190104, 20190115, 20190122, 20190124]",6,"[[0.39013178570538676,0.852720217184315,0.8753923218816798,0.8185184019607941],[0.3717798961159104,0.8724860359715297,0.8761376697266083,0.8622444591832306]]",0.634407205672802,0.3331572469302726,OK,EXACT_POLICY_ENUMERATION,P10,"{""100"": 100, ""1000"": 100, ""25"": 250, ""250"": 250}"
peak_stress_response,C3_RANDOM_POLICY,20190111,4,100,250,6.52921398662744,6.22068710414974,-0.308526882477695,0.308526882477695,0.0951888372114054,10.0,250,10ms/250s^-1,100ms/250s^-1,"[20181130, 20190103, 20190104, 20190115, 20190122, 20190124]",6,"[[0.39013178570538676,0.852720217184315,0.8753923218816798,0.8185184019607941],[0.3717798961159104,0.8724860359715297,0.8761376697266083,0.8622444591832306]]",0.6913497825643267,0.2831415303922409,OK,EXACT_POLICY_ENUMERATION,P10,"{""100"": 100, ""1000"": 100, ""25"": 250, ""250"": 250}"
peak_stress_response,C3_RANDOM_POLICY,20190111,4,100,1000,6.85719852366943,6.71093836574246,-0.146260157926969,0.146260157926969,0.0213920337968219,10.0,100,10ms/100s^-1,100ms/1000s^-1,"[20181130, 20190103, 20190104, 20190115, 20190122, 20190124]",6,"[[0.39013178570538676,0.852720217184315,0.8753923218816798,0.8185184019607941],[0.3717798961159104,0.8724860359715297,0.8761376697266083,0.8622444591832306]]",0.8911938935899842,0.5669374651464363,OK,EXACT_POLICY_ENUMERATION,P10,"{""100"": 100, ""1000"": 100, ""25"": 250, ""250"": 250}"
peak_stress_response,C3_RANDOM_POLICY,20190111,4,100,25,2.44791965980209,2.3086251704163,-0.139294489385791,0.139294489385791,0.0194029547732481,10.0,250,10ms/250s^-1,100ms/25s^-1,"[20181130, 20190103, 20190104, 20190115, 20190122, 20190124]",6,"[[0.39013178570538676,0.852720217184315,0.8753923218816798,0.8185184019607941],[0.3717798961159104,0.8724860359715297,0.8761376697266083,0.8622444591832306]]",0.2289041531441902,0.3427189452421573,OK,EXACT_POLICY_ENUMERATION,P11,"{""100"": 100, ""1000"": 250, ""25"": 250, ""250"": 250}"
peak_stress_response,C3_RANDOM_POLICY,20190111,4,100,100,4.96533372131586,4.70683896875722,-0.25849475255864,0.25849475255864,0.0668195371003526,10.0,100,10ms/100s^-1,100ms/100s^-1,"[20181130, 20190103, 20190104, 20190115, 20190122, 20190124]",6,"[[0.39013178570538676,0.852720217184315,0.8753923218816798,0.8185184019607941],[0.3717798961159104,0.8724860359715297,0.8761376697266083,0.8622444591832306]]",0.634407205672802,0.3331572469302726,OK,EXACT_POLICY_ENUMERATION,P11,"{""100"": 100, ""1000"": 250, ""25"": 250, ""250"": 250}"
peak_stress_response,C3_RANDOM_POLICY,20190111,4,100,250,6.52921398662744,6.22068710414974,-0.308526882477695,0.308526882477695,0.0951888372114054,10.0,250,10ms/250s^-1,100ms/250s^-1,"[20181130, 20190103, 20190104, 20190115, 20190122, 20190124]",6,"[[0.39013178570538676,0.852720217184315,0.8753923218816798,0.8185184019607941],[0.3717798961159104,0.8724860359715297,0.8761376697266083,0.8622444591832306]]",0.6913497825643267,0.2831415303922409,OK,EXACT_POLICY_ENUMERATION,P11,"{""100"": 100, ""1000"": 250, ""25"": 250, ""250"": 250}"
peak_stress_response,C3_RANDOM_POLICY,20190111,4,100,1000,6.85719852366943,6.8235510979279,-0.0336474257415338,0.0336474257415338,0.00113214925903203,10.0,250,10ms/250s^-1,100ms/1000s^-1,"[20181130, 20190103, 20190104, 20190115, 20190122, 20190124]",6,"[[0.39013178570538676,0.852720217184315,0.8753923218816798,0.8185184019607941],[0.3717798961159104,0.8724860359715297,0.8761376697266083,0.8622444591832306]]",0.7347016662066417,0.5136848967164793,OK,EXACT_POLICY_ENUMERATION,P11,"{""100"": 100, ""1000"": 250, ""25"": 250, ""250"": 250}"
peak_stress_response,C3_RANDOM_POLICY,20190111,4,100,25,2.44791965980209,2.3086251704163,-0.139294489385791,0.139294489385791,0.0194029547732481,10.0,250,10ms/250s^-1,100ms/25s^-1,"[20181130, 20190103, 20190104, 20190115, 20190122, 20190124]",6,"[[0.39013178570538676,0.852720217184315,0.8753923218816798,0.8185184019607941],[0.3717798961159104,0.8724860359715297,0.8761376697266083,0.8622444591832306]]",0.2289041531441902,0.3427189452421573,OK,EXACT_POLICY_ENUMERATION,P12,"{""100"": 250, ""1000"": 100, ""25"": 250, ""250"": 100}"
peak_stress_response,C3_RANDOM_POLICY,20190111,4,100,100,4.96533372131586,4.78890269554443,-0.176431025771432,0.176431025771432,0.0311279068547597,10.0,250,10ms/250s^-1,100ms/100s^-1,"[20181130, 20190103, 20190104, 20190115, 20190122, 20190124]",6,"[[0.39013178570538676,0.852720217184315,0.8753923218816798,0.8185184019607941],[0.3717798961159104,0.8724860359715297,0.8761376697266083,0.8622444591832306]]",0.523865862944048,0.2897656245398923,OK,EXACT_POLICY_ENUMERATION,P12,"{""100"": 250, ""1000"": 100, ""25"": 250, ""250"": 100}"
peak_stress_response,C3_RANDOM_POLICY,20190111,4,100,250,6.52921398662744,6.11173170577198,-0.417482280855459,0.417482280855459,0.174291454828277,10.0,100,10ms/100s^-1,100ms/250s^-1,"[20181130, 20190103, 20190104, 20190115, 20190122, 20190124]",6,"[[0.39013178570538676,0.852720217184315,0.8753923218816798,0.8185184019607941],[0.3717798961159104,0.8724860359715297,0.8761376697266083,0.8622444591832306]]",0.8368454392160306,0.34241576994210643,OK,EXACT_POLICY_ENUMERATION,P12,"{""100"": 250, ""1000"": 100, ""25"": 250, ""250"": 100}"
peak_stress_response,C3_RANDOM_POLICY,20190111,4,100,1000,6.85719852366943,6.71093836574246,-0.146260157926969,0.146260157926969,0.0213920337968219,10.0,100,10ms/100s^-1,100ms/1000s^-1,"[20181130, 20190103, 20190104, 20190115, 20190122, 20190124]",6,"[[0.39013178570538676,0.852720217184315,0.8753923218816798,0.8185184019607941],[0.3717798961159104,0.8724860359715297,0.8761376697266083,0.8622444591832306]]",0.8911938935899842,0.5669374651464363,OK,EXACT_POLICY_ENUMERATION,P12,"{""100"": 250, ""1000"": 100, ""25"": 250, ""250"": 100}"
peak_stress_response,C3_RANDOM_POLICY,20190111,4,100,25,2.44791965980209,2.3086251704163,-0.139294489385791,0.139294489385791,0.0194029547732481,10.0,250,10ms/250s^-1,100ms/25s^-1,"[20181130, 20190103, 20190104, 20190115, 20190122, 20190124]",6,"[[0.39013178570538676,0.852720217184315,0.8753923218816798,0.8185184019607941],[0.3717798961159104,0.8724860359715297,0.8761376697266083,0.8622444591832306]]",0.2289041531441902,0.3427189452421573,OK,EXACT_POLICY_ENUMERATION,P13,"{""100"": 250, ""1000"": 250, ""25"": 250, ""250"": 100}"
peak_stress_response,C3_RANDOM_POLICY,20190111,4,100,100,4.96533372131586,4.78890269554443,-0.176431025771432,0.176431025771432,0.0311279068547597,10.0,250,10ms/250s^-1,100ms/100s^-1,"[20181130, 20190103, 20190104, 20190115, 20190122, 20190124]",6,"[[0.39013178570538676,0.852720217184315,0.8753923218816798,0.8185184019607941],[0.3717798961159104,0.8724860359715297,0.8761376697266083,0.8622444591832306]]",0.523865862944048,0.2897656245398923,OK,EXACT_POLICY_ENUMERATION,P13,"{""100"": 250, ""1000"": 250, ""25"": 250, ""250"": 100}"
peak_stress_response,C3_RANDOM_POLICY,20190111,4,100,250,6.52921398662744,6.11173170577198,-0.417482280855459,0.417482280855459,0.174291454828277,10.0,100,10ms/100s^-1,100ms/250s^-1,"[20181130, 20190103, 20190104, 20190115, 20190122, 20190124]",6,"[[0.39013178570538676,0.852720217184315,0.8753923218816798,0.8185184019607941],[0.3717798961159104,0.8724860359715297,0.8761376697266083,0.8622444591832306]]",0.8368454392160306,0.34241576994210643,OK,EXACT_POLICY_ENUMERATION,P13,"{""100"": 250, ""1000"": 250, ""25"": 250, ""250"": 100}"
peak_stress_response,C3_RANDOM_POLICY,20190111,4,100,1000,6.85719852366943,6.8235510979279,-0.0336474257415338,0.0336474257415338,0.00113214925903203,10.0,250,10ms/250s^-1,100ms/1000s^-1,"[20181130, 20190103, 20190104, 20190115, 20190122, 20190124]",6,"[[0.39013178570538676,0.852720217184315,0.8753923218816798,0.8185184019607941],[0.3717798961159104,0.8724860359715297,0.8761376697266083,0.8622444591832306]]",0.7347016662066417,0.5136848967164793,OK,EXACT_POLICY_ENUMERATION,P13,"{""100"": 250, ""1000"": 250, ""25"": 250, ""250"": 100}"
peak_stress_response,C3_RANDOM_POLICY,20190111,4,100,25,2.44791965980209,2.3086251704163,-0.139294489385791,0.139294489385791,0.0194029547732481,10.0,250,10ms/250s^-1,100ms/25s^-1,"[20181130, 20190103, 20190104, 20190115, 20190122, 20190124]",6,"[[0.39013178570538676,0.852720217184315,0.8753923218816798,0.8185184019607941],[0.3717798961159104,0.8724860359715297,0.8761376697266083,0.8622444591832306]]",0.2289041531441902,0.3427189452421573,OK,EXACT_POLICY_ENUMERATION,P14,"{""100"": 250, ""1000"": 100, ""25"": 250, ""250"": 250}"
peak_stress_response,C3_RANDOM_POLICY,20190111,4,100,100,4.96533372131586,4.78890269554443,-0.176431025771432,0.176431025771432,0.0311279068547597,10.0,250,10ms/250s^-1,100ms/100s^-1,"[20181130, 20190103, 20190104, 20190115, 20190122, 20190124]",6,"[[0.39013178570538676,0.852720217184315,0.8753923218816798,0.8185184019607941],[0.3717798961159104,0.8724860359715297,0.8761376697266083,0.8622444591832306]]",0.523865862944048,0.2897656245398923,OK,EXACT_POLICY_ENUMERATION,P14,"{""100"": 250, ""1000"": 100, ""25"": 250, ""250"": 250}"
peak_stress_response,C3_RANDOM_POLICY,20190111,4,100,250,6.52921398662744,6.22068710414974,-0.308526882477695,0.308526882477695,0.0951888372114054,10.0,250,10ms/250s^-1,100ms/250s^-1,"[20181130, 20190103, 20190104, 20190115, 20190122, 20190124]",6,"[[0.39013178570538676,0.852720217184315,0.8753923218816798,0.8185184019607941],[0.3717798961159104,0.8724860359715297,0.8761376697266083,0.8622444591832306]]",0.6913497825643267,0.2831415303922409,OK,EXACT_POLICY_ENUMERATION,P14,"{""100"": 250, ""1000"": 100, ""25"": 250, ""250"": 250}"
peak_stress_response,C3_RANDOM_POLICY,20190111,4,100,1000,6.85719852366943,6.71093836574246,-0.146260157926969,0.146260157926969,0.0213920337968219,10.0,100,10ms/100s^-1,100ms/1000s^-1,"[20181130, 20190103, 20190104, 20190115, 20190122, 20190124]",6,"[[0.39013178570538676,0.852720217184315,0.8753923218816798,0.8185184019607941],[0.3717798961159104,0.8724860359715297,0.8761376697266083,0.8622444591832306]]",0.8911938935899842,0.5669374651464363,OK,EXACT_POLICY_ENUMERATION,P14,"{""100"": 250, ""1000"": 100, ""25"": 250, ""250"": 250}"
peak_stress_response,C3_RANDOM_POLICY,20190111,4,100,25,2.44791965980209,2.3086251704163,-0.139294489385791,0.139294489385791,0.0194029547732481,10.0,250,10ms/250s^-1,100ms/25s^-1,"[20181130, 20190103, 20190104, 20190115, 20190122, 20190124]",6,"[[0.39013178570538676,0.852720217184315,0.8753923218816798,0.8185184019607941],[0.3717798961159104,0.8724860359715297,0.8761376697266083,0.8622444591832306]]",0.2289041531441902,0.3427189452421573,OK,EXACT_POLICY_ENUMERATION,P15,"{""100"": 250, ""1000"": 250, ""25"": 250, ""250"": 250}"
peak_stress_response,C3_RANDOM_POLICY,20190111,4,100,100,4.96533372131586,4.78890269554443,-0.176431025771432,0.176431025771432,0.0311279068547597,10.0,250,10ms/250s^-1,100ms/100s^-1,"[20181130, 20190103, 20190104, 20190115, 20190122, 20190124]",6,"[[0.39013178570538676,0.852720217184315,0.8753923218816798,0.8185184019607941],[0.3717798961159104,0.8724860359715297,0.8761376697266083,0.8622444591832306]]",0.523865862944048,0.2897656245398923,OK,EXACT_POLICY_ENUMERATION,P15,"{""100"": 250, ""1000"": 250, ""25"": 250, ""250"": 250}"
peak_stress_response,C3_RANDOM_POLICY,20190111,4,100,250,6.52921398662744,6.22068710414974,-0.308526882477695,0.308526882477695,0.0951888372114054,10.0,250,10ms/250s^-1,100ms/250s^-1,"[20181130, 20190103, 20190104, 20190115, 20190122, 20190124]",6,"[[0.39013178570538676,0.852720217184315,0.8753923218816798,0.8185184019607941],[0.3717798961159104,0.8724860359715297,0.8761376697266083,0.8622444591832306]]",0.6913497825643267,0.2831415303922409,OK,EXACT_POLICY_ENUMERATION,P15,"{""100"": 250, ""1000"": 250, ""25"": 250, ""250"": 250}"
peak_stress_response,C3_RANDOM_POLICY,20190111,4,100,1000,6.85719852366943,6.8235510979279,-0.0336474257415338,0.0336474257415338,0.00113214925903203,10.0,250,10ms/250s^-1,100ms/1000s^-1,"[20181130, 20190103, 20190104, 20190115, 20190122, 20190124]",6,"[[0.39013178570538676,0.852720217184315,0.8753923218816798,0.8185184019607941],[0.3717798961159104,0.8724860359715297,0.8761376697266083,0.8622444591832306]]",0.7347016662066417,0.5136848967164793,OK,EXACT_POLICY_ENUMERATION,P15,"{""100"": 250, ""1000"": 250, ""25"": 250, ""250"": 250}"
peak_stress_response,C3_RANDOM_POLICY,20190115,5,100,25,2.94253082242503,3.76598790120727,0.823457078782237,0.823457078782237,0.678081560596575,10.0,100,10ms/100s^-1,100ms/25s^-1,"[20181130, 20190103, 20190104, 20190111, 20190122, 20190124]",6,"[[0.2608074793814859,0.6306010047664335,0.6091902416981392,0.5527508095656627],[0.27182917848095733,0.6557089112581834,0.6413162795259932,0.6615337620655691]]",0.3453942076542816,0.1333020731331771,OK,EXACT_POLICY_ENUMERATION,P00,"{""100"": 100, ""1000"": 100, ""25"": 100, ""250"": 100}"
peak_stress_response,C3_RANDOM_POLICY,20190115,5,100,100,6.24506267431551,8.04777251070075,1.80270983638523,1.80270983638523,3.24976275420008,10.0,100,10ms/100s^-1,100ms/100s^-1,"[20181130, 20190103, 20190104, 20190111, 20190122, 20190124]",6,"[[0.2608074793814859,0.6306010047664335,0.6091902416981392,0.5527508095656627],[0.27182917848095733,0.6557089112581834,0.6413162795259932,0.6615337620655691]]",0.7817169661047164,-0.17394077053665846,OK,EXACT_POLICY_ENUMERATION,P00,"{""100"": 100, ""1000"": 100, ""25"": 100, ""250"": 100}"
peak_stress_response,C3_RANDOM_POLICY,20190115,5,100,250,8.38922655749674,10.2684225618142,1.87919600431746,1.87919600431746,3.53137762264272,10.0,100,10ms/100s^-1,100ms/250s^-1,"[20181130, 20190103, 20190104, 20190111, 20190122, 20190124]",6,"[[0.2608074793814859,0.6306010047664335,0.6091902416981392,0.5527508095656627],[0.27182917848095733,0.6557089112581834,0.6413162795259932,0.6615337620655691]]",0.9937306450338487,-0.18314596810939943,OK,EXACT_POLICY_ENUMERATION,P00,"{""100"": 100, ""1000"": 100, ""25"": 100, ""250"": 100}"
peak_stress_response,C3_RANDOM_POLICY,20190115,5,100,1000,9.29347941799218,10.7850556619487,1.4915762439565,1.4915762439565,2.22479969153537,10.0,100,10ms/100s^-1,100ms/1000s^-1,"[20181130, 20190103, 20190104, 20190111, 20190122, 20190124]",6,"[[0.2608074793814859,0.6306010047664335,0.6091902416981392,0.5527508095656627],[0.27182917848095733,0.6557089112581834,0.6413162795259932,0.6615337620655691]]",1.0115600267241045,0.14596649399993744,OK,EXACT_POLICY_ENUMERATION,P00,"{""100"": 100, ""1000"": 100, ""25"": 100, ""250"": 100}"
peak_stress_response,C3_RANDOM_POLICY,20190115,5,100,25,2.94253082242503,3.76598790120727,0.823457078782237,0.823457078782237,0.678081560596575,10.0,100,10ms/100s^-1,100ms/25s^-1,"[20181130, 20190103, 20190104, 20190111, 20190122, 20190124]",6,"[[0.2608074793814859,0.6306010047664335,0.6091902416981392,0.5527508095656627],[0.27182917848095733,0.6557089112581834,0.6413162795259932,0.6615337620655691]]",0.3453942076542816,0.1333020731331771,OK,EXACT_POLICY_ENUMERATION,P01,"{""100"": 100, ""1000"": 250, ""25"": 100, ""250"": 100}"
peak_stress_response,C3_RANDOM_POLICY,20190115,5,100,100,6.24506267431551,8.04777251070075,1.80270983638523,1.80270983638523,3.24976275420008,10.0,100,10ms/100s^-1,100ms/100s^-1,"[20181130, 20190103, 20190104, 20190111, 20190122, 20190124]",6,"[[0.2608074793814859,0.6306010047664335,0.6091902416981392,0.5527508095656627],[0.27182917848095733,0.6557089112581834,0.6413162795259932,0.6615337620655691]]",0.7817169661047164,-0.17394077053665846,OK,EXACT_POLICY_ENUMERATION,P01,"{""100"": 100, ""1000"": 250, ""25"": 100, ""250"": 100}"
peak_stress_response,C3_RANDOM_POLICY,20190115,5,100,250,8.38922655749674,10.2684225618142,1.87919600431746,1.87919600431746,3.53137762264272,10.0,100,10ms/100s^-1,100ms/250s^-1,"[20181130, 20190103, 20190104, 20190111, 20190122, 20190124]",6,"[[0.2608074793814859,0.6306010047664335,0.6091902416981392,0.5527508095656627],[0.27182917848095733,0.6557089112581834,0.6413162795259932,0.6615337620655691]]",0.9937306450338487,-0.18314596810939943,OK,EXACT_POLICY_ENUMERATION,P01,"{""100"": 100, ""1000"": 250, ""25"": 100, ""250"": 100}"
peak_stress_response,C3_RANDOM_POLICY,20190115,5,100,1000,9.29347941799218,10.6228709215781,1.32939150358594,1.32939150358594,1.76728176980648,10.0,250,10ms/250s^-1,100ms/1000s^-1,"[20181130, 20190103, 20190104, 20190111, 20190122, 20190124]",6,"[[0.2608074793814859,0.6306010047664335,0.6091902416981392,0.5527508095656627],[0.27182917848095733,0.6557089112581834,0.6413162795259932,0.6615337620655691]]",0.820366277439136,0.13490803386776484,OK,EXACT_POLICY_ENUMERATION,P01,"{""100"": 100, ""1000"": 250, ""25"": 100, ""250"": 100}"
peak_stress_response,C3_RANDOM_POLICY,20190115,5,100,25,2.94253082242503,3.76598790120727,0.823457078782237,0.823457078782237,0.678081560596575,10.0,100,10ms/100s^-1,100ms/25s^-1,"[20181130, 20190103, 20190104, 20190111, 20190122, 20190124]",6,"[[0.2608074793814859,0.6306010047664335,0.6091902416981392,0.5527508095656627],[0.27182917848095733,0.6557089112581834,0.6413162795259932,0.6615337620655691]]",0.3453942076542816,0.1333020731331771,OK,EXACT_POLICY_ENUMERATION,P02,"{""100"": 100, ""1000"": 100, ""25"": 100, ""250"": 250}"
peak_stress_response,C3_RANDOM_POLICY,20190115,5,100,100,6.24506267431551,8.04777251070075,1.80270983638523,1.80270983638523,3.24976275420008,10.0,100,10ms/100s^-1,100ms/100s^-1,"[20181130, 20190103, 20190104, 20190111, 20190122, 20190124]",6,"[[0.2608074793814859,0.6306010047664335,0.6091902416981392,0.5527508095656627],[0.27182917848095733,0.6557089112581834,0.6413162795259932,0.6615337620655691]]",0.7817169661047164,-0.17394077053665846,OK,EXACT_POLICY_ENUMERATION,P02,"{""100"": 100, ""1000"": 100, ""25"": 100, ""250"": 250}"
peak_stress_response,C3_RANDOM_POLICY,20190115,5,100,250,8.38922655749674,10.1291193928792,1.73989283538244,1.73989283538244,3.02722707861516,10.0,250,10ms/250s^-1,100ms/250s^-1,"[20181130, 20190103, 20190104, 20190111, 20190122, 20190124]",6,"[[0.2608074793814859,0.6306010047664335,0.6091902416981392,0.5527508095656627],[0.27182917848095733,0.6557089112581834,0.6413162795259932,0.6615337620655691]]",0.8087250432941342,-0.21001627577353688,OK,EXACT_POLICY_ENUMERATION,P02,"{""100"": 100, ""1000"": 100, ""25"": 100, ""250"": 250}"
peak_stress_response,C3_RANDOM_POLICY,20190115,5,100,1000,9.29347941799218,10.7850556619487,1.4915762439565,1.4915762439565,2.22479969153537,10.0,100,10ms/100s^-1,100ms/1000s^-1,"[20181130, 20190103, 20190104, 20190111, 20190122, 20190124]",6,"[[0.2608074793814859,0.6306010047664335,0.6091902416981392,0.5527508095656627],[0.27182917848095733,0.6557089112581834,0.6413162795259932,0.6615337620655691]]",1.0115600267241045,0.14596649399993744,OK,EXACT_POLICY_ENUMERATION,P02,"{""100"": 100, ""1000"": 100, ""25"": 100, ""250"": 250}"
peak_stress_response,C3_RANDOM_POLICY,20190115,5,100,25,2.94253082242503,3.76598790120727,0.823457078782237,0.823457078782237,0.678081560596575,10.0,100,10ms/100s^-1,100ms/25s^-1,"[20181130, 20190103, 20190104, 20190111, 20190122, 20190124]",6,"[[0.2608074793814859,0.6306010047664335,0.6091902416981392,0.5527508095656627],[0.27182917848095733,0.6557089112581834,0.6413162795259932,0.6615337620655691]]",0.3453942076542816,0.1333020731331771,OK,EXACT_POLICY_ENUMERATION,P03,"{""100"": 100, ""1000"": 250, ""25"": 100, ""250"": 250}"
peak_stress_response,C3_RANDOM_POLICY,20190115,5,100,100,6.24506267431551,8.04777251070075,1.80270983638523,1.80270983638523,3.24976275420008,10.0,100,10ms/100s^-1,100ms/100s^-1,"[20181130, 20190103, 20190104, 20190111, 20190122, 20190124]",6,"[[0.2608074793814859,0.6306010047664335,0.6091902416981392,0.5527508095656627],[0.27182917848095733,0.6557089112581834,0.6413162795259932,0.6615337620655691]]",0.7817169661047164,-0.17394077053665846,OK,EXACT_POLICY_ENUMERATION,P03,"{""100"": 100, ""1000"": 250, ""25"": 100, ""250"": 250}"
peak_stress_response,C3_RANDOM_POLICY,20190115,5,100,250,8.38922655749674,10.1291193928792,1.73989283538244,1.73989283538244,3.02722707861516,10.0,250,10ms/250s^-1,100ms/250s^-1,"[20181130, 20190103, 20190104, 20190111, 20190122, 20190124]",6,"[[0.2608074793814859,0.6306010047664335,0.6091902416981392,0.5527508095656627],[0.27182917848095733,0.6557089112581834,0.6413162795259932,0.6615337620655691]]",0.8087250432941342,-0.21001627577353688,OK,EXACT_POLICY_ENUMERATION,P03,"{""100"": 100, ""1000"": 250, ""25"": 100, ""250"": 250}"
peak_stress_response,C3_RANDOM_POLICY,20190115,5,100,1000,9.29347941799218,10.6228709215781,1.32939150358594,1.32939150358594,1.76728176980648,10.0,250,10ms/250s^-1,100ms/1000s^-1,"[20181130, 20190103, 20190104, 20190111, 20190122, 20190124]",6,"[[0.2608074793814859,0.6306010047664335,0.6091902416981392,0.5527508095656627],[0.27182917848095733,0.6557089112581834,0.6413162795259932,0.6615337620655691]]",0.820366277439136,0.13490803386776484,OK,EXACT_POLICY_ENUMERATION,P03,"{""100"": 100, ""1000"": 250, ""25"": 100, ""250"": 250}"
peak_stress_response,C3_RANDOM_POLICY,20190115,5,100,25,2.94253082242503,3.76598790120727,0.823457078782237,0.823457078782237,0.678081560596575,10.0,100,10ms/100s^-1,100ms/25s^-1,"[20181130, 20190103, 20190104, 20190111, 20190122, 20190124]",6,"[[0.2608074793814859,0.6306010047664335,0.6091902416981392,0.5527508095656627],[0.27182917848095733,0.6557089112581834,0.6413162795259932,0.6615337620655691]]",0.3453942076542816,0.1333020731331771,OK,EXACT_POLICY_ENUMERATION,P04,"{""100"": 250, ""1000"": 100, ""25"": 100, ""250"": 100}"
peak_stress_response,C3_RANDOM_POLICY,20190115,5,100,100,6.24506267431551,7.93093027722149,1.68586760290598,1.68586760290598,2.84214957452794,10.0,250,10ms/250s^-1,100ms/100s^-1,"[20181130, 20190103, 20190104, 20190111, 20190122, 20190124]",6,"[[0.2608074793814859,0.6306010047664335,0.6091902416981392,0.5527508095656627],[0.27182917848095733,0.6557089112581834,0.6413162795259932,0.6615337620655691]]",0.6351607549698772,-0.1892748178110586,OK,EXACT_POLICY_ENUMERATION,P04,"{""100"": 250, ""1000"": 100, ""25"": 100, ""250"": 100}"
peak_stress_response,C3_RANDOM_POLICY,20190115,5,100,250,8.38922655749674,10.2684225618142,1.87919600431746,1.87919600431746,3.53137762264272,10.0,100,10ms/100s^-1,100ms/250s^-1,"[20181130, 20190103, 20190104, 20190111, 20190122, 20190124]",6,"[[0.2608074793814859,0.6306010047664335,0.6091902416981392,0.5527508095656627],[0.27182917848095733,0.6557089112581834,0.6413162795259932,0.6615337620655691]]",0.9937306450338487,-0.18314596810939943,OK,EXACT_POLICY_ENUMERATION,P04,"{""100"": 250, ""1000"": 100, ""25"": 100, ""250"": 100}"
peak_stress_response,C3_RANDOM_POLICY,20190115,5,100,1000,9.29347941799218,10.7850556619487,1.4915762439565,1.4915762439565,2.22479969153537,10.0,100,10ms/100s^-1,100ms/1000s^-1,"[20181130, 20190103, 20190104, 20190111, 20190122, 20190124]",6,"[[0.2608074793814859,0.6306010047664335,0.6091902416981392,0.5527508095656627],[0.27182917848095733,0.6557089112581834,0.6413162795259932,0.6615337620655691]]",1.0115600267241045,0.14596649399993744,OK,EXACT_POLICY_ENUMERATION,P04,"{""100"": 250, ""1000"": 100, ""25"": 100, ""250"": 100}"
peak_stress_response,C3_RANDOM_POLICY,20190115,5,100,25,2.94253082242503,3.76598790120727,0.823457078782237,0.823457078782237,0.678081560596575,10.0,100,10ms/100s^-1,100ms/25s^-1,"[20181130, 20190103, 20190104, 20190111, 20190122, 20190124]",6,"[[0.2608074793814859,0.6306010047664335,0.6091902416981392,0.5527508095656627],[0.27182917848095733,0.6557089112581834,0.6413162795259932,0.6615337620655691]]",0.3453942076542816,0.1333020731331771,OK,EXACT_POLICY_ENUMERATION,P05,"{""100"": 250, ""1000"": 250, ""25"": 100, ""250"": 100}"
peak_stress_response,C3_RANDOM_POLICY,20190115,5,100,100,6.24506267431551,7.93093027722149,1.68586760290598,1.68586760290598,2.84214957452794,10.0,250,10ms/250s^-1,100ms/100s^-1,"[20181130, 20190103, 20190104, 20190111, 20190122, 20190124]",6,"[[0.2608074793814859,0.6306010047664335,0.6091902416981392,0.5527508095656627],[0.27182917848095733,0.6557089112581834,0.6413162795259932,0.6615337620655691]]",0.6351607549698772,-0.1892748178110586,OK,EXACT_POLICY_ENUMERATION,P05,"{""100"": 250, ""1000"": 250, ""25"": 100, ""250"": 100}"
peak_stress_response,C3_RANDOM_POLICY,20190115,5,100,250,8.38922655749674,10.2684225618142,1.87919600431746,1.87919600431746,3.53137762264272,10.0,100,10ms/100s^-1,100ms/250s^-1,"[20181130, 20190103, 20190104, 20190111, 20190122, 20190124]",6,"[[0.2608074793814859,0.6306010047664335,0.6091902416981392,0.5527508095656627],[0.27182917848095733,0.6557089112581834,0.6413162795259932,0.6615337620655691]]",0.9937306450338487,-0.18314596810939943,OK,EXACT_POLICY_ENUMERATION,P05,"{""100"": 250, ""1000"": 250, ""25"": 100, ""250"": 100}"
peak_stress_response,C3_RANDOM_POLICY,20190115,5,100,1000,9.29347941799218,10.6228709215781,1.32939150358594,1.32939150358594,1.76728176980648,10.0,250,10ms/250s^-1,100ms/1000s^-1,"[20181130, 20190103, 20190104, 20190111, 20190122, 20190124]",6,"[[0.2608074793814859,0.6306010047664335,0.6091902416981392,0.5527508095656627],[0.27182917848095733,0.6557089112581834,0.6413162795259932,0.6615337620655691]]",0.820366277439136,0.13490803386776484,OK,EXACT_POLICY_ENUMERATION,P05,"{""100"": 250, ""1000"": 250, ""25"": 100, ""250"": 100}"
peak_stress_response,C3_RANDOM_POLICY,20190115,5,100,25,2.94253082242503,3.76598790120727,0.823457078782237,0.823457078782237,0.678081560596575,10.0,100,10ms/100s^-1,100ms/25s^-1,"[20181130, 20190103, 20190104, 20190111, 20190122, 20190124]",6,"[[0.2608074793814859,0.6306010047664335,0.6091902416981392,0.5527508095656627],[0.27182917848095733,0.6557089112581834,0.6413162795259932,0.6615337620655691]]",0.3453942076542816,0.1333020731331771,OK,EXACT_POLICY_ENUMERATION,P06,"{""100"": 250, ""1000"": 100, ""25"": 100, ""250"": 250}"
peak_stress_response,C3_RANDOM_POLICY,20190115,5,100,100,6.24506267431551,7.93093027722149,1.68586760290598,1.68586760290598,2.84214957452794,10.0,250,10ms/250s^-1,100ms/100s^-1,"[20181130, 20190103, 20190104, 20190111, 20190122, 20190124]",6,"[[0.2608074793814859,0.6306010047664335,0.6091902416981392,0.5527508095656627],[0.27182917848095733,0.6557089112581834,0.6413162795259932,0.6615337620655691]]",0.6351607549698772,-0.1892748178110586,OK,EXACT_POLICY_ENUMERATION,P06,"{""100"": 250, ""1000"": 100, ""25"": 100, ""250"": 250}"
peak_stress_response,C3_RANDOM_POLICY,20190115,5,100,250,8.38922655749674,10.1291193928792,1.73989283538244,1.73989283538244,3.02722707861516,10.0,250,10ms/250s^-1,100ms/250s^-1,"[20181130, 20190103, 20190104, 20190111, 20190122, 20190124]",6,"[[0.2608074793814859,0.6306010047664335,0.6091902416981392,0.5527508095656627],[0.27182917848095733,0.6557089112581834,0.6413162795259932,0.6615337620655691]]",0.8087250432941342,-0.21001627577353688,OK,EXACT_POLICY_ENUMERATION,P06,"{""100"": 250, ""1000"": 100, ""25"": 100, ""250"": 250}"
peak_stress_response,C3_RANDOM_POLICY,20190115,5,100,1000,9.29347941799218,10.7850556619487,1.4915762439565,1.4915762439565,2.22479969153537,10.0,100,10ms/100s^-1,100ms/1000s^-1,"[20181130, 20190103, 20190104, 20190111, 20190122, 20190124]",6,"[[0.2608074793814859,0.6306010047664335,0.6091902416981392,0.5527508095656627],[0.27182917848095733,0.6557089112581834,0.6413162795259932,0.6615337620655691]]",1.0115600267241045,0.14596649399993744,OK,EXACT_POLICY_ENUMERATION,P06,"{""100"": 250, ""1000"": 100, ""25"": 100, ""250"": 250}"
peak_stress_response,C3_RANDOM_POLICY,20190115,5,100,25,2.94253082242503,3.76598790120727,0.823457078782237,0.823457078782237,0.678081560596575,10.0,100,10ms/100s^-1,100ms/25s^-1,"[20181130, 20190103, 20190104, 20190111, 20190122, 20190124]",6,"[[0.2608074793814859,0.6306010047664335,0.6091902416981392,0.5527508095656627],[0.27182917848095733,0.6557089112581834,0.6413162795259932,0.6615337620655691]]",0.3453942076542816,0.1333020731331771,OK,EXACT_POLICY_ENUMERATION,P07,"{""100"": 250, ""1000"": 250, ""25"": 100, ""250"": 250}"
peak_stress_response,C3_RANDOM_POLICY,20190115,5,100,100,6.24506267431551,7.93093027722149,1.68586760290598,1.68586760290598,2.84214957452794,10.0,250,10ms/250s^-1,100ms/100s^-1,"[20181130, 20190103, 20190104, 20190111, 20190122, 20190124]",6,"[[0.2608074793814859,0.6306010047664335,0.6091902416981392,0.5527508095656627],[0.27182917848095733,0.6557089112581834,0.6413162795259932,0.6615337620655691]]",0.6351607549698772,-0.1892748178110586,OK,EXACT_POLICY_ENUMERATION,P07,"{""100"": 250, ""1000"": 250, ""25"": 100, ""250"": 250}"
peak_stress_response,C3_RANDOM_POLICY,20190115,5,100,250,8.38922655749674,10.1291193928792,1.73989283538244,1.73989283538244,3.02722707861516,10.0,250,10ms/250s^-1,100ms/250s^-1,"[20181130, 20190103, 20190104, 20190111, 20190122, 20190124]",6,"[[0.2608074793814859,0.6306010047664335,0.6091902416981392,0.5527508095656627],[0.27182917848095733,0.6557089112581834,0.6413162795259932,0.6615337620655691]]",0.8087250432941342,-0.21001627577353688,OK,EXACT_POLICY_ENUMERATION,P07,"{""100"": 250, ""1000"": 250, ""25"": 100, ""250"": 250}"
peak_stress_response,C3_RANDOM_POLICY,20190115,5,100,1000,9.29347941799218,10.6228709215781,1.32939150358594,1.32939150358594,1.76728176980648,10.0,250,10ms/250s^-1,100ms/1000s^-1,"[20181130, 20190103, 20190104, 20190111, 20190122, 20190124]",6,"[[0.2608074793814859,0.6306010047664335,0.6091902416981392,0.5527508095656627],[0.27182917848095733,0.6557089112581834,0.6413162795259932,0.6615337620655691]]",0.820366277439136,0.13490803386776484,OK,EXACT_POLICY_ENUMERATION,P07,"{""100"": 250, ""1000"": 250, ""25"": 100, ""250"": 250}"
peak_stress_response,C3_RANDOM_POLICY,20190115,5,100,25,2.94253082242503,3.7193273225425,0.776796500117469,0.776796500117469,0.603412802594749,10.0,250,10ms/250s^-1,100ms/25s^-1,"[20181130, 20190103, 20190104, 20190111, 20190122, 20190124]",6,"[[0.2608074793814859,0.6306010047664335,0.6091902416981392,0.5527508095656627],[0.27182917848095733,0.6557089112581834,0.6413162795259932,0.6615337620655691]]",0.2813385717255982,0.12255770842531932,OK,EXACT_POLICY_ENUMERATION,P08,"{""100"": 100, ""1000"": 100, ""25"": 250, ""250"": 100}"
peak_stress_response,C3_RANDOM_POLICY,20190115,5,100,100,6.24506267431551,8.04777251070075,1.80270983638523,1.80270983638523,3.24976275420008,10.0,100,10ms/100s^-1,100ms/100s^-1,"[20181130, 20190103, 20190104, 20190111, 20190122, 20190124]",6,"[[0.2608074793814859,0.6306010047664335,0.6091902416981392,0.5527508095656627],[0.27182917848095733,0.6557089112581834,0.6413162795259932,0.6615337620655691]]",0.7817169661047164,-0.17394077053665846,OK,EXACT_POLICY_ENUMERATION,P08,"{""100"": 100, ""1000"": 100, ""25"": 250, ""250"": 100}"
peak_stress_response,C3_RANDOM_POLICY,20190115,5,100,250,8.38922655749674,10.2684225618142,1.87919600431746,1.87919600431746,3.53137762264272,10.0,100,10ms/100s^-1,100ms/250s^-1,"[20181130, 20190103, 20190104, 20190111, 20190122, 20190124]",6,"[[0.2608074793814859,0.6306010047664335,0.6091902416981392,0.5527508095656627],[0.27182917848095733,0.6557089112581834,0.6413162795259932,0.6615337620655691]]",0.9937306450338487,-0.18314596810939943,OK,EXACT_POLICY_ENUMERATION,P08,"{""100"": 100, ""1000"": 100, ""25"": 250, ""250"": 100}"
peak_stress_response,C3_RANDOM_POLICY,20190115,5,100,1000,9.29347941799218,10.7850556619487,1.4915762439565,1.4915762439565,2.22479969153537,10.0,100,10ms/100s^-1,100ms/1000s^-1,"[20181130, 20190103, 20190104, 20190111, 20190122, 20190124]",6,"[[0.2608074793814859,0.6306010047664335,0.6091902416981392,0.5527508095656627],[0.27182917848095733,0.6557089112581834,0.6413162795259932,0.6615337620655691]]",1.0115600267241045,0.14596649399993744,OK,EXACT_POLICY_ENUMERATION,P08,"{""100"": 100, ""1000"": 100, ""25"": 250, ""250"": 100}"
peak_stress_response,C3_RANDOM_POLICY,20190115,5,100,25,2.94253082242503,3.7193273225425,0.776796500117469,0.776796500117469,0.603412802594749,10.0,250,10ms/250s^-1,100ms/25s^-1,"[20181130, 20190103, 20190104, 20190111, 20190122, 20190124]",6,"[[0.2608074793814859,0.6306010047664335,0.6091902416981392,0.5527508095656627],[0.27182917848095733,0.6557089112581834,0.6413162795259932,0.6615337620655691]]",0.2813385717255982,0.12255770842531932,OK,EXACT_POLICY_ENUMERATION,P09,"{""100"": 100, ""1000"": 250, ""25"": 250, ""250"": 100}"
peak_stress_response,C3_RANDOM_POLICY,20190115,5,100,100,6.24506267431551,8.04777251070075,1.80270983638523,1.80270983638523,3.24976275420008,10.0,100,10ms/100s^-1,100ms/100s^-1,"[20181130, 20190103, 20190104, 20190111, 20190122, 20190124]",6,"[[0.2608074793814859,0.6306010047664335,0.6091902416981392,0.5527508095656627],[0.27182917848095733,0.6557089112581834,0.6413162795259932,0.6615337620655691]]",0.7817169661047164,-0.17394077053665846,OK,EXACT_POLICY_ENUMERATION,P09,"{""100"": 100, ""1000"": 250, ""25"": 250, ""250"": 100}"
peak_stress_response,C3_RANDOM_POLICY,20190115,5,100,250,8.38922655749674,10.2684225618142,1.87919600431746,1.87919600431746,3.53137762264272,10.0,100,10ms/100s^-1,100ms/250s^-1,"[20181130, 20190103, 20190104, 20190111, 20190122, 20190124]",6,"[[0.2608074793814859,0.6306010047664335,0.6091902416981392,0.5527508095656627],[0.27182917848095733,0.6557089112581834,0.6413162795259932,0.6615337620655691]]",0.9937306450338487,-0.18314596810939943,OK,EXACT_POLICY_ENUMERATION,P09,"{""100"": 100, ""1000"": 250, ""25"": 250, ""250"": 100}"
peak_stress_response,C3_RANDOM_POLICY,20190115,5,100,1000,9.29347941799218,10.6228709215781,1.32939150358594,1.32939150358594,1.76728176980648,10.0,250,10ms/250s^-1,100ms/1000s^-1,"[20181130, 20190103, 20190104, 20190111, 20190122, 20190124]",6,"[[0.2608074793814859,0.6306010047664335,0.6091902416981392,0.5527508095656627],[0.27182917848095733,0.6557089112581834,0.6413162795259932,0.6615337620655691]]",0.820366277439136,0.13490803386776484,OK,EXACT_POLICY_ENUMERATION,P09,"{""100"": 100, ""1000"": 250, ""25"": 250, ""250"": 100}"
peak_stress_response,C3_RANDOM_POLICY,20190115,5,100,25,2.94253082242503,3.7193273225425,0.776796500117469,0.776796500117469,0.603412802594749,10.0,250,10ms/250s^-1,100ms/25s^-1,"[20181130, 20190103, 20190104, 20190111, 20190122, 20190124]",6,"[[0.2608074793814859,0.6306010047664335,0.6091902416981392,0.5527508095656627],[0.27182917848095733,0.6557089112581834,0.6413162795259932,0.6615337620655691]]",0.2813385717255982,0.12255770842531932,OK,EXACT_POLICY_ENUMERATION,P10,"{""100"": 100, ""1000"": 100, ""25"": 250, ""250"": 250}"
peak_stress_response,C3_RANDOM_POLICY,20190115,5,100,100,6.24506267431551,8.04777251070075,1.80270983638523,1.80270983638523,3.24976275420008,10.0,100,10ms/100s^-1,100ms/100s^-1,"[20181130, 20190103, 20190104, 20190111, 20190122, 20190124]",6,"[[0.2608074793814859,0.6306010047664335,0.6091902416981392,0.5527508095656627],[0.27182917848095733,0.6557089112581834,0.6413162795259932,0.6615337620655691]]",0.7817169661047164,-0.17394077053665846,OK,EXACT_POLICY_ENUMERATION,P10,"{""100"": 100, ""1000"": 100, ""25"": 250, ""250"": 250}"
peak_stress_response,C3_RANDOM_POLICY,20190115,5,100,250,8.38922655749674,10.1291193928792,1.73989283538244,1.73989283538244,3.02722707861516,10.0,250,10ms/250s^-1,100ms/250s^-1,"[20181130, 20190103, 20190104, 20190111, 20190122, 20190124]",6,"[[0.2608074793814859,0.6306010047664335,0.6091902416981392,0.5527508095656627],[0.27182917848095733,0.6557089112581834,0.6413162795259932,0.6615337620655691]]",0.8087250432941342,-0.21001627577353688,OK,EXACT_POLICY_ENUMERATION,P10,"{""100"": 100, ""1000"": 100, ""25"": 250, ""250"": 250}"
peak_stress_response,C3_RANDOM_POLICY,20190115,5,100,1000,9.29347941799218,10.7850556619487,1.4915762439565,1.4915762439565,2.22479969153537,10.0,100,10ms/100s^-1,100ms/1000s^-1,"[20181130, 20190103, 20190104, 20190111, 20190122, 20190124]",6,"[[0.2608074793814859,0.6306010047664335,0.6091902416981392,0.5527508095656627],[0.27182917848095733,0.6557089112581834,0.6413162795259932,0.6615337620655691]]",1.0115600267241045,0.14596649399993744,OK,EXACT_POLICY_ENUMERATION,P10,"{""100"": 100, ""1000"": 100, ""25"": 250, ""250"": 250}"
peak_stress_response,C3_RANDOM_POLICY,20190115,5,100,25,2.94253082242503,3.7193273225425,0.776796500117469,0.776796500117469,0.603412802594749,10.0,250,10ms/250s^-1,100ms/25s^-1,"[20181130, 20190103, 20190104, 20190111, 20190122, 20190124]",6,"[[0.2608074793814859,0.6306010047664335,0.6091902416981392,0.5527508095656627],[0.27182917848095733,0.6557089112581834,0.6413162795259932,0.6615337620655691]]",0.2813385717255982,0.12255770842531932,OK,EXACT_POLICY_ENUMERATION,P11,"{""100"": 100, ""1000"": 250, ""25"": 250, ""250"": 250}"
peak_stress_response,C3_RANDOM_POLICY,20190115,5,100,100,6.24506267431551,8.04777251070075,1.80270983638523,1.80270983638523,3.24976275420008,10.0,100,10ms/100s^-1,100ms/100s^-1,"[20181130, 20190103, 20190104, 20190111, 20190122, 20190124]",6,"[[0.2608074793814859,0.6306010047664335,0.6091902416981392,0.5527508095656627],[0.27182917848095733,0.6557089112581834,0.6413162795259932,0.6615337620655691]]",0.7817169661047164,-0.17394077053665846,OK,EXACT_POLICY_ENUMERATION,P11,"{""100"": 100, ""1000"": 250, ""25"": 250, ""250"": 250}"
peak_stress_response,C3_RANDOM_POLICY,20190115,5,100,250,8.38922655749674,10.1291193928792,1.73989283538244,1.73989283538244,3.02722707861516,10.0,250,10ms/250s^-1,100ms/250s^-1,"[20181130, 20190103, 20190104, 20190111, 20190122, 20190124]",6,"[[0.2608074793814859,0.6306010047664335,0.6091902416981392,0.5527508095656627],[0.27182917848095733,0.6557089112581834,0.6413162795259932,0.6615337620655691]]",0.8087250432941342,-0.21001627577353688,OK,EXACT_POLICY_ENUMERATION,P11,"{""100"": 100, ""1000"": 250, ""25"": 250, ""250"": 250}"
peak_stress_response,C3_RANDOM_POLICY,20190115,5,100,1000,9.29347941799218,10.6228709215781,1.32939150358594,1.32939150358594,1.76728176980648,10.0,250,10ms/250s^-1,100ms/1000s^-1,"[20181130, 20190103, 20190104, 20190111, 20190122, 20190124]",6,"[[0.2608074793814859,0.6306010047664335,0.6091902416981392,0.5527508095656627],[0.27182917848095733,0.6557089112581834,0.6413162795259932,0.6615337620655691]]",0.820366277439136,0.13490803386776484,OK,EXACT_POLICY_ENUMERATION,P11,"{""100"": 100, ""1000"": 250, ""25"": 250, ""250"": 250}"
peak_stress_response,C3_RANDOM_POLICY,20190115,5,100,25,2.94253082242503,3.7193273225425,0.776796500117469,0.776796500117469,0.603412802594749,10.0,250,10ms/250s^-1,100ms/25s^-1,"[20181130, 20190103, 20190104, 20190111, 20190122, 20190124]",6,"[[0.2608074793814859,0.6306010047664335,0.6091902416981392,0.5527508095656627],[0.27182917848095733,0.6557089112581834,0.6413162795259932,0.6615337620655691]]",0.2813385717255982,0.12255770842531932,OK,EXACT_POLICY_ENUMERATION,P12,"{""100"": 250, ""1000"": 100, ""25"": 250, ""250"": 100}"
peak_stress_response,C3_RANDOM_POLICY,20190115,5,100,100,6.24506267431551,7.93093027722149,1.68586760290598,1.68586760290598,2.84214957452794,10.0,250,10ms/250s^-1,100ms/100s^-1,"[20181130, 20190103, 20190104, 20190111, 20190122, 20190124]",6,"[[0.2608074793814859,0.6306010047664335,0.6091902416981392,0.5527508095656627],[0.27182917848095733,0.6557089112581834,0.6413162795259932,0.6615337620655691]]",0.6351607549698772,-0.1892748178110586,OK,EXACT_POLICY_ENUMERATION,P12,"{""100"": 250, ""1000"": 100, ""25"": 250, ""250"": 100}"
peak_stress_response,C3_RANDOM_POLICY,20190115,5,100,250,8.38922655749674,10.2684225618142,1.87919600431746,1.87919600431746,3.53137762264272,10.0,100,10ms/100s^-1,100ms/250s^-1,"[20181130, 20190103, 20190104, 20190111, 20190122, 20190124]",6,"[[0.2608074793814859,0.6306010047664335,0.6091902416981392,0.5527508095656627],[0.27182917848095733,0.6557089112581834,0.6413162795259932,0.6615337620655691]]",0.9937306450338487,-0.18314596810939943,OK,EXACT_POLICY_ENUMERATION,P12,"{""100"": 250, ""1000"": 100, ""25"": 250, ""250"": 100}"
peak_stress_response,C3_RANDOM_POLICY,20190115,5,100,1000,9.29347941799218,10.7850556619487,1.4915762439565,1.4915762439565,2.22479969153537,10.0,100,10ms/100s^-1,100ms/1000s^-1,"[20181130, 20190103, 20190104, 20190111, 20190122, 20190124]",6,"[[0.2608074793814859,0.6306010047664335,0.6091902416981392,0.5527508095656627],[0.27182917848095733,0.6557089112581834,0.6413162795259932,0.6615337620655691]]",1.0115600267241045,0.14596649399993744,OK,EXACT_POLICY_ENUMERATION,P12,"{""100"": 250, ""1000"": 100, ""25"": 250, ""250"": 100}"
peak_stress_response,C3_RANDOM_POLICY,20190115,5,100,25,2.94253082242503,3.7193273225425,0.776796500117469,0.776796500117469,0.603412802594749,10.0,250,10ms/250s^-1,100ms/25s^-1,"[20181130, 20190103, 20190104, 20190111, 20190122, 20190124]",6,"[[0.2608074793814859,0.6306010047664335,0.6091902416981392,0.5527508095656627],[0.27182917848095733,0.6557089112581834,0.6413162795259932,0.6615337620655691]]",0.2813385717255982,0.12255770842531932,OK,EXACT_POLICY_ENUMERATION,P13,"{""100"": 250, ""1000"": 250, ""25"": 250, ""250"": 100}"
peak_stress_response,C3_RANDOM_POLICY,20190115,5,100,100,6.24506267431551,7.93093027722149,1.68586760290598,1.68586760290598,2.84214957452794,10.0,250,10ms/250s^-1,100ms/100s^-1,"[20181130, 20190103, 20190104, 20190111, 20190122, 20190124]",6,"[[0.2608074793814859,0.6306010047664335,0.6091902416981392,0.5527508095656627],[0.27182917848095733,0.6557089112581834,0.6413162795259932,0.6615337620655691]]",0.6351607549698772,-0.1892748178110586,OK,EXACT_POLICY_ENUMERATION,P13,"{""100"": 250, ""1000"": 250, ""25"": 250, ""250"": 100}"
peak_stress_response,C3_RANDOM_POLICY,20190115,5,100,250,8.38922655749674,10.2684225618142,1.87919600431746,1.87919600431746,3.53137762264272,10.0,100,10ms/100s^-1,100ms/250s^-1,"[20181130, 20190103, 20190104, 20190111, 20190122, 20190124]",6,"[[0.2608074793814859,0.6306010047664335,0.6091902416981392,0.5527508095656627],[0.27182917848095733,0.6557089112581834,0.6413162795259932,0.6615337620655691]]",0.9937306450338487,-0.18314596810939943,OK,EXACT_POLICY_ENUMERATION,P13,"{""100"": 250, ""1000"": 250, ""25"": 250, ""250"": 100}"
peak_stress_response,C3_RANDOM_POLICY,20190115,5,100,1000,9.29347941799218,10.6228709215781,1.32939150358594,1.32939150358594,1.76728176980648,10.0,250,10ms/250s^-1,100ms/1000s^-1,"[20181130, 20190103, 20190104, 20190111, 20190122, 20190124]",6,"[[0.2608074793814859,0.6306010047664335,0.6091902416981392,0.5527508095656627],[0.27182917848095733,0.6557089112581834,0.6413162795259932,0.6615337620655691]]",0.820366277439136,0.13490803386776484,OK,EXACT_POLICY_ENUMERATION,P13,"{""100"": 250, ""1000"": 250, ""25"": 250, ""250"": 100}"
peak_stress_response,C3_RANDOM_POLICY,20190115,5,100,25,2.94253082242503,3.7193273225425,0.776796500117469,0.776796500117469,0.603412802594749,10.0,250,10ms/250s^-1,100ms/25s^-1,"[20181130, 20190103, 20190104, 20190111, 20190122, 20190124]",6,"[[0.2608074793814859,0.6306010047664335,0.6091902416981392,0.5527508095656627],[0.27182917848095733,0.6557089112581834,0.6413162795259932,0.6615337620655691]]",0.2813385717255982,0.12255770842531932,OK,EXACT_POLICY_ENUMERATION,P14,"{""100"": 250, ""1000"": 100, ""25"": 250, ""250"": 250}"
peak_stress_response,C3_RANDOM_POLICY,20190115,5,100,100,6.24506267431551,7.93093027722149,1.68586760290598,1.68586760290598,2.84214957452794,10.0,250,10ms/250s^-1,100ms/100s^-1,"[20181130, 20190103, 20190104, 20190111, 20190122, 20190124]",6,"[[0.2608074793814859,0.6306010047664335,0.6091902416981392,0.5527508095656627],[0.27182917848095733,0.6557089112581834,0.6413162795259932,0.6615337620655691]]",0.6351607549698772,-0.1892748178110586,OK,EXACT_POLICY_ENUMERATION,P14,"{""100"": 250, ""1000"": 100, ""25"": 250, ""250"": 250}"
peak_stress_response,C3_RANDOM_POLICY,20190115,5,100,250,8.38922655749674,10.1291193928792,1.73989283538244,1.73989283538244,3.02722707861516,10.0,250,10ms/250s^-1,100ms/250s^-1,"[20181130, 20190103, 20190104, 20190111, 20190122, 20190124]",6,"[[0.2608074793814859,0.6306010047664335,0.6091902416981392,0.5527508095656627],[0.27182917848095733,0.6557089112581834,0.6413162795259932,0.6615337620655691]]",0.8087250432941342,-0.21001627577353688,OK,EXACT_POLICY_ENUMERATION,P14,"{""100"": 250, ""1000"": 100, ""25"": 250, ""250"": 250}"
peak_stress_response,C3_RANDOM_POLICY,20190115,5,100,1000,9.29347941799218,10.7850556619487,1.4915762439565,1.4915762439565,2.22479969153537,10.0,100,10ms/100s^-1,100ms/1000s^-1,"[20181130, 20190103, 20190104, 20190111, 20190122, 20190124]",6,"[[0.2608074793814859,0.6306010047664335,0.6091902416981392,0.5527508095656627],[0.27182917848095733,0.6557089112581834,0.6413162795259932,0.6615337620655691]]",1.0115600267241045,0.14596649399993744,OK,EXACT_POLICY_ENUMERATION,P14,"{""100"": 250, ""1000"": 100, ""25"": 250, ""250"": 250}"
peak_stress_response,C3_RANDOM_POLICY,20190115,5,100,25,2.94253082242503,3.7193273225425,0.776796500117469,0.776796500117469,0.603412802594749,10.0,250,10ms/250s^-1,100ms/25s^-1,"[20181130, 20190103, 20190104, 20190111, 20190122, 20190124]",6,"[[0.2608074793814859,0.6306010047664335,0.6091902416981392,0.5527508095656627],[0.27182917848095733,0.6557089112581834,0.6413162795259932,0.6615337620655691]]",0.2813385717255982,0.12255770842531932,OK,EXACT_POLICY_ENUMERATION,P15,"{""100"": 250, ""1000"": 250, ""25"": 250, ""250"": 250}"
peak_stress_response,C3_RANDOM_POLICY,20190115,5,100,100,6.24506267431551,7.93093027722149,1.68586760290598,1.68586760290598,2.84214957452794,10.0,250,10ms/250s^-1,100ms/100s^-1,"[20181130, 20190103, 20190104, 20190111, 20190122, 20190124]",6,"[[0.2608074793814859,0.6306010047664335,0.6091902416981392,0.5527508095656627],[0.27182917848095733,0.6557089112581834,0.6413162795259932,0.6615337620655691]]",0.6351607549698772,-0.1892748178110586,OK,EXACT_POLICY_ENUMERATION,P15,"{""100"": 250, ""1000"": 250, ""25"": 250, ""250"": 250}"
peak_stress_response,C3_RANDOM_POLICY,20190115,5,100,250,8.38922655749674,10.1291193928792,1.73989283538244,1.73989283538244,3.02722707861516,10.0,250,10ms/250s^-1,100ms/250s^-1,"[20181130, 20190103, 20190104, 20190111, 20190122, 20190124]",6,"[[0.2608074793814859,0.6306010047664335,0.6091902416981392,0.5527508095656627],[0.27182917848095733,0.6557089112581834,0.6413162795259932,0.6615337620655691]]",0.8087250432941342,-0.21001627577353688,OK,EXACT_POLICY_ENUMERATION,P15,"{""100"": 250, ""1000"": 250, ""25"": 250, ""250"": 250}"
peak_stress_response,C3_RANDOM_POLICY,20190115,5,100,1000,9.29347941799218,10.6228709215781,1.32939150358594,1.32939150358594,1.76728176980648,10.0,250,10ms/250s^-1,100ms/1000s^-1,"[20181130, 20190103, 20190104, 20190111, 20190122, 20190124]",6,"[[0.2608074793814859,0.6306010047664335,0.6091902416981392,0.5527508095656627],[0.27182917848095733,0.6557089112581834,0.6413162795259932,0.6615337620655691]]",0.820366277439136,0.13490803386776484,OK,EXACT_POLICY_ENUMERATION,P15,"{""100"": 250, ""1000"": 250, ""25"": 250, ""250"": 250}"
peak_stress_response,C3_RANDOM_POLICY,20190122,6,100,25,1.74310135425802,1.8522538783082,0.109152524050185,0.109152524050185,0.0119142735065263,10.0,100,10ms/100s^-1,100ms/25s^-1,"[20181130, 20190103, 20190104, 20190111, 20190115, 20190124]",6,"[[0.3980144417747587,0.8431769037414641,0.9082563151343219,0.7715858887504635],[0.3751847060757398,0.8431609185196488,0.8774686548867635,0.7789748215104487]]",0.28040595335617685,0.3848788077496199,OK,EXACT_POLICY_ENUMERATION,P00,"{""100"": 100, ""1000"": 100, ""25"": 100, ""250"": 100}"
peak_stress_response,C3_RANDOM_POLICY,20190122,6,100,100,3.61928113362567,3.70039492310468,0.0811137894790113,0.0811137894790113,0.00657944684364536,10.0,100,10ms/100s^-1,100ms/100s^-1,"[20181130, 20190103, 20190104, 20190111, 20190115, 20190124]",6,"[[0.3980144417747587,0.8431769037414641,0.9082563151343219,0.7715858887504635],[0.3751847060757398,0.8431609185196488,0.8774686548867635,0.7789748215104487]]",0.6399531708866886,0.35149552191669864,OK,EXACT_POLICY_ENUMERATION,P00,"{""100"": 100, ""1000"": 100, ""25"": 100, ""250"": 100}"
peak_stress_response,C3_RANDOM_POLICY,20190122,6,100,250,4.62765053311793,4.80476838188103,0.177117848763101,0.177117848763101,0.0313707323504686,10.0,100,10ms/100s^-1,100ms/250s^-1,"[20181130, 20190103, 20190104, 20190111, 20190115, 20190124]",6,"[[0.3980144417747587,0.8431769037414641,0.9082563151343219,0.7715858887504635],[0.3751847060757398,0.8431609185196488,0.8774686548867635,0.7789748215104487]]",0.8456539532276864,0.3794289251633671,OK,EXACT_POLICY_ENUMERATION,P00,"{""100"": 100, ""1000"": 100, ""25"": 100, ""250"": 100}"
peak_stress_response,C3_RANDOM_POLICY,20190122,6,100,1000,5.48419702930995,5.21168633363459,-0.272510695675361,0.272510695675361,0.0742620792574694,10.0,100,10ms/100s^-1,100ms/1000s^-1,"[20181130, 20190103, 20190104, 20190111, 20190115, 20190124]",6,"[[0.3980144417747587,0.8431769037414641,0.9082563151343219,0.7715858887504635],[0.3751847060757398,0.8431609185196488,0.8774686548867635,0.7789748215104487]]",0.8953572481762992,0.5262476348741743,OK,EXACT_POLICY_ENUMERATION,P00,"{""100"": 100, ""1000"": 100, ""25"": 100, ""250"": 100}"
peak_stress_response,C3_RANDOM_POLICY,20190122,6,100,25,1.74310135425802,1.8522538783082,0.109152524050185,0.109152524050185,0.0119142735065263,10.0,100,10ms/100s^-1,100ms/25s^-1,"[20181130, 20190103, 20190104, 20190111, 20190115, 20190124]",6,"[[0.3980144417747587,0.8431769037414641,0.9082563151343219,0.7715858887504635],[0.3751847060757398,0.8431609185196488,0.8774686548867635,0.7789748215104487]]",0.28040595335617685,0.3848788077496199,OK,EXACT_POLICY_ENUMERATION,P01,"{""100"": 100, ""1000"": 250, ""25"": 100, ""250"": 100}"
peak_stress_response,C3_RANDOM_POLICY,20190122,6,100,100,3.61928113362567,3.70039492310468,0.0811137894790113,0.0811137894790113,0.00657944684364536,10.0,100,10ms/100s^-1,100ms/100s^-1,"[20181130, 20190103, 20190104, 20190111, 20190115, 20190124]",6,"[[0.3980144417747587,0.8431769037414641,0.9082563151343219,0.7715858887504635],[0.3751847060757398,0.8431609185196488,0.8774686548867635,0.7789748215104487]]",0.6399531708866886,0.35149552191669864,OK,EXACT_POLICY_ENUMERATION,P01,"{""100"": 100, ""1000"": 250, ""25"": 100, ""250"": 100}"
peak_stress_response,C3_RANDOM_POLICY,20190122,6,100,250,4.62765053311793,4.80476838188103,0.177117848763101,0.177117848763101,0.0313707323504686,10.0,100,10ms/100s^-1,100ms/250s^-1,"[20181130, 20190103, 20190104, 20190111, 20190115, 20190124]",6,"[[0.3980144417747587,0.8431769037414641,0.9082563151343219,0.7715858887504635],[0.3751847060757398,0.8431609185196488,0.8774686548867635,0.7789748215104487]]",0.8456539532276864,0.3794289251633671,OK,EXACT_POLICY_ENUMERATION,P01,"{""100"": 100, ""1000"": 250, ""25"": 100, ""250"": 100}"
peak_stress_response,C3_RANDOM_POLICY,20190122,6,100,1000,5.48419702930995,5.03275272760813,-0.451444301701816,0.451444301701816,0.20380195753904,10.0,250,10ms/250s^-1,100ms/1000s^-1,"[20181130, 20190103, 20190104, 20190111, 20190115, 20190124]",6,"[[0.3980144417747587,0.8431769037414641,0.9082563151343219,0.7715858887504635],[0.3751847060757398,0.8431609185196488,0.8774686548867635,0.7789748215104487]]",0.7375544474344528,0.4349011862654306,OK,EXACT_POLICY_ENUMERATION,P01,"{""100"": 100, ""1000"": 250, ""25"": 100, ""250"": 100}"
peak_stress_response,C3_RANDOM_POLICY,20190122,6,100,25,1.74310135425802,1.8522538783082,0.109152524050185,0.109152524050185,0.0119142735065263,10.0,100,10ms/100s^-1,100ms/25s^-1,"[20181130, 20190103, 20190104, 20190111, 20190115, 20190124]",6,"[[0.3980144417747587,0.8431769037414641,0.9082563151343219,0.7715858887504635],[0.3751847060757398,0.8431609185196488,0.8774686548867635,0.7789748215104487]]",0.28040595335617685,0.3848788077496199,OK,EXACT_POLICY_ENUMERATION,P02,"{""100"": 100, ""1000"": 100, ""25"": 100, ""250"": 250}"
peak_stress_response,C3_RANDOM_POLICY,20190122,6,100,100,3.61928113362567,3.70039492310468,0.0811137894790113,0.0811137894790113,0.00657944684364536,10.0,100,10ms/100s^-1,100ms/100s^-1,"[20181130, 20190103, 20190104, 20190111, 20190115, 20190124]",6,"[[0.3980144417747587,0.8431769037414641,0.9082563151343219,0.7715858887504635],[0.3751847060757398,0.8431609185196488,0.8774686548867635,0.7789748215104487]]",0.6399531708866886,0.35149552191669864,OK,EXACT_POLICY_ENUMERATION,P02,"{""100"": 100, ""1000"": 100, ""25"": 100, ""250"": 250}"
peak_stress_response,C3_RANDOM_POLICY,20190122,6,100,250,4.62765053311793,4.63531869338419,0.00766816026625783,0.00766816026625783,5.88006818690153e-05,10.0,250,10ms/250s^-1,100ms/250s^-1,"[20181130, 20190103, 20190104, 20190111, 20190115, 20190124]",6,"[[0.3980144417747587,0.8431769037414641,0.9082563151343219,0.7715858887504635],[0.3751847060757398,0.8431609185196488,0.8774686548867635,0.7789748215104487]]",0.6974465732737734,0.2874962199579283,OK,EXACT_POLICY_ENUMERATION,P02,"{""100"": 100, ""1000"": 100, ""25"": 100, ""250"": 250}"
peak_stress_response,C3_RANDOM_POLICY,20190122,6,100,1000,5.48419702930995,5.21168633363459,-0.272510695675361,0.272510695675361,0.0742620792574694,10.0,100,10ms/100s^-1,100ms/1000s^-1,"[20181130, 20190103, 20190104, 20190111, 20190115, 20190124]",6,"[[0.3980144417747587,0.8431769037414641,0.9082563151343219,0.7715858887504635],[0.3751847060757398,0.8431609185196488,0.8774686548867635,0.7789748215104487]]",0.8953572481762992,0.5262476348741743,OK,EXACT_POLICY_ENUMERATION,P02,"{""100"": 100, ""1000"": 100, ""25"": 100, ""250"": 250}"
peak_stress_response,C3_RANDOM_POLICY,20190122,6,100,25,1.74310135425802,1.8522538783082,0.109152524050185,0.109152524050185,0.0119142735065263,10.0,100,10ms/100s^-1,100ms/25s^-1,"[20181130, 20190103, 20190104, 20190111, 20190115, 20190124]",6,"[[0.3980144417747587,0.8431769037414641,0.9082563151343219,0.7715858887504635],[0.3751847060757398,0.8431609185196488,0.8774686548867635,0.7789748215104487]]",0.28040595335617685,0.3848788077496199,OK,EXACT_POLICY_ENUMERATION,P03,"{""100"": 100, ""1000"": 250, ""25"": 100, ""250"": 250}"
peak_stress_response,C3_RANDOM_POLICY,20190122,6,100,100,3.61928113362567,3.70039492310468,0.0811137894790113,0.0811137894790113,0.00657944684364536,10.0,100,10ms/100s^-1,100ms/100s^-1,"[20181130, 20190103, 20190104, 20190111, 20190115, 20190124]",6,"[[0.3980144417747587,0.8431769037414641,0.9082563151343219,0.7715858887504635],[0.3751847060757398,0.8431609185196488,0.8774686548867635,0.7789748215104487]]",0.6399531708866886,0.35149552191669864,OK,EXACT_POLICY_ENUMERATION,P03,"{""100"": 100, ""1000"": 250, ""25"": 100, ""250"": 250}"
peak_stress_response,C3_RANDOM_POLICY,20190122,6,100,250,4.62765053311793,4.63531869338419,0.00766816026625783,0.00766816026625783,5.88006818690153e-05,10.0,250,10ms/250s^-1,100ms/250s^-1,"[20181130, 20190103, 20190104, 20190111, 20190115, 20190124]",6,"[[0.3980144417747587,0.8431769037414641,0.9082563151343219,0.7715858887504635],[0.3751847060757398,0.8431609185196488,0.8774686548867635,0.7789748215104487]]",0.6974465732737734,0.2874962199579283,OK,EXACT_POLICY_ENUMERATION,P03,"{""100"": 100, ""1000"": 250, ""25"": 100, ""250"": 250}"
peak_stress_response,C3_RANDOM_POLICY,20190122,6,100,1000,5.48419702930995,5.03275272760813,-0.451444301701816,0.451444301701816,0.20380195753904,10.0,250,10ms/250s^-1,100ms/1000s^-1,"[20181130, 20190103, 20190104, 20190111, 20190115, 20190124]",6,"[[0.3980144417747587,0.8431769037414641,0.9082563151343219,0.7715858887504635],[0.3751847060757398,0.8431609185196488,0.8774686548867635,0.7789748215104487]]",0.7375544474344528,0.4349011862654306,OK,EXACT_POLICY_ENUMERATION,P03,"{""100"": 100, ""1000"": 250, ""25"": 100, ""250"": 250}"
peak_stress_response,C3_RANDOM_POLICY,20190122,6,100,25,1.74310135425802,1.8522538783082,0.109152524050185,0.109152524050185,0.0119142735065263,10.0,100,10ms/100s^-1,100ms/25s^-1,"[20181130, 20190103, 20190104, 20190111, 20190115, 20190124]",6,"[[0.3980144417747587,0.8431769037414641,0.9082563151343219,0.7715858887504635],[0.3751847060757398,0.8431609185196488,0.8774686548867635,0.7789748215104487]]",0.28040595335617685,0.3848788077496199,OK,EXACT_POLICY_ENUMERATION,P04,"{""100"": 250, ""1000"": 100, ""25"": 100, ""250"": 100}"
peak_stress_response,C3_RANDOM_POLICY,20190122,6,100,100,3.61928113362567,3.57226804974836,-0.0470130838773106,0.0470130838773106,0.00221023005565504,10.0,250,10ms/250s^-1,100ms/100s^-1,"[20181130, 20190103, 20190104, 20190111, 20190115, 20190124]",6,"[[0.3980144417747587,0.8431769037414641,0.9082563151343219,0.7715858887504635],[0.3751847060757398,0.8431609185196488,0.8774686548867635,0.7789748215104487]]",0.5276009460707763,0.28324873525093786,OK,EXACT_POLICY_ENUMERATION,P04,"{""100"": 250, ""1000"": 100, ""25"": 100, ""250"": 100}"
peak_stress_response,C3_RANDOM_POLICY,20190122,6,100,250,4.62765053311793,4.80476838188103,0.177117848763101,0.177117848763101,0.0313707323504686,10.0,100,10ms/100s^-1,100ms/250s^-1,"[20181130, 20190103, 20190104, 20190111, 20190115, 20190124]",6,"[[0.3980144417747587,0.8431769037414641,0.9082563151343219,0.7715858887504635],[0.3751847060757398,0.8431609185196488,0.8774686548867635,0.7789748215104487]]",0.8456539532276864,0.3794289251633671,OK,EXACT_POLICY_ENUMERATION,P04,"{""100"": 250, ""1000"": 100, ""25"": 100, ""250"": 100}"
peak_stress_response,C3_RANDOM_POLICY,20190122,6,100,1000,5.48419702930995,5.21168633363459,-0.272510695675361,0.272510695675361,0.0742620792574694,10.0,100,10ms/100s^-1,100ms/1000s^-1,"[20181130, 20190103, 20190104, 20190111, 20190115, 20190124]",6,"[[0.3980144417747587,0.8431769037414641,0.9082563151343219,0.7715858887504635],[0.3751847060757398,0.8431609185196488,0.8774686548867635,0.7789748215104487]]",0.8953572481762992,0.5262476348741743,OK,EXACT_POLICY_ENUMERATION,P04,"{""100"": 250, ""1000"": 100, ""25"": 100, ""250"": 100}"
peak_stress_response,C3_RANDOM_POLICY,20190122,6,100,25,1.74310135425802,1.8522538783082,0.109152524050185,0.109152524050185,0.0119142735065263,10.0,100,10ms/100s^-1,100ms/25s^-1,"[20181130, 20190103, 20190104, 20190111, 20190115, 20190124]",6,"[[0.3980144417747587,0.8431769037414641,0.9082563151343219,0.7715858887504635],[0.3751847060757398,0.8431609185196488,0.8774686548867635,0.7789748215104487]]",0.28040595335617685,0.3848788077496199,OK,EXACT_POLICY_ENUMERATION,P05,"{""100"": 250, ""1000"": 250, ""25"": 100, ""250"": 100}"
peak_stress_response,C3_RANDOM_POLICY,20190122,6,100,100,3.61928113362567,3.57226804974836,-0.0470130838773106,0.0470130838773106,0.00221023005565504,10.0,250,10ms/250s^-1,100ms/100s^-1,"[20181130, 20190103, 20190104, 20190111, 20190115, 20190124]",6,"[[0.3980144417747587,0.8431769037414641,0.9082563151343219,0.7715858887504635],[0.3751847060757398,0.8431609185196488,0.8774686548867635,0.7789748215104487]]",0.5276009460707763,0.28324873525093786,OK,EXACT_POLICY_ENUMERATION,P05,"{""100"": 250, ""1000"": 250, ""25"": 100, ""250"": 100}"
peak_stress_response,C3_RANDOM_POLICY,20190122,6,100,250,4.62765053311793,4.80476838188103,0.177117848763101,0.177117848763101,0.0313707323504686,10.0,100,10ms/100s^-1,100ms/250s^-1,"[20181130, 20190103, 20190104, 20190111, 20190115, 20190124]",6,"[[0.3980144417747587,0.8431769037414641,0.9082563151343219,0.7715858887504635],[0.3751847060757398,0.8431609185196488,0.8774686548867635,0.7789748215104487]]",0.8456539532276864,0.3794289251633671,OK,EXACT_POLICY_ENUMERATION,P05,"{""100"": 250, ""1000"": 250, ""25"": 100, ""250"": 100}"
peak_stress_response,C3_RANDOM_POLICY,20190122,6,100,1000,5.48419702930995,5.03275272760813,-0.451444301701816,0.451444301701816,0.20380195753904,10.0,250,10ms/250s^-1,100ms/1000s^-1,"[20181130, 20190103, 20190104, 20190111, 20190115, 20190124]",6,"[[0.3980144417747587,0.8431769037414641,0.9082563151343219,0.7715858887504635],[0.3751847060757398,0.8431609185196488,0.8774686548867635,0.7789748215104487]]",0.7375544474344528,0.4349011862654306,OK,EXACT_POLICY_ENUMERATION,P05,"{""100"": 250, ""1000"": 250, ""25"": 100, ""250"": 100}"
peak_stress_response,C3_RANDOM_POLICY,20190122,6,100,25,1.74310135425802,1.8522538783082,0.109152524050185,0.109152524050185,0.0119142735065263,10.0,100,10ms/100s^-1,100ms/25s^-1,"[20181130, 20190103, 20190104, 20190111, 20190115, 20190124]",6,"[[0.3980144417747587,0.8431769037414641,0.9082563151343219,0.7715858887504635],[0.3751847060757398,0.8431609185196488,0.8774686548867635,0.7789748215104487]]",0.28040595335617685,0.3848788077496199,OK,EXACT_POLICY_ENUMERATION,P06,"{""100"": 250, ""1000"": 100, ""25"": 100, ""250"": 250}"
peak_stress_response,C3_RANDOM_POLICY,20190122,6,100,100,3.61928113362567,3.57226804974836,-0.0470130838773106,0.0470130838773106,0.00221023005565504,10.0,250,10ms/250s^-1,100ms/100s^-1,"[20181130, 20190103, 20190104, 20190111, 20190115, 20190124]",6,"[[0.3980144417747587,0.8431769037414641,0.9082563151343219,0.7715858887504635],[0.3751847060757398,0.8431609185196488,0.8774686548867635,0.7789748215104487]]",0.5276009460707763,0.28324873525093786,OK,EXACT_POLICY_ENUMERATION,P06,"{""100"": 250, ""1000"": 100, ""25"": 100, ""250"": 250}"
peak_stress_response,C3_RANDOM_POLICY,20190122,6,100,250,4.62765053311793,4.63531869338419,0.00766816026625783,0.00766816026625783,5.88006818690153e-05,10.0,250,10ms/250s^-1,100ms/250s^-1,"[20181130, 20190103, 20190104, 20190111, 20190115, 20190124]",6,"[[0.3980144417747587,0.8431769037414641,0.9082563151343219,0.7715858887504635],[0.3751847060757398,0.8431609185196488,0.8774686548867635,0.7789748215104487]]",0.6974465732737734,0.2874962199579283,OK,EXACT_POLICY_ENUMERATION,P06,"{""100"": 250, ""1000"": 100, ""25"": 100, ""250"": 250}"
peak_stress_response,C3_RANDOM_POLICY,20190122,6,100,1000,5.48419702930995,5.21168633363459,-0.272510695675361,0.272510695675361,0.0742620792574694,10.0,100,10ms/100s^-1,100ms/1000s^-1,"[20181130, 20190103, 20190104, 20190111, 20190115, 20190124]",6,"[[0.3980144417747587,0.8431769037414641,0.9082563151343219,0.7715858887504635],[0.3751847060757398,0.8431609185196488,0.8774686548867635,0.7789748215104487]]",0.8953572481762992,0.5262476348741743,OK,EXACT_POLICY_ENUMERATION,P06,"{""100"": 250, ""1000"": 100, ""25"": 100, ""250"": 250}"
peak_stress_response,C3_RANDOM_POLICY,20190122,6,100,25,1.74310135425802,1.8522538783082,0.109152524050185,0.109152524050185,0.0119142735065263,10.0,100,10ms/100s^-1,100ms/25s^-1,"[20181130, 20190103, 20190104, 20190111, 20190115, 20190124]",6,"[[0.3980144417747587,0.8431769037414641,0.9082563151343219,0.7715858887504635],[0.3751847060757398,0.8431609185196488,0.8774686548867635,0.7789748215104487]]",0.28040595335617685,0.3848788077496199,OK,EXACT_POLICY_ENUMERATION,P07,"{""100"": 250, ""1000"": 250, ""25"": 100, ""250"": 250}"
peak_stress_response,C3_RANDOM_POLICY,20190122,6,100,100,3.61928113362567,3.57226804974836,-0.0470130838773106,0.0470130838773106,0.00221023005565504,10.0,250,10ms/250s^-1,100ms/100s^-1,"[20181130, 20190103, 20190104, 20190111, 20190115, 20190124]",6,"[[0.3980144417747587,0.8431769037414641,0.9082563151343219,0.7715858887504635],[0.3751847060757398,0.8431609185196488,0.8774686548867635,0.7789748215104487]]",0.5276009460707763,0.28324873525093786,OK,EXACT_POLICY_ENUMERATION,P07,"{""100"": 250, ""1000"": 250, ""25"": 100, ""250"": 250}"
peak_stress_response,C3_RANDOM_POLICY,20190122,6,100,250,4.62765053311793,4.63531869338419,0.00766816026625783,0.00766816026625783,5.88006818690153e-05,10.0,250,10ms/250s^-1,100ms/250s^-1,"[20181130, 20190103, 20190104, 20190111, 20190115, 20190124]",6,"[[0.3980144417747587,0.8431769037414641,0.9082563151343219,0.7715858887504635],[0.3751847060757398,0.8431609185196488,0.8774686548867635,0.7789748215104487]]",0.6974465732737734,0.2874962199579283,OK,EXACT_POLICY_ENUMERATION,P07,"{""100"": 250, ""1000"": 250, ""25"": 100, ""250"": 250}"
peak_stress_response,C3_RANDOM_POLICY,20190122,6,100,1000,5.48419702930995,5.03275272760813,-0.451444301701816,0.451444301701816,0.20380195753904,10.0,250,10ms/250s^-1,100ms/1000s^-1,"[20181130, 20190103, 20190104, 20190111, 20190115, 20190124]",6,"[[0.3980144417747587,0.8431769037414641,0.9082563151343219,0.7715858887504635],[0.3751847060757398,0.8431609185196488,0.8774686548867635,0.7789748215104487]]",0.7375544474344528,0.4349011862654306,OK,EXACT_POLICY_ENUMERATION,P07,"{""100"": 250, ""1000"": 250, ""25"": 100, ""250"": 250}"
peak_stress_response,C3_RANDOM_POLICY,20190122,6,100,25,1.74310135425802,1.79598360685909,0.0528822526010657,0.0528822526010657,0.00279653264016292,10.0,250,10ms/250s^-1,100ms/25s^-1,"[20181130, 20190103, 20190104, 20190111, 20190115, 20190124]",6,"[[0.3980144417747587,0.8431769037414641,0.9082563151343219,0.7715858887504635],[0.3751847060757398,0.8431609185196488,0.8774686548867635,0.7789748215104487]]",0.23141768068333388,0.3533455161730681,OK,EXACT_POLICY_ENUMERATION,P08,"{""100"": 100, ""1000"": 100, ""25"": 250, ""250"": 100}"
peak_stress_response,C3_RANDOM_POLICY,20190122,6,100,100,3.61928113362567,3.70039492310468,0.0811137894790113,0.0811137894790113,0.00657944684364536,10.0,100,10ms/100s^-1,100ms/100s^-1,"[20181130, 20190103, 20190104, 20190111, 20190115, 20190124]",6,"[[0.3980144417747587,0.8431769037414641,0.9082563151343219,0.7715858887504635],[0.3751847060757398,0.8431609185196488,0.8774686548867635,0.7789748215104487]]",0.6399531708866886,0.35149552191669864,OK,EXACT_POLICY_ENUMERATION,P08,"{""100"": 100, ""1000"": 100, ""25"": 250, ""250"": 100}"
peak_stress_response,C3_RANDOM_POLICY,20190122,6,100,250,4.62765053311793,4.80476838188103,0.177117848763101,0.177117848763101,0.0313707323504686,10.0,100,10ms/100s^-1,100ms/250s^-1,"[20181130, 20190103, 20190104, 20190111, 20190115, 20190124]",6,"[[0.3980144417747587,0.8431769037414641,0.9082563151343219,0.7715858887504635],[0.3751847060757398,0.8431609185196488,0.8774686548867635,0.7789748215104487]]",0.8456539532276864,0.3794289251633671,OK,EXACT_POLICY_ENUMERATION,P08,"{""100"": 100, ""1000"": 100, ""25"": 250, ""250"": 100}"
peak_stress_response,C3_RANDOM_POLICY,20190122,6,100,1000,5.48419702930995,5.21168633363459,-0.272510695675361,0.272510695675361,0.0742620792574694,10.0,100,10ms/100s^-1,100ms/1000s^-1,"[20181130, 20190103, 20190104, 20190111, 20190115, 20190124]",6,"[[0.3980144417747587,0.8431769037414641,0.9082563151343219,0.7715858887504635],[0.3751847060757398,0.8431609185196488,0.8774686548867635,0.7789748215104487]]",0.8953572481762992,0.5262476348741743,OK,EXACT_POLICY_ENUMERATION,P08,"{""100"": 100, ""1000"": 100, ""25"": 250, ""250"": 100}"
peak_stress_response,C3_RANDOM_POLICY,20190122,6,100,25,1.74310135425802,1.79598360685909,0.0528822526010657,0.0528822526010657,0.00279653264016292,10.0,250,10ms/250s^-1,100ms/25s^-1,"[20181130, 20190103, 20190104, 20190111, 20190115, 20190124]",6,"[[0.3980144417747587,0.8431769037414641,0.9082563151343219,0.7715858887504635],[0.3751847060757398,0.8431609185196488,0.8774686548867635,0.7789748215104487]]",0.23141768068333388,0.3533455161730681,OK,EXACT_POLICY_ENUMERATION,P09,"{""100"": 100, ""1000"": 250, ""25"": 250, ""250"": 100}"
peak_stress_response,C3_RANDOM_POLICY,20190122,6,100,100,3.61928113362567,3.70039492310468,0.0811137894790113,0.0811137894790113,0.00657944684364536,10.0,100,10ms/100s^-1,100ms/100s^-1,"[20181130, 20190103, 20190104, 20190111, 20190115, 20190124]",6,"[[0.3980144417747587,0.8431769037414641,0.9082563151343219,0.7715858887504635],[0.3751847060757398,0.8431609185196488,0.8774686548867635,0.7789748215104487]]",0.6399531708866886,0.35149552191669864,OK,EXACT_POLICY_ENUMERATION,P09,"{""100"": 100, ""1000"": 250, ""25"": 250, ""250"": 100}"
peak_stress_response,C3_RANDOM_POLICY,20190122,6,100,250,4.62765053311793,4.80476838188103,0.177117848763101,0.177117848763101,0.0313707323504686,10.0,100,10ms/100s^-1,100ms/250s^-1,"[20181130, 20190103, 20190104, 20190111, 20190115, 20190124]",6,"[[0.3980144417747587,0.8431769037414641,0.9082563151343219,0.7715858887504635],[0.3751847060757398,0.8431609185196488,0.8774686548867635,0.7789748215104487]]",0.8456539532276864,0.3794289251633671,OK,EXACT_POLICY_ENUMERATION,P09,"{""100"": 100, ""1000"": 250, ""25"": 250, ""250"": 100}"
peak_stress_response,C3_RANDOM_POLICY,20190122,6,100,1000,5.48419702930995,5.03275272760813,-0.451444301701816,0.451444301701816,0.20380195753904,10.0,250,10ms/250s^-1,100ms/1000s^-1,"[20181130, 20190103, 20190104, 20190111, 20190115, 20190124]",6,"[[0.3980144417747587,0.8431769037414641,0.9082563151343219,0.7715858887504635],[0.3751847060757398,0.8431609185196488,0.8774686548867635,0.7789748215104487]]",0.7375544474344528,0.4349011862654306,OK,EXACT_POLICY_ENUMERATION,P09,"{""100"": 100, ""1000"": 250, ""25"": 250, ""250"": 100}"
peak_stress_response,C3_RANDOM_POLICY,20190122,6,100,25,1.74310135425802,1.79598360685909,0.0528822526010657,0.0528822526010657,0.00279653264016292,10.0,250,10ms/250s^-1,100ms/25s^-1,"[20181130, 20190103, 20190104, 20190111, 20190115, 20190124]",6,"[[0.3980144417747587,0.8431769037414641,0.9082563151343219,0.7715858887504635],[0.3751847060757398,0.8431609185196488,0.8774686548867635,0.7789748215104487]]",0.23141768068333388,0.3533455161730681,OK,EXACT_POLICY_ENUMERATION,P10,"{""100"": 100, ""1000"": 100, ""25"": 250, ""250"": 250}"
peak_stress_response,C3_RANDOM_POLICY,20190122,6,100,100,3.61928113362567,3.70039492310468,0.0811137894790113,0.0811137894790113,0.00657944684364536,10.0,100,10ms/100s^-1,100ms/100s^-1,"[20181130, 20190103, 20190104, 20190111, 20190115, 20190124]",6,"[[0.3980144417747587,0.8431769037414641,0.9082563151343219,0.7715858887504635],[0.3751847060757398,0.8431609185196488,0.8774686548867635,0.7789748215104487]]",0.6399531708866886,0.35149552191669864,OK,EXACT_POLICY_ENUMERATION,P10,"{""100"": 100, ""1000"": 100, ""25"": 250, ""250"": 250}"
peak_stress_response,C3_RANDOM_POLICY,20190122,6,100,250,4.62765053311793,4.63531869338419,0.00766816026625783,0.00766816026625783,5.88006818690153e-05,10.0,250,10ms/250s^-1,100ms/250s^-1,"[20181130, 20190103, 20190104, 20190111, 20190115, 20190124]",6,"[[0.3980144417747587,0.8431769037414641,0.9082563151343219,0.7715858887504635],[0.3751847060757398,0.8431609185196488,0.8774686548867635,0.7789748215104487]]",0.6974465732737734,0.2874962199579283,OK,EXACT_POLICY_ENUMERATION,P10,"{""100"": 100, ""1000"": 100, ""25"": 250, ""250"": 250}"
peak_stress_response,C3_RANDOM_POLICY,20190122,6,100,1000,5.48419702930995,5.21168633363459,-0.272510695675361,0.272510695675361,0.0742620792574694,10.0,100,10ms/100s^-1,100ms/1000s^-1,"[20181130, 20190103, 20190104, 20190111, 20190115, 20190124]",6,"[[0.3980144417747587,0.8431769037414641,0.9082563151343219,0.7715858887504635],[0.3751847060757398,0.8431609185196488,0.8774686548867635,0.7789748215104487]]",0.8953572481762992,0.5262476348741743,OK,EXACT_POLICY_ENUMERATION,P10,"{""100"": 100, ""1000"": 100, ""25"": 250, ""250"": 250}"
peak_stress_response,C3_RANDOM_POLICY,20190122,6,100,25,1.74310135425802,1.79598360685909,0.0528822526010657,0.0528822526010657,0.00279653264016292,10.0,250,10ms/250s^-1,100ms/25s^-1,"[20181130, 20190103, 20190104, 20190111, 20190115, 20190124]",6,"[[0.3980144417747587,0.8431769037414641,0.9082563151343219,0.7715858887504635],[0.3751847060757398,0.8431609185196488,0.8774686548867635,0.7789748215104487]]",0.23141768068333388,0.3533455161730681,OK,EXACT_POLICY_ENUMERATION,P11,"{""100"": 100, ""1000"": 250, ""25"": 250, ""250"": 250}"
peak_stress_response,C3_RANDOM_POLICY,20190122,6,100,100,3.61928113362567,3.70039492310468,0.0811137894790113,0.0811137894790113,0.00657944684364536,10.0,100,10ms/100s^-1,100ms/100s^-1,"[20181130, 20190103, 20190104, 20190111, 20190115, 20190124]",6,"[[0.3980144417747587,0.8431769037414641,0.9082563151343219,0.7715858887504635],[0.3751847060757398,0.8431609185196488,0.8774686548867635,0.7789748215104487]]",0.6399531708866886,0.35149552191669864,OK,EXACT_POLICY_ENUMERATION,P11,"{""100"": 100, ""1000"": 250, ""25"": 250, ""250"": 250}"
peak_stress_response,C3_RANDOM_POLICY,20190122,6,100,250,4.62765053311793,4.63531869338419,0.00766816026625783,0.00766816026625783,5.88006818690153e-05,10.0,250,10ms/250s^-1,100ms/250s^-1,"[20181130, 20190103, 20190104, 20190111, 20190115, 20190124]",6,"[[0.3980144417747587,0.8431769037414641,0.9082563151343219,0.7715858887504635],[0.3751847060757398,0.8431609185196488,0.8774686548867635,0.7789748215104487]]",0.6974465732737734,0.2874962199579283,OK,EXACT_POLICY_ENUMERATION,P11,"{""100"": 100, ""1000"": 250, ""25"": 250, ""250"": 250}"
peak_stress_response,C3_RANDOM_POLICY,20190122,6,100,1000,5.48419702930995,5.03275272760813,-0.451444301701816,0.451444301701816,0.20380195753904,10.0,250,10ms/250s^-1,100ms/1000s^-1,"[20181130, 20190103, 20190104, 20190111, 20190115, 20190124]",6,"[[0.3980144417747587,0.8431769037414641,0.9082563151343219,0.7715858887504635],[0.3751847060757398,0.8431609185196488,0.8774686548867635,0.7789748215104487]]",0.7375544474344528,0.4349011862654306,OK,EXACT_POLICY_ENUMERATION,P11,"{""100"": 100, ""1000"": 250, ""25"": 250, ""250"": 250}"
peak_stress_response,C3_RANDOM_POLICY,20190122,6,100,25,1.74310135425802,1.79598360685909,0.0528822526010657,0.0528822526010657,0.00279653264016292,10.0,250,10ms/250s^-1,100ms/25s^-1,"[20181130, 20190103, 20190104, 20190111, 20190115, 20190124]",6,"[[0.3980144417747587,0.8431769037414641,0.9082563151343219,0.7715858887504635],[0.3751847060757398,0.8431609185196488,0.8774686548867635,0.7789748215104487]]",0.23141768068333388,0.3533455161730681,OK,EXACT_POLICY_ENUMERATION,P12,"{""100"": 250, ""1000"": 100, ""25"": 250, ""250"": 100}"
peak_stress_response,C3_RANDOM_POLICY,20190122,6,100,100,3.61928113362567,3.57226804974836,-0.0470130838773106,0.0470130838773106,0.00221023005565504,10.0,250,10ms/250s^-1,100ms/100s^-1,"[20181130, 20190103, 20190104, 20190111, 20190115, 20190124]",6,"[[0.3980144417747587,0.8431769037414641,0.9082563151343219,0.7715858887504635],[0.3751847060757398,0.8431609185196488,0.8774686548867635,0.7789748215104487]]",0.5276009460707763,0.28324873525093786,OK,EXACT_POLICY_ENUMERATION,P12,"{""100"": 250, ""1000"": 100, ""25"": 250, ""250"": 100}"
peak_stress_response,C3_RANDOM_POLICY,20190122,6,100,250,4.62765053311793,4.80476838188103,0.177117848763101,0.177117848763101,0.0313707323504686,10.0,100,10ms/100s^-1,100ms/250s^-1,"[20181130, 20190103, 20190104, 20190111, 20190115, 20190124]",6,"[[0.3980144417747587,0.8431769037414641,0.9082563151343219,0.7715858887504635],[0.3751847060757398,0.8431609185196488,0.8774686548867635,0.7789748215104487]]",0.8456539532276864,0.3794289251633671,OK,EXACT_POLICY_ENUMERATION,P12,"{""100"": 250, ""1000"": 100, ""25"": 250, ""250"": 100}"
peak_stress_response,C3_RANDOM_POLICY,20190122,6,100,1000,5.48419702930995,5.21168633363459,-0.272510695675361,0.272510695675361,0.0742620792574694,10.0,100,10ms/100s^-1,100ms/1000s^-1,"[20181130, 20190103, 20190104, 20190111, 20190115, 20190124]",6,"[[0.3980144417747587,0.8431769037414641,0.9082563151343219,0.7715858887504635],[0.3751847060757398,0.8431609185196488,0.8774686548867635,0.7789748215104487]]",0.8953572481762992,0.5262476348741743,OK,EXACT_POLICY_ENUMERATION,P12,"{""100"": 250, ""1000"": 100, ""25"": 250, ""250"": 100}"
peak_stress_response,C3_RANDOM_POLICY,20190122,6,100,25,1.74310135425802,1.79598360685909,0.0528822526010657,0.0528822526010657,0.00279653264016292,10.0,250,10ms/250s^-1,100ms/25s^-1,"[20181130, 20190103, 20190104, 20190111, 20190115, 20190124]",6,"[[0.3980144417747587,0.8431769037414641,0.9082563151343219,0.7715858887504635],[0.3751847060757398,0.8431609185196488,0.8774686548867635,0.7789748215104487]]",0.23141768068333388,0.3533455161730681,OK,EXACT_POLICY_ENUMERATION,P13,"{""100"": 250, ""1000"": 250, ""25"": 250, ""250"": 100}"
peak_stress_response,C3_RANDOM_POLICY,20190122,6,100,100,3.61928113362567,3.57226804974836,-0.0470130838773106,0.0470130838773106,0.00221023005565504,10.0,250,10ms/250s^-1,100ms/100s^-1,"[20181130, 20190103, 20190104, 20190111, 20190115, 20190124]",6,"[[0.3980144417747587,0.8431769037414641,0.9082563151343219,0.7715858887504635],[0.3751847060757398,0.8431609185196488,0.8774686548867635,0.7789748215104487]]",0.5276009460707763,0.28324873525093786,OK,EXACT_POLICY_ENUMERATION,P13,"{""100"": 250, ""1000"": 250, ""25"": 250, ""250"": 100}"
peak_stress_response,C3_RANDOM_POLICY,20190122,6,100,250,4.62765053311793,4.80476838188103,0.177117848763101,0.177117848763101,0.0313707323504686,10.0,100,10ms/100s^-1,100ms/250s^-1,"[20181130, 20190103, 20190104, 20190111, 20190115, 20190124]",6,"[[0.3980144417747587,0.8431769037414641,0.9082563151343219,0.7715858887504635],[0.3751847060757398,0.8431609185196488,0.8774686548867635,0.7789748215104487]]",0.8456539532276864,0.3794289251633671,OK,EXACT_POLICY_ENUMERATION,P13,"{""100"": 250, ""1000"": 250, ""25"": 250, ""250"": 100}"
peak_stress_response,C3_RANDOM_POLICY,20190122,6,100,1000,5.48419702930995,5.03275272760813,-0.451444301701816,0.451444301701816,0.20380195753904,10.0,250,10ms/250s^-1,100ms/1000s^-1,"[20181130, 20190103, 20190104, 20190111, 20190115, 20190124]",6,"[[0.3980144417747587,0.8431769037414641,0.9082563151343219,0.7715858887504635],[0.3751847060757398,0.8431609185196488,0.8774686548867635,0.7789748215104487]]",0.7375544474344528,0.4349011862654306,OK,EXACT_POLICY_ENUMERATION,P13,"{""100"": 250, ""1000"": 250, ""25"": 250, ""250"": 100}"
peak_stress_response,C3_RANDOM_POLICY,20190122,6,100,25,1.74310135425802,1.79598360685909,0.0528822526010657,0.0528822526010657,0.00279653264016292,10.0,250,10ms/250s^-1,100ms/25s^-1,"[20181130, 20190103, 20190104, 20190111, 20190115, 20190124]",6,"[[0.3980144417747587,0.8431769037414641,0.9082563151343219,0.7715858887504635],[0.3751847060757398,0.8431609185196488,0.8774686548867635,0.7789748215104487]]",0.23141768068333388,0.3533455161730681,OK,EXACT_POLICY_ENUMERATION,P14,"{""100"": 250, ""1000"": 100, ""25"": 250, ""250"": 250}"
peak_stress_response,C3_RANDOM_POLICY,20190122,6,100,100,3.61928113362567,3.57226804974836,-0.0470130838773106,0.0470130838773106,0.00221023005565504,10.0,250,10ms/250s^-1,100ms/100s^-1,"[20181130, 20190103, 20190104, 20190111, 20190115, 20190124]",6,"[[0.3980144417747587,0.8431769037414641,0.9082563151343219,0.7715858887504635],[0.3751847060757398,0.8431609185196488,0.8774686548867635,0.7789748215104487]]",0.5276009460707763,0.28324873525093786,OK,EXACT_POLICY_ENUMERATION,P14,"{""100"": 250, ""1000"": 100, ""25"": 250, ""250"": 250}"
peak_stress_response,C3_RANDOM_POLICY,20190122,6,100,250,4.62765053311793,4.63531869338419,0.00766816026625783,0.00766816026625783,5.88006818690153e-05,10.0,250,10ms/250s^-1,100ms/250s^-1,"[20181130, 20190103, 20190104, 20190111, 20190115, 20190124]",6,"[[0.3980144417747587,0.8431769037414641,0.9082563151343219,0.7715858887504635],[0.3751847060757398,0.8431609185196488,0.8774686548867635,0.7789748215104487]]",0.6974465732737734,0.2874962199579283,OK,EXACT_POLICY_ENUMERATION,P14,"{""100"": 250, ""1000"": 100, ""25"": 250, ""250"": 250}"
peak_stress_response,C3_RANDOM_POLICY,20190122,6,100,1000,5.48419702930995,5.21168633363459,-0.272510695675361,0.272510695675361,0.0742620792574694,10.0,100,10ms/100s^-1,100ms/1000s^-1,"[20181130, 20190103, 20190104, 20190111, 20190115, 20190124]",6,"[[0.3980144417747587,0.8431769037414641,0.9082563151343219,0.7715858887504635],[0.3751847060757398,0.8431609185196488,0.8774686548867635,0.7789748215104487]]",0.8953572481762992,0.5262476348741743,OK,EXACT_POLICY_ENUMERATION,P14,"{""100"": 250, ""1000"": 100, ""25"": 250, ""250"": 250}"
peak_stress_response,C3_RANDOM_POLICY,20190122,6,100,25,1.74310135425802,1.79598360685909,0.0528822526010657,0.0528822526010657,0.00279653264016292,10.0,250,10ms/250s^-1,100ms/25s^-1,"[20181130, 20190103, 20190104, 20190111, 20190115, 20190124]",6,"[[0.3980144417747587,0.8431769037414641,0.9082563151343219,0.7715858887504635],[0.3751847060757398,0.8431609185196488,0.8774686548867635,0.7789748215104487]]",0.23141768068333388,0.3533455161730681,OK,EXACT_POLICY_ENUMERATION,P15,"{""100"": 250, ""1000"": 250, ""25"": 250, ""250"": 250}"
peak_stress_response,C3_RANDOM_POLICY,20190122,6,100,100,3.61928113362567,3.57226804974836,-0.0470130838773106,0.0470130838773106,0.00221023005565504,10.0,250,10ms/250s^-1,100ms/100s^-1,"[20181130, 20190103, 20190104, 20190111, 20190115, 20190124]",6,"[[0.3980144417747587,0.8431769037414641,0.9082563151343219,0.7715858887504635],[0.3751847060757398,0.8431609185196488,0.8774686548867635,0.7789748215104487]]",0.5276009460707763,0.28324873525093786,OK,EXACT_POLICY_ENUMERATION,P15,"{""100"": 250, ""1000"": 250, ""25"": 250, ""250"": 250}"
peak_stress_response,C3_RANDOM_POLICY,20190122,6,100,250,4.62765053311793,4.63531869338419,0.00766816026625783,0.00766816026625783,5.88006818690153e-05,10.0,250,10ms/250s^-1,100ms/250s^-1,"[20181130, 20190103, 20190104, 20190111, 20190115, 20190124]",6,"[[0.3980144417747587,0.8431769037414641,0.9082563151343219,0.7715858887504635],[0.3751847060757398,0.8431609185196488,0.8774686548867635,0.7789748215104487]]",0.6974465732737734,0.2874962199579283,OK,EXACT_POLICY_ENUMERATION,P15,"{""100"": 250, ""1000"": 250, ""25"": 250, ""250"": 250}"
peak_stress_response,C3_RANDOM_POLICY,20190122,6,100,1000,5.48419702930995,5.03275272760813,-0.451444301701816,0.451444301701816,0.20380195753904,10.0,250,10ms/250s^-1,100ms/1000s^-1,"[20181130, 20190103, 20190104, 20190111, 20190115, 20190124]",6,"[[0.3980144417747587,0.8431769037414641,0.9082563151343219,0.7715858887504635],[0.3751847060757398,0.8431609185196488,0.8774686548867635,0.7789748215104487]]",0.7375544474344528,0.4349011862654306,OK,EXACT_POLICY_ENUMERATION,P15,"{""100"": 250, ""1000"": 250, ""25"": 250, ""250"": 250}"
peak_stress_response,C3_RANDOM_POLICY,20190124,7,100,25,3.17185996154179,2.50221132508053,-0.669648636461257,0.669648636461257,0.44842929631442,10.0,100,10ms/100s^-1,100ms/25s^-1,"[20181130, 20190103, 20190104, 20190111, 20190115, 20190122]",6,"[[0.24443172358494913,0.5148893576035125,0.5763787193432937,0.550276729103277],[0.23480593338535868,0.5156479305923022,0.5621339903121164,0.5668835514616752]]",0.25186224887436287,0.4289362064761062,OK,EXACT_POLICY_ENUMERATION,P00,"{""100"": 100, ""1000"": 100, ""25"": 100, ""250"": 100}"
peak_stress_response,C3_RANDOM_POLICY,20190124,7,100,100,6.73483910333478,5.20613595600703,-1.52870314732774,1.52870314732774,2.33693331264975,10.0,100,10ms/100s^-1,100ms/100s^-1,"[20181130, 20190103, 20190104, 20190111, 20190115, 20190122]",6,"[[0.24443172358494913,0.5148893576035125,0.5763787193432937,0.550276729103277],[0.23480593338535868,0.5156479305923022,0.5621339903121164,0.5668835514616752]]",0.5742511370925562,0.47902580081184887,OK,EXACT_POLICY_ENUMERATION,P00,"{""100"": 100, ""1000"": 100, ""25"": 100, ""250"": 100}"
peak_stress_response,C3_RANDOM_POLICY,20190124,7,100,250,8.42522781117367,6.92092497377304,-1.50430283740063,1.50430283740063,2.26292702661157,10.0,100,10ms/100s^-1,100ms/250s^-1,"[20181130, 20190103, 20190104, 20190111, 20190115, 20190122]",6,"[[0.24443172358494913,0.5148893576035125,0.5763787193432937,0.550276729103277],[0.23480593338535868,0.5156479305923022,0.5621339903121164,0.5668835514616752]]",0.7813139506428043,0.4893188838333651,OK,EXACT_POLICY_ENUMERATION,P00,"{""100"": 100, ""1000"": 100, ""25"": 100, ""250"": 100}"
peak_stress_response,C3_RANDOM_POLICY,20190124,7,100,1000,8.81071801749675,7.61950975219251,-1.19120826530425,1.19120826530425,1.41897713132915,10.0,100,10ms/100s^-1,100ms/1000s^-1,"[20181130, 20190103, 20190104, 20190111, 20190115, 20190122]",6,"[[0.24443172358494913,0.5148893576035125,0.5763787193432937,0.550276729103277],[0.23480593338535868,0.5156479305923022,0.5621339903121164,0.5668835514616752]]",0.8430792738119336,0.6794649887658926,OK,EXACT_POLICY_ENUMERATION,P00,"{""100"": 100, ""1000"": 100, ""25"": 100, ""250"": 100}"
peak_stress_response,C3_RANDOM_POLICY,20190124,7,100,25,3.17185996154179,2.50221132508053,-0.669648636461257,0.669648636461257,0.44842929631442,10.0,100,10ms/100s^-1,100ms/25s^-1,"[20181130, 20190103, 20190104, 20190111, 20190115, 20190122]",6,"[[0.24443172358494913,0.5148893576035125,0.5763787193432937,0.550276729103277],[0.23480593338535868,0.5156479305923022,0.5621339903121164,0.5668835514616752]]",0.25186224887436287,0.4289362064761062,OK,EXACT_POLICY_ENUMERATION,P01,"{""100"": 100, ""1000"": 250, ""25"": 100, ""250"": 100}"
peak_stress_response,C3_RANDOM_POLICY,20190124,7,100,100,6.73483910333478,5.20613595600703,-1.52870314732774,1.52870314732774,2.33693331264975,10.0,100,10ms/100s^-1,100ms/100s^-1,"[20181130, 20190103, 20190104, 20190111, 20190115, 20190122]",6,"[[0.24443172358494913,0.5148893576035125,0.5763787193432937,0.550276729103277],[0.23480593338535868,0.5156479305923022,0.5621339903121164,0.5668835514616752]]",0.5742511370925562,0.47902580081184887,OK,EXACT_POLICY_ENUMERATION,P01,"{""100"": 100, ""1000"": 250, ""25"": 100, ""250"": 100}"
peak_stress_response,C3_RANDOM_POLICY,20190124,7,100,250,8.42522781117367,6.92092497377304,-1.50430283740063,1.50430283740063,2.26292702661157,10.0,100,10ms/100s^-1,100ms/250s^-1,"[20181130, 20190103, 20190104, 20190111, 20190115, 20190122]",6,"[[0.24443172358494913,0.5148893576035125,0.5763787193432937,0.550276729103277],[0.23480593338535868,0.5156479305923022,0.5621339903121164,0.5668835514616752]]",0.7813139506428043,0.4893188838333651,OK,EXACT_POLICY_ENUMERATION,P01,"{""100"": 100, ""1000"": 250, ""25"": 100, ""250"": 100}"
peak_stress_response,C3_RANDOM_POLICY,20190124,7,100,1000,8.81071801749675,7.64975011703964,-1.16096790045711,1.16096790045711,1.34784646589179,10.0,250,10ms/250s^-1,100ms/1000s^-1,"[20181130, 20190103, 20190104, 20190111, 20190115, 20190122]",6,"[[0.24443172358494913,0.5148893576035125,0.5763787193432937,0.550276729103277],[0.23480593338535868,0.5156479305923022,0.5621339903121164,0.5668835514616752]]",0.6935705820882583,0.6279983449539355,OK,EXACT_POLICY_ENUMERATION,P01,"{""100"": 100, ""1000"": 250, ""25"": 100, ""250"": 100}"
peak_stress_response,C3_RANDOM_POLICY,20190124,7,100,25,3.17185996154179,2.50221132508053,-0.669648636461257,0.669648636461257,0.44842929631442,10.0,100,10ms/100s^-1,100ms/25s^-1,"[20181130, 20190103, 20190104, 20190111, 20190115, 20190122]",6,"[[0.24443172358494913,0.5148893576035125,0.5763787193432937,0.550276729103277],[0.23480593338535868,0.5156479305923022,0.5621339903121164,0.5668835514616752]]",0.25186224887436287,0.4289362064761062,OK,EXACT_POLICY_ENUMERATION,P02,"{""100"": 100, ""1000"": 100, ""25"": 100, ""250"": 250}"
peak_stress_response,C3_RANDOM_POLICY,20190124,7,100,100,6.73483910333478,5.20613595600703,-1.52870314732774,1.52870314732774,2.33693331264975,10.0,100,10ms/100s^-1,100ms/100s^-1,"[20181130, 20190103, 20190104, 20190111, 20190115, 20190122]",6,"[[0.24443172358494913,0.5148893576035125,0.5763787193432937,0.550276729103277],[0.23480593338535868,0.5156479305923022,0.5621339903121164,0.5668835514616752]]",0.5742511370925562,0.47902580081184887,OK,EXACT_POLICY_ENUMERATION,P02,"{""100"": 100, ""1000"": 100, ""25"": 100, ""250"": 250}"
peak_stress_response,C3_RANDOM_POLICY,20190124,7,100,250,8.42522781117367,6.95630048395779,-1.46892732721587,1.46892732721587,2.15774749264157,10.0,250,10ms/250s^-1,100ms/250s^-1,"[20181130, 20190103, 20190104, 20190111, 20190115, 20190122]",6,"[[0.24443172358494913,0.5148893576035125,0.5763787193432937,0.550276729103277],[0.23480593338535868,0.5156479305923022,0.5621339903121164,0.5668835514616752]]",0.644595715799851,0.4303733085740902,OK,EXACT_POLICY_ENUMERATION,P02,"{""100"": 100, ""1000"": 100, ""25"": 100, ""250"": 250}"
peak_stress_response,C3_RANDOM_POLICY,20190124,7,100,1000,8.81071801749675,7.61950975219251,-1.19120826530425,1.19120826530425,1.41897713132915,10.0,100,10ms/100s^-1,100ms/1000s^-1,"[20181130, 20190103, 20190104, 20190111, 20190115, 20190122]",6,"[[0.24443172358494913,0.5148893576035125,0.5763787193432937,0.550276729103277],[0.23480593338535868,0.5156479305923022,0.5621339903121164,0.5668835514616752]]",0.8430792738119336,0.6794649887658926,OK,EXACT_POLICY_ENUMERATION,P02,"{""100"": 100, ""1000"": 100, ""25"": 100, ""250"": 250}"
peak_stress_response,C3_RANDOM_POLICY,20190124,7,100,25,3.17185996154179,2.50221132508053,-0.669648636461257,0.669648636461257,0.44842929631442,10.0,100,10ms/100s^-1,100ms/25s^-1,"[20181130, 20190103, 20190104, 20190111, 20190115, 20190122]",6,"[[0.24443172358494913,0.5148893576035125,0.5763787193432937,0.550276729103277],[0.23480593338535868,0.5156479305923022,0.5621339903121164,0.5668835514616752]]",0.25186224887436287,0.4289362064761062,OK,EXACT_POLICY_ENUMERATION,P03,"{""100"": 100, ""1000"": 250, ""25"": 100, ""250"": 250}"
peak_stress_response,C3_RANDOM_POLICY,20190124,7,100,100,6.73483910333478,5.20613595600703,-1.52870314732774,1.52870314732774,2.33693331264975,10.0,100,10ms/100s^-1,100ms/100s^-1,"[20181130, 20190103, 20190104, 20190111, 20190115, 20190122]",6,"[[0.24443172358494913,0.5148893576035125,0.5763787193432937,0.550276729103277],[0.23480593338535868,0.5156479305923022,0.5621339903121164,0.5668835514616752]]",0.5742511370925562,0.47902580081184887,OK,EXACT_POLICY_ENUMERATION,P03,"{""100"": 100, ""1000"": 250, ""25"": 100, ""250"": 250}"
peak_stress_response,C3_RANDOM_POLICY,20190124,7,100,250,8.42522781117367,6.95630048395779,-1.46892732721587,1.46892732721587,2.15774749264157,10.0,250,10ms/250s^-1,100ms/250s^-1,"[20181130, 20190103, 20190104, 20190111, 20190115, 20190122]",6,"[[0.24443172358494913,0.5148893576035125,0.5763787193432937,0.550276729103277],[0.23480593338535868,0.5156479305923022,0.5621339903121164,0.5668835514616752]]",0.644595715799851,0.4303733085740902,OK,EXACT_POLICY_ENUMERATION,P03,"{""100"": 100, ""1000"": 250, ""25"": 100, ""250"": 250}"
peak_stress_response,C3_RANDOM_POLICY,20190124,7,100,1000,8.81071801749675,7.64975011703964,-1.16096790045711,1.16096790045711,1.34784646589179,10.0,250,10ms/250s^-1,100ms/1000s^-1,"[20181130, 20190103, 20190104, 20190111, 20190115, 20190122]",6,"[[0.24443172358494913,0.5148893576035125,0.5763787193432937,0.550276729103277],[0.23480593338535868,0.5156479305923022,0.5621339903121164,0.5668835514616752]]",0.6935705820882583,0.6279983449539355,OK,EXACT_POLICY_ENUMERATION,P03,"{""100"": 100, ""1000"": 250, ""25"": 100, ""250"": 250}"
peak_stress_response,C3_RANDOM_POLICY,20190124,7,100,25,3.17185996154179,2.50221132508053,-0.669648636461257,0.669648636461257,0.44842929631442,10.0,100,10ms/100s^-1,100ms/25s^-1,"[20181130, 20190103, 20190104, 20190111, 20190115, 20190122]",6,"[[0.24443172358494913,0.5148893576035125,0.5763787193432937,0.550276729103277],[0.23480593338535868,0.5156479305923022,0.5621339903121164,0.5668835514616752]]",0.25186224887436287,0.4289362064761062,OK,EXACT_POLICY_ENUMERATION,P04,"{""100"": 250, ""1000"": 100, ""25"": 100, ""250"": 100}"
peak_stress_response,C3_RANDOM_POLICY,20190124,7,100,100,6.73483910333478,5.22981649515533,-1.50502260817944,1.50502260817944,2.26509305113125,10.0,250,10ms/250s^-1,100ms/100s^-1,"[20181130, 20190103, 20190104, 20190111, 20190115, 20190122]",6,"[[0.24443172358494913,0.5148893576035125,0.5763787193432937,0.550276729103277],[0.23480593338535868,0.5156479305923022,0.5621339903121164,0.5668835514616752]]",0.4731859804269122,0.43925215693780606,OK,EXACT_POLICY_ENUMERATION,P04,"{""100"": 250, ""1000"": 100, ""25"": 100, ""250"": 100}"
peak_stress_response,C3_RANDOM_POLICY,20190124,7,100,250,8.42522781117367,6.92092497377304,-1.50430283740063,1.50430283740063,2.26292702661157,10.0,100,10ms/100s^-1,100ms/250s^-1,"[20181130, 20190103, 20190104, 20190111, 20190115, 20190122]",6,"[[0.24443172358494913,0.5148893576035125,0.5763787193432937,0.550276729103277],[0.23480593338535868,0.5156479305923022,0.5621339903121164,0.5668835514616752]]",0.7813139506428043,0.4893188838333651,OK,EXACT_POLICY_ENUMERATION,P04,"{""100"": 250, ""1000"": 100, ""25"": 100, ""250"": 100}"
peak_stress_response,C3_RANDOM_POLICY,20190124,7,100,1000,8.81071801749675,7.61950975219251,-1.19120826530425,1.19120826530425,1.41897713132915,10.0,100,10ms/100s^-1,100ms/1000s^-1,"[20181130, 20190103, 20190104, 20190111, 20190115, 20190122]",6,"[[0.24443172358494913,0.5148893576035125,0.5763787193432937,0.550276729103277],[0.23480593338535868,0.5156479305923022,0.5621339903121164,0.5668835514616752]]",0.8430792738119336,0.6794649887658926,OK,EXACT_POLICY_ENUMERATION,P04,"{""100"": 250, ""1000"": 100, ""25"": 100, ""250"": 100}"
peak_stress_response,C3_RANDOM_POLICY,20190124,7,100,25,3.17185996154179,2.50221132508053,-0.669648636461257,0.669648636461257,0.44842929631442,10.0,100,10ms/100s^-1,100ms/25s^-1,"[20181130, 20190103, 20190104, 20190111, 20190115, 20190122]",6,"[[0.24443172358494913,0.5148893576035125,0.5763787193432937,0.550276729103277],[0.23480593338535868,0.5156479305923022,0.5621339903121164,0.5668835514616752]]",0.25186224887436287,0.4289362064761062,OK,EXACT_POLICY_ENUMERATION,P05,"{""100"": 250, ""1000"": 250, ""25"": 100, ""250"": 100}"
peak_stress_response,C3_RANDOM_POLICY,20190124,7,100,100,6.73483910333478,5.22981649515533,-1.50502260817944,1.50502260817944,2.26509305113125,10.0,250,10ms/250s^-1,100ms/100s^-1,"[20181130, 20190103, 20190104, 20190111, 20190115, 20190122]",6,"[[0.24443172358494913,0.5148893576035125,0.5763787193432937,0.550276729103277],[0.23480593338535868,0.5156479305923022,0.5621339903121164,0.5668835514616752]]",0.4731859804269122,0.43925215693780606,OK,EXACT_POLICY_ENUMERATION,P05,"{""100"": 250, ""1000"": 250, ""25"": 100, ""250"": 100}"
peak_stress_response,C3_RANDOM_POLICY,20190124,7,100,250,8.42522781117367,6.92092497377304,-1.50430283740063,1.50430283740063,2.26292702661157,10.0,100,10ms/100s^-1,100ms/250s^-1,"[20181130, 20190103, 20190104, 20190111, 20190115, 20190122]",6,"[[0.24443172358494913,0.5148893576035125,0.5763787193432937,0.550276729103277],[0.23480593338535868,0.5156479305923022,0.5621339903121164,0.5668835514616752]]",0.7813139506428043,0.4893188838333651,OK,EXACT_POLICY_ENUMERATION,P05,"{""100"": 250, ""1000"": 250, ""25"": 100, ""250"": 100}"
peak_stress_response,C3_RANDOM_POLICY,20190124,7,100,1000,8.81071801749675,7.64975011703964,-1.16096790045711,1.16096790045711,1.34784646589179,10.0,250,10ms/250s^-1,100ms/1000s^-1,"[20181130, 20190103, 20190104, 20190111, 20190115, 20190122]",6,"[[0.24443172358494913,0.5148893576035125,0.5763787193432937,0.550276729103277],[0.23480593338535868,0.5156479305923022,0.5621339903121164,0.5668835514616752]]",0.6935705820882583,0.6279983449539355,OK,EXACT_POLICY_ENUMERATION,P05,"{""100"": 250, ""1000"": 250, ""25"": 100, ""250"": 100}"
peak_stress_response,C3_RANDOM_POLICY,20190124,7,100,25,3.17185996154179,2.50221132508053,-0.669648636461257,0.669648636461257,0.44842929631442,10.0,100,10ms/100s^-1,100ms/25s^-1,"[20181130, 20190103, 20190104, 20190111, 20190115, 20190122]",6,"[[0.24443172358494913,0.5148893576035125,0.5763787193432937,0.550276729103277],[0.23480593338535868,0.5156479305923022,0.5621339903121164,0.5668835514616752]]",0.25186224887436287,0.4289362064761062,OK,EXACT_POLICY_ENUMERATION,P06,"{""100"": 250, ""1000"": 100, ""25"": 100, ""250"": 250}"
peak_stress_response,C3_RANDOM_POLICY,20190124,7,100,100,6.73483910333478,5.22981649515533,-1.50502260817944,1.50502260817944,2.26509305113125,10.0,250,10ms/250s^-1,100ms/100s^-1,"[20181130, 20190103, 20190104, 20190111, 20190115, 20190122]",6,"[[0.24443172358494913,0.5148893576035125,0.5763787193432937,0.550276729103277],[0.23480593338535868,0.5156479305923022,0.5621339903121164,0.5668835514616752]]",0.4731859804269122,0.43925215693780606,OK,EXACT_POLICY_ENUMERATION,P06,"{""100"": 250, ""1000"": 100, ""25"": 100, ""250"": 250}"
peak_stress_response,C3_RANDOM_POLICY,20190124,7,100,250,8.42522781117367,6.95630048395779,-1.46892732721587,1.46892732721587,2.15774749264157,10.0,250,10ms/250s^-1,100ms/250s^-1,"[20181130, 20190103, 20190104, 20190111, 20190115, 20190122]",6,"[[0.24443172358494913,0.5148893576035125,0.5763787193432937,0.550276729103277],[0.23480593338535868,0.5156479305923022,0.5621339903121164,0.5668835514616752]]",0.644595715799851,0.4303733085740902,OK,EXACT_POLICY_ENUMERATION,P06,"{""100"": 250, ""1000"": 100, ""25"": 100, ""250"": 250}"
peak_stress_response,C3_RANDOM_POLICY,20190124,7,100,1000,8.81071801749675,7.61950975219251,-1.19120826530425,1.19120826530425,1.41897713132915,10.0,100,10ms/100s^-1,100ms/1000s^-1,"[20181130, 20190103, 20190104, 20190111, 20190115, 20190122]",6,"[[0.24443172358494913,0.5148893576035125,0.5763787193432937,0.550276729103277],[0.23480593338535868,0.5156479305923022,0.5621339903121164,0.5668835514616752]]",0.8430792738119336,0.6794649887658926,OK,EXACT_POLICY_ENUMERATION,P06,"{""100"": 250, ""1000"": 100, ""25"": 100, ""250"": 250}"
peak_stress_response,C3_RANDOM_POLICY,20190124,7,100,25,3.17185996154179,2.50221132508053,-0.669648636461257,0.669648636461257,0.44842929631442,10.0,100,10ms/100s^-1,100ms/25s^-1,"[20181130, 20190103, 20190104, 20190111, 20190115, 20190122]",6,"[[0.24443172358494913,0.5148893576035125,0.5763787193432937,0.550276729103277],[0.23480593338535868,0.5156479305923022,0.5621339903121164,0.5668835514616752]]",0.25186224887436287,0.4289362064761062,OK,EXACT_POLICY_ENUMERATION,P07,"{""100"": 250, ""1000"": 250, ""25"": 100, ""250"": 250}"
peak_stress_response,C3_RANDOM_POLICY,20190124,7,100,100,6.73483910333478,5.22981649515533,-1.50502260817944,1.50502260817944,2.26509305113125,10.0,250,10ms/250s^-1,100ms/100s^-1,"[20181130, 20190103, 20190104, 20190111, 20190115, 20190122]",6,"[[0.24443172358494913,0.5148893576035125,0.5763787193432937,0.550276729103277],[0.23480593338535868,0.5156479305923022,0.5621339903121164,0.5668835514616752]]",0.4731859804269122,0.43925215693780606,OK,EXACT_POLICY_ENUMERATION,P07,"{""100"": 250, ""1000"": 250, ""25"": 100, ""250"": 250}"
peak_stress_response,C3_RANDOM_POLICY,20190124,7,100,250,8.42522781117367,6.95630048395779,-1.46892732721587,1.46892732721587,2.15774749264157,10.0,250,10ms/250s^-1,100ms/250s^-1,"[20181130, 20190103, 20190104, 20190111, 20190115, 20190122]",6,"[[0.24443172358494913,0.5148893576035125,0.5763787193432937,0.550276729103277],[0.23480593338535868,0.5156479305923022,0.5621339903121164,0.5668835514616752]]",0.644595715799851,0.4303733085740902,OK,EXACT_POLICY_ENUMERATION,P07,"{""100"": 250, ""1000"": 250, ""25"": 100, ""250"": 250}"
peak_stress_response,C3_RANDOM_POLICY,20190124,7,100,1000,8.81071801749675,7.64975011703964,-1.16096790045711,1.16096790045711,1.34784646589179,10.0,250,10ms/250s^-1,100ms/1000s^-1,"[20181130, 20190103, 20190104, 20190111, 20190115, 20190122]",6,"[[0.24443172358494913,0.5148893576035125,0.5763787193432937,0.550276729103277],[0.23480593338535868,0.5156479305923022,0.5621339903121164,0.5668835514616752]]",0.6935705820882583,0.6279983449539355,OK,EXACT_POLICY_ENUMERATION,P07,"{""100"": 250, ""1000"": 250, ""25"": 100, ""250"": 250}"
peak_stress_response,C3_RANDOM_POLICY,20190124,7,100,25,3.17185996154179,2.51447307785513,-0.657386883686661,0.657386883686661,0.43215751484326,10.0,250,10ms/250s^-1,100ms/25s^-1,"[20181130, 20190103, 20190104, 20190111, 20190115, 20190122]",6,"[[0.24443172358494913,0.5148893576035125,0.5763787193432937,0.550276729103277],[0.23480593338535868,0.5156479305923022,0.5621339903121164,0.5668835514616752]]",0.20800462772825495,0.40862127117189484,OK,EXACT_POLICY_ENUMERATION,P08,"{""100"": 100, ""1000"": 100, ""25"": 250, ""250"": 100}"
peak_stress_response,C3_RANDOM_POLICY,20190124,7,100,100,6.73483910333478,5.20613595600703,-1.52870314732774,1.52870314732774,2.33693331264975,10.0,100,10ms/100s^-1,100ms/100s^-1,"[20181130, 20190103, 20190104, 20190111, 20190115, 20190122]",6,"[[0.24443172358494913,0.5148893576035125,0.5763787193432937,0.550276729103277],[0.23480593338535868,0.5156479305923022,0.5621339903121164,0.5668835514616752]]",0.5742511370925562,0.47902580081184887,OK,EXACT_POLICY_ENUMERATION,P08,"{""100"": 100, ""1000"": 100, ""25"": 250, ""250"": 100}"
peak_stress_response,C3_RANDOM_POLICY,20190124,7,100,250,8.42522781117367,6.92092497377304,-1.50430283740063,1.50430283740063,2.26292702661157,10.0,100,10ms/100s^-1,100ms/250s^-1,"[20181130, 20190103, 20190104, 20190111, 20190115, 20190122]",6,"[[0.24443172358494913,0.5148893576035125,0.5763787193432937,0.550276729103277],[0.23480593338535868,0.5156479305923022,0.5621339903121164,0.5668835514616752]]",0.7813139506428043,0.4893188838333651,OK,EXACT_POLICY_ENUMERATION,P08,"{""100"": 100, ""1000"": 100, ""25"": 250, ""250"": 100}"
peak_stress_response,C3_RANDOM_POLICY,20190124,7,100,1000,8.81071801749675,7.61950975219251,-1.19120826530425,1.19120826530425,1.41897713132915,10.0,100,10ms/100s^-1,100ms/1000s^-1,"[20181130, 20190103, 20190104, 20190111, 20190115, 20190122]",6,"[[0.24443172358494913,0.5148893576035125,0.5763787193432937,0.550276729103277],[0.23480593338535868,0.5156479305923022,0.5621339903121164,0.5668835514616752]]",0.8430792738119336,0.6794649887658926,OK,EXACT_POLICY_ENUMERATION,P08,"{""100"": 100, ""1000"": 100, ""25"": 250, ""250"": 100}"
peak_stress_response,C3_RANDOM_POLICY,20190124,7,100,25,3.17185996154179,2.51447307785513,-0.657386883686661,0.657386883686661,0.43215751484326,10.0,250,10ms/250s^-1,100ms/25s^-1,"[20181130, 20190103, 20190104, 20190111, 20190115, 20190122]",6,"[[0.24443172358494913,0.5148893576035125,0.5763787193432937,0.550276729103277],[0.23480593338535868,0.5156479305923022,0.5621339903121164,0.5668835514616752]]",0.20800462772825495,0.40862127117189484,OK,EXACT_POLICY_ENUMERATION,P09,"{""100"": 100, ""1000"": 250, ""25"": 250, ""250"": 100}"
peak_stress_response,C3_RANDOM_POLICY,20190124,7,100,100,6.73483910333478,5.20613595600703,-1.52870314732774,1.52870314732774,2.33693331264975,10.0,100,10ms/100s^-1,100ms/100s^-1,"[20181130, 20190103, 20190104, 20190111, 20190115, 20190122]",6,"[[0.24443172358494913,0.5148893576035125,0.5763787193432937,0.550276729103277],[0.23480593338535868,0.5156479305923022,0.5621339903121164,0.5668835514616752]]",0.5742511370925562,0.47902580081184887,OK,EXACT_POLICY_ENUMERATION,P09,"{""100"": 100, ""1000"": 250, ""25"": 250, ""250"": 100}"
peak_stress_response,C3_RANDOM_POLICY,20190124,7,100,250,8.42522781117367,6.92092497377304,-1.50430283740063,1.50430283740063,2.26292702661157,10.0,100,10ms/100s^-1,100ms/250s^-1,"[20181130, 20190103, 20190104, 20190111, 20190115, 20190122]",6,"[[0.24443172358494913,0.5148893576035125,0.5763787193432937,0.550276729103277],[0.23480593338535868,0.5156479305923022,0.5621339903121164,0.5668835514616752]]",0.7813139506428043,0.4893188838333651,OK,EXACT_POLICY_ENUMERATION,P09,"{""100"": 100, ""1000"": 250, ""25"": 250, ""250"": 100}"
peak_stress_response,C3_RANDOM_POLICY,20190124,7,100,1000,8.81071801749675,7.64975011703964,-1.16096790045711,1.16096790045711,1.34784646589179,10.0,250,10ms/250s^-1,100ms/1000s^-1,"[20181130, 20190103, 20190104, 20190111, 20190115, 20190122]",6,"[[0.24443172358494913,0.5148893576035125,0.5763787193432937,0.550276729103277],[0.23480593338535868,0.5156479305923022,0.5621339903121164,0.5668835514616752]]",0.6935705820882583,0.6279983449539355,OK,EXACT_POLICY_ENUMERATION,P09,"{""100"": 100, ""1000"": 250, ""25"": 250, ""250"": 100}"
peak_stress_response,C3_RANDOM_POLICY,20190124,7,100,25,3.17185996154179,2.51447307785513,-0.657386883686661,0.657386883686661,0.43215751484326,10.0,250,10ms/250s^-1,100ms/25s^-1,"[20181130, 20190103, 20190104, 20190111, 20190115, 20190122]",6,"[[0.24443172358494913,0.5148893576035125,0.5763787193432937,0.550276729103277],[0.23480593338535868,0.5156479305923022,0.5621339903121164,0.5668835514616752]]",0.20800462772825495,0.40862127117189484,OK,EXACT_POLICY_ENUMERATION,P10,"{""100"": 100, ""1000"": 100, ""25"": 250, ""250"": 250}"
peak_stress_response,C3_RANDOM_POLICY,20190124,7,100,100,6.73483910333478,5.20613595600703,-1.52870314732774,1.52870314732774,2.33693331264975,10.0,100,10ms/100s^-1,100ms/100s^-1,"[20181130, 20190103, 20190104, 20190111, 20190115, 20190122]",6,"[[0.24443172358494913,0.5148893576035125,0.5763787193432937,0.550276729103277],[0.23480593338535868,0.5156479305923022,0.5621339903121164,0.5668835514616752]]",0.5742511370925562,0.47902580081184887,OK,EXACT_POLICY_ENUMERATION,P10,"{""100"": 100, ""1000"": 100, ""25"": 250, ""250"": 250}"
peak_stress_response,C3_RANDOM_POLICY,20190124,7,100,250,8.42522781117367,6.95630048395779,-1.46892732721587,1.46892732721587,2.15774749264157,10.0,250,10ms/250s^-1,100ms/250s^-1,"[20181130, 20190103, 20190104, 20190111, 20190115, 20190122]",6,"[[0.24443172358494913,0.5148893576035125,0.5763787193432937,0.550276729103277],[0.23480593338535868,0.5156479305923022,0.5621339903121164,0.5668835514616752]]",0.644595715799851,0.4303733085740902,OK,EXACT_POLICY_ENUMERATION,P10,"{""100"": 100, ""1000"": 100, ""25"": 250, ""250"": 250}"
peak_stress_response,C3_RANDOM_POLICY,20190124,7,100,1000,8.81071801749675,7.61950975219251,-1.19120826530425,1.19120826530425,1.41897713132915,10.0,100,10ms/100s^-1,100ms/1000s^-1,"[20181130, 20190103, 20190104, 20190111, 20190115, 20190122]",6,"[[0.24443172358494913,0.5148893576035125,0.5763787193432937,0.550276729103277],[0.23480593338535868,0.5156479305923022,0.5621339903121164,0.5668835514616752]]",0.8430792738119336,0.6794649887658926,OK,EXACT_POLICY_ENUMERATION,P10,"{""100"": 100, ""1000"": 100, ""25"": 250, ""250"": 250}"
peak_stress_response,C3_RANDOM_POLICY,20190124,7,100,25,3.17185996154179,2.51447307785513,-0.657386883686661,0.657386883686661,0.43215751484326,10.0,250,10ms/250s^-1,100ms/25s^-1,"[20181130, 20190103, 20190104, 20190111, 20190115, 20190122]",6,"[[0.24443172358494913,0.5148893576035125,0.5763787193432937,0.550276729103277],[0.23480593338535868,0.5156479305923022,0.5621339903121164,0.5668835514616752]]",0.20800462772825495,0.40862127117189484,OK,EXACT_POLICY_ENUMERATION,P11,"{""100"": 100, ""1000"": 250, ""25"": 250, ""250"": 250}"
peak_stress_response,C3_RANDOM_POLICY,20190124,7,100,100,6.73483910333478,5.20613595600703,-1.52870314732774,1.52870314732774,2.33693331264975,10.0,100,10ms/100s^-1,100ms/100s^-1,"[20181130, 20190103, 20190104, 20190111, 20190115, 20190122]",6,"[[0.24443172358494913,0.5148893576035125,0.5763787193432937,0.550276729103277],[0.23480593338535868,0.5156479305923022,0.5621339903121164,0.5668835514616752]]",0.5742511370925562,0.47902580081184887,OK,EXACT_POLICY_ENUMERATION,P11,"{""100"": 100, ""1000"": 250, ""25"": 250, ""250"": 250}"
peak_stress_response,C3_RANDOM_POLICY,20190124,7,100,250,8.42522781117367,6.95630048395779,-1.46892732721587,1.46892732721587,2.15774749264157,10.0,250,10ms/250s^-1,100ms/250s^-1,"[20181130, 20190103, 20190104, 20190111, 20190115, 20190122]",6,"[[0.24443172358494913,0.5148893576035125,0.5763787193432937,0.550276729103277],[0.23480593338535868,0.5156479305923022,0.5621339903121164,0.5668835514616752]]",0.644595715799851,0.4303733085740902,OK,EXACT_POLICY_ENUMERATION,P11,"{""100"": 100, ""1000"": 250, ""25"": 250, ""250"": 250}"
peak_stress_response,C3_RANDOM_POLICY,20190124,7,100,1000,8.81071801749675,7.64975011703964,-1.16096790045711,1.16096790045711,1.34784646589179,10.0,250,10ms/250s^-1,100ms/1000s^-1,"[20181130, 20190103, 20190104, 20190111, 20190115, 20190122]",6,"[[0.24443172358494913,0.5148893576035125,0.5763787193432937,0.550276729103277],[0.23480593338535868,0.5156479305923022,0.5621339903121164,0.5668835514616752]]",0.6935705820882583,0.6279983449539355,OK,EXACT_POLICY_ENUMERATION,P11,"{""100"": 100, ""1000"": 250, ""25"": 250, ""250"": 250}"
peak_stress_response,C3_RANDOM_POLICY,20190124,7,100,25,3.17185996154179,2.51447307785513,-0.657386883686661,0.657386883686661,0.43215751484326,10.0,250,10ms/250s^-1,100ms/25s^-1,"[20181130, 20190103, 20190104, 20190111, 20190115, 20190122]",6,"[[0.24443172358494913,0.5148893576035125,0.5763787193432937,0.550276729103277],[0.23480593338535868,0.5156479305923022,0.5621339903121164,0.5668835514616752]]",0.20800462772825495,0.40862127117189484,OK,EXACT_POLICY_ENUMERATION,P12,"{""100"": 250, ""1000"": 100, ""25"": 250, ""250"": 100}"
peak_stress_response,C3_RANDOM_POLICY,20190124,7,100,100,6.73483910333478,5.22981649515533,-1.50502260817944,1.50502260817944,2.26509305113125,10.0,250,10ms/250s^-1,100ms/100s^-1,"[20181130, 20190103, 20190104, 20190111, 20190115, 20190122]",6,"[[0.24443172358494913,0.5148893576035125,0.5763787193432937,0.550276729103277],[0.23480593338535868,0.5156479305923022,0.5621339903121164,0.5668835514616752]]",0.4731859804269122,0.43925215693780606,OK,EXACT_POLICY_ENUMERATION,P12,"{""100"": 250, ""1000"": 100, ""25"": 250, ""250"": 100}"
peak_stress_response,C3_RANDOM_POLICY,20190124,7,100,250,8.42522781117367,6.92092497377304,-1.50430283740063,1.50430283740063,2.26292702661157,10.0,100,10ms/100s^-1,100ms/250s^-1,"[20181130, 20190103, 20190104, 20190111, 20190115, 20190122]",6,"[[0.24443172358494913,0.5148893576035125,0.5763787193432937,0.550276729103277],[0.23480593338535868,0.5156479305923022,0.5621339903121164,0.5668835514616752]]",0.7813139506428043,0.4893188838333651,OK,EXACT_POLICY_ENUMERATION,P12,"{""100"": 250, ""1000"": 100, ""25"": 250, ""250"": 100}"
peak_stress_response,C3_RANDOM_POLICY,20190124,7,100,1000,8.81071801749675,7.61950975219251,-1.19120826530425,1.19120826530425,1.41897713132915,10.0,100,10ms/100s^-1,100ms/1000s^-1,"[20181130, 20190103, 20190104, 20190111, 20190115, 20190122]",6,"[[0.24443172358494913,0.5148893576035125,0.5763787193432937,0.550276729103277],[0.23480593338535868,0.5156479305923022,0.5621339903121164,0.5668835514616752]]",0.8430792738119336,0.6794649887658926,OK,EXACT_POLICY_ENUMERATION,P12,"{""100"": 250, ""1000"": 100, ""25"": 250, ""250"": 100}"
peak_stress_response,C3_RANDOM_POLICY,20190124,7,100,25,3.17185996154179,2.51447307785513,-0.657386883686661,0.657386883686661,0.43215751484326,10.0,250,10ms/250s^-1,100ms/25s^-1,"[20181130, 20190103, 20190104, 20190111, 20190115, 20190122]",6,"[[0.24443172358494913,0.5148893576035125,0.5763787193432937,0.550276729103277],[0.23480593338535868,0.5156479305923022,0.5621339903121164,0.5668835514616752]]",0.20800462772825495,0.40862127117189484,OK,EXACT_POLICY_ENUMERATION,P13,"{""100"": 250, ""1000"": 250, ""25"": 250, ""250"": 100}"
peak_stress_response,C3_RANDOM_POLICY,20190124,7,100,100,6.73483910333478,5.22981649515533,-1.50502260817944,1.50502260817944,2.26509305113125,10.0,250,10ms/250s^-1,100ms/100s^-1,"[20181130, 20190103, 20190104, 20190111, 20190115, 20190122]",6,"[[0.24443172358494913,0.5148893576035125,0.5763787193432937,0.550276729103277],[0.23480593338535868,0.5156479305923022,0.5621339903121164,0.5668835514616752]]",0.4731859804269122,0.43925215693780606,OK,EXACT_POLICY_ENUMERATION,P13,"{""100"": 250, ""1000"": 250, ""25"": 250, ""250"": 100}"
peak_stress_response,C3_RANDOM_POLICY,20190124,7,100,250,8.42522781117367,6.92092497377304,-1.50430283740063,1.50430283740063,2.26292702661157,10.0,100,10ms/100s^-1,100ms/250s^-1,"[20181130, 20190103, 20190104, 20190111, 20190115, 20190122]",6,"[[0.24443172358494913,0.5148893576035125,0.5763787193432937,0.550276729103277],[0.23480593338535868,0.5156479305923022,0.5621339903121164,0.5668835514616752]]",0.7813139506428043,0.4893188838333651,OK,EXACT_POLICY_ENUMERATION,P13,"{""100"": 250, ""1000"": 250, ""25"": 250, ""250"": 100}"
peak_stress_response,C3_RANDOM_POLICY,20190124,7,100,1000,8.81071801749675,7.64975011703964,-1.16096790045711,1.16096790045711,1.34784646589179,10.0,250,10ms/250s^-1,100ms/1000s^-1,"[20181130, 20190103, 20190104, 20190111, 20190115, 20190122]",6,"[[0.24443172358494913,0.5148893576035125,0.5763787193432937,0.550276729103277],[0.23480593338535868,0.5156479305923022,0.5621339903121164,0.5668835514616752]]",0.6935705820882583,0.6279983449539355,OK,EXACT_POLICY_ENUMERATION,P13,"{""100"": 250, ""1000"": 250, ""25"": 250, ""250"": 100}"
peak_stress_response,C3_RANDOM_POLICY,20190124,7,100,25,3.17185996154179,2.51447307785513,-0.657386883686661,0.657386883686661,0.43215751484326,10.0,250,10ms/250s^-1,100ms/25s^-1,"[20181130, 20190103, 20190104, 20190111, 20190115, 20190122]",6,"[[0.24443172358494913,0.5148893576035125,0.5763787193432937,0.550276729103277],[0.23480593338535868,0.5156479305923022,0.5621339903121164,0.5668835514616752]]",0.20800462772825495,0.40862127117189484,OK,EXACT_POLICY_ENUMERATION,P14,"{""100"": 250, ""1000"": 100, ""25"": 250, ""250"": 250}"
peak_stress_response,C3_RANDOM_POLICY,20190124,7,100,100,6.73483910333478,5.22981649515533,-1.50502260817944,1.50502260817944,2.26509305113125,10.0,250,10ms/250s^-1,100ms/100s^-1,"[20181130, 20190103, 20190104, 20190111, 20190115, 20190122]",6,"[[0.24443172358494913,0.5148893576035125,0.5763787193432937,0.550276729103277],[0.23480593338535868,0.5156479305923022,0.5621339903121164,0.5668835514616752]]",0.4731859804269122,0.43925215693780606,OK,EXACT_POLICY_ENUMERATION,P14,"{""100"": 250, ""1000"": 100, ""25"": 250, ""250"": 250}"
peak_stress_response,C3_RANDOM_POLICY,20190124,7,100,250,8.42522781117367,6.95630048395779,-1.46892732721587,1.46892732721587,2.15774749264157,10.0,250,10ms/250s^-1,100ms/250s^-1,"[20181130, 20190103, 20190104, 20190111, 20190115, 20190122]",6,"[[0.24443172358494913,0.5148893576035125,0.5763787193432937,0.550276729103277],[0.23480593338535868,0.5156479305923022,0.5621339903121164,0.5668835514616752]]",0.644595715799851,0.4303733085740902,OK,EXACT_POLICY_ENUMERATION,P14,"{""100"": 250, ""1000"": 100, ""25"": 250, ""250"": 250}"
peak_stress_response,C3_RANDOM_POLICY,20190124,7,100,1000,8.81071801749675,7.61950975219251,-1.19120826530425,1.19120826530425,1.41897713132915,10.0,100,10ms/100s^-1,100ms/1000s^-1,"[20181130, 20190103, 20190104, 20190111, 20190115, 20190122]",6,"[[0.24443172358494913,0.5148893576035125,0.5763787193432937,0.550276729103277],[0.23480593338535868,0.5156479305923022,0.5621339903121164,0.5668835514616752]]",0.8430792738119336,0.6794649887658926,OK,EXACT_POLICY_ENUMERATION,P14,"{""100"": 250, ""1000"": 100, ""25"": 250, ""250"": 250}"
peak_stress_response,C3_RANDOM_POLICY,20190124,7,100,25,3.17185996154179,2.51447307785513,-0.657386883686661,0.657386883686661,0.43215751484326,10.0,250,10ms/250s^-1,100ms/25s^-1,"[20181130, 20190103, 20190104, 20190111, 20190115, 20190122]",6,"[[0.24443172358494913,0.5148893576035125,0.5763787193432937,0.550276729103277],[0.23480593338535868,0.5156479305923022,0.5621339903121164,0.5668835514616752]]",0.20800462772825495,0.40862127117189484,OK,EXACT_POLICY_ENUMERATION,P15,"{""100"": 250, ""1000"": 250, ""25"": 250, ""250"": 250}"
peak_stress_response,C3_RANDOM_POLICY,20190124,7,100,100,6.73483910333478,5.22981649515533,-1.50502260817944,1.50502260817944,2.26509305113125,10.0,250,10ms/250s^-1,100ms/100s^-1,"[20181130, 20190103, 20190104, 20190111, 20190115, 20190122]",6,"[[0.24443172358494913,0.5148893576035125,0.5763787193432937,0.550276729103277],[0.23480593338535868,0.5156479305923022,0.5621339903121164,0.5668835514616752]]",0.4731859804269122,0.43925215693780606,OK,EXACT_POLICY_ENUMERATION,P15,"{""100"": 250, ""1000"": 250, ""25"": 250, ""250"": 250}"
peak_stress_response,C3_RANDOM_POLICY,20190124,7,100,250,8.42522781117367,6.95630048395779,-1.46892732721587,1.46892732721587,2.15774749264157,10.0,250,10ms/250s^-1,100ms/250s^-1,"[20181130, 20190103, 20190104, 20190111, 20190115, 20190122]",6,"[[0.24443172358494913,0.5148893576035125,0.5763787193432937,0.550276729103277],[0.23480593338535868,0.5156479305923022,0.5621339903121164,0.5668835514616752]]",0.644595715799851,0.4303733085740902,OK,EXACT_POLICY_ENUMERATION,P15,"{""100"": 250, ""1000"": 250, ""25"": 250, ""250"": 250}"
peak_stress_response,C3_RANDOM_POLICY,20190124,7,100,1000,8.81071801749675,7.64975011703964,-1.16096790045711,1.16096790045711,1.34784646589179,10.0,250,10ms/250s^-1,100ms/1000s^-1,"[20181130, 20190103, 20190104, 20190111, 20190115, 20190122]",6,"[[0.24443172358494913,0.5148893576035125,0.5763787193432937,0.550276729103277],[0.23480593338535868,0.5156479305923022,0.5621339903121164,0.5668835514616752]]",0.6935705820882583,0.6279983449539355,OK,EXACT_POLICY_ENUMERATION,P15,"{""100"": 250, ""1000"": 250, ""25"": 250, ""250"": 250}"
