outer_fold,patient_id,target,channel,observed_positive_fraction,observed_standardized_response,pred_C0_positive_fraction,pred_C0_standardized,pred_SHARED_positive_fraction,pred_SHARED_standardized,pred_EXACT_positive_fraction,pred_EXACT_standardized,selected_shared_channel,selected_exact_channel
1,UPN1,BCR-Crosslink,pS6,0.04280798221254532,-1.2821653848383272,0.3406153747400369,0.0,0.3199881795380982,-0.08880731754094226,0.31998573748580916,-0.0888178314334499,pSYK,p4EBP1
1,UPN1,BCR-Crosslink,p4EBP1,0.017390742773846536,-0.22589318513057702,0.044768654320737865,0.0,0.02067875176941578,-0.19876405866397254,0.022368695852828243,-0.1848204512036014,pSYK,p4EBP1
1,UPN1,BCR-Crosslink,pSTAT5,0.007629784760727367,-0.6508158485836691,0.12561143938267655,0.0,0.10047290006536692,-0.1386703708332727,0.10223061529420266,-0.12897438096189187,pSYK,p4EBP1
1,UPN1,BCR-Crosslink,pSYK,0.01050825253019162,-0.44221878563751493,0.05599673413372856,0.0,0.03826890076929937,-0.1723421109266601,0.04043101953736315,-0.1513229539376323,pSYK,p4EBP1
1,UPN1,BCR-Crosslink,pPLCγ2,0.021265603232740727,-0.9168288438791954,0.21745551661596293,0.0,0.19679286237199095,-0.09656009870890972,0.19844953934356444,-0.08881816536312077,pSYK,p4EBP1
1,UPN1,BCR-Crosslink,pAKT,0.001799042355915159,-0.3753902736553877,0.019279559416587367,0.0,0.01176846057657056,-0.1612992018039395,0.012546886162657665,-0.1445826829065084,pSYK,p4EBP1
1,UPN1,BCR-Crosslink,pERK1/2,0.005406352925980939,-0.3172594197789831,0.022958730224919364,0.0,0.012345087545374804,-0.19184171243045312,0.01344096824651328,-0.1720336562641123,pSYK,p4EBP1
1,UPN1,BCR-Crosslink,pIKAROS,0.29468313789890305,-0.26976245031972884,0.36180348356152775,0.0,0.34039508006152686,-0.08604221758067555,0.33960861681085974,-0.08920308112349412,pSYK,p4EBP1
1,UPN1,BEZ-235,pS6,0.04552441877118442,-0.8656848111146886,0.21765431470835184,0.0,0.19641999917802355,-0.10679274700620275,0.20062788657291597,-0.08563021632083584,pSYK,pSTAT5
1,UPN1,BEZ-235,p4EBP1,0.0032940277844082685,-0.06877507740673372,0.004712289543619209,0.0,0.0004476120945646105,-0.2068049284757301,0.0010573262894759592,-0.17723835469012503,pSYK,pSTAT5
1,UPN1,BEZ-235,pSTAT5,0.002482455721583043,-0.1543004595292495,0.010587608667828548,0.0,-0.00047806831684585327,-0.21066092830838257,0.0011105768403286923,-0.1804173685129442,pSYK,pSTAT5
1,UPN1,BEZ-235,pSYK,0.0030935217453573302,-0.18181782814895894,0.014948321801328669,0.0,0.0012101897706844143,-0.21070261133398102,0.003273578228398067,-0.17905629033001305,pSYK,pSTAT5
1,UPN1,BEZ-235,pPLCγ2,0.0005442306774239748,-0.27086821212502604,0.0014549067021505993,0.0,0.0008293883923778863,-0.18605192364701267,0.0009289673204621175,-0.15643352425673643,pSYK,pSTAT5
1,UPN1,BEZ-235,pAKT,0.0019191292309161216,-0.28124268443959677,0.011490083901238918,0.0,0.007925751813861973,-0.10473796596241476,0.008630685589006988,-0.08402347361520184,pSYK,pSTAT5
1,UPN1,BEZ-235,pERK1/2,0.002024156203752327,-0.3401889927360122,0.007269584589770247,0.0,0.004679199823883086,-0.16799779149684374,0.005132963179835304,-0.1385692515107923,pSYK,pSTAT5
1,UPN1,BEZ-235,pIKAROS,0.4373896023296892,0.34909959555215136,0.35220781232257603,0.0,0.33085694995104253,-0.08750200504086107,0.33424868141301034,-0.07360170919716498,pSYK,pSTAT5
1,UPN1,Dasatinib,pS6,0.03768576536232146,-0.8576208079528054,0.17919459211392677,0.0,0.16088179467417013,-0.11098555826293711,0.16088179467417013,-0.11098555826293711,pSYK,pSYK
1,UPN1,Dasatinib,p4EBP1,0.014184076996695499,-0.05260121959495654,0.017398909008783308,0.0,0.005147133977176038,-0.2004640697997308,0.005147133977176038,-0.2004640697997308,pSYK,pSYK
1,UPN1,Dasatinib,pSTAT5,0.0016973943191462468,-0.16013562210080565,0.006990067143944566,0.0,2.5976152420474283e-05,-0.2107062121938025,2.5976152420474283e-05,-0.2107062121938025,pSYK,pSYK
1,UPN1,Dasatinib,pSYK,0.0027447227288322287,-0.14803941688096622,0.008635710060072948,0.0,0.00025713306948689334,-0.21055208273846424,0.00025713306948689334,-0.21055208273846424,pSYK,pSYK
1,UPN1,Dasatinib,pPLCγ2,0.0005326928980299391,-0.17318524990397757,0.0009683224404646119,0.0,0.0004753296048302303,-0.1959901226235464,0.0004753296048302303,-0.1959901226235464,pSYK,pSYK
1,UPN1,Dasatinib,pAKT,0.0017967099442026762,-0.30586544280489675,0.009316113169382445,0.0,0.006604025414945414,-0.11031911670314615,0.006604025414945414,-0.11031911670314615,pSYK,pSYK
1,UPN1,Dasatinib,pERK1/2,0.001552935228155077,-0.3914524829772424,0.005981164780980531,0.0,0.0042585818675212,-0.1522751588561123,0.0042585818675212,-0.1522751588561123,pSYK,pSYK
1,UPN1,Dasatinib,pIKAROS,0.35768973798732373,0.12853675587401964,0.3263513135868814,0.0,0.3047879936844217,-0.08844347599353881,0.3047879936844217,-0.08844347599353881,pSYK,pSYK
1,UPN1,IL-7,pS6,0.05234901602140704,-1.0577790367730677,0.27236723003215557,0.0,0.25157065342973967,-0.09998346212194124,0.2556871881715861,-0.0801924453933876,pSYK,pSTAT5
1,UPN1,IL-7,p4EBP1,0.0147596788944213,-0.11964624576316468,0.026611958882153938,0.0,0.006276874424868458,-0.205278352781854,0.009230134481202964,-0.17546582060505284,pSYK,pSTAT5
1,UPN1,IL-7,pSTAT5,0.0021000575822240288,-0.17135787386854692,0.01939846019397445,0.0,-0.00184065196775696,-0.21039451934236214,0.0012158562523863145,-0.18011676700760543,pSYK,pSTAT5
1,UPN1,IL-7,pSYK,0.002404904650611388,-0.19567334863956706,0.015537727932621299,0.0,0.001391343934331244,-0.21077496198996779,0.003519952653507321,-0.17905961890794178,pSYK,pSTAT5
1,UPN1,IL-7,pPLCγ2,0.0005504183179216205,-0.29574445182633435,0.0014738936450676978,0.0,0.0008674334058453363,-0.1942198624380939,0.0009632154486860727,-0.16354550988957237,pSYK,pSTAT5
1,UPN1,IL-7,pAKT,0.0014649595230836975,-0.31429116184417155,0.010695460131784908,0.0,0.0071308606487248734,-0.12137176091879463,0.00781764951351728,-0.09798714946513512,pSYK,pSTAT5
1,UPN1,IL-7,pERK1/2,0.0018544863326897673,-0.31541830862108844,0.01028397090498331,0.0,0.005191526589878767,-0.19055141021277347,0.006024835110229378,-0.15937029091724145,pSYK,pSTAT5
1,UPN1,IL-7,pIKAROS,0.3371269857399316,-0.034781422646167716,0.3456200690854314,0.0,0.32392611049852926,-0.08884249827588359,0.3273718243067247,-0.07473138887012437,pSYK,pSTAT5
1,UPN1,Pervanadate,pS6,0.13616071428571427,-1.0694257866379944,0.39917577003546734,0.0,0.379177513480429,-0.08131341069732807,0.3787092304565647,-0.08321746116979138,pSYK,p4EBP1
1,UPN1,Pervanadate,p4EBP1,0.009710255697609783,-0.14908162078343318,0.026185499288751544,0.0,0.0031102215714875724,-0.20880418447756308,0.005158791879269261,-0.1902670271916388,pSYK,p4EBP1
1,UPN1,Pervanadate,pSTAT5,0.19171240967204004,-0.3107273730761061,0.27063012389534397,0.0,0.24601880145859228,-0.09690361212264614,0.24746270793628639,-0.09121843394437376,pSYK,p4EBP1
1,UPN1,Pervanadate,pSYK,0.038033282379099496,-0.44072314108739796,0.10570030661921873,0.0,0.07990352419536491,-0.16801742218550678,0.08320092037487033,-0.14654110018138947,pSYK,p4EBP1
1,UPN1,Pervanadate,pPLCγ2,0.2370414118954975,-0.5200007101643732,0.3742688120842503,0.0,0.35256107871238945,-0.08225789276704286,0.35423850299018267,-0.07590156877854157,pSYK,p4EBP1
1,UPN1,Pervanadate,pAKT,0.0032396470261256255,-0.24158421140090683,0.022764931962207642,0.0,0.006178121145500773,-0.20522679304951724,0.008053921020246532,-0.18201772670452657,pSYK,p4EBP1
1,UPN1,Pervanadate,pERK1/2,0.008954627570872706,-0.239388472953918,0.030203915714087884,0.0,0.012172858978255301,-0.20313278772656856,0.013917336313792494,-0.18347999923584876,pSYK,p4EBP1
1,UPN1,Pervanadate,pIKAROS,0.30214702612562533,-0.1326587640593807,0.3360021374907088,0.0,0.3134838641599792,-0.08823619797295373,0.31269114886164284,-0.09134239457039638,pSYK,p4EBP1
1,UPN1,TSLP,pS6,0.06948936421749521,-1.0540617571155744,0.3004526139889149,0.0,0.27834262083405875,-0.10090479008104454,0.27834262083405875,-0.10090479008104454,pSYK,pSYK
1,UPN1,TSLP,p4EBP1,0.013756006113780495,-0.13425923031449902,0.028045091471542428,0.0,0.006141067744233831,-0.20580864994423895,0.006141067744233831,-0.20580864994423895,pSYK,pSYK
1,UPN1,TSLP,pSTAT5,0.010952449312199694,-0.1422207895405886,0.030075528412463855,0.0,0.001989105033366991,-0.20888232943047463,0.001989105033366991,-0.20888232943047463,pSYK,pSYK
1,UPN1,TSLP,pSYK,0.003014668006519114,-0.18406135761776968,0.017316781724099804,0.0,0.0009392968582352564,-0.21077039088774802,0.0009392968582352564,-0.21077039088774802,pSYK,pSYK
1,UPN1,TSLP,pPLCγ2,0.0004222224098766266,-0.2755806006644621,0.0014930644198435906,0.0,0.000709870044866505,-0.2015546404458598,0.000709870044866505,-0.2015546404458598,pSYK,pSYK
1,UPN1,TSLP,pAKT,0.0016128896057287137,-0.3009254999377732,0.012420952952891563,0.0,0.00767340945577727,-0.13218435666556946,0.00767340945577727,-0.13218435666556946,pSYK,pSYK
1,UPN1,TSLP,pERK1/2,0.0019000008444448198,-0.27784029719586045,0.015685612282095616,0.0,0.005706065492708379,-0.20113146655726746,0.005706065492708379,-0.20113146655726746,pSYK,pSYK
1,UPN1,TSLP,pIKAROS,0.33720370542386907,-0.03213733553168361,0.34484795642853194,0.0,0.3228197660256292,-0.09260911836909513,0.3228197660256292,-0.09260911836909513,pSYK,pSYK
1,UPN1,Tofacitinib,pS6,0.04896669738054495,-1.0092146703220155,0.25069137907197847,0.0,0.23019415102903854,-0.10254621828335868,0.23019415102903854,-0.10254621828335868,pSYK,pSYK
1,UPN1,Tofacitinib,p4EBP1,0.015767502209518794,-0.09101500529939871,0.02478993888755451,0.0,0.00428469977571392,-0.20684927066020925,0.00428469977571392,-0.20684927066020925,pSYK,pSYK
1,UPN1,Tofacitinib,pSTAT5,0.0021813121720980085,-0.15757884910316408,0.011672609109248515,0.0,-0.0010102883052172905,-0.21056725873176896,-0.0010102883052172905,-0.21056725873176896,pSYK,pSYK
1,UPN1,Tofacitinib,pSYK,0.0026420203463773293,-0.18821570228752751,0.015268783360087147,0.0,0.0011311518114909928,-0.2107368490017724,0.0011311518114909928,-0.2107368490017724,pSYK,pSYK
1,UPN1,Tofacitinib,pPLCγ2,0.0004513059666409673,-0.2597555403035056,0.0015235967670267827,0.0,0.0006975049931458214,-0.2001154117777779,0.0006975049931458214,-0.2001154117777779,pSYK,pSYK
1,UPN1,Tofacitinib,pAKT,0.0018240282818405762,-0.2916676417830428,0.011303428614407113,0.0,0.007800460963739488,-0.10778132350866618,0.007800460963739488,-0.10778132350866618,pSYK,pSYK
1,UPN1,Tofacitinib,pERK1/2,0.0017300062054570412,-0.37663893604294724,0.008258860740131171,0.0,0.0052788562033266075,-0.17191158604994833,0.0052788562033266075,-0.17191158604994833,pSYK,pSYK
1,UPN1,Tofacitinib,pIKAROS,0.3618815697925873,0.11928606956443283,0.33297533468215196,0.0,0.3110070683182215,-0.09065546376711568,0.3110070683182215,-0.09065546376711568,pSYK,pSYK
2,UPN2,BCR-Crosslink,pS6,0.05796818104059239,-1.2130257214983462,0.3402628119765939,0.0,0.31774517892139487,-0.09675872329789446,0.31127011630674367,-0.12458219792028247,pSYK,p4EBP1
2,UPN2,BCR-Crosslink,p4EBP1,0.0015640655930008066,-0.3598424478678879,0.04513671658075753,0.0,0.018848100062001286,-0.2171031577084326,0.013565159035720434,-0.26073204848610765,pSYK,p4EBP1
2,UPN2,BCR-Crosslink,pSTAT5,0.020503922383244947,-0.5775476117214063,0.12531204083331568,0.0,0.09785111835472685,-0.1513240617970941,0.0923510221556802,-0.18163247178453854,pSYK,p4EBP1
2,UPN2,BCR-Crosslink,pSYK,0.054864488379481414,-0.000976793145356868,0.054965193765140426,0.0,0.03555088585240916,-0.18830932195835948,0.03294229099948967,-0.21361142029868757,pSYK,p4EBP1
2,UPN2,BCR-Crosslink,pPLCγ2,0.12255920232654757,-0.4292069979887023,0.21509985152075817,0.0,0.19242354362075947,-0.10517356560574923,0.18819699767323705,-0.1247764440574697,pSYK,p4EBP1
2,UPN2,BCR-Crosslink,pAKT,0.0027371147877514115,-0.3547147794175262,0.019257743778637683,0.0,0.011054578757898939,-0.17613033211157483,0.009763022752006304,-0.20386135881693335,pSYK,p4EBP1
2,UPN2,BCR-Crosslink,pERK1/2,0.0019306434663603706,-0.38174348355669174,0.023039560677468682,0.0,0.01145333305002341,-0.20953073298587804,0.009622031900015378,-0.242648835324048,pSYK,p4EBP1
2,UPN2,BCR-Crosslink,pIKAROS,0.18460861702387643,-0.726254892956009,0.3643633561400167,0.0,0.3411273152859766,-0.09387951853814058,0.3332662607337482,-0.12564017953891282,pSYK,p4EBP1
2,UPN2,BEZ-235,pS6,0.05462978869610033,-0.8180757292552954,0.2174425619194003,0.0,0.19425636827711384,-0.11650229829666399,0.2009393180299151,-0.08292287523075306,pSYK,pSTAT5
2,UPN2,BEZ-235,p4EBP1,7.362505215107861e-05,-0.22869871425038898,0.004787182630415888,0.0,0.0001334359900237586,-0.2257967268740881,0.0012491264466938773,-0.17166415954989392,pSYK,pSTAT5
2,UPN2,BEZ-235,pSTAT5,0.0016688345154244485,-0.17016002756136137,0.010606530091227586,0.0,-0.0014777863849880762,-0.23006686759615835,0.0014270237782597062,-0.17476373344411497,pSYK,pSTAT5
2,UPN2,BEZ-235,pSYK,0.0010307507301151005,-0.21422237340273342,0.01499629322028779,0.0,-4.965006799865362e-06,-0.23010958175776966,0.003688802176610828,-0.17344958638815305,pSYK,pSTAT5
2,UPN2,BEZ-235,pPLCγ2,0.00014725010430215722,-0.39205596314473234,0.0014641388085022695,0.0,0.0007815318421960485,-0.20322152568469615,0.0009549572400882098,-0.15159038845380246,pSYK,pSTAT5
2,UPN2,BEZ-235,pAKT,0.002429626720985594,-0.26586686969636275,0.01147821186658614,0.0,0.007585515676167216,-0.1143757763420977,0.008707866243815587,-0.08139870563754792,pSYK,pSTAT5
2,UPN2,BEZ-235,pERK1/2,0.0015461260951726507,-0.3720101068691589,0.007280701569039542,0.0,0.004452576506158471,-0.18346451479734333,0.005211294343233892,-0.13424540434353324,pSYK,pSTAT5
2,UPN2,BEZ-235,pIKAROS,0.20067735047978993,-0.6457764238235515,0.3577127484121086,0.0,0.33468437460305306,-0.09469954596665668,0.3404914718685019,-0.07081902887143855,pSYK,pSTAT5
2,UPN2,Dasatinib,pS6,0.04720796037984461,-0.7976619245408764,0.17897314571817044,0.0,0.15897417455081034,-0.12106701621702168,0.15897417455081034,-0.12106701621702168,pSYK,pSYK
2,UPN2,Dasatinib,p4EBP1,0.0004770775591803353,-0.2823438374611984,0.01771767643756273,0.0,0.004353729361733024,-0.218857136439111,0.004353729361733024,-0.218857136439111,pSYK,pSYK
2,UPN2,Dasatinib,pSTAT5,0.0015221045935753556,-0.16556594888548723,0.006994143649190401,0.0,-0.0006114269519176038,-0.23011961365587844,-0.0006114269519176038,-0.23011961365587844,pSYK,pSYK
2,UPN2,Dasatinib,pSYK,0.000749693307283384,-0.19938140134269264,0.008682106093132223,0.0,-0.0004660275887550594,-0.2299385776316218,-0.0004660275887550594,-0.2299385776316218,pSYK,pSYK
2,UPN2,Dasatinib,pPLCγ2,0.0001363078740515244,-0.33475244263427273,0.000977540696836203,0.0,0.0004396308105282492,-0.21405090657619433,0.0004396308105282492,-0.21405090657619433,pSYK,pSYK
2,UPN2,Dasatinib,pAKT,0.002998773229133536,-0.25574860044632064,0.009288158209267774,0.0,0.006325211416249773,-0.12048387845628337,0.006325211416249773,-0.12048387845628337,pSYK,pSYK
2,UPN2,Dasatinib,pERK1/2,0.0015221045935753556,-0.39425132210001174,0.005981881772482386,0.0,0.004100937566196984,-0.16627842835549786,0.004100937566196984,-0.16627842835549786,pSYK,pSYK
2,UPN2,Dasatinib,pIKAROS,0.19707846789949565,-0.5473345357736579,0.33008645940287734,0.0,0.3067350695995995,-0.09609213666926048,0.3067350695995995,-0.09609213666926048,pSYK,pSYK
2,UPN2,IL-7,pS6,0.05108431367733379,-1.0641641849205057,0.2723966417145759,0.0,0.24970672404925323,-0.10910281389371256,0.2562353921669693,-0.07771018950752528,pSYK,pSTAT5
2,UPN2,IL-7,p4EBP1,0.0006631136871576983,-0.2654305497255691,0.026939785979997282,0.0,0.004748452775834723,-0.22416300305763007,0.010112926211910924,-0.16997443925254233,pSYK,pSTAT5
2,UPN2,IL-7,pSTAT5,0.0016700641009897586,-0.17571953781039085,0.019408460042375248,0.0,-0.0037870510387800933,-0.2297786395074717,0.001795821461002333,-0.1744737642212408,pSYK,pSTAT5
2,UPN2,IL-7,pSYK,0.0009823906476410344,-0.21738374732116014,0.015570809653620609,0.0,0.00012296980616380987,-0.23019007835467703,0.003930544446999511,-0.17345296083079584,pSYK,pSTAT5
2,UPN2,IL-7,pPLCγ2,9.823906476410344e-05,-0.4444904334606461,0.0014844094416527562,0.0,0.00082268955351454,-0.21218759599254694,0.000990050609382066,-0.15852147420313029,pSYK,pSTAT5
2,UPN2,IL-7,pAKT,0.0022840582557654052,-0.2856959960291482,0.010676411324048125,0.0,0.006782995801918052,-0.13254128091371017,0.007888013159878797,-0.09492381747485461,pSYK,pSTAT5
2,UPN2,IL-7,pERK1/2,0.0013999066728884741,-0.33286724908987775,0.010294542524978688,0.0,0.00473391136537552,-0.2080975576831057,0.006169074184530716,-0.15438892839773688,pSYK,pSTAT5
2,UPN2,IL-7,pIKAROS,0.1819633077093106,-0.6887557896233717,0.3492285267140505,0.0,0.32573169856885165,-0.09675398459456482,0.33166549385559074,-0.07232011912929066,pSYK,pSTAT5
2,UPN2,Pervanadate,pS6,0.06520324743288733,-1.3762042787002111,0.40082594368320745,0.0,0.3791009220094185,-0.08908237767097887,0.37219705631293587,-0.11739133775389493,pSYK,p4EBP1
2,UPN2,Pervanadate,p4EBP1,0.000594042601340839,-0.23357881957159257,0.026397504244478728,0.0,0.0012074284087418181,-0.2280263113532702,-0.0032531868852328817,-0.268404818289245,pSYK,p4EBP1
2,UPN2,Pervanadate,pSTAT5,0.057905009759271306,-0.8560816797379225,0.2737419238933153,0.0,0.2470389347384226,-0.10591302188256402,0.24131975649305834,-0.12859720331026608,pSYK,p4EBP1
2,UPN2,Pervanadate,pSYK,0.05680178778535261,-0.31529202320752137,0.10526382974930586,0.0,0.07707121863362912,-0.18341995173823397,0.07351137838734159,-0.20658012386598718,pSYK,p4EBP1
2,UPN2,Pervanadate,pPLCγ2,0.18310655992758337,-0.7313570791366099,0.37552311096722507,0.0,0.35189620587705966,-0.08980362761112642,0.3474173611841138,-0.10682729192087967,pSYK,p4EBP1
2,UPN2,Pervanadate,pAKT,0.002715623320415264,-0.24822806750313653,0.02277711856001486,0.0,0.004663314008335216,-0.22412859287365353,0.0020261938065843157,-0.2567586258615223,pSYK,p4EBP1
2,UPN2,Pervanadate,pERK1/2,0.0018952787757064865,-0.32093685380522485,0.030368086616301047,0.0,0.010685317438397648,-0.2218582041327351,0.007405885844793167,-0.2588229623614725,pSYK,p4EBP1
2,UPN2,Pervanadate,pIKAROS,0.13662979830839297,-0.8020825971064338,0.3398513753469235,0.0,0.3154700028944508,-0.09622932182044232,0.30725972019396675,-0.12863397573243174,pSYK,p4EBP1
2,UPN2,TSLP,pS6,0.04927233894600904,-1.151261791160292,0.30092277736732154,0.0,0.2768235141102666,-0.1102503979608038,0.2768235141102666,-0.1102503979608038,pSYK,pSYK
2,UPN2,TSLP,p4EBP1,0.000546366661699697,-0.2614153214561715,0.028352292389032682,0.0,0.0044464552357338025,-0.22474893177052027,0.0044464552357338025,-0.22474893177052027,pSYK,pSYK
2,UPN2,TSLP,pSTAT5,0.0020861272537624795,-0.20975220321677426,0.030281721948706583,0.0,-0.00038168711059291885,-0.22811072715123723,-0.00038168711059291885,-0.22811072715123723,pSYK,pSYK
2,UPN2,TSLP,pSYK,0.0012914121094720111,-0.20677592817895998,0.017356857442635786,0.0,-0.0005273400461011934,-0.23018481335438717,-0.0005273400461011934,-0.23018481335438717,pSYK,pSYK
2,UPN2,TSLP,pPLCγ2,0.0001241742412953857,-0.35427065775991196,0.0014999957726012938,0.0,0.0006450624163530091,-0.22014323483619427,0.0006450624163530091,-0.22014323483619427,pSYK,pSYK
2,UPN2,TSLP,pAKT,0.0030298514876074107,-0.2604873042637262,0.012388000350987409,0.0,0.007201951198298812,-0.14435546851037298,0.007201951198298812,-0.14435546851037298,pSYK,pSYK
2,UPN2,TSLP,pERK1/2,0.0010430636268812397,-0.2955478206801401,0.01570554105459709,0.0,0.004808170512522454,-0.2196555207489136,0.004808170512522454,-0.2196555207489136,pSYK,pSYK
2,UPN2,TSLP,pIKAROS,0.17652610142552028,-0.7277896583031466,0.3485846448936098,0.0,0.32472967068525155,-0.10090404799428825,0.32472967068525155,-0.10090404799428825,pSYK,pSYK
2,UPN2,Tofacitinib,pS6,0.053745590371446356,-0.9841917857795792,0.2505802420256784,0.0,0.22820769725965165,-0.11186482969669752,0.22820769725965165,-0.11186482969669752,pSYK,pSYK
2,UPN2,Tofacitinib,p4EBP1,0.00038908487238016186,-0.24991183738370146,0.025147576500046103,0.0,0.002771727584593181,-0.22586147813755636,0.002771727584593181,-0.22586147813755636,pSYK,pSYK
2,UPN2,Tofacitinib,pSTAT5,0.001737912429964723,-0.16511624200853434,0.011682920731158591,0.0,-0.00216808749959589,-0.2299672718037759,-0.00216808749959589,-0.2299672718037759,pSYK,pSYK
2,UPN2,Tofacitinib,pSYK,0.0012450715916165179,-0.20954366846202704,0.015301270540430421,0.0,-0.0001370950096400373,-0.23014840386081206,-0.0001370950096400373,-0.23014840386081206,pSYK,pSYK
2,UPN2,Tofacitinib,pPLCγ2,2.5938991492010792e-05,-0.3654745742890745,0.001533489022262805,0.0,0.0006318638562382938,-0.21858052269923256,0.0006318638562382938,-0.21858052269923256,pSYK,pSYK
2,UPN2,Tofacitinib,pAKT,0.0025160821747250467,-0.2698405228532443,0.011287334337828405,0.0,0.007461421837713202,-0.1177011229667556,0.007461421837713202,-0.1177011229667556,pSYK,pSYK
2,UPN2,Tofacitinib,pERK1/2,0.001219132600124507,-0.4069076428570611,0.008270741521650533,0.0,0.005017240272135274,-0.18774077507779036,0.005017240272135274,-0.18774077507779036,pSYK,pSYK
2,UPN2,Tofacitinib,pIKAROS,0.18012035692052292,-0.6513066677943291,0.3372023396326651,0.0,0.3134357566123189,-0.09854302654305881,0.3134357566123189,-0.09854302654305881,pSYK,pSYK
3,UPN3,BCR-Crosslink,pS6,0.05737704918032787,-1.2157141855684175,0.3402765592291582,0.0,0.3185251709602232,-0.09347301898750718,0.31129360988327054,-0.1245494651204054,pSYK,p4EBP1
3,UPN3,BCR-Crosslink,p4EBP1,0.00034695116662329775,-0.3701600129740334,0.04516502156741747,0.0,0.019783388739123938,-0.20963119235175287,0.013605219406936486,-0.2606577363262511,pSYK,p4EBP1
3,UPN3,BCR-Crosslink,pSTAT5,0.0022118136872235233,-0.68172096377885,0.12573743870996737,0.0,0.0992416404366223,-0.14622667265734568,0.09281848217336998,-0.181675201178632,pSYK,p4EBP1
3,UPN3,BCR-Crosslink,pSYK,0.02285540810130974,-0.31904671610164825,0.05570959098091187,0.0,0.037003230375105195,-0.18165732331152512,0.033749494281344564,-0.21325432937860483,pSYK,p4EBP1
3,UPN3,BCR-Crosslink,pPLCγ2,0.023852892705351722,-0.9042198043912363,0.2173953470933441,0.0,0.1956146808931463,-0.10175808606607986,0.19067359085010202,-0.1248425895995753,pSYK,p4EBP1
3,UPN3,BCR-Crosslink,pAKT,0.003989938416167924,-0.32711838485180444,0.019228608345418695,0.0,0.01130640837826012,-0.17006059385507968,0.00973458469281875,-0.20380188673960062,pSYK,p4EBP1
3,UPN3,BCR-Crosslink,pERK1/2,0.004206782895307485,-0.3395034540679965,0.02298662720237689,0.0,0.011796729534660726,-0.20229182131328813,0.009569199134117403,-0.24256128535465107,pSYK,p4EBP1
3,UPN3,BCR-Crosslink,pIKAROS,0.36507936507936506,0.01972917548537485,0.36016636199919144,0.0,0.3375113475146882,-0.09097587546651385,0.328762501772699,-0.12610866698352613,pSYK,p4EBP1
3,UPN3,BEZ-235,pS6,0.04709289851963098,-0.8574743258191365,0.21761783843513216,0.0,0.1952341104147777,-0.1125552198000078,0.2002948343329382,-0.08710767627920805,pSYK,pSTAT5
3,UPN3,BEZ-235,p4EBP1,0.00037545591074876635,-0.21369702462970552,0.004780163308122919,0.0,0.0002864872254766133,-0.2180133938258092,0.0010636784402298857,-0.1803074953000341,pSYK,pSTAT5
3,UPN3,BEZ-235,pSTAT5,0.0011800042909246942,-0.17969000292727216,0.010617898235983393,0.0,-0.0010491233792396196,-0.22213082287172617,0.0009763582059834353,-0.1835672626011193,pSYK,pSTAT5
3,UPN3,BEZ-235,pSYK,0.0021990989058142027,-0.19586674842433147,0.014969122332480834,0.0,0.0004836677626611635,-0.2221780486411804,0.003091174531007986,-0.1821840834661421,pSYK,pSTAT5
3,UPN3,BEZ-235,pPLCγ2,0.0015018236429950654,0.02056115559941034,0.0014326370983001088,0.0,0.0007719329078795813,-0.19635091944993716,0.0008967446793338451,-0.15925881917489293,pSYK,pSTAT5
3,UPN3,BEZ-235,pAKT,0.004934563398412358,-0.19047865136192735,0.011419957525250634,0.0,0.007658278958383117,-0.1104820225664999,0.00850827437980688,-0.08551731288654357,pSYK,pSTAT5
3,UPN3,BEZ-235,pERK1/2,0.005256382750482729,-0.1255441000306316,0.00719441653054396,0.0,0.004459276334087043,-0.17717994286505148,0.005017912000588338,-0.14099202255248539,pSYK,pSTAT5
3,UPN3,BEZ-235,pIKAROS,0.3334048487449045,-0.08685523801759323,0.35462606240594313,0.0,0.33222897677867974,-0.09166790524464134,0.3364356108995917,-0.0744507840346731,pSYK,pSTAT5
3,UPN3,Dasatinib,pS6,0.05269182030004497,-0.7632216479057269,0.17884561409211927,0.0,0.15952497637988175,-0.11688850973144392,0.15952497637988175,-0.11688850973144392,pSYK,pSYK
3,UPN3,Dasatinib,p4EBP1,0.00020439030372399134,-0.2869220876443761,0.017724018001643114,0.0,0.004820933545885954,-0.2113161302815394,0.004820933545885954,-0.2113161302815394,pSYK,pSYK
3,UPN3,Dasatinib,pSTAT5,0.0011854637615991497,-0.17599576071706224,0.007001972505747987,0.0,-0.0003409223978745853,-0.22218111091615084,-0.0003409223978745853,-0.22218111091615084,pSYK,pSYK
3,UPN3,Dasatinib,pSYK,0.0017168785512815272,-0.17448694155410704,0.008659613413039242,0.0,-0.0001742478850503288,-0.2220153110710328,-0.0001742478850503288,-0.2220153110710328,pSYK,pSYK
3,UPN3,Dasatinib,pPLCγ2,0.0011037076401095532,0.0590836509999947,0.0009550430278581093,0.0,0.00043451949993949905,-0.20687122506876518,0.00043451949993949905,-0.20687122506876518,pSYK,pSYK
3,UPN3,Dasatinib,pAKT,0.004169562195969423,-0.20697873353720042,0.009260930558876241,0.0,0.006398603906632775,-0.11636179180578571,0.006398603906632775,-0.11636179180578571,pSYK,pSYK
3,UPN3,Dasatinib,pERK1/2,0.005273269836078977,-0.05483342821007187,0.005894645371493929,0.0,0.004073998653454037,-0.16066339181325462,0.004073998653454037,-0.16066339181325462,pSYK,pSYK
3,UPN3,Dasatinib,pIKAROS,0.3399010750929976,0.05386998887274181,0.3267650034216331,0.0,0.3040450962993966,-0.0931725385247899,0.3040450962993966,-0.0931725385247899,pSYK,pSYK
3,UPN3,IL-7,pS6,0.04408122833085686,-1.0995748836340977,0.2725595041644939,0.0,0.2506518793584799,-0.10543266710535067,0.2555975124551473,-0.08163130604849185,pSYK,pSTAT5
3,UPN3,IL-7,p4EBP1,0.0003095591877166914,-0.26909110757353216,0.0269480081776587,0.0,0.005521934114104808,-0.21643775142055666,0.009274135306269402,-0.17853449455227846,pSYK,pSTAT5
3,UPN3,IL-7,pSTAT5,0.0018573551263001485,-0.17381971205355476,0.019404104437135472,0.0,-0.002991776593395678,-0.22185565673459048,0.0009040815694865596,-0.1832629275585079,pSYK,pSTAT5
3,UPN3,IL-7,pSYK,0.0014858841010401188,-0.2096986536454002,0.015559100503541562,0.0,0.0006432388941719561,-0.22225453002271472,0.003332161573487511,-0.18218810529916465,pSYK,pSTAT5
3,UPN3,IL-7,pPLCγ2,0.0009286775631500742,-0.17167344715237293,0.0014650969184344781,0.0,0.0008251762262337232,-0.20479758989306224,0.0009451993551135885,-0.16638588071471697,pSYK,pSTAT5
3,UPN3,IL-7,pAKT,0.004457652303120356,-0.20988917280626213,0.01062586262527243,0.0,0.006863908678534258,-0.12801012948284826,0.007695459033033111,-0.09971449640015144,pSYK,pSTAT5
3,UPN3,IL-7,pERK1/2,0.0037766220901436355,-0.24170702038262662,0.010239270073414615,0.0,0.004867382667070167,-0.20091190208402687,0.005904246148829663,-0.16213256838545873,pSYK,pSTAT5
3,UPN3,IL-7,pIKAROS,0.33060921248142644,-0.062096083901930305,0.3457716452077223,0.0,0.32290301635100577,-0.09365596681237101,0.3272097703963093,-0.07601812693735277,pSYK,pSTAT5
3,UPN3,Pervanadate,pS6,0.05083352363553323,-1.439339513689535,0.4011601233064018,0.0,0.3801880942476621,-0.08616493904501903,0.3725649824146642,-0.11748498750498906,pSYK,p4EBP1
3,UPN3,Pervanadate,p4EBP1,0.0005023978077186573,-0.2344287854720981,0.02639963551874901,0.0,0.0020780287520872458,-0.22016574889799828,-0.0032418495704329663,-0.2683227233183461,pSYK,p4EBP1
3,UPN3,Pervanadate,pSTAT5,0.004749942909340032,-1.077039830859387,0.2749780882386625,0.0,0.24925073676697698,-0.10254069665376717,0.24265883787809792,-0.12881382100085598,pSYK,p4EBP1
3,UPN3,Pervanadate,pSYK,0.03347796300525234,-0.4712342342642605,0.10580624427907562,0.0,0.07861228867230688,-0.1771744416054555,0.07410433040571121,-0.20654475463435462,pSYK,p4EBP1
3,UPN3,Pervanadate,pPLCγ2,0.05142726649920073,-1.2583926216761012,0.3785854201167223,0.0,0.35592186300116274,-0.08717390271280605,0.35071884969374645,-0.10718695598425164,pSYK,p4EBP1
3,UPN3,Pervanadate,pAKT,0.005023978077186572,-0.2189669477765408,0.022723435891252735,0.0,0.005231262901628057,-0.2164025457589673,0.001974796468643264,-0.2566895716587525,pSYK,p4EBP1
3,UPN3,Pervanadate,pERK1/2,0.004475907741493492,-0.2911106213993408,0.030308071989189722,0.0,0.01130041748457267,-0.21420311752146448,0.007348350750899912,-0.2587401757260918,pSYK,p4EBP1
3,UPN3,Pervanadate,pIKAROS,0.376158940397351,0.1641137165181626,0.334280930182064,0.0,0.31044926584724014,-0.09339276113394702,0.3012794884805556,-0.12932775984936817,pSYK,p4EBP1
3,UPN3,TSLP,pS6,0.04431928350491667,-1.1751857284018141,0.3010379647031609,0.0,0.2777659604860191,-0.10653267265023218,0.2777659604860191,-0.10653267265023218,pSYK,pSYK
3,UPN3,TSLP,p4EBP1,0.00032316144222335074,-0.2635660262744447,0.028357483208090267,0.0,0.005275863267291625,-0.2170029615333966,0.005275863267291625,-0.2170029615333966,pSYK,pSYK
3,UPN3,TSLP,pSTAT5,0.0013388116892110245,-0.21544697255885303,0.03029910138044034,0.0,0.0006937483276626931,-0.22024585232960042,0.0006937483276626931,-0.22024585232960042,pSYK,pSYK
3,UPN3,TSLP,pSYK,0.001477309450163889,-0.2043252357062618,0.017352534248666205,0.0,8.471972916787932e-05,-0.222248838464408,8.471972916787932e-05,-0.222248838464408,pSYK,pSYK
3,UPN3,TSLP,pPLCγ2,0.0009233184063524307,-0.14353248485091483,0.0014814110245767115,0.0,0.0006549830005036646,-0.21254405446725783,0.0006549830005036646,-0.21254405446725783,pSYK,pSYK
3,UPN3,TSLP,pAKT,0.004201098748903559,-0.2270840724476512,0.012360762042585172,0.0,0.00735193536784552,-0.139396041055403,0.00735193536784552,-0.139396041055403,pSYK,pSYK
3,UPN3,TSLP,pERK1/2,0.004616592031762153,-0.22174362845968582,0.015622435742855675,0.0,0.005096350245785357,-0.21207755196855657,0.005096350245785357,-0.21207755196855657,pSYK,pSYK
3,UPN3,TSLP,pIKAROS,0.32510041087669084,-0.0842102939842159,0.3451294283947454,0.0,0.32191490178349674,-0.09760349497300434,0.32191490178349674,-0.09760349497300434,pSYK,pSYK
3,UPN3,Tofacitinib,pS6,0.04677710523521291,-1.0206939985991328,0.2507422998195443,0.0,0.22914206238283819,-0.1080931124787892,0.22914206238283819,-0.1080931124787892,pSYK,pSYK
3,UPN3,Tofacitinib,p4EBP1,0.00021238186258893492,-0.25173963633440855,0.025151685872366835,0.0,0.003547317924104315,-0.2180764839467063,0.003547317924104315,-0.2180764839467063,pSYK,pSYK
3,UPN3,Tofacitinib,pSTAT5,0.001380482106828077,-0.17119270788552976,0.011691233064254791,0.0,-0.0016817007133790203,-0.22203511220664365,-0.0016817007133790203,-0.22203511220664365,pSYK,pSYK
3,UPN3,Tofacitinib,pSYK,0.001539768503769778,-0.2050438420384528,0.015294417123868718,0.0,0.00038797181768753485,-0.22221395116187745,0.00038797181768753485,-0.22221395116187745,pSYK,pSYK
3,UPN3,Tofacitinib,pPLCγ2,0.0008495274503557397,-0.16096777219765462,0.00151433580228923,0.0,0.0006427931602892287,-0.2110236386922428,0.0006427931602892287,-0.2110236386922428,pSYK,pSYK
3,UPN3,Tofacitinib,pAKT,0.004725496442603802,-0.20021280114608342,0.011235952610668433,0.0,0.00753911383862199,-0.1136870331095236,0.00753911383862199,-0.1136870331095236,pSYK,pSYK
3,UPN3,Tofacitinib,pERK1/2,0.004884782839545502,-0.1901791122129118,0.008185493841664,0.0,0.005039657605349939,-0.18125559681093753,0.005039657605349939,-0.18125559681093753,pSYK,pSYK
3,UPN3,Tofacitinib,pIKAROS,0.28114049060210256,-0.2217432109500815,0.3348530341982097,0.0,0.31178073432583053,-0.09525011319842443,0.31178073432583053,-0.09525011319842443,pSYK,pSYK
4,UPN4,BCR-Crosslink,pS6,0.5367076905298435,0.8850367725524005,0.32912933501172764,0.0,0.30746956628643524,-0.09234918428280565,0.3006152001543587,-0.1215736478078386,pSYK,p4EBP1
4,UPN4,BCR-Crosslink,p4EBP1,0.018062055815565956,-0.2202189383390588,0.04475304238953508,0.0,0.020091667185589836,-0.20347325305279643,0.014530889841291611,-0.24935347856291484,pSYK,p4EBP1
4,UPN4,BCR-Crosslink,pSTAT5,0.39115964638585543,1.5480609743664937,0.11669214027511546,0.0,0.09053257166065723,-0.14754608970712216,0.08456897507043618,-0.18118217027274458,pSYK,p4EBP1
4,UPN4,BCR-Crosslink,pSYK,0.20313168082278846,1.5090456142240825,0.05151711952227283,0.0,0.03315511241955746,-0.1827601916928136,0.03021837681802125,-0.21199002253241167,pSYK,p4EBP1
4,UPN4,BCR-Crosslink,pPLCγ2,0.7247472121107067,2.608307114177787,0.20109547920019627,0.0,0.1791631226707121,-0.10924497709303575,0.1743954995147374,-0.13299248829925328,pSYK,p4EBP1
4,UPN4,BCR-Crosslink,pAKT,0.004726411278673369,-0.31090401891124025,0.019211481069546475,0.0,0.01151939440337902,-0.16510107944608493,0.010127097557476082,-0.19498500069452893,pSYK,p4EBP1
4,UPN4,BCR-Crosslink,pERK1/2,0.02972207777199977,0.1323407829948962,0.022393248251756134,0.0,0.011501174614417055,-0.1966842794776323,0.009515695869055792,-0.2325371821894556,pSYK,p4EBP1
4,UPN4,BCR-Crosslink,pIKAROS,0.5639105564222568,0.8436416472535353,0.3555423808051707,0.0,0.3333276161212897,-0.08994320085471948,0.32518251774460866,-0.12292109774897932,pSYK,p4EBP1
4,UPN4,BEZ-235,pS6,0.2012015401788514,-0.06398488277746171,0.21403391653608053,0.0,0.1921266473438854,-0.10923417551163339,0.19579627951881562,-0.09093663045739753,pSYK,pSTAT5
4,UPN4,BEZ-235,p4EBP1,0.0015928559782267876,-0.15322104473067494,0.004751851678646686,0.0,0.0003879487249833745,-0.2116627666111397,0.000865974069987523,-0.18847706149620672,pSYK,pSTAT5
4,UPN4,BEZ-235,pSTAT5,0.001003373844552307,-0.18313377346813578,0.01062200592078275,0.0,-0.0007042958485123478,-0.21564692006212252,0.0005438779718815855,-0.19188233692168263,pSYK,pSTAT5
4,UPN4,BEZ-235,pSYK,0.0023203020155272104,-0.19396282761781705,0.014966303655510766,0.0,0.0009034633565108783,-0.21569412581029468,0.002550243327992179,-0.19043601586960068,pSYK,pSTAT5
4,UPN4,BEZ-235,pPLCγ2,0.0009030364600970764,-0.16157563498949304,0.0014465623816233178,0.0,0.0008058295469109253,-0.19047263530056763,0.0008869000221093931,-0.16637256391425753,pSYK,pSTAT5
4,UPN4,BEZ-235,pAKT,0.0023704707077548256,-0.2676483767971742,0.011479587587824065,0.0,0.007830447177745913,-0.1072207679758049,0.008438403182075645,-0.08935751735938383,pSYK,pSTAT5
4,UPN4,BEZ-235,pERK1/2,0.0058948213367448045,-0.08321626266777009,0.00717956912156112,0.0,0.004523555870026815,-0.1720364876288596,0.004903903927928556,-0.1474004117658817,pSYK,pSTAT5
4,UPN4,BEZ-235,pIKAROS,0.43043483713988284,0.319861500637643,0.3523695510479204,0.0,0.33051785441478626,-0.08953424532793007,0.33326982347917683,-0.0782584401818709,pSYK,pSTAT5
4,UPN4,Dasatinib,pS6,0.22665233355879796,0.311950858146882,0.17480002076052037,0.0,0.15584567201866234,-0.11403204672163232,0.15584567201866234,-0.11403204672163232,pSYK,pSYK
4,UPN4,Dasatinib,p4EBP1,0.0023915354140496667,-0.2502125038995139,0.017673154161868095,0.0,0.005143998426694486,-0.20514524540747897,0.005143998426694486,-0.20514524540747897,pSYK,pSYK
4,UPN4,Dasatinib,pSTAT5,0.0011353753985892357,-0.1775477114317435,0.0070031373513993805,0.0,-0.00012538214996701044,-0.21569592180848768,-0.00012538214996701044,-0.21569592180848768,pSYK,pSYK
4,UPN4,Dasatinib,pSYK,0.001304473862208909,-0.1851008745333768,0.008669204219761861,0.0,9.364151233505306e-05,-0.21553323471409955,9.364151233505306e-05,-0.21553323471409955,pSYK,pSYK
4,UPN4,Dasatinib,pPLCγ2,0.0008092569330370084,-0.06066124954762055,0.0009618907187202614,0.0,0.0004569066157494152,-0.20069584562008844,0.0004569066157494152,-0.20069584562008844,pSYK,pSYK
4,UPN4,Dasatinib,pAKT,0.00256063387766934,-0.2740100139117581,0.009298347496511128,0.0,0.006521266413365411,-0.11293861230594202,0.006521266413365411,-0.11293861230594202,pSYK,pSYK
4,UPN4,Dasatinib,pERK1/2,0.006474055464296067,0.05359436414270459,0.005866720124326089,0.0,0.004097900969704072,-0.15608961250318384,0.004097900969704072,-0.15608961250318384,pSYK,pSYK
4,UPN4,Dasatinib,pIKAROS,0.3758454923180984,0.20479617077140677,0.32592908674197957,0.0,0.3038332465018103,-0.09065443352612633,0.3038332465018103,-0.09065443352612633,pSYK,pSYK
4,UPN4,IL-7,pS6,0.28233016543470607,0.07267666175861544,0.2670188312085904,0.0,0.24547802661424004,-0.10224541809307643,0.24908666720126224,-0.08511667232354733,pSYK,pSTAT5
4,UPN4,IL-7,p4EBP1,0.0025812507333098675,-0.24557517933665968,0.02689517814171467,0.0,0.006091624406607907,-0.2101197537331079,0.008419060655432856,-0.18661221566246888,pSYK,pSTAT5
4,UPN4,IL-7,pSTAT5,0.00251085298603778,-0.167191159215613,0.01938890681249041,0.0,-0.0023540205535436676,-0.21538177733327868,5.027195634799836e-05,-0.1915652605739712,pSYK,pSTAT5
4,UPN4,IL-7,pSYK,0.0027455121436114043,-0.1904759806007439,0.015529806828132924,0.0,0.0010478208596634616,-0.21577025142655934,0.002747980458472467,-0.1904392046420231,pSYK,pSTAT5
4,UPN4,IL-7,pPLCγ2,0.0012084946615041653,-0.0800178691776306,0.0014585895440541504,0.0,0.0008370334127094778,-0.19886691281878516,0.0009148963274070384,-0.1739546696791712,pSYK,pSTAT5
4,UPN4,IL-7,pAKT,0.002780711017247448,-0.2683656146813656,0.010664861259827612,0.0,0.007014474537045012,-0.1242541360251466,0.007603314996567367,-0.10421081784793497,pSYK,pSTAT5
4,UPN4,IL-7,pERK1/2,0.008037076146896633,-0.07860998773281722,0.010140189746513381,0.0,0.004920269910329392,-0.1951096861165696,0.005605129898384507,-0.16951105213430606,pSYK,pSTAT5
4,UPN4,IL-7,pIKAROS,0.3998709374633345,0.22828237672777765,0.3441609074174453,0.0,0.3218826084523374,-0.09128954037572093,0.32469713551901286,-0.07975648380375186,pSYK,pSTAT5
4,UPN4,Pervanadate,pS6,0.5937488871214729,0.8300981829880572,0.3885341846206822,0.0,0.36755789109030995,-0.0848495889095423,0.36028430265910516,-0.1142714211026952,pSYK,p4EBP1
4,UPN4,Pervanadate,p4EBP1,0.002730261986443656,-0.21376954945823554,0.02634782472389494,0.0,0.0027333993549257286,-0.213741152207666,-0.0020130642936511227,-0.2567027993071441,pSYK,p4EBP1
4,UPN4,Pervanadate,pSTAT5,0.4246981873434551,0.6301418154060394,0.26521184999600866,0.0,0.23975890712672238,-0.1005663801290818,0.23360227413280563,-0.12489167316734175,pSYK,p4EBP1
4,UPN4,Pervanadate,pSYK,0.2320960102562885,0.85795818352549,0.10118721992440036,0.0,0.07456382158759065,-0.17448608621632627,0.07053710505174789,-0.20087663184664636,pSYK,p4EBP1
4,UPN4,Pervanadate,pPLCγ2,0.7216675965385027,1.384758436621239,0.36299843569720375,0.0,0.3402387937214451,-0.08787096768087028,0.3352429976931867,-0.1071588559440898,pSYK,p4EBP1
4,UPN4,Pervanadate,pAKT,0.004973825097043008,-0.2196025507527625,0.022724602239628168,0.0,0.0057429093534684394,-0.21008787637551327,0.002874974060679436,-0.2455683458012374,pSYK,p4EBP1
4,UPN4,Pervanadate,pERK1/2,0.02572381619401479,-0.04604856297795706,0.02981393458331714,0.0,0.011337014492039998,-0.2080222471523574,0.007814426604415583,-0.2476812728208857,pSYK,p4EBP1
4,UPN4,Pervanadate,pIKAROS,0.39715815339324084,0.24842070183173728,0.3337925763914619,0.0,0.3106350644565002,-0.090787548062547,0.3021922050295905,-0.12388723978066594,pSYK,p4EBP1
4,UPN4,TSLP,pS6,0.2582813556295361,-0.17029338613503175,0.2960621025607279,0.0,0.2732229372950306,-0.10294552399074279,0.2732229372950306,-0.10294552399074279,pSYK,pSYK
4,UPN4,TSLP,p4EBP1,0.002589318741310476,-0.2417341840927875,0.02830478187555336,0.0,0.005894006645409018,-0.21066898297203449,0.005894006645409018,-0.21066898297203449,pSYK,pSYK
4,UPN4,TSLP,pSTAT5,0.001811247592443781,-0.21184681306920888,0.030288114498969808,0.0,0.0015461557132144636,-0.21381890044699509,0.0015461557132144636,-0.21381890044699509,pSYK,pSYK
4,UPN4,TSLP,pSYK,0.0028571793007563873,-0.18613695950443707,0.0173204442521408,0.0,0.0005550205171528447,-0.21576490573350615,0.0005550205171528447,-0.21576490573350615,pSYK,pSYK
4,UPN4,TSLP,pPLCγ2,0.0012245054146098801,-0.06425829038994608,0.0014744066755474686,0.0,0.0006717671577734788,-0.2063864864789467,0.0006717671577734788,-0.2063864864789467,pSYK,pSYK
4,UPN4,TSLP,pAKT,0.00307401880126022,-0.2592273290486919,0.012386973204158271,0.0,0.007525460593237436,-0.13532085251844184,0.007525460593237436,-0.13532085251844184,pSYK,pSYK
4,UPN4,TSLP,pERK1/2,0.00895419584433475,-0.13226930416337906,0.015521561235586545,0.0,0.005297779518558934,-0.20591095714437788,0.005297779518558934,-0.20591095714437788,pSYK,pSYK
4,UPN4,TSLP,pIKAROS,0.4195334124159747,0.3224212567644832,0.34293331207987837,0.0,0.32029098976152015,-0.09530491456172956,0.32029098976152015,-0.09530491456172956,pSYK,pSYK
4,UPN4,Tofacitinib,pS6,0.27502855717343067,0.14637150861261,0.24543412651865554,0.0,0.2242036808756817,-0.10500395812746226,0.2242036808756817,-0.10500395812746226,pSYK,pSYK
4,UPN4,Tofacitinib,p4EBP1,0.002639076717041083,-0.22664307987975868,0.025095251108309805,0.0,0.0041184947720691485,-0.2117117804260257,0.0041184947720691485,-0.2117117804260257,pSYK,pSYK
4,UPN4,Tofacitinib,pSTAT5,0.0011291572023160853,-0.1754656001174518,0.011697077829476002,0.0,-0.0012852461148937459,-0.21555340375698784,-0.0012852461148937459,-0.21555340375698784,pSYK,pSYK
4,UPN4,Tofacitinib,pSYK,0.0024552604282919526,-0.19106670560364228,0.015273126613996109,0.0,0.0008006760745839885,-0.21573040368147842,0.0008006760745839885,-0.21573040368147842,pSYK,pSYK
4,UPN4,Tofacitinib,pPLCγ2,0.00085343276919239,-0.15999962234365722,0.0015142449809209357,0.0,0.0006681368284513096,-0.20486453254686687,0.0006681368284513096,-0.20486453254686687,pSYK,pSYK
4,UPN4,Tofacitinib,pAKT,0.0023239630791854313,-0.2758989576280386,0.011291802223771187,0.0,0.007705425319783386,-0.11033623970261489,0.007705425319783386,-0.11033623970261489,pSYK,pSYK
4,UPN4,Tofacitinib,pERK1/2,0.006840591888449772,-0.07484276651109593,0.008140009910294132,0.0,0.005083784658961138,-0.17602984493486426,0.005083784658961138,-0.17602984493486426,pSYK,pSYK
4,UPN4,Tofacitinib,pIKAROS,0.3760356078410777,0.17909040718789962,0.33264617100660565,0.0,0.310140302978373,-0.09289323308504205,0.310140302978373,-0.09289323308504205,pSYK,pSYK
5,UPN5,BCR-Crosslink,pS6,0.0707937283753714,-1.1548383734809924,0.3399645434339247,0.0,0.32605891473080145,-0.05966008473189095,0.32983916017702697,-0.04344148948214833,pSYK,p4EBP1
5,UPN5,BCR-Crosslink,p4EBP1,0.037660617129921414,-0.05472790767217156,0.0442972618938524,0.0,0.028136791525757043,-0.13326443733295837,0.033368713586926495,-0.09012032495438947,pSYK,p4EBP1
5,UPN5,BCR-Crosslink,pSTAT5,0.04195660282711873,-0.4559198663075068,0.12481314128810933,0.0,0.10792237277552585,-0.09294181322471862,0.11338407073924242,-0.06288870393869661,pSYK,p4EBP1
5,UPN5,BCR-Crosslink,pSYK,0.023473574543069187,-0.3128899712755644,0.05569521501715002,0.0,0.04379778977291935,-0.11553058715042659,0.04809552126784535,-0.07379723452739119,pSYK,p4EBP1
5,UPN5,BCR-Crosslink,pPLCγ2,0.1524946300178785,-0.286797112750782,0.21440367878375044,0.0,0.2004482443438533,-0.06464932646084658,0.20506993712576757,-0.04323907751829082,pSYK,p4EBP1
5,UPN5,BCR-Crosslink,pAKT,0.0044374702560870515,-0.31726471989645655,0.019218200628211276,0.0,0.014179162004589279,-0.10816171712907711,0.015932181763192752,-0.07053358180125877,pSYK,p4EBP1
5,UPN5,BCR-Crosslink,pERK1/2,0.003459940576485266,-0.3533582657221061,0.023003995628396008,0.0,0.015887880685155495,-0.12865999549959287,0.01836138484433008,-0.0839388187724071,pSYK,p4EBP1
5,UPN5,BCR-Crosslink,pIKAROS,0.6874734716452082,1.373669503586121,0.35266882463719507,0.0,0.33811815466368417,-0.059699922859433305,0.3417536872662133,-0.04478370138516028,pSYK,p4EBP1
5,UPN5,BEZ-235,pS6,0.03133083887657059,-0.9401707423920718,0.21798439796171498,0.0,0.20372092012855816,-0.07184489065849918,0.20619803924577296,-0.05936768459374336,pSYK,pSTAT5
5,UPN5,BEZ-235,p4EBP1,0.002760070214338507,-0.09527500142586488,0.004724707161527808,0.0,0.0018665496032184937,-0.13860625284119127,0.002199430519721821,-0.12246320420318668,pSYK,pSTAT5
5,UPN5,BEZ-235,pSTAT5,0.003972653362897266,-0.12525949792394458,0.010552952908728219,0.0,0.0031344208199438964,-0.14121569972639483,0.004003322727734863,-0.12467569026983291,pSYK,pSTAT5
5,UPN5,BEZ-235,pSYK,0.006247690317812269,-0.13229319560014866,0.014874969043829716,0.0,0.005663763238669231,-0.14124730288595252,0.006805694484688901,-0.12373659777380426,pSYK,pSTAT5
5,UPN5,BEZ-235,pPLCγ2,0.0012125831485587583,-0.06739882875691522,0.0014393636214265345,0.0,0.001019627121266757,-0.12474508117720536,0.0010755915238296685,-0.10811254162420797,pSYK,pSTAT5
5,UPN5,BEZ-235,pAKT,0.0016976164079822616,-0.2879159169863865,0.011495235362237382,0.0,0.009104411533974566,-0.07025750216262881,0.009518182247107314,-0.05809830564254087,pSYK,pSTAT5
5,UPN5,BEZ-235,pERK1/2,0.001385809312638581,-0.38268770342414865,0.007284429866307776,0.0,0.005547515334645417,-0.11268665734947632,0.0058076061908660945,-0.09581261509788624,pSYK,pSTAT5
5,UPN5,BEZ-235,pIKAROS,0.5516444937176644,0.833728484306744,0.34955072182518127,0.0,0.33520679042189994,-0.059175223837278856,0.3371139694133486,-0.05130724534911404,pSYK,pSTAT5
5,UPN5,Dasatinib,pS6,0.028321694280889133,-0.9167910342445418,0.1794123612088438,0.0,0.16711153793259886,-0.07463918667368998,0.16711153793259886,-0.07463918667368998,pSYK,pSYK
5,UPN5,Dasatinib,p4EBP1,0.012711671002784244,-0.07725593612270895,0.01743315100864171,0.0,0.009222263397943364,-0.13435189982291404,0.009222263397943364,-0.13435189982291404,pSYK,pSYK
5,UPN5,Dasatinib,pSTAT5,0.0033205531973161716,-0.10986572348909418,0.006952319263056894,0.0,0.0022831565465933562,-0.14124834327068506,0.0022831565465933562,-0.14124834327068506,pSYK,pSYK
5,UPN5,Dasatinib,pSYK,0.003902505819526222,-0.11825701044462042,0.008608784871917272,0.0,0.0029917518394203344,-0.14114197789744123,0.0029917518394203344,-0.14114197789744123,pSYK,pSYK
5,UPN5,Dasatinib,pPLCγ2,0.0004678442649139623,-0.19958831732505017,0.0009698305482114953,0.0,0.0006393692459105943,-0.1313904731300966,0.0006393692459105943,-0.1313904731300966,pSYK,pSYK
5,UPN5,Dasatinib,pAKT,0.0012894244374457985,-0.3270309284752963,0.009327910506748884,0.0,0.007508848662430278,-0.07400516450146362,0.007508848662430278,-0.07400516450146362,pSYK,pSYK
5,UPN5,Dasatinib,pERK1/2,0.0013350677803642338,-0.41123539176532914,0.005986231465812876,0.0,0.004830884027322849,-0.1021507279950064,0.004830884027322849,-0.1021507279950064,pSYK,pSYK
5,UPN5,Dasatinib,pIKAROS,0.4867291980464649,0.6735073860219879,0.32335039591108733,0.0,0.3088446468283294,-0.05979802164863364,0.3088446468283294,-0.05979802164863364,pSYK,pSYK
5,UPN5,IL-7,pS6,0.0427495092680748,-1.1063191633874592,0.2725904743752563,0.0,0.25860716615425905,-0.06730741774090858,0.26103395904716975,-0.05562626472387539,pSYK,pSTAT5
5,UPN5,IL-7,p4EBP1,0.026117517072769374,-0.0023245035118646647,0.026347823110564453,0.0,0.012711571095620435,-0.13763215242152133,0.014332430038741514,-0.12127264946800084,pSYK,pSTAT5
5,UPN5,IL-7,pSTAT5,0.005900537160454647,-0.13281671547866875,0.019310076947969088,0.0,0.005070330366476361,-0.14103961807573917,0.006743343289700618,-0.12446902095331552,pSYK,pSTAT5
5,UPN5,IL-7,pSYK,0.008474675881848208,-0.10310005294351349,0.015396570462127418,0.0,0.005910075925981957,-0.1412991887671159,0.007089001531361369,-0.12373935873483327,pSYK,pSTAT5
5,UPN5,IL-7,pPLCγ2,0.0028092198831646624,0.4450335993663649,0.0014213633761085574,0.0,0.0010136356026476678,-0.13074302542258295,0.001067542241146941,-0.11345718553992769,pSYK,pSTAT5
5,UPN5,IL-7,pAKT,0.0017043384228404856,-0.30593254014077165,0.010689893180627774,0.0,0.008298747907952762,-0.08141168429039823,0.008700002815080364,-0.06775009785633748,pSYK,pSTAT5
5,UPN5,IL-7,pERK1/2,0.00159855190004349,-0.3252414492885495,0.010289922868533224,0.0,0.006875272457211231,-0.12778028375713077,0.00734597733310282,-0.11016594689621441,pSYK,pSTAT5
5,UPN5,IL-7,pIKAROS,0.6931368054820927,1.4944378936946443,0.3373407709518928,0.0,0.3226297799001634,-0.061790071692441044,0.3245992263629168,-0.053517873191330986,pSYK,pSTAT5
5,UPN5,Pervanadate,pS6,0.13250481358305619,-1.085050158451358,0.39926079098204076,0.0,0.3857997831712735,-0.05475366962871125,0.3892290113964105,-0.04080502388389472,pSYK,p4EBP1
5,UPN5,Pervanadate,p4EBP1,0.016678752719361856,-0.08454363828978251,0.026023441218478233,0.0,0.010551813298780636,-0.13997552884943137,0.015769386182487584,-0.09277089547161371,pSYK,p4EBP1
5,UPN5,Pervanadate,pSTAT5,0.10184791578105074,-0.6755893745717059,0.2727199958462972,0.0,0.25625091797300825,-0.06511499137799139,0.26142935204887324,-0.04464063982074133,pSYK,p4EBP1
5,UPN5,Pervanadate,pSYK,0.020917206371433572,-0.5555290952438116,0.10609835489846677,0.0,0.08880260187713016,-0.11279836200440815,0.09512051206530418,-0.07159460986723067,pSYK,p4EBP1
5,UPN5,Pervanadate,pPLCγ2,0.293403515791053,-0.3008312447497539,0.37295806548202803,0.0,0.3583515859137524,-0.05523361576433755,0.3631533860073544,-0.03707586734128707,pSYK,p4EBP1
5,UPN5,Pervanadate,pAKT,0.003063189217573954,-0.24382135495528828,0.022769035632173962,0.0,0.011648543392228584,-0.13759436812134962,0.015594283185652313,-0.08877354599108128,pSYK,p4EBP1
5,UPN5,Pervanadate,pERK1/2,0.005676277162361532,-0.2772433238845524,0.03028015642126256,0.0,0.0181928518640899,-0.13620309451905227,0.022337703205165392,-0.08949776196904842,pSYK,p4EBP1
5,UPN5,Pervanadate,pIKAROS,0.6935810557375409,1.4723048535690444,0.3268990205229898,0.0,0.31161282844180344,-0.06137724958505489,0.3154472857386184,-0.04598110375096548,pSYK,p4EBP1
5,UPN5,TSLP,pS6,0.04343645385692918,-1.1794546724981076,0.3010584956252071,0.0,0.28620032177038285,-0.0680242360380965,0.28620032177038285,-0.0680242360380965,pSYK,pSYK
5,UPN5,TSLP,p4EBP1,0.02754101474393979,-0.0017237458187845933,0.027724509875492208,0.0,0.013035071111038712,-0.13799199159289902,0.013035071111038712,-0.13799199159289902,pSYK,pSYK
5,UPN5,TSLP,pSTAT5,0.006588475509864906,-0.1754525344095683,0.03017701617530885,0.0,0.011351847029172041,-0.14002238138526024,0.011351847029172041,-0.14002238138526024,pSYK,pSYK
5,UPN5,TSLP,pSYK,0.008701536123839598,-0.10914417609134745,0.017184528977185375,0.0,0.006202717360003008,-0.141294564509154,0.006202717360003008,-0.141294564509154,pSYK,pSYK
5,UPN5,TSLP,pPLCγ2,0.0019943493435266744,0.13832302088944146,0.001456503328363357,0.0,0.0009306270176877807,-0.13524465712505526,0.0009306270176877807,-0.13524465712505526,pSYK,pSYK
5,UPN5,TSLP,pAKT,0.001614473278093022,-0.300880285763881,0.012420916123301694,0.0,0.009236740882945179,-0.08865595922394781,0.009236740882945179,-0.08865595922394781,pSYK,pSYK
5,UPN5,TSLP,pERK1/2,0.0015432465158242124,-0.2852114144265086,0.015693908894389114,0.0,0.009002854879480443,-0.1348604700290934,0.009002854879480443,-0.1348604700290934,pSYK,pSYK
5,UPN5,TSLP,pIKAROS,0.7080533725871935,1.6096278415287408,0.33622354556426864,0.0,0.32128165812064946,-0.06468248721949718,0.32128165812064946,-0.06468248721949718,pSYK,pSYK
5,UPN5,Tofacitinib,pS6,0.03435744962008589,-1.0859832083386136,0.25103112901989616,0.0,0.23725503347020857,-0.06904672724841412,0.23725503347020857,-0.06904672724841412,pSYK,pSYK
5,UPN5,Tofacitinib,p4EBP1,0.01070917299856844,-0.14324860895216351,0.024907574450599865,0.0,0.011165789311054601,-0.13864177685141665,0.011165789311054601,-0.13864177685141665,pSYK,pSYK
5,UPN5,Tofacitinib,pSTAT5,0.0035789010020922806,-0.13382505433846661,0.011640107043434694,0.0,0.0031374775904701273,-0.1411531776668673,0.0031374775904701273,-0.1411531776668673,pSYK,pSYK
5,UPN5,Tofacitinib,pSYK,0.005492236537826231,-0.14471770914989715,0.015202499262611592,0.0,0.005723526315458411,-0.14127066268808702,0.005723526315458411,-0.14127066268808702,pSYK,pSYK
5,UPN5,Tofacitinib,pPLCγ2,0.0012939103622949014,-0.05085480666916865,0.0015040013159650632,0.0,0.0009497247205415056,-0.13416869507748536,0.0009497247205415056,-0.13416869507748536,pSYK,pSYK
5,UPN5,Tofacitinib,pAKT,0.0010048452813566787,-0.3175169399207514,0.011322479381860227,0.0,0.008973087415285904,-0.07230065930179365,0.008973087415285904,-0.07230065930179365,pSYK,pSYK
5,UPN5,Tofacitinib,pERK1/2,0.0015554454355247219,-0.38697867590186824,0.008262920292920296,0.0,0.006264375197385144,-0.1153033520427783,0.006264375197385144,-0.1153033520427783,pSYK,pSYK
5,UPN5,Tofacitinib,pIKAROS,0.4503771611056051,0.4942871268375934,0.3309172976748725,0.0,0.3161589939626096,-0.0610651923535878,0.3161589939626096,-0.0610651923535878,pSYK,pSYK
6,UPN6,BCR-Crosslink,pS6,0.30400677732107556,-0.1290410651868861,0.33454098415611755,0.0,0.3116441528077381,-0.09676463916555855,0.3052780505891302,-0.12366851834001275,pSYK,p4EBP1
6,UPN6,BCR-Crosslink,p4EBP1,0.005720979364730737,-0.3246236229968603,0.045040044167461483,0.0,0.018669102810211773,-0.2177221296635112,0.013634001529816225,-0.2592926204165012,pSYK,p4EBP1
6,UPN6,BCR-Crosslink,pSTAT5,0.05384205076715509,-0.38874336485118954,0.12453673552206196,0.0,0.0969530136471374,-0.15168026979614274,0.09169768485728994,-0.18057882425249927,pSYK,p4EBP1
6,UPN6,BCR-Crosslink,pSYK,0.010375158189785908,-0.4435488116400108,0.0559998293509473,0.0,0.03658532671392138,-0.1887417345500819,0.03417483021866652,-0.21217582905908197,pSYK,p4EBP1
6,UPN6,BCR-Crosslink,pPLCγ2,0.1063767479317666,-0.5064306510653871,0.21547618766947396,0.0,0.1927543056640886,-0.1054731126491853,0.18874805669523784,-0.12406979177515427,pSYK,p4EBP1
6,UPN6,BCR-Crosslink,pAKT,0.0009412945938313828,-0.3943051414726477,0.019299507038961404,0.0,0.011074612642450079,-0.17665762166698884,0.00985981183284527,-0.20274960674037099,pSYK,p4EBP1
6,UPN6,BCR-Crosslink,pERK1/2,0.005198037923713303,-0.32112146986036744,0.02296357475985582,0.0,0.011339238422415276,-0.21011602437118962,0.009613761585133825,-0.24130493035857253,pSYK,p4EBP1
6,UPN6,BCR-Crosslink,pIKAROS,0.2599332726721262,-0.4131421604477814,0.36261161996215047,0.0,0.33921185109010205,-0.09415257764590121,0.331552774920571,-0.12497005142911645,pSYK,p4EBP1
6,UPN6,BEZ-235,pS6,0.05362087326943557,-0.8233446218168302,0.21746602506885765,0.0,0.19421364417186493,-0.11684644034760433,0.1989408993547338,-0.09309132713231938,pSYK,pSTAT5
6,UPN6,BEZ-235,p4EBP1,5.3248136315228964e-05,-0.229711620639104,0.004787656512179513,0.0,0.0001202908965007108,-0.2264587324487154,0.0008129721423264869,-0.19285011254678197,pSYK,pSTAT5
6,UPN6,BEZ-235,pSTAT5,0.0006283280085197018,-0.19044656232476462,0.010630727916969557,0.0,-0.0014877039091673316,-0.23073599367938732,0.00031897206401153115,-0.19633672635595284,pSYK,pSTAT5
6,UPN6,BEZ-235,pSYK,0.0009691160809371672,-0.21519083590583815,0.014997726584222161,0.0,-4.7441780662646135e-05,-0.2307842502310196,0.0022946768332368205,-0.19485749453432177,pSYK,pSTAT5
6,UPN6,BEZ-235,pPLCγ2,0.00025559105431309905,-0.3589477482754166,0.0014616192515252708,0.0,0.0007768748098260414,-0.2037991118783148,0.0008895606579846245,-0.17026064938421356,pSYK,pSTAT5
6,UPN6,BEZ-235,pAKT,0.0006070287539936102,-0.320784077031606,0.011520597865818511,0.0,0.007618833656040796,-0.11468510603670048,0.008410561294963856,-0.09141374381687777,pSYK,pSTAT5
6,UPN6,BEZ-235,pERK1/2,0.0005324813631522897,-0.43957517672096547,0.00730427470234234,0.0,0.0044691620425158975,-0.1840347284750591,0.0049807015049444184,-0.15082933688470393,pSYK,pSTAT5
6,UPN6,BEZ-235,pIKAROS,0.30938232161874335,-0.18752257663235422,0.35518472582748173,0.0,0.33195053376631534,-0.09512460397110929,0.335751174575486,-0.07956415535051532,pSYK,pSTAT5
6,UPN6,Dasatinib,pS6,0.06284083041701045,-0.6996448067618247,0.17860959060102705,0.0,0.15853242910394993,-0.12133568463219854,0.15853242910394993,-0.12133568463219854,pSYK,pSYK
6,UPN6,Dasatinib,p4EBP1,0.0005595546324484783,-0.2809591799883612,0.01771575836609138,0.0,0.004312535804724809,-0.21949835048056074,0.004312535804724809,-0.21949835048056074,pSYK,pSYK
6,UPN6,Dasatinib,pSTAT5,0.00041729498013106856,-0.19980030679403224,0.007019836896014687,0.0,-0.0006066311769972839,-0.23078545810924359,-0.0006066311769972839,-0.23078545810924359,pSYK,pSYK
6,UPN6,Dasatinib,pSYK,0.00032245521191946204,-0.21038079845422591,0.00869204186279185,0.0,-0.00048237394774565054,-0.2306112600400369,-0.00048237394774565054,-0.2306112600400369,pSYK,pSYK
6,UPN6,Dasatinib,pPLCγ2,0.00018967953642321298,-0.31296904856399155,0.0009762994953856984,0.0,0.0004367453730290074,-0.21467004288255837,0.0004367453730290074,-0.21467004288255837,pSYK,pSYK
6,UPN6,Dasatinib,pAKT,0.0006638783774812454,-0.353144726069118,0.009342458089538758,0.0,0.006373816778731932,-0.12079857042112706,0.006373816778731932,-0.12079857042112706,pSYK,pSYK
6,UPN6,Dasatinib,pERK1/2,0.0006164584933754422,-0.47656926354390067,0.006002943309696338,0.0,0.004117649650007258,-0.16680136333804607,0.004117649650007258,-0.16680136333804607,pSYK,pSYK
6,UPN6,Dasatinib,pIKAROS,0.25155300120446505,-0.3172242846575492,0.3288196097911339,0.0,0.30533060267655954,-0.09643601052942478,0.30533060267655954,-0.09643601052942478,pSYK,pSYK
6,UPN6,IL-7,pS6,0.14899301893425745,-0.5771271176202186,0.27011969508069394,0.0,0.24723897069508283,-0.10901881347562159,0.251893438879436,-0.08684186705266173,pSYK,pSTAT5
6,UPN6,IL-7,p4EBP1,0.0008337100095424639,-0.2636643544422375,0.026935818623662754,0.0,0.004679215491652157,-0.22481987887002103,0.008032507002118331,-0.1909473877837871,pSYK,pSTAT5
6,UPN6,IL-7,pSTAT5,0.000713173622620662,-0.18542665756434024,0.019430713309314063,0.0,-0.003831607326770105,-0.23044985799098203,-0.0003552622731809313,-0.19601119486445853,pSYK,pSTAT5
6,UPN6,IL-7,pSYK,0.0010245592888353172,-0.21674007056581954,0.015569828987546323,0.0,7.663769947969384e-05,-0.2308651157814479,0.00249285805054982,-0.19486084908573184,pSYK,pSTAT5
6,UPN6,IL-7,pPLCγ2,0.00031138566621465523,-0.374303838951072,0.001479452543944604,0.0,0.0008155229448708301,-0.2127544256793953,0.0009239582408443164,-0.17800663140964343,pSYK,pSTAT5
6,UPN6,IL-7,pAKT,0.000652905429159761,-0.34265807003227194,0.010714345110713374,0.0,0.006811612646003563,-0.13291366012575043,0.007583784350712707,-0.1066161446166868,pSYK,pSTAT5
6,UPN6,IL-7,pERK1/2,0.0005725478378785596,-0.3646436150974543,0.010313783428118454,0.0,0.004737916438817791,-0.20872139652574415,0.005680271574411579,-0.17344622222518005,pSYK,pSTAT5
6,UPN6,IL-7,pIKAROS,0.23987745467329616,-0.44330978673802574,0.3478816860869811,0.0,0.3242425470626433,-0.09702825104518903,0.328111975862575,-0.08114595056822532,pSYK,pSTAT5
6,UPN6,Pervanadate,pS6,0.3463874159433599,-0.1923018611998604,0.3942867769736616,0.0,0.37214020733652803,-0.08891197019765919,0.36532422273579174,-0.11627614576154607,pSYK,p4EBP1
6,UPN6,Pervanadate,p4EBP1,0.002024271509119096,-0.2203155611259463,0.026364243107088535,0.0,0.0010984839177055096,-0.22869541530386728,-0.0031265733836519476,-0.26693892213751946,pSYK,p4EBP1
6,UPN6,Pervanadate,pSTAT5,0.07877872243781536,-0.7701297935686986,0.27325648871474445,0.0,0.24644924324264422,-0.10615639420794347,0.24097391214794148,-0.12783864450528215,pSYK,p4EBP1
6,UPN6,Pervanadate,pSYK,0.033069684312389526,-0.47397030509526566,0.10581573913239802,0.0,0.07757083767074165,-0.18402708705359075,0.07427810469603963,-0.20548058932911903,pSYK,p4EBP1
6,UPN6,Pervanadate,pPLCγ2,0.15838690246961123,-0.8289458468874377,0.37609798672206163,0.0,0.3524339802549776,-0.09010188869786967,0.3481874284262986,-0.10627084727001956,pSYK,p4EBP1
6,UPN6,Pervanadate,pAKT,0.0009479515359777232,-0.27064532117646817,0.022818227206164568,0.0,0.004653575238228236,-0.22478811607402535,0.0021839718460801363,-0.2553495325520787,pSYK,p4EBP1
6,UPN6,Pervanadate,pERK1/2,0.004107789989236801,-0.2953640838258534,0.030316632867149182,0.0,0.010573359297738814,-0.22249947991662627,0.007476248015172882,-0.25740279254065407,pSYK,p4EBP1
6,UPN6,Pervanadate,pIKAROS,0.27463933406404595,-0.243069485525443,0.3366418512595827,0.0,0.31201344322217806,-0.09655115214247398,0.30398773699415294,-0.12801445995741598,pSYK,p4EBP1
6,UPN6,TSLP,pS6,0.14150508311443524,-0.7128310018059754,0.2987778298285209,0.0,0.27449097949266205,-0.11007895657278255,0.27449097949266205,-0.11007895657278255,pSYK,pSYK
6,UPN6,TSLP,p4EBP1,0.0009524573399370376,-0.25750263048777466,0.028342848419771343,0.0,0.0043664129231513645,-0.225407340556214,0.0043664129231513645,-0.225407340556214,pSYK,pSYK
6,UPN6,TSLP,pSTAT5,0.0005714744039622225,-0.22129482055660918,0.03031694643358566,0.0,-0.0004344457436419487,-0.22877847784524294,-0.0004344457436419487,-0.22877847784524294,pSYK,pSYK
6,UPN6,TSLP,pSYK,0.0011228970744520863,-0.2089975437936857,0.017360776396938574,0.0,-0.0005756506668957717,-0.23085953075071503,-0.0005756506668957717,-0.23085953075071503,pSYK,pSYK
6,UPN6,TSLP,pPLCγ2,0.00012031040083415212,-0.3552917110530695,0.0015000856293562062,0.0,0.0006426523613870463,-0.22078881153483368,0.0006426523613870463,-0.22078881153483368,pSYK,pSYK
6,UPN6,TSLP,pAKT,0.0006216037376431192,-0.32923559068721875,0.012444006112614484,0.0,0.007245840835236586,-0.14476084989379728,0.007245840835236586,-0.14476084989379728,pSYK,pSYK
6,UPN6,TSLP,pERK1/2,0.0008120952056305268,-0.30032157955461103,0.01571091241323083,0.0,0.004781898386408006,-0.22030062586683588,0.004781898386408006,-0.22030062586683588,pSYK,pSYK
6,UPN6,TSLP,pIKAROS,0.2421848368791482,-0.44189310158527045,0.34705769755747895,0.0,0.32304949088571133,-0.10116116639773946,0.32304949088571133,-0.10116116639773946,pSYK,pSYK
6,UPN6,Tofacitinib,pS6,0.15837517115472388,-0.4449141937831769,0.24814699596095108,0.0,0.22557590638498848,-0.11186358462884526,0.22557590638498848,-0.11186358462884526,pSYK,pSYK
6,UPN6,Tofacitinib,p4EBP1,0.0011112654535352132,-0.24244227122956308,0.02513078160280994,0.0,0.0026884113240917447,-0.2265232650122127,0.0026884113240917447,-0.2265232650122127,pSYK,pSYK
6,UPN6,Tofacitinib,pSTAT5,0.0006449308435695434,-0.1836987937214004,0.011708338907586387,0.0,-0.0021819005449452682,-0.23063600449037774,-0.0021819005449452682,-0.23063600449037774,pSYK,pSYK
6,UPN6,Tofacitinib,pSYK,0.001240251622249122,-0.20961726863993688,0.01530138263274129,0.0,-0.0001822484918488458,-0.2308232860175374,-0.0001822484918488458,-0.2308232860175374,pSYK,pSYK
6,UPN6,Tofacitinib,pPLCγ2,0.00029766038933978924,-0.2979143787372312,0.001527169919987275,0.0,0.0006225564038450643,-0.21919095943639086,0.0006225564038450643,-0.21919095943639086,pSYK,pSYK
6,UPN6,Tofacitinib,pAKT,0.000813605064195424,-0.32355360376452974,0.011326926828770954,0.0,0.007491987998103099,-0.11802247725928068,0.007491987998103099,-0.11802247725928068,pSYK,pSYK
6,UPN6,Tofacitinib,pERK1/2,0.0009822792848213045,-0.4209496290307999,0.008276249738285491,0.0,0.005013525158001544,-0.18829836375987774,0.005013525158001544,-0.18829836375987774,pSYK,pSYK
6,UPN6,Tofacitinib,pIKAROS,0.34994939773381223,0.06889339315518861,0.3332528270556118,0.0,0.3092002208048509,-0.09924586855456136,0.3092002208048509,-0.09924586855456136,pSYK,pSYK
7,UPN7,BCR-Crosslink,pS6,0.42038455024379806,0.37476095684553995,0.3318345243207054,0.0,0.31488141484895515,-0.07174886128953063,0.4228953019040966,0.3853869468981258,pSYK,p4EBP1
7,UPN7,BCR-Crosslink,p4EBP1,0.14035103357906278,0.8180511287218653,0.041909112674104916,0.0,0.02238231177522577,-0.16226747069551256,0.13961719801318456,0.8119529643682611,pSYK,p4EBP1
7,UPN7,BCR-Crosslink,pSTAT5,0.3624435074833085,1.3745836342708415,0.11735995745889562,0.0,0.0968117058896093,-0.11524759747117898,0.21731982570052677,0.560638194424428,pSYK,p4EBP1
7,UPN7,BCR-Crosslink,pSYK,0.03566494032072596,-0.19161568992316255,0.055411694882785904,0.0,0.04108303857060892,-0.13904033476999147,0.12487636900536736,0.6740612192982852,pSYK,p4EBP1
7,UPN7,BCR-Crosslink,pPLCγ2,0.3691379264237897,0.7441968290372525,0.2093654625882641,0.0,0.19242077350220688,-0.07892588988204646,0.2916603696089397,0.3833176717719537,pSYK,p4EBP1
7,UPN7,BCR-Crosslink,pAKT,0.006409170729967999,-0.2738768532674914,0.01917234712881869,0.0,0.013105926296273928,-0.1301754513369671,0.04927992231595916,0.6460592327558017,pSYK,p4EBP1
7,UPN7,BCR-Crosslink,pERK1/2,0.021955198202936274,-0.011169504611044814,0.022573873358013426,0.0,0.013995851598790212,-0.15486681953688314,0.06481881467705285,0.7626863031173216,pSYK,p4EBP1
7,UPN7,BCR-Crosslink,pIKAROS,0.6138363210112049,1.0553032943684624,0.35438131651240445,0.0,0.33687570351688745,-0.07120206102709382,0.44865383638382506,0.38344259722763024,pSYK,p4EBP1
7,UPN7,BEZ-235,pS6,0.23578515041604436,0.11247760280400415,0.21322964653056442,0.0,0.1959368342235392,-0.08623412200894802,0.1959368342235392,-0.08623412200894802,pSYK,pSYK
7,UPN7,BEZ-235,p4EBP1,0.024633738709906833,1.001539467421263,0.004216017196514592,0.0,0.0007600051439682364,-0.16952589289840256,0.0007600051439682364,-0.16952589289840256,pSYK,pSYK
7,UPN7,BEZ-235,pSTAT5,0.008845387952492711,-0.03034209791070145,0.01043963349966786,0.0,0.0015054720114433574,-0.17003729639142234,0.0015054720114433574,-0.17003729639142234,pSYK,pSYK
7,UPN7,BEZ-235,pSYK,0.004204892966360856,-0.16436471107877815,0.014922475958979749,0.0,0.0038350531452464275,-0.17003656968577607,0.0038350531452464275,-0.17003656968577607,pSYK,pSYK
7,UPN7,BEZ-235,pPLCγ2,0.0008000853424365266,-0.1929168838207865,0.001448956593661935,0.0,0.0009439268840534297,-0.1501511395836895,0.0009439268840534297,-0.1501511395836895,pSYK,pSYK
7,UPN7,BEZ-235,pAKT,0.001724628404807624,-0.28710211381090395,0.011494607176264698,0.0,0.008617280073284096,-0.08455358120168509,0.008617280073284096,-0.08455358120168509,pSYK,pSYK
7,UPN7,BEZ-235,pERK1/2,0.00793862456439798,0.052241985919579334,0.007132038813941278,0.0,0.005037015914057107,-0.13569314456023296,0.005037015914057107,-0.13569314456023296,pSYK,pSYK
7,UPN7,BEZ-235,pIKAROS,0.6066424863096508,1.0714083410959907,0.3482716987416467,0.0,0.3309410484727247,-0.07186649632305393,0.3309410484727247,-0.07186649632305393,pSYK,pSYK
7,UPN7,Dasatinib,pS6,0.2737717975224118,0.6038862372074347,0.17370421927299445,0.0,0.1587418557053402,-0.0902946348124794,0.1587418557053402,-0.0902946348124794,pSYK,pSYK
7,UPN7,Dasatinib,p4EBP1,0.10679726821332339,1.5386363033830674,0.01524511386421057,0.0,0.005294953925916666,-0.16722356141557232,0.005294953925916666,-0.16722356141557232,pSYK,pSYK
7,UPN7,Dasatinib,pSTAT5,0.004024809774780118,-0.08806115263815018,0.0069359412031158715,0.0,0.0013144328586087457,-0.17004952080273522,0.0013144328586087457,-0.17004952080273522,pSYK,pSYK
7,UPN7,Dasatinib,pSYK,0.0035333593180701247,-0.12775192291936688,0.008617369674276718,0.0,0.0018555403386746718,-0.16991245877797412,0.0018555403386746718,-0.16991245877797412,pSYK,pSYK
7,UPN7,Dasatinib,pPLCγ2,0.0004999237404463726,-0.18652605235624098,0.0009690845138967881,0.0,0.0005712610692604869,-0.1581641962882759,0.0005712610692604869,-0.1581641962882759,pSYK,pSYK
7,UPN7,Dasatinib,pAKT,0.0026606110932230675,-0.2698424716309386,0.009296022444986621,0.0,0.0071059347338628355,-0.08906436236257119,0.0071059347338628355,-0.08906436236257119,pSYK,pSYK
7,UPN7,Dasatinib,pERK1/2,0.008693589113525056,0.2541946578023839,0.005815103062716114,0.0,0.004419556246373749,-0.123238584160469,0.004419556246373749,-0.123238584160469,pSYK,pSYK
7,UPN7,Dasatinib,pIKAROS,0.6253707061634666,1.2752030285862341,0.3201261747920873,0.0,0.30254717216047106,-0.07343881737913525,0.30254717216047106,-0.07343881737913525,pSYK,pSYK
7,UPN7,IL-7,pS6,0.3623027954608359,0.4622182731977628,0.2651590026033316,0.0,0.2481286806500619,-0.08103169305720774,0.2481286806500619,-0.08103169305720774,pSYK,pSYK
7,UPN7,IL-7,p4EBP1,0.1226463360424058,1.0062572478003673,0.02410296685545663,0.0,0.007618733638351881,-0.1683256751418238,0.007618733638351881,-0.1683256751418238,pSYK,pSYK
7,UPN7,IL-7,pSTAT5,0.017722198458428737,-0.013001720364900013,0.019035154592202248,0.0,0.0018845615088428185,-0.1698359980398962,0.0018845615088428185,-0.1698359980398962,pSYK,pSYK
7,UPN7,IL-7,pSYK,0.005158141056286642,-0.15367110766874992,0.015473699179000945,0.0,0.0040555299133843824,-0.17009673133758466,0.0040555299133843824,-0.17009673133758466,pSYK,pSYK
7,UPN7,IL-7,pPLCγ2,0.0010987259810952034,-0.11596462133451228,0.001461142304063661,0.0,0.0009712850115644276,-0.15674270675045468,0.0009712850115644276,-0.15674270675045468,pSYK,pSYK
7,UPN7,IL-7,pAKT,0.0030026252002449067,-0.26062389756701615,0.010659700464874184,0.0,0.0077810122208971655,-0.09798192183004018,0.0077810122208971655,-0.09798192183004018,pSYK,pSYK
7,UPN7,IL-7,pERK1/2,0.009662078856654002,-0.0164571142433227,0.010102398985821348,0.0,0.005986739761241123,-0.1538241601027506,0.005986739761241123,-0.1538241601027506,pSYK,pSYK
7,UPN7,IL-7,pIKAROS,0.6513264390374824,1.3070850723782155,0.3383131050552558,0.0,0.3205900099214588,-0.0740083267093038,0.3205900099214588,-0.0740083267093038,pSYK,pSYK
7,UPN7,Pervanadate,pS6,0.6213311104286404,0.9464968669061743,0.38789273756702713,0.0,0.3713781548069492,-0.06695986032229091,0.47568796767851207,0.3559736525369338,pSYK,p4EBP1
7,UPN7,Pervanadate,p4EBP1,0.06319484052121266,0.34653997383039636,0.024941671734714264,0.0,0.006283444625117644,-0.16902708296844,0.11752534964551699,0.8387264725544926,pSYK,p4EBP1
7,UPN7,Pervanadate,pSTAT5,0.6786118545167376,1.7038944365245263,0.2593068809919789,0.0,0.23909879807630344,-0.08211789085972443,0.35527404932672524,0.38997372924061385,pSYK,p4EBP1
7,UPN7,Pervanadate,pSYK,0.08098100293949897,-0.15418916598869076,0.10470152242013966,0.0,0.08384644352917317,-0.13556310280012546,0.20503598323045735,0.6521984834646635,pSYK,p4EBP1
7,UPN7,Pervanadate,pPLCγ2,0.6612205501689115,1.1379824507841285,0.36440418096161276,0.0,0.3465729173402514,-0.06836437333495848,0.4487326650277522,0.3233121381572914,pSYK,p4EBP1
7,UPN7,Pervanadate,pAKT,0.008388540341332865,-0.17634007627674245,0.02264519025720282,0.0,0.009255246103940637,-0.1656198186292837,0.08813281404137818,0.8100144593176271,pSYK,p4EBP1
7,UPN7,Pervanadate,pERK1/2,0.0610275084455754,0.36119926341422603,0.028992918484443634,0.0,0.014404871825381197,-0.16448444366851375,0.10069748322308088,0.8084896981187532,pSYK,p4EBP1
7,UPN7,Pervanadate,pIKAROS,0.5888386785416575,1.0290880293072044,0.3293348897601034,0.0,0.31096164911715174,-0.07286090925307584,0.4284246169825763,0.39295014762887126,pSYK,p4EBP1
7,UPN7,TSLP,pS6,0.36700050202939,0.3314560848177197,0.2935337503188708,0.0,0.27545053876600223,-0.08158507573414547,0.27545053876600223,-0.08158507573414547,pSYK,pSYK
7,UPN7,TSLP,p4EBP1,0.1288513737736443,0.9829816618059105,0.02536845501433629,0.0,0.0076129188172049805,-0.1686593950631224,0.0076129188172049805,-0.1686593950631224,pSYK,pSYK
7,UPN7,TSLP,pSTAT5,0.021851041923708552,-0.05927005463901586,0.02982207277033574,0.0,0.00714964404568199,-0.16858498168753488,0.00714964404568199,-0.16858498168753488,pSYK,pSYK
7,UPN7,TSLP,pSYK,0.004969240063647116,-0.15830573450236515,0.017271326559980548,0.0,0.004053337987150659,-0.17009174746815164,0.004053337987150659,-0.17009174746815164,pSYK,pSYK
7,UPN7,TSLP,pPLCγ2,0.00096151391642487,-0.1334764391555508,0.0014805227569006081,0.0,0.000848048354163491,-0.16265701959335027,0.000848048354163491,-0.16265701959335027,pSYK,pSYK
7,UPN7,TSLP,pAKT,0.0027569071585987425,-0.2682743200332468,0.012394347893522492,0.0,0.008561208267795217,-0.10670186774358563,0.008561208267795217,-0.10670186774358563,pSYK,pSYK
7,UPN7,TSLP,pERK1/2,0.01032989287203356,-0.10390978327087907,0.015489568281454013,0.0,0.007429408862914537,-0.16232211367017851,0.007429408862914537,-0.16232211367017851,pSYK,pSYK
7,UPN7,TSLP,pIKAROS,0.657803153425287,1.376398839638913,0.33739215531221994,0.0,0.31939508408366407,-0.07731054209051172,0.31939508408366407,-0.07731054209051172,pSYK,pSYK
7,UPN7,Tofacitinib,pS6,0.33852154813300006,0.4687828491226523,0.24395754533354932,0.0,0.22718585332355395,-0.08314243615223654,0.22718585332355395,-0.08314243615223654,pSYK,pSYK
7,UPN7,Tofacitinib,p4EBP1,0.09556540180262062,0.7372242223417447,0.022934173780738188,0.0,0.006332574717403217,-0.16851017520190004,0.006332574717403217,-0.16851017520190004,pSYK,pSYK
7,UPN7,Tofacitinib,pSTAT5,0.00977050670302204,-0.028641358080275747,0.011496116213180512,0.0,0.0012560118411270357,-0.16996342125655436,0.0012560118411270357,-0.16996342125655436,pSYK,pSYK
7,UPN7,Tofacitinib,pSYK,0.0047432401726880255,-0.15614628020632698,0.015219917782731086,0.0,0.0038093442844685296,-0.1700652318504693,0.0038093442844685296,-0.1700652318504693,pSYK,pSYK
7,UPN7,Tofacitinib,pPLCγ2,0.0008520790729379687,-0.16033520984534566,0.0015142764622291778,0.0,0.0008472856773783926,-0.16149581557310155,0.0008472856773783926,-0.16149581557310155,pSYK,pSYK
7,UPN7,Tofacitinib,pAKT,0.0026130424903431037,-0.2667831629635997,0.01128507944676752,0.0,0.008456597973150386,-0.08701430098917035,0.008456597973150386,-0.08701430098917035,pSYK,pSYK
7,UPN7,Tofacitinib,pERK1/2,0.009477012800121185,0.08053977954619264,0.008078697796069217,0.0,0.005667828977199203,-0.13886058765294093,0.005667828977199203,-0.13886058765294093,pSYK,pSYK
7,UPN7,Tofacitinib,pIKAROS,0.6278970688479891,1.2652924912588213,0.32678892772737517,0.0,0.3088839511085522,-0.075238857334271,0.3088839511085522,-0.075238857334271,pSYK,pSYK
8,UPN8,BCR-Crosslink,pS6,0.3406065043626823,0.029225299209900323,0.33368982771328953,0.0,0.3240417883675851,-0.04076623080129914,0.3352493969778476,0.00658970784752177,pSYK,p4EBP1
8,UPN8,BCR-Crosslink,p4EBP1,0.011910427725913723,-0.27223544355364704,0.044896103507899084,0.0,0.03379104776150439,-0.09165159437051179,0.04657067434172831,0.013820469731242268,pSYK,p4EBP1
8,UPN8,BCR-Crosslink,pSTAT5,0.04716578192690219,-0.4264612456545168,0.12469199758811436,0.0,0.11307021802114993,-0.06392984035888603,0.12644584991956198,0.0096477048903271,pSYK,p4EBP1
8,UPN8,BCR-Crosslink,pSYK,0.019269021904936238,-0.3547831412891609,0.055792995311060085,0.0,0.0476113146669901,-0.07947444073653791,0.05695841982955265,0.011320591191123656,pSYK,p4EBP1
8,UPN8,BCR-Crosslink,pPLCγ2,0.17732625541521752,-0.16898255493487074,0.2138261991233472,0.0,0.20422010719255584,-0.04447299892801792,0.21525820264751042,0.00662969828457422,pSYK,p4EBP1
8,UPN8,BCR-Crosslink,pAKT,0.004344377326255415,-0.3193142421711931,0.019220365580067823,0.0,0.015754599065414595,-0.0743929471633709,0.01972430373698922,0.01081707164142625,pSYK,p4EBP1
8,UPN8,BCR-Crosslink,pERK1/2,0.02321069009701629,0.012024162617033589,0.02254467587210459,0.0,0.017645969185000804,-0.08844082245644999,0.023256512469561903,0.012851435726793094,pSYK,p4EBP1
8,UPN8,BCR-Crosslink,pIKAROS,0.5232534016718531,0.6731998764181151,0.35648789603192427,0.0,0.3465551400201397,-0.040096602075864976,0.35814874731609897,0.006704533260429759,pSYK,p4EBP1
8,UPN8,BEZ-235,pS6,0.1606907282752089,-0.2708958303599352,0.2149760284408164,0.0,0.20512200677319498,-0.04917377952947759,0.20333490444085875,-0.05809182122362874,pSYK,pSTAT5
8,UPN8,BEZ-235,p4EBP1,0.0017420424178872238,-0.14581300657068058,0.004748382226561559,0.0,0.0027834516729869003,-0.09530274351975278,0.0022647764877664917,-0.12045944336199108,pSYK,pSTAT5
8,UPN8,BEZ-235,pSTAT5,0.0029259547407232012,-0.14565668184768635,0.01057729473715087,0.0,0.005476681497730132,-0.0970991225313832,0.004135161706425329,-0.1226373055850299,pSYK,pSTAT5
8,UPN8,BEZ-235,pSYK,0.0035855630348746743,-0.17409029365540354,0.014936878980642219,0.0,0.00860397476433853,-0.0971250522825003,0.0070005335357369285,-0.12171634686720575,pSYK,pSTAT5
8,UPN8,BEZ-235,pPLCγ2,0.0011500862564692352,-0.08640770659740497,0.0014408170375216397,0.0,0.0011522424673245737,-0.08576686205292362,0.0010830178027730203,-0.10634103201945443,pSYK,pSTAT5
8,UPN8,BEZ-235,pAKT,0.0032642154043906234,-0.24073897863039911,0.011458802827437185,0.0,0.009813790520075232,-0.04832684823094145,0.009513475983536801,-0.057149429657163506,pSYK,pSTAT5
8,UPN8,BEZ-235,pERK1/2,0.016473294320603456,0.6206249088284621,0.006933558121936499,0.0,0.0057354382647114115,-0.0779458689077582,0.0054754375682959724,-0.09486068763521069,pSYK,pSTAT5
8,UPN8,BEZ-235,pIKAROS,0.391807326725975,0.15776804860464105,0.3532678652435926,0.0,0.3434629311045495,-0.040138218499005014,0.3410932438196248,-0.04983894924005885,pSYK,pSTAT5
8,UPN8,Dasatinib,pS6,0.2526080476900149,0.4724243339733533,0.17419639950165483,0.0,0.1656737961668046,-0.051348049648360525,0.1656737961668046,-0.051348049648360525,pSYK,pSYK
8,UPN8,Dasatinib,p4EBP1,0.006914358992132534,-0.17437091592883033,0.017567972218191754,0.0,0.011923880658628675,-0.09237855682801412,0.011923880658628675,-0.09237855682801412,pSYK,pSYK
8,UPN8,Dasatinib,pSTAT5,0.003535160988458739,-0.10322087354217312,0.006947328384193113,0.0,0.0037368983108471802,-0.0971181534150698,0.0037368983108471802,-0.0971181534150698,pSYK,pSYK
8,UPN8,Dasatinib,pSYK,0.004089696045471875,-0.11344253032590511,0.00860443161084877,0.0,0.004742245613830425,-0.09704580606028552,0.004742245613830425,-0.09704580606028552,pSYK,pSYK
8,UPN8,Dasatinib,pPLCγ2,0.0009531071292413268,-0.002161225905390982,0.000958545365320161,0.0,0.0007311954132659709,-0.0903518344636184,0.0007311954132659709,-0.0903518344636184,pSYK,pSYK
8,UPN8,Dasatinib,pAKT,0.005389387585346411,-0.156202599300819,0.009232562526565149,0.0,0.007980236398097255,-0.050899737698899265,0.007980236398097255,-0.050899737698899265,pSYK,pSYK
8,UPN8,Dasatinib,pERK1/2,0.02672165805982047,1.9645136674023072,0.0053958456453604055,0.0,0.00459534579023628,-0.07374128945627449,0.00459534579023628,-0.07374128945627449,pSYK,pSYK
8,UPN8,Dasatinib,pIKAROS,0.6144941600526809,1.227047137418075,0.3203791177248963,0.0,0.3103940252059197,-0.0416577781785472,0.3103940252059197,-0.0416577781785472,pSYK,pSYK
8,UPN8,IL-7,pS6,0.28974966850162737,0.10872129486900235,0.26684628462563875,0.0,0.25715394593987223,-0.04600907961596902,0.2553886921762786,-0.0543886568867096,pSYK,pSTAT5
8,UPN8,IL-7,p4EBP1,0.00540442801462611,-0.21636350656217393,0.02682952285610267,0.0,0.017459353847315603,-0.0946256079061379,0.015018161286545692,-0.11927824009048486,pSYK,pSTAT5
8,UPN8,IL-7,pSTAT5,0.003897617229879053,-0.15312661845951206,0.019356656481238285,0.0,0.0095660362796423,-0.09697915502478345,0.00699617040854318,-0.12243448018034361,pSYK,pSTAT5
8,UPN8,IL-7,pSYK,0.005645517740185639,-0.1462380071683828,0.01546236483751492,0.0,0.008940410434784348,-0.09715518691921497,0.007291693800291082,-0.12171552005094441,pSYK,pSTAT5
8,UPN8,IL-7,pPLCγ2,0.00265198698115482,0.3932445096376134,0.001425019955225065,0.0,0.0011448847614882274,-0.08978368983453631,0.001077052368282872,-0.11152405908640964,pSYK,pSTAT5
8,UPN8,IL-7,pAKT,0.004058343713585406,-0.22380836066196877,0.010635148871540684,0.0,0.0089898190438887,-0.055990494264469795,0.008676916429544846,-0.06663855506013346,pSYK,pSTAT5
8,UPN8,IL-7,pERK1/2,0.02322497689556797,0.503728507625096,0.009786982752358236,0.0,0.0074336724058162475,-0.08821476599923175,0.0068833766097973915,-0.10884282083589891,pSYK,pSTAT5
8,UPN8,IL-7,pIKAROS,0.5124161208663157,0.7037792018654228,0.34154357757086434,0.0,0.3315064392238907,-0.04134034104374426,0.32907755736064437,-0.05134426856874899,pSYK,pSTAT5
8,UPN8,Pervanadate,pS6,0.3889582378687566,-0.01741045554675317,0.3932967578591175,0.0,0.38395765509010293,-0.03747776522125967,0.39484196582190856,0.006200910588503465,pSYK,p4EBP1
8,UPN8,Pervanadate,p4EBP1,0.00859576216284545,-0.15940691487508338,0.026211417743048384,0.0,0.015575670233429744,-0.09624459845843143,0.027782670318078854,0.014218518540781563,pSYK,p4EBP1
8,UPN8,Pervanadate,pSTAT5,0.3441939102817324,0.30359378753868954,0.26708404248581624,0.0,0.25568972459086686,-0.044861237932647104,0.26881870516633904,0.00682964227971115,pSYK,p4EBP1
8,UPN8,Pervanadate,pSYK,0.09207262154944934,-0.08039804740279781,0.10444357780130362,0.0,0.09252823098427526,-0.07743707104878267,0.10612806394970871,0.010947366917454671,pSYK,p4EBP1
8,UPN8,Pervanadate,pPLCγ2,0.5422124606949295,0.6646000844002209,0.3671718109493798,0.0,0.3570657196824615,-0.038371139039496294,0.36867549699062413,0.005709244517631532,pSYK,p4EBP1
8,UPN8,Pervanadate,pAKT,0.009859844833852134,-0.1577069202235469,0.022610973873655862,0.0,0.01496219806636253,-0.09460063279754659,0.02371079267786308,0.013602641450339705,pSYK,p4EBP1
8,UPN8,Pervanadate,pERK1/2,0.039344573135083036,0.11087999405246468,0.029497172793989966,0.0,0.021177153190668225,-0.09368195586433357,0.030714644894905472,0.013708521501378143,pSYK,p4EBP1
8,UPN8,Pervanadate,pIKAROS,0.6063804572819063,1.1022148199309934,0.3289269414173069,0.0,0.31847430469887783,-0.041524257000332174,0.3306684657667191,0.006918398353004145,pSYK,p4EBP1
8,UPN8,TSLP,pS6,0.26003590907551066,-0.16219589537728415,0.29602129899221685,0.0,0.2857315815478406,-0.04637854245661664,0.2857315815478406,-0.04637854245661664,pSYK,pSYK
8,UPN8,TSLP,p4EBP1,0.0044378197093397475,-0.2239319633625956,0.028261793480948025,0.0,0.018168110946698846,-0.09487494274136674,0.018168110946698846,-0.09487494274136674,pSYK,pSYK
8,UPN8,TSLP,pSTAT5,0.0038619194417155054,-0.19622201156059832,0.030240424455963488,0.0,0.017296500021798153,-0.09628608173921982,0.017296500021798153,-0.09628608173921982,pSYK,pSYK
8,UPN8,TSLP,pSYK,0.005521867271926556,-0.15102508146587884,0.017258474764439168,0.0,0.009708422789302295,-0.09715305000564159,0.009708422789302295,-0.09715305000564159,pSYK,pSYK
8,UPN8,TSLP,pPLCγ2,0.0011348622920830651,-0.08784837106092937,0.0014764913993271617,0.0,0.0011152033724010657,-0.0929035728404643,0.0011152033724010657,-0.0929035728404643,pSYK,pSYK
8,UPN8,TSLP,pAKT,0.003777228225888411,-0.23917041646906825,0.01237061949660878,0.0,0.010179947550917057,-0.06097056506473632,0.010179947550917057,-0.06097056506473632,pSYK,pSYK
8,UPN8,TSLP,pERK1/2,0.021138927470442766,0.11883838771730044,0.015238195383816591,0.0,0.010632291472296246,-0.09276106537127074,0.010632291472296246,-0.09276106537127074,pSYK,pSYK
8,UPN8,TSLP,pIKAROS,0.4533520783224364,0.4687077842108152,0.3421468314774025,0.0,0.33196928898416533,-0.04289629784612666,0.33196928898416533,-0.04289629784612666,pSYK,pSYK
8,UPN8,Tofacitinib,pS6,0.2854538161397367,0.19917531554396709,0.24519167863571825,0.0,0.23564219254452448,-0.04724095697369296,0.23564219254452448,-0.04724095697369296,pSYK,pSYK
8,UPN8,Tofacitinib,p4EBP1,0.005488093935747365,-0.19719153616843876,0.025028994893921287,0.0,0.01558136817148387,-0.09533808244210666,0.01558136817148387,-0.09533808244210666,pSYK,pSYK
8,UPN8,Tofacitinib,pSTAT5,0.0036101083032490976,-0.13329471028223044,0.011639381292245001,0.0,0.005793066286350416,-0.0970552210638971,0.005793066286350416,-0.0970552210638971,pSYK,pSYK
8,UPN8,Tofacitinib,pSYK,0.006089778652955549,-0.1356010554843257,0.01518860293435277,0.0,0.008670764989373156,-0.09713625381490533,0.008670764989373156,-0.09713625381490533,pSYK,pSYK
8,UPN8,Tofacitinib,pPLCγ2,0.001859752762279838,0.08930442571006512,0.0014908421903840183,0.0,0.0011096318476203114,-0.09228190604649808,0.0011096318476203114,-0.09228190604649808,pSYK,pSYK
8,UPN8,Tofacitinib,pAKT,0.004631149035481165,-0.20318452570045903,0.011238146736415471,0.0,0.009621100677502263,-0.049728901293489856,0.009621100677502263,-0.049728901293489856,pSYK,pSYK
8,UPN8,Tofacitinib,pERK1/2,0.02640119607628633,1.0927963488157044,0.0076851121384839795,0.0,0.006304835638665118,-0.08059170520771262,0.006304835638665118,-0.08059170520771262,pSYK,pSYK
8,UPN8,Tofacitinib,pIKAROS,0.5562848703642927,0.9498380213535393,0.3284543276921123,0.0,0.3182961397665323,-0.042350042301630614,0.3182961397665323,-0.042350042301630614,pSYK,pSYK
9,UPN9,BCR-Crosslink,pS6,0.4012015394724491,0.2914989659803946,0.33228064085027165,0.0,0.3284479668308572,-0.01621018495019635,0.35591455440570574,0.09995896021678145,pSYK,pERK1/2
9,UPN9,BCR-Crosslink,p4EBP1,0.008385744234800839,-0.30206173391154056,0.04497807289141334,0.0,0.04056704709838627,-0.03641206089597986,0.061954323476249025,0.14013526537469015,pSYK,pERK1/2
9,UPN9,BCR-Crosslink,pSTAT5,0.012797646985199787,-0.6213774144172242,0.12549125654024695,0.0,0.12087380268813976,-0.025460019846216025,0.14297806046945685,0.09641988622829376,pSYK,pERK1/2
9,UPN9,BCR-Crosslink,pSYK,0.012954097437341595,-0.4177867017585547,0.0559398540196088,0.0,0.05268950466869048,-0.03159076035533629,0.0680052863314564,0.11726621959557092,pSYK,pERK1/2
9,UPN9,BCR-Crosslink,pPLCγ2,0.024187239901123314,-0.9025910993829652,0.21738757157716335,0.0,0.21357687705084083,-0.01780275909512136,0.2328677624824656,0.07232017878366681,pSYK,pERK1/2
9,UPN9,BCR-Crosslink,pAKT,0.0038486811226884445,-0.3302290153008012,0.019231893398755428,0.0,0.017854996598715384,-0.02955762855560737,0.02589034244983386,0.1429358858285452,pSYK,pERK1/2
9,UPN9,BCR-Crosslink,pERK1/2,0.010763791107356301,-0.2180371276633602,0.022834138639305987,0.0,0.02088952241792984,-0.0351272847939238,0.03241304798813177,0.1730321248031476,pSYK,pERK1/2
9,UPN9,BCR-Crosslink,pIKAROS,0.17669514064895647,-0.7594003175454792,0.36454739047431717,0.0,0.36062463636214925,-0.015857892153022097,0.38194835302092417,0.07034409487123625,pSYK,pERK1/2
9,UPN9,BEZ-235,pS6,0.24149017268237713,0.1416006508764127,0.21309697159413812,0.0,0.20917855227364054,-0.01954167564498387,0.20311832594000903,-0.04976482627297179,pSYK,pSTAT5
9,UPN9,BEZ-235,p4EBP1,0.0015246428689801464,-0.1566084452284376,0.0047534380300245154,0.0,0.0039730855404320805,-0.037849966947324835,0.002629481461513137,-0.1030197083854969,pSYK,pSTAT5
9,UPN9,BEZ-235,pSTAT5,0.0023863975340558813,-0.15617273408674653,0.01058984257916639,0.0,0.008564192303563676,-0.03856323046047614,0.005080590202305717,-0.10488215642781183,pSYK,pSTAT5
9,UPN9,BEZ-235,pSYK,0.0036458851214742636,-0.1731429826382845,0.014935476141418973,0.0,0.012420311624650689,-0.03857385847635189,0.008148112764440649,-0.10409450061244482,pSYK,pSTAT5
9,UPN9,BEZ-235,pPLCγ2,0.00033144410195220576,-0.33578403862902517,0.0014598552271615707,0.0,0.0013452867500745585,-0.03409241993135806,0.0011540818818675455,-0.0909897168630672,pSYK,pSTAT5
9,UPN9,BEZ-235,pAKT,0.002121242252494117,-0.27515464660728683,0.011485383598411525,0.0,0.010831817398308298,-0.019204299698260527,0.00982175990713874,-0.04888369066099641,pSYK,pSTAT5
9,UPN9,BEZ-235,pERK1/2,0.005601405322992277,-0.10266783798259418,0.007186392749787923,0.0,0.006711555845276184,-0.030757643597921863,0.005942738793250432,-0.0805579027048432,pSYK,pSTAT5
9,UPN9,BEZ-235,pIKAROS,0.19111066918564185,-0.6864606920840822,0.3579352293724376,0.0,0.3540512463718636,-0.015982069160748583,0.34757842131348554,-0.0426168761959845,pSYK,pSTAT5
9,UPN9,Dasatinib,pS6,0.231282019628418,0.34052511783089684,0.17469235364262223,0.0,0.17131325069943937,-0.020333561045914213,0.17131325069943937,-0.020333561045914213,pSYK,pSYK
9,UPN9,Dasatinib,p4EBP1,0.006450219122276403,-0.18215017469905453,0.01757876616865352,0.0,0.01533715927635272,-0.03669024225153633,0.01533715927635272,-0.03669024225153633,pSYK,pSYK
9,UPN9,Dasatinib,pSTAT5,0.0022529473489290783,-0.14292718416402153,0.0069771473060426395,0.0,0.005702269530927742,-0.03857048647487741,0.005702269530927742,-0.03857048647487741,pSYK,pSYK
9,UPN9,Dasatinib,pSYK,0.0028393309054996606,-0.14560543046479427,0.00863350986991789,0.0,0.007099784477266331,-0.03854191376952721,0.007099784477266331,-0.03854191376952721,pSYK,pSYK
9,UPN9,Dasatinib,pPLCγ2,0.00033948521696191593,-0.25187946242063913,0.0009728156423499148,0.0,0.0008825649761248777,-0.03589325315918676,0.0008825649761248777,-0.03589325315918676,pSYK,pSYK
9,UPN9,Dasatinib,pAKT,0.0019134621319671626,-0.30099556302835345,0.009313398002225132,0.0,0.008816066280492094,-0.020229180930682513,0.008816066280492094,-0.020229180930682513,pSYK,pSYK
9,UPN9,Dasatinib,pERK1/2,0.004752793037466823,-0.1018398782286583,0.005906749483089561,0.0,0.005590811775322967,-0.02788238482382922,0.005590811775322967,-0.02788238482382922,pSYK,pSYK
9,UPN9,Dasatinib,pIKAROS,0.17134744768841428,-0.6566779658706925,0.3306848552217397,0.0,0.32675149939564846,-0.016210556848573116,0.32675149939564846,-0.016210556848573116,pSYK,pSYK
9,UPN9,IL-7,pS6,0.312445469275832,0.21905477186154038,0.26631847530530844,0.0,0.26247040838989855,-0.018274276030250815,0.2565154160616418,-0.0465542347619446,pSYK,pSTAT5
9,UPN9,IL-7,p4EBP1,0.007135734762557647,-0.1984559944317625,0.026789259908476352,0.0,0.023067517519067847,-0.03758115052771021,0.016687255931515613,-0.10200731065376761,pSYK,pSTAT5
9,UPN9,IL-7,pSTAT5,0.0028355976567368815,-0.16389740423493984,0.019381354610846245,0.0,0.015493081743143603,-0.03851608794575772,0.008810754820843595,-0.1047092539551384,pSYK,pSTAT5
9,UPN9,IL-7,pSYK,0.0032406830362707215,-0.18292074965374985,0.015518291225978057,0.0,0.012928230920790868,-0.03858860499151947,0.008531256741691457,-0.10409792900817208,pSYK,pSTAT5
9,UPN9,IL-7,pPLCγ2,0.0012152561386015207,-0.07780390791803139,0.0014584323004007236,0.0,0.001347317095660316,-0.0355511703694643,0.0011612951573783915,-0.09506865616962064,pSYK,pSTAT5
9,UPN9,IL-7,pAKT,0.0018073040009971332,-0.3023376529301618,0.010687498632298552,0.0,0.010033931427044365,-0.022251536489095825,0.009013200340344711,-0.05700363977496709,pSYK,pSTAT5
9,UPN9,IL-7,pERK1/2,0.005702355727284059,-0.16794943636513968,0.010194485570225302,0.0,0.009261408550703313,-0.03488540291421675,0.00771662713453895,-0.0926408946794045,pSYK,pSTAT5
9,UPN9,IL-7,pIKAROS,0.16306244546927584,-0.7694342434059738,0.3496680816498653,0.0,0.3457041980600361,-0.016344349684797088,0.3391069299420787,-0.04354697928798008,pSYK,pSTAT5
9,UPN9,Pervanadate,pS6,0.471444692153139,0.3216907651345412,0.391378468224597,0.0,0.3876670857222508,-0.01491162463153328,0.44809888715637936,0.22789178844254565,pSYK,p4EBP1
9,UPN9,Pervanadate,p4EBP1,0.007156028954394077,-0.17274717836493286,0.026244899910686792,0.0,0.02202095765465975,-0.038225105506543344,0.08457738785172848,0.5278873078399422,pSYK,p4EBP1
9,UPN9,Pervanadate,pSTAT5,0.04285360416150607,-0.9183270093830207,0.2740919565816354,0.0,0.2695825162559071,-0.017908538116520194,0.3398849590467785,0.26128663588802276,pSYK,p4EBP1
9,UPN9,Pervanadate,pSYK,0.028018605675281423,-0.5078408374577682,0.10593320607744706,0.0,0.10120369199719169,-0.030826576519520147,0.16884697815578853,0.41006669526606504,pSYK,p4EBP1
9,UPN9,Pervanadate,pPLCγ2,0.07323920402939477,-1.16970670079686,0.37807816575555503,0.0,0.37409138865059466,-0.015297781713496224,0.43581369784671875,0.22153873762951753,pSYK,p4EBP1
9,UPN9,Pervanadate,pAKT,0.004513802878925495,-0.22543283399158048,0.02273530043074718,0.0,0.01969777069495806,-0.037579728818951,0.06359765103876791,0.5055410772317537,pSYK,p4EBP1
9,UPN9,Pervanadate,pERK1/2,0.010981752126166295,-0.21599362661646507,0.030156773282569427,0.0,0.026854733313561592,-0.037195243870714365,0.07538812259904312,0.5095005161107173,pSYK,p4EBP1
9,UPN9,Pervanadate,pIKAROS,0.19351553683978753,-0.5702513942019629,0.33852845119503056,0.0,0.3344074900162031,-0.0162053419043884,0.404046466442034,0.2576442222823194,pSYK,p4EBP1
9,UPN9,TSLP,pS6,0.3061773780607891,0.05059878173508232,0.29494824157395455,0.0,0.2908590271008369,-0.0184261070150682,0.2908590271008369,-0.0184261070150682,pSYK,pSYK
9,UPN9,TSLP,p4EBP1,0.005186109105232062,-0.21672689721319272,0.028244391401973785,0.0,0.024235276725270097,-0.03768203430212322,0.024235276725270097,-0.03768203430212322,pSYK,pSYK
9,UPN9,TSLP,pSTAT5,0.002461760651217751,-0.2068899436967819,0.03027298628830065,0.0,0.02513208747949253,-0.038243559596560284,0.02513208747949253,-0.038243559596560284,pSYK,pSYK
9,UPN9,TSLP,pSYK,0.002560231077266461,-0.19005070260293935,0.017327350024780096,0.0,0.014328988520315958,-0.03858848246610494,0.014328988520315958,-0.03858848246610494,pSYK,pSYK
9,UPN9,TSLP,pPLCγ2,0.0004923521302435501,-0.2570836164211657,0.0014914334961141271,0.0,0.0013479842237745301,-0.036912366665865316,0.0013479842237745301,-0.036912366665865316,pSYK,pSYK
9,UPN9,TSLP,pAKT,0.0020678789470229106,-0.2879371968086669,0.012410371805419606,0.0,0.01154014344830385,-0.02422734220482375,0.01154014344830385,-0.02422734220482375,pSYK,pSYK
9,UPN9,TSLP,pERK1/2,0.005481520383378192,-0.2038939484096359,0.015602321130027394,0.0,0.013774357387875674,-0.036826211113815774,0.013774357387875674,-0.036826211113815774,pSYK,pSYK
9,UPN9,TSLP,pIKAROS,0.16060526488544608,-0.7976747710433599,0.34895489690616965,0.0,0.3449300900305839,-0.0170453579788431,0.3449300900305839,-0.0170453579788431,pSYK,pSYK
9,UPN9,Tofacitinib,pS6,0.3004876596061497,0.275392473892754,0.24484205436905748,0.0,0.24105190021463307,-0.018757634580027445,0.24105190021463307,-0.018757634580027445,pSYK,pSYK
9,UPN9,Tofacitinib,p4EBP1,0.0055838886200349925,-0.19620148160538775,0.025026767110565763,0.0,0.021274427094115127,-0.03786551827052549,0.021274427094115127,-0.03786551827052549,pSYK,pSYK
9,UPN9,Tofacitinib,pSTAT5,0.002233555448013997,-0.15669080256781714,0.01167139414934349,0.0,0.009349663139927066,-0.03854631412177034,0.009349663139927066,-0.03854631412177034,pSYK,pSYK
9,UPN9,Tofacitinib,pSYK,0.00241968506868183,-0.19160979725744154,0.015273953947940531,0.0,0.012685611221623835,-0.03858265527824536,0.012685611221623835,-0.03858265527824536,pSYK,pSYK
9,UPN9,Tofacitinib,pPLCγ2,0.0005211629378699326,-0.24241507063196255,0.0015219721863005276,0.0,0.0013706748969182472,-0.03664708649479817,0.0013706748969182472,-0.03664708649479817,pSYK,pSYK
9,UPN9,Tofacitinib,pAKT,0.00230800729628113,-0.2764021513703574,0.01129217328848989,0.0,0.010649837495167697,-0.019761767016594326,0.010649837495167697,-0.019761767016594326,pSYK,pSYK
9,UPN9,Tofacitinib,pERK1/2,0.004988273833897927,-0.18407264496774334,0.008183087074353479,0.0,0.007636783658236347,-0.0314758664094103,0.007636783658236347,-0.0314758664094103,pSYK,pSYK
9,UPN9,Tofacitinib,pIKAROS,0.1497598927893385,-0.781796187921994,0.3379083969380415,0.0,0.3339014998589032,-0.016649491188036526,0.3339014998589032,-0.016649491188036526,pSYK,pSYK
10,UPN11,BCR-Crosslink,pS6,0.06005376589055452,-1.203545210293965,0.340214310003339,0.0,0.31827885406166084,-0.09423280147397578,0.31146704713594175,-0.12349572864617621,pSYK,p4EBP1
10,UPN11,BCR-Crosslink,p4EBP1,0.0009340684375996719,-0.3651826407022726,0.04515136767739476,0.0,0.019555196745924222,-0.21139412522528542,0.013855970776090742,-0.258462997033486,pSYK,p4EBP1
10,UPN11,BCR-Crosslink,pSTAT5,0.007996537112133776,-0.6487253992764968,0.12560291025822526,0.0,0.09887768686507446,-0.14741829675283638,0.09294974107957893,-0.18011728145673483,pSYK,p4EBP1
10,UPN11,BCR-Crosslink,pSYK,0.012439057729985875,-0.422930072307006,0.055951831687221724,0.0,0.037100408550195314,-0.18322972831537263,0.034194337510876326,-0.21147579775687492,pSYK,p4EBP1
10,UPN11,BCR-Crosslink,pPLCγ2,0.029867407846174875,-0.8749461082665632,0.21725547464820866,0.0,0.19528559964291886,-0.1025810072275772,0.19074586751996023,-0.12377777296267384,pSYK,p4EBP1
10,UPN11,BCR-Crosslink,pAKT,0.006948557889460974,-0.2620139701229016,0.019159803241388624,0.0,0.011167313618420618,-0.17149306863688243,0.00974050246485707,-0.20210783758031442,pSYK,p4EBP1
10,UPN11,BCR-Crosslink,pERK1/2,0.004396956303822846,-0.33597624348929656,0.022982204564969553,0.0,0.011697797364371567,-0.20399473216542108,0.00967729282721402,-0.24052055709972775,pSYK,p4EBP1
10,UPN11,BCR-Crosslink,pIKAROS,0.2070442429489224,-0.6325737001369928,0.3638415973975738,0.0,0.3411854437387142,-0.09140260689507049,0.33297477419842914,-0.12452723217949208,pSYK,p4EBP1
10,UPN11,BEZ-235,pS6,0.03885468105427869,-0.9006439630312558,0.2178094248878148,0.0,0.19524832118036625,-0.11354558933814496,0.2022408361937389,-0.07835363913727357,pSYK,pSTAT5
10,UPN11,BEZ-235,p4EBP1,0.00042675120404804,-0.2111478700970447,0.004778970394325261,0.0,0.00024734022449051166,-0.21985199195980035,0.0014400069377266183,-0.16198977840262743,pSYK,pSTAT5
10,UPN11,BEZ-235,pSTAT5,0.002682436139730537,-0.15040275251200683,0.01058295796042977,0.0,-0.0011842718536419043,-0.22401352640287914,0.001920060304657082,-0.16491615132868642,pSYK,pSTAT5
10,UPN11,BEZ-235,pSYK,0.0013412180698652684,-0.20934422562367683,0.014989073049595927,0.0,0.000382489940229604,-0.2240501408154995,0.004318448296327736,-0.16367653958892314,pSYK,pSTAT5
10,UPN11,BEZ-235,pPLCγ2,0.0009754313235383771,-0.13954333476936787,0.0014448787801479388,0.0,0.0007792296487305171,-0.19786431532757037,0.0009638200985347231,-0.14299477333816793,pSYK,pSTAT5
10,UPN11,BEZ-235,pAKT,0.006665447377512243,-0.1384320823830109,0.011379704409457613,0.0,0.007584250675989706,-0.11145182800852094,0.008762473484316163,-0.07685383393171413,pSYK,pSTAT5
10,UPN11,BEZ-235,pERK1/2,0.004450405413643846,-0.17900267392673416,0.007213160189540212,0.0,0.004455918795135341,-0.1786454543725536,0.005258335168191985,-0.12665579621220197,pSYK,pSTAT5
10,UPN11,BEZ-235,pIKAROS,0.1279034322989697,-0.9574701580929094,0.3594051651139881,0.0,0.33706649034634495,-0.0923907315996291,0.3431963123970815,-0.06703834388039825,pSYK,pSTAT5
10,UPN11,Dasatinib,pS6,0.04225010117361392,-0.8288548010572535,0.17908844476947813,0.0,0.1596185056588839,-0.11793297173904228,0.1596185056588839,-0.11793297173904228,pSYK,pSYK
10,UPN11,Dasatinib,p4EBP1,0.0005463375151760421,-0.28118107160973327,0.01771606574091167,0.0,0.0047038140195716106,-0.21309591130148683,0.0047038140195716106,-0.21309591130148683,pSYK,pSYK
10,UPN11,Dasatinib,pSTAT5,0.0032982598138405505,-0.11055600727410317,0.006952837713835396,0.0,-0.000454531115421623,-0.2240830937467386,-0.000454531115421623,-0.2240830937467386,pSYK,pSYK
10,UPN11,Dasatinib,pSYK,0.0013557264265479563,-0.1837817255556735,0.008668012299660953,0.0,-0.0002399217170264891,-0.2238855965331597,-0.0002399217170264891,-0.2238855965331597,pSYK,pSYK
10,UPN11,Dasatinib,pPLCγ2,0.0009510319708619992,-0.0030051000007965713,0.0009585936248173546,0.0,0.00043385808968191724,-0.2085367521925119,0.00043385808968191724,-0.2085367521925119,pSYK,pSYK
10,UPN11,Dasatinib,pAKT,0.0064953460137596114,-0.11019077894743466,0.009206842563113679,0.0,0.006317603544386281,-0.11741394180078718,0.006317603544386281,-0.11741394180078718,pSYK,pSYK
10,UPN11,Dasatinib,pERK1/2,0.0038445973290165926,-0.18390479730654982,0.0059278703135186355,0.0,0.004093578907788959,-0.16192548536911716,0.004093578907788959,-0.16192548536911716,pSYK,pSYK
10,UPN11,Dasatinib,pIKAROS,0.13514771347632537,-0.8114532087747531,0.33152670950574176,0.0,0.3088612504154765,-0.0936554309728401,0.3088612504154765,-0.0936554309728401,pSYK,pSYK
10,UPN11,IL-7,pS6,0.04353433694181326,-1.1023441162177787,0.2725722225688903,0.0,0.2504825555958922,-0.10631609853638938,0.257318777716751,-0.07341381596661178,pSYK,pSTAT5
10,UPN11,IL-7,p4EBP1,0.0006554465493910691,-0.26550992947443497,0.02693996428552674,0.0,0.0053328566761731665,-0.21826162743777353,0.011060932567501743,-0.16040015015299164,pSYK,pSTAT5
10,UPN11,IL-7,pSTAT5,0.00285436400541272,-0.1637070685001932,0.019380918184132852,0.0,-0.003205056289282457,-0.22372986106347306,0.002759964243345514,-0.16464216411347216,pSYK,pSTAT5
10,UPN11,IL-7,pSYK,0.0015223274695534506,-0.2091424326405844,0.015558252983343575,0.0,0.0005165660011356467,-0.22412879032354605,0.004573445444982777,-0.16367922217913242,pSYK,pSTAT5
10,UPN11,IL-7,pPLCγ2,0.0007188768606224627,-0.2404578965762004,0.0014699760045397713,0.0,0.0008249108207046144,-0.2065120410743254,0.0010030365680882712,-0.14948662320665002,pSYK,pSTAT5
10,UPN11,IL-7,pAKT,0.0068081867388362655,-0.1280049603714828,0.010571199033744151,0.0,0.006774718858571855,-0.1291434245462506,0.007936770920043143,-0.08961434081736702,pSYK,pSTAT5
10,UPN11,IL-7,pERK1/2,0.00319265899864682,-0.26409025123542174,0.010252850610426167,0.0,0.004836379869499125,-0.20260599108870744,0.006358502906360839,-0.14567016309427083,pSYK,pSTAT5
10,UPN11,IL-7,pIKAROS,0.1002410351826793,-1.0402940000355625,0.3511290446797862,0.0,0.3283447084399145,-0.09447405769865876,0.33460313681104026,-0.06852381202057854,pSYK,pSTAT5
10,UPN11,Pervanadate,pS6,0.05896839512929265,-1.4035519742216134,0.40097094024840735,0.0,0.37981551733303837,-0.0868202182180187,0.37259785275204654,-0.11644095501222064,pSYK,p4EBP1
10,UPN11,Pervanadate,p4EBP1,0.0007752998586217904,-0.23189777135606374,0.026393288959425682,0.0,0.001866285095923563,-0.22202201396866175,-0.0029991515585553637,-0.26606465573918076,pSYK,p4EBP1
10,UPN11,Pervanadate,pSTAT5,0.023167784010580564,-1.0001099159679245,0.27454976635258715,0.0,0.2485857164606022,-0.10329659872095344,0.24246739383633045,-0.1276380215572972,pSYK,p4EBP1
10,UPN11,Pervanadate,pSYK,0.030213891549231542,-0.4931153096112285,0.10588215291758775,0.0,0.0784632638775049,-0.17868355521447996,0.07445208386293017,-0.20482363348540156,pSYK,p4EBP1
10,UPN11,Pervanadate,pPLCγ2,0.06528480868335841,-1.201974381991545,0.3782631516938349,0.0,0.3553948072332555,-0.08782449269742158,0.3506029654565622,-0.10622727099428729,pSYK,p4EBP1
10,UPN11,Pervanadate,pAKT,0.007684589775163041,-0.18525665523516324,0.02266156120060212,0.0,0.005018691579243048,-0.21823230624927437,0.0020830017065988464,-0.2545451275243449,pSYK,p4EBP1
10,UPN11,Pervanadate,pERK1/2,0.004036119852236968,-0.29619224848115694,0.03031829961452127,0.0,0.011150965347582607,-0.21601008307771571,0.00755252283380408,-0.25656344618634747,pSYK,p4EBP1
10,UPN11,Pervanadate,pIKAROS,0.1393259451817394,-0.7910342264487791,0.3397886742568456,0.0,0.31604039145101326,-0.09371170693660515,0.30747399921289736,-0.12751504528682792,pSYK,p4EBP1
10,UPN11,TSLP,pS6,0.0452271867512925,-1.1707970504682699,0.3010168506741754,0.0,0.2775498130107932,-0.10741301293471751,0.2775498130107932,-0.10741301293471751,pSYK,pSYK
10,UPN11,TSLP,p4EBP1,0.0005464251187423816,-0.26141475820154364,0.02835229102956657,0.0,0.005075822682512079,-0.21883196747929565,0.005075822682512079,-0.21883196747929565,pSYK,pSYK
10,UPN11,TSLP,pSTAT5,0.002942289100920516,-0.20322857466718447,0.030261811208075005,0.0,0.00040488466927677755,-0.22210420082105883,0.00040488466927677755,-0.22210420082105883,pSYK,pSYK
10,UPN11,TSLP,pSYK,0.0017863898112731706,-0.20025080520532562,0.01734534633329157,0.0,-6.84591154580666e-05,-0.2241235495366389,-6.84591154580666e-05,-0.2241235495366389,pSYK,pSYK
10,UPN11,TSLP,pPLCγ2,0.0010718338867639022,-0.10443663132347576,0.0014779571761950492,0.0,0.0006443792181731042,-0.21435873328823923,0.0006443792181731042,-0.21435873328823923,pSYK,pSYK
10,UPN11,TSLP,pAKT,0.005884578201841032,-0.17910256439950104,0.012321611357633138,0.0,0.007268554574259169,-0.1405951167338994,0.007268554574259169,-0.1405951167338994,pSYK,pSYK
10,UPN11,TSLP,pERK1/2,0.002732125593711908,-0.2606513029134807,0.015666260543740564,0.0,0.005053689468291107,-0.21386667827149056,0.005053689468291107,-0.21386667827149056,pSYK,pSYK
10,UPN11,TSLP,pIKAROS,0.09163128914295322,-1.103873582640787,0.3505589428536695,0.0,0.3274295679352453,-0.09860633111041933,0.3274295679352453,-0.09860633111041933,pSYK,pSYK
10,UPN11,Tofacitinib,pS6,0.039762195397621956,-1.057533255208327,0.2509054372576279,0.0,0.2291332947952308,-0.10904807792230589,0.2291332947952308,-0.10904807792230589,pSYK,pSYK
10,UPN11,Tofacitinib,p4EBP1,0.0004973100049731,-0.24879239577717677,0.025145059636497435,0.0,0.00335820964887747,-0.21991470563808632,0.00335820964887747,-0.21991470563808632,pSYK,pSYK
10,UPN11,Tofacitinib,pSTAT5,0.0030290700302907,-0.14316944863344103,0.011652893810220779,0.0,-0.00183481677694158,-0.2239178509868759,-0.00183481677694158,-0.2239178509868759,pSYK,pSYK
10,UPN11,Tofacitinib,pSYK,0.0020344500203445,-0.19749103096318926,0.015282912902553026,0.0,0.00025016719183380137,-0.22408882260630186,0.00025016719183380137,-0.22408882260630186,pSYK,pSYK
10,UPN11,Tofacitinib,pPLCγ2,0.0008363850083638501,-0.16422593297707738,0.0015146414404750876,0.0,0.000635763576973987,-0.21280231233059227,0.000635763576973987,-0.21280231233059227,pSYK,pSYK
10,UPN11,Tofacitinib,pAKT,0.006329400063294001,-0.1497109237993397,0.011198652526466336,0.0,0.007468739006414191,-0.11468060097562663,0.007468739006414191,-0.11468060097562663,pSYK,pSYK
10,UPN11,Tofacitinib,pERK1/2,0.004317555043175551,-0.22365749333620955,0.008198685185765626,0.0,0.005027006752011957,-0.1827739916210237,0.005027006752011957,-0.1827739916210237,pSYK,pSYK
10,UPN11,Tofacitinib,pIKAROS,0.11225643112256431,-0.9442782208637887,0.33878057046517573,0.0,0.3157172389456314,-0.09614075443645374,0.3157172389456314,-0.09614075443645374,pSYK,pSYK
11,UPN12,BCR-Crosslink,pS6,0.6172198211700938,1.2471524650175474,0.32725695988055903,0.0,0.30527289726093004,-0.09455513635518113,0.30081246266334327,-0.11373980703573174,pSYK,p4EBP1
11,UPN12,BCR-Crosslink,p4EBP1,0.011856977138105552,-0.2726876181240922,0.04489734654482486,0.0,0.019981288503161356,-0.2056363364702914,0.0169672829346492,-0.23051142153284482,pSYK,p4EBP1
11,UPN12,BCR-Crosslink,pSTAT5,0.19770867766474012,0.42089039491347846,0.1211910000128158,0.0,0.09497058534503788,-0.14422707304994473,0.09179324340893971,-0.16170424621171903,pSYK,p4EBP1
11,UPN12,BCR-Crosslink,pSYK,0.07152169672829557,0.1643990417403273,0.05457781682679591,0.0,0.03616882129901969,-0.17861441663668312,0.035087377869091045,-0.18910718834010543,pSYK,p4EBP1
11,UPN12,BCR-Crosslink,pPLCγ2,0.42169775487367955,0.9997860508080286,0.20814314099640624,0.0,0.1863167818511825,-0.1021831793616107,0.18393568541088678,-0.11333061824581292,pSYK,p4EBP1
11,UPN12,BCR-Crosslink,pAKT,0.0011395016989867674,-0.38993346658903716,0.01929489757139965,0.0,0.01152532622584029,-0.1668713758694908,0.010901139142167324,-0.18027738668011345,pSYK,p4EBP1
11,UPN12,BCR-Crosslink,pERK1/2,0.03989282524560881,0.32058821876946225,0.022156719240741973,0.0,0.011137231696509443,-0.1991822716095853,0.01024030144185651,-0.2153946957245923,pSYK,p4EBP1
11,UPN12,BCR-Crosslink,pIKAROS,0.3596205767315806,-0.0027014892254379704,0.36029331056541897,0.0,0.338072736626007,-0.08923089349894603,0.3325330802952297,-0.11147642529394682,pSYK,p4EBP1
11,UPN12,BEZ-235,pS6,0.27659972225189616,0.32107822332096925,0.2122804704413586,0.0,0.1900546762027655,-0.11094996171668393,0.193460202208044,-0.09394976024560546,pSYK,pSTAT5
11,UPN12,BEZ-235,p4EBP1,4.451091407613147e-05,-0.23014594008046335,0.004787859703394375,0.0,0.0003793845439963089,-0.21389796638312672,0.0007942393787022948,-0.19376932727791404,pSYK,pSTAT5
11,UPN12,BEZ-235,pSTAT5,0.0006231527970658405,-0.19054747550659612,0.010630848270724297,0.0,-0.0008152661526738755,-0.2179351093844639,0.0002699396609061669,-0.19727268727869152,pSYK,pSTAT5
11,UPN12,BEZ-235,pSYK,0.0016825125520777695,-0.20398211385099738,0.01498113596861424,0.0,0.0007697321302079126,-0.2179828772460489,0.002216872627682177,-0.19578578447424194,pSYK,pSTAT5
11,UPN12,BEZ-235,pPLCγ2,0.004397678310721789,0.9098104592615176,0.001365291640911115,0.0,0.0007137760362902664,-0.19547497598422967,0.000786654975405317,-0.17360902408341347,pSYK,pSTAT5
11,UPN12,BEZ-235,pAKT,0.000605348431435388,-0.32083473663027856,0.011520636943087307,0.0,0.007834836094816989,-0.10833730534599499,0.008395809994486388,-0.0918485141276258,pSYK,pSTAT5
11,UPN12,BEZ-235,pERK1/2,0.0039169604386995694,-0.21440379367197573,0.0072255658866319395,0.0,0.004543596518614865,-0.17379660889280077,0.0048877864479063195,-0.15149246059071364,pSYK,pSTAT5
11,UPN12,BEZ-235,pIKAROS,0.4588006979311327,0.43925084584098884,0.35170987986672847,0.0,0.32959275729893,-0.0907170658611621,0.3320447835687395,-0.08065967128238141,pSYK,pSTAT5
11,UPN12,Dasatinib,pS6,0.1943758057584873,0.11314371922737596,0.17555063768610896,0.0,0.156431029659998,-0.11491337309321975,0.156431029659998,-0.11491337309321975,pSYK,pSYK
11,UPN12,Dasatinib,p4EBP1,0.001915914625411832,-0.2581933225141945,0.01768421511044107,0.0,0.00502263948382436,-0.2073231850448752,0.00502263948382436,-0.2073231850448752,pSYK,pSYK
11,UPN12,Dasatinib,pSTAT5,0.0006804182781836413,-0.19164561805445346,0.007013717749548348,0.0,-0.00018996568074564155,-0.2179834333603419,-0.00018996568074564155,-0.2179834333603419,pSYK,pSYK
11,UPN12,Dasatinib,pSYK,0.00037602062741727544,-0.20900164231541377,0.00869079615545469,0.0,2.524942523887165e-05,-0.2178186881977748,2.524942523887165e-05,-0.2178186881977748,pSYK,pSYK
11,UPN12,Dasatinib,pPLCγ2,0.00032230339492909325,-0.25888245119139275,0.0009732152196064921,0.0,0.000463421368398265,-0.20275662048157675,0.000463421368398265,-0.20275662048157675,pSYK,pSYK
11,UPN12,Dasatinib,pAKT,0.0007699469989972783,-0.3487156810423346,0.009339991377410477,0.0,0.006535518150065743,-0.11411420387762208,0.006535518150065743,-0.11411420387762208,pSYK,pSYK
11,UPN12,Dasatinib,pERK1/2,0.0032857040538604785,-0.23444712790581035,0.0059408678315455215,0.0,0.00415687691906711,-0.15752382175282997,0.00415687691906711,-0.15752382175282997,pSYK,pSYK
11,UPN12,Dasatinib,pIKAROS,0.5293385618106289,0.8559808958637415,0.3223594804747114,0.0,0.299853427947419,-0.09307583587832423,0.299853427947419,-0.09307583587832423,pSYK,pSYK
11,UPN12,IL-7,pS6,0.3407182794945051,0.35677173098613546,0.26566096809092066,0.0,0.24382457856043652,-0.10379543772075887,0.2471698895780519,-0.08789409006890793,pSYK,pSTAT5
11,UPN12,IL-7,p4EBP1,0.0045045834574868986,-0.22567279984374544,0.026850449473710555,0.0,0.005823921664171713,-0.21234869117741662,0.007853641233252606,-0.19185038076422573,pSYK,pSTAT5
11,UPN12,IL-7,pSTAT5,0.0007011024836555483,-0.18554912018111905,0.01943099403347604,0.0,-0.0025407244209555493,-0.2176645293029532,-0.00044929485738400346,-0.19694562047162037,pSYK,pSTAT5
11,UPN12,IL-7,pSYK,0.00203319720260109,-0.2013456954237313,0.015546372291877353,0.0,0.0009114552654007502,-0.21805959936854152,0.002406131201800275,-0.19578899576433728,pSYK,pSTAT5
11,UPN12,IL-7,pPLCγ2,0.004294252712390234,0.9396681786005435,0.0013868277289172649,0.0,0.0007551549019094675,-0.2041541426519807,0.000824982362153073,-0.1815861855227712,pSYK,pSTAT5
11,UPN12,IL-7,pAKT,0.0008588505424780467,-0.33546218145648793,0.010709555689473413,0.0,0.00702265950469976,-0.12555590878943543,0.007563909777035868,-0.10712382759703767,pSYK,pSTAT5
11,UPN12,IL-7,pERK1/2,0.005407252905193416,-0.17924734784651214,0.010201348426552992,0.0,0.004928979467836359,-0.19712960421994696,0.005541272384912657,-0.17423646806899978,pSYK,pSTAT5
11,UPN12,IL-7,pIKAROS,0.5421274954866527,0.830855824281516,0.3408526153703914,0.0,0.31817489603457855,-0.09361285015148499,0.3207078297736906,-0.08315698626799992,pSYK,pSTAT5
11,UPN12,Pervanadate,pS6,0.6826004244603525,1.2083940258361408,0.38646786979884784,0.0,0.365165074234518,-0.08692786553970572,0.3602559471428361,-0.10695997533742631,pSYK,p4EBP1
11,UPN12,Pervanadate,p4EBP1,0.0015284971244460572,-0.22491282125434328,0.0263757727439414,0.0,0.0025120551672714944,-0.2160098405949384,0.00015963571335954677,-0.2373034948472304,pSYK,p4EBP1
11,UPN12,Pervanadate,pSTAT5,0.6622901065549435,1.631729199960794,0.2596864565259741,0.0,0.23369055862142046,-0.10535986369474695,0.2301602049383516,-0.11966818203820478,pSYK,p4EBP1
11,UPN12,Pervanadate,pSYK,0.2917230231253917,1.270400383735967,0.09980054520651425,0.0,0.07282479102763294,-0.17856172362938816,0.07140190945272712,-0.187980262397605,pSYK,p4EBP1
11,UPN12,Pervanadate,pPLCγ2,0.7620822749315476,1.552893630994693,0.362058559455505,0.0,0.3390068426142032,-0.08948685510745558,0.33638681589190833,-0.09965780911013479,pSYK,p4EBP1
11,UPN12,Pervanadate,pAKT,0.0011106346012162,-0.26858182352501286,0.022814443879066,0.0,0.0056569038640957615,-0.21232233132121492,0.004469923427965164,-0.22701106019563555,pSYK,p4EBP1
11,UPN12,Pervanadate,pERK1/2,0.04324877115429024,0.1558846780772117,0.029406377491217706,0.0,0.010713200581046769,-0.21051126964088673,0.009046814084167232,-0.2292771080457902,pSYK,p4EBP1
11,UPN12,Pervanadate,pIKAROS,0.3412947140390811,0.02430114389960546,0.3350917261438842,0.0,0.3117510215298742,-0.0914407429333274,0.30596560372436343,-0.11410599280749217,pSYK,p4EBP1
11,UPN12,TSLP,pS6,0.2582565645171398,-0.17040780581432632,0.2960626790982255,0.0,0.27298128468982863,-0.10403739764989657,0.27298128468982863,-0.10403739764989657,pSYK,pSYK
11,UPN12,TSLP,p4EBP1,0.001987484220986759,-0.24753136061812717,0.028318778027188792,0.0,0.005670842259142311,-0.2129053891964871,0.005670842259142311,-0.2129053891964871,pSYK,pSYK
11,UPN12,TSLP,pSTAT5,0.0007162105300853186,-0.22019175213835598,0.03031358047716419,0.0,0.0012677773367585216,-0.21608833140199027,0.0012677773367585216,-0.21608833140199027,pSYK,pSYK
11,UPN12,TSLP,pSYK,0.0011907000062668421,-0.20810365618164192,0.017359199584570786,0.0,0.0004176864261529814,-0.21805306129005517,0.0004176864261529814,-0.21805306129005517,pSYK,pSYK
11,UPN12,TSLP,pPLCγ2,0.0021307263270038228,0.17423479676704207,0.0014533317706080743,0.0,0.0006411337936584015,-0.2089080110141215,0.0006411337936584015,-0.2089080110141215,pSYK,pSYK
11,UPN12,TSLP,pAKT,0.0006624947403289197,-0.3280674336954374,0.012443055159063653,0.0,0.007532737568014654,-0.1367435192780094,0.007532737568014654,-0.1367435192780094,pSYK,pSYK
11,UPN12,TSLP,pERK1/2,0.00323190001701,-0.2503301886392756,0.015654637882733632,0.0,0.005328808378858746,-0.20807545611133504,0.005328808378858746,-0.20807545611133504,pSYK,pSYK
11,UPN12,TSLP,pIKAROS,0.36321721770114324,0.07977484098391578,0.3442429910267349,0.0,0.32142331178319056,-0.09594258117581364,0.32142331178319056,-0.09594258117581364,pSYK,pSYK
11,UPN12,Tofacitinib,pS6,0.3091890124264225,0.319554778537573,0.24463969732672552,0.0,0.22314439341063935,-0.10641363230413248,0.22314439341063935,-0.10641363230413248,pSYK,pSYK
11,UPN12,Tofacitinib,p4EBP1,0.004014969842307972,-0.21241826602842565,0.02506325359376872,0.0,0.0038622845007152233,-0.21395915914313568,0.0038622845007152233,-0.21395915914313568,pSYK,pSYK
11,UPN12,Tofacitinib,pSTAT5,0.0015714700966499527,-0.16794577784023704,0.011686791483096143,0.0,-0.0014338684907855247,-0.21784374029315898,-0.0014338684907855247,-0.21784374029315898,pSYK,pSYK
11,UPN12,Tofacitinib,pSYK,0.002743259937504542,-0.1866702632840533,0.015266428950991166,0.0,0.0006400097083656426,-0.21802129540721513,0.0006400097083656426,-0.21802129540721513,pSYK,pSYK
11,UPN12,Tofacitinib,pPLCγ2,0.005059588692682218,0.8899285500412893,0.0014164274013048928,0.0,0.0005565450246817715,-0.21004666426530064,0.0005565450246817715,-0.21004666426530064,pSYK,pSYK
11,UPN12,Tofacitinib,pAKT,0.0008811132911852336,-0.32142255486696936,0.01132535687000375,0.0,0.007702617758905067,-0.1114901286932218,0.007702617758905067,-0.1114901286932218,pSYK,pSYK
11,UPN12,Tofacitinib,pERK1/2,0.004405566455926168,-0.2184618873949826,0.008196638408724914,0.0,0.005110725104148683,-0.17782686618683646,0.005110725104148683,-0.17782686618683646,pSYK,pSYK
11,UPN12,Tofacitinib,pIKAROS,0.5639670082116125,0.9833348809865542,0.32827567332357,0.0,0.3053160866191068,-0.09579037969409541,0.3053160866191068,-0.09579037969409541,pSYK,pSYK
12,UPN13,BCR-Crosslink,pS6,0.22317624554386575,-0.4797713268967042,0.3364207639648899,0.0,0.3374756108586231,0.004468960625517538,0.31024194683603895,-0.11090908421544601,pSYK,p4EBP1
12,UPN13,BCR-Crosslink,p4EBP1,0.009129640900791236,-0.2957652952991397,0.04496077296894845,0.0,0.04617565892873109,0.010028181748943843,0.016737517395621022,-0.23296666996370413,pSYK,p4EBP1
12,UPN13,BCR-Crosslink,pSTAT5,0.2137422832797148,0.5116362030435232,0.12081812546363034,0.0,0.12209023499419826,0.007004177442892972,0.0910837112680957,-0.16371633745486028,pSYK,p4EBP1
12,UPN13,BCR-Crosslink,pSYK,0.05910355621250326,0.04109711206727884,0.05486661079227946,0.0,0.055761895690702806,0.00868399758633265,0.0351857154638395,-0.1908988388277512,pSYK,p4EBP1
12,UPN13,BCR-Crosslink,pPLCγ2,0.3634466568124511,0.7167407831943368,0.20949781769550455,0.0,0.21054842195090592,0.0048913062362987945,0.1851109866551303,-0.11353795507498389,pSYK,p4EBP1
12,UPN13,BCR-Crosslink,pAKT,0.008325363011912008,-0.23174490873817769,0.019127784517610692,0.0,0.019507046806487537,0.008136333550512714,0.010634827397450905,-0.1821998495143322,pSYK,p4EBP1
12,UPN13,BCR-Crosslink,pERK1/2,0.00599947830623424,-0.3062649797606443,0.022944936611425104,0.0,0.023480487430572558,0.009679316890281299,0.010948779306989414,-0.21681342622188352,pSYK,p4EBP1
12,UPN13,BCR-Crosslink,pIKAROS,0.24689157464568298,-0.4670946444055016,0.362914915265091,0.0,0.3639970334074364,0.004356464709644928,0.3350167967972678,-0.11231414003201548,pSYK,p4EBP1
12,UPN13,BEZ-235,pS6,0.13006418806268757,-0.42782721585647016,0.21568827356203782,0.0,0.21676704360549665,0.005390156070581989,0.2042128411561675,-0.05733786548867572,pSYK,pSTAT5
12,UPN13,BEZ-235,p4EBP1,0.0007919306435478493,-0.19300272590935683,0.004770477849220614,0.0,0.004985365391150047,0.010424378350269829,0.0023203070010261724,-0.11885988231355005,pSYK,pSTAT5
12,UPN13,BEZ-235,pSTAT5,0.005543514504834945,-0.0946545120959005,0.01051642125426455,0.0,0.011074213593769696,0.010617042387281115,0.004159235508835142,-0.12100293557800046,pSYK,pSTAT5
12,UPN13,BEZ-235,pSYK,0.014775758586195398,0.0015195750788108955,0.014676641874797551,0.0,0.015369223116050237,0.010618080235078913,0.006842149552434415,-0.12011192785051342,pSYK,pSTAT5
12,UPN13,BEZ-235,pPLCγ2,0.0013129376458819607,-0.036878642206457646,0.0014370297959073902,0.0,0.0014685838551543834,0.009377473602421763,0.0010839430797206328,-0.10493297659389486,pSYK,pSTAT5
12,UPN13,BEZ-235,pAKT,0.00383461153717906,-0.22357158768112403,0.011445537801093269,0.0,0.011625587084542971,0.0052889625737875265,0.009525912270557912,-0.05638915852461442,pSYK,pSTAT5
12,UPN13,BEZ-235,pERK1/2,0.0034178059353117706,-0.24754620512113548,0.007237174130896772,0.0,0.007367931162502717,0.008474806645866835,0.005803110075043154,-0.09294655470440008,pSYK,pSTAT5
12,UPN13,BEZ-235,pIKAROS,0.17695481827275758,-0.7468069887857482,0.35826443520762097,0.0,0.35933584963476994,0.004413112749381553,0.34632753456233695,-0.04916761160849973,pSYK,pSTAT5
12,UPN13,Dasatinib,pS6,0.12755655407499225,-0.2980585800128035,0.17710457377177166,0.0,0.1780344938762324,0.005593980699070097,0.1780344938762324,0.005593980699070097,pSYK,pSYK
12,UPN13,Dasatinib,p4EBP1,0.0024597149054849704,-0.24906855796728528,0.017671568592299836,0.0,0.018288873047,0.010107323770292165,0.018288873047,0.010107323770292165,pSYK,pSYK
12,UPN13,Dasatinib,pSTAT5,0.004202819956616052,-0.08255024955393607,0.006931801431445268,0.0,0.0072828523482811785,0.010619104987788912,0.0072828523482811785,0.010619104987788912,pSYK,pSYK
12,UPN13,Dasatinib,pSYK,0.004958165478772854,-0.09110801680888231,0.00858423464728363,0.0,0.009006563929042699,0.010611375986848888,0.009006563929042699,0.010611375986848888,pSYK,pSYK
12,UPN13,Dasatinib,pPLCγ2,0.0006004028509451503,-0.14562616285083327,0.0009667477903968165,0.0,0.0009916025789148538,0.009880053170021405,0.0009916025789148538,0.009880053170021405,pSYK,pSYK
12,UPN13,Dasatinib,pAKT,0.004241555624418965,-0.20398100963293297,0.009259256293098345,0.0,0.009396265526388711,0.0055697387271525746,0.009396265526388711,0.0055697387271525746,pSYK,pSYK
12,UPN13,Dasatinib,pERK1/2,0.0035443136039665325,-0.2110556747624982,0.00593485365596166,0.0,0.006021854771607793,0.007681142657476071,0.006021854771607793,0.007681142657476071,pSYK,pSYK
12,UPN13,Dasatinib,pIKAROS,0.172819181902696,-0.6504100567393751,0.3306506288446634,0.0,0.3317355027311088,0.00447067361865766,0.3317355027311088,0.00447067361865766,pSYK,pSYK
12,UPN13,IL-7,pS6,0.1535086690284588,-0.554950313869838,0.27001467996222406,0.0,0.2710739920836556,0.005045796260321446,0.2587576579548145,-0.05362030547765597,pSYK,pSTAT5
12,UPN13,IL-7,p4EBP1,0.002580766252962016,-0.24558019350321794,0.026895189408699505,0.0,0.027920109474933653,0.010351883183859103,0.015242209011109177,-0.11769726810295113,pSYK,pSTAT5
12,UPN13,IL-7,pSTAT5,0.00509114797175234,-0.1410235478435509,0.019328899952357512,0.0,0.020399612639555604,0.0106053049719833,0.0071327384113817425,-0.12080179321317028,pSYK,pSTAT5
12,UPN13,IL-7,pSYK,0.01576613565445886,0.008029292378662897,0.01522700163020624,0.0,0.015940211439224687,0.010621793146663222,0.007161689679762835,-0.1201162324433272,pSYK,pSTAT5
12,UPN13,IL-7,pPLCγ2,0.0015719212631677734,0.03896242248590133,0.0014501377626201125,0.0,0.001480731928413104,0.009788048527671827,0.0011071936838750632,-0.1097187387865693,pSYK,pSTAT5
12,UPN13,IL-7,pAKT,0.004316918095863736,-0.21479458394628148,0.010629135513813281,0.0,0.010809177001644514,0.0061265216185061745,0.008696893091741577,-0.06575109500380083,pSYK,pSTAT5
12,UPN13,IL-7,pERK1/2,0.0030499964807732915,-0.26955985932801013,0.010256168343399971,0.0,0.010513124531457677,0.009611909794370273,0.007398402815115565,-0.10689987534046815,pSYK,pSTAT5
12,UPN13,IL-7,pIKAROS,0.1297421579898177,-0.9125295671850125,0.3504429720563643,0.0,0.3515366784427429,0.004522137444806047,0.33827791394322637,-0.05029875064898981,pSYK,pSTAT5
12,UPN13,Pervanadate,pS6,0.2962475149105368,-0.398845029067438,0.39545282118372727,0.0,0.39647413019604,0.0041060709150068896,0.3694982030929149,-0.10434795068680539,pSYK,p4EBP1
12,UPN13,Pervanadate,p4EBP1,0.003702783300198807,-0.20475328004460247,0.026325207949156448,0.0,0.027488383420333322,0.010527783678654642,-0.00017284412646605823,-0.2398311923442028,pSYK,p4EBP1
12,UPN13,Pervanadate,pSTAT5,0.3323061630218688,0.25562172807754513,0.26736050172441767,0.0,0.2686040841005318,0.004894656080768179,0.2379758280350919,-0.11565608721817754,pSYK,p4EBP1
12,UPN13,Pervanadate,pSYK,0.09045725646123261,-0.09114229808948342,0.10448114443126215,0.0,0.10578405514032252,0.00846771426603961,0.07605896953975272,-0.18471784300113223,pSYK,p4EBP1
12,UPN13,Pervanadate,pPLCγ2,0.48205765407554674,0.42961299283430804,0.3685707599405282,0.0,0.3696710208903676,0.004165118828583391,0.34301176196645033,-0.09675546852507767,pSYK,p4EBP1
12,UPN13,Pervanadate,pAKT,0.010412524850894632,-0.15070858273678683,0.022598120850003713,0.0,0.023434618231625175,0.01034560269817093,0.004045505139929198,-0.22945438367807383,pSYK,p4EBP1
12,UPN13,Pervanadate,pERK1/2,0.007703777335984096,-0.25382891477031966,0.03023300525443413,0.0,0.031142363860389318,0.010245424695518625,0.009706141721457461,-0.23126897704057567,pSYK,p4EBP1
12,UPN13,Pervanadate,pIKAROS,0.17075049701789263,-0.6627257410411362,0.3390578707257723,0.0,0.34019428623587383,0.004474740437515496,0.3098601322433832,-0.11496877674564236,pSYK,p4EBP1
12,UPN13,TSLP,pS6,0.17119547761289908,-0.5739481691109011,0.298087355537859,0.0,0.2992134224158124,0.005093344298048693,0.2992134224158124,0.005093344298048693,pSYK,pSYK
12,UPN13,TSLP,p4EBP1,0.0035545277403053466,-0.23243797618579348,0.028282335154646503,0.0,0.029386408095575297,0.010378133234819353,0.029386408095575297,0.010378133234819353,pSYK,pSYK
12,UPN13,TSLP,pSTAT5,0.00518190188646924,-0.18616637748934492,0.030209727189806426,0.0,0.03162544847376263,0.010530667358204186,0.03162544847376263,0.010530667358204186,pSYK,pSYK
12,UPN13,TSLP,pSYK,0.016573520909616498,-0.005505198131338346,0.01700145956356266,0.0,0.01782710898727683,0.01062153096631394,0.01782710898727683,0.01062153096631394,pSYK,pSYK
12,UPN13,TSLP,pPLCγ2,0.001948566411854136,0.12627007776368185,0.0014575680477045788,0.0,0.0014970706806800636,0.010158894411642689,0.0014970706806800636,0.010158894411642689,pSYK,pSYK
12,UPN13,TSLP,pAKT,0.00426115072482388,-0.22537192612110296,0.01235936548500563,0.0,0.012599076702785756,0.006671122026742799,0.012599076702785756,0.006671122026742799,pSYK,pSYK
12,UPN13,TSLP,pERK1/2,0.004154086636260466,-0.23129043102365787,0.015633191682285944,0.0,0.016136592689910235,0.010142936715391314,0.016136592689910235,0.010142936715391314,pSYK,pSYK
12,UPN13,TSLP,pIKAROS,0.17684846148904734,-0.7263772522637642,0.3485771481479464,0.0,0.34968751527600106,0.004696626051082477,0.34968751527600106,0.004696626051082477,pSYK,pSYK
12,UPN13,Tofacitinib,pS6,0.15029439107530213,-0.48611013530991243,0.24833492107907715,0.0,0.24937814862477664,0.005172590186726623,0.24937814862477664,0.005172590186726623,pSYK,pSYK
12,UPN13,Tofacitinib,p4EBP1,0.002717456079712045,-0.22583266270951016,0.025093428332433734,0.0,0.026126765374044944,0.010429100150275815,0.026126765374044944,0.010429100150275815,pSYK,pSYK
12,UPN13,Tofacitinib,pSTAT5,0.004934328144740293,-0.11079289157890691,0.011608585481977763,0.0,0.012247910881342727,0.010612822682201541,0.012247910881342727,0.010612822682201541,pSYK,pSYK
12,UPN13,Tofacitinib,pSYK,0.012729136373388,-0.034345800659072695,0.015034199266435736,0.0,0.01574694923646861,0.010620086967840578,0.01574694923646861,0.010620086967840578,pSYK,pSYK
12,UPN13,Tofacitinib,pPLCγ2,0.00119186670162809,-0.07613286734131847,0.0015063744243526635,0.0,0.001548039911498307,0.010085962208147836,0.001548039911498307,0.010085962208147836,pSYK,pSYK
12,UPN13,Tofacitinib,pAKT,0.004433744130056494,-0.2094027294850923,0.011242737548169533,0.0,0.011419689121500902,0.005441941292482374,0.011419689121500902,0.005441941292482374,pSYK,pSYK
12,UPN13,Tofacitinib,pERK1/2,0.003956997449405258,-0.24494690638510552,0.008207070246085864,0.0,0.00835751996398892,0.008670955705899428,0.00835751996398892,0.008670955705899428,pSYK,pSYK
12,UPN13,Tofacitinib,pIKAROS,0.14230888417439394,-0.8139554220571851,0.3380816762081565,0.0,0.33918717399844267,0.004596276689564039,0.33918717399844267,0.004596276689564039,pSYK,pSYK
13,UPN14,BCR-Crosslink,pS6,0.18888662270265372,-0.6296288855116505,0.3372181970542204,0.0,0.3213098606030874,-0.0675267433374036,0.3101087178789155,-0.11507267575744073,pSYK,p4EBP1
13,UPN14,BCR-Crosslink,p4EBP1,0.005121580891517665,-0.32970013530697134,0.04505398366683853,0.0,0.02664875459040915,-0.15196196810387927,0.015773102041035228,-0.24175631725073896,pSYK,p4EBP1
13,UPN14,BCR-Crosslink,pSTAT5,0.04169782672740046,-0.4573839828799623,0.12481915933693999,0.0,0.10556687510338587,-0.10593774384783487,0.09421643868665219,-0.16839472874843078,pSYK,p4EBP1
13,UPN14,BCR-Crosslink,pSYK,0.022661862351848076,-0.32097454373651446,0.055714092044852837,0.0,0.042151716268381566,-0.1317060124920207,0.03534483214836555,-0.1978085582198773,pSYK,p4EBP1
13,UPN14,BCR-Crosslink,pPLCγ2,0.23702041833797902,0.11378790963373107,0.21243796277630625,0.0,0.19647823934018405,-0.07387478291469904,0.1873127115965549,-0.11630041610748655,pSYK,p4EBP1
13,UPN14,BCR-Crosslink,pAKT,0.00600539352323974,-0.2827589829340976,0.019181737296417027,0.0,0.013436421289190016,-0.12329214680521088,0.010372198600525104,-0.1890491205033514,pSYK,p4EBP1
13,UPN14,BCR-Crosslink,pERK1/2,0.008248917896072698,-0.26459099099483535,0.022892624062824208,0.0,0.014777406621041177,-0.1466304636687662,0.010441061839829634,-0.22498206058629497,pSYK,p4EBP1
13,UPN14,BCR-Crosslink,pIKAROS,0.308926507580393,-0.21111664928238483,0.36147224240614423,0.0,0.34509209753170944,-0.06581164602832747,0.33243352279457755,-0.11667088116998248,pSYK,p4EBP1
13,UPN14,BEZ-235,pS6,0.15820709042636263,-0.28360117362509357,0.21503378746055704,0.0,0.1987058189423009,-0.08148689394888854,0.20309734392499845,-0.059570405676703346,pSYK,pSTAT5
13,UPN14,BEZ-235,p4EBP1,0.0009630902181269196,-0.18449964879432773,0.004766497393997846,0.0,0.001508928138313304,-0.1580215727124647,0.002219901408924923,-0.12353293853146588,pSYK,pSTAT5
13,UPN14,BEZ-235,pSTAT5,0.004320891248893748,-0.11847416566954311,0.010544854353239928,0.0,0.0020866181063121346,-0.1610039239613914,0.003938040456915721,-0.1257617937282389,pSYK,pSTAT5
13,UPN14,BEZ-235,pSYK,0.00403456712999115,-0.16703929413864324,0.014926437024941838,0.0,0.004425963214232439,-0.1610367871062555,0.006787711709933765,-0.1248166701327835,pSYK,pSTAT5
13,UPN14,BEZ-235,pPLCγ2,0.0007027955645791035,-0.22254677488497773,0.0014512191466353637,0.0,0.0009729750406457508,-0.14220781646580608,0.0010844706491696379,-0.10905414695868484,pSYK,pSTAT5
13,UPN14,BEZ-235,pAKT,0.00484148055598938,-0.1932785247718426,0.011422122242516285,0.0,0.008694913740327439,-0.08010021836130123,0.009426683710990024,-0.058607569598556494,pSYK,pSTAT5
13,UPN14,BEZ-235,pERK1/2,0.004919568952053725,-0.1478805069611214,0.007202249409577192,0.0,0.00522008620932843,-0.12841188435567624,0.005711239417381872,-0.09659315775154864,pSYK,pSTAT5
13,UPN14,BEZ-235,pIKAROS,0.2439221198396585,-0.46271962602196787,0.35670705610141396,0.0,0.3405285076824904,-0.06637528132842613,0.34427764262064225,-0.050993809529201455,pSYK,pSTAT5
13,UPN14,Dasatinib,pS6,0.17213892150663895,-0.023609974335190038,0.1760677745291752,0.0,0.1619644137454189,-0.08475246700103273,0.1619644137454189,-0.08475246700103273,pSYK,pSYK
13,UPN14,Dasatinib,p4EBP1,0.0014226357149309005,-0.2664716522124879,0.017695686713010396,0.0,0.008341112711058817,-0.15318140343431652,0.008341112711058817,-0.15318140343431652,pSYK,pSYK
13,UPN14,Dasatinib,pSTAT5,0.004267907144792702,-0.08053530132860806,0.006930287775906276,0.0,0.0016062531664874577,-0.1610486218772344,0.0016062531664874577,-0.1610486218772344,pSYK,pSYK
13,UPN14,Dasatinib,pSYK,0.0021452443320386597,-0.16346367333896397,0.008649651418137914,0.0,0.0022466292381528663,-0.1609157471475095,0.0022466292381528663,-0.1609157471475095,pSYK,pSYK
13,UPN14,Dasatinib,pPLCγ2,0.0006097010206846717,-0.14184228703159654,0.000966531553891246,0.0,0.0005896932843443563,-0.1497954827834651,0.0005896932843443563,-0.1497954827834651,pSYK,pSYK
13,UPN14,Dasatinib,pAKT,0.004471140818354259,-0.19442218970904745,0.00925391710254171,0.0,0.007178469151933176,-0.08436797190755894,0.007178469151933176,-0.08436797190755894,pSYK,pSYK
13,UPN14,Dasatinib,pERK1/2,0.005013097281185078,-0.07832919646135571,0.005900695896026346,0.0,0.004581444929252805,-0.11642184477351625,0.004581444929252805,-0.11642184477351625,pSYK,pSYK
13,UPN14,Dasatinib,pIKAROS,0.22342155180200524,-0.4358574399469736,0.32947382954467946,0.0,0.31308605806544804,-0.06735104870359304,0.31308605806544804,-0.06735104870359304,pSYK,pSYK
13,UPN14,IL-7,pS6,0.20019894033819857,-0.3266174832603266,0.2689288596992069,0.0,0.2529045541564799,-0.07615050906533194,0.2572128397627573,-0.05567672683233074,pSYK,pSTAT5
13,UPN14,IL-7,p4EBP1,0.002009703416495808,-0.2514907538300684,0.026908469939780112,0.0,0.011375601636912383,-0.15689021201023357,0.014797491983950127,-0.12232730375951426,pSYK,pSTAT5
13,UPN14,IL-7,pSTAT5,0.004770508109863787,-0.1442748690134749,0.019336356693331665,0.0,0.0031020916973135138,-0.16080054947769631,0.006660587441430525,-0.12555361522422645,pSYK,pSTAT5
13,UPN14,IL-7,pSYK,0.004181807109072086,-0.16856322537722537,0.01549640461963384,0.0,0.004683215871162501,-0.16109331068591914,0.007118089409702481,-0.12481891942641249,pSYK,pSTAT5
13,UPN14,IL-7,pPLCγ2,0.00091350155295264,-0.17664682317536873,0.0014654498489041858,0.0,0.0010016389877018886,-0.14843911247949604,0.0011092579264580845,-0.11399649569052157,pSYK,pSTAT5
13,UPN14,IL-7,pAKT,0.0049126083514341974,-0.1940336580512718,0.010615282252055828,0.0,0.007887606611923559,-0.09280924907428345,0.008606867663543372,-0.06833636926883224,pSYK,pSTAT5
13,UPN14,IL-7,pERK1/2,0.005643409593796309,-0.1702060463664547,0.010195856410538972,0.0,0.0063006519398114205,-0.14563319011508008,0.007224755809989719,-0.11108296415823313,pSYK,pSTAT5
13,UPN14,IL-7,pIKAROS,0.2703152595359412,-0.3151151516002713,0.34717383015994285,0.0,0.3306368454373706,-0.0678005641473302,0.3344799997982456,-0.05204388068030524,pSYK,pSTAT5
13,UPN14,Pervanadate,pS6,0.23609279948187728,-0.6482690600049174,0.39685176805416117,0.0,0.3814592188844389,-0.06207127023739619,0.3700131847521842,-0.10822800944516602,pSYK,p4EBP1
13,UPN14,Pervanadate,p4EBP1,0.003076353711285361,-0.21056078817824722,0.02633977607913118,0.0,0.008708386399461605,-0.15958440030562077,-0.0011565686586539857,-0.24887361491622884,pSYK,p4EBP1
13,UPN14,Pervanadate,pSTAT5,0.3072190225059561,0.15450964601638958,0.2679439235968808,0.0,0.2490511871106847,-0.07432470211013446,0.23748415788164431,-0.11982980944997329,pSYK,p4EBP1
13,UPN14,Pervanadate,pSYK,0.15740290981426225,0.354543917525603,0.10292426877188937,0.0,0.08312539554318737,-0.12884994821432946,0.07332885502641971,-0.192605280332684,pSYK,p4EBP1
13,UPN14,Pervanadate,pPLCγ2,0.6059028982490228,0.9162138780632786,0.36569063798300555,0.0,0.3488482029439999,-0.06424015454509788,0.33897393216149224,-0.10190244504046826,pSYK,p4EBP1
13,UPN14,Pervanadate,pAKT,0.007378622811278422,-0.18913249847311786,0.022668676711390133,0.0,0.009988028429211744,-0.1568550841962517,0.003420822480945652,-0.23808907310809013,pSYK,p4EBP1
13,UPN14,Pervanadate,pERK1/2,0.010015497420951588,-0.22714399488006537,0.030179244322225584,0.0,0.016396600299652217,-0.1552610652487096,0.008875099804889094,-0.2399905393012201,pSYK,p4EBP1
13,UPN14,Pervanadate,pIKAROS,0.3431869174010594,0.03188669025422066,0.3350477214145359,0.0,0.31780906480959387,-0.06753538119376978,0.3044967174647143,-0.11968877534297305,pSYK,p4EBP1
13,UPN14,TSLP,pS6,0.19201430274135875,-0.4770300585743043,0.2976031968139413,0.0,0.28058896902969854,-0.07686696738138651,0.28058896902969854,-0.07686696738138651,pSYK,pSYK
13,UPN14,TSLP,p4EBP1,0.0018474374255065555,-0.2488804453325019,0.02832203492940926,0.0,0.011589319487568993,-0.15729967831138292,0.011589319487568993,-0.15729967831138292,pSYK,pSYK
13,UPN14,TSLP,pSTAT5,0.005045689312673818,-0.1872039837254829,0.030212894924080736,0.0,0.008751408745757402,-0.15963932473418999,0.008751408745757402,-0.15963932473418999,pSYK,pSYK
13,UPN14,TSLP,pSYK,0.004509336511720302,-0.1643652338854921,0.017282021991420708,0.0,0.004763946671374664,-0.1610887844256097,0.004763946671374664,-0.1610887844256097,pSYK,pSYK
13,UPN14,TSLP,pPLCγ2,0.0005959475566150178,-0.2297710071418517,0.001489024300152,0.0,0.0008902563406179384,-0.15405116984855813,0.0008902563406179384,-0.15405116984855813,pSYK,pSYK
13,UPN14,TSLP,pAKT,0.005621771950735002,-0.18659081900331168,0.012327723130914674,0.0,0.008695484529316806,-0.10106580815720032,0.008695484529316806,-0.10106580815720032,pSYK,pSYK
13,UPN14,TSLP,pERK1/2,0.005621771950735002,-0.20099998913152262,0.01559905946567026,0.0,0.007968529986531584,-0.153722776864829,0.007968529986531584,-0.153722776864829,pSYK,pSYK
13,UPN14,TSLP,pIKAROS,0.24562971791815655,-0.4269760499838034,0.34697758404494383,0.0,0.33020075582268943,-0.07068036180094427,0.33020075582268943,-0.07068036180094427,pSYK,pSYK
13,UPN14,Tofacitinib,pS6,0.19254371012516436,-0.2712432939430321,0.247352378775592,0.0,0.23156289378700778,-0.07814077633017313,0.23156289378700778,-0.07814077633017313,pSYK,pSYK
13,UPN14,Tofacitinib,p4EBP1,0.001801977304826377,-0.23529907093917987,0.025114718536500845,0.0,0.009453115885262906,-0.15807495637827193,0.009453115885262906,-0.15807495637827193,pSYK,pSYK
13,UPN14,Tofacitinib,pSTAT5,0.004139677592168704,-0.12429547832473409,0.011627065727386405,0.0,0.0019327345889846009,-0.16093215739923453,0.0019327345889846009,-0.16093215739923453,pSYK,pSYK
13,UPN14,Tofacitinib,pSYK,0.004480592217406126,-0.16015422918921693,0.015226025874714385,0.0,0.004419581494596507,-0.16106355733691863,0.004419581494596507,-0.16106355733691863,pSYK,pSYK
13,UPN14,Tofacitinib,pPLCγ2,0.000779233429114109,-0.17839590504247557,0.0015159705469692678,0.0,0.0008843274229996747,-0.15294810595733463,0.0008843274229996747,-0.15294810595733463,pSYK,pSYK
13,UPN14,Tofacitinib,pAKT,0.006087761164953976,-0.1573174478970015,0.011204272035730057,0.0,0.008523137015244861,-0.0824369046685966,0.008523137015244861,-0.0824369046685966,pSYK,pSYK
13,UPN14,Tofacitinib,pERK1/2,0.005186772512540788,-0.17236159266335832,0.008178470826012946,0.0,0.005897999670453513,-0.1313854537488046,0.005897999670453513,-0.1313854537488046,pSYK,pSYK
13,UPN14,Tofacitinib,pIKAROS,0.25359177908732283,-0.33837491665802627,0.3354937019078558,0.0,0.31877989590500716,-0.06905250229161253,0.31877989590500716,-0.06905250229161253,pSYK,pSYK
14,UPN15,BCR-Crosslink,pS6,0.4173788237356473,0.36170396335679506,0.3319044249371741,0.0,0.30850660103636957,-0.09901310518485346,0.3021128642411038,-0.12606962704422833,pSYK,p4EBP1
14,UPN15,BCR-Crosslink,p4EBP1,0.0006573757559821193,-0.36752826429615154,0.04515780239092076,0.0,0.018388468407167326,-0.2210874726241026,0.013409238482526467,-0.2622108476143531,pSYK,p4EBP1
14,UPN15,BCR-Crosslink,pSTAT5,0.09942808309229556,-0.13203536777397507,0.12347659523543078,0.0,0.09540975930453686,-0.15409747523383652,0.09018975468186202,-0.18275726200295128,pSYK,p4EBP1
14,UPN15,BCR-Crosslink,pSYK,0.02884783942501534,-0.2593970037159873,0.05557023211291871,0.0,0.03583353219092847,-0.19158616830458358,0.03346856636275724,-0.214543133905797,pSYK,p4EBP1
14,UPN15,BCR-Crosslink,pPLCγ2,0.30078227714961875,0.4165700916961978,0.21095512885045412,0.0,0.18762981325720637,-0.1081702919384821,0.18358464147028494,-0.12692962710731778,pSYK,p4EBP1
14,UPN15,BCR-Crosslink,pAKT,0.0009203260583749671,-0.39476765605635583,0.019299994679320857,0.0,0.010948912034017044,-0.17936870296249308,0.009754812201303333,-0.2050161725539997,pSYK,p4EBP1
14,UPN15,BCR-Crosslink,pERK1/2,0.01623718117275835,-0.11682119194820278,0.022706850498250122,0.0,0.010889442406630803,-0.2133839659411602,0.009188074145203739,-0.24410514475931305,pSYK,p4EBP1
14,UPN15,BCR-Crosslink,pIKAROS,0.42874046805153826,0.28157675828994144,0.35868587123239665,0.0,0.33470580597828226,-0.09638523871983538,0.32698135666314854,-0.12743281441776622,pSYK,p4EBP1
14,UPN15,BEZ-235,pS6,0.24608580458751003,0.16506648738293464,0.2129900964335536,0.0,0.18912973705667144,-0.11900472688829807,0.1939894756960483,-0.09476653917315891,pSYK,pSTAT5
14,UPN15,BEZ-235,p4EBP1,3.12927014989204e-05,-0.23080301126730146,0.004788167103686868,0.0,4.909639172942862e-05,-0.22993917821865476,0.0007503175457480877,-0.19591600665091316,pSYK,pSTAT5
14,UPN15,BEZ-235,pSTAT5,0.00043809782098488563,-0.194156013969702,0.010635151874819204,0.0,-0.0016693255262496733,-0.23428220283617102,0.00015961649764455188,-0.1994584104676823,pSYK,pSTAT5
14,UPN15,BEZ-235,pSYK,0.0006675776319769686,-0.21992910019989484,0.015004739106291003,0.0,-0.0002712895590324931,-0.23433112928325583,0.0021000181114884664,-0.19795575866271006,pSYK,pSTAT5
14,UPN15,BEZ-235,pPLCγ2,4.172360199856054e-05,-0.4243328452511847,0.0014665929132070042,0.0,0.000771615901521736,-0.20696745338873723,0.00088565127158522,-0.17300717881641814,pSYK,pSTAT5
14,UPN15,BEZ-235,pAKT,0.0006049922289791278,-0.32084547569092414,0.011520645226865361,0.0,0.00755905170209383,-0.11644373077776855,0.008361274721094682,-0.0928638655886333,pSYK,pSTAT5
14,UPN15,BEZ-235,pERK1/2,0.005559669966308191,-0.10543482928066686,0.00718736333947825,0.0,0.004302135746224843,-0.1868923740459068,0.004822128680638019,-0.15320951511761266,pSYK,pSTAT5
14,UPN15,BEZ-235,pIKAROS,0.42976353148567314,0.31704034141978266,0.35238516280732063,0.0,0.3286358575828851,-0.09730739954128964,0.3325285048234308,-0.08135815905911532,pSYK,pSTAT5
14,UPN15,Dasatinib,pS6,0.21686293269279702,0.25158739559071214,0.17502768124577617,0.0,0.15444107054956718,-0.12380305101447997,0.15444107054956718,-0.12380305101447997,pSYK,pSYK
14,UPN15,Dasatinib,p4EBP1,6.106808073200273e-05,-0.2893285466052058,0.017727351076596416,0.0,0.004118856165874426,-0.2228723526576157,0.004118856165874426,-0.2228723526576157,pSYK,pSYK
14,UPN15,Dasatinib,pSTAT5,0.0004071205382133515,-0.20011565036092605,0.007020073510943007,0.0,-0.0007236164476595881,-0.23433306703517692,-0.0007236164476595881,-0.23433306703517692,pSYK,pSYK
14,UPN15,Dasatinib,pSYK,0.0003664084843920164,-0.20924912544103696,0.00869101969366458,0.0,-0.0006244762447273847,-0.23415620611648774,-0.0006244762447273847,-0.23415620611648774,pSYK,pSYK
14,UPN15,Dasatinib,pPLCγ2,5.089006727666894e-05,-0.369638649251706,0.000979527157458874,0.0,0.0004318678198841643,-0.2179926474307422,0.0004318678198841643,-0.2179926474307422,pSYK,pSYK
14,UPN15,Dasatinib,pAKT,0.0006106808073200273,-0.35536624690367097,0.009343695242333205,0.0,0.006329608317885581,-0.1226500615741584,0.006329608317885581,-0.1226500615741584,pSYK,pSYK
14,UPN15,Dasatinib,pERK1/2,0.0047429542701855456,-0.10272858713419972,0.005906978291630986,0.0,0.003987345064515183,-0.16941335024391838,0.003987345064515183,-0.16941335024391838,pSYK,pSYK
14,UPN15,Dasatinib,pIKAROS,0.31774740206206553,-0.03909264508704098,0.3272802051200269,0.0,0.303344099315913,-0.0981585041961619,0.303344099315913,-0.0981585041961619,pSYK,pSYK
14,UPN15,IL-7,pS6,0.2806089122612787,0.06431571564316318,0.26705886035215853,0.0,0.24365513935142388,-0.1110864426919316,0.2484191199946742,-0.08847406995448154,pSYK,pSTAT5
14,UPN15,IL-7,p4EBP1,9.96401882092444e-05,-0.2712646412158053,0.026952890014856547,0.0,0.0043552539654929286,-0.2282755225094969,0.007749820319945307,-0.19398448398834162,pSYK,pSTAT5
14,UPN15,IL-7,pSTAT5,0.00040963188486022696,-0.1885061706517509,0.01943777241949454,0.0,-0.004181768407197764,-0.23399181783886405,-0.0006625251610180433,-0.19912771397533194,pSYK,pSTAT5
14,UPN15,IL-7,pSYK,0.00045391641295322447,-0.2254510998493424,0.015583099752101719,0.0,-0.000147482199922307,-0.2344129833615749,0.0022987702873746036,-0.19795957398664968,pSYK,pSTAT5
14,UPN15,IL-7,pPLCγ2,5.535566011624689e-05,-0.4586290545060891,0.001485406730132939,0.0,0.0008116196392487594,-0.2160890215109679,0.0009213325407584784,-0.1809031981921302,pSYK,pSTAT5
14,UPN15,IL-7,pAKT,0.000675339053418212,-0.34187416159772127,0.010713823398521317,0.0,0.0067511979382022455,-0.13495256957124363,0.007533566412916709,-0.10830795299782925,pSYK,pSTAT5
14,UPN15,IL-7,pERK1/2,0.005292001107113202,-0.18366015170514668,0.010204028700926952,0.0,0.004536332130452493,-0.21191452858755008,0.0054924298576737975,-0.17616614357286506,pSYK,pSTAT5
14,UPN15,IL-7,pIKAROS,0.3220370882922779,-0.09802526335522281,0.3459709969330513,0.0,0.32186203218088477,-0.09874223448095112,0.3258100880075409,-0.08257232182866533,pSYK,pSTAT5
14,UPN15,Pervanadate,pS6,0.5100300180551401,0.481037082913301,0.3904811350640853,0.0,0.3677792872028202,-0.09134699044190699,0.36090453057069416,-0.11900942268984548,pSYK,p4EBP1
14,UPN15,Pervanadate,p4EBP1,9.969095803010666e-05,-0.2381638581802317,0.026409000794323165,0.0,0.0007574335560363785,-0.232209672540038,-0.003408707767676822,-0.26992348174117803,pSYK,p4EBP1
14,UPN15,Pervanadate,pSTAT5,0.3384729560584411,0.280501728823354,0.2672170879328695,0.0,0.239659262626425,-0.10848254107924617,0.23411574074768676,-0.1303048486541943,pSYK,p4EBP1
14,UPN15,Pervanadate,pSYK,0.09449595143942667,-0.0642809816406951,0.10438722129223438,0.0,0.07562822090492292,-0.18689782034171845,0.07238834981236439,-0.2079529626356937,pSYK,p4EBP1
14,UPN15,Pervanadate,pPLCγ2,0.5186255939919583,0.5722075328553093,0.36772034273316984,0.0,0.34322223684659786,-0.09289272978939554,0.33886224005835147,-0.10942511010518165,pSYK,p4EBP1
14,UPN15,Pervanadate,pAKT,0.0009082953953854163,-0.27114833806763855,0.022819149441992297,0.0,0.0043754392464435375,-0.22824219250817654,0.0019539485132658574,-0.25820830823103647,pSYK,p4EBP1
14,UPN15,Pervanadate,pERK1/2,0.02060279799288871,-0.10505521059440845,0.029933028029854952,0.0,0.009864723281548395,-0.2259622724469961,0.006807722313068171,-0.26038306156565594,pSYK,p4EBP1
14,UPN15,Pervanadate,pIKAROS,0.3842089522480311,0.19642076216705423,0.3340937206041412,0.0,0.30894328972875607,-0.09857415878023323,0.3008802875946549,-0.130176148286907,pSYK,p4EBP1
14,UPN15,TSLP,pS6,0.2824619766811568,-0.05874921204927669,0.29549976253627164,0.0,0.27065668445239444,-0.11194471810824072,0.27065668445239444,-0.11194471810824072,pSYK,pSYK
14,UPN15,TSLP,p4EBP1,0.0001169130698183596,-0.2655534180775512,0.028362279681867126,0.0,0.004018503396689778,-0.22887198067687503,0.004018503396689778,-0.22887198067687503,pSYK,pSYK
14,UPN15,TSLP,pSTAT5,0.00038262459213281324,-0.22273411810339455,0.030321338289674715,0.0,-0.0009024598669329087,-0.23229472102608734,-0.0009024598669329087,-0.23229472102608734,pSYK,pSYK
14,UPN15,TSLP,pSYK,0.0006908499580175794,-0.2146937613989696,0.017370824004297514,0.0,-0.0008407421778898506,-0.23440741776766064,-0.0008407421778898506,-0.23440741776766064,pSYK,pSYK
14,UPN15,TSLP,pPLCγ2,6.377076535546887e-05,-0.3702357870572726,0.0015014005045998968,0.0,0.0006308734536803343,-0.2241886481989732,0.0006308734536803343,-0.2241886481989732,pSYK,pSYK
14,UPN15,TSLP,pAKT,0.0005420515055214854,-0.3315082951784116,0.01244585616452429,0.0,0.007168030967885927,-0.14698181659625945,0.007168030967885927,-0.14698181659625945,pSYK,pSYK
14,UPN15,TSLP,pERK1/2,0.005579941968603526,-0.20186309913739603,0.015600032255952386,0.0,0.004496845696955205,-0.223682979376912,0.004496845696955205,-0.223682979376912,pSYK,pSYK
14,UPN15,TSLP,pIKAROS,0.34712553275160224,0.010545146204217077,0.34461721625811953,0.0,0.3201034575749972,-0.10305763646656141,0.3201034575749972,-0.10305763646656141,pSYK,pSYK
14,UPN15,Tofacitinib,pS6,0.28396505920038484,0.1916326483928309,0.2452263008901218,0.0,0.22214430171254662,-0.11418188980590066,0.22214430171254662,-0.11418188980590066,pSYK,pSYK
14,UPN15,Tofacitinib,p4EBP1,0.00014212465425444685,-0.2524663864093441,0.02515331976093275,0.0,0.002367326710436362,-0.23000489587445616,0.002367326710436362,-0.23000489587445616,pSYK,pSYK
14,UPN15,Tofacitinib,pSTAT5,0.00036077796849205744,-0.18853058408394832,0.011714947113983538,0.0,-0.0023884599915079564,-0.23418037419566054,-0.0023884599915079564,-0.23418037419566054,pSYK,pSYK
14,UPN15,Tofacitinib,pSYK,0.0004701046256108627,-0.22137832884175337,0.015319293028011948,0.0,-0.00040132845474278797,-0.23437004217976437,-0.00040132845474278797,-0.23437004217976437,pSYK,pSYK
14,UPN15,Tofacitinib,pPLCγ2,5.466332855940264e-05,-0.3583275024460774,0.0015328210144240283,0.0,0.0006146301631040577,-0.22258317747059006,0.0006146301631040577,-0.22258317747059006,pSYK,pSYK
14,UPN15,Tofacitinib,pAKT,0.0007324886026959953,-0.3261143625717528,0.011328813258108151,0.0,0.0074351697941533595,-0.1198314602111348,0.0074351697941533595,-0.1198314602111348,pSYK,pSYK
14,UPN15,Tofacitinib,pERK1/2,0.004821305578939313,-0.19392482012758666,0.008186970057026934,0.0,0.00486912411135642,-0.19116958401949377,0.00486912411135642,-0.19116958401949377,pSYK,pSYK
14,UPN15,Tofacitinib,pIKAROS,0.33745859252861626,0.0161543928595188,0.33354331089759315,0.0,0.30913667568125636,-0.10070140817958007,0.30913667568125636,-0.10070140817958007,pSYK,pSYK
15,UPN16,BCR-Crosslink,pS6,0.11346707561342013,-0.9630521905166762,0.338972140009784,0.0,0.3165192657588377,-0.09588826658350635,0.3113656998320841,-0.11789731976383107,pSYK,p4EBP1
15,UPN16,BCR-Crosslink,p4EBP1,0.009044817225838758,-0.2964832123866785,0.044962745612552,0.0,0.018823730922429192,-0.21576353069452042,0.015006320031033277,-0.24727420781084403,pSYK,p4EBP1
15,UPN16,BCR-Crosslink,pSTAT5,0.015476339509263895,-0.6061331511843342,0.12542896136526874,0.0,0.09813997314359041,-0.1504353433708932,0.09416943800414876,-0.17232361611358143,pSYK,p4EBP1
15,UPN16,BCR-Crosslink,pSYK,0.011908487731597396,-0.4282293474118521,0.05596417052439355,0.0,0.03672137542027251,-0.1870435110170433,0.035146409861617114,-0.2023524661988577,pSYK,p4EBP1
15,UPN16,BCR-Crosslink,pPLCγ2,0.11590823735603405,-0.46092247167596057,0.21525452512472357,0.0,0.19272328413965525,-0.10453491034254256,0.1897438671933506,-0.11835807629959802,pSYK,p4EBP1
15,UPN16,BCR-Crosslink,pAKT,0.0105314221331998,-0.18327473297502286,0.01907648081711563,0.0,0.010913129610358691,-0.17508785696414836,0.010058460122674974,-0.19341883957424694,pSYK,p4EBP1
15,UPN16,BCR-Crosslink,pERK1/2,0.0010640961442163245,-0.3978368322815757,0.023059712940774354,0.0,0.011544626242172588,-0.20827447841045804,0.010334758583606057,-0.23015747088191063,pSYK,p4EBP1
15,UPN16,BCR-Crosslink,pIKAROS,0.14078930896344516,-0.9105538960241026,0.3653824098158407,0.0,0.34234078476688024,-0.0934162330874364,0.3359454445483383,-0.11934446476637897,pSYK,p4EBP1
15,UPN16,BEZ-235,pS6,0.04293931646932185,-0.8792257483775416,0.2177144333665347,0.0,0.19468219202468892,-0.11586626283022926,0.19902878198786805,-0.09400025649527703,pSYK,pSTAT5
15,UPN16,BEZ-235,p4EBP1,8.409580193756728e-05,-0.22817823511158652,0.0047869391246069,0.0,0.00016134557286746638,-0.22443013737918027,0.0007753763659787451,-0.19463784938163461,pSYK,pSTAT5
15,UPN16,BEZ-235,pSTAT5,0.0006727664155005383,-0.18958004850025495,0.010629694465644421,0.0,-0.0013802095785538544,-0.2286687399684098,0.00022227706307864636,-0.19815737203326536,pSYK,pSTAT5
15,UPN16,BEZ-235,pSYK,0.000958692142088267,-0.21535462818332907,0.014997969001404694,0.0,8.760352323351588e-05,-0.2287166387418507,0.0021771493575661934,-0.19666417829577557,pSYK,pSTAT5
15,UPN16,BEZ-235,pPLCγ2,0.00013455328310010763,-0.39593792959396606,0.001464434083413945,0.0,0.0007859697694348334,-0.20199536358212425,0.0008871899594110677,-0.17185964582242702,pSYK,pSTAT5
15,UPN16,BEZ-235,pAKT,0.0023042249730893436,-0.26964346399281997,0.011481128186304658,0.0,0.007612111244670615,-0.1136826995066001,0.008340725808465312,-0.09227393553333554,pSYK,pSTAT5
15,UPN16,BEZ-235,pERK1/2,0.00040365984930032295,-0.4481714004816088,0.007307270551501688,0.0,0.0044976735570614835,-0.18239455758791095,0.004962310082077479,-0.1522310951457246,pSYK,pSTAT5
15,UPN16,BEZ-235,pIKAROS,0.14134822389666307,-0.8994648953564488,0.3590924955419488,0.0,0.33627689683268935,-0.09424739374521708,0.339636710057946,-0.08036857145410443,pSYK,pSTAT5
15,UPN16,Dasatinib,pS6,0.051432611903590754,-0.7711242405328901,0.17887489800831588,0.0,0.15899083956837107,-0.12031390782345316,0.15899083956837107,-0.12031390782345316,pSYK,pSYK
15,UPN16,Dasatinib,p4EBP1,0.0018753074274471225,-0.25887475552083944,0.017685159463882112,0.0,0.004400315091328674,-0.21752960313300101,0.004400315091328674,-0.21752960313300101,pSYK,pSYK
15,UPN16,Dasatinib,pSTAT5,0.0005379980324643384,-0.19605937811801538,0.007017029848286006,0.0,-0.00054125834754205,-0.22871832172394643,-0.00054125834754205,-0.22871832172394643,pSYK,pSYK
15,UPN16,Dasatinib,pSYK,0.0008607968519429415,-0.19652128031779342,0.008679522289768047,0.0,-0.00041337283984613574,-0.2285471470864532,-0.00041337283984613574,-0.2285471470864532,pSYK,pSYK
15,UPN16,Dasatinib,pPLCγ2,0.00010759960649286768,-0.34647411785711574,0.0009782083309654742,0.0,0.0004435878662226182,-0.21276165595784874,0.0004435878662226182,-0.21276165595784874,pSYK,pSYK
15,UPN16,Dasatinib,pAKT,0.0035046728971962616,-0.23467033803850268,0.009276393100708175,0.0,0.006330720295018603,-0.11976707267295893,0.006330720295018603,-0.11976707267295893,pSYK,pSYK
15,UPN16,Dasatinib,pERK1/2,0.0005533694048204624,-0.4823116121436212,0.006004410497802267,0.0,0.004136046168804772,-0.16531407417761412,0.004136046168804772,-0.16531407417761412,pSYK,pSYK
15,UPN16,Dasatinib,pIKAROS,0.16679476143630104,-0.6760785868354925,0.3307907316462075,0.0,0.3076178321928462,-0.09553101271486648,0.3076178321928462,-0.09553101271486648,pSYK,pSYK
15,UPN16,IL-7,pS6,0.14337860501825117,-0.6047275907029642,0.2702502628461824,0.0,0.24758046321462368,-0.1080544981252177,0.2518611382252416,-0.08765086874044066,pSYK,pSTAT5
15,UPN16,IL-7,p4EBP1,0.002844552599559341,-0.24285017989658358,0.02688905484249957,0.0,0.004829268181345492,-0.2228044941422928,0.0078086324857848145,-0.19271282703269443,pSYK,pSTAT5
15,UPN16,IL-7,pSTAT5,0.0010852050379821763,-0.18165246523059936,0.019422061415933563,0.0,-0.0036322854683088768,-0.22838587266460883,-0.000547740694660806,-0.19782909942614538,pSYK,pSTAT5
15,UPN16,IL-7,pSYK,0.0014633825512183893,-0.2100420883349587,0.01555962379539788,0.0,0.0002046848116875541,-0.2287974073745441,0.0023609951936528293,-0.1966671445703832,pSYK,pSTAT5
15,UPN16,IL-7,pPLCγ2,0.00013154000460390016,-0.4335154098881617,0.0014836350011913657,0.0,0.000825872996402688,-0.2108949192434768,0.0009231637888222052,-0.17970106240609393,pSYK,pSTAT5
15,UPN16,IL-7,pAKT,0.0038804301358150548,-0.2300110744162029,0.010639286396605111,0.0,0.0067674003686719695,-0.1317644037599173,0.007476725552589955,-0.10762531256338768,pSYK,pSTAT5
15,UPN16,IL-7,pERK1/2,0.0006248150218685258,-0.36263545457157675,0.01031256791221171,0.0,0.004786539380492846,-0.20685228981974838,0.005636085105248472,-0.17505178834502683,pSYK,pSTAT5
15,UPN16,IL-7,pIKAROS,0.16355355322437437,-0.7673337300723032,0.3496566605392816,0.0,0.3263240595233215,-0.09620415278488659,0.32977602589999616,-0.08197112747910362,pSYK,pSTAT5
15,UPN16,Pervanadate,pS6,0.14345252270948866,-1.0383151579517986,0.39900619309537955,0.0,0.37731220194944676,-0.08814273655033265,0.3717044366147447,-0.1109271001654804,pSYK,p4EBP1
15,UPN16,Pervanadate,p4EBP1,0.0009015752049807777,-0.23072667315493783,0.02639035232346385,0.0,0.0013523484783383097,-0.22664623346866014,-0.001731616077165616,-0.2545625543934168,pSYK,p4EBP1
15,UPN16,Pervanadate,pSTAT5,0.029377743000034023,-0.9742636113038622,0.2744053487016696,0.0,0.24789834053961637,-0.10539552644639232,0.24368461562252547,-0.12214987885093304,pSYK,p4EBP1
15,UPN16,Pervanadate,pSYK,0.014986561426189909,-0.5954222429772925,0.10623627687393754,0.0,0.07826658351303233,-0.18250772043090624,0.07618562451698835,-0.19608638494386899,pSYK,p4EBP1
15,UPN16,Pervanadate,pPLCγ2,0.1490661041744633,-0.8658805986576217,0.37631474947311155,0.0,0.3528722723125217,-0.08932236375338211,0.3496981570439796,-0.10141662651706801,pSYK,p4EBP1
15,UPN16,Pervanadate,pAKT,0.010886945871465995,-0.14470161521309402,0.02258708780301368,0.0,0.00457265563670697,-0.22279365898824469,0.002893320621835928,-0.243562850555103,pSYK,p4EBP1
15,UPN16,Pervanadate,pERK1/2,0.0011227162929949308,-0.3298697130247028,0.030386053185666433,0.0,0.010823316624130077,-0.22052011085406806,0.008608615309240699,-0.24548523666516267,pSYK,p4EBP1
15,UPN16,Pervanadate,pIKAROS,0.13584867145238663,-0.8052847821651697,0.3398695410877609,0.0,0.31563538277547576,-0.09565393448397042,0.30894537688802953,-0.12205986022766589,pSYK,p4EBP1
15,UPN16,TSLP,pS6,0.11274538302036703,-0.8482691105422367,0.2994466600632667,0.0,0.27541196943532054,-0.10920056875905063,0.27541196943532054,-0.10920056875905063,pSYK,pSYK
15,UPN16,TSLP,p4EBP1,0.002577369532779102,-0.24184927939820294,0.028305059764123855,0.0,0.004541336157117659,-0.2233873067692059,0.004541336157117659,-0.2233873067692059,pSYK,pSYK
15,UPN16,TSLP,pSTAT5,0.0006782551402050268,-0.22048101737500628,0.03031446316064978,0.0,-0.00016157273802792915,-0.226728986240826,-0.00016157273802792915,-0.226728986240826,pSYK,pSYK
15,UPN16,TSLP,pSYK,0.0011627230974943317,-0.20847249151128494,0.017359850210356194,0.0,-0.00041592877750858473,-0.22879124849316249,-0.00041592877750858473,-0.22879124849316249,pSYK,pSYK
15,UPN16,TSLP,pPLCγ2,0.00013565102804100537,-0.35123796879007513,0.001499728870583954,0.0,0.0006499516998586355,-0.21881009870618154,0.0006499516998586355,-0.21881009870618154,pSYK,pSYK
15,UPN16,TSLP,pAKT,0.003255624672984129,-0.2540468996111793,0.0123827498117926,0.0,0.007227774867570024,-0.14348498374199176,0.007227774867570024,-0.14348498374199176,pSYK,pSYK
15,UPN16,TSLP,pERK1/2,0.0005232253938724493,-0.30629274228763087,0.01571763031582985,0.0,0.004886839573180401,-0.21832987963323455,0.004886839573180401,-0.21832987963323455,pSYK,pSYK
15,UPN16,TSLP,pIKAROS,0.1504757475340581,-0.8422771179067162,0.34919046707713225,0.0,0.32551143548109324,-0.10036652812330087,0.32551143548109324,-0.10036652812330087,pSYK,pSYK
15,UPN16,Tofacitinib,pS6,0.11064118547508955,-0.6891887045571328,0.24925708865117507,0.0,0.22694730901155588,-0.110922684746009,0.22694730901155588,-0.110922684746009,pSYK,pSYK
15,UPN16,Tofacitinib,p4EBP1,0.002319819464389982,-0.22994420387769063,0.025102675695580765,0.0,0.0028598171578344787,-0.22449408215217626,0.0028598171578344787,-0.22449408215217626,pSYK,pSYK
15,UPN16,Tofacitinib,pSTAT5,0.0007890542395884294,-0.18124820649009443,0.011704987200702226,0.0,-0.002060969287246481,-0.22857001164715854,-0.002060969287246481,-0.22857001164715854,pSYK,pSYK
15,UPN16,Tofacitinib,pSYK,0.0014202976312591728,-0.20686804778157722,0.015297195516252686,0.0,-4.793920427855619e-05,-0.2287555971723633,-4.793920427855619e-05,-0.2287555971723633,pSYK,pSYK
15,UPN16,Tofacitinib,pPLCγ2,0.00014202976312591728,-0.3365970649966449,0.0015307892368759699,0.0,0.0006344710435154992,-0.2172428551457925,0.0006344710435154992,-0.2172428551457925,pSYK,pSYK
15,UPN16,Tofacitinib,pAKT,0.00424511180898575,-0.2153451264735997,0.011247124346333971,0.0,0.007442163108211068,-0.11702062152562698,0.007442163108211068,-0.11702062152562698,pSYK,pSYK
15,UPN16,Tofacitinib,pERK1/2,0.0005681190525036691,-0.4455173480284266,0.008285881371595204,0.0,0.005052859868609269,-0.18663015347934664,0.005052859868609269,-0.18663015347934664,pSYK,pSYK
15,UPN16,Tofacitinib,pIKAROS,0.1675319961494153,-0.7053099718187182,0.33749509220873736,0.0,0.3138871472155245,-0.09796784951510372,0.3138871472155245,-0.09796784951510372,pSYK,pSYK
16,UPN17,BCR-Crosslink,pS6,0.6184944360743266,1.2529666199381486,0.32722731767348384,0.0,0.30779904520030443,-0.08357612429994966,0.3443065197146667,0.0734709436831496,pSYK,p4EBP1
16,UPN17,BCR-Crosslink,p4EBP1,0.059974096688076545,0.13357845609892077,0.04377834376459298,0.0,0.02167643449258609,-0.1822909333910781,0.06228899935526498,0.15267118527077295,pSYK,p4EBP1
16,UPN17,BCR-Crosslink,pSTAT5,0.04928898051965216,-0.41446174230935723,0.12464262087665505,0.0,0.10157393544937963,-0.12688288859937605,0.14408159426230702,0.10691866696754482,pSYK,p4EBP1
16,UPN17,BCR-Crosslink,pSYK,0.023326196706578914,-0.31435773293359626,0.05569864240869631,0.0,0.0394482828275592,-0.15780167628632022,0.06860612536512904,0.12534014628983783,pSYK,p4EBP1
16,UPN17,BCR-Crosslink,pPLCγ2,0.11316839795945338,-0.4739967851840619,0.2153182423199929,0.0,0.19629749306744404,-0.08826028129498646,0.2312152634216174,0.07376552498286576,pSYK,p4EBP1
16,UPN17,BCR-Crosslink,pAKT,0.12117067110723442,2.388308420963328,0.0165034750270218,0.0,0.009516797468565073,-0.15942283229437035,0.02201511088273957,0.125765156806209,pSYK,p4EBP1
16,UPN17,BCR-Crosslink,pERK1/2,0.00947585441281421,-0.24187410107406201,0.022864090655458125,0.0,0.01313900327274135,-0.1756950449581251,0.0307453996598797,0.14238503834131067,pSYK,p4EBP1
16,UPN17,BCR-Crosslink,pIKAROS,0.7797293368223509,1.7864028029293335,0.35052333940051733,0.0,0.330479008024149,-0.08342672275941351,0.3686502602610575,0.07544624825435847,pSYK,p4EBP1
16,UPN17,BEZ-235,pS6,0.4982304773317356,1.4883741771835732,0.2071262668348507,0.0,0.18726183064002122,-0.10156402006769073,0.18830124259525852,-0.09624965545925578,pSYK,pSTAT5
16,UPN17,BEZ-235,p4EBP1,8.787697223886558e-05,-0.2279902820798729,0.004786851190413846,0.0,0.0008839776925826286,-0.18936414382758474,0.0008348574721358422,-0.19174741566427037,pSYK,pSTAT5
16,UPN17,BEZ-235,pSTAT5,0.0009346914319952067,-0.18447291783283587,0.010623603186191056,0.0,0.0004903101469775125,-0.19293375578422073,0.00037052941031057683,-0.1952143320299015,pSYK,pSTAT5
16,UPN17,BEZ-235,pSYK,0.0034751348112642302,-0.17582451049968092,0.01493944707886572,0.0,0.002356678196569824,-0.19297792382300075,0.002306739694231154,-0.19374381474814567,pSYK,pSTAT5
16,UPN17,BEZ-235,pPLCγ2,8.787697223886558e-05,-0.41021249221460937,0.0014655195790153693,0.0,0.0008929999322893876,-0.17047578956259254,0.00089688140828973,-0.16932002540740482,pSYK,pSTAT5
16,UPN17,BEZ-235,pAKT,0.0004713401238266427,-0.3248751029241073,0.01152375341535728,0.0,0.008260038988424378,-0.09593375965927894,0.008431582831775159,-0.09089139268524553,pSYK,pSTAT5
16,UPN17,BEZ-235,pERK1/2,0.0009107249850209706,-0.4143479585221966,0.007295478339043069,0.0,0.004923759568243547,-0.15391617755296524,0.0049848232897330156,-0.14995335754473568,pSYK,pSTAT5
16,UPN17,BEZ-235,pIKAROS,0.8356141402037148,2.1189419267629876,0.3429467765580638,0.0,0.323044836132713,-0.085597421512066,0.32314476476207354,-0.08516763261582327,pSYK,pSTAT5
16,UPN17,Dasatinib,pS6,0.4944176115098844,2.051775373946024,0.1685729212732858,0.0,0.1513828894285424,-0.1082420093780954,0.1513828894285424,-0.1082420093780954,pSYK,pSYK
16,UPN17,Dasatinib,p4EBP1,0.04473789957216134,0.4600617966655591,0.016688354995400383,0.0,0.005440559939955424,-0.1844835942905548,0.005440559939955424,-0.1844835942905548,pSYK,pSYK
16,UPN17,Dasatinib,pSTAT5,0.0009061039892213021,-0.18465190046105584,0.007008469244640495,0.0,0.0006309877536364991,-0.1929766620284353,0.0006309877536364991,-0.1929766620284353,pSYK,pSYK
16,UPN17,Dasatinib,pSYK,0.0023085953812334043,-0.15926048060764877,0.008645852556528734,0.0,0.0009726097578172449,-0.19283489720219882,0.0009726097578172449,-0.19283489720219882,pSYK,pSYK
16,UPN17,Dasatinib,pPLCγ2,7.091248611297147e-05,-0.3614584235393378,0.000979061519811518,0.0,0.0005279525158907008,-0.17954888828934792,0.0005279525158907008,-0.17954888828934792,pSYK,pSYK
16,UPN17,Dasatinib,pAKT,0.0012764247500334865,-0.32757344602787797,0.009328212825060798,0.0,0.006844326086969188,-0.10105275135881588,0.006844326086969188,-0.10105275135881588,pSYK,pSYK
16,UPN17,Dasatinib,pERK1/2,0.0011030831173128896,-0.4323125007373513,0.005991626457976862,0.0,0.004414119863377771,-0.13950491451471278,0.004414119863377771,-0.13950491451471278,pSYK,pSYK
16,UPN17,Dasatinib,pIKAROS,0.7764996021021613,1.9691400852136491,0.31661154930514096,0.0,0.2964923529547922,-0.08614599960752144,0.2964923529547922,-0.08614599960752144,pSYK,pSYK
16,UPN17,IL-7,pS6,0.5939333306654928,1.6345875786435722,0.2597722459706651,0.0,0.24022552143998965,-0.09561506286762503,0.24124429809503586,-0.0906315990771858,pSYK,pSTAT5
16,UPN17,IL-7,p4EBP1,0.055520428988755054,0.3016626383126279,0.02566403446135548,0.0,0.007003684093241411,-0.188540197602138,0.006818945486611348,-0.19040675705636415,pSYK,pSTAT5
16,UPN17,IL-7,pSTAT5,0.0009604225859378126,-0.18291834064213608,0.019424963333422966,0.0,-2.6334408148684374e-05,-0.1926936150149854,-0.0002481016011561983,-0.19489054411864176,pSYK,pSTAT5
16,UPN17,IL-7,pSYK,0.003273440313738045,-0.18242097085063394,0.015517529428827654,0.0,0.0025603435207270514,-0.19304518373154345,0.0025132723743212584,-0.1937464824680754,pSYK,pSTAT5
16,UPN17,IL-7,pPLCγ2,9.604225859378126e-05,-0.4452145668591409,0.0014844605301683452,0.0,0.0009293916105606741,-0.1779901443819547,0.0009323354438373545,-0.17704616555077982,pSYK,pSTAT5
16,UPN17,IL-7,pAKT,0.0014886550082036096,-0.3134636964157259,0.010694909073991425,0.0,0.007429663452325128,-0.11117833105176143,0.007581451055596671,-0.1060101157438223,pSYK,pSTAT5
16,UPN17,IL-7,pERK1/2,0.002457081115690904,-0.29229808314034794,0.010269957072820492,0.0,0.005605047595864653,-0.17452524596824576,0.0056611951946139065,-0.1724246321126829,pSYK,pSTAT5
16,UPN17,IL-7,pIKAROS,0.788138781063668,1.9342217861553963,0.33513142268255386,0.0,0.3148606523348487,-0.08655083610297193,0.3149747867752514,-0.08606351218407038,pSYK,pSTAT5
16,UPN17,Pervanadate,pS6,0.6022098299331509,0.865716966615133,0.38833741850878273,0.0,0.3695857882617277,-0.07590321887921371,0.40530263792831744,0.06867214988611806,pSYK,p4EBP1
16,UPN17,Pervanadate,p4EBP1,0.03895950954244744,0.12173446686446206,0.025505284083057644,0.0,0.004345351207243189,-0.19145607120232574,0.04287559474347427,0.15716739056428775,pSYK,p4EBP1
16,UPN17,Pervanadate,pSTAT5,0.05544664195905926,-0.8662323350137333,0.27379909523750623,0.0,0.25137519530987934,-0.08895850219577013,0.29311803186889845,0.07664071246707209,pSYK,p4EBP1
16,UPN17,Pervanadate,pSYK,0.05029960860378927,-0.35870046939795275,0.10541504321864453,0.0,0.08177379971616404,-0.15386116794233545,0.12407835254996336,0.12146393953788902,pSYK,p4EBP1
16,UPN17,Pervanadate,pPLCγ2,0.22107997644695368,-0.5823527616180947,0.3746400082574723,0.0,0.3547631756201163,-0.07537982534978917,0.3913713270107052,0.06345094857417434,pSYK,p4EBP1
16,UPN17,Pervanadate,pAKT,0.01944511793841571,-0.036388567729813755,0.022388060545642758,0.0,0.007181711728096028,-0.18802176179434502,0.03455387494334422,0.1504265017306024,pSYK,p4EBP1
16,UPN17,Pervanadate,pERK1/2,0.011111495964808978,-0.2144965557642731,0.030153755983996344,0.0,0.01363715933912086,-0.18604688149955892,0.04363155546159367,0.15181714588043513,pSYK,p4EBP1
16,UPN17,Pervanadate,pIKAROS,0.7813930934155381,1.8590624609952837,0.32485688011187364,0.0,0.30380396229045215,-0.085729648767622,0.34386592935679927,0.07740680550777314,pSYK,p4EBP1
16,UPN17,TSLP,pS6,0.5956918555186016,1.4174720367675284,0.2882153467493543,0.0,0.26747864092706436,-0.09559657339491098,0.26747864092706436,-0.09559657339491098,pSYK,pSYK
16,UPN17,TSLP,p4EBP1,0.049315492304122514,0.2076858918781421,0.027218126676418194,0.0,0.007125378538641786,-0.1888451495795112,0.007125378538641786,-0.1888451495795112,pSYK,pSYK
16,UPN17,TSLP,pSTAT5,0.001245262587980509,-0.2161598788920112,0.030301276940934072,0.0,0.0045866647442439415,-0.19130178663428937,0.0045866647442439415,-0.19130178663428937,pSYK,pSYK
16,UPN17,TSLP,pSYK,0.0030628818934178978,-0.18342594006134869,0.017315660470916112,0.0,0.002315855159281975,-0.19303979045653896,0.002315855159281975,-0.19303979045653896,pSYK,pSYK
16,UPN17,TSLP,pPLCγ2,7.734550235903782e-06,-0.38505248151838284,0.0015027036723933747,0.0,0.0007857329673106979,-0.18466692393596448,0.0007857329673106979,-0.18466692393596448,pSYK,pSYK
16,UPN17,TSLP,pAKT,0.0013380771908113544,-0.3087721058555959,0.01242734393928499,0.0,0.008078889948909814,-0.12107935775006255,0.008078889948909814,-0.12107935775006255,pSYK,pSYK
16,UPN17,TSLP,pERK1/2,0.002088328563694021,-0.27394957006883947,0.015681232567694468,0.0,0.006540620864892342,-0.18421866625497305,0.006540620864892342,-0.18421866625497305,pSYK,pSYK
16,UPN17,TSLP,pIKAROS,0.7808956609173177,1.9585067072019389,0.33452953885891684,0.0,0.31395927883399477,-0.09025548812243138,0.31395927883399477,-0.09025548812243138,pSYK,pSYK
16,UPN17,Tofacitinib,pS6,0.5838583809093523,1.770113272177898,0.2382520375945644,0.0,0.21898689722728729,-0.0986714547175623,0.21898689722728729,-0.0986714547175623,pSYK,pSYK
16,UPN17,Tofacitinib,p4EBP1,0.06112457386947057,0.37776022133212034,0.02373512326755563,0.0,0.004915067521943928,-0.19014637309436694,0.004915067521943928,-0.19014637309436694,pSYK,pSYK
16,UPN17,Tofacitinib,pSTAT5,0.0009118166509220849,-0.17916088846414746,0.01170213226090377,0.0,8.741785809834174e-05,-0.19284909050658272,8.741785809834174e-05,-0.19284909050658272,pSYK,pSYK
16,UPN17,Tofacitinib,pSYK,0.0038033433277200475,-0.1704897346190634,0.015241775848893132,0.0,0.00229238463781172,-0.19301056040406522,0.00229238463781172,-0.19301056040406522,pSYK,pSYK
16,UPN17,Tofacitinib,pPLCγ2,6.571651538177188e-05,-0.3555776345477806,0.0015325639635676944,0.0,0.000776281601522171,-0.18332996637034762,0.000776281601522171,-0.18332996637034762,pSYK,pSYK
16,UPN17,Tofacitinib,pAKT,0.0011418244547582864,-0.31319356925790925,0.011319293819688096,0.0,0.00811110128853631,-0.09872643519422904,0.00811110128853631,-0.09872643519422904,pSYK,pSYK
16,UPN17,Tofacitinib,pERK1/2,0.00248901302008461,-0.331712320414866,0.008241209418860763,0.0,0.0055108998688591804,-0.15744895575446397,0.0055108998688591804,-0.15744895575446397,pSYK,pSYK
16,UPN17,Tofacitinib,pIKAROS,0.8029408140633343,2.078597744224546,0.3227181429549253,0.0,0.3022080375282264,-0.08877602295481755,0.3022080375282264,-0.08877602295481755,pSYK,pSYK
17,UPN18,BCR-Crosslink,pS6,0.09770433625374293,-1.0335885693660087,0.33933871534372995,0.0,0.31605359539792566,-0.09960186088974074,0.31014683562017026,-0.12486796503961957,pSYK,p4EBP1
17,UPN18,BCR-Crosslink,p4EBP1,0.00022180326050792945,-0.37122105481675827,0.045167931983838755,0.0,0.01803608021667837,-0.22408859045760338,0.013456341367412035,-0.261913772174031,pSYK,p4EBP1
17,UPN18,BCR-Crosslink,pSTAT5,0.03449040700898303,-0.49819065651497635,0.1249867737489962,0.0,0.09662664312064977,-0.15612507557543015,0.09185280023578296,-0.18240551098499422,pSYK,p4EBP1
17,UPN18,BCR-Crosslink,pSYK,0.019555654134782448,-0.35192588609762443,0.05578632944524971,0.0,0.03579437304279294,-0.19419143892487764,0.033726311132483464,-0.21427951385182056,pSYK,p4EBP1
17,UPN18,BCR-Crosslink,pPLCγ2,0.13507818564932905,-0.36958910426646646,0.21480871237371674,0.0,0.19138880425410565,-0.10856246935193543,0.18776279528986134,-0.12537075421113122,pSYK,p4EBP1
17,UPN18,BCR-Crosslink,pAKT,0.0011090163025396474,-0.3906058215348019,0.019295606534107723,0.0,0.010831071795329638,-0.18179859464866874,0.009760964784611177,-0.20478201390041467,pSYK,p4EBP1
17,UPN18,BCR-Crosslink,pERK1/2,0.0023289342353332593,-0.3743488287304188,0.023030298101446054,0.0,0.011071169767294244,-0.21626042194519154,0.009551563502673244,-0.24373990730525913,pSYK,p4EBP1
17,UPN18,BCR-Crosslink,pIKAROS,0.20076891796976082,-0.6587356227893657,0.36398753518778687,0.0,0.3399885271399393,-0.0968578326552559,0.33272264830861203,-0.1261822645040626,pSYK,p4EBP1
17,UPN18,BEZ-235,pS6,0.04670675933595016,-0.859495270334565,0.217626818416148,0.0,0.19371113284883434,-0.12026334850650758,0.19882168115796073,-0.09456424610654046,pSYK,pSTAT5
17,UPN18,BEZ-235,p4EBP1,0.00010803413878785697,-0.22698832647490086,0.0047863824190987544,0.0,-1.7129329933158327e-05,-0.23306112067458554,0.0007497244621890789,-0.19585421590921598,pSYK,pSTAT5
17,UPN18,BEZ-235,pSTAT5,0.00046814793474738017,-0.1935700302970538,0.010634453034964261,0.0,-0.0018371477229244988,-0.237463671684001,0.00016217037501021006,-0.19939595081829403,pSYK,pSTAT5
17,UPN18,BEZ-235,pSYK,0.0001800568979797616,-0.22759055331473022,0.01501607679777931,0.0,-0.00046669643804459794,-0.2375120114010678,0.002115860873901445,-0.1978945363934518,pSYK,pSTAT5
17,UPN18,BEZ-235,pPLCγ2,7.202275919190464e-05,-0.4150623447160835,0.0014658882816443685,0.0,0.0007614481995166554,-0.20976668659217124,0.0008850995596622585,-0.1729460445412325,pSYK,pSTAT5
17,UPN18,BEZ-235,pAKT,0.0008642731103028558,-0.3130291559898633,0.0115146154389276,0.0,0.007499011677784497,-0.11802447445862148,0.008355985815997044,-0.09283674969705936,pSYK,pSTAT5
17,UPN18,BEZ-235,pERK1/2,0.0011523641470704742,-0.3982413306516707,0.007289858823646569,0.0,0.004371398920796693,-0.18936902048978427,0.004929554530620866,-0.15315218536723613,pSYK,pSTAT5
17,UPN18,BEZ-235,pIKAROS,0.1552090460585545,-0.83988089202717,0.35877015084050945,0.0,0.3350679016195917,-0.09779405667913924,0.3391807145184942,-0.08082483768236112,pSYK,pSTAT5
17,UPN18,Dasatinib,pS6,0.05122876102967987,-0.7724038873877671,0.17887963872631382,0.0,0.15823641837412666,-0.12491025471932242,0.15823641837412666,-0.12491025471932242,pSYK,pSYK
17,UPN18,Dasatinib,p4EBP1,7.29235032450959e-05,-0.2891294831245153,0.01772707536909611,0.0,0.003933887361062963,-0.2258968513302548,0.003933887361062963,-0.2258968513302548,pSYK,pSYK
17,UPN18,Dasatinib,pSTAT5,0.0009115437905636987,-0.1844833356993747,0.007008342737632533,0.0,-0.0008411775727520309,-0.23751901663018474,-0.0008411775727520309,-0.23751901663018474,pSYK,pSYK
17,UPN18,Dasatinib,pSYK,0.00010938525486764385,-0.2158670180867942,0.008696996978072124,0.0,-0.0007446360031915771,-0.237334572548046,-0.0007446360031915771,-0.237334572548046,pSYK,pSYK
17,UPN18,Dasatinib,pPLCγ2,7.29235032450959e-05,-0.3606369094544192,0.0009790147519712362,0.0,0.0004238973366299095,-0.2209444460858368,0.0004238973366299095,-0.2209444460858368,pSYK,pSYK
17,UPN18,Dasatinib,pAKT,0.0007656967840735069,-0.34889314556896367,0.009340090219618007,0.0,0.006284975556752758,-0.12431299925919856,0.006284975556752758,-0.12431299925919856,pSYK,pSYK
17,UPN18,Dasatinib,pERK1/2,0.0009480055421862467,-0.4464095768661459,0.005995232913212365,0.0,0.0040546570943714375,-0.1716371319307798,0.0040546570943714375,-0.1716371319307798,pSYK,pSYK
17,UPN18,Dasatinib,pIKAROS,0.1534675125793043,-0.7329738253831085,0.3311006676661376,0.0,0.3070614970208883,-0.09919366043052259,0.3070614970208883,-0.09919366043052259,pSYK,pSYK
17,UPN18,IL-7,pS6,0.06029790890862217,-1.017713533778759,0.27218237205803425,0.0,0.2487581828411034,-0.11250996901577752,0.2537578929238045,-0.0884955956138589,pSYK,pSTAT5
17,UPN18,IL-7,p4EBP1,0.00010741907762818677,-0.2711840958080831,0.02695270911045146,0.0,0.004048352478846853,-0.23137381773909393,0.007755644679055491,-0.1939237219501975,pSYK,pSTAT5
17,UPN18,IL-7,pSTAT5,0.0005012890289315383,-0.18757627106913347,0.01943564085800451,0.0,-0.004504763736708252,-0.2371695562806299,-0.000658447617682776,-0.19906539293387626,pSYK,pSTAT5
17,UPN18,IL-7,pSYK,7.161271841879118e-05,-0.2312877412972343,0.015591990535695545,0.0,-0.00035164331120425725,-0.2375951864016298,0.0023121849123145053,-0.1978982911149928,pSYK,pSTAT5
17,UPN18,IL-7,pPLCγ2,0.00017903179604697794,-0.4178697468474542,0.0014825305409252477,0.0,0.0007994422517010604,-0.21898136197992918,0.0009185152233374213,-0.180809485935118,pSYK,pSTAT5
17,UPN18,IL-7,pAKT,0.0007161271841879118,-0.34044892065830645,0.010712874837340626,0.0,0.006696505061770056,-0.13678136154876455,0.007533573223002008,-0.10827419482849866,pSYK,pSTAT5
17,UPN18,IL-7,pERK1/2,0.0010741907762818676,-0.34537410168979743,0.010302117313271866,0.0,0.004563166288873642,-0.21479202795428884,0.005596003380901464,-0.17613597868676112,pSYK,pSTAT5
17,UPN18,IL-7,pIKAROS,0.1501360641649957,-0.8248076809218156,0.3499686951685695,0.0,0.3257648759789085,-0.0999010815952184,0.3299774980731459,-0.0825135155971217,pSYK,pSTAT5
17,UPN18,Pervanadate,pS6,0.12136313106144823,-1.1327791649710546,0.3995198998778921,0.0,0.3770329088885129,-0.09157711668871953,0.3706648356057749,-0.11751076829960183,pSYK,p4EBP1
17,UPN18,Pervanadate,p4EBP1,7.666653888910185e-05,-0.23837741472842786,0.026409536245931096,0.0,0.0004097663370392253,-0.235362040042229,-0.0033740999873103153,-0.2696153623011088,pSYK,p4EBP1
17,UPN18,Pervanadate,pSTAT5,0.1328631118948135,-0.5491288489330216,0.2719987122157445,0.0,0.2443430495669492,-0.1091490758783777,0.2392990370636357,-0.12905636613018556,pSYK,p4EBP1
17,UPN18,Pervanadate,pSYK,0.03147161421397631,-0.4846821207579099,0.10585290355329136,0.0,0.07678836185433534,-0.189389883324607,0.0740020703702895,-0.20754586956163557,pSYK,p4EBP1
17,UPN18,Pervanadate,pPLCγ2,0.29539617433970944,-0.29310526198387743,0.3729117245855477,0.0,0.34837979209358044,-0.0927612392252212,0.3444817672091048,-0.10750062508212879,pSYK,p4EBP1
17,UPN18,Pervanadate,pAKT,0.001034998275002875,-0.269541196662869,0.022816202863396542,0.0,0.004121990991304607,-0.23133983330554087,0.0019745848233803584,-0.2579138653281754,pSYK,p4EBP1
17,UPN18,Pervanadate,pERK1/2,0.002644995591674014,-0.31226985593348305,0.03035065134151111,0.0,0.010033992946685114,-0.22898862410211698,0.007283525681405327,-0.25998908207480836,pSYK,p4EBP1
17,UPN18,Pervanadate,pIKAROS,0.18399969333384444,-0.6088617218499718,0.3387497498812153,0.0,0.3135272777997398,-0.09923742920338799,0.30592852247886426,-0.1291346153615635,pSYK,p4EBP1
17,UPN18,TSLP,pS6,0.0673722996893288,-1.0642075222244918,0.30050184804770946,0.0,0.2756121451151992,-0.11361841205127617,0.2756121451151992,-0.11361841205127617,pSYK,pSYK
17,UPN18,TSLP,p4EBP1,7.224911494834188e-05,-0.2659838057640827,0.028363318378492014,0.0,0.003689180585042782,-0.23197854464645842,0.003689180585042782,-0.23197854464645842,pSYK,pSYK
17,UPN18,TSLP,pSTAT5,0.0007224911494834188,-0.2201438864687186,0.03031343441624796,0.0,-0.0013347400253386627,-0.23544880129036289,-0.0013347400253386627,-0.23544880129036289,pSYK,pSYK
17,UPN18,TSLP,pSYK,0.0001806227873708547,-0.22142135106946048,0.017382689752452087,0.0,-0.0010754536028627255,-0.23758929948731836,-0.0010754536028627255,-0.23758929948731836,pSYK,pSYK
17,UPN18,TSLP,pPLCγ2,3.612455747417094e-05,-0.3775450784162506,0.0015020434396669034,0.0,0.0006197455310798795,-0.2272344241761301,0.0006197455310798795,-0.2272344241761301,pSYK,pSYK
17,UPN18,TSLP,pAKT,0.0006502420345350769,-0.3284174605729422,0.01244334010571002,0.0,0.007093834035124163,-0.1489745263219293,0.007093834035124163,-0.1489745263219293,pSYK,pSYK
17,UPN18,TSLP,pERK1/2,0.0010114876092767863,-0.29620042011194847,0.01570627538058789,0.0,0.00445851057477702,-0.22671934516168354,0.00445851057477702,-0.22671934516168354,pSYK,pSYK
17,UPN18,TSLP,pIKAROS,0.1640054909327361,-0.7827276067239031,0.34887582188181415,0.0,0.32427640951953485,-0.10415213228803537,0.32427640951953485,-0.10415213228803537,pSYK,pSYK
17,UPN18,Tofacitinib,pS6,0.05256838392555627,-0.9903518433465621,0.2506076189197689,0.0,0.22752407014152706,-0.1154358886721621,0.22752407014152706,-0.1154358886721621,pSYK,pSYK
17,UPN18,Tofacitinib,p4EBP1,0.00011256613260290421,-0.2527721465353498,0.02515400716841302,0.0,0.002058750999539855,-0.23312705799324976,0.002058750999539855,-0.23312705799324976,pSYK,pSYK
17,UPN18,Tofacitinib,pSTAT5,0.000525308618813553,-0.1857328362207755,0.011711120819790014,0.0,-0.002584025090876862,-0.23736121673365884,-0.002584025090876862,-0.23736121673365884,pSYK,pSYK
17,UPN18,Tofacitinib,pSYK,3.752204420096807e-05,-0.227985308428526,0.015329353088044735,0.0,-0.0006041218506614224,-0.23755155205573208,-0.0006041218506614224,-0.23755155205573208,pSYK,pSYK
17,UPN18,Tofacitinib,pPLCγ2,0.0001500881768038723,-0.3345932838025733,0.001530601831906715,0.0,0.0005998264916616528,-0.22559079834081935,0.0005998264916616528,-0.22559079834081935,pSYK,pSYK
17,UPN18,Tofacitinib,pAKT,0.0006003527072154891,-0.3302860690349838,0.011331886185910023,0.0,0.007385679821323546,-0.12145300486158057,0.007385679821323546,-0.12145300486158057,pSYK,pSYK
17,UPN18,Tofacitinib,pERK1/2,0.001050617237627106,-0.41689759000320953,0.008274660483569079,0.0,0.004916871220271509,-0.19377711399966518,0.004916871220271509,-0.19377711399966518,pSYK,pSYK
17,UPN18,Tofacitinib,pIKAROS,0.12956361862594273,-0.8691008936456157,0.3383780777325391,0.0,0.31392072186256675,-0.10179328545419847,0.31392072186256675,-0.10179328545419847,pSYK,pSYK
18,UPN19,BCR-Crosslink,pS6,0.40645833083984634,0.3142998677151762,0.3321583898882392,0.0,0.30983092009315827,-0.09444853808940663,0.31393696131233584,-0.07707936934590644,pSYK,p4EBP1
18,UPN19,BCR-Crosslink,p4EBP1,0.03840767914208088,-0.048423759907053304,0.0442798883586859,0.0,0.018666971406611103,-0.21121075480407062,0.024772920136401585,-0.16085951826091946,pSYK,p4EBP1
18,UPN19,BCR-Crosslink,pSTAT5,0.08738375363550406,-0.1997532935172096,0.12375669592047246,0.0,0.09696555682111743,-0.1471318495558024,0.10334829000714607,-0.11207909067911094,pSYK,p4EBP1
18,UPN19,BCR-Crosslink,pSYK,0.009144115570130819,-0.45585335856776077,0.056028458249078816,0.0,0.03720178012048886,-0.18305054449330094,0.042481160955005814,-0.13171947430953476,pSYK,p4EBP1
18,UPN19,BCR-Crosslink,pPLCγ2,0.2084475350384795,-0.02154365553215697,0.21310244843443413,0.0,0.19094221421348676,-0.10256097417041163,0.19642135641441247,-0.07720266088986139,pSYK,p4EBP1
18,UPN19,BCR-Crosslink,pAKT,0.0006463118334909217,-0.40081228185144235,0.019306367103155368,0.0,0.011330266236444569,-0.17132420791169023,0.013447312966300463,-0.12585069144471925,pSYK,p4EBP1
18,UPN19,BCR-Crosslink,pERK1/2,0.011501956888606958,-0.2043792002378319,0.02281697199323039,0.0,0.011536488150332098,-0.2037554740130473,0.014529759681190208,-0.1496890467113746,pSYK,p4EBP1
18,UPN19,BCR-Crosslink,pIKAROS,0.29900300415315195,-0.25196959884408787,0.36170302155561496,0.0,0.3389613080731478,-0.09139104996451466,0.34238178053948465,-0.07764535880037961,pSYK,p4EBP1
18,UPN19,BEZ-235,pS6,0.07603248660791428,-0.7066545908538282,0.21694482475866048,0.0,0.19436379949607213,-0.11324051092618836,0.19804550198969445,-0.09477731598230112,pSYK,pSTAT5
18,UPN19,BEZ-235,p4EBP1,8.640055296353897e-05,-0.2280636713228847,0.004786885525745831,0.0,0.00026066930045194007,-0.2196082947863823,0.0007359511385657781,-0.19654801025383323,pSYK,pSTAT5
18,UPN19,BEZ-235,pSTAT5,0.00038880248833592535,-0.19511729362090466,0.010636298277904063,0.0,-0.0011151760860350218,-0.2237537756572103,0.0001269940701807415,-0.200102252975522,pSYK,pSTAT5
18,UPN19,BEZ-235,pSYK,0.0010368066355624676,-0.21412721798655251,0.014996152385277389,0.0,0.00040606861837939705,-0.22380232592637295,0.002049425612648377,-0.19859430632067288,pSYK,pSTAT5
18,UPN19,BEZ-235,pPLCγ2,0.00020520131328840505,-0.37434293197233587,0.0014627911059677057,0.0,0.0007988021891557739,-0.19764756311114512,0.0008798202199494482,-0.17353117208564706,pSYK,pSTAT5
18,UPN19,BEZ-235,pAKT,0.0004320027648176948,-0.32606119885502166,0.011524668237659814,0.0,0.007740889408032409,-0.1112215512503378,0.00835528816297846,-0.09316172648565807,pSYK,pSTAT5
18,UPN19,BEZ-235,pERK1/2,0.0002700017280110593,-0.45709280319792406,0.007310378879903765,0.0,0.00456120193431318,-0.17848887487643758,0.0049425706931439176,-0.1537287077340862,pSYK,pSTAT5
18,UPN19,BEZ-235,pIKAROS,0.3545986694314844,0.001904999488402143,0.35413318285509243,0.0,0.3315467306969613,-0.0924348455750733,0.33428408881016486,-0.08123223293338143,pSYK,pSTAT5
18,UPN19,Dasatinib,pS6,0.0491108580438877,-0.7857039235505716,0.1789288922841229,0.0,0.1594720678675875,-0.1177594728912352,0.1594720678675875,-0.1177594728912352,pSYK,pSYK
18,UPN19,Dasatinib,p4EBP1,0.006997065393543866,-0.17298478592706207,0.017566048813507765,0.0,0.004560418429542752,-0.21286590189620777,0.004560418429542752,-0.21286590189620777,pSYK,pSYK
18,UPN19,Dasatinib,pSTAT5,0.00036135079497174894,-0.20153424109658905,0.007021137923576531,0.0,-0.00037451862182123416,-0.22380265322384466,-0.00037451862182123416,-0.22380265322384466,pSYK,pSYK
18,UPN19,Dasatinib,pSYK,0.00027375060225132494,-0.21163482697182634,0.008693174528132968,0.0,-0.00020361976549421873,-0.22363424594261133,-0.00020361976549421873,-0.22363424594261133,pSYK,pSYK
18,UPN19,Dasatinib,pPLCγ2,0.00017520038544084797,-0.31887759393286413,0.000976636219827149,0.0,0.00045341240508542683,-0.20818179569045095,0.00045341240508542683,-0.20818179569045095,pSYK,pSYK
18,UPN19,Dasatinib,pAKT,0.00047085103587227894,-0.36120609680294774,0.009346947097483153,0.0,0.006468132638836906,-0.1171512032778503,0.006468132638836906,-0.1171512032778503,pSYK,pSYK
18,UPN19,Dasatinib,pERK1/2,0.00021900048180105997,-0.5127645240411774,0.0060121865192678346,0.0,0.004184273749217649,-0.16179159713873573,0.004184273749217649,-0.16179159713873573,pSYK,pSYK
18,UPN19,Dasatinib,pIKAROS,0.28738338224344095,-0.16655764185228486,0.3279863451158089,0.0,0.30516291446780236,-0.09362412294049995,0.30516291446780236,-0.09362412294049995,pSYK,pSYK
18,UPN19,IL-7,pS6,0.12885809412399893,-0.6762622149006355,0.2705879491460488,0.0,0.24841996856846468,-0.10577423961196454,0.25203321090286057,-0.08853369940502546,pSYK,pSTAT5
18,UPN19,IL-7,p4EBP1,0.012744083505804013,-0.14047528982622287,0.026658833193517136,0.0,0.005061069968383451,-0.2180385645979536,0.007381694419668013,-0.19461087817252895,pSYK,pSTAT5
18,UPN19,IL-7,pSTAT5,0.0003936830738774408,-0.188667979086,0.01943814332207553,0.0,-0.003119923258796023,-0.22347626440624138,-0.0007270262721036647,-0.1997705235894103,pSYK,pSTAT5
18,UPN19,IL-7,pSYK,0.0010910645190317645,-0.21572492439823557,0.01556828235428594,0.0,0.0005437276397555792,-0.22388078750990978,0.0022404664962288948,-0.19859769336146643,pSYK,pSTAT5
18,UPN19,IL-7,pPLCγ2,0.00022496175650139476,-0.4027453765375357,0.0014814624023100286,0.0,0.0008377025528511361,-0.20634394724342722,0.0009154076166428615,-0.18143719110281958,pSYK,pSTAT5
18,UPN19,IL-7,pAKT,0.0003824349860523711,-0.3521104065386241,0.010720635121018196,0.0,0.00693606310858072,-0.12889934151758067,0.007530413235908128,-0.10865627577814686,pSYK,pSTAT5
18,UPN19,IL-7,pERK1/2,0.0003824349860523711,-0.37194881938741975,0.01031820465723069,0.0,0.0049110882062697115,-0.20241719029168265,0.005596097143922751,-0.17677365445479942,pSYK,pSTAT5
18,UPN19,IL-7,pIKAROS,0.3177247367947449,-0.11610317911926044,0.34607128417717997,0.0,0.3230506979423076,-0.09428884622167215,0.3258494350224193,-0.08282564161562289,pSYK,pSTAT5
18,UPN19,Pervanadate,pS6,0.49201348523599164,0.406545394877339,0.3909001241994144,0.0,0.36924772086756946,-0.08705758341277933,0.37282918923876573,-0.07265761234780826,pSYK,p4EBP1
18,UPN19,Pervanadate,p4EBP1,0.0032318065566147407,-0.20911956910392535,0.02633616089668166,0.0,0.0018332957179646343,-0.22177761527397177,0.00804346334111036,-0.16556883495920358,pSYK,p4EBP1
18,UPN19,Pervanadate,pSTAT5,0.2860265054638456,0.06918327879539396,0.2684367728304182,0.0,0.24218550937660818,-0.10325048800371656,0.24820813751331083,-0.07956251217452999,pSYK,p4EBP1
18,UPN19,Pervanadate,pSYK,0.025703324808184144,-0.5233795549917829,0.10598704981854234,0.0,0.07860379730083591,-0.17851481748132286,0.08641189812942057,-0.1276128403188487,pSYK,p4EBP1
18,UPN19,Pervanadate,pPLCγ2,0.399418739827947,0.10928285296820912,0.37049259515558863,0.0,0.34724795846251444,-0.08781813970722821,0.35294250249842074,-0.06630417627913203,pSYK,p4EBP1
18,UPN19,Pervanadate,pAKT,0.0005347593582887701,-0.27588667836011765,0.02282783632657594,0.0,0.00521304063238405,-0.21799088035159128,0.010027636867857697,-0.15840812446107472,pSYK,p4EBP1
18,UPN19,Pervanadate,pERK1/2,0.0068704952336665895,-0.26345077579424986,0.0302523839079764,0.0,0.011102807212993351,-0.21576404313171632,0.01608069476496054,-0.1596766861329128,pSYK,p4EBP1
18,UPN19,Pervanadate,pIKAROS,0.2591490351081144,-0.3053296595588686,0.3370020907701858,0.0,0.3131359442365498,-0.09359995358084916,0.316744502596858,-0.0794476523476943,pSYK,p4EBP1
18,UPN19,TSLP,pS6,0.13966547452896022,-0.7214655578081629,0.298820611423532,0.0,0.27526580529657835,-0.10677620385387233,0.27526580529657835,-0.10677620385387233,pSYK,pSYK
18,UPN19,TSLP,p4EBP1,0.01420751919050942,-0.12991645207352995,0.02803459116743245,0.0,0.004767423212918308,-0.21861373944493462,0.004767423212918308,-0.21861373944493462,pSYK,pSYK
18,UPN19,TSLP,pSTAT5,0.005015701325889741,-0.1874324206314648,0.03021359231912223,0.0,0.0003871558933102835,-0.22186147164466577,0.0003871558933102835,-0.22186147164466577,pSYK,pSYK
18,UPN19,TSLP,pSYK,0.001319347522679693,-0.20640764894575092,0.01735620778186351,0.0,-3.7801394320191584e-05,-0.2238752774403497,-3.7801394320191584e-05,-0.2238752774403497,pSYK,pSYK
18,UPN19,TSLP,pPLCγ2,0.00020717027215631543,-0.33234432116254387,0.001498065632348714,0.0,0.0006664470424171394,-0.21410233877962667,0.0006664470424171394,-0.21410233877962667,pSYK,pSYK
18,UPN19,TSLP,pAKT,0.0004579553384508025,-0.33391094367627655,0.012447811889339886,0.0,0.007406849698020866,-0.14038803843862072,0.007406849698020866,-0.14038803843862072,pSYK,pSYK
18,UPN19,TSLP,pERK1/2,0.0003271109560362875,-0.31034701225611927,0.015722191116709763,0.0,0.005124225908342038,-0.2136427224856581,0.005124225908342038,-0.2136427224856581,pSYK,pSYK
18,UPN19,TSLP,pIKAROS,0.3527237438939288,0.034628206357256656,0.34448702530132125,0.0,0.32106941318736926,-0.09845060208854464,0.32106941318736926,-0.09845060208854464,pSYK,pSYK
18,UPN19,Tofacitinib,pS6,0.11578573253218122,-0.6627426974938342,0.24913744802194043,0.0,0.22729783022968617,-0.1085403900108392,0.22729783022968617,-0.1085403900108392,pSYK,pSYK
18,UPN19,Tofacitinib,p4EBP1,0.010784455279496208,-0.14247104954317177,0.024905823699880616,0.0,0.0031306819104031033,-0.2196902745076734,0.0031306819104031033,-0.2196902745076734,pSYK,pSYK
18,UPN19,Tofacitinib,pSTAT5,0.00038872907804569234,-0.18805528453294806,0.011714297088179964,0.0,-0.0017553402580259888,-0.22365646309569537,-0.0017553402580259888,-0.22365646309569537,pSYK,pSYK
18,UPN19,Tofacitinib,pSYK,0.0010773348734409187,-0.21210502864692798,0.015305171394341482,0.0,0.00029018044273994466,-0.22383973004219104,0.00029018044273994466,-0.22383973004219104,pSYK,pSYK
18,UPN19,Tofacitinib,pPLCγ2,0.00015549163121827693,-0.33324972930729957,0.0015304761701761473,0.0,0.0006533867719683466,-0.21257679359259152,0.0006533867719683466,-0.21257679359259152,pSYK,pSYK
18,UPN19,Tofacitinib,pAKT,0.0004664748936548308,-0.3345131784116331,0.011334999623434688,0.0,0.007616243474247902,-0.11445646673589283,0.007616243474247902,-0.11445646673589283,pSYK,pSYK
18,UPN19,Tofacitinib,pERK1/2,0.00026655708208847475,-0.46341751483543436,0.008292894440674627,0.0,0.005129581909666956,-0.18264052036128084,0.005129581909666956,-0.18264052036128084,pSYK,pSYK
18,UPN19,Tofacitinib,pIKAROS,0.30524117862656464,-0.11988520941486072,0.3342925530813618,0.0,0.3110227260133398,-0.09602671623809363,0.3110227260133398,-0.09602671623809363,pSYK,pSYK
19,UPN20,BCR-Crosslink,pS6,0.38690159492198617,0.22952511732400985,0.33261319770028247,0.0,0.30990651813104886,-0.09600123707618799,0.3063361231410286,-0.11109645761900111,pSYK,p4EBP1
19,UPN20,BCR-Crosslink,p4EBP1,0.04193320877516426,-0.018674791618294967,0.0441978992974514,0.0,0.018119627387656764,-0.21504319856861293,0.01606844686007722,-0.2319573722921675,pSYK,p4EBP1
19,UPN20,BCR-Crosslink,pSTAT5,0.1235848006038184,0.0036777488040301573,0.12291481110725583,0.0,0.09559710552643558,-0.14995408068957056,0.09345293690063267,-0.16172398699354062,pSYK,p4EBP1
19,UPN20,BCR-Crosslink,pSYK,0.014736633712369615,-0.39999152752244355,0.05589839968763141,0.0,0.03672684334102126,-0.18630056136736048,0.03637629801635485,-0.18970700316005318,pSYK,p4EBP1
19,UPN20,BCR-Crosslink,pPLCγ2,0.20536012571301304,-0.03616531848287316,0.2131742486513054,0.0,0.19061901783622787,-0.10439010395967156,0.1891280729849821,-0.11129049390893511,pSYK,p4EBP1
19,UPN20,BCR-Crosslink,pAKT,0.0035387718234573553,-0.3370543183674731,0.019239100591760802,0.0,0.011116212101720568,-0.17438199438936666,0.010794683977646909,-0.1812845532016641,pSYK,p4EBP1
19,UPN20,BCR-Crosslink,pERK1/2,0.00408319825783541,-0.3417957776288714,0.02298950126371345,0.0,0.011515414594692448,-0.2074331705357626,0.011055181331967196,-0.215753453241215,pSYK,p4EBP1
19,UPN20,BCR-Crosslink,pIKAROS,0.4949207488338138,0.5552379955687287,0.3571467949351344,0.0,0.33375325923386584,-0.0942774704832098,0.3290420676071694,-0.11326387917313384,pSYK,p4EBP1
19,UPN20,BEZ-235,pS6,0.21349785459746431,-0.0012469966341941156,0.2137479557356477,0.0,0.19059240542609368,-0.11545286642299958,0.19472007603872488,-0.09487242685203308,pSYK,pSTAT5
19,UPN20,BEZ-235,p4EBP1,3.6362754842306853e-05,-0.230550980458265,0.004788049195469581,0.0,0.00018051322152998206,-0.22355682546853195,0.0007378082780993391,-0.1965169685036334,pSYK,pSTAT5
19,UPN20,BEZ-235,pSTAT5,0.00043635305810768224,-0.19419003736324336,0.01063519245070007,0.0,-0.0013276762103775694,-0.22777786989699336,0.0001275178633125297,-0.20007038469569713,pSYK,pSTAT5
19,UPN20,BEZ-235,pSYK,0.0008484642796538266,-0.21708667309594917,0.01500053244006596,0.0,0.00014832566541158124,-0.22782650000669172,0.002056049344606469,-0.19856283465343486,pSYK,pSTAT5
19,UPN20,BEZ-235,pPLCγ2,0.00023029744733461008,-0.3666747504086839,0.0014622074749433753,0.0,0.0007862609044638543,-0.20119370283987834,0.0008793053922085434,-0.17349925798913576,pSYK,pSTAT5
19,UPN20,BEZ-235,pAKT,0.0007636178516884439,-0.3160633642780744,0.011516956258895377,0.0,0.00766488561904287,-0.11322050509008492,0.008347762826114876,-0.09314929936002606,pSYK,pSTAT5
19,UPN20,BEZ-235,pERK1/2,0.0008605851979345956,-0.4176909881402548,0.007296644380603218,0.0,0.004497391823327623,-0.1816674666154603,0.004928647730112965,-0.1536795782611145,pSYK,pSTAT5
19,UPN20,BEZ-235,pIKAROS,0.6211970618894087,1.1349658664568456,0.3479332202397919,0.0,0.32460844487849394,-0.09687642433055847,0.3278321645771055,-0.08348712335732518,pSYK,pSTAT5
19,UPN20,Dasatinib,pS6,0.24426858796433001,0.42078641942828887,0.17439034042550797,0.0,0.1543432151468221,-0.12071793960147689,0.1543432151468221,-0.12071793960147689,pSYK,pSYK
19,UPN20,Dasatinib,p4EBP1,0.00787810783676844,-0.15822022830925264,0.01754555945436301,0.0,0.0043049267951591665,-0.21669991277592093,0.0043049267951591665,-0.21669991277592093,pSYK,pSYK
19,UPN20,Dasatinib,pSTAT5,0.0004724502450835646,-0.19809086529969824,0.007018554215434397,0.0,-0.0005102374014790637,-0.22782785803745373,-0.0005102374014790637,-0.22782785803745373,pSYK,pSYK
19,UPN20,Dasatinib,pSYK,0.00048426150121065375,-0.20621483402828827,0.00868827892583159,0.0,-0.00036876049024027815,-0.22765625465004688,-0.00036876049024027815,-0.22765625465004688,pSYK,pSYK
19,UPN20,Dasatinib,pPLCγ2,8.267879288962381e-05,-0.3566520473894587,0.0009787878847702005,0.0,0.00044627708367141184,-0.21193967251276852,0.00044627708367141184,-0.21193967251276852,pSYK,pSYK
19,UPN20,Dasatinib,pAKT,0.0009803342585483967,-0.33993206684096827,0.009335098650444172,0.0,0.006404015075790944,-0.11925761767524838,0.006404015075790944,-0.11925761767524838,pSYK,pSYK
19,UPN20,Dasatinib,pERK1/2,0.0015000295281403177,-0.39625545285241304,0.005982395146097153,0.0,0.004120105939048721,-0.16463232051505622,0.004120105939048721,-0.16463232051505622,pSYK,pSYK
19,UPN20,Dasatinib,pIKAROS,0.5270182483907163,0.8459973825045943,0.3224134412519188,0.0,0.2988818502965301,-0.09729812624061619,0.2988818502965301,-0.09729812624061619,pSYK,pSYK
19,UPN20,IL-7,pS6,0.2617029933158965,-0.027507615589710422,0.267498532885772,0.0,0.24476922940162935,-0.10788105841145934,0.248819604298161,-0.0886565920257697,pSYK,pSTAT5
19,UPN20,IL-7,p4EBP1,0.0051496657948270855,-0.2189990002349306,0.026835447558888687,0.0,0.00485861984944989,-0.22193819660578343,0.0075686498613710546,-0.19457031705804445,pSYK,pSTAT5
19,UPN20,IL-7,pSTAT5,0.0003952339436210404,-0.18865224474402842,0.01943810725533731,0.0,-0.003525652476729011,-0.2274953338344925,-0.0007238495140928919,-0.1997386812758385,pSYK,pSTAT5
19,UPN20,IL-7,pSYK,0.0009299622202848009,-0.21818404176890988,0.01557202891937308,0.0,0.0002775068862967585,-0.22790639481979844,0.002246491392099861,-0.19856620627365348,pSYK,pSTAT5
19,UPN20,IL-7,pPLCγ2,0.00036036036036036037,-0.35819603941018885,0.0014783135975691226,0.0,0.0008228230045819647,-0.21002142707225915,0.0009122193596821775,-0.18137852925789957,pSYK,pSTAT5
19,UPN20,IL-7,pAKT,0.0008950886370241209,-0.33419611901581875,0.010708712943088622,0.0,0.006855593407968838,-0.13121529361433903,0.007518507887696525,-0.1086402041820406,pSYK,pSTAT5
19,UPN20,IL-7,pERK1/2,0.0011740773031095613,-0.34153826111268976,0.010299794370787499,0.0,0.004794564921651116,-0.20603821914926457,0.005577681158142686,-0.1767293817530487,pSYK,pSTAT5
19,UPN20,IL-7,pIKAROS,0.4667015402499273,0.5097278778834169,0.3426067073526408,0.0,0.31898694562208846,-0.09701976095162347,0.3222455128585708,-0.0836349767215874,pSYK,pSTAT5
19,UPN20,Pervanadate,pS6,0.39959346266131895,0.02626129503109998,0.39304942704998813,0.0,0.371120048280418,-0.08800286549774822,0.36707921333303445,-0.10421878561613505,pSYK,p4EBP1
19,UPN20,Pervanadate,p4EBP1,0.003192273062126545,-0.20948608525521858,0.02633708028027441,0.0,0.0013936490808188415,-0.2257656201478172,-2.94397258859512e-05,-0.23864614666407843,pSYK,p4EBP1
19,UPN20,Pervanadate,pSTAT5,0.46324793320782515,0.788022846619922,0.26431534427823267,0.0,0.23737061787436572,-0.1067349503488599,0.23489488738928427,-0.11654195177992306,pSYK,p4EBP1
19,UPN20,Pervanadate,pSYK,0.020736132711249352,-0.556746179073478,0.10610256591381989,0.0,0.07823425103824358,-0.1817526777460169,0.07791740585327293,-0.18381909120002224,pSYK,p4EBP1
19,UPN20,Pervanadate,pPLCγ2,0.5297809063872746,0.6158587573279224,0.3674609168635113,0.0,0.3436350030097915,-0.09039797095357657,0.34196287856654933,-0.09674218330064538,pSYK,p4EBP1
19,UPN20,Pervanadate,pAKT,0.0034378325284439713,-0.23907170318425786,0.02276032299703745,0.0,0.004825284589873004,-0.2219051517010787,0.004308994418762202,-0.22829306379477973,pSYK,p4EBP1
19,UPN20,Pervanadate,pERK1/2,0.003124062099260593,-0.30673253184762245,0.030339510259939327,0.0,0.010850357772766675,-0.21965308271468753,0.009920303867091869,-0.230135283395644,pSYK,p4EBP1
19,UPN20,Pervanadate,pIKAROS,0.433999072330905,0.3966519631323683,0.3329358108347721,0.0,0.3084241371257778,-0.09620314397536701,0.3035164449991786,-0.11546479937463713,pSYK,p4EBP1
19,UPN20,TSLP,pS6,0.26425661914460286,-0.14271974086571748,0.29592314294409844,0.0,0.27179269084263424,-0.10875497079185045,0.27179269084263424,-0.10875497079185045,pSYK,pSYK
19,UPN20,TSLP,p4EBP1,0.005503830860246339,-0.2136678833999648,0.028237002523950196,0.0,0.004562095039058595,-0.22251920879405315,0.004562095039058595,-0.22251920879405315,pSYK,pSYK
19,UPN20,TSLP,pSTAT5,0.0005091649694501018,-0.22176970134244492,0.03031839549020222,0.0,-3.884134733633457e-05,-0.22584666660066907,-3.884134733633457e-05,-0.22584666660066907,pSYK,pSYK
19,UPN20,TSLP,pSYK,0.0007758704296382504,-0.21357279218087952,0.017368846784027267,0.0,-0.0003372764130559272,-0.22790041335166733,-0.0003372764130559272,-0.22790041335166733,pSYK,pSYK
19,UPN20,TSLP,pPLCγ2,0.00012122975463097663,-0.35504876151835124,0.0015000642490353498,0.0,0.0006536091324554953,-0.21796150447510576,0.0006536091324554953,-0.21796150447510576,pSYK,pSYK
19,UPN20,TSLP,pAKT,0.0009940839879740084,-0.31859587277792806,0.01243534378121144,0.0,0.00730322222845631,-0.1429102017479645,0.00730322222845631,-0.1429102017479645,pSYK,pSYK
19,UPN20,TSLP,pERK1/2,0.0009940839879740084,-0.2965601143614137,0.015706680115967025,0.0,0.004917426302512264,-0.21747775286950236,0.004917426302512264,-0.21747775286950236,pSYK,pSYK
19,UPN20,TSLP,pIKAROS,0.46742556493065657,0.5297776973009977,0.34181954109116475,0.0,0.31783746630899995,-0.10115094775097057,0.31783746630899995,-0.10115094775097057,pSYK,pSYK
19,UPN20,Tofacitinib,pS6,0.27165750176884595,0.12930374025757482,0.2455125231559715,0.0,0.2230886639612299,-0.11090041066094111,0.2230886639612299,-0.11090041066094111,pSYK,pSYK
19,UPN20,Tofacitinib,p4EBP1,0.005275505517558124,-0.19938872234122756,0.025033938810623366,0.0,0.002873948981056352,-0.2236236038392143,0.002873948981056352,-0.2236236038392143,pSYK,pSYK
19,UPN20,Tofacitinib,pSTAT5,0.00048410521219945134,-0.18643346657075432,0.01171207903854848,0.0,-0.0019999200722645057,-0.22767914918405324,-0.0019999200722645057,-0.22767914918405324,pSYK,pSYK
19,UPN20,Tofacitinib,pSYK,0.0008316679286503395,-0.21585656838125789,0.015310884579104053,0.0,2.6198345729601044e-05,-0.22786453153990746,2.6198345729601044e-05,-0.22786453153990746,pSYK,pSYK
19,UPN20,Tofacitinib,pPLCγ2,0.00034756271645088814,-0.2855176972176564,0.0015260094007521333,0.0,0.0006329207924287155,-0.21638026247324083,0.0006329207924287155,-0.21638026247324083,pSYK,pSYK
19,UPN20,Tofacitinib,pAKT,0.000769603157855538,-0.3249426778662729,0.011327950128918395,0.0,0.007542103370200485,-0.11651285822872617,0.007542103370200485,-0.11651285822872617,pSYK,pSYK
19,UPN20,Tofacitinib,pERK1/2,0.001315773140849791,-0.40117986539945016,0.008268494067215061,0.0,0.005047101000955358,-0.18587802536702794,0.005047101000955358,-0.18587802536702794,pSYK,pSYK
19,UPN20,Tofacitinib,pIKAROS,0.4743734561388265,0.5966545971856438,0.33035924430200686,0.0,0.3064606924241521,-0.09901231734100334,0.3064606924241521,-0.09901231734100334,pSYK,pSYK
20,UPN21,BCR-Crosslink,pS6,0.15396341463414634,-0.7832690035653933,0.33803036468372055,0.0,0.36918806245850205,0.13258685974245726,8.553769525370434,34.96083258950674,pSYK,pPLCγ2
20,UPN21,BCR-Crosslink,p4EBP1,0.002518557794273595,-0.35175301848307056,0.045114519087704676,0.0,0.08062723195193111,0.2932602895955919,8.353805633139466,68.61230713583831,pSYK,pPLCγ2
20,UPN21,BCR-Crosslink,pSTAT5,0.018292682926829267,-0.5901160279944865,0.12536346500672071,0.0,0.16269887061604105,0.20577248838339224,9.168654788971878,49.84171267296238,pSYK,pPLCγ2
20,UPN21,BCR-Crosslink,pSYK,0.005567338282078473,-0.49163173902516394,0.056111639116242826,0.0,0.08232725733914453,0.2549927442627376,6.249042871331408,60.237089070569,pSYK,pPLCγ2
20,UPN21,BCR-Crosslink,pPLCγ2,0.0005302226935312832,-1.0182551662375896,0.2179377347680376,0.0,0.24906699486467557,0.14579776757526397,8.26023172035177,37.66708574640096,pSYK,pPLCγ2
20,UPN21,BCR-Crosslink,pAKT,0.010471898197242842,-0.18458212655258194,0.019077865094696025,0.0,0.030153720508643338,0.23755668248042372,2.7667841767538373,58.93323553197584,pSYK,pPLCγ2
20,UPN21,BCR-Crosslink,pERK1/2,0.0082847295864263,-0.2639278019889055,0.022891791232815983,0.0,0.03853721547351607,0.2826894642463916,3.868554249915046,69.48538073446929,pSYK,pPLCγ2
20,UPN21,BCR-Crosslink,pIKAROS,0.3009013785790032,-0.24415227373766574,0.3616588733131533,0.0,0.39333524072029474,0.12729058628969922,8.498367391214028,32.69713298875572,pSYK,pPLCγ2
20,UPN21,BEZ-235,pS6,0.1477975454285986,-0.3368888113541867,0.21527586990236547,0.0,0.24687201866398625,0.15774530684754393,0.26722116564926185,0.25933941122703635,pSYK,pSTAT5
20,UPN21,BEZ-235,p4EBP1,0.00185519931500333,-0.14019443398108994,0.004745750670814674,0.0,0.011016975569468013,0.3041602506965473,0.015736527836898405,0.53306293303303,pSYK,pSTAT5
20,UPN21,BEZ-235,pSTAT5,0.017124916753876892,0.13092536658154566,0.01024708631824032,0.0,0.0264937592804406,0.3092692722235869,0.0386575731112676,0.5408178397164846,pSYK,pSTAT5
20,UPN21,BEZ-235,pSYK,0.005137475026163067,-0.14972203203670453,0.01490078800410063,0.0,0.03511490420064001,0.30998684151691147,0.05002803387283567,0.5386821710217204,pSYK,pSTAT5
20,UPN21,BEZ-235,pPLCγ2,0.001141661116925126,-0.08897042931642234,0.0014410129709994098,0.0,0.0023616340515583804,0.2736179905361632,0.003023375131145544,0.470294199972878,pSYK,pSTAT5
20,UPN21,BEZ-235,pAKT,0.009180858148606223,-0.0628392654357277,0.011321206484548452,0.0,0.01657476016456572,0.15424099369045868,0.019938140161799286,0.25298769059871457,pSYK,pSTAT5
20,UPN21,BEZ-235,pERK1/2,0.007468366473218533,0.021074811095536425,0.0071429750486198705,0.0,0.010954179534256949,0.2468424442356762,0.01356433384177093,0.415895789845215,pSYK,pSTAT5
20,UPN21,BEZ-235,pIKAROS,0.3470649795452383,-0.02964387110450206,0.3543083849454703,0.0,0.3855477872750495,0.12784826540428998,0.4080553038674121,0.2199610057356635,pSYK,pSTAT5
20,UPN21,Dasatinib,pS6,0.14586446339105213,-0.18524785144496425,0.17667880843884,0.0,0.2038558814498638,0.16338151520168365,0.2212294712703124,0.26782703176654893,pSYK,pSTAT5
20,UPN21,Dasatinib,p4EBP1,0.0025490023732091063,-0.24757048733089781,0.017669492139562065,0.0,0.035699731060823914,0.2952123314393121,0.049300024006604284,0.5178923639288908,pSYK,pSTAT5
20,UPN21,Dasatinib,pSTAT5,0.017447481761448537,0.327794132440374,0.006623786040635212,0.0,0.016834237144209653,0.30922210376674797,0.024478935918049477,0.540740752015529,pSYK,pSTAT5
20,UPN21,Dasatinib,pSYK,0.004482728311505669,-0.1033344384541327,0.00859529132559217,0.0,0.020917254408185912,0.30960817656315126,0.030084195388448438,0.539941595234917,pSYK,pSTAT5
20,UPN21,Dasatinib,pPLCγ2,0.0009229146523688143,-0.014439187824938237,0.0009592475159451031,0.0,0.001683943229141626,0.288004205801193,0.002209491206026903,0.4968643176205964,pSYK,pSTAT5
20,UPN21,Dasatinib,pAKT,0.009185198206908675,0.0016622947080316723,0.00914428786094742,0.0,0.013138320541676162,0.1622880284407494,0.015682285861599247,0.2656560149331957,pSYK,pSTAT5
20,UPN21,Dasatinib,pERK1/2,0.008086490287421992,0.19927823348595597,0.005829221640067347,0.0,0.008360502974213037,0.22346886947447805,0.010061172290954991,0.3736088971496412,pSYK,pSTAT5
20,UPN21,Dasatinib,pIKAROS,0.3187131932846972,-0.035039846366061216,0.3272577448590354,0.0,0.358894280769428,0.12973639964720948,0.382629858399816,0.2270722266175011,pSYK,pSTAT5
20,UPN21,IL-7,pS6,0.15568113622724544,-0.5442878943826308,0.269964157469229,0.0,0.3010954732957211,0.14826697926268384,0.3010954732957211,0.14826697926268384,pSYK,pSYK
20,UPN21,IL-7,p4EBP1,0.003150630126025205,-0.2396826386801244,0.026881936760488733,0.0,0.05681481531750973,0.30231758521966834,0.05681481531750973,0.30231758521966834,pSYK,pSYK
20,UPN21,IL-7,pSTAT5,0.01840368073614723,-0.006096302242294079,0.019019306167139028,0.0,0.05023626797593227,0.3091295854460729,0.05023626797593227,0.3091295854460729,pSYK,pSYK
20,UPN21,IL-7,pSYK,0.005701140228045609,-0.14538973143563044,0.015461071291285617,0.0,0.03627664066567031,0.3100810878080997,0.03627664066567031,0.3100810878080997,pSYK,pSYK
20,UPN21,IL-7,pPLCγ2,0.0011502300460092018,-0.09909710416164112,0.0014599445351121728,0.0,0.002352622021516867,0.28562355642195025,0.002352622021516867,0.28562355642195025,pSYK,pSYK
20,UPN21,IL-7,pAKT,0.008401680336067214,-0.07252972059441865,0.010534141043110875,0.0,0.015787549776377467,0.17868008837562305,0.015787549776377467,0.17868008837562305,pSYK,pSYK
20,UPN21,IL-7,pERK1/2,0.009201840368073614,-0.03405907276443534,0.010113102206486011,0.0,0.017606158371569557,0.2800584139452201,0.017606158371569557,0.2800584139452201,pSYK,pSYK
20,UPN21,IL-7,pIKAROS,0.28450690138027607,-0.255476234816617,0.34684379197751647,0.0,0.3788534926447276,0.13118584718802245,0.3788534926447276,0.13118584718802245,pSYK,pSYK
20,UPN21,Pervanadate,pS6,0.1845602069614299,-0.8641420866650297,0.39805020043835765,0.0,0.42829708781878256,0.12243013337703476,0.38226347245195724,-0.06389983830907556,pSYK,p4EBP1
20,UPN21,Pervanadate,p4EBP1,0.0030573847601128882,-0.21073665332953567,0.02634021721753054,0.0,0.06030306437274483,0.30740318043873527,0.010189577389301454,-0.14618203316784928,pSYK,p4EBP1
20,UPN21,Pervanadate,pSTAT5,0.13458372530573848,-0.5421323225449056,0.2719586979503742,0.0,0.3085281194586639,0.14431642849311152,0.25418036420361584,-0.07015986376238195,pSYK,p4EBP1
20,UPN21,Pervanadate,pSYK,0.13258466603951083,0.18907440679669937,0.10350143723176732,0.0,0.14142163494946608,0.24652485927485737,0.08615910552830106,-0.11274508415074715,pSYK,p4EBP1
20,UPN21,Pervanadate,pPLCγ2,0.3731185324553151,0.007608982173101376,0.3711042278851847,0.0,0.40318661473429374,0.1211903667525355,0.355626263942988,-0.058467598921475745,pSYK,p4EBP1
20,UPN21,Pervanadate,pAKT,0.012641110065851365,-0.12249399340310864,0.022546293286865183,0.0,0.046955663219047816,0.30186228086155326,0.011238214444858247,-0.1398431209365206,pSYK,p4EBP1
20,UPN21,Pervanadate,pERK1/2,0.012699905926622766,-0.19617106930459885,0.03011681621744253,0.0,0.056666488252128985,0.2990356765789891,0.017601148043975,-0.14096713869765823,pSYK,p4EBP1
20,UPN21,Pervanadate,pIKAROS,0.360653809971778,0.10191871846272486,0.3346415146105657,0.0,0.36770253562676686,0.1295363152789989,0.316699673020017,-0.07029789091571804,pSYK,p4EBP1
20,UPN21,TSLP,pS6,0.16059320180235356,-0.6234450340966488,0.2983339200915926,0.0,0.3314632190928654,0.14995055348902012,0.3314632190928654,0.14995055348902012,pSYK,pSYK
20,UPN21,TSLP,p4EBP1,0.0031497440832932324,-0.23633639130884632,0.028291748728065388,0.0,0.06053546120561497,0.30309288209158813,0.06053546120561497,0.30309288209158813,pSYK,pSYK
20,UPN21,TSLP,pSTAT5,0.017411085349315368,-0.09305750319801541,0.0299253275743914,0.0,0.07122685320637515,0.30712341861817294,0.07122685320637515,0.30712341861817294,pSYK,pSYK
20,UPN21,TSLP,pSYK,0.006386981057789055,-0.13962864802486705,0.01723835583918655,0.0,0.04133447785793596,0.31005370359965684,0.04133447785793596,0.31005370359965684,pSYK,pSYK
20,UPN21,TSLP,pPLCγ2,0.001268646922437552,-0.05264318385045511,0.0014733801288538016,0.0,0.0026255776723447047,0.29626531121050304,0.0026255776723447047,0.29626531121050304,pSYK,pSYK
20,UPN21,TSLP,pAKT,0.010324161161905595,-0.05268595213459715,0.012218365242282798,0.0,0.019210776565203203,0.19448899518336885,0.019210776565203203,0.19448899518336885,pSYK,pSYK
20,UPN21,TSLP,pERK1/2,0.009930443151493941,-0.11214363048476354,0.015498857809838656,0.0,0.03018712728597197,0.29581056111251897,0.03018712728597197,0.29581056111251897,pSYK,pSYK
20,UPN21,TSLP,pIKAROS,0.36292051270834247,0.07849818551923717,0.3442498911428465,0.0,0.37656765211401044,0.1358757975668605,0.37656765211401044,0.1358757975668605,pSYK,pSYK
20,UPN21,Tofacitinib,pS6,0.14963149728471684,-0.4894920560000064,0.24835033721374186,0.0,0.2789792648656753,0.151871889704128,0.29853814355525216,0.24885353727716406,pSYK,pSTAT5
20,UPN21,Tofacitinib,p4EBP1,0.0019879751745539177,-0.23337566321330594,0.025110393004646715,0.0,0.055287454242298355,0.304578514752029,0.07788200371461039,0.532626377516799,pSYK,pSTAT5
20,UPN21,Tofacitinib,pSTAT5,0.015321955003878975,0.06564608861579094,0.011367012764323375,0.0,0.02999720216108673,0.3092331037952956,0.043949551523415786,0.5408211036091298,pSYK,pSTAT5
20,UPN21,Tofacitinib,pSYK,0.00504266873545384,-0.1515772805895763,0.015212954327783041,0.0,0.03601581725292762,0.3100445274663106,0.05135587539561903,0.5386717647494902,pSYK,pSTAT5
20,UPN21,Tofacitinib,pPLCγ2,0.0011636927851047323,-0.08311260638240521,0.0015070296317136718,0.0,0.002722533735219767,0.2942408165878169,0.003610263658719664,0.5091363293603415,pSYK,pSTAT5
20,UPN21,Tofacitinib,pAKT,0.008970131885182312,-0.06661637727506824,0.011137240158515445,0.0,0.016300601645294087,0.15872046682825258,0.019616305271353496,0.26064438378426114,pSYK,pSTAT5
20,UPN21,Tofacitinib,pERK1/2,0.008242823894491854,0.0077995346180873655,0.00810739986364199,0.0,0.0124931379102547,0.25258970291869215,0.015510582980106415,0.4263747182722603,pSYK,pSTAT5
20,UPN21,Tofacitinib,pIKAROS,0.2534425911559348,-0.3390073004232861,0.33549717139463225,0.0,0.3678967377727709,0.1338583355223583,0.39101575580358616,0.22937422102520985,pSYK,pSTAT5
21,UPN23,BCR-Crosslink,pS6,0.12952190356664348,-0.8915436074357157,0.3385987719178486,0.0,0.3266417019522998,-0.050987224820775806,0.32453848112379674,-0.05995575921420153,pSYK,p4EBP1
21,UPN23,BCR-Crosslink,p4EBP1,0.01930023913301562,-0.2097545303837243,0.04472424742866416,0.0,0.030876240943641997,-0.11424957320808242,0.029550306428117488,-0.1251888699699945,pSYK,p4EBP1
21,UPN23,BCR-Crosslink,pSTAT5,0.2927259467801842,0.9639859138676486,0.1189812960798985,0.0,0.10440826008659661,-0.0808554471358246,0.10301169796021425,-0.0886039804705054,pSYK,p4EBP1
21,UPN23,BCR-Crosslink,pSYK,0.05279582110815257,-0.02150860208790798,0.05501330230633413,0.0,0.044801704872013584,-0.09904804878472721,0.04444741439737224,-0.10248451212378315,pSYK,p4EBP1
21,UPN23,BCR-Crosslink,pPLCγ2,0.43863100588504655,1.0830338731057285,0.20774934446125815,0.0,0.19568148260921753,-0.056608667319533554,0.1946739988452435,-0.06133463401718795,pSYK,p4EBP1
21,UPN23,BCR-Crosslink,pAKT,0.008191577769109441,-0.23468549720986737,0.01913089580232703,0.0,0.014808854246108717,-0.0927224593436983,0.014566029361706955,-0.09793187720299372,pSYK,p4EBP1
21,UPN23,BCR-Crosslink,pERK1/2,0.00295100317148042,-0.3628023531070292,0.023015831382000772,0.0,0.016914375922008056,-0.11032351610677867,0.016568617645696344,-0.1165753471683747,pSYK,p4EBP1
21,UPN23,BCR-Crosslink,pIKAROS,0.666807998236182,1.2834671433977791,0.3531494170420561,0.0,0.34070178359723,-0.050934772703080625,0.3379572791846744,-0.06216507676495272,pSYK,p4EBP1
21,UPN23,BEZ-235,pS6,0.10977469083516855,-0.5321794021183792,0.21616012233477083,0.0,0.20389405939130043,-0.06135939810167423,0.20552326978929963,-0.053209483180893885,pSYK,pSTAT5
21,UPN23,BEZ-235,p4EBP1,0.0005251566999830595,-0.2062578087980413,0.0047766818944197965,0.0,0.0023271080626317176,-0.1188382305001413,0.0025046660425342674,-0.11022421124953716,pSYK,pSTAT5
21,UPN23,BEZ-235,pSTAT5,0.003726918516008809,-0.13004782378117877,0.010558667672609346,0.0,0.004198603644516766,-0.12106891910152733,0.004664182654901176,-0.11220624927703751,pSYK,pSTAT5
21,UPN23,BEZ-235,pSYK,0.005116042690157547,-0.15005851994651098,0.014901286430519361,0.0,0.007004589847525576,-0.12109730050187828,0.007639396231043641,-0.1113624273713909,pSYK,pSTAT5
21,UPN23,BEZ-235,pPLCγ2,0.0004743350838556666,-0.2921818994143989,0.0014565321810707924,0.0,0.0010969461592583011,-0.10696888348981697,0.0011293700465272354,-0.09732349460046186,pSYK,pSTAT5
21,UPN23,BEZ-235,pAKT,0.0021853294934778924,-0.2732243632258669,0.011483893197458413,0.0,0.009433551570944778,-0.060246216849583444,0.009704175975946094,-0.052294324161230796,pSYK,pSTAT5
21,UPN23,BEZ-235,pERK1/2,0.0022192105708961547,-0.3272117866113571,0.007265048441697135,0.0,0.005775392791402376,-0.09660098069922245,0.005935536395812227,-0.08621601069918329,pSYK,pSTAT5
21,UPN23,BEZ-235,pIKAROS,0.5524817889208877,0.8373205752251367,0.3495312498437109,0.0,0.33724570810982774,-0.05068691573002255,0.3383451387552316,-0.046150953891164664,pSYK,pSTAT5
21,UPN23,Dasatinib,pS6,0.07571334559505931,-0.6192845693990888,0.17831022978293287,0.0,0.16773966269260016,-0.06380495022493686,0.16773966269260016,-0.06380495022493686,pSYK,pSYK
21,UPN23,Dasatinib,p4EBP1,0.004859693231864738,-0.20881436419958052,0.017615755142849143,0.0,0.010579198859431482,-0.11518711940486585,0.010579198859431482,-0.11518711940486585,pSYK,pSYK
21,UPN23,Dasatinib,pSTAT5,0.0028854428564196884,-0.12333900196088164,0.006962438108194022,0.0,0.002959594143306539,-0.12109574555415442,0.002959594143306539,-0.12109574555415442,pSYK,pSYK
21,UPN23,Dasatinib,pSYK,0.0028854428564196884,-0.14441912927695047,0.008632437498966262,0.0,0.0038171444917997517,-0.12100592858743739,0.0038171444917997517,-0.12100592858743739,pSYK,pSYK
21,UPN23,Dasatinib,pPLCγ2,0.00045559624048731925,-0.20457614105560573,0.0009701153859888588,0.0,0.0006867924647365264,-0.11265102651506678,0.0006867924647365264,-0.11265102651506678,pSYK,pSYK
21,UPN23,Dasatinib,pAKT,0.0022611072676037326,-0.28649776232107227,0.009305313231628932,0.0,0.007745063285843335,-0.0634575593632584,0.007745063285843335,-0.0634575593632584,pSYK,pSYK
21,UPN23,Dasatinib,pERK1/2,0.002041746114776505,-0.3471051647613635,0.005969797085942824,0.0,0.004978824290618713,-0.08756805294022758,0.004978824290618713,-0.08756805294022758,pSYK,pSYK
21,UPN23,Dasatinib,pIKAROS,0.5329126098915006,0.8713702886784165,0.32227636307748186,0.0,0.30983394600525677,-0.051472397177941345,0.30983394600525677,-0.051472397177941345,pSYK,pSYK
21,UPN23,IL-7,pS6,0.13201073478955055,-0.6607114060825177,0.2705146319212685,0.0,0.25848248319380973,-0.05739750338109983,0.26007995970568265,-0.04977698891037985,pSYK,pSTAT5
21,UPN23,IL-7,p4EBP1,0.0067771851751197475,-0.2021642208114861,0.026797598270974908,0.0,0.015114269397984574,-0.11797713997127389,0.015990151367552382,-0.1091325674316011,pSYK,pSTAT5
21,UPN23,IL-7,pSTAT5,0.009953459931378876,-0.09173056308944363,0.019215822930040614,0.0,0.00700615288668097,-0.12091945741875089,0.007904724652084843,-0.11202037907031195,pSYK,pSTAT5
21,UPN23,IL-7,pSYK,0.005333423922274688,-0.15099775927520345,0.01546962283328029,0.0,0.007337730010807108,-0.12113984794895287,0.007993940080710568,-0.11136436395942087,pSYK,pSTAT5
21,UPN23,IL-7,pPLCγ2,0.0006284607806502021,-0.2701245103698965,0.0014720787040740097,0.0,0.0011233868704091587,-0.1116503196807745,0.0011543589059966595,-0.10173314542933354,pSYK,pSTAT5
21,UPN23,IL-7,pAKT,0.0023100180045520944,-0.28479000220035516,0.010675807608960064,0.0,0.008625195347986727,-0.06980738196033079,0.008884528525706138,-0.06097910635865641,pSYK,pSTAT5
21,UPN23,IL-7,pERK1/2,0.0023779597105683323,-0.2953331568420347,0.01027179710549776,0.0,0.007343708000586195,-0.10954897543541704,0.007621872773214614,-0.09914196091097711,pSYK,pSTAT5
21,UPN23,IL-7,pIKAROS,0.5577844209668105,0.8981850064869028,0.3404885008243412,0.0,0.3279449404824247,-0.05184836337325773,0.32907410780753715,-0.04718099014063548,pSYK,pSTAT5
21,UPN23,Pervanadate,pS6,0.23907051335594126,-0.6358652964218786,0.3967825188942992,0.0,0.3851899368653094,-0.046739121622327975,0.3828326657844904,-0.05624319754498897,pSYK,p4EBP1
21,UPN23,Pervanadate,p4EBP1,0.0066153255040844626,-0.17775776729301107,0.0262574744095312,0.0,0.012996928962072931,-0.12000545170360899,0.01201749575665694,-0.12886913869862537,pSYK,p4EBP1
21,UPN23,Pervanadate,pSTAT5,0.5505922052755551,1.151251252521285,0.2622840821371227,0.0,0.2479979338429631,-0.05704641942904595,0.24643652149694162,-0.06328133886000588,pSYK,p4EBP1
21,UPN23,Pervanadate,pSYK,0.10597885100482785,0.01207851402685605,0.10412017711629482,0.0,0.08925807091247624,-0.09658077156995418,0.08884464934333826,-0.0992673742347062,pSYK,p4EBP1
21,UPN23,Pervanadate,pPLCγ2,0.5640400260603732,0.7504507080011513,0.3666641931501834,0.0,0.35404264215849063,-0.0479889140333527,0.3529428287960693,-0.05217055929523117,pSYK,p4EBP1
21,UPN23,Pervanadate,pAKT,0.010942015669634654,-0.14400436289306828,0.022585807110033013,0.0,0.013048513203247047,-0.11795229584803246,0.012617534735623595,-0.12328241361666735,pSYK,p4EBP1
21,UPN23,Pervanadate,pERK1/2,0.004928083393194233,-0.2858864030634378,0.030297556276359473,0.0,0.019934184169121343,-0.11678394695036406,0.019266810888378137,-0.12430451892326176,pSYK,p4EBP1
21,UPN23,Pervanadate,pIKAROS,0.6145403518150382,1.1363664465115761,0.32873717642816425,0.0,0.3156813342468573,-0.051910623336164446,0.3128196536374797,-0.06328879581702485,pSYK,p4EBP1
21,UPN23,TSLP,pS6,0.1259746106059242,-0.7858460026749972,0.29913900360778867,0.0,0.28635762413035987,-0.05800381820355839,0.28635762413035987,-0.05800381820355839,pSYK,pSYK
21,UPN23,TSLP,p4EBP1,0.008427118033672458,-0.18552886335081337,0.028169019101312386,0.0,0.015582735210123724,-0.11828237494161649,0.015582735210123724,-0.11828237494161649,pSYK,pSYK
21,UPN23,TSLP,pSTAT5,0.006464391824975241,-0.17639761960236003,0.03017990184239931,0.0,0.014040117986352792,-0.12004883938871504,0.014040117986352792,-0.12004883938871504,pSYK,pSYK
21,UPN23,TSLP,pSYK,0.005438012064463852,-0.1521298052839826,0.017260424885542948,0.0,0.007846577347344685,-0.1211365915429506,0.007846577347344685,-0.1211365915429506,pSYK,pSYK
21,UPN23,TSLP,pPLCγ2,0.0005762131988835869,-0.23497294401586455,0.0014894832387038939,0.0,0.0010391881428363646,-0.11585528894905796,0.0010391881428363646,-0.11585528894905796,pSYK,pSYK
21,UPN23,TSLP,pAKT,0.002214819483208787,-0.2837433051484597,0.01240695458364784,0.0,0.009676389794773537,-0.07601738698340302,0.009676389794773537,-0.07601738698340302,pSYK,pSYK
21,UPN23,TSLP,pERK1/2,0.0024669127577203564,-0.2661291390593906,0.01567242828411246,0.0,0.009935174524558187,-0.11562217321572327,0.009935174524558187,-0.11562217321572327,pSYK,pSYK
21,UPN23,TSLP,pIKAROS,0.5857567299900963,1.0503240144204589,0.339067653531643,0.0,0.32632247674444526,-0.0542649291156696,0.32632247674444526,-0.0542649291156696,pSYK,pSYK
21,UPN23,Tofacitinib,pS6,0.11269758554802849,-0.6786136720165574,0.24920926539366486,0.0,0.2373593476575671,-0.058907166017446666,0.2373593476575671,-0.058907166017446666,pSYK,pSYK
21,UPN23,Tofacitinib,p4EBP1,0.005992704533611256,-0.19197644864680155,0.025017259763738406,0.0,0.013237520615341088,-0.11886913834988515,0.013237520615341088,-0.11886913834988515,pSYK,pSYK
21,UPN23,Tofacitinib,pSTAT5,0.0038388049331248915,-0.12940826629276936,0.01163406276596882,0.0,0.004344359167553244,-0.12101561291333993,0.004344359167553244,-0.12101561291333993,pSYK,pSYK
21,UPN23,Tofacitinib,pSYK,0.004220948410630537,-0.16411651194019206,0.015232064102778933,0.0,0.0071058027592524504,-0.12111884972428019,0.0071058027592524504,-0.12111884972428019,pSYK,pSYK
21,UPN23,Tofacitinib,pPLCγ2,0.0005037345839847142,-0.24674078958129791,0.001522377496855998,0.0,0.0010474718730373483,-0.11503401939676504,0.0010474718730373483,-0.11503401939676504,pSYK,pSYK
21,UPN23,Tofacitinib,pAKT,0.002327601181170749,-0.27578422435014605,0.011291717616748272,0.0,0.00927657153904878,-0.06199668444565321,0.00927657153904878,-0.06199668444565321,pSYK,pSYK
21,UPN23,Tofacitinib,pERK1/2,0.0020844189682126106,-0.35565457559575825,0.008250618582857788,0.0,0.006536732538952641,-0.09885366216767431,0.006536732538952641,-0.09885366216767431,pSYK,pSYK
21,UPN23,Tofacitinib,pIKAROS,0.5037866944589195,0.7227315690208318,0.32967521550386514,0.0,0.31701123829235006,-0.05256779262948554,0.31701123829235006,-0.05256779262948554,pSYK,pSYK
22,UPN24,BCR-Crosslink,pS6,0.748433936664646,1.8635036048884979,0.32420546882254614,0.0,0.3238826541588287,-0.00141802433157833,0.33678043306957417,0.05523790358737253,pSYK,p4EBP1
22,UPN24,BCR-Crosslink,p4EBP1,0.21600127017118442,1.486908380397309,0.04014980484638116,0.0,0.03977801434386804,-0.0031436668037869995,0.05373966243912073,0.11490875612396936,pSYK,p4EBP1
22,UPN24,BCR-Crosslink,pSTAT5,0.648768799976906,3.3084006876975915,0.11070122972648638,0.0,0.11031173417741971,-0.002394880148208187,0.12481992301469105,0.08681120581630379,pSYK,p4EBP1
22,UPN24,BCR-Crosslink,pSYK,0.16328916601714732,1.0899045053337832,0.052443689634031926,0.0,0.05216968623917588,-0.0026941788178903915,0.061904756960217654,0.09302734076793416,pSYK,p4EBP1
22,UPN24,BCR-Crosslink,pPLCγ2,0.8417193499032938,3.342073898356115,0.19837519692595007,0.0,0.19805341043522548,-0.0016716313135314647,0.20983894533578737,0.05955240932948668,pSYK,p4EBP1
22,UPN24,BCR-Crosslink,pAKT,0.010406743454288271,-0.18601322134003373,0.019079380321276363,0.0,0.018963330423142227,-0.002489071745904924,0.023188506884699575,0.08813373379735488,pSYK,p4EBP1
22,UPN24,BCR-Crosslink,pERK1/2,0.06717473514044052,0.8307966365646612,0.021522256219931934,0.0,0.021358370876019727,-0.0029824315288898458,0.02730897155522704,0.10530827133596457,pSYK,p4EBP1
22,UPN24,BCR-Crosslink,pIKAROS,0.8373603533385295,2.0543704866522714,0.3491830832024666,0.0,0.34885190949764666,-0.0013936607186725322,0.36256932505896006,0.05633261087617762,pSYK,p4EBP1
22,UPN24,BEZ-235,pS6,0.4853998711497275,1.41802896538568,0.20742465302512994,0.0,0.20709453131625302,-0.0016840427303137174,0.1942643106249583,-0.06713456992224355,pSYK,pSTAT5
22,UPN24,BEZ-235,p4EBP1,0.001932754087513712,-0.13634379062593896,0.004743947071453967,0.0,0.004678191703946156,-0.0031891570985107536,0.0019668779774142647,-0.13468877066589968,pSYK,pSTAT5
22,UPN24,BEZ-235,pSTAT5,0.003726210583134544,-0.13006161867549695,0.010558684136164561,0.0,0.010387995809705727,-0.0032491893098367634,0.003355203193886029,-0.13712404214654467,pSYK,pSTAT5
22,UPN24,BEZ-235,pSYK,0.014643659347739027,-0.0005527591986290066,0.014679713950110489,0.0,0.014467772124492994,-0.0032493159258087496,0.005800992240814285,-0.1361211821535746,pSYK,pSTAT5
22,UPN24,BEZ-235,pPLCγ2,0.0016889833017011719,0.07748060925435317,0.0014282845480976412,0.0,0.0014186284998644622,-0.0028698123399313455,0.0010279711763721507,-0.11897457699826651,pSYK,pSTAT5
22,UPN24,BEZ-235,pAKT,0.002542181052045063,-0.2624774128540974,0.011475594324003363,0.0,0.011420504511920856,-0.0016186233536764252,0.009301069948634885,-0.06389086845746841,pSYK,pSTAT5
22,UPN24,BEZ-235,pERK1/2,0.011126395152443801,0.2637179968343822,0.007057904614219282,0.0,0.0070178927975353975,-0.0025935506169772744,0.005429421673425279,-0.10555763986428576,pSYK,pSTAT5
22,UPN24,BEZ-235,pIKAROS,0.7013633751806516,1.4911810251847035,0.34606888737255365,0.0,0.3457410748207023,-0.0013758385618470466,0.33231450283883335,-0.05772754133144824,pSYK,pSTAT5
22,UPN24,Dasatinib,pS6,0.34062402819529386,1.024714421087754,0.17214951623409022,0.0,0.17186494308831216,-0.0017308624487973269,0.17186494308831216,-0.0017308624487973269,pSYK,pSYK
22,UPN24,Dasatinib,p4EBP1,0.024169862824366815,0.11460017285404804,0.017166681431395603,0.0,0.01697778622900199,-0.0030910841274702917,0.01697778622900199,-0.0030910841274702917,pSYK,pSYK
22,UPN24,Dasatinib,pSTAT5,0.002591479216336685,-0.1324425186721512,0.006969274471916881,0.0,0.006861850150714079,-0.0032499344615557245,0.006861850150714079,-0.0032499344615557245,pSYK,pSYK
22,UPN24,Dasatinib,pSYK,0.006686016378148647,-0.046681374465804906,0.00854405206822838,0.0,0.008414815445036066,-0.003246946888128746,0.008414815445036066,-0.003246946888128746,pSYK,pSYK
22,UPN24,Dasatinib,pPLCγ2,0.00044918973083169205,-0.20718523659456703,0.0009702643745855013,0.0,0.0009626588074034997,-0.003024060477568299,0.0009626588074034997,-0.003024060477568299,pSYK,pSYK
22,UPN24,Dasatinib,pAKT,0.002073183373069348,-0.2943341940271747,0.00930968355475764,0.0,0.009267762221591102,-0.001705089684284199,0.009267762221591102,-0.001705089684284199,pSYK,pSYK
22,UPN24,Dasatinib,pERK1/2,0.007221588749524895,0.12111122134195249,0.005849335629320768,0.0,0.005822713386446233,-0.002349604677100269,0.005822713386446233,-0.002349604677100269,pSYK,pSYK
22,UPN24,Dasatinib,pIKAROS,0.6085829791645071,1.2009561068515209,0.3205165870478771,0.0,0.3201846533222883,-0.001383840134514797,0.3201846533222883,-0.001383840134514797,pSYK,pSYK
22,UPN24,IL-7,pS6,0.5288719469151489,1.2945732074788634,0.2612853014067197,0.0,0.26096116168519207,-0.0015681746679548612,0.24836507345235712,-0.06250753251327833,pSYK,pSTAT5
22,UPN24,IL-7,p4EBP1,0.03719390716425871,0.11208694913597077,0.026090232643320513,0.0,0.025776606406041583,-0.0031659256617528404,0.012869686201169055,-0.13345588560046895,pSYK,pSTAT5
22,UPN24,IL-7,pSTAT5,0.006447362228810768,-0.12727251760521363,0.019297360085914293,0.0,0.01896971830043422,-0.003245120767678906,0.0054756600185689,-0.13689672050666915,pSYK,pSTAT5
22,UPN24,IL-7,pSYK,0.015765447785778153,0.008018809732197126,0.015227017627152301,0.0,0.015008762607794811,-0.003250459591251961,0.006086627836293636,-0.13612730534647585,pSYK,pSTAT5
22,UPN24,IL-7,pPLCγ2,0.0021804947683812573,0.23834559927390264,0.0014359848904058454,0.0,0.001426622267669805,-0.0029973274939821787,0.0010470488752823874,-0.12451303917671565,pSYK,pSTAT5
22,UPN24,IL-7,pAKT,0.002368738921047265,-0.2827407053964626,0.010674442006250874,0.0,0.010619353374857136,-0.00187531366577972,0.0084858467197619,-0.07450362344780306,pSYK,pSTAT5
22,UPN24,IL-7,pERK1/2,0.011420145261737808,0.050780678272223004,0.010061513720586845,0.0,0.00998288620218662,-0.0029388090842073535,0.00681943722308735,-0.12117696267671454,pSYK,pSTAT5
22,UPN24,IL-7,pIKAROS,0.722763424161137,1.6293105502141096,0.33665177981982203,0.0,0.33631716976056053,-0.0014119846105459175,0.32261001618819485,-0.05925331174005969,pSYK,pSTAT5
22,UPN24,Pervanadate,pS6,0.6584291947639825,1.1044681968217922,0.38702999141969363,0.0,0.38671746637636883,-0.0012718311874508397,0.39953622457505844,0.05089453694753951,pSYK,p4EBP1
22,UPN24,Pervanadate,p4EBP1,0.03597778659262198,0.09412175842564192,0.02557462647723963,0.0,0.02521869051734813,-0.0032203021063158224,0.03837584855497257,0.115818032077755,pSYK,p4EBP1
22,UPN24,Pervanadate,pSTAT5,0.6905196350654502,1.756910953799248,0.25902995586293903,0.0,0.2586492390861633,-0.0015501772293806595,0.2730323102063923,0.05701385435327086,pSYK,p4EBP1
22,UPN24,Pervanadate,pSYK,0.19046013486711622,0.5760541647297357,0.10215549609624158,0.0,0.10175677253660809,-0.0026010679653954887,0.11585489348676789,0.08936784104373936,pSYK,p4EBP1
22,UPN24,Pervanadate,pPLCγ2,0.7939904799682665,1.6877061935402375,0.36131650817558125,0.0,0.3609796106914421,-0.0013141164193769146,0.37343992970204476,0.04728912514043068,pSYK,p4EBP1
22,UPN24,Pervanadate,pAKT,0.00803252677508925,-0.18084939128081798,0.022653469642464303,0.0,0.022397500542379566,-0.00316613342634137,0.031620822694366744,0.11091899855894163,pSYK,p4EBP1
22,UPN24,Pervanadate,pERK1/2,0.053312177707259024,0.2720052326318101,0.02917234478068355,0.0,0.02889407766783655,-0.003135486106882007,0.03908705718226433,0.11171799164775968,pSYK,p4EBP1
22,UPN24,Pervanadate,pIKAROS,0.7825069416898056,1.8640783951370499,0.3248309766636348,0.0,0.3244832368330775,-0.0014163171212922617,0.3388887425513387,0.05725618052428224,pSYK,p4EBP1
22,UPN24,TSLP,pS6,0.5279810905534273,1.0879421598399297,0.2897900157020327,0.0,0.28944546354314465,-0.0015737483873064363,0.28944546354314465,-0.0015737483873064363,pSYK,pSYK
22,UPN24,TSLP,p4EBP1,0.035911647241013936,0.07874399663747429,0.02752984400346723,0.0,0.027191996634450013,-0.0031739533052625134,0.027191996634450013,-0.0031739533052625134,pSYK,pSYK
22,UPN24,TSLP,pSTAT5,0.004841470372483495,-0.18875965829243813,0.030217644201759587,0.0,0.029784435679340304,-0.003222404339258441,0.029784435679340304,-0.003222404339258441,pSYK,pSYK
22,UPN24,TSLP,pSYK,0.013236612600863966,-0.04943241142640037,0.017079062082370852,0.0,0.01682640047498976,-0.0032504454743851946,0.01682640047498976,-0.0032504454743851946,pSYK,pSYK
22,UPN24,TSLP,pPLCγ2,0.0018909446572662808,0.11110221699644542,0.0014589080885089476,0.0,0.0014468191006935132,-0.003108795515622611,0.0014468191006935132,-0.003108795515622611,pSYK,pSYK
22,UPN24,TSLP,pAKT,0.002428885809764447,-0.27763416888330616,0.012401976296983756,0.0,0.012328629559328888,-0.0020418505753264284,0.012328629559328888,-0.0020418505753264284,pSYK,pSYK
22,UPN24,TSLP,pERK1/2,0.011035944249735105,-0.08935714169964686,0.015473148481972582,0.0,0.015319109503261413,-0.00310206204798062,0.015319109503261413,-0.00310206204798062,pSYK,pSYK
22,UPN24,TSLP,pIKAROS,0.6745130002445187,1.4533634484912057,0.3370035542234006,0.0,0.33666381813132873,-0.0014629517015640767,0.33666381813132873,-0.0014629517015640767,pSYK,pSYK
22,UPN24,Tofacitinib,pS6,0.480301775692336,1.2047952269801256,0.24066033073914614,0.0,0.24034110516147386,-0.0016049037443612844,0.24034110516147386,-0.0016049037443612844,pSYK,pSYK
22,UPN24,Tofacitinib,p4EBP1,0.024933296531419635,0.0035960520643663818,0.024576780880068445,0.0,0.024260579995175686,-0.003189410732918982,0.024260579995175686,-0.003189410732918982,pSYK,pSYK
22,UPN24,Tofacitinib,pSTAT5,0.0029625540528107463,-0.14429994773293364,0.011654440693417987,0.0,0.011458803685338031,-0.003247903614927136,0.011458803685338031,-0.003247903614927136,pSYK,pSYK
22,UPN24,Tofacitinib,pSYK,0.01216303247768884,-0.04297733534951886,0.015047364473312463,0.0,0.014829253317897202,-0.003249915850177977,0.014829253317897202,-0.003249915850177977,pSYK,pSYK
22,UPN24,Tofacitinib,pPLCγ2,0.0016928880301775692,0.04796790436710351,0.0014947227655491874,0.0,0.0014819726160877967,-0.0030863024918983306,0.0014819726160877967,-0.0030863024918983306,pSYK,pSYK
22,UPN24,Tofacitinib,pAKT,0.0019136995123746434,-0.28883891432469605,0.011301343236952833,0.0,0.011247200841569462,-0.0016658525994683085,0.011247200841569462,-0.0016658525994683085,pSYK,pSYK
22,UPN24,Tofacitinib,pERK1/2,0.009734106173521023,0.09569512102915058,0.008072718880408754,0.0,0.008026681706970335,-0.002651719380721078,0.008026681706970335,-0.002651719380721078,pSYK,pSYK
22,UPN24,Tofacitinib,pIKAROS,0.6049314564357346,1.1632984086399376,0.3273230117369625,0.0,0.326984799994402,-0.0014172522105042069,0.326984799994402,-0.0014172522105042069,pSYK,pSYK
23,UPN25,BCR-Crosslink,pS6,0.30285677792915533,-0.13401615834927613,0.33456772832802273,0.0,0.312560532963017,-0.09300635085870537,0.3095897278774179,-0.10556150545888732,pSYK,p4EBP1
23,UPN25,BCR-Crosslink,p4EBP1,0.031026481607629428,-0.11071931415515744,0.04445154411530105,0.0,0.0190736181571124,-0.20929709304261088,0.017609334165079437,-0.22137335110350415,pSYK,p4EBP1
23,UPN25,BCR-Crosslink,pSTAT5,0.057763538828337874,-0.36660690030038623,0.12444553812529027,0.0,0.09792572109291181,-0.14580168593142345,0.09640078026740252,-0.1541855651653358,pSYK,p4EBP1
23,UPN25,BCR-Crosslink,pSYK,0.02521500340599455,-0.29555027049580856,0.05565471667150059,0.0,0.03697497553268579,-0.18136841494576467,0.03700086104782831,-0.1811170830447194,pSYK,p4EBP1
23,UPN25,BCR-Crosslink,pPLCγ2,0.22413572888283378,0.052753686515084476,0.21273760671712358,0.0,0.1907546529815559,-0.10174323745454296,0.1897559753313751,-0.10636539599270572,pSYK,p4EBP1
23,UPN25,BCR-Crosslink,pAKT,0.004651311307901907,-0.3125571725528436,0.019213227580494652,0.0,0.011302697226085094,-0.16979173308537837,0.011148820077305348,-0.17309455433793644,pSYK,p4EBP1
23,UPN25,BCR-Crosslink,pERK1/2,0.0019158719346049047,-0.3820177591425906,0.023039904201462992,0.0,0.011870298630863977,-0.20199683643171643,0.011647559441053106,-0.20602496539354748,pSYK,p4EBP1
23,UPN25,BCR-Crosslink,pIKAROS,0.7677111716621253,1.7315911068327174,0.3508028316135458,0.0,0.3277085889397317,-0.0959198495006203,0.32363400045683455,-0.11284328446996048,pSYK,p4EBP1
23,UPN25,BEZ-235,pS6,0.22676562616404677,0.0664475538526815,0.21343940290851784,0.0,0.19087868927986573,-0.1124928049792969,0.1945896747913176,-0.09398899449297524,pSYK,pSTAT5
23,UPN25,BEZ-235,p4EBP1,3.724949713178872e-05,-0.23050690087379602,0.004788028573555872,0.0,0.00030182091318377985,-0.21766994588328106,0.0007783131880726756,-0.19455063096501782,pSYK,pSTAT5
23,UPN25,BEZ-235,pSTAT5,0.0005494300826938836,-0.19198503414175133,0.010632562752453879,0.0,-0.0010153567788870627,-0.22177891555582308,0.00022994070439447296,-0.1980681812359767,pSYK,pSTAT5
23,UPN25,BEZ-235,pSYK,0.0018717872308723833,-0.20100857741397593,0.014976734231898086,0.0,0.0005144569905757637,-0.22182781618400982,0.0021608223056042916,-0.1965752493593065,pSYK,pSTAT5
23,UPN25,BEZ-235,pPLCγ2,8.381136854652463e-05,-0.4114561086052007,0.001465614127938447,0.0,0.0008076232600742241,-0.195928369768426,0.0008886768320789421,-0.17179324114826844,pSYK,pSTAT5
23,UPN25,BEZ-235,pAKT,0.0013596066453102882,-0.2981004321222585,0.011503096054392543,0.0,0.007751547109270214,-0.11025183904341974,0.00836498918461756,-0.09222378771235766,pSYK,pSTAT5
23,UPN25,BEZ-235,pERK1/2,0.0006425538255233554,-0.4322318616059795,0.007301714877636037,0.0,0.00457632115347047,-0.17689946132652906,0.004957582832398225,-0.15215258346123361,pSYK,pSTAT5
23,UPN25,BEZ-235,pIKAROS,0.8883446323474633,2.3799049447354714,0.34172048604309296,0.0,0.3187040659228143,-0.10020942621122236,0.32157274513118994,-0.0877197038324536,pSYK,pSTAT5
23,UPN25,Dasatinib,pS6,0.12010783480714562,-0.3440266018302501,0.17727779980125644,0.0,0.15790784341891703,-0.11656085975394319,0.15790784341891703,-0.11656085975394319,pSYK,pSYK
23,UPN25,Dasatinib,p4EBP1,0.005706433374243426,-0.1946180810792095,0.017596063511631035,0.0,0.004706779622853019,-0.21098113801127155,0.004706779622853019,-0.21098113801127155,pSYK,pSYK
23,UPN25,Dasatinib,pSTAT5,0.0004091009220505397,-0.20005427083621874,0.007020027455504932,0.0,-0.00031039728004921257,-0.2218271172686574,-0.00031039728004921257,-0.2218271172686574,pSYK,pSYK
23,UPN25,Dasatinib,pSYK,0.0011958334644554237,-0.18789715778222804,0.008671730740639849,0.0,-0.00014761533442469305,-0.22166303251403793,-0.00014761533442469305,-0.22166303251403793,pSYK,pSYK
23,UPN25,Dasatinib,pPLCγ2,9.440790508858609e-05,-0.35186143537763476,0.000978515114719062,0.0,0.0004600021797319132,-0.20636038659010997,0.0004600021797319132,-0.20636038659010997,pSYK,pSYK
23,UPN25,Dasatinib,pAKT,0.001479057179721182,-0.3191177181372645,0.009323500442975037,0.0,0.0064688462306947084,-0.11612943171647856,0.0064688462306947084,-0.11612943171647856,pSYK,pSYK
23,UPN25,Dasatinib,pERK1/2,0.00043008045651466993,-0.49353653297297057,0.006007277682646587,0.0,0.0041952100479192116,-0.16035322791984882,0.0041952100479192116,-0.16035322791984882,pSYK,pSYK
23,UPN25,Dasatinib,pIKAROS,0.8110897819177393,2.1361520553250446,0.3158071265187322,0.0,0.29256724303747356,-0.10023352185432655,0.29256724303747356,-0.10023352185432655,pSYK,pSYK
23,UPN25,IL-7,pS6,0.29792217280130645,0.14843561796572008,0.26665622638611136,0.0,0.24448327693573654,-0.10526645859629338,0.2481303761320092,-0.08795179248025618,pSYK,pSTAT5
23,UPN25,IL-7,p4EBP1,0.0040718537140892585,-0.23015006417300773,0.026860512956115152,0.0,0.005463698619365423,-0.21609337084734517,0.0077875165810020255,-0.1926243792179146,pSYK,pSTAT5
23,UPN25,IL-7,pSTAT5,0.0005156965126023336,-0.18743010222708648,0.01943530580024472,0.0,-0.0029237512811511636,-0.22150353586871094,-0.0005249824583750395,-0.19773975307401337,pSYK,pSTAT5
23,UPN25,IL-7,pSYK,0.0009561872837834934,-0.21778372771205115,0.015571419034175435,0.0,0.0006796489955060783,-0.22190446560418553,0.0023792002728906837,-0.1965792009112961,pSYK,pSTAT5
23,UPN25,IL-7,pPLCγ2,0.00010743677345881949,-0.4414587675298635,0.0014841955414505534,0.0,0.0008462504262355033,-0.20455759633573198,0.0009239986146457102,-0.17962757937762996,pSYK,pSTAT5
23,UPN25,IL-7,pAKT,0.0014074217323105352,-0.31630049030842183,0.010696798219942426,0.0,0.0069443559709797915,-0.1277695359619869,0.0075379773574550096,-0.10755690534574815,pSYK,pSTAT5
23,UPN25,IL-7,pERK1/2,0.0009884183158211392,-0.3486682163276481,0.010304112021654674,0.0,0.0049439623352469635,-0.20061993120691113,0.0056293888081993355,-0.17496575736922904,pSYK,pSTAT5
23,UPN25,IL-7,pIKAROS,0.7531640129783622,1.7697639695213134,0.3359447893822121,0.0,0.31261373247806207,-0.0989658710447715,0.315520018721898,-0.08663796190596612,pSYK,pSTAT5
23,UPN25,Pervanadate,pS6,0.36889800238126735,-0.09979540361883696,0.39376327496347774,0.0,0.3724484727158971,-0.08554578624948721,0.3690080557026743,-0.09935371066763012,pSYK,p4EBP1
23,UPN25,Pervanadate,p4EBP1,0.0024363892931163734,-0.21649428663839,0.02635465897257697,0.0,0.002069030255529458,-0.21981940730340366,0.0011815192829349765,-0.22785264120663137,pSYK,p4EBP1
23,UPN25,Pervanadate,pSTAT5,0.10864532345548353,-0.6478146654251928,0.2725619165980545,0.0,0.24675204686972407,-0.10200317004016492,0.24493310597105675,-0.10919180523021843,pSYK,p4EBP1
23,UPN25,Pervanadate,pSYK,0.04749305463685673,-0.3774511916601347,0.10548031191554995,0.0,0.07831252395284682,-0.17684081680235056,0.07853248201847077,-0.1754090637262222,pSYK,p4EBP1
23,UPN25,Pervanadate,pPLCγ2,0.35190942364510297,-0.07437578329479803,0.37159746297379437,0.0,0.34861457780980126,-0.08682276878405633,0.3474880699857124,-0.09107839324749528,pSYK,p4EBP1
23,UPN25,Pervanadate,pAKT,0.0045861445517484676,-0.22451594660977878,0.022733618066262926,0.0,0.005269479372645283,-0.21606190125507052,0.005115117253350895,-0.21797163030392971,pSYK,p4EBP1
23,UPN25,Pervanadate,pERK1/2,0.0019954138554482514,-0.31977915986513544,0.030365757893516355,0.0,0.011390919186317173,-0.2138767852875779,0.01087089302824961,-0.21973831194765656,pSYK,p4EBP1
23,UPN25,Pervanadate,pIKAROS,0.7686642853993032,1.8019533664526768,0.32515289890294885,0.0,0.3008958711708005,-0.09855447709557272,0.29664863882160847,-0.1158106623091991,pSYK,p4EBP1
23,UPN25,TSLP,pS6,0.2818030765932358,-0.061787574764749505,0.2955150857941302,0.0,0.27199914841993345,-0.10596497693252512,0.27199914841993345,-0.10596497693252512,pSYK,pSYK
23,UPN25,TSLP,p4EBP1,0.0037197834592914186,-0.23084649235919652,0.028278491998391008,0.0,0.005229168040923635,-0.21665860720488925,0.005229168040923635,-0.21665860720488925,pSYK,pSYK
23,UPN25,TSLP,pSTAT5,0.0004609529935144986,-0.22213714313157323,0.030319516698944907,0.0,0.0007617746538289005,-0.2198991364788224,0.0007617746538289005,-0.2198991364788224,pSYK,pSYK
23,UPN25,TSLP,pSYK,0.001114863054081578,-0.20910346197965643,0.017360963234621607,0.0,0.00012074403692512864,-0.2218987621315183,0.00012074403692512864,-0.2218987621315183,pSYK,pSYK
23,UPN25,TSLP,pPLCγ2,5.3599185292383555e-05,-0.3729248566968543,0.001501637052973457,0.0,0.0006775354954433935,-0.21223751264027133,0.0006775354954433935,-0.21223751264027133,pSYK,pSYK
23,UPN25,TSLP,pAKT,0.001329259795251112,-0.30902388707267536,0.012427548994995694,0.0,0.0074299837957452226,-0.13915361151402078,0.0074299837957452226,-0.13915361151402078,pSYK,pSYK
23,UPN25,TSLP,pERK1/2,0.0007718282682103232,-0.30115388326136366,0.01571184885363595,0.0,0.005206856885405257,-0.21175466973240323,0.005206856885405257,-0.21175466973240323,pSYK,pSYK
23,UPN25,TSLP,pIKAROS,0.7339336442086081,1.7319858992422974,0.3356216787823752,0.0,0.31196144515430096,-0.10288214910328196,0.31196144515430096,-0.10288214910328196,pSYK,pSYK
23,UPN25,Tofacitinib,pS6,0.313816054860831,0.3430558896588823,0.24453209168871606,0.0,0.22265052243314365,-0.10834543615028172,0.22265052243314365,-0.10834543615028172,pSYK,pSYK
23,UPN25,Tofacitinib,p4EBP1,0.005254134731746672,-0.19960960164556044,0.025034435805642238,0.0,0.0034581023110933154,-0.21773396257868366,0.0034581023110933154,-0.21773396257868366,pSYK,pSYK
23,UPN25,Tofacitinib,pSTAT5,0.00038321903993545785,-0.18814898070890723,0.011714425228601132,0.0,-0.0016362887346405668,-0.22168189176830227,-0.0016362887346405668,-0.22168189176830227,pSYK,pSYK
23,UPN25,Tofacitinib,pSYK,0.0012303348124243646,-0.20976869702304995,0.015301613256225588,0.0,0.0004189854599630054,-0.22186395170627246,0.0004189854599630054,-0.22186395170627246,pSYK,pSYK
23,UPN25,Tofacitinib,pPLCγ2,9.076240419524002e-05,-0.34934728138511717,0.0015319815010371486,0.0,0.0006627053125864711,-0.2107099981352609,0.0006627053125864711,-0.2107099981352609,pSYK,pSYK
23,UPN25,Tofacitinib,pAKT,0.0013110125050423559,-0.30785417615070904,0.011315359213867537,0.0,0.00762835861281369,-0.11345653699739598,0.00762835861281369,-0.11345653699739598,pSYK,pSYK
23,UPN25,Tofacitinib,pERK1/2,0.001008471157724889,-0.4193965483413233,0.008275640624962154,0.0,0.005139325302464128,-0.18100029546520707,0.005139325302464128,-0.18100029546520707,pSYK,pSYK
23,UPN25,Tofacitinib,pIKAROS,0.8085720048406616,2.106095994138556,0.32258718502987116,0.0,0.29892900215152785,-0.10252666782488243,0.29892900215152785,-0.10252666782488243,pSYK,pSYK
24,UPN26,BCR-Crosslink,pS6,0.6868051185231802,1.569140809174358,0.32563869715141747,0.0,0.31688408929710205,-0.03803568559986499,0.3480210027096912,0.0972432290950603,pSYK,p4EBP1
24,UPN26,BCR-Crosslink,p4EBP1,0.08199892781390579,0.31977164860769164,0.04326613838957369,0.0,0.03324888246479479,-0.08270084569688725,0.06765257274784552,0.20133046016843403,pSYK,p4EBP1
24,UPN26,BCR-Crosslink,pSTAT5,0.1004125585623383,-0.1265024220883483,0.12345370045705771,0.0,0.11297317648044927,-0.05754105737701416,0.14905664639222077,0.14056745486808697,pSYK,p4EBP1
24,UPN26,BCR-Crosslink,pSYK,0.07633498822926135,0.2122308149722348,0.05446587981514555,0.0,0.04708440161489799,-0.07163424792970298,0.07144196468273448,0.16474600876552875,pSYK,p4EBP1
24,UPN26,BCR-Crosslink,pPLCγ2,0.22140642845488662,0.039827402287599616,0.21280107882009908,0.0,0.20413883413124423,-0.04009072479077284,0.23367951301779935,0.09662986784005502,pSYK,p4EBP1
24,UPN26,BCR-Crosslink,pAKT,0.026944502715427827,0.1769356321229793,0.018694781268691722,0.0,0.015568281530856706,-0.067055501330294,0.026036662207233795,0.15746475238222044,pSYK,p4EBP1
24,UPN26,BCR-Crosslink,pERK1/2,0.035452066289070695,0.23832547530800702,0.02225999270484751,0.0,0.01784486760931921,-0.07976280455215885,0.03263069604540157,0.18735514073176107,pSYK,p4EBP1
24,UPN26,BCR-Crosslink,pIKAROS,0.5270726988788663,0.6891485107915459,0.3563990751666449,0.0,0.3474539601561533,-0.03611871919197984,0.3804646177808113,0.09717220794413653,pSYK,p4EBP1
24,UPN26,BEZ-235,pS6,0.38603161483624343,0.8870165454655888,0.20973554270683886,0.0,0.2008163474588417,-0.04487606366751259,0.1958520603243254,-0.06985339170194398,pSYK,pSTAT5
24,UPN26,BEZ-235,p4EBP1,0.007252815373488997,0.12767812142485266,0.004620224715966169,0.0,0.0028490898016869442,-0.08589834427883442,0.0016789890135633177,-0.14264711001590524,pSYK,pSTAT5
24,UPN26,BEZ-235,pSTAT5,0.0037607190825498502,-0.12938918248900802,0.010557881612922343,0.0,0.005962802198887553,-0.08747084775409207,0.002935482578831309,-0.1450981899018965,pSYK,pSTAT5
24,UPN26,BEZ-235,pSYK,0.011964045872507491,-0.04259065083578827,0.014742030542557733,0.0,0.009035411776662738,-0.08749098219710301,0.005348110773969454,-0.14402280946932527,pSYK,pSTAT5
24,UPN26,BEZ-235,pPLCγ2,0.0015290835830147744,0.028850920189407974,0.0014320031462066272,0.0,0.0011719718154572334,-0.07727760006912855,0.0010084737143696467,-0.12586690210244875,pSYK,pSTAT5
24,UPN26,BEZ-235,pAKT,0.0030581671660295487,-0.2469416747905084,0.011463594646933955,0.0,0.009981597594067958,-0.04353934824858542,0.009162542089134584,-0.0676022455365732,pSYK,pSTAT5
24,UPN26,BEZ-235,pERK1/2,0.005269139373902262,-0.12469821262264232,0.007194119864883039,0.0,0.006117063903261765,-0.06977055296820427,0.005473732996725997,-0.11144485280957107,pSYK,pSTAT5
24,UPN26,BEZ-235,pIKAROS,0.5393945655542928,0.781257635422054,0.3498356038754923,0.0,0.34097672582744126,-0.0365114160523844,0.33535293894288065,-0.05968956814098988,pSYK,pSTAT5
24,UPN26,Dasatinib,pS6,0.32324960360510724,0.914349809763514,0.17255357261990853,0.0,0.164864758762349,-0.046651961846673626,0.164864758762349,-0.046651961846673626,pSYK,pSYK
24,UPN26,Dasatinib,p4EBP1,0.05002920804473003,0.549439880941518,0.01656530130999181,0.0,0.011472824645751702,-0.08361276506884913,0.011472824645751702,-0.08361276506884913,pSYK,pSYK
24,UPN26,Dasatinib,pSTAT5,0.0034423767003254613,-0.10609369113785556,0.006949486158335747,0.0,0.004057390517938447,-0.08748888658511607,0.004057390517938447,-0.08748888658511607,pSYK,pSYK
24,UPN26,Dasatinib,pSYK,0.008887590753567555,0.00991717790819181,0.00849285266414887,0.0,0.0050127179381102855,-0.08743294895465273,0.0050127179381102855,-0.08743294895465273,pSYK,pSYK
24,UPN26,Dasatinib,pPLCγ2,0.0012309104564800133,0.11082476795854461,0.000952084822826238,0.0,0.0007472305393747525,-0.08142339042261655,0.0007472305393747525,-0.08142339042261655,pSYK,pSYK
24,UPN26,Dasatinib,pAKT,0.003588416923975632,-0.23118186954803974,0.009274445565201678,0.0,0.008146569718068694,-0.04585704072395586,0.008146569718068694,-0.04585704072395586,pSYK,pSYK
24,UPN26,Dasatinib,pERK1/2,0.004151714929483435,-0.1561457854120529,0.005920728043740337,0.0,0.005204177264112999,-0.06324791114933531,0.005204177264112999,-0.06324791114933531,pSYK,pSYK
24,UPN26,Dasatinib,pIKAROS,0.5650504881916047,1.0104207566410344,0.3215289705588748,0.0,0.31254899484296195,-0.03725976228176763,0.31254899484296195,-0.03725976228176763,pSYK,pSYK
24,UPN26,IL-7,pS6,0.4936186186186186,1.1146014807497064,0.26210514625082504,0.0,0.25333706228939856,-0.04221317777661745,0.24844375717871134,-0.06577156971964648,pSYK,pSTAT5
24,UPN26,IL-7,p4EBP1,0.06385552218885553,0.38810553240994816,0.02547019508460896,0.0,0.017018137061551447,-0.08545688486879172,0.011466781725420108,-0.14158540794936506,pSYK,pSTAT5
24,UPN26,IL-7,pSTAT5,0.013179846513179846,-0.05903130867168858,0.019140790683952223,0.0,0.0103191176343082,-0.08736114445553965,0.004511927921862188,-0.1448698207003696,pSYK,pSTAT5
24,UPN26,IL-7,pSYK,0.011949449449449449,-0.05013572659748488,0.015315761774508784,0.0,0.009439252220127276,-0.0875210164466204,0.005645507013594453,-0.1440226580320891,pSYK,pSTAT5
24,UPN26,IL-7,pPLCγ2,0.0013555221888555222,-0.031880419740004655,0.0014551702992320256,0.0,0.001203078754587984,-0.08065164733974937,0.0010440018193953798,-0.13154513087628775,pSYK,pSTAT5
24,UPN26,IL-7,pAKT,0.003920587253920587,-0.2286109980505387,0.01063835251013754,0.0,0.009156088817785719,-0.0504426351857155,0.00832187207568023,-0.07883170725498902,pSYK,pSTAT5
24,UPN26,IL-7,pERK1/2,0.005442942942942943,-0.1778808840103727,0.010200518425675096,0.0,0.00808411833743801,-0.07913003587260971,0.006772795674521479,-0.12815904977875872,pSYK,pSTAT5
24,UPN26,IL-7,pIKAROS,0.48796713380046713,0.5998011304488965,0.342112158665419,0.0,0.33307828080501023,-0.03715012222238813,0.3273612193521055,-0.06066046130491203,pSYK,pSTAT5
24,UPN26,Pervanadate,pS6,0.7423211024406442,1.4691647319036367,0.38507901682256196,0.0,0.3766011711134825,-0.034865298406122736,0.4072550417621562,0.0911993156648906,pSYK,p4EBP1
24,UPN26,Pervanadate,p4EBP1,0.04227129337539432,0.15241141291897586,0.025428265854384458,0.0,0.01584076023576486,-0.08675668764892099,0.04833094756996875,0.20724481246329446,pSYK,p4EBP1
24,UPN26,Pervanadate,pSTAT5,0.353611157230616,0.3416305389355223,0.26686503674281886,0.0,0.2566005096715836,-0.0404245849329672,0.29208675812063795,0.09933020887542787,pSYK,p4EBP1
24,UPN26,Pervanadate,pSYK,0.26876971608832806,1.110151769554679,0.10033434304458551,0.0,0.08956800053366577,-0.07096059440569716,0.12473439794209398,0.16081992536487968,pSYK,p4EBP1
24,UPN26,Pervanadate,pPLCγ2,0.5600863357130997,0.7348732908287599,0.3667561394373293,0.0,0.35765246373490517,-0.034604258677394674,0.3885064274381623,0.08267568143801972,pSYK,p4EBP1
24,UPN26,Pervanadate,pAKT,0.01806408766395484,-0.05386268115706076,0.022420177528769753,0.0,0.015528189123927862,-0.08521885119648037,0.03846766953409182,0.19842587551619995,pSYK,p4EBP1
24,UPN26,Pervanadate,pERK1/2,0.03237589241241906,0.030585041097990637,0.029659235136377506,0.0,0.022165801344312872,-0.0843635973210862,0.04741739017927603,0.19992728070687737,pSYK,p4EBP1
24,UPN26,Pervanadate,pIKAROS,0.4751452764403121,0.5629360558071973,0.33197892236711146,0.0,0.32259244801799886,-0.03690800734733523,0.3572571583250609,0.0993950746322418,pSYK,p4EBP1
24,UPN26,TSLP,pS6,0.4690974127593846,0.8078338670264188,0.29115940355770814,0.0,0.28185106936872745,-0.042259591625169506,0.28185106936872745,-0.042259591625169506,pSYK,pSYK
24,UPN26,TSLP,p4EBP1,0.06544316403471333,0.36316371826236266,0.02684306454314864,0.0,0.01773872928428611,-0.08565688400979868,0.01773872928428611,-0.08565688400979868,pSYK,pSYK
24,UPN26,TSLP,pSTAT5,0.009125459829685182,-0.1561318690612171,0.030118016539964196,0.0,0.018456280596500087,-0.08673401027231177,0.018456280596500087,-0.08673401027231177,pSYK,pSYK
24,UPN26,TSLP,pSYK,0.012661829563238015,-0.05699938898209944,0.017092429129757503,0.0,0.010289589209938482,-0.0875181141854637,0.010289589209938482,-0.0875181141854637,pSYK,pSYK
24,UPN26,TSLP,pPLCγ2,0.001219437839156149,-0.0655917755780424,0.0014745245261394155,0.0,0.0011490438927766085,-0.08369253962647134,0.0011490438927766085,-0.08369253962647134,pSYK,pSYK
24,UPN26,TSLP,pAKT,0.0039225250492856125,-0.23502712042566715,0.012367240500715821,0.0,0.010393625627760809,-0.0549282001374394,0.010393625627760809,-0.0549282001374394,pSYK,pSYK
24,UPN26,TSLP,pERK1/2,0.005690709916062029,-0.1995775621456198,0.015597456257174283,0.0,0.011451279858420305,-0.08352730042708659,0.011451279858420305,-0.08352730042708659,pSYK,pSYK
24,UPN26,TSLP,pIKAROS,0.5270613580472735,0.790280068047097,0.340432662181476,0.0,0.3312531169884825,-0.0388708261937216,0.3312531169884825,-0.0388708261937216,pSYK,pSYK
24,UPN26,Tofacitinib,pS6,0.4143677660778,0.8586169902927382,0.24219367979994932,0.0,0.23356837666022479,-0.04301362639579474,0.23356837666022479,-0.04301362639579474,pSYK,pSYK
24,UPN26,Tofacitinib,p4EBP1,0.05506483334783744,0.3149534712778405,0.023876047465733144,0.0,0.015355878802651948,-0.08603915222778298,0.015355878802651948,-0.08603915222778298,pSYK,pSYK
24,UPN26,Tofacitinib,pSTAT5,0.0034592289617961882,-0.13585881296429644,0.011642890114139257,0.0,0.006376235049127109,-0.08743293400168317,0.006376235049127109,-0.08743293400168317,pSYK,pSYK
24,UPN26,Tofacitinib,pSYK,0.012422765642676878,-0.03901709056878834,0.01504132416714995,0.0,0.00916853167008012,-0.087505883335559,0.00916853167008012,-0.087505883335559,pSYK,pSYK
24,UPN26,Tofacitinib,pPLCγ2,0.0014359063615003045,-0.01568335799614388,0.0015006990834254025,0.0,0.0011573791750192344,-0.08310206564499288,0.0011573791750192344,-0.08310206564499288,pSYK,pSYK
24,UPN26,Tofacitinib,pAKT,0.0038508397876599078,-0.22776742588999022,0.01125629346310899,0.0,0.009799625881196318,-0.04480230922375266,0.009799625881196318,-0.04480230922375266,pSYK,pSYK
24,UPN26,Tofacitinib,pERK1/2,0.005417283091114785,-0.15876395936659968,0.008173110114883317,0.0,0.006933937795579657,-0.0713890610888594,0.006933937795579657,-0.0713890610888594,pSYK,pSYK
24,UPN26,Tofacitinib,pIKAROS,0.5377034200678792,0.8691115093114213,0.3288864544431917,0.0,0.3197435790463876,-0.038053317228278094,0.3197435790463876,-0.038053317228278094,pSYK,pSYK
25,UPN27,BCR-Crosslink,pS6,0.4212137790703255,0.3783639352715723,0.3318152399293908,0.0,0.31015005273281593,-0.09169417716287813,0.3069569743096999,-0.1052083321972944,pSYK,p4EBP1
25,UPN27,BCR-Crosslink,p4EBP1,0.045466324973365196,0.011137037247780398,0.04411573380446999,0.0,0.019270561649775978,-0.20487443875461372,0.017541885561515144,-0.21912918173509444,pSYK,p4EBP1
25,UPN27,BCR-Crosslink,pSTAT5,0.20654208298540125,0.4708519474902927,0.12098557198210275,0.0,0.09487025283916589,-0.1437231221047369,0.09305519711255637,-0.15371210498465535,pSYK,p4EBP1
25,UPN27,BCR-Crosslink,pSYK,0.0151554416577884,-0.39581183293249395,0.0558886599679705,0.0,0.03762391667229749,-0.17748171693309775,0.03744587434204269,-0.17921178551106007,pSYK,p4EBP1
25,UPN27,BCR-Crosslink,pPLCγ2,0.4525708581684855,1.1519486191839814,0.20742516185001536,0.0,0.18566045523340804,-0.10227315474212655,0.18440640815573797,-0.10816596795976938,pSYK,p4EBP1
25,UPN27,BCR-Crosslink,pAKT,0.001833242151132099,-0.3746363039654555,0.019278764072512552,0.0,0.011542308945492257,-0.16613758921304528,0.011303694814613572,-0.17126174178750986,pSYK,p4EBP1
25,UPN27,BCR-Crosslink,pERK1/2,0.008206398111088715,-0.26537841629819015,0.022893612895033135,0.0,0.01195819128328264,-0.1975885088881349,0.011614765101644177,-0.20379376274594455,pSYK,p4EBP1
25,UPN27,BCR-Crosslink,pIKAROS,0.7604499601677752,1.6986389798618515,0.3509716969971353,0.0,0.328395755619848,-0.09365179419683996,0.3241071415178562,-0.11144225522600773,pSYK,p4EBP1
25,UPN27,BEZ-235,pS6,0.05507341707689696,-0.8157594486072103,0.21743224498031202,0.0,0.1955541063794521,-0.10992502540241748,0.19827505448997276,-0.09625383080838149,pSYK,pSTAT5
25,UPN27,BEZ-235,p4EBP1,0.0003182821252758445,-0.21653842900377734,0.004781492931040894,0.0,0.0003919702163338954,-0.21296335622133403,0.0006702701431590633,-0.1994612763131325,pSYK,pSTAT5
25,UPN27,BEZ-235,pSTAT5,0.00020157867934136818,-0.19876835148368746,0.010640652319973704,0.0,-0.0007549644760973303,-0.216981701889561,-2.4307293784971498e-05,-0.203069401945373,pSYK,pSTAT5
25,UPN27,BEZ-235,pSYK,0.0017187234764895604,-0.203413224579495,0.014980293854093036,0.0,0.0008309513726356809,-0.21703035899078738,0.0018409296211119863,-0.20153875984920505,pSYK,pSTAT5
25,UPN27,BEZ-235,pPLCγ2,0.0006047360380241045,-0.2524248914651792,0.0014534996007412942,0.0,0.0008091311777284342,-0.1916371488920841,0.0008614997758540573,-0.1760625669016357,pSYK,pSTAT5
25,UPN27,BEZ-235,pAKT,0.0004455949753861823,-0.3256513643390863,0.011524352139739616,0.0,0.007854802085573563,-0.10786354136316911,0.00830807322634535,-0.09453999223052771,pSYK,pSTAT5
25,UPN27,BEZ-235,pERK1/2,0.0005304702087930742,-0.43970936303395125,0.00730432147337395,0.0,0.00463789174573221,-0.17308530573245257,0.004901211375785118,-0.15599250249800425,pSYK,pSTAT5
25,UPN27,BEZ-235,pIKAROS,0.6860677304362587,1.4223249395343285,0.34642460004102793,0.0,0.3241481435775584,-0.09328720871101809,0.32595410036414646,-0.08572439601907161,pSYK,pSTAT5
25,UPN27,Dasatinib,pS6,0.045450102629264,-0.8087154534809574,0.1790140261309746,0.0,0.1601462944513749,-0.11424212303278951,0.1601462944513749,-0.11424212303278951,pSYK,pSYK
25,UPN27,Dasatinib,p4EBP1,0.006005712486017441,-0.18960108927884334,0.017589103532287452,0.0,0.004978220924105001,-0.20641943880923852,0.004978220924105001,-0.20641943880923852,pSYK,pSYK
25,UPN27,Dasatinib,pSTAT5,0.00015204335407639094,-0.20802189453460945,0.007026005538481074,0.0,-0.000145600055970415,-0.21702926821410845,-0.000145600055970415,-0.21702926821410845,pSYK,pSYK
25,UPN27,Dasatinib,pSYK,0.0002606457498452416,-0.21197224988635757,0.008693479292142413,0.0,6.592930107379366e-05,-0.21686674751031068,6.592930107379366e-05,-0.21686674751031068,pSYK,pSYK
25,UPN27,Dasatinib,pPLCγ2,9.77421561919656e-05,-0.35049970433752314,0.0009784375739957274,0.0,0.0004711241701012489,-0.20190090067108518,0.0004711241701012489,-0.20190090067108518,pSYK,pSYK
25,UPN27,Dasatinib,pAKT,0.00035838790603720717,-0.3659036278774674,0.009349562519107223,0.0,0.006557780445395323,-0.11361398626710315,0.006557780445395323,-0.11361398626710315,pSYK,pSYK
25,UPN27,Dasatinib,pERK1/2,0.0005755926975749085,-0.48028872985965454,0.006003893677040535,0.0,0.0042307537538005535,-0.1568850225545547,0.0042307537538005535,-0.1568850225545547,pSYK,pSYK
25,UPN27,Dasatinib,pIKAROS,0.7277446540470682,1.7394992182240574,0.31774538530642216,0.0,0.29511476955678145,-0.09601465516108222,0.29511476955678145,-0.09601465516108222,pSYK,pSYK
25,UPN27,IL-7,pS6,0.11047205755634687,-0.7671876587617816,0.2710155313918081,0.0,0.24953499145867905,-0.10264886355409233,0.25220551470693936,-0.08988725805525069,pSYK,pSTAT5
25,UPN27,IL-7,p4EBP1,0.007246452041568473,-0.19731096205432402,0.026786685088034237,0.0,0.005848932159841974,-0.211422666438698,0.007229041531698954,-0.19748676775961124,pSYK,pSTAT5
25,UPN27,IL-7,pSTAT5,0.0004464146673172555,-0.18813299276915746,0.019436917005949027,0.0,-0.0024384910851006185,-0.21671285565963203,-0.0010273378030722022,-0.20273299954682356,pSYK,pSTAT5
25,UPN27,IL-7,pSYK,0.0016299326225304445,-0.20750012319279626,0.015555750537925505,0.0,0.0009852426533031138,-0.2171062554033822,0.002029789226097336,-0.20154210370671213,pSYK,pSTAT5
25,UPN27,IL-7,pPLCγ2,0.001100464063619281,-0.11539536581166064,0.001461101883539845,0.0,0.0008358123441348658,-0.20007750477677502,0.0008857999727060013,-0.1840826745998009,pSYK,pSTAT5
25,UPN27,IL-7,pAKT,0.000436032930868017,-0.35023710622852033,0.010719388657185275,0.0,0.007049050226623612,-0.12500673369777646,0.0074819085369921615,-0.11026416852107407,pSYK,pSTAT5
25,UPN27,IL-7,pERK1/2,0.0006125224505050715,-0.36310773899947657,0.01031285378596435,0.0,0.005068938771325568,-0.19629289543033346,0.0055205714012272426,-0.17938715299424585,pSYK,pSTAT5
25,UPN27,IL-7,pIKAROS,0.7081486249390073,1.5625433453823518,0.33699165887149946,0.0,0.31422666469393096,-0.09583893988765324,0.31608515421120936,-0.08801483662898497,pSYK,pSTAT5
25,UPN27,Pervanadate,pS6,0.5191342984090583,0.518748728739993,0.3902694076139942,0.0,0.36924579718737655,-0.08463105128980944,0.3655922147994594,-0.09933863539115291,pSYK,p4EBP1
25,UPN27,Pervanadate,p4EBP1,0.005292901165052519,-0.1900137344166442,0.026288228463927293,0.0,0.00252453019404536,-0.21506828579198256,0.001379829385740959,-0.22542815645650552,pSYK,p4EBP1
25,UPN27,Pervanadate,pSTAT5,0.43231843403837095,0.66125621695684,0.265034634956592,0.0,0.23941405649985373,-0.10127559799300384,0.23729823892937024,-0.10963921437491514,pSYK,p4EBP1
25,UPN27,Pervanadate,pSYK,0.028174205041053255,-0.5067968597264275,0.10592958748754538,0.0,0.07937033103090989,-0.1731088877114636,0.0792924112719254,-0.17361675595056786,pSYK,p4EBP1
25,UPN27,Pervanadate,pPLCγ2,0.6027559941849752,0.9036968631125708,0.36576382179844846,0.0,0.3429947689556939,-0.08682279006448508,0.34160122204112087,-0.09213665322974558,pSYK,p4EBP1
25,UPN27,Pervanadate,pAKT,0.0010135342656483548,-0.26981344986484235,0.02281670202640479,0.0,0.00573422084943585,-0.21139511603011743,0.005390362884596364,-0.21565034649822565,pSYK,p4EBP1
25,UPN27,Pervanadate,pERK1/2,0.006613567026351891,-0.2664178511963803,0.03025835898256511,0.0,0.01168838460506011,-0.20923731025371464,0.010965414364195843,-0.2173833822685024,pSYK,p4EBP1
25,UPN27,Pervanadate,pIKAROS,0.7432891746350253,1.689220979037504,0.325743017757932,0.0,0.3020505634226993,-0.09584998029270278,0.29758002630562397,-0.11393594506893323,pSYK,p4EBP1
25,UPN27,TSLP,pS6,0.10250704947449372,-0.8967348778166381,0.2996847608434033,0.0,0.27688000392864387,-0.1037126395454216,0.27688000392864387,-0.1037126395454216,pSYK,pSYK
25,UPN27,TSLP,p4EBP1,0.007505767751858498,-0.1943964311299092,0.02819044585205224,0.0,0.005635223618313048,-0.21197597005581678,0.005635223618313048,-0.21197597005581678,pSYK,pSYK
25,UPN27,TSLP,pSTAT5,0.00275826711099718,-0.20463070088636653,0.03026609078923601,0.0,0.0013448972266557335,-0.21514475948393097,0.0013448972266557335,-0.21514475948393097,pSYK,pSYK
25,UPN27,TSLP,pSYK,0.001599589848756729,-0.2027132547836727,0.017349690518466368,0.0,0.0004817466821791308,-0.21710056768957872,0.0004817466821791308,-0.21710056768957872,pSYK,pSYK
25,UPN27,TSLP,pPLCγ2,0.000953601640604973,-0.13555948932321657,0.0014807067633150245,0.0,0.0006733940149868236,-0.2076225389820262,0.0006733940149868236,-0.2076225389820262,pSYK,pSYK
25,UPN27,TSLP,pAKT,0.00042040502435273006,-0.3349838088148051,0.012448685152458448,0.0,0.007560063677492307,-0.13614656659945187,0.007560063677492307,-0.13614656659945187,pSYK,pSYK
25,UPN27,TSLP,pERK1/2,0.000635734427069982,-0.30396700380980113,0.015715013826685723,0.0,0.005437224952912654,-0.20717891133644759,0.005437224952912654,-0.20717891133644759,pSYK,pSYK
25,UPN27,TSLP,pIKAROS,0.695011535503717,1.548570572874902,0.3365268441010936,0.0,0.31343245891512056,-0.09976237801872902,0.31343245891512056,-0.09976237801872902,pSYK,pSYK
25,UPN27,Tofacitinib,pS6,0.07596178672863413,-0.868398062175055,0.25006358629644154,0.0,0.2289259548730014,-0.10543186924347035,0.2289259548730014,-0.10543186924347035,pSYK,pSYK
25,UPN27,Tofacitinib,p4EBP1,0.005824941905499613,-0.19371021356606039,0.02502116122020612,0.0,0.003910788544181122,-0.2130260512495322,0.003910788544181122,-0.2130260512495322,pSYK,pSYK
25,UPN27,Tofacitinib,pSTAT5,0.00034082106893880713,-0.1888699465043621,0.011715411227926636,0.0,-0.0013465129772153896,-0.21688736836991532,-0.0013465129772153896,-0.21688736836991532,pSYK,pSYK
25,UPN27,Tofacitinib,pSYK,0.0017970565453137102,-0.20111546120473603,0.015288433681042116,0.0,0.0007270042146467447,-0.21706669181894647,0.0007270042146467447,-0.21706669181894647,pSYK,pSYK
25,UPN27,Tofacitinib,pPLCγ2,0.0008675445391169636,-0.15650132430664387,0.0015139168002250153,0.0,0.0006625466580062559,-0.20613594170016253,0.0006625466580062559,-0.20613594170016253,pSYK,pSYK
25,UPN27,Tofacitinib,pAKT,0.00040278853601859025,-0.3365241816272328,0.011336480701519252,0.0,0.007730078495600649,-0.11100015736631373,0.007730078495600649,-0.11100015736631373,pSYK,pSYK
25,UPN27,Tofacitinib,pERK1/2,0.0005267234701781565,-0.44797391793880365,0.008286844059556263,0.0,0.005218790982621924,-0.17711164942458996,0.005218790982621924,-0.17711164942458996,pSYK,pSYK
25,UPN27,Tofacitinib,pIKAROS,0.7222721404595921,1.6947501087047634,0.3245941586201286,0.0,0.30155740849429186,-0.0981737399676474,0.30155740849429186,-0.0981737399676474,pSYK,pSYK
26,UPN28,BCR-Crosslink,pS6,0.08704914783987316,-1.0814670504151362,0.3395865104231223,0.0,0.31945937639752725,-0.0861925223472426,0.3156497257451358,-0.10250698612404613,pSYK,p4EBP1
26,UPN28,BCR-Crosslink,p4EBP1,0.013674197384066587,-0.2573166634364227,0.044855085608872275,0.0,0.02141368841769288,-0.19344741137693494,0.018878299327168533,-0.2143704157693442,pSYK,p4EBP1
26,UPN28,BCR-Crosslink,pSTAT5,0.07084819659135949,-0.2928312277996809,0.12414124375870837,0.0,0.09960938797698093,-0.13479607248221281,0.09696171060165722,-0.14934436082081806,pSYK,p4EBP1
26,UPN28,BCR-Crosslink,pSYK,0.039808759413396747,-0.15044574505254832,0.055315326996909844,0.0,0.038031754082436676,-0.1676863683909383,0.03723051385180724,-0.1754600541414383,pSYK,p4EBP1
26,UPN28,BCR-Crosslink,pPLCγ2,0.18539437177962742,-0.1307437768863195,0.21363856851022145,0.0,0.1933588332444472,-0.09387589274330374,0.19142705729605267,-0.1028181786932409,pSYK,p4EBP1
26,UPN28,BCR-Crosslink,pAKT,0.00958680142687277,-0.20402522027731404,0.019098448740518584,0.0,0.01178029037521252,-0.15697479345809945,0.011281624094986849,-0.16767120537425095,pSYK,p4EBP1
26,UPN28,BCR-Crosslink,pERK1/2,0.0028735632183908046,-0.36423956211059266,0.023017632311142393,0.0,0.01269046504968156,-0.186733021210241,0.01198214743894002,-0.19954062702135064,pSYK,p4EBP1
26,UPN28,BCR-Crosslink,pIKAROS,0.2296373365041617,-0.5386212955938391,0.3633161766172194,0.0,0.34254516864051543,-0.08369093581108535,0.33765633238972953,-0.10338912673731865,pSYK,p4EBP1
26,UPN28,BEZ-235,pS6,0.03141556774419419,-0.9397250640189958,0.21798242752293304,0.0,0.1973266577605266,-0.10404176060721301,0.19997870678117283,-0.09068356323676931,pSYK,pSTAT5
26,UPN28,BEZ-235,p4EBP1,0.0003734391410899755,-0.21379725134220678,0.004780210209742891,0.0,0.0006327122606674569,-0.20121845397583268,0.0009136896253227854,-0.18758666160068457,pSYK,pSTAT5
26,UPN28,BEZ-235,pSTAT5,0.0012136772085424203,-0.1790334977267977,0.010617115144876005,0.0,-0.0001509923308737702,-0.2050156504816826,0.0005862433186144579,-0.1909793078301536,pSYK,pSTAT5
26,UPN28,BEZ-235,pSYK,0.00289415334344731,-0.18494913324233045,0.014952958275791694,0.0,0.0015828260197363244,-0.2050613129548338,0.002594838913503922,-0.1895397991246908,pSYK,pSTAT5
26,UPN28,BEZ-235,pPLCγ2,0.0003734391410899755,-0.3229652040915896,0.0014588785983444131,0.0,0.0008502688483088133,-0.18108773439060938,0.000902312427987029,-0.1656025175781052,pSYK,pSTAT5
26,UPN28,BEZ-235,pAKT,0.001096977476951803,-0.3060151507626899,0.011509203709470648,0.0,0.008040949221564772,-0.10193194003845052,0.008483420158315729,-0.08892772678047593,pSYK,pSTAT5
26,UPN28,BEZ-235,pERK1/2,0.0013303769401330377,-0.3863803739566504,0.007285718991249765,0.0,0.004765302130887717,-0.16352370706410108,0.005024749430577343,-0.146690862902392,pSYK,pSTAT5
26,UPN28,BEZ-235,pIKAROS,0.24301552106430155,-0.46654480020658373,0.3567281397938642,0.0,0.3361476120010883,-0.08443863429143283,0.33788213177563764,-0.07732217535563046,pSYK,pSTAT5
26,UPN28,Dasatinib,pS6,0.01964600554118105,-0.9718079916704311,0.17961412141209285,0.0,0.16180637732008496,-0.10818223324078033,0.16180637732008496,-0.10818223324078033,pSYK,pSYK
26,UPN28,Dasatinib,p4EBP1,0.0025645135438371533,-0.24731024390904396,0.01766913141466374,0.0,0.0057572735575420475,-0.19503469053291678,0.0057572735575420475,-0.19503469053291678,pSYK,pSYK
26,UPN28,Dasatinib,pSTAT5,0.0011448721177844436,-0.17725346035935383,0.007002916497464608,0.0,0.00022584525747747306,-0.20506149331274995,0.00022584525747747306,-0.20506149331274995,pSYK,pSYK
26,UPN28,Dasatinib,pSYK,0.0029308726215281754,-0.14325039224096736,0.008631380992800948,0.0,0.0004769648174488862,-0.2049156390159744,0.0004769648174488862,-0.2049156390159744,pSYK,pSYK
26,UPN28,Dasatinib,pPLCγ2,0.00020607698120119982,-0.30627861795388484,0.0009759181594606292,0.0,0.000496452724991455,-0.19075364474254003,0.000496452724991455,-0.19075364474254003,pSYK,pSYK
26,UPN28,Dasatinib,pAKT,0.0016028209648982208,-0.3139539149512496,0.009320622215412782,0.0,0.006681198034071792,-0.1073696416960404,0.006681198034071792,-0.1073696416960404,pSYK,pSYK
26,UPN28,Dasatinib,pERK1/2,0.0010074874636503103,-0.4410017507738774,0.005993849612713201,0.0,0.004317854052911696,-0.14822769667875285,0.004317854052911696,-0.14822769667875285,pSYK,pSYK
26,UPN28,Dasatinib,pIKAROS,0.2301879880017402,-0.407288093047414,0.3293164705632903,0.0,0.3084603156932444,-0.08569145139539693,0.3084603156932444,-0.08569145139539693,pSYK,pSYK
26,UPN28,IL-7,pS6,0.05188267668971072,-1.0601331185528358,0.2723780751328927,0.0,0.2521332675170248,-0.09733623097736743,0.2547313973209742,-0.08484452606691012,pSYK,pSTAT5
26,UPN28,IL-7,p4EBP1,0.006488131194487326,-0.20515384396073735,0.02680432045657101,0.0,0.007022140763234149,-0.19976138997603815,0.008411739648592657,-0.18572915444125188,pSYK,pSTAT5
26,UPN28,IL-7,pSTAT5,0.0010962704432064792,-0.18154021145125482,0.019421804080928348,0.0,-0.0012476525403840935,-0.20476006864496799,0.00017543939298678493,-0.1906623394543194,pSYK,pSTAT5
26,UPN28,IL-7,pSYK,0.003042709801552677,-0.18594130161012612,0.01552289525469243,0.0,0.001754571899013917,-0.2051331669193982,0.0028009736602335675,-0.1895429093692301,pSYK,pSTAT5
26,UPN28,IL-7,pPLCγ2,0.00029084726044253527,-0.3810609250543376,0.0014799301812881416,0.0,0.0008899569722740009,-0.1890664922042011,0.0009395974766947756,-0.17315838671960435,pSYK,pSTAT5
26,UPN28,IL-7,pAKT,0.0011857619079580284,-0.3240421069341253,0.010701953099578531,0.0,0.007232900315951815,-0.11812700590357395,0.0076561888518664935,-0.10371332859750709,pSYK,pSTAT5
26,UPN28,IL-7,pERK1/2,0.001163389041770141,-0.3419486947463595,0.010300042935004696,0.0,0.005344521499169686,-0.18546550045264865,0.005792333087158046,-0.16870568993620763,pSYK,pSTAT5
26,UPN28,IL-7,pIKAROS,0.23988187126652796,-0.4432911521645249,0.3478815833755106,0.0,0.3268667145632855,-0.08625676148985587,0.3286492373759397,-0.07894029206645906,pSYK,pSTAT5
26,UPN28,Pervanadate,pS6,0.05149497455631788,-1.4364250568873178,0.40114474072684864,0.0,0.3817605682515658,-0.07963371849344156,0.3775443792926494,-0.09695459226804454,pSYK,p4EBP1
26,UPN28,Pervanadate,p4EBP1,0.0059748348059444545,-0.1836934678549707,0.026272369542046085,0.0,0.00381872395802723,-0.2032063537242674,0.0018869362057820048,-0.22068910697402677,pSYK,p4EBP1
26,UPN28,Pervanadate,pSTAT5,0.0012911719284032508,-1.0915344067833361,0.2750585247731029,0.0,0.251296476566531,-0.09474136679778197,0.24842091846969713,-0.10620646871290733,pSYK,p4EBP1
26,UPN28,Pervanadate,pSYK,0.0036456619154915312,-0.671894923137346,0.10650001872302357,0.0,0.08142730325970404,-0.16378723033187034,0.08045066412388541,-0.17016711444627597,pSYK,p4EBP1
26,UPN28,Pervanadate,pPLCγ2,0.0007595128990607357,-1.467090000970304,0.37976373996788837,0.0,0.3588721256031463,-0.08086948996765304,0.3568290533367071,-0.08877803208744403,pSYK,p4EBP1
26,UPN28,Pervanadate,pAKT,0.002303855793817565,-0.25344921391943587,0.022786694549005504,0.0,0.006644749867668633,-0.19973614202180004,0.005725090618397596,-0.21111576164324758,pSYK,p4EBP1
26,UPN28,Pervanadate,pERK1/2,0.0012152206384971772,-0.32880002327437197,0.030383901921817544,0.0,0.012843221725154553,-0.19772495029485915,0.011502863602700905,-0.2128339563406952,pSYK,p4EBP1
26,UPN28,Pervanadate,pIKAROS,0.21370161269905566,-0.4885364685910622,0.3380590075703964,0.0,0.3162323556492053,-0.08574572876648787,0.31112680668103165,-0.10580281395801057,pSYK,p4EBP1
26,UPN28,TSLP,pS6,0.046516459670344894,-1.1645675033693843,0.30098686758303467,0.0,0.2794862266602642,-0.09839630440983721,0.2794862266602642,-0.09839630440983721,pSYK,pSYK
26,UPN28,TSLP,p4EBP1,0.004940209612632162,-0.21909450580205211,0.028250109994824947,0.0,0.006941514123703883,-0.20028383670336983,0.006941514123703883,-0.20028383670336983,pSYK,pSYK
26,UPN28,TSLP,pSTAT5,0.0012927651322775752,-0.21579787697393732,0.030300172230601576,0.0,0.002975556775133316,-0.20327890681273544,0.002975556775133316,-0.20327890681273544,pSYK,pSYK
26,UPN28,TSLP,pSYK,0.0026778706311464057,-0.18850020289243052,0.017324614221201493,0.0,0.0013859241096963008,-0.20512725585626262,0.0013859241096963008,-0.20512725585626262,pSYK,pSYK
26,UPN28,TSLP,pPLCγ2,0.00018468073318251074,-0.3382845989080979,0.0014985886448829887,0.0,0.0007365907805127126,-0.19618737327162739,0.0007365907805127126,-0.19618737327162739,pSYK,pSYK
26,UPN28,TSLP,pAKT,0.0010619142157994367,-0.31665860793859346,0.01243376633405271,0.0,0.007813698319621754,-0.1286496070137117,0.007813698319621754,-0.1286496070137117,pSYK,pSYK
26,UPN28,TSLP,pERK1/2,0.0009003185742647398,-0.2984980835584579,0.015708860706983522,0.0,0.005997355069964967,-0.19575632733706386,0.005997355069964967,-0.19575632733706386,pSYK,pSYK
26,UPN28,TSLP,pIKAROS,0.21919294519599242,-0.5416392714800021,0.34759239271290115,0.0,0.32627320204354826,-0.08993271486756908,0.32627320204354826,-0.08993271486756908,pSYK,pSYK
26,UPN28,Tofacitinib,pS6,0.05854828469985186,-0.9590865853587798,0.25046855145990155,0.0,0.23050543837831677,-0.09976202243656868,0.23050543837831677,-0.09976202243656868,pSYK,pSYK
26,UPN28,Tofacitinib,p4EBP1,0.007759411225281573,-0.17372055957091892,0.02497617356160654,0.0,0.005028209625120038,-0.20127892745754497,0.005028209625120038,-0.20127892745754497,pSYK,pSYK
26,UPN28,Tofacitinib,pSTAT5,0.0007289143878294811,-0.18227077893887061,0.011706385801905923,0.0,-0.0006354603602516922,-0.20492496210334604,-0.0006354603602516922,-0.20492496210334604,pSYK,pSYK
26,UPN28,Tofacitinib,pSYK,0.0029156575513179244,-0.18403865678769987,0.015262419704158297,0.0,0.0015029950386451045,-0.2050955547912654,0.0015029950386451045,-0.2050955547912654,pSYK,pSYK
26,UPN28,Tofacitinib,pPLCγ2,0.0001175668367466905,-0.3426805223143633,0.001531358142140603,0.0,0.0007277092594122801,-0.1947917049991797,0.0007277092594122801,-0.1947917049991797,pSYK,pSYK
26,UPN28,Tofacitinib,pAKT,0.0011286416327682288,-0.31360963093738564,0.01131960039694368,0.0,0.007910940759911961,-0.10489577237016444,0.007910940759911961,-0.10489577237016444,pSYK,pSYK
26,UPN28,Tofacitinib,pERK1/2,0.0012462084695149193,-0.4053027931149895,0.008270111850269362,0.0,0.005370268871211201,-0.1673306700413244,0.005370268871211201,-0.1673306700413244,pSYK,pSYK
26,UPN28,Tofacitinib,pIKAROS,0.2556373298220038,-0.3297050969857027,0.3354461309605376,0.0,0.3141743876597885,-0.08787755345246259,0.3141743876597885,-0.08787755345246259,pSYK,pSYK
27,UPN29,BCR-Crosslink,pS6,0.8295020624309332,2.2675702155659883,0.3223201635721674,0.0,0.3086827859918735,-0.0609716381619391,0.31478356108604144,-0.03369555451910715,pSYK,p4EBP1
27,UPN29,BCR-Crosslink,p4EBP1,0.10203836012122937,0.48984241847784477,0.04280010508010104,0.0,0.027314944080109663,-0.1280471328787152,0.03476232665216295,-0.0664645645216367,pSYK,p4EBP1
27,UPN29,BCR-Crosslink,pSTAT5,0.016477564909132686,-0.6004377581910784,0.1254056770536439,0.0,0.10925984568953886,-0.08899967692025153,0.1170072399787102,-0.04629419008834006,pSYK,p4EBP1
27,UPN29,BCR-Crosslink,pSYK,0.011674343796842348,-0.43056821667431655,0.05596961573217855,0.0,0.04459472382254528,-0.11056861625194885,0.05038545446924488,-0.05428033854523168,pSYK,p4EBP1
27,UPN29,BCR-Crosslink,pPLCγ2,0.061041390855279716,-0.72399884673628,0.2165304982991597,0.0,0.20322147266682164,-0.061970380867188,0.20967999251908187,-0.03189778606277412,pSYK,p4EBP1
27,UPN29,BCR-Crosslink,pAKT,0.008928082978653567,-0.21849888076617568,0.019113767774198098,0.0,0.014291869839442925,-0.10343725758857183,0.01669812305197565,-0.05181936008516614,pSYK,p4EBP1
27,UPN29,BCR-Crosslink,pERK1/2,0.043480639408295677,0.387159312598163,0.022073281702074836,0.0,0.015249102907791268,-0.12341758414556812,0.018656613342300635,-0.06179160416241735,pSYK,p4EBP1
27,UPN29,BCR-Crosslink,pIKAROS,0.7707255161547972,1.7453065162183807,0.3507327305788325,0.0,0.336785663179299,-0.05795791844653017,0.34271628628688794,-0.03331283998234743,pSYK,p4EBP1
27,UPN29,BEZ-235,pS6,0.8549998892114068,3.775399843154066,0.19882930376788155,0.0,0.18482284058558826,-0.08058879820988951,0.18171760881668358,-0.09845532833689215,pSYK,pSTAT5
27,UPN29,BEZ-235,p4EBP1,0.005074117568855111,0.019552427165305995,0.004670892106771608,0.0,0.0019361241679069301,-0.13260906358039565,0.0011243372451284449,-0.17197266080801132,pSYK,pSTAT5
27,UPN29,BEZ-235,pSTAT5,0.0026035319403514214,-0.15194061107256687,0.010584792941810679,0.0,0.0034897246056121182,-0.13507001191998702,0.0013920484888777524,-0.17500382575600554,pSYK,pSTAT5
27,UPN29,BEZ-235,pSYK,0.008065409585429084,-0.10376341370453859,0.014832696502722348,0.0,0.006021570904685801,-0.13510177443420726,0.003504593659772395,-0.1736948109554548,pSYK,pSTAT5
27,UPN29,BEZ-235,pPLCγ2,0.0011743590879883007,-0.07902471837806803,0.0014402525530677079,0.0,0.0010388031173871727,-0.11931255470387117,0.0009296233958481028,-0.15176125269892807,pSYK,pSTAT5
27,UPN29,BEZ-235,pAKT,0.0033015000775520153,-0.23961666287072536,0.011457935742014829,0.0,0.009170312855677838,-0.06720491455833337,0.00868316925735789,-0.08151603379842498,pSYK,pSTAT5
27,UPN29,BEZ-235,pERK1/2,0.017316257118167113,0.6773146784708568,0.006913954335946646,0.0,0.005245578157202522,-0.108631300081548,0.004830173883487537,-0.1356791007442611,pSYK,pSTAT5
27,UPN29,BEZ-235,pIKAROS,0.7609957678757395,1.7643878695363175,0.3446820875424354,0.0,0.3308750065951608,-0.05851608363571847,0.32702713561615476,-0.07482382753081125,pSYK,pSTAT5
27,UPN29,Dasatinib,pS6,0.6964742869975298,3.6673462069680483,0.1638739288200847,0.0,0.1518134013165617,-0.08304562532671603,0.1518134013165617,-0.08304562532671603,pSYK,pSYK
27,UPN29,Dasatinib,p4EBP1,0.020480574893330338,0.05281826071017794,0.01725247882514064,0.0,0.009395591155835395,-0.12855476804959834,0.009395591155835395,-0.12855476804959834,pSYK,pSYK
27,UPN29,Dasatinib,pSTAT5,0.002122164832697058,-0.14697793672461895,0.006980188759908502,0.0,0.002514768667130269,-0.13509983517556173,0.002514768667130269,-0.13509983517556173,pSYK,pSYK
27,UPN29,Dasatinib,pSYK,0.00637772288344936,-0.05460759425124267,0.008551221684384176,0.0,0.0031775720933443453,-0.13500908138971623,0.0031775720933443453,-0.13500908138971623,pSYK,pSYK
27,UPN29,Dasatinib,pPLCγ2,0.0012238940040422187,0.1079702992666147,0.0009522479961387449,0.0,0.0006358339801691936,-0.12576410108159358,0.0006358339801691936,-0.12576410108159358,pSYK,pSYK
27,UPN29,Dasatinib,pAKT,0.003896249719290366,-0.21836034899020296,0.009267286662985055,0.0,0.007526127433825028,-0.07078710143173211,0.007526127433825028,-0.07078710143173211,pSYK,pSYK
27,UPN29,Dasatinib,pERK1/2,0.009589041095890411,0.33529567595504256,0.005794278598009943,0.0,0.004685531714280008,-0.09796608774618107,0.004685531714280008,-0.09796608774618107,pSYK,pSYK
27,UPN29,Dasatinib,pIKAROS,0.720525488434763,1.706014951321654,0.31791327287880133,0.0,0.3039399716643316,-0.05920997890808628,0.3039399716643316,-0.05920997890808628,pSYK,pSYK
27,UPN29,IL-7,pS6,0.8740311312140324,3.2982633472829592,0.253258343632327,0.0,0.23951568144205507,-0.07301692326566335,0.23647263768450644,-0.08918509282863704,pSYK,pSTAT5
27,UPN29,IL-7,p4EBP1,0.03482618759423244,0.08762499084875315,0.026145295889135077,0.0,0.013098932900916835,-0.13169009317105784,0.009270419671779353,-0.1703351365679838,pSYK,pSTAT5
27,UPN29,IL-7,pSTAT5,0.002495168928245312,-0.1673502395080612,0.01938927155802047,0.0,0.005770733130901769,-0.13490303199125184,0.001751942624108993,-0.1747125186850973,pSYK,pSTAT5
27,UPN29,IL-7,pSYK,0.008303072773990785,-0.10571615572171425,0.015400561232077592,0.0,0.006327036117838341,-0.13514896143703878,0.0037390199968279983,-0.17369712067318444,pSYK,pSTAT5
27,UPN29,IL-7,pPLCγ2,0.0010617740120192818,-0.12806774446867963,0.0014620016521817054,0.0,0.001072817308292424,-0.12453403039379282,0.0009662621326314412,-0.1586303286974981,pSYK,pSTAT5
27,UPN29,IL-7,pAKT,0.004416979890000212,-0.21130680799905333,0.010626808495344992,0.0,0.008338408852092114,-0.07786920618481226,0.007833040793162155,-0.09506576959805292,pSYK,pSTAT5
27,UPN29,IL-7,pERK1/2,0.020502856172092333,0.39887839901112243,0.009850287885462319,0.0,0.006575866728045253,-0.12260854226092502,0.0057051953457494045,-0.15521025836265173,pSYK,pSTAT5
27,UPN29,IL-7,pIKAROS,0.7538489307935698,1.7729540667224888,0.33592886106092823,0.0,0.3218387224960931,-0.05977499114887978,0.3179232256854663,-0.07638581340032297,pSYK,pSTAT5
27,UPN29,Pervanadate,pS6,0.8282871871428238,1.8568963390632987,0.38307980555041826,0.0,0.3698952687227367,-0.054990818166579976,0.3756191946502532,-0.031117141450218606,pSYK,p4EBP1
27,UPN29,Pervanadate,p4EBP1,0.05236640153017191,0.24599235304538386,0.025193495897296612,0.0,0.01037968579426601,-0.1341072630967798,0.01765446759301831,-0.068249724092864,pSYK,p4EBP1
27,UPN29,Pervanadate,pSTAT5,0.27547759557742996,0.02672653753242098,0.26868209631614887,0.0,0.25285077109416315,-0.0622642268750093,0.2603593491447746,-0.03273316736504964,pSYK,p4EBP1
27,UPN29,Pervanadate,pSYK,0.0708520911571925,-0.22162601925314035,0.10493707850810029,0.0,0.08837085513830192,-0.10771622420475897,0.09686158020271263,-0.05250817682526975,pSYK,p4EBP1
27,UPN29,Pervanadate,pPLCγ2,0.4396911665228243,0.2651500638808275,0.36955602709291707,0.0,0.35551994348358107,-0.05306424847663556,0.3623318908773773,-0.027311276410143734,pSYK,p4EBP1
27,UPN29,Pervanadate,pAKT,0.013855520048517646,-0.10712214503674891,0.022518051194245037,0.0,0.011876624909915373,-0.13159345584460977,0.017244078645249464,-0.06521872681427417,pSYK,p4EBP1
27,UPN29,Pervanadate,pERK1/2,0.04849432016981176,0.21638730383020577,0.029284387979228835,0.0,0.017704136066582533,-0.13044395285687252,0.02344249650054029,-0.06580508113202813,pSYK,p4EBP1
27,UPN29,Pervanadate,pIKAROS,0.7715705255300787,1.8149585758346571,0.32508531192316337,0.0,0.31043766836897824,-0.05954254580946274,0.3166764451207024,-0.03418197165564871,pSYK,p4EBP1
27,UPN29,TSLP,pS6,0.8727449497677433,2.914089328361328,0.28177225153425794,0.0,0.2671931372140132,-0.07188968557190402,0.2671931372140132,-0.07188968557190402,pSYK,pSYK
27,UPN29,TSLP,p4EBP1,0.03261315761045695,0.04703304868865002,0.027606553064642977,0.0,0.013554449579089533,-0.1320082825328343,0.013554449579089533,-0.1320082825328343,pSYK,pSYK
27,UPN29,TSLP,pSTAT5,0.0023333693421194773,-0.2078682492044859,0.030275972132698278,0.0,0.01227182797904457,-0.1339349076281113,0.01227182797904457,-0.1339349076281113,pSYK,pSYK
27,UPN29,TSLP,pSYK,0.007399805552554824,-0.12628797215975074,0.01721480178116874,0.0,0.006711527729789142,-0.13514393180507414,0.006711527729789142,-0.13514393180507414,pSYK,pSYK
27,UPN29,TSLP,pPLCγ2,0.0011990925785891758,-0.07094552465334356,0.0014749976717339964,0.0,0.000972375689240492,-0.12924292133885437,0.000972375689240492,-0.12924292133885437,pSYK,pSYK
27,UPN29,TSLP,pAKT,0.004439883331532894,-0.22027633874788904,0.012355208912756582,0.0,0.009308221991287627,-0.08479488511072977,0.009308221991287627,-0.08479488511072977,pSYK,pSYK
27,UPN29,TSLP,pERK1/2,0.020190126390839364,0.0992806036452477,0.015260260525202716,0.0,0.008852092345474363,-0.12905154470395283,0.008852092345474363,-0.12905154470395283,pSYK,pSYK
27,UPN29,TSLP,pIKAROS,0.7518310467754132,1.8175963746914257,0.33520546011803093,0.0,0.32090219894404276,-0.062400285745015945,0.32090219894404276,-0.062400285745015945,pSYK,pSYK
27,UPN29,Tofacitinib,pS6,0.8614348531420765,3.537773737582036,0.23179677079845454,0.0,0.21825439498001528,-0.07609111147885403,0.215340885777168,-0.09246136707659512,pSYK,pSTAT5
27,UPN29,Tofacitinib,p4EBP1,0.025977629781420764,0.014374891486397668,0.024552494060300977,0.0,0.011402051089455432,-0.13264434250194243,0.007544610773430847,-0.17155311809177848,pSYK,pSTAT5
27,UPN29,Tofacitinib,pSTAT5,0.002145235655737705,-0.15819209337293672,0.01167344809800108,0.0,0.0035414819498582103,-0.13501092214385987,0.0011396800405375617,-0.17488682480711906,pSYK,pSTAT5
27,UPN29,Tofacitinib,pSYK,0.007951246584699454,-0.10720558470511095,0.01514531298245175,0.0,0.006077776822146341,-0.13512392882612212,0.003490107128200741,-0.17368524133358076,pSYK,pSTAT5
27,UPN29,Tofacitinib,pPLCγ2,0.0009605532786885246,-0.13344772477183126,0.0015117538062814906,0.0,0.0009817514161186065,-0.12831557582088904,0.0008330604932378702,-0.16431420854954049,pSYK,pSTAT5
27,UPN29,Tofacitinib,pAKT,0.004215761612021858,-0.2162697794910492,0.01124780690905406,0.0,0.008999098784327513,-0.06915877098795002,0.008516858974157104,-0.08399000329690226,pSYK,pSTAT5
27,UPN29,Tofacitinib,pERK1/2,0.018090420081967214,0.5905270138362742,0.007878385998816984,0.0,0.00595949007313028,-0.1109631902549235,0.0054777976777915325,-0.13881781446503821,pSYK,pSTAT5
27,UPN29,Tofacitinib,pIKAROS,0.7444821550546448,1.7986816572405016,0.3240776466528018,0.0,0.30983554666893864,-0.06093418003280283,0.30601170746380363,-0.07729430296454667,pSYK,pSTAT5
28,UPN30,BCR-Crosslink,pS6,0.4336165527556765,0.432296293023649,0.3315268033320571,0.0,0.3170336270828451,-0.061370964294121304,0.308863853110966,-0.09596565203529168,pSYK,p4EBP1
28,UPN30,BCR-Crosslink,p4EBP1,0.027442507842200387,-0.14097697573381135,0.04453489234240405,0.0,0.027906103258164398,-0.1371532681811357,0.020330852087506138,-0.19963349149056867,pSYK,p4EBP1
28,UPN30,BCR-Crosslink,pSTAT5,0.018000706317385793,-0.5917760671485448,0.1253702551604287,0.0,0.10799780012653554,-0.09574970955406395,0.10011312720596818,-0.13920673048750262,pSYK,p4EBP1
28,UPN30,BCR-Crosslink,pSYK,0.013731640941479528,-0.4100233268147709,0.05592177161253582,0.0,0.04368107704200877,-0.11896076713917765,0.03910823640534218,-0.16340176082697624,pSYK,p4EBP1
28,UPN30,BCR-Crosslink,pPLCγ2,0.04964995741321644,-0.7790132577736197,0.2167954153559519,0.0,0.20248399045216975,-0.0667011229314856,0.19625117047670704,-0.09575036814558636,pSYK,p4EBP1
28,UPN30,BCR-Crosslink,pAKT,0.006003697779255043,-0.28279628847636396,0.019181776732323647,0.0,0.013994481609903435,-0.11131727265227787,0.011906329461063295,-0.15612818018811625,pSYK,p4EBP1
28,UPN30,BCR-Crosslink,pERK1/2,0.009130190913434573,-0.24827319037358675,0.022872129341490213,0.0,0.015544876050498398,-0.13238019954418437,0.01258881414454034,-0.1857868513187022,pSYK,p4EBP1
28,UPN30,BCR-Crosslink,pIKAROS,0.17602883436857303,-0.7621937176805271,0.3645628859692098,0.0,0.3498402164150138,-0.05951989121553828,0.34071559879888663,-0.09640832682811973,pSYK,p4EBP1
28,UPN30,BEZ-235,pS6,0.3778941650353091,0.844408992832467,0.20992478572546525,0.0,0.19507034931652753,-0.07467563277725299,0.1930983484202558,-0.08458919736579557,pSYK,pSTAT5
28,UPN30,BEZ-235,p4EBP1,0.003218301269896584,-0.07253309377931232,0.004714050625352039,0.0,0.0017719290725873088,-0.14267175026248938,0.0011554035610998182,-0.17256880659680007,pSYK,pSTAT5
28,UPN30,BEZ-235,pSTAT5,0.002490596205684299,-0.15414179471955555,0.010587419354244799,0.0,0.002952327674021758,-0.14535166606018315,0.0013598907079911057,-0.17566739451540675,pSYK,pSTAT5
28,UPN30,BEZ-235,pSYK,0.006754332919942194,-0.12434056509041941,0.014863186657733672,0.0,0.005381907444304994,-0.14538523610105902,0.0034930759239186118,-0.17434843931076505,pSYK,pSTAT5
28,UPN30,BEZ-235,pPLCγ2,0.0017218936730656882,0.08749083790392556,0.0014275191906240477,0.0,0.0009952272836988014,-0.1284811809850866,0.0009145488182861381,-0.15245957232257676,pSYK,pSTAT5
28,UPN30,BEZ-235,pAKT,0.002890321522645977,-0.25199484215482804,0.011467498033989387,0.0,0.009006143810624086,-0.07231383989635434,0.008682526025948219,-0.0818216321704249,pSYK,pSTAT5
28,UPN30,BEZ-235,pERK1/2,0.003802515194686728,-0.2220010834894391,0.007228227403934563,0.0,0.005439270493835385,-0.11593220565516704,0.005146479911157284,-0.13490631165700026,pSYK,pSTAT5
28,UPN30,BEZ-235,pIKAROS,0.15534965715867044,-0.8392775138361132,0.35876688081492536,0.0,0.3442005355329248,-0.06009916876367661,0.34149060914110674,-0.07128003262527019,pSYK,pSTAT5
28,UPN30,Dasatinib,pS6,0.26777157191711065,0.5665482311788298,0.17384375940335026,0.0,0.161063263338925,-0.0770886412139892,0.161063263338925,-0.0770886412139892,pSYK,pSYK
28,UPN30,Dasatinib,p4EBP1,0.005553113710187498,-0.19718840059359688,0.017599629085213727,0.0,0.009151811458587534,-0.13828161874546957,0.009151811458587534,-0.13828161874546957,pSYK,pSYK
28,UPN30,Dasatinib,pSTAT5,0.0022619826116786913,-0.14264733929221826,0.006976937183653114,0.0,0.002171530197711786,-0.1453839077973808,0.002171530197711786,-0.1453839077973808,pSYK,pSYK
28,UPN30,Dasatinib,pSYK,0.00561743549061438,-0.07415566453198913,0.00856890278654313,0.0,0.0027864576585784357,-0.14528402929467402,0.0027864576585784357,-0.14528402929467402,pSYK,pSYK
28,UPN30,Dasatinib,pPLCγ2,0.0014686806530804773,0.20760343579825682,0.0009465552833704135,0.0,0.0006059096599479678,-0.13544486806187803,0.0006059096599479678,-0.13544486806187803,pSYK,pSYK
28,UPN30,Dasatinib,pAKT,0.003462655846313826,-0.23642068883653589,0.009277370241426372,0.0,0.007404012154436254,-0.07616893612796719,0.007404012154436254,-0.07616893612796719,pSYK,pSYK
28,UPN30,Dasatinib,pERK1/2,0.002765836558355935,-0.28149756840765555,0.005952957773301443,0.0,0.004763092989084248,-0.10509297290619894,0.004763092989084248,-0.10509297290619894,pSYK,pSYK
28,UPN30,Dasatinib,pIKAROS,0.14257994661292225,-0.7795749843066329,0.3313538668746581,0.0,0.3165950868862281,-0.06094896827863113,0.3165950868862281,-0.06094896827863113,pSYK,pSYK
28,UPN30,IL-7,pS6,0.39322486335324774,0.6139267221600059,0.2644398847453685,0.0,0.24987245461293225,-0.069443926831963,0.24794350012760152,-0.0786393836094236,pSYK,pSTAT5
28,UPN30,IL-7,p4EBP1,0.00693826532774035,-0.2004982582344662,0.02679385222091396,0.0,0.012767704796810312,-0.14163359377906237,0.009875481624208905,-0.17083875964254586,pSYK,pSTAT5
28,UPN30,IL-7,pSTAT5,0.0022032964704885387,-0.17031069825823786,0.019396059289596205,0.0,0.004741073118785279,-0.1451716023757239,0.0016920526903716829,-0.17537505505115042,pSYK,pSTAT5
28,UPN30,IL-7,pSYK,0.005984915893394348,-0.14106209794179578,0.01545447185720774,0.0,0.00569133060483268,-0.14543545577268177,0.0037504011106683933,-0.1743482778152548,pSYK,pSTAT5
28,UPN30,IL-7,pPLCγ2,0.0013982458370408034,-0.017893824263509463,0.0014541767260184144,0.0,0.0010351956600123235,-0.13404352589231966,0.0009563085806218932,-0.15928166462168855,pSYK,pSTAT5
28,UPN30,IL-7,pAKT,0.002828269988559807,-0.2667063750788223,0.010663755237238953,0.0,0.008202093557200887,-0.08379070887333638,0.007860573328865361,-0.09541546716521299,pSYK,pSTAT5
28,UPN30,IL-7,pERK1/2,0.0039193254523113424,-0.2362385318178355,0.010235951390573506,0.0,0.006720179791087747,-0.13148803316630514,0.00608733258483779,-0.1551561902379332,pSYK,pSTAT5
28,UPN30,IL-7,pIKAROS,0.1301533833312148,-0.9107561235723057,0.3504334086763318,0.0,0.335571536836943,-0.06144697307104343,0.33281843432103175,-0.07282977989277,pSYK,pSTAT5
28,UPN30,Pervanadate,pS6,0.6421296347829959,1.0348458397971798,0.38740905095413514,0.0,0.37329911248635783,-0.05732403288217933,0.36480134283486665,-0.09184767223324454,pSYK,p4EBP1
28,UPN30,Pervanadate,p4EBP1,0.020158731925598583,-0.05232455661902683,0.02594251146949599,0.0,0.010015849495980042,-0.14408493959017313,0.0032205960001058277,-0.20556007424682995,pSYK,p4EBP1
28,UPN30,Pervanadate,pSTAT5,0.4064138383962065,0.5556523451919075,0.2656370674133866,0.0,0.24853345113335784,-0.06750875468240626,0.24039757353692387,-0.0996214351700453,pSYK,p4EBP1
28,UPN30,Pervanadate,pSYK,0.10180660529625878,-0.015665205899098457,0.10421720608626155,0.0,0.08637480998298229,-0.11594819426356381,0.0798535587080575,-0.15832632023328838,pSYK,p4EBP1
28,UPN30,Pervanadate,pPLCγ2,0.5267651413114863,0.6040501627255136,0.36753105093504124,0.0,0.3523794075303211,-0.05747734447154556,0.34560740682507307,-0.08316674375979922,pSYK,p4EBP1
28,UPN30,Pervanadate,pAKT,0.01094203947148725,-0.14400406153298992,0.022585806556501557,0.0,0.01113570929249529,-0.14160885381216398,0.006688961497712739,-0.1966039201327273,pSYK,p4EBP1
28,UPN30,Pervanadate,pERK1/2,0.018277547113104847,-0.1318553522833694,0.029987103631710393,0.0,0.017539537529460813,-0.1401657023367867,0.012386840840920909,-0.19818759547998568,pSYK,p4EBP1
28,UPN30,Pervanadate,pIKAROS,0.16209356946469716,-0.6979913358396249,0.33925919462235826,0.0,0.323789154155797,-0.060948359486435094,0.31422582223658624,-0.09862566181541348,pSYK,p4EBP1
28,UPN30,TSLP,pS6,0.3962713050432349,0.46717328070711905,0.29285303396971163,0.0,0.27738429570425255,-0.06987721926560404,0.27738429570425255,-0.06987721926560404,pSYK,pSYK
28,UPN30,TSLP,p4EBP1,0.00749737591842855,-0.19447720344804625,0.028190641010969218,0.0,0.01308088005373563,-0.14200291943249252,0.01308088005373563,-0.14200291943249252,pSYK,pSYK
28,UPN30,TSLP,pSTAT5,0.002579097315939421,-0.2059958835342332,0.030270257528655954,0.0,0.010895772586053183,-0.1441277329340412,0.010895772586053183,-0.1441277329340412,pSYK,pSYK
28,UPN30,TSLP,pSYK,0.006897585844954266,-0.13290288063870032,0.017226481309252473,0.0,0.00592387659984335,-0.14543169013503765,0.00592387659984335,-0.14543169013503765,pSYK,pSYK
28,UPN30,TSLP,pPLCγ2,0.0016194331983805667,0.039651794303727964,0.0014652223084830338,0.0,0.0009241173542426147,-0.13913273152451003,0.0009241173542426147,-0.13913273152451003,pSYK,pSYK
28,UPN30,TSLP,pAKT,0.0030189433698205627,-0.2607984880939768,0.012388254028145241,0.0,0.009110205814603228,-0.09124577561438066,0.009110205814603228,-0.09124577561438066,pSYK,pSYK
28,UPN30,TSLP,pERK1/2,0.004338481531463987,-0.2274840720275558,0.01562890342890912,0.0,0.00874054835234644,-0.13878941607512055,0.00874054835234644,-0.13878941607512055,pSYK,pSYK
28,UPN30,TSLP,pIKAROS,0.15025740990653272,-0.8432397500879009,0.3491955446963769,0.0,0.33409315584528443,-0.06401454710520212,0.33409315584528443,-0.06401454710520212,pSYK,pSYK
28,UPN30,Tofacitinib,pS6,0.371237878042912,0.6360962478656796,0.24319670045192343,0.0,0.22884925802014872,-0.07127671323418878,0.22884925802014872,-0.07127671323418878,pSYK,pSYK
28,UPN30,Tofacitinib,p4EBP1,0.006873031979998117,-0.1828792402549578,0.02499678703242708,0.0,0.010854436756544353,-0.14270454805811902,0.010854436756544353,-0.14270454805811902,pSYK,pSYK
28,UPN30,Tofacitinib,pSTAT5,0.0023851617830130453,-0.154113802226838,0.011667868420622585,0.0,0.0029167842294197735,-0.14528767427048012,0.0029167842294197735,-0.14528767427048012,pSYK,pSYK
28,UPN30,Tofacitinib,pSYK,0.00701948928246383,-0.12141807654618274,0.015166981756922344,0.0,0.005409586522996283,-0.14540966624003301,0.005409586522996283,-0.14540966624003301,pSYK,pSYK
28,UPN30,Tofacitinib,pPLCγ2,0.0014854954964379492,-0.00340093889867417,0.0014995458477291787,0.0,0.0009289318361986247,-0.13811920767804256,0.0009289318361986247,-0.13811920767804256,pSYK,pSYK
28,UPN30,Tofacitinib,pAKT,0.0031383707671224278,-0.2502214426753655,0.011272862510098234,0.0,0.008853684972914031,-0.07441523239171959,0.008853684972914031,-0.07441523239171959,pSYK,pSYK
28,UPN30,Tofacitinib,pERK1/2,0.0041217269408207885,-0.23521940134952302,0.008203239327680852,0.0,0.0061449202688826695,-0.11862185653423615,0.0061449202688826695,-0.11862185653423615,pSYK,pSYK
28,UPN30,Tofacitinib,pIKAROS,0.15268173782050612,-0.769200534741059,0.3378404470535957,0.0,0.32279879341062845,-0.06248719314085898,0.32279879341062845,-0.06248719314085898,pSYK,pSYK
29,UPN31,BCR-Crosslink,pS6,0.3099925980754996,-0.1031487896815221,0.33440177902229373,0.0,0.32707574027092906,-0.030958516470109044,0.3097224100166234,-0.10429055561460414,pSYK,p4EBP1
29,UPN31,BCR-Crosslink,p4EBP1,0.010658771280532938,-0.2828250814911516,0.04492521179732655,0.0,0.036486731073223554,-0.06964872809845211,0.01843878325514572,-0.2186111600118076,pSYK,p4EBP1
29,UPN31,BCR-Crosslink,pSTAT5,0.23424623735504566,0.6281175584230007,0.12034128932234359,0.0,0.11148383844611974,-0.04884353589826585,0.09242373599499484,-0.1539485837619958,pSYK,p4EBP1
29,UPN31,BCR-Crosslink,pSYK,0.30249198124845794,2.6498540061362825,0.049206414861210745,0.0,0.042951760095812044,-0.06543571441315903,0.03044032585546205,-0.19632937178648874,pSYK,p4EBP1
29,UPN31,BCR-Crosslink,pPLCγ2,0.3625215889464594,0.7122815904784029,0.2095193309016904,0.0,0.20219524382254042,-0.03409630982055709,0.18665061344883008,-0.10646226171876726,pSYK,p4EBP1
29,UPN31,BCR-Crosslink,pAKT,0.010954848260547743,-0.17397515281989767,0.01906663369787498,0.0,0.016431977575556714,-0.056506018933758485,0.0110936483749392,-0.17099827783975402,pSYK,p4EBP1
29,UPN31,BCR-Crosslink,pERK1/2,0.021292869479397975,-0.023405326183147727,0.022589276351584087,0.0,0.01886765166056281,-0.06719020216062581,0.011313166548310112,-0.20357885605587006,pSYK,p4EBP1
29,UPN31,BCR-Crosslink,pIKAROS,0.268319763138416,-0.3784927058403293,0.3624165853001437,0.0,0.3549099504397414,-0.03019450046023584,0.33620437206171605,-0.10543535144709111,pSYK,p4EBP1
29,UPN31,BEZ-235,pS6,0.23673162478852058,0.11730866664091064,0.21320763549864638,0.0,0.2057087085685194,-0.037395405539887454,0.19646110634338038,-0.08351104831156371,pSYK,pSTAT5
29,UPN31,BEZ-235,p4EBP1,0.0033627838001545627,-0.06536303896168079,0.00471069056650883,0.0,0.0032174579222127115,-0.07241021852866658,0.0011467858795354883,-0.1728217757526489,pSYK,pSTAT5
29,UPN31,BEZ-235,pSTAT5,0.0027152912672055475,-0.14976240686672226,0.010582193887697794,0.0,0.00670660803234307,-0.07377961743223284,0.001341147637200375,-0.17592201088598142,pSYK,pSTAT5
29,UPN31,BEZ-235,pSYK,0.01670948472126491,0.03185568142221131,0.014631671499563374,0.0,0.009817935378860887,-0.07380107254593107,0.003237741604527989,-0.17468432537262676,pSYK,pSTAT5
29,UPN31,BEZ-235,pPLCγ2,0.0017336090398312341,0.09105440270248832,0.0014272467402341514,0.0,0.0012079078772107982,-0.06519003541982982,0.0009135247034252247,-0.15268410401104052,pSYK,pSTAT5
29,UPN31,BEZ-235,pAKT,0.0034672180796624682,-0.23462859488006407,0.011454081834989003,0.0,0.010203890106394189,-0.0367266473545707,0.008664659798931981,-0.08194432669657938,pSYK,pSTAT5
29,UPN31,BEZ-235,pERK1/2,0.005033732272281054,-0.14030902518525898,0.007199594448641672,0.0,0.006291173865701297,-0.058849361626862134,0.005113925566288619,-0.13511393796715016,pSYK,pSTAT5
29,UPN31,BEZ-235,pIKAROS,0.2509973473693005,-0.43288326073843736,0.35654251592630604,0.0,0.3491129310611938,-0.030471720935342294,0.3391706746117826,-0.07124892040131658,pSYK,pSTAT5
29,UPN31,Dasatinib,pS6,0.22320852774932665,0.2907073989023801,0.17488010926771735,0.0,0.1684118695670133,-0.03890806274954624,0.1684118695670133,-0.03890806274954624,pSYK,pSYK
29,UPN31,Dasatinib,p4EBP1,0.00644892075414438,-0.18217193718014252,0.01757879636326124,0.0,0.013290202924704947,-0.07019497808581893,0.013290202924704947,-0.07019497808581893,pSYK,pSYK
29,UPN31,Dasatinib,pSTAT5,0.0019536436402260915,-0.15219782548761482,0.006984107857407826,0.0,0.0045449807350830505,-0.07379633927973192,0.0045449807350830505,-0.07379633927973192,pSYK,pSYK
29,UPN31,Dasatinib,pSYK,0.0062971814422821595,-0.05667835118834197,0.008553094741155507,0.0,0.0056182424831125195,-0.07373624999255689,0.0056182424831125195,-0.07373624999255689,pSYK,pSYK
29,UPN31,Dasatinib,pPLCγ2,0.0012328819088805432,0.11162681547252756,0.0009520389750959933,0.0,0.000779268032236897,-0.06867137405829196,0.000779268032236897,-0.06867137405829196,pSYK,pSYK
29,UPN31,Dasatinib,pAKT,0.0035279390007966313,-0.2337011377923166,0.009275852028531421,0.0,0.008324457292666919,-0.038682219300868216,0.008324457292666919,-0.038682219300868216,pSYK,pSYK
29,UPN31,Dasatinib,pERK1/2,0.0050263647054360604,-0.07713097119116577,0.005900387351276322,0.0,0.005295881244310561,-0.05334660760012088,0.005295881244310561,-0.05334660760012088,pSYK,pSYK
29,UPN31,Dasatinib,pIKAROS,0.2417965934524487,-0.3583269608097844,0.32904650299466914,0.0,0.3215206096395213,-0.030908117927889923,0.3215206096395213,-0.030908117927889923,pSYK,pSYK
29,UPN31,IL-7,pS6,0.24750319590923617,-0.0964816894836452,0.26782876073243855,0.0,0.26047122742646917,-0.034924847105935165,0.25141617629043284,-0.0779074967673253,pSYK,pSTAT5
29,UPN31,IL-7,p4EBP1,0.00693112815596037,-0.20057207321516185,0.026794018201653034,0.0,0.019673759875760068,-0.07189915319304521,0.009851178846943622,-0.17108589977128863,pSYK,pSTAT5
29,UPN31,IL-7,pSTAT5,0.00379514221796101,-0.15416584370821812,0.019359039621050334,0.0,0.01191978728246052,-0.07368839459898946,0.0016282409482280616,-0.1756297581654337,pSYK,pSTAT5
29,UPN31,IL-7,pSYK,0.017797219558964527,0.03898223031458184,0.015179767120799131,0.0,0.010222584659224501,-0.07382828647077679,0.0034500210259185513,-0.17469339925148553,pSYK,pSTAT5
29,UPN31,IL-7,pPLCγ2,0.001797698945349952,0.11289048669580533,0.001444887118848434,0.0,0.001232209118121254,-0.0680513554481964,0.0009460026555971797,-0.15962988094779018,pSYK,pSTAT5
29,UPN31,IL-7,pAKT,0.002996164908916587,-0.2608492563007197,0.010659850704207401,0.0,0.009409648092570819,-0.0425532087538102,0.007852494246297007,-0.0955541320165985,pSYK,pSTAT5
29,UPN31,IL-7,pERK1/2,0.005193352508788751,-0.18743744397506595,0.010206322854376356,0.0,0.008421238074221134,-0.06674520402172211,0.006050761543149319,-0.15537849553482014,pSYK,pSTAT5
29,UPN31,IL-7,pIKAROS,0.23144375199744327,-0.4789134686967515,0.3480778187073498,0.0,0.3404954413111781,-0.031134151129277057,0.33036262695586344,-0.07274070234928871,pSYK,pSTAT5
29,UPN31,Pervanadate,pS6,0.3225421589996558,-0.29041964295549716,0.39484131783281745,0.0,0.38775421984817227,-0.028468276803065996,0.37044801055170795,-0.09798586464098918,pSYK,p4EBP1
29,UPN31,Pervanadate,p4EBP1,0.008443271767810026,-0.16081976204147,0.02621496403130502,0.0,0.018133526918235707,-0.07313061548711067,0.0013443694232849746,-0.22505921481137947,pSYK,p4EBP1
29,UPN31,Pervanadate,pSTAT5,0.2164965010898245,-0.2107464518556251,0.27005374967632567,0.0,0.261416438485053,-0.033987606443105986,0.24263014091192803,-0.10791122390910683,pSYK,p4EBP1
29,UPN31,Pervanadate,pSYK,0.30021796489617986,1.3302548184132592,0.09960298842114709,0.0,0.09052237058882656,-0.060212531675655295,0.07267500944700107,-0.17855632919283437,pSYK,p4EBP1
29,UPN31,Pervanadate,pPLCγ2,0.3304806699552598,-0.1572451836905939,0.3720958060828604,0.0,0.3644521706055937,-0.028881915969261585,0.34830972108130115,-0.08987708928505958,pSYK,p4EBP1
29,UPN31,Pervanadate,pAKT,0.008213835034989101,-0.17855288518584847,0.02264925317130384,0.0,0.016837625611672954,-0.07188450369769474,0.00524319086879849,-0.2152970294652226,pSYK,p4EBP1
29,UPN31,Pervanadate,pERK1/2,0.011907766433405988,-0.20530938193548764,0.030135238066121995,0.0,0.023817895453749703,-0.07115686329709632,0.01086804283652304,-0.21702055139228918,pSYK,p4EBP1
29,UPN31,Pervanadate,pIKAROS,0.23645749684524492,-0.3966875834540109,0.3375298009623455,0.0,0.3296476465716714,-0.030935801899057862,0.3100394616734058,-0.10789381281172664,pSYK,p4EBP1
29,UPN31,TSLP,pS6,0.24410230941147257,-0.23576332083429968,0.2963918478216131,0.0,0.2885746340092752,-0.035246291019297375,0.2885746340092752,-0.035246291019297375,pSYK,pSYK
29,UPN31,TSLP,p4EBP1,0.006684049333664432,-0.20230598661963797,0.028209555582707917,0.0,0.0205394010593841,-0.07208741854492068,0.0205394010593841,-0.07208741854492068,pSYK,pSYK
29,UPN31,TSLP,pSTAT5,0.002876417515106365,-0.20373046950362017,0.030263343105419515,0.0,0.020427972442973747,-0.07316500993126977,0.020427972442973747,-0.07316500993126977,pSYK,pSYK
29,UPN31,TSLP,pSYK,0.014589024087409983,-0.03162873648755667,0.01704761065245118,0.0,0.011309633299639223,-0.07381679223510128,0.011309633299639223,-0.07381679223510128,pSYK,pSYK
29,UPN31,TSLP,pPLCγ2,0.001862428606903402,0.10359656925445256,0.001459571252470875,0.0,0.0011849658626932778,-0.07061600332408839,0.0011849658626932778,-0.07061600332408839,pSYK,pSYK
29,UPN31,TSLP,pAKT,0.0034144524459895705,-0.2495166205719303,0.012379056142652937,0.0,0.010714345081106828,-0.04633479541993564,0.010714345081106828,-0.04633479541993564,pSYK,pSYK
29,UPN31,TSLP,pERK1/2,0.005338962006456419,-0.20683562858874485,0.015605636441118597,0.0,0.012108498206956335,-0.07045443873067414,0.012108498206956335,-0.07045443873067414,pSYK,pSYK
29,UPN31,TSLP,pIKAROS,0.22566426620312888,-0.5135297539951259,0.3474418968755259,0.0,0.33974348378931035,-0.032463796154421555,0.33974348378931035,-0.032463796154421555,pSYK,pSYK
29,UPN31,Tofacitinib,pS6,0.23795586625115808,-0.041241517303463024,0.2462962821214991,0.0,0.23904866955137416,-0.03583784596191636,0.23904866955137416,-0.03583784596191636,pSYK,pSYK
29,UPN31,Tofacitinib,p4EBP1,0.0060010106965383645,-0.19189060856352355,0.02501706659715871,0.0,0.017838166329697033,-0.07244212723917813,0.017838166329697033,-0.07244212723917813,pSYK,pSYK
29,UPN31,Tofacitinib,pSTAT5,0.0021687863219068473,-0.1577917684672399,0.011672900408090171,0.0,0.007230896367733454,-0.0737482385744366,0.007230896367733454,-0.0737482385744366,pSYK,pSYK
29,UPN31,Tofacitinib,pSYK,0.0145708750947528,-0.006265329471348436,0.01499136813338074,0.0,0.010037821294911188,-0.07380764993407896,0.010037821294911188,-0.07380764993407896,pSYK,pSYK
29,UPN31,Tofacitinib,pPLCγ2,0.001705550408489851,0.051104426095508956,0.0014944282916349483,0.0,0.001204830215998906,-0.07010039343208702,0.001204830215998906,-0.07010039343208702,pSYK,pSYK
29,UPN31,Tofacitinib,pAKT,0.0028636401920323425,-0.2588820976510527,0.011279251593239862,0.0,0.01005062905259235,-0.03779504130841344,0.01005062905259235,-0.03779504130841344,pSYK,pSYK
29,UPN31,Tofacitinib,pERK1/2,0.004842920912995873,-0.19264930716515538,0.008186467374839572,0.0,0.007141339908779301,-0.06021841913474143,0.007141339908779301,-0.06021841913474143,pSYK,pSYK
29,UPN31,Tofacitinib,pIKAROS,0.21475195822454307,-0.5033813382662382,0.33639695355582744,0.0,0.3287328070072654,-0.03171514237619873,0.3287328070072654,-0.03171514237619873,pSYK,pSYK
30,UPN47,BCR-Crosslink,pS6,0.2708418174413869,-0.2726422165737566,0.33531226229285455,0.0,0.31364004756852737,-0.09165068853047402,0.3072228496683921,-0.11878869050511869,pSYK,p4EBP1
30,UPN47,BCR-Crosslink,p4EBP1,0.004246902088545,-0.33710915585318885,0.04507432503434952,0.0,0.02007140625232004,-0.20644733946750232,0.014872624488924839,-0.24937331434594376,pSYK,p4EBP1
30,UPN47,BCR-Crosslink,pSTAT5,0.018907440805166095,-0.5866211768701575,0.12534916831187567,0.0,0.09923289923800428,-0.14393186636891447,0.09382111953657521,-0.1737572426736559,pSYK,p4EBP1
30,UPN47,BCR-Crosslink,pSYK,0.01140264122403863,-0.43328246533466974,0.055975934396662354,0.0,0.03756513463862135,-0.1789653880195317,0.034983438244593226,-0.20406121780303002,pSYK,p4EBP1
30,UPN47,BCR-Crosslink,pPLCγ2,0.04401070452033277,-0.8063072511255229,0.21692656077206549,0.0,0.19544891827868535,-0.1001503231391512,0.1913166742195953,-0.11941899184593607,pSYK,p4EBP1
30,UPN47,BCR-Crosslink,pAKT,0.004275990459014486,-0.3208198983499394,0.01922195597232924,0.0,0.011419008828323063,-0.16749273958513336,0.010137783644145453,-0.19499464523218318,pSYK,p4EBP1
30,UPN47,BCR-Crosslink,pERK1/2,0.004741404386526267,-0.3295883870244373,0.02297419414444157,0.0,0.011952635229671413,-0.19923324260550487,0.010135974369500204,-0.2320724477202528,pSYK,p4EBP1
30,UPN47,BCR-Crosslink,pIKAROS,0.17167956251090813,-0.7804375959862215,0.3646640318263648,0.0,0.34257379337868515,-0.0893338860376818,0.33493142893776906,-0.12023994056671035,pSYK,p4EBP1
30,UPN47,BEZ-235,pS6,0.21224059310729906,-0.007661452069552909,0.21377719437495382,0.0,0.19153959399419884,-0.1108760698336901,0.20465537649021018,-0.04548113553089682,pSYK,pSTAT5
30,UPN47,BEZ-235,p4EBP1,0.0005273443558643794,-0.2061491016194893,0.004776631018701626,0.0,0.0003506829786371953,-0.21471961876646123,0.0028337140447743394,-0.09425831215372342,pSYK,pSTAT5
30,UPN47,BEZ-235,pSTAT5,0.007258739957192046,-0.061243881074415245,0.010476532290256246,0.0,-0.0010211356454672138,-0.2188338260530363,0.0054352334988728565,-0.09595047525831668,pSYK,pSTAT5
30,UPN47,BEZ-235,pSYK,0.0012718305053199739,-0.21043443159152816,0.014990686713887676,0.0,0.0007252056509145337,-0.21881914594247914,0.008781659166142746,-0.09524067917045811,pSYK,pSTAT5
30,UPN47,BEZ-235,pPLCγ2,0.0004342835871824301,-0.3043991708289934,0.001457463611225984,0.0,0.0008079807001784316,-0.19322314250151962,0.0011776859391299244,-0.083234708850103,pSYK,pSTAT5
30,UPN47,BEZ-235,pAKT,0.002977944597822378,-0.2493568031134011,0.011465460288055052,0.0,0.007762820779025835,-0.10878075337349839,0.00994314153144592,-0.04472457575594947,pSYK,pSTAT5
30,UPN47,BEZ-235,pERK1/2,0.002605701523094581,-0.301509252072097,0.0072560602800181015,0.0,0.004565304969273385,-0.1744569964723272,0.006118948540126443,-0.07372543241028348,pSYK,pSTAT5
30,UPN47,BEZ-235,pIKAROS,0.15959921828954307,-0.8210519913735415,0.3586680538118818,0.0,0.336808903634705,-0.09015725005680436,0.34919687012352885,-0.039063544062948936,pSYK,pSTAT5
30,UPN47,Dasatinib,pS6,0.18610176813651372,0.0622518427080914,0.17574305716568975,0.0,0.1565594004302817,-0.11528635030190913,0.1565594004302817,-0.11528635030190913,pSYK,pSYK
30,UPN47,Dasatinib,p4EBP1,0.0014503039466781868,-0.266007283723024,0.01769504326576046,0.0,0.004985419062781252,-0.20811984390562077,0.004985419062781252,-0.20811984390562077,pSYK,pSYK
30,UPN47,Dasatinib,pSTAT5,0.0018514518468232173,-0.15536332312238116,0.006986484410742777,0.0,-0.00024619522419289195,-0.2188288251682407,-0.00024619522419289195,-0.2188288251682407,pSYK,pSYK
30,UPN47,Dasatinib,pSYK,0.0013885888851174128,-0.18293591662615413,0.008667248056438408,0.0,-3.272153773995791e-05,-0.21865798011281842,-3.272153773995791e-05,-0.21865798011281842,pSYK,pSYK
30,UPN47,Dasatinib,pPLCγ2,0.0004937204924861913,-0.18905174080126036,0.0009692287754772573,0.0,0.0004572821460625563,-0.20353883402280365,0.0004572821460625563,-0.20353883402280365,pSYK,pSYK
30,UPN47,Dasatinib,pAKT,0.004011479001450304,-0.21356159445688752,0.00926460691223715,0.0,0.006445674034257909,-0.11460139755059112,0.006445674034257909,-0.11460139755059112,pSYK,pSYK
30,UPN47,Dasatinib,pERK1/2,0.0023143148085290216,-0.3223974043274227,0.00596345827911137,0.0,0.004173738904728178,-0.15811953830457617,0.004173738904728178,-0.15811953830457617,pSYK,pSYK
30,UPN47,Dasatinib,pIKAROS,0.15308421020149968,-0.7346125410662102,0.3311095816749237,0.0,0.30894801792670235,-0.09144855322777437,0.30894801792670235,-0.09144855322777437,pSYK,pSYK
30,UPN47,IL-7,pS6,0.4138421090030555,0.7156093476958468,0.2639604139163032,0.0,0.24195587013643563,-0.10506057601991689,0.24195587013643563,-0.10506057601991689,pSYK,pSYK
30,UPN47,IL-7,p4EBP1,0.004073995120680262,-0.23012790719405518,0.026860463155961876,0.0,0.00575373345602187,-0.21316368671252792,0.00575373345602187,-0.21316368671252792,pSYK,pSYK
30,UPN47,IL-7,pSTAT5,0.015680144010990313,-0.03369408357121479,0.01908264423051477,0.0,-0.0029906100410803105,-0.21858575345507114,-0.0029906100410803105,-0.21858575345507114,pSYK,pSYK
30,UPN47,IL-7,pSYK,0.0019659395059096617,-0.20237211226614607,0.015547936424358547,0.0,0.0008569216243969995,-0.21889650794744586,0.0008569216243969995,-0.21889650794744586,pSYK,pSYK
30,UPN47,IL-7,pPLCγ2,0.0006395224898742272,-0.266494176113437,0.0014718214550222884,0.0,0.000841903825524714,-0.20169360617001655,0.000841903825524714,-0.20169360617001655,pSYK,pSYK
30,UPN47,IL-7,pAKT,0.004476657429119591,-0.20922676006048907,0.010625420645598028,0.0,0.0069202478195772195,-0.1260775994390121,0.0069202478195772195,-0.1260775994390121,pSYK,pSYK
30,UPN47,IL-7,pERK1/2,0.006324166844311803,-0.1441483815646874,0.010180024846573495,0.0,0.0048863655964347524,-0.19789951108543122,0.0048863655964347524,-0.19789951108543122,pSYK,pSYK
30,UPN47,IL-7,pIKAROS,0.31526090148985053,-0.12643304654231352,0.3461285826726426,0.0,0.3236232546667935,-0.09218111222425734,0.3236232546667935,-0.09218111222425734,pSYK,pSYK
30,UPN47,Pervanadate,pS6,0.22227236827259392,-0.7059310135695618,0.3971731734311213,0.0,0.3763156050791114,-0.08418488613580233,0.3695173885610905,-0.11162370708738112,pSYK,p4EBP1
30,UPN47,Pervanadate,p4EBP1,0.0009778479822482981,-0.2300193176464289,0.026388578537945996,0.0,0.0024339060376550453,-0.2168390007868198,-0.0019710978609339715,-0.25671333610993835,pSYK,p4EBP1
30,UPN47,Pervanadate,pSTAT5,0.17638873218248147,-0.3726482381040609,0.27098648848812434,0.0,0.24544668122268265,-0.10060877287864822,0.23977331060965967,-0.12295783955443214,pSYK,p4EBP1
30,UPN47,Pervanadate,pSYK,0.056602354357064955,-0.31662279383327446,0.10526846773601022,0.0,0.07845810403557754,-0.174428810298004,0.07489803833496336,-0.19759067530212712,pSYK,p4EBP1
30,UPN47,Pervanadate,pPLCγ2,0.36624167888976644,-0.018972336091061314,0.37126415471229046,0.0,0.3485764834615733,-0.0857023785284845,0.34407708904089135,-0.10269878153207836,pSYK,p4EBP1
30,UPN47,Pervanadate,pAKT,0.004061830080108316,-0.23116161987129413,0.022745811426068508,0.0,0.005519051378736199,-0.2131326125808,0.0028965277043843524,-0.245578953084403,pSYK,p4EBP1
30,UPN47,Pervanadate,pERK1/2,0.0015043815111512278,-0.3254564308213342,0.030377177250360477,0.0,0.011660027636954968,-0.21098118669732624,0.008415267627658322,-0.24755637744213518,pSYK,p4EBP1
30,UPN47,Pervanadate,pIKAROS,0.06769716800180525,-1.0871245647921293,0.3414544597726581,0.0,0.3183380709373091,-0.09179808139404622,0.31038063190983484,-0.12339807050719061,pSYK,p4EBP1
30,UPN47,TSLP,pS6,0.391366031617349,0.4443924188682816,0.29296711009589504,0.0,0.26964441164241126,-0.10533073147574509,0.26964441164241126,-0.10533073147574509,pSYK,pSYK
30,UPN47,TSLP,p4EBP1,0.002026753141467369,-0.24715308484474793,0.028317864796479943,0.0,0.0055829748651126734,-0.21372235049908667,0.0055829748651126734,-0.21372235049908667,pSYK,pSYK
30,UPN47,TSLP,pSTAT5,0.014216225606578262,-0.11737437112318043,0.02999962663817598,0.0,0.0008268505172772424,-0.21694540006002794,0.0008268505172772424,-0.21694540006002794,pSYK,pSYK
30,UPN47,TSLP,pSYK,0.0017372169784006023,-0.2008990070468153,0.01734648988754442,0.0,0.00033932305034224675,-0.2188905883163813,0.00033932305034224675,-0.2188905883163813,pSYK,pSYK
30,UPN47,TSLP,pPLCγ2,0.00023162893045341364,-0.32588485607908313,0.0014974968263418047,0.0,0.000684354897805392,-0.2093351456448664,0.000684354897805392,-0.2093351456448664,pSYK,pSYK
30,UPN47,TSLP,pAKT,0.0037929237361746483,-0.23872282831824576,0.012370254484741657,0.0,0.007437527070337401,-0.13728684065101052,0.007437527070337401,-0.13728684065101052,pSYK,pSYK
30,UPN47,TSLP,pERK1/2,0.007064682378829116,-0.17123340023571187,0.015565503409202952,0.0,0.005195652260643434,-0.20888157341055807,0.005195652260643434,-0.20888157341055807,pSYK,pSYK
30,UPN47,TSLP,pIKAROS,0.15139845966761248,-0.8382095490249224,0.34916900865542166,0.0,0.32650468482711786,-0.09605804682399066,0.32650468482711786,-0.09605804682399066,pSYK,pSYK
30,UPN47,Tofacitinib,pS6,0.24015514168908766,-0.030113401653060066,0.24624513618108218,0.0,0.22474619746817573,-0.10630652908263044,0.22474619746817573,-0.10630652908263044,pSYK,pSYK
30,UPN47,Tofacitinib,p4EBP1,0.0013277892309305006,-0.24020293513446908,0.02512574616612633,0.0,0.0038464893961602555,-0.21478061951051314,0.0038464893961602555,-0.21478061951051314,pSYK,pSYK
30,UPN47,Tofacitinib,pSTAT5,0.006324469757853174,-0.08717509358778841,0.011576256607254209,0.0,-0.0016002298809999604,-0.21871821452593632,-0.0016002298809999604,-0.21871821452593632,pSYK,pSYK
30,UPN47,Tofacitinib,pSYK,0.001397672874663685,-0.20721351152875261,0.015297721673382813,0.0,0.0006167002916334791,-0.2188557779467152,0.0006167002916334791,-0.2188557779467152,pSYK,pSYK
30,UPN47,Tofacitinib,pPLCγ2,0.0004193018623991055,-0.26770165800255746,0.0015243410485207796,0.0,0.0006664650395902611,-0.2078250552881567,0.0006664650395902611,-0.2078250552881567,pSYK,pSYK
30,UPN47,Tofacitinib,pAKT,0.002865229393060554,-0.2588319955499337,0.011279214635076416,0.0,0.007640323036686247,-0.11194000784526689,0.007640323036686247,-0.11194000784526689,pSYK,pSYK
30,UPN47,Tofacitinib,pERK1/2,0.0032146476117264756,-0.2888046809730302,0.008224334195799324,0.0,0.005127946788398426,-0.1785044158663321,0.005127946788398426,-0.1785044158663321,pSYK,pSYK
30,UPN47,Tofacitinib,pIKAROS,0.1291449736189245,-0.8709152805347201,0.33838781366293486,0.0,0.3158380721186588,-0.0938570441831509,0.3158380721186588,-0.0938570441831509,pSYK,pSYK
31,UPN48,BCR-Crosslink,pS6,0.07622409131871433,-1.1302820002609706,0.33983825592361433,0.0,0.3165216725287196,-0.09997305933212172,0.3106192491950698,-0.12528051146370084,pSYK,p4EBP1
31,UPN48,BCR-Crosslink,p4EBP1,0.0011514969460298388,-0.3633395190110795,0.04514631120045452,0.0,0.017941684653225466,-0.2246745688567633,0.013361285494848787,-0.2625026641740644,pSYK,p4EBP1
31,UPN48,BCR-Crosslink,pSTAT5,0.0023029938920596776,-0.681200488349424,0.12573531824008743,0.0,0.09734434628956377,-0.15668459667729284,0.09258370562810322,-0.18295770431398675,pSYK,p4EBP1
31,UPN48,BCR-Crosslink,pSYK,0.0018524081305697406,-0.5288384078633913,0.056198032840696514,0.0,0.03617746037247604,-0.19482060837612303,0.03411955494499576,-0.2148461290248775,pSYK,p4EBP1
31,UPN48,BCR-Crosslink,pPLCγ2,0.0039801742264944425,-1.0013321089621594,0.21785750333703843,0.0,0.1945542233730966,-0.10910143010047131,0.19098347224485823,-0.12581899326009877,pSYK,p4EBP1
31,UPN48,BCR-Crosslink,pAKT,0.004656052868729348,-0.3124527962080823,0.0192131173116382,0.0,0.01072146548684896,-0.18226479435373588,0.009650608358087329,-0.20524966919118423,pSYK,p4EBP1
31,UPN48,BCR-Crosslink,pERK1/2,0.0021277660959247023,-0.3780835307871616,0.02303497643026951,0.0,0.011044604193616664,-0.21683248019172574,0.009526094747878596,-0.24429302627114108,pSYK,p4EBP1
31,UPN48,BCR-Crosslink,pIKAROS,0.05379493341343747,-1.2832632903058976,0.3674055348286316,0.0,0.3435434982608477,-0.09764107278642023,0.3363314971700401,-0.12715186166828857,pSYK,p4EBP1
31,UPN48,BEZ-235,pS6,0.07079145567179909,-0.7338796026275155,0.21706670919903526,0.0,0.19305570740561231,-0.12046593001846859,0.19859690266206817,-0.09266512246675167,pSYK,pSTAT5
31,UPN48,BEZ-235,p4EBP1,7.711487545947613e-05,-0.22852524193110627,0.004787101471734298,0.0,-2.904022784166148e-05,-0.23367581299287973,0.000827738668462902,-0.19210550264118503,pSYK,pSTAT5
31,UPN48,BEZ-235,pSTAT5,0.0008482636300542374,-0.18615808806736944,0.010625613135073405,0.0,-0.0018794121670320813,-0.2380922969235181,0.0003534703045967938,-0.19557881905467528,pSYK,pSTAT5
31,UPN48,BEZ-235,pSYK,0.0004883942112433488,-0.22274488519030777,0.015008906162587132,0.0,-0.0005151316518262668,-0.2381389879536239,0.0023553371643142747,-0.19410595047973422,pSYK,pSTAT5
31,UPN48,BEZ-235,pPLCγ2,2.5704958486492046e-05,-0.42923502060699287,0.0014669654398003081,0.0,0.0007607324325181199,-0.21032973800667457,0.0008973235650491589,-0.1696502783622613,pSYK,pSTAT5
31,UPN48,BEZ-235,pAKT,0.007480142919569185,-0.1139443635948029,0.011360758001502802,0.0,0.007325590819795545,-0.11848239178856364,0.008256416702195723,-0.09115106400976968,pSYK,pSTAT5
31,UPN48,BEZ-235,pERK1/2,0.001799347094054443,-0.3551507770574992,0.00727481270860043,0.0,0.004347785718332043,-0.18985342676620695,0.004959036760516075,-0.1502063359266336,pSYK,pSTAT5
31,UPN48,BEZ-235,pIKAROS,0.0720509986376372,-1.2009690891271225,0.36070405892006563,0.0,0.3370529554233937,-0.09840271291583638,0.34156248516465176,-0.07964037649559767,pSYK,pSTAT5
31,UPN48,Dasatinib,pS6,0.015279607232666746,-0.9995730527030837,0.17971566555880247,0.0,0.15906723118960897,-0.12551759502175755,0.15906723118960897,-0.12551759502175755,pSYK,pSYK
31,UPN48,Dasatinib,p4EBP1,4.7898455274817386e-05,-0.28954967770220136,0.017727657346955885,0.0,0.003898130747190037,-0.22649262324614614,0.003898130747190037,-0.22649262324614614,pSYK,pSYK
31,UPN48,Dasatinib,pSTAT5,0.0003831876421985391,-0.2008574247568205,0.007020630089920094,0.0,-0.0008488849388476293,-0.23814150332949002,-0.0008488849388476293,-0.23814150332949002,pSYK,pSYK
31,UPN48,Dasatinib,pSYK,0.0004550353251107652,-0.20696729055164476,0.00868895860434554,0.0,-0.0007780540233008199,-0.23796213381092723,-0.0007780540233008199,-0.23796213381092723,pSYK,pSYK
31,UPN48,Dasatinib,pPLCγ2,7.184768291222608e-05,-0.3610763872192416,0.000979039771048745,0.0,0.00042246065732775163,-0.22152703734098386,0.00042246065732775163,-0.22152703734098386,pSYK,pSYK
31,UPN48,Dasatinib,pAKT,0.00677763142138666,-0.09844957536182453,0.009200277786192118,0.0,0.006128950536154714,-0.124810153044216,0.006128950536154714,-0.124810153044216,pSYK,pSYK
31,UPN48,Dasatinib,pERK1/2,0.0013651059753322955,-0.40850719546062303,0.005985532903139201,0.0,0.004039281737487613,-0.17207448960126165,0.004039281737487613,-0.17207448960126165,pSYK,pSYK
31,UPN48,Dasatinib,pIKAROS,0.05975332295533469,-1.1384617474747059,0.33328006742483457,0.0,0.3093054118974225,-0.09978632356327095,0.3093054118974225,-0.09978632356327095,pSYK,pSYK
31,UPN48,IL-7,pS6,0.08301574511640061,-0.9038028799492636,0.27165405028576034,0.0,0.24813784419691484,-0.11267072596680239,0.2535581439768956,-0.08670101346892602,pSYK,pSTAT5
31,UPN48,IL-7,p4EBP1,0.00028310721052287723,-0.2693649905252041,0.02694862333991902,0.0,0.003983620512338401,-0.23198380031516097,0.008118774895352242,-0.19021202977092422,pSYK,pSTAT5
31,UPN48,IL-7,pSTAT5,0.0013284261416842702,-0.1791851283256562,0.019416405111196303,0.0,-0.0045882955496426014,-0.2377980080351354,-0.00029373693176081364,-0.19525477872553387,pSYK,pSTAT5
31,UPN48,IL-7,pSYK,0.00028310721052287723,-0.2280587818298522,0.015587072059134984,0.0,-0.00039890967833404976,-0.2382221572948842,0.0025612635034786956,-0.1941098310756538,pSYK,pSTAT5
31,UPN48,IL-7,pPLCγ2,0.00017421982186023214,-0.41945467216591475,0.0014826424473016835,0.0,0.0007977608950969789,-0.21955961427645165,0.0009294161916147539,-0.17735350428875737,pSYK,pSTAT5
31,UPN48,IL-7,pAKT,0.005967028898712951,-0.15729902084884198,0.010590760843979578,0.0,0.006556678860730607,-0.13723917249109172,0.007467403298641043,-0.10625639406833377,pSYK,pSTAT5
31,UPN48,IL-7,pERK1/2,0.0017639756963348505,-0.3188919945773573,0.010286075803503191,0.0,0.004531060063971193,-0.21534931823433362,0.005669346440613888,-0.17275530871988384,pSYK,pSTAT5
31,UPN48,IL-7,pIKAROS,0.05884274483329341,-1.2215872176528442,0.3520917956181439,0.0,0.32794884322818496,-0.10057226769205518,0.33256366402331017,-0.08134831426408812,pSYK,pSTAT5
31,UPN48,Pervanadate,pS6,0.10536769921967368,-1.2016098283170487,0.3998918866649101,0.0,0.37736821196962744,-0.0918928564693861,0.37100085691274015,-0.11787060886760861,pSYK,p4EBP1
31,UPN48,Pervanadate,p4EBP1,0.0002128162686214235,-0.23711460704691723,0.02640636997314662,0.0,0.00033782939898137007,-0.23598293779671226,-0.003444989370663079,-0.2702265381959581,pSYK,p4EBP1
31,UPN48,Pervanadate,pSTAT5,0.012248758571766376,-1.0456672108008669,0.2748036971767456,0.0,0.2472394301142768,-0.10977912055330627,0.24224468316510625,-0.12967150246295758,pSYK,p4EBP1
31,UPN48,Pervanadate,pSYK,0.0009458500827618822,-0.6901389231384681,0.10656280504471494,0.0,0.07746324627175409,-0.1901469149779055,0.07469422874534645,-0.20824066493041,pSYK,p4EBP1
31,UPN48,Pervanadate,pPLCγ2,0.020926933081106644,-1.3835430785776996,0.37929473019621285,0.0,0.3550713775183576,-0.09351859237125779,0.3512882631526826,-0.10812398308502325,pSYK,p4EBP1
31,UPN48,Pervanadate,pAKT,0.007543154410026011,-0.18704826645972034,0.02266485039514019,0.0,0.003912487338773522,-0.23195791035407481,0.001764460139692496,-0.25852799642722113,pSYK,p4EBP1
31,UPN48,Pervanadate,pERK1/2,0.0031922440293213525,-0.30594449971243237,0.030337924633658843,0.0,0.009966953269023356,-0.22959036222557794,0.007217591723015067,-0.2605769510307119,pSYK,p4EBP1
31,UPN48,Pervanadate,pIKAROS,0.05746039252778434,-1.1299338055726307,0.34169252431856556,0.0,0.3165759838057495,-0.09984806441713473,0.3090222713377279,-0.1298770235690001,pSYK,p4EBP1
31,UPN48,TSLP,pS6,0.1526249412695665,-0.6607141865670078,0.29851922847607604,0.0,0.2734487028220411,-0.11353735832621367,0.2734487028220411,-0.11353735832621367,pSYK,pSYK
31,UPN48,TSLP,p4EBP1,0.00022255743218180468,-0.26453542887528486,0.028359822836230772,0.0,0.0036204035779683133,-0.2325902247298059,0.0036204035779683133,-0.2325902247298059,pSYK,pSYK
31,UPN48,TSLP,pSTAT5,0.0026706891861816564,-0.20529799676587857,0.030268127485161948,0.0,-0.0014661895887297903,-0.23607233589662258,-0.0014661895887297903,-0.23607233589662258,pSYK,pSYK
31,UPN48,TSLP,pSYK,0.0003709290536363412,-0.2189119912061303,0.017378264025329635,0.0,-0.00112883453840373,-0.23821638162464057,-0.00112883453840373,-0.23821638162464057,pSYK,pSYK
31,UPN48,TSLP,pPLCγ2,9.891441430302431e-05,-0.3609462544433215,0.0015005832104383254,0.0,0.0006158745034704584,-0.22782293144708132,0.0006158745034704584,-0.22782293144708132,pSYK,pSYK
31,UPN48,TSLP,pAKT,0.006800365983332921,-0.1530139018314575,0.012300313967365884,0.0,0.00692835813593067,-0.14945303566878734,0.00692835813593067,-0.14945303566878734,pSYK,pSYK
31,UPN48,TSLP,pERK1/2,0.0028190608076361927,-0.25885581949275166,0.015664238794579535,0.0,0.004384357507962872,-0.22731198564909297,0.004384357507962872,-0.22731198564909297,pSYK,pSYK
31,UPN48,TSLP,pIKAROS,0.06122802245357205,-1.2409944533736075,0.3512659955673761,0.0,0.32674196421567436,-0.10493173205937646,0.32674196421567436,-0.10493173205937646,pSYK,pSYK
31,UPN48,Tofacitinib,pS6,0.07816109082780717,-0.8569799974238289,0.250012439689484,0.0,0.22683381744276565,-0.11558603272453115,0.22683381744276565,-0.11558603272453115,pSYK,pSYK
31,UPN48,Tofacitinib,p4EBP1,0.000149020192236048,-0.25239505761998593,0.02515315939958434,0.0,0.00199693575623899,-0.23374195577209977,0.00199693575623899,-0.23374195577209977,pSYK,pSYK
31,UPN48,Tofacitinib,pSTAT5,0.0008444477560042719,-0.1803063488267904,0.011703698979390229,0.0,-0.002629601858362954,-0.23798925796335255,-0.002629601858362954,-0.23798925796335255,pSYK,pSYK
31,UPN48,Tofacitinib,pSYK,0.00024836698706007997,-0.22476491710589194,0.015324449717280572,0.0,-0.000651346192381122,-0.23817847829515337,-0.000651346192381122,-0.23817847829515337,pSYK,pSYK
31,UPN48,Tofacitinib,pPLCγ2,0.00022353028835407198,-0.31633562666561593,0.0015288938758241525,0.0,0.0005955649070745792,-0.2261785199530368,0.0005955649070745792,-0.2261785199530368,pSYK,pSYK
31,UPN48,Tofacitinib,pAKT,0.005836624195911879,-0.16522363414442637,0.011210112430358942,0.0,0.007246401645367239,-0.12187589737249623,0.007246401645367239,-0.12187589737249623,pSYK,pSYK
31,UPN48,Tofacitinib,pERK1/2,0.001813079005538584,-0.3717192819347728,0.008256928814547879,0.0,0.004889258802881962,-0.19426707878565283,0.004889258802881962,-0.19426707878565283,pSYK,pSYK
31,UPN48,Tofacitinib,pIKAROS,0.06107344211807367,-1.1688711163318743,0.33997087253504765,0.0,0.31554274684826145,-0.10237932453776874,0.31554274684826145,-0.10237932453776874,pSYK,pSYK
32,UPN49,BCR-Crosslink,pS6,0.11437357405019344,-0.9590058749235202,0.3389510586507893,0.0,0.31562760098674914,-0.0995973971439039,0.3098856886238224,-0.1241168973918292,pSYK,p4EBP1
32,UPN49,BCR-Crosslink,p4EBP1,0.0005621135469364812,-0.3683358688972473,0.045160017791131116,0.0,0.018009120464105733,-0.22424034330249137,0.013618963125429533,-0.26049882776137534,pSYK,p4EBP1
32,UPN49,BCR-Crosslink,pSTAT5,0.0020665939225605924,-0.6825499345055902,0.1257408159137967,0.0,0.09740520356333383,-0.15638238949548228,0.09284198153678663,-0.1815665131164497,pSYK,p4EBP1
32,UPN49,BCR-Crosslink,pSYK,0.001587144132526535,-0.5314970455029346,0.05620420177088357,0.0,0.03622288521310995,-0.1944449440325986,0.03429462560212511,-0.21320948995499422,pSYK,p4EBP1
32,UPN49,BCR-Crosslink,pPLCγ2,0.01335846311543167,-0.9554264734867777,0.2176394035954353,0.0,0.1943683106387294,-0.1088394160784907,0.19095204171224023,-0.12481738135145512,pSYK,p4EBP1
32,UPN49,BCR-Crosslink,pAKT,0.0049763581655259065,-0.3054024358063313,0.019205668351247582,0.0,0.010730102601085567,-0.18191032391250908,0.009715669838780777,-0.20368300526711933,pSYK,p4EBP1
32,UPN49,BCR-Crosslink,pERK1/2,0.0018020699004728366,-0.38413088538532825,0.023042550760396296,0.0,0.011075944906291282,-0.2164142578555152,0.009637461183438297,-0.242429018524822,pSYK,p4EBP1
32,UPN49,BCR-Crosslink,pIKAROS,0.09443507588532883,-1.107857171397989,0.366460415236262,0.0,0.34258906643669224,-0.09721904959901081,0.33554921048940617,-0.1258897422463166,pSYK,p4EBP1
32,UPN49,BEZ-235,pS6,0.09219209093974279,-0.6229329468231026,0.21656902000675746,0.0,0.1925754800549729,-0.12016992748574655,0.19728076020511517,-0.09660386863911666,pSYK,pSTAT5
32,UPN49,BEZ-235,p4EBP1,9.633447329126728e-05,-0.22756988173988676,0.0047866545043428604,0.0,-2.0134675484731294e-05,-0.23322085443211835,0.0006553104916069948,-0.200448895209886,pSYK,pSTAT5
32,UPN49,BEZ-235,pSTAT5,0.000497728112004881,-0.19299321501478023,0.010633765123865251,0.0,-0.0018464279735891601,-0.2376266569532703,-8.426471456667549e-05,-0.20407453472426387,pSYK,pSTAT5
32,UPN49,BEZ-235,pSYK,0.0002408361832281682,-0.22663534858801715,0.015014663326029347,0.0,-0.0004788073740865425,-0.23767491652763612,0.001811752581758818,-0.2025369763692041,pSYK,pSTAT5
32,UPN49,BEZ-235,pPLCγ2,4.816723664563364e-05,-0.4223611041706538,0.0014664430612384679,0.0,0.0007615529606138437,-0.20991555807154083,0.0008720691799672312,-0.1770039398760721,pSYK,pSTAT5
32,UPN49,BEZ-235,pAKT,0.0048327794101119086,-0.19354025514959697,0.011422324594745993,0.0,0.007398600109306663,-0.11818003242159308,0.008185799786527321,-0.09505934319128975,pSYK,pSTAT5
32,UPN49,BEZ-235,pERK1/2,0.0012362924072379302,-0.39264872907399556,0.007287907003642674,0.0,0.004367335549878563,-0.1894963156066742,0.004872223562767806,-0.15673751488869186,pSYK,pSTAT5
32,UPN49,BEZ-235,pIKAROS,0.11677343737456448,-1.0056552112689625,0.35966400220525335,0.0,0.33599771172082754,-0.09798704356284134,0.33965730828005936,-0.0828349838132218,pSYK,pSTAT5
32,UPN49,Dasatinib,pS6,0.0394559557190197,-0.8464587666707016,0.17915342489632916,0.0,0.15851209050139248,-0.12507054392087405,0.15851209050139248,-0.12507054392087405,pSYK,pSYK
32,UPN49,Dasatinib,p4EBP1,9.103819962856415e-05,-0.28882532220274165,0.017726654097087194,0.0,0.0039239888127980925,-0.22605160325395143,0.0039239888127980925,-0.22605160325395143,pSYK,pSYK
32,UPN49,Dasatinib,pSTAT5,0.00023669931903426677,-0.20539784195976113,0.007024036795109962,0.0,-0.0008299527201418135,-0.23767677721839478,-0.0008299527201418135,-0.23767677721839478,pSYK,pSYK
32,UPN49,Dasatinib,pSYK,0.0001274534794799898,-0.21540177201664065,0.008696576786802069,0.0,-0.0007515543663758773,-0.23749736345854444,-0.0007515543663758773,-0.23749736345854444,pSYK,pSYK
32,UPN49,Dasatinib,pPLCγ2,7.283055970285132e-05,-0.3606748771457259,0.0009790169134489626,0.0,0.00042351936799789,-0.221095813385479,0.00042351936799789,-0.221095813385479,pSYK,pSYK
32,UPN49,Dasatinib,pAKT,0.005116346819125305,-0.16756535971562028,0.009238912311826105,0.0,0.006175816941022951,-0.12450224952414911,0.006175816941022951,-0.12450224952414911,pSYK,pSYK
32,UPN49,Dasatinib,pERK1/2,0.0012017042350970467,-0.4233506248525666,0.005989332943609788,0.0,0.00404708599788947,-0.17174503457769494,0.00404708599788947,-0.17174503457769494,pSYK,pSYK
32,UPN49,Dasatinib,pIKAROS,0.06061323331269801,-1.1346895294611128,0.33326006950954706,0.0,0.3093302909647195,-0.09958989268276291,0.3093302909647195,-0.09958989268276291,pSYK,pSYK
32,UPN49,IL-7,pS6,0.12748506159588613,-0.6830383934768822,0.27061988013507465,0.0,0.247088824666312,-0.11229003877766176,0.2517005235319984,-0.09028304274017976,pSYK,pSTAT5
32,UPN49,IL-7,p4EBP1,0.00014417762683626228,-0.270803486279204,0.02695185426046987,0.0,0.004031748804466127,-0.23153235351942245,0.007304503430631201,-0.1984719218149474,pSYK,pSTAT5
32,UPN49,IL-7,pSTAT5,0.0005286512983996283,-0.18729867173955667,0.019435004526156412,0.0,-0.004521854557162051,-0.23733227827192505,-0.0011306041369575394,-0.20373633877006472,pSYK,pSTAT5
32,UPN49,IL-7,pSYK,0.000128157890521122,-0.23042443025333842,0.015590675531693163,0.0,-0.00036396579752543193,-0.23775812086335626,0.00199927979196355,-0.20254073058166364,pSYK,pSTAT5
32,UPN49,IL-7,pPLCγ2,0.00011213815420598177,-0.4399092497420869,0.0014840862070145731,0.0,0.0008006207527925644,-0.21915026197670895,0.0009069204954927507,-0.18506570610501522,pSYK,pSTAT5
32,UPN49,IL-7,pAKT,0.005398651138202266,-0.17709850110637598,0.010603978931433316,0.0,0.006578520465165026,-0.13695634337747872,0.007345571157879583,-0.1108593263694423,pSYK,pSTAT5
32,UPN49,IL-7,pERK1/2,0.0015058552136231838,-0.3287998204337663,0.010292078605426719,0.0,0.004548611752472151,-0.21493317273044107,0.005475216218335585,-0.18025759388353396,pSYK,pSTAT5
32,UPN49,IL-7,pIKAROS,0.07104753055764702,-1.1678744037686133,0.35180796339199616,0.0,0.3276948032273639,-0.10030310277681567,0.3314304667604893,-0.08476392662800591,pSYK,pSTAT5
32,UPN49,Pervanadate,pS6,0.22085313506055496,-0.7118613351794721,0.39720617885465703,0.0,0.37456928380769594,-0.09137540235064676,0.3683305435217393,-0.11655851172177975,pSYK,p4EBP1
32,UPN49,Pervanadate,p4EBP1,0.0002682814655833206,-0.23660016719461455,0.02640508008484518,0.0,0.00038722626144853736,-0.23552343400327796,-0.0032180170067033914,-0.26815945697027493,pSYK,p4EBP1
32,UPN49,Pervanadate,pSTAT5,0.057967959527824624,-0.8558218385198245,0.27374045994520935,0.0,0.246167353505304,-0.10936364273230324,0.24134744025453592,-0.1284809399402381,pSYK,p4EBP1
32,UPN49,Pervanadate,pSYK,0.004273340487505749,-0.6676556076411742,0.10648542154693022,0.0,0.07743782408741343,-0.1897406953398657,0.0748537918798348,-0.20661975284298253,pSYK,p4EBP1
32,UPN49,Pervanadate,pPLCγ2,0.10775333435535796,-1.0306167395536718,0.3772755115619279,0.0,0.3529808951058366,-0.09289936234632606,0.34932696965961696,-0.10687148430298726,pSYK,p4EBP1
32,UPN49,Pervanadate,pAKT,0.006074658899279472,-0.205652761651803,0.022699001453529648,0.0,0.003985151935217805,-0.23150117497988956,0.001961108583163902,-0.2565397654501298,pSYK,p4EBP1
32,UPN49,Pervanadate,pERK1/2,0.002491185037559405,-0.3140478269600963,0.03035422833114168,0.0,0.010023856339906378,-0.22914615169149344,0.007411899665290215,-0.25858584028308607,pSYK,p4EBP1
32,UPN49,Pervanadate,pIKAROS,0.049862026674842866,-1.1618002006826198,0.3418692305011921,0.0,0.3168112191785621,-0.09969754924488605,0.30945883422447684,-0.12895026014797673,pSYK,p4EBP1
32,UPN49,TSLP,pS6,0.4816366030491965,0.8670695466373698,0.29086779448120087,0.0,0.26540026254905663,-0.11575331172918833,0.26540026254905663,-0.11575331172918833,pSYK,pSYK
32,UPN49,TSLP,p4EBP1,0.00047594117367093426,-0.26209390056063164,0.028353930191079856,0.0,0.0036623331015986325,-0.23213715265517956,0.0036623331015986325,-0.23213715265517956,pSYK,pSYK
32,UPN49,TSLP,pSTAT5,0.00499738232354481,-0.18757196805459225,0.030214018342432574,0.0,-0.0014616437237675549,-0.23561692641076604,-0.0014616437237675549,-0.23561692641076604,pSYK,pSYK
32,UPN49,TSLP,pSYK,0.00036488823314771626,-0.21899164339296634,0.017378404509527046,0.0,-0.0010926439085913973,-0.23775245414086923,-0.0010926439085913973,-0.23775245414086923,pSYK,pSYK
32,UPN49,TSLP,pPLCγ2,7.932352894515571e-05,-0.36612444885620465,0.0015010388124233921,0.0,0.000618078056692661,-0.22738274238895498,0.000618078056692661,-0.22738274238895498,pSYK,pSYK
32,UPN49,TSLP,pAKT,0.005393999968270589,-0.1930814160459582,0.012333020153762682,0.0,0.006973428932364974,-0.14913308144261705,0.006973428932364974,-0.14913308144261705,pSYK,pSYK
32,UPN49,TSLP,pERK1/2,0.0034902352735868515,-0.24499589976837438,0.015648630086069055,0.0,0.0043898007693087375,-0.22686934100597034,0.0043898007693087375,-0.22686934100597034,pSYK,pSYK
32,UPN49,TSLP,pIKAROS,0.13949835800295082,-0.8907432800129166,0.3494457552057626,0.0,0.32486280827392233,-0.1042980054727614,0.32486280827392233,-0.1042980054727614,pSYK,pSYK
32,UPN49,Tofacitinib,pS6,0.08503058013182115,-0.8213647169445851,0.2498526841242744,0.0,0.2267095113414362,-0.11533031736353697,0.2267095113414362,-0.11533031736353697,pSYK,pSYK
32,UPN49,Tofacitinib,p4EBP1,0.0002375155869603943,-0.2514796519388187,0.025151101367148893,0.0,0.0020398442731615826,-0.23328680749305244,0.0020398442731615826,-0.23328680749305244,pSYK,pSYK
32,UPN49,Tofacitinib,pSTAT5,0.00019792965580032857,-0.19129982612768665,0.011718734284046135,0.0,-0.002585771511143262,-0.2375224265806231,-0.002585771511143262,-0.2375224265806231,pSYK,pSYK
32,UPN49,Tofacitinib,pSYK,0.00013855075906023,-0.22644220144534194,0.015327003583048011,0.0,-0.0006175323060388094,-0.23771452231440177,-0.0006175323060388094,-0.23771452231440177,pSYK,pSYK
32,UPN49,Tofacitinib,pPLCγ2,9.896482790016429e-05,-0.3473070727987685,0.001531790746997499,0.0,0.0006004469250706736,-0.22575128789295004,0.0006004469250706736,-0.22575128789295004,pSYK,pSYK
32,UPN49,Tofacitinib,pAKT,0.004255487599707064,-0.21501824907724262,0.011246883048875335,0.0,0.007293028008459521,-0.12159961399359503,0.007293028008459521,-0.12159961399359503,pSYK,pSYK
32,UPN49,Tofacitinib,pERK1/2,0.0013855075906023,-0.3970473512700418,0.008266872335825468,0.0,0.004906331088206312,-0.19389961884045365,0.004906331088206312,-0.19389961884045365,pSYK,pSYK
32,UPN49,Tofacitinib,pIKAROS,0.053737901549789205,-1.2013718285932449,0.3401414665017519,0.0,0.3157701855732307,-0.1022297691691374,0.3157701855732307,-0.1022297691691374,pSYK,pSYK
33,UPN50,BCR-Crosslink,pS6,0.16954503249767874,-0.7145769722985083,0.3376680014775919,0.0,0.318103301056043,-0.08315630205666963,0.3115028603469363,-0.1112103089919909,pSYK,p4EBP1
33,UPN50,BCR-Crosslink,p4EBP1,0.011327762302692664,-0.27716481403824156,0.04490965386657864,0.0,0.022224290919974507,-0.1872313949476041,0.016616462231614115,-0.23351505328801794,pSYK,p4EBP1
33,UPN50,BCR-Crosslink,pSTAT5,0.03968430826369545,-0.4687785140518597,0.12486598534772382,0.0,0.10115180560519044,-0.13050574163616582,0.09530549347624132,-0.16267962698698624,pSYK,p4EBP1
33,UPN50,BCR-Crosslink,pSYK,0.01923862581244197,-0.35508615248189634,0.05579370219693205,0.0,0.03908557812848716,-0.1622982107396579,0.03612215949145306,-0.1910840600961115,pSYK,p4EBP1
33,UPN50,BCR-Crosslink,pPLCγ2,0.22258124419684308,0.04539140051353597,0.2127737575237745,0.0,0.1931110203897895,-0.09100386329271826,0.18852666099582127,-0.11222137806345159,pSYK,p4EBP1
33,UPN50,BCR-Crosslink,pAKT,0.004753946146703807,-0.31029791677549645,0.019210840723778325,0.0,0.012132586509311363,-0.1519252648241232,0.010702790984409358,-0.1826139144802929,pSYK,p4EBP1
33,UPN50,BCR-Crosslink,pERK1/2,0.003138347260909935,-0.35932564721839266,0.023011474542711713,0.0,0.01301595778084172,-0.18072875390025656,0.010990934173980425,-0.21734316832280573,pSYK,p4EBP1
33,UPN50,BCR-Crosslink,pIKAROS,0.25580315691736305,-0.4302185670313294,0.3627076691657496,0.0,0.34257665277393196,-0.08101376492742669,0.334731205332633,-0.11258640002886203,pSYK,p4EBP1
33,UPN50,BEZ-235,pS6,0.04025399268808928,-0.8933033702448667,0.21777688275679594,0.0,0.19777213354073572,-0.10066482068139837,0.20001479741193023,-0.08937963264908827,pSYK,pSTAT5
33,UPN50,BEZ-235,p4EBP1,0.0007696748123917645,-0.19410844922103235,0.004770995426689361,0.0,0.0007565309156523032,-0.19474607406011715,0.0009580599676921294,-0.184969678830838,pSYK,pSTAT5
33,UPN50,BEZ-235,pSTAT5,0.0013276890513757938,-0.1768107017449164,0.010614463706670577,0.0,0.00019267570563227115,-0.19842019627877375,0.0007234058022009549,-0.18831563745242658,pSYK,pSTAT5
33,UPN50,BEZ-235,pSYK,0.0019819126419087937,-0.19927854618803936,0.014974173175827473,0.0,0.002035028874401502,-0.19846383611025892,0.0027891927179410584,-0.18689628218569046,pSYK,pSTAT5
33,UPN50,BEZ-235,pPLCγ2,0.00036559553588608813,-0.32535915131625415,0.0014590610077677595,0.0,0.0008700216331256154,-0.1752678579741787,0.0009102578708562789,-0.1632956206270955,pSYK,pSTAT5
33,UPN50,BEZ-235,pAKT,0.0018279776794304407,-0.2839885834169246,0.011492203704761842,0.0,0.008134612070332529,-0.09866467210667289,0.008507915306559716,-0.08769495172107404,pSYK,pSTAT5
33,UPN50,BEZ-235,pERK1/2,0.0013854146623051762,-0.38271399207535656,0.007284439044222506,0.0,0.004844941005305995,-0.15826854962587697,0.005054913904714557,-0.14464603150124958,pSYK,pSTAT5
33,UPN50,BEZ-235,pIKAROS,0.25312680392534154,-0.42390862750860747,0.3564929936808167,0.0,0.3365620941319135,-0.0817373678257301,0.3379001524679082,-0.07624994032085836,pSYK,pSTAT5
33,UPN50,Dasatinib,pS6,0.024833333333333332,-0.9388890587818239,0.17949348588204275,0.0,0.16224932279679363,-0.10468343514332659,0.16224932279679363,-0.10468343514332659,pSYK,pSYK
33,UPN50,Dasatinib,p4EBP1,0.001979166666666667,-0.25713190101172384,0.01768274413273747,0.0,0.006154518249947139,-0.1887642890888434,0.006154518249947139,-0.1887642890888434,pSYK,pSYK
33,UPN50,Dasatinib,pSTAT5,0.001125,-0.17786918916943176,0.007003378639738664,0.0,0.00044435715085683596,-0.19846422040349476,0.00044435715085683596,-0.19846422040349476,pSYK,pSYK
33,UPN50,Dasatinib,pSYK,0.0015833333333333333,-0.17792379972509012,0.008662719115782223,0.0,0.0007719592758100892,-0.19831578848643172,0.0007719592758100892,-0.19831578848643172,pSYK,pSYK
33,UPN50,Dasatinib,pPLCγ2,0.00025,-0.2883619407866828,0.0009748966939071688,0.0,0.0005108041951810613,-0.184614738571755,0.0005108041951810613,-0.184614738571755,pSYK,pSYK
33,UPN50,Dasatinib,pAKT,0.0016041666666666667,-0.31389777138405034,0.009320590920022817,0.0,0.006765914093524264,-0.10392214529878857,0.006765914093524264,-0.10392214529878857,pSYK,pSYK
33,UPN50,Dasatinib,pERK1/2,0.0010416666666666667,-0.43789473899792475,0.005993054747526774,0.0,0.004370838423653042,-0.14346683841785723,0.004370838423653042,-0.14346683841785723,pSYK,pSYK
33,UPN50,Dasatinib,pIKAROS,0.21564583333333334,-0.4687188521438497,0.32965466020674156,0.0,0.30948073196901693,-0.08294007355516618,0.30948073196901693,-0.08294007355516618,pSYK,pSYK
33,UPN50,IL-7,pS6,0.07562233080681774,-0.9407817682311921,0.27182599015342507,0.0,0.25220386210185586,-0.09408662604097028,0.2544029328278408,-0.08354224754697465,pSYK,pSTAT5
33,UPN50,IL-7,p4EBP1,0.00303951367781155,-0.240832543298716,0.026884520863935564,0.0,0.007741928187951625,-0.19333855693578275,0.008751367577586912,-0.18314330500676512,pSYK,pSTAT5
33,UPN50,IL-7,pSTAT5,0.0018852679773767843,-0.17353657595900032,0.01940345530106392,0.0,-0.0006017854556917279,-0.19817352777525402,0.00042486662924856936,-0.18800342945230666,pSYK,pSTAT5
33,UPN50,IL-7,pSYK,0.002808664537724597,-0.1895123708444919,0.015528338167804712,0.0,0.0022031706244997323,-0.1985337176466449,0.002984053857677523,-0.186899218431015,pSYK,pSTAT5
33,UPN50,IL-7,pPLCγ2,0.0005578854218768035,-0.2932925687752698,0.0014737199914873448,0.0,0.0009024543839571283,-0.18294565748566588,0.0009406894519960988,-0.17070102106927065,pSYK,pSTAT5
33,UPN50,IL-7,pAKT,0.0027124773960217,-0.27074624244229006,0.010666448088228211,0.0,0.00730736003166849,-0.11434043505307735,0.0076617937670477605,-0.102275819056598,pSYK,pSTAT5
33,UPN50,IL-7,pERK1/2,0.0017121311223115695,-0.32088184554928584,0.010287281491271174,0.0,0.005490521604292213,-0.17949459764136338,0.005841922429465802,-0.16634519028899716,pSYK,pSTAT5
33,UPN50,IL-7,pIKAROS,0.3009695663883652,-0.18637185083253702,0.3464609393029097,0.0,0.32606172888621393,-0.0835727382425612,0.3274440007148952,-0.07790976210972508,pSYK,pSTAT5
33,UPN50,Pervanadate,pS6,0.2695801526717557,-0.5091418407896715,0.3960729923985827,0.0,0.37709633787891167,-0.0763822587510923,0.37009461858290915,-0.10456463064469464,pSYK,p4EBP1
33,UPN50,Pervanadate,p4EBP1,0.0024427480916030535,-0.21643532776882957,0.026354511093542397,0.0,0.004626548684299712,-0.19666883890626716,-0.00020456369867103905,-0.24039724956388037,pSYK,p4EBP1
33,UPN50,Pervanadate,pSTAT5,0.07116412213740458,-0.8014369038520455,0.273433572442661,0.0,0.2503622636847718,-0.09141369707997248,0.2443462041951006,-0.11525067336836116,pSYK,p4EBP1
33,UPN50,Pervanadate,pSYK,0.013931297709923664,-0.602527348567346,0.10626081789059491,0.0,0.08198253973868719,-0.15843607260196563,0.07787887053766546,-0.18521594666879446,pSYK,p4EBP1
33,UPN50,Pervanadate,pPLCγ2,0.17696564885496183,-0.7555530830336247,0.3756659228526348,0.0,0.35526900476028606,-0.07755879767553264,0.3504749544173441,-0.09578806049411633,pSYK,p4EBP1
33,UPN50,Pervanadate,pAKT,0.007538167938931297,-0.18711143259454355,0.022664966359584256,0.0,0.0070371959665208525,-0.19330822195080619,0.004072415197216794,-0.2299811755822785,pSYK,p4EBP1
33,UPN50,Pervanadate,pERK1/2,0.0045610687022900765,-0.29012667092260475,0.030306091501729335,0.0,0.013326139453318852,-0.19135104282518234,0.009735019434695728,-0.23182021249744,pSYK,p4EBP1
33,UPN50,Pervanadate,pIKAROS,0.24318702290076336,-0.36957233176402415,0.3373733003564033,0.0,0.31621778137479506,-0.08301097241467464,0.3080049703029364,-0.1152367681479624,pSYK,p4EBP1
33,UPN50,TSLP,pS6,0.36394679657091006,0.3173246749434277,0.293604766724882,0.0,0.2724889088594501,-0.09525717054180444,0.2724889088594501,-0.09525717054180444,pSYK,pSYK
33,UPN50,TSLP,p4EBP1,0.003271485540989087,-0.23516389011367358,0.028288917531374788,0.0,0.007667284521597737,-0.19384337452938347,0.007667284521597737,-0.19384337452938347,pSYK,pSYK
33,UPN50,TSLP,pSTAT5,0.03097165508513026,0.010124689807992245,0.02960996548751198,0.0,0.0031362470002837955,-0.1968423554208818,0.0031362470002837955,-0.1968423554208818,pSYK,pSYK
33,UPN50,TSLP,pSYK,0.0027222580414069776,-0.18791518113149158,0.017323581955846597,0.0,0.0018976006064765714,-0.1985283044458185,0.0018976006064765714,-0.1985283044458185,pSYK,pSYK
33,UPN50,TSLP,pPLCγ2,0.00031043293454640974,-0.3050792765112594,0.0014956641750838281,0.0,0.0007580423934637269,-0.1898643165814378,0.0007580423934637269,-0.1898643165814378,pSYK,pSYK
33,UPN50,TSLP,pAKT,0.0023879456503569977,-0.2788024841425365,0.012402928393714163,0.0,0.00793001851394512,-0.1245192745491713,0.00793001851394512,-0.1245192745491713,pSYK,pSYK
33,UPN50,TSLP,pERK1/2,0.006495212168971034,-0.18297994663423395,0.015578746902455469,0.0,0.0061741994709972325,-0.1894464696418061,0.0061741994709972325,-0.1894464696418061,pSYK,pSYK
33,UPN50,TSLP,pIKAROS,0.20462306277909115,-0.6050377098211848,0.3479312271877128,0.0,0.3273083014965512,-0.08706864526165281,0.3273083014965512,-0.08706864526165281,pSYK,pSYK
33,UPN50,Tofacitinib,pS6,0.06011030695119965,-0.9509303467661814,0.250432225361033,0.0,0.23110453650351578,-0.09656946515161911,0.23110453650351578,-0.09656946515161911,pSYK,pSYK
33,UPN50,Tofacitinib,p4EBP1,0.0026064089734937515,-0.22698085680712474,0.025096010823276026,0.0,0.005794676057870502,-0.19480262620190864,0.005794676057870502,-0.19480262620190864,pSYK,pSYK
33,UPN50,Tofacitinib,pSTAT5,0.0009308603476763399,-0.17883709512825685,0.011701689384235065,0.0,-0.00024329677380521136,-0.1983326091798851,-0.00024329677380521136,-0.1983326091798851,pSYK,pSYK
33,UPN50,Tofacitinib,pSYK,0.0019082637127364967,-0.19941757115806763,0.015285847467846236,0.0,0.001970026345147957,-0.1984968851530843,0.001970026345147957,-0.1984968851530843,pSYK,pSYK
33,UPN50,Tofacitinib,pPLCγ2,0.00041888715645435295,-0.26780463064762655,0.001524350692845076,0.0,0.0007462501618135838,-0.18849913946502156,0.0007462501618135838,-0.18849913946502156,pSYK,pSYK
33,UPN50,Tofacitinib,pAKT,0.002536594447418026,-0.269193713751121,0.011286857308230893,0.0,0.007986309296166802,-0.10153829558199985,0.007986309296166802,-0.10153829558199985,pSYK,pSYK
33,UPN50,Tofacitinib,pERK1/2,0.0016988201345093203,-0.3784859695904403,0.008259585997595074,0.0,0.005452470619641311,-0.161940512395813,0.005452470619641311,-0.161940512395813,pSYK,pSYK
33,UPN50,Tofacitinib,pIKAROS,0.22531474715505806,-0.4584253269220433,0.3361513073016294,0.0,0.3155906630852657,-0.08503981027695147,0.3155906630852657,-0.08503981027695147,pSYK,pSYK
34,UPN51,BCR-Crosslink,pS6,0.5537799798546267,0.9610568180382955,0.32873230502743034,0.0,0.3091974246984813,-0.08342290114356622,0.30239893245474647,-0.11245558201102603,pSYK,p4EBP1
34,UPN51,BCR-Crosslink,p4EBP1,0.008874853673808292,-0.2979217548440304,0.04496669825329689,0.0,0.02272539220439102,-0.18359186141123174,0.01706602053198058,-0.23030739949479412,pSYK,p4EBP1
34,UPN51,BCR-Crosslink,pSTAT5,0.03939237198159693,-0.47043093436005473,0.12487277456358657,0.0,0.10161984586885758,-0.12796964733497718,0.09571833896109079,-0.1604478683645304,pSYK,p4EBP1
34,UPN51,BCR-Crosslink,pSYK,0.012250564887158685,-0.4248126231166477,0.055956215241706075,0.0,0.03957964114552581,-0.15917794022114667,0.03656455734119317,-0.18848412030186026,pSYK,p4EBP1
34,UPN51,BCR-Crosslink,pPLCγ2,0.12786867394440965,-0.4039101333690525,0.21497637543662185,0.0,0.19578325701281513,-0.08899666607574162,0.19119305475023984,-0.11028099772847692,pSYK,p4EBP1
34,UPN51,BCR-Crosslink,pAKT,0.005608036370565976,-0.2915014042419646,0.019190978160432696,0.0,0.012249737853299067,-0.14896488021614593,0.010798702993524431,-0.18010531398756227,pSYK,p4EBP1
34,UPN51,BCR-Crosslink,pERK1/2,0.021724335066561403,-0.015434436726634878,0.02257924226816168,0.0,0.012761442302707407,-0.17724989575232633,0.010698511614082572,-0.21449390671095742,pSYK,p4EBP1
34,UPN51,BCR-Crosslink,pIKAROS,0.17330465793700486,-0.7736187422506613,0.3646262389094789,0.0,0.3449608312379144,-0.07951809655446575,0.33714604875428994,-0.1111175751141472,pSYK,p4EBP1
34,UPN51,BEZ-235,pS6,0.14458957518510318,-0.35332371980676386,0.21535047386151654,0.0,0.19563803301912977,-0.09842827119470239,0.2007821801112713,-0.07274248681623972,pSYK,pSTAT5
34,UPN51,BEZ-235,p4EBP1,0.0007379529186037931,-0.19568449796284063,0.004771733145149546,0.0,0.0008355191383388532,-0.1909514198934544,0.0016612980925966398,-0.15089169154514262,pSYK,pSTAT5
34,UPN51,BEZ-235,pSTAT5,0.002312252478291885,-0.1576179248782231,0.01059156688278881,0.0,0.0003719727556568287,-0.19455611186130511,0.0025223850336524526,-0.15361751425155315,pSYK,pSTAT5
34,UPN51,BEZ-235,pSYK,0.0021646618945711264,-0.19640771172736343,0.014969923193207418,0.0,0.0022827301267155514,-0.19459677552212948,0.0050297342415914735,-0.15246309470720623,pSYK,pSTAT5
34,UPN51,BEZ-235,pPLCγ2,0.00029518116744151724,-0.34685625517379615,0.0014606985512199589,0.0,0.0008831915882203229,-0.1718652208116048,0.0010129803948923841,-0.13324026328432642,pSYK,pSTAT5
34,UPN51,BEZ-235,pAKT,0.0030010085356554253,-0.2486624449009282,0.011464923917407773,0.0,0.008171578786614765,-0.09675560484585176,0.00902897613948209,-0.07156601912820343,pSYK,pSTAT5
34,UPN51,BEZ-235,pERK1/2,0.003837355176739724,-0.21968818610109864,0.007227417171793796,0.0,0.004833165911755793,-0.15515607595241904,0.005406826039788734,-0.11798084047001578,pSYK,pSTAT5
34,UPN51,BEZ-235,pIKAROS,0.173541928024992,-0.7613836376666899,0.3583438047482667,0.0,0.33887202868545274,-0.08022370742877478,0.3432109115865394,-0.06234751209345384,pSYK,pSTAT5
34,UPN51,Dasatinib,pS6,0.07703142606735947,-0.6110722752293706,0.17827957674869332,0.0,0.16132161284188618,-0.1023479591287056,0.16132161284188618,-0.1023479591287056,pSYK,pSYK
34,UPN51,Dasatinib,p4EBP1,0.0015337423312883436,-0.26460692362538013,0.017693102838211384,0.0,0.006389834178732186,-0.1850892023613549,0.006389834178732186,-0.1850892023613549,pSYK,pSYK
34,UPN51,Dasatinib,pSTAT5,0.001471140603480656,-0.1671448334176702,0.006995328858262372,0.0,0.0005638070971480226,-0.19459793616791873,0.0005638070971480226,-0.19459793616791873,pSYK,pSYK
34,UPN51,Dasatinib,pSYK,0.0017841492425190936,-0.17275574867943208,0.0086580489783593,0.0,0.0009208718849230101,-0.19445174832457152,0.0009208718849230101,-0.19445174832457152,pSYK,pSYK
34,UPN51,Dasatinib,pPLCγ2,0.00037561036684612495,-0.2371583071405814,0.0009719755225851656,0.0,0.0005168072110803867,-0.1810081376849354,0.0005168072110803867,-0.1810081376849354,pSYK,pSYK
34,UPN51,Dasatinib,pAKT,0.0021284587454613747,-0.2920290802143367,0.00930839808098108,0.0,0.006802932076744942,-0.10190461207739557,0.006802932076744942,-0.10190461207739557,pSYK,pSYK
34,UPN51,Dasatinib,pERK1/2,0.001971954425942156,-0.3534339608492329,0.0059714201484738555,0.0,0.004379909481971022,-0.14064226514731454,0.004379909481971022,-0.14064226514731454,pSYK,pSYK
34,UPN51,Dasatinib,pIKAROS,0.13932014523600852,-0.7935500353669006,0.331429676209005,0.0,0.31171646523830737,-0.08142968848948556,0.31171646523830737,-0.08142968848948556,pSYK,pSYK
34,UPN51,IL-7,pS6,0.3729601540303834,0.5144094172344021,0.2649111570552026,0.0,0.24539835323880058,-0.09289831762260811,0.2505081731964065,-0.06857102555928093,pSYK,pSTAT5
34,UPN51,IL-7,p4EBP1,0.003310714034140271,-0.23802602604315615,0.026878213878904662,0.0,0.008108283893231406,-0.18957173535701127,0.012085099950069244,-0.14940685878763635,pSYK,pSTAT5
34,UPN51,IL-7,pSTAT5,0.005494376482190237,-0.13693491664109614,0.019319522545138027,0.0,-0.00029915018093518847,-0.19431847606686134,0.003835747980361048,-0.15336325342700777,pSYK,pSTAT5
34,UPN51,IL-7,pSYK,0.003686397896170373,-0.17612073383022012,0.015507925764119926,0.0,0.0024416118287385845,-0.19466593696357334,0.005274318651280963,-0.15246340528705082,pSYK,pSTAT5
34,UPN51,IL-7,pPLCγ2,0.0002582826551456949,-0.39177709209335204,0.0014806874976903937,0.0,0.0009208188371871849,-0.17943622941605508,0.0010459853963742313,-0.13932072195164621,pSYK,pSTAT5
34,UPN51,IL-7,pAKT,0.0034046349996477965,-0.24660209904251368,0.010650351399771791,0.0,0.007356005653659862,-0.11212039377487576,0.008198276635175437,-0.08345438195018104,pSYK,pSTAT5
34,UPN51,IL-7,pERK1/2,0.009908661861043931,-0.007026644223155131,0.010096664497347167,0.0,0.005385862296450163,-0.17606737715086904,0.0064651926607016755,-0.13572714247133388,pSYK,pSTAT5
34,UPN51,IL-7,pIKAROS,0.2269365329075583,-0.49795822479967744,0.34818263775595176,0.0,0.3282476638415029,-0.08187301550247171,0.3327079067438619,-0.0635547805322745,pSYK,pSTAT5
34,UPN51,Pervanadate,pS6,0.6653555296147795,1.1341626306336905,0.3868689138650239,0.0,0.36790086872991495,-0.0772491270738302,0.3607047255050171,-0.10655608930752282,pSYK,p4EBP1
34,UPN51,Pervanadate,p4EBP1,0.0021316550779069176,-0.2193198483740997,0.026361745814791147,0.0,0.0050573947129742315,-0.1928373733345708,0.0001685451363485184,-0.2370890337807756,pSYK,p4EBP1
34,UPN51,Pervanadate,pSTAT5,0.13157894736842105,-0.5543518574982458,0.272028576507056,0.0,0.24934881390762978,-0.08951656620040653,0.2432555296351947,-0.11356663650251496,pSYK,p4EBP1
34,UPN51,Pervanadate,pSYK,0.01992082423996346,-0.5622269724146178,0.10612152657594282,0.0,0.08230967307831519,-0.1553080884117544,0.07812067407871152,-0.18263000298056423,pSYK,p4EBP1
34,UPN51,Pervanadate,pPLCγ2,0.28805258082525503,-0.321584296623,0.37308250583006985,0.0,0.35297904303461125,-0.07603156115212525,0.34808293533319484,-0.09454870498426776,pSYK,p4EBP1
34,UPN51,Pervanadate,pAKT,0.005278384002436177,-0.21574288378062,0.022717519474386466,0.0,0.007396314860937508,-0.18954155563588596,0.004383919846760856,-0.22680847110254762,pSYK,p4EBP1
34,UPN51,Pervanadate,pERK1/2,0.020656752778764654,-0.10443341166955353,0.029931773267392717,0.0,0.013267909212037427,-0.18762914616006524,0.009621605172720826,-0.2286852248261117,pSYK,p4EBP1
34,UPN51,Pervanadate,pIKAROS,0.14490179160533928,-0.7682062698057973,0.3396590034097853,0.0,0.31900362755172035,-0.08147369277032611,0.3108279526058864,-0.11372207369082374,pSYK,p4EBP1
34,UPN51,TSLP,pS6,0.6901193802387605,1.895408481751916,0.28601935780237386,0.0,0.26502047616804597,-0.09849407608799415,0.26502047616804597,-0.09849407608799415,pSYK,pSYK
34,UPN51,TSLP,p4EBP1,0.002476504953009906,-0.24282082040429978,0.028307405452025466,0.0,0.008088227299558024,-0.19006838058432957,0.008088227299558024,-0.19006838058432957,pSYK,pSYK
34,UPN51,TSLP,pSTAT5,0.015367030734061468,-0.10861480288846105,0.029972863728234513,0.0,0.0040296382181234484,-0.1929241780455636,0.0040296382181234484,-0.1929241780455636,pSYK,pSYK
34,UPN51,TSLP,pSYK,0.002476504953009906,-0.1911542397116697,0.017329297143948853,0.0,0.0022041272467920887,-0.19465971886179467,0.0022041272467920887,-0.19465971886179467,pSYK,pSYK
34,UPN51,TSLP,pPLCγ2,0.000222250444500889,-0.32836157575334274,0.0014977149306662821,0.0,0.0007745378047126345,-0.1861781203652587,0.0007745378047126345,-0.1861781203652587,pSYK,pSYK
34,UPN51,TSLP,pAKT,0.003841757683515367,-0.23733025416492018,0.012369118811547687,0.0,0.007981945904205139,-0.12210211876007607,0.007981945904205139,-0.12210211876007607,pSYK,pSYK
34,UPN51,TSLP,pERK1/2,0.0372745745491491,0.45236017504299986,0.014862947777335048,0.0,0.005613713545468876,-0.1866881533741527,0.005613713545468876,-0.1866881533741527,pSYK,pSYK
34,UPN51,TSLP,pIKAROS,0.16535433070866143,-0.7768015430872852,0.34884445351493215,0.0,0.3286568480962143,-0.08546379936240005,0.3286568480962143,-0.08546379936240005,pSYK,pSYK
34,UPN51,Tofacitinib,pS6,0.1874312733670552,-0.2971835714833611,0.2474712726536875,0.0,0.22840159794412115,-0.09439030820369508,0.22840159794412115,-0.09439030820369508,pSYK,pSYK
34,UPN51,Tofacitinib,p4EBP1,0.001896855069276446,-0.2343179305099759,0.02511251207686247,0.0,0.006187850000586043,-0.19100849275403756,0.006187850000586043,-0.19100849275403756,pSYK,pSYK
34,UPN51,Tofacitinib,pSTAT5,0.002281724213767319,-0.1558720233916009,0.011670273945488764,0.0,-4.3170771111950695e-05,-0.19447075224976623,-4.3170771111950695e-05,-0.19447075224976623,pSYK,pSYK
34,UPN51,Tofacitinib,pSYK,0.002171761601055641,-0.1953946945391385,0.015279719609978348,0.0,0.0022231157861364367,-0.19462917978082617,0.0022231157861364367,-0.19462917978082617,pSYK,pSYK
34,UPN51,Tofacitinib,pPLCγ2,0.0003298878381350341,-0.28990811470139893,0.0015264204444338976,0.0,0.000763556153140217,-0.18483453547168066,0.000763556153140217,-0.18483453547168066,pSYK,pSYK
34,UPN51,Tofacitinib,pAKT,0.00335385968770618,-0.2434292496781889,0.0112678511398521,0.0,0.008030776171622182,-0.09957032875674715,0.008030776171622182,-0.09957032875674715,pSYK,pSYK
34,UPN51,Tofacitinib,pERK1/2,0.00445348581482296,-0.21563322202578863,0.008195524005029639,0.0,0.005440538424955094,-0.15875477134915325,0.005440538424955094,-0.15875477134915325,pSYK,pSYK
34,UPN51,Tofacitinib,pIKAROS,0.13874532658895974,-0.8293564068455422,0.33816454964037584,0.0,0.3180815189962237,-0.08352249035344267,0.3180815189962237,-0.08352249035344267,pSYK,pSYK
35,UPN52,BCR-Crosslink,pS6,0.06780778376851176,-1.1683610211995075,0.3400339840061772,0.0,0.3171346143446025,-0.09828124882639648,0.31119265522879996,-0.12378339892952324,pSYK,p4EBP1
35,UPN52,BCR-Crosslink,p4EBP1,0.0004944317566453983,-0.36890966508845113,0.04516159178625416,0.0,0.01843779551662486,-0.2207139814840674,0.01377792510997955,-0.25920022573894225,pSYK,p4EBP1
35,UPN52,BCR-Crosslink,pSTAT5,0.002166081981494126,-0.6819820145962949,0.12573850223800756,0.0,0.09784682484410288,-0.1539309685776137,0.09300288249094157,-0.18066413086204466,pSYK,p4EBP1
35,UPN52,BCR-Crosslink,pSYK,0.001130129729475196,-0.5360781346102554,0.056214830012815,0.0,0.036547920298305114,-0.19139616298305376,0.03441509126201941,-0.21215261632370006,pSYK,p4EBP1
35,UPN52,BCR-Crosslink,pPLCγ2,0.0011536740988392627,-1.0151954856169356,0.21792323589814672,0.0,0.19503074633094603,-0.10721224820610022,0.19138867498529988,-0.12426913736389616,pSYK,p4EBP1
35,UPN52,BCR-Crosslink,pAKT,0.0013891177924799285,-0.38442864680693195,0.01928909254596958,0.0,0.010951524633489177,-0.179061702287087,0.009852620898217063,-0.20266229847448575,pSYK,p4EBP1
35,UPN52,BCR-Crosslink,pERK1/2,0.0008475972971063971,-0.4018587147321457,0.02306474779768389,0.0,0.011287564852941715,-0.21302297975685125,0.009728133127834108,-0.24122962258208605,pSYK,p4EBP1
35,UPN52,BCR-Crosslink,pIKAROS,0.05996750877027759,-1.2564588428814483,0.367261986564519,0.0,0.34380651908927923,-0.09590419500774873,0.33656268798589567,-0.1255226109048291,pSYK,p4EBP1
35,UPN52,BEZ-235,pS6,0.02329465541490858,-0.982500489485614,0.21817128594919546,0.0,0.1946437415221001,-0.1186177319088483,0.20039753117139905,-0.0896091169131222,pSYK,pSTAT5
35,UPN52,BEZ-235,p4EBP1,0.0001538326300984529,-0.22471187225388328,0.004785317337905485,0.0,5.411652404364864e-05,-0.22954993052225475,0.0009672629089136457,-0.18524559903215682,pSYK,pSTAT5
35,UPN52,BEZ-235,pSTAT5,0.0012086849507735584,-0.1791308291123727,0.010617231243893886,0.0,-0.0016674016426238315,-0.2338891052608329,0.000711635724348833,-0.18859422943641954,pSYK,pSTAT5
35,UPN52,BEZ-235,pSYK,0.00037359353023909983,-0.22454898968105474,0.015011575945866303,0.0,-0.00023817873630567303,-0.23393367402258403,0.002809931182909826,-0.18717518071643433,pSYK,pSTAT5
35,UPN52,BEZ-235,pPLCγ2,0.00010988045007032348,-0.403482670523438,0.0014650078702285912,0.0,0.0007711175507898686,-0.206602504659524,0.0009156106560282369,-0.16358037765762776,pSYK,pSTAT5
35,UPN52,BEZ-235,pAKT,0.001604254571026723,-0.290728775655547,0.011497406567747975,0.0,0.007541200289994552,-0.11626052119215702,0.008508900070032976,-0.08782285316219521,pSYK,pSTAT5
35,UPN52,BEZ-235,pERK1/2,0.0007252109704641351,-0.4267185835335166,0.007299792618451368,0.0,0.004425798835568869,-0.1865345388920987,0.0050675338380530375,-0.1448831812961737,pSYK,pSTAT5
35,UPN52,BEZ-235,pIKAROS,0.07498241912798875,-1.188076871429934,0.36063588635052257,0.0,0.3373924487327917,-0.09667304554240705,0.3421671160362273,-0.07681446707969461,pSYK,pSTAT5
35,UPN52,Dasatinib,pS6,0.028827854671280278,-0.9135871775540302,0.17940059003697423,0.0,0.1590956654515723,-0.12319839111225465,0.1590956654515723,-0.12319839111225465,pSYK,pSYK
35,UPN52,Dasatinib,p4EBP1,0.0007569204152249135,-0.2776458777918382,0.01771116846416635,0.0,0.004124812454774989,-0.22249265961726936,0.004124812454774989,-0.22249265961726936,pSYK,pSYK
35,UPN52,Dasatinib,pSTAT5,0.0012759515570934256,-0.17319213838222605,0.0069998681384109114,0.0,-0.0007318368765770683,-0.23394305382733804,-0.0007318368765770683,-0.23394305382733804,pSYK,pSYK
35,UPN52,Dasatinib,pSYK,0.0003892733564013841,-0.2086604267597348,0.00869048795245506,0.0,-0.0006092500706311784,-0.23375944353653957,-0.0006092500706311784,-0.23375944353653957,pSYK,pSYK
35,UPN52,Dasatinib,pPLCγ2,2.162629757785467e-05,-0.3815975669472886,0.0009802077102425673,0.0,0.00043351397983907344,-0.21763096449720032,0.00043351397983907344,-0.21763096449720032,pSYK,pSYK
35,UPN52,Dasatinib,pAKT,0.0016868512110726644,-0.3104482492561904,0.009318668023641284,0.0,0.00630826452645011,-0.12245766875832094,0.00630826452645011,-0.12245766875832094,pSYK,pSYK
35,UPN52,Dasatinib,pERK1/2,0.0007785467128027682,-0.46182101582208496,0.005999173816221282,0.0,0.00408799570559652,-0.16906440528719469,0.00408799570559652,-0.16906440528719469,pSYK,pSYK
35,UPN52,Dasatinib,pIKAROS,0.07441608996539792,-1.0742866888909055,0.3329390728432052,0.0,0.3093627625158656,-0.09797084992553029,0.3093627625158656,-0.09797084992553029,pSYK,pSYK
35,UPN52,IL-7,pS6,0.0599304865938431,-1.019563000160865,0.2721909167630291,0.0,0.249116421957946,-0.11083507713573873,0.25475563728165984,-0.08374790271789732,pSYK,pSTAT5
35,UPN52,IL-7,p4EBP1,0.00024826216484607745,-0.2697257771970688,0.02694943368981848,0.0,0.0043898866954395,-0.22788855315137552,0.00879182513310757,-0.18342173021953423,pSYK,pSTAT5
35,UPN52,IL-7,pSTAT5,0.00176266137040715,-0.17478025250720955,0.019406306617505076,0.0,-0.004174974183632534,-0.23359924523217032,0.0003997334395843821,-0.1882815944670018,pSYK,pSTAT5
35,UPN52,IL-7,pSYK,0.00044687189672293944,-0.22555864379525842,0.015583263578060565,0.0,-0.00012065126031420362,-0.23401572896579684,0.003022423150514599,-0.18717843667187312,pSYK,pSTAT5
35,UPN52,IL-7,pPLCγ2,7.447864945382324e-05,-0.45232344643276867,0.0014849620094506697,0.0,0.0008122899684733207,-0.2157170687178609,0.0009515541513368806,-0.17105687849936052,pSYK,pSTAT5
35,UPN52,IL-7,pAKT,0.0013902681231380337,-0.3168995439646259,0.010697197141085973,0.0,0.006740335574356781,-0.13473054576966262,0.00768922654152159,-0.10242094996348529,pSYK,pSTAT5
35,UPN52,IL-7,pERK1/2,0.0005958291956305859,-0.3637491080869636,0.010313242001193988,0.0,0.0046613118322250645,-0.2115670702756617,0.005862258423267764,-0.1666123832522021,pSYK,pSTAT5
35,UPN52,IL-7,pIKAROS,0.059558093346573984,-1.2184325225139248,0.35207515960620717,0.0,0.3283513703201583,-0.09881760675711478,0.3332353911709033,-0.0784740079330314,pSYK,pSTAT5
35,UPN52,Pervanadate,pS6,0.1293561985477499,-1.0985209534146367,0.399334014587513,0.0,0.37717031485132496,-0.09018255248722758,0.3707597190045446,-0.11626682105736774,pSYK,p4EBP1
35,UPN52,Pervanadate,p4EBP1,0.00019863603257630935,-0.23724612947652016,0.0264066997460779,0.0,0.0007984696472882018,-0.2318161898603785,-0.0030684358346007093,-0.26682100245006485,pSYK,p4EBP1
35,UPN52,Pervanadate,pSTAT5,0.0440309872210819,-0.9134493377631236,0.27406457558024994,0.0,0.24693991357635114,-0.10771037708555753,0.24185577833353655,-0.12789916779118254,pSYK,p4EBP1
35,UPN52,Pervanadate,pSYK,0.004149286013816239,-0.6684934006102695,0.10648830653469044,0.0,0.07789659831865971,-0.18676520605053468,0.07501412691266454,-0.20559392946950206,pSYK,p4EBP1
35,UPN52,Pervanadate,pPLCγ2,0.0642697918735792,-1.2060979268041587,0.3782867567359227,0.0,0.3544265711653031,-0.09164383956931178,0.35055095336632675,-0.10652957860726402,pSYK,p4EBP1
35,UPN52,Pervanadate,pAKT,0.0016111589308967313,-0.2622335911183585,0.022802803778375756,0.0,0.004389418179218164,-0.22785433905988559,0.00217615480251928,-0.25524211417312964,pSYK,p4EBP1
35,UPN52,Pervanadate,pERK1/2,0.0008166148005914939,-0.3334095576014359,0.030393171825024653,0.0,0.010384853129709909,-0.2255490616789017,0.007568178522401832,-0.257300770775873,pSYK,p4EBP1
35,UPN52,Pervanadate,pIKAROS,0.05144673243726412,-1.1551476603773803,0.34183237687881024,0.0,0.31716124725649286,-0.0981412070727336,0.3095787542187802,-0.12830419639400728,pSYK,p4EBP1
35,UPN52,TSLP,pS6,0.20830646894476681,-0.4014045229720802,0.29722430922781556,0.0,0.27252063255214587,-0.11152056235383062,0.27252063255214587,-0.11152056235383062,pSYK,pSYK
35,UPN52,TSLP,p4EBP1,0.0009492083960169067,-0.2575339330248798,0.028342923976606694,0.0,0.004039299627098817,-0.22848335221538585,0.004039299627098817,-0.22848335221538585,pSYK,pSYK
35,UPN52,TSLP,pSTAT5,0.01943190772978007,-0.07767857005752554,0.029878331705078268,0.0,-0.001317541669474561,-0.23196941280202302,-0.001317541669474561,-0.23196941280202302,pSYK,pSYK
35,UPN52,TSLP,pSYK,0.0008596604341285192,-0.21246806460954965,0.017366898179271676,0.0,-0.0008140253543937812,-0.23401041989285373,-0.0008140253543937812,-0.23401041989285373,pSYK,pSYK
35,UPN52,TSLP,pPLCγ2,8.954796188838742e-05,-0.36342187781806,0.0015008010349130845,0.0,0.0006317141055487693,-0.22380479440145307,0.0006317141055487693,-0.22380479440145307,pSYK,pSYK
35,UPN52,TSLP,pAKT,0.0013969482054588438,-0.307091075666557,0.012425974845921095,0.0,0.007155957434771202,-0.14673781905958613,0.007155957434771202,-0.14673781905958613,pSYK,pSYK
35,UPN52,TSLP,pERK1/2,0.001701411275879361,-0.28194334495703854,0.015690230644155277,0.0,0.004610949429925336,-0.2233018758068831,0.004610949429925336,-0.2233018758068831,pSYK,pSYK
35,UPN52,TSLP,pIKAROS,0.15849989254244573,-0.8069359805894384,0.3490038590536813,0.0,0.32477913907323835,-0.10261097724057308,0.32477913907323835,-0.10261097724057308,pSYK,pSYK
35,UPN52,Tofacitinib,pS6,0.06367367242880238,-0.9323400298980796,0.25034935639643763,0.0,0.2275955845595037,-0.11364229054288111,0.2275955845595037,-0.11364229054288111,pSYK,pSYK
35,UPN52,Tofacitinib,p4EBP1,0.0005181776727604361,-0.24857655067541837,0.02514457434189773,0.0,0.0023966955984049826,-0.22961496597375272,0.0023966955984049826,-0.22961496597375272,pSYK,pSYK
35,UPN52,Tofacitinib,pSTAT5,0.001264353521535464,-0.173167036844523,0.011693933729029039,0.0,-0.002386753510126882,-0.23378801806300986,-0.002386753510126882,-0.23378801806300986,pSYK,pSYK
35,UPN52,Tofacitinib,pSYK,0.0004767234589396012,-0.22127724245384442,0.015319139101655466,0.0,-0.0003748494829124583,-0.2339728653805483,-0.0003748494829124583,-0.2339728653805483,pSYK,pSYK
35,UPN52,Tofacitinib,pPLCγ2,0.00010363553455208723,-0.34614536169595805,0.0015316821259125704,0.0,0.0006149817539963515,-0.22219974034702877,0.0006149817539963515,-0.22219974034702877,pSYK,pSYK
35,UPN52,Tofacitinib,pAKT,0.001450897483729221,-0.3034400185765936,0.011312106074828307,0.0,0.007424103682560093,-0.11963802481580148,0.007424103682560093,-0.11963802481580148,pSYK,pSYK
35,UPN52,Tofacitinib,pERK1/2,0.0008083571695062803,-0.4312643671456586,0.008280294438641655,0.0,0.004973334908135518,-0.19087068824723488,0.004973334908135518,-0.19087068824723488,pSYK,pSYK
35,UPN52,Tofacitinib,pIKAROS,0.0663060150064254,-1.145738838609568,0.33984918479345805,0.0,0.31583966867138413,-0.10056414546449678,0.31583966867138413,-0.10056414546449678,pSYK,pSYK
36,UPN53,BCR-Crosslink,pS6,0.48844519153239585,0.6719159848854203,0.33025171870934267,0.0,0.3125504807000318,-0.07518480098114473,0.30748434466134134,-0.0967028682266104,pSYK,p4EBP1
36,UPN53,BCR-Crosslink,p4EBP1,0.05917483224686702,0.12683042872059028,0.04379693130973738,0.0,0.023528358385660423,-0.16716662462744783,0.01950931432432067,-0.2003140017259641,pSYK,p4EBP1
36,UPN53,BCR-Crosslink,pSTAT5,0.3248192639361513,1.151351720821271,0.11823493986696905,0.0,0.09686613907102194,-0.11909425208885374,0.09260833724245354,-0.14282416230506403,pSYK,p4EBP1
36,UPN53,BCR-Crosslink,pSYK,0.135883454279584,0.8092390246970869,0.05308103176746363,0.0,0.03809072875362152,-0.14650221361651258,0.036106196083009745,-0.16589731383366263,pSYK,p4EBP1
36,UPN53,BCR-Crosslink,pPLCγ2,0.3922758394489771,0.8562342433695866,0.2088273715876784,0.0,0.19116657976295434,-0.08243064061338254,0.1878867313079663,-0.09773912802112097,pSYK,p4EBP1
36,UPN53,BCR-Crosslink,pAKT,0.002582919929482186,-0.3581125551805557,0.01926132970557418,0.0,0.01294964645920751,-0.1355220938441467,0.011974150419584047,-0.15646757869599603,pSYK,p4EBP1
36,UPN53,BCR-Crosslink,pERK1/2,0.012900933404397796,-0.1785017556022142,0.02278443765565386,0.0,0.013861844437843059,-0.16114715119399342,0.012475649079651048,-0.18618263443501776,pSYK,p4EBP1
36,UPN53,BCR-Crosslink,pIKAROS,0.29808809260246266,-0.2557374987457765,0.3617242985684217,0.0,0.3437312184266881,-0.07230954831972149,0.3377013333653105,-0.0965421011552271,pSYK,p4EBP1
36,UPN53,BEZ-235,pS6,0.23584198693929986,0.11276770670169436,0.21322832475095382,0.0,0.1952264394078482,-0.08977012699407186,0.1943662448008952,-0.094059665430409,pSYK,pSTAT5
36,UPN53,BEZ-235,p4EBP1,0.0008029118938015202,-0.19245715700950422,0.004770222471307739,0.0,0.001189945939584667,-0.17368185049842885,0.0007589741914552292,-0.19458860729903826,pSYK,pSTAT5
36,UPN53,BEZ-235,pSTAT5,0.0017396424365699603,-0.16877968461112358,0.010604883395386993,0.0,0.001310126486961504,-0.17695696561759902,0.0001990311211112674,-0.19811040366764698,pSYK,pSTAT5
36,UPN53,BEZ-235,pSYK,0.005044963066052885,-0.1511744793221313,0.014902939445033424,0.0,0.0033610115479508207,-0.17699828779621068,0.0020814465094353557,-0.1966207306810234,pSYK,pSTAT5
36,UPN53,BEZ-235,pPLCγ2,0.0013114227598758164,-0.03733933221176417,0.00143706502581451,0.0,0.0009109820864632431,-0.15634536273775343,0.0008588588022974513,-0.17183576008846935,pSYK,pSTAT5
36,UPN53,BEZ-235,pAKT,0.0010571673268386682,-0.30721500424838133,0.01151012952691514,0.0,0.00851571907878395,-0.08800642353200998,0.008371670203284423,-0.09224005367928419,pSYK,pSTAT5
36,UPN53,BEZ-235,pERK1/2,0.0025693180601648645,-0.30392822597860086,0.007256906407062978,0.0,0.005080072183658333,-0.1411389641768941,0.004910491050250383,-0.1521340621296024,pSYK,pSTAT5
36,UPN53,BEZ-235,pIKAROS,0.375347928487314,0.08880408638310579,0.3536506419468174,0.0,0.33577630209246845,-0.07315727786992955,0.33398004691623745,-0.08050910960881519,pSYK,pSTAT5
36,UPN53,Dasatinib,pS6,0.16893545116593445,-0.043309206768597466,0.17614227383942413,0.0,0.16064283589484601,-0.09314345491086407,0.16064283589484601,-0.09314345491086407,pSYK,pSYK
36,UPN53,Dasatinib,p4EBP1,0.005055762081784387,-0.20552685756877276,0.017611195402153338,0.0,0.007327201654033704,-0.16834440232970171,0.007327201654033704,-0.16834440232970171,pSYK,pSYK
36,UPN53,Dasatinib,pSTAT5,0.00048665089557282866,-0.19765074738884128,0.007018223967748599,0.0,0.0011691780534962212,-0.17699691692778172,0.0011691780534962212,-0.17699691692778172,pSYK,pSYK
36,UPN53,Dasatinib,pSYK,0.0010003379520108144,-0.1929292544222538,0.008676277147906003,0.0,0.0016395061785590883,-0.1768642171347911,0.0016395061785590883,-0.1768642171347911,pSYK,pSYK
36,UPN53,Dasatinib,pPLCγ2,4.0554241297735724e-05,-0.37386205654798305,0.0009797675255048958,0.0,0.0005660062042810935,-0.16470131020700282,0.0005660062042810935,-0.16470131020700282,pSYK,pSYK
36,UPN53,Dasatinib,pAKT,0.0008651571476850287,-0.3447404525476274,0.009337777187906111,0.0,0.0070595147609240246,-0.09269968632743811,0.0070595147609240246,-0.09269968632743811,pSYK,pSYK
36,UPN53,Dasatinib,pERK1/2,0.002027712064886786,-0.34837771134888573,0.005970123459196074,0.0,0.0045223324518011915,-0.12793644985801747,0.0045223324518011915,-0.12793644985801747,pSYK,pSYK
36,UPN53,Dasatinib,pIKAROS,0.28640757012504225,-0.17065635889639189,0.32800903842088786,0.0,0.30995567509115063,-0.07405799309238005,0.30995567509115063,-0.07405799309238005,pSYK,pSYK
36,UPN53,IL-7,pS6,0.27610891998487225,0.04245848967499664,0.26716351133533073,0.0,0.24949748818272113,-0.08385001636138435,0.24865435547829715,-0.08785186162390043,pSYK,pSTAT5
36,UPN53,IL-7,p4EBP1,0.008360797449889244,-0.18578744635412983,0.026760770078538408,0.0,0.009684260742284682,-0.1724242272667964,0.007679875221379685,-0.19266282625570536,pSYK,pSTAT5
36,UPN53,IL-7,pSTAT5,0.0006348263007185693,-0.18622150052591824,0.01943253534005597,0.0,0.0015922579480694386,-0.17673660225200785,-0.0005319200130722464,-0.1977799967678022,pSYK,pSTAT5
36,UPN53,IL-7,pSYK,0.004511318817872386,-0.16353687079861953,0.015488741556638484,0.0,0.0036036235595447164,-0.1770593200763939,0.00229050715792721,-0.19662155726313527,pSYK,pSTAT5
36,UPN53,IL-7,pPLCγ2,0.00033767356421200495,-0.36565691547063184,0.0014788411974795493,0.0,0.0009694994409242116,-0.16320506312393251,0.0009183145822504969,-0.17960589416383882,pSYK,pSTAT5
36,UPN53,IL-7,pAKT,0.0009995137500675346,-0.3305479919676166,0.010706284452087612,0.0,0.007711399181863697,-0.10198585529993912,0.007547205725904729,-0.10757719137117906,pSYK,pSTAT5
36,UPN53,IL-7,pERK1/2,0.002795937111675401,-0.27930176489518865,0.010262076700820853,0.0,0.005982993161771585,-0.1600767800173428,0.005584708642730041,-0.17497625621525123,pSYK,pSTAT5
36,UPN53,IL-7,pIKAROS,0.32800259333297316,-0.0730207199087107,0.34583226425768626,0.0,0.32761693739977293,-0.07460015869915484,0.3258021914225021,-0.08203237986977,pSYK,pSTAT5
36,UPN53,Pervanadate,pS6,0.7266439108010165,1.400109297955327,0.38544360267464634,0.0,0.36816670186930683,-0.070895450212925,0.3627006305541334,-0.09332537506758472,pSYK,p4EBP1
36,UPN53,Pervanadate,p4EBP1,0.010074733470670496,-0.14570513831803614,0.02617702306147106,0.0,0.006793271031082092,-0.175398178922574,0.003417774160494203,-0.2059421109297398,pSYK,p4EBP1
36,UPN53,Pervanadate,pSTAT5,0.6854728358119183,1.7344025075157194,0.2591473232874398,0.0,0.23809419484808697,-0.0856495745235689,0.23356651451613467,-0.10406934976635779,pSYK,p4EBP1
36,UPN53,Pervanadate,pSYK,0.2878516758642467,1.2432253302009366,0.09989057653816878,0.0,0.07802652736857651,-0.14461470935132267,0.07528374291361381,-0.1627562243877689,pSYK,p4EBP1
36,UPN53,Pervanadate,pPLCγ2,0.6639850833796972,1.1491596923061178,0.3643398894915944,0.0,0.3457675527818103,-0.07122617406902608,0.34222823090715504,-0.08479971410708202,pSYK,p4EBP1
36,UPN53,Pervanadate,pAKT,0.0028570139692946184,-0.24643536595917298,0.022773830405389762,0.0,0.008839947916446374,-0.17240714355190898,0.006851944845282527,-0.19700516432205345,pSYK,p4EBP1
36,UPN53,Pervanadate,pERK1/2,0.015367727771679473,-0.16540252436120403,0.03005477384895284,0.0,0.014902509435419105,-0.1706417186002453,0.012420550278301374,-0.19859303759174204,pSYK,p4EBP1
36,UPN53,Pervanadate,pIKAROS,0.22368915688014074,-0.4481919621650275,0.3378267391010689,0.0,0.31896758666820935,-0.0740555421727064,0.31267756754797255,-0.09875499660917467,pSYK,p4EBP1
36,UPN53,TSLP,pS6,0.29986708153339575,0.021502632077858103,0.295094992655987,0.0,0.27631931882405286,-0.0846016109073748,0.27631931882405286,-0.0846016109073748,pSYK,pSYK
36,UPN53,TSLP,p4EBP1,0.011887140138356041,-0.1522364455057153,0.028088553470970903,0.0,0.009690532834618727,-0.17287684774887502,0.009690532834618727,-0.17287684774887502,pSYK,pSYK
36,UPN53,TSLP,pSTAT5,0.0012385584388121922,-0.2162109692587649,0.030301432851379845,0.0,0.006715963487705409,-0.1754622450330586,0.006715963487705409,-0.1754622450330586,pSYK,pSYK
36,UPN53,TSLP,pSYK,0.0063136271637011755,-0.14059491288040485,0.01724006174370022,0.0,0.0034799589280150537,-0.1770568836917741,0.0034799589280150537,-0.1770568836917741,pSYK,pSYK
36,UPN53,TSLP,pPLCγ2,0.0005588617345859892,-0.23954712091611427,0.0014898867611294192,0.0,0.0008318211249189102,-0.16931631699881597,0.0008318211249189102,-0.16931631699881597,pSYK,pSYK
36,UPN53,TSLP,pAKT,0.0010119928707367912,-0.3180843781631338,0.012434927295565792,0.0,0.00844635587704268,-0.11106622976513886,0.00844635587704268,-0.11106622976513886,pSYK,pSYK
36,UPN53,TSLP,pERK1/2,0.003428692263541069,-0.2462666388262335,0.015650061318860816,0.0,0.007265058176806741,-0.16896196579893225,0.007265058176806741,-0.16896196579893225,pSYK,pSYK
36,UPN53,TSLP,pIKAROS,0.40380025979518475,0.2545422163446955,0.34329919935012926,0.0,0.3247464030677972,-0.07805598530599617,0.3247464030677972,-0.07805598530599617,pSYK,pSYK
36,UPN53,Tofacitinib,pS6,0.2815369218049693,0.17933230354320856,0.245282769201643,0.0,0.22786411005396146,-0.08616194408860933,0.22786411005396146,-0.08616194408860933,pSYK,pSYK
36,UPN53,Tofacitinib,p4EBP1,0.006788216352639136,-0.18375566896518208,0.024998759488877295,0.0,0.007781668247313703,-0.17373112350682166,0.007781668247313703,-0.17373112350682166,pSYK,pSYK
36,UPN53,Tofacitinib,pSTAT5,0.0006962273182193986,-0.18282657066294258,0.01170714596631546,0.0,0.001054431817006837,-0.17687890160803868,0.001054431817006837,-0.17687890160803868,pSYK,pSYK
36,UPN53,Tofacitinib,pSYK,0.004032316551354017,-0.166995232513328,0.015236450890203968,0.0,0.0033592925960894745,-0.17702651101261618,0.0033592925960894745,-0.17702651101261618,pSYK,pSYK
36,UPN53,Tofacitinib,pPLCγ2,0.0003045994517209869,-0.29619039653651075,0.0015270085464435263,0.0,0.0008331254931925638,-0.16812824575639823,0.0008331254931925638,-0.16812824575639823,pSYK,pSYK
36,UPN53,Tofacitinib,pAKT,0.0011313693921065227,-0.3135235400973581,0.011319536960679999,0.0,0.008376552817545764,-0.0905653348156531,0.008376552817545764,-0.0905653348156531,pSYK,pSYK
36,UPN53,Tofacitinib,pERK1/2,0.0034231176479120433,-0.2764846863705291,0.008219486055422916,0.0,0.005714364683315703,-0.1444066923221644,0.005714364683315703,-0.1444066923221644,pSYK,pSYK
36,UPN53,Tofacitinib,pIKAROS,0.34422638991630766,0.04472851928736348,0.3333859202606701,0.0,0.3149518269819511,-0.07606032976010815,0.3149518269819511,-0.07606032976010815,pSYK,pSYK
37,UPN54,BCR-Crosslink,pS6,0.5849119819077799,1.1006878751501954,0.3280083049796826,0.0,0.3377454039290782,0.04171799672504138,0.30381918346059833,-0.10363679136458008,pSYK,p4EBP1
37,UPN54,BCR-Crosslink,p4EBP1,0.01704521659011908,-0.22881392834174485,0.044776689813382675,0.0,0.05606713126427605,0.09315806052900902,0.01914895877079159,-0.2114558345721685,pSYK,p4EBP1
37,UPN54,BCR-Crosslink,pSTAT5,0.3658369745787556,1.394934309342149,0.11728103961946662,0.0,0.12904323796217002,0.06601127438060059,0.09013031492992189,-0.1523740617947916,pSYK,p4EBP1
37,UPN54,BCR-Crosslink,pSYK,0.15727388214928872,1.0278501955794719,0.05258357995654026,0.0,0.060876079028100424,0.081415819937676,0.0346091280379581,-0.17647330777528497,pSYK,p4EBP1
37,UPN54,BCR-Crosslink,pPLCγ2,0.4668518699482082,1.222936430572251,0.20709304529699857,0.0,0.21679663923090386,0.04568421706244984,0.18485874188794515,-0.10467840576288039,pSYK,p4EBP1
37,UPN54,BCR-Crosslink,pAKT,0.0024569681571342816,-0.36088819108801895,0.019264258816559014,0.0,0.022790767589016884,0.07572162566455617,0.011561859599609665,-0.1653868536440106,pSYK,p4EBP1
37,UPN54,BCR-Crosslink,pERK1/2,0.01777113900018148,-0.08847276589609225,0.022671177060403076,0.0,0.027646576940634132,0.08983346321665536,0.011768344004175984,-0.19685638861020055,pSYK,p4EBP1
37,UPN54,BCR-Crosslink,pIKAROS,0.40958775983136264,0.20271429950459077,0.3591312830514705,0.0,0.36916867088081834,0.040326280639020495,0.3336109766683351,-0.10253056419629955,pSYK,p4EBP1
37,UPN54,BEZ-235,pS6,0.25016487140030774,0.18589996665604808,0.2128952344146513,0.0,0.22290527218069509,0.04992980445850575,0.22290527218069509,0.04992980445850575,pSYK,pSYK
37,UPN54,BEZ-235,p4EBP1,0.000471061143736457,-0.20894593453050977,0.0047779399306115775,0.0,0.006774900979351308,0.0968815035662271,0.006774900979351308,0.0968815035662271,pSYK,pSYK
37,UPN54,BEZ-235,pSTAT5,0.0006437835631064912,-0.19014519009319147,0.010630368485467539,0.0,0.015813821126875308,0.09869325655386468,0.015813821126875308,0.09869325655386468,pSYK,pSYK
37,UPN54,BEZ-235,pSYK,0.016251609458907766,0.024672466805687618,0.014642319761478657,0.0,0.021075300844358724,0.098625817640249,0.021075300844358724,0.098625817640249,pSYK,pSYK
37,UPN54,BEZ-235,pPLCγ2,0.000361146876864617,-0.3267169844546049,0.0014591644649543053,0.0,0.0017525153382358725,0.08728704689733072,0.0017525153382358725,0.08728704689733072,pSYK,pSYK
37,UPN54,BEZ-235,pAKT,0.0008479100587256226,-0.3135223992351584,0.011514995975010791,0.0,0.013189706515010552,0.04922237156855915,0.013189706515010552,0.04922237156855915,pSYK,pSYK
37,UPN54,BEZ-235,pERK1/2,0.004318060484250856,-0.18778392872501384,0.007216237978595862,0.0,0.008431398752514354,0.07873488238873846,0.008431398752514354,0.07873488238873846,pSYK,pSYK
37,UPN54,BEZ-235,pIKAROS,0.35684451841849074,0.011309878838172862,0.354080953808883,0.0,0.36402817995003856,0.040708989412171985,0.36402817995003856,0.040708989412171985,pSYK,pSYK
37,UPN54,Dasatinib,pS6,0.3753613877288789,1.2480440084404152,0.1713416706635417,0.0,0.17993194375423657,0.05254903308328404,0.17993194375423657,0.05254903308328404,pSYK,pSYK
37,UPN54,Dasatinib,p4EBP1,0.0015347824535103687,-0.26458946731208954,0.017693078649322503,0.0,0.023430490676344694,0.09394918706671711,0.023430490676344694,0.09394918706671711,pSYK,pSYK
37,UPN54,Dasatinib,pSTAT5,0.0006603133811614377,-0.192268675003905,0.00701418530529305,0.0,0.010276456750945564,0.09871659609261116,0.010276456750945564,0.09871659609261116,pSYK,pSYK
37,UPN54,Dasatinib,pSYK,0.001998786451083271,-0.16723235839174988,0.008653057415369435,0.0,0.01257747571950726,0.09862684159377684,0.01257747571950726,0.09862684159377684,pSYK,pSYK
37,UPN54,Dasatinib,pPLCγ2,0.0003747724595781133,-0.23749971654447513,0.0009719950088007009,0.0,0.0012029967187514611,0.0918633107641537,0.0012029967187514611,0.0918633107641537,pSYK,pSYK
37,UPN54,Dasatinib,pAKT,0.0008387764571510155,-0.3458418649534342,0.009338390692337134,0.0,0.010612874599136884,0.05185763482724844,0.010612874599136884,0.05185763482724844,pSYK,pSYK
37,UPN54,Dasatinib,pERK1/2,0.008084377342327873,0.1990871823661165,0.005829270778325351,0.0,0.0066368464434212225,0.07129506262711571,0.0066368464434212225,0.07129506262711571,pSYK,pSYK
37,UPN54,Dasatinib,pIKAROS,0.2765285362458507,-0.21216348781057043,0.3282387833948226,0.0,0.3383240207211806,0.041379015659955255,0.3383240207211806,0.041379015659955255,pSYK,pSYK
37,UPN54,IL-7,pS6,0.38641856717897866,0.5804582963996245,0.2645981707029097,0.0,0.27440744368140846,0.046739906015137486,0.27440744368140846,0.046739906015137486,pSYK,pSYK
37,UPN54,IL-7,p4EBP1,0.0028662617749132375,-0.24262550997880253,0.026888549977956457,0.0,0.036413847177270336,0.09620565997498998,0.036413847177270336,0.09620565997498998,pSYK,pSYK
37,UPN54,IL-7,pSTAT5,0.0005577590480912246,-0.18700336503728832,0.01943432760174498,0.0,0.029384064523776936,0.09856845964175952,0.029384064523776936,0.09856845964175952,pSYK,pSYK
37,UPN54,IL-7,pSYK,0.020389191869112543,0.07848695545433451,0.015119488694981736,0.0,0.021743264119103305,0.09865450661522224,0.021743264119103305,0.09865450661522224,pSYK,pSYK
37,UPN54,IL-7,pPLCγ2,0.00046479920674268716,-0.3238672796368009,0.001475884787188138,0.0,0.0017603054940531428,0.0911046130874129,0.0017603054940531428,0.0911046130874129,pSYK,pSYK
37,UPN54,IL-7,pAKT,0.001146504709965295,-0.3254133307109793,0.010702866057671383,0.0,0.012377282983217525,0.05701726514052341,0.012377282983217525,0.05701726514052341,pSYK,pSYK
37,UPN54,IL-7,pERK1/2,0.008784705007436788,-0.05001316538733205,0.010122803028826401,0.0,0.012509781611167002,0.08921644954727864,0.012509781611167002,0.08921644954727864,pSYK,pSYK
37,UPN54,IL-7,pIKAROS,0.4201165096678235,0.3133393419998687,0.3436900801568758,0.0,0.3538266255282587,0.041558639820612905,0.3538266255282587,0.041558639820612905,pSYK,pSYK
37,UPN54,Pervanadate,pS6,0.7541857559350271,1.5217368151174366,0.384803094648274,0.0,0.3942033799252613,0.038726127882578495,0.3607081237275206,-0.09926346889582455,pSYK,p4EBP1
37,UPN54,Pervanadate,p4EBP1,0.00456754130223518,-0.1967370634226346,0.026305097297946303,0.0,0.037114161566750424,0.09782808900000636,0.0022527468273077743,-0.21768725062463698,pSYK,p4EBP1
37,UPN54,Pervanadate,pSTAT5,0.7471609051783978,2.0137426502548395,0.25771271702310306,0.0,0.2691543580599577,0.0470744832699426,0.23057321095476763,-0.11166040083351336,pSYK,p4EBP1
37,UPN54,Pervanadate,pSYK,0.3901985283909482,1.9875084795499367,0.09751041717708273,0.0,0.10954604713927982,0.08172835072591361,0.0713681422663951,-0.17751999848655217,pSYK,p4EBP1
37,UPN54,Pervanadate,pPLCγ2,0.7247119255865612,1.3973293478308713,0.36292763734724875,0.0,0.373068251597867,0.03916637166965031,0.33946431216733586,-0.09062304234147438,pSYK,p4EBP1
37,UPN54,Pervanadate,pAKT,0.003526308482576704,-0.23795007817003105,0.022758265416708782,0.0,0.03053252183234058,0.09618807530347329,0.005927065069893451,-0.20824638137122073,pSYK,p4EBP1
37,UPN54,Pervanadate,pERK1/2,0.032611411911703456,0.03329833009588395,0.029653757938719726,0.0,0.038099508514116615,0.09508529163178563,0.010992949050632802,-0.21009008487388114,pSYK,p4EBP1
37,UPN54,Pervanadate,pIKAROS,0.3932805775371373,0.23284510315982873,0.33388275257416206,0.0,0.3444211855192008,0.041311655902552584,0.3071079734066336,-0.10495967186055885,pSYK,p4EBP1
37,UPN54,TSLP,pS6,0.39802108486954474,0.4753035677160738,0.29281234141561147,0.0,0.30324522522597,0.04713284023586832,0.30324522522597,0.04713284023586832,pSYK,pSYK
37,UPN54,TSLP,p4EBP1,0.0035779492314034983,-0.23221241463807044,0.02828179046880701,0.0,0.03854247907942822,0.09644893906273044,0.03854247907942822,0.09644893906273044,pSYK,pSYK
37,UPN54,TSLP,pSTAT5,0.000868720183756405,-0.2190294600299856,0.030310033741032305,0.0,0.04346667698626207,0.09787920841927493,0.04346667698626207,0.09787920841927493,pSYK,pSYK
37,UPN54,TSLP,pSYK,0.018640673773484894,0.02170614812693991,0.01695338624114711,0.0,0.02462239893005783,0.09865818494032035,0.02462239893005783,0.09865818494032035,pSYK,pSYK
37,UPN54,TSLP,pPLCγ2,0.0003975499146003887,-0.28208960649921416,0.001493638198803503,0.0,0.0018608375437631412,0.09450253252341007,0.0018608375437631412,0.09450253252341007,pSYK,pSYK
37,UPN54,TSLP,pAKT,0.0010012368219565345,-0.3183915803845742,0.012435177436235102,0.0,0.014664246841788254,0.06207107022531544,0.014664246841788254,0.06207107022531544,pSYK,pSYK
37,UPN54,TSLP,pERK1/2,0.009055303610342187,-0.1301847689913611,0.015519209892191022,0.0,0.02019646252786001,0.0942010956437691,0.02019646252786001,0.0942010956437691,pSYK,pSYK
37,UPN54,TSLP,pIKAROS,0.42621768066435006,0.3512899133879083,0.3427778639810789,0.0,0.35306877351589894,0.04332575097680577,0.35306877351589894,0.04332575097680577,pSYK,pSYK
37,UPN54,Tofacitinib,pS6,0.3833954362085425,0.6985687876232913,0.24291396654109484,0.0,0.2525700322228435,0.048016482974430875,0.2525700322228435,0.048016482974430875,pSYK,pSYK
37,UPN54,Tofacitinib,p4EBP1,0.002094047362424168,-0.23227879555946357,0.025107926209579967,0.0,0.03471122598917884,0.09692598631531275,0.03471122598917884,0.09692598631531275,pSYK,pSYK
37,UPN54,Tofacitinib,pSTAT5,0.0008776522033689527,-0.17974177793895596,0.011702926782939889,0.0,0.01764388443530228,0.09864306750341903,0.01764388443530228,0.09864306750341903,pSYK,pSYK
37,UPN54,Tofacitinib,pSYK,0.026468142764758416,0.1751884541185707,0.014714687489892237,0.0,0.02133264448913854,0.09864245270923831,0.02133264448913854,0.09864245270923831,pSYK,pSYK
37,UPN54,Tofacitinib,pPLCγ2,0.0004003325839928556,-0.2724119864840838,0.0015247821945302273,0.0,0.0019120588613068504,0.0938226178629177,0.0019120588613068504,0.0938226178629177,pSYK,pSYK
37,UPN54,Tofacitinib,pAKT,0.00126258738028516,-0.30938235815880427,0.011316485379559565,0.0,0.012962301445198277,0.05064567549021266,0.012962301445198277,0.05064567549021266,pSYK,pSYK
37,UPN54,Tofacitinib,pERK1/2,0.0076525113170942015,-0.026989455994903985,0.008121128063116354,0.0,0.009518648902661568,0.08048864561720932,0.009518648902661568,0.08048864561720932,pSYK,pSYK
37,UPN54,Tofacitinib,pIKAROS,0.4270008930496104,0.39490981890798366,0.33146093181570957,0.0,0.3417032636413452,0.04233618429627337,0.3417032636413452,0.04233618429627337,pSYK,pSYK
38,UPN55,BCR-Crosslink,pS6,0.17959844559585492,-0.6703806988516077,0.3374342011729832,0.0,0.31464627422016417,-0.0967878687573115,0.30819796399134114,-0.1241759767421209,pSYK,p4EBP1
38,UPN55,BCR-Crosslink,p4EBP1,0.0004533678756476684,-0.36925780270678704,0.045162546760230855,0.0,0.018740056384996037,-0.218226122273178,0.013559932712178584,-0.2610093075808725,pSYK,p4EBP1
38,UPN55,BCR-Crosslink,pSTAT5,0.10226683937823834,-0.11608172369827251,0.12341057764738562,0.0,0.09570385360345714,-0.1521133228245026,0.09027157462467017,-0.18193720256802126,pSYK,p4EBP1
38,UPN55,BCR-Crosslink,pSYK,0.014507772020725389,-0.4022757674859157,0.05590372205255337,0.0,0.0364410420458296,-0.18913358748906242,0.03392863373610538,-0.2135485599744196,pSYK,p4EBP1
38,UPN55,BCR-Crosslink,pPLCγ2,0.22814119170984457,0.07172518093573445,0.212644456418821,0.0,0.1897163990026177,-0.10612035604910088,0.18552810275724627,-0.12550549107078077,pSYK,p4EBP1
38,UPN55,BCR-Crosslink,pAKT,0.0017001295336787564,-0.37757099231901176,0.01928185971477891,0.0,0.011037824468019711,-0.17704222148613397,0.009779039845932478,-0.2040748601389727,pSYK,p4EBP1
38,UPN55,BCR-Crosslink,pERK1/2,0.0013439119170984455,-0.39263937847376856,0.02305320559721896,0.0,0.011408112393190067,-0.2106158876134209,0.009622684310828444,-0.24290755877036976,pSYK,p4EBP1
38,UPN55,BCR-Crosslink,pIKAROS,0.1097312176165803,-1.042450641674329,0.3661046910099538,0.0,0.34284598891166695,-0.09457315769041605,0.33510686382522215,-0.12604153000514245,pSYK,p4EBP1
38,UPN55,BEZ-235,pS6,0.050184341791368464,-0.841303189352976,0.21754594440555688,0.0,0.19424691815804307,-0.11712092131454231,0.19868581487328338,-0.0948072131197839,pSYK,pSTAT5
38,UPN55,BEZ-235,p4EBP1,1.445817971517386e-05,-0.2316398575604578,0.004788558604193468,0.0,0.00011091741326232831,-0.22695964534609164,0.000740816625897556,-0.19639686892351282,pSYK,pSTAT5
38,UPN55,BEZ-235,pSTAT5,0.00027470541458830334,-0.19734228272858984,0.010638951698223775,0.0,-0.0015058418222011535,-0.23124511044978344,0.00013786159522764622,-0.19994788191553411,pSYK,pSTAT5
38,UPN55,BEZ-235,pSYK,0.0006072435480373021,-0.22087720890661566,0.015006142224522156,0.0,-7.184896807283653e-05,-0.23129439864576842,0.0020698099231825067,-0.19844163337816814,pSYK,pSTAT5
38,UPN55,BEZ-235,pPLCγ2,7.22908985758693e-05,-0.41498031443342903,0.0014658820458447411,0.0,0.0007798592588079403,-0.20428226200413946,0.0008834873023874874,-0.17342414540872406,pSYK,pSTAT5
38,UPN55,BEZ-235,pAKT,0.0014747343309477337,-0.29463130104124474,0.011500418666354461,0.0,0.00758892932909371,-0.11494947914688541,0.008332480487979393,-0.09309825802280373,pSYK,pSTAT5
38,UPN55,BEZ-235,pERK1/2,0.000506036290031085,-0.4413396635346269,0.007304889704042834,0.0,0.004463549779964251,-0.1844422772075046,0.00493867862173431,-0.15359984093284715,pSYK,pSTAT5
38,UPN55,BEZ-235,pIKAROS,0.11485577965734114,-1.0139732232030572,0.3597085988963516,0.0,0.3366725235837838,-0.09539593461585641,0.34010397489177524,-0.08118576642648351,pSYK,pSTAT5
38,UPN55,Dasatinib,pS6,0.035215903106898365,-0.8732069567305135,0.1792520307710296,0.0,0.15916614278393787,-0.12176901314187488,0.15916614278393787,-0.12176901314187488,pSYK,pSYK
38,UPN55,Dasatinib,p4EBP1,9.873617693522907e-05,-0.28869606728112657,0.01772647507435913,0.0,0.004294202186477674,-0.21998535262766916,0.004294202186477674,-0.21998535262766916,pSYK,pSYK
38,UPN55,Dasatinib,pSTAT5,0.00027975250131648233,-0.20406337480934741,0.0070230355583127,0.0,-0.0006201308199923431,-0.23129539605609045,-0.0006201308199923431,-0.23129539605609045,pSYK,pSYK
38,UPN55,Dasatinib,pSYK,0.00013164823591363875,-0.21529375999103473,0.008696479234326869,0.0,-0.0004979904598974415,-0.23112095871592878,-0.0004979904598974415,-0.23112095871592878,pSYK,pSYK
38,UPN55,Dasatinib,pPLCγ2,0.0001151922064244339,-0.3433737178581563,0.0009780317588740425,0.0,0.0004373801964613048,-0.21515649870759118,0.0004373801964613048,-0.21515649870759118,pSYK,pSYK
38,UPN55,Dasatinib,pAKT,0.0014316745655608214,-0.3210948218959955,0.00932460236423458,0.0,0.006348424775652675,-0.12107487070857718,0.006348424775652675,-0.12107487070857718,pSYK,pSYK
38,UPN55,Dasatinib,pERK1/2,0.0003784886782517114,-0.49823501504295736,0.006008477491443401,0.0,0.004119327879415231,-0.16718336689441043,0.004119327879415231,-0.16718336689441043,pSYK,pSYK
38,UPN55,Dasatinib,pIKAROS,0.09210439705107952,-0.9972662528858657,0.3325277168644684,0.0,0.3091913661373366,-0.09679824346382336,0.3091913661373366,-0.09679824346382336,pSYK,pSYK
38,UPN55,IL-7,pS6,0.09237283081877273,-0.8571231287372105,0.27143644364151914,0.0,0.24857798019734956,-0.10941652185241148,0.2529307990702696,-0.08858089996156553,pSYK,pSTAT5
38,UPN55,IL-7,p4EBP1,0.0001490846204305564,-0.2707526779378883,0.026951740144339768,0.0,0.004646787818294706,-0.22531818043799617,0.0077015102921085266,-0.1944602570727403,pSYK,pSTAT5
38,UPN55,IL-7,pSTAT5,0.0005217961715069474,-0.18736821918861268,0.019435163947712056,0.0,-0.00387838651520361,-0.2309593132692115,-0.0007145757464682365,-0.1996165298684942,pSYK,pSTAT5
38,UPN55,IL-7,pSYK,0.0003578030890333353,-0.22691841378479571,0.015585334945681251,0.0,5.872084236546553e-05,-0.23137529291950834,0.0022684976360324433,-0.19844552796758358,pSYK,pSTAT5
38,UPN55,IL-7,pPLCγ2,0.00017890154451666765,-0.41791264697746905,0.0014825335700306035,0.0,0.0008173064615147513,-0.21325559384860013,0.0009169588577694848,-0.18130946497067155,pSYK,pSTAT5
38,UPN55,IL-7,pAKT,0.0019977339137694557,-0.29568979559791414,0.01068307002967594,0.0,0.006769996090669098,-0.13321948831265196,0.007493759409508369,-0.10857917215759709,pSYK,pSTAT5
38,UPN55,IL-7,pERK1/2,0.0008945077225833383,-0.35227518030805327,0.010306295988939273,0.0,0.004717692276879188,-0.2091766542787384,0.005587337006425025,-0.17662659628393373,pSYK,pSTAT5
38,UPN55,IL-7,pIKAROS,0.1097262806368895,-0.9990952734442757,0.3509084575761998,0.0,0.3273841571932047,-0.09744922954919664,0.33090100393891353,-0.08288071953052419,pSYK,pSTAT5
38,UPN55,Pervanadate,pS6,0.37417183158794615,-0.07813343941971305,0.39364062777262465,0.0,0.3714095050712832,-0.08921938790362625,0.3644395844424479,-0.11719152680977424,pSYK,p4EBP1
38,UPN55,Pervanadate,p4EBP1,0.0002493410272850324,-0.23677583931993296,0.026405520560154442,0.0,0.00108614008242015,-0.22920081107956025,-0.003275591511363935,-0.2686848900792734,pSYK,p4EBP1
38,UPN55,Pervanadate,pSTAT5,0.4127662605969937,0.5815061270063167,0.265489336664531,0.0,0.23819495406484892,-0.10776875487872183,0.23241020538747018,-0.13060917487982132,pSYK,p4EBP1
38,UPN55,Pervanadate,pSYK,0.0330554961886443,-0.4740653909217159,0.1058160690887642,0.0,0.07750882324060501,-0.18443347865534176,0.07407214363354164,-0.20682487548548556,pSYK,p4EBP1
38,UPN55,Pervanadate,pPLCγ2,0.4754933390325568,0.404085734563085,0.36872341842990003,0.0,0.34460094923047285,-0.09129486685862884,0.34007493314858334,-0.10842420930612286,pSYK,p4EBP1
38,UPN55,Pervanadate,pAKT,0.001994728218280259,-0.2573692181210143,0.022793883562390094,0.0,0.004587714244816594,-0.22528355044810267,0.002022515012782094,-0.25702538369809136,pSYK,p4EBP1
38,UPN55,Pervanadate,pERK1/2,0.0010864144760276413,-0.3302895024424457,0.030386897413968005,0.0,0.010603838646052553,-0.22300440068117752,0.0074021051193306035,-0.25909592093816836,pSYK,p4EBP1
38,UPN55,Pervanadate,pIKAROS,0.07717104794471753,-1.047626028731151,0.34123413698328803,0.0,0.3168045746126508,-0.09692019245541872,0.3087131403999005,-0.1290216009555853,pSYK,p4EBP1
38,UPN55,TSLP,pS6,0.09142712777902538,-0.9493478850199407,0.2999424334409723,0.0,0.27566643973216326,-0.1105260029284321,0.27566643973216326,-0.1105260029284321,pSYK,pSYK
38,UPN55,TSLP,p4EBP1,0.0002526386705591736,-0.2642455695239221,0.02835912327254757,0.0,0.004330552128135955,-0.2259067100284728,0.004330552128135955,-0.2259067100284728,pSYK,pSYK
38,UPN55,TSLP,pSTAT5,0.000519312822816079,-0.2216923609618408,0.03031815949361231,0.0,-0.0005011991564623577,-0.22928459137852333,-0.0005011991564623577,-0.22928459137852333,pSYK,pSYK
38,UPN55,TSLP,pSYK,0.0008421289018639119,-0.2126992072330729,0.017367305889324343,0.0,-0.0006084461560680252,-0.23136987957070132,-0.0006084461560680252,-0.23136987957070132,pSYK,pSYK
38,UPN55,TSLP,pPLCγ2,0.00015439029867505053,-0.34628668369004717,0.0014992930735924644,0.0,0.0006399206662740782,-0.2212719213128922,0.0006399206662740782,-0.2212719213128922,pSYK,pSYK
38,UPN55,TSLP,pAKT,0.0014035481697731865,-0.3069026210060653,0.012425821358378901,0.0,0.007215171862469417,-0.14508459009087968,0.007215171862469417,-0.14508459009087968,pSYK,pSYK
38,UPN55,TSLP,pERK1/2,0.0007579160116775208,-0.3014414481807404,0.01571217239448555,0.0,0.00475906081206354,-0.22078809758045304,0.00475906081206354,-0.22078809758045304,pSYK,pSYK
38,UPN55,TSLP,pIKAROS,0.1381793173141702,-0.8965764772989517,0.34947643057061795,0.0,0.3255487080061368,-0.10153017651789688,0.3255487080061368,-0.10153017651789688,pSYK,pSYK
38,UPN55,Tofacitinib,pS6,0.07726392837698869,-0.8616368387297187,0.25003330393252626,0.0,0.22751648109595457,-0.11229608247848373,0.22751648109595457,-0.11229608247848373,pSYK,pSYK
38,UPN55,Tofacitinib,p4EBP1,0.00013610791845623373,-0.2525286247707129,0.025153459685021085,0.0,0.0026626955461906236,-0.2270248981993344,0.0026626955461906236,-0.2270248981993344,pSYK,pSYK
38,UPN55,Tofacitinib,pSTAT5,0.00037807755126731597,-0.18823640994076024,0.011714544798105042,0.0,-0.0022060893113431523,-0.23114521762433218,-0.0022060893113431523,-0.23114521762433218,pSYK,pSYK
38,UPN55,Tofacitinib,pSYK,0.0004083237553687012,-0.22232188718805654,0.015320729792436186,0.0,-0.0001960924978279266,-0.23133283831987225,-0.0001960924978279266,-0.23133283831987225,pSYK,pSYK
38,UPN55,Tofacitinib,pPLCγ2,0.0001966003266590043,-0.3230295211701765,0.0015295201540031075,0.0,0.0006230358765585205,-0.21968401706100843,0.0006230358765585205,-0.21968401706100843,pSYK,pSYK
38,UPN55,Tofacitinib,pAKT,0.0013308329804609521,-0.30722870344351183,0.011314898272578732,0.0,0.007470830671204768,-0.11828928102580775,0.007470830671204768,-0.11828928102580775,pSYK,pSYK
38,UPN55,Tofacitinib,pERK1/2,0.0005444316738249349,-0.44692302344699997,0.008286432240866804,0.0,0.005017062231736993,-0.18873115761156967,0.005017062231736993,-0.18873115761156967,pSYK,pSYK
38,UPN55,Tofacitinib,pIKAROS,0.10561974472203739,-0.9732015859897281,0.33893491200937403,0.0,0.3151423029863191,-0.0992434615601063,0.3151423029863191,-0.0992434615601063,pSYK,pSYK
39,UPN56,BCR-Crosslink,pS6,0.18241718566657641,-0.6580055761341669,0.3373686490783152,0.0,0.31473544066921444,-0.0961125310538164,0.30918026683739996,-0.11970272683025449,pSYK,p4EBP1
39,UPN56,BCR-Crosslink,p4EBP1,0.0007446520444083401,-0.36678837659101193,0.04515577270979456,0.0,0.01891764497132797,-0.21669888383340274,0.014697863754424449,-0.25154976530020634,pSYK,p4EBP1
39,UPN56,BCR-Crosslink,pSTAT5,0.003294521166170232,-0.6755414666138502,0.12571225946627093,0.0,0.09832461790832128,-0.15113404153731633,0.09393713310167191,-0.1753456301697087,pSYK,p4EBP1
39,UPN56,BCR-Crosslink,pSYK,0.0017375214369527935,-0.529989840504118,0.05620070462426901,0.0,0.03689017074676608,-0.18791385612897127,0.03504214335802122,-0.20589730262785724,pSYK,p4EBP1
39,UPN56,BCR-Crosslink,pPLCγ2,0.00931943316183771,-0.9751798168467634,0.2177333345245886,0.0,0.19524274608947906,-0.10523466893291385,0.1919598430119453,-0.12059554841812085,pSYK,p4EBP1
39,UPN56,BCR-Crosslink,pAKT,0.002391912627493456,-0.36232191444315337,0.019265771735852987,0.0,0.011078467736309298,-0.17580090246060803,0.01010592794254329,-0.19668364645453407,pSYK,p4EBP1
39,UPN56,BCR-Crosslink,pERK1/2,0.0013539128080151638,-0.3924536300751702,0.02305297301836043,0.0,0.0114892655729945,-0.20914357212103987,0.010108953452345472,-0.2341081787507409,pSYK,p4EBP1
39,UPN56,BCR-Crosslink,pIKAROS,0.037999819478292264,-1.3521401280747471,0.36777286305968143,0.0,0.3447655883790641,-0.09433475518632851,0.33800260676171623,-0.1220644286943181,pSYK,p4EBP1
39,UPN56,BEZ-235,pS6,0.27323621355454303,0.30385933734159143,0.21235869157385517,0.0,0.1889394002946661,-0.1168932324702961,0.19367669904461288,-0.09324784724248379,pSYK,pSTAT5
39,UPN56,BEZ-235,p4EBP1,2.043193102180087e-05,-0.2313429003044398,0.004788419679744476,0.0,0.0001435016474531127,-0.22537155418542093,0.0008233899756663454,-0.19238335328785724,pSYK,pSTAT5
39,UPN56,BEZ-235,pSTAT5,0.0003473428273706148,-0.19592578412253353,0.010637262456066048,0.0,-0.0014226248656719967,-0.2296269519298948,0.00035073884299308654,-0.19586112209914225,pSYK,pSTAT5
39,UPN56,BEZ-235,pSYK,0.00024518317226161047,-0.22656703204178413,0.015014562233261126,0.0,4.254222713645332e-05,-0.2296756094110511,0.0023429388440786205,-0.19438678434488235,pSYK,pSTAT5
39,UPN56,BEZ-235,pPLCγ2,0.00016345544817440697,-0.38710188619019553,0.001463761940040124,0.0,0.0007824181317357667,-0.20283638895026387,0.0008931719278748838,-0.16986492902418043,pSYK,pSTAT5
39,UPN56,BEZ-235,pAKT,0.001430235171526061,-0.2959721603330837,0.01150145353052706,0.0,0.007617337728989223,-0.11414608479197474,0.008398177149231231,-0.09119883830756984,pSYK,pSTAT5
39,UPN56,BEZ-235,pERK1/2,0.0010011646200682425,-0.4083187814954381,0.0072933750917163875,0.0,0.004471256794442742,-0.18313499040932787,0.004974989801165449,-0.15044637510778447,pSYK,pSTAT5
39,UPN56,BEZ-235,pIKAROS,0.0516723535541344,-1.290975263567396,0.36117798089875175,0.0,0.33838106466032947,-0.09508794784093573,0.34202779253839377,-0.07987712429651997,pSYK,pSTAT5
39,UPN56,Dasatinib,pS6,0.1392915344369157,-0.22572518175145942,0.1768316672517269,0.0,0.15675364909572032,-0.12072717802654048,0.15675364909572032,-0.12072717802654048,pSYK,pSYK
39,UPN56,Dasatinib,p4EBP1,0.00017154129856763016,-0.28747363024932565,0.017724781931995587,0.0,0.004386372126239942,-0.21844633527734836,0.004386372126239942,-0.21844633527734836,pSYK,pSYK
39,UPN56,Dasatinib,pSTAT5,0.00047173857106098293,-0.19811292214023002,0.0070185707659930615,0.0,-0.0005713478896683761,-0.2296776393388732,-0.0005713478896683761,-0.2296776393388732,pSYK,pSYK
39,UPN56,Dasatinib,pSYK,0.00017154129856763016,-0.214266550447892,0.008695551488683752,0.0,-0.00043462534950819073,-0.22950365525923644,-0.00043462534950819073,-0.22950365525923644,pSYK,pSYK
39,UPN56,Dasatinib,pPLCγ2,8.577064928381508e-05,-0.35538916158658934,0.0009787159811331264,0.0,0.0004418820009461391,-0.21365807214056973,0.0004418820009461391,-0.21365807214056973,pSYK,pSYK
39,UPN56,Dasatinib,pAKT,0.002423020842267776,-0.2797469458269797,0.00930154779966,0.0,0.006344899554464952,-0.12024570400049542,0.006344899554464952,-0.12024570400049542,pSYK,pSYK
39,UPN56,Dasatinib,pERK1/2,0.0006861651942705207,-0.47022585009622453,0.006001322223629009,0.0,0.004124970250677106,-0.1659987083519011,0.004124970250677106,-0.1659987083519011,pSYK,pSYK
39,UPN56,Dasatinib,pIKAROS,0.04715241444377734,-1.1938669458037146,0.33357311180882426,0.0,0.31045500906042406,-0.09636153732924035,0.31045500906042406,-0.09636153732924035,pSYK,pSYK
39,UPN56,IL-7,pS6,0.33230264253264513,0.3157380781414943,0.26585668057840584,0.0,0.24285342177361532,-0.10930693923910564,0.24750622314326529,-0.08719774675816717,pSYK,pSTAT5
39,UPN56,IL-7,p4EBP1,0.0004281331018243227,-0.26786341420801746,0.026945250644772475,0.0,0.004795984094074394,-0.2237414436491502,0.008088076950491546,-0.19048627438041368,pSYK,pSTAT5
39,UPN56,IL-7,pSTAT5,0.0004994886187950432,-0.18759453686445793,0.01943568272800768,0.0,-0.0037146658996300014,-0.22934275514949323,-0.0003021752356738676,-0.1955363523439954,pSYK,pSTAT5
39,UPN56,IL-7,pSYK,0.00047570344647146967,-0.22511849284342253,0.015582593076903621,0.0,0.0001644791672511317,-0.22975626689144532,0.0025377932157334034,-0.19438982848428482,pSYK,pSTAT5
39,UPN56,IL-7,pPLCγ2,0.00011892586161786742,-0.4376722335269993,0.0014839283533538317,0.0,0.0008234264230235015,-0.21178229112895144,0.0009299545720503935,-0.17762527441991857,pSYK,pSTAT5
39,UPN56,IL-7,pAKT,0.0019979544751801727,-0.295682096389759,0.010683064900340804,0.0,0.006797330708834152,-0.13228870739853635,0.007558837334928358,-0.10636343246294877,pSYK,pSTAT5
39,UPN56,IL-7,pERK1/2,0.001379539994767262,-0.33364918199555005,0.010295016168655925,0.0,0.004744871853669584,-0.20770636077475432,0.005671974914826826,-0.17301082999798764,pSYK,pSTAT5
39,UPN56,IL-7,pIKAROS,0.05085269842780011,-1.2568797249609005,0.35227761065082985,0.0,0.32899047210763727,-0.09710256551600985,0.3327289494534516,-0.08151388592239053,pSYK,pSTAT5
39,UPN56,Pervanadate,pS6,0.3026263588034595,-0.37251539027583624,0.39530447597691504,0.0,0.37331940662694113,-0.08836796580382565,0.3672796275990281,-0.11264457726704634,pSYK,p4EBP1
39,UPN56,Pervanadate,p4EBP1,0.0003173847496627787,-0.23614473774472736,0.026403938148006123,0.0,0.0012616354020321963,-0.22759704578771994,-0.002200785426164909,-0.2589401077074449,pSYK,p4EBP1
39,UPN56,Pervanadate,pSTAT5,0.007418868523367452,-1.0658657517464467,0.27491602020112693,0.0,0.248326702734241,-0.10594745653369739,0.24370855233555958,-0.12434887993389285,pSYK,p4EBP1
39,UPN56,Pervanadate,pSYK,0.0010315004364040308,-0.6895598987120184,0.1065608131760256,0.0,0.07849175306428861,-0.18341158247990613,0.07601777010738608,-0.19957732252775598,pSYK,p4EBP1
39,UPN56,Pervanadate,pPLCγ2,0.02055066254066492,-1.385095839092569,0.3793034806738975,0.0,0.3559262139336834,-0.09025644748859529,0.35244422276600745,-0.10369994182322079,pSYK,p4EBP1
39,UPN56,Pervanadate,pAKT,0.003411886058874871,-0.23940063505030235,0.0227609264033065,0.0,0.004680339282958568,-0.22370639378708473,0.0027404496902132015,-0.24770814230606822,pSYK,p4EBP1
39,UPN56,Pervanadate,pERK1/2,0.0024994049035943823,-0.31395280778415274,0.03035403717146645,0.0,0.010707539849309076,-0.22143796184771355,0.008200029463670225,-0.24970040374780839,pSYK,p4EBP1
39,UPN56,Pervanadate,pIKAROS,0.03154010949773863,-1.2389735713720962,0.3422953215983341,0.0,0.31809231933621085,-0.09649678905762851,0.31101417446841517,-0.12471718274390733,pSYK,p4EBP1
39,UPN56,TSLP,pS6,0.32401849024242296,0.1328842256868502,0.2945333319883352,0.0,0.27013149755636556,-0.10997461318972095,0.27013149755636556,-0.10997461318972095,pSYK,pSYK
39,UPN56,TSLP,p4EBP1,0.00033466502123031226,-0.2634551809050987,0.02835721568299708,0.0,0.004496644029674691,-0.2243261613583889,0.004496644029674691,-0.2243261613583889,pSYK,pSYK
39,UPN56,TSLP,pSTAT5,0.0005019975318454684,-0.22182432697585433,0.03031856217479768,0.0,-0.00028510884331582956,-0.2276801102969496,-0.00028510884331582956,-0.2276801102969496,pSYK,pSYK
39,UPN56,TSLP,pSYK,0.0003974147127109958,-0.21856276153335824,0.01737764807976976,0.0,-0.0004717446238283428,-0.22975023232366368,-0.0004717446238283428,-0.22975023232366368,pSYK,pSYK
39,UPN56,TSLP,pPLCγ2,0.0002300822020958397,-0.3262933145886621,0.001497532796768725,0.0,0.0006440738691870126,-0.21971502756507358,0.0006440738691870126,-0.21971502756507358,pSYK,pSYK
39,UPN56,TSLP,pAKT,0.0014432429040557217,-0.305769197894415,0.012424898225023493,0.0,0.007250609240146723,-0.14407101173161288,0.007250609240146723,-0.14407101173161288,pSYK,pSYK
39,UPN56,TSLP,pERK1/2,0.001254993829613671,-0.29116796516313176,0.01570061244523122,0.0,0.004823481345912865,-0.21924101786663094,0.004823481345912865,-0.21924101786663094,pSYK,pSYK
39,UPN56,TSLP,pIKAROS,0.04379928465351712,-1.3203036525862504,0.3516713150510983,0.0,0.3280287380623407,-0.10139076522962222,0.3280287380623407,-0.10139076522962222,pSYK,pSYK
39,UPN56,Tofacitinib,pS6,0.30909711166704573,0.3190881348130229,0.24464183455368776,0.0,0.22198811558275747,-0.11214803902401459,0.22198811558275747,-0.11214803902401459,pSYK,pSYK
39,UPN56,Tofacitinib,p4EBP1,0.00020468501250852855,-0.2518192531411823,0.025151864868880332,0.0,0.0028183699950459287,-0.22543646342153442,0.0028183699950459287,-0.22543646342153442,pSYK,pSYK
39,UPN56,Tofacitinib,pSTAT5,0.0003866272458494428,-0.18809102540451525,0.011714345967998481,0.0,-0.0021088675632666525,-0.22952745131262983,-0.0021088675632666525,-0.22952745131262983,pSYK,pSYK
39,UPN56,Tofacitinib,pSYK,0.00022742779167614282,-0.22508472967335727,0.015324936675312756,0.0,-8.307345988121072e-05,-0.22971390994466517,-8.307345988121072e-05,-0.22971390994466517,pSYK,pSYK
39,UPN56,Tofacitinib,pPLCγ2,0.0001364566750056857,-0.3379829075313173,0.0015309188435764405,0.0,0.0006308499847575327,-0.21815427964876608,0.0006308499847575327,-0.21815427964876608,pSYK,pSYK
39,UPN56,Tofacitinib,pAKT,0.001842165112576757,-0.29109549258317363,0.011303006827645807,0.0,0.007485137916977221,-0.11746993181366691,0.007485137916977221,-0.11746993181366691,pSYK,pSYK
39,UPN56,Tofacitinib,pERK1/2,0.0010916534000454856,-0.4144646156718059,0.008273706154210511,0.0,0.005026482538770522,-0.18739200808477144,0.005026482538770522,-0.18739200808477144,pSYK,pSYK
39,UPN56,Tofacitinib,pIKAROS,0.04478053218103252,-1.2411749803509113,0.3403497774173044,0.0,0.31679876397491347,-0.09889705751772981,0.31679876397491347,-0.09889705751772981,pSYK,pSYK
40,UPN57,BCR-Crosslink,pS6,0.5244015265409969,0.8304578061258183,0.3294155248719334,0.0,0.30706650209363806,-0.09518591215086067,0.29978878862149066,-0.1261821575836463,pSYK,p4EBP1
40,UPN57,BCR-Crosslink,p4EBP1,0.00260205851740488,-0.35104541714421506,0.04511257721042255,0.0,0.01967764341881688,-0.21003782634099585,0.013731101225073573,-0.2591434700533876,pSYK,p4EBP1
40,UPN57,BCR-Crosslink,pSTAT5,0.009193940094830577,-0.6419016907396918,0.1255750636772323,0.0,0.09901830398002516,-0.14647417403678228,0.09283334142866898,-0.18058742021167615,pSYK,p4EBP1
40,UPN57,BCR-Crosslink,pSYK,0.0035272348791488377,-0.5120582028104272,0.056159083381427236,0.0,0.03743837537365993,-0.18213481704677584,0.034359242863129136,-0.2120918697520272,pSYK,p4EBP1
40,UPN57,BCR-Crosslink,pPLCγ2,0.022898114953162945,-0.9088717175938805,0.21741755122711592,0.0,0.19559493752048177,-0.10196387971227219,0.19085021636678345,-0.12413309296452776,pSYK,p4EBP1
40,UPN57,BCR-Crosslink,pAKT,0.002717705562622875,-0.3551424575448577,0.019258195155966256,0.0,0.011321709182696699,-0.1704050606791932,0.009821177475370577,-0.20262312261481108,pSYK,p4EBP1
40,UPN57,BCR-Crosslink,pERK1/2,0.008210940210477623,-0.26529430046303126,0.022893507264814792,0.0,0.011676532974086148,-0.20267568584960918,0.009546622140378528,-0.2411603188559458,pSYK,p4EBP1
40,UPN57,BCR-Crosslink,pIKAROS,0.04539146524806291,-1.3198555623675439,0.3676009643208496,0.0,0.3452804463586771,-0.09143076126580338,0.3369325379110896,-0.12562600824141898,pSYK,p4EBP1
40,UPN57,BEZ-235,pS6,0.45945287272284163,1.277164449112376,0.20802807159319708,0.0,0.1851101262757487,-0.11641645881646243,0.1889870758376323,-0.09672268903244519,pSYK,pSTAT5
40,UPN57,BEZ-235,p4EBP1,6.092731371473832e-05,-0.22932989814755778,0.0047874779266585945,0.0,0.0002852050138564353,-0.2184480550568669,0.0007833390464578264,-0.19427883815533484,pSYK,pSTAT5
40,UPN57,BEZ-235,pSTAT5,0.0005483458234326449,-0.19200617689893226,0.010632587967785535,0.0,-0.0010569781144629427,-0.22257189592743445,0.000244494681431345,-0.19779156912642007,pSYK,pSTAT5
40,UPN57,BEZ-235,pSYK,0.0005483458234326449,-0.22180275956582848,0.01500751193904785,0.0,0.0004950985992548847,-0.22261956885949122,0.002210734976111994,-0.1963018075338592,pSYK,pSTAT5
40,UPN57,BEZ-235,pPLCγ2,0.0003046365685736916,-0.3439689417833523,0.0014604786581703733,0.0,0.0007998761226119257,-0.19658979123586584,0.0008841394937455203,-0.17151371651874417,pSYK,pSTAT5
40,UPN57,BEZ-235,pAKT,0.0016450374702979345,-0.28950002558587856,0.011496458128230039,0.0,0.0077311846930256676,-0.11064868648683858,0.00836245773811069,-0.09209770089303577,pSYK,pSTAT5
40,UPN57,BEZ-235,pERK1/2,0.0034119295680253457,-0.24793648680240313,0.007237310790601106,0.0,0.004498900044886825,-0.17748608575466007,0.004893856633924189,-0.15188755232027232,pSYK,pSTAT5
40,UPN57,BEZ-235,pIKAROS,0.03290074940595869,-1.3745090661540327,0.36161452983243025,0.0,0.3395297265265325,-0.0923470939636349,0.34229574636583615,-0.08078104601349355,pSYK,pSTAT5
40,UPN57,Dasatinib,pS6,0.18285966071821988,0.042313894108369283,0.1758184550126268,0.0,0.15630485890581355,-0.11726631401796751,0.15630485890581355,-0.11726631401796751,pSYK,pSYK
40,UPN57,Dasatinib,p4EBP1,0.0004406256884776382,-0.2829558177794741,0.01771852415548605,0.0,0.00478941257426024,-0.21173682364283788,0.00478941257426024,-0.21173682364283788,pSYK,pSYK
40,UPN57,Dasatinib,pSTAT5,0.0004406256884776382,-0.1990772071237665,0.007019294321401976,0.0,-0.00033737714511595813,-0.2226203645448664,-0.00033737714511595813,-0.2226203645448664,pSYK,pSYK
40,UPN57,Dasatinib,pSYK,0.0004406256884776382,-0.20733828376329513,0.008689293712174218,0.0,-0.00016068994734221367,-0.22245293640451638,-0.00016068994734221367,-0.22245293640451638,pSYK,pSYK
40,UPN57,Dasatinib,pPLCγ2,0.0002203128442388191,-0.30047092373187795,0.0009755870928783591,0.0,0.00045507240854191194,-0.2070764736124638,0.00045507240854191194,-0.2070764736124638,pSYK,pSYK
40,UPN57,Dasatinib,pAKT,0.002129690827641918,-0.29197770070703694,0.009308369427907113,0.0,0.0064427574816226145,-0.11655275765707852,0.0064427574816226145,-0.11655275765707852,pSYK,pSYK
40,UPN57,Dasatinib,pERK1/2,0.002129690827641918,-0.3391316058357496,0.0059677518600622335,0.0,0.004147202517169674,-0.16086399276694946,0.004147202517169674,-0.16086399276694946,pSYK,pSYK
40,UPN57,Dasatinib,pIKAROS,0.025923478005434382,-1.2877781981894783,0.3340668080050648,0.0,0.31167446496969875,-0.09358103311001066,0.31167446496969875,-0.09358103311001066,pSYK,pSYK
40,UPN57,IL-7,pS6,0.5345582223077293,1.3238581907214366,0.2611530624441015,0.0,0.23861950394203135,-0.10910999632905913,0.24243182143302708,-0.0906503310520663,pSYK,pSTAT5
40,UPN57,IL-7,p4EBP1,0.0005290750805637055,-0.2668183009629543,0.026942903156894814,0.0,0.005473809608556424,-0.21686924921402922,0.007899851181719111,-0.1923626805808819,pSYK,pSTAT5
40,UPN57,IL-7,pSTAT5,0.0013467365687076138,-0.17899938276562036,0.019415979287312042,0.0,-0.003024013013968683,-0.2222973499082398,-0.0005172102225073985,-0.19746420336332687,pSYK,pSTAT5
40,UPN57,IL-7,pSYK,0.0012024433649175123,-0.21402485507017832,0.015565692148567666,0.0,0.000620390261289086,-0.22269795076208232,0.002391664278798635,-0.19630443279151122,pSYK,pSTAT5
40,UPN57,IL-7,pPLCγ2,0.00019239093838680199,-0.41347001283994783,0.0014822198631964146,0.0,0.000841896218573069,-0.20526336514217686,0.0009227247550959122,-0.1793528157731067,pSYK,pSTAT5
40,UPN57,IL-7,pAKT,0.0019239093838680197,-0.29826688102782994,0.010684786879208529,0.0,0.006918338922744164,-0.1282299273247179,0.007529886433267584,-0.1074095964091028,pSYK,pSTAT5
40,UPN57,IL-7,pERK1/2,0.006445096435957866,-0.13952025238946283,0.010177212530488703,0.0,0.004791434173045062,-0.20134024149072052,0.005503908041888796,-0.17470534282086256,pSYK,pSTAT5
40,UPN57,IL-7,pIKAROS,0.06199797989514694,-1.2076787332689956,0.352018418058566,0.0,0.32942322692019615,-0.0940889958816673,0.332269177642413,-0.08223812707766907,pSYK,pSTAT5
40,UPN57,Pervanadate,pS6,0.5099935145333412,0.4808859764659686,0.3904819839831969,0.0,0.36892337663300334,-0.0867467088666762,0.36125376868435033,-0.1176073872507728,pSYK,p4EBP1
40,UPN57,Pervanadate,p4EBP1,0.0005306290902659041,-0.23416695125667714,0.026398978977294422,0.0,0.002028791502516225,-0.2206052000782642,-0.003071241201222541,-0.2667720068038338,pSYK,p4EBP1
40,UPN57,Pervanadate,pSTAT5,0.07464182536407052,-0.7871318932786484,0.2733526956234362,0.0,0.24749152160367266,-0.10244107351558267,0.2410968244773062,-0.12777169609023328,pSYK,p4EBP1
40,UPN57,Pervanadate,pSYK,0.007075054536878722,-0.6487429746105416,0.10642026540624712,0.0,0.07920349571451468,-0.17773064221809115,0.07494685840087281,-0.20552728715471896,pSYK,p4EBP1
40,UPN57,Pervanadate,pPLCγ2,0.06579800719297212,-1.1998900188372688,0.37825121684477403,0.0,0.3555260499696011,-0.08726970972811735,0.35051784228285543,-0.10650234434335133,pSYK,p4EBP1
40,UPN57,Pervanadate,pAKT,0.002240433936678262,-0.2542534354827643,0.02278816947591572,0.0,0.005264385882564761,-0.21683567869354273,0.0021642719835385203,-0.255195847759868,pSYK,p4EBP1
40,UPN57,Pervanadate,pERK1/2,0.006072755144154236,-0.2726638272866241,0.030270936003081336,0.0,0.011223457141049897,-0.21462598849725412,0.0074410891127218055,-0.25724551220537745,pSYK,p4EBP1
40,UPN57,Pervanadate,pIKAROS,0.03832321207475974,-1.2103461386787506,0.34213757502677544,0.0,0.3186595296008732,-0.09353264720224298,0.30991260442151364,-0.12837894944181766,pSYK,p4EBP1
40,UPN57,TSLP,pS6,0.4826072715361939,0.8716635653645609,0.29084522079545677,0.0,0.26700662111141643,-0.1083594940376534,0.26700662111141643,-0.1083594940376534,pSYK,pSYK
40,UPN57,TSLP,p4EBP1,0.00045856534556174255,-0.26226132524242524,0.028354334280105652,0.0,0.005226489376383137,-0.21743581504005272,0.005226489376383137,-0.21743581504005272,pSYK,pSYK
40,UPN57,TSLP,pSTAT5,0.0006550933508024893,-0.22065753840397764,0.030315001806914953,0.0,0.0006513612821653497,-0.22068530346197993,0.0006513612821653497,-0.22068530346197993,pSYK,pSYK
40,UPN57,TSLP,pSYK,0.0011791680314444809,-0.20825568845486056,0.01735946777003177,0.0,5.753419609795529e-05,-0.2226921717307106,5.753419609795529e-05,-0.2226921717307106,pSYK,pSYK
40,UPN57,TSLP,pPLCγ2,0.00045856534556174255,-0.2659942188004141,0.0014922192352927741,0.0,0.0006646929943296786,-0.21295058064271283,0.0006646929943296786,-0.21295058064271283,pSYK,pSYK
40,UPN57,TSLP,pAKT,0.0018997707173272192,-0.2927356776053512,0.01241428129913346,0.0,0.007398197221346199,-0.13965336379776788,0.007398197221346199,-0.13965336379776788,pSYK,pSYK
40,UPN57,TSLP,pERK1/2,0.0043891254503766785,-0.2264386987837993,0.01562772566335301,0.0,0.005080899321478191,-0.21250063067421449,0.005080899321478191,-0.21250063067421449,pSYK,pSYK
40,UPN57,TSLP,pIKAROS,0.03845397969210612,-1.3447379911144999,0.35179562446880547,0.0,0.32887528106921843,-0.0983650180325699,0.32887528106921843,-0.0983650180325699,pSYK,pSYK
40,UPN57,Tofacitinib,pS6,0.4739381029946122,1.1709982886791699,0.2408083231274653,0.0,0.21865792808216622,-0.11126023756550567,0.21865792808216622,-0.11126023756550567,pSYK,pSYK
40,UPN57,Tofacitinib,p4EBP1,0.0008770830722967047,-0.24486433188165857,0.02513622770469921,0.0,0.0034879511507685187,-0.2185110338839939,0.0034879511507685187,-0.2185110338839939,pSYK,pSYK
40,UPN57,Tofacitinib,pSTAT5,0.0003758927452700163,-0.18827356183948513,0.01171459560754684,0.0,-0.0016838468688419352,-0.22247452100747891,-0.0016838468688419352,-0.22247452100747891,pSYK,pSYK
40,UPN57,Tofacitinib,pSYK,0.001440922190201729,-0.20655312711292034,0.015296715875347046,0.0,0.0003606290786123574,-0.22265743159867174,0.0003606290786123574,-0.22265743159867174,pSYK,pSYK
40,UPN57,Tofacitinib,pPLCγ2,0.0001252975817566721,-0.340757940662314,0.001531178357372929,0.0,0.0006587558373069675,-0.21145811684834429,0.0006587558373069675,-0.21145811684834429,pSYK,pSYK
40,UPN57,Tofacitinib,pAKT,0.0017541661445934094,-0.29387159328945023,0.011305053315273327,0.0,0.007604371304458717,-0.11386641883010291,0.007604371304458717,-0.11386641883010291,pSYK,pSYK
40,UPN57,Tofacitinib,pERK1/2,0.005325147224658564,-0.16419872439926192,0.008175252809452065,0.0,0.005022614064327645,-0.18162809939500035,0.005022614064327645,-0.18162809939500035,pSYK,pSYK
40,UPN57,Tofacitinib,pIKAROS,0.04354090966044356,-1.2466937558632936,0.34037860584801577,0.0,0.3175425843644781,-0.09590940018041551,0.3175425843644781,-0.09590940018041551,pSYK,pSYK
41,UPN58,BCR-Crosslink,pS6,0.17875325263038805,-0.6740927287137018,0.3374538568233429,0.0,0.32010298528879344,-0.0736991292362361,0.3085872942632081,-0.12261289125961544,pSYK,p4EBP1
41,UPN58,BCR-Crosslink,p4EBP1,0.0010464984726779047,-0.36422957076898144,0.0451487530254162,0.0,0.02506091081095643,-0.16590050149700164,0.01394585822954975,-0.2576969611532586,pSYK,p4EBP1
41,UPN58,BCR-Crosslink,pSTAT5,0.017535920352981106,-0.594418850613706,0.1253810641363451,0.0,0.10438598187808837,-0.11572030252527973,0.09280792130890408,-0.17953604067010695,pSYK,p4EBP1
41,UPN58,BCR-Crosslink,pSYK,0.006759814458649168,-0.47969874118490585,0.05608390711213653,0.0,0.041291429777941396,-0.14386342200089017,0.0344005185346032,-0.21088059902771444,pSYK,p4EBP1
41,UPN58,BCR-Crosslink,pPLCγ2,0.020420862088471547,-0.9209478077080206,0.21747516175885295,0.0,0.2002106370408195,-0.08068703000538319,0.19105950543541658,-0.12345551871200208,pSYK,p4EBP1
41,UPN58,BCR-Crosslink,pAKT,0.005402194818418373,-0.2960308179623538,0.019195765173273337,0.0,0.012924757865066683,-0.13458527235067225,0.009807017054726854,-0.20149669111576804,pSYK,p4EBP1
41,UPN58,BCR-Crosslink,pERK1/2,0.003620319040615454,-0.35038266301736304,0.023000265896672048,0.0,0.014145069960183453,-0.16009884633908333,0.009736093261608712,-0.23981160346387037,pSYK,p4EBP1
41,UPN58,BCR-Crosslink,pIKAROS,0.18144020816834483,-0.7395189639434825,0.36443704006688954,0.0,0.3466522043600833,-0.07187131678374703,0.33370492349782305,-0.12419331399980978,pSYK,p4EBP1
41,UPN58,BEZ-235,pS6,0.08018482317398258,-0.6851105988919507,0.21684825879200775,0.0,0.19908400191558012,-0.0890544029750307,0.1988978727130996,-0.08998749154262045,pSYK,pSTAT5
41,UPN58,BEZ-235,p4EBP1,0.00031988626266216455,-0.21645870544594847,0.004781455625520282,0.0,0.001225822027030421,-0.17250608097151537,0.0009356324804364498,-0.18658499547021065,pSYK,pSTAT5
41,UPN58,BEZ-235,pSTAT5,0.0013506308867958059,-0.17636343086612627,0.010613930175614298,0.0,0.0013825151085636693,-0.17575638897250373,0.0006365246638911654,-0.18995925882629322,pSYK,pSTAT5
41,UPN58,BEZ-235,pSYK,0.0017416029856051182,-0.20305377997121354,0.014979761772485696,0.0,0.003518584684815437,-0.1757975084025486,0.0026886510751662363,-0.18852746271699852,pSYK,pSTAT5
41,UPN58,BEZ-235,pPLCγ2,0.00031988626266216455,-0.3393126955121373,0.0014601240141218041,0.0,0.000938346299245763,-0.15527095350606773,0.0009065746445634565,-0.16472558327721318,pSYK,pSTAT5
41,UPN58,BEZ-235,pAKT,0.0032699484627687933,-0.24056640495844803,0.011458669500498158,0.0,0.00848289573239821,-0.08742161249151081,0.008447140676357297,-0.0884720164863739,pSYK,pSTAT5
41,UPN58,BEZ-235,pERK1/2,0.002203660920561578,-0.32824618116893717,0.0072654100614723575,0.0,0.005103600996562445,-0.14018979412428717,0.005015747771907102,-0.14588693254298493,pSYK,pSTAT5
41,UPN58,BEZ-235,pIKAROS,0.09461524791185356,-1.1020685644360875,0.36017930893694433,0.0,0.3426343831964982,-0.07280996927549012,0.3415615643925184,-0.07726207727021746,pSYK,pSTAT5
41,UPN58,Dasatinib,pS6,0.06713514870121721,-0.6728033950160288,0.17850972273395244,0.0,0.16319088085200328,-0.09253969243338989,0.16319088085200328,-0.09253969243338989,pSYK,pSYK
41,UPN58,Dasatinib,p4EBP1,0.0004078303425774878,-0.28350641602933796,0.017719286837948846,0.0,0.007508487143661523,-0.1672203160314594,0.007508487143661523,-0.1672203160314594,pSYK,pSYK
41,UPN58,Dasatinib,pSTAT5,0.0005019450370184465,-0.1971767421184632,0.007017868290040562,0.0,0.0012084850261442955,-0.1757963102406575,0.0012084850261442955,-0.1757963102406575,pSYK,pSYK
41,UPN58,Dasatinib,pSYK,0.0007529175555276697,-0.19929839843399558,0.008682031110614913,0.0,0.0016931746288633637,-0.17566502157160835,0.0016931746288633637,-0.17566502157160835,pSYK,pSYK
41,UPN58,Dasatinib,pPLCγ2,0.00021960095369557032,-0.3007613312936739,0.0009756036484723878,0.0,0.0005645138677395081,-0.16354427118933174,0.0005645138677395081,-0.16354427118933174,pSYK,pSYK
41,UPN58,Dasatinib,pAKT,0.003043041786924332,-0.25390384832541196,0.009287128707923802,0.0,0.007022677025781096,-0.09207959525825352,0.007022677025781096,-0.09207959525825352,pSYK,pSYK
41,UPN58,Dasatinib,pERK1/2,0.0024469820554649264,-0.3103764281235687,0.005960372994298907,0.0,0.004522080242388182,-0.12706020329244197,0.004522080242388182,-0.12706020329244197,pSYK,pSYK
41,UPN58,Dasatinib,pIKAROS,0.10569080185719663,-0.9383812035521676,0.3322117539620006,0.0,0.3144146154406625,-0.0737260730641424,0.3144146154406625,-0.0737260730641424,pSYK,pSYK
41,UPN58,IL-7,pS6,0.12008120599542137,-0.7196157449483988,0.2707920628234575,0.0,0.25336159510584,-0.08322717603367102,0.2531798959242032,-0.08409475514974792,pSYK,pSTAT5
41,UPN58,IL-7,p4EBP1,0.00017277871366247678,-0.27050734356146033,0.026951189118915773,0.0,0.009996578454569784,-0.17127031151301297,0.008662294930285558,-0.18474883717042623,pSYK,pSTAT5
41,UPN58,IL-7,pSTAT5,0.0016845924582091487,-0.1755721647982529,0.019408122173602705,0.0,0.0016880829717743281,-0.17553758720379303,0.00026406187441844337,-0.18964417154652732,pSYK,pSTAT5
41,UPN58,IL-7,pSYK,0.002246123277612198,-0.19809633685672284,0.015541420522691045,0.0,0.0037386084771789483,-0.17585871061963493,0.002888143558362335,-0.18853040813321106,pSYK,pSTAT5
41,UPN58,IL-7,pPLCγ2,0.00021597339207809598,-0.4057046617291592,0.001481671434040803,0.0,0.000975871861452486,-0.16212812037023183,0.0009442866675052648,-0.17225238382104371,pSYK,pSTAT5
41,UPN58,IL-7,pAKT,0.0034123795948339166,-0.24633200719864595,0.010650171292906997,0.0,0.00767378139010092,-0.10129886705073297,0.007618726365950003,-0.10317261738387337,pSYK,pSTAT5
41,UPN58,IL-7,pERK1/2,0.003282795559587059,-0.2606347460543727,0.010250754411334537,0.0,0.006000321879028188,-0.15898635845145445,0.0057652739383249295,-0.16777826747950983,pSYK,pSTAT5
41,UPN58,IL-7,pIKAROS,0.07256705973824025,-1.161203141375032,0.3517726255040754,0.0,0.3338700921064863,-0.0744558152443379,0.3327869516457389,-0.07896054673892845,pSYK,pSTAT5
41,UPN58,Pervanadate,pS6,0.16861736827967305,-0.9314594135781797,0.39842096412863104,0.0,0.3816764198434053,-0.06787040621767088,0.36994265671092597,-0.11543068953729328,pSYK,p4EBP1
41,UPN58,Pervanadate,p4EBP1,0.0004988679534901569,-0.2344615235822067,0.02639971760838223,0.0,0.007154566439289526,-0.1742123337572867,-0.002905112324129388,-0.26527527729177736,pSYK,p4EBP1
41,UPN58,Pervanadate,pSTAT5,0.06884377758164166,-0.8109875584170696,0.27348753394395786,0.0,0.2530362303308544,-0.08104695241360002,0.24142094953343293,-0.12707742205349412,pSYK,p4EBP1
41,UPN58,Pervanadate,pSYK,0.011090218350665797,-0.6216669164397562,0.1063268895036009,0.0,0.08481721821694735,-0.14040653521933363,0.07502250548299236,-0.20434250430578949,pSYK,p4EBP1
41,UPN58,Pervanadate,pPLCγ2,0.053762615603054606,-1.2488661047053524,0.3785311096724466,0.0,0.3605383849994649,-0.06918929756339401,0.3509712207746819,-0.10597891027726836,pSYK,p4EBP1
41,UPN58,Pervanadate,pAKT,0.003914194711999693,-0.23303302214722182,0.0227492448067222,0.0,0.008909070920868147,-0.17123488026014436,0.0022381637934271517,-0.2537693912146224,pSYK,p4EBP1
41,UPN58,Pervanadate,pERK1/2,0.003683947964235005,-0.3002618807377174,0.030326489658428293,0.0,0.015285669186093266,-0.16951029277533142,0.007628775676195149,-0.25580360789066486,pSYK,p4EBP1
41,UPN58,Pervanadate,pIKAROS,0.08699489619709122,-1.0067855065012876,0.34100567539602356,0.0,0.32237524757098335,-0.07384271160980577,0.3088755552022493,-0.1273494748343035,pSYK,p4EBP1
41,UPN58,TSLP,pS6,0.12021903607407097,-0.8129772687537444,0.29927285417829685,0.0,0.28075774598118597,-0.0840661330327254,0.28075774598118597,-0.0840661330327254,pSYK,pSYK
41,UPN58,TSLP,p4EBP1,0.00025080466496676837,-0.26426324174645127,0.028359165923840423,0.0,0.010094580418056283,-0.17171611430709127,0.010094580418056283,-0.17171611430709127,pSYK,pSYK
41,UPN58,TSLP,pSTAT5,0.001045019437361535,-0.21768589058146431,0.030305933758390326,0.0,0.0068805741461141386,-0.1742724172403823,0.0068805741461141386,-0.1742724172403823,pSYK,pSYK
41,UPN58,TSLP,pSYK,0.0042636793044350625,-0.16760208338368143,0.017287734949729665,0.0,0.003622507217845924,-0.17585310598727621,0.003622507217845924,-0.17585310598727621,pSYK,pSYK
41,UPN58,TSLP,pPLCγ2,0.0005434101074279982,-0.24362075844219244,0.0014902461012958842,0.0,0.0008366545905529199,-0.16816899715453448,0.0008366545905529199,-0.16816899715453448,pSYK,pSYK
41,UPN58,TSLP,pAKT,0.0034276637545458347,-0.2491398077197039,0.012378748902919071,0.0,0.008415407933472908,-0.11031355312656098,0.008415407933472908,-0.11031355312656098,pSYK,pSYK
41,UPN58,TSLP,pERK1/2,0.002299042762195377,-0.2695966952913981,0.015676332237496763,0.0,0.007349027155092874,-0.1678227816662219,0.007349027155092874,-0.1678227816662219,pSYK,pSYK
41,UPN58,TSLP,pIKAROS,0.10588136939347072,-1.040096355803391,0.3502275456385412,0.0,0.3320216924558749,-0.0774959602011158,0.3320216924558749,-0.0774959602011158,pSYK,pSYK
41,UPN58,Tofacitinib,pS6,0.08380986418870622,-0.827688276876221,0.24988107286713748,0.0,0.2327273157547819,-0.08549322775009577,0.2327273157547819,-0.08549322775009577,pSYK,pSYK
41,UPN58,Tofacitinib,p4EBP1,0.00040207290922087205,-0.2497774926800252,0.025147274452677715,0.0,0.008051702329070595,-0.1725623100489243,0.008051702329070595,-0.1725623100489243,pSYK,pSYK
41,UPN58,Tofacitinib,pSTAT5,0.001072194424588992,-0.17643408180998482,0.011698402545237097,0.0,0.0011176714326596813,-0.17567899645203608,0.0011176714326596813,-0.17567899645203608,pSYK,pSYK
41,UPN58,Tofacitinib,pSYK,0.0020997140814867764,-0.1964946367856125,0.015281395133689254,0.0,0.003486241251380166,-0.17582616881383867,0.003486241251380166,-0.17582616881383867,pSYK,pSYK
41,UPN58,Tofacitinib,pPLCγ2,0.000134024303073624,-0.3385877720698278,0.0015309754103655581,0.0,0.0008419231050158584,-0.16700991444160662,0.0008419231050158584,-0.16700991444160662,pSYK,pSYK
41,UPN58,Tofacitinib,pAKT,0.0037080057183702646,-0.23226828610543426,0.011259615185650608,0.0,0.008334650379242442,-0.0899644725335367,0.008334650379242442,-0.0899644725335367,pSYK,pSYK
41,UPN58,Tofacitinib,pERK1/2,0.0020103645461043602,-0.36003832829991744,0.008252340778720769,0.0,0.005765248294505934,-0.1434559484006011,0.005765248294505934,-0.1434559484006011,pSYK,pSYK
41,UPN58,Tofacitinib,pIKAROS,0.06728020014295925,-1.1414367440369704,0.3398265293251666,0.0,0.32172279136877724,-0.0758192993090169,0.32172279136877724,-0.0758192993090169,pSYK,pSYK
42,UPN67,BCR-Crosslink,pS6,0.2682711024597416,-0.283786899245776,0.3353720463621951,0.0,0.32755955000820897,-0.03304102724530515,0.30767368937025535,-0.11714337217628501,pSYK,p4EBP1
42,UPN67,BCR-Crosslink,p4EBP1,0.012210228278180853,-0.26969930019652527,0.044889131402032406,0.0,0.03588300639136866,-0.0743276358956371,0.01509176950525714,-0.2459179128750308,pSYK,p4EBP1
42,UPN67,BCR-Crosslink,pSTAT5,0.004070076092726951,-0.671116122773279,0.1256942233051882,0.0,0.11627403602779736,-0.051980134753643555,0.09462301697000881,-0.17144940378597504,pSYK,p4EBP1
42,UPN67,BCR-Crosslink,pSYK,0.017165103521500618,-0.3757620487017425,0.05584192364555859,0.0,0.04920656771688106,-0.06446535494975232,0.035129774216513865,-0.20122749692220288,pSYK,p4EBP1
42,UPN67,BCR-Crosslink,pPLCγ2,0.02512829587683596,-0.8980078141902852,0.21736568655447236,0.0,0.2095976079085484,-0.036287401221452055,0.19213569877296396,-0.11785806132644143,pSYK,p4EBP1
42,UPN67,BCR-Crosslink,pAKT,0.13148115377809239,2.666787696773882,0.01626369636025766,0.0,0.01343393975269244,-0.06549667277027948,0.007106426115316382,-0.21195134984347314,pSYK,p4EBP1
42,UPN67,BCR-Crosslink,pERK1/2,0.01026367014687666,-0.22729222700090104,0.02284576935931714,0.0,0.01887541139957621,-0.07172344514403411,0.010176074969838831,-0.22887461023658404,pSYK,p4EBP1
42,UPN67,BCR-Crosslink,pIKAROS,0.19660237126172359,-0.6761231702217795,0.3640844316228575,0.0,0.3560842867171983,-0.03229649387035569,0.33471998806086234,-0.11854392422761258,pSYK,p4EBP1
42,UPN67,BEZ-235,pS6,0.4012738853503185,0.9671271182468925,0.2093810712995348,0.0,0.20135294979363755,-0.04046120254862452,0.19041085619990517,-0.09560863210319652,pSYK,pSTAT5
42,UPN67,BEZ-235,p4EBP1,0.0011875202418223038,-0.17335153937443812,0.0047612780911212085,0.0,0.003167918911236655,-0.07728874709951777,0.0007595035540202315,-0.19411325710609514,pSYK,pSTAT5
42,UPN67,BEZ-235,pSTAT5,0.002267084098024398,-0.1584983309986298,0.01059261731023689,0.0,0.006456426953873113,-0.07874321697673799,0.00021178383174105114,-0.19762635482647298,pSYK,pSTAT5
42,UPN67,BEZ-235,pSYK,0.020835582424700422,0.09659480387264657,0.014535715739018363,0.0,0.009397486729435458,-0.07878360736766427,0.0017309149301229301,-0.19633387252061338,pSYK,pSTAT5
42,UPN67,BEZ-235,pPLCγ2,0.010039943862679477,2.8542294234852954,0.001234076162958611,0.0,0.000998742778463199,-0.07627816965459007,0.0006491384435031861,-0.18959476870507413,pSYK,pSTAT5
42,UPN67,BEZ-235,pAKT,0.17197452229299362,7.135695801239096,0.007535307318399908,0.0,0.006176024882550991,-0.058984871532521924,0.004244938504741259,-0.14278267463013403,pSYK,pSTAT5
42,UPN67,BEZ-235,pERK1/2,0.01532980675806974,0.5439422243628538,0.006960150855948911,0.0,0.005989102254745252,-0.06310824988268803,0.004607567479354327,-0.15289391222638787,pSYK,pSTAT5
42,UPN67,BEZ-235,pIKAROS,0.2630897117564504,-0.3819504621658795,0.3562612981498607,0.0,0.34833103138730626,-0.03250957907131453,0.33674383029689947,-0.08001050701518878,pSYK,pSTAT5
42,UPN67,Dasatinib,pS6,0.1821239788563191,0.03778986357883275,0.17583556389313612,0.0,0.1689378171926672,-0.0414516071757651,0.1689378171926672,-0.0414516071757651,pSYK,pSYK
42,UPN67,Dasatinib,p4EBP1,0.002402691013935608,-0.25002532870755867,0.017672894729312612,0.0,0.013096475121733798,-0.07493160130774064,0.013096475121733798,-0.07493160130774064,pSYK,pSYK
42,UPN67,Dasatinib,pSTAT5,0.000600672753483902,-0.19411698711201533,0.007015572296634388,0.0,0.004412591847000722,-0.07876705145505863,0.004412591847000722,-0.07876705145505863,pSYK,pSYK
42,UPN67,Dasatinib,pSYK,0.009851033157135992,0.034685515814295416,0.00847044702685658,0.0,0.005337634921463271,-0.07870802222447633,0.005337634921463271,-0.07870802222447633,pSYK,pSYK
42,UPN67,Dasatinib,pPLCγ2,0.006246996636232581,2.2766184661571214,0.0008354316558552482,0.0,0.0006502889132458264,-0.0778886307801842,0.0006502889132458264,-0.0778886307801842,pSYK,pSYK
42,UPN67,Dasatinib,pAKT,0.10800096107640557,5.275913791589557,0.006846246863982378,0.0,0.0058153638466810036,-0.05376763674181597,0.0058153638466810036,-0.05376763674181597,pSYK,pSYK
42,UPN67,Dasatinib,pERK1/2,0.006607400288322921,0.06563613871797752,0.00586361908190686,0.0,0.005218215719283909,-0.05695463164805019,0.005218215719283909,-0.05695463164805019,pSYK,pSYK
42,UPN67,Dasatinib,pIKAROS,0.10884190293128304,-0.924756192947177,0.33213847254167295,0.0,0.3241268152687516,-0.03317932600501352,0.3241268152687516,-0.03317932600501352,pSYK,pSYK
42,UPN67,IL-7,pS6,0.3465113794208783,0.3850422294119832,0.26552624483681897,0.0,0.2576591745379704,-0.03740383099154236,0.2469967867643733,-0.08809794393321525,pSYK,pSTAT5
42,UPN67,IL-7,p4EBP1,0.0037397157816005983,-0.23358676715069318,0.026868237094080004,0.0,0.019269595621861944,-0.07674256699129739,0.007838431402293268,-0.19219174157285557,pSYK,pSTAT5
42,UPN67,IL-7,pSTAT5,0.005983545250560957,-0.13197508774225786,0.019308146527268942,0.0,0.011368210426145732,-0.07864203527391007,-0.0006123615572819173,-0.19730502607418268,pSYK,pSTAT5
42,UPN67,IL-7,pSYK,0.013035580724436372,-0.033582843352007695,0.015290502907648624,0.0,0.010000493168292782,-0.07878478899626846,0.002116667111051747,-0.19619961486739282,pSYK,pSTAT5
42,UPN67,IL-7,pPLCγ2,0.006838337429212523,1.8304427878097367,0.0013276629680609325,0.0,0.0010999236825746704,-0.07564659018746629,0.0007624393658715855,-0.1877464316611297,pSYK,pSTAT5
42,UPN67,IL-7,pAKT,0.12309007372582541,4.888233950082105,0.007866969103814172,0.0,0.006514869992827998,-0.057361557821935735,0.004601622974127713,-0.13852929811486223,pSYK,pSTAT5
42,UPN67,IL-7,pERK1/2,0.009830110054493002,-0.01003081964217875,0.010098491283546025,0.0,0.00819266540358527,-0.07123074791309673,0.005426014746815805,-0.17463505025157017,pSYK,pSTAT5
42,UPN67,IL-7,pIKAROS,0.15728176087188803,-0.7941765197698958,0.34980251617538594,0.0,0.34172210271782844,-0.03333289768112721,0.329980950799353,-0.08176688161187191,pSYK,pSTAT5
42,UPN67,Pervanadate,pS6,0.2596706242818843,-0.5502327069603031,0.39630344654718425,0.0,0.38874954952292967,-0.03042022508826237,0.36896803079304163,-0.1100821863803883,pSYK,p4EBP1
42,UPN67,Pervanadate,p4EBP1,0.0017234775947912676,-0.22310475010776337,0.026371238314398485,0.0,0.01774725693091552,-0.07806190726143301,-0.0015979853791289363,-0.25316971930389665,pSYK,p4EBP1
42,UPN67,Pervanadate,pSTAT5,0.020873228648027577,-1.0096715068662248,0.27460312810520465,0.0,0.2654142873808997,-0.03656530302621483,0.24406209930676154,-0.12153241156891405,pSYK,p4EBP1
42,UPN67,Pervanadate,pSYK,0.018383761011106857,-0.5725628508242131,0.10615727223242784,0.0,0.09650579000700063,-0.0629584039737889,0.07626537516959131,-0.19499037421080426,pSYK,p4EBP1
42,UPN67,Pervanadate,pPLCγ2,0.05323630792799693,-1.2510123869895708,0.37854334938582007,0.0,0.3704270630056869,-0.03121228102656294,0.35222029696860657,-0.1012288713141162,pSYK,p4EBP1
42,UPN67,Pervanadate,pAKT,0.08617387973956339,0.8140721767016155,0.020836228875848625,0.0,0.014622145785891856,-0.07742415101206462,0.001132956701454961,-0.24549223082124558,pSYK,p4EBP1
42,UPN67,Pervanadate,pERK1/2,0.007085407889697434,-0.2609690313944742,0.030247385939231493,0.0,0.023505906563535454,-0.07595712849216744,0.008579845557380054,-0.24413100703487528,pSYK,p4EBP1
42,UPN67,Pervanadate,pIKAROS,0.12160091918805055,-0.8637947094055123,0.34020088416367567,0.0,0.33180643300320634,-0.03317055655331364,0.30946684106886835,-0.12144514216594585,pSYK,p4EBP1
42,UPN67,TSLP,pS6,0.49893048128342243,0.9491134431963157,0.2904656112664515,0.0,0.28208505992362437,-0.038155560407979516,0.28208505992362437,-0.038155560407979516,pSYK,pSYK
42,UPN67,TSLP,p4EBP1,0.011978609625668449,-0.15135649486663938,0.028086426273591546,0.0,0.01989964603904363,-0.07692677335661291,0.01989964603904363,-0.07692677335661291,pSYK,pSYK
42,UPN67,TSLP,pSTAT5,0.10641711229946524,0.5864687081430549,0.027855419970899544,0.0,0.01734319819374055,-0.07847449491769724,0.01734319819374055,-0.07847449491769724,pSYK,pSYK
42,UPN67,TSLP,pSYK,0.017112299465240642,0.00158708277727499,0.016988929829710932,0.0,0.010864557966054005,-0.0787866889993094,0.010864557966054005,-0.0787866889993094,pSYK,pSYK
42,UPN67,TSLP,pPLCγ2,0.007379679144385027,1.600881558663072,0.0013312631004364184,0.0,0.0010373587319967622,-0.07778996683210976,0.0010373587319967622,-0.07778996683210976,pSYK,pSYK
42,UPN67,TSLP,pAKT,0.15529411764705883,5.198358210643974,0.00884697090541877,0.0,0.007047762023698413,-0.0638655820277256,0.007047762023698413,-0.0638655820277256,pSYK,pSYK
42,UPN67,TSLP,pERK1/2,0.02962566844919786,0.2939797299939676,0.015040829314543215,0.0,0.011304892417140635,-0.07530351965029869,0.011304892417140635,-0.07530351965029869,pSYK,pSYK
42,UPN67,TSLP,pIKAROS,0.22128342245989305,-0.5325556808214919,0.3475437769625779,0.0,0.3393291934522293,-0.03464843046932586,0.3393291934522293,-0.03464843046932586,pSYK,pSYK
42,UPN67,Tofacitinib,pS6,0.3930955360867751,0.7485480126416422,0.24268838282299637,0.0,0.2349301734129911,-0.03861114388178285,0.2349301734129911,-0.03861114388178285,pSYK,pSYK
42,UPN67,Tofacitinib,p4EBP1,0.008552357113057988,-0.16552815958373074,0.024957732959565226,0.0,0.01729564264705296,-0.07730951852983675,0.01729564264705296,-0.07730951852983675,pSYK,pSYK
42,UPN67,Tofacitinib,pSTAT5,0.002920317062995411,-0.14501781018683946,0.011655422948995088,0.0,0.006914543324035478,-0.07870677133667808,0.006914543324035478,-0.07870677133667808,pSYK,pSYK
42,UPN67,Tofacitinib,pSYK,0.017939090529828953,0.04508911443821211,0.014913037541867341,0.0,0.00962572712963425,-0.07878254121654286,0.00962572712963425,-0.07878254121654286,pSYK,pSYK
42,UPN67,Tofacitinib,pPLCγ2,0.007717980809345015,1.5846378271675874,0.001354604328824363,0.0,0.001044626725183125,-0.07719207527769549,0.001044626725183125,-0.07719207527769549,pSYK,pSYK
42,UPN67,Tofacitinib,pAKT,0.1606174384647476,6.751163027379984,0.007610558610153462,0.0,0.0062758992142781505,-0.05888952951750664,0.0062758992142781505,-0.05888952951750664,pSYK,pSYK
42,UPN67,Tofacitinib,pERK1/2,0.019712140175219023,0.687467240204507,0.007840671578043683,0.0,0.006723049542676039,-0.06472059711540254,0.006723049542676039,-0.06472059711540254,pSYK,pSYK
42,UPN67,Tofacitinib,pIKAROS,0.2361284939507718,-0.4124677446385834,0.3358998248180081,0.0,0.3277179825297715,-0.03382480724957196,0.3277179825297715,-0.03382480724957196,pSYK,pSYK
43,UPN68,BCR-Crosslink,pS6,0.9256644111013043,2.7791964167012444,0.3200838298821588,0.0,0.8854406450246091,2.594597124693685,0.8854406450246091,2.594597124693685,pERK1/2,pERK1/2
43,UPN68,BCR-Crosslink,p4EBP1,0.7714033539276258,17.44009054456853,0.027233477317161595,0.0,0.1149770069615274,2.0563249733619426,0.1149770069615274,2.0563249733619426,pERK1/2,pERK1/2
43,UPN68,BCR-Crosslink,pSTAT5,0.8644699421398451,5.393755837916516,0.10568492409479012,0.0,0.20088748312320093,0.6767389264841708,0.20088748312320093,0.6767389264841708,pERK1/2,pERK1/2
43,UPN68,BCR-Crosslink,pSYK,0.5834068843777581,8.742359276503352,0.042673510137273524,0.0,0.09228697105552809,0.8021304416568882,0.09228697105552809,0.8021304416568882,pERK1/2,pERK1/2
43,UPN68,BCR-Crosslink,pPLCγ2,0.8218103363734431,3.21034668630638,0.19883819724059776,0.0,0.3289003112576479,0.6702458272529592,0.3289003112576479,0.6702458272529592,pERK1/2,pERK1/2
43,UPN68,BCR-Crosslink,pAKT,0.2396783367657154,7.188559913299682,0.013747482802405965,0.0,0.1152689368812675,3.23016109720771,0.1152689368812675,3.23016109720771,pERK1/2,pERK1/2
43,UPN68,BCR-Crosslink,pERK1/2,0.3355888986956948,12.276613978697728,0.01528006636980974,0.0,0.1665471902872036,5.797679928202235,0.1665471902872036,5.797679928202235,pERK1/2,pERK1/2
43,UPN68,BCR-Crosslink,pIKAROS,0.9898009218397568,2.8151808600518686,0.3456379537024381,0.0,0.5501732155468901,0.8938790070705407,0.5501732155468901,0.8938790070705407,pERK1/2,pERK1/2
43,UPN68,BEZ-235,pS6,0.8204066265060241,3.5111296481863015,0.1996337982494021,0.0,0.7501683799192244,3.1138577657810615,0.7501683799192244,3.1138577657810615,pERK1/2,pERK1/2
43,UPN68,BEZ-235,p4EBP1,0.13441265060240964,33.98652679219521,0.001663019245526154,0.0,0.006733719418933174,1.298199366259486,0.006733719418933174,1.298199366259486,pERK1/2,pERK1/2
43,UPN68,BEZ-235,pSTAT5,0.3463855421686747,105.89674234108331,0.0025898624713845578,0.0,0.014064792140607676,3.534534441019478,0.014064792140607676,3.534534441019478,pERK1/2,pERK1/2
43,UPN68,BEZ-235,pSYK,0.4303463855421687,63.37497011589378,0.005012208689774917,0.0,0.03488038515040459,4.450370775790138,0.03488038515040459,4.450370775790138,pERK1/2,pERK1/2
43,UPN68,BEZ-235,pPLCγ2,0.020143072289156627,11.450705532557297,0.0009991196879242585,0.0,0.004111288404692721,1.8615031224564522,0.004111288404692721,1.8615031224564522,pERK1/2,pERK1/2
43,UPN68,BEZ-235,pAKT,0.11163403614457831,3.3953042858724896,0.008938574438130497,0.0,0.10342219729444696,3.1238055148513877,0.10342219729444696,3.1238055148513877,pERK1/2,pERK1/2
43,UPN68,BEZ-235,pERK1/2,0.08151355421686747,7.473540584841858,0.005420993938302453,0.0,0.07023262142050503,6.365567495490603,0.07023262142050503,6.365567495490603,pERK1/2,pERK1/2
43,UPN68,BEZ-235,pIKAROS,0.9850338855421686,2.8867579796703375,0.3394718987594951,0.0,0.4807503936859558,0.6317547051017313,0.4807503936859558,0.6317547051017313,pERK1/2,pERK1/2
43,UPN68,Dasatinib,pS6,0.6928497765555174,3.6339253500996915,0.16395821976059663,0.0,0.6492794770683434,3.3345611160072384,0.3138918440567594,1.0301688335959107,pERK1/2,pAKT
43,UPN68,Dasatinib,p4EBP1,0.3902543829494672,20.479466915501973,0.0086530879401142,0.0,0.021049726650535137,0.6652926907055546,0.005783659204552384,-0.15399415993829,pERK1/2,pAKT
43,UPN68,Dasatinib,pSTAT5,0.21794431075971124,78.3917755194572,0.0019610690871872402,0.0,0.008552472161835408,2.3923698254771217,0.004080713289134596,0.7693313202147122,pERK1/2,pAKT
43,UPN68,Dasatinib,pSYK,0.26289102784462015,93.92494938696396,0.002585795987612763,0.0,0.01372646015282746,4.019843590503634,0.010947868516429263,3.017254910460873,pERK1/2,pAKT
43,UPN68,Dasatinib,pPLCγ2,0.015727053970436576,14.980032438016336,0.000614965206222597,0.0,0.0029207781411187445,2.2856636894918685,0.004249227551806211,3.602504503151356,pERK1/2,pAKT
43,UPN68,Dasatinib,pAKT,0.08473702303196975,3.5813319633216625,0.0073872686789692565,0.0,0.09399930815386319,4.010180355122003,0.10507202491638279,4.522852629185673,pERK1/2,pAKT
43,UPN68,Dasatinib,pERK1/2,0.05448607768992781,5.908130114866697,0.004750161467916051,0.0,0.05938868114411281,6.490510440980016,0.03204626601975463,3.2425046037433654,pERK1/2,pAKT
43,UPN68,Dasatinib,pIKAROS,0.9769680302509454,2.9988890762248936,0.31194949283656453,0.0,0.39721858902103957,0.3845194482569053,0.11882009320223422,-0.8709135374077178,pERK1/2,pAKT
43,UPN68,IL-7,pS6,0.8636674816625917,3.228109018740567,0.2534993587381745,0.0,0.852161025317963,3.167233836795932,0.852161025317963,3.167233836795932,pERK1/2,pERK1/2
43,UPN68,IL-7,p4EBP1,0.6438141809290954,27.5136847985021,0.011982784416231289,0.0,0.05579492478162258,1.9078403305280571,0.05579492478162258,1.9078403305280571,pERK1/2,pERK1/2
43,UPN68,IL-7,pSTAT5,0.6651344743276284,128.61366894239436,0.003979055153383652,0.0,0.02187479574600174,3.4812341989612645,0.02187479574600174,3.4812341989612645,pERK1/2,pERK1/2
43,UPN68,IL-7,pSYK,0.44293398533007333,60.69719720249603,0.005292865591238461,0.0,0.04062591365068992,4.900401011471702,0.04062591365068992,4.900401011471702,pERK1/2,pERK1/2
43,UPN68,IL-7,pPLCγ2,0.019559902200488997,13.878352028135907,0.0010318126245428749,0.0,0.004751588781145984,2.7862755496511133,0.004751588781145984,2.7862755496511133,pERK1/2,pERK1/2
43,UPN68,IL-7,pAKT,0.1111002444987775,4.14176957883654,0.008145802341652497,0.0,0.1081517540211374,4.023154316513603,0.1081517540211374,4.023154316513603,pERK1/2,pERK1/2
43,UPN68,IL-7,pERK1/2,0.15960880195599023,11.69207787791435,0.00661526589048795,0.0,0.09137747970672828,6.477701153463147,0.09137747970672828,6.477701153463147,pERK1/2,pERK1/2
43,UPN68,IL-7,pIKAROS,0.9875794621026894,2.9509598883389336,0.33049326730955336,0.0,0.5551586632560783,1.0089674337849979,0.5551586632560783,1.0089674337849979,pERK1/2,pERK1/2
43,UPN68,Pervanadate,pS6,0.9640980735551664,2.510279456995319,0.37992141284315445,0.0,0.9495528460163865,2.4477768129433994,0.9495528460163865,2.4477768129433994,pERK1/2,pERK1/2
43,UPN68,Pervanadate,p4EBP1,0.727086981903094,46.555352398404615,0.009502319609554237,0.0,0.049980261844752766,2.6261219952762342,0.049980261844752766,2.6261219952762342,pERK1/2,pERK1/2
43,UPN68,Pervanadate,pSTAT5,0.9617629889083479,3.0812882860329136,0.2527219708898484,0.0,0.77615619209182,2.2746945427864023,0.77615619209182,2.2746945427864023,pERK1/2,pERK1/2
43,UPN68,Pervanadate,pSYK,0.8565382370110917,7.741944029485405,0.08666530767428869,0.0,0.27935153796802586,1.937678223692981,0.27935153796802586,1.937678223692981,pERK1/2,pERK1/2
43,UPN68,Pervanadate,pPLCγ2,0.9664331582019848,2.45729234113468,0.3573062133329366,0.0,0.9858401089727284,2.53558234602681,0.9858401089727284,2.53558234602681,pERK1/2,pERK1/2
43,UPN68,Pervanadate,pAKT,0.5195563339171045,22.36808966639146,0.010757567150789528,0.0,0.12486279193034443,5.016356300338841,0.12486279193034443,5.016356300338841,pERK1/2,pERK1/2
43,UPN68,Pervanadate,pERK1/2,0.5677174547577349,19.016868364982905,0.01720943136090504,0.0,0.19100452718471378,6.003615423019087,0.19100452718471378,6.003615423019087,pERK1/2,pERK1/2
43,UPN68,Pervanadate,pIKAROS,0.9918272037361354,2.873928829566388,0.31996306359279,0.0,0.5715872254939858,1.0763335768285525,0.5715872254939858,1.0763335768285525,pERK1/2,pERK1/2
43,UPN68,TSLP,pS6,0.9359556227937469,3.3093973748169616,0.2803022358824904,0.0,0.8651594039070973,2.9520548740267434,0.5922904912416471,1.5747544874637647,pERK1/2,pAKT
43,UPN68,TSLP,p4EBP1,0.6926878466969238,28.78125591329486,0.012255978899841419,0.0,0.060125051140190455,2.0247905538903272,0.03225808570319536,0.8460593660555391,pERK1/2,pAKT
43,UPN68,TSLP,pSTAT5,0.8795763993948563,39.35454140286081,0.009874971433797425,0.0,0.09597540182628542,3.896099102227785,0.10578872485837748,4.340158195555394,pERK1/2,pAKT
43,UPN68,TSLP,pSYK,0.5125567322239032,65.86464691062739,0.005466966277183895,0.0,0.044788841919657506,5.107422056171512,0.032055074477380104,3.4534642113275917,pERK1/2,pAKT
43,UPN68,TSLP,pPLCγ2,0.024911749873928392,18.20407062554417,0.0009235405253307586,0.0,0.004874859586566742,2.9985602597304246,0.005867513741128093,3.7518614367284933,pERK1/2,pAKT
43,UPN68,TSLP,pAKT,0.1481593545133636,4.79483090810392,0.009012895629458194,0.0,0.11314809820535934,3.5883822839443273,0.1379279192055868,4.442267122855712,pERK1/2,pAKT
43,UPN68,TSLP,pERK1/2,0.3125567322239032,17.14621948175283,0.008461037133736115,0.0,0.11538787572834792,6.0289937432016485,0.07624442656251651,3.8219182024868266,pERK1/2,pAKT
43,UPN68,TSLP,pIKAROS,0.9872919818456883,3.048759115429668,0.32972962441872217,0.0,0.5578364311806512,1.0576072345872172,0.28844034977516664,-0.1914359163313271,pERK1/2,pAKT
43,UPN68,Tofacitinib,pS6,0.832133125729856,3.324598994004905,0.2324782063196689,0.0,0.800562971643995,3.1495681569066805,0.800562971643995,3.1495681569066805,pERK1/2,pERK1/2
43,UPN68,Tofacitinib,p4EBP1,0.6480147917477618,33.632137220243656,0.010086513549455835,0.0,0.044328684252659505,1.8052772124504506,0.044328684252659505,1.8052772124504506,pERK1/2,pERK1/2
43,UPN68,Tofacitinib,pSTAT5,0.3969443363176333,127.27218848434663,0.0024920736640035076,0.0,0.014450942021317548,3.8585945416874523,0.014450942021317548,3.8585945416874523,pERK1/2,pERK1/2
43,UPN68,Tofacitinib,pSYK,0.4427792915531335,64.82617052181844,0.005033032866906771,0.0,0.034662678839730864,4.387876410640448,0.034662678839730864,4.387876410640448,pERK1/2,pERK1/2
43,UPN68,Tofacitinib,pPLCγ2,0.026372129233164655,18.018532762331954,0.000920786923619255,0.0,0.003957228744487206,2.149679406484762,0.003957228744487206,2.149679406484762,pERK1/2,pERK1/2
43,UPN68,Tofacitinib,pAKT,0.10977033865317244,3.5238490929856368,0.008793049303445908,0.0,0.10265593263640903,3.2755745220326067,0.10265593263640903,3.2755745220326067,pERK1/2,pERK1/2
43,UPN68,Tofacitinib,pERK1/2,0.09400544959128065,7.966342524467199,0.006112920196274809,0.0,0.07690690777940667,6.416576672011804,0.07690690777940667,6.416576672011804,pERK1/2,pERK1/2
43,UPN68,Tofacitinib,pIKAROS,0.9860840794083301,3.0355831335194785,0.3184589972492277,0.0,0.5401125475387965,1.00782279863982,0.5401125475387965,1.00782279863982,pERK1/2,pERK1/2
44,UPN69,BCR-Crosslink,pS6,0.6396833726930814,1.3500496315027337,0.3267345517056058,0.0,0.3505908481910435,0.10291518011654097,0.3354949630786834,0.03779209044059333,pSYK,p4EBP1
44,UPN69,BCR-Crosslink,p4EBP1,0.08230560657745124,0.32236865955583704,0.04325900632530519,0.0,0.0711903475608422,0.23060110164653466,0.05270981129094768,0.07802582833905929,pSYK,p4EBP1
44,UPN69,BCR-Crosslink,pSTAT5,0.1383276480363859,0.08649466699057556,0.12257195419021939,0.0,0.1518620311372918,0.1607949149305011,0.13247288729257045,0.054353551163485295,pSYK,p4EBP1
44,UPN69,BCR-Crosslink,pSYK,0.07823843260736464,0.2311550929453725,0.05442161366681756,0.0,0.07501383788331481,0.19985865931964109,0.0609990869480537,0.0638379311471106,pSYK,p4EBP1
44,UPN69,BCR-Crosslink,pPLCγ2,0.2817283302720196,0.3258986626498313,0.2113982438941193,0.0,0.23551266979124505,0.11174249251187073,0.21947418254769208,0.037422641466689235,pSYK,p4EBP1
44,UPN69,BCR-Crosslink,pAKT,0.12520773200384852,2.4959369821207917,0.01640958988989124,0.0,0.0249939700125451,0.1969341700180166,0.01923867053748874,0.06490190803391474,pSYK,p4EBP1
44,UPN69,BCR-Crosslink,pERK1/2,0.1573515262835651,2.691856326651623,0.01942512154218485,0.0,0.031568882999998805,0.23700509826859353,0.0234243348087183,0.07805109944925141,pSYK,p4EBP1
44,UPN69,BCR-Crosslink,pIKAROS,0.3336831977608677,-0.10929533169531472,0.36089650542520296,0.0,0.38585705145139615,0.10024768730352689,0.3702853970753488,0.0377080963406336,pSYK,p4EBP1
44,UPN69,BEZ-235,pS6,0.5400831641040519,1.721408835325057,0.20615294853782007,0.0,0.23053269062229684,0.1256774663412889,0.23053269062229684,0.1256774663412889,pSYK,pSYK
44,UPN69,BEZ-235,p4EBP1,0.0036102246720175354,-0.053084129166417776,0.004704936127628296,0.0,0.009656741081570807,0.24012012702957952,0.009656741081570807,0.24012012702957952,pSYK,pSYK
44,UPN69,BEZ-235,pSTAT5,0.011024078909196402,0.01208752085113923,0.010388966268116612,0.0,0.02323802712544365,0.24454448074980958,0.02323802712544365,0.24454448074980958,pSYK,pSYK
44,UPN69,BEZ-235,pSYK,0.032556490345872414,0.2807155002589762,0.01426313648503762,0.0,0.030193014567869908,0.24444744955492279,0.030193014567869908,0.24444744955492279,pSYK,pSYK
44,UPN69,BEZ-235,pPLCγ2,0.003577990523160236,0.6551585193507082,0.0013843541475985933,0.0,0.002108208934704096,0.2161888067814076,0.002108208934704096,0.2161888067814076,pSYK,pSYK
44,UPN69,BEZ-235,pAKT,0.10895142313767205,3.2814179013299576,0.009000960787128316,0.0,0.013008510483220265,0.13156962963417462,0.013008510483220265,0.13156962963417462,pSYK,pSYK
44,UPN69,BEZ-235,pERK1/2,0.06491957579860104,4.71644739025259,0.005806900413145858,0.0,0.008736264582299518,0.23372638610269594,0.008736264582299518,0.23372638610269594,pSYK,pSYK
44,UPN69,BEZ-235,pIKAROS,0.3350095090739129,-0.08013382255857285,0.3545887447238732,0.0,0.3792880433999372,0.10108919739330699,0.3792880433999372,0.10108919739330699,pSYK,pSYK
44,UPN69,Dasatinib,pS6,0.4129356546053727,1.494452549740882,0.17046785050362326,0.0,0.19154865459629825,0.12993173070378317,0.19154865459629825,0.12993173070378317,pSYK,pSYK
44,UPN69,Dasatinib,p4EBP1,0.009087580306913885,-0.13795569501079577,0.017517432187615443,0.0,0.03174958124263579,0.23291109288377812,0.03174958124263579,0.23291109288377812,pSYK,pSYK
44,UPN69,Dasatinib,pSTAT5,0.004993175992809826,-0.058084075019987906,0.006913421058510529,0.0,0.015003348558120747,0.24470624306598948,0.015003348558120747,0.24470624306598948,pSYK,pSYK
44,UPN69,Dasatinib,pSYK,0.01105156286408575,0.06555113410501094,0.00844252773134612,0.0,0.01816815022773968,0.24435300871030002,0.01816815022773968,0.24435300871030002,pSYK,pSYK
44,UPN69,Dasatinib,pPLCγ2,0.0023967244765487165,0.5872351427566653,0.000924972868871152,0.0,0.001495487607392194,0.2276378039422426,0.001495487607392194,0.2276378039422426,pSYK,pSYK
44,UPN69,Dasatinib,pAKT,0.09913118737725109,4.556289180335776,0.007052520670939458,0.0,0.010079703172465196,0.1497927736355686,0.010079703172465196,0.1497927736355686,pSYK,pSYK
44,UPN69,Dasatinib,pERK1/2,0.05063080456709164,5.131307360209309,0.004839818982400612,0.0,0.0067798818545644875,0.2174021538975459,0.0067798818545644875,0.2174021538975459,pSYK,pSYK
44,UPN69,Dasatinib,pIKAROS,0.15951532905029792,-0.707135616919745,0.33096002077146336,0.0,0.3561834010308382,0.10403559527828986,0.3561834010308382,0.10403559527828986,pSYK,pSYK
44,UPN69,IL-7,pS6,0.6012189812799303,1.6734035519144435,0.25960281223544573,0.0,0.2835216508998486,0.11716620349275159,0.2835216508998486,0.11716620349275159,pSYK,pSYK
44,UPN69,IL-7,p4EBP1,0.04376723262226092,0.1800265989970423,0.025937364609413482,0.0,0.04952272809437039,0.2381393272931881,0.04952272809437039,0.2381393272931881,pSYK,pSYK
44,UPN69,IL-7,pSTAT5,0.01828471919895516,-0.007301730092031898,0.01902207271451559,0.0,0.043688995976082626,0.24426711483152122,0.043688995976082626,0.24426711483152122,pSYK,pSYK
44,UPN69,IL-7,pSYK,0.03764330285880133,0.34188552068098715,0.014718230299872695,0.0,0.031116886524322727,0.2445559597402914,0.031116886524322727,0.2445559597402914,pSYK,pSYK
44,UPN69,IL-7,pPLCγ2,0.0037149905674067622,0.7453008352056267,0.001400298941591299,0.0,0.002101885501267527,0.225901819086385,0.002101885501267527,0.225901819086385,pSYK,pSYK
44,UPN69,IL-7,pAKT,0.11493252067914671,4.367724464265089,0.008056679639783446,0.0,0.01205443476384152,0.16337736094220306,0.01205443476384152,0.16337736094220306,pSYK,pSYK
44,UPN69,IL-7,pERK1/2,0.08428384849804092,3.147495524519696,0.00836700899416119,0.0,0.01417998325525979,0.24100463863516075,0.01417998325525979,0.24100463863516075,pSYK,pSYK
44,UPN69,IL-7,pIKAROS,0.348280365694384,0.011956703352389365,0.34536068815625814,0.0,0.37053965202445743,0.10311323691103261,0.37053965202445743,0.10311323691103261,pSYK,pSYK
44,UPN69,Pervanadate,pS6,0.7219148047609104,1.3793664844635767,0.38555358188488137,0.0,0.40860532475966205,0.09453170986259522,0.3942289904815054,0.03557653808869891,pSYK,p4EBP1
44,UPN69,Pervanadate,p4EBP1,0.03508039256629777,0.0858123490882614,0.025595496105758803,0.0,0.05237773016701225,0.242305904781296,0.03446772415425662,0.08026937707289389,pSYK,p4EBP1
44,UPN69,Pervanadate,pSTAT5,0.6307684276466903,1.4939016862140464,0.260419518826166,0.0,0.28855434128341495,0.1134893547926873,0.27016193681324735,0.03929865678571778,pSYK,p4EBP1
44,UPN69,Pervanadate,pSYK,0.20515765295468782,0.6751270870096563,0.10181369335001901,0.0,0.13168424711013793,0.1951388356376018,0.1113112059178218,0.06204550336823573,pSYK,p4EBP1
44,UPN69,Pervanadate,pPLCγ2,0.7884213823345166,1.6640355917309824,0.3614460220740405,0.0,0.3862027375317198,0.09648344960890336,0.3698779052830916,0.032861272736254256,pSYK,p4EBP1
44,UPN69,Pervanadate,pAKT,0.1301941950302777,1.395388971079374,0.019812500613273873,0.0,0.038928224744835885,0.24165121552318264,0.02600682579541273,0.07830549338898626,pSYK,p4EBP1
44,UPN69,Pervanadate,pERK1/2,0.17388807684276467,1.7168167162309889,0.026368254103113654,0.0,0.04710991871540864,0.24138882400699552,0.033221987327570444,0.07976286542250878,pSYK,p4EBP1
44,UPN69,Pervanadate,pIKAROS,0.30042806431405306,-0.13955407809021989,0.3360421133467919,0.0,0.36226212377542655,0.10274342520055371,0.3458909228292109,0.03859267802831745,pSYK,p4EBP1
44,UPN69,TSLP,pS6,0.6539090736161308,1.7091618672630289,0.2868614579563885,0.0,0.3122819423260189,0.11837080716035674,0.3122819423260189,0.11837080716035674,pSYK,pSYK
44,UPN69,TSLP,p4EBP1,0.0490393760700019,0.20502779997891482,0.02722454798418844,0.0,0.052627808416792474,0.23875386862091805,0.052627808416792474,0.23875386862091805,pSYK,pSYK
44,UPN69,TSLP,pSTAT5,0.10161689176336314,0.5495350563004827,0.02796705300662285,0.0,0.06047739858967381,0.24257452415257375,0.06047739858967381,0.24257452415257375,pSYK,pSYK
44,UPN69,TSLP,pSYK,0.04302834316149896,0.3432055279197727,0.01638623113910027,0.0,0.03536997557402914,0.244549907500059,0.03536997557402914,0.244549907500059,pSYK,pSYK
44,UPN69,TSLP,pPLCγ2,0.00441316340117938,0.7801532470261747,0.0014002518386505031,0.0,0.0023061141021153996,0.23456094596000804,0.0023061141021153996,0.23456094596000804,pSYK,pSYK
44,UPN69,TSLP,pAKT,0.11945976792847632,3.4504388865491133,0.009680327875618362,0.0,0.015048563257507244,0.16872711415634528,0.015048563257507244,0.16872711415634528,pSYK,pSYK
44,UPN69,TSLP,pERK1/2,0.1107856191744341,2.0607992354704465,0.01315338860000284,0.0,0.024613227889926485,0.24189171862958234,0.024613227889926485,0.24189171862958234,pSYK,pSYK
44,UPN69,TSLP,pIKAROS,0.37367319764124024,0.12477144688392992,0.34399982870254653,0.0,0.36952814820324287,0.10734222215205423,0.36952814820324287,0.10734222215205423,pSYK,pSYK
44,UPN69,Tofacitinib,pS6,0.5519314090437542,1.5923666996854706,0.23899452531236895,0.0,0.2625840805462665,0.12003449950339687,0.2625840805462665,0.12003449950339687,pSYK,pSYK
44,UPN69,Tofacitinib,p4EBP1,0.03600414963080491,0.11787994350757527,0.024319319180082743,0.0,0.04810731005640374,0.2399801205918337,0.04810731005640374,0.2399801205918337,pSYK,pSYK
44,UPN69,Tofacitinib,pSTAT5,0.011472508695917495,0.0002651298111765414,0.01145653477148527,0.0,0.02618469292154548,0.24445300250866342,0.02618469292154548,0.24445300250866342,pSYK,pSYK
44,UPN69,Tofacitinib,pSYK,0.030634039177396717,0.2387993946970431,0.014617806177970418,0.0,0.03101536656211025,0.24448492316395917,0.03101536656211025,0.24448492316395917,pSYK,pSYK
44,UPN69,Tofacitinib,pPLCγ2,0.003173247086104839,0.4154578490539666,0.001460295810760181,0.0,0.002417755905048981,0.23222161485486262,0.002417755905048981,0.23222161485486262,pSYK,pSYK
44,UPN69,Tofacitinib,pAKT,0.10758528101543907,3.424226285803349,0.008843864597346684,0.0,0.012781791368581468,0.13656227397564571,0.012781791368581468,0.13656227397564571,pSYK,pSYK
44,UPN69,Tofacitinib,pERK1/2,0.06795020443034112,4.1833664192951625,0.006718856130250147,0.0,0.010098902613973677,0.23092702264804943,0.010098902613973677,0.23092702264804943,pSYK,pSYK
44,UPN69,Tofacitinib,pIKAROS,0.3298956489900531,-0.01577588386300503,0.33371919330546673,0.0,0.3591807597683997,0.10505402379413999,0.3591807597683997,0.10505402379413999,pSYK,pSYK
