patient_order,patient_id,sample_class,condition_order,condition,target_or_baseline,filename,archive_member_path,source_member_sha256,source_fcs_bytes,expected_event_count,parameter_count,datatype,byte_order,mode,text_begin,text_end,data_begin,data_end,panel_signature_sha256,panel_registry_group,channel_parameter_indices_json,channel_parameter_pnn_json,channel_parameter_pns_json
1,UPN1,diagnostic_UPN_sample_label,0,Basal,baseline,UPN1_Basal.fcs,UPN1_Basal.fcs,ba0290e0dfd2bda475fccf3a9432acca93922317cea944038f41463eae66197c,15733409,75625,52,F,"4,3,2,1",L,58,3358,3399,15733399,cb18a46591c29fd169ed9179c9aa062ba3b033bb9083e7ed6818212a8ee8d63f,Yb176_group,"{""p4EBP1"":17,""pAKT"":32,""pERK1/2"":46,""pIKAROS"":28,""pPLCγ2"":14,""pS6"":45,""pSTAT5"":23,""pSYK"":39}","{""p4EBP1"":""(Nd144)Di"",""pAKT"":""(Tb159)Di"",""pERK1/2"":""(Yb173)Di"",""pIKAROS"":""(Gd155)Di"",""pPLCγ2"":""(Pr141)Di"",""pS6"":""(Yb172)Di"",""pSTAT5"":""(Nd150)Di"",""pSYK"":""(Er166)Di""}","{""p4EBP1"":""p4EBP1"",""pAKT"":""pAkt"",""pERK1/2"":""pErk"",""pIKAROS"":""pIkaros"",""pPLCγ2"":""pPLCg1_2"",""pS6"":""pS6"",""pSTAT5"":""pSTAT5"",""pSYK"":""pSyk""}"
1,UPN1,diagnostic_UPN_sample_label,1,BCR-Crosslink,target,UPN1_BCR-Crosslink.fcs,UPN1_BCR-Crosslink.fcs,d09638d89b1d461b7828d36ba329b624e441110b0874d3f8fd3f5ab529362729,22548746,108391,52,F,"4,3,2,1",L,58,3367,3408,22548736,cb18a46591c29fd169ed9179c9aa062ba3b033bb9083e7ed6818212a8ee8d63f,Yb176_group,"{""p4EBP1"":17,""pAKT"":32,""pERK1/2"":46,""pIKAROS"":28,""pPLCγ2"":14,""pS6"":45,""pSTAT5"":23,""pSYK"":39}","{""p4EBP1"":""(Nd144)Di"",""pAKT"":""(Tb159)Di"",""pERK1/2"":""(Yb173)Di"",""pIKAROS"":""(Gd155)Di"",""pPLCγ2"":""(Pr141)Di"",""pS6"":""(Yb172)Di"",""pSTAT5"":""(Nd150)Di"",""pSYK"":""(Er166)Di""}","{""p4EBP1"":""p4EBP1"",""pAKT"":""pAkt"",""pERK1/2"":""pErk"",""pIKAROS"":""pIkaros"",""pPLCγ2"":""pPLCg1_2"",""pS6"":""pS6"",""pSTAT5"":""pSTAT5"",""pSYK"":""pSyk""}"
1,UPN1,diagnostic_UPN_sample_label,2,BEZ-235,target,UPN1_BEZ-235.fcs,UPN1_BEZ-235.fcs,e9ded44481d939436934d4a88c30bd011f4e8746e3c44252c074d4831d0fb469,21788298,104735,52,F,"4,3,2,1",L,58,3367,3408,21788288,cb18a46591c29fd169ed9179c9aa062ba3b033bb9083e7ed6818212a8ee8d63f,Yb176_group,"{""p4EBP1"":17,""pAKT"":32,""pERK1/2"":46,""pIKAROS"":28,""pPLCγ2"":14,""pS6"":45,""pSTAT5"":23,""pSYK"":39}","{""p4EBP1"":""(Nd144)Di"",""pAKT"":""(Tb159)Di"",""pERK1/2"":""(Yb173)Di"",""pIKAROS"":""(Gd155)Di"",""pPLCγ2"":""(Pr141)Di"",""pS6"":""(Yb172)Di"",""pSTAT5"":""(Nd150)Di"",""pSYK"":""(Er166)Di""}","{""p4EBP1"":""p4EBP1"",""pAKT"":""pAkt"",""pERK1/2"":""pErk"",""pIKAROS"":""pIkaros"",""pPLCγ2"":""pPLCg1_2"",""pS6"":""pS6"",""pSTAT5"":""pSTAT5"",""pSYK"":""pSyk""}"
1,UPN1,diagnostic_UPN_sample_label,3,Dasatinib,target,UPN1_Dasatinib.fcs,UPN1_Dasatinib.fcs,088e01977fd623e4fe54a887aa7e6cbad1a98847b88a447b068005113a93784e,23041088,110758,52,F,"4,3,2,1",L,58,3373,3414,23041078,cb18a46591c29fd169ed9179c9aa062ba3b033bb9083e7ed6818212a8ee8d63f,Yb176_group,"{""p4EBP1"":17,""pAKT"":32,""pERK1/2"":46,""pIKAROS"":28,""pPLCγ2"":14,""pS6"":45,""pSTAT5"":23,""pSYK"":39}","{""p4EBP1"":""(Nd144)Di"",""pAKT"":""(Tb159)Di"",""pERK1/2"":""(Yb173)Di"",""pIKAROS"":""(Gd155)Di"",""pPLCγ2"":""(Pr141)Di"",""pS6"":""(Yb172)Di"",""pSTAT5"":""(Nd150)Di"",""pSYK"":""(Er166)Di""}","{""p4EBP1"":""p4EBP1"",""pAKT"":""pAkt"",""pERK1/2"":""pErk"",""pIKAROS"":""pIkaros"",""pPLCγ2"":""pPLCg1_2"",""pS6"":""pS6"",""pSTAT5"":""pSTAT5"",""pSYK"":""pSyk""}"
1,UPN1,diagnostic_UPN_sample_label,4,IL-7,target,UPN1_IL-7.fcs,UPN1_IL-7.fcs,6e587b17a659e16cd51ba07ca237df38ebc2d4cae7f5ad6db0686ee479ce1743,24566552,118092,52,F,"4,3,2,1",L,58,3365,3406,24566542,cb18a46591c29fd169ed9179c9aa062ba3b033bb9083e7ed6818212a8ee8d63f,Yb176_group,"{""p4EBP1"":17,""pAKT"":32,""pERK1/2"":46,""pIKAROS"":28,""pPLCγ2"":14,""pS6"":45,""pSTAT5"":23,""pSYK"":39}","{""p4EBP1"":""(Nd144)Di"",""pAKT"":""(Tb159)Di"",""pERK1/2"":""(Yb173)Di"",""pIKAROS"":""(Gd155)Di"",""pPLCγ2"":""(Pr141)Di"",""pS6"":""(Yb172)Di"",""pSTAT5"":""(Nd150)Di"",""pSYK"":""(Er166)Di""}","{""p4EBP1"":""p4EBP1"",""pAKT"":""pAkt"",""pERK1/2"":""pErk"",""pIKAROS"":""pIkaros"",""pPLCγ2"":""pPLCg1_2"",""pS6"":""pS6"",""pSTAT5"":""pSTAT5"",""pSYK"":""pSyk""}"
1,UPN1,diagnostic_UPN_sample_label,5,Pervanadate,target,UPN1_Pervanadate.fcs,UPN1_Pervanadate.fcs,0072f15eae7675154d20728cd4393492b96fff2d26d72e699acf3380f881b045,23951712,115136,52,F,"4,3,2,1",L,58,3373,3414,23951702,cb18a46591c29fd169ed9179c9aa062ba3b033bb9083e7ed6818212a8ee8d63f,Yb176_group,"{""p4EBP1"":17,""pAKT"":32,""pERK1/2"":46,""pIKAROS"":28,""pPLCγ2"":14,""pS6"":45,""pSTAT5"":23,""pSYK"":39}","{""p4EBP1"":""(Nd144)Di"",""pAKT"":""(Tb159)Di"",""pERK1/2"":""(Yb173)Di"",""pIKAROS"":""(Gd155)Di"",""pPLCγ2"":""(Pr141)Di"",""pS6"":""(Yb172)Di"",""pSTAT5"":""(Nd150)Di"",""pSYK"":""(Er166)Di""}","{""p4EBP1"":""p4EBP1"",""pAKT"":""pAkt"",""pERK1/2"":""pErk"",""pIKAROS"":""pIkaros"",""pPLCγ2"":""pPLCg1_2"",""pS6"":""pS6"",""pSTAT5"":""pSTAT5"",""pSYK"":""pSyk""}"
1,UPN1,diagnostic_UPN_sample_label,6,TSLP,target,UPN1_TSLP.fcs,UPN1_TSLP.fcs,9d6a64e7335a9e56514d9d5a27852b1a3fecd3738ad8d589623db843db3c4cce,24634989,118421,52,F,"4,3,2,1",L,58,3370,3411,24634979,cb18a46591c29fd169ed9179c9aa062ba3b033bb9083e7ed6818212a8ee8d63f,Yb176_group,"{""p4EBP1"":17,""pAKT"":32,""pERK1/2"":46,""pIKAROS"":28,""pPLCγ2"":14,""pS6"":45,""pSTAT5"":23,""pSYK"":39}","{""p4EBP1"":""(Nd144)Di"",""pAKT"":""(Tb159)Di"",""pERK1/2"":""(Yb173)Di"",""pIKAROS"":""(Gd155)Di"",""pPLCγ2"":""(Pr141)Di"",""pS6"":""(Yb172)Di"",""pSTAT5"":""(Nd150)Di"",""pSYK"":""(Er166)Di""}","{""p4EBP1"":""p4EBP1"",""pAKT"":""pAkt"",""pERK1/2"":""pErk"",""pIKAROS"":""pIkaros"",""pPLCγ2"":""pPLCg1_2"",""pS6"":""pS6"",""pSTAT5"":""pSTAT5"",""pSYK"":""pSyk""}"
1,UPN1,diagnostic_UPN_sample_label,7,Tofacitinib,target,UPN1_Tofacitinib.fcs,UPN1_Tofacitinib.fcs,f1551bef464f5021280e9bceace7064ecf3e9cb219b32d6083cb615174dc4d2e,22125881,106358,52,F,"4,3,2,1",L,58,3366,3407,22125871,cb18a46591c29fd169ed9179c9aa062ba3b033bb9083e7ed6818212a8ee8d63f,Yb176_group,"{""p4EBP1"":17,""pAKT"":32,""pERK1/2"":46,""pIKAROS"":28,""pPLCγ2"":14,""pS6"":45,""pSTAT5"":23,""pSYK"":39}","{""p4EBP1"":""(Nd144)Di"",""pAKT"":""(Tb159)Di"",""pERK1/2"":""(Yb173)Di"",""pIKAROS"":""(Gd155)Di"",""pPLCγ2"":""(Pr141)Di"",""pS6"":""(Yb172)Di"",""pSTAT5"":""(Nd150)Di"",""pSYK"":""(Er166)Di""}","{""p4EBP1"":""p4EBP1"",""pAKT"":""pAkt"",""pERK1/2"":""pErk"",""pIKAROS"":""pIkaros"",""pPLCγ2"":""pPLCg1_2"",""pS6"":""pS6"",""pSTAT5"":""pSTAT5"",""pSYK"":""pSyk""}"
2,UPN2,diagnostic_UPN_sample_label,0,Basal,baseline,UPN2_Basal.fcs,UPN2_Basal.fcs,965d7288d53332920e734223b12b1e8221049e8805ff0f6f321e76bfd0e828c2,6232182,29946,52,F,"4,3,2,1",L,58,3363,3404,6232172,cb18a46591c29fd169ed9179c9aa062ba3b033bb9083e7ed6818212a8ee8d63f,Yb176_group,"{""p4EBP1"":17,""pAKT"":32,""pERK1/2"":46,""pIKAROS"":28,""pPLCγ2"":14,""pS6"":45,""pSTAT5"":23,""pSYK"":39}","{""p4EBP1"":""(Nd144)Di"",""pAKT"":""(Tb159)Di"",""pERK1/2"":""(Yb173)Di"",""pIKAROS"":""(Gd155)Di"",""pPLCγ2"":""(Pr141)Di"",""pS6"":""(Yb172)Di"",""pSTAT5"":""(Nd150)Di"",""pSYK"":""(Er166)Di""}","{""p4EBP1"":""p4EBP1"",""pAKT"":""pAkt"",""pERK1/2"":""pErk"",""pIKAROS"":""pIkaros"",""pPLCγ2"":""pPLCg1_2"",""pS6"":""pS6"",""pSTAT5"":""pSTAT5"",""pSYK"":""pSyk""}"
2,UPN2,diagnostic_UPN_sample_label,1,BCR-Crosslink,target,UPN2_BCR-Crosslink.fcs,UPN2_BCR-Crosslink.fcs,81d44b7c5e35249751b5835379a4ce0a45fc6148b838ecdcf3f764d884c3a29b,8514561,40919,52,F,"4,3,2,1",L,58,3358,3399,8514551,cb18a46591c29fd169ed9179c9aa062ba3b033bb9083e7ed6818212a8ee8d63f,Yb176_group,"{""p4EBP1"":17,""pAKT"":32,""pERK1/2"":46,""pIKAROS"":28,""pPLCγ2"":14,""pS6"":45,""pSTAT5"":23,""pSYK"":39}","{""p4EBP1"":""(Nd144)Di"",""pAKT"":""(Tb159)Di"",""pERK1/2"":""(Yb173)Di"",""pIKAROS"":""(Gd155)Di"",""pPLCγ2"":""(Pr141)Di"",""pS6"":""(Yb172)Di"",""pSTAT5"":""(Nd150)Di"",""pSYK"":""(Er166)Di""}","{""p4EBP1"":""p4EBP1"",""pAKT"":""pAkt"",""pERK1/2"":""pErk"",""pIKAROS"":""pIkaros"",""pPLCγ2"":""pPLCg1_2"",""pS6"":""pS6"",""pSTAT5"":""pSTAT5"",""pSYK"":""pSyk""}"
2,UPN2,diagnostic_UPN_sample_label,2,BEZ-235,target,UPN2_BEZ-235.fcs,UPN2_BEZ-235.fcs,6d8ee345ff7afc2e112a5c65a863f93970edc139984508d56e20a559010b0cf4,8478784,40747,52,F,"4,3,2,1",L,58,3357,3398,8478774,cb18a46591c29fd169ed9179c9aa062ba3b033bb9083e7ed6818212a8ee8d63f,Yb176_group,"{""p4EBP1"":17,""pAKT"":32,""pERK1/2"":46,""pIKAROS"":28,""pPLCγ2"":14,""pS6"":45,""pSTAT5"":23,""pSYK"":39}","{""p4EBP1"":""(Nd144)Di"",""pAKT"":""(Tb159)Di"",""pERK1/2"":""(Yb173)Di"",""pIKAROS"":""(Gd155)Di"",""pPLCγ2"":""(Pr141)Di"",""pS6"":""(Yb172)Di"",""pSTAT5"":""(Nd150)Di"",""pSYK"":""(Er166)Di""}","{""p4EBP1"":""p4EBP1"",""pAKT"":""pAkt"",""pERK1/2"":""pErk"",""pIKAROS"":""pIkaros"",""pPLCγ2"":""pPLCg1_2"",""pS6"":""pS6"",""pSTAT5"":""pSTAT5"",""pSYK"":""pSyk""}"
2,UPN2,diagnostic_UPN_sample_label,3,Dasatinib,target,UPN2_Dasatinib.fcs,UPN2_Dasatinib.fcs,98b5621ba7ff6fa2e1d5de08cde1595517dfa5e193b2d187b76f0586d097ce8c,9159154,44018,52,F,"4,3,2,1",L,58,3359,3400,9159144,cb18a46591c29fd169ed9179c9aa062ba3b033bb9083e7ed6818212a8ee8d63f,Yb176_group,"{""p4EBP1"":17,""pAKT"":32,""pERK1/2"":46,""pIKAROS"":28,""pPLCγ2"":14,""pS6"":45,""pSTAT5"":23,""pSYK"":39}","{""p4EBP1"":""(Nd144)Di"",""pAKT"":""(Tb159)Di"",""pERK1/2"":""(Yb173)Di"",""pIKAROS"":""(Gd155)Di"",""pPLCγ2"":""(Pr141)Di"",""pS6"":""(Yb172)Di"",""pSTAT5"":""(Nd150)Di"",""pSYK"":""(Er166)Di""}","{""p4EBP1"":""p4EBP1"",""pAKT"":""pAkt"",""pERK1/2"":""pErk"",""pIKAROS"":""pIkaros"",""pPLCγ2"":""pPLCg1_2"",""pS6"":""pS6"",""pSTAT5"":""pSTAT5"",""pSYK"":""pSyk""}"
2,UPN2,diagnostic_UPN_sample_label,4,IL-7,target,UPN2_IL-7.fcs,UPN2_IL-7.fcs,bff9bdcc50437d187dc1dbf56056fec6ab033e76ffdd876f8b7c1d900d0e833b,8472547,40717,52,F,"4,3,2,1",L,58,3360,3401,8472537,cb18a46591c29fd169ed9179c9aa062ba3b033bb9083e7ed6818212a8ee8d63f,Yb176_group,"{""p4EBP1"":17,""pAKT"":32,""pERK1/2"":46,""pIKAROS"":28,""pPLCγ2"":14,""pS6"":45,""pSTAT5"":23,""pSYK"":39}","{""p4EBP1"":""(Nd144)Di"",""pAKT"":""(Tb159)Di"",""pERK1/2"":""(Yb173)Di"",""pIKAROS"":""(Gd155)Di"",""pPLCγ2"":""(Pr141)Di"",""pS6"":""(Yb172)Di"",""pSTAT5"":""(Nd150)Di"",""pSYK"":""(Er166)Di""}","{""p4EBP1"":""p4EBP1"",""pAKT"":""pAkt"",""pERK1/2"":""pErk"",""pIKAROS"":""pIkaros"",""pPLCγ2"":""pPLCg1_2"",""pS6"":""pS6"",""pSTAT5"":""pSTAT5"",""pSYK"":""pSyk""}"
2,UPN2,diagnostic_UPN_sample_label,5,Pervanadate,target,UPN2_Pervanadate.fcs,UPN2_Pervanadate.fcs,b41d693df536e852326ffa785267af8ea3b6d64a44f2267676e6825ba0d6bcd9,7356421,35351,52,F,"4,3,2,1",L,58,3362,3403,7356411,cb18a46591c29fd169ed9179c9aa062ba3b033bb9083e7ed6818212a8ee8d63f,Yb176_group,"{""p4EBP1"":17,""pAKT"":32,""pERK1/2"":46,""pIKAROS"":28,""pPLCγ2"":14,""pS6"":45,""pSTAT5"":23,""pSYK"":39}","{""p4EBP1"":""(Nd144)Di"",""pAKT"":""(Tb159)Di"",""pERK1/2"":""(Yb173)Di"",""pIKAROS"":""(Gd155)Di"",""pPLCγ2"":""(Pr141)Di"",""pS6"":""(Yb172)Di"",""pSTAT5"":""(Nd150)Di"",""pSYK"":""(Er166)Di""}","{""p4EBP1"":""p4EBP1"",""pAKT"":""pAkt"",""pERK1/2"":""pErk"",""pIKAROS"":""pIkaros"",""pPLCγ2"":""pPLCg1_2"",""pS6"":""pS6"",""pSTAT5"":""pSTAT5"",""pSYK"":""pSyk""}"
2,UPN2,diagnostic_UPN_sample_label,6,TSLP,target,UPN2_TSLP.fcs,UPN2_TSLP.fcs,6ba3d15795dde91624a986b80929644b624df491e046039b63d203b06be2814a,8378739,40266,52,F,"4,3,2,1",L,58,3360,3401,8378729,cb18a46591c29fd169ed9179c9aa062ba3b033bb9083e7ed6818212a8ee8d63f,Yb176_group,"{""p4EBP1"":17,""pAKT"":32,""pERK1/2"":46,""pIKAROS"":28,""pPLCγ2"":14,""pS6"":45,""pSTAT5"":23,""pSYK"":39}","{""p4EBP1"":""(Nd144)Di"",""pAKT"":""(Tb159)Di"",""pERK1/2"":""(Yb173)Di"",""pIKAROS"":""(Gd155)Di"",""pPLCγ2"":""(Pr141)Di"",""pS6"":""(Yb172)Di"",""pSTAT5"":""(Nd150)Di"",""pSYK"":""(Er166)Di""}","{""p4EBP1"":""p4EBP1"",""pAKT"":""pAkt"",""pERK1/2"":""pErk"",""pIKAROS"":""pIkaros"",""pPLCγ2"":""pPLCg1_2"",""pS6"":""pS6"",""pSTAT5"":""pSTAT5"",""pSYK"":""pSyk""}"
2,UPN2,diagnostic_UPN_sample_label,7,Tofacitinib,target,UPN2_Tofacitinib.fcs,UPN2_Tofacitinib.fcs,6e9c6e865289218c501048a0945d0a2f31070bc1ad3e7d9c844319a5a3997db7,8022227,38552,52,F,"4,3,2,1",L,58,3360,3401,8022217,cb18a46591c29fd169ed9179c9aa062ba3b033bb9083e7ed6818212a8ee8d63f,Yb176_group,"{""p4EBP1"":17,""pAKT"":32,""pERK1/2"":46,""pIKAROS"":28,""pPLCγ2"":14,""pS6"":45,""pSTAT5"":23,""pSYK"":39}","{""p4EBP1"":""(Nd144)Di"",""pAKT"":""(Tb159)Di"",""pERK1/2"":""(Yb173)Di"",""pIKAROS"":""(Gd155)Di"",""pPLCγ2"":""(Pr141)Di"",""pS6"":""(Yb172)Di"",""pSTAT5"":""(Nd150)Di"",""pSYK"":""(Er166)Di""}","{""p4EBP1"":""p4EBP1"",""pAKT"":""pAkt"",""pERK1/2"":""pErk"",""pIKAROS"":""pIkaros"",""pPLCγ2"":""pPLCg1_2"",""pS6"":""pS6"",""pSTAT5"":""pSTAT5"",""pSYK"":""pSyk""}"
3,UPN3,diagnostic_UPN_sample_label,0,Basal,baseline,UPN3_Basal.fcs,UPN3_Basal.fcs,3ce7188c59a79ea5fc10a54fa64c047c141b2c8b13e42e611c9357b30893bb3f,3446025,16551,52,F,"4,3,2,1",L,58,3366,3407,3446015,cb18a46591c29fd169ed9179c9aa062ba3b033bb9083e7ed6818212a8ee8d63f,Yb176_group,"{""p4EBP1"":17,""pAKT"":32,""pERK1/2"":46,""pIKAROS"":28,""pPLCγ2"":14,""pS6"":45,""pSTAT5"":23,""pSYK"":39}","{""p4EBP1"":""(Nd144)Di"",""pAKT"":""(Tb159)Di"",""pERK1/2"":""(Yb173)Di"",""pIKAROS"":""(Gd155)Di"",""pPLCγ2"":""(Pr141)Di"",""pS6"":""(Yb172)Di"",""pSTAT5"":""(Nd150)Di"",""pSYK"":""(Er166)Di""}","{""p4EBP1"":""p4EBP1"",""pAKT"":""pAkt"",""pERK1/2"":""pErk"",""pIKAROS"":""pIkaros"",""pPLCγ2"":""pPLCg1_2"",""pS6"":""pS6"",""pSTAT5"":""pSTAT5"",""pSYK"":""pSyk""}"
3,UPN3,diagnostic_UPN_sample_label,1,BCR-Crosslink,target,UPN3_BCR-Crosslink.fcs,UPN3_BCR-Crosslink.fcs,8096a85f83e4198e73f2f77b15240388d7ca4e9082169b7086afe3e43d3a7ce2,4799485,23058,52,F,"4,3,2,1",L,58,3370,3411,4799475,cb18a46591c29fd169ed9179c9aa062ba3b033bb9083e7ed6818212a8ee8d63f,Yb176_group,"{""p4EBP1"":17,""pAKT"":32,""pERK1/2"":46,""pIKAROS"":28,""pPLCγ2"":14,""pS6"":45,""pSTAT5"":23,""pSYK"":39}","{""p4EBP1"":""(Nd144)Di"",""pAKT"":""(Tb159)Di"",""pERK1/2"":""(Yb173)Di"",""pIKAROS"":""(Gd155)Di"",""pPLCγ2"":""(Pr141)Di"",""pS6"":""(Yb172)Di"",""pSTAT5"":""(Nd150)Di"",""pSYK"":""(Er166)Di""}","{""p4EBP1"":""p4EBP1"",""pAKT"":""pAkt"",""pERK1/2"":""pErk"",""pIKAROS"":""pIkaros"",""pPLCγ2"":""pPLCg1_2"",""pS6"":""pS6"",""pSTAT5"":""pSTAT5"",""pSYK"":""pSyk""}"
3,UPN3,diagnostic_UPN_sample_label,2,BEZ-235,target,UPN3_BEZ-235.fcs,UPN3_BEZ-235.fcs,d583c11ca08b81175a2b3a3a0a2c9cb41b88051a8bc90af00d805c81506ffe7e,3881371,18644,52,F,"4,3,2,1",L,58,3368,3409,3881361,cb18a46591c29fd169ed9179c9aa062ba3b033bb9083e7ed6818212a8ee8d63f,Yb176_group,"{""p4EBP1"":17,""pAKT"":32,""pERK1/2"":46,""pIKAROS"":28,""pPLCγ2"":14,""pS6"":45,""pSTAT5"":23,""pSYK"":39}","{""p4EBP1"":""(Nd144)Di"",""pAKT"":""(Tb159)Di"",""pERK1/2"":""(Yb173)Di"",""pIKAROS"":""(Gd155)Di"",""pPLCγ2"":""(Pr141)Di"",""pS6"":""(Yb172)Di"",""pSTAT5"":""(Nd150)Di"",""pSYK"":""(Er166)Di""}","{""p4EBP1"":""p4EBP1"",""pAKT"":""pAkt"",""pERK1/2"":""pErk"",""pIKAROS"":""pIkaros"",""pPLCγ2"":""pPLCg1_2"",""pS6"":""pS6"",""pSTAT5"":""pSTAT5"",""pSYK"":""pSyk""}"
3,UPN3,diagnostic_UPN_sample_label,3,Dasatinib,target,UPN3_Dasatinib.fcs,UPN3_Dasatinib.fcs,cae93369bcd8eaf6f7ba1148f719973594bb81d4bf6df9545b49f97363d32b9b,5091728,24463,52,F,"4,3,2,1",L,58,3373,3414,5091718,cb18a46591c29fd169ed9179c9aa062ba3b033bb9083e7ed6818212a8ee8d63f,Yb176_group,"{""p4EBP1"":17,""pAKT"":32,""pERK1/2"":46,""pIKAROS"":28,""pPLCγ2"":14,""pS6"":45,""pSTAT5"":23,""pSYK"":39}","{""p4EBP1"":""(Nd144)Di"",""pAKT"":""(Tb159)Di"",""pERK1/2"":""(Yb173)Di"",""pIKAROS"":""(Gd155)Di"",""pPLCγ2"":""(Pr141)Di"",""pS6"":""(Yb172)Di"",""pSTAT5"":""(Nd150)Di"",""pSYK"":""(Er166)Di""}","{""p4EBP1"":""p4EBP1"",""pAKT"":""pAkt"",""pERK1/2"":""pErk"",""pIKAROS"":""pIkaros"",""pPLCγ2"":""pPLCg1_2"",""pS6"":""pS6"",""pSTAT5"":""pSTAT5"",""pSYK"":""pSyk""}"
3,UPN3,diagnostic_UPN_sample_label,4,IL-7,target,UPN3_IL-7.fcs,UPN3_IL-7.fcs,c881882c1c78e2df8e3aedc075915e7f8200a6c2e6344fadfe3de96f9e5539fa,3363034,16152,52,F,"4,3,2,1",L,58,3367,3408,3363024,cb18a46591c29fd169ed9179c9aa062ba3b033bb9083e7ed6818212a8ee8d63f,Yb176_group,"{""p4EBP1"":17,""pAKT"":32,""pERK1/2"":46,""pIKAROS"":28,""pPLCγ2"":14,""pS6"":45,""pSTAT5"":23,""pSYK"":39}","{""p4EBP1"":""(Nd144)Di"",""pAKT"":""(Tb159)Di"",""pERK1/2"":""(Yb173)Di"",""pIKAROS"":""(Gd155)Di"",""pPLCγ2"":""(Pr141)Di"",""pS6"":""(Yb172)Di"",""pSTAT5"":""(Nd150)Di"",""pSYK"":""(Er166)Di""}","{""p4EBP1"":""p4EBP1"",""pAKT"":""pAkt"",""pERK1/2"":""pErk"",""pIKAROS"":""pIkaros"",""pPLCγ2"":""pPLCg1_2"",""pS6"":""pS6"",""pSTAT5"":""pSTAT5"",""pSYK"":""pSyk""}"
3,UPN3,diagnostic_UPN_sample_label,5,Pervanadate,target,UPN3_Pervanadate.fcs,UPN3_Pervanadate.fcs,577b7ad53f0cf2e0ab6c47f2b92c28934d53a66d1ddbdefff9bde8822449b663,4557585,21895,52,F,"4,3,2,1",L,58,3374,3415,4557575,cb18a46591c29fd169ed9179c9aa062ba3b033bb9083e7ed6818212a8ee8d63f,Yb176_group,"{""p4EBP1"":17,""pAKT"":32,""pERK1/2"":46,""pIKAROS"":28,""pPLCγ2"":14,""pS6"":45,""pSTAT5"":23,""pSYK"":39}","{""p4EBP1"":""(Nd144)Di"",""pAKT"":""(Tb159)Di"",""pERK1/2"":""(Yb173)Di"",""pIKAROS"":""(Gd155)Di"",""pPLCγ2"":""(Pr141)Di"",""pS6"":""(Yb172)Di"",""pSTAT5"":""(Nd150)Di"",""pSYK"":""(Er166)Di""}","{""p4EBP1"":""p4EBP1"",""pAKT"":""pAkt"",""pERK1/2"":""pErk"",""pIKAROS"":""pIkaros"",""pPLCγ2"":""pPLCg1_2"",""pS6"":""pS6"",""pSTAT5"":""pSTAT5"",""pSYK"":""pSyk""}"
3,UPN3,diagnostic_UPN_sample_label,6,TSLP,target,UPN3_TSLP.fcs,UPN3_TSLP.fcs,3d4b59c470d6a1c17bd44a3a044ccf862e939cfb5dfc9f1ca16d02e7b9e54c75,4508913,21661,52,F,"4,3,2,1",L,58,3374,3415,4508903,cb18a46591c29fd169ed9179c9aa062ba3b033bb9083e7ed6818212a8ee8d63f,Yb176_group,"{""p4EBP1"":17,""pAKT"":32,""pERK1/2"":46,""pIKAROS"":28,""pPLCγ2"":14,""pS6"":45,""pSTAT5"":23,""pSYK"":39}","{""p4EBP1"":""(Nd144)Di"",""pAKT"":""(Tb159)Di"",""pERK1/2"":""(Yb173)Di"",""pIKAROS"":""(Gd155)Di"",""pPLCγ2"":""(Pr141)Di"",""pS6"":""(Yb172)Di"",""pSTAT5"":""(Nd150)Di"",""pSYK"":""(Er166)Di""}","{""p4EBP1"":""p4EBP1"",""pAKT"":""pAkt"",""pERK1/2"":""pErk"",""pIKAROS"":""pIkaros"",""pPLCγ2"":""pPLCg1_2"",""pS6"":""pS6"",""pSTAT5"":""pSTAT5"",""pSYK"":""pSyk""}"
3,UPN3,diagnostic_UPN_sample_label,7,Tofacitinib,target,UPN3_Tofacitinib.fcs,UPN3_Tofacitinib.fcs,b5ebaa62a255b2df45405b0a0f1c5aeec79b320b52dbc7f2a738d3d0bc153ec8,3920889,18834,52,F,"4,3,2,1",L,58,3366,3407,3920879,cb18a46591c29fd169ed9179c9aa062ba3b033bb9083e7ed6818212a8ee8d63f,Yb176_group,"{""p4EBP1"":17,""pAKT"":32,""pERK1/2"":46,""pIKAROS"":28,""pPLCγ2"":14,""pS6"":45,""pSTAT5"":23,""pSYK"":39}","{""p4EBP1"":""(Nd144)Di"",""pAKT"":""(Tb159)Di"",""pERK1/2"":""(Yb173)Di"",""pIKAROS"":""(Gd155)Di"",""pPLCγ2"":""(Pr141)Di"",""pS6"":""(Yb172)Di"",""pSTAT5"":""(Nd150)Di"",""pSYK"":""(Er166)Di""}","{""p4EBP1"":""p4EBP1"",""pAKT"":""pAkt"",""pERK1/2"":""pErk"",""pIKAROS"":""pIkaros"",""pPLCγ2"":""pPLCg1_2"",""pS6"":""pS6"",""pSTAT5"":""pSTAT5"",""pSYK"":""pSyk""}"
4,UPN4,diagnostic_UPN_sample_label,0,Basal,baseline,UPN4_Basal.fcs,UPN4_Basal.fcs,44bc57c8e524ba8b7f9bfa9ec35fe8ee456ece6442f1a9ea67fb7681f1fa047b,10352464,49755,52,F,"4,3,2,1",L,58,3373,3414,10352454,cb18a46591c29fd169ed9179c9aa062ba3b033bb9083e7ed6818212a8ee8d63f,Yb176_group,"{""p4EBP1"":17,""pAKT"":32,""pERK1/2"":46,""pIKAROS"":28,""pPLCγ2"":14,""pS6"":45,""pSTAT5"":23,""pSYK"":39}","{""p4EBP1"":""(Nd144)Di"",""pAKT"":""(Tb159)Di"",""pERK1/2"":""(Yb173)Di"",""pIKAROS"":""(Gd155)Di"",""pPLCγ2"":""(Pr141)Di"",""pS6"":""(Yb172)Di"",""pSTAT5"":""(Nd150)Di"",""pSYK"":""(Er166)Di""}","{""p4EBP1"":""p4EBP1"",""pAKT"":""pAkt"",""pERK1/2"":""pErk"",""pIKAROS"":""pIkaros"",""pPLCγ2"":""pPLCg1_2"",""pS6"":""pS6"",""pSTAT5"":""pSTAT5"",""pSYK"":""pSyk""}"
4,UPN4,diagnostic_UPN_sample_label,1,BCR-Crosslink,target,UPN4_BCR-Crosslink.fcs,UPN4_BCR-Crosslink.fcs,a676ec7b086499335e586c3846e44579b2f6f7031adad515bbc48a1422a76f00,18002707,86535,52,F,"4,3,2,1",L,58,3376,3417,18002697,cb18a46591c29fd169ed9179c9aa062ba3b033bb9083e7ed6818212a8ee8d63f,Yb176_group,"{""p4EBP1"":17,""pAKT"":32,""pERK1/2"":46,""pIKAROS"":28,""pPLCγ2"":14,""pS6"":45,""pSTAT5"":23,""pSYK"":39}","{""p4EBP1"":""(Nd144)Di"",""pAKT"":""(Tb159)Di"",""pERK1/2"":""(Yb173)Di"",""pIKAROS"":""(Gd155)Di"",""pPLCγ2"":""(Pr141)Di"",""pS6"":""(Yb172)Di"",""pSTAT5"":""(Nd150)Di"",""pSYK"":""(Er166)Di""}","{""p4EBP1"":""p4EBP1"",""pAKT"":""pAkt"",""pERK1/2"":""pErk"",""pIKAROS"":""pIkaros"",""pPLCγ2"":""pPLCg1_2"",""pS6"":""pS6"",""pSTAT5"":""pSTAT5"",""pSYK"":""pSyk""}"
4,UPN4,diagnostic_UPN_sample_label,2,BEZ-235,target,UPN4_BEZ-235.fcs,UPN4_BEZ-235.fcs,ec6be391f48becca1898f1ef3c9b7cff682702c8e82919a061874bddebcd59a3,16587473,79731,52,F,"4,3,2,1",L,58,3374,3415,16587463,cb18a46591c29fd169ed9179c9aa062ba3b033bb9083e7ed6818212a8ee8d63f,Yb176_group,"{""p4EBP1"":17,""pAKT"":32,""pERK1/2"":46,""pIKAROS"":28,""pPLCγ2"":14,""pS6"":45,""pSTAT5"":23,""pSYK"":39}","{""p4EBP1"":""(Nd144)Di"",""pAKT"":""(Tb159)Di"",""pERK1/2"":""(Yb173)Di"",""pIKAROS"":""(Gd155)Di"",""pPLCγ2"":""(Pr141)Di"",""pS6"":""(Yb172)Di"",""pSTAT5"":""(Nd150)Di"",""pSYK"":""(Er166)Di""}","{""p4EBP1"":""p4EBP1"",""pAKT"":""pAkt"",""pERK1/2"":""pErk"",""pIKAROS"":""pIkaros"",""pPLCγ2"":""pPLCg1_2"",""pS6"":""pS6"",""pSTAT5"":""pSTAT5"",""pSYK"":""pSyk""}"
4,UPN4,diagnostic_UPN_sample_label,3,Dasatinib,target,UPN4_Dasatinib.fcs,UPN4_Dasatinib.fcs,26552804b3d751e5ca88ce14feee71d180f43c8067f7bb1f92aabe72e5ef2c7c,17224164,82792,52,F,"4,3,2,1",L,58,3377,3418,17224154,cb18a46591c29fd169ed9179c9aa062ba3b033bb9083e7ed6818212a8ee8d63f,Yb176_group,"{""p4EBP1"":17,""pAKT"":32,""pERK1/2"":46,""pIKAROS"":28,""pPLCγ2"":14,""pS6"":45,""pSTAT5"":23,""pSYK"":39}","{""p4EBP1"":""(Nd144)Di"",""pAKT"":""(Tb159)Di"",""pERK1/2"":""(Yb173)Di"",""pIKAROS"":""(Gd155)Di"",""pPLCγ2"":""(Pr141)Di"",""pS6"":""(Yb172)Di"",""pSTAT5"":""(Nd150)Di"",""pSYK"":""(Er166)Di""}","{""p4EBP1"":""p4EBP1"",""pAKT"":""pAkt"",""pERK1/2"":""pErk"",""pIKAROS"":""pIkaros"",""pPLCγ2"":""pPLCg1_2"",""pS6"":""pS6"",""pSTAT5"":""pSTAT5"",""pSYK"":""pSyk""}"
4,UPN4,diagnostic_UPN_sample_label,4,IL-7,target,UPN4_IL-7.fcs,UPN4_IL-7.fcs,a26fd45b1cca4a41457b68d82ec998097240e750136d0d89af170123e8838086,17731272,85230,52,F,"4,3,2,1",L,58,3381,3422,17731262,cb18a46591c29fd169ed9179c9aa062ba3b033bb9083e7ed6818212a8ee8d63f,Yb176_group,"{""p4EBP1"":17,""pAKT"":32,""pERK1/2"":46,""pIKAROS"":28,""pPLCγ2"":14,""pS6"":45,""pSTAT5"":23,""pSYK"":39}","{""p4EBP1"":""(Nd144)Di"",""pAKT"":""(Tb159)Di"",""pERK1/2"":""(Yb173)Di"",""pIKAROS"":""(Gd155)Di"",""pPLCγ2"":""(Pr141)Di"",""pS6"":""(Yb172)Di"",""pSTAT5"":""(Nd150)Di"",""pSYK"":""(Er166)Di""}","{""p4EBP1"":""p4EBP1"",""pAKT"":""pAkt"",""pERK1/2"":""pErk"",""pIKAROS"":""pIkaros"",""pPLCγ2"":""pPLCg1_2"",""pS6"":""pS6"",""pSTAT5"":""pSTAT5"",""pSYK"":""pSyk""}"
4,UPN4,diagnostic_UPN_sample_label,5,Pervanadate,target,UPN4_Pervanadate.fcs,UPN4_Pervanadate.fcs,75a577f6c39b892f5626ab48f54e7cd157ba0b435bb35f53da606939a57595c1,17525558,84241,52,F,"4,3,2,1",L,58,3379,3420,17525548,cb18a46591c29fd169ed9179c9aa062ba3b033bb9083e7ed6818212a8ee8d63f,Yb176_group,"{""p4EBP1"":17,""pAKT"":32,""pERK1/2"":46,""pIKAROS"":28,""pPLCγ2"":14,""pS6"":45,""pSTAT5"":23,""pSYK"":39}","{""p4EBP1"":""(Nd144)Di"",""pAKT"":""(Tb159)Di"",""pERK1/2"":""(Yb173)Di"",""pIKAROS"":""(Gd155)Di"",""pPLCγ2"":""(Pr141)Di"",""pS6"":""(Yb172)Di"",""pSTAT5"":""(Nd150)Di"",""pSYK"":""(Er166)Di""}","{""p4EBP1"":""p4EBP1"",""pAKT"":""pAkt"",""pERK1/2"":""pErk"",""pIKAROS"":""pIkaros"",""pPLCγ2"":""pPLCg1_2"",""pS6"":""pS6"",""pSTAT5"":""pSTAT5"",""pSYK"":""pSyk""}"
4,UPN4,diagnostic_UPN_sample_label,6,TSLP,target,UPN4_TSLP.fcs,UPN4_TSLP.fcs,8db0b64e39482e00632b7b6c4e94977b84d326cfd891f225cbe44754921a8dad,16310422,78399,52,F,"4,3,2,1",L,58,3379,3420,16310412,cb18a46591c29fd169ed9179c9aa062ba3b033bb9083e7ed6818212a8ee8d63f,Yb176_group,"{""p4EBP1"":17,""pAKT"":32,""pERK1/2"":46,""pIKAROS"":28,""pPLCγ2"":14,""pS6"":45,""pSTAT5"":23,""pSYK"":39}","{""p4EBP1"":""(Nd144)Di"",""pAKT"":""(Tb159)Di"",""pERK1/2"":""(Yb173)Di"",""pIKAROS"":""(Gd155)Di"",""pPLCγ2"":""(Pr141)Di"",""pS6"":""(Yb172)Di"",""pSTAT5"":""(Nd150)Di"",""pSYK"":""(Er166)Di""}","{""p4EBP1"":""p4EBP1"",""pAKT"":""pAkt"",""pERK1/2"":""pErk"",""pIKAROS"":""pIkaros"",""pPLCγ2"":""pPLCg1_2"",""pS6"":""pS6"",""pSTAT5"":""pSTAT5"",""pSYK"":""pSyk""}"
4,UPN4,diagnostic_UPN_sample_label,7,Tofacitinib,target,UPN4_Tofacitinib.fcs,UPN4_Tofacitinib.fcs,3cc254defb71c4d75b7af1f1763263e946513674d046e58c8cd38120e2d79d56,15845330,76163,52,F,"4,3,2,1",L,58,3375,3416,15845320,cb18a46591c29fd169ed9179c9aa062ba3b033bb9083e7ed6818212a8ee8d63f,Yb176_group,"{""p4EBP1"":17,""pAKT"":32,""pERK1/2"":46,""pIKAROS"":28,""pPLCγ2"":14,""pS6"":45,""pSTAT5"":23,""pSYK"":39}","{""p4EBP1"":""(Nd144)Di"",""pAKT"":""(Tb159)Di"",""pERK1/2"":""(Yb173)Di"",""pIKAROS"":""(Gd155)Di"",""pPLCγ2"":""(Pr141)Di"",""pS6"":""(Yb172)Di"",""pSTAT5"":""(Nd150)Di"",""pSYK"":""(Er166)Di""}","{""p4EBP1"":""p4EBP1"",""pAKT"":""pAkt"",""pERK1/2"":""pErk"",""pIKAROS"":""pIkaros"",""pPLCγ2"":""pPLCg1_2"",""pS6"":""pS6"",""pSTAT5"":""pSTAT5"",""pSYK"":""pSyk""}"
5,UPN5,diagnostic_UPN_sample_label,0,Basal,baseline,UPN5_Basal.fcs,UPN5_Basal.fcs,4fa0ce2e5e43ba758537f4b85168d14d97834a9170dba0aac5dc6b521194fbb7,17711717,85136,52,F,"4,3,2,1",L,58,3378,3419,17711707,cb18a46591c29fd169ed9179c9aa062ba3b033bb9083e7ed6818212a8ee8d63f,Yb176_group,"{""p4EBP1"":17,""pAKT"":32,""pERK1/2"":46,""pIKAROS"":28,""pPLCγ2"":14,""pS6"":45,""pSTAT5"":23,""pSYK"":39}","{""p4EBP1"":""(Nd144)Di"",""pAKT"":""(Tb159)Di"",""pERK1/2"":""(Yb173)Di"",""pIKAROS"":""(Gd155)Di"",""pPLCγ2"":""(Pr141)Di"",""pS6"":""(Yb172)Di"",""pSTAT5"":""(Nd150)Di"",""pSYK"":""(Er166)Di""}","{""p4EBP1"":""p4EBP1"",""pAKT"":""pAkt"",""pERK1/2"":""pErk"",""pIKAROS"":""pIkaros"",""pPLCγ2"":""pPLCg1_2"",""pS6"":""pS6"",""pSTAT5"":""pSTAT5"",""pSYK"":""pSyk""}"
5,UPN5,diagnostic_UPN_sample_label,1,BCR-Crosslink,target,UPN5_BCR-Crosslink.fcs,UPN5_BCR-Crosslink.fcs,cfb2bbf92517bc8f4b7b0df90b7ceff5fea04dd3bcfa92038092056b9b5c9b6a,16174806,77747,52,F,"4,3,2,1",L,58,3379,3420,16174796,cb18a46591c29fd169ed9179c9aa062ba3b033bb9083e7ed6818212a8ee8d63f,Yb176_group,"{""p4EBP1"":17,""pAKT"":32,""pERK1/2"":46,""pIKAROS"":28,""pPLCγ2"":14,""pS6"":45,""pSTAT5"":23,""pSYK"":39}","{""p4EBP1"":""(Nd144)Di"",""pAKT"":""(Tb159)Di"",""pERK1/2"":""(Yb173)Di"",""pIKAROS"":""(Gd155)Di"",""pPLCγ2"":""(Pr141)Di"",""pS6"":""(Yb172)Di"",""pSTAT5"":""(Nd150)Di"",""pSYK"":""(Er166)Di""}","{""p4EBP1"":""p4EBP1"",""pAKT"":""pAkt"",""pERK1/2"":""pErk"",""pIKAROS"":""pIkaros"",""pPLCγ2"":""pPLCg1_2"",""pS6"":""pS6"",""pSTAT5"":""pSTAT5"",""pSYK"":""pSyk""}"
5,UPN5,diagnostic_UPN_sample_label,2,BEZ-235,target,UPN5_BEZ-235.fcs,UPN5_BEZ-235.fcs,8409eaa1fe186373e3468e5b388a360e8996776078dcf965ceb4c83b450cf0d5,18014567,86592,52,F,"4,3,2,1",L,58,3380,3421,18014557,cb18a46591c29fd169ed9179c9aa062ba3b033bb9083e7ed6818212a8ee8d63f,Yb176_group,"{""p4EBP1"":17,""pAKT"":32,""pERK1/2"":46,""pIKAROS"":28,""pPLCγ2"":14,""pS6"":45,""pSTAT5"":23,""pSYK"":39}","{""p4EBP1"":""(Nd144)Di"",""pAKT"":""(Tb159)Di"",""pERK1/2"":""(Yb173)Di"",""pIKAROS"":""(Gd155)Di"",""pPLCγ2"":""(Pr141)Di"",""pS6"":""(Yb172)Di"",""pSTAT5"":""(Nd150)Di"",""pSYK"":""(Er166)Di""}","{""p4EBP1"":""p4EBP1"",""pAKT"":""pAkt"",""pERK1/2"":""pErk"",""pIKAROS"":""pIkaros"",""pPLCγ2"":""pPLCg1_2"",""pS6"":""pS6"",""pSTAT5"":""pSTAT5"",""pSYK"":""pSyk""}"
5,UPN5,diagnostic_UPN_sample_label,3,Dasatinib,target,UPN5_Dasatinib.fcs,UPN5_Dasatinib.fcs,a3326b8dea12a3f91f547266123edcb875619359990a88eb445db9af1c7f50e5,18231719,87636,52,F,"4,3,2,1",L,58,3380,3421,18231709,cb18a46591c29fd169ed9179c9aa062ba3b033bb9083e7ed6818212a8ee8d63f,Yb176_group,"{""p4EBP1"":17,""pAKT"":32,""pERK1/2"":46,""pIKAROS"":28,""pPLCγ2"":14,""pS6"":45,""pSTAT5"":23,""pSYK"":39}","{""p4EBP1"":""(Nd144)Di"",""pAKT"":""(Tb159)Di"",""pERK1/2"":""(Yb173)Di"",""pIKAROS"":""(Gd155)Di"",""pPLCγ2"":""(Pr141)Di"",""pS6"":""(Yb172)Di"",""pSTAT5"":""(Nd150)Di"",""pSYK"":""(Er166)Di""}","{""p4EBP1"":""p4EBP1"",""pAKT"":""pAkt"",""pERK1/2"":""pErk"",""pIKAROS"":""pIkaros"",""pPLCγ2"":""pPLCg1_2"",""pS6"":""pS6"",""pSTAT5"":""pSTAT5"",""pSYK"":""pSyk""}"
5,UPN5,diagnostic_UPN_sample_label,4,IL-7,target,UPN5_IL-7.fcs,UPN5_IL-7.fcs,1dcb50cf04f34b26392cbc454449d005e8bf27efae7928d0507f9ab69c25a1ea,17699443,85077,52,F,"4,3,2,1",L,58,3376,3417,17699433,cb18a46591c29fd169ed9179c9aa062ba3b033bb9083e7ed6818212a8ee8d63f,Yb176_group,"{""p4EBP1"":17,""pAKT"":32,""pERK1/2"":46,""pIKAROS"":28,""pPLCγ2"":14,""pS6"":45,""pSTAT5"":23,""pSYK"":39}","{""p4EBP1"":""(Nd144)Di"",""pAKT"":""(Tb159)Di"",""pERK1/2"":""(Yb173)Di"",""pIKAROS"":""(Gd155)Di"",""pPLCγ2"":""(Pr141)Di"",""pS6"":""(Yb172)Di"",""pSTAT5"":""(Nd150)Di"",""pSYK"":""(Er166)Di""}","{""p4EBP1"":""p4EBP1"",""pAKT"":""pAkt"",""pERK1/2"":""pErk"",""pIKAROS"":""pIkaros"",""pPLCγ2"":""pPLCg1_2"",""pS6"":""pS6"",""pSTAT5"":""pSTAT5"",""pSYK"":""pSyk""}"
5,UPN5,diagnostic_UPN_sample_label,5,Pervanadate,target,UPN5_Pervanadate.fcs,UPN5_Pervanadate.fcs,01f065dcb2c3e5191670b340753c9c26144173de67f59256839ec9bf63153604,16639680,79982,52,F,"4,3,2,1",L,58,3373,3414,16639670,cb18a46591c29fd169ed9179c9aa062ba3b033bb9083e7ed6818212a8ee8d63f,Yb176_group,"{""p4EBP1"":17,""pAKT"":32,""pERK1/2"":46,""pIKAROS"":28,""pPLCγ2"":14,""pS6"":45,""pSTAT5"":23,""pSYK"":39}","{""p4EBP1"":""(Nd144)Di"",""pAKT"":""(Tb159)Di"",""pERK1/2"":""(Yb173)Di"",""pIKAROS"":""(Gd155)Di"",""pPLCγ2"":""(Pr141)Di"",""pS6"":""(Yb172)Di"",""pSTAT5"":""(Nd150)Di"",""pSYK"":""(Er166)Di""}","{""p4EBP1"":""p4EBP1"",""pAKT"":""pAkt"",""pERK1/2"":""pErk"",""pIKAROS"":""pIkaros"",""pPLCγ2"":""pPLCg1_2"",""pS6"":""pS6"",""pSTAT5"":""pSTAT5"",""pSYK"":""pSyk""}"
5,UPN5,diagnostic_UPN_sample_label,6,TSLP,target,UPN5_TSLP.fcs,UPN5_TSLP.fcs,412048099ac857aefb6a898871619bddcb6d3baa7cbf25da0a1f8fc3b85100a9,17524931,84238,52,F,"4,3,2,1",L,58,3376,3417,17524921,cb18a46591c29fd169ed9179c9aa062ba3b033bb9083e7ed6818212a8ee8d63f,Yb176_group,"{""p4EBP1"":17,""pAKT"":32,""pERK1/2"":46,""pIKAROS"":28,""pPLCγ2"":14,""pS6"":45,""pSTAT5"":23,""pSYK"":39}","{""p4EBP1"":""(Nd144)Di"",""pAKT"":""(Tb159)Di"",""pERK1/2"":""(Yb173)Di"",""pIKAROS"":""(Gd155)Di"",""pPLCγ2"":""(Pr141)Di"",""pS6"":""(Yb172)Di"",""pSTAT5"":""(Nd150)Di"",""pSYK"":""(Er166)Di""}","{""p4EBP1"":""p4EBP1"",""pAKT"":""pAkt"",""pERK1/2"":""pErk"",""pIKAROS"":""pIkaros"",""pPLCγ2"":""pPLCg1_2"",""pS6"":""pS6"",""pSTAT5"":""pSTAT5"",""pSYK"":""pSyk""}"
5,UPN5,diagnostic_UPN_sample_label,7,Tofacitinib,target,UPN5_Tofacitinib.fcs,UPN5_Tofacitinib.fcs,2cdbea405814bc626e905e73906c9778616a6a2316833875cd6fa5e78882e8e0,15114213,72648,52,F,"4,3,2,1",L,58,3378,3419,15114203,cb18a46591c29fd169ed9179c9aa062ba3b033bb9083e7ed6818212a8ee8d63f,Yb176_group,"{""p4EBP1"":17,""pAKT"":32,""pERK1/2"":46,""pIKAROS"":28,""pPLCγ2"":14,""pS6"":45,""pSTAT5"":23,""pSYK"":39}","{""p4EBP1"":""(Nd144)Di"",""pAKT"":""(Tb159)Di"",""pERK1/2"":""(Yb173)Di"",""pIKAROS"":""(Gd155)Di"",""pPLCγ2"":""(Pr141)Di"",""pS6"":""(Yb172)Di"",""pSTAT5"":""(Nd150)Di"",""pSYK"":""(Er166)Di""}","{""p4EBP1"":""p4EBP1"",""pAKT"":""pAkt"",""pERK1/2"":""pErk"",""pIKAROS"":""pIkaros"",""pPLCγ2"":""pPLCg1_2"",""pS6"":""pS6"",""pSTAT5"":""pSTAT5"",""pSYK"":""pSyk""}"
6,UPN6,diagnostic_UPN_sample_label,0,Basal,baseline,UPN6_Basal.fcs,UPN6_Basal.fcs,e70108774b93dcd01aed2c9fb4041eaf3a64facd786bc263fe70af682c9ee006,11621359,55856,52,F,"4,3,2,1",L,58,3260,3301,11621349,cb18a46591c29fd169ed9179c9aa062ba3b033bb9083e7ed6818212a8ee8d63f,Yb176_group,"{""p4EBP1"":17,""pAKT"":32,""pERK1/2"":46,""pIKAROS"":28,""pPLCγ2"":14,""pS6"":45,""pSTAT5"":23,""pSYK"":39}","{""p4EBP1"":""(Nd144)Di"",""pAKT"":""(Tb159)Di"",""pERK1/2"":""(Yb173)Di"",""pIKAROS"":""(Gd155)Di"",""pPLCγ2"":""(Pr141)Di"",""pS6"":""(Yb172)Di"",""pSTAT5"":""(Nd150)Di"",""pSYK"":""(Er166)Di""}","{""p4EBP1"":""p4EBP1"",""pAKT"":""pAkt"",""pERK1/2"":""pErk"",""pIKAROS"":""pIkaros"",""pPLCγ2"":""pPLCg1_2"",""pS6"":""pS6"",""pSTAT5"":""pSTAT5"",""pSYK"":""pSyk""}"
6,UPN6,diagnostic_UPN_sample_label,1,BCR-Crosslink,target,UPN6_BCR-Crosslink.fcs,UPN6_BCR-Crosslink.fcs,ae4a7d600027376c67c9634a9880fc06e1b931ac90bd2c3c8c080598551f936c,19890817,95613,52,F,"4,3,2,1",L,58,3262,3303,19890807,cb18a46591c29fd169ed9179c9aa062ba3b033bb9083e7ed6818212a8ee8d63f,Yb176_group,"{""p4EBP1"":17,""pAKT"":32,""pERK1/2"":46,""pIKAROS"":28,""pPLCγ2"":14,""pS6"":45,""pSTAT5"":23,""pSYK"":39}","{""p4EBP1"":""(Nd144)Di"",""pAKT"":""(Tb159)Di"",""pERK1/2"":""(Yb173)Di"",""pIKAROS"":""(Gd155)Di"",""pPLCγ2"":""(Pr141)Di"",""pS6"":""(Yb172)Di"",""pSTAT5"":""(Nd150)Di"",""pSYK"":""(Er166)Di""}","{""p4EBP1"":""p4EBP1"",""pAKT"":""pAkt"",""pERK1/2"":""pErk"",""pIKAROS"":""pIkaros"",""pPLCγ2"":""pPLCg1_2"",""pS6"":""pS6"",""pSTAT5"":""pSTAT5"",""pSYK"":""pSyk""}"
6,UPN6,diagnostic_UPN_sample_label,2,BEZ-235,target,UPN6_BEZ-235.fcs,UPN6_BEZ-235.fcs,118792a32571a28bb4f06b3440c0cac07c52275a74808ad7b76d0f95af608d8f,19534511,93900,52,F,"4,3,2,1",L,58,3260,3301,19534501,cb18a46591c29fd169ed9179c9aa062ba3b033bb9083e7ed6818212a8ee8d63f,Yb176_group,"{""p4EBP1"":17,""pAKT"":32,""pERK1/2"":46,""pIKAROS"":28,""pPLCγ2"":14,""pS6"":45,""pSTAT5"":23,""pSYK"":39}","{""p4EBP1"":""(Nd144)Di"",""pAKT"":""(Tb159)Di"",""pERK1/2"":""(Yb173)Di"",""pIKAROS"":""(Gd155)Di"",""pPLCγ2"":""(Pr141)Di"",""pS6"":""(Yb172)Di"",""pSTAT5"":""(Nd150)Di"",""pSYK"":""(Er166)Di""}","{""p4EBP1"":""p4EBP1"",""pAKT"":""pAkt"",""pERK1/2"":""pErk"",""pIKAROS"":""pIkaros"",""pPLCγ2"":""pPLCg1_2"",""pS6"":""pS6"",""pSTAT5"":""pSTAT5"",""pSYK"":""pSyk""}"
6,UPN6,diagnostic_UPN_sample_label,3,Dasatinib,target,UPN6_Dasatinib.fcs,UPN6_Dasatinib.fcs,f17c615cb0bcc50c05349c060e103312b78055a127cc90a7a0744d420722f3b6,21935040,105441,52,F,"4,3,2,1",L,58,3261,3302,21935030,cb18a46591c29fd169ed9179c9aa062ba3b033bb9083e7ed6818212a8ee8d63f,Yb176_group,"{""p4EBP1"":17,""pAKT"":32,""pERK1/2"":46,""pIKAROS"":28,""pPLCγ2"":14,""pS6"":45,""pSTAT5"":23,""pSYK"":39}","{""p4EBP1"":""(Nd144)Di"",""pAKT"":""(Tb159)Di"",""pERK1/2"":""(Yb173)Di"",""pIKAROS"":""(Gd155)Di"",""pPLCγ2"":""(Pr141)Di"",""pS6"":""(Yb172)Di"",""pSTAT5"":""(Nd150)Di"",""pSYK"":""(Er166)Di""}","{""p4EBP1"":""p4EBP1"",""pAKT"":""pAkt"",""pERK1/2"":""pErk"",""pIKAROS"":""pIkaros"",""pPLCγ2"":""pPLCg1_2"",""pS6"":""pS6"",""pSTAT5"":""pSTAT5"",""pSYK"":""pSyk""}"
6,UPN6,diagnostic_UPN_sample_label,4,IL-7,target,UPN6_IL-7.fcs,UPN6_IL-7.fcs,621cce552417269ee50d95f97d26e8ad845dd07b6a234d14d46f470d90ece0f9,20710749,99555,52,F,"4,3,2,1",L,58,3258,3299,20710739,cb18a46591c29fd169ed9179c9aa062ba3b033bb9083e7ed6818212a8ee8d63f,Yb176_group,"{""p4EBP1"":17,""pAKT"":32,""pERK1/2"":46,""pIKAROS"":28,""pPLCγ2"":14,""pS6"":45,""pSTAT5"":23,""pSYK"":39}","{""p4EBP1"":""(Nd144)Di"",""pAKT"":""(Tb159)Di"",""pERK1/2"":""(Yb173)Di"",""pIKAROS"":""(Gd155)Di"",""pPLCγ2"":""(Pr141)Di"",""pS6"":""(Yb172)Di"",""pSTAT5"":""(Nd150)Di"",""pSYK"":""(Er166)Di""}","{""p4EBP1"":""p4EBP1"",""pAKT"":""pAkt"",""pERK1/2"":""pErk"",""pIKAROS"":""pIkaros"",""pPLCγ2"":""pPLCg1_2"",""pS6"":""pS6"",""pSTAT5"":""pSTAT5"",""pSYK"":""pSyk""}"
6,UPN6,diagnostic_UPN_sample_label,5,Pervanadate,target,UPN6_Pervanadate.fcs,UPN6_Pervanadate.fcs,30c721835cef39445e1688929a367331bfc2c22d0a00c6a136d19ec3a43c564f,21067684,101271,52,F,"4,3,2,1",L,58,3265,3306,21067674,cb18a46591c29fd169ed9179c9aa062ba3b033bb9083e7ed6818212a8ee8d63f,Yb176_group,"{""p4EBP1"":17,""pAKT"":32,""pERK1/2"":46,""pIKAROS"":28,""pPLCγ2"":14,""pS6"":45,""pSTAT5"":23,""pSYK"":39}","{""p4EBP1"":""(Nd144)Di"",""pAKT"":""(Tb159)Di"",""pERK1/2"":""(Yb173)Di"",""pIKAROS"":""(Gd155)Di"",""pPLCγ2"":""(Pr141)Di"",""pS6"":""(Yb172)Di"",""pSTAT5"":""(Nd150)Di"",""pSYK"":""(Er166)Di""}","{""p4EBP1"":""p4EBP1"",""pAKT"":""pAkt"",""pERK1/2"":""pErk"",""pIKAROS"":""pIkaros"",""pPLCγ2"":""pPLCg1_2"",""pS6"":""pS6"",""pSTAT5"":""pSTAT5"",""pSYK"":""pSyk""}"
6,UPN6,diagnostic_UPN_sample_label,6,TSLP,target,UPN6_TSLP.fcs,UPN6_TSLP.fcs,ea53a97b36203e7245dfdd54dbca61ca2f5ca2ea9313d0254cf9306c8a3edde0,20749646,99742,52,F,"4,3,2,1",L,58,3259,3300,20749636,cb18a46591c29fd169ed9179c9aa062ba3b033bb9083e7ed6818212a8ee8d63f,Yb176_group,"{""p4EBP1"":17,""pAKT"":32,""pERK1/2"":46,""pIKAROS"":28,""pPLCγ2"":14,""pS6"":45,""pSTAT5"":23,""pSYK"":39}","{""p4EBP1"":""(Nd144)Di"",""pAKT"":""(Tb159)Di"",""pERK1/2"":""(Yb173)Di"",""pIKAROS"":""(Gd155)Di"",""pPLCγ2"":""(Pr141)Di"",""pS6"":""(Yb172)Di"",""pSTAT5"":""(Nd150)Di"",""pSYK"":""(Er166)Di""}","{""p4EBP1"":""p4EBP1"",""pAKT"":""pAkt"",""pERK1/2"":""pErk"",""pIKAROS"":""pIkaros"",""pPLCγ2"":""pPLCg1_2"",""pS6"":""pS6"",""pSTAT5"":""pSTAT5"",""pSYK"":""pSyk""}"
6,UPN6,diagnostic_UPN_sample_label,7,Tofacitinib,target,UPN6_Tofacitinib.fcs,UPN6_Tofacitinib.fcs,9e73b59dd30f6d2ac8654bb22da753a30cb67253d5ca6bc1757ad182e883636b,20966799,100786,52,F,"4,3,2,1",L,58,3260,3301,20966789,cb18a46591c29fd169ed9179c9aa062ba3b033bb9083e7ed6818212a8ee8d63f,Yb176_group,"{""p4EBP1"":17,""pAKT"":32,""pERK1/2"":46,""pIKAROS"":28,""pPLCγ2"":14,""pS6"":45,""pSTAT5"":23,""pSYK"":39}","{""p4EBP1"":""(Nd144)Di"",""pAKT"":""(Tb159)Di"",""pERK1/2"":""(Yb173)Di"",""pIKAROS"":""(Gd155)Di"",""pPLCγ2"":""(Pr141)Di"",""pS6"":""(Yb172)Di"",""pSTAT5"":""(Nd150)Di"",""pSYK"":""(Er166)Di""}","{""p4EBP1"":""p4EBP1"",""pAKT"":""pAkt"",""pERK1/2"":""pErk"",""pIKAROS"":""pIkaros"",""pPLCγ2"":""pPLCg1_2"",""pS6"":""pS6"",""pSTAT5"":""pSTAT5"",""pSYK"":""pSyk""}"
7,UPN7,diagnostic_UPN_sample_label,0,Basal,baseline,UPN7_Basal.fcs,UPN7_Basal.fcs,3ebb0c1b8c7494850cc42f436b4c6904bcd854df02e3508a41042afc65eb4d9c,22713707,109184,52,F,"4,3,2,1",L,58,3384,3425,22713697,cb18a46591c29fd169ed9179c9aa062ba3b033bb9083e7ed6818212a8ee8d63f,Yb176_group,"{""p4EBP1"":17,""pAKT"":32,""pERK1/2"":46,""pIKAROS"":28,""pPLCγ2"":14,""pS6"":45,""pSTAT5"":23,""pSYK"":39}","{""p4EBP1"":""(Nd144)Di"",""pAKT"":""(Tb159)Di"",""pERK1/2"":""(Yb173)Di"",""pIKAROS"":""(Gd155)Di"",""pPLCγ2"":""(Pr141)Di"",""pS6"":""(Yb172)Di"",""pSTAT5"":""(Nd150)Di"",""pSYK"":""(Er166)Di""}","{""p4EBP1"":""p4EBP1"",""pAKT"":""pAkt"",""pERK1/2"":""pErk"",""pIKAROS"":""pIkaros"",""pPLCγ2"":""pPLCg1_2"",""pS6"":""pS6"",""pSTAT5"":""pSTAT5"",""pSYK"":""pSyk""}"
7,UPN7,diagnostic_UPN_sample_label,1,BCR-Crosslink,target,UPN7_BCR-Crosslink.fcs,UPN7_BCR-Crosslink.fcs,f01fb3e30398e7c35c2e618194b815e340e8eb4288151b211ea69a757f060b43,23337495,112183,52,F,"4,3,2,1",L,58,3380,3421,23337485,cb18a46591c29fd169ed9179c9aa062ba3b033bb9083e7ed6818212a8ee8d63f,Yb176_group,"{""p4EBP1"":17,""pAKT"":32,""pERK1/2"":46,""pIKAROS"":28,""pPLCγ2"":14,""pS6"":45,""pSTAT5"":23,""pSYK"":39}","{""p4EBP1"":""(Nd144)Di"",""pAKT"":""(Tb159)Di"",""pERK1/2"":""(Yb173)Di"",""pIKAROS"":""(Gd155)Di"",""pPLCγ2"":""(Pr141)Di"",""pS6"":""(Yb172)Di"",""pSTAT5"":""(Nd150)Di"",""pSYK"":""(Er166)Di""}","{""p4EBP1"":""p4EBP1"",""pAKT"":""pAkt"",""pERK1/2"":""pErk"",""pIKAROS"":""pIkaros"",""pPLCγ2"":""pPLCg1_2"",""pS6"":""pS6"",""pSTAT5"":""pSTAT5"",""pSYK"":""pSyk""}"
7,UPN7,diagnostic_UPN_sample_label,2,BEZ-235,target,UPN7_BEZ-235.fcs,UPN7_BEZ-235.fcs,e98f3145dc71176cef3f69af4db47a10c860ba5429577bed473ef20329b70a35,23400936,112488,52,F,"4,3,2,1",L,58,3381,3422,23400926,cb18a46591c29fd169ed9179c9aa062ba3b033bb9083e7ed6818212a8ee8d63f,Yb176_group,"{""p4EBP1"":17,""pAKT"":32,""pERK1/2"":46,""pIKAROS"":28,""pPLCγ2"":14,""pS6"":45,""pSTAT5"":23,""pSYK"":39}","{""p4EBP1"":""(Nd144)Di"",""pAKT"":""(Tb159)Di"",""pERK1/2"":""(Yb173)Di"",""pIKAROS"":""(Gd155)Di"",""pPLCγ2"":""(Pr141)Di"",""pS6"":""(Yb172)Di"",""pSTAT5"":""(Nd150)Di"",""pSYK"":""(Er166)Di""}","{""p4EBP1"":""p4EBP1"",""pAKT"":""pAkt"",""pERK1/2"":""pErk"",""pIKAROS"":""pIkaros"",""pPLCγ2"":""pPLCg1_2"",""pS6"":""pS6"",""pSTAT5"":""pSTAT5"",""pSYK"":""pSyk""}"
7,UPN7,diagnostic_UPN_sample_label,3,Dasatinib,target,UPN7_Dasatinib.fcs,UPN7_Dasatinib.fcs,0be17ee092bfc262e36cabc9049b02501e8f927473f28b469c7e961886d5c00b,24551171,118018,52,F,"4,3,2,1",L,58,3376,3417,24551161,cb18a46591c29fd169ed9179c9aa062ba3b033bb9083e7ed6818212a8ee8d63f,Yb176_group,"{""p4EBP1"":17,""pAKT"":32,""pERK1/2"":46,""pIKAROS"":28,""pPLCγ2"":14,""pS6"":45,""pSTAT5"":23,""pSYK"":39}","{""p4EBP1"":""(Nd144)Di"",""pAKT"":""(Tb159)Di"",""pERK1/2"":""(Yb173)Di"",""pIKAROS"":""(Gd155)Di"",""pPLCγ2"":""(Pr141)Di"",""pS6"":""(Yb172)Di"",""pSTAT5"":""(Nd150)Di"",""pSYK"":""(Er166)Di""}","{""p4EBP1"":""p4EBP1"",""pAKT"":""pAkt"",""pERK1/2"":""pErk"",""pIKAROS"":""pIkaros"",""pPLCγ2"":""pPLCg1_2"",""pS6"":""pS6"",""pSTAT5"":""pSTAT5"",""pSYK"":""pSyk""}"
7,UPN7,diagnostic_UPN_sample_label,4,IL-7,target,UPN7_IL-7.fcs,UPN7_IL-7.fcs,eb439dd3a674ab61fb90956cc00a8761333ab67a13889e82b1b16b4ecf3a855f,24803061,119229,52,F,"4,3,2,1",L,58,3378,3419,24803051,cb18a46591c29fd169ed9179c9aa062ba3b033bb9083e7ed6818212a8ee8d63f,Yb176_group,"{""p4EBP1"":17,""pAKT"":32,""pERK1/2"":46,""pIKAROS"":28,""pPLCγ2"":14,""pS6"":45,""pSTAT5"":23,""pSYK"":39}","{""p4EBP1"":""(Nd144)Di"",""pAKT"":""(Tb159)Di"",""pERK1/2"":""(Yb173)Di"",""pIKAROS"":""(Gd155)Di"",""pPLCγ2"":""(Pr141)Di"",""pS6"":""(Yb172)Di"",""pSTAT5"":""(Nd150)Di"",""pSYK"":""(Er166)Di""}","{""p4EBP1"":""p4EBP1"",""pAKT"":""pAkt"",""pERK1/2"":""pErk"",""pIKAROS"":""pIkaros"",""pPLCγ2"":""pPLCg1_2"",""pS6"":""pS6"",""pSTAT5"":""pSTAT5"",""pSYK"":""pSyk""}"
7,UPN7,diagnostic_UPN_sample_label,5,Pervanadate,target,UPN7_Pervanadate.fcs,UPN7_Pervanadate.fcs,b219140856499a2f204f547d2ce024ed66873bddd4272f0cbfec546c4af6298f,23708150,113965,52,F,"4,3,2,1",L,58,3379,3420,23708140,cb18a46591c29fd169ed9179c9aa062ba3b033bb9083e7ed6818212a8ee8d63f,Yb176_group,"{""p4EBP1"":17,""pAKT"":32,""pERK1/2"":46,""pIKAROS"":28,""pPLCγ2"":14,""pS6"":45,""pSTAT5"":23,""pSYK"":39}","{""p4EBP1"":""(Nd144)Di"",""pAKT"":""(Tb159)Di"",""pERK1/2"":""(Yb173)Di"",""pIKAROS"":""(Gd155)Di"",""pPLCγ2"":""(Pr141)Di"",""pS6"":""(Yb172)Di"",""pSTAT5"":""(Nd150)Di"",""pSYK"":""(Er166)Di""}","{""p4EBP1"":""p4EBP1"",""pAKT"":""pAkt"",""pERK1/2"":""pErk"",""pIKAROS"":""pIkaros"",""pPLCγ2"":""pPLCg1_2"",""pS6"":""pS6"",""pSTAT5"":""pSTAT5"",""pSYK"":""pSyk""}"
7,UPN7,diagnostic_UPN_sample_label,6,TSLP,target,UPN7_TSLP.fcs,UPN7_TSLP.fcs,cbb5df8d5d1d17282d5dac9bc3447915d162d57f6517a306b5719b8bb7507330,24448210,117523,52,F,"4,3,2,1",L,58,3375,3416,24448200,cb18a46591c29fd169ed9179c9aa062ba3b033bb9083e7ed6818212a8ee8d63f,Yb176_group,"{""p4EBP1"":17,""pAKT"":32,""pERK1/2"":46,""pIKAROS"":28,""pPLCγ2"":14,""pS6"":45,""pSTAT5"":23,""pSYK"":39}","{""p4EBP1"":""(Nd144)Di"",""pAKT"":""(Tb159)Di"",""pERK1/2"":""(Yb173)Di"",""pIKAROS"":""(Gd155)Di"",""pPLCγ2"":""(Pr141)Di"",""pS6"":""(Yb172)Di"",""pSTAT5"":""(Nd150)Di"",""pSYK"":""(Er166)Di""}","{""p4EBP1"":""p4EBP1"",""pAKT"":""pAkt"",""pERK1/2"":""pErk"",""pIKAROS"":""pIkaros"",""pPLCγ2"":""pPLCg1_2"",""pS6"":""pS6"",""pSTAT5"":""pSTAT5"",""pSYK"":""pSyk""}"
7,UPN7,diagnostic_UPN_sample_label,7,Tofacitinib,target,UPN7_Tofacitinib.fcs,UPN7_Tofacitinib.fcs,39955eda5f71fb8eca940ffe293b890ab67ca6e1ba0c34efd846c0eab31c3282,21973225,105624,52,F,"4,3,2,1",L,58,3382,3423,21973215,cb18a46591c29fd169ed9179c9aa062ba3b033bb9083e7ed6818212a8ee8d63f,Yb176_group,"{""p4EBP1"":17,""pAKT"":32,""pERK1/2"":46,""pIKAROS"":28,""pPLCγ2"":14,""pS6"":45,""pSTAT5"":23,""pSYK"":39}","{""p4EBP1"":""(Nd144)Di"",""pAKT"":""(Tb159)Di"",""pERK1/2"":""(Yb173)Di"",""pIKAROS"":""(Gd155)Di"",""pPLCγ2"":""(Pr141)Di"",""pS6"":""(Yb172)Di"",""pSTAT5"":""(Nd150)Di"",""pSYK"":""(Er166)Di""}","{""p4EBP1"":""p4EBP1"",""pAKT"":""pAkt"",""pERK1/2"":""pErk"",""pIKAROS"":""pIkaros"",""pPLCγ2"":""pPLCg1_2"",""pS6"":""pS6"",""pSTAT5"":""pSTAT5"",""pSYK"":""pSyk""}"
8,UPN8,diagnostic_UPN_sample_label,0,Basal,baseline,UPN8_Basal.fcs,UPN8_Basal.fcs,3b34f5824179681c6143eb9f6472d0815cf9f4c0ea8a7583f633f93825599c9a,63370846,304651,52,F,"4,3,2,1",L,58,3387,3428,63370836,cb18a46591c29fd169ed9179c9aa062ba3b033bb9083e7ed6818212a8ee8d63f,Yb176_group,"{""p4EBP1"":17,""pAKT"":32,""pERK1/2"":46,""pIKAROS"":28,""pPLCγ2"":14,""pS6"":45,""pSTAT5"":23,""pSYK"":39}","{""p4EBP1"":""(Nd144)Di"",""pAKT"":""(Tb159)Di"",""pERK1/2"":""(Yb173)Di"",""pIKAROS"":""(Gd155)Di"",""pPLCγ2"":""(Pr141)Di"",""pS6"":""(Yb172)Di"",""pSTAT5"":""(Nd150)Di"",""pSYK"":""(Er166)Di""}","{""p4EBP1"":""p4EBP1"",""pAKT"":""pAkt"",""pERK1/2"":""pErk"",""pIKAROS"":""pIkaros"",""pPLCγ2"":""pPLCg1_2"",""pS6"":""pS6"",""pSTAT5"":""pSTAT5"",""pSYK"":""pSyk""}"
8,UPN8,diagnostic_UPN_sample_label,1,BCR-Crosslink,target,UPN8_BCR-Crosslink.fcs,UPN8_BCR-Crosslink.fcs,4724366a8c12425458ea4608dce3bd86367240ccff26e7137351f1edcc10f4d5,17047993,81945,52,F,"4,3,2,1",L,58,3382,3423,17047983,cb18a46591c29fd169ed9179c9aa062ba3b033bb9083e7ed6818212a8ee8d63f,Yb176_group,"{""p4EBP1"":17,""pAKT"":32,""pERK1/2"":46,""pIKAROS"":28,""pPLCγ2"":14,""pS6"":45,""pSTAT5"":23,""pSYK"":39}","{""p4EBP1"":""(Nd144)Di"",""pAKT"":""(Tb159)Di"",""pERK1/2"":""(Yb173)Di"",""pIKAROS"":""(Gd155)Di"",""pPLCγ2"":""(Pr141)Di"",""pS6"":""(Yb172)Di"",""pSTAT5"":""(Nd150)Di"",""pSYK"":""(Er166)Di""}","{""p4EBP1"":""p4EBP1"",""pAKT"":""pAkt"",""pERK1/2"":""pErk"",""pIKAROS"":""pIkaros"",""pPLCγ2"":""pPLCg1_2"",""pS6"":""pS6"",""pSTAT5"":""pSTAT5"",""pSYK"":""pSyk""}"
8,UPN8,diagnostic_UPN_sample_label,2,BEZ-235,target,UPN8_BEZ-235.fcs,UPN8_BEZ-235.fcs,89111760213018e0b3a2105c17c5690fa819a7c490bd24b7713f8ff2a7ca7ed6,12301640,59126,52,F,"4,3,2,1",L,58,3381,3422,12301630,cb18a46591c29fd169ed9179c9aa062ba3b033bb9083e7ed6818212a8ee8d63f,Yb176_group,"{""p4EBP1"":17,""pAKT"":32,""pERK1/2"":46,""pIKAROS"":28,""pPLCγ2"":14,""pS6"":45,""pSTAT5"":23,""pSYK"":39}","{""p4EBP1"":""(Nd144)Di"",""pAKT"":""(Tb159)Di"",""pERK1/2"":""(Yb173)Di"",""pIKAROS"":""(Gd155)Di"",""pPLCγ2"":""(Pr141)Di"",""pS6"":""(Yb172)Di"",""pSTAT5"":""(Nd150)Di"",""pSYK"":""(Er166)Di""}","{""p4EBP1"":""p4EBP1"",""pAKT"":""pAkt"",""pERK1/2"":""pErk"",""pIKAROS"":""pIkaros"",""pPLCγ2"":""pPLCg1_2"",""pS6"":""pS6"",""pSTAT5"":""pSTAT5"",""pSYK"":""pSyk""}"
8,UPN8,diagnostic_UPN_sample_label,3,Dasatinib,target,UPN8_Dasatinib.fcs,UPN8_Dasatinib.fcs,e27cf0da838a48d45240fc4c99ba9ac7bb31d8b87019d481265e00269b63c7a5,12006282,57706,52,F,"4,3,2,1",L,58,3383,3424,12006272,cb18a46591c29fd169ed9179c9aa062ba3b033bb9083e7ed6818212a8ee8d63f,Yb176_group,"{""p4EBP1"":17,""pAKT"":32,""pERK1/2"":46,""pIKAROS"":28,""pPLCγ2"":14,""pS6"":45,""pSTAT5"":23,""pSYK"":39}","{""p4EBP1"":""(Nd144)Di"",""pAKT"":""(Tb159)Di"",""pERK1/2"":""(Yb173)Di"",""pIKAROS"":""(Gd155)Di"",""pPLCγ2"":""(Pr141)Di"",""pS6"":""(Yb172)Di"",""pSTAT5"":""(Nd150)Di"",""pSYK"":""(Er166)Di""}","{""p4EBP1"":""p4EBP1"",""pAKT"":""pAkt"",""pERK1/2"":""pErk"",""pIKAROS"":""pIkaros"",""pPLCγ2"":""pPLCg1_2"",""pS6"":""pS6"",""pSTAT5"":""pSTAT5"",""pSYK"":""pSyk""}"
8,UPN8,diagnostic_UPN_sample_label,4,IL-7,target,UPN8_IL-7.fcs,UPN8_IL-7.fcs,4df6516de0892089b48c94df59612803063aadb7a718a06ebe289b75fa1c7afd,10356425,49774,52,F,"4,3,2,1",L,58,3382,3423,10356415,cb18a46591c29fd169ed9179c9aa062ba3b033bb9083e7ed6818212a8ee8d63f,Yb176_group,"{""p4EBP1"":17,""pAKT"":32,""pERK1/2"":46,""pIKAROS"":28,""pPLCγ2"":14,""pS6"":45,""pSTAT5"":23,""pSYK"":39}","{""p4EBP1"":""(Nd144)Di"",""pAKT"":""(Tb159)Di"",""pERK1/2"":""(Yb173)Di"",""pIKAROS"":""(Gd155)Di"",""pPLCγ2"":""(Pr141)Di"",""pS6"":""(Yb172)Di"",""pSTAT5"":""(Nd150)Di"",""pSYK"":""(Er166)Di""}","{""p4EBP1"":""p4EBP1"",""pAKT"":""pAkt"",""pERK1/2"":""pErk"",""pIKAROS"":""pIkaros"",""pPLCγ2"":""pPLCg1_2"",""pS6"":""pS6"",""pSTAT5"":""pSTAT5"",""pSYK"":""pSyk""}"
8,UPN8,diagnostic_UPN_sample_label,5,Pervanadate,target,UPN8_Pervanadate.fcs,UPN8_Pervanadate.fcs,dddbc5b35fede3c4bf7a10275892c33c947717ebd81d6721ef2679c78f59571d,13167132,63287,52,F,"4,3,2,1",L,58,3385,3426,13167122,cb18a46591c29fd169ed9179c9aa062ba3b033bb9083e7ed6818212a8ee8d63f,Yb176_group,"{""p4EBP1"":17,""pAKT"":32,""pERK1/2"":46,""pIKAROS"":28,""pPLCγ2"":14,""pS6"":45,""pSTAT5"":23,""pSYK"":39}","{""p4EBP1"":""(Nd144)Di"",""pAKT"":""(Tb159)Di"",""pERK1/2"":""(Yb173)Di"",""pIKAROS"":""(Gd155)Di"",""pPLCγ2"":""(Pr141)Di"",""pS6"":""(Yb172)Di"",""pSTAT5"":""(Nd150)Di"",""pSYK"":""(Er166)Di""}","{""p4EBP1"":""p4EBP1"",""pAKT"":""pAkt"",""pERK1/2"":""pErk"",""pIKAROS"":""pIkaros"",""pPLCγ2"":""pPLCg1_2"",""pS6"":""pS6"",""pSTAT5"":""pSTAT5"",""pSYK"":""pSyk""}"
8,UPN8,diagnostic_UPN_sample_label,6,TSLP,target,UPN8_TSLP.fcs,UPN8_TSLP.fcs,9b6f60439019bc086bc6617db5f41458f61a65dd9afec1ac3053de74061b16ac,12283336,59038,52,F,"4,3,2,1",L,58,3381,3422,12283326,cb18a46591c29fd169ed9179c9aa062ba3b033bb9083e7ed6818212a8ee8d63f,Yb176_group,"{""p4EBP1"":17,""pAKT"":32,""pERK1/2"":46,""pIKAROS"":28,""pPLCγ2"":14,""pS6"":45,""pSTAT5"":23,""pSYK"":39}","{""p4EBP1"":""(Nd144)Di"",""pAKT"":""(Tb159)Di"",""pERK1/2"":""(Yb173)Di"",""pIKAROS"":""(Gd155)Di"",""pPLCγ2"":""(Pr141)Di"",""pS6"":""(Yb172)Di"",""pSTAT5"":""(Nd150)Di"",""pSYK"":""(Er166)Di""}","{""p4EBP1"":""p4EBP1"",""pAKT"":""pAkt"",""pERK1/2"":""pErk"",""pIKAROS"":""pIkaros"",""pPLCγ2"":""pPLCg1_2"",""pS6"":""pS6"",""pSTAT5"":""pSTAT5"",""pSYK"":""pSyk""}"
8,UPN8,diagnostic_UPN_sample_label,7,Tofacitinib,target,UPN8_Tofacitinib.fcs,UPN8_Tofacitinib.fcs,1a6eb1af1da7a949485a16587a9cddf07aed90ee6d9e0bcfcc7ca919c71c5909,11411400,54846,52,F,"4,3,2,1",L,58,3381,3422,11411390,cb18a46591c29fd169ed9179c9aa062ba3b033bb9083e7ed6818212a8ee8d63f,Yb176_group,"{""p4EBP1"":17,""pAKT"":32,""pERK1/2"":46,""pIKAROS"":28,""pPLCγ2"":14,""pS6"":45,""pSTAT5"":23,""pSYK"":39}","{""p4EBP1"":""(Nd144)Di"",""pAKT"":""(Tb159)Di"",""pERK1/2"":""(Yb173)Di"",""pIKAROS"":""(Gd155)Di"",""pPLCγ2"":""(Pr141)Di"",""pS6"":""(Yb172)Di"",""pSTAT5"":""(Nd150)Di"",""pSYK"":""(Er166)Di""}","{""p4EBP1"":""p4EBP1"",""pAKT"":""pAkt"",""pERK1/2"":""pErk"",""pIKAROS"":""pIkaros"",""pPLCγ2"":""pPLCg1_2"",""pS6"":""pS6"",""pSTAT5"":""pSTAT5"",""pSYK"":""pSyk""}"
9,UPN9,diagnostic_UPN_sample_label,0,Basal,baseline,UPN9_Basal.fcs,UPN9_Basal.fcs,d6cc54d418740eb614c29d0d3149e4ed9dc4c29db97c828309b270a6138a31c4,135154981,649767,52,F,"4,3,2,1",L,58,3394,3435,135154971,cb18a46591c29fd169ed9179c9aa062ba3b033bb9083e7ed6818212a8ee8d63f,Yb176_group,"{""p4EBP1"":17,""pAKT"":32,""pERK1/2"":46,""pIKAROS"":28,""pPLCγ2"":14,""pS6"":45,""pSTAT5"":23,""pSYK"":39}","{""p4EBP1"":""(Nd144)Di"",""pAKT"":""(Tb159)Di"",""pERK1/2"":""(Yb173)Di"",""pIKAROS"":""(Gd155)Di"",""pPLCγ2"":""(Pr141)Di"",""pS6"":""(Yb172)Di"",""pSTAT5"":""(Nd150)Di"",""pSYK"":""(Er166)Di""}","{""p4EBP1"":""p4EBP1"",""pAKT"":""pAkt"",""pERK1/2"":""pErk"",""pIKAROS"":""pIkaros"",""pPLCγ2"":""pPLCg1_2"",""pS6"":""pS6"",""pSTAT5"":""pSTAT5"",""pSYK"":""pSyk""}"
9,UPN9,diagnostic_UPN_sample_label,1,BCR-Crosslink,target,UPN9_BCR-Crosslink.fcs,UPN9_BCR-Crosslink.fcs,7d966c18377831929b3c682ee09f3a61c6e547cbb992d49d1b4e1c5daf244a76,6650894,31959,52,F,"4,3,2,1",L,58,3371,3412,6650884,cb18a46591c29fd169ed9179c9aa062ba3b033bb9083e7ed6818212a8ee8d63f,Yb176_group,"{""p4EBP1"":17,""pAKT"":32,""pERK1/2"":46,""pIKAROS"":28,""pPLCγ2"":14,""pS6"":45,""pSTAT5"":23,""pSYK"":39}","{""p4EBP1"":""(Nd144)Di"",""pAKT"":""(Tb159)Di"",""pERK1/2"":""(Yb173)Di"",""pIKAROS"":""(Gd155)Di"",""pPLCγ2"":""(Pr141)Di"",""pS6"":""(Yb172)Di"",""pSTAT5"":""(Nd150)Di"",""pSYK"":""(Er166)Di""}","{""p4EBP1"":""p4EBP1"",""pAKT"":""pAkt"",""pERK1/2"":""pErk"",""pIKAROS"":""pIkaros"",""pPLCγ2"":""pPLCg1_2"",""pS6"":""pS6"",""pSTAT5"":""pSTAT5"",""pSYK"":""pSyk""}"
9,UPN9,diagnostic_UPN_sample_label,2,BEZ-235,target,UPN9_BEZ-235.fcs,UPN9_BEZ-235.fcs,ad19c561a98fbe1ecbf10b0eadbedc2065b986cf11de6610cafdf04325d54323,6278988,30171,52,F,"4,3,2,1",L,58,3369,3410,6278978,cb18a46591c29fd169ed9179c9aa062ba3b033bb9083e7ed6818212a8ee8d63f,Yb176_group,"{""p4EBP1"":17,""pAKT"":32,""pERK1/2"":46,""pIKAROS"":28,""pPLCγ2"":14,""pS6"":45,""pSTAT5"":23,""pSYK"":39}","{""p4EBP1"":""(Nd144)Di"",""pAKT"":""(Tb159)Di"",""pERK1/2"":""(Yb173)Di"",""pIKAROS"":""(Gd155)Di"",""pPLCγ2"":""(Pr141)Di"",""pS6"":""(Yb172)Di"",""pSTAT5"":""(Nd150)Di"",""pSYK"":""(Er166)Di""}","{""p4EBP1"":""p4EBP1"",""pAKT"":""pAkt"",""pERK1/2"":""pErk"",""pIKAROS"":""pIkaros"",""pPLCγ2"":""pPLCg1_2"",""pS6"":""pS6"",""pSTAT5"":""pSTAT5"",""pSYK"":""pSyk""}"
9,UPN9,diagnostic_UPN_sample_label,3,Dasatinib,target,UPN9_Dasatinib.fcs,UPN9_Dasatinib.fcs,6c2ae6da7a0aa84e2aca5fc74426dc780c640e7df717bb4c266ee0383ff7720c,6743042,32402,52,F,"4,3,2,1",L,58,3375,3416,6743032,cb18a46591c29fd169ed9179c9aa062ba3b033bb9083e7ed6818212a8ee8d63f,Yb176_group,"{""p4EBP1"":17,""pAKT"":32,""pERK1/2"":46,""pIKAROS"":28,""pPLCγ2"":14,""pS6"":45,""pSTAT5"":23,""pSYK"":39}","{""p4EBP1"":""(Nd144)Di"",""pAKT"":""(Tb159)Di"",""pERK1/2"":""(Yb173)Di"",""pIKAROS"":""(Gd155)Di"",""pPLCγ2"":""(Pr141)Di"",""pS6"":""(Yb172)Di"",""pSTAT5"":""(Nd150)Di"",""pSYK"":""(Er166)Di""}","{""p4EBP1"":""p4EBP1"",""pAKT"":""pAkt"",""pERK1/2"":""pErk"",""pIKAROS"":""pIkaros"",""pPLCγ2"":""pPLCg1_2"",""pS6"":""pS6"",""pSTAT5"":""pSTAT5"",""pSYK"":""pSyk""}"
9,UPN9,diagnostic_UPN_sample_label,4,IL-7,target,UPN9_IL-7.fcs,UPN9_IL-7.fcs,ee17a0ffe71f63712351cfaa3d723b2f64865f2cae91963beabc52159eb4337d,6678559,32092,52,F,"4,3,2,1",L,58,3372,3413,6678549,cb18a46591c29fd169ed9179c9aa062ba3b033bb9083e7ed6818212a8ee8d63f,Yb176_group,"{""p4EBP1"":17,""pAKT"":32,""pERK1/2"":46,""pIKAROS"":28,""pPLCγ2"":14,""pS6"":45,""pSTAT5"":23,""pSYK"":39}","{""p4EBP1"":""(Nd144)Di"",""pAKT"":""(Tb159)Di"",""pERK1/2"":""(Yb173)Di"",""pIKAROS"":""(Gd155)Di"",""pPLCγ2"":""(Pr141)Di"",""pS6"":""(Yb172)Di"",""pSTAT5"":""(Nd150)Di"",""pSYK"":""(Er166)Di""}","{""p4EBP1"":""p4EBP1"",""pAKT"":""pAkt"",""pERK1/2"":""pErk"",""pIKAROS"":""pIkaros"",""pPLCγ2"":""pPLCg1_2"",""pS6"":""pS6"",""pSTAT5"":""pSTAT5"",""pSYK"":""pSyk""}"
9,UPN9,diagnostic_UPN_sample_label,5,Pervanadate,target,UPN9_Pervanadate.fcs,UPN9_Pervanadate.fcs,5244ba1b98ae8e3e19e5ae185c960109980ba24c42ab00bc7945227fd868c0f5,7560691,36333,52,F,"4,3,2,1",L,58,3376,3417,7560681,cb18a46591c29fd169ed9179c9aa062ba3b033bb9083e7ed6818212a8ee8d63f,Yb176_group,"{""p4EBP1"":17,""pAKT"":32,""pERK1/2"":46,""pIKAROS"":28,""pPLCγ2"":14,""pS6"":45,""pSTAT5"":23,""pSYK"":39}","{""p4EBP1"":""(Nd144)Di"",""pAKT"":""(Tb159)Di"",""pERK1/2"":""(Yb173)Di"",""pIKAROS"":""(Gd155)Di"",""pPLCγ2"":""(Pr141)Di"",""pS6"":""(Yb172)Di"",""pSTAT5"":""(Nd150)Di"",""pSYK"":""(Er166)Di""}","{""p4EBP1"":""p4EBP1"",""pAKT"":""pAkt"",""pERK1/2"":""pErk"",""pIKAROS"":""pIkaros"",""pPLCγ2"":""pPLCg1_2"",""pS6"":""pS6"",""pSTAT5"":""pSTAT5"",""pSYK"":""pSyk""}"
9,UPN9,diagnostic_UPN_sample_label,6,TSLP,target,UPN9_TSLP.fcs,UPN9_TSLP.fcs,90db24a8d86ba13d97db917a544d7e9a63be79d9790b663a9d6f6b5e04bd44b2,6340353,30466,52,F,"4,3,2,1",L,58,3374,3415,6340343,cb18a46591c29fd169ed9179c9aa062ba3b033bb9083e7ed6818212a8ee8d63f,Yb176_group,"{""p4EBP1"":17,""pAKT"":32,""pERK1/2"":46,""pIKAROS"":28,""pPLCγ2"":14,""pS6"":45,""pSTAT5"":23,""pSYK"":39}","{""p4EBP1"":""(Nd144)Di"",""pAKT"":""(Tb159)Di"",""pERK1/2"":""(Yb173)Di"",""pIKAROS"":""(Gd155)Di"",""pPLCγ2"":""(Pr141)Di"",""pS6"":""(Yb172)Di"",""pSTAT5"":""(Nd150)Di"",""pSYK"":""(Er166)Di""}","{""p4EBP1"":""p4EBP1"",""pAKT"":""pAkt"",""pERK1/2"":""pErk"",""pIKAROS"":""pIkaros"",""pPLCγ2"":""pPLCg1_2"",""pS6"":""pS6"",""pSTAT5"":""pSTAT5"",""pSYK"":""pSyk""}"
9,UPN9,diagnostic_UPN_sample_label,7,Tofacitinib,target,UPN9_Tofacitinib.fcs,UPN9_Tofacitinib.fcs,8e129dc1e3d57015f918c648bb727429a9122f48b3fd9731794fe0180764ff39,5590933,26863,52,F,"4,3,2,1",L,58,3378,3419,5590923,cb18a46591c29fd169ed9179c9aa062ba3b033bb9083e7ed6818212a8ee8d63f,Yb176_group,"{""p4EBP1"":17,""pAKT"":32,""pERK1/2"":46,""pIKAROS"":28,""pPLCγ2"":14,""pS6"":45,""pSTAT5"":23,""pSYK"":39}","{""p4EBP1"":""(Nd144)Di"",""pAKT"":""(Tb159)Di"",""pERK1/2"":""(Yb173)Di"",""pIKAROS"":""(Gd155)Di"",""pPLCγ2"":""(Pr141)Di"",""pS6"":""(Yb172)Di"",""pSTAT5"":""(Nd150)Di"",""pSYK"":""(Er166)Di""}","{""p4EBP1"":""p4EBP1"",""pAKT"":""pAkt"",""pERK1/2"":""pErk"",""pIKAROS"":""pIkaros"",""pPLCγ2"":""pPLCg1_2"",""pS6"":""pS6"",""pSTAT5"":""pSTAT5"",""pSYK"":""pSyk""}"
10,UPN11,diagnostic_UPN_sample_label,0,Basal,baseline,UPN11_Basal.fcs,UPN11_Basal.fcs,64dcbae15b29eb3de42ee0fc7a499eaffc45ca0093e679801cfe26a4aa97251e,5878602,28246,52,F,"4,3,2,1",L,58,3383,3424,5878592,cb18a46591c29fd169ed9179c9aa062ba3b033bb9083e7ed6818212a8ee8d63f,Yb176_group,"{""p4EBP1"":17,""pAKT"":32,""pERK1/2"":46,""pIKAROS"":28,""pPLCγ2"":14,""pS6"":45,""pSTAT5"":23,""pSYK"":39}","{""p4EBP1"":""(Nd144)Di"",""pAKT"":""(Tb159)Di"",""pERK1/2"":""(Yb173)Di"",""pIKAROS"":""(Gd155)Di"",""pPLCγ2"":""(Pr141)Di"",""pS6"":""(Yb172)Di"",""pSTAT5"":""(Nd150)Di"",""pSYK"":""(Er166)Di""}","{""p4EBP1"":""p4EBP1"",""pAKT"":""pAkt"",""pERK1/2"":""pErk"",""pIKAROS"":""pIkaros"",""pPLCγ2"":""pPLCg1_2"",""pS6"":""pS6"",""pSTAT5"":""pSTAT5"",""pSYK"":""pSyk""}"
10,UPN11,diagnostic_UPN_sample_label,1,BCR-Crosslink,target,UPN11_BCR-Crosslink.fcs,UPN11_BCR-Crosslink.fcs,957a9e0b41510d7928d78da047f80cd1733999f0473cb1fb1a1beb5f7765a388,9133385,43894,52,F,"4,3,2,1",L,58,3382,3423,9133375,cb18a46591c29fd169ed9179c9aa062ba3b033bb9083e7ed6818212a8ee8d63f,Yb176_group,"{""p4EBP1"":17,""pAKT"":32,""pERK1/2"":46,""pIKAROS"":28,""pPLCγ2"":14,""pS6"":45,""pSTAT5"":23,""pSYK"":39}","{""p4EBP1"":""(Nd144)Di"",""pAKT"":""(Tb159)Di"",""pERK1/2"":""(Yb173)Di"",""pIKAROS"":""(Gd155)Di"",""pPLCγ2"":""(Pr141)Di"",""pS6"":""(Yb172)Di"",""pSTAT5"":""(Nd150)Di"",""pSYK"":""(Er166)Di""}","{""p4EBP1"":""p4EBP1"",""pAKT"":""pAkt"",""pERK1/2"":""pErk"",""pIKAROS"":""pIkaros"",""pPLCγ2"":""pPLCg1_2"",""pS6"":""pS6"",""pSTAT5"":""pSTAT5"",""pSYK"":""pSyk""}"
10,UPN11,diagnostic_UPN_sample_label,2,BEZ-235,target,UPN11_BEZ-235.fcs,UPN11_BEZ-235.fcs,ad97cd2adf9b11462a339ed5915965b4dec415e8a497cf8f20f07f7af5ecfed6,10238909,49209,52,F,"4,3,2,1",L,58,3386,3427,10238899,cb18a46591c29fd169ed9179c9aa062ba3b033bb9083e7ed6818212a8ee8d63f,Yb176_group,"{""p4EBP1"":17,""pAKT"":32,""pERK1/2"":46,""pIKAROS"":28,""pPLCγ2"":14,""pS6"":45,""pSTAT5"":23,""pSYK"":39}","{""p4EBP1"":""(Nd144)Di"",""pAKT"":""(Tb159)Di"",""pERK1/2"":""(Yb173)Di"",""pIKAROS"":""(Gd155)Di"",""pPLCγ2"":""(Pr141)Di"",""pS6"":""(Yb172)Di"",""pSTAT5"":""(Nd150)Di"",""pSYK"":""(Er166)Di""}","{""p4EBP1"":""p4EBP1"",""pAKT"":""pAkt"",""pERK1/2"":""pErk"",""pIKAROS"":""pIkaros"",""pPLCγ2"":""pPLCg1_2"",""pS6"":""pS6"",""pSTAT5"":""pSTAT5"",""pSYK"":""pSyk""}"
10,UPN11,diagnostic_UPN_sample_label,3,Dasatinib,target,UPN11_Dasatinib.fcs,UPN11_Dasatinib.fcs,e4dd259745dd6ca2fada08abb5ac5c12b3f54acad050f6c89729c82d00112b44,10282798,49420,52,F,"4,3,2,1",L,58,3387,3428,10282788,cb18a46591c29fd169ed9179c9aa062ba3b033bb9083e7ed6818212a8ee8d63f,Yb176_group,"{""p4EBP1"":17,""pAKT"":32,""pERK1/2"":46,""pIKAROS"":28,""pPLCγ2"":14,""pS6"":45,""pSTAT5"":23,""pSYK"":39}","{""p4EBP1"":""(Nd144)Di"",""pAKT"":""(Tb159)Di"",""pERK1/2"":""(Yb173)Di"",""pIKAROS"":""(Gd155)Di"",""pPLCγ2"":""(Pr141)Di"",""pS6"":""(Yb172)Di"",""pSTAT5"":""(Nd150)Di"",""pSYK"":""(Er166)Di""}","{""p4EBP1"":""p4EBP1"",""pAKT"":""pAkt"",""pERK1/2"":""pErk"",""pIKAROS"":""pIkaros"",""pPLCγ2"":""pPLCg1_2"",""pS6"":""pS6"",""pSTAT5"":""pSTAT5"",""pSYK"":""pSyk""}"
10,UPN11,diagnostic_UPN_sample_label,4,IL-7,target,UPN11_IL-7.fcs,UPN11_IL-7.fcs,2966d0b87b98995bfb193ce0c9e624e517bef3c59ac2ce57dcf319c7d79bd287,9841003,47296,52,F,"4,3,2,1",L,58,3384,3425,9840993,cb18a46591c29fd169ed9179c9aa062ba3b033bb9083e7ed6818212a8ee8d63f,Yb176_group,"{""p4EBP1"":17,""pAKT"":32,""pERK1/2"":46,""pIKAROS"":28,""pPLCγ2"":14,""pS6"":45,""pSTAT5"":23,""pSYK"":39}","{""p4EBP1"":""(Nd144)Di"",""pAKT"":""(Tb159)Di"",""pERK1/2"":""(Yb173)Di"",""pIKAROS"":""(Gd155)Di"",""pPLCγ2"":""(Pr141)Di"",""pS6"":""(Yb172)Di"",""pSTAT5"":""(Nd150)Di"",""pSYK"":""(Er166)Di""}","{""p4EBP1"":""p4EBP1"",""pAKT"":""pAkt"",""pERK1/2"":""pErk"",""pIKAROS"":""pIkaros"",""pPLCγ2"":""pPLCg1_2"",""pS6"":""pS6"",""pSTAT5"":""pSTAT5"",""pSYK"":""pSyk""}"
10,UPN11,diagnostic_UPN_sample_label,5,Pervanadate,target,UPN11_Pervanadate.fcs,UPN11_Pervanadate.fcs,0b22de6a49d41c10dc1dc40b011feefe721af225e2659bfcd542e4a764b25a1c,9125069,43854,52,F,"4,3,2,1",L,58,3386,3427,9125059,cb18a46591c29fd169ed9179c9aa062ba3b033bb9083e7ed6818212a8ee8d63f,Yb176_group,"{""p4EBP1"":17,""pAKT"":32,""pERK1/2"":46,""pIKAROS"":28,""pPLCγ2"":14,""pS6"":45,""pSTAT5"":23,""pSYK"":39}","{""p4EBP1"":""(Nd144)Di"",""pAKT"":""(Tb159)Di"",""pERK1/2"":""(Yb173)Di"",""pIKAROS"":""(Gd155)Di"",""pPLCγ2"":""(Pr141)Di"",""pS6"":""(Yb172)Di"",""pSTAT5"":""(Nd150)Di"",""pSYK"":""(Er166)Di""}","{""p4EBP1"":""p4EBP1"",""pAKT"":""pAkt"",""pERK1/2"":""pErk"",""pIKAROS"":""pIkaros"",""pPLCγ2"":""pPLCg1_2"",""pS6"":""pS6"",""pSTAT5"":""pSTAT5"",""pSYK"":""pSyk""}"
10,UPN11,diagnostic_UPN_sample_label,6,TSLP,target,UPN11_TSLP.fcs,UPN11_TSLP.fcs,74c52f7e9133bee0553e3d9b8fd1511fea5123fb8e219be3988cce04d5fc1906,9900490,47582,52,F,"4,3,2,1",L,58,3383,3424,9900480,cb18a46591c29fd169ed9179c9aa062ba3b033bb9083e7ed6818212a8ee8d63f,Yb176_group,"{""p4EBP1"":17,""pAKT"":32,""pERK1/2"":46,""pIKAROS"":28,""pPLCγ2"":14,""pS6"":45,""pSTAT5"":23,""pSYK"":39}","{""p4EBP1"":""(Nd144)Di"",""pAKT"":""(Tb159)Di"",""pERK1/2"":""(Yb173)Di"",""pIKAROS"":""(Gd155)Di"",""pPLCγ2"":""(Pr141)Di"",""pS6"":""(Yb172)Di"",""pSTAT5"":""(Nd150)Di"",""pSYK"":""(Er166)Di""}","{""p4EBP1"":""p4EBP1"",""pAKT"":""pAkt"",""pERK1/2"":""pErk"",""pIKAROS"":""pIkaros"",""pPLCγ2"":""pPLCg1_2"",""pS6"":""pS6"",""pSTAT5"":""pSTAT5"",""pSYK"":""pSyk""}"
10,UPN11,diagnostic_UPN_sample_label,7,Tofacitinib,target,UPN11_Tofacitinib.fcs,UPN11_Tofacitinib.fcs,9e568a9abc1c7f603f68e98103596762272d22293d40d96f9ca5331307055a1f,9204937,44238,52,F,"4,3,2,1",L,58,3382,3423,9204927,cb18a46591c29fd169ed9179c9aa062ba3b033bb9083e7ed6818212a8ee8d63f,Yb176_group,"{""p4EBP1"":17,""pAKT"":32,""pERK1/2"":46,""pIKAROS"":28,""pPLCγ2"":14,""pS6"":45,""pSTAT5"":23,""pSYK"":39}","{""p4EBP1"":""(Nd144)Di"",""pAKT"":""(Tb159)Di"",""pERK1/2"":""(Yb173)Di"",""pIKAROS"":""(Gd155)Di"",""pPLCγ2"":""(Pr141)Di"",""pS6"":""(Yb172)Di"",""pSTAT5"":""(Nd150)Di"",""pSYK"":""(Er166)Di""}","{""p4EBP1"":""p4EBP1"",""pAKT"":""pAkt"",""pERK1/2"":""pErk"",""pIKAROS"":""pIkaros"",""pPLCγ2"":""pPLCg1_2"",""pS6"":""pS6"",""pSTAT5"":""pSTAT5"",""pSYK"":""pSyk""}"
11,UPN12,diagnostic_UPN_sample_label,0,Basal,baseline,UPN12_Basal.fcs,UPN12_Basal.fcs,543eb07b92b5e475ce97046310abb980dc5d45bc0c95416e2bdc234cda593552,22569652,108492,52,F,"4,3,2,1",L,58,3265,3306,22569642,cb18a46591c29fd169ed9179c9aa062ba3b033bb9083e7ed6818212a8ee8d63f,Yb176_group,"{""p4EBP1"":17,""pAKT"":32,""pERK1/2"":46,""pIKAROS"":28,""pPLCγ2"":14,""pS6"":45,""pSTAT5"":23,""pSYK"":39}","{""p4EBP1"":""(Nd144)Di"",""pAKT"":""(Tb159)Di"",""pERK1/2"":""(Yb173)Di"",""pIKAROS"":""(Gd155)Di"",""pPLCγ2"":""(Pr141)Di"",""pS6"":""(Yb172)Di"",""pSTAT5"":""(Nd150)Di"",""pSYK"":""(Er166)Di""}","{""p4EBP1"":""p4EBP1"",""pAKT"":""pAkt"",""pERK1/2"":""pErk"",""pIKAROS"":""pIkaros"",""pPLCγ2"":""pPLCg1_2"",""pS6"":""pS6"",""pSTAT5"":""pSTAT5"",""pSYK"":""pSyk""}"
11,UPN12,diagnostic_UPN_sample_label,1,BCR-Crosslink,target,UPN12_BCR-Crosslink.fcs,UPN12_BCR-Crosslink.fcs,4cef5503ec30034ef0e1eb9f3d08d24729e8ee65c91aa4d31966ac10e288b594,20264802,97411,52,F,"4,3,2,1",L,58,3263,3304,20264792,cb18a46591c29fd169ed9179c9aa062ba3b033bb9083e7ed6818212a8ee8d63f,Yb176_group,"{""p4EBP1"":17,""pAKT"":32,""pERK1/2"":46,""pIKAROS"":28,""pPLCγ2"":14,""pS6"":45,""pSTAT5"":23,""pSYK"":39}","{""p4EBP1"":""(Nd144)Di"",""pAKT"":""(Tb159)Di"",""pERK1/2"":""(Yb173)Di"",""pIKAROS"":""(Gd155)Di"",""pPLCγ2"":""(Pr141)Di"",""pS6"":""(Yb172)Di"",""pSTAT5"":""(Nd150)Di"",""pSYK"":""(Er166)Di""}","{""p4EBP1"":""p4EBP1"",""pAKT"":""pAkt"",""pERK1/2"":""pErk"",""pIKAROS"":""pIkaros"",""pPLCγ2"":""pPLCg1_2"",""pS6"":""pS6"",""pSTAT5"":""pSTAT5"",""pSYK"":""pSyk""}"
11,UPN12,diagnostic_UPN_sample_label,2,BEZ-235,target,UPN12_BEZ-235.fcs,UPN12_BEZ-235.fcs,bfe990ff6955ebd2ce7c77e7e752d30f834c40c534e7476313dd6c1a58a52837,23368371,112332,52,F,"4,3,2,1",L,58,3264,3305,23368361,cb18a46591c29fd169ed9179c9aa062ba3b033bb9083e7ed6818212a8ee8d63f,Yb176_group,"{""p4EBP1"":17,""pAKT"":32,""pERK1/2"":46,""pIKAROS"":28,""pPLCγ2"":14,""pS6"":45,""pSTAT5"":23,""pSYK"":39}","{""p4EBP1"":""(Nd144)Di"",""pAKT"":""(Tb159)Di"",""pERK1/2"":""(Yb173)Di"",""pIKAROS"":""(Gd155)Di"",""pPLCγ2"":""(Pr141)Di"",""pS6"":""(Yb172)Di"",""pSTAT5"":""(Nd150)Di"",""pSYK"":""(Er166)Di""}","{""p4EBP1"":""p4EBP1"",""pAKT"":""pAkt"",""pERK1/2"":""pErk"",""pIKAROS"":""pIkaros"",""pPLCγ2"":""pPLCg1_2"",""pS6"":""pS6"",""pSTAT5"":""pSTAT5"",""pSYK"":""pSyk""}"
11,UPN12,diagnostic_UPN_sample_label,3,Dasatinib,target,UPN12_Dasatinib.fcs,UPN12_Dasatinib.fcs,cc8afd294dd1902b65197015c32bc7917f0a0a3e9c8d875d0f83d54cab0e220d,23236085,111696,52,F,"4,3,2,1",L,58,3266,3307,23236075,cb18a46591c29fd169ed9179c9aa062ba3b033bb9083e7ed6818212a8ee8d63f,Yb176_group,"{""p4EBP1"":17,""pAKT"":32,""pERK1/2"":46,""pIKAROS"":28,""pPLCγ2"":14,""pS6"":45,""pSTAT5"":23,""pSYK"":39}","{""p4EBP1"":""(Nd144)Di"",""pAKT"":""(Tb159)Di"",""pERK1/2"":""(Yb173)Di"",""pIKAROS"":""(Gd155)Di"",""pPLCγ2"":""(Pr141)Di"",""pS6"":""(Yb172)Di"",""pSTAT5"":""(Nd150)Di"",""pSYK"":""(Er166)Di""}","{""p4EBP1"":""p4EBP1"",""pAKT"":""pAkt"",""pERK1/2"":""pErk"",""pIKAROS"":""pIkaros"",""pPLCγ2"":""pPLCg1_2"",""pS6"":""pS6"",""pSTAT5"":""pSTAT5"",""pSYK"":""pSyk""}"
11,UPN12,diagnostic_UPN_sample_label,4,IL-7,target,UPN12_IL-7.fcs,UPN12_IL-7.fcs,ce6ec545517143b2bb30caee9bc5bf3a349d028b1f233b5c10f3ccb51ac73f1e,23737362,114106,52,F,"4,3,2,1",L,58,3263,3304,23737352,cb18a46591c29fd169ed9179c9aa062ba3b033bb9083e7ed6818212a8ee8d63f,Yb176_group,"{""p4EBP1"":17,""pAKT"":32,""pERK1/2"":46,""pIKAROS"":28,""pPLCγ2"":14,""pS6"":45,""pSTAT5"":23,""pSYK"":39}","{""p4EBP1"":""(Nd144)Di"",""pAKT"":""(Tb159)Di"",""pERK1/2"":""(Yb173)Di"",""pIKAROS"":""(Gd155)Di"",""pPLCγ2"":""(Pr141)Di"",""pS6"":""(Yb172)Di"",""pSTAT5"":""(Nd150)Di"",""pSYK"":""(Er166)Di""}","{""p4EBP1"":""p4EBP1"",""pAKT"":""pAkt"",""pERK1/2"":""pErk"",""pIKAROS"":""pIkaros"",""pPLCγ2"":""pPLCg1_2"",""pS6"":""pS6"",""pSTAT5"":""pSTAT5"",""pSYK"":""pSyk""}"
11,UPN12,diagnostic_UPN_sample_label,5,Pervanadate,target,UPN12_Pervanadate.fcs,UPN12_Pervanadate.fcs,519310a232841ecfba4bd8f1e280c57ef840d51a2523abbb29b0749a405dbf9a,18918626,90939,52,F,"4,3,2,1",L,58,3263,3304,18918616,cb18a46591c29fd169ed9179c9aa062ba3b033bb9083e7ed6818212a8ee8d63f,Yb176_group,"{""p4EBP1"":17,""pAKT"":32,""pERK1/2"":46,""pIKAROS"":28,""pPLCγ2"":14,""pS6"":45,""pSTAT5"":23,""pSYK"":39}","{""p4EBP1"":""(Nd144)Di"",""pAKT"":""(Tb159)Di"",""pERK1/2"":""(Yb173)Di"",""pIKAROS"":""(Gd155)Di"",""pPLCγ2"":""(Pr141)Di"",""pS6"":""(Yb172)Di"",""pSTAT5"":""(Nd150)Di"",""pSYK"":""(Er166)Di""}","{""p4EBP1"":""p4EBP1"",""pAKT"":""pAkt"",""pERK1/2"":""pErk"",""pIKAROS"":""pIkaros"",""pPLCγ2"":""pPLCg1_2"",""pS6"":""pS6"",""pSTAT5"":""pSTAT5"",""pSYK"":""pSyk""}"
11,UPN12,diagnostic_UPN_sample_label,6,TSLP,target,UPN12_TSLP.fcs,UPN12_TSLP.fcs,23ccc26e5c84921d4a1ece16956e90ec6b96b85232c48d464ded6297807a3805,23236705,111699,52,F,"4,3,2,1",L,58,3262,3303,23236695,cb18a46591c29fd169ed9179c9aa062ba3b033bb9083e7ed6818212a8ee8d63f,Yb176_group,"{""p4EBP1"":17,""pAKT"":32,""pERK1/2"":46,""pIKAROS"":28,""pPLCγ2"":14,""pS6"":45,""pSTAT5"":23,""pSYK"":39}","{""p4EBP1"":""(Nd144)Di"",""pAKT"":""(Tb159)Di"",""pERK1/2"":""(Yb173)Di"",""pIKAROS"":""(Gd155)Di"",""pPLCγ2"":""(Pr141)Di"",""pS6"":""(Yb172)Di"",""pSTAT5"":""(Nd150)Di"",""pSYK"":""(Er166)Di""}","{""p4EBP1"":""p4EBP1"",""pAKT"":""pAkt"",""pERK1/2"":""pErk"",""pIKAROS"":""pIkaros"",""pPLCγ2"":""pPLCg1_2"",""pS6"":""pS6"",""pSTAT5"":""pSTAT5"",""pSYK"":""pSyk""}"
11,UPN12,diagnostic_UPN_sample_label,7,Tofacitinib,target,UPN12_Tofacitinib.fcs,UPN12_Tofacitinib.fcs,044bfec560359765cb4b8ba66ff6338225c5a580af33b631f2c4ac073ff4820a,22901612,110088,52,F,"4,3,2,1",L,58,3257,3298,22901602,cb18a46591c29fd169ed9179c9aa062ba3b033bb9083e7ed6818212a8ee8d63f,Yb176_group,"{""p4EBP1"":17,""pAKT"":32,""pERK1/2"":46,""pIKAROS"":28,""pPLCγ2"":14,""pS6"":45,""pSTAT5"":23,""pSYK"":39}","{""p4EBP1"":""(Nd144)Di"",""pAKT"":""(Tb159)Di"",""pERK1/2"":""(Yb173)Di"",""pIKAROS"":""(Gd155)Di"",""pPLCγ2"":""(Pr141)Di"",""pS6"":""(Yb172)Di"",""pSTAT5"":""(Nd150)Di"",""pSYK"":""(Er166)Di""}","{""p4EBP1"":""p4EBP1"",""pAKT"":""pAkt"",""pERK1/2"":""pErk"",""pIKAROS"":""pIkaros"",""pPLCγ2"":""pPLCg1_2"",""pS6"":""pS6"",""pSTAT5"":""pSTAT5"",""pSYK"":""pSyk""}"
12,UPN13,diagnostic_UPN_sample_label,0,Basal,baseline,UPN13_Basal.fcs,UPN13_Basal.fcs,ca054a4e96141c0221427a5a07c6cd8b1136c525fc3f3fce09ac81ad8308d588,8253951,39666,52,F,"4,3,2,1",L,58,3372,3413,8253941,cb18a46591c29fd169ed9179c9aa062ba3b033bb9083e7ed6818212a8ee8d63f,Yb176_group,"{""p4EBP1"":17,""pAKT"":32,""pERK1/2"":46,""pIKAROS"":28,""pPLCγ2"":14,""pS6"":45,""pSTAT5"":23,""pSYK"":39}","{""p4EBP1"":""(Nd144)Di"",""pAKT"":""(Tb159)Di"",""pERK1/2"":""(Yb173)Di"",""pIKAROS"":""(Gd155)Di"",""pPLCγ2"":""(Pr141)Di"",""pS6"":""(Yb172)Di"",""pSTAT5"":""(Nd150)Di"",""pSYK"":""(Er166)Di""}","{""p4EBP1"":""p4EBP1"",""pAKT"":""pAkt"",""pERK1/2"":""pErk"",""pIKAROS"":""pIkaros"",""pPLCγ2"":""pPLCg1_2"",""pS6"":""pS6"",""pSTAT5"":""pSTAT5"",""pSYK"":""pSyk""}"
12,UPN13,diagnostic_UPN_sample_label,1,BCR-Crosslink,target,UPN13_BCR-Crosslink.fcs,UPN13_BCR-Crosslink.fcs,1a66ec0ce44ceb9c9618504637d2091393567cf3db39d3a42c4a132fd57ede36,9572260,46004,52,F,"4,3,2,1",L,58,3377,3418,9572250,cb18a46591c29fd169ed9179c9aa062ba3b033bb9083e7ed6818212a8ee8d63f,Yb176_group,"{""p4EBP1"":17,""pAKT"":32,""pERK1/2"":46,""pIKAROS"":28,""pPLCγ2"":14,""pS6"":45,""pSTAT5"":23,""pSYK"":39}","{""p4EBP1"":""(Nd144)Di"",""pAKT"":""(Tb159)Di"",""pERK1/2"":""(Yb173)Di"",""pIKAROS"":""(Gd155)Di"",""pPLCγ2"":""(Pr141)Di"",""pS6"":""(Yb172)Di"",""pSTAT5"":""(Nd150)Di"",""pSYK"":""(Er166)Di""}","{""p4EBP1"":""p4EBP1"",""pAKT"":""pAkt"",""pERK1/2"":""pErk"",""pIKAROS"":""pIkaros"",""pPLCγ2"":""pPLCg1_2"",""pS6"":""pS6"",""pSTAT5"":""pSTAT5"",""pSYK"":""pSyk""}"
12,UPN13,diagnostic_UPN_sample_label,2,BEZ-235,target,UPN13_BEZ-235.fcs,UPN13_BEZ-235.fcs,010a59fa96aad341617f3ca99dffeb4618f9280458afa910e5cd275a3dceb79e,9984099,47984,52,F,"4,3,2,1",L,58,3376,3417,9984089,cb18a46591c29fd169ed9179c9aa062ba3b033bb9083e7ed6818212a8ee8d63f,Yb176_group,"{""p4EBP1"":17,""pAKT"":32,""pERK1/2"":46,""pIKAROS"":28,""pPLCγ2"":14,""pS6"":45,""pSTAT5"":23,""pSYK"":39}","{""p4EBP1"":""(Nd144)Di"",""pAKT"":""(Tb159)Di"",""pERK1/2"":""(Yb173)Di"",""pIKAROS"":""(Gd155)Di"",""pPLCγ2"":""(Pr141)Di"",""pS6"":""(Yb172)Di"",""pSTAT5"":""(Nd150)Di"",""pSYK"":""(Er166)Di""}","{""p4EBP1"":""p4EBP1"",""pAKT"":""pAkt"",""pERK1/2"":""pErk"",""pIKAROS"":""pIkaros"",""pPLCγ2"":""pPLCg1_2"",""pS6"":""pS6"",""pSTAT5"":""pSTAT5"",""pSYK"":""pSyk""}"
12,UPN13,diagnostic_UPN_sample_label,3,Dasatinib,target,UPN13_Dasatinib.fcs,UPN13_Dasatinib.fcs,037981c96dd6ac31b7ed67c23636fc988a3e56eb756f0b74fd11a9810eea8b80,10742884,51632,52,F,"4,3,2,1",L,58,3377,3418,10742874,cb18a46591c29fd169ed9179c9aa062ba3b033bb9083e7ed6818212a8ee8d63f,Yb176_group,"{""p4EBP1"":17,""pAKT"":32,""pERK1/2"":46,""pIKAROS"":28,""pPLCγ2"":14,""pS6"":45,""pSTAT5"":23,""pSYK"":39}","{""p4EBP1"":""(Nd144)Di"",""pAKT"":""(Tb159)Di"",""pERK1/2"":""(Yb173)Di"",""pIKAROS"":""(Gd155)Di"",""pPLCγ2"":""(Pr141)Di"",""pS6"":""(Yb172)Di"",""pSTAT5"":""(Nd150)Di"",""pSYK"":""(Er166)Di""}","{""p4EBP1"":""p4EBP1"",""pAKT"":""pAkt"",""pERK1/2"":""pErk"",""pIKAROS"":""pIkaros"",""pPLCγ2"":""pPLCg1_2"",""pS6"":""pS6"",""pSTAT5"":""pSTAT5"",""pSYK"":""pSyk""}"
12,UPN13,diagnostic_UPN_sample_label,4,IL-7,target,UPN13_IL-7.fcs,UPN13_IL-7.fcs,38468021c36a59fbf8b6a9359028dd3144b89ae11b7130004b24e586847e9e45,8869012,42623,52,F,"4,3,2,1",L,58,3377,3418,8869002,cb18a46591c29fd169ed9179c9aa062ba3b033bb9083e7ed6818212a8ee8d63f,Yb176_group,"{""p4EBP1"":17,""pAKT"":32,""pERK1/2"":46,""pIKAROS"":28,""pPLCγ2"":14,""pS6"":45,""pSTAT5"":23,""pSYK"":39}","{""p4EBP1"":""(Nd144)Di"",""pAKT"":""(Tb159)Di"",""pERK1/2"":""(Yb173)Di"",""pIKAROS"":""(Gd155)Di"",""pPLCγ2"":""(Pr141)Di"",""pS6"":""(Yb172)Di"",""pSTAT5"":""(Nd150)Di"",""pSYK"":""(Er166)Di""}","{""p4EBP1"":""p4EBP1"",""pAKT"":""pAkt"",""pERK1/2"":""pErk"",""pIKAROS"":""pIkaros"",""pPLCγ2"":""pPLCg1_2"",""pS6"":""pS6"",""pSTAT5"":""pSTAT5"",""pSYK"":""pSyk""}"
12,UPN13,diagnostic_UPN_sample_label,5,Pervanadate,target,UPN13_Pervanadate.fcs,UPN13_Pervanadate.fcs,da7670cb359ff4b66e298e3d0c0ba65db08cdc39f538e5870324d8800d7292a4,8373344,40240,52,F,"4,3,2,1",L,58,3373,3414,8373334,cb18a46591c29fd169ed9179c9aa062ba3b033bb9083e7ed6818212a8ee8d63f,Yb176_group,"{""p4EBP1"":17,""pAKT"":32,""pERK1/2"":46,""pIKAROS"":28,""pPLCγ2"":14,""pS6"":45,""pSTAT5"":23,""pSYK"":39}","{""p4EBP1"":""(Nd144)Di"",""pAKT"":""(Tb159)Di"",""pERK1/2"":""(Yb173)Di"",""pIKAROS"":""(Gd155)Di"",""pPLCγ2"":""(Pr141)Di"",""pS6"":""(Yb172)Di"",""pSTAT5"":""(Nd150)Di"",""pSYK"":""(Er166)Di""}","{""p4EBP1"":""p4EBP1"",""pAKT"":""pAkt"",""pERK1/2"":""pErk"",""pIKAROS"":""pIkaros"",""pPLCγ2"":""pPLCg1_2"",""pS6"":""pS6"",""pSTAT5"":""pSTAT5"",""pSYK"":""pSyk""}"
12,UPN13,diagnostic_UPN_sample_label,6,TSLP,target,UPN13_TSLP.fcs,UPN13_TSLP.fcs,1cdd3e997140f38d4bb1a870ab5d746b8e43b71a6d866ff684f5214bd7ba9039,9717232,46701,52,F,"4,3,2,1",L,58,3373,3414,9717222,cb18a46591c29fd169ed9179c9aa062ba3b033bb9083e7ed6818212a8ee8d63f,Yb176_group,"{""p4EBP1"":17,""pAKT"":32,""pERK1/2"":46,""pIKAROS"":28,""pPLCγ2"":14,""pS6"":45,""pSTAT5"":23,""pSYK"":39}","{""p4EBP1"":""(Nd144)Di"",""pAKT"":""(Tb159)Di"",""pERK1/2"":""(Yb173)Di"",""pIKAROS"":""(Gd155)Di"",""pPLCγ2"":""(Pr141)Di"",""pS6"":""(Yb172)Di"",""pSTAT5"":""(Nd150)Di"",""pSYK"":""(Er166)Di""}","{""p4EBP1"":""p4EBP1"",""pAKT"":""pAkt"",""pERK1/2"":""pErk"",""pIKAROS"":""pIkaros"",""pPLCγ2"":""pPLCg1_2"",""pS6"":""pS6"",""pSTAT5"":""pSTAT5"",""pSYK"":""pSyk""}"
12,UPN13,diagnostic_UPN_sample_label,7,Tofacitinib,target,UPN13_Tofacitinib.fcs,UPN13_Tofacitinib.fcs,39f8bdb17591979766cccc61555a2e4c2d737999ba16f360fe2a68ba4c78e325,8729235,41951,52,F,"4,3,2,1",L,58,3376,3417,8729225,cb18a46591c29fd169ed9179c9aa062ba3b033bb9083e7ed6818212a8ee8d63f,Yb176_group,"{""p4EBP1"":17,""pAKT"":32,""pERK1/2"":46,""pIKAROS"":28,""pPLCγ2"":14,""pS6"":45,""pSTAT5"":23,""pSYK"":39}","{""p4EBP1"":""(Nd144)Di"",""pAKT"":""(Tb159)Di"",""pERK1/2"":""(Yb173)Di"",""pIKAROS"":""(Gd155)Di"",""pPLCγ2"":""(Pr141)Di"",""pS6"":""(Yb172)Di"",""pSTAT5"":""(Nd150)Di"",""pSYK"":""(Er166)Di""}","{""p4EBP1"":""p4EBP1"",""pAKT"":""pAkt"",""pERK1/2"":""pErk"",""pIKAROS"":""pIkaros"",""pPLCγ2"":""pPLCg1_2"",""pS6"":""pS6"",""pSTAT5"":""pSTAT5"",""pSYK"":""pSyk""}"
13,UPN14,diagnostic_UPN_sample_label,0,Basal,baseline,UPN14_Basal.fcs,UPN14_Basal.fcs,3e18afa81170b37a1203b97082771dc46cf306be8759dac7ab1b3ac52165338c,9695808,46598,52,F,"4,3,2,1",L,58,3373,3414,9695798,cb18a46591c29fd169ed9179c9aa062ba3b033bb9083e7ed6818212a8ee8d63f,Yb176_group,"{""p4EBP1"":17,""pAKT"":32,""pERK1/2"":46,""pIKAROS"":28,""pPLCγ2"":14,""pS6"":45,""pSTAT5"":23,""pSYK"":39}","{""p4EBP1"":""(Nd144)Di"",""pAKT"":""(Tb159)Di"",""pERK1/2"":""(Yb173)Di"",""pIKAROS"":""(Gd155)Di"",""pPLCγ2"":""(Pr141)Di"",""pS6"":""(Yb172)Di"",""pSTAT5"":""(Nd150)Di"",""pSYK"":""(Er166)Di""}","{""p4EBP1"":""p4EBP1"",""pAKT"":""pAkt"",""pERK1/2"":""pErk"",""pIKAROS"":""pIkaros"",""pPLCγ2"":""pPLCg1_2"",""pS6"":""pS6"",""pSTAT5"":""pSTAT5"",""pSYK"":""pSyk""}"
13,UPN14,diagnostic_UPN_sample_label,1,BCR-Crosslink,target,UPN14_BCR-Crosslink.fcs,UPN14_BCR-Crosslink.fcs,a25fe20eba9d55e4c573d084b405b39c8976f24bf88e1758a247c65c4b638890,9181843,44127,52,F,"4,3,2,1",L,58,3376,3417,9181833,cb18a46591c29fd169ed9179c9aa062ba3b033bb9083e7ed6818212a8ee8d63f,Yb176_group,"{""p4EBP1"":17,""pAKT"":32,""pERK1/2"":46,""pIKAROS"":28,""pPLCγ2"":14,""pS6"":45,""pSTAT5"":23,""pSYK"":39}","{""p4EBP1"":""(Nd144)Di"",""pAKT"":""(Tb159)Di"",""pERK1/2"":""(Yb173)Di"",""pIKAROS"":""(Gd155)Di"",""pPLCγ2"":""(Pr141)Di"",""pS6"":""(Yb172)Di"",""pSTAT5"":""(Nd150)Di"",""pSYK"":""(Er166)Di""}","{""p4EBP1"":""p4EBP1"",""pAKT"":""pAkt"",""pERK1/2"":""pErk"",""pIKAROS"":""pIkaros"",""pPLCγ2"":""pPLCg1_2"",""pS6"":""pS6"",""pSTAT5"":""pSTAT5"",""pSYK"":""pSyk""}"
13,UPN14,diagnostic_UPN_sample_label,2,BEZ-235,target,UPN14_BEZ-235.fcs,UPN14_BEZ-235.fcs,12db28361819dd5040c51d7c1b7310bf7603252e8863cef994886fb931fcd342,7994372,38418,52,F,"4,3,2,1",L,58,3377,3418,7994362,cb18a46591c29fd169ed9179c9aa062ba3b033bb9083e7ed6818212a8ee8d63f,Yb176_group,"{""p4EBP1"":17,""pAKT"":32,""pERK1/2"":46,""pIKAROS"":28,""pPLCγ2"":14,""pS6"":45,""pSTAT5"":23,""pSYK"":39}","{""p4EBP1"":""(Nd144)Di"",""pAKT"":""(Tb159)Di"",""pERK1/2"":""(Yb173)Di"",""pIKAROS"":""(Gd155)Di"",""pPLCγ2"":""(Pr141)Di"",""pS6"":""(Yb172)Di"",""pSTAT5"":""(Nd150)Di"",""pSYK"":""(Er166)Di""}","{""p4EBP1"":""p4EBP1"",""pAKT"":""pAkt"",""pERK1/2"":""pErk"",""pIKAROS"":""pIkaros"",""pPLCγ2"":""pPLCg1_2"",""pS6"":""pS6"",""pSTAT5"":""pSTAT5"",""pSYK"":""pSyk""}"
13,UPN14,diagnostic_UPN_sample_label,3,Dasatinib,target,UPN14_Dasatinib.fcs,UPN14_Dasatinib.fcs,b76a5bb1ab2538420d8604b4e501c49e918a940ebbf71eec1343bb40862e3617,9214492,44284,52,F,"4,3,2,1",L,58,3369,3410,9214482,cb18a46591c29fd169ed9179c9aa062ba3b033bb9083e7ed6818212a8ee8d63f,Yb176_group,"{""p4EBP1"":17,""pAKT"":32,""pERK1/2"":46,""pIKAROS"":28,""pPLCγ2"":14,""pS6"":45,""pSTAT5"":23,""pSYK"":39}","{""p4EBP1"":""(Nd144)Di"",""pAKT"":""(Tb159)Di"",""pERK1/2"":""(Yb173)Di"",""pIKAROS"":""(Gd155)Di"",""pPLCγ2"":""(Pr141)Di"",""pS6"":""(Yb172)Di"",""pSTAT5"":""(Nd150)Di"",""pSYK"":""(Er166)Di""}","{""p4EBP1"":""p4EBP1"",""pAKT"":""pAkt"",""pERK1/2"":""pErk"",""pIKAROS"":""pIkaros"",""pPLCγ2"":""pPLCg1_2"",""pS6"":""pS6"",""pSTAT5"":""pSTAT5"",""pSYK"":""pSyk""}"
13,UPN14,diagnostic_UPN_sample_label,4,IL-7,target,UPN14_IL-7.fcs,UPN14_IL-7.fcs,d4c4b136b325f3f5a4676b089c13f39383cfe6a88af7dc185954e7060a63d2e3,10249719,49261,52,F,"4,3,2,1",L,58,3380,3421,10249709,cb18a46591c29fd169ed9179c9aa062ba3b033bb9083e7ed6818212a8ee8d63f,Yb176_group,"{""p4EBP1"":17,""pAKT"":32,""pERK1/2"":46,""pIKAROS"":28,""pPLCγ2"":14,""pS6"":45,""pSTAT5"":23,""pSYK"":39}","{""p4EBP1"":""(Nd144)Di"",""pAKT"":""(Tb159)Di"",""pERK1/2"":""(Yb173)Di"",""pIKAROS"":""(Gd155)Di"",""pPLCγ2"":""(Pr141)Di"",""pS6"":""(Yb172)Di"",""pSTAT5"":""(Nd150)Di"",""pSYK"":""(Er166)Di""}","{""p4EBP1"":""p4EBP1"",""pAKT"":""pAkt"",""pERK1/2"":""pErk"",""pIKAROS"":""pIkaros"",""pPLCγ2"":""pPLCg1_2"",""pS6"":""pS6"",""pSTAT5"":""pSTAT5"",""pSYK"":""pSyk""}"
13,UPN14,diagnostic_UPN_sample_label,5,Pervanadate,target,UPN14_Pervanadate.fcs,UPN14_Pervanadate.fcs,19e082ea8ed5510ec31a11827498f1ed59e3e63af3ba262823f8d36c7dbe1f14,8995893,43233,52,F,"4,3,2,1",L,58,3378,3419,8995883,cb18a46591c29fd169ed9179c9aa062ba3b033bb9083e7ed6818212a8ee8d63f,Yb176_group,"{""p4EBP1"":17,""pAKT"":32,""pERK1/2"":46,""pIKAROS"":28,""pPLCγ2"":14,""pS6"":45,""pSTAT5"":23,""pSYK"":39}","{""p4EBP1"":""(Nd144)Di"",""pAKT"":""(Tb159)Di"",""pERK1/2"":""(Yb173)Di"",""pIKAROS"":""(Gd155)Di"",""pPLCγ2"":""(Pr141)Di"",""pS6"":""(Yb172)Di"",""pSTAT5"":""(Nd150)Di"",""pSYK"":""(Er166)Di""}","{""p4EBP1"":""p4EBP1"",""pAKT"":""pAkt"",""pERK1/2"":""pErk"",""pIKAROS"":""pIkaros"",""pPLCγ2"":""pPLCg1_2"",""pS6"":""pS6"",""pSTAT5"":""pSTAT5"",""pSYK"":""pSyk""}"
13,UPN14,diagnostic_UPN_sample_label,6,TSLP,target,UPN14_TSLP.fcs,UPN14_TSLP.fcs,1a1313d32b03de504d07093559d6d001ff220b5fa366be23d9013d370af9b292,10474148,50340,52,F,"4,3,2,1",L,58,3377,3418,10474138,cb18a46591c29fd169ed9179c9aa062ba3b033bb9083e7ed6818212a8ee8d63f,Yb176_group,"{""p4EBP1"":17,""pAKT"":32,""pERK1/2"":46,""pIKAROS"":28,""pPLCγ2"":14,""pS6"":45,""pSTAT5"":23,""pSYK"":39}","{""p4EBP1"":""(Nd144)Di"",""pAKT"":""(Tb159)Di"",""pERK1/2"":""(Yb173)Di"",""pIKAROS"":""(Gd155)Di"",""pPLCγ2"":""(Pr141)Di"",""pS6"":""(Yb172)Di"",""pSTAT5"":""(Nd150)Di"",""pSYK"":""(Er166)Di""}","{""p4EBP1"":""p4EBP1"",""pAKT"":""pAkt"",""pERK1/2"":""pErk"",""pIKAROS"":""pIkaros"",""pPLCγ2"":""pPLCg1_2"",""pS6"":""pS6"",""pSTAT5"":""pSTAT5"",""pSYK"":""pSyk""}"
13,UPN14,diagnostic_UPN_sample_label,7,Tofacitinib,target,UPN14_Tofacitinib.fcs,UPN14_Tofacitinib.fcs,dc4b98122d598fe129ed125504ec39a4eeffdaef2465e14342051ec3d8d1acfd,8545153,41066,52,F,"4,3,2,1",L,58,3374,3415,8545143,cb18a46591c29fd169ed9179c9aa062ba3b033bb9083e7ed6818212a8ee8d63f,Yb176_group,"{""p4EBP1"":17,""pAKT"":32,""pERK1/2"":46,""pIKAROS"":28,""pPLCγ2"":14,""pS6"":45,""pSTAT5"":23,""pSYK"":39}","{""p4EBP1"":""(Nd144)Di"",""pAKT"":""(Tb159)Di"",""pERK1/2"":""(Yb173)Di"",""pIKAROS"":""(Gd155)Di"",""pPLCγ2"":""(Pr141)Di"",""pS6"":""(Yb172)Di"",""pSTAT5"":""(Nd150)Di"",""pSYK"":""(Er166)Di""}","{""p4EBP1"":""p4EBP1"",""pAKT"":""pAkt"",""pERK1/2"":""pErk"",""pIKAROS"":""pIkaros"",""pPLCγ2"":""pPLCg1_2"",""pS6"":""pS6"",""pSTAT5"":""pSTAT5"",""pSYK"":""pSyk""}"
14,UPN15,diagnostic_UPN_sample_label,0,Basal,baseline,UPN15_Basal.fcs,UPN15_Basal.fcs,8660e6acf16036086e9c8258848b94842f8dfce15238306f49d97b8d3e09ab23,14398688,69208,52,F,"4,3,2,1",L,58,3373,3414,14398678,cb18a46591c29fd169ed9179c9aa062ba3b033bb9083e7ed6818212a8ee8d63f,Yb176_group,"{""p4EBP1"":17,""pAKT"":32,""pERK1/2"":46,""pIKAROS"":28,""pPLCγ2"":14,""pS6"":45,""pSTAT5"":23,""pSYK"":39}","{""p4EBP1"":""(Nd144)Di"",""pAKT"":""(Tb159)Di"",""pERK1/2"":""(Yb173)Di"",""pIKAROS"":""(Gd155)Di"",""pPLCγ2"":""(Pr141)Di"",""pS6"":""(Yb172)Di"",""pSTAT5"":""(Nd150)Di"",""pSYK"":""(Er166)Di""}","{""p4EBP1"":""p4EBP1"",""pAKT"":""pAkt"",""pERK1/2"":""pErk"",""pIKAROS"":""pIkaros"",""pPLCγ2"":""pPLCg1_2"",""pS6"":""pS6"",""pSTAT5"":""pSTAT5"",""pSYK"":""pSyk""}"
14,UPN15,diagnostic_UPN_sample_label,1,BCR-Crosslink,target,UPN15_BCR-Crosslink.fcs,UPN15_BCR-Crosslink.fcs,378569467f472aa903460c67bb6f739e0f5739553f094888074db73e230b0092,18987998,91272,52,F,"4,3,2,1",L,58,3371,3412,18987988,cb18a46591c29fd169ed9179c9aa062ba3b033bb9083e7ed6818212a8ee8d63f,Yb176_group,"{""p4EBP1"":17,""pAKT"":32,""pERK1/2"":46,""pIKAROS"":28,""pPLCγ2"":14,""pS6"":45,""pSTAT5"":23,""pSYK"":39}","{""p4EBP1"":""(Nd144)Di"",""pAKT"":""(Tb159)Di"",""pERK1/2"":""(Yb173)Di"",""pIKAROS"":""(Gd155)Di"",""pPLCγ2"":""(Pr141)Di"",""pS6"":""(Yb172)Di"",""pSTAT5"":""(Nd150)Di"",""pSYK"":""(Er166)Di""}","{""p4EBP1"":""p4EBP1"",""pAKT"":""pAkt"",""pERK1/2"":""pErk"",""pIKAROS"":""pIkaros"",""pPLCγ2"":""pPLCg1_2"",""pS6"":""pS6"",""pSTAT5"":""pSTAT5"",""pSYK"":""pSyk""}"
14,UPN15,diagnostic_UPN_sample_label,2,BEZ-235,target,UPN15_BEZ-235.fcs,UPN15_BEZ-235.fcs,9f66ed908a68c185f2357ab68ed70c5b1a5d3ee0ac56e6df39f43a0fe38df6be,19944182,95869,52,F,"4,3,2,1",L,58,3379,3420,19944172,cb18a46591c29fd169ed9179c9aa062ba3b033bb9083e7ed6818212a8ee8d63f,Yb176_group,"{""p4EBP1"":17,""pAKT"":32,""pERK1/2"":46,""pIKAROS"":28,""pPLCγ2"":14,""pS6"":45,""pSTAT5"":23,""pSYK"":39}","{""p4EBP1"":""(Nd144)Di"",""pAKT"":""(Tb159)Di"",""pERK1/2"":""(Yb173)Di"",""pIKAROS"":""(Gd155)Di"",""pPLCγ2"":""(Pr141)Di"",""pS6"":""(Yb172)Di"",""pSTAT5"":""(Nd150)Di"",""pSYK"":""(Er166)Di""}","{""p4EBP1"":""p4EBP1"",""pAKT"":""pAkt"",""pERK1/2"":""pErk"",""pIKAROS"":""pIkaros"",""pPLCγ2"":""pPLCg1_2"",""pS6"":""pS6"",""pSTAT5"":""pSTAT5"",""pSYK"":""pSyk""}"
14,UPN15,diagnostic_UPN_sample_label,3,Dasatinib,target,UPN15_Dasatinib.fcs,UPN15_Dasatinib.fcs,a98119df1aa12d5b1ef31a9990e604bf832246ff2ede1a9b223f3fa296113009,20439637,98251,52,F,"4,3,2,1",L,58,3378,3419,20439627,cb18a46591c29fd169ed9179c9aa062ba3b033bb9083e7ed6818212a8ee8d63f,Yb176_group,"{""p4EBP1"":17,""pAKT"":32,""pERK1/2"":46,""pIKAROS"":28,""pPLCγ2"":14,""pS6"":45,""pSTAT5"":23,""pSYK"":39}","{""p4EBP1"":""(Nd144)Di"",""pAKT"":""(Tb159)Di"",""pERK1/2"":""(Yb173)Di"",""pIKAROS"":""(Gd155)Di"",""pPLCγ2"":""(Pr141)Di"",""pS6"":""(Yb172)Di"",""pSTAT5"":""(Nd150)Di"",""pSYK"":""(Er166)Di""}","{""p4EBP1"":""p4EBP1"",""pAKT"":""pAkt"",""pERK1/2"":""pErk"",""pIKAROS"":""pIkaros"",""pPLCγ2"":""pPLCg1_2"",""pS6"":""pS6"",""pSTAT5"":""pSTAT5"",""pSYK"":""pSyk""}"
14,UPN15,diagnostic_UPN_sample_label,4,IL-7,target,UPN15_IL-7.fcs,UPN15_IL-7.fcs,78b1ac2770e2189928c9bd92bd344d2a0d912f6649603b596e0d42d476efd0c5,18791023,90325,52,F,"4,3,2,1",L,58,3372,3413,18791013,cb18a46591c29fd169ed9179c9aa062ba3b033bb9083e7ed6818212a8ee8d63f,Yb176_group,"{""p4EBP1"":17,""pAKT"":32,""pERK1/2"":46,""pIKAROS"":28,""pPLCγ2"":14,""pS6"":45,""pSTAT5"":23,""pSYK"":39}","{""p4EBP1"":""(Nd144)Di"",""pAKT"":""(Tb159)Di"",""pERK1/2"":""(Yb173)Di"",""pIKAROS"":""(Gd155)Di"",""pPLCγ2"":""(Pr141)Di"",""pS6"":""(Yb172)Di"",""pSTAT5"":""(Nd150)Di"",""pSYK"":""(Er166)Di""}","{""p4EBP1"":""p4EBP1"",""pAKT"":""pAkt"",""pERK1/2"":""pErk"",""pIKAROS"":""pIkaros"",""pPLCγ2"":""pPLCg1_2"",""pS6"":""pS6"",""pSTAT5"":""pSTAT5"",""pSYK"":""pSyk""}"
14,UPN15,diagnostic_UPN_sample_label,5,Pervanadate,target,UPN15_Pervanadate.fcs,UPN15_Pervanadate.fcs,9f82b0abed8d5f15b22bdffe2650fdd90fa6f2b24e4c0802aeda1098e335010d,18781455,90279,52,F,"4,3,2,1",L,58,3372,3413,18781445,cb18a46591c29fd169ed9179c9aa062ba3b033bb9083e7ed6818212a8ee8d63f,Yb176_group,"{""p4EBP1"":17,""pAKT"":32,""pERK1/2"":46,""pIKAROS"":28,""pPLCγ2"":14,""pS6"":45,""pSTAT5"":23,""pSYK"":39}","{""p4EBP1"":""(Nd144)Di"",""pAKT"":""(Tb159)Di"",""pERK1/2"":""(Yb173)Di"",""pIKAROS"":""(Gd155)Di"",""pPLCγ2"":""(Pr141)Di"",""pS6"":""(Yb172)Di"",""pSTAT5"":""(Nd150)Di"",""pSYK"":""(Er166)Di""}","{""p4EBP1"":""p4EBP1"",""pAKT"":""pAkt"",""pERK1/2"":""pErk"",""pIKAROS"":""pIkaros"",""pPLCγ2"":""pPLCg1_2"",""pS6"":""pS6"",""pSTAT5"":""pSTAT5"",""pSYK"":""pSyk""}"
14,UPN15,diagnostic_UPN_sample_label,6,TSLP,target,UPN15_TSLP.fcs,UPN15_TSLP.fcs,482647661f5b7fc6f1d94823687cd42cc2c093c95bfd3ebb43258594d7f8f478,19573530,94087,52,F,"4,3,2,1",L,58,3383,3424,19573520,cb18a46591c29fd169ed9179c9aa062ba3b033bb9083e7ed6818212a8ee8d63f,Yb176_group,"{""p4EBP1"":17,""pAKT"":32,""pERK1/2"":46,""pIKAROS"":28,""pPLCγ2"":14,""pS6"":45,""pSTAT5"":23,""pSYK"":39}","{""p4EBP1"":""(Nd144)Di"",""pAKT"":""(Tb159)Di"",""pERK1/2"":""(Yb173)Di"",""pIKAROS"":""(Gd155)Di"",""pPLCγ2"":""(Pr141)Di"",""pS6"":""(Yb172)Di"",""pSTAT5"":""(Nd150)Di"",""pSYK"":""(Er166)Di""}","{""p4EBP1"":""p4EBP1"",""pAKT"":""pAkt"",""pERK1/2"":""pErk"",""pIKAROS"":""pIkaros"",""pPLCγ2"":""pPLCg1_2"",""pS6"":""pS6"",""pSTAT5"":""pSTAT5"",""pSYK"":""pSyk""}"
14,UPN15,diagnostic_UPN_sample_label,7,Tofacitinib,target,UPN15_Tofacitinib.fcs,UPN15_Tofacitinib.fcs,091c378709a95d9ed9d0906db07f5b7510fdbcd3aadac311ebd278bcf733c064,19028979,91469,52,F,"4,3,2,1",L,58,3376,3417,19028969,cb18a46591c29fd169ed9179c9aa062ba3b033bb9083e7ed6818212a8ee8d63f,Yb176_group,"{""p4EBP1"":17,""pAKT"":32,""pERK1/2"":46,""pIKAROS"":28,""pPLCγ2"":14,""pS6"":45,""pSTAT5"":23,""pSYK"":39}","{""p4EBP1"":""(Nd144)Di"",""pAKT"":""(Tb159)Di"",""pERK1/2"":""(Yb173)Di"",""pIKAROS"":""(Gd155)Di"",""pPLCγ2"":""(Pr141)Di"",""pS6"":""(Yb172)Di"",""pSTAT5"":""(Nd150)Di"",""pSYK"":""(Er166)Di""}","{""p4EBP1"":""p4EBP1"",""pAKT"":""pAkt"",""pERK1/2"":""pErk"",""pIKAROS"":""pIkaros"",""pPLCγ2"":""pPLCg1_2"",""pS6"":""pS6"",""pSTAT5"":""pSTAT5"",""pSYK"":""pSyk""}"
15,UPN16,diagnostic_UPN_sample_label,0,Basal,baseline,UPN16_Basal.fcs,UPN16_Basal.fcs,3bc1736ff3daaa5e97949bfba6a1a6ea47b37a99d365954ceb080202961ae02b,10050035,48301,52,F,"4,3,2,1",L,58,3376,3417,10050025,cb18a46591c29fd169ed9179c9aa062ba3b033bb9083e7ed6818212a8ee8d63f,Yb176_group,"{""p4EBP1"":17,""pAKT"":32,""pERK1/2"":46,""pIKAROS"":28,""pPLCγ2"":14,""pS6"":45,""pSTAT5"":23,""pSYK"":39}","{""p4EBP1"":""(Nd144)Di"",""pAKT"":""(Tb159)Di"",""pERK1/2"":""(Yb173)Di"",""pIKAROS"":""(Gd155)Di"",""pPLCγ2"":""(Pr141)Di"",""pS6"":""(Yb172)Di"",""pSTAT5"":""(Nd150)Di"",""pSYK"":""(Er166)Di""}","{""p4EBP1"":""p4EBP1"",""pAKT"":""pAkt"",""pERK1/2"":""pErk"",""pIKAROS"":""pIkaros"",""pPLCγ2"":""pPLCg1_2"",""pS6"":""pS6"",""pSTAT5"":""pSTAT5"",""pSYK"":""pSyk""}"
15,UPN16,diagnostic_UPN_sample_label,1,BCR-Crosslink,target,UPN16_BCR-Crosslink.fcs,UPN16_BCR-Crosslink.fcs,e3a2304d1fafe4eeb5918efb4ddbf7a5fa76f0cdd32004e11fb6705b7330fd09,13295454,63904,52,F,"4,3,2,1",L,58,3371,3412,13295444,cb18a46591c29fd169ed9179c9aa062ba3b033bb9083e7ed6818212a8ee8d63f,Yb176_group,"{""p4EBP1"":17,""pAKT"":32,""pERK1/2"":46,""pIKAROS"":28,""pPLCγ2"":14,""pS6"":45,""pSTAT5"":23,""pSYK"":39}","{""p4EBP1"":""(Nd144)Di"",""pAKT"":""(Tb159)Di"",""pERK1/2"":""(Yb173)Di"",""pIKAROS"":""(Gd155)Di"",""pPLCγ2"":""(Pr141)Di"",""pS6"":""(Yb172)Di"",""pSTAT5"":""(Nd150)Di"",""pSYK"":""(Er166)Di""}","{""p4EBP1"":""p4EBP1"",""pAKT"":""pAkt"",""pERK1/2"":""pErk"",""pIKAROS"":""pIkaros"",""pPLCγ2"":""pPLCg1_2"",""pS6"":""pS6"",""pSTAT5"":""pSTAT5"",""pSYK"":""pSyk""}"
15,UPN16,diagnostic_UPN_sample_label,2,BEZ-235,target,UPN16_BEZ-235.fcs,UPN16_BEZ-235.fcs,36498a2e7094cef5c347bb87cff8e28d4fa57541cb27576d2447a6d40dd676be,12370278,59456,52,F,"4,3,2,1",L,58,3379,3420,12370268,cb18a46591c29fd169ed9179c9aa062ba3b033bb9083e7ed6818212a8ee8d63f,Yb176_group,"{""p4EBP1"":17,""pAKT"":32,""pERK1/2"":46,""pIKAROS"":28,""pPLCγ2"":14,""pS6"":45,""pSTAT5"":23,""pSYK"":39}","{""p4EBP1"":""(Nd144)Di"",""pAKT"":""(Tb159)Di"",""pERK1/2"":""(Yb173)Di"",""pIKAROS"":""(Gd155)Di"",""pPLCγ2"":""(Pr141)Di"",""pS6"":""(Yb172)Di"",""pSTAT5"":""(Nd150)Di"",""pSYK"":""(Er166)Di""}","{""p4EBP1"":""p4EBP1"",""pAKT"":""pAkt"",""pERK1/2"":""pErk"",""pIKAROS"":""pIkaros"",""pPLCγ2"":""pPLCg1_2"",""pS6"":""pS6"",""pSTAT5"":""pSTAT5"",""pSYK"":""pSyk""}"
15,UPN16,diagnostic_UPN_sample_label,3,Dasatinib,target,UPN16_Dasatinib.fcs,UPN16_Dasatinib.fcs,9fea2a3834268cfef65d0c6c1dd6f7b4334ecff185e788be0337662c5269c9f6,13535078,65056,52,F,"4,3,2,1",L,58,3379,3420,13535068,cb18a46591c29fd169ed9179c9aa062ba3b033bb9083e7ed6818212a8ee8d63f,Yb176_group,"{""p4EBP1"":17,""pAKT"":32,""pERK1/2"":46,""pIKAROS"":28,""pPLCγ2"":14,""pS6"":45,""pSTAT5"":23,""pSYK"":39}","{""p4EBP1"":""(Nd144)Di"",""pAKT"":""(Tb159)Di"",""pERK1/2"":""(Yb173)Di"",""pIKAROS"":""(Gd155)Di"",""pPLCγ2"":""(Pr141)Di"",""pS6"":""(Yb172)Di"",""pSTAT5"":""(Nd150)Di"",""pSYK"":""(Er166)Di""}","{""p4EBP1"":""p4EBP1"",""pAKT"":""pAkt"",""pERK1/2"":""pErk"",""pIKAROS"":""pIkaros"",""pPLCγ2"":""pPLCg1_2"",""pS6"":""pS6"",""pSTAT5"":""pSTAT5"",""pSYK"":""pSyk""}"
15,UPN16,diagnostic_UPN_sample_label,4,IL-7,target,UPN16_IL-7.fcs,UPN16_IL-7.fcs,f42fd7a497b04bae8ce371cbd053ff375119dca56cfff224d6f4d266af27013e,12653570,60818,52,F,"4,3,2,1",L,58,3375,3416,12653560,cb18a46591c29fd169ed9179c9aa062ba3b033bb9083e7ed6818212a8ee8d63f,Yb176_group,"{""p4EBP1"":17,""pAKT"":32,""pERK1/2"":46,""pIKAROS"":28,""pPLCγ2"":14,""pS6"":45,""pSTAT5"":23,""pSYK"":39}","{""p4EBP1"":""(Nd144)Di"",""pAKT"":""(Tb159)Di"",""pERK1/2"":""(Yb173)Di"",""pIKAROS"":""(Gd155)Di"",""pPLCγ2"":""(Pr141)Di"",""pS6"":""(Yb172)Di"",""pSTAT5"":""(Nd150)Di"",""pSYK"":""(Er166)Di""}","{""p4EBP1"":""p4EBP1"",""pAKT"":""pAkt"",""pERK1/2"":""pErk"",""pIKAROS"":""pIkaros"",""pPLCγ2"":""pPLCg1_2"",""pS6"":""pS6"",""pSTAT5"":""pSTAT5"",""pSYK"":""pSyk""}"
15,UPN16,diagnostic_UPN_sample_label,5,Pervanadate,target,UPN16_Pervanadate.fcs,UPN16_Pervanadate.fcs,1239f8930379f24002a5d5e6e8563a4feceaa11d2fd1f0d7cefd8a854a7bf624,12230918,58786,52,F,"4,3,2,1",L,58,3379,3420,12230908,cb18a46591c29fd169ed9179c9aa062ba3b033bb9083e7ed6818212a8ee8d63f,Yb176_group,"{""p4EBP1"":17,""pAKT"":32,""pERK1/2"":46,""pIKAROS"":28,""pPLCγ2"":14,""pS6"":45,""pSTAT5"":23,""pSYK"":39}","{""p4EBP1"":""(Nd144)Di"",""pAKT"":""(Tb159)Di"",""pERK1/2"":""(Yb173)Di"",""pIKAROS"":""(Gd155)Di"",""pPLCγ2"":""(Pr141)Di"",""pS6"":""(Yb172)Di"",""pSTAT5"":""(Nd150)Di"",""pSYK"":""(Er166)Di""}","{""p4EBP1"":""p4EBP1"",""pAKT"":""pAkt"",""pERK1/2"":""pErk"",""pIKAROS"":""pIkaros"",""pPLCγ2"":""pPLCg1_2"",""pS6"":""pS6"",""pSTAT5"":""pSTAT5"",""pSYK"":""pSyk""}"
15,UPN16,diagnostic_UPN_sample_label,6,TSLP,target,UPN16_TSLP.fcs,UPN16_TSLP.fcs,cee42577be299d6d31e3d551563574b05990777b44ba9aecf59ae2e58dcbb195,10736852,51603,52,F,"4,3,2,1",L,58,3377,3418,10736842,cb18a46591c29fd169ed9179c9aa062ba3b033bb9083e7ed6818212a8ee8d63f,Yb176_group,"{""p4EBP1"":17,""pAKT"":32,""pERK1/2"":46,""pIKAROS"":28,""pPLCγ2"":14,""pS6"":45,""pSTAT5"":23,""pSYK"":39}","{""p4EBP1"":""(Nd144)Di"",""pAKT"":""(Tb159)Di"",""pERK1/2"":""(Yb173)Di"",""pIKAROS"":""(Gd155)Di"",""pPLCγ2"":""(Pr141)Di"",""pS6"":""(Yb172)Di"",""pSTAT5"":""(Nd150)Di"",""pSYK"":""(Er166)Di""}","{""p4EBP1"":""p4EBP1"",""pAKT"":""pAkt"",""pERK1/2"":""pErk"",""pIKAROS"":""pIkaros"",""pPLCγ2"":""pPLCg1_2"",""pS6"":""pS6"",""pSTAT5"":""pSTAT5"",""pSYK"":""pSyk""}"
15,UPN16,diagnostic_UPN_sample_label,7,Tofacitinib,target,UPN16_Tofacitinib.fcs,UPN16_Tofacitinib.fcs,3c3eaf33eed5619606e8d3dff6ed649eb5dea98770d2dfc6352ef3684a22b705,13183764,63367,52,F,"4,3,2,1",L,58,3377,3418,13183754,cb18a46591c29fd169ed9179c9aa062ba3b033bb9083e7ed6818212a8ee8d63f,Yb176_group,"{""p4EBP1"":17,""pAKT"":32,""pERK1/2"":46,""pIKAROS"":28,""pPLCγ2"":14,""pS6"":45,""pSTAT5"":23,""pSYK"":39}","{""p4EBP1"":""(Nd144)Di"",""pAKT"":""(Tb159)Di"",""pERK1/2"":""(Yb173)Di"",""pIKAROS"":""(Gd155)Di"",""pPLCγ2"":""(Pr141)Di"",""pS6"":""(Yb172)Di"",""pSTAT5"":""(Nd150)Di"",""pSYK"":""(Er166)Di""}","{""p4EBP1"":""p4EBP1"",""pAKT"":""pAkt"",""pERK1/2"":""pErk"",""pIKAROS"":""pIkaros"",""pPLCγ2"":""pPLCg1_2"",""pS6"":""pS6"",""pSTAT5"":""pSTAT5"",""pSYK"":""pSyk""}"
16,UPN17,diagnostic_UPN_sample_label,0,Basal,baseline,UPN17_Basal.fcs,UPN17_Basal.fcs,cb57507f4811034534444b9e89fca7b73b9868d25cc46672998920233e80ee9e,27247895,130983,52,F,"4,3,2,1",L,58,3380,3421,27247885,cb18a46591c29fd169ed9179c9aa062ba3b033bb9083e7ed6818212a8ee8d63f,Yb176_group,"{""p4EBP1"":17,""pAKT"":32,""pERK1/2"":46,""pIKAROS"":28,""pPLCγ2"":14,""pS6"":45,""pSTAT5"":23,""pSYK"":39}","{""p4EBP1"":""(Nd144)Di"",""pAKT"":""(Tb159)Di"",""pERK1/2"":""(Yb173)Di"",""pIKAROS"":""(Gd155)Di"",""pPLCγ2"":""(Pr141)Di"",""pS6"":""(Yb172)Di"",""pSTAT5"":""(Nd150)Di"",""pSYK"":""(Er166)Di""}","{""p4EBP1"":""p4EBP1"",""pAKT"":""pAkt"",""pERK1/2"":""pErk"",""pIKAROS"":""pIkaros"",""pPLCγ2"":""pPLCg1_2"",""pS6"":""pS6"",""pSTAT5"":""pSTAT5"",""pSYK"":""pSyk""}"
16,UPN17,diagnostic_UPN_sample_label,1,BCR-Crosslink,target,UPN17_BCR-Crosslink.fcs,UPN17_BCR-Crosslink.fcs,4924db35e3fa17a156babcbbc8c5a1c261570f43ed3615886ae214983bde53de,31480485,151332,52,F,"4,3,2,1",L,58,3378,3419,31480475,cb18a46591c29fd169ed9179c9aa062ba3b033bb9083e7ed6818212a8ee8d63f,Yb176_group,"{""p4EBP1"":17,""pAKT"":32,""pERK1/2"":46,""pIKAROS"":28,""pPLCγ2"":14,""pS6"":45,""pSTAT5"":23,""pSYK"":39}","{""p4EBP1"":""(Nd144)Di"",""pAKT"":""(Tb159)Di"",""pERK1/2"":""(Yb173)Di"",""pIKAROS"":""(Gd155)Di"",""pPLCγ2"":""(Pr141)Di"",""pS6"":""(Yb172)Di"",""pSTAT5"":""(Nd150)Di"",""pSYK"":""(Er166)Di""}","{""p4EBP1"":""p4EBP1"",""pAKT"":""pAkt"",""pERK1/2"":""pErk"",""pIKAROS"":""pIkaros"",""pPLCγ2"":""pPLCg1_2"",""pS6"":""pS6"",""pSTAT5"":""pSTAT5"",""pSYK"":""pSyk""}"
16,UPN17,diagnostic_UPN_sample_label,2,BEZ-235,target,UPN17_BEZ-235.fcs,UPN17_BEZ-235.fcs,6754567b4e6f01990e51ef25d78d13ed2ff3f8e61d3c76339d70c79a2f397afc,26039830,125175,52,F,"4,3,2,1",L,58,3379,3420,26039820,cb18a46591c29fd169ed9179c9aa062ba3b033bb9083e7ed6818212a8ee8d63f,Yb176_group,"{""p4EBP1"":17,""pAKT"":32,""pERK1/2"":46,""pIKAROS"":28,""pPLCγ2"":14,""pS6"":45,""pSTAT5"":23,""pSYK"":39}","{""p4EBP1"":""(Nd144)Di"",""pAKT"":""(Tb159)Di"",""pERK1/2"":""(Yb173)Di"",""pIKAROS"":""(Gd155)Di"",""pPLCγ2"":""(Pr141)Di"",""pS6"":""(Yb172)Di"",""pSTAT5"":""(Nd150)Di"",""pSYK"":""(Er166)Di""}","{""p4EBP1"":""p4EBP1"",""pAKT"":""pAkt"",""pERK1/2"":""pErk"",""pIKAROS"":""pIkaros"",""pPLCγ2"":""pPLCg1_2"",""pS6"":""pS6"",""pSTAT5"":""pSTAT5"",""pSYK"":""pSyk""}"
16,UPN17,diagnostic_UPN_sample_label,3,Dasatinib,target,UPN17_Dasatinib.fcs,UPN17_Dasatinib.fcs,ebdb0009b9d3573923e2456c0cd511fc1dfe2b549348a56beafbf011bd317695,26402164,126917,52,F,"4,3,2,1",L,58,3377,3418,26402154,cb18a46591c29fd169ed9179c9aa062ba3b033bb9083e7ed6818212a8ee8d63f,Yb176_group,"{""p4EBP1"":17,""pAKT"":32,""pERK1/2"":46,""pIKAROS"":28,""pPLCγ2"":14,""pS6"":45,""pSTAT5"":23,""pSYK"":39}","{""p4EBP1"":""(Nd144)Di"",""pAKT"":""(Tb159)Di"",""pERK1/2"":""(Yb173)Di"",""pIKAROS"":""(Gd155)Di"",""pPLCγ2"":""(Pr141)Di"",""pS6"":""(Yb172)Di"",""pSTAT5"":""(Nd150)Di"",""pSYK"":""(Er166)Di""}","{""p4EBP1"":""p4EBP1"",""pAKT"":""pAkt"",""pERK1/2"":""pErk"",""pIKAROS"":""pIkaros"",""pPLCγ2"":""pPLCg1_2"",""pS6"":""pS6"",""pSTAT5"":""pSTAT5"",""pSYK"":""pSyk""}"
16,UPN17,diagnostic_UPN_sample_label,4,IL-7,target,UPN17_IL-7.fcs,UPN17_IL-7.fcs,f3869f3f9be03bbae6dd7fb9aced07a59a13f0984fc0a9f9f1bc4896fc982c97,25991992,124945,52,F,"4,3,2,1",L,58,3381,3422,25991982,cb18a46591c29fd169ed9179c9aa062ba3b033bb9083e7ed6818212a8ee8d63f,Yb176_group,"{""p4EBP1"":17,""pAKT"":32,""pERK1/2"":46,""pIKAROS"":28,""pPLCγ2"":14,""pS6"":45,""pSTAT5"":23,""pSYK"":39}","{""p4EBP1"":""(Nd144)Di"",""pAKT"":""(Tb159)Di"",""pERK1/2"":""(Yb173)Di"",""pIKAROS"":""(Gd155)Di"",""pPLCγ2"":""(Pr141)Di"",""pS6"":""(Yb172)Di"",""pSTAT5"":""(Nd150)Di"",""pSYK"":""(Er166)Di""}","{""p4EBP1"":""p4EBP1"",""pAKT"":""pAkt"",""pERK1/2"":""pErk"",""pIKAROS"":""pIkaros"",""pPLCγ2"":""pPLCg1_2"",""pS6"":""pS6"",""pSTAT5"":""pSTAT5"",""pSYK"":""pSyk""}"
16,UPN17,diagnostic_UPN_sample_label,5,Pervanadate,target,UPN17_Pervanadate.fcs,UPN17_Pervanadate.fcs,ecaa2fda4d74cce8d5eb12d2eaeee96346d9f48ec1cf0615d88f9c76fb96eb74,30029271,144355,52,F,"4,3,2,1",L,58,3380,3421,30029261,cb18a46591c29fd169ed9179c9aa062ba3b033bb9083e7ed6818212a8ee8d63f,Yb176_group,"{""p4EBP1"":17,""pAKT"":32,""pERK1/2"":46,""pIKAROS"":28,""pPLCγ2"":14,""pS6"":45,""pSTAT5"":23,""pSYK"":39}","{""p4EBP1"":""(Nd144)Di"",""pAKT"":""(Tb159)Di"",""pERK1/2"":""(Yb173)Di"",""pIKAROS"":""(Gd155)Di"",""pPLCγ2"":""(Pr141)Di"",""pS6"":""(Yb172)Di"",""pSTAT5"":""(Nd150)Di"",""pSYK"":""(Er166)Di""}","{""p4EBP1"":""p4EBP1"",""pAKT"":""pAkt"",""pERK1/2"":""pErk"",""pIKAROS"":""pIkaros"",""pPLCγ2"":""pPLCg1_2"",""pS6"":""pS6"",""pSTAT5"":""pSTAT5"",""pSYK"":""pSyk""}"
16,UPN17,diagnostic_UPN_sample_label,6,TSLP,target,UPN17_TSLP.fcs,UPN17_TSLP.fcs,80692a103e63ef0a0c05757e8ada7a0bb8896a97ff4fba9ae7747e9b9e9df695,26895748,129290,52,F,"4,3,2,1",L,58,3377,3418,26895738,cb18a46591c29fd169ed9179c9aa062ba3b033bb9083e7ed6818212a8ee8d63f,Yb176_group,"{""p4EBP1"":17,""pAKT"":32,""pERK1/2"":46,""pIKAROS"":28,""pPLCγ2"":14,""pS6"":45,""pSTAT5"":23,""pSYK"":39}","{""p4EBP1"":""(Nd144)Di"",""pAKT"":""(Tb159)Di"",""pERK1/2"":""(Yb173)Di"",""pIKAROS"":""(Gd155)Di"",""pPLCγ2"":""(Pr141)Di"",""pS6"":""(Yb172)Di"",""pSTAT5"":""(Nd150)Di"",""pSYK"":""(Er166)Di""}","{""p4EBP1"":""p4EBP1"",""pAKT"":""pAkt"",""pERK1/2"":""pErk"",""pIKAROS"":""pIkaros"",""pPLCγ2"":""pPLCg1_2"",""pS6"":""pS6"",""pSTAT5"":""pSTAT5"",""pSYK"":""pSyk""}"
16,UPN17,diagnostic_UPN_sample_label,7,Tofacitinib,target,UPN17_Tofacitinib.fcs,UPN17_Tofacitinib.fcs,3c8b0210e1fe8319da3a1ce6d6e936ff72971912f7fe6e741b8522bc711fa53f,25324307,121735,52,F,"4,3,2,1",L,58,3376,3417,25324297,cb18a46591c29fd169ed9179c9aa062ba3b033bb9083e7ed6818212a8ee8d63f,Yb176_group,"{""p4EBP1"":17,""pAKT"":32,""pERK1/2"":46,""pIKAROS"":28,""pPLCγ2"":14,""pS6"":45,""pSTAT5"":23,""pSYK"":39}","{""p4EBP1"":""(Nd144)Di"",""pAKT"":""(Tb159)Di"",""pERK1/2"":""(Yb173)Di"",""pIKAROS"":""(Gd155)Di"",""pPLCγ2"":""(Pr141)Di"",""pS6"":""(Yb172)Di"",""pSTAT5"":""(Nd150)Di"",""pSYK"":""(Er166)Di""}","{""p4EBP1"":""p4EBP1"",""pAKT"":""pAkt"",""pERK1/2"":""pErk"",""pIKAROS"":""pIkaros"",""pPLCγ2"":""pPLCg1_2"",""pS6"":""pS6"",""pSTAT5"":""pSTAT5"",""pSYK"":""pSyk""}"
17,UPN18,diagnostic_UPN_sample_label,0,Basal,baseline,UPN18_Basal.fcs,UPN18_Basal.fcs,0338793a3d68e39898d73db02f73b20957a944dabefb40adbeaafcb2c9cf1f00,5359412,25750,52,F,"4,3,2,1",L,58,3361,3402,5359402,cb18a46591c29fd169ed9179c9aa062ba3b033bb9083e7ed6818212a8ee8d63f,Yb176_group,"{""p4EBP1"":17,""pAKT"":32,""pERK1/2"":46,""pIKAROS"":28,""pPLCγ2"":14,""pS6"":45,""pSTAT5"":23,""pSYK"":39}","{""p4EBP1"":""(Nd144)Di"",""pAKT"":""(Tb159)Di"",""pERK1/2"":""(Yb173)Di"",""pIKAROS"":""(Gd155)Di"",""pPLCγ2"":""(Pr141)Di"",""pS6"":""(Yb172)Di"",""pSTAT5"":""(Nd150)Di"",""pSYK"":""(Er166)Di""}","{""p4EBP1"":""p4EBP1"",""pAKT"":""pAkt"",""pERK1/2"":""pErk"",""pIKAROS"":""pIkaros"",""pPLCγ2"":""pPLCg1_2"",""pS6"":""pS6"",""pSTAT5"":""pSTAT5"",""pSYK"":""pSyk""}"
17,UPN18,diagnostic_UPN_sample_label,1,BCR-Crosslink,target,UPN18_BCR-Crosslink.fcs,UPN18_BCR-Crosslink.fcs,ed44aa348828c636ff24f7887823ea9c005476ed7ddc80ab8e097632cb0e8060,5630025,27051,52,F,"4,3,2,1",L,58,3366,3407,5630015,cb18a46591c29fd169ed9179c9aa062ba3b033bb9083e7ed6818212a8ee8d63f,Yb176_group,"{""p4EBP1"":17,""pAKT"":32,""pERK1/2"":46,""pIKAROS"":28,""pPLCγ2"":14,""pS6"":45,""pSTAT5"":23,""pSYK"":39}","{""p4EBP1"":""(Nd144)Di"",""pAKT"":""(Tb159)Di"",""pERK1/2"":""(Yb173)Di"",""pIKAROS"":""(Gd155)Di"",""pPLCγ2"":""(Pr141)Di"",""pS6"":""(Yb172)Di"",""pSTAT5"":""(Nd150)Di"",""pSYK"":""(Er166)Di""}","{""p4EBP1"":""p4EBP1"",""pAKT"":""pAkt"",""pERK1/2"":""pErk"",""pIKAROS"":""pIkaros"",""pPLCγ2"":""pPLCg1_2"",""pS6"":""pS6"",""pSTAT5"":""pSTAT5"",""pSYK"":""pSyk""}"
17,UPN18,diagnostic_UPN_sample_label,2,BEZ-235,target,UPN18_BEZ-235.fcs,UPN18_BEZ-235.fcs,56201cc071cc532075fd500496787255064f4bf1715779c763fe9c3c83f701a1,5779368,27769,52,F,"4,3,2,1",L,58,3365,3406,5779358,cb18a46591c29fd169ed9179c9aa062ba3b033bb9083e7ed6818212a8ee8d63f,Yb176_group,"{""p4EBP1"":17,""pAKT"":32,""pERK1/2"":46,""pIKAROS"":28,""pPLCγ2"":14,""pS6"":45,""pSTAT5"":23,""pSYK"":39}","{""p4EBP1"":""(Nd144)Di"",""pAKT"":""(Tb159)Di"",""pERK1/2"":""(Yb173)Di"",""pIKAROS"":""(Gd155)Di"",""pPLCγ2"":""(Pr141)Di"",""pS6"":""(Yb172)Di"",""pSTAT5"":""(Nd150)Di"",""pSYK"":""(Er166)Di""}","{""p4EBP1"":""p4EBP1"",""pAKT"":""pAkt"",""pERK1/2"":""pErk"",""pIKAROS"":""pIkaros"",""pPLCγ2"":""pPLCg1_2"",""pS6"":""pS6"",""pSTAT5"":""pSTAT5"",""pSYK"":""pSyk""}"
17,UPN18,diagnostic_UPN_sample_label,3,Dasatinib,target,UPN18_Dasatinib.fcs,UPN18_Dasatinib.fcs,73a4a4134926490d1d5a07d4467e2c7f28598c552f0e2b7d005194e84af4d1aa,5708025,27426,52,F,"4,3,2,1",L,58,3366,3407,5708015,cb18a46591c29fd169ed9179c9aa062ba3b033bb9083e7ed6818212a8ee8d63f,Yb176_group,"{""p4EBP1"":17,""pAKT"":32,""pERK1/2"":46,""pIKAROS"":28,""pPLCγ2"":14,""pS6"":45,""pSTAT5"":23,""pSYK"":39}","{""p4EBP1"":""(Nd144)Di"",""pAKT"":""(Tb159)Di"",""pERK1/2"":""(Yb173)Di"",""pIKAROS"":""(Gd155)Di"",""pPLCγ2"":""(Pr141)Di"",""pS6"":""(Yb172)Di"",""pSTAT5"":""(Nd150)Di"",""pSYK"":""(Er166)Di""}","{""p4EBP1"":""p4EBP1"",""pAKT"":""pAkt"",""pERK1/2"":""pErk"",""pIKAROS"":""pIkaros"",""pPLCγ2"":""pPLCg1_2"",""pS6"":""pS6"",""pSTAT5"":""pSTAT5"",""pSYK"":""pSyk""}"
17,UPN18,diagnostic_UPN_sample_label,4,IL-7,target,UPN18_IL-7.fcs,UPN18_IL-7.fcs,025b39751c1d5175557bd552043d9adcc8b63d969f876739194db3adb95e2f9a,5812438,27928,52,F,"4,3,2,1",L,58,3363,3404,5812428,cb18a46591c29fd169ed9179c9aa062ba3b033bb9083e7ed6818212a8ee8d63f,Yb176_group,"{""p4EBP1"":17,""pAKT"":32,""pERK1/2"":46,""pIKAROS"":28,""pPLCγ2"":14,""pS6"":45,""pSTAT5"":23,""pSYK"":39}","{""p4EBP1"":""(Nd144)Di"",""pAKT"":""(Tb159)Di"",""pERK1/2"":""(Yb173)Di"",""pIKAROS"":""(Gd155)Di"",""pPLCγ2"":""(Pr141)Di"",""pS6"":""(Yb172)Di"",""pSTAT5"":""(Nd150)Di"",""pSYK"":""(Er166)Di""}","{""p4EBP1"":""p4EBP1"",""pAKT"":""pAkt"",""pERK1/2"":""pErk"",""pIKAROS"":""pIkaros"",""pPLCγ2"":""pPLCg1_2"",""pS6"":""pS6"",""pSTAT5"":""pSTAT5"",""pSYK"":""pSyk""}"
17,UPN18,diagnostic_UPN_sample_label,5,Pervanadate,target,UPN18_Pervanadate.fcs,UPN18_Pervanadate.fcs,e29a45efa85f152fdf820f7c7032f9708db6ac34155306d8045a0db345ddc2d7,5429516,26087,52,F,"4,3,2,1",L,58,3369,3410,5429506,cb18a46591c29fd169ed9179c9aa062ba3b033bb9083e7ed6818212a8ee8d63f,Yb176_group,"{""p4EBP1"":17,""pAKT"":32,""pERK1/2"":46,""pIKAROS"":28,""pPLCγ2"":14,""pS6"":45,""pSTAT5"":23,""pSYK"":39}","{""p4EBP1"":""(Nd144)Di"",""pAKT"":""(Tb159)Di"",""pERK1/2"":""(Yb173)Di"",""pIKAROS"":""(Gd155)Di"",""pPLCγ2"":""(Pr141)Di"",""pS6"":""(Yb172)Di"",""pSTAT5"":""(Nd150)Di"",""pSYK"":""(Er166)Di""}","{""p4EBP1"":""p4EBP1"",""pAKT"":""pAkt"",""pERK1/2"":""pErk"",""pIKAROS"":""pIkaros"",""pPLCγ2"":""pPLCg1_2"",""pS6"":""pS6"",""pSTAT5"":""pSTAT5"",""pSYK"":""pSyk""}"
17,UPN18,diagnostic_UPN_sample_label,6,TSLP,target,UPN18_TSLP.fcs,UPN18_TSLP.fcs,a8f9e28d4d0f0dfd0574a20d63858cc425d195f779144762178d1f8bafd57061,5761270,27682,52,F,"4,3,2,1",L,58,3363,3404,5761260,cb18a46591c29fd169ed9179c9aa062ba3b033bb9083e7ed6818212a8ee8d63f,Yb176_group,"{""p4EBP1"":17,""pAKT"":32,""pERK1/2"":46,""pIKAROS"":28,""pPLCγ2"":14,""pS6"":45,""pSTAT5"":23,""pSYK"":39}","{""p4EBP1"":""(Nd144)Di"",""pAKT"":""(Tb159)Di"",""pERK1/2"":""(Yb173)Di"",""pIKAROS"":""(Gd155)Di"",""pPLCγ2"":""(Pr141)Di"",""pS6"":""(Yb172)Di"",""pSTAT5"":""(Nd150)Di"",""pSYK"":""(Er166)Di""}","{""p4EBP1"":""p4EBP1"",""pAKT"":""pAkt"",""pERK1/2"":""pErk"",""pIKAROS"":""pIkaros"",""pPLCγ2"":""pPLCg1_2"",""pS6"":""pS6"",""pSTAT5"":""pSTAT5"",""pSYK"":""pSyk""}"
17,UPN18,diagnostic_UPN_sample_label,7,Tofacitinib,target,UPN18_Tofacitinib.fcs,UPN18_Tofacitinib.fcs,eb416d5c8ccda483106e59b57e09ed9c6d9760e8163cefbfa24254d5164917b4,5546819,26651,52,F,"4,3,2,1",L,58,3360,3401,5546809,cb18a46591c29fd169ed9179c9aa062ba3b033bb9083e7ed6818212a8ee8d63f,Yb176_group,"{""p4EBP1"":17,""pAKT"":32,""pERK1/2"":46,""pIKAROS"":28,""pPLCγ2"":14,""pS6"":45,""pSTAT5"":23,""pSYK"":39}","{""p4EBP1"":""(Nd144)Di"",""pAKT"":""(Tb159)Di"",""pERK1/2"":""(Yb173)Di"",""pIKAROS"":""(Gd155)Di"",""pPLCγ2"":""(Pr141)Di"",""pS6"":""(Yb172)Di"",""pSTAT5"":""(Nd150)Di"",""pSYK"":""(Er166)Di""}","{""p4EBP1"":""p4EBP1"",""pAKT"":""pAkt"",""pERK1/2"":""pErk"",""pIKAROS"":""pIkaros"",""pPLCγ2"":""pPLCg1_2"",""pS6"":""pS6"",""pSTAT5"":""pSTAT5"",""pSYK"":""pSyk""}"
18,UPN19,diagnostic_UPN_sample_label,0,Basal,baseline,UPN19_Basal.fcs,UPN19_Basal.fcs,271f35bfdee15f752dd56dd1e2fb2074182fe65a92d567d3134ec4513f76a50b,16161285,77682,52,F,"4,3,2,1",L,58,3378,3419,16161275,cb18a46591c29fd169ed9179c9aa062ba3b033bb9083e7ed6818212a8ee8d63f,Yb176_group,"{""p4EBP1"":17,""pAKT"":32,""pERK1/2"":46,""pIKAROS"":28,""pPLCγ2"":14,""pS6"":45,""pSTAT5"":23,""pSYK"":39}","{""p4EBP1"":""(Nd144)Di"",""pAKT"":""(Tb159)Di"",""pERK1/2"":""(Yb173)Di"",""pIKAROS"":""(Gd155)Di"",""pPLCγ2"":""(Pr141)Di"",""pS6"":""(Yb172)Di"",""pSTAT5"":""(Nd150)Di"",""pSYK"":""(Er166)Di""}","{""p4EBP1"":""p4EBP1"",""pAKT"":""pAkt"",""pERK1/2"":""pErk"",""pIKAROS"":""pIkaros"",""pPLCγ2"":""pPLCg1_2"",""pS6"":""pS6"",""pSTAT5"":""pSTAT5"",""pSYK"":""pSyk""}"
18,UPN19,diagnostic_UPN_sample_label,1,BCR-Crosslink,target,UPN19_BCR-Crosslink.fcs,UPN19_BCR-Crosslink.fcs,41a1f8e96d33776b6c2556150988f7cf7d68c6ddfa98aa0d658f55ca438e92fd,17382039,83551,52,F,"4,3,2,1",L,58,3380,3421,17382029,cb18a46591c29fd169ed9179c9aa062ba3b033bb9083e7ed6818212a8ee8d63f,Yb176_group,"{""p4EBP1"":17,""pAKT"":32,""pERK1/2"":46,""pIKAROS"":28,""pPLCγ2"":14,""pS6"":45,""pSTAT5"":23,""pSYK"":39}","{""p4EBP1"":""(Nd144)Di"",""pAKT"":""(Tb159)Di"",""pERK1/2"":""(Yb173)Di"",""pIKAROS"":""(Gd155)Di"",""pPLCγ2"":""(Pr141)Di"",""pS6"":""(Yb172)Di"",""pSTAT5"":""(Nd150)Di"",""pSYK"":""(Er166)Di""}","{""p4EBP1"":""p4EBP1"",""pAKT"":""pAkt"",""pERK1/2"":""pErk"",""pIKAROS"":""pIkaros"",""pPLCγ2"":""pPLCg1_2"",""pS6"":""pS6"",""pSTAT5"":""pSTAT5"",""pSYK"":""pSyk""}"
18,UPN19,diagnostic_UPN_sample_label,2,BEZ-235,target,UPN19_BEZ-235.fcs,UPN19_BEZ-235.fcs,9ba16cbdf2a5da5694af80b87569db1d54d50f98847ec609a3856bd2b2b2fd4e,19262565,92592,52,F,"4,3,2,1",L,58,3378,3419,19262555,cb18a46591c29fd169ed9179c9aa062ba3b033bb9083e7ed6818212a8ee8d63f,Yb176_group,"{""p4EBP1"":17,""pAKT"":32,""pERK1/2"":46,""pIKAROS"":28,""pPLCγ2"":14,""pS6"":45,""pSTAT5"":23,""pSYK"":39}","{""p4EBP1"":""(Nd144)Di"",""pAKT"":""(Tb159)Di"",""pERK1/2"":""(Yb173)Di"",""pIKAROS"":""(Gd155)Di"",""pPLCγ2"":""(Pr141)Di"",""pS6"":""(Yb172)Di"",""pSTAT5"":""(Nd150)Di"",""pSYK"":""(Er166)Di""}","{""p4EBP1"":""p4EBP1"",""pAKT"":""pAkt"",""pERK1/2"":""pErk"",""pIKAROS"":""pIkaros"",""pPLCγ2"":""pPLCg1_2"",""pS6"":""pS6"",""pSTAT5"":""pSTAT5"",""pSYK"":""pSyk""}"
18,UPN19,diagnostic_UPN_sample_label,3,Dasatinib,target,UPN19_Dasatinib.fcs,UPN19_Dasatinib.fcs,b76fa1c2351cc2c88e2189a2033189dd3269a294d4c87a42dfd89dfde28bd3d9,18998823,91324,52,F,"4,3,2,1",L,58,3380,3421,18998813,cb18a46591c29fd169ed9179c9aa062ba3b033bb9083e7ed6818212a8ee8d63f,Yb176_group,"{""p4EBP1"":17,""pAKT"":32,""pERK1/2"":46,""pIKAROS"":28,""pPLCγ2"":14,""pS6"":45,""pSTAT5"":23,""pSYK"":39}","{""p4EBP1"":""(Nd144)Di"",""pAKT"":""(Tb159)Di"",""pERK1/2"":""(Yb173)Di"",""pIKAROS"":""(Gd155)Di"",""pPLCγ2"":""(Pr141)Di"",""pS6"":""(Yb172)Di"",""pSTAT5"":""(Nd150)Di"",""pSYK"":""(Er166)Di""}","{""p4EBP1"":""p4EBP1"",""pAKT"":""pAkt"",""pERK1/2"":""pErk"",""pIKAROS"":""pIkaros"",""pPLCγ2"":""pPLCg1_2"",""pS6"":""pS6"",""pSTAT5"":""pSTAT5"",""pSYK"":""pSyk""}"
18,UPN19,diagnostic_UPN_sample_label,4,IL-7,target,UPN19_IL-7.fcs,UPN19_IL-7.fcs,5051399e45ad61aabd61cbcbdf3875caf8d5136098c02f5e90407faaa9f1ea8e,18495457,88904,52,F,"4,3,2,1",L,58,3374,3415,18495447,cb18a46591c29fd169ed9179c9aa062ba3b033bb9083e7ed6818212a8ee8d63f,Yb176_group,"{""p4EBP1"":17,""pAKT"":32,""pERK1/2"":46,""pIKAROS"":28,""pPLCγ2"":14,""pS6"":45,""pSTAT5"":23,""pSYK"":39}","{""p4EBP1"":""(Nd144)Di"",""pAKT"":""(Tb159)Di"",""pERK1/2"":""(Yb173)Di"",""pIKAROS"":""(Gd155)Di"",""pPLCγ2"":""(Pr141)Di"",""pS6"":""(Yb172)Di"",""pSTAT5"":""(Nd150)Di"",""pSYK"":""(Er166)Di""}","{""p4EBP1"":""p4EBP1"",""pAKT"":""pAkt"",""pERK1/2"":""pErk"",""pIKAROS"":""pIkaros"",""pPLCγ2"":""pPLCg1_2"",""pS6"":""pS6"",""pSTAT5"":""pSTAT5"",""pSYK"":""pSyk""}"
18,UPN19,diagnostic_UPN_sample_label,5,Pervanadate,target,UPN19_Pervanadate.fcs,UPN19_Pervanadate.fcs,4d48cab4544a903080e83c0425929dc419f250dcced14b13af716315bb07a786,17895591,86020,52,F,"4,3,2,1",L,58,3380,3421,17895581,cb18a46591c29fd169ed9179c9aa062ba3b033bb9083e7ed6818212a8ee8d63f,Yb176_group,"{""p4EBP1"":17,""pAKT"":32,""pERK1/2"":46,""pIKAROS"":28,""pPLCγ2"":14,""pS6"":45,""pSTAT5"":23,""pSYK"":39}","{""p4EBP1"":""(Nd144)Di"",""pAKT"":""(Tb159)Di"",""pERK1/2"":""(Yb173)Di"",""pIKAROS"":""(Gd155)Di"",""pPLCγ2"":""(Pr141)Di"",""pS6"":""(Yb172)Di"",""pSTAT5"":""(Nd150)Di"",""pSYK"":""(Er166)Di""}","{""p4EBP1"":""p4EBP1"",""pAKT"":""pAkt"",""pERK1/2"":""pErk"",""pIKAROS"":""pIkaros"",""pPLCγ2"":""pPLCg1_2"",""pS6"":""pS6"",""pSTAT5"":""pSTAT5"",""pSYK"":""pSyk""}"
18,UPN19,diagnostic_UPN_sample_label,6,TSLP,target,UPN19_TSLP.fcs,UPN19_TSLP.fcs,53c27ada33ae428d4ced5701361c8df0a83ee7bb184cec79bd383923d3df933b,19079527,91712,52,F,"4,3,2,1",L,58,3380,3421,19079517,cb18a46591c29fd169ed9179c9aa062ba3b033bb9083e7ed6818212a8ee8d63f,Yb176_group,"{""p4EBP1"":17,""pAKT"":32,""pERK1/2"":46,""pIKAROS"":28,""pPLCγ2"":14,""pS6"":45,""pSTAT5"":23,""pSYK"":39}","{""p4EBP1"":""(Nd144)Di"",""pAKT"":""(Tb159)Di"",""pERK1/2"":""(Yb173)Di"",""pIKAROS"":""(Gd155)Di"",""pPLCγ2"":""(Pr141)Di"",""pS6"":""(Yb172)Di"",""pSTAT5"":""(Nd150)Di"",""pSYK"":""(Er166)Di""}","{""p4EBP1"":""p4EBP1"",""pAKT"":""pAkt"",""pERK1/2"":""pErk"",""pIKAROS"":""pIkaros"",""pPLCγ2"":""pPLCg1_2"",""pS6"":""pS6"",""pSTAT5"":""pSTAT5"",""pSYK"":""pSyk""}"
18,UPN19,diagnostic_UPN_sample_label,7,Tofacitinib,target,UPN19_Tofacitinib.fcs,UPN19_Tofacitinib.fcs,31b69d89a25de0e296d5c35e5704f4bf6072981f2d66fcccb850b740c917dd6f,18731127,90037,52,F,"4,3,2,1",L,58,3380,3421,18731117,cb18a46591c29fd169ed9179c9aa062ba3b033bb9083e7ed6818212a8ee8d63f,Yb176_group,"{""p4EBP1"":17,""pAKT"":32,""pERK1/2"":46,""pIKAROS"":28,""pPLCγ2"":14,""pS6"":45,""pSTAT5"":23,""pSYK"":39}","{""p4EBP1"":""(Nd144)Di"",""pAKT"":""(Tb159)Di"",""pERK1/2"":""(Yb173)Di"",""pIKAROS"":""(Gd155)Di"",""pPLCγ2"":""(Pr141)Di"",""pS6"":""(Yb172)Di"",""pSTAT5"":""(Nd150)Di"",""pSYK"":""(Er166)Di""}","{""p4EBP1"":""p4EBP1"",""pAKT"":""pAkt"",""pERK1/2"":""pErk"",""pIKAROS"":""pIkaros"",""pPLCγ2"":""pPLCg1_2"",""pS6"":""pS6"",""pSTAT5"":""pSTAT5"",""pSYK"":""pSyk""}"
19,UPN20,diagnostic_UPN_sample_label,0,Basal,baseline,UPN20_Basal.fcs,UPN20_Basal.fcs,0f82f384ab1333c2811f1df0f4e06f44336b357f47715d0f7b39e04f99eb44c7,14628320,70312,52,F,"4,3,2,1",L,58,3373,3414,14628310,cb18a46591c29fd169ed9179c9aa062ba3b033bb9083e7ed6818212a8ee8d63f,Yb176_group,"{""p4EBP1"":17,""pAKT"":32,""pERK1/2"":46,""pIKAROS"":28,""pPLCγ2"":14,""pS6"":45,""pSTAT5"":23,""pSYK"":39}","{""p4EBP1"":""(Nd144)Di"",""pAKT"":""(Tb159)Di"",""pERK1/2"":""(Yb173)Di"",""pIKAROS"":""(Gd155)Di"",""pPLCγ2"":""(Pr141)Di"",""pS6"":""(Yb172)Di"",""pSTAT5"":""(Nd150)Di"",""pSYK"":""(Er166)Di""}","{""p4EBP1"":""p4EBP1"",""pAKT"":""pAkt"",""pERK1/2"":""pErk"",""pIKAROS"":""pIkaros"",""pPLCγ2"":""pPLCg1_2"",""pS6"":""pS6"",""pSTAT5"":""pSTAT5"",""pSYK"":""pSyk""}"
19,UPN20,diagnostic_UPN_sample_label,1,BCR-Crosslink,target,UPN20_BCR-Crosslink.fcs,UPN20_BCR-Crosslink.fcs,a29c7060737133a7418ebb0ba8f268c64693a30087cec8b261d63e571ada1931,16813783,80819,52,F,"4,3,2,1",L,58,3380,3421,16813773,cb18a46591c29fd169ed9179c9aa062ba3b033bb9083e7ed6818212a8ee8d63f,Yb176_group,"{""p4EBP1"":17,""pAKT"":32,""pERK1/2"":46,""pIKAROS"":28,""pPLCγ2"":14,""pS6"":45,""pSTAT5"":23,""pSYK"":39}","{""p4EBP1"":""(Nd144)Di"",""pAKT"":""(Tb159)Di"",""pERK1/2"":""(Yb173)Di"",""pIKAROS"":""(Gd155)Di"",""pPLCγ2"":""(Pr141)Di"",""pS6"":""(Yb172)Di"",""pSTAT5"":""(Nd150)Di"",""pSYK"":""(Er166)Di""}","{""p4EBP1"":""p4EBP1"",""pAKT"":""pAkt"",""pERK1/2"":""pErk"",""pIKAROS"":""pIkaros"",""pPLCγ2"":""pPLCg1_2"",""pS6"":""pS6"",""pSTAT5"":""pSTAT5"",""pSYK"":""pSyk""}"
19,UPN20,diagnostic_UPN_sample_label,2,BEZ-235,target,UPN20_BEZ-235.fcs,UPN20_BEZ-235.fcs,938c47ee2e2dd166a6017a6dd10a3c4dc9bcb45507ab1fa5874c81ae3efff570,17163843,82502,52,F,"4,3,2,1",L,58,3376,3417,17163833,cb18a46591c29fd169ed9179c9aa062ba3b033bb9083e7ed6818212a8ee8d63f,Yb176_group,"{""p4EBP1"":17,""pAKT"":32,""pERK1/2"":46,""pIKAROS"":28,""pPLCγ2"":14,""pS6"":45,""pSTAT5"":23,""pSYK"":39}","{""p4EBP1"":""(Nd144)Di"",""pAKT"":""(Tb159)Di"",""pERK1/2"":""(Yb173)Di"",""pIKAROS"":""(Gd155)Di"",""pPLCγ2"":""(Pr141)Di"",""pS6"":""(Yb172)Di"",""pSTAT5"":""(Nd150)Di"",""pSYK"":""(Er166)Di""}","{""p4EBP1"":""p4EBP1"",""pAKT"":""pAkt"",""pERK1/2"":""pErk"",""pIKAROS"":""pIkaros"",""pPLCγ2"":""pPLCg1_2"",""pS6"":""pS6"",""pSTAT5"":""pSTAT5"",""pSYK"":""pSyk""}"
19,UPN20,diagnostic_UPN_sample_label,3,Dasatinib,target,UPN20_Dasatinib.fcs,UPN20_Dasatinib.fcs,1143af30b15ea6757eac387094a0714ae60b60202859417650d0d5cb273846bd,17613745,84665,52,F,"4,3,2,1",L,58,3374,3415,17613735,cb18a46591c29fd169ed9179c9aa062ba3b033bb9083e7ed6818212a8ee8d63f,Yb176_group,"{""p4EBP1"":17,""pAKT"":32,""pERK1/2"":46,""pIKAROS"":28,""pPLCγ2"":14,""pS6"":45,""pSTAT5"":23,""pSYK"":39}","{""p4EBP1"":""(Nd144)Di"",""pAKT"":""(Tb159)Di"",""pERK1/2"":""(Yb173)Di"",""pIKAROS"":""(Gd155)Di"",""pPLCγ2"":""(Pr141)Di"",""pS6"":""(Yb172)Di"",""pSTAT5"":""(Nd150)Di"",""pSYK"":""(Er166)Di""}","{""p4EBP1"":""p4EBP1"",""pAKT"":""pAkt"",""pERK1/2"":""pErk"",""pIKAROS"":""pIkaros"",""pPLCγ2"":""pPLCg1_2"",""pS6"":""pS6"",""pSTAT5"":""pSTAT5"",""pSYK"":""pSyk""}"
19,UPN20,diagnostic_UPN_sample_label,4,IL-7,target,UPN20_IL-7.fcs,UPN20_IL-7.fcs,dd396fe1bbe25f21b76a12b1deb9c7234b85fb3e9e417141d60a1ad812f2c160,17896626,86025,52,F,"4,3,2,1",L,58,3375,3416,17896616,cb18a46591c29fd169ed9179c9aa062ba3b033bb9083e7ed6818212a8ee8d63f,Yb176_group,"{""p4EBP1"":17,""pAKT"":32,""pERK1/2"":46,""pIKAROS"":28,""pPLCγ2"":14,""pS6"":45,""pSTAT5"":23,""pSYK"":39}","{""p4EBP1"":""(Nd144)Di"",""pAKT"":""(Tb159)Di"",""pERK1/2"":""(Yb173)Di"",""pIKAROS"":""(Gd155)Di"",""pPLCγ2"":""(Pr141)Di"",""pS6"":""(Yb172)Di"",""pSTAT5"":""(Nd150)Di"",""pSYK"":""(Er166)Di""}","{""p4EBP1"":""p4EBP1"",""pAKT"":""pAkt"",""pERK1/2"":""pErk"",""pIKAROS"":""pIkaros"",""pPLCγ2"":""pPLCg1_2"",""pS6"":""pS6"",""pSTAT5"":""pSTAT5"",""pSYK"":""pSyk""}"
19,UPN20,diagnostic_UPN_sample_label,5,Pervanadate,target,UPN20_Pervanadate.fcs,UPN20_Pervanadate.fcs,f5140be53edb89e488c270587c0e2bf03b739a7aac4b439b3230ad3895c7024a,15250243,73302,52,F,"4,3,2,1",L,58,3376,3417,15250233,cb18a46591c29fd169ed9179c9aa062ba3b033bb9083e7ed6818212a8ee8d63f,Yb176_group,"{""p4EBP1"":17,""pAKT"":32,""pERK1/2"":46,""pIKAROS"":28,""pPLCγ2"":14,""pS6"":45,""pSTAT5"":23,""pSYK"":39}","{""p4EBP1"":""(Nd144)Di"",""pAKT"":""(Tb159)Di"",""pERK1/2"":""(Yb173)Di"",""pIKAROS"":""(Gd155)Di"",""pPLCγ2"":""(Pr141)Di"",""pS6"":""(Yb172)Di"",""pSTAT5"":""(Nd150)Di"",""pSYK"":""(Er166)Di""}","{""p4EBP1"":""p4EBP1"",""pAKT"":""pAkt"",""pERK1/2"":""pErk"",""pIKAROS"":""pIkaros"",""pPLCγ2"":""pPLCg1_2"",""pS6"":""pS6"",""pSTAT5"":""pSTAT5"",""pSYK"":""pSyk""}"
19,UPN20,diagnostic_UPN_sample_label,6,TSLP,target,UPN20_TSLP.fcs,UPN20_TSLP.fcs,97e4738c3f7107c0dd2b5fccdab3bf0cfe7d296d901f838e1794677a9af74634,17160932,82488,52,F,"4,3,2,1",L,58,3377,3418,17160922,cb18a46591c29fd169ed9179c9aa062ba3b033bb9083e7ed6818212a8ee8d63f,Yb176_group,"{""p4EBP1"":17,""pAKT"":32,""pERK1/2"":46,""pIKAROS"":28,""pPLCγ2"":14,""pS6"":45,""pSTAT5"":23,""pSYK"":39}","{""p4EBP1"":""(Nd144)Di"",""pAKT"":""(Tb159)Di"",""pERK1/2"":""(Yb173)Di"",""pIKAROS"":""(Gd155)Di"",""pPLCγ2"":""(Pr141)Di"",""pS6"":""(Yb172)Di"",""pSTAT5"":""(Nd150)Di"",""pSYK"":""(Er166)Di""}","{""p4EBP1"":""p4EBP1"",""pAKT"":""pAkt"",""pERK1/2"":""pErk"",""pIKAROS"":""pIkaros"",""pPLCγ2"":""pPLCg1_2"",""pS6"":""pS6"",""pSTAT5"":""pSTAT5"",""pSYK"":""pSyk""}"
19,UPN20,diagnostic_UPN_sample_label,7,Tofacitinib,target,UPN20_Tofacitinib.fcs,UPN20_Tofacitinib.fcs,f89890fcb2730d4711614baa4d5fd285181fdc632c741ec809fc545eabc48600,16760109,80561,52,F,"4,3,2,1",L,58,3370,3411,16760099,cb18a46591c29fd169ed9179c9aa062ba3b033bb9083e7ed6818212a8ee8d63f,Yb176_group,"{""p4EBP1"":17,""pAKT"":32,""pERK1/2"":46,""pIKAROS"":28,""pPLCγ2"":14,""pS6"":45,""pSTAT5"":23,""pSYK"":39}","{""p4EBP1"":""(Nd144)Di"",""pAKT"":""(Tb159)Di"",""pERK1/2"":""(Yb173)Di"",""pIKAROS"":""(Gd155)Di"",""pPLCγ2"":""(Pr141)Di"",""pS6"":""(Yb172)Di"",""pSTAT5"":""(Nd150)Di"",""pSYK"":""(Er166)Di""}","{""p4EBP1"":""p4EBP1"",""pAKT"":""pAkt"",""pERK1/2"":""pErk"",""pIKAROS"":""pIkaros"",""pPLCγ2"":""pPLCg1_2"",""pS6"":""pS6"",""pSTAT5"":""pSTAT5"",""pSYK"":""pSyk""}"
20,UPN21,diagnostic_UPN_sample_label,0,Basal,baseline,UPN21_Basal.fcs,UPN21_Basal.fcs,e6d04efca4ae57c5cd26a7970900f2e7e1794890287cd3e9e30751fd08da930e,4809263,23105,52,F,"4,3,2,1",L,58,3372,3413,4809253,cb18a46591c29fd169ed9179c9aa062ba3b033bb9083e7ed6818212a8ee8d63f,Yb176_group,"{""p4EBP1"":17,""pAKT"":32,""pERK1/2"":46,""pIKAROS"":28,""pPLCγ2"":14,""pS6"":45,""pSTAT5"":23,""pSYK"":39}","{""p4EBP1"":""(Nd144)Di"",""pAKT"":""(Tb159)Di"",""pERK1/2"":""(Yb173)Di"",""pIKAROS"":""(Gd155)Di"",""pPLCγ2"":""(Pr141)Di"",""pS6"":""(Yb172)Di"",""pSTAT5"":""(Nd150)Di"",""pSYK"":""(Er166)Di""}","{""p4EBP1"":""p4EBP1"",""pAKT"":""pAkt"",""pERK1/2"":""pErk"",""pIKAROS"":""pIkaros"",""pPLCγ2"":""pPLCg1_2"",""pS6"":""pS6"",""pSTAT5"":""pSTAT5"",""pSYK"":""pSyk""}"
20,UPN21,diagnostic_UPN_sample_label,1,BCR-Crosslink,target,UPN21_BCR-Crosslink.fcs,UPN21_BCR-Crosslink.fcs,dbbb01d99a5dc9291c45327d9f37b26c6a79d6a3c4853f4a8b73305fb732ca97,3141727,15088,52,F,"4,3,2,1",L,58,3372,3413,3141717,cb18a46591c29fd169ed9179c9aa062ba3b033bb9083e7ed6818212a8ee8d63f,Yb176_group,"{""p4EBP1"":17,""pAKT"":32,""pERK1/2"":46,""pIKAROS"":28,""pPLCγ2"":14,""pS6"":45,""pSTAT5"":23,""pSYK"":39}","{""p4EBP1"":""(Nd144)Di"",""pAKT"":""(Tb159)Di"",""pERK1/2"":""(Yb173)Di"",""pIKAROS"":""(Gd155)Di"",""pPLCγ2"":""(Pr141)Di"",""pS6"":""(Yb172)Di"",""pSTAT5"":""(Nd150)Di"",""pSYK"":""(Er166)Di""}","{""p4EBP1"":""p4EBP1"",""pAKT"":""pAkt"",""pERK1/2"":""pErk"",""pIKAROS"":""pIkaros"",""pPLCγ2"":""pPLCg1_2"",""pS6"":""pS6"",""pSTAT5"":""pSTAT5"",""pSYK"":""pSyk""}"
20,UPN21,diagnostic_UPN_sample_label,2,BEZ-235,target,UPN21_BEZ-235.fcs,UPN21_BEZ-235.fcs,d894d52900d1ac5376e3c4d9eedcc136f1bf3bb79eb59636d1ea9a7a43a5ac4a,4375998,21022,52,F,"4,3,2,1",L,58,3371,3412,4375988,cb18a46591c29fd169ed9179c9aa062ba3b033bb9083e7ed6818212a8ee8d63f,Yb176_group,"{""p4EBP1"":17,""pAKT"":32,""pERK1/2"":46,""pIKAROS"":28,""pPLCγ2"":14,""pS6"":45,""pSTAT5"":23,""pSYK"":39}","{""p4EBP1"":""(Nd144)Di"",""pAKT"":""(Tb159)Di"",""pERK1/2"":""(Yb173)Di"",""pIKAROS"":""(Gd155)Di"",""pPLCγ2"":""(Pr141)Di"",""pS6"":""(Yb172)Di"",""pSTAT5"":""(Nd150)Di"",""pSYK"":""(Er166)Di""}","{""p4EBP1"":""p4EBP1"",""pAKT"":""pAkt"",""pERK1/2"":""pErk"",""pIKAROS"":""pIkaros"",""pPLCγ2"":""pPLCg1_2"",""pS6"":""pS6"",""pSTAT5"":""pSTAT5"",""pSYK"":""pSyk""}"
20,UPN21,diagnostic_UPN_sample_label,3,Dasatinib,target,UPN21_Dasatinib.fcs,UPN21_Dasatinib.fcs,41d9b35faad337d270fc0b8ed2ce1b42a3df8a1933d50c30410b8a8c87fa9841,4736256,22754,52,F,"4,3,2,1",L,58,3373,3414,4736246,cb18a46591c29fd169ed9179c9aa062ba3b033bb9083e7ed6818212a8ee8d63f,Yb176_group,"{""p4EBP1"":17,""pAKT"":32,""pERK1/2"":46,""pIKAROS"":28,""pPLCγ2"":14,""pS6"":45,""pSTAT5"":23,""pSYK"":39}","{""p4EBP1"":""(Nd144)Di"",""pAKT"":""(Tb159)Di"",""pERK1/2"":""(Yb173)Di"",""pIKAROS"":""(Gd155)Di"",""pPLCγ2"":""(Pr141)Di"",""pS6"":""(Yb172)Di"",""pSTAT5"":""(Nd150)Di"",""pSYK"":""(Er166)Di""}","{""p4EBP1"":""p4EBP1"",""pAKT"":""pAkt"",""pERK1/2"":""pErk"",""pIKAROS"":""pIkaros"",""pPLCγ2"":""pPLCg1_2"",""pS6"":""pS6"",""pSTAT5"":""pSTAT5"",""pSYK"":""pSyk""}"
20,UPN21,diagnostic_UPN_sample_label,4,IL-7,target,UPN21_IL-7.fcs,UPN21_IL-7.fcs,64ac53047dfbcd71253e4d6a5df3ff90603fa699f81c90483d8840b36db474e1,4162587,19996,52,F,"4,3,2,1",L,58,3368,3409,4162577,cb18a46591c29fd169ed9179c9aa062ba3b033bb9083e7ed6818212a8ee8d63f,Yb176_group,"{""p4EBP1"":17,""pAKT"":32,""pERK1/2"":46,""pIKAROS"":28,""pPLCγ2"":14,""pS6"":45,""pSTAT5"":23,""pSYK"":39}","{""p4EBP1"":""(Nd144)Di"",""pAKT"":""(Tb159)Di"",""pERK1/2"":""(Yb173)Di"",""pIKAROS"":""(Gd155)Di"",""pPLCγ2"":""(Pr141)Di"",""pS6"":""(Yb172)Di"",""pSTAT5"":""(Nd150)Di"",""pSYK"":""(Er166)Di""}","{""p4EBP1"":""p4EBP1"",""pAKT"":""pAkt"",""pERK1/2"":""pErk"",""pIKAROS"":""pIkaros"",""pPLCγ2"":""pPLCg1_2"",""pS6"":""pS6"",""pSTAT5"":""pSTAT5"",""pSYK"":""pSyk""}"
20,UPN21,diagnostic_UPN_sample_label,5,Pervanadate,target,UPN21_Pervanadate.fcs,UPN21_Pervanadate.fcs,3cfce1b3c027c6c3a03e1b9f1e7d0c64f724491bfed81dc7e1503e6731d4deef,3541087,17008,52,F,"4,3,2,1",L,58,3372,3413,3541077,cb18a46591c29fd169ed9179c9aa062ba3b033bb9083e7ed6818212a8ee8d63f,Yb176_group,"{""p4EBP1"":17,""pAKT"":32,""pERK1/2"":46,""pIKAROS"":28,""pPLCγ2"":14,""pS6"":45,""pSTAT5"":23,""pSYK"":39}","{""p4EBP1"":""(Nd144)Di"",""pAKT"":""(Tb159)Di"",""pERK1/2"":""(Yb173)Di"",""pIKAROS"":""(Gd155)Di"",""pPLCγ2"":""(Pr141)Di"",""pS6"":""(Yb172)Di"",""pSTAT5"":""(Nd150)Di"",""pSYK"":""(Er166)Di""}","{""p4EBP1"":""p4EBP1"",""pAKT"":""pAkt"",""pERK1/2"":""pErk"",""pIKAROS"":""pIkaros"",""pPLCγ2"":""pPLCg1_2"",""pS6"":""pS6"",""pSTAT5"":""pSTAT5"",""pSYK"":""pSyk""}"
20,UPN21,diagnostic_UPN_sample_label,6,TSLP,target,UPN21_TSLP.fcs,UPN21_TSLP.fcs,013d0b16555e42d0542bba80e4f4c949c3e44c0d7ca17e17a85887abe0a1ff32,4758094,22859,52,F,"4,3,2,1",L,58,3371,3412,4758084,cb18a46591c29fd169ed9179c9aa062ba3b033bb9083e7ed6818212a8ee8d63f,Yb176_group,"{""p4EBP1"":17,""pAKT"":32,""pERK1/2"":46,""pIKAROS"":28,""pPLCγ2"":14,""pS6"":45,""pSTAT5"":23,""pSYK"":39}","{""p4EBP1"":""(Nd144)Di"",""pAKT"":""(Tb159)Di"",""pERK1/2"":""(Yb173)Di"",""pIKAROS"":""(Gd155)Di"",""pPLCγ2"":""(Pr141)Di"",""pS6"":""(Yb172)Di"",""pSTAT5"":""(Nd150)Di"",""pSYK"":""(Er166)Di""}","{""p4EBP1"":""p4EBP1"",""pAKT"":""pAkt"",""pERK1/2"":""pErk"",""pIKAROS"":""pIkaros"",""pPLCγ2"":""pPLCg1_2"",""pS6"":""pS6"",""pSTAT5"":""pSTAT5"",""pSYK"":""pSyk""}"
20,UPN21,diagnostic_UPN_sample_label,7,Tofacitinib,target,UPN21_Tofacitinib.fcs,UPN21_Tofacitinib.fcs,941af782b8b6b9ccf58b40521bc24fdd3293cbfeb2fcbae0cea75042a4c4de08,4293210,20624,52,F,"4,3,2,1",L,58,3367,3408,4293200,cb18a46591c29fd169ed9179c9aa062ba3b033bb9083e7ed6818212a8ee8d63f,Yb176_group,"{""p4EBP1"":17,""pAKT"":32,""pERK1/2"":46,""pIKAROS"":28,""pPLCγ2"":14,""pS6"":45,""pSTAT5"":23,""pSYK"":39}","{""p4EBP1"":""(Nd144)Di"",""pAKT"":""(Tb159)Di"",""pERK1/2"":""(Yb173)Di"",""pIKAROS"":""(Gd155)Di"",""pPLCγ2"":""(Pr141)Di"",""pS6"":""(Yb172)Di"",""pSTAT5"":""(Nd150)Di"",""pSYK"":""(Er166)Di""}","{""p4EBP1"":""p4EBP1"",""pAKT"":""pAkt"",""pERK1/2"":""pErk"",""pIKAROS"":""pIkaros"",""pPLCγ2"":""pPLCg1_2"",""pS6"":""pS6"",""pSTAT5"":""pSTAT5"",""pSYK"":""pSyk""}"
21,UPN23,diagnostic_UPN_sample_label,0,Basal,baseline,UPN23_Basal.fcs,UPN23_Basal.fcs,efd98d3be0db06c6e5fc3285cef8ca17deeb888524def1e96047c01bc65fb9e4,20706914,99536,52,F,"4,3,2,1",L,58,3375,3416,20706904,cb18a46591c29fd169ed9179c9aa062ba3b033bb9083e7ed6818212a8ee8d63f,Yb176_group,"{""p4EBP1"":17,""pAKT"":32,""pERK1/2"":46,""pIKAROS"":28,""pPLCγ2"":14,""pS6"":45,""pSTAT5"":23,""pSYK"":39}","{""p4EBP1"":""(Nd144)Di"",""pAKT"":""(Tb159)Di"",""pERK1/2"":""(Yb173)Di"",""pIKAROS"":""(Gd155)Di"",""pPLCγ2"":""(Pr141)Di"",""pS6"":""(Yb172)Di"",""pSTAT5"":""(Nd150)Di"",""pSYK"":""(Er166)Di""}","{""p4EBP1"":""p4EBP1"",""pAKT"":""pAkt"",""pERK1/2"":""pErk"",""pIKAROS"":""pIkaros"",""pPLCγ2"":""pPLCg1_2"",""pS6"":""pS6"",""pSTAT5"":""pSTAT5"",""pSYK"":""pSyk""}"
21,UPN23,diagnostic_UPN_sample_label,1,BCR-Crosslink,target,UPN23_BCR-Crosslink.fcs,UPN23_BCR-Crosslink.fcs,fa3dccaf8136309ab90d73233882e1377da04558e384dd8bb709c499bf63c631,12267721,58963,52,F,"4,3,2,1",L,58,3366,3407,12267711,cb18a46591c29fd169ed9179c9aa062ba3b033bb9083e7ed6818212a8ee8d63f,Yb176_group,"{""p4EBP1"":17,""pAKT"":32,""pERK1/2"":46,""pIKAROS"":28,""pPLCγ2"":14,""pS6"":45,""pSTAT5"":23,""pSYK"":39}","{""p4EBP1"":""(Nd144)Di"",""pAKT"":""(Tb159)Di"",""pERK1/2"":""(Yb173)Di"",""pIKAROS"":""(Gd155)Di"",""pPLCγ2"":""(Pr141)Di"",""pS6"":""(Yb172)Di"",""pSTAT5"":""(Nd150)Di"",""pSYK"":""(Er166)Di""}","{""p4EBP1"":""p4EBP1"",""pAKT"":""pAkt"",""pERK1/2"":""pErk"",""pIKAROS"":""pIkaros"",""pPLCγ2"":""pPLCg1_2"",""pS6"":""pS6"",""pSTAT5"":""pSTAT5"",""pSYK"":""pSyk""}"
21,UPN23,diagnostic_UPN_sample_label,2,BEZ-235,target,UPN23_BEZ-235.fcs,UPN23_BEZ-235.fcs,8dc8e88650d3b61deba624ae2d6e7edc3e1bc05d9115636050d4c246002f2efd,12281657,59030,52,F,"4,3,2,1",L,58,3366,3407,12281647,cb18a46591c29fd169ed9179c9aa062ba3b033bb9083e7ed6818212a8ee8d63f,Yb176_group,"{""p4EBP1"":17,""pAKT"":32,""pERK1/2"":46,""pIKAROS"":28,""pPLCγ2"":14,""pS6"":45,""pSTAT5"":23,""pSYK"":39}","{""p4EBP1"":""(Nd144)Di"",""pAKT"":""(Tb159)Di"",""pERK1/2"":""(Yb173)Di"",""pIKAROS"":""(Gd155)Di"",""pPLCγ2"":""(Pr141)Di"",""pS6"":""(Yb172)Di"",""pSTAT5"":""(Nd150)Di"",""pSYK"":""(Er166)Di""}","{""p4EBP1"":""p4EBP1"",""pAKT"":""pAkt"",""pERK1/2"":""pErk"",""pIKAROS"":""pIkaros"",""pPLCγ2"":""pPLCg1_2"",""pS6"":""pS6"",""pSTAT5"":""pSTAT5"",""pSYK"":""pSyk""}"
21,UPN23,diagnostic_UPN_sample_label,3,Dasatinib,target,UPN23_Dasatinib.fcs,UPN23_Dasatinib.fcs,69125b02faeffe1e49959c06d4c66fc0e99a11a64a0e5b61d19c3896bdc811b2,12330127,59263,52,F,"4,3,2,1",L,58,3372,3413,12330117,cb18a46591c29fd169ed9179c9aa062ba3b033bb9083e7ed6818212a8ee8d63f,Yb176_group,"{""p4EBP1"":17,""pAKT"":32,""pERK1/2"":46,""pIKAROS"":28,""pPLCγ2"":14,""pS6"":45,""pSTAT5"":23,""pSYK"":39}","{""p4EBP1"":""(Nd144)Di"",""pAKT"":""(Tb159)Di"",""pERK1/2"":""(Yb173)Di"",""pIKAROS"":""(Gd155)Di"",""pPLCγ2"":""(Pr141)Di"",""pS6"":""(Yb172)Di"",""pSTAT5"":""(Nd150)Di"",""pSYK"":""(Er166)Di""}","{""p4EBP1"":""p4EBP1"",""pAKT"":""pAkt"",""pERK1/2"":""pErk"",""pIKAROS"":""pIkaros"",""pPLCγ2"":""pPLCg1_2"",""pS6"":""pS6"",""pSTAT5"":""pSTAT5"",""pSYK"":""pSyk""}"
21,UPN23,diagnostic_UPN_sample_label,4,IL-7,target,UPN23_IL-7.fcs,UPN23_IL-7.fcs,f2fdb800e779fa2b80b471731d9dfdffc6762c197b04e874074116e50f8183fd,12249213,58874,52,F,"4,3,2,1",L,58,3370,3411,12249203,cb18a46591c29fd169ed9179c9aa062ba3b033bb9083e7ed6818212a8ee8d63f,Yb176_group,"{""p4EBP1"":17,""pAKT"":32,""pERK1/2"":46,""pIKAROS"":28,""pPLCγ2"":14,""pS6"":45,""pSTAT5"":23,""pSYK"":39}","{""p4EBP1"":""(Nd144)Di"",""pAKT"":""(Tb159)Di"",""pERK1/2"":""(Yb173)Di"",""pIKAROS"":""(Gd155)Di"",""pPLCγ2"":""(Pr141)Di"",""pS6"":""(Yb172)Di"",""pSTAT5"":""(Nd150)Di"",""pSYK"":""(Er166)Di""}","{""p4EBP1"":""p4EBP1"",""pAKT"":""pAkt"",""pERK1/2"":""pErk"",""pIKAROS"":""pIkaros"",""pPLCγ2"":""pPLCg1_2"",""pS6"":""pS6"",""pSTAT5"":""pSTAT5"",""pSYK"":""pSyk""}"
21,UPN23,diagnostic_UPN_sample_label,5,Pervanadate,target,UPN23_Pervanadate.fcs,UPN23_Pervanadate.fcs,90eec175ee40433c83090bbc863a01ee8df9911b532c57600319b3cb0f0fc344,12454511,59861,52,F,"4,3,2,1",L,58,3372,3413,12454501,cb18a46591c29fd169ed9179c9aa062ba3b033bb9083e7ed6818212a8ee8d63f,Yb176_group,"{""p4EBP1"":17,""pAKT"":32,""pERK1/2"":46,""pIKAROS"":28,""pPLCγ2"":14,""pS6"":45,""pSTAT5"":23,""pSYK"":39}","{""p4EBP1"":""(Nd144)Di"",""pAKT"":""(Tb159)Di"",""pERK1/2"":""(Yb173)Di"",""pIKAROS"":""(Gd155)Di"",""pPLCγ2"":""(Pr141)Di"",""pS6"":""(Yb172)Di"",""pSTAT5"":""(Nd150)Di"",""pSYK"":""(Er166)Di""}","{""p4EBP1"":""p4EBP1"",""pAKT"":""pAkt"",""pERK1/2"":""pErk"",""pIKAROS"":""pIkaros"",""pPLCγ2"":""pPLCg1_2"",""pS6"":""pS6"",""pSTAT5"":""pSTAT5"",""pSYK"":""pSyk""}"
21,UPN23,diagnostic_UPN_sample_label,6,TSLP,target,UPN23_TSLP.fcs,UPN23_TSLP.fcs,a3ac088ed1c85d745bce6772353c9077a33811b991cd1dbba1997c1fae808f9c,11554698,55535,52,F,"4,3,2,1",L,58,3367,3408,11554688,cb18a46591c29fd169ed9179c9aa062ba3b033bb9083e7ed6818212a8ee8d63f,Yb176_group,"{""p4EBP1"":17,""pAKT"":32,""pERK1/2"":46,""pIKAROS"":28,""pPLCγ2"":14,""pS6"":45,""pSTAT5"":23,""pSYK"":39}","{""p4EBP1"":""(Nd144)Di"",""pAKT"":""(Tb159)Di"",""pERK1/2"":""(Yb173)Di"",""pIKAROS"":""(Gd155)Di"",""pPLCγ2"":""(Pr141)Di"",""pS6"":""(Yb172)Di"",""pSTAT5"":""(Nd150)Di"",""pSYK"":""(Er166)Di""}","{""p4EBP1"":""p4EBP1"",""pAKT"":""pAkt"",""pERK1/2"":""pErk"",""pIKAROS"":""pIkaros"",""pPLCγ2"":""pPLCg1_2"",""pS6"":""pS6"",""pSTAT5"":""pSTAT5"",""pSYK"":""pSyk""}"
21,UPN23,diagnostic_UPN_sample_label,7,Tofacitinib,target,UPN23_Tofacitinib.fcs,UPN23_Tofacitinib.fcs,f5dd69abfb05c76cda6f31137cba5d2a2d95eb8c81eb36ca75434c90223efc41,11977981,57570,52,F,"4,3,2,1",L,58,3370,3411,11977971,cb18a46591c29fd169ed9179c9aa062ba3b033bb9083e7ed6818212a8ee8d63f,Yb176_group,"{""p4EBP1"":17,""pAKT"":32,""pERK1/2"":46,""pIKAROS"":28,""pPLCγ2"":14,""pS6"":45,""pSTAT5"":23,""pSYK"":39}","{""p4EBP1"":""(Nd144)Di"",""pAKT"":""(Tb159)Di"",""pERK1/2"":""(Yb173)Di"",""pIKAROS"":""(Gd155)Di"",""pPLCγ2"":""(Pr141)Di"",""pS6"":""(Yb172)Di"",""pSTAT5"":""(Nd150)Di"",""pSYK"":""(Er166)Di""}","{""p4EBP1"":""p4EBP1"",""pAKT"":""pAkt"",""pERK1/2"":""pErk"",""pIKAROS"":""pIkaros"",""pPLCγ2"":""pPLCg1_2"",""pS6"":""pS6"",""pSTAT5"":""pSTAT5"",""pSYK"":""pSyk""}"
22,UPN24,diagnostic_UPN_sample_label,0,Basal,baseline,UPN24_Basal.fcs,UPN24_Basal.fcs,bb12e49cfd1ebccfdfe088213f5f1c8a1459146a3f90b4d82faa2e33767bd43f,13850813,66574,52,F,"4,3,2,1",L,58,3370,3411,13850803,cb18a46591c29fd169ed9179c9aa062ba3b033bb9083e7ed6818212a8ee8d63f,Yb176_group,"{""p4EBP1"":17,""pAKT"":32,""pERK1/2"":46,""pIKAROS"":28,""pPLCγ2"":14,""pS6"":45,""pSTAT5"":23,""pSYK"":39}","{""p4EBP1"":""(Nd144)Di"",""pAKT"":""(Tb159)Di"",""pERK1/2"":""(Yb173)Di"",""pIKAROS"":""(Gd155)Di"",""pPLCγ2"":""(Pr141)Di"",""pS6"":""(Yb172)Di"",""pSTAT5"":""(Nd150)Di"",""pSYK"":""(Er166)Di""}","{""p4EBP1"":""p4EBP1"",""pAKT"":""pAkt"",""pERK1/2"":""pErk"",""pIKAROS"":""pIkaros"",""pPLCγ2"":""pPLCg1_2"",""pS6"":""pS6"",""pSTAT5"":""pSTAT5"",""pSYK"":""pSyk""}"
22,UPN24,diagnostic_UPN_sample_label,1,BCR-Crosslink,target,UPN24_BCR-Crosslink.fcs,UPN24_BCR-Crosslink.fcs,26847a5f8c3cc4911643886c4d5eb692cc821b36f9c9e1a945b76f24d35a5c36,14414087,69282,52,F,"4,3,2,1",L,58,3380,3421,14414077,cb18a46591c29fd169ed9179c9aa062ba3b033bb9083e7ed6818212a8ee8d63f,Yb176_group,"{""p4EBP1"":17,""pAKT"":32,""pERK1/2"":46,""pIKAROS"":28,""pPLCγ2"":14,""pS6"":45,""pSTAT5"":23,""pSYK"":39}","{""p4EBP1"":""(Nd144)Di"",""pAKT"":""(Tb159)Di"",""pERK1/2"":""(Yb173)Di"",""pIKAROS"":""(Gd155)Di"",""pPLCγ2"":""(Pr141)Di"",""pS6"":""(Yb172)Di"",""pSTAT5"":""(Nd150)Di"",""pSYK"":""(Er166)Di""}","{""p4EBP1"":""p4EBP1"",""pAKT"":""pAkt"",""pERK1/2"":""pErk"",""pIKAROS"":""pIkaros"",""pPLCγ2"":""pPLCg1_2"",""pS6"":""pS6"",""pSTAT5"":""pSTAT5"",""pSYK"":""pSyk""}"
22,UPN24,diagnostic_UPN_sample_label,2,BEZ-235,target,UPN24_BEZ-235.fcs,UPN24_BEZ-235.fcs,68f62e008f2068deada56b218d60d01d8f20da40b51e418f23c7d2c015dcbf62,11949069,57431,52,F,"4,3,2,1",L,58,3370,3411,11949059,cb18a46591c29fd169ed9179c9aa062ba3b033bb9083e7ed6818212a8ee8d63f,Yb176_group,"{""p4EBP1"":17,""pAKT"":32,""pERK1/2"":46,""pIKAROS"":28,""pPLCγ2"":14,""pS6"":45,""pSTAT5"":23,""pSYK"":39}","{""p4EBP1"":""(Nd144)Di"",""pAKT"":""(Tb159)Di"",""pERK1/2"":""(Yb173)Di"",""pIKAROS"":""(Gd155)Di"",""pPLCγ2"":""(Pr141)Di"",""pS6"":""(Yb172)Di"",""pSTAT5"":""(Nd150)Di"",""pSYK"":""(Er166)Di""}","{""p4EBP1"":""p4EBP1"",""pAKT"":""pAkt"",""pERK1/2"":""pErk"",""pIKAROS"":""pIkaros"",""pPLCγ2"":""pPLCg1_2"",""pS6"":""pS6"",""pSTAT5"":""pSTAT5"",""pSYK"":""pSyk""}"
22,UPN24,diagnostic_UPN_sample_label,3,Dasatinib,target,UPN24_Dasatinib.fcs,UPN24_Dasatinib.fcs,96548538438fe91910beb0cdd8a14104bbee6308c7e45f9d290d442033efcdb6,12042876,57882,52,F,"4,3,2,1",L,58,3369,3410,12042866,cb18a46591c29fd169ed9179c9aa062ba3b033bb9083e7ed6818212a8ee8d63f,Yb176_group,"{""p4EBP1"":17,""pAKT"":32,""pERK1/2"":46,""pIKAROS"":28,""pPLCγ2"":14,""pS6"":45,""pSTAT5"":23,""pSYK"":39}","{""p4EBP1"":""(Nd144)Di"",""pAKT"":""(Tb159)Di"",""pERK1/2"":""(Yb173)Di"",""pIKAROS"":""(Gd155)Di"",""pPLCγ2"":""(Pr141)Di"",""pS6"":""(Yb172)Di"",""pSTAT5"":""(Nd150)Di"",""pSYK"":""(Er166)Di""}","{""p4EBP1"":""p4EBP1"",""pAKT"":""pAkt"",""pERK1/2"":""pErk"",""pIKAROS"":""pIkaros"",""pPLCγ2"":""pPLCg1_2"",""pS6"":""pS6"",""pSTAT5"":""pSTAT5"",""pSYK"":""pSyk""}"
22,UPN24,diagnostic_UPN_sample_label,4,IL-7,target,UPN24_IL-7.fcs,UPN24_IL-7.fcs,34cafd85f90e402cf0d0f6580e9bfaf07d76a8940792d42afe0892167f8b5497,13262801,63747,52,F,"4,3,2,1",L,58,3374,3415,13262791,cb18a46591c29fd169ed9179c9aa062ba3b033bb9083e7ed6818212a8ee8d63f,Yb176_group,"{""p4EBP1"":17,""pAKT"":32,""pERK1/2"":46,""pIKAROS"":28,""pPLCγ2"":14,""pS6"":45,""pSTAT5"":23,""pSYK"":39}","{""p4EBP1"":""(Nd144)Di"",""pAKT"":""(Tb159)Di"",""pERK1/2"":""(Yb173)Di"",""pIKAROS"":""(Gd155)Di"",""pPLCγ2"":""(Pr141)Di"",""pS6"":""(Yb172)Di"",""pSTAT5"":""(Nd150)Di"",""pSYK"":""(Er166)Di""}","{""p4EBP1"":""p4EBP1"",""pAKT"":""pAkt"",""pERK1/2"":""pErk"",""pIKAROS"":""pIkaros"",""pPLCγ2"":""pPLCg1_2"",""pS6"":""pS6"",""pSTAT5"":""pSTAT5"",""pSYK"":""pSyk""}"
22,UPN24,diagnostic_UPN_sample_label,5,Pervanadate,target,UPN24_Pervanadate.fcs,UPN24_Pervanadate.fcs,549f15cc3410a771266bead798f103b7835a045673e71cd4d7d2604f9117c32e,10490786,50420,52,F,"4,3,2,1",L,58,3375,3416,10490776,cb18a46591c29fd169ed9179c9aa062ba3b033bb9083e7ed6818212a8ee8d63f,Yb176_group,"{""p4EBP1"":17,""pAKT"":32,""pERK1/2"":46,""pIKAROS"":28,""pPLCγ2"":14,""pS6"":45,""pSTAT5"":23,""pSYK"":39}","{""p4EBP1"":""(Nd144)Di"",""pAKT"":""(Tb159)Di"",""pERK1/2"":""(Yb173)Di"",""pIKAROS"":""(Gd155)Di"",""pPLCγ2"":""(Pr141)Di"",""pS6"":""(Yb172)Di"",""pSTAT5"":""(Nd150)Di"",""pSYK"":""(Er166)Di""}","{""p4EBP1"":""p4EBP1"",""pAKT"":""pAkt"",""pERK1/2"":""pErk"",""pIKAROS"":""pIkaros"",""pPLCγ2"":""pPLCg1_2"",""pS6"":""pS6"",""pSTAT5"":""pSTAT5"",""pSYK"":""pSyk""}"
22,UPN24,diagnostic_UPN_sample_label,6,TSLP,target,UPN24_TSLP.fcs,UPN24_TSLP.fcs,e1ea9918eff42e5806c0da56e71bf61f65131aa5724b0288f11541c5a2d81d13,12763188,61345,52,F,"4,3,2,1",L,58,3377,3418,12763178,cb18a46591c29fd169ed9179c9aa062ba3b033bb9083e7ed6818212a8ee8d63f,Yb176_group,"{""p4EBP1"":17,""pAKT"":32,""pERK1/2"":46,""pIKAROS"":28,""pPLCγ2"":14,""pS6"":45,""pSTAT5"":23,""pSYK"":39}","{""p4EBP1"":""(Nd144)Di"",""pAKT"":""(Tb159)Di"",""pERK1/2"":""(Yb173)Di"",""pIKAROS"":""(Gd155)Di"",""pPLCγ2"":""(Pr141)Di"",""pS6"":""(Yb172)Di"",""pSTAT5"":""(Nd150)Di"",""pSYK"":""(Er166)Di""}","{""p4EBP1"":""p4EBP1"",""pAKT"":""pAkt"",""pERK1/2"":""pErk"",""pIKAROS"":""pIkaros"",""pPLCγ2"":""pPLCg1_2"",""pS6"":""pS6"",""pSTAT5"":""pSTAT5"",""pSYK"":""pSyk""}"
22,UPN24,diagnostic_UPN_sample_label,7,Tofacitinib,target,UPN24_Tofacitinib.fcs,UPN24_Tofacitinib.fcs,deef7e2a7d22bff21ebd6d7deaeb2a5354a246980d105a508ac9bc728a8628ff,11307180,54345,52,F,"4,3,2,1",L,58,3369,3410,11307170,cb18a46591c29fd169ed9179c9aa062ba3b033bb9083e7ed6818212a8ee8d63f,Yb176_group,"{""p4EBP1"":17,""pAKT"":32,""pERK1/2"":46,""pIKAROS"":28,""pPLCγ2"":14,""pS6"":45,""pSTAT5"":23,""pSYK"":39}","{""p4EBP1"":""(Nd144)Di"",""pAKT"":""(Tb159)Di"",""pERK1/2"":""(Yb173)Di"",""pIKAROS"":""(Gd155)Di"",""pPLCγ2"":""(Pr141)Di"",""pS6"":""(Yb172)Di"",""pSTAT5"":""(Nd150)Di"",""pSYK"":""(Er166)Di""}","{""p4EBP1"":""p4EBP1"",""pAKT"":""pAkt"",""pERK1/2"":""pErk"",""pIKAROS"":""pIkaros"",""pPLCγ2"":""pPLCg1_2"",""pS6"":""pS6"",""pSTAT5"":""pSTAT5"",""pSYK"":""pSyk""}"
23,UPN25,diagnostic_UPN_sample_label,0,Basal,baseline,UPN25_Basal.fcs,UPN25_Basal.fcs,483b3b585a64bff0bc4129075515ee1b2f006b4610cd607a5d3732ed3d560ed8,19904457,95678,52,F,"4,3,2,1",L,58,3382,3423,19904447,cb18a46591c29fd169ed9179c9aa062ba3b033bb9083e7ed6818212a8ee8d63f,Yb176_group,"{""p4EBP1"":17,""pAKT"":32,""pERK1/2"":46,""pIKAROS"":28,""pPLCγ2"":14,""pS6"":45,""pSTAT5"":23,""pSYK"":39}","{""p4EBP1"":""(Nd144)Di"",""pAKT"":""(Tb159)Di"",""pERK1/2"":""(Yb173)Di"",""pIKAROS"":""(Gd155)Di"",""pPLCγ2"":""(Pr141)Di"",""pS6"":""(Yb172)Di"",""pSTAT5"":""(Nd150)Di"",""pSYK"":""(Er166)Di""}","{""p4EBP1"":""p4EBP1"",""pAKT"":""pAkt"",""pERK1/2"":""pErk"",""pIKAROS"":""pIkaros"",""pPLCγ2"":""pPLCg1_2"",""pS6"":""pS6"",""pSTAT5"":""pSTAT5"",""pSYK"":""pSyk""}"
23,UPN25,diagnostic_UPN_sample_label,1,BCR-Crosslink,target,UPN25_BCR-Crosslink.fcs,UPN25_BCR-Crosslink.fcs,062ac8a220bb0a7a077f81a2d450c509003037f588e45f2ee76478495e51d81c,19545446,93952,52,F,"4,3,2,1",L,58,3379,3420,19545436,cb18a46591c29fd169ed9179c9aa062ba3b033bb9083e7ed6818212a8ee8d63f,Yb176_group,"{""p4EBP1"":17,""pAKT"":32,""pERK1/2"":46,""pIKAROS"":28,""pPLCγ2"":14,""pS6"":45,""pSTAT5"":23,""pSYK"":39}","{""p4EBP1"":""(Nd144)Di"",""pAKT"":""(Tb159)Di"",""pERK1/2"":""(Yb173)Di"",""pIKAROS"":""(Gd155)Di"",""pPLCγ2"":""(Pr141)Di"",""pS6"":""(Yb172)Di"",""pSTAT5"":""(Nd150)Di"",""pSYK"":""(Er166)Di""}","{""p4EBP1"":""p4EBP1"",""pAKT"":""pAkt"",""pERK1/2"":""pErk"",""pIKAROS"":""pIkaros"",""pPLCγ2"":""pPLCg1_2"",""pS6"":""pS6"",""pSTAT5"":""pSTAT5"",""pSYK"":""pSyk""}"
23,UPN25,diagnostic_UPN_sample_label,2,BEZ-235,target,UPN25_BEZ-235.fcs,UPN25_BEZ-235.fcs,d8bc5afe4d588cfe36ef8e2deca53b388b4947b35608b8440b75fea08ef7435e,22339302,107384,52,F,"4,3,2,1",L,58,3379,3420,22339292,cb18a46591c29fd169ed9179c9aa062ba3b033bb9083e7ed6818212a8ee8d63f,Yb176_group,"{""p4EBP1"":17,""pAKT"":32,""pERK1/2"":46,""pIKAROS"":28,""pPLCγ2"":14,""pS6"":45,""pSTAT5"":23,""pSYK"":39}","{""p4EBP1"":""(Nd144)Di"",""pAKT"":""(Tb159)Di"",""pERK1/2"":""(Yb173)Di"",""pIKAROS"":""(Gd155)Di"",""pPLCγ2"":""(Pr141)Di"",""pS6"":""(Yb172)Di"",""pSTAT5"":""(Nd150)Di"",""pSYK"":""(Er166)Di""}","{""p4EBP1"":""p4EBP1"",""pAKT"":""pAkt"",""pERK1/2"":""pErk"",""pIKAROS"":""pIkaros"",""pPLCγ2"":""pPLCg1_2"",""pS6"":""pS6"",""pSTAT5"":""pSTAT5"",""pSYK"":""pSyk""}"
23,UPN25,diagnostic_UPN_sample_label,3,Dasatinib,target,UPN25_Dasatinib.fcs,UPN25_Dasatinib.fcs,98b44097d9f71189ab3c2268f39509d268ca93b268d6b800ff4631ea113ca5c3,19832268,95331,52,F,"4,3,2,1",L,58,3369,3410,19832258,cb18a46591c29fd169ed9179c9aa062ba3b033bb9083e7ed6818212a8ee8d63f,Yb176_group,"{""p4EBP1"":17,""pAKT"":32,""pERK1/2"":46,""pIKAROS"":28,""pPLCγ2"":14,""pS6"":45,""pSTAT5"":23,""pSYK"":39}","{""p4EBP1"":""(Nd144)Di"",""pAKT"":""(Tb159)Di"",""pERK1/2"":""(Yb173)Di"",""pIKAROS"":""(Gd155)Di"",""pPLCγ2"":""(Pr141)Di"",""pS6"":""(Yb172)Di"",""pSTAT5"":""(Nd150)Di"",""pSYK"":""(Er166)Di""}","{""p4EBP1"":""p4EBP1"",""pAKT"":""pAkt"",""pERK1/2"":""pErk"",""pIKAROS"":""pIkaros"",""pPLCγ2"":""pPLCg1_2"",""pS6"":""pS6"",""pSTAT5"":""pSTAT5"",""pSYK"":""pSyk""}"
23,UPN25,diagnostic_UPN_sample_label,4,IL-7,target,UPN25_IL-7.fcs,UPN25_IL-7.fcs,a8c6c859e5e7cfeabd235404a900f7463c4d06cd5966037b61c4e2342cd91860,19363652,93078,52,F,"4,3,2,1",L,58,3377,3418,19363642,cb18a46591c29fd169ed9179c9aa062ba3b033bb9083e7ed6818212a8ee8d63f,Yb176_group,"{""p4EBP1"":17,""pAKT"":32,""pERK1/2"":46,""pIKAROS"":28,""pPLCγ2"":14,""pS6"":45,""pSTAT5"":23,""pSYK"":39}","{""p4EBP1"":""(Nd144)Di"",""pAKT"":""(Tb159)Di"",""pERK1/2"":""(Yb173)Di"",""pIKAROS"":""(Gd155)Di"",""pPLCγ2"":""(Pr141)Di"",""pS6"":""(Yb172)Di"",""pSTAT5"":""(Nd150)Di"",""pSYK"":""(Er166)Di""}","{""p4EBP1"":""p4EBP1"",""pAKT"":""pAkt"",""pERK1/2"":""pErk"",""pIKAROS"":""pIkaros"",""pPLCγ2"":""pPLCg1_2"",""pS6"":""pS6"",""pSTAT5"":""pSTAT5"",""pSYK"":""pSyk""}"
23,UPN25,diagnostic_UPN_sample_label,5,Pervanadate,target,UPN25_Pervanadate.fcs,UPN25_Pervanadate.fcs,f866e5892951ea03164cd923758d40eb5777c288dfa213423d9b31cbfbb5e721,18870693,90708,52,F,"4,3,2,1",L,58,3378,3419,18870683,cb18a46591c29fd169ed9179c9aa062ba3b033bb9083e7ed6818212a8ee8d63f,Yb176_group,"{""p4EBP1"":17,""pAKT"":32,""pERK1/2"":46,""pIKAROS"":28,""pPLCγ2"":14,""pS6"":45,""pSTAT5"":23,""pSYK"":39}","{""p4EBP1"":""(Nd144)Di"",""pAKT"":""(Tb159)Di"",""pERK1/2"":""(Yb173)Di"",""pIKAROS"":""(Gd155)Di"",""pPLCγ2"":""(Pr141)Di"",""pS6"":""(Yb172)Di"",""pSTAT5"":""(Nd150)Di"",""pSYK"":""(Er166)Di""}","{""p4EBP1"":""p4EBP1"",""pAKT"":""pAkt"",""pERK1/2"":""pErk"",""pIKAROS"":""pIkaros"",""pPLCγ2"":""pPLCg1_2"",""pS6"":""pS6"",""pSTAT5"":""pSTAT5"",""pSYK"":""pSyk""}"
23,UPN25,diagnostic_UPN_sample_label,6,TSLP,target,UPN25_TSLP.fcs,UPN25_TSLP.fcs,8b8f60fad6c0ff389e8aca75353748137abf457d9412e64d96dccdb2e38e3f16,19406709,93285,52,F,"4,3,2,1",L,58,3378,3419,19406699,cb18a46591c29fd169ed9179c9aa062ba3b033bb9083e7ed6818212a8ee8d63f,Yb176_group,"{""p4EBP1"":17,""pAKT"":32,""pERK1/2"":46,""pIKAROS"":28,""pPLCγ2"":14,""pS6"":45,""pSTAT5"":23,""pSYK"":39}","{""p4EBP1"":""(Nd144)Di"",""pAKT"":""(Tb159)Di"",""pERK1/2"":""(Yb173)Di"",""pIKAROS"":""(Gd155)Di"",""pPLCγ2"":""(Pr141)Di"",""pS6"":""(Yb172)Di"",""pSTAT5"":""(Nd150)Di"",""pSYK"":""(Er166)Di""}","{""p4EBP1"":""p4EBP1"",""pAKT"":""pAkt"",""pERK1/2"":""pErk"",""pIKAROS"":""pIkaros"",""pPLCγ2"":""pPLCg1_2"",""pS6"":""pS6"",""pSTAT5"":""pSTAT5"",""pSYK"":""pSyk""}"
23,UPN25,diagnostic_UPN_sample_label,7,Tofacitinib,target,UPN25_Tofacitinib.fcs,UPN25_Tofacitinib.fcs,0b50c3403a6c56e2ec9d532817b19e5237e165bf6c99e4297423edbff5361b41,20628708,99160,52,F,"4,3,2,1",L,58,3377,3418,20628698,cb18a46591c29fd169ed9179c9aa062ba3b033bb9083e7ed6818212a8ee8d63f,Yb176_group,"{""p4EBP1"":17,""pAKT"":32,""pERK1/2"":46,""pIKAROS"":28,""pPLCγ2"":14,""pS6"":45,""pSTAT5"":23,""pSYK"":39}","{""p4EBP1"":""(Nd144)Di"",""pAKT"":""(Tb159)Di"",""pERK1/2"":""(Yb173)Di"",""pIKAROS"":""(Gd155)Di"",""pPLCγ2"":""(Pr141)Di"",""pS6"":""(Yb172)Di"",""pSTAT5"":""(Nd150)Di"",""pSYK"":""(Er166)Di""}","{""p4EBP1"":""p4EBP1"",""pAKT"":""pAkt"",""pERK1/2"":""pErk"",""pIKAROS"":""pIkaros"",""pPLCγ2"":""pPLCg1_2"",""pS6"":""pS6"",""pSTAT5"":""pSTAT5"",""pSYK"":""pSyk""}"
24,UPN26,diagnostic_UPN_sample_label,0,Basal,baseline,UPN26_Basal.fcs,UPN26_Basal.fcs,3a81034128024ef68669e17c20f353e6e35493124a9035c668847b9b04e2faad,8071317,38788,52,F,"4,3,2,1",L,58,3362,3403,8071307,cb18a46591c29fd169ed9179c9aa062ba3b033bb9083e7ed6818212a8ee8d63f,Yb176_group,"{""p4EBP1"":17,""pAKT"":32,""pERK1/2"":46,""pIKAROS"":28,""pPLCγ2"":14,""pS6"":45,""pSTAT5"":23,""pSYK"":39}","{""p4EBP1"":""(Nd144)Di"",""pAKT"":""(Tb159)Di"",""pERK1/2"":""(Yb173)Di"",""pIKAROS"":""(Gd155)Di"",""pPLCγ2"":""(Pr141)Di"",""pS6"":""(Yb172)Di"",""pSTAT5"":""(Nd150)Di"",""pSYK"":""(Er166)Di""}","{""p4EBP1"":""p4EBP1"",""pAKT"":""pAkt"",""pERK1/2"":""pErk"",""pIKAROS"":""pIkaros"",""pPLCγ2"":""pPLCg1_2"",""pS6"":""pS6"",""pSTAT5"":""pSTAT5"",""pSYK"":""pSyk""}"
24,UPN26,diagnostic_UPN_sample_label,1,BCR-Crosslink,target,UPN26_BCR-Crosslink.fcs,UPN26_BCR-Crosslink.fcs,19ec34a0f4bf88bc22670ddc535eb5ed1723aa2cef69f43de830c27ee5516cbd,8927238,42903,52,F,"4,3,2,1",L,58,3363,3404,8927228,cb18a46591c29fd169ed9179c9aa062ba3b033bb9083e7ed6818212a8ee8d63f,Yb176_group,"{""p4EBP1"":17,""pAKT"":32,""pERK1/2"":46,""pIKAROS"":28,""pPLCγ2"":14,""pS6"":45,""pSTAT5"":23,""pSYK"":39}","{""p4EBP1"":""(Nd144)Di"",""pAKT"":""(Tb159)Di"",""pERK1/2"":""(Yb173)Di"",""pIKAROS"":""(Gd155)Di"",""pPLCγ2"":""(Pr141)Di"",""pS6"":""(Yb172)Di"",""pSTAT5"":""(Nd150)Di"",""pSYK"":""(Er166)Di""}","{""p4EBP1"":""p4EBP1"",""pAKT"":""pAkt"",""pERK1/2"":""pErk"",""pIKAROS"":""pIkaros"",""pPLCγ2"":""pPLCg1_2"",""pS6"":""pS6"",""pSTAT5"":""pSTAT5"",""pSYK"":""pSyk""}"
24,UPN26,diagnostic_UPN_sample_label,2,BEZ-235,target,UPN26_BEZ-235.fcs,UPN26_BEZ-235.fcs,ffb0d9d5f8e570fe8d75458c383c0dbd2bea66a51d61d5a8e905ee63712549ce,10069569,48395,52,F,"4,3,2,1",L,58,3358,3399,10069559,cb18a46591c29fd169ed9179c9aa062ba3b033bb9083e7ed6818212a8ee8d63f,Yb176_group,"{""p4EBP1"":17,""pAKT"":32,""pERK1/2"":46,""pIKAROS"":28,""pPLCγ2"":14,""pS6"":45,""pSTAT5"":23,""pSYK"":39}","{""p4EBP1"":""(Nd144)Di"",""pAKT"":""(Tb159)Di"",""pERK1/2"":""(Yb173)Di"",""pIKAROS"":""(Gd155)Di"",""pPLCγ2"":""(Pr141)Di"",""pS6"":""(Yb172)Di"",""pSTAT5"":""(Nd150)Di"",""pSYK"":""(Er166)Di""}","{""p4EBP1"":""p4EBP1"",""pAKT"":""pAkt"",""pERK1/2"":""pErk"",""pIKAROS"":""pIkaros"",""pPLCγ2"":""pPLCg1_2"",""pS6"":""pS6"",""pSTAT5"":""pSTAT5"",""pSYK"":""pSyk""}"
24,UPN26,diagnostic_UPN_sample_label,3,Dasatinib,target,UPN26_Dasatinib.fcs,UPN26_Dasatinib.fcs,c3ea2d30cc9d417ffed0b6c1ec0a3c452f104956905dd2ee11577d19c8f5edd0,9973260,47932,52,F,"4,3,2,1",L,58,3353,3394,9973250,cb18a46591c29fd169ed9179c9aa062ba3b033bb9083e7ed6818212a8ee8d63f,Yb176_group,"{""p4EBP1"":17,""pAKT"":32,""pERK1/2"":46,""pIKAROS"":28,""pPLCγ2"":14,""pS6"":45,""pSTAT5"":23,""pSYK"":39}","{""p4EBP1"":""(Nd144)Di"",""pAKT"":""(Tb159)Di"",""pERK1/2"":""(Yb173)Di"",""pIKAROS"":""(Gd155)Di"",""pPLCγ2"":""(Pr141)Di"",""pS6"":""(Yb172)Di"",""pSTAT5"":""(Nd150)Di"",""pSYK"":""(Er166)Di""}","{""p4EBP1"":""p4EBP1"",""pAKT"":""pAkt"",""pERK1/2"":""pErk"",""pIKAROS"":""pIkaros"",""pPLCγ2"":""pPLCg1_2"",""pS6"":""pS6"",""pSTAT5"":""pSTAT5"",""pSYK"":""pSyk""}"
24,UPN26,diagnostic_UPN_sample_label,4,IL-7,target,UPN26_IL-7.fcs,UPN26_IL-7.fcs,7461e6d6109e88e591ec71e06c1913406f2f181cddb2575d5fc84560eca41258,9977420,47952,52,F,"4,3,2,1",L,58,3353,3394,9977410,cb18a46591c29fd169ed9179c9aa062ba3b033bb9083e7ed6818212a8ee8d63f,Yb176_group,"{""p4EBP1"":17,""pAKT"":32,""pERK1/2"":46,""pIKAROS"":28,""pPLCγ2"":14,""pS6"":45,""pSTAT5"":23,""pSYK"":39}","{""p4EBP1"":""(Nd144)Di"",""pAKT"":""(Tb159)Di"",""pERK1/2"":""(Yb173)Di"",""pIKAROS"":""(Gd155)Di"",""pPLCγ2"":""(Pr141)Di"",""pS6"":""(Yb172)Di"",""pSTAT5"":""(Nd150)Di"",""pSYK"":""(Er166)Di""}","{""p4EBP1"":""p4EBP1"",""pAKT"":""pAkt"",""pERK1/2"":""pErk"",""pIKAROS"":""pIkaros"",""pPLCγ2"":""pPLCg1_2"",""pS6"":""pS6"",""pSTAT5"":""pSTAT5"",""pSYK"":""pSyk""}"
24,UPN26,diagnostic_UPN_sample_label,5,Pervanadate,target,UPN26_Pervanadate.fcs,UPN26_Pervanadate.fcs,8d055c5f88091aa9b6df4e773d4097ab6aee5b791eabe2c1ae360525e26409cf,6267337,30115,52,F,"4,3,2,1",L,58,3366,3407,6267327,cb18a46591c29fd169ed9179c9aa062ba3b033bb9083e7ed6818212a8ee8d63f,Yb176_group,"{""p4EBP1"":17,""pAKT"":32,""pERK1/2"":46,""pIKAROS"":28,""pPLCγ2"":14,""pS6"":45,""pSTAT5"":23,""pSYK"":39}","{""p4EBP1"":""(Nd144)Di"",""pAKT"":""(Tb159)Di"",""pERK1/2"":""(Yb173)Di"",""pIKAROS"":""(Gd155)Di"",""pPLCγ2"":""(Pr141)Di"",""pS6"":""(Yb172)Di"",""pSTAT5"":""(Nd150)Di"",""pSYK"":""(Er166)Di""}","{""p4EBP1"":""p4EBP1"",""pAKT"":""pAkt"",""pERK1/2"":""pErk"",""pIKAROS"":""pIkaros"",""pPLCγ2"":""pPLCg1_2"",""pS6"":""pS6"",""pSTAT5"":""pSTAT5"",""pSYK"":""pSyk""}"
24,UPN26,diagnostic_UPN_sample_label,6,TSLP,target,UPN26_TSLP.fcs,UPN26_TSLP.fcs,28b2df1b4bc38621d13015cca4ee56d32c515e854f5f2810652d95b8a394499c,10237639,49203,52,F,"4,3,2,1",L,58,3364,3405,10237629,cb18a46591c29fd169ed9179c9aa062ba3b033bb9083e7ed6818212a8ee8d63f,Yb176_group,"{""p4EBP1"":17,""pAKT"":32,""pERK1/2"":46,""pIKAROS"":28,""pPLCγ2"":14,""pS6"":45,""pSTAT5"":23,""pSYK"":39}","{""p4EBP1"":""(Nd144)Di"",""pAKT"":""(Tb159)Di"",""pERK1/2"":""(Yb173)Di"",""pIKAROS"":""(Gd155)Di"",""pPLCγ2"":""(Pr141)Di"",""pS6"":""(Yb172)Di"",""pSTAT5"":""(Nd150)Di"",""pSYK"":""(Er166)Di""}","{""p4EBP1"":""p4EBP1"",""pAKT"":""pAkt"",""pERK1/2"":""pErk"",""pIKAROS"":""pIkaros"",""pPLCγ2"":""pPLCg1_2"",""pS6"":""pS6"",""pSTAT5"":""pSTAT5"",""pSYK"":""pSyk""}"
24,UPN26,diagnostic_UPN_sample_label,7,Tofacitinib,target,UPN26_Tofacitinib.fcs,UPN26_Tofacitinib.fcs,c88a3ef43a4ae3f3e16ad6f439c3c188f7b164936fe83ceb6e9ca4f66350eec0,9563913,45964,52,F,"4,3,2,1",L,58,3350,3391,9563903,cb18a46591c29fd169ed9179c9aa062ba3b033bb9083e7ed6818212a8ee8d63f,Yb176_group,"{""p4EBP1"":17,""pAKT"":32,""pERK1/2"":46,""pIKAROS"":28,""pPLCγ2"":14,""pS6"":45,""pSTAT5"":23,""pSYK"":39}","{""p4EBP1"":""(Nd144)Di"",""pAKT"":""(Tb159)Di"",""pERK1/2"":""(Yb173)Di"",""pIKAROS"":""(Gd155)Di"",""pPLCγ2"":""(Pr141)Di"",""pS6"":""(Yb172)Di"",""pSTAT5"":""(Nd150)Di"",""pSYK"":""(Er166)Di""}","{""p4EBP1"":""p4EBP1"",""pAKT"":""pAkt"",""pERK1/2"":""pErk"",""pIKAROS"":""pIkaros"",""pPLCγ2"":""pPLCg1_2"",""pS6"":""pS6"",""pSTAT5"":""pSTAT5"",""pSYK"":""pSyk""}"
25,UPN27,diagnostic_UPN_sample_label,0,Basal,baseline,UPN27_Basal.fcs,UPN27_Basal.fcs,454aff9d14920181c2c3ce78a230a5f2db0b5de7c93b5038adb04c9946a771ee,21489836,103300,52,F,"4,3,2,1",L,58,3385,3426,21489826,cb18a46591c29fd169ed9179c9aa062ba3b033bb9083e7ed6818212a8ee8d63f,Yb176_group,"{""p4EBP1"":17,""pAKT"":32,""pERK1/2"":46,""pIKAROS"":28,""pPLCγ2"":14,""pS6"":45,""pSTAT5"":23,""pSYK"":39}","{""p4EBP1"":""(Nd144)Di"",""pAKT"":""(Tb159)Di"",""pERK1/2"":""(Yb173)Di"",""pIKAROS"":""(Gd155)Di"",""pPLCγ2"":""(Pr141)Di"",""pS6"":""(Yb172)Di"",""pSTAT5"":""(Nd150)Di"",""pSYK"":""(Er166)Di""}","{""p4EBP1"":""p4EBP1"",""pAKT"":""pAkt"",""pERK1/2"":""pErk"",""pIKAROS"":""pIkaros"",""pPLCγ2"":""pPLCg1_2"",""pS6"":""pS6"",""pSTAT5"":""pSTAT5"",""pSYK"":""pSyk""}"
25,UPN27,diagnostic_UPN_sample_label,1,BCR-Crosslink,target,UPN27_BCR-Crosslink.fcs,UPN27_BCR-Crosslink.fcs,93b012e56c175bb94371efdf3957d7921dfa9f12edf576e473a845b3c959607f,21674328,104187,52,F,"4,3,2,1",L,58,3381,3422,21674318,cb18a46591c29fd169ed9179c9aa062ba3b033bb9083e7ed6818212a8ee8d63f,Yb176_group,"{""p4EBP1"":17,""pAKT"":32,""pERK1/2"":46,""pIKAROS"":28,""pPLCγ2"":14,""pS6"":45,""pSTAT5"":23,""pSYK"":39}","{""p4EBP1"":""(Nd144)Di"",""pAKT"":""(Tb159)Di"",""pERK1/2"":""(Yb173)Di"",""pIKAROS"":""(Gd155)Di"",""pPLCγ2"":""(Pr141)Di"",""pS6"":""(Yb172)Di"",""pSTAT5"":""(Nd150)Di"",""pSYK"":""(Er166)Di""}","{""p4EBP1"":""p4EBP1"",""pAKT"":""pAkt"",""pERK1/2"":""pErk"",""pIKAROS"":""pIkaros"",""pPLCγ2"":""pPLCg1_2"",""pS6"":""pS6"",""pSTAT5"":""pSTAT5"",""pSYK"":""pSyk""}"
25,UPN27,diagnostic_UPN_sample_label,2,BEZ-235,target,UPN27_BEZ-235.fcs,UPN27_BEZ-235.fcs,9fe836f919e97cc204e2ce36adb34c2acd38c0abc407336c7ba4efe70a578875,19608678,94256,52,F,"4,3,2,1",L,58,3379,3420,19608668,cb18a46591c29fd169ed9179c9aa062ba3b033bb9083e7ed6818212a8ee8d63f,Yb176_group,"{""p4EBP1"":17,""pAKT"":32,""pERK1/2"":46,""pIKAROS"":28,""pPLCγ2"":14,""pS6"":45,""pSTAT5"":23,""pSYK"":39}","{""p4EBP1"":""(Nd144)Di"",""pAKT"":""(Tb159)Di"",""pERK1/2"":""(Yb173)Di"",""pIKAROS"":""(Gd155)Di"",""pPLCγ2"":""(Pr141)Di"",""pS6"":""(Yb172)Di"",""pSTAT5"":""(Nd150)Di"",""pSYK"":""(Er166)Di""}","{""p4EBP1"":""p4EBP1"",""pAKT"":""pAkt"",""pERK1/2"":""pErk"",""pIKAROS"":""pIkaros"",""pPLCγ2"":""pPLCg1_2"",""pS6"":""pS6"",""pSTAT5"":""pSTAT5"",""pSYK"":""pSyk""}"
25,UPN27,diagnostic_UPN_sample_label,3,Dasatinib,target,UPN27_Dasatinib.fcs,UPN27_Dasatinib.fcs,38541ba43dc98acf85b8076468ce5ddc3af509b79397ceb662314f263f2b2694,19155865,92079,52,F,"4,3,2,1",L,58,3382,3423,19155855,cb18a46591c29fd169ed9179c9aa062ba3b033bb9083e7ed6818212a8ee8d63f,Yb176_group,"{""p4EBP1"":17,""pAKT"":32,""pERK1/2"":46,""pIKAROS"":28,""pPLCγ2"":14,""pS6"":45,""pSTAT5"":23,""pSYK"":39}","{""p4EBP1"":""(Nd144)Di"",""pAKT"":""(Tb159)Di"",""pERK1/2"":""(Yb173)Di"",""pIKAROS"":""(Gd155)Di"",""pPLCγ2"":""(Pr141)Di"",""pS6"":""(Yb172)Di"",""pSTAT5"":""(Nd150)Di"",""pSYK"":""(Er166)Di""}","{""p4EBP1"":""p4EBP1"",""pAKT"":""pAkt"",""pERK1/2"":""pErk"",""pIKAROS"":""pIkaros"",""pPLCγ2"":""pPLCg1_2"",""pS6"":""pS6"",""pSTAT5"":""pSTAT5"",""pSYK"":""pSyk""}"
25,UPN27,diagnostic_UPN_sample_label,4,IL-7,target,UPN27_IL-7.fcs,UPN27_IL-7.fcs,b94416ed9eac38a6f065013bd7f69396f1f187e78decef9e18b717f77d513605,20038611,96323,52,F,"4,3,2,1",L,58,3376,3417,20038601,cb18a46591c29fd169ed9179c9aa062ba3b033bb9083e7ed6818212a8ee8d63f,Yb176_group,"{""p4EBP1"":17,""pAKT"":32,""pERK1/2"":46,""pIKAROS"":28,""pPLCγ2"":14,""pS6"":45,""pSTAT5"":23,""pSYK"":39}","{""p4EBP1"":""(Nd144)Di"",""pAKT"":""(Tb159)Di"",""pERK1/2"":""(Yb173)Di"",""pIKAROS"":""(Gd155)Di"",""pPLCγ2"":""(Pr141)Di"",""pS6"":""(Yb172)Di"",""pSTAT5"":""(Nd150)Di"",""pSYK"":""(Er166)Di""}","{""p4EBP1"":""p4EBP1"",""pAKT"":""pAkt"",""pERK1/2"":""pErk"",""pIKAROS"":""pIkaros"",""pPLCγ2"":""pPLCg1_2"",""pS6"":""pS6"",""pSTAT5"":""pSTAT5"",""pSYK"":""pSyk""}"
25,UPN27,diagnostic_UPN_sample_label,5,Pervanadate,target,UPN27_Pervanadate.fcs,UPN27_Pervanadate.fcs,540c31279290c1422e8f8f4eb6170bbdfedd39b173a0968f256911c21feb3e08,20320451,97678,52,F,"4,3,2,1",L,58,3376,3417,20320441,cb18a46591c29fd169ed9179c9aa062ba3b033bb9083e7ed6818212a8ee8d63f,Yb176_group,"{""p4EBP1"":17,""pAKT"":32,""pERK1/2"":46,""pIKAROS"":28,""pPLCγ2"":14,""pS6"":45,""pSTAT5"":23,""pSYK"":39}","{""p4EBP1"":""(Nd144)Di"",""pAKT"":""(Tb159)Di"",""pERK1/2"":""(Yb173)Di"",""pIKAROS"":""(Gd155)Di"",""pPLCγ2"":""(Pr141)Di"",""pS6"":""(Yb172)Di"",""pSTAT5"":""(Nd150)Di"",""pSYK"":""(Er166)Di""}","{""p4EBP1"":""p4EBP1"",""pAKT"":""pAkt"",""pERK1/2"":""pErk"",""pIKAROS"":""pIkaros"",""pPLCγ2"":""pPLCg1_2"",""pS6"":""pS6"",""pSTAT5"":""pSTAT5"",""pSYK"":""pSyk""}"
25,UPN27,diagnostic_UPN_sample_label,6,TSLP,target,UPN27_TSLP.fcs,UPN27_TSLP.fcs,d99245b61826256175d1835f071d337edfcbc2ce588f2d14d44e8d98fc2a55c7,20288625,97525,52,F,"4,3,2,1",L,58,3374,3415,20288615,cb18a46591c29fd169ed9179c9aa062ba3b033bb9083e7ed6818212a8ee8d63f,Yb176_group,"{""p4EBP1"":17,""pAKT"":32,""pERK1/2"":46,""pIKAROS"":28,""pPLCγ2"":14,""pS6"":45,""pSTAT5"":23,""pSYK"":39}","{""p4EBP1"":""(Nd144)Di"",""pAKT"":""(Tb159)Di"",""pERK1/2"":""(Yb173)Di"",""pIKAROS"":""(Gd155)Di"",""pPLCγ2"":""(Pr141)Di"",""pS6"":""(Yb172)Di"",""pSTAT5"":""(Nd150)Di"",""pSYK"":""(Er166)Di""}","{""p4EBP1"":""p4EBP1"",""pAKT"":""pAkt"",""pERK1/2"":""pErk"",""pIKAROS"":""pIkaros"",""pPLCγ2"":""pPLCg1_2"",""pS6"":""pS6"",""pSTAT5"":""pSTAT5"",""pSYK"":""pSyk""}"
25,UPN27,diagnostic_UPN_sample_label,7,Tofacitinib,target,UPN27_Tofacitinib.fcs,UPN27_Tofacitinib.fcs,4161987b07b4ee34eb6b9a0cdc7ceef4b5a9aab5de6479aab8f65fcab03de047,20143025,96825,52,F,"4,3,2,1",L,58,3374,3415,20143015,cb18a46591c29fd169ed9179c9aa062ba3b033bb9083e7ed6818212a8ee8d63f,Yb176_group,"{""p4EBP1"":17,""pAKT"":32,""pERK1/2"":46,""pIKAROS"":28,""pPLCγ2"":14,""pS6"":45,""pSTAT5"":23,""pSYK"":39}","{""p4EBP1"":""(Nd144)Di"",""pAKT"":""(Tb159)Di"",""pERK1/2"":""(Yb173)Di"",""pIKAROS"":""(Gd155)Di"",""pPLCγ2"":""(Pr141)Di"",""pS6"":""(Yb172)Di"",""pSTAT5"":""(Nd150)Di"",""pSYK"":""(Er166)Di""}","{""p4EBP1"":""p4EBP1"",""pAKT"":""pAkt"",""pERK1/2"":""pErk"",""pIKAROS"":""pIkaros"",""pPLCγ2"":""pPLCg1_2"",""pS6"":""pS6"",""pSTAT5"":""pSTAT5"",""pSYK"":""pSyk""}"
26,UPN28,diagnostic_UPN_sample_label,0,Basal,baseline,UPN28_Basal.fcs,UPN28_Basal.fcs,8a63c839df0c501bd91c09aa8a15dc623479f20ceaea2231dd34b2338511bac1,9481833,43881,54,F,"4,3,2,1",L,58,3486,3527,9481823,e572a76821812786a36d73233481ba1fa6731d521f902b16857fc56c099c42d2,Yb176_group,"{""p4EBP1"":17,""pAKT"":32,""pERK1/2"":46,""pIKAROS"":28,""pPLCγ2"":14,""pS6"":45,""pSTAT5"":23,""pSYK"":39}","{""p4EBP1"":""(Nd144)Di"",""pAKT"":""(Tb159)Di"",""pERK1/2"":""(Yb173)Di"",""pIKAROS"":""(Gd155)Di"",""pPLCγ2"":""(Pr141)Di"",""pS6"":""(Yb172)Di"",""pSTAT5"":""(Nd150)Di"",""pSYK"":""(Er166)Di""}","{""p4EBP1"":""p4EBP1"",""pAKT"":""pAkt"",""pERK1/2"":""pErk"",""pIKAROS"":""pIkaros"",""pPLCγ2"":""pPLCg1_2"",""pS6"":""pS6"",""pSTAT5"":""pSTAT5"",""pSYK"":""pSyk""}"
26,UPN28,diagnostic_UPN_sample_label,1,BCR-Crosslink,target,UPN28_BCR-Crosslink.fcs,UPN28_BCR-Crosslink.fcs,33da4171a2d0cca377918d805ead9b2d58b9f71da26357c6658f2897ddfb1891,8723018,40368,54,F,"4,3,2,1",L,58,3479,3520,8723008,e572a76821812786a36d73233481ba1fa6731d521f902b16857fc56c099c42d2,Yb176_group,"{""p4EBP1"":17,""pAKT"":32,""pERK1/2"":46,""pIKAROS"":28,""pPLCγ2"":14,""pS6"":45,""pSTAT5"":23,""pSYK"":39}","{""p4EBP1"":""(Nd144)Di"",""pAKT"":""(Tb159)Di"",""pERK1/2"":""(Yb173)Di"",""pIKAROS"":""(Gd155)Di"",""pPLCγ2"":""(Pr141)Di"",""pS6"":""(Yb172)Di"",""pSTAT5"":""(Nd150)Di"",""pSYK"":""(Er166)Di""}","{""p4EBP1"":""p4EBP1"",""pAKT"":""pAkt"",""pERK1/2"":""pErk"",""pIKAROS"":""pIkaros"",""pPLCγ2"":""pPLCg1_2"",""pS6"":""pS6"",""pSTAT5"":""pSTAT5"",""pSYK"":""pSyk""}"
26,UPN28,diagnostic_UPN_sample_label,2,BEZ-235,target,UPN28_BEZ-235.fcs,UPN28_BEZ-235.fcs,d5c8a1f32f5ef366ca8cb9a71ef7268b0175810146a8af61de5bc28bb9561952,9258057,42845,54,F,"4,3,2,1",L,58,3486,3527,9258047,e572a76821812786a36d73233481ba1fa6731d521f902b16857fc56c099c42d2,Yb176_group,"{""p4EBP1"":17,""pAKT"":32,""pERK1/2"":46,""pIKAROS"":28,""pPLCγ2"":14,""pS6"":45,""pSTAT5"":23,""pSYK"":39}","{""p4EBP1"":""(Nd144)Di"",""pAKT"":""(Tb159)Di"",""pERK1/2"":""(Yb173)Di"",""pIKAROS"":""(Gd155)Di"",""pPLCγ2"":""(Pr141)Di"",""pS6"":""(Yb172)Di"",""pSTAT5"":""(Nd150)Di"",""pSYK"":""(Er166)Di""}","{""p4EBP1"":""p4EBP1"",""pAKT"":""pAkt"",""pERK1/2"":""pErk"",""pIKAROS"":""pIkaros"",""pPLCγ2"":""pPLCg1_2"",""pS6"":""pS6"",""pSTAT5"":""pSTAT5"",""pSYK"":""pSyk""}"
26,UPN28,diagnostic_UPN_sample_label,3,Dasatinib,target,UPN28_Dasatinib.fcs,UPN28_Dasatinib.fcs,19c838df6c6f00925d1f2a4fe22daaebcb08b1c8056927a7dcaa73d4f94b948a,9436901,43673,54,F,"4,3,2,1",L,58,3482,3523,9436891,e572a76821812786a36d73233481ba1fa6731d521f902b16857fc56c099c42d2,Yb176_group,"{""p4EBP1"":17,""pAKT"":32,""pERK1/2"":46,""pIKAROS"":28,""pPLCγ2"":14,""pS6"":45,""pSTAT5"":23,""pSYK"":39}","{""p4EBP1"":""(Nd144)Di"",""pAKT"":""(Tb159)Di"",""pERK1/2"":""(Yb173)Di"",""pIKAROS"":""(Gd155)Di"",""pPLCγ2"":""(Pr141)Di"",""pS6"":""(Yb172)Di"",""pSTAT5"":""(Nd150)Di"",""pSYK"":""(Er166)Di""}","{""p4EBP1"":""p4EBP1"",""pAKT"":""pAkt"",""pERK1/2"":""pErk"",""pIKAROS"":""pIkaros"",""pPLCγ2"":""pPLCg1_2"",""pS6"":""pS6"",""pSTAT5"":""pSTAT5"",""pSYK"":""pSyk""}"
26,UPN28,diagnostic_UPN_sample_label,4,IL-7,target,UPN28_IL-7.fcs,UPN28_IL-7.fcs,8c5b112d4f601f0d4503fefc4bd60a59cb5e4d455a3b751ed4bcdc4612df8304,9658087,44697,54,F,"4,3,2,1",L,58,3484,3525,9658077,e572a76821812786a36d73233481ba1fa6731d521f902b16857fc56c099c42d2,Yb176_group,"{""p4EBP1"":17,""pAKT"":32,""pERK1/2"":46,""pIKAROS"":28,""pPLCγ2"":14,""pS6"":45,""pSTAT5"":23,""pSYK"":39}","{""p4EBP1"":""(Nd144)Di"",""pAKT"":""(Tb159)Di"",""pERK1/2"":""(Yb173)Di"",""pIKAROS"":""(Gd155)Di"",""pPLCγ2"":""(Pr141)Di"",""pS6"":""(Yb172)Di"",""pSTAT5"":""(Nd150)Di"",""pSYK"":""(Er166)Di""}","{""p4EBP1"":""p4EBP1"",""pAKT"":""pAkt"",""pERK1/2"":""pErk"",""pIKAROS"":""pIkaros"",""pPLCγ2"":""pPLCg1_2"",""pS6"":""pS6"",""pSTAT5"":""pSTAT5"",""pSYK"":""pSyk""}"
26,UPN28,diagnostic_UPN_sample_label,5,Pervanadate,target,UPN28_Pervanadate.fcs,UPN28_Pervanadate.fcs,1ecdf3f8cbb0f98ad4381afe4c87e201ffd80015369259bf27231574c2747545,8535317,39499,54,F,"4,3,2,1",L,58,3482,3523,8535307,e572a76821812786a36d73233481ba1fa6731d521f902b16857fc56c099c42d2,Yb176_group,"{""p4EBP1"":17,""pAKT"":32,""pERK1/2"":46,""pIKAROS"":28,""pPLCγ2"":14,""pS6"":45,""pSTAT5"":23,""pSYK"":39}","{""p4EBP1"":""(Nd144)Di"",""pAKT"":""(Tb159)Di"",""pERK1/2"":""(Yb173)Di"",""pIKAROS"":""(Gd155)Di"",""pPLCγ2"":""(Pr141)Di"",""pS6"":""(Yb172)Di"",""pSTAT5"":""(Nd150)Di"",""pSYK"":""(Er166)Di""}","{""p4EBP1"":""p4EBP1"",""pAKT"":""pAkt"",""pERK1/2"":""pErk"",""pIKAROS"":""pIkaros"",""pPLCγ2"":""pPLCg1_2"",""pS6"":""pS6"",""pSTAT5"":""pSTAT5"",""pSYK"":""pSyk""}"
26,UPN28,diagnostic_UPN_sample_label,6,TSLP,target,UPN28_TSLP.fcs,UPN28_TSLP.fcs,0d373f7362a105aed7bd41b7f47aaadbb1a60c195048cc9d67b37285777a4ac7,9360213,43318,54,F,"4,3,2,1",L,58,3474,3515,9360203,e572a76821812786a36d73233481ba1fa6731d521f902b16857fc56c099c42d2,Yb176_group,"{""p4EBP1"":17,""pAKT"":32,""pERK1/2"":46,""pIKAROS"":28,""pPLCγ2"":14,""pS6"":45,""pSTAT5"":23,""pSYK"":39}","{""p4EBP1"":""(Nd144)Di"",""pAKT"":""(Tb159)Di"",""pERK1/2"":""(Yb173)Di"",""pIKAROS"":""(Gd155)Di"",""pPLCγ2"":""(Pr141)Di"",""pS6"":""(Yb172)Di"",""pSTAT5"":""(Nd150)Di"",""pSYK"":""(Er166)Di""}","{""p4EBP1"":""p4EBP1"",""pAKT"":""pAkt"",""pERK1/2"":""pErk"",""pIKAROS"":""pIkaros"",""pPLCγ2"":""pPLCg1_2"",""pS6"":""pS6"",""pSTAT5"":""pSTAT5"",""pSYK"":""pSyk""}"
26,UPN28,diagnostic_UPN_sample_label,7,Tofacitinib,target,UPN28_Tofacitinib.fcs,UPN28_Tofacitinib.fcs,1d46b8f0893b455d3f86a75ac1ae94d36eaa42b80459f3f3577a40f6d18aafd8,9189797,42529,54,F,"4,3,2,1",L,58,3482,3523,9189787,e572a76821812786a36d73233481ba1fa6731d521f902b16857fc56c099c42d2,Yb176_group,"{""p4EBP1"":17,""pAKT"":32,""pERK1/2"":46,""pIKAROS"":28,""pPLCγ2"":14,""pS6"":45,""pSTAT5"":23,""pSYK"":39}","{""p4EBP1"":""(Nd144)Di"",""pAKT"":""(Tb159)Di"",""pERK1/2"":""(Yb173)Di"",""pIKAROS"":""(Gd155)Di"",""pPLCγ2"":""(Pr141)Di"",""pS6"":""(Yb172)Di"",""pSTAT5"":""(Nd150)Di"",""pSYK"":""(Er166)Di""}","{""p4EBP1"":""p4EBP1"",""pAKT"":""pAkt"",""pERK1/2"":""pErk"",""pIKAROS"":""pIkaros"",""pPLCγ2"":""pPLCg1_2"",""pS6"":""pS6"",""pSTAT5"":""pSTAT5"",""pSYK"":""pSyk""}"
27,UPN29,diagnostic_UPN_sample_label,0,Basal,baseline,UPN29_Basal.fcs,UPN29_Basal.fcs,9643090abeb9814b473a01799350cfd3f641830840e3fa35dc62326f7393dd44,17836920,85738,52,F,"4,3,2,1",L,58,3365,3406,17836910,cb18a46591c29fd169ed9179c9aa062ba3b033bb9083e7ed6818212a8ee8d63f,Yb176_group,"{""p4EBP1"":17,""pAKT"":32,""pERK1/2"":46,""pIKAROS"":28,""pPLCγ2"":14,""pS6"":45,""pSTAT5"":23,""pSYK"":39}","{""p4EBP1"":""(Nd144)Di"",""pAKT"":""(Tb159)Di"",""pERK1/2"":""(Yb173)Di"",""pIKAROS"":""(Gd155)Di"",""pPLCγ2"":""(Pr141)Di"",""pS6"":""(Yb172)Di"",""pSTAT5"":""(Nd150)Di"",""pSYK"":""(Er166)Di""}","{""p4EBP1"":""p4EBP1"",""pAKT"":""pAkt"",""pERK1/2"":""pErk"",""pIKAROS"":""pIkaros"",""pPLCγ2"":""pPLCg1_2"",""pS6"":""pS6"",""pSTAT5"":""pSTAT5"",""pSYK"":""pSyk""}"
27,UPN29,diagnostic_UPN_sample_label,1,BCR-Crosslink,target,UPN29_BCR-Crosslink.fcs,UPN29_BCR-Crosslink.fcs,b7f3716d6954ee9e8e689568f26e206c5362ea49105d49f36daded57aba8fd3e,19013999,91397,52,F,"4,3,2,1",L,58,3372,3413,19013989,cb18a46591c29fd169ed9179c9aa062ba3b033bb9083e7ed6818212a8ee8d63f,Yb176_group,"{""p4EBP1"":17,""pAKT"":32,""pERK1/2"":46,""pIKAROS"":28,""pPLCγ2"":14,""pS6"":45,""pSTAT5"":23,""pSYK"":39}","{""p4EBP1"":""(Nd144)Di"",""pAKT"":""(Tb159)Di"",""pERK1/2"":""(Yb173)Di"",""pIKAROS"":""(Gd155)Di"",""pPLCγ2"":""(Pr141)Di"",""pS6"":""(Yb172)Di"",""pSTAT5"":""(Nd150)Di"",""pSYK"":""(Er166)Di""}","{""p4EBP1"":""p4EBP1"",""pAKT"":""pAkt"",""pERK1/2"":""pErk"",""pIKAROS"":""pIkaros"",""pPLCγ2"":""pPLCg1_2"",""pS6"":""pS6"",""pSTAT5"":""pSTAT5"",""pSYK"":""pSyk""}"
27,UPN29,diagnostic_UPN_sample_label,2,BEZ-235,target,UPN29_BEZ-235.fcs,UPN29_BEZ-235.fcs,62d7503f655b66bf3efd2838e082e731ea9b5949642af2f48a55c7ac92296548,18777912,90262,52,F,"4,3,2,1",L,58,3365,3406,18777902,cb18a46591c29fd169ed9179c9aa062ba3b033bb9083e7ed6818212a8ee8d63f,Yb176_group,"{""p4EBP1"":17,""pAKT"":32,""pERK1/2"":46,""pIKAROS"":28,""pPLCγ2"":14,""pS6"":45,""pSTAT5"":23,""pSYK"":39}","{""p4EBP1"":""(Nd144)Di"",""pAKT"":""(Tb159)Di"",""pERK1/2"":""(Yb173)Di"",""pIKAROS"":""(Gd155)Di"",""pPLCγ2"":""(Pr141)Di"",""pS6"":""(Yb172)Di"",""pSTAT5"":""(Nd150)Di"",""pSYK"":""(Er166)Di""}","{""p4EBP1"":""p4EBP1"",""pAKT"":""pAkt"",""pERK1/2"":""pErk"",""pIKAROS"":""pIkaros"",""pPLCγ2"":""pPLCg1_2"",""pS6"":""pS6"",""pSTAT5"":""pSTAT5"",""pSYK"":""pSyk""}"
27,UPN29,diagnostic_UPN_sample_label,3,Dasatinib,target,UPN29_Dasatinib.fcs,UPN29_Dasatinib.fcs,de50fe09e9bfb99e0170b9e952ba8c568c3717aed6cae0e3fb4924a4d9729d77,18527892,89060,52,F,"4,3,2,1",L,58,3361,3402,18527882,cb18a46591c29fd169ed9179c9aa062ba3b033bb9083e7ed6818212a8ee8d63f,Yb176_group,"{""p4EBP1"":17,""pAKT"":32,""pERK1/2"":46,""pIKAROS"":28,""pPLCγ2"":14,""pS6"":45,""pSTAT5"":23,""pSYK"":39}","{""p4EBP1"":""(Nd144)Di"",""pAKT"":""(Tb159)Di"",""pERK1/2"":""(Yb173)Di"",""pIKAROS"":""(Gd155)Di"",""pPLCγ2"":""(Pr141)Di"",""pS6"":""(Yb172)Di"",""pSTAT5"":""(Nd150)Di"",""pSYK"":""(Er166)Di""}","{""p4EBP1"":""p4EBP1"",""pAKT"":""pAkt"",""pERK1/2"":""pErk"",""pIKAROS"":""pIkaros"",""pPLCγ2"":""pPLCg1_2"",""pS6"":""pS6"",""pSTAT5"":""pSTAT5"",""pSYK"":""pSyk""}"
27,UPN29,diagnostic_UPN_sample_label,4,IL-7,target,UPN29_IL-7.fcs,UPN29_IL-7.fcs,0aa3b8b9c7a162bd64ca17063d3e9c7cd91b68a2d3e467e8975f8256d8693c55,19593274,94182,52,F,"4,3,2,1",L,58,3367,3408,19593264,cb18a46591c29fd169ed9179c9aa062ba3b033bb9083e7ed6818212a8ee8d63f,Yb176_group,"{""p4EBP1"":17,""pAKT"":32,""pERK1/2"":46,""pIKAROS"":28,""pPLCγ2"":14,""pS6"":45,""pSTAT5"":23,""pSYK"":39}","{""p4EBP1"":""(Nd144)Di"",""pAKT"":""(Tb159)Di"",""pERK1/2"":""(Yb173)Di"",""pIKAROS"":""(Gd155)Di"",""pPLCγ2"":""(Pr141)Di"",""pS6"":""(Yb172)Di"",""pSTAT5"":""(Nd150)Di"",""pSYK"":""(Er166)Di""}","{""p4EBP1"":""p4EBP1"",""pAKT"":""pAkt"",""pERK1/2"":""pErk"",""pIKAROS"":""pIkaros"",""pPLCγ2"":""pPLCg1_2"",""pS6"":""pS6"",""pSTAT5"":""pSTAT5"",""pSYK"":""pSyk""}"
27,UPN29,diagnostic_UPN_sample_label,5,Pervanadate,target,UPN29_Pervanadate.fcs,UPN29_Pervanadate.fcs,deb9aa0f511771b51e0a38b63c277cb2b9ff9c0e4e008a04acff5dd12cd37663,17837747,85742,52,F,"4,3,2,1",L,58,3360,3401,17837737,cb18a46591c29fd169ed9179c9aa062ba3b033bb9083e7ed6818212a8ee8d63f,Yb176_group,"{""p4EBP1"":17,""pAKT"":32,""pERK1/2"":46,""pIKAROS"":28,""pPLCγ2"":14,""pS6"":45,""pSTAT5"":23,""pSYK"":39}","{""p4EBP1"":""(Nd144)Di"",""pAKT"":""(Tb159)Di"",""pERK1/2"":""(Yb173)Di"",""pIKAROS"":""(Gd155)Di"",""pPLCγ2"":""(Pr141)Di"",""pS6"":""(Yb172)Di"",""pSTAT5"":""(Nd150)Di"",""pSYK"":""(Er166)Di""}","{""p4EBP1"":""p4EBP1"",""pAKT"":""pAkt"",""pERK1/2"":""pErk"",""pIKAROS"":""pIkaros"",""pPLCγ2"":""pPLCg1_2"",""pS6"":""pS6"",""pSTAT5"":""pSTAT5"",""pSYK"":""pSyk""}"
27,UPN29,diagnostic_UPN_sample_label,6,TSLP,target,UPN29_TSLP.fcs,UPN29_TSLP.fcs,518b8274f7347f1a0fee670d6fe594619dd9389d9cf28ca8881ae2c0ab2893c7,19257968,92570,52,F,"4,3,2,1",L,58,3357,3398,19257958,cb18a46591c29fd169ed9179c9aa062ba3b033bb9083e7ed6818212a8ee8d63f,Yb176_group,"{""p4EBP1"":17,""pAKT"":32,""pERK1/2"":46,""pIKAROS"":28,""pPLCγ2"":14,""pS6"":45,""pSTAT5"":23,""pSYK"":39}","{""p4EBP1"":""(Nd144)Di"",""pAKT"":""(Tb159)Di"",""pERK1/2"":""(Yb173)Di"",""pIKAROS"":""(Gd155)Di"",""pPLCγ2"":""(Pr141)Di"",""pS6"":""(Yb172)Di"",""pSTAT5"":""(Nd150)Di"",""pSYK"":""(Er166)Di""}","{""p4EBP1"":""p4EBP1"",""pAKT"":""pAkt"",""pERK1/2"":""pErk"",""pIKAROS"":""pIkaros"",""pPLCγ2"":""pPLCg1_2"",""pS6"":""pS6"",""pSTAT5"":""pSTAT5"",""pSYK"":""pSyk""}"
27,UPN29,diagnostic_UPN_sample_label,7,Tofacitinib,target,UPN29_Tofacitinib.fcs,UPN29_Tofacitinib.fcs,0bd6dcf819e1a1f6ad2eb261b8e6dabc70b820a97433377e9426888e9bc8b859,19492180,93696,52,F,"4,3,2,1",L,58,3361,3402,19492170,cb18a46591c29fd169ed9179c9aa062ba3b033bb9083e7ed6818212a8ee8d63f,Yb176_group,"{""p4EBP1"":17,""pAKT"":32,""pERK1/2"":46,""pIKAROS"":28,""pPLCγ2"":14,""pS6"":45,""pSTAT5"":23,""pSYK"":39}","{""p4EBP1"":""(Nd144)Di"",""pAKT"":""(Tb159)Di"",""pERK1/2"":""(Yb173)Di"",""pIKAROS"":""(Gd155)Di"",""pPLCγ2"":""(Pr141)Di"",""pS6"":""(Yb172)Di"",""pSTAT5"":""(Nd150)Di"",""pSYK"":""(Er166)Di""}","{""p4EBP1"":""p4EBP1"",""pAKT"":""pAkt"",""pERK1/2"":""pErk"",""pIKAROS"":""pIkaros"",""pPLCγ2"":""pPLCg1_2"",""pS6"":""pS6"",""pSTAT5"":""pSTAT5"",""pSYK"":""pSyk""}"
28,UPN30,diagnostic_UPN_sample_label,0,Basal,baseline,UPN30_Basal.fcs,UPN30_Basal.fcs,7a0f0f3778dc9367461d0b57de69da2ef9431d208ce4e6acb91fedf619a00239,20457925,98339,52,F,"4,3,2,1",L,58,3362,3403,20457915,cb18a46591c29fd169ed9179c9aa062ba3b033bb9083e7ed6818212a8ee8d63f,Yb176_group,"{""p4EBP1"":17,""pAKT"":32,""pERK1/2"":46,""pIKAROS"":28,""pPLCγ2"":14,""pS6"":45,""pSTAT5"":23,""pSYK"":39}","{""p4EBP1"":""(Nd144)Di"",""pAKT"":""(Tb159)Di"",""pERK1/2"":""(Yb173)Di"",""pIKAROS"":""(Gd155)Di"",""pPLCγ2"":""(Pr141)Di"",""pS6"":""(Yb172)Di"",""pSTAT5"":""(Nd150)Di"",""pSYK"":""(Er166)Di""}","{""p4EBP1"":""p4EBP1"",""pAKT"":""pAkt"",""pERK1/2"":""pErk"",""pIKAROS"":""pIkaros"",""pPLCγ2"":""pPLCg1_2"",""pS6"":""pS6"",""pSTAT5"":""pSTAT5"",""pSYK"":""pSyk""}"
28,UPN30,diagnostic_UPN_sample_label,1,BCR-Crosslink,target,UPN30_BCR-Crosslink.fcs,UPN30_BCR-Crosslink.fcs,e8ec5f58e45c58a066bbffc7d89729659ec1985bc9bbd17cb9a6e8fe0544aaaf,20028407,96274,52,F,"4,3,2,1",L,58,3364,3405,20028397,cb18a46591c29fd169ed9179c9aa062ba3b033bb9083e7ed6818212a8ee8d63f,Yb176_group,"{""p4EBP1"":17,""pAKT"":32,""pERK1/2"":46,""pIKAROS"":28,""pPLCγ2"":14,""pS6"":45,""pSTAT5"":23,""pSYK"":39}","{""p4EBP1"":""(Nd144)Di"",""pAKT"":""(Tb159)Di"",""pERK1/2"":""(Yb173)Di"",""pIKAROS"":""(Gd155)Di"",""pPLCγ2"":""(Pr141)Di"",""pS6"":""(Yb172)Di"",""pSTAT5"":""(Nd150)Di"",""pSYK"":""(Er166)Di""}","{""p4EBP1"":""p4EBP1"",""pAKT"":""pAkt"",""pERK1/2"":""pErk"",""pIKAROS"":""pIkaros"",""pPLCγ2"":""pPLCg1_2"",""pS6"":""pS6"",""pSTAT5"":""pSTAT5"",""pSYK"":""pSyk""}"
28,UPN30,diagnostic_UPN_sample_label,2,BEZ-235,target,UPN30_BEZ-235.fcs,UPN30_BEZ-235.fcs,9787df5d685598fac972f9d2b84288096baccf552ce4419d4397cfb1aa25757d,20297348,97567,52,F,"4,3,2,1",L,58,3361,3402,20297338,cb18a46591c29fd169ed9179c9aa062ba3b033bb9083e7ed6818212a8ee8d63f,Yb176_group,"{""p4EBP1"":17,""pAKT"":32,""pERK1/2"":46,""pIKAROS"":28,""pPLCγ2"":14,""pS6"":45,""pSTAT5"":23,""pSYK"":39}","{""p4EBP1"":""(Nd144)Di"",""pAKT"":""(Tb159)Di"",""pERK1/2"":""(Yb173)Di"",""pIKAROS"":""(Gd155)Di"",""pPLCγ2"":""(Pr141)Di"",""pS6"":""(Yb172)Di"",""pSTAT5"":""(Nd150)Di"",""pSYK"":""(Er166)Di""}","{""p4EBP1"":""p4EBP1"",""pAKT"":""pAkt"",""pERK1/2"":""pErk"",""pIKAROS"":""pIkaros"",""pPLCγ2"":""pPLCg1_2"",""pS6"":""pS6"",""pSTAT5"":""pSTAT5"",""pSYK"":""pSyk""}"
28,UPN30,diagnostic_UPN_sample_label,3,Dasatinib,target,UPN30_Dasatinib.fcs,UPN30_Dasatinib.fcs,66a0ae10910429ebe5c78a1cc1a64d3ce0aefc58b62e7b9b4ac8c4f954bdd2dd,19405861,93281,52,F,"4,3,2,1",L,58,3362,3403,19405851,cb18a46591c29fd169ed9179c9aa062ba3b033bb9083e7ed6818212a8ee8d63f,Yb176_group,"{""p4EBP1"":17,""pAKT"":32,""pERK1/2"":46,""pIKAROS"":28,""pPLCγ2"":14,""pS6"":45,""pSTAT5"":23,""pSYK"":39}","{""p4EBP1"":""(Nd144)Di"",""pAKT"":""(Tb159)Di"",""pERK1/2"":""(Yb173)Di"",""pIKAROS"":""(Gd155)Di"",""pPLCγ2"":""(Pr141)Di"",""pS6"":""(Yb172)Di"",""pSTAT5"":""(Nd150)Di"",""pSYK"":""(Er166)Di""}","{""p4EBP1"":""p4EBP1"",""pAKT"":""pAkt"",""pERK1/2"":""pErk"",""pIKAROS"":""pIkaros"",""pPLCγ2"":""pPLCg1_2"",""pS6"":""pS6"",""pSTAT5"":""pSTAT5"",""pSYK"":""pSyk""}"
28,UPN30,diagnostic_UPN_sample_label,4,IL-7,target,UPN30_IL-7.fcs,UPN30_IL-7.fcs,f85c3bb10e6071d50d052d77f9082c4298ce22823c81f5215185f398dd690e37,19639439,94404,52,F,"4,3,2,1",L,58,3356,3397,19639429,cb18a46591c29fd169ed9179c9aa062ba3b033bb9083e7ed6818212a8ee8d63f,Yb176_group,"{""p4EBP1"":17,""pAKT"":32,""pERK1/2"":46,""pIKAROS"":28,""pPLCγ2"":14,""pS6"":45,""pSTAT5"":23,""pSYK"":39}","{""p4EBP1"":""(Nd144)Di"",""pAKT"":""(Tb159)Di"",""pERK1/2"":""(Yb173)Di"",""pIKAROS"":""(Gd155)Di"",""pPLCγ2"":""(Pr141)Di"",""pS6"":""(Yb172)Di"",""pSTAT5"":""(Nd150)Di"",""pSYK"":""(Er166)Di""}","{""p4EBP1"":""p4EBP1"",""pAKT"":""pAkt"",""pERK1/2"":""pErk"",""pIKAROS"":""pIkaros"",""pPLCγ2"":""pPLCg1_2"",""pS6"":""pS6"",""pSTAT5"":""pSTAT5"",""pSYK"":""pSyk""}"
28,UPN30,diagnostic_UPN_sample_label,5,Pervanadate,target,UPN30_Pervanadate.fcs,UPN30_Pervanadate.fcs,439df6833025617ba5989ae0e3b72688e2aaa67675063f6303aea7b8dd9507c5,18689509,89837,52,F,"4,3,2,1",L,58,3362,3403,18689499,cb18a46591c29fd169ed9179c9aa062ba3b033bb9083e7ed6818212a8ee8d63f,Yb176_group,"{""p4EBP1"":17,""pAKT"":32,""pERK1/2"":46,""pIKAROS"":28,""pPLCγ2"":14,""pS6"":45,""pSTAT5"":23,""pSYK"":39}","{""p4EBP1"":""(Nd144)Di"",""pAKT"":""(Tb159)Di"",""pERK1/2"":""(Yb173)Di"",""pIKAROS"":""(Gd155)Di"",""pPLCγ2"":""(Pr141)Di"",""pS6"":""(Yb172)Di"",""pSTAT5"":""(Nd150)Di"",""pSYK"":""(Er166)Di""}","{""p4EBP1"":""p4EBP1"",""pAKT"":""pAkt"",""pERK1/2"":""pErk"",""pIKAROS"":""pIkaros"",""pPLCγ2"":""pPLCg1_2"",""pS6"":""pS6"",""pSTAT5"":""pSTAT5"",""pSYK"":""pSyk""}"
28,UPN30,diagnostic_UPN_sample_label,6,TSLP,target,UPN30_TSLP.fcs,UPN30_TSLP.fcs,c9f774f022b8405786b81c441ff2c130b0077401e4f651612f6d04409ae8e93b,20810695,100035,52,F,"4,3,2,1",L,58,3364,3405,20810685,cb18a46591c29fd169ed9179c9aa062ba3b033bb9083e7ed6818212a8ee8d63f,Yb176_group,"{""p4EBP1"":17,""pAKT"":32,""pERK1/2"":46,""pIKAROS"":28,""pPLCγ2"":14,""pS6"":45,""pSTAT5"":23,""pSYK"":39}","{""p4EBP1"":""(Nd144)Di"",""pAKT"":""(Tb159)Di"",""pERK1/2"":""(Yb173)Di"",""pIKAROS"":""(Gd155)Di"",""pPLCγ2"":""(Pr141)Di"",""pS6"":""(Yb172)Di"",""pSTAT5"":""(Nd150)Di"",""pSYK"":""(Er166)Di""}","{""p4EBP1"":""p4EBP1"",""pAKT"":""pAkt"",""pERK1/2"":""pErk"",""pIKAROS"":""pIkaros"",""pPLCγ2"":""pPLCg1_2"",""pS6"":""pS6"",""pSTAT5"":""pSTAT5"",""pSYK"":""pSyk""}"
28,UPN30,diagnostic_UPN_sample_label,7,Tofacitinib,target,UPN30_Tofacitinib.fcs,UPN30_Tofacitinib.fcs,908a321cc607a5dde9248afc8fdc81e12177ef8b4813d7b7e57f585cf06fb881,19886343,95591,52,F,"4,3,2,1",L,58,3364,3405,19886333,cb18a46591c29fd169ed9179c9aa062ba3b033bb9083e7ed6818212a8ee8d63f,Yb176_group,"{""p4EBP1"":17,""pAKT"":32,""pERK1/2"":46,""pIKAROS"":28,""pPLCγ2"":14,""pS6"":45,""pSTAT5"":23,""pSYK"":39}","{""p4EBP1"":""(Nd144)Di"",""pAKT"":""(Tb159)Di"",""pERK1/2"":""(Yb173)Di"",""pIKAROS"":""(Gd155)Di"",""pPLCγ2"":""(Pr141)Di"",""pS6"":""(Yb172)Di"",""pSTAT5"":""(Nd150)Di"",""pSYK"":""(Er166)Di""}","{""p4EBP1"":""p4EBP1"",""pAKT"":""pAkt"",""pERK1/2"":""pErk"",""pIKAROS"":""pIkaros"",""pPLCγ2"":""pPLCg1_2"",""pS6"":""pS6"",""pSTAT5"":""pSTAT5"",""pSYK"":""pSyk""}"
29,UPN31,diagnostic_UPN_sample_label,0,Basal,baseline,UPN31_Basal.fcs,UPN31_Basal.fcs,58906f07d1e5e5cc3d068a5356f6fdf10caf05217e34328155cee317e2d39a7c,9860116,47388,52,F,"4,3,2,1",L,58,3361,3402,9860106,cb18a46591c29fd169ed9179c9aa062ba3b033bb9083e7ed6818212a8ee8d63f,Yb176_group,"{""p4EBP1"":17,""pAKT"":32,""pERK1/2"":46,""pIKAROS"":28,""pPLCγ2"":14,""pS6"":45,""pSTAT5"":23,""pSYK"":39}","{""p4EBP1"":""(Nd144)Di"",""pAKT"":""(Tb159)Di"",""pERK1/2"":""(Yb173)Di"",""pIKAROS"":""(Gd155)Di"",""pPLCγ2"":""(Pr141)Di"",""pS6"":""(Yb172)Di"",""pSTAT5"":""(Nd150)Di"",""pSYK"":""(Er166)Di""}","{""p4EBP1"":""p4EBP1"",""pAKT"":""pAkt"",""pERK1/2"":""pErk"",""pIKAROS"":""pIkaros"",""pPLCγ2"":""pPLCg1_2"",""pS6"":""pS6"",""pSTAT5"":""pSTAT5"",""pSYK"":""pSyk""}"
29,UPN31,diagnostic_UPN_sample_label,1,BCR-Crosslink,target,UPN31_BCR-Crosslink.fcs,UPN31_BCR-Crosslink.fcs,180110231760ad760353b9554837adaa956cd89f399a91dc0c21613fc7ec1e2c,8433660,40530,52,F,"4,3,2,1",L,58,3369,3410,8433650,cb18a46591c29fd169ed9179c9aa062ba3b033bb9083e7ed6818212a8ee8d63f,Yb176_group,"{""p4EBP1"":17,""pAKT"":32,""pERK1/2"":46,""pIKAROS"":28,""pPLCγ2"":14,""pS6"":45,""pSTAT5"":23,""pSYK"":39}","{""p4EBP1"":""(Nd144)Di"",""pAKT"":""(Tb159)Di"",""pERK1/2"":""(Yb173)Di"",""pIKAROS"":""(Gd155)Di"",""pPLCγ2"":""(Pr141)Di"",""pS6"":""(Yb172)Di"",""pSTAT5"":""(Nd150)Di"",""pSYK"":""(Er166)Di""}","{""p4EBP1"":""p4EBP1"",""pAKT"":""pAkt"",""pERK1/2"":""pErk"",""pIKAROS"":""pIkaros"",""pPLCγ2"":""pPLCg1_2"",""pS6"":""pS6"",""pSTAT5"":""pSTAT5"",""pSYK"":""pSyk""}"
29,UPN31,diagnostic_UPN_sample_label,2,BEZ-235,target,UPN31_BEZ-235.fcs,UPN31_BEZ-235.fcs,f36fb5c79c17aedc047916133e25d9e83b0b1e4ed100100a96336837a6a606a8,9961831,47877,52,F,"4,3,2,1",L,58,3364,3405,9961821,cb18a46591c29fd169ed9179c9aa062ba3b033bb9083e7ed6818212a8ee8d63f,Yb176_group,"{""p4EBP1"":17,""pAKT"":32,""pERK1/2"":46,""pIKAROS"":28,""pPLCγ2"":14,""pS6"":45,""pSTAT5"":23,""pSYK"":39}","{""p4EBP1"":""(Nd144)Di"",""pAKT"":""(Tb159)Di"",""pERK1/2"":""(Yb173)Di"",""pIKAROS"":""(Gd155)Di"",""pPLCγ2"":""(Pr141)Di"",""pS6"":""(Yb172)Di"",""pSTAT5"":""(Nd150)Di"",""pSYK"":""(Er166)Di""}","{""p4EBP1"":""p4EBP1"",""pAKT"":""pAkt"",""pERK1/2"":""pErk"",""pIKAROS"":""pIkaros"",""pPLCγ2"":""pPLCg1_2"",""pS6"":""pS6"",""pSTAT5"":""pSTAT5"",""pSYK"":""pSyk""}"
29,UPN31,diagnostic_UPN_sample_label,3,Dasatinib,target,UPN31_Dasatinib.fcs,UPN31_Dasatinib.fcs,bb01f73d23aba3f6f362bba549f34db7b2e4c6971a6c3603097587e7b347667c,10969589,52722,52,F,"4,3,2,1",L,58,3362,3403,10969579,cb18a46591c29fd169ed9179c9aa062ba3b033bb9083e7ed6818212a8ee8d63f,Yb176_group,"{""p4EBP1"":17,""pAKT"":32,""pERK1/2"":46,""pIKAROS"":28,""pPLCγ2"":14,""pS6"":45,""pSTAT5"":23,""pSYK"":39}","{""p4EBP1"":""(Nd144)Di"",""pAKT"":""(Tb159)Di"",""pERK1/2"":""(Yb173)Di"",""pIKAROS"":""(Gd155)Di"",""pPLCγ2"":""(Pr141)Di"",""pS6"":""(Yb172)Di"",""pSTAT5"":""(Nd150)Di"",""pSYK"":""(Er166)Di""}","{""p4EBP1"":""p4EBP1"",""pAKT"":""pAkt"",""pERK1/2"":""pErk"",""pIKAROS"":""pIkaros"",""pPLCγ2"":""pPLCg1_2"",""pS6"":""pS6"",""pSTAT5"":""pSTAT5"",""pSYK"":""pSyk""}"
29,UPN31,diagnostic_UPN_sample_label,4,IL-7,target,UPN31_IL-7.fcs,UPN31_IL-7.fcs,67924e619633c193531f7cebe3f8f76f2939b4c3e52db7aa0fa663c429c6252b,10416730,50064,52,F,"4,3,2,1",L,58,3367,3408,10416720,cb18a46591c29fd169ed9179c9aa062ba3b033bb9083e7ed6818212a8ee8d63f,Yb176_group,"{""p4EBP1"":17,""pAKT"":32,""pERK1/2"":46,""pIKAROS"":28,""pPLCγ2"":14,""pS6"":45,""pSTAT5"":23,""pSYK"":39}","{""p4EBP1"":""(Nd144)Di"",""pAKT"":""(Tb159)Di"",""pERK1/2"":""(Yb173)Di"",""pIKAROS"":""(Gd155)Di"",""pPLCγ2"":""(Pr141)Di"",""pS6"":""(Yb172)Di"",""pSTAT5"":""(Nd150)Di"",""pSYK"":""(Er166)Di""}","{""p4EBP1"":""p4EBP1"",""pAKT"":""pAkt"",""pERK1/2"":""pErk"",""pIKAROS"":""pIkaros"",""pPLCγ2"":""pPLCg1_2"",""pS6"":""pS6"",""pSTAT5"":""pSTAT5"",""pSYK"":""pSyk""}"
29,UPN31,diagnostic_UPN_sample_label,5,Pervanadate,target,UPN31_Pervanadate.fcs,UPN31_Pervanadate.fcs,f52a1a82d844eb574149a08f5a26a96963d581830abc7fe7a694f258091539b7,9069097,43585,52,F,"4,3,2,1",L,58,3366,3407,9069087,cb18a46591c29fd169ed9179c9aa062ba3b033bb9083e7ed6818212a8ee8d63f,Yb176_group,"{""p4EBP1"":17,""pAKT"":32,""pERK1/2"":46,""pIKAROS"":28,""pPLCγ2"":14,""pS6"":45,""pSTAT5"":23,""pSYK"":39}","{""p4EBP1"":""(Nd144)Di"",""pAKT"":""(Tb159)Di"",""pERK1/2"":""(Yb173)Di"",""pIKAROS"":""(Gd155)Di"",""pPLCγ2"":""(Pr141)Di"",""pS6"":""(Yb172)Di"",""pSTAT5"":""(Nd150)Di"",""pSYK"":""(Er166)Di""}","{""p4EBP1"":""p4EBP1"",""pAKT"":""pAkt"",""pERK1/2"":""pErk"",""pIKAROS"":""pIkaros"",""pPLCγ2"":""pPLCg1_2"",""pS6"":""pS6"",""pSTAT5"":""pSTAT5"",""pSYK"":""pSyk""}"
29,UPN31,diagnostic_UPN_sample_label,6,TSLP,target,UPN31_TSLP.fcs,UPN31_TSLP.fcs,bea873cba75be95cef3b16ce8198a8ad0e170ff71bb79f31457df6705acf8e68,10054804,48324,52,F,"4,3,2,1",L,58,3361,3402,10054794,cb18a46591c29fd169ed9179c9aa062ba3b033bb9083e7ed6818212a8ee8d63f,Yb176_group,"{""p4EBP1"":17,""pAKT"":32,""pERK1/2"":46,""pIKAROS"":28,""pPLCγ2"":14,""pS6"":45,""pSTAT5"":23,""pSYK"":39}","{""p4EBP1"":""(Nd144)Di"",""pAKT"":""(Tb159)Di"",""pERK1/2"":""(Yb173)Di"",""pIKAROS"":""(Gd155)Di"",""pPLCγ2"":""(Pr141)Di"",""pS6"":""(Yb172)Di"",""pSTAT5"":""(Nd150)Di"",""pSYK"":""(Er166)Di""}","{""p4EBP1"":""p4EBP1"",""pAKT"":""pAkt"",""pERK1/2"":""pErk"",""pIKAROS"":""pIkaros"",""pPLCγ2"":""pPLCg1_2"",""pS6"":""pS6"",""pSTAT5"":""pSTAT5"",""pSYK"":""pSyk""}"
29,UPN31,diagnostic_UPN_sample_label,7,Tofacitinib,target,UPN31_Tofacitinib.fcs,UPN31_Tofacitinib.fcs,8da5a6730681df7e6be498fc937735f180d7037e155bdd9b56d21feac860ff6d,9881746,47492,52,F,"4,3,2,1",L,58,3359,3400,9881736,cb18a46591c29fd169ed9179c9aa062ba3b033bb9083e7ed6818212a8ee8d63f,Yb176_group,"{""p4EBP1"":17,""pAKT"":32,""pERK1/2"":46,""pIKAROS"":28,""pPLCγ2"":14,""pS6"":45,""pSTAT5"":23,""pSYK"":39}","{""p4EBP1"":""(Nd144)Di"",""pAKT"":""(Tb159)Di"",""pERK1/2"":""(Yb173)Di"",""pIKAROS"":""(Gd155)Di"",""pPLCγ2"":""(Pr141)Di"",""pS6"":""(Yb172)Di"",""pSTAT5"":""(Nd150)Di"",""pSYK"":""(Er166)Di""}","{""p4EBP1"":""p4EBP1"",""pAKT"":""pAkt"",""pERK1/2"":""pErk"",""pIKAROS"":""pIkaros"",""pPLCγ2"":""pPLCg1_2"",""pS6"":""pS6"",""pSTAT5"":""pSTAT5"",""pSYK"":""pSyk""}"
30,UPN47,diagnostic_UPN_sample_label,0,Basal,baseline,UPN47_Basal.fcs,UPN47_Basal.fcs,b99a7af94579f7a39a87f31268ee2d850d8825506950394668bf54e4fa05af47,5282912,24903,53,F,"4,3,2,1",L,58,3425,3466,5282902,a437c3f9ec13a44b820d107f57d10c5918d6b961376f3087fba77a47cac5a491,Yb176_group,"{""p4EBP1"":17,""pAKT"":32,""pERK1/2"":46,""pIKAROS"":28,""pPLCγ2"":14,""pS6"":45,""pSTAT5"":23,""pSYK"":39}","{""p4EBP1"":""(Nd144)Di"",""pAKT"":""(Tb159)Di"",""pERK1/2"":""(Yb173)Di"",""pIKAROS"":""(Gd155)Di"",""pPLCγ2"":""(Pr141)Di"",""pS6"":""(Yb172)Di"",""pSTAT5"":""(Nd150)Di"",""pSYK"":""(Er166)Di""}","{""p4EBP1"":""p4EBP1"",""pAKT"":""pAkt"",""pERK1/2"":""pErk"",""pIKAROS"":""pIkaros"",""pPLCγ2"":""pPLCg1_2"",""pS6"":""pS6"",""pSTAT5"":""pSTAT5"",""pSYK"":""pSyk""}"
30,UPN47,diagnostic_UPN_sample_label,1,BCR-Crosslink,target,UPN47_BCR-Crosslink.fcs,UPN47_BCR-Crosslink.fcs,2178a0263cd03a21dce68db69d1f33cf1e4abfdb561dd016d839d8a034ef85ba,7291614,34378,53,F,"4,3,2,1",L,58,3427,3468,7291604,a437c3f9ec13a44b820d107f57d10c5918d6b961376f3087fba77a47cac5a491,Yb176_group,"{""p4EBP1"":17,""pAKT"":32,""pERK1/2"":46,""pIKAROS"":28,""pPLCγ2"":14,""pS6"":45,""pSTAT5"":23,""pSYK"":39}","{""p4EBP1"":""(Nd144)Di"",""pAKT"":""(Tb159)Di"",""pERK1/2"":""(Yb173)Di"",""pIKAROS"":""(Gd155)Di"",""pPLCγ2"":""(Pr141)Di"",""pS6"":""(Yb172)Di"",""pSTAT5"":""(Nd150)Di"",""pSYK"":""(Er166)Di""}","{""p4EBP1"":""p4EBP1"",""pAKT"":""pAkt"",""pERK1/2"":""pErk"",""pIKAROS"":""pIkaros"",""pPLCγ2"":""pPLCg1_2"",""pS6"":""pS6"",""pSTAT5"":""pSTAT5"",""pSYK"":""pSyk""}"
30,UPN47,diagnostic_UPN_sample_label,2,BEZ-235,target,UPN47_BEZ-235.fcs,UPN47_BEZ-235.fcs,0b3fef8e02ba0aac694e29206b5e41287fd25f345d3b19d276853e7ba48d9fa3,6837719,32237,53,F,"4,3,2,1",L,58,3424,3465,6837709,a437c3f9ec13a44b820d107f57d10c5918d6b961376f3087fba77a47cac5a491,Yb176_group,"{""p4EBP1"":17,""pAKT"":32,""pERK1/2"":46,""pIKAROS"":28,""pPLCγ2"":14,""pS6"":45,""pSTAT5"":23,""pSYK"":39}","{""p4EBP1"":""(Nd144)Di"",""pAKT"":""(Tb159)Di"",""pERK1/2"":""(Yb173)Di"",""pIKAROS"":""(Gd155)Di"",""pPLCγ2"":""(Pr141)Di"",""pS6"":""(Yb172)Di"",""pSTAT5"":""(Nd150)Di"",""pSYK"":""(Er166)Di""}","{""p4EBP1"":""p4EBP1"",""pAKT"":""pAkt"",""pERK1/2"":""pErk"",""pIKAROS"":""pIkaros"",""pPLCγ2"":""pPLCg1_2"",""pS6"":""pS6"",""pSTAT5"":""pSTAT5"",""pSYK"":""pSyk""}"
30,UPN47,diagnostic_UPN_sample_label,3,Dasatinib,target,UPN47_Dasatinib.fcs,UPN47_Dasatinib.fcs,2ae71c83a80b7fb78da529e2329507f5e8396d8cb6042879872c71ad1c19231e,6873764,32407,53,F,"4,3,2,1",L,58,3429,3470,6873754,a437c3f9ec13a44b820d107f57d10c5918d6b961376f3087fba77a47cac5a491,Yb176_group,"{""p4EBP1"":17,""pAKT"":32,""pERK1/2"":46,""pIKAROS"":28,""pPLCγ2"":14,""pS6"":45,""pSTAT5"":23,""pSYK"":39}","{""p4EBP1"":""(Nd144)Di"",""pAKT"":""(Tb159)Di"",""pERK1/2"":""(Yb173)Di"",""pIKAROS"":""(Gd155)Di"",""pPLCγ2"":""(Pr141)Di"",""pS6"":""(Yb172)Di"",""pSTAT5"":""(Nd150)Di"",""pSYK"":""(Er166)Di""}","{""p4EBP1"":""p4EBP1"",""pAKT"":""pAkt"",""pERK1/2"":""pErk"",""pIKAROS"":""pIkaros"",""pPLCγ2"":""pPLCg1_2"",""pS6"":""pS6"",""pSTAT5"":""pSTAT5"",""pSYK"":""pSyk""}"
30,UPN47,diagnostic_UPN_sample_label,4,IL-7,target,UPN47_IL-7.fcs,UPN47_IL-7.fcs,f32339e1bfa293ba0abcefca2264d83f721a7c2f0beca012eb30fdfd11a7286f,8953904,42219,53,F,"4,3,2,1",L,58,3425,3466,8953894,a437c3f9ec13a44b820d107f57d10c5918d6b961376f3087fba77a47cac5a491,Yb176_group,"{""p4EBP1"":17,""pAKT"":32,""pERK1/2"":46,""pIKAROS"":28,""pPLCγ2"":14,""pS6"":45,""pSTAT5"":23,""pSYK"":39}","{""p4EBP1"":""(Nd144)Di"",""pAKT"":""(Tb159)Di"",""pERK1/2"":""(Yb173)Di"",""pIKAROS"":""(Gd155)Di"",""pPLCγ2"":""(Pr141)Di"",""pS6"":""(Yb172)Di"",""pSTAT5"":""(Nd150)Di"",""pSYK"":""(Er166)Di""}","{""p4EBP1"":""p4EBP1"",""pAKT"":""pAkt"",""pERK1/2"":""pErk"",""pIKAROS"":""pIkaros"",""pPLCγ2"":""pPLCg1_2"",""pS6"":""pS6"",""pSTAT5"":""pSTAT5"",""pSYK"":""pSyk""}"
30,UPN47,diagnostic_UPN_sample_label,5,Pervanadate,target,UPN47_Pervanadate.fcs,UPN47_Pervanadate.fcs,6ba689c284efa3b15608a125f1e6ce14f3ea1a2da92791169f23575d268517af,5640349,26589,53,F,"4,3,2,1",L,58,3430,3471,5640339,a437c3f9ec13a44b820d107f57d10c5918d6b961376f3087fba77a47cac5a491,Yb176_group,"{""p4EBP1"":17,""pAKT"":32,""pERK1/2"":46,""pIKAROS"":28,""pPLCγ2"":14,""pS6"":45,""pSTAT5"":23,""pSYK"":39}","{""p4EBP1"":""(Nd144)Di"",""pAKT"":""(Tb159)Di"",""pERK1/2"":""(Yb173)Di"",""pIKAROS"":""(Gd155)Di"",""pPLCγ2"":""(Pr141)Di"",""pS6"":""(Yb172)Di"",""pSTAT5"":""(Nd150)Di"",""pSYK"":""(Er166)Di""}","{""p4EBP1"":""p4EBP1"",""pAKT"":""pAkt"",""pERK1/2"":""pErk"",""pIKAROS"":""pIkaros"",""pPLCγ2"":""pPLCg1_2"",""pS6"":""pS6"",""pSTAT5"":""pSTAT5"",""pSYK"":""pSyk""}"
30,UPN47,diagnostic_UPN_sample_label,6,TSLP,target,UPN47_TSLP.fcs,UPN47_TSLP.fcs,2b34c2b68eb510a4bebebb2de6a199f1326df35b3a5b88687e7274ccaa8788cd,7325527,34538,53,F,"4,3,2,1",L,58,3420,3461,7325517,a437c3f9ec13a44b820d107f57d10c5918d6b961376f3087fba77a47cac5a491,Yb176_group,"{""p4EBP1"":17,""pAKT"":32,""pERK1/2"":46,""pIKAROS"":28,""pPLCγ2"":14,""pS6"":45,""pSTAT5"":23,""pSYK"":39}","{""p4EBP1"":""(Nd144)Di"",""pAKT"":""(Tb159)Di"",""pERK1/2"":""(Yb173)Di"",""pIKAROS"":""(Gd155)Di"",""pPLCγ2"":""(Pr141)Di"",""pS6"":""(Yb172)Di"",""pSTAT5"":""(Nd150)Di"",""pSYK"":""(Er166)Di""}","{""p4EBP1"":""p4EBP1"",""pAKT"":""pAkt"",""pERK1/2"":""pErk"",""pIKAROS"":""pIkaros"",""pPLCγ2"":""pPLCg1_2"",""pS6"":""pS6"",""pSTAT5"":""pSTAT5"",""pSYK"":""pSyk""}"
30,UPN47,diagnostic_UPN_sample_label,7,Tofacitinib,target,UPN47_Tofacitinib.fcs,UPN47_Tofacitinib.fcs,13157618b5c57100c90a7c65c41fe076d7d0e40ce12527a1b7d87cc32eec3d69,6070705,28619,53,F,"4,3,2,1",L,58,3426,3467,6070695,a437c3f9ec13a44b820d107f57d10c5918d6b961376f3087fba77a47cac5a491,Yb176_group,"{""p4EBP1"":17,""pAKT"":32,""pERK1/2"":46,""pIKAROS"":28,""pPLCγ2"":14,""pS6"":45,""pSTAT5"":23,""pSYK"":39}","{""p4EBP1"":""(Nd144)Di"",""pAKT"":""(Tb159)Di"",""pERK1/2"":""(Yb173)Di"",""pIKAROS"":""(Gd155)Di"",""pPLCγ2"":""(Pr141)Di"",""pS6"":""(Yb172)Di"",""pSTAT5"":""(Nd150)Di"",""pSYK"":""(Er166)Di""}","{""p4EBP1"":""p4EBP1"",""pAKT"":""pAkt"",""pERK1/2"":""pErk"",""pIKAROS"":""pIkaros"",""pPLCγ2"":""pPLCg1_2"",""pS6"":""pS6"",""pSTAT5"":""pSTAT5"",""pSYK"":""pSyk""}"
31,UPN48,diagnostic_UPN_sample_label,0,Basal,baseline,UPN48_Basal.fcs,UPN48_Basal.fcs,c4b1bae7581c1167c8d3e3d8a490a8590aeb6f4b02c82aa5c36fbf047d070904,3697143,17423,53,F,"4,3,2,1",L,58,3416,3457,3697133,a437c3f9ec13a44b820d107f57d10c5918d6b961376f3087fba77a47cac5a491,Yb176_group,"{""p4EBP1"":17,""pAKT"":32,""pERK1/2"":46,""pIKAROS"":28,""pPLCγ2"":14,""pS6"":45,""pSTAT5"":23,""pSYK"":39}","{""p4EBP1"":""(Nd144)Di"",""pAKT"":""(Tb159)Di"",""pERK1/2"":""(Yb173)Di"",""pIKAROS"":""(Gd155)Di"",""pPLCγ2"":""(Pr141)Di"",""pS6"":""(Yb172)Di"",""pSTAT5"":""(Nd150)Di"",""pSYK"":""(Er166)Di""}","{""p4EBP1"":""p4EBP1"",""pAKT"":""pAkt"",""pERK1/2"":""pErk"",""pIKAROS"":""pIkaros"",""pPLCγ2"":""pPLCg1_2"",""pS6"":""pS6"",""pSTAT5"":""pSTAT5"",""pSYK"":""pSyk""}"
31,UPN48,diagnostic_UPN_sample_label,1,BCR-Crosslink,target,UPN48_BCR-Crosslink.fcs,UPN48_BCR-Crosslink.fcs,e2dbc104454f42298b7dd4520ef610d0c6206a8bc1ba793637c20323efe99dec,8472442,39948,53,F,"4,3,2,1",L,58,3415,3456,8472432,a437c3f9ec13a44b820d107f57d10c5918d6b961376f3087fba77a47cac5a491,Yb176_group,"{""p4EBP1"":17,""pAKT"":32,""pERK1/2"":46,""pIKAROS"":28,""pPLCγ2"":14,""pS6"":45,""pSTAT5"":23,""pSYK"":39}","{""p4EBP1"":""(Nd144)Di"",""pAKT"":""(Tb159)Di"",""pERK1/2"":""(Yb173)Di"",""pIKAROS"":""(Gd155)Di"",""pPLCγ2"":""(Pr141)Di"",""pS6"":""(Yb172)Di"",""pSTAT5"":""(Nd150)Di"",""pSYK"":""(Er166)Di""}","{""p4EBP1"":""p4EBP1"",""pAKT"":""pAkt"",""pERK1/2"":""pErk"",""pIKAROS"":""pIkaros"",""pPLCγ2"":""pPLCg1_2"",""pS6"":""pS6"",""pSTAT5"":""pSTAT5"",""pSYK"":""pSyk""}"
31,UPN48,diagnostic_UPN_sample_label,2,BEZ-235,target,UPN48_BEZ-235.fcs,UPN48_BEZ-235.fcs,1f33da50a7ae1d5a3ee4e49478b39f3e4cdb53cbe054dc9b3c655b12aa74d8c9,8250902,38903,53,F,"4,3,2,1",L,58,3415,3456,8250892,a437c3f9ec13a44b820d107f57d10c5918d6b961376f3087fba77a47cac5a491,Yb176_group,"{""p4EBP1"":17,""pAKT"":32,""pERK1/2"":46,""pIKAROS"":28,""pPLCγ2"":14,""pS6"":45,""pSTAT5"":23,""pSYK"":39}","{""p4EBP1"":""(Nd144)Di"",""pAKT"":""(Tb159)Di"",""pERK1/2"":""(Yb173)Di"",""pIKAROS"":""(Gd155)Di"",""pPLCγ2"":""(Pr141)Di"",""pS6"":""(Yb172)Di"",""pSTAT5"":""(Nd150)Di"",""pSYK"":""(Er166)Di""}","{""p4EBP1"":""p4EBP1"",""pAKT"":""pAkt"",""pERK1/2"":""pErk"",""pIKAROS"":""pIkaros"",""pPLCγ2"":""pPLCg1_2"",""pS6"":""pS6"",""pSTAT5"":""pSTAT5"",""pSYK"":""pSyk""}"
31,UPN48,diagnostic_UPN_sample_label,3,Dasatinib,target,UPN48_Dasatinib.fcs,UPN48_Dasatinib.fcs,562f92fb1d116d85f68c68f63a19b8a13d7eefebea16dd693863e325c8c29d17,8855529,41755,53,F,"4,3,2,1",L,58,3418,3459,8855519,a437c3f9ec13a44b820d107f57d10c5918d6b961376f3087fba77a47cac5a491,Yb176_group,"{""p4EBP1"":17,""pAKT"":32,""pERK1/2"":46,""pIKAROS"":28,""pPLCγ2"":14,""pS6"":45,""pSTAT5"":23,""pSYK"":39}","{""p4EBP1"":""(Nd144)Di"",""pAKT"":""(Tb159)Di"",""pERK1/2"":""(Yb173)Di"",""pIKAROS"":""(Gd155)Di"",""pPLCγ2"":""(Pr141)Di"",""pS6"":""(Yb172)Di"",""pSTAT5"":""(Nd150)Di"",""pSYK"":""(Er166)Di""}","{""p4EBP1"":""p4EBP1"",""pAKT"":""pAkt"",""pERK1/2"":""pErk"",""pIKAROS"":""pIkaros"",""pPLCγ2"":""pPLCg1_2"",""pS6"":""pS6"",""pSTAT5"":""pSTAT5"",""pSYK"":""pSyk""}"
31,UPN48,diagnostic_UPN_sample_label,4,IL-7,target,UPN48_IL-7.fcs,UPN48_IL-7.fcs,acbe342306384842c26cd009a0bafcc9e5e3db79e2e213e68c5c13f6e59ee7ff,9738293,45919,53,F,"4,3,2,1",L,58,3414,3455,9738283,a437c3f9ec13a44b820d107f57d10c5918d6b961376f3087fba77a47cac5a491,Yb176_group,"{""p4EBP1"":17,""pAKT"":32,""pERK1/2"":46,""pIKAROS"":28,""pPLCγ2"":14,""pS6"":45,""pSTAT5"":23,""pSYK"":39}","{""p4EBP1"":""(Nd144)Di"",""pAKT"":""(Tb159)Di"",""pERK1/2"":""(Yb173)Di"",""pIKAROS"":""(Gd155)Di"",""pPLCγ2"":""(Pr141)Di"",""pS6"":""(Yb172)Di"",""pSTAT5"":""(Nd150)Di"",""pSYK"":""(Er166)Di""}","{""p4EBP1"":""p4EBP1"",""pAKT"":""pAkt"",""pERK1/2"":""pErk"",""pIKAROS"":""pIkaros"",""pPLCγ2"":""pPLCg1_2"",""pS6"":""pS6"",""pSTAT5"":""pSTAT5"",""pSYK"":""pSyk""}"
31,UPN48,diagnostic_UPN_sample_label,5,Pervanadate,target,UPN48_Pervanadate.fcs,UPN48_Pervanadate.fcs,621d5df2e61fa0010f44a11f6bd16d977238e39c562b71722d2cb6b84a29bde8,8968943,42290,53,F,"4,3,2,1",L,58,3412,3453,8968933,a437c3f9ec13a44b820d107f57d10c5918d6b961376f3087fba77a47cac5a491,Yb176_group,"{""p4EBP1"":17,""pAKT"":32,""pERK1/2"":46,""pIKAROS"":28,""pPLCγ2"":14,""pS6"":45,""pSTAT5"":23,""pSYK"":39}","{""p4EBP1"":""(Nd144)Di"",""pAKT"":""(Tb159)Di"",""pERK1/2"":""(Yb173)Di"",""pIKAROS"":""(Gd155)Di"",""pPLCγ2"":""(Pr141)Di"",""pS6"":""(Yb172)Di"",""pSTAT5"":""(Nd150)Di"",""pSYK"":""(Er166)Di""}","{""p4EBP1"":""p4EBP1"",""pAKT"":""pAkt"",""pERK1/2"":""pErk"",""pIKAROS"":""pIkaros"",""pPLCγ2"":""pPLCg1_2"",""pS6"":""pS6"",""pSTAT5"":""pSTAT5"",""pSYK"":""pSyk""}"
31,UPN48,diagnostic_UPN_sample_label,6,TSLP,target,UPN48_TSLP.fcs,UPN48_TSLP.fcs,7ebda75dcf2c22c82fe7bec5e4c4e0a920a9dfa178d61c63421e83a0a06d8a4b,8576537,40439,53,F,"4,3,2,1",L,58,3418,3459,8576527,a437c3f9ec13a44b820d107f57d10c5918d6b961376f3087fba77a47cac5a491,Yb176_group,"{""p4EBP1"":17,""pAKT"":32,""pERK1/2"":46,""pIKAROS"":28,""pPLCγ2"":14,""pS6"":45,""pSTAT5"":23,""pSYK"":39}","{""p4EBP1"":""(Nd144)Di"",""pAKT"":""(Tb159)Di"",""pERK1/2"":""(Yb173)Di"",""pIKAROS"":""(Gd155)Di"",""pPLCγ2"":""(Pr141)Di"",""pS6"":""(Yb172)Di"",""pSTAT5"":""(Nd150)Di"",""pSYK"":""(Er166)Di""}","{""p4EBP1"":""p4EBP1"",""pAKT"":""pAkt"",""pERK1/2"":""pErk"",""pIKAROS"":""pIkaros"",""pPLCγ2"":""pPLCg1_2"",""pS6"":""pS6"",""pSTAT5"":""pSTAT5"",""pSYK"":""pSyk""}"
31,UPN48,diagnostic_UPN_sample_label,7,Tofacitinib,target,UPN48_Tofacitinib.fcs,UPN48_Tofacitinib.fcs,5ba85a09c44372d6e18fed49ed17b9c5ac9099ba4cf1e00eeaeb21115644091b,8539224,40263,53,F,"4,3,2,1",L,58,3417,3458,8539214,a437c3f9ec13a44b820d107f57d10c5918d6b961376f3087fba77a47cac5a491,Yb176_group,"{""p4EBP1"":17,""pAKT"":32,""pERK1/2"":46,""pIKAROS"":28,""pPLCγ2"":14,""pS6"":45,""pSTAT5"":23,""pSYK"":39}","{""p4EBP1"":""(Nd144)Di"",""pAKT"":""(Tb159)Di"",""pERK1/2"":""(Yb173)Di"",""pIKAROS"":""(Gd155)Di"",""pPLCγ2"":""(Pr141)Di"",""pS6"":""(Yb172)Di"",""pSTAT5"":""(Nd150)Di"",""pSYK"":""(Er166)Di""}","{""p4EBP1"":""p4EBP1"",""pAKT"":""pAkt"",""pERK1/2"":""pErk"",""pIKAROS"":""pIkaros"",""pPLCγ2"":""pPLCg1_2"",""pS6"":""pS6"",""pSTAT5"":""pSTAT5"",""pSYK"":""pSyk""}"
32,UPN49,diagnostic_UPN_sample_label,0,Basal,baseline,UPN49_Basal.fcs,UPN49_Basal.fcs,7787c78f09da7db2a18b76712b519a21d96baf6824e041e84a0d5abd57d5e463,13180127,62154,53,F,"4,3,2,1",L,58,3428,3469,13180117,a437c3f9ec13a44b820d107f57d10c5918d6b961376f3087fba77a47cac5a491,Yb176_group,"{""p4EBP1"":17,""pAKT"":32,""pERK1/2"":46,""pIKAROS"":28,""pPLCγ2"":14,""pS6"":45,""pSTAT5"":23,""pSYK"":39}","{""p4EBP1"":""(Nd144)Di"",""pAKT"":""(Tb159)Di"",""pERK1/2"":""(Yb173)Di"",""pIKAROS"":""(Gd155)Di"",""pPLCγ2"":""(Pr141)Di"",""pS6"":""(Yb172)Di"",""pSTAT5"":""(Nd150)Di"",""pSYK"":""(Er166)Di""}","{""p4EBP1"":""p4EBP1"",""pAKT"":""pAkt"",""pERK1/2"":""pErk"",""pIKAROS"":""pIkaros"",""pPLCγ2"":""pPLCg1_2"",""pS6"":""pS6"",""pSTAT5"":""pSTAT5"",""pSYK"":""pSyk""}"
32,UPN49,diagnostic_UPN_sample_label,1,BCR-Crosslink,target,UPN49_BCR-Crosslink.fcs,UPN49_BCR-Crosslink.fcs,cced74154207644f8f805ee3f88eae973a7a609c4afa68f5a6e36b400db43467,12826510,60486,53,F,"4,3,2,1",L,58,3427,3468,12826500,a437c3f9ec13a44b820d107f57d10c5918d6b961376f3087fba77a47cac5a491,Yb176_group,"{""p4EBP1"":17,""pAKT"":32,""pERK1/2"":46,""pIKAROS"":28,""pPLCγ2"":14,""pS6"":45,""pSTAT5"":23,""pSYK"":39}","{""p4EBP1"":""(Nd144)Di"",""pAKT"":""(Tb159)Di"",""pERK1/2"":""(Yb173)Di"",""pIKAROS"":""(Gd155)Di"",""pPLCγ2"":""(Pr141)Di"",""pS6"":""(Yb172)Di"",""pSTAT5"":""(Nd150)Di"",""pSYK"":""(Er166)Di""}","{""p4EBP1"":""p4EBP1"",""pAKT"":""pAkt"",""pERK1/2"":""pErk"",""pIKAROS"":""pIkaros"",""pPLCγ2"":""pPLCg1_2"",""pS6"":""pS6"",""pSTAT5"":""pSTAT5"",""pSYK"":""pSyk""}"
32,UPN49,diagnostic_UPN_sample_label,2,BEZ-235,target,UPN49_BEZ-235.fcs,UPN49_BEZ-235.fcs,723b2263c5641cd1eeca39a19c8dde6ba6d908ac01d651541799241fb7219f3e,13207476,62283,53,F,"4,3,2,1",L,58,3429,3470,13207466,a437c3f9ec13a44b820d107f57d10c5918d6b961376f3087fba77a47cac5a491,Yb176_group,"{""p4EBP1"":17,""pAKT"":32,""pERK1/2"":46,""pIKAROS"":28,""pPLCγ2"":14,""pS6"":45,""pSTAT5"":23,""pSYK"":39}","{""p4EBP1"":""(Nd144)Di"",""pAKT"":""(Tb159)Di"",""pERK1/2"":""(Yb173)Di"",""pIKAROS"":""(Gd155)Di"",""pPLCγ2"":""(Pr141)Di"",""pS6"":""(Yb172)Di"",""pSTAT5"":""(Nd150)Di"",""pSYK"":""(Er166)Di""}","{""p4EBP1"":""p4EBP1"",""pAKT"":""pAkt"",""pERK1/2"":""pErk"",""pIKAROS"":""pIkaros"",""pPLCγ2"":""pPLCg1_2"",""pS6"":""pS6"",""pSTAT5"":""pSTAT5"",""pSYK"":""pSyk""}"
32,UPN49,diagnostic_UPN_sample_label,3,Dasatinib,target,UPN49_Dasatinib.fcs,UPN49_Dasatinib.fcs,c18850484b55c08ffd3ab8e734c18d8a7f3af7728301546904cd317e8b2901b0,11646940,54922,53,F,"4,3,2,1",L,58,3425,3466,11646930,a437c3f9ec13a44b820d107f57d10c5918d6b961376f3087fba77a47cac5a491,Yb176_group,"{""p4EBP1"":17,""pAKT"":32,""pERK1/2"":46,""pIKAROS"":28,""pPLCγ2"":14,""pS6"":45,""pSTAT5"":23,""pSYK"":39}","{""p4EBP1"":""(Nd144)Di"",""pAKT"":""(Tb159)Di"",""pERK1/2"":""(Yb173)Di"",""pIKAROS"":""(Gd155)Di"",""pPLCγ2"":""(Pr141)Di"",""pS6"":""(Yb172)Di"",""pSTAT5"":""(Nd150)Di"",""pSYK"":""(Er166)Di""}","{""p4EBP1"":""p4EBP1"",""pAKT"":""pAkt"",""pERK1/2"":""pErk"",""pIKAROS"":""pIkaros"",""pPLCγ2"":""pPLCg1_2"",""pS6"":""pS6"",""pSTAT5"":""pSTAT5"",""pSYK"":""pSyk""}"
32,UPN49,diagnostic_UPN_sample_label,4,IL-7,target,UPN49_IL-7.fcs,UPN49_IL-7.fcs,d119376ec9f531306e843fd85f31b66ff89f1c54c6dd47d681217985e479335f,13237152,62423,53,F,"4,3,2,1",L,58,3425,3466,13237142,a437c3f9ec13a44b820d107f57d10c5918d6b961376f3087fba77a47cac5a491,Yb176_group,"{""p4EBP1"":17,""pAKT"":32,""pERK1/2"":46,""pIKAROS"":28,""pPLCγ2"":14,""pS6"":45,""pSTAT5"":23,""pSYK"":39}","{""p4EBP1"":""(Nd144)Di"",""pAKT"":""(Tb159)Di"",""pERK1/2"":""(Yb173)Di"",""pIKAROS"":""(Gd155)Di"",""pPLCγ2"":""(Pr141)Di"",""pS6"":""(Yb172)Di"",""pSTAT5"":""(Nd150)Di"",""pSYK"":""(Er166)Di""}","{""p4EBP1"":""p4EBP1"",""pAKT"":""pAkt"",""pERK1/2"":""pErk"",""pIKAROS"":""pIkaros"",""pPLCγ2"":""pPLCg1_2"",""pS6"":""pS6"",""pSTAT5"":""pSTAT5"",""pSYK"":""pSyk""}"
32,UPN49,diagnostic_UPN_sample_label,5,Pervanadate,target,UPN49_Pervanadate.fcs,UPN49_Pervanadate.fcs,d5bd338804c97dee5f4a4a26d54811d847057e328386ceb477c4a73b3df79b2d,11066490,52184,53,F,"4,3,2,1",L,58,3431,3472,11066480,a437c3f9ec13a44b820d107f57d10c5918d6b961376f3087fba77a47cac5a491,Yb176_group,"{""p4EBP1"":17,""pAKT"":32,""pERK1/2"":46,""pIKAROS"":28,""pPLCγ2"":14,""pS6"":45,""pSTAT5"":23,""pSYK"":39}","{""p4EBP1"":""(Nd144)Di"",""pAKT"":""(Tb159)Di"",""pERK1/2"":""(Yb173)Di"",""pIKAROS"":""(Gd155)Di"",""pPLCγ2"":""(Pr141)Di"",""pS6"":""(Yb172)Di"",""pSTAT5"":""(Nd150)Di"",""pSYK"":""(Er166)Di""}","{""p4EBP1"":""p4EBP1"",""pAKT"":""pAkt"",""pERK1/2"":""pErk"",""pIKAROS"":""pIkaros"",""pPLCγ2"":""pPLCg1_2"",""pS6"":""pS6"",""pSTAT5"":""pSTAT5"",""pSYK"":""pSyk""}"
32,UPN49,diagnostic_UPN_sample_label,6,TSLP,target,UPN49_TSLP.fcs,UPN49_TSLP.fcs,09f706404d0112d094a96d8a0ae41ce697c26da527da6bac5f5aa53debadc296,13366476,63033,53,F,"4,3,2,1",L,58,3429,3470,13366466,a437c3f9ec13a44b820d107f57d10c5918d6b961376f3087fba77a47cac5a491,Yb176_group,"{""p4EBP1"":17,""pAKT"":32,""pERK1/2"":46,""pIKAROS"":28,""pPLCγ2"":14,""pS6"":45,""pSTAT5"":23,""pSYK"":39}","{""p4EBP1"":""(Nd144)Di"",""pAKT"":""(Tb159)Di"",""pERK1/2"":""(Yb173)Di"",""pIKAROS"":""(Gd155)Di"",""pPLCγ2"":""(Pr141)Di"",""pS6"":""(Yb172)Di"",""pSTAT5"":""(Nd150)Di"",""pSYK"":""(Er166)Di""}","{""p4EBP1"":""p4EBP1"",""pAKT"":""pAkt"",""pERK1/2"":""pErk"",""pIKAROS"":""pIkaros"",""pPLCγ2"":""pPLCg1_2"",""pS6"":""pS6"",""pSTAT5"":""pSTAT5"",""pSYK"":""pSyk""}"
32,UPN49,diagnostic_UPN_sample_label,7,Tofacitinib,target,UPN49_Tofacitinib.fcs,UPN49_Tofacitinib.fcs,6c12248459cb3d298146a8a6dcd9f88b465afa147336f3cae2650e9d087506cb,10714344,50523,53,F,"4,3,2,1",L,58,3417,3458,10714334,a437c3f9ec13a44b820d107f57d10c5918d6b961376f3087fba77a47cac5a491,Yb176_group,"{""p4EBP1"":17,""pAKT"":32,""pERK1/2"":46,""pIKAROS"":28,""pPLCγ2"":14,""pS6"":45,""pSTAT5"":23,""pSYK"":39}","{""p4EBP1"":""(Nd144)Di"",""pAKT"":""(Tb159)Di"",""pERK1/2"":""(Yb173)Di"",""pIKAROS"":""(Gd155)Di"",""pPLCγ2"":""(Pr141)Di"",""pS6"":""(Yb172)Di"",""pSTAT5"":""(Nd150)Di"",""pSYK"":""(Er166)Di""}","{""p4EBP1"":""p4EBP1"",""pAKT"":""pAkt"",""pERK1/2"":""pErk"",""pIKAROS"":""pIkaros"",""pPLCγ2"":""pPLCg1_2"",""pS6"":""pS6"",""pSTAT5"":""pSTAT5"",""pSYK"":""pSyk""}"
33,UPN50,diagnostic_UPN_sample_label,0,Basal,baseline,UPN50_Basal.fcs,UPN50_Basal.fcs,8eb0dbd314e3ca4578a2c5fe695ab38b3a9cee3ad20e310c7a868ab85d94b1c6,9721557,45840,53,F,"4,3,2,1",L,58,3426,3467,9721547,a437c3f9ec13a44b820d107f57d10c5918d6b961376f3087fba77a47cac5a491,Yb176_group,"{""p4EBP1"":17,""pAKT"":32,""pERK1/2"":46,""pIKAROS"":28,""pPLCγ2"":14,""pS6"":45,""pSTAT5"":23,""pSYK"":39}","{""p4EBP1"":""(Nd144)Di"",""pAKT"":""(Tb159)Di"",""pERK1/2"":""(Yb173)Di"",""pIKAROS"":""(Gd155)Di"",""pPLCγ2"":""(Pr141)Di"",""pS6"":""(Yb172)Di"",""pSTAT5"":""(Nd150)Di"",""pSYK"":""(Er166)Di""}","{""p4EBP1"":""p4EBP1"",""pAKT"":""pAkt"",""pERK1/2"":""pErk"",""pIKAROS"":""pIkaros"",""pPLCγ2"":""pPLCg1_2"",""pS6"":""pS6"",""pSTAT5"":""pSTAT5"",""pSYK"":""pSyk""}"
33,UPN50,diagnostic_UPN_sample_label,1,BCR-Crosslink,target,UPN50_BCR-Crosslink.fcs,UPN50_BCR-Crosslink.fcs,b336511874851518433a23651b77743147dce22cf8a391159cdfd1fe315d7bb5,11419675,53850,53,F,"4,3,2,1",L,58,3424,3465,11419665,a437c3f9ec13a44b820d107f57d10c5918d6b961376f3087fba77a47cac5a491,Yb176_group,"{""p4EBP1"":17,""pAKT"":32,""pERK1/2"":46,""pIKAROS"":28,""pPLCγ2"":14,""pS6"":45,""pSTAT5"":23,""pSYK"":39}","{""p4EBP1"":""(Nd144)Di"",""pAKT"":""(Tb159)Di"",""pERK1/2"":""(Yb173)Di"",""pIKAROS"":""(Gd155)Di"",""pPLCγ2"":""(Pr141)Di"",""pS6"":""(Yb172)Di"",""pSTAT5"":""(Nd150)Di"",""pSYK"":""(Er166)Di""}","{""p4EBP1"":""p4EBP1"",""pAKT"":""pAkt"",""pERK1/2"":""pErk"",""pIKAROS"":""pIkaros"",""pPLCγ2"":""pPLCg1_2"",""pS6"":""pS6"",""pSTAT5"":""pSTAT5"",""pSYK"":""pSyk""}"
33,UPN50,diagnostic_UPN_sample_label,2,BEZ-235,target,UPN50_BEZ-235.fcs,UPN50_BEZ-235.fcs,640c4d7782e7a46a79ecb0e929cc9ecd0536befd39a26771e7f914e740cab1ee,11021121,51970,53,F,"4,3,2,1",L,58,3430,3471,11021111,a437c3f9ec13a44b820d107f57d10c5918d6b961376f3087fba77a47cac5a491,Yb176_group,"{""p4EBP1"":17,""pAKT"":32,""pERK1/2"":46,""pIKAROS"":28,""pPLCγ2"":14,""pS6"":45,""pSTAT5"":23,""pSYK"":39}","{""p4EBP1"":""(Nd144)Di"",""pAKT"":""(Tb159)Di"",""pERK1/2"":""(Yb173)Di"",""pIKAROS"":""(Gd155)Di"",""pPLCγ2"":""(Pr141)Di"",""pS6"":""(Yb172)Di"",""pSTAT5"":""(Nd150)Di"",""pSYK"":""(Er166)Di""}","{""p4EBP1"":""p4EBP1"",""pAKT"":""pAkt"",""pERK1/2"":""pErk"",""pIKAROS"":""pIkaros"",""pPLCγ2"":""pPLCg1_2"",""pS6"":""pS6"",""pSTAT5"":""pSTAT5"",""pSYK"":""pSyk""}"
33,UPN50,diagnostic_UPN_sample_label,3,Dasatinib,target,UPN50_Dasatinib.fcs,UPN50_Dasatinib.fcs,2c2869db242fae2b3cd2a7234ed31b478cd3cc3ff08a9f4a4a4c0343d7b00142,10179475,48000,53,F,"4,3,2,1",L,58,3424,3465,10179465,a437c3f9ec13a44b820d107f57d10c5918d6b961376f3087fba77a47cac5a491,Yb176_group,"{""p4EBP1"":17,""pAKT"":32,""pERK1/2"":46,""pIKAROS"":28,""pPLCγ2"":14,""pS6"":45,""pSTAT5"":23,""pSYK"":39}","{""p4EBP1"":""(Nd144)Di"",""pAKT"":""(Tb159)Di"",""pERK1/2"":""(Yb173)Di"",""pIKAROS"":""(Gd155)Di"",""pPLCγ2"":""(Pr141)Di"",""pS6"":""(Yb172)Di"",""pSTAT5"":""(Nd150)Di"",""pSYK"":""(Er166)Di""}","{""p4EBP1"":""p4EBP1"",""pAKT"":""pAkt"",""pERK1/2"":""pErk"",""pIKAROS"":""pIkaros"",""pPLCγ2"":""pPLCg1_2"",""pS6"":""pS6"",""pSTAT5"":""pSTAT5"",""pSYK"":""pSyk""}"
33,UPN50,diagnostic_UPN_sample_label,4,IL-7,target,UPN50_IL-7.fcs,UPN50_IL-7.fcs,4a499963d4399dbf76834bf85050ca6a14b6ad62ebe6d62160c068209b1a2d9d,11023662,51982,53,F,"4,3,2,1",L,58,3427,3468,11023652,a437c3f9ec13a44b820d107f57d10c5918d6b961376f3087fba77a47cac5a491,Yb176_group,"{""p4EBP1"":17,""pAKT"":32,""pERK1/2"":46,""pIKAROS"":28,""pPLCγ2"":14,""pS6"":45,""pSTAT5"":23,""pSYK"":39}","{""p4EBP1"":""(Nd144)Di"",""pAKT"":""(Tb159)Di"",""pERK1/2"":""(Yb173)Di"",""pIKAROS"":""(Gd155)Di"",""pPLCγ2"":""(Pr141)Di"",""pS6"":""(Yb172)Di"",""pSTAT5"":""(Nd150)Di"",""pSYK"":""(Er166)Di""}","{""p4EBP1"":""p4EBP1"",""pAKT"":""pAkt"",""pERK1/2"":""pErk"",""pIKAROS"":""pIkaros"",""pPLCγ2"":""pPLCg1_2"",""pS6"":""pS6"",""pSTAT5"":""pSTAT5"",""pSYK"":""pSyk""}"
33,UPN50,diagnostic_UPN_sample_label,5,Pervanadate,target,UPN50_Pervanadate.fcs,UPN50_Pervanadate.fcs,15941a9e6866087395b2da4b574e00617a0dfa1e86376df45c648ea4981091fa,11112282,52400,53,F,"4,3,2,1",L,58,3431,3472,11112272,a437c3f9ec13a44b820d107f57d10c5918d6b961376f3087fba77a47cac5a491,Yb176_group,"{""p4EBP1"":17,""pAKT"":32,""pERK1/2"":46,""pIKAROS"":28,""pPLCγ2"":14,""pS6"":45,""pSTAT5"":23,""pSYK"":39}","{""p4EBP1"":""(Nd144)Di"",""pAKT"":""(Tb159)Di"",""pERK1/2"":""(Yb173)Di"",""pIKAROS"":""(Gd155)Di"",""pPLCγ2"":""(Pr141)Di"",""pS6"":""(Yb172)Di"",""pSTAT5"":""(Nd150)Di"",""pSYK"":""(Er166)Di""}","{""p4EBP1"":""p4EBP1"",""pAKT"":""pAkt"",""pERK1/2"":""pErk"",""pIKAROS"":""pIkaros"",""pPLCγ2"":""pPLCg1_2"",""pS6"":""pS6"",""pSTAT5"":""pSTAT5"",""pSYK"":""pSyk""}"
33,UPN50,diagnostic_UPN_sample_label,6,TSLP,target,UPN50_TSLP.fcs,UPN50_TSLP.fcs,82f1d19428d8c1c06812cda5b7101464926fd67ed4e20817d14bcd34a9d559c2,8881398,41877,53,F,"4,3,2,1",L,58,3423,3464,8881388,a437c3f9ec13a44b820d107f57d10c5918d6b961376f3087fba77a47cac5a491,Yb176_group,"{""p4EBP1"":17,""pAKT"":32,""pERK1/2"":46,""pIKAROS"":28,""pPLCγ2"":14,""pS6"":45,""pSTAT5"":23,""pSYK"":39}","{""p4EBP1"":""(Nd144)Di"",""pAKT"":""(Tb159)Di"",""pERK1/2"":""(Yb173)Di"",""pIKAROS"":""(Gd155)Di"",""pPLCγ2"":""(Pr141)Di"",""pS6"":""(Yb172)Di"",""pSTAT5"":""(Nd150)Di"",""pSYK"":""(Er166)Di""}","{""p4EBP1"":""p4EBP1"",""pAKT"":""pAkt"",""pERK1/2"":""pErk"",""pIKAROS"":""pIkaros"",""pPLCγ2"":""pPLCg1_2"",""pS6"":""pS6"",""pSTAT5"":""pSTAT5"",""pSYK"":""pSyk""}"
33,UPN50,diagnostic_UPN_sample_label,7,Tofacitinib,target,UPN50_Tofacitinib.fcs,UPN50_Tofacitinib.fcs,e944df4b19fbc475a79a79068ed55c3d6c2cac92e9ba42f541d89a6a916e92de,9113326,42971,53,F,"4,3,2,1",L,58,3423,3464,9113316,a437c3f9ec13a44b820d107f57d10c5918d6b961376f3087fba77a47cac5a491,Yb176_group,"{""p4EBP1"":17,""pAKT"":32,""pERK1/2"":46,""pIKAROS"":28,""pPLCγ2"":14,""pS6"":45,""pSTAT5"":23,""pSYK"":39}","{""p4EBP1"":""(Nd144)Di"",""pAKT"":""(Tb159)Di"",""pERK1/2"":""(Yb173)Di"",""pIKAROS"":""(Gd155)Di"",""pPLCγ2"":""(Pr141)Di"",""pS6"":""(Yb172)Di"",""pSTAT5"":""(Nd150)Di"",""pSYK"":""(Er166)Di""}","{""p4EBP1"":""p4EBP1"",""pAKT"":""pAkt"",""pERK1/2"":""pErk"",""pIKAROS"":""pIkaros"",""pPLCγ2"":""pPLCg1_2"",""pS6"":""pS6"",""pSTAT5"":""pSTAT5"",""pSYK"":""pSyk""}"
34,UPN51,diagnostic_UPN_sample_label,0,Basal,baseline,UPN51_Basal.fcs,UPN51_Basal.fcs,0aa81ec4b2d60db1e83f53ccd180021b691c85b3db1a05f9b0d925cc1d611709,8313876,39200,53,F,"4,3,2,1",L,58,3425,3466,8313866,a437c3f9ec13a44b820d107f57d10c5918d6b961376f3087fba77a47cac5a491,Yb176_group,"{""p4EBP1"":17,""pAKT"":32,""pERK1/2"":46,""pIKAROS"":28,""pPLCγ2"":14,""pS6"":45,""pSTAT5"":23,""pSYK"":39}","{""p4EBP1"":""(Nd144)Di"",""pAKT"":""(Tb159)Di"",""pERK1/2"":""(Yb173)Di"",""pIKAROS"":""(Gd155)Di"",""pPLCγ2"":""(Pr141)Di"",""pS6"":""(Yb172)Di"",""pSTAT5"":""(Nd150)Di"",""pSYK"":""(Er166)Di""}","{""p4EBP1"":""p4EBP1"",""pAKT"":""pAkt"",""pERK1/2"":""pErk"",""pIKAROS"":""pIkaros"",""pPLCγ2"":""pPLCg1_2"",""pS6"":""pS6"",""pSTAT5"":""pSTAT5"",""pSYK"":""pSyk""}"
34,UPN51,diagnostic_UPN_sample_label,1,BCR-Crosslink,target,UPN51_BCR-Crosslink.fcs,UPN51_BCR-Crosslink.fcs,b9904c7527648dcbaa5ca254586215aafe21bb1113c16e3440a6fe634eeb7928,7790868,36733,53,F,"4,3,2,1",L,58,3421,3462,7790858,a437c3f9ec13a44b820d107f57d10c5918d6b961376f3087fba77a47cac5a491,Yb176_group,"{""p4EBP1"":17,""pAKT"":32,""pERK1/2"":46,""pIKAROS"":28,""pPLCγ2"":14,""pS6"":45,""pSTAT5"":23,""pSYK"":39}","{""p4EBP1"":""(Nd144)Di"",""pAKT"":""(Tb159)Di"",""pERK1/2"":""(Yb173)Di"",""pIKAROS"":""(Gd155)Di"",""pPLCγ2"":""(Pr141)Di"",""pS6"":""(Yb172)Di"",""pSTAT5"":""(Nd150)Di"",""pSYK"":""(Er166)Di""}","{""p4EBP1"":""p4EBP1"",""pAKT"":""pAkt"",""pERK1/2"":""pErk"",""pIKAROS"":""pIkaros"",""pPLCγ2"":""pPLCg1_2"",""pS6"":""pS6"",""pSTAT5"":""pSTAT5"",""pSYK"":""pSyk""}"
34,UPN51,diagnostic_UPN_sample_label,2,BEZ-235,target,UPN51_BEZ-235.fcs,UPN51_BEZ-235.fcs,dc27550e633c61b8d988af8f1281a68a95172273a123d5565b66608eda92f7d0,8621907,40653,53,F,"4,3,2,1",L,58,3420,3461,8621897,a437c3f9ec13a44b820d107f57d10c5918d6b961376f3087fba77a47cac5a491,Yb176_group,"{""p4EBP1"":17,""pAKT"":32,""pERK1/2"":46,""pIKAROS"":28,""pPLCγ2"":14,""pS6"":45,""pSTAT5"":23,""pSYK"":39}","{""p4EBP1"":""(Nd144)Di"",""pAKT"":""(Tb159)Di"",""pERK1/2"":""(Yb173)Di"",""pIKAROS"":""(Gd155)Di"",""pPLCγ2"":""(Pr141)Di"",""pS6"":""(Yb172)Di"",""pSTAT5"":""(Nd150)Di"",""pSYK"":""(Er166)Di""}","{""p4EBP1"":""p4EBP1"",""pAKT"":""pAkt"",""pERK1/2"":""pErk"",""pIKAROS"":""pIkaros"",""pPLCγ2"":""pPLCg1_2"",""pS6"":""pS6"",""pSTAT5"":""pSTAT5"",""pSYK"":""pSyk""}"
34,UPN51,diagnostic_UPN_sample_label,3,Dasatinib,target,UPN51_Dasatinib.fcs,UPN51_Dasatinib.fcs,71e3898903edf9c26a08c14499fac096416f724e26c9f6ff09415cb243d9aab2,6776442,31948,53,F,"4,3,2,1",L,58,3415,3456,6776432,a437c3f9ec13a44b820d107f57d10c5918d6b961376f3087fba77a47cac5a491,Yb176_group,"{""p4EBP1"":17,""pAKT"":32,""pERK1/2"":46,""pIKAROS"":28,""pPLCγ2"":14,""pS6"":45,""pSTAT5"":23,""pSYK"":39}","{""p4EBP1"":""(Nd144)Di"",""pAKT"":""(Tb159)Di"",""pERK1/2"":""(Yb173)Di"",""pIKAROS"":""(Gd155)Di"",""pPLCγ2"":""(Pr141)Di"",""pS6"":""(Yb172)Di"",""pSTAT5"":""(Nd150)Di"",""pSYK"":""(Er166)Di""}","{""p4EBP1"":""p4EBP1"",""pAKT"":""pAkt"",""pERK1/2"":""pErk"",""pIKAROS"":""pIkaros"",""pPLCγ2"":""pPLCg1_2"",""pS6"":""pS6"",""pSTAT5"":""pSTAT5"",""pSYK"":""pSyk""}"
34,UPN51,diagnostic_UPN_sample_label,4,IL-7,target,UPN51_IL-7.fcs,UPN51_IL-7.fcs,e7c3295c8faa4af9cc1e08af5564f7ea0035cec96a58060825df80e8617d8335,9032344,42589,53,F,"4,3,2,1",L,58,3425,3466,9032334,a437c3f9ec13a44b820d107f57d10c5918d6b961376f3087fba77a47cac5a491,Yb176_group,"{""p4EBP1"":17,""pAKT"":32,""pERK1/2"":46,""pIKAROS"":28,""pPLCγ2"":14,""pS6"":45,""pSTAT5"":23,""pSYK"":39}","{""p4EBP1"":""(Nd144)Di"",""pAKT"":""(Tb159)Di"",""pERK1/2"":""(Yb173)Di"",""pIKAROS"":""(Gd155)Di"",""pPLCγ2"":""(Pr141)Di"",""pS6"":""(Yb172)Di"",""pSTAT5"":""(Nd150)Di"",""pSYK"":""(Er166)Di""}","{""p4EBP1"":""p4EBP1"",""pAKT"":""pAkt"",""pERK1/2"":""pErk"",""pIKAROS"":""pIkaros"",""pPLCγ2"":""pPLCg1_2"",""pS6"":""pS6"",""pSTAT5"":""pSTAT5"",""pSYK"":""pSyk""}"
34,UPN51,diagnostic_UPN_sample_label,5,Pervanadate,target,UPN51_Pervanadate.fcs,UPN51_Pervanadate.fcs,4391f79ec6a1e7624fc15c76b9853b55f3a7efb9645c1bc68d5c34f4941b92c6,8357548,39406,53,F,"4,3,2,1",L,58,3425,3466,8357538,a437c3f9ec13a44b820d107f57d10c5918d6b961376f3087fba77a47cac5a491,Yb176_group,"{""p4EBP1"":17,""pAKT"":32,""pERK1/2"":46,""pIKAROS"":28,""pPLCγ2"":14,""pS6"":45,""pSTAT5"":23,""pSYK"":39}","{""p4EBP1"":""(Nd144)Di"",""pAKT"":""(Tb159)Di"",""pERK1/2"":""(Yb173)Di"",""pIKAROS"":""(Gd155)Di"",""pPLCγ2"":""(Pr141)Di"",""pS6"":""(Yb172)Di"",""pSTAT5"":""(Nd150)Di"",""pSYK"":""(Er166)Di""}","{""p4EBP1"":""p4EBP1"",""pAKT"":""pAkt"",""pERK1/2"":""pErk"",""pIKAROS"":""pIkaros"",""pPLCγ2"":""pPLCg1_2"",""pS6"":""pS6"",""pSTAT5"":""pSTAT5"",""pSYK"":""pSyk""}"
34,UPN51,diagnostic_UPN_sample_label,6,TSLP,target,UPN51_TSLP.fcs,UPN51_TSLP.fcs,c2d3a20ee17df284a213c7c4483a1f1da9807b820467769cbda6d8064d68b133,6680625,31496,53,F,"4,3,2,1",L,58,3422,3463,6680615,a437c3f9ec13a44b820d107f57d10c5918d6b961376f3087fba77a47cac5a491,Yb176_group,"{""p4EBP1"":17,""pAKT"":32,""pERK1/2"":46,""pIKAROS"":28,""pPLCγ2"":14,""pS6"":45,""pSTAT5"":23,""pSYK"":39}","{""p4EBP1"":""(Nd144)Di"",""pAKT"":""(Tb159)Di"",""pERK1/2"":""(Yb173)Di"",""pIKAROS"":""(Gd155)Di"",""pPLCγ2"":""(Pr141)Di"",""pS6"":""(Yb172)Di"",""pSTAT5"":""(Nd150)Di"",""pSYK"":""(Er166)Di""}","{""p4EBP1"":""p4EBP1"",""pAKT"":""pAkt"",""pERK1/2"":""pErk"",""pIKAROS"":""pIkaros"",""pPLCγ2"":""pPLCg1_2"",""pS6"":""pS6"",""pSTAT5"":""pSTAT5"",""pSYK"":""pSyk""}"
34,UPN51,diagnostic_UPN_sample_label,7,Tofacitinib,target,UPN51_Tofacitinib.fcs,UPN51_Tofacitinib.fcs,4285ec48e315f7501bed30dbb3d2a077506d554f5bb01cea3e9726c9b766cf89,7715188,36376,53,F,"4,3,2,1",L,58,3425,3466,7715178,a437c3f9ec13a44b820d107f57d10c5918d6b961376f3087fba77a47cac5a491,Yb176_group,"{""p4EBP1"":17,""pAKT"":32,""pERK1/2"":46,""pIKAROS"":28,""pPLCγ2"":14,""pS6"":45,""pSTAT5"":23,""pSYK"":39}","{""p4EBP1"":""(Nd144)Di"",""pAKT"":""(Tb159)Di"",""pERK1/2"":""(Yb173)Di"",""pIKAROS"":""(Gd155)Di"",""pPLCγ2"":""(Pr141)Di"",""pS6"":""(Yb172)Di"",""pSTAT5"":""(Nd150)Di"",""pSYK"":""(Er166)Di""}","{""p4EBP1"":""p4EBP1"",""pAKT"":""pAkt"",""pERK1/2"":""pErk"",""pIKAROS"":""pIkaros"",""pPLCγ2"":""pPLCg1_2"",""pS6"":""pS6"",""pSTAT5"":""pSTAT5"",""pSYK"":""pSyk""}"
35,UPN52,diagnostic_UPN_sample_label,0,Basal,baseline,UPN52_Basal.fcs,UPN52_Basal.fcs,58aebb84ab52c5937333b13d96b84f1ac3a7b55d109363a574b5b760e29163cc,9865722,46520,53,F,"4,3,2,1",L,58,3431,3472,9865712,a437c3f9ec13a44b820d107f57d10c5918d6b961376f3087fba77a47cac5a491,Yb176_group,"{""p4EBP1"":17,""pAKT"":32,""pERK1/2"":46,""pIKAROS"":28,""pPLCγ2"":14,""pS6"":45,""pSTAT5"":23,""pSYK"":39}","{""p4EBP1"":""(Nd144)Di"",""pAKT"":""(Tb159)Di"",""pERK1/2"":""(Yb173)Di"",""pIKAROS"":""(Gd155)Di"",""pPLCγ2"":""(Pr141)Di"",""pS6"":""(Yb172)Di"",""pSTAT5"":""(Nd150)Di"",""pSYK"":""(Er166)Di""}","{""p4EBP1"":""p4EBP1"",""pAKT"":""pAkt"",""pERK1/2"":""pErk"",""pIKAROS"":""pIkaros"",""pPLCγ2"":""pPLCg1_2"",""pS6"":""pS6"",""pSTAT5"":""pSTAT5"",""pSYK"":""pSyk""}"
35,UPN52,diagnostic_UPN_sample_label,1,BCR-Crosslink,target,UPN52_BCR-Crosslink.fcs,UPN52_BCR-Crosslink.fcs,f0217e916975e49dd2f564fbc3a46e7a698b30898398c1fa8ab341065bcabb74,9007758,42473,53,F,"4,3,2,1",L,58,3431,3472,9007748,a437c3f9ec13a44b820d107f57d10c5918d6b961376f3087fba77a47cac5a491,Yb176_group,"{""p4EBP1"":17,""pAKT"":32,""pERK1/2"":46,""pIKAROS"":28,""pPLCγ2"":14,""pS6"":45,""pSTAT5"":23,""pSYK"":39}","{""p4EBP1"":""(Nd144)Di"",""pAKT"":""(Tb159)Di"",""pERK1/2"":""(Yb173)Di"",""pIKAROS"":""(Gd155)Di"",""pPLCγ2"":""(Pr141)Di"",""pS6"":""(Yb172)Di"",""pSTAT5"":""(Nd150)Di"",""pSYK"":""(Er166)Di""}","{""p4EBP1"":""p4EBP1"",""pAKT"":""pAkt"",""pERK1/2"":""pErk"",""pIKAROS"":""pIkaros"",""pPLCγ2"":""pPLCg1_2"",""pS6"":""pS6"",""pSTAT5"":""pSTAT5"",""pSYK"":""pSyk""}"
35,UPN52,diagnostic_UPN_sample_label,2,BEZ-235,target,UPN52_BEZ-235.fcs,UPN52_BEZ-235.fcs,992aee6e3399151f3d9d63ea68d040f9f7351d23e321f6f37e1ee584862c1575,9650329,45504,53,F,"4,3,2,1",L,58,3430,3471,9650319,a437c3f9ec13a44b820d107f57d10c5918d6b961376f3087fba77a47cac5a491,Yb176_group,"{""p4EBP1"":17,""pAKT"":32,""pERK1/2"":46,""pIKAROS"":28,""pPLCγ2"":14,""pS6"":45,""pSTAT5"":23,""pSYK"":39}","{""p4EBP1"":""(Nd144)Di"",""pAKT"":""(Tb159)Di"",""pERK1/2"":""(Yb173)Di"",""pIKAROS"":""(Gd155)Di"",""pPLCγ2"":""(Pr141)Di"",""pS6"":""(Yb172)Di"",""pSTAT5"":""(Nd150)Di"",""pSYK"":""(Er166)Di""}","{""p4EBP1"":""p4EBP1"",""pAKT"":""pAkt"",""pERK1/2"":""pErk"",""pIKAROS"":""pIkaros"",""pPLCγ2"":""pPLCg1_2"",""pS6"":""pS6"",""pSTAT5"":""pSTAT5"",""pSYK"":""pSyk""}"
35,UPN52,diagnostic_UPN_sample_label,3,Dasatinib,target,UPN52_Dasatinib.fcs,UPN52_Dasatinib.fcs,676eafeb28b59410189bb4917dd87281ad9a14b2ba3dd9ea8f7930a08fde127a,9806353,46240,53,F,"4,3,2,1",L,58,3422,3463,9806343,a437c3f9ec13a44b820d107f57d10c5918d6b961376f3087fba77a47cac5a491,Yb176_group,"{""p4EBP1"":17,""pAKT"":32,""pERK1/2"":46,""pIKAROS"":28,""pPLCγ2"":14,""pS6"":45,""pSTAT5"":23,""pSYK"":39}","{""p4EBP1"":""(Nd144)Di"",""pAKT"":""(Tb159)Di"",""pERK1/2"":""(Yb173)Di"",""pIKAROS"":""(Gd155)Di"",""pPLCγ2"":""(Pr141)Di"",""pS6"":""(Yb172)Di"",""pSTAT5"":""(Nd150)Di"",""pSYK"":""(Er166)Di""}","{""p4EBP1"":""p4EBP1"",""pAKT"":""pAkt"",""pERK1/2"":""pErk"",""pIKAROS"":""pIkaros"",""pPLCγ2"":""pPLCg1_2"",""pS6"":""pS6"",""pSTAT5"":""pSTAT5"",""pSYK"":""pSyk""}"
35,UPN52,diagnostic_UPN_sample_label,4,IL-7,target,UPN52_IL-7.fcs,UPN52_IL-7.fcs,dc82865c21e1d88e64b56c7636dfcda5488872fb1cc3f38e5dc08b015f4908bf,8542840,40280,53,F,"4,3,2,1",L,58,3429,3470,8542830,a437c3f9ec13a44b820d107f57d10c5918d6b961376f3087fba77a47cac5a491,Yb176_group,"{""p4EBP1"":17,""pAKT"":32,""pERK1/2"":46,""pIKAROS"":28,""pPLCγ2"":14,""pS6"":45,""pSTAT5"":23,""pSYK"":39}","{""p4EBP1"":""(Nd144)Di"",""pAKT"":""(Tb159)Di"",""pERK1/2"":""(Yb173)Di"",""pIKAROS"":""(Gd155)Di"",""pPLCγ2"":""(Pr141)Di"",""pS6"":""(Yb172)Di"",""pSTAT5"":""(Nd150)Di"",""pSYK"":""(Er166)Di""}","{""p4EBP1"":""p4EBP1"",""pAKT"":""pAkt"",""pERK1/2"":""pErk"",""pIKAROS"":""pIkaros"",""pPLCγ2"":""pPLCg1_2"",""pS6"":""pS6"",""pSTAT5"":""pSTAT5"",""pSYK"":""pSyk""}"
35,UPN52,diagnostic_UPN_sample_label,5,Pervanadate,target,UPN52_Pervanadate.fcs,UPN52_Pervanadate.fcs,1c880615d71063a4cabb2b33f7de576d802a432a2afce7b2bb56a5beebe67853,9608993,45309,53,F,"4,3,2,1",L,58,3434,3475,9608983,a437c3f9ec13a44b820d107f57d10c5918d6b961376f3087fba77a47cac5a491,Yb176_group,"{""p4EBP1"":17,""pAKT"":32,""pERK1/2"":46,""pIKAROS"":28,""pPLCγ2"":14,""pS6"":45,""pSTAT5"":23,""pSYK"":39}","{""p4EBP1"":""(Nd144)Di"",""pAKT"":""(Tb159)Di"",""pERK1/2"":""(Yb173)Di"",""pIKAROS"":""(Gd155)Di"",""pPLCγ2"":""(Pr141)Di"",""pS6"":""(Yb172)Di"",""pSTAT5"":""(Nd150)Di"",""pSYK"":""(Er166)Di""}","{""p4EBP1"":""p4EBP1"",""pAKT"":""pAkt"",""pERK1/2"":""pErk"",""pIKAROS"":""pIkaros"",""pPLCγ2"":""pPLCg1_2"",""pS6"":""pS6"",""pSTAT5"":""pSTAT5"",""pSYK"":""pSyk""}"
35,UPN52,diagnostic_UPN_sample_label,6,TSLP,target,UPN52_TSLP.fcs,UPN52_TSLP.fcs,1115f5bce8cabf33ea9c576f43719c17235f8616ab8789150d3464597a73c84c,11840721,55836,53,F,"4,3,2,1",L,58,3438,3479,11840711,a437c3f9ec13a44b820d107f57d10c5918d6b961376f3087fba77a47cac5a491,Yb176_group,"{""p4EBP1"":17,""pAKT"":32,""pERK1/2"":46,""pIKAROS"":28,""pPLCγ2"":14,""pS6"":45,""pSTAT5"":23,""pSYK"":39}","{""p4EBP1"":""(Nd144)Di"",""pAKT"":""(Tb159)Di"",""pERK1/2"":""(Yb173)Di"",""pIKAROS"":""(Gd155)Di"",""pPLCγ2"":""(Pr141)Di"",""pS6"":""(Yb172)Di"",""pSTAT5"":""(Nd150)Di"",""pSYK"":""(Er166)Di""}","{""p4EBP1"":""p4EBP1"",""pAKT"":""pAkt"",""pERK1/2"":""pErk"",""pIKAROS"":""pIkaros"",""pPLCγ2"":""pPLCg1_2"",""pS6"":""pS6"",""pSTAT5"":""pSTAT5"",""pSYK"":""pSyk""}"
35,UPN52,diagnostic_UPN_sample_label,7,Tofacitinib,target,UPN52_Tofacitinib.fcs,UPN52_Tofacitinib.fcs,a2f8acea03f6a728dc5b5ce2e1c79d24dc082324ea0cf75a052dc7576a768e88,10231634,48246,53,F,"4,3,2,1",L,58,3431,3472,10231624,a437c3f9ec13a44b820d107f57d10c5918d6b961376f3087fba77a47cac5a491,Yb176_group,"{""p4EBP1"":17,""pAKT"":32,""pERK1/2"":46,""pIKAROS"":28,""pPLCγ2"":14,""pS6"":45,""pSTAT5"":23,""pSYK"":39}","{""p4EBP1"":""(Nd144)Di"",""pAKT"":""(Tb159)Di"",""pERK1/2"":""(Yb173)Di"",""pIKAROS"":""(Gd155)Di"",""pPLCγ2"":""(Pr141)Di"",""pS6"":""(Yb172)Di"",""pSTAT5"":""(Nd150)Di"",""pSYK"":""(Er166)Di""}","{""p4EBP1"":""p4EBP1"",""pAKT"":""pAkt"",""pERK1/2"":""pErk"",""pIKAROS"":""pIkaros"",""pPLCγ2"":""pPLCg1_2"",""pS6"":""pS6"",""pSTAT5"":""pSTAT5"",""pSYK"":""pSyk""}"
36,UPN53,diagnostic_UPN_sample_label,0,Basal,baseline,UPN53_Basal.fcs,UPN53_Basal.fcs,e682bd29a5b67807dcb14f2a6304dadf131fc506ceabf3c2b3a0d4642c51bd94,14106977,66526,53,F,"4,3,2,1",L,58,3414,3455,14106967,a437c3f9ec13a44b820d107f57d10c5918d6b961376f3087fba77a47cac5a491,Yb176_group,"{""p4EBP1"":17,""pAKT"":32,""pERK1/2"":46,""pIKAROS"":28,""pPLCγ2"":14,""pS6"":45,""pSTAT5"":23,""pSYK"":39}","{""p4EBP1"":""(Nd144)Di"",""pAKT"":""(Tb159)Di"",""pERK1/2"":""(Yb173)Di"",""pIKAROS"":""(Gd155)Di"",""pPLCγ2"":""(Pr141)Di"",""pS6"":""(Yb172)Di"",""pSTAT5"":""(Nd150)Di"",""pSYK"":""(Er166)Di""}","{""p4EBP1"":""p4EBP1"",""pAKT"":""pAkt"",""pERK1/2"":""pErk"",""pIKAROS"":""pIkaros"",""pPLCγ2"":""pPLCg1_2"",""pS6"":""pS6"",""pSTAT5"":""pSTAT5"",""pSYK"":""pSyk""}"
36,UPN53,diagnostic_UPN_sample_label,1,BCR-Crosslink,target,UPN53_BCR-Crosslink.fcs,UPN53_BCR-Crosslink.fcs,b449ff9dc353b446ca9e4393d2c483e02211b02dd04b68018a6bb5927bde234f,15516148,73173,53,F,"4,3,2,1",L,58,3421,3462,15516138,a437c3f9ec13a44b820d107f57d10c5918d6b961376f3087fba77a47cac5a491,Yb176_group,"{""p4EBP1"":17,""pAKT"":32,""pERK1/2"":46,""pIKAROS"":28,""pPLCγ2"":14,""pS6"":45,""pSTAT5"":23,""pSYK"":39}","{""p4EBP1"":""(Nd144)Di"",""pAKT"":""(Tb159)Di"",""pERK1/2"":""(Yb173)Di"",""pIKAROS"":""(Gd155)Di"",""pPLCγ2"":""(Pr141)Di"",""pS6"":""(Yb172)Di"",""pSTAT5"":""(Nd150)Di"",""pSYK"":""(Er166)Di""}","{""p4EBP1"":""p4EBP1"",""pAKT"":""pAkt"",""pERK1/2"":""pErk"",""pIKAROS"":""pIkaros"",""pPLCγ2"":""pPLCg1_2"",""pS6"":""pS6"",""pSTAT5"":""pSTAT5"",""pSYK"":""pSyk""}"
36,UPN53,diagnostic_UPN_sample_label,2,BEZ-235,target,UPN53_BEZ-235.fcs,UPN53_BEZ-235.fcs,f58cf445ec959b421de3128875553459ae4f1408328ab8dcb9fa32791ed9e63c,15845808,74728,53,F,"4,3,2,1",L,58,3421,3462,15845798,a437c3f9ec13a44b820d107f57d10c5918d6b961376f3087fba77a47cac5a491,Yb176_group,"{""p4EBP1"":17,""pAKT"":32,""pERK1/2"":46,""pIKAROS"":28,""pPLCγ2"":14,""pS6"":45,""pSTAT5"":23,""pSYK"":39}","{""p4EBP1"":""(Nd144)Di"",""pAKT"":""(Tb159)Di"",""pERK1/2"":""(Yb173)Di"",""pIKAROS"":""(Gd155)Di"",""pPLCγ2"":""(Pr141)Di"",""pS6"":""(Yb172)Di"",""pSTAT5"":""(Nd150)Di"",""pSYK"":""(Er166)Di""}","{""p4EBP1"":""p4EBP1"",""pAKT"":""pAkt"",""pERK1/2"":""pErk"",""pIKAROS"":""pIkaros"",""pPLCγ2"":""pPLCg1_2"",""pS6"":""pS6"",""pSTAT5"":""pSTAT5"",""pSYK"":""pSyk""}"
36,UPN53,diagnostic_UPN_sample_label,3,Dasatinib,target,UPN53_Dasatinib.fcs,UPN53_Dasatinib.fcs,d0aa20685f865e8c5d2f04d464619f11644d06ab34f649f2049f7eaa4ec640a7,15686169,73975,53,F,"4,3,2,1",L,58,3418,3459,15686159,a437c3f9ec13a44b820d107f57d10c5918d6b961376f3087fba77a47cac5a491,Yb176_group,"{""p4EBP1"":17,""pAKT"":32,""pERK1/2"":46,""pIKAROS"":28,""pPLCγ2"":14,""pS6"":45,""pSTAT5"":23,""pSYK"":39}","{""p4EBP1"":""(Nd144)Di"",""pAKT"":""(Tb159)Di"",""pERK1/2"":""(Yb173)Di"",""pIKAROS"":""(Gd155)Di"",""pPLCγ2"":""(Pr141)Di"",""pS6"":""(Yb172)Di"",""pSTAT5"":""(Nd150)Di"",""pSYK"":""(Er166)Di""}","{""p4EBP1"":""p4EBP1"",""pAKT"":""pAkt"",""pERK1/2"":""pErk"",""pIKAROS"":""pIkaros"",""pPLCγ2"":""pPLCg1_2"",""pS6"":""pS6"",""pSTAT5"":""pSTAT5"",""pSYK"":""pSyk""}"
36,UPN53,diagnostic_UPN_sample_label,4,IL-7,target,UPN53_IL-7.fcs,UPN53_IL-7.fcs,c39b6221ba48444934f4a18c853f2851e9a4f03aadfadef89f3ba0eadaf7b480,15699096,74036,53,F,"4,3,2,1",L,58,3413,3454,15699086,a437c3f9ec13a44b820d107f57d10c5918d6b961376f3087fba77a47cac5a491,Yb176_group,"{""p4EBP1"":17,""pAKT"":32,""pERK1/2"":46,""pIKAROS"":28,""pPLCγ2"":14,""pS6"":45,""pSTAT5"":23,""pSYK"":39}","{""p4EBP1"":""(Nd144)Di"",""pAKT"":""(Tb159)Di"",""pERK1/2"":""(Yb173)Di"",""pIKAROS"":""(Gd155)Di"",""pPLCγ2"":""(Pr141)Di"",""pS6"":""(Yb172)Di"",""pSTAT5"":""(Nd150)Di"",""pSYK"":""(Er166)Di""}","{""p4EBP1"":""p4EBP1"",""pAKT"":""pAkt"",""pERK1/2"":""pErk"",""pIKAROS"":""pIkaros"",""pPLCγ2"":""pPLCg1_2"",""pS6"":""pS6"",""pSTAT5"":""pSTAT5"",""pSYK"":""pSyk""}"
36,UPN53,diagnostic_UPN_sample_label,5,Pervanadate,target,UPN53_Pervanadate.fcs,UPN53_Pervanadate.fcs,1268a143c364edf24202bf6b852527d723cf29e8fcae57084980f818cff145d1,14102105,66503,53,F,"4,3,2,1",L,58,3418,3459,14102095,a437c3f9ec13a44b820d107f57d10c5918d6b961376f3087fba77a47cac5a491,Yb176_group,"{""p4EBP1"":17,""pAKT"":32,""pERK1/2"":46,""pIKAROS"":28,""pPLCγ2"":14,""pS6"":45,""pSTAT5"":23,""pSYK"":39}","{""p4EBP1"":""(Nd144)Di"",""pAKT"":""(Tb159)Di"",""pERK1/2"":""(Yb173)Di"",""pIKAROS"":""(Gd155)Di"",""pPLCγ2"":""(Pr141)Di"",""pS6"":""(Yb172)Di"",""pSTAT5"":""(Nd150)Di"",""pSYK"":""(Er166)Di""}","{""p4EBP1"":""p4EBP1"",""pAKT"":""pAkt"",""pERK1/2"":""pErk"",""pIKAROS"":""pIkaros"",""pPLCγ2"":""pPLCg1_2"",""pS6"":""pS6"",""pSTAT5"":""pSTAT5"",""pSYK"":""pSyk""}"
36,UPN53,diagnostic_UPN_sample_label,6,TSLP,target,UPN53_TSLP.fcs,UPN53_TSLP.fcs,05691fbe6230e1d9b7e6158cb8cf394c48524f23bc60cca85b40751ea593e0e2,14039145,66206,53,F,"4,3,2,1",L,58,3422,3463,14039135,a437c3f9ec13a44b820d107f57d10c5918d6b961376f3087fba77a47cac5a491,Yb176_group,"{""p4EBP1"":17,""pAKT"":32,""pERK1/2"":46,""pIKAROS"":28,""pPLCγ2"":14,""pS6"":45,""pSTAT5"":23,""pSYK"":39}","{""p4EBP1"":""(Nd144)Di"",""pAKT"":""(Tb159)Di"",""pERK1/2"":""(Yb173)Di"",""pIKAROS"":""(Gd155)Di"",""pPLCγ2"":""(Pr141)Di"",""pS6"":""(Yb172)Di"",""pSTAT5"":""(Nd150)Di"",""pSYK"":""(Er166)Di""}","{""p4EBP1"":""p4EBP1"",""pAKT"":""pAkt"",""pERK1/2"":""pErk"",""pIKAROS"":""pIkaros"",""pPLCγ2"":""pPLCg1_2"",""pS6"":""pS6"",""pSTAT5"":""pSTAT5"",""pSYK"":""pSyk""}"
36,UPN53,diagnostic_UPN_sample_label,7,Tofacitinib,target,UPN53_Tofacitinib.fcs,UPN53_Tofacitinib.fcs,192082a496caa0628decbe62903a1d9e6aa07bb7f39170f198c19d81fe341bff,14619391,68943,53,F,"4,3,2,1",L,58,3424,3465,14619381,a437c3f9ec13a44b820d107f57d10c5918d6b961376f3087fba77a47cac5a491,Yb176_group,"{""p4EBP1"":17,""pAKT"":32,""pERK1/2"":46,""pIKAROS"":28,""pPLCγ2"":14,""pS6"":45,""pSTAT5"":23,""pSYK"":39}","{""p4EBP1"":""(Nd144)Di"",""pAKT"":""(Tb159)Di"",""pERK1/2"":""(Yb173)Di"",""pIKAROS"":""(Gd155)Di"",""pPLCγ2"":""(Pr141)Di"",""pS6"":""(Yb172)Di"",""pSTAT5"":""(Nd150)Di"",""pSYK"":""(Er166)Di""}","{""p4EBP1"":""p4EBP1"",""pAKT"":""pAkt"",""pERK1/2"":""pErk"",""pIKAROS"":""pIkaros"",""pPLCγ2"":""pPLCg1_2"",""pS6"":""pS6"",""pSTAT5"":""pSTAT5"",""pSYK"":""pSyk""}"
37,UPN54,diagnostic_UPN_sample_label,0,Basal,baseline,UPN54_Basal.fcs,UPN54_Basal.fcs,036c959e93a0606fe0e3908069e2c3b0e99985cd6526610dc3124c49a7a18e88,17888014,84361,53,F,"4,3,2,1",L,58,3431,3472,17888004,a437c3f9ec13a44b820d107f57d10c5918d6b961376f3087fba77a47cac5a491,Yb176_group,"{""p4EBP1"":17,""pAKT"":32,""pERK1/2"":46,""pIKAROS"":28,""pPLCγ2"":14,""pS6"":45,""pSTAT5"":23,""pSYK"":39}","{""p4EBP1"":""(Nd144)Di"",""pAKT"":""(Tb159)Di"",""pERK1/2"":""(Yb173)Di"",""pIKAROS"":""(Gd155)Di"",""pPLCγ2"":""(Pr141)Di"",""pS6"":""(Yb172)Di"",""pSTAT5"":""(Nd150)Di"",""pSYK"":""(Er166)Di""}","{""p4EBP1"":""p4EBP1"",""pAKT"":""pAkt"",""pERK1/2"":""pErk"",""pIKAROS"":""pIkaros"",""pPLCγ2"":""pPLCg1_2"",""pS6"":""pS6"",""pSTAT5"":""pSTAT5"",""pSYK"":""pSyk""}"
37,UPN54,diagnostic_UPN_sample_label,1,BCR-Crosslink,target,UPN54_BCR-Crosslink.fcs,UPN54_BCR-Crosslink.fcs,644c734c2a64fb2710ed4a9bfe8208c14899beb9b4c5310d001d623fbee2e8c9,15189668,71633,53,F,"4,3,2,1",L,58,3421,3462,15189658,a437c3f9ec13a44b820d107f57d10c5918d6b961376f3087fba77a47cac5a491,Yb176_group,"{""p4EBP1"":17,""pAKT"":32,""pERK1/2"":46,""pIKAROS"":28,""pPLCγ2"":14,""pS6"":45,""pSTAT5"":23,""pSYK"":39}","{""p4EBP1"":""(Nd144)Di"",""pAKT"":""(Tb159)Di"",""pERK1/2"":""(Yb173)Di"",""pIKAROS"":""(Gd155)Di"",""pPLCγ2"":""(Pr141)Di"",""pS6"":""(Yb172)Di"",""pSTAT5"":""(Nd150)Di"",""pSYK"":""(Er166)Di""}","{""p4EBP1"":""p4EBP1"",""pAKT"":""pAkt"",""pERK1/2"":""pErk"",""pIKAROS"":""pIkaros"",""pPLCγ2"":""pPLCg1_2"",""pS6"":""pS6"",""pSTAT5"":""pSTAT5"",""pSYK"":""pSyk""}"
37,UPN54,diagnostic_UPN_sample_label,2,BEZ-235,target,UPN54_BEZ-235.fcs,UPN54_BEZ-235.fcs,f2df49d78ce7e03edd05aa95044d89690c28a886ccab60b00027cf59945101ec,13504903,63686,53,F,"4,3,2,1",L,58,3420,3461,13504893,a437c3f9ec13a44b820d107f57d10c5918d6b961376f3087fba77a47cac5a491,Yb176_group,"{""p4EBP1"":17,""pAKT"":32,""pERK1/2"":46,""pIKAROS"":28,""pPLCγ2"":14,""pS6"":45,""pSTAT5"":23,""pSYK"":39}","{""p4EBP1"":""(Nd144)Di"",""pAKT"":""(Tb159)Di"",""pERK1/2"":""(Yb173)Di"",""pIKAROS"":""(Gd155)Di"",""pPLCγ2"":""(Pr141)Di"",""pS6"":""(Yb172)Di"",""pSTAT5"":""(Nd150)Di"",""pSYK"":""(Er166)Di""}","{""p4EBP1"":""p4EBP1"",""pAKT"":""pAkt"",""pERK1/2"":""pErk"",""pIKAROS"":""pIkaros"",""pPLCγ2"":""pPLCg1_2"",""pS6"":""pS6"",""pSTAT5"":""pSTAT5"",""pSYK"":""pSyk""}"
37,UPN54,diagnostic_UPN_sample_label,3,Dasatinib,target,UPN54_Dasatinib.fcs,UPN54_Dasatinib.fcs,03125179605b9c26961de5c3e580229be1d01d1c96d3bb79385a578da26c2727,11882681,56034,53,F,"4,3,2,1",L,58,3422,3463,11882671,a437c3f9ec13a44b820d107f57d10c5918d6b961376f3087fba77a47cac5a491,Yb176_group,"{""p4EBP1"":17,""pAKT"":32,""pERK1/2"":46,""pIKAROS"":28,""pPLCγ2"":14,""pS6"":45,""pSTAT5"":23,""pSYK"":39}","{""p4EBP1"":""(Nd144)Di"",""pAKT"":""(Tb159)Di"",""pERK1/2"":""(Yb173)Di"",""pIKAROS"":""(Gd155)Di"",""pPLCγ2"":""(Pr141)Di"",""pS6"":""(Yb172)Di"",""pSTAT5"":""(Nd150)Di"",""pSYK"":""(Er166)Di""}","{""p4EBP1"":""p4EBP1"",""pAKT"":""pAkt"",""pERK1/2"":""pErk"",""pIKAROS"":""pIkaros"",""pPLCγ2"":""pPLCg1_2"",""pS6"":""pS6"",""pSTAT5"":""pSTAT5"",""pSYK"":""pSyk""}"
37,UPN54,diagnostic_UPN_sample_label,4,IL-7,target,UPN54_IL-7.fcs,UPN54_IL-7.fcs,c39064770898651f1f2027bf16e6f7121f7e619cfa0bdee103c79b09bc61776b,13686796,64544,53,F,"4,3,2,1",L,58,3417,3458,13686786,a437c3f9ec13a44b820d107f57d10c5918d6b961376f3087fba77a47cac5a491,Yb176_group,"{""p4EBP1"":17,""pAKT"":32,""pERK1/2"":46,""pIKAROS"":28,""pPLCγ2"":14,""pS6"":45,""pSTAT5"":23,""pSYK"":39}","{""p4EBP1"":""(Nd144)Di"",""pAKT"":""(Tb159)Di"",""pERK1/2"":""(Yb173)Di"",""pIKAROS"":""(Gd155)Di"",""pPLCγ2"":""(Pr141)Di"",""pS6"":""(Yb172)Di"",""pSTAT5"":""(Nd150)Di"",""pSYK"":""(Er166)Di""}","{""p4EBP1"":""p4EBP1"",""pAKT"":""pAkt"",""pERK1/2"":""pErk"",""pIKAROS"":""pIkaros"",""pPLCγ2"":""pPLCg1_2"",""pS6"":""pS6"",""pSTAT5"":""pSTAT5"",""pSYK"":""pSyk""}"
37,UPN54,diagnostic_UPN_sample_label,5,Pervanadate,target,UPN54_Pervanadate.fcs,UPN54_Pervanadate.fcs,1d8b79c003d7dc8e0d992ac8cfdd23301c2f220c85125bed00aa9d272a28858e,15273835,72030,53,F,"4,3,2,1",L,58,3424,3465,15273825,a437c3f9ec13a44b820d107f57d10c5918d6b961376f3087fba77a47cac5a491,Yb176_group,"{""p4EBP1"":17,""pAKT"":32,""pERK1/2"":46,""pIKAROS"":28,""pPLCγ2"":14,""pS6"":45,""pSTAT5"":23,""pSYK"":39}","{""p4EBP1"":""(Nd144)Di"",""pAKT"":""(Tb159)Di"",""pERK1/2"":""(Yb173)Di"",""pIKAROS"":""(Gd155)Di"",""pPLCγ2"":""(Pr141)Di"",""pS6"":""(Yb172)Di"",""pSTAT5"":""(Nd150)Di"",""pSYK"":""(Er166)Di""}","{""p4EBP1"":""p4EBP1"",""pAKT"":""pAkt"",""pERK1/2"":""pErk"",""pIKAROS"":""pIkaros"",""pPLCγ2"":""pPLCg1_2"",""pS6"":""pS6"",""pSTAT5"":""pSTAT5"",""pSYK"":""pSyk""}"
37,UPN54,diagnostic_UPN_sample_label,6,TSLP,target,UPN54_TSLP.fcs,UPN54_TSLP.fcs,7445e90af8d78d8db4c1e50bdeaa8ce81de68825d6caa5f70bb5213d0d2b641b,14401663,67916,53,F,"4,3,2,1",L,58,3420,3461,14401653,a437c3f9ec13a44b820d107f57d10c5918d6b961376f3087fba77a47cac5a491,Yb176_group,"{""p4EBP1"":17,""pAKT"":32,""pERK1/2"":46,""pIKAROS"":28,""pPLCγ2"":14,""pS6"":45,""pSTAT5"":23,""pSYK"":39}","{""p4EBP1"":""(Nd144)Di"",""pAKT"":""(Tb159)Di"",""pERK1/2"":""(Yb173)Di"",""pIKAROS"":""(Gd155)Di"",""pPLCγ2"":""(Pr141)Di"",""pS6"":""(Yb172)Di"",""pSTAT5"":""(Nd150)Di"",""pSYK"":""(Er166)Di""}","{""p4EBP1"":""p4EBP1"",""pAKT"":""pAkt"",""pERK1/2"":""pErk"",""pIKAROS"":""pIkaros"",""pPLCγ2"":""pPLCg1_2"",""pS6"":""pS6"",""pSTAT5"":""pSTAT5"",""pSYK"":""pSyk""}"
37,UPN54,diagnostic_UPN_sample_label,7,Tofacitinib,target,UPN54_Tofacitinib.fcs,UPN54_Tofacitinib.fcs,9232dc9c423c86a59ed1f3759b80f0c932de6f7bfb1e47fab7e4f2b16bb2bc24,13772026,64946,53,F,"4,3,2,1",L,58,3423,3464,13772016,a437c3f9ec13a44b820d107f57d10c5918d6b961376f3087fba77a47cac5a491,Yb176_group,"{""p4EBP1"":17,""pAKT"":32,""pERK1/2"":46,""pIKAROS"":28,""pPLCγ2"":14,""pS6"":45,""pSTAT5"":23,""pSYK"":39}","{""p4EBP1"":""(Nd144)Di"",""pAKT"":""(Tb159)Di"",""pERK1/2"":""(Yb173)Di"",""pIKAROS"":""(Gd155)Di"",""pPLCγ2"":""(Pr141)Di"",""pS6"":""(Yb172)Di"",""pSTAT5"":""(Nd150)Di"",""pSYK"":""(Er166)Di""}","{""p4EBP1"":""p4EBP1"",""pAKT"":""pAkt"",""pERK1/2"":""pErk"",""pIKAROS"":""pIkaros"",""pPLCγ2"":""pPLCg1_2"",""pS6"":""pS6"",""pSTAT5"":""pSTAT5"",""pSYK"":""pSyk""}"
38,UPN55,diagnostic_UPN_sample_label,0,Basal,baseline,UPN55_Basal.fcs,UPN55_Basal.fcs,48859ecc73b8ea36042e7ae39ff22cd38169631c1301b70eaed1364b3d00d55e,10265965,48408,53,F,"4,3,2,1",L,58,3418,3459,10265955,a437c3f9ec13a44b820d107f57d10c5918d6b961376f3087fba77a47cac5a491,Yb176_group,"{""p4EBP1"":17,""pAKT"":32,""pERK1/2"":46,""pIKAROS"":28,""pPLCγ2"":14,""pS6"":45,""pSTAT5"":23,""pSYK"":39}","{""p4EBP1"":""(Nd144)Di"",""pAKT"":""(Tb159)Di"",""pERK1/2"":""(Yb173)Di"",""pIKAROS"":""(Gd155)Di"",""pPLCγ2"":""(Pr141)Di"",""pS6"":""(Yb172)Di"",""pSTAT5"":""(Nd150)Di"",""pSYK"":""(Er166)Di""}","{""p4EBP1"":""p4EBP1"",""pAKT"":""pAkt"",""pERK1/2"":""pErk"",""pIKAROS"":""pIkaros"",""pPLCγ2"":""pPLCg1_2"",""pS6"":""pS6"",""pSTAT5"":""pSTAT5"",""pSYK"":""pSyk""}"
38,UPN55,diagnostic_UPN_sample_label,1,BCR-Crosslink,target,UPN55_BCR-Crosslink.fcs,UPN55_BCR-Crosslink.fcs,ae602beb7d6d52c8400ca0e23e63ccd782f2e257870a899de799490b3e362db5,13096590,61760,53,F,"4,3,2,1",L,58,3419,3460,13096580,a437c3f9ec13a44b820d107f57d10c5918d6b961376f3087fba77a47cac5a491,Yb176_group,"{""p4EBP1"":17,""pAKT"":32,""pERK1/2"":46,""pIKAROS"":28,""pPLCγ2"":14,""pS6"":45,""pSTAT5"":23,""pSYK"":39}","{""p4EBP1"":""(Nd144)Di"",""pAKT"":""(Tb159)Di"",""pERK1/2"":""(Yb173)Di"",""pIKAROS"":""(Gd155)Di"",""pPLCγ2"":""(Pr141)Di"",""pS6"":""(Yb172)Di"",""pSTAT5"":""(Nd150)Di"",""pSYK"":""(Er166)Di""}","{""p4EBP1"":""p4EBP1"",""pAKT"":""pAkt"",""pERK1/2"":""pErk"",""pIKAROS"":""pIkaros"",""pPLCγ2"":""pPLCg1_2"",""pS6"":""pS6"",""pSTAT5"":""pSTAT5"",""pSYK"":""pSyk""}"
38,UPN55,diagnostic_UPN_sample_label,2,BEZ-235,target,UPN55_BEZ-235.fcs,UPN55_BEZ-235.fcs,6119bee1ea1d7c9f71cad6323cf8130af21ec62a46eb36e3bc823b0c98a0519c,14666455,69165,53,F,"4,3,2,1",L,58,3424,3465,14666445,a437c3f9ec13a44b820d107f57d10c5918d6b961376f3087fba77a47cac5a491,Yb176_group,"{""p4EBP1"":17,""pAKT"":32,""pERK1/2"":46,""pIKAROS"":28,""pPLCγ2"":14,""pS6"":45,""pSTAT5"":23,""pSYK"":39}","{""p4EBP1"":""(Nd144)Di"",""pAKT"":""(Tb159)Di"",""pERK1/2"":""(Yb173)Di"",""pIKAROS"":""(Gd155)Di"",""pPLCγ2"":""(Pr141)Di"",""pS6"":""(Yb172)Di"",""pSTAT5"":""(Nd150)Di"",""pSYK"":""(Er166)Di""}","{""p4EBP1"":""p4EBP1"",""pAKT"":""pAkt"",""pERK1/2"":""pErk"",""pIKAROS"":""pIkaros"",""pPLCγ2"":""pPLCg1_2"",""pS6"":""pS6"",""pSTAT5"":""pSTAT5"",""pSYK"":""pSyk""}"
38,UPN55,diagnostic_UPN_sample_label,3,Dasatinib,target,UPN55_Dasatinib.fcs,UPN55_Dasatinib.fcs,bc44da2d10328d2d73cac92ece621e0de3d7f7e8709641d1665426f9ba093733,12886287,60768,53,F,"4,3,2,1",L,58,3420,3461,12886277,a437c3f9ec13a44b820d107f57d10c5918d6b961376f3087fba77a47cac5a491,Yb176_group,"{""p4EBP1"":17,""pAKT"":32,""pERK1/2"":46,""pIKAROS"":28,""pPLCγ2"":14,""pS6"":45,""pSTAT5"":23,""pSYK"":39}","{""p4EBP1"":""(Nd144)Di"",""pAKT"":""(Tb159)Di"",""pERK1/2"":""(Yb173)Di"",""pIKAROS"":""(Gd155)Di"",""pPLCγ2"":""(Pr141)Di"",""pS6"":""(Yb172)Di"",""pSTAT5"":""(Nd150)Di"",""pSYK"":""(Er166)Di""}","{""p4EBP1"":""p4EBP1"",""pAKT"":""pAkt"",""pERK1/2"":""pErk"",""pIKAROS"":""pIkaros"",""pPLCγ2"":""pPLCg1_2"",""pS6"":""pS6"",""pSTAT5"":""pSTAT5"",""pSYK"":""pSyk""}"
38,UPN55,diagnostic_UPN_sample_label,4,IL-7,target,UPN55_IL-7.fcs,UPN55_IL-7.fcs,80f3d609d59f12cf3cce5bc42e4782c5e753167d101957394ffcce9260a12737,14223580,67076,53,F,"4,3,2,1",L,58,3417,3458,14223570,a437c3f9ec13a44b820d107f57d10c5918d6b961376f3087fba77a47cac5a491,Yb176_group,"{""p4EBP1"":17,""pAKT"":32,""pERK1/2"":46,""pIKAROS"":28,""pPLCγ2"":14,""pS6"":45,""pSTAT5"":23,""pSYK"":39}","{""p4EBP1"":""(Nd144)Di"",""pAKT"":""(Tb159)Di"",""pERK1/2"":""(Yb173)Di"",""pIKAROS"":""(Gd155)Di"",""pPLCγ2"":""(Pr141)Di"",""pS6"":""(Yb172)Di"",""pSTAT5"":""(Nd150)Di"",""pSYK"":""(Er166)Di""}","{""p4EBP1"":""p4EBP1"",""pAKT"":""pAkt"",""pERK1/2"":""pErk"",""pIKAROS"":""pIkaros"",""pPLCγ2"":""pPLCg1_2"",""pS6"":""pS6"",""pSTAT5"":""pSTAT5"",""pSYK"":""pSyk""}"
38,UPN55,diagnostic_UPN_sample_label,5,Pervanadate,target,UPN55_Pervanadate.fcs,UPN55_Pervanadate.fcs,2af166961ee561b3d4a9f687181a7a44ac8296c58a726691fab9a2ce5e5a2871,11906854,56148,53,F,"4,3,2,1",L,58,3427,3468,11906844,a437c3f9ec13a44b820d107f57d10c5918d6b961376f3087fba77a47cac5a491,Yb176_group,"{""p4EBP1"":17,""pAKT"":32,""pERK1/2"":46,""pIKAROS"":28,""pPLCγ2"":14,""pS6"":45,""pSTAT5"":23,""pSYK"":39}","{""p4EBP1"":""(Nd144)Di"",""pAKT"":""(Tb159)Di"",""pERK1/2"":""(Yb173)Di"",""pIKAROS"":""(Gd155)Di"",""pPLCγ2"":""(Pr141)Di"",""pS6"":""(Yb172)Di"",""pSTAT5"":""(Nd150)Di"",""pSYK"":""(Er166)Di""}","{""p4EBP1"":""p4EBP1"",""pAKT"":""pAkt"",""pERK1/2"":""pErk"",""pIKAROS"":""pIkaros"",""pPLCγ2"":""pPLCg1_2"",""pS6"":""pS6"",""pSTAT5"":""pSTAT5"",""pSYK"":""pSyk""}"
38,UPN55,diagnostic_UPN_sample_label,6,TSLP,target,UPN55_TSLP.fcs,UPN55_TSLP.fcs,b18c0092d856b912d26cc2d8e6eb59ec815168a369e032433b398a3455c66693,15108053,71248,53,F,"4,3,2,1",L,58,3426,3467,15108043,a437c3f9ec13a44b820d107f57d10c5918d6b961376f3087fba77a47cac5a491,Yb176_group,"{""p4EBP1"":17,""pAKT"":32,""pERK1/2"":46,""pIKAROS"":28,""pPLCγ2"":14,""pS6"":45,""pSTAT5"":23,""pSYK"":39}","{""p4EBP1"":""(Nd144)Di"",""pAKT"":""(Tb159)Di"",""pERK1/2"":""(Yb173)Di"",""pIKAROS"":""(Gd155)Di"",""pPLCγ2"":""(Pr141)Di"",""pS6"":""(Yb172)Di"",""pSTAT5"":""(Nd150)Di"",""pSYK"":""(Er166)Di""}","{""p4EBP1"":""p4EBP1"",""pAKT"":""pAkt"",""pERK1/2"":""pErk"",""pIKAROS"":""pIkaros"",""pPLCγ2"":""pPLCg1_2"",""pS6"":""pS6"",""pSTAT5"":""pSTAT5"",""pSYK"":""pSyk""}"
38,UPN55,diagnostic_UPN_sample_label,7,Tofacitinib,target,UPN55_Tofacitinib.fcs,UPN55_Tofacitinib.fcs,2006fa5a517265b026d83a16b8b68304f847d005e4eb74067921751b11cc2ef9,14021754,66124,53,F,"4,3,2,1",L,58,3415,3456,14021744,a437c3f9ec13a44b820d107f57d10c5918d6b961376f3087fba77a47cac5a491,Yb176_group,"{""p4EBP1"":17,""pAKT"":32,""pERK1/2"":46,""pIKAROS"":28,""pPLCγ2"":14,""pS6"":45,""pSTAT5"":23,""pSYK"":39}","{""p4EBP1"":""(Nd144)Di"",""pAKT"":""(Tb159)Di"",""pERK1/2"":""(Yb173)Di"",""pIKAROS"":""(Gd155)Di"",""pPLCγ2"":""(Pr141)Di"",""pS6"":""(Yb172)Di"",""pSTAT5"":""(Nd150)Di"",""pSYK"":""(Er166)Di""}","{""p4EBP1"":""p4EBP1"",""pAKT"":""pAkt"",""pERK1/2"":""pErk"",""pIKAROS"":""pIkaros"",""pPLCγ2"":""pPLCg1_2"",""pS6"":""pS6"",""pSTAT5"":""pSTAT5"",""pSYK"":""pSyk""}"
39,UPN56,diagnostic_UPN_sample_label,0,Basal,baseline,UPN56_Basal.fcs,UPN56_Basal.fcs,2b6aec5fa7b03e9740bf89a61ced64a0681c22659fc3b91e0ccc522f9ed4d86f,21762953,102639,53,F,"4,3,2,1",L,58,3434,3475,21762943,a437c3f9ec13a44b820d107f57d10c5918d6b961376f3087fba77a47cac5a491,Yb176_group,"{""p4EBP1"":17,""pAKT"":32,""pERK1/2"":46,""pIKAROS"":28,""pPLCγ2"":14,""pS6"":45,""pSTAT5"":23,""pSYK"":39}","{""p4EBP1"":""(Nd144)Di"",""pAKT"":""(Tb159)Di"",""pERK1/2"":""(Yb173)Di"",""pIKAROS"":""(Gd155)Di"",""pPLCγ2"":""(Pr141)Di"",""pS6"":""(Yb172)Di"",""pSTAT5"":""(Nd150)Di"",""pSYK"":""(Er166)Di""}","{""p4EBP1"":""p4EBP1"",""pAKT"":""pAkt"",""pERK1/2"":""pErk"",""pIKAROS"":""pIkaros"",""pPLCγ2"":""pPLCg1_2"",""pS6"":""pS6"",""pSTAT5"":""pSTAT5"",""pSYK"":""pSyk""}"
39,UPN56,diagnostic_UPN_sample_label,1,BCR-Crosslink,target,UPN56_BCR-Crosslink.fcs,UPN56_BCR-Crosslink.fcs,b414e0a8245f00b08bc0bcfa767a0177c104d21e076e2eee999875d0652bc3e0,9398464,44316,53,F,"4,3,2,1",L,58,3421,3462,9398454,a437c3f9ec13a44b820d107f57d10c5918d6b961376f3087fba77a47cac5a491,Yb176_group,"{""p4EBP1"":17,""pAKT"":32,""pERK1/2"":46,""pIKAROS"":28,""pPLCγ2"":14,""pS6"":45,""pSTAT5"":23,""pSYK"":39}","{""p4EBP1"":""(Nd144)Di"",""pAKT"":""(Tb159)Di"",""pERK1/2"":""(Yb173)Di"",""pIKAROS"":""(Gd155)Di"",""pPLCγ2"":""(Pr141)Di"",""pS6"":""(Yb172)Di"",""pSTAT5"":""(Nd150)Di"",""pSYK"":""(Er166)Di""}","{""p4EBP1"":""p4EBP1"",""pAKT"":""pAkt"",""pERK1/2"":""pErk"",""pIKAROS"":""pIkaros"",""pPLCγ2"":""pPLCg1_2"",""pS6"":""pS6"",""pSTAT5"":""pSTAT5"",""pSYK"":""pSyk""}"
39,UPN56,diagnostic_UPN_sample_label,2,BEZ-235,target,UPN56_BEZ-235.fcs,UPN56_BEZ-235.fcs,3162460017feea9b4826518c78a38bee57284e40acf300789f6c1fec0f67ec2d,10379384,48943,53,F,"4,3,2,1",L,58,3417,3458,10379374,a437c3f9ec13a44b820d107f57d10c5918d6b961376f3087fba77a47cac5a491,Yb176_group,"{""p4EBP1"":17,""pAKT"":32,""pERK1/2"":46,""pIKAROS"":28,""pPLCγ2"":14,""pS6"":45,""pSTAT5"":23,""pSYK"":39}","{""p4EBP1"":""(Nd144)Di"",""pAKT"":""(Tb159)Di"",""pERK1/2"":""(Yb173)Di"",""pIKAROS"":""(Gd155)Di"",""pPLCγ2"":""(Pr141)Di"",""pS6"":""(Yb172)Di"",""pSTAT5"":""(Nd150)Di"",""pSYK"":""(Er166)Di""}","{""p4EBP1"":""p4EBP1"",""pAKT"":""pAkt"",""pERK1/2"":""pErk"",""pIKAROS"":""pIkaros"",""pPLCγ2"":""pPLCg1_2"",""pS6"":""pS6"",""pSTAT5"":""pSTAT5"",""pSYK"":""pSyk""}"
39,UPN56,diagnostic_UPN_sample_label,3,Dasatinib,target,UPN56_Dasatinib.fcs,UPN56_Dasatinib.fcs,fad7f5cfa756ce7dc435c024ca384c9febfc17320b9413049da39101fdf88024,9890304,46636,53,F,"4,3,2,1",L,58,3421,3462,9890294,a437c3f9ec13a44b820d107f57d10c5918d6b961376f3087fba77a47cac5a491,Yb176_group,"{""p4EBP1"":17,""pAKT"":32,""pERK1/2"":46,""pIKAROS"":28,""pPLCγ2"":14,""pS6"":45,""pSTAT5"":23,""pSYK"":39}","{""p4EBP1"":""(Nd144)Di"",""pAKT"":""(Tb159)Di"",""pERK1/2"":""(Yb173)Di"",""pIKAROS"":""(Gd155)Di"",""pPLCγ2"":""(Pr141)Di"",""pS6"":""(Yb172)Di"",""pSTAT5"":""(Nd150)Di"",""pSYK"":""(Er166)Di""}","{""p4EBP1"":""p4EBP1"",""pAKT"":""pAkt"",""pERK1/2"":""pErk"",""pIKAROS"":""pIkaros"",""pPLCγ2"":""pPLCg1_2"",""pS6"":""pS6"",""pSTAT5"":""pSTAT5"",""pSYK"":""pSyk""}"
39,UPN56,diagnostic_UPN_sample_label,4,IL-7,target,UPN56_IL-7.fcs,UPN56_IL-7.fcs,afef616f0a138b8a294f699e70a8829aac1b72bfdcb72a9e906d26f885624a67,8916589,42043,53,F,"4,3,2,1",L,58,3422,3463,8916579,a437c3f9ec13a44b820d107f57d10c5918d6b961376f3087fba77a47cac5a491,Yb176_group,"{""p4EBP1"":17,""pAKT"":32,""pERK1/2"":46,""pIKAROS"":28,""pPLCγ2"":14,""pS6"":45,""pSTAT5"":23,""pSYK"":39}","{""p4EBP1"":""(Nd144)Di"",""pAKT"":""(Tb159)Di"",""pERK1/2"":""(Yb173)Di"",""pIKAROS"":""(Gd155)Di"",""pPLCγ2"":""(Pr141)Di"",""pS6"":""(Yb172)Di"",""pSTAT5"":""(Nd150)Di"",""pSYK"":""(Er166)Di""}","{""p4EBP1"":""p4EBP1"",""pAKT"":""pAkt"",""pERK1/2"":""pErk"",""pIKAROS"":""pIkaros"",""pPLCγ2"":""pPLCg1_2"",""pS6"":""pS6"",""pSTAT5"":""pSTAT5"",""pSYK"":""pSyk""}"
39,UPN56,diagnostic_UPN_sample_label,5,Pervanadate,target,UPN56_Pervanadate.fcs,UPN56_Pervanadate.fcs,52c7dede34dddb97f8a1e98d79763d22748376df62c67631393cab84f091a726,5347147,25206,53,F,"4,3,2,1",L,58,3424,3465,5347137,a437c3f9ec13a44b820d107f57d10c5918d6b961376f3087fba77a47cac5a491,Yb176_group,"{""p4EBP1"":17,""pAKT"":32,""pERK1/2"":46,""pIKAROS"":28,""pPLCγ2"":14,""pS6"":45,""pSTAT5"":23,""pSYK"":39}","{""p4EBP1"":""(Nd144)Di"",""pAKT"":""(Tb159)Di"",""pERK1/2"":""(Yb173)Di"",""pIKAROS"":""(Gd155)Di"",""pPLCγ2"":""(Pr141)Di"",""pS6"":""(Yb172)Di"",""pSTAT5"":""(Nd150)Di"",""pSYK"":""(Er166)Di""}","{""p4EBP1"":""p4EBP1"",""pAKT"":""pAkt"",""pERK1/2"":""pErk"",""pIKAROS"":""pIkaros"",""pPLCγ2"":""pPLCg1_2"",""pS6"":""pS6"",""pSTAT5"":""pSTAT5"",""pSYK"":""pSyk""}"
39,UPN56,diagnostic_UPN_sample_label,6,TSLP,target,UPN56_TSLP.fcs,UPN56_TSLP.fcs,aa83bf40599ff686c9a217e8a8e56e320c4e79a15db81cbf3e01d5b7ce9a65ad,10138981,47809,53,F,"4,3,2,1",L,58,3422,3463,10138971,a437c3f9ec13a44b820d107f57d10c5918d6b961376f3087fba77a47cac5a491,Yb176_group,"{""p4EBP1"":17,""pAKT"":32,""pERK1/2"":46,""pIKAROS"":28,""pPLCγ2"":14,""pS6"":45,""pSTAT5"":23,""pSYK"":39}","{""p4EBP1"":""(Nd144)Di"",""pAKT"":""(Tb159)Di"",""pERK1/2"":""(Yb173)Di"",""pIKAROS"":""(Gd155)Di"",""pPLCγ2"":""(Pr141)Di"",""pS6"":""(Yb172)Di"",""pSTAT5"":""(Nd150)Di"",""pSYK"":""(Er166)Di""}","{""p4EBP1"":""p4EBP1"",""pAKT"":""pAkt"",""pERK1/2"":""pErk"",""pIKAROS"":""pIkaros"",""pPLCγ2"":""pPLCg1_2"",""pS6"":""pS6"",""pSTAT5"":""pSTAT5"",""pSYK"":""pSyk""}"
39,UPN56,diagnostic_UPN_sample_label,7,Tofacitinib,target,UPN56_Tofacitinib.fcs,UPN56_Tofacitinib.fcs,f76832cb236ee29ac4c3bed1474b409186b1ef6e633ef7bdacfbb427f23ef321,9325113,43970,53,F,"4,3,2,1",L,58,3422,3463,9325103,a437c3f9ec13a44b820d107f57d10c5918d6b961376f3087fba77a47cac5a491,Yb176_group,"{""p4EBP1"":17,""pAKT"":32,""pERK1/2"":46,""pIKAROS"":28,""pPLCγ2"":14,""pS6"":45,""pSTAT5"":23,""pSYK"":39}","{""p4EBP1"":""(Nd144)Di"",""pAKT"":""(Tb159)Di"",""pERK1/2"":""(Yb173)Di"",""pIKAROS"":""(Gd155)Di"",""pPLCγ2"":""(Pr141)Di"",""pS6"":""(Yb172)Di"",""pSTAT5"":""(Nd150)Di"",""pSYK"":""(Er166)Di""}","{""p4EBP1"":""p4EBP1"",""pAKT"":""pAkt"",""pERK1/2"":""pErk"",""pIKAROS"":""pIkaros"",""pPLCγ2"":""pPLCg1_2"",""pS6"":""pS6"",""pSTAT5"":""pSTAT5"",""pSYK"":""pSyk""}"
40,UPN57,diagnostic_UPN_sample_label,0,Basal,baseline,UPN57_Basal.fcs,UPN57_Basal.fcs,4b49ad683fcea372433ad47c75d0da5fac105b6a4bdbe7fcbab9468640bbc78f,3791703,17869,53,F,"4,3,2,1",L,58,3424,3465,3791693,a437c3f9ec13a44b820d107f57d10c5918d6b961376f3087fba77a47cac5a491,Yb176_group,"{""p4EBP1"":17,""pAKT"":32,""pERK1/2"":46,""pIKAROS"":28,""pPLCγ2"":14,""pS6"":45,""pSTAT5"":23,""pSYK"":39}","{""p4EBP1"":""(Nd144)Di"",""pAKT"":""(Tb159)Di"",""pERK1/2"":""(Yb173)Di"",""pIKAROS"":""(Gd155)Di"",""pPLCγ2"":""(Pr141)Di"",""pS6"":""(Yb172)Di"",""pSTAT5"":""(Nd150)Di"",""pSYK"":""(Er166)Di""}","{""p4EBP1"":""p4EBP1"",""pAKT"":""pAkt"",""pERK1/2"":""pErk"",""pIKAROS"":""pIkaros"",""pPLCγ2"":""pPLCg1_2"",""pS6"":""pS6"",""pSTAT5"":""pSTAT5"",""pSYK"":""pSyk""}"
40,UPN57,diagnostic_UPN_sample_label,1,BCR-Crosslink,target,UPN57_BCR-Crosslink.fcs,UPN57_BCR-Crosslink.fcs,a52ef65cef12ba1a909d0c93845ec14ca002900a54dfd161f665b60bf6752f74,3669798,17294,53,F,"4,3,2,1",L,58,3419,3460,3669788,a437c3f9ec13a44b820d107f57d10c5918d6b961376f3087fba77a47cac5a491,Yb176_group,"{""p4EBP1"":17,""pAKT"":32,""pERK1/2"":46,""pIKAROS"":28,""pPLCγ2"":14,""pS6"":45,""pSTAT5"":23,""pSYK"":39}","{""p4EBP1"":""(Nd144)Di"",""pAKT"":""(Tb159)Di"",""pERK1/2"":""(Yb173)Di"",""pIKAROS"":""(Gd155)Di"",""pPLCγ2"":""(Pr141)Di"",""pS6"":""(Yb172)Di"",""pSTAT5"":""(Nd150)Di"",""pSYK"":""(Er166)Di""}","{""p4EBP1"":""p4EBP1"",""pAKT"":""pAkt"",""pERK1/2"":""pErk"",""pIKAROS"":""pIkaros"",""pPLCγ2"":""pPLCg1_2"",""pS6"":""pS6"",""pSTAT5"":""pSTAT5"",""pSYK"":""pSyk""}"
40,UPN57,diagnostic_UPN_sample_label,2,BEZ-235,target,UPN57_BEZ-235.fcs,UPN57_BEZ-235.fcs,c7d3d0f9dbc2f91591e27beb85d78fda4361f914c6868a12811bca31925a4e27,3483024,16413,53,F,"4,3,2,1",L,58,3417,3458,3483014,a437c3f9ec13a44b820d107f57d10c5918d6b961376f3087fba77a47cac5a491,Yb176_group,"{""p4EBP1"":17,""pAKT"":32,""pERK1/2"":46,""pIKAROS"":28,""pPLCγ2"":14,""pS6"":45,""pSTAT5"":23,""pSYK"":39}","{""p4EBP1"":""(Nd144)Di"",""pAKT"":""(Tb159)Di"",""pERK1/2"":""(Yb173)Di"",""pIKAROS"":""(Gd155)Di"",""pPLCγ2"":""(Pr141)Di"",""pS6"":""(Yb172)Di"",""pSTAT5"":""(Nd150)Di"",""pSYK"":""(Er166)Di""}","{""p4EBP1"":""p4EBP1"",""pAKT"":""pAkt"",""pERK1/2"":""pErk"",""pIKAROS"":""pIkaros"",""pPLCγ2"":""pPLCg1_2"",""pS6"":""pS6"",""pSTAT5"":""pSTAT5"",""pSYK"":""pSyk""}"
40,UPN57,diagnostic_UPN_sample_label,3,Dasatinib,target,UPN57_Dasatinib.fcs,UPN57_Dasatinib.fcs,fa9b0ddd453df6eeb17c5dad0dffa5052a4b3541ed72623a80d1ab8d25bf22aa,2890271,13617,53,F,"4,3,2,1",L,58,3416,3457,2890261,a437c3f9ec13a44b820d107f57d10c5918d6b961376f3087fba77a47cac5a491,Yb176_group,"{""p4EBP1"":17,""pAKT"":32,""pERK1/2"":46,""pIKAROS"":28,""pPLCγ2"":14,""pS6"":45,""pSTAT5"":23,""pSYK"":39}","{""p4EBP1"":""(Nd144)Di"",""pAKT"":""(Tb159)Di"",""pERK1/2"":""(Yb173)Di"",""pIKAROS"":""(Gd155)Di"",""pPLCγ2"":""(Pr141)Di"",""pS6"":""(Yb172)Di"",""pSTAT5"":""(Nd150)Di"",""pSYK"":""(Er166)Di""}","{""p4EBP1"":""p4EBP1"",""pAKT"":""pAkt"",""pERK1/2"":""pErk"",""pIKAROS"":""pIkaros"",""pPLCγ2"":""pPLCg1_2"",""pS6"":""pS6"",""pSTAT5"":""pSTAT5"",""pSYK"":""pSyk""}"
40,UPN57,diagnostic_UPN_sample_label,4,IL-7,target,UPN57_IL-7.fcs,UPN57_IL-7.fcs,94388afd835c99855be2932d7e77f68b0879f3dd06c40479dc8b0816b6627c04,4411164,20791,53,F,"4,3,2,1",L,58,3421,3462,4411154,a437c3f9ec13a44b820d107f57d10c5918d6b961376f3087fba77a47cac5a491,Yb176_group,"{""p4EBP1"":17,""pAKT"":32,""pERK1/2"":46,""pIKAROS"":28,""pPLCγ2"":14,""pS6"":45,""pSTAT5"":23,""pSYK"":39}","{""p4EBP1"":""(Nd144)Di"",""pAKT"":""(Tb159)Di"",""pERK1/2"":""(Yb173)Di"",""pIKAROS"":""(Gd155)Di"",""pPLCγ2"":""(Pr141)Di"",""pS6"":""(Yb172)Di"",""pSTAT5"":""(Nd150)Di"",""pSYK"":""(Er166)Di""}","{""p4EBP1"":""p4EBP1"",""pAKT"":""pAkt"",""pERK1/2"":""pErk"",""pIKAROS"":""pIkaros"",""pPLCγ2"":""pPLCg1_2"",""pS6"":""pS6"",""pSTAT5"":""pSTAT5"",""pSYK"":""pSyk""}"
40,UPN57,diagnostic_UPN_sample_label,5,Pervanadate,target,UPN57_Pervanadate.fcs,UPN57_Pervanadate.fcs,9da8254d3903345a9ca2727bffc265820214edd95fb70c74caa8b36c2e235055,3599203,16961,53,F,"4,3,2,1",L,58,3420,3461,3599193,a437c3f9ec13a44b820d107f57d10c5918d6b961376f3087fba77a47cac5a491,Yb176_group,"{""p4EBP1"":17,""pAKT"":32,""pERK1/2"":46,""pIKAROS"":28,""pPLCγ2"":14,""pS6"":45,""pSTAT5"":23,""pSYK"":39}","{""p4EBP1"":""(Nd144)Di"",""pAKT"":""(Tb159)Di"",""pERK1/2"":""(Yb173)Di"",""pIKAROS"":""(Gd155)Di"",""pPLCγ2"":""(Pr141)Di"",""pS6"":""(Yb172)Di"",""pSTAT5"":""(Nd150)Di"",""pSYK"":""(Er166)Di""}","{""p4EBP1"":""p4EBP1"",""pAKT"":""pAkt"",""pERK1/2"":""pErk"",""pIKAROS"":""pIkaros"",""pPLCγ2"":""pPLCg1_2"",""pS6"":""pS6"",""pSTAT5"":""pSTAT5"",""pSYK"":""pSyk""}"
40,UPN57,diagnostic_UPN_sample_label,6,TSLP,target,UPN57_TSLP.fcs,UPN57_TSLP.fcs,0f416336583b61ef435a3c912da5f7a9f0dbed4bf3101d10aaa90a072ebde2ba,3239649,15265,53,F,"4,3,2,1",L,58,3418,3459,3239639,a437c3f9ec13a44b820d107f57d10c5918d6b961376f3087fba77a47cac5a491,Yb176_group,"{""p4EBP1"":17,""pAKT"":32,""pERK1/2"":46,""pIKAROS"":28,""pPLCγ2"":14,""pS6"":45,""pSTAT5"":23,""pSYK"":39}","{""p4EBP1"":""(Nd144)Di"",""pAKT"":""(Tb159)Di"",""pERK1/2"":""(Yb173)Di"",""pIKAROS"":""(Gd155)Di"",""pPLCγ2"":""(Pr141)Di"",""pS6"":""(Yb172)Di"",""pSTAT5"":""(Nd150)Di"",""pSYK"":""(Er166)Di""}","{""p4EBP1"":""p4EBP1"",""pAKT"":""pAkt"",""pERK1/2"":""pErk"",""pIKAROS"":""pIkaros"",""pPLCγ2"":""pPLCg1_2"",""pS6"":""pS6"",""pSTAT5"":""pSTAT5"",""pSYK"":""pSyk""}"
40,UPN57,diagnostic_UPN_sample_label,7,Tofacitinib,target,UPN57_Tofacitinib.fcs,UPN57_Tofacitinib.fcs,d733d0af07875d94b518cd165bf594646eccf7ce8f974a8e5f549b14d32bc8a9,3387414,15962,53,F,"4,3,2,1",L,58,3419,3460,3387404,a437c3f9ec13a44b820d107f57d10c5918d6b961376f3087fba77a47cac5a491,Yb176_group,"{""p4EBP1"":17,""pAKT"":32,""pERK1/2"":46,""pIKAROS"":28,""pPLCγ2"":14,""pS6"":45,""pSTAT5"":23,""pSYK"":39}","{""p4EBP1"":""(Nd144)Di"",""pAKT"":""(Tb159)Di"",""pERK1/2"":""(Yb173)Di"",""pIKAROS"":""(Gd155)Di"",""pPLCγ2"":""(Pr141)Di"",""pS6"":""(Yb172)Di"",""pSTAT5"":""(Nd150)Di"",""pSYK"":""(Er166)Di""}","{""p4EBP1"":""p4EBP1"",""pAKT"":""pAkt"",""pERK1/2"":""pErk"",""pIKAROS"":""pIkaros"",""pPLCγ2"":""pPLCg1_2"",""pS6"":""pS6"",""pSTAT5"":""pSTAT5"",""pSYK"":""pSyk""}"
41,UPN58,diagnostic_UPN_sample_label,0,Basal,baseline,UPN58_Basal.fcs,UPN58_Basal.fcs,01ff15a2c99bb64db3fd7fb24ce4e7ec417072b406a671a4c4b57a1564e1bbba,7510391,35410,53,F,"4,3,2,1",L,58,3420,3461,7510381,a437c3f9ec13a44b820d107f57d10c5918d6b961376f3087fba77a47cac5a491,Yb176_group,"{""p4EBP1"":17,""pAKT"":32,""pERK1/2"":46,""pIKAROS"":28,""pPLCγ2"":14,""pS6"":45,""pSTAT5"":23,""pSYK"":39}","{""p4EBP1"":""(Nd144)Di"",""pAKT"":""(Tb159)Di"",""pERK1/2"":""(Yb173)Di"",""pIKAROS"":""(Gd155)Di"",""pPLCγ2"":""(Pr141)Di"",""pS6"":""(Yb172)Di"",""pSTAT5"":""(Nd150)Di"",""pSYK"":""(Er166)Di""}","{""p4EBP1"":""p4EBP1"",""pAKT"":""pAkt"",""pERK1/2"":""pErk"",""pIKAROS"":""pIkaros"",""pPLCγ2"":""pPLCg1_2"",""pS6"":""pS6"",""pSTAT5"":""pSTAT5"",""pSYK"":""pSyk""}"
41,UPN58,diagnostic_UPN_sample_label,1,BCR-Crosslink,target,UPN58_BCR-Crosslink.fcs,UPN58_BCR-Crosslink.fcs,2a93dbd17457cb9131901365884c5a1a73952ba609e07d2f65eeefda9c2e8d86,7498951,35356,53,F,"4,3,2,1",L,58,3428,3469,7498941,a437c3f9ec13a44b820d107f57d10c5918d6b961376f3087fba77a47cac5a491,Yb176_group,"{""p4EBP1"":17,""pAKT"":32,""pERK1/2"":46,""pIKAROS"":28,""pPLCγ2"":14,""pS6"":45,""pSTAT5"":23,""pSYK"":39}","{""p4EBP1"":""(Nd144)Di"",""pAKT"":""(Tb159)Di"",""pERK1/2"":""(Yb173)Di"",""pIKAROS"":""(Gd155)Di"",""pPLCγ2"":""(Pr141)Di"",""pS6"":""(Yb172)Di"",""pSTAT5"":""(Nd150)Di"",""pSYK"":""(Er166)Di""}","{""p4EBP1"":""p4EBP1"",""pAKT"":""pAkt"",""pERK1/2"":""pErk"",""pIKAROS"":""pIkaros"",""pPLCγ2"":""pPLCg1_2"",""pS6"":""pS6"",""pSTAT5"":""pSTAT5"",""pSYK"":""pSyk""}"
41,UPN58,diagnostic_UPN_sample_label,2,BEZ-235,target,UPN58_BEZ-235.fcs,UPN58_BEZ-235.fcs,de67b08a041b74c77c21bcec8254a13be2a41bb49f8bac802a729096d81143b2,5968099,28135,53,F,"4,3,2,1",L,58,3428,3469,5968089,a437c3f9ec13a44b820d107f57d10c5918d6b961376f3087fba77a47cac5a491,Yb176_group,"{""p4EBP1"":17,""pAKT"":32,""pERK1/2"":46,""pIKAROS"":28,""pPLCγ2"":14,""pS6"":45,""pSTAT5"":23,""pSYK"":39}","{""p4EBP1"":""(Nd144)Di"",""pAKT"":""(Tb159)Di"",""pERK1/2"":""(Yb173)Di"",""pIKAROS"":""(Gd155)Di"",""pPLCγ2"":""(Pr141)Di"",""pS6"":""(Yb172)Di"",""pSTAT5"":""(Nd150)Di"",""pSYK"":""(Er166)Di""}","{""p4EBP1"":""p4EBP1"",""pAKT"":""pAkt"",""pERK1/2"":""pErk"",""pIKAROS"":""pIkaros"",""pPLCγ2"":""pPLCg1_2"",""pS6"":""pS6"",""pSTAT5"":""pSTAT5"",""pSYK"":""pSyk""}"
41,UPN58,diagnostic_UPN_sample_label,3,Dasatinib,target,UPN58_Dasatinib.fcs,UPN58_Dasatinib.fcs,7d2da23e589b3628de3b3e633c4019e1a8b6b1fcabc87b9a2e6307c7d1854c39,6761184,31876,53,F,"4,3,2,1",L,58,3421,3462,6761174,a437c3f9ec13a44b820d107f57d10c5918d6b961376f3087fba77a47cac5a491,Yb176_group,"{""p4EBP1"":17,""pAKT"":32,""pERK1/2"":46,""pIKAROS"":28,""pPLCγ2"":14,""pS6"":45,""pSTAT5"":23,""pSYK"":39}","{""p4EBP1"":""(Nd144)Di"",""pAKT"":""(Tb159)Di"",""pERK1/2"":""(Yb173)Di"",""pIKAROS"":""(Gd155)Di"",""pPLCγ2"":""(Pr141)Di"",""pS6"":""(Yb172)Di"",""pSTAT5"":""(Nd150)Di"",""pSYK"":""(Er166)Di""}","{""p4EBP1"":""p4EBP1"",""pAKT"":""pAkt"",""pERK1/2"":""pErk"",""pIKAROS"":""pIkaros"",""pPLCγ2"":""pPLCg1_2"",""pS6"":""pS6"",""pSTAT5"":""pSTAT5"",""pSYK"":""pSyk""}"
41,UPN58,diagnostic_UPN_sample_label,4,IL-7,target,UPN58_IL-7.fcs,UPN58_IL-7.fcs,c8e5fb6480ca452420e94ef443bf6c7414358d12e3eff52d60daf67d87948f1f,4911481,23151,53,F,"4,3,2,1",L,58,3418,3459,4911471,a437c3f9ec13a44b820d107f57d10c5918d6b961376f3087fba77a47cac5a491,Yb176_group,"{""p4EBP1"":17,""pAKT"":32,""pERK1/2"":46,""pIKAROS"":28,""pPLCγ2"":14,""pS6"":45,""pSTAT5"":23,""pSYK"":39}","{""p4EBP1"":""(Nd144)Di"",""pAKT"":""(Tb159)Di"",""pERK1/2"":""(Yb173)Di"",""pIKAROS"":""(Gd155)Di"",""pPLCγ2"":""(Pr141)Di"",""pS6"":""(Yb172)Di"",""pSTAT5"":""(Nd150)Di"",""pSYK"":""(Er166)Di""}","{""p4EBP1"":""p4EBP1"",""pAKT"":""pAkt"",""pERK1/2"":""pErk"",""pIKAROS"":""pIkaros"",""pPLCγ2"":""pPLCg1_2"",""pS6"":""pS6"",""pSTAT5"":""pSTAT5"",""pSYK"":""pSyk""}"
41,UPN58,diagnostic_UPN_sample_label,5,Pervanadate,target,UPN58_Pervanadate.fcs,UPN58_Pervanadate.fcs,c10463af7ac0d970e65e3f6433acdffd00464840309aab1da1e037233790fa04,5527986,26059,53,F,"4,3,2,1",L,58,3427,3468,5527976,a437c3f9ec13a44b820d107f57d10c5918d6b961376f3087fba77a47cac5a491,Yb176_group,"{""p4EBP1"":17,""pAKT"":32,""pERK1/2"":46,""pIKAROS"":28,""pPLCγ2"":14,""pS6"":45,""pSTAT5"":23,""pSYK"":39}","{""p4EBP1"":""(Nd144)Di"",""pAKT"":""(Tb159)Di"",""pERK1/2"":""(Yb173)Di"",""pIKAROS"":""(Gd155)Di"",""pPLCγ2"":""(Pr141)Di"",""pS6"":""(Yb172)Di"",""pSTAT5"":""(Nd150)Di"",""pSYK"":""(Er166)Di""}","{""p4EBP1"":""p4EBP1"",""pAKT"":""pAkt"",""pERK1/2"":""pErk"",""pIKAROS"":""pIkaros"",""pPLCγ2"":""pPLCg1_2"",""pS6"":""pS6"",""pSTAT5"":""pSTAT5"",""pSYK"":""pSyk""}"
41,UPN58,diagnostic_UPN_sample_label,6,TSLP,target,UPN58_TSLP.fcs,UPN58_TSLP.fcs,7a7a130bddbdb5179ab022a2b97eafe73665de3683f1f8f962b37fca6a64a48e,5075151,23923,53,F,"4,3,2,1",L,58,3424,3465,5075141,a437c3f9ec13a44b820d107f57d10c5918d6b961376f3087fba77a47cac5a491,Yb176_group,"{""p4EBP1"":17,""pAKT"":32,""pERK1/2"":46,""pIKAROS"":28,""pPLCγ2"":14,""pS6"":45,""pSTAT5"":23,""pSYK"":39}","{""p4EBP1"":""(Nd144)Di"",""pAKT"":""(Tb159)Di"",""pERK1/2"":""(Yb173)Di"",""pIKAROS"":""(Gd155)Di"",""pPLCγ2"":""(Pr141)Di"",""pS6"":""(Yb172)Di"",""pSTAT5"":""(Nd150)Di"",""pSYK"":""(Er166)Di""}","{""p4EBP1"":""p4EBP1"",""pAKT"":""pAkt"",""pERK1/2"":""pErk"",""pIKAROS"":""pIkaros"",""pPLCγ2"":""pPLCg1_2"",""pS6"":""pS6"",""pSTAT5"":""pSTAT5"",""pSYK"":""pSyk""}"
41,UPN58,diagnostic_UPN_sample_label,7,Tofacitinib,target,UPN58_Tofacitinib.fcs,UPN58_Tofacitinib.fcs,120317442236711d49d7e4a38dc9f3a8a7943e3951fc15e83091cb161c288609,4748886,22384,53,F,"4,3,2,1",L,58,3427,3468,4748876,a437c3f9ec13a44b820d107f57d10c5918d6b961376f3087fba77a47cac5a491,Yb176_group,"{""p4EBP1"":17,""pAKT"":32,""pERK1/2"":46,""pIKAROS"":28,""pPLCγ2"":14,""pS6"":45,""pSTAT5"":23,""pSYK"":39}","{""p4EBP1"":""(Nd144)Di"",""pAKT"":""(Tb159)Di"",""pERK1/2"":""(Yb173)Di"",""pIKAROS"":""(Gd155)Di"",""pPLCγ2"":""(Pr141)Di"",""pS6"":""(Yb172)Di"",""pSTAT5"":""(Nd150)Di"",""pSYK"":""(Er166)Di""}","{""p4EBP1"":""p4EBP1"",""pAKT"":""pAkt"",""pERK1/2"":""pErk"",""pIKAROS"":""pIkaros"",""pPLCγ2"":""pPLCg1_2"",""pS6"":""pS6"",""pSTAT5"":""pSTAT5"",""pSYK"":""pSyk""}"
42,UPN67,diagnostic_UPN_sample_label,0,Basal,baseline,UPN67_Basal.fcs,UPN67_Basal.fcs,8b1f91f65089e629b5acfdd0b23f4f248d04ce422a568f2d62c5ed8a822aad38,1077935,5268,51,F,"4,3,2,1",L,58,3212,3253,1077925,2a38795ffd14387ba603e3f41c7346f64a8fd4abb05c10c72fa556a685aea042,Lu176_panel,"{""p4EBP1"":15,""pAKT"":30,""pERK1/2"":44,""pIKAROS"":26,""pPLCγ2"":12,""pS6"":43,""pSTAT5"":21,""pSYK"":37}","{""p4EBP1"":""Nd144Di"",""pAKT"":""Tb159Di"",""pERK1/2"":""Yb173Di"",""pIKAROS"":""Gd155Di"",""pPLCγ2"":""Pr141Di"",""pS6"":""Yb172Di"",""pSTAT5"":""Nd150Di"",""pSYK"":""Er166Di""}","{""p4EBP1"":""p4EBP1"",""pAKT"":""pAKT"",""pERK1/2"":""pERK"",""pIKAROS"":""pIKAROS"",""pPLCγ2"":""pPLCg1-2"",""pS6"":""pS6"",""pSTAT5"":""pSTAT5"",""pSYK"":""pSyk""}"
42,UPN67,diagnostic_UPN_sample_label,1,BCR-Crosslink,target,UPN67_BCR-Crosslink.fcs,UPN67_BCR-Crosslink.fcs,6776b65e5ce8643036a65aa282c524322f582721ab6ec4b59f83f11d7146a400,1156063,5651,51,F,"4,3,2,1",L,58,3208,3249,1156053,2a38795ffd14387ba603e3f41c7346f64a8fd4abb05c10c72fa556a685aea042,Lu176_panel,"{""p4EBP1"":15,""pAKT"":30,""pERK1/2"":44,""pIKAROS"":26,""pPLCγ2"":12,""pS6"":43,""pSTAT5"":21,""pSYK"":37}","{""p4EBP1"":""Nd144Di"",""pAKT"":""Tb159Di"",""pERK1/2"":""Yb173Di"",""pIKAROS"":""Gd155Di"",""pPLCγ2"":""Pr141Di"",""pS6"":""Yb172Di"",""pSTAT5"":""Nd150Di"",""pSYK"":""Er166Di""}","{""p4EBP1"":""p4EBP1"",""pAKT"":""pAKT"",""pERK1/2"":""pERK"",""pIKAROS"":""pIKAROS"",""pPLCγ2"":""pPLCg1-2"",""pS6"":""pS6"",""pSTAT5"":""pSTAT5"",""pSYK"":""pSyk""}"
42,UPN67,diagnostic_UPN_sample_label,2,BEZ-235,target,UPN67_BEZ-235.fcs,UPN67_BEZ-235.fcs,efac30c48fe9205a56a82142cd7ed09caea458f0a857f32a0600c37bd0d5a1c2,1892922,9263,51,F,"4,3,2,1",L,58,3219,3260,1892912,2a38795ffd14387ba603e3f41c7346f64a8fd4abb05c10c72fa556a685aea042,Lu176_panel,"{""p4EBP1"":15,""pAKT"":30,""pERK1/2"":44,""pIKAROS"":26,""pPLCγ2"":12,""pS6"":43,""pSTAT5"":21,""pSYK"":37}","{""p4EBP1"":""Nd144Di"",""pAKT"":""Tb159Di"",""pERK1/2"":""Yb173Di"",""pIKAROS"":""Gd155Di"",""pPLCγ2"":""Pr141Di"",""pS6"":""Yb172Di"",""pSTAT5"":""Nd150Di"",""pSYK"":""Er166Di""}","{""p4EBP1"":""p4EBP1"",""pAKT"":""pAKT"",""pERK1/2"":""pERK"",""pIKAROS"":""pIKAROS"",""pPLCγ2"":""pPLCg1-2"",""pS6"":""pS6"",""pSTAT5"":""pSTAT5"",""pSYK"":""pSyk""}"
42,UPN67,diagnostic_UPN_sample_label,3,Dasatinib,target,UPN67_Dasatinib.fcs,UPN67_Dasatinib.fcs,010088235464060bf10ca763e4a6f6d78bec24a7c1d8d5d2d36baee08a67c588,1701363,8324,51,F,"4,3,2,1",L,58,3216,3257,1701353,2a38795ffd14387ba603e3f41c7346f64a8fd4abb05c10c72fa556a685aea042,Lu176_panel,"{""p4EBP1"":15,""pAKT"":30,""pERK1/2"":44,""pIKAROS"":26,""pPLCγ2"":12,""pS6"":43,""pSTAT5"":21,""pSYK"":37}","{""p4EBP1"":""Nd144Di"",""pAKT"":""Tb159Di"",""pERK1/2"":""Yb173Di"",""pIKAROS"":""Gd155Di"",""pPLCγ2"":""Pr141Di"",""pS6"":""Yb172Di"",""pSTAT5"":""Nd150Di"",""pSYK"":""Er166Di""}","{""p4EBP1"":""p4EBP1"",""pAKT"":""pAKT"",""pERK1/2"":""pERK"",""pIKAROS"":""pIKAROS"",""pPLCγ2"":""pPLCg1-2"",""pS6"":""pS6"",""pSTAT5"":""pSTAT5"",""pSYK"":""pSyk""}"
42,UPN67,diagnostic_UPN_sample_label,4,IL-7,target,UPN67_IL-7.fcs,UPN67_IL-7.fcs,35000487803c5eb393d785865e7edd383b5653bc2aa75137cf55780d0e9d6482,1912506,9359,51,F,"4,3,2,1",L,58,3219,3260,1912496,2a38795ffd14387ba603e3f41c7346f64a8fd4abb05c10c72fa556a685aea042,Lu176_panel,"{""p4EBP1"":15,""pAKT"":30,""pERK1/2"":44,""pIKAROS"":26,""pPLCγ2"":12,""pS6"":43,""pSTAT5"":21,""pSYK"":37}","{""p4EBP1"":""Nd144Di"",""pAKT"":""Tb159Di"",""pERK1/2"":""Yb173Di"",""pIKAROS"":""Gd155Di"",""pPLCγ2"":""Pr141Di"",""pS6"":""Yb172Di"",""pSTAT5"":""Nd150Di"",""pSYK"":""Er166Di""}","{""p4EBP1"":""p4EBP1"",""pAKT"":""pAKT"",""pERK1/2"":""pERK"",""pIKAROS"":""pIKAROS"",""pPLCγ2"":""pPLCg1-2"",""pS6"":""pS6"",""pSTAT5"":""pSTAT5"",""pSYK"":""pSyk""}"
42,UPN67,diagnostic_UPN_sample_label,5,Pervanadate,target,UPN67_Pervanadate.fcs,UPN67_Pervanadate.fcs,ff1434e8dd34fcbb7f9aff002648be2e0d74079e60bdc2d89317d0b3bffc3e69,1068543,5222,51,F,"4,3,2,1",L,58,3204,3245,1068533,2a38795ffd14387ba603e3f41c7346f64a8fd4abb05c10c72fa556a685aea042,Lu176_panel,"{""p4EBP1"":15,""pAKT"":30,""pERK1/2"":44,""pIKAROS"":26,""pPLCγ2"":12,""pS6"":43,""pSTAT5"":21,""pSYK"":37}","{""p4EBP1"":""Nd144Di"",""pAKT"":""Tb159Di"",""pERK1/2"":""Yb173Di"",""pIKAROS"":""Gd155Di"",""pPLCγ2"":""Pr141Di"",""pS6"":""Yb172Di"",""pSTAT5"":""Nd150Di"",""pSYK"":""Er166Di""}","{""p4EBP1"":""p4EBP1"",""pAKT"":""pAKT"",""pERK1/2"":""pERK"",""pIKAROS"":""pIKAROS"",""pPLCγ2"":""pPLCg1-2"",""pS6"":""pS6"",""pSTAT5"":""pSTAT5"",""pSYK"":""pSyk""}"
42,UPN67,diagnostic_UPN_sample_label,6,TSLP,target,UPN67_TSLP.fcs,UPN67_TSLP.fcs,0ce751dd80f4720d8856fe12923df34f4ab286258fd6096a23795f1eecfb2267,1910669,9350,51,F,"4,3,2,1",L,58,3218,3259,1910659,2a38795ffd14387ba603e3f41c7346f64a8fd4abb05c10c72fa556a685aea042,Lu176_panel,"{""p4EBP1"":15,""pAKT"":30,""pERK1/2"":44,""pIKAROS"":26,""pPLCγ2"":12,""pS6"":43,""pSTAT5"":21,""pSYK"":37}","{""p4EBP1"":""Nd144Di"",""pAKT"":""Tb159Di"",""pERK1/2"":""Yb173Di"",""pIKAROS"":""Gd155Di"",""pPLCγ2"":""Pr141Di"",""pS6"":""Yb172Di"",""pSTAT5"":""Nd150Di"",""pSYK"":""Er166Di""}","{""p4EBP1"":""p4EBP1"",""pAKT"":""pAKT"",""pERK1/2"":""pERK"",""pIKAROS"":""pIKAROS"",""pPLCγ2"":""pPLCg1-2"",""pS6"":""pS6"",""pSTAT5"":""pSTAT5"",""pSYK"":""pSyk""}"
42,UPN67,diagnostic_UPN_sample_label,7,Tofacitinib,target,UPN67_Tofacitinib.fcs,UPN67_Tofacitinib.fcs,166e83168886236f4752d1ec9311c4b53ba07031c989fda1c31214e827fe933b,1959222,9588,51,F,"4,3,2,1",L,58,3219,3260,1959212,2a38795ffd14387ba603e3f41c7346f64a8fd4abb05c10c72fa556a685aea042,Lu176_panel,"{""p4EBP1"":15,""pAKT"":30,""pERK1/2"":44,""pIKAROS"":26,""pPLCγ2"":12,""pS6"":43,""pSTAT5"":21,""pSYK"":37}","{""p4EBP1"":""Nd144Di"",""pAKT"":""Tb159Di"",""pERK1/2"":""Yb173Di"",""pIKAROS"":""Gd155Di"",""pPLCγ2"":""Pr141Di"",""pS6"":""Yb172Di"",""pSTAT5"":""Nd150Di"",""pSYK"":""Er166Di""}","{""p4EBP1"":""p4EBP1"",""pAKT"":""pAKT"",""pERK1/2"":""pERK"",""pIKAROS"":""pIKAROS"",""pPLCγ2"":""pPLCg1-2"",""pS6"":""pS6"",""pSTAT5"":""pSTAT5"",""pSYK"":""pSyk""}"
43,UPN68,diagnostic_UPN_sample_label,0,Basal,baseline,UPN68_Basal.fcs,UPN68_Basal.fcs,18be4545075cf44c7c184b678c52ca7caf9f33ef88049abb51ec987b7257a5ec,2017981,9876,51,F,"4,3,2,1",L,58,3226,3267,2017971,2a38795ffd14387ba603e3f41c7346f64a8fd4abb05c10c72fa556a685aea042,Lu176_panel,"{""p4EBP1"":15,""pAKT"":30,""pERK1/2"":44,""pIKAROS"":26,""pPLCγ2"":12,""pS6"":43,""pSTAT5"":21,""pSYK"":37}","{""p4EBP1"":""Nd144Di"",""pAKT"":""Tb159Di"",""pERK1/2"":""Yb173Di"",""pIKAROS"":""Gd155Di"",""pPLCγ2"":""Pr141Di"",""pS6"":""Yb172Di"",""pSTAT5"":""Nd150Di"",""pSYK"":""Er166Di""}","{""p4EBP1"":""p4EBP1"",""pAKT"":""pAKT"",""pERK1/2"":""pERK"",""pIKAROS"":""pIKAROS"",""pPLCγ2"":""pPLCg1-2"",""pS6"":""pS6"",""pSTAT5"":""pSTAT5"",""pSYK"":""pSyk""}"
43,UPN68,diagnostic_UPN_sample_label,1,BCR-Crosslink,target,UPN68_BCR-Crosslink.fcs,UPN68_BCR-Crosslink.fcs,074944de494bb5501cf068d3b106ced9744c4caf28bbbad3837bede918cd6fe4,2083467,10197,51,F,"4,3,2,1",L,58,3228,3269,2083457,2a38795ffd14387ba603e3f41c7346f64a8fd4abb05c10c72fa556a685aea042,Lu176_panel,"{""p4EBP1"":15,""pAKT"":30,""pERK1/2"":44,""pIKAROS"":26,""pPLCγ2"":12,""pS6"":43,""pSTAT5"":21,""pSYK"":37}","{""p4EBP1"":""Nd144Di"",""pAKT"":""Tb159Di"",""pERK1/2"":""Yb173Di"",""pIKAROS"":""Gd155Di"",""pPLCγ2"":""Pr141Di"",""pS6"":""Yb172Di"",""pSTAT5"":""Nd150Di"",""pSYK"":""Er166Di""}","{""p4EBP1"":""p4EBP1"",""pAKT"":""pAKT"",""pERK1/2"":""pERK"",""pIKAROS"":""pIKAROS"",""pPLCγ2"":""pPLCg1-2"",""pS6"":""pS6"",""pSTAT5"":""pSTAT5"",""pSYK"":""pSyk""}"
43,UPN68,diagnostic_UPN_sample_label,2,BEZ-235,target,UPN68_BEZ-235.fcs,UPN68_BEZ-235.fcs,225db636be54bf0d05b230665ae86b3cc4ba52058a651067d3656e5f35b8df7e,2170571,10624,51,F,"4,3,2,1",L,58,3224,3265,2170561,2a38795ffd14387ba603e3f41c7346f64a8fd4abb05c10c72fa556a685aea042,Lu176_panel,"{""p4EBP1"":15,""pAKT"":30,""pERK1/2"":44,""pIKAROS"":26,""pPLCγ2"":12,""pS6"":43,""pSTAT5"":21,""pSYK"":37}","{""p4EBP1"":""Nd144Di"",""pAKT"":""Tb159Di"",""pERK1/2"":""Yb173Di"",""pIKAROS"":""Gd155Di"",""pPLCγ2"":""Pr141Di"",""pS6"":""Yb172Di"",""pSTAT5"":""Nd150Di"",""pSYK"":""Er166Di""}","{""p4EBP1"":""p4EBP1"",""pAKT"":""pAKT"",""pERK1/2"":""pERK"",""pIKAROS"":""pIKAROS"",""pPLCγ2"":""pPLCg1-2"",""pS6"":""pS6"",""pSTAT5"":""pSTAT5"",""pSYK"":""pSyk""}"
43,UPN68,diagnostic_UPN_sample_label,3,Dasatinib,target,UPN68_Dasatinib.fcs,UPN68_Dasatinib.fcs,ed5bd682195a4c9c2a3d46b0ff48ff3d105fe51dfe922943474d363075a2b169,2377022,11636,51,F,"4,3,2,1",L,58,3227,3268,2377012,2a38795ffd14387ba603e3f41c7346f64a8fd4abb05c10c72fa556a685aea042,Lu176_panel,"{""p4EBP1"":15,""pAKT"":30,""pERK1/2"":44,""pIKAROS"":26,""pPLCγ2"":12,""pS6"":43,""pSTAT5"":21,""pSYK"":37}","{""p4EBP1"":""Nd144Di"",""pAKT"":""Tb159Di"",""pERK1/2"":""Yb173Di"",""pIKAROS"":""Gd155Di"",""pPLCγ2"":""Pr141Di"",""pS6"":""Yb172Di"",""pSTAT5"":""Nd150Di"",""pSYK"":""Er166Di""}","{""p4EBP1"":""p4EBP1"",""pAKT"":""pAKT"",""pERK1/2"":""pERK"",""pIKAROS"":""pIKAROS"",""pPLCγ2"":""pPLCg1-2"",""pS6"":""pS6"",""pSTAT5"":""pSTAT5"",""pSYK"":""pSyk""}"
43,UPN68,diagnostic_UPN_sample_label,4,IL-7,target,UPN68_IL-7.fcs,UPN68_IL-7.fcs,3911eef182407ff9d18071b907da665690bbae0f0db2b3f465ff55f9ee96e6c3,2089174,10225,51,F,"4,3,2,1",L,58,3223,3264,2089164,2a38795ffd14387ba603e3f41c7346f64a8fd4abb05c10c72fa556a685aea042,Lu176_panel,"{""p4EBP1"":15,""pAKT"":30,""pERK1/2"":44,""pIKAROS"":26,""pPLCγ2"":12,""pS6"":43,""pSTAT5"":21,""pSYK"":37}","{""p4EBP1"":""Nd144Di"",""pAKT"":""Tb159Di"",""pERK1/2"":""Yb173Di"",""pIKAROS"":""Gd155Di"",""pPLCγ2"":""Pr141Di"",""pS6"":""Yb172Di"",""pSTAT5"":""Nd150Di"",""pSYK"":""Er166Di""}","{""p4EBP1"":""p4EBP1"",""pAKT"":""pAKT"",""pERK1/2"":""pERK"",""pIKAROS"":""pIKAROS"",""pPLCγ2"":""pPLCg1-2"",""pS6"":""pS6"",""pSTAT5"":""pSTAT5"",""pSYK"":""pSyk""}"
43,UPN68,diagnostic_UPN_sample_label,5,Pervanadate,target,UPN68_Pervanadate.fcs,UPN68_Pervanadate.fcs,117587eacad53797c291124e23a3741191faf15c8f339b95f929bb83bbffcbc0,1401079,6852,51,F,"4,3,2,1",L,58,3220,3261,1401069,2a38795ffd14387ba603e3f41c7346f64a8fd4abb05c10c72fa556a685aea042,Lu176_panel,"{""p4EBP1"":15,""pAKT"":30,""pERK1/2"":44,""pIKAROS"":26,""pPLCγ2"":12,""pS6"":43,""pSTAT5"":21,""pSYK"":37}","{""p4EBP1"":""Nd144Di"",""pAKT"":""Tb159Di"",""pERK1/2"":""Yb173Di"",""pIKAROS"":""Gd155Di"",""pPLCγ2"":""Pr141Di"",""pS6"":""Yb172Di"",""pSTAT5"":""Nd150Di"",""pSYK"":""Er166Di""}","{""p4EBP1"":""p4EBP1"",""pAKT"":""pAKT"",""pERK1/2"":""pERK"",""pIKAROS"":""pIKAROS"",""pPLCγ2"":""pPLCg1-2"",""pS6"":""pS6"",""pSTAT5"":""pSTAT5"",""pSYK"":""pSyk""}"
43,UPN68,diagnostic_UPN_sample_label,6,TSLP,target,UPN68_TSLP.fcs,UPN68_TSLP.fcs,f8512ca21b3a8bb960ec7ce23f70a2a70ff30bb2b169a4ed2b27c5afcbf18487,2025940,9915,51,F,"4,3,2,1",L,58,3229,3270,2025930,2a38795ffd14387ba603e3f41c7346f64a8fd4abb05c10c72fa556a685aea042,Lu176_panel,"{""p4EBP1"":15,""pAKT"":30,""pERK1/2"":44,""pIKAROS"":26,""pPLCγ2"":12,""pS6"":43,""pSTAT5"":21,""pSYK"":37}","{""p4EBP1"":""Nd144Di"",""pAKT"":""Tb159Di"",""pERK1/2"":""Yb173Di"",""pIKAROS"":""Gd155Di"",""pPLCγ2"":""Pr141Di"",""pS6"":""Yb172Di"",""pSTAT5"":""Nd150Di"",""pSYK"":""Er166Di""}","{""p4EBP1"":""p4EBP1"",""pAKT"":""pAKT"",""pERK1/2"":""pERK"",""pIKAROS"":""pIKAROS"",""pPLCγ2"":""pPLCg1-2"",""pS6"":""pS6"",""pSTAT5"":""pSTAT5"",""pSYK"":""pSyk""}"
43,UPN68,diagnostic_UPN_sample_label,7,Tofacitinib,target,UPN68_Tofacitinib.fcs,UPN68_Tofacitinib.fcs,f3117cf6f9636d3661705fe6f89a68d671056d16d2ebaadbb83a9393f03966a9,2099573,10276,51,F,"4,3,2,1",L,58,3218,3259,2099563,2a38795ffd14387ba603e3f41c7346f64a8fd4abb05c10c72fa556a685aea042,Lu176_panel,"{""p4EBP1"":15,""pAKT"":30,""pERK1/2"":44,""pIKAROS"":26,""pPLCγ2"":12,""pS6"":43,""pSTAT5"":21,""pSYK"":37}","{""p4EBP1"":""Nd144Di"",""pAKT"":""Tb159Di"",""pERK1/2"":""Yb173Di"",""pIKAROS"":""Gd155Di"",""pPLCγ2"":""Pr141Di"",""pS6"":""Yb172Di"",""pSTAT5"":""Nd150Di"",""pSYK"":""Er166Di""}","{""p4EBP1"":""p4EBP1"",""pAKT"":""pAKT"",""pERK1/2"":""pERK"",""pIKAROS"":""pIKAROS"",""pPLCγ2"":""pPLCg1-2"",""pS6"":""pS6"",""pSTAT5"":""pSTAT5"",""pSYK"":""pSyk""}"
44,UPN69,diagnostic_UPN_sample_label,0,Basal,baseline,UPN69_Basal.fcs,UPN69_Basal.fcs,173b3849b76341de62b9220690aa0a191046ae160f03e458e7a1321077b6d6a3,6223257,30490,51,F,"4,3,2,1",L,58,3246,3287,6223247,2a38795ffd14387ba603e3f41c7346f64a8fd4abb05c10c72fa556a685aea042,Lu176_panel,"{""p4EBP1"":15,""pAKT"":30,""pERK1/2"":44,""pIKAROS"":26,""pPLCγ2"":12,""pS6"":43,""pSTAT5"":21,""pSYK"":37}","{""p4EBP1"":""Nd144Di"",""pAKT"":""Tb159Di"",""pERK1/2"":""Yb173Di"",""pIKAROS"":""Gd155Di"",""pPLCγ2"":""Pr141Di"",""pS6"":""Yb172Di"",""pSTAT5"":""Nd150Di"",""pSYK"":""Er166Di""}","{""p4EBP1"":""p4EBP1"",""pAKT"":""pAKT"",""pERK1/2"":""pERK"",""pIKAROS"":""pIKAROS"",""pPLCγ2"":""pPLCg1-2"",""pS6"":""pS6"",""pSTAT5"":""pSTAT5"",""pSYK"":""pSyk""}"
44,UPN69,diagnostic_UPN_sample_label,1,BCR-Crosslink,target,UPN69_BCR-Crosslink.fcs,UPN69_BCR-Crosslink.fcs,39c39879e658036d8ed91e564919ed5ffd62fcf12dfb903cf1ee34a98e15ef91,4667953,22866,51,F,"4,3,2,1",L,58,3238,3279,4667943,2a38795ffd14387ba603e3f41c7346f64a8fd4abb05c10c72fa556a685aea042,Lu176_panel,"{""p4EBP1"":15,""pAKT"":30,""pERK1/2"":44,""pIKAROS"":26,""pPLCγ2"":12,""pS6"":43,""pSTAT5"":21,""pSYK"":37}","{""p4EBP1"":""Nd144Di"",""pAKT"":""Tb159Di"",""pERK1/2"":""Yb173Di"",""pIKAROS"":""Gd155Di"",""pPLCγ2"":""Pr141Di"",""pS6"":""Yb172Di"",""pSTAT5"":""Nd150Di"",""pSYK"":""Er166Di""}","{""p4EBP1"":""p4EBP1"",""pAKT"":""pAKT"",""pERK1/2"":""pERK"",""pIKAROS"":""pIKAROS"",""pPLCγ2"":""pPLCg1-2"",""pS6"":""pS6"",""pSTAT5"":""pSTAT5"",""pSYK"":""pSyk""}"
44,UPN69,diagnostic_UPN_sample_label,2,BEZ-235,target,UPN69_BEZ-235.fcs,UPN69_BEZ-235.fcs,a524c2b0b4e4797b4d968cd7e65da9de661a0a4e8182e1138300520ae34420fb,6331979,31023,51,F,"4,3,2,1",L,58,3236,3277,6331969,2a38795ffd14387ba603e3f41c7346f64a8fd4abb05c10c72fa556a685aea042,Lu176_panel,"{""p4EBP1"":15,""pAKT"":30,""pERK1/2"":44,""pIKAROS"":26,""pPLCγ2"":12,""pS6"":43,""pSTAT5"":21,""pSYK"":37}","{""p4EBP1"":""Nd144Di"",""pAKT"":""Tb159Di"",""pERK1/2"":""Yb173Di"",""pIKAROS"":""Gd155Di"",""pPLCγ2"":""Pr141Di"",""pS6"":""Yb172Di"",""pSTAT5"":""Nd150Di"",""pSYK"":""Er166Di""}","{""p4EBP1"":""p4EBP1"",""pAKT"":""pAKT"",""pERK1/2"":""pERK"",""pIKAROS"":""pIKAROS"",""pPLCγ2"":""pPLCg1-2"",""pS6"":""pS6"",""pSTAT5"":""pSTAT5"",""pSYK"":""pSyk""}"
44,UPN69,diagnostic_UPN_sample_label,3,Dasatinib,target,UPN69_Dasatinib.fcs,UPN69_Dasatinib.fcs,525a8236c18dda449bf538222cb78eb2aa9b562b724554450812bfdfb728f11a,6131658,30041,51,F,"4,3,2,1",L,58,3243,3284,6131648,2a38795ffd14387ba603e3f41c7346f64a8fd4abb05c10c72fa556a685aea042,Lu176_panel,"{""p4EBP1"":15,""pAKT"":30,""pERK1/2"":44,""pIKAROS"":26,""pPLCγ2"":12,""pS6"":43,""pSTAT5"":21,""pSYK"":37}","{""p4EBP1"":""Nd144Di"",""pAKT"":""Tb159Di"",""pERK1/2"":""Yb173Di"",""pIKAROS"":""Gd155Di"",""pPLCγ2"":""Pr141Di"",""pS6"":""Yb172Di"",""pSTAT5"":""Nd150Di"",""pSYK"":""Er166Di""}","{""p4EBP1"":""p4EBP1"",""pAKT"":""pAKT"",""pERK1/2"":""pERK"",""pIKAROS"":""pIKAROS"",""pPLCγ2"":""pPLCg1-2"",""pS6"":""pS6"",""pSTAT5"":""pSTAT5"",""pSYK"":""pSyk""}"
44,UPN69,diagnostic_UPN_sample_label,4,IL-7,target,UPN69_IL-7.fcs,UPN69_IL-7.fcs,54f4f83e0f1ac7fb6f74977188a0544d9a3d286ae06492f177419db64cd79e2b,7032108,34455,51,F,"4,3,2,1",L,58,3237,3278,7032098,2a38795ffd14387ba603e3f41c7346f64a8fd4abb05c10c72fa556a685aea042,Lu176_panel,"{""p4EBP1"":15,""pAKT"":30,""pERK1/2"":44,""pIKAROS"":26,""pPLCγ2"":12,""pS6"":43,""pSTAT5"":21,""pSYK"":37}","{""p4EBP1"":""Nd144Di"",""pAKT"":""Tb159Di"",""pERK1/2"":""Yb173Di"",""pIKAROS"":""Gd155Di"",""pPLCγ2"":""Pr141Di"",""pS6"":""Yb172Di"",""pSTAT5"":""Nd150Di"",""pSYK"":""Er166Di""}","{""p4EBP1"":""p4EBP1"",""pAKT"":""pAKT"",""pERK1/2"":""pERK"",""pIKAROS"":""pIKAROS"",""pPLCγ2"":""pPLCg1-2"",""pS6"":""pS6"",""pSTAT5"":""pSTAT5"",""pSYK"":""pSyk""}"
44,UPN69,diagnostic_UPN_sample_label,5,Pervanadate,target,UPN69_Pervanadate.fcs,UPN69_Pervanadate.fcs,90261cdd993479f82ff7cd5e7885311f531ff0c52e77b02d27f4d72153ebf1e0,3911109,19156,51,F,"4,3,2,1",L,58,3234,3275,3911099,2a38795ffd14387ba603e3f41c7346f64a8fd4abb05c10c72fa556a685aea042,Lu176_panel,"{""p4EBP1"":15,""pAKT"":30,""pERK1/2"":44,""pIKAROS"":26,""pPLCγ2"":12,""pS6"":43,""pSTAT5"":21,""pSYK"":37}","{""p4EBP1"":""Nd144Di"",""pAKT"":""Tb159Di"",""pERK1/2"":""Yb173Di"",""pIKAROS"":""Gd155Di"",""pPLCγ2"":""Pr141Di"",""pS6"":""Yb172Di"",""pSTAT5"":""Nd150Di"",""pSYK"":""Er166Di""}","{""p4EBP1"":""p4EBP1"",""pAKT"":""pAKT"",""pERK1/2"":""pERK"",""pIKAROS"":""pIKAROS"",""pPLCγ2"":""pPLCg1-2"",""pS6"":""pS6"",""pSTAT5"":""pSTAT5"",""pSYK"":""pSyk""}"
44,UPN69,diagnostic_UPN_sample_label,6,TSLP,target,UPN69_TSLP.fcs,UPN69_TSLP.fcs,0272c98a44a398da5626ac677441ae573960734c398713f5679a5278d6d26eb2,5365428,26285,51,F,"4,3,2,1",L,58,3237,3278,5365418,2a38795ffd14387ba603e3f41c7346f64a8fd4abb05c10c72fa556a685aea042,Lu176_panel,"{""p4EBP1"":15,""pAKT"":30,""pERK1/2"":44,""pIKAROS"":26,""pPLCγ2"":12,""pS6"":43,""pSTAT5"":21,""pSYK"":37}","{""p4EBP1"":""Nd144Di"",""pAKT"":""Tb159Di"",""pERK1/2"":""Yb173Di"",""pIKAROS"":""Gd155Di"",""pPLCγ2"":""Pr141Di"",""pS6"":""Yb172Di"",""pSTAT5"":""Nd150Di"",""pSYK"":""Er166Di""}","{""p4EBP1"":""p4EBP1"",""pAKT"":""pAKT"",""pERK1/2"":""pERK"",""pIKAROS"":""pIKAROS"",""pPLCγ2"":""pPLCg1-2"",""pS6"":""pS6"",""pSTAT5"":""pSTAT5"",""pSYK"":""pSyk""}"
44,UPN69,diagnostic_UPN_sample_label,7,Tofacitinib,target,UPN69_Tofacitinib.fcs,UPN69_Tofacitinib.fcs,f8b575da87d1f77a3dd82278d2131080a69793cfb291300f1e9b99a3b357879c,6689195,32774,51,F,"4,3,2,1",L,58,3248,3289,6689185,2a38795ffd14387ba603e3f41c7346f64a8fd4abb05c10c72fa556a685aea042,Lu176_panel,"{""p4EBP1"":15,""pAKT"":30,""pERK1/2"":44,""pIKAROS"":26,""pPLCγ2"":12,""pS6"":43,""pSTAT5"":21,""pSYK"":37}","{""p4EBP1"":""Nd144Di"",""pAKT"":""Tb159Di"",""pERK1/2"":""Yb173Di"",""pIKAROS"":""Gd155Di"",""pPLCγ2"":""Pr141Di"",""pS6"":""Yb172Di"",""pSTAT5"":""Nd150Di"",""pSYK"":""Er166Di""}","{""p4EBP1"":""p4EBP1"",""pAKT"":""pAKT"",""pERK1/2"":""pERK"",""pIKAROS"":""pIKAROS"",""pPLCγ2"":""pPLCg1-2"",""pS6"":""pS6"",""pSTAT5"":""pSTAT5"",""pSYK"":""pSyk""}"
