outer_heldout_rat,family,candidate_action,candidate_fixed_order,inner_heldout_rat,inner_fit_rats,inner_target,inner_standardized_absolute_error,inner_rat_family_mean,candidate_family_mean_score,selected_for_outer_family,tie_rule
Rat_01,PeakTension,1uM_PeakTension,1,Rat_02,5,3uM_PeakTension,0.9793136206926345,0.79252080115394474,1.0180493302559623,True,unrounded_binary64; exact equality uses fixed candidate order
Rat_01,PeakTension,1uM_PeakTension,1,Rat_02,5,10uM_PeakTension,0.60572798161525498,0.79252080115394474,1.0180493302559623,True,unrounded_binary64; exact equality uses fixed candidate order
Rat_01,PeakTension,1uM_PeakTension,1,Rat_03,5,3uM_PeakTension,0.67688845723579893,0.59622613525261103,1.0180493302559623,True,unrounded_binary64; exact equality uses fixed candidate order
Rat_01,PeakTension,1uM_PeakTension,1,Rat_03,5,10uM_PeakTension,0.51556381326942313,0.59622613525261103,1.0180493302559623,True,unrounded_binary64; exact equality uses fixed candidate order
Rat_01,PeakTension,1uM_PeakTension,1,Rat_04,5,3uM_PeakTension,0.25563326589418345,1.2694794164620855,1.0180493302559623,True,unrounded_binary64; exact equality uses fixed candidate order
Rat_01,PeakTension,1uM_PeakTension,1,Rat_04,5,10uM_PeakTension,2.2833255670299875,1.2694794164620855,1.0180493302559623,True,unrounded_binary64; exact equality uses fixed candidate order
Rat_01,PeakTension,1uM_PeakTension,1,Rat_05,5,3uM_PeakTension,0.96303226052307833,0.62981606393301059,1.0180493302559623,True,unrounded_binary64; exact equality uses fixed candidate order
Rat_01,PeakTension,1uM_PeakTension,1,Rat_05,5,10uM_PeakTension,0.29659986734294286,0.62981606393301059,1.0180493302559623,True,unrounded_binary64; exact equality uses fixed candidate order
Rat_01,PeakTension,1uM_PeakTension,1,Rat_06,5,3uM_PeakTension,0.30927251455730109,0.48157713082371822,1.0180493302559623,True,unrounded_binary64; exact equality uses fixed candidate order
Rat_01,PeakTension,1uM_PeakTension,1,Rat_06,5,10uM_PeakTension,0.65388174709013536,0.48157713082371822,1.0180493302559623,True,unrounded_binary64; exact equality uses fixed candidate order
Rat_01,PeakTension,1uM_PeakTension,1,Rat_07,5,3uM_PeakTension,2.6105376135010232,2.338676433910404,1.0180493302559623,True,unrounded_binary64; exact equality uses fixed candidate order
Rat_01,PeakTension,1uM_PeakTension,1,Rat_07,5,10uM_PeakTension,2.0668152543197853,2.338676433910404,1.0180493302559623,True,unrounded_binary64; exact equality uses fixed candidate order
Rat_01,PeakTension,1uM_TTP,2,Rat_02,5,3uM_PeakTension,1.5361073796199494,1.6718300220839393,1.3602750856427284,False,unrounded_binary64; exact equality uses fixed candidate order
Rat_01,PeakTension,1uM_TTP,2,Rat_02,5,10uM_PeakTension,1.8075526645479292,1.6718300220839393,1.3602750856427284,False,unrounded_binary64; exact equality uses fixed candidate order
Rat_01,PeakTension,1uM_TTP,2,Rat_03,5,3uM_PeakTension,0.41943247253267651,0.79896974001102228,1.3602750856427284,False,unrounded_binary64; exact equality uses fixed candidate order
Rat_01,PeakTension,1uM_TTP,2,Rat_03,5,10uM_PeakTension,1.178507007489368,0.79896974001102228,1.3602750856427284,False,unrounded_binary64; exact equality uses fixed candidate order
Rat_01,PeakTension,1uM_TTP,2,Rat_04,5,3uM_PeakTension,1.5205598650114445,2.5456908489738339,1.3602750856427284,False,unrounded_binary64; exact equality uses fixed candidate order
Rat_01,PeakTension,1uM_TTP,2,Rat_04,5,10uM_PeakTension,3.5708218329362231,2.5456908489738339,1.3602750856427284,False,unrounded_binary64; exact equality uses fixed candidate order
Rat_01,PeakTension,1uM_TTP,2,Rat_05,5,3uM_PeakTension,0.11109260591802075,0.095831905687685265,1.3602750856427284,False,unrounded_binary64; exact equality uses fixed candidate order
Rat_01,PeakTension,1uM_TTP,2,Rat_05,5,10uM_PeakTension,0.080571205457349776,0.095831905687685265,1.3602750856427284,False,unrounded_binary64; exact equality uses fixed candidate order
Rat_01,PeakTension,1uM_TTP,2,Rat_06,5,3uM_PeakTension,1.0524387804980779,1.0625102413812533,1.3602750856427284,False,unrounded_binary64; exact equality uses fixed candidate order
Rat_01,PeakTension,1uM_TTP,2,Rat_06,5,10uM_PeakTension,1.0725817022644286,1.0625102413812533,1.3602750856427284,False,unrounded_binary64; exact equality uses fixed candidate order
Rat_01,PeakTension,1uM_TTP,2,Rat_07,5,3uM_PeakTension,3.7709274800823613,1.9868177557186366,1.3602750856427284,False,unrounded_binary64; exact equality uses fixed candidate order
Rat_01,PeakTension,1uM_TTP,2,Rat_07,5,10uM_PeakTension,0.20270803135491183,1.9868177557186366,1.3602750856427284,False,unrounded_binary64; exact equality uses fixed candidate order
Rat_01,PeakTension,1uM_RT50,3,Rat_02,5,3uM_PeakTension,1.2305959671397257,1.6643807616810684,1.3982619044637847,False,unrounded_binary64; exact equality uses fixed candidate order
Rat_01,PeakTension,1uM_RT50,3,Rat_02,5,10uM_PeakTension,2.0981655562224111,1.6643807616810684,1.3982619044637847,False,unrounded_binary64; exact equality uses fixed candidate order
Rat_01,PeakTension,1uM_RT50,3,Rat_03,5,3uM_PeakTension,0.48392485294382603,0.73846309872361893,1.3982619044637847,False,unrounded_binary64; exact equality uses fixed candidate order
Rat_01,PeakTension,1uM_RT50,3,Rat_03,5,10uM_PeakTension,0.99300134450341193,0.73846309872361893,1.3982619044637847,False,unrounded_binary64; exact equality uses fixed candidate order
Rat_01,PeakTension,1uM_RT50,3,Rat_04,5,3uM_PeakTension,1.7232402520920647,2.5849975311579949,1.3982619044637847,False,unrounded_binary64; exact equality uses fixed candidate order
Rat_01,PeakTension,1uM_RT50,3,Rat_04,5,10uM_PeakTension,3.4467548102239252,2.5849975311579949,1.3982619044637847,False,unrounded_binary64; exact equality uses fixed candidate order
Rat_01,PeakTension,1uM_RT50,3,Rat_05,5,3uM_PeakTension,0.31820107175510481,0.19685178360004307,1.3982619044637847,False,unrounded_binary64; exact equality uses fixed candidate order
Rat_01,PeakTension,1uM_RT50,3,Rat_05,5,10uM_PeakTension,0.075502495444981346,0.19685178360004307,1.3982619044637847,False,unrounded_binary64; exact equality uses fixed candidate order
Rat_01,PeakTension,1uM_RT50,3,Rat_06,5,3uM_PeakTension,1.1319853604034547,1.1700443684288966,1.3982619044637847,False,unrounded_binary64; exact equality uses fixed candidate order
Rat_01,PeakTension,1uM_RT50,3,Rat_06,5,10uM_PeakTension,1.2081033764543383,1.1700443684288966,1.3982619044637847,False,unrounded_binary64; exact equality uses fixed candidate order
Rat_01,PeakTension,1uM_RT50,3,Rat_07,5,3uM_PeakTension,3.6949141972439778,2.0348338831910882,1.3982619044637847,False,unrounded_binary64; exact equality uses fixed candidate order
Rat_01,PeakTension,1uM_RT50,3,Rat_07,5,10uM_PeakTension,0.37475356913819891,2.0348338831910882,1.3982619044637847,False,unrounded_binary64; exact equality uses fixed candidate order
Rat_01,TTP,1uM_PeakTension,1,Rat_02,5,3uM_TTP,0.55451663835420473,0.50766178702041664,1.4051857843559106,False,unrounded_binary64; exact equality uses fixed candidate order
Rat_01,TTP,1uM_PeakTension,1,Rat_02,5,10uM_TTP,0.46080693568662856,0.50766178702041664,1.4051857843559106,False,unrounded_binary64; exact equality uses fixed candidate order
Rat_01,TTP,1uM_PeakTension,1,Rat_03,5,3uM_TTP,1.1118236949619178,0.81364642920264185,1.4051857843559106,False,unrounded_binary64; exact equality uses fixed candidate order
Rat_01,TTP,1uM_PeakTension,1,Rat_03,5,10uM_TTP,0.51546916344336591,0.81364642920264185,1.4051857843559106,False,unrounded_binary64; exact equality uses fixed candidate order
Rat_01,TTP,1uM_PeakTension,1,Rat_04,5,3uM_TTP,4.2705164668497275,3.8153408098932982,1.4051857843559106,False,unrounded_binary64; exact equality uses fixed candidate order
Rat_01,TTP,1uM_PeakTension,1,Rat_04,5,10uM_TTP,3.3601651529368688,3.8153408098932982,1.4051857843559106,False,unrounded_binary64; exact equality uses fixed candidate order
Rat_01,TTP,1uM_PeakTension,1,Rat_05,5,3uM_TTP,0.99418229459347696,1.0948708222756964,1.4051857843559106,False,unrounded_binary64; exact equality uses fixed candidate order
Rat_01,TTP,1uM_PeakTension,1,Rat_05,5,10uM_TTP,1.195559349957916,1.0948708222756964,1.4051857843559106,False,unrounded_binary64; exact equality uses fixed candidate order
Rat_01,TTP,1uM_PeakTension,1,Rat_06,5,3uM_TTP,0.21651649382850316,0.22743439570707444,1.4051857843559106,False,unrounded_binary64; exact equality uses fixed candidate order
Rat_01,TTP,1uM_PeakTension,1,Rat_06,5,10uM_TTP,0.23835229758564572,0.22743439570707444,1.4051857843559106,False,unrounded_binary64; exact equality uses fixed candidate order
Rat_01,TTP,1uM_PeakTension,1,Rat_07,5,3uM_TTP,1.5010793076159152,1.9721604620363362,1.4051857843559106,False,unrounded_binary64; exact equality uses fixed candidate order
Rat_01,TTP,1uM_PeakTension,1,Rat_07,5,10uM_TTP,2.4432416164567572,1.9721604620363362,1.4051857843559106,False,unrounded_binary64; exact equality uses fixed candidate order
Rat_01,TTP,1uM_TTP,2,Rat_02,5,3uM_TTP,0.60528054058415226,0.5091542463638038,0.62990076608092738,True,unrounded_binary64; exact equality uses fixed candidate order
Rat_01,TTP,1uM_TTP,2,Rat_02,5,10uM_TTP,0.41302795214345533,0.5091542463638038,0.62990076608092738,True,unrounded_binary64; exact equality uses fixed candidate order
Rat_01,TTP,1uM_TTP,2,Rat_03,5,3uM_TTP,0.42551280919936763,0.24258878133852765,0.62990076608092738,True,unrounded_binary64; exact equality uses fixed candidate order
Rat_01,TTP,1uM_TTP,2,Rat_03,5,10uM_TTP,0.059664753477687703,0.24258878133852765,0.62990076608092738,True,unrounded_binary64; exact equality uses fixed candidate order
Rat_01,TTP,1uM_TTP,2,Rat_04,5,3uM_TTP,1.884052998505455,1.563251239180254,0.62990076608092738,True,unrounded_binary64; exact equality uses fixed candidate order
Rat_01,TTP,1uM_TTP,2,Rat_04,5,10uM_TTP,1.2424494798550529,1.563251239180254,0.62990076608092738,True,unrounded_binary64; exact equality uses fixed candidate order
Rat_01,TTP,1uM_TTP,2,Rat_05,5,3uM_TTP,0.1315354684873275,0.09220063283570476,0.62990076608092738,True,unrounded_binary64; exact equality uses fixed candidate order
Rat_01,TTP,1uM_TTP,2,Rat_05,5,10uM_TTP,0.052865797184082033,0.09220063283570476,0.62990076608092738,True,unrounded_binary64; exact equality uses fixed candidate order
Rat_01,TTP,1uM_TTP,2,Rat_06,5,3uM_TTP,0.64771005839711349,0.84955095388143564,0.62990076608092738,True,unrounded_binary64; exact equality uses fixed candidate order
Rat_01,TTP,1uM_TTP,2,Rat_06,5,10uM_TTP,1.0513918493657577,0.84955095388143564,0.62990076608092738,True,unrounded_binary64; exact equality uses fixed candidate order
Rat_01,TTP,1uM_TTP,2,Rat_07,5,3uM_TTP,0.018246599465417877,0.52265874288583913,0.62990076608092738,True,unrounded_binary64; exact equality uses fixed candidate order
Rat_01,TTP,1uM_TTP,2,Rat_07,5,10uM_TTP,1.0270708863062603,0.52265874288583913,0.62990076608092738,True,unrounded_binary64; exact equality uses fixed candidate order
Rat_01,TTP,1uM_RT50,3,Rat_02,5,3uM_TTP,0.9507802848106035,0.90821921927170457,0.76694058150288369,False,unrounded_binary64; exact equality uses fixed candidate order
Rat_01,TTP,1uM_RT50,3,Rat_02,5,10uM_TTP,0.86565815373280564,0.90821921927170457,0.76694058150288369,False,unrounded_binary64; exact equality uses fixed candidate order
Rat_01,TTP,1uM_RT50,3,Rat_03,5,3uM_TTP,0.61254783232369769,0.40199810096601485,0.76694058150288369,False,unrounded_binary64; exact equality uses fixed candidate order
Rat_01,TTP,1uM_RT50,3,Rat_03,5,10uM_TTP,0.19144836960833203,0.40199810096601485,0.76694058150288369,False,unrounded_binary64; exact equality uses fixed candidate order
Rat_01,TTP,1uM_RT50,3,Rat_04,5,3uM_TTP,2.5321315292820961,1.9238064895001157,0.76694058150288369,False,unrounded_binary64; exact equality uses fixed candidate order
Rat_01,TTP,1uM_RT50,3,Rat_04,5,10uM_TTP,1.3154814497181353,1.9238064895001157,0.76694058150288369,False,unrounded_binary64; exact equality uses fixed candidate order
Rat_01,TTP,1uM_RT50,3,Rat_05,5,3uM_TTP,0.27887907392211042,0.18814658333403994,0.76694058150288369,False,unrounded_binary64; exact equality uses fixed candidate order
Rat_01,TTP,1uM_RT50,3,Rat_05,5,10uM_TTP,0.097414092745969474,0.18814658333403994,0.76694058150288369,False,unrounded_binary64; exact equality uses fixed candidate order
Rat_01,TTP,1uM_RT50,3,Rat_06,5,3uM_TTP,0.4214259609742923,0.64880351267823011,0.76694058150288369,False,unrounded_binary64; exact equality uses fixed candidate order
Rat_01,TTP,1uM_RT50,3,Rat_06,5,10uM_TTP,0.87618106438216792,0.64880351267823011,0.76694058150288369,False,unrounded_binary64; exact equality uses fixed candidate order
Rat_01,TTP,1uM_RT50,3,Rat_07,5,3uM_TTP,0.46026700829156081,0.53066958326719815,0.76694058150288369,False,unrounded_binary64; exact equality uses fixed candidate order
Rat_01,TTP,1uM_RT50,3,Rat_07,5,10uM_TTP,0.60107215824283544,0.53066958326719815,0.76694058150288369,False,unrounded_binary64; exact equality uses fixed candidate order
Rat_01,RT50,1uM_PeakTension,1,Rat_02,5,3uM_RT50,1.0109612559499004,1.0928400365047888,1.2586209976157028,False,unrounded_binary64; exact equality uses fixed candidate order
Rat_01,RT50,1uM_PeakTension,1,Rat_02,5,10uM_RT50,1.1747188170596772,1.0928400365047888,1.2586209976157028,False,unrounded_binary64; exact equality uses fixed candidate order
Rat_01,RT50,1uM_PeakTension,1,Rat_03,5,3uM_RT50,1.002883588381829,0.80995778954612319,1.2586209976157028,False,unrounded_binary64; exact equality uses fixed candidate order
Rat_01,RT50,1uM_PeakTension,1,Rat_03,5,10uM_RT50,0.61703199071041737,0.80995778954612319,1.2586209976157028,False,unrounded_binary64; exact equality uses fixed candidate order
Rat_01,RT50,1uM_PeakTension,1,Rat_04,5,3uM_RT50,2.8870988708359455,2.4024868394778771,1.2586209976157028,False,unrounded_binary64; exact equality uses fixed candidate order
Rat_01,RT50,1uM_PeakTension,1,Rat_04,5,10uM_RT50,1.9178748081198091,2.4024868394778771,1.2586209976157028,False,unrounded_binary64; exact equality uses fixed candidate order
Rat_01,RT50,1uM_PeakTension,1,Rat_05,5,3uM_RT50,0.90787729475353718,1.1243916562595095,1.2586209976157028,False,unrounded_binary64; exact equality uses fixed candidate order
Rat_01,RT50,1uM_PeakTension,1,Rat_05,5,10uM_RT50,1.3409060177654821,1.1243916562595095,1.2586209976157028,False,unrounded_binary64; exact equality uses fixed candidate order
Rat_01,RT50,1uM_PeakTension,1,Rat_06,5,3uM_RT50,0.22172827581584614,0.13464058459948935,1.2586209976157028,False,unrounded_binary64; exact equality uses fixed candidate order
Rat_01,RT50,1uM_PeakTension,1,Rat_06,5,10uM_RT50,0.047552893383132559,0.13464058459948935,1.2586209976157028,False,unrounded_binary64; exact equality uses fixed candidate order
Rat_01,RT50,1uM_PeakTension,1,Rat_07,5,3uM_RT50,1.8784721077259441,1.9874090793064283,1.2586209976157028,False,unrounded_binary64; exact equality uses fixed candidate order
Rat_01,RT50,1uM_PeakTension,1,Rat_07,5,10uM_RT50,2.0963460508869125,1.9874090793064283,1.2586209976157028,False,unrounded_binary64; exact equality uses fixed candidate order
Rat_01,RT50,1uM_TTP,2,Rat_02,5,3uM_RT50,0.044394310500168482,0.29153918946442475,0.51673269737394056,False,unrounded_binary64; exact equality uses fixed candidate order
Rat_01,RT50,1uM_TTP,2,Rat_02,5,10uM_RT50,0.538684068428681,0.29153918946442475,0.51673269737394056,False,unrounded_binary64; exact equality uses fixed candidate order
Rat_01,RT50,1uM_TTP,2,Rat_03,5,3uM_RT50,0.46529017066211159,0.38146733853677472,0.51673269737394056,False,unrounded_binary64; exact equality uses fixed candidate order
Rat_01,RT50,1uM_TTP,2,Rat_03,5,10uM_RT50,0.29764450641143791,0.38146733853677472,0.51673269737394056,False,unrounded_binary64; exact equality uses fixed candidate order
Rat_01,RT50,1uM_TTP,2,Rat_04,5,3uM_RT50,0.23807363441926338,0.36024052481963059,0.51673269737394056,False,unrounded_binary64; exact equality uses fixed candidate order
Rat_01,RT50,1uM_TTP,2,Rat_04,5,10uM_RT50,0.4824074152199978,0.36024052481963059,0.51673269737394056,False,unrounded_binary64; exact equality uses fixed candidate order
Rat_01,RT50,1uM_TTP,2,Rat_05,5,3uM_RT50,0.25094327794137544,0.12963286123083417,0.51673269737394056,False,unrounded_binary64; exact equality uses fixed candidate order
Rat_01,RT50,1uM_TTP,2,Rat_05,5,10uM_RT50,0.0083224445202928765,0.12963286123083417,0.51673269737394056,False,unrounded_binary64; exact equality uses fixed candidate order
Rat_01,RT50,1uM_TTP,2,Rat_06,5,3uM_RT50,0.7204491362158657,0.95140937754201493,0.51673269737394056,False,unrounded_binary64; exact equality uses fixed candidate order
Rat_01,RT50,1uM_TTP,2,Rat_06,5,10uM_RT50,1.1823696188681641,0.95140937754201493,0.51673269737394056,False,unrounded_binary64; exact equality uses fixed candidate order
Rat_01,RT50,1uM_TTP,2,Rat_07,5,3uM_RT50,0.65054924917050938,0.98610689264996421,0.51673269737394056,False,unrounded_binary64; exact equality uses fixed candidate order
Rat_01,RT50,1uM_TTP,2,Rat_07,5,10uM_RT50,1.321664536129419,0.98610689264996421,0.51673269737394056,False,unrounded_binary64; exact equality uses fixed candidate order
Rat_01,RT50,1uM_RT50,3,Rat_02,5,3uM_RT50,0.36723420832881215,0.23134630013609028,0.43307727699962273,True,unrounded_binary64; exact equality uses fixed candidate order
Rat_01,RT50,1uM_RT50,3,Rat_02,5,10uM_RT50,0.095458391943368429,0.23134630013609028,0.43307727699962273,True,unrounded_binary64; exact equality uses fixed candidate order
Rat_01,RT50,1uM_RT50,3,Rat_03,5,3uM_RT50,0.6123307927942071,0.49955311737950014,0.43307727699962273,True,unrounded_binary64; exact equality uses fixed candidate order
Rat_01,RT50,1uM_RT50,3,Rat_03,5,10uM_RT50,0.38677544196479319,0.49955311737950014,0.43307727699962273,True,unrounded_binary64; exact equality uses fixed candidate order
Rat_01,RT50,1uM_RT50,3,Rat_04,5,3uM_RT50,0.6510534658735686,0.4642926051997327,0.43307727699962273,True,unrounded_binary64; exact equality uses fixed candidate order
Rat_01,RT50,1uM_RT50,3,Rat_04,5,10uM_RT50,0.27753174452589685,0.4642926051997327,0.43307727699962273,True,unrounded_binary64; exact equality uses fixed candidate order
Rat_01,RT50,1uM_RT50,3,Rat_05,5,3uM_RT50,0.17968663282826927,0.095320303936461417,0.43307727699962273,True,unrounded_binary64; exact equality uses fixed candidate order
Rat_01,RT50,1uM_RT50,3,Rat_05,5,10uM_RT50,0.010953975044653574,0.095320303936461417,0.43307727699962273,True,unrounded_binary64; exact equality uses fixed candidate order
Rat_01,RT50,1uM_RT50,3,Rat_06,5,3uM_RT50,0.54122060662745131,0.79399984217159503,0.43307727699962273,True,unrounded_binary64; exact equality uses fixed candidate order
Rat_01,RT50,1uM_RT50,3,Rat_06,5,10uM_RT50,1.0467790777157386,0.79399984217159503,0.43307727699962273,True,unrounded_binary64; exact equality uses fixed candidate order
Rat_01,RT50,1uM_RT50,3,Rat_07,5,3uM_RT50,0.17069663784367761,0.51395149317435684,0.43307727699962273,True,unrounded_binary64; exact equality uses fixed candidate order
Rat_01,RT50,1uM_RT50,3,Rat_07,5,10uM_RT50,0.85720634850503608,0.51395149317435684,0.43307727699962273,True,unrounded_binary64; exact equality uses fixed candidate order
Rat_02,PeakTension,1uM_PeakTension,1,Rat_01,5,3uM_PeakTension,0.50891491405108447,0.45829758854781594,1.0786144657597578,False,unrounded_binary64; exact equality uses fixed candidate order
Rat_02,PeakTension,1uM_PeakTension,1,Rat_01,5,10uM_PeakTension,0.40768026304454741,0.45829758854781594,1.0786144657597578,False,unrounded_binary64; exact equality uses fixed candidate order
Rat_02,PeakTension,1uM_PeakTension,1,Rat_03,5,3uM_PeakTension,0.84198963318463815,0.6854599696961462,1.0786144657597578,False,unrounded_binary64; exact equality uses fixed candidate order
Rat_02,PeakTension,1uM_PeakTension,1,Rat_03,5,10uM_PeakTension,0.52893030620765424,0.6854599696961462,1.0786144657597578,False,unrounded_binary64; exact equality uses fixed candidate order
Rat_02,PeakTension,1uM_PeakTension,1,Rat_04,5,3uM_PeakTension,0.2933686700731935,1.3470993594516707,1.0786144657597578,False,unrounded_binary64; exact equality uses fixed candidate order
Rat_02,PeakTension,1uM_PeakTension,1,Rat_04,5,10uM_PeakTension,2.4008300488301479,1.3470993594516707,1.0786144657597578,False,unrounded_binary64; exact equality uses fixed candidate order
Rat_02,PeakTension,1uM_PeakTension,1,Rat_05,5,3uM_PeakTension,0.95053967687494867,0.57055904811248259,1.0786144657597578,False,unrounded_binary64; exact equality uses fixed candidate order
Rat_02,PeakTension,1uM_PeakTension,1,Rat_05,5,10uM_PeakTension,0.19057841935001654,0.57055904811248259,1.0786144657597578,False,unrounded_binary64; exact equality uses fixed candidate order
Rat_02,PeakTension,1uM_PeakTension,1,Rat_06,5,3uM_PeakTension,0.033139754603719616,0.61668954405425724,1.0786144657597578,False,unrounded_binary64; exact equality uses fixed candidate order
Rat_02,PeakTension,1uM_PeakTension,1,Rat_06,5,10uM_PeakTension,1.2002393335047949,0.61668954405425724,1.0786144657597578,False,unrounded_binary64; exact equality uses fixed candidate order
Rat_02,PeakTension,1uM_PeakTension,1,Rat_07,5,3uM_PeakTension,3.7547067452923524,2.7935812846961743,1.0786144657597578,False,unrounded_binary64; exact equality uses fixed candidate order
Rat_02,PeakTension,1uM_PeakTension,1,Rat_07,5,10uM_PeakTension,1.8324558240999962,2.7935812846961743,1.0786144657597578,False,unrounded_binary64; exact equality uses fixed candidate order
Rat_02,PeakTension,1uM_TTP,2,Rat_01,5,3uM_PeakTension,0.34565295473357832,0.32410946674888186,0.97351182943133419,True,unrounded_binary64; exact equality uses fixed candidate order
Rat_02,PeakTension,1uM_TTP,2,Rat_01,5,10uM_PeakTension,0.30256597876418534,0.32410946674888186,0.97351182943133419,True,unrounded_binary64; exact equality uses fixed candidate order
Rat_02,PeakTension,1uM_TTP,2,Rat_03,5,3uM_PeakTension,0.55147462773078204,0.83309385439852512,0.97351182943133419,True,unrounded_binary64; exact equality uses fixed candidate order
Rat_02,PeakTension,1uM_TTP,2,Rat_03,5,10uM_PeakTension,1.1147130810662682,0.83309385439852512,0.97351182943133419,True,unrounded_binary64; exact equality uses fixed candidate order
Rat_02,PeakTension,1uM_TTP,2,Rat_04,5,3uM_PeakTension,1.2097384665912119,0.67925151487389523,0.97351182943133419,True,unrounded_binary64; exact equality uses fixed candidate order
Rat_02,PeakTension,1uM_TTP,2,Rat_04,5,10uM_PeakTension,0.1487645631565786,0.67925151487389523,0.97351182943133419,True,unrounded_binary64; exact equality uses fixed candidate order
Rat_02,PeakTension,1uM_TTP,2,Rat_05,5,3uM_PeakTension,0.086903386342420369,0.096723188227617524,0.97351182943133419,True,unrounded_binary64; exact equality uses fixed candidate order
Rat_02,PeakTension,1uM_TTP,2,Rat_05,5,10uM_PeakTension,0.10654299011281468,0.096723188227617524,0.97351182943133419,True,unrounded_binary64; exact equality uses fixed candidate order
Rat_02,PeakTension,1uM_TTP,2,Rat_06,5,3uM_PeakTension,1.3079826663764729,1.2870657075925731,0.97351182943133419,True,unrounded_binary64; exact equality uses fixed candidate order
Rat_02,PeakTension,1uM_TTP,2,Rat_06,5,10uM_PeakTension,1.2661487488086733,1.2870657075925731,0.97351182943133419,True,unrounded_binary64; exact equality uses fixed candidate order
Rat_02,PeakTension,1uM_TTP,2,Rat_07,5,3uM_PeakTension,5.147249790475378,2.6208272447465117,0.97351182943133419,True,unrounded_binary64; exact equality uses fixed candidate order
Rat_02,PeakTension,1uM_TTP,2,Rat_07,5,10uM_PeakTension,0.094404699017645116,2.6208272447465117,0.97351182943133419,True,unrounded_binary64; exact equality uses fixed candidate order
Rat_02,PeakTension,1uM_RT50,3,Rat_01,5,3uM_PeakTension,0.35116087120766287,0.28243231078964215,1.5350757945020208,False,unrounded_binary64; exact equality uses fixed candidate order
Rat_02,PeakTension,1uM_RT50,3,Rat_01,5,10uM_PeakTension,0.2137037503716214,0.28243231078964215,1.5350757945020208,False,unrounded_binary64; exact equality uses fixed candidate order
Rat_02,PeakTension,1uM_RT50,3,Rat_03,5,3uM_PeakTension,0.61136179268852187,0.73677875714167518,1.5350757945020208,False,unrounded_binary64; exact equality uses fixed candidate order
Rat_02,PeakTension,1uM_RT50,3,Rat_03,5,10uM_PeakTension,0.86219572159482849,0.73677875714167518,1.5350757945020208,False,unrounded_binary64; exact equality uses fixed candidate order
Rat_02,PeakTension,1uM_RT50,3,Rat_04,5,3uM_PeakTension,6.0464366320410043,3.6174336934943203,1.5350757945020208,False,unrounded_binary64; exact equality uses fixed candidate order
Rat_02,PeakTension,1uM_RT50,3,Rat_04,5,10uM_PeakTension,1.1884307549476365,3.6174336934943203,1.5350757945020208,False,unrounded_binary64; exact equality uses fixed candidate order
Rat_02,PeakTension,1uM_RT50,3,Rat_05,5,3uM_PeakTension,0.26722241017604836,0.14111073918098782,1.5350757945020208,False,unrounded_binary64; exact equality uses fixed candidate order
Rat_02,PeakTension,1uM_RT50,3,Rat_05,5,10uM_PeakTension,0.0149990681859273,0.14111073918098782,1.5350757945020208,False,unrounded_binary64; exact equality uses fixed candidate order
Rat_02,PeakTension,1uM_RT50,3,Rat_06,5,3uM_PeakTension,1.3820266595774886,1.4230670356634971,1.5350757945020208,False,unrounded_binary64; exact equality uses fixed candidate order
Rat_02,PeakTension,1uM_RT50,3,Rat_06,5,10uM_PeakTension,1.4641074117495054,1.4230670356634971,1.5350757945020208,False,unrounded_binary64; exact equality uses fixed candidate order
Rat_02,PeakTension,1uM_RT50,3,Rat_07,5,3uM_PeakTension,5.4785631550943465,3.0096322307420031,1.5350757945020208,False,unrounded_binary64; exact equality uses fixed candidate order
Rat_02,PeakTension,1uM_RT50,3,Rat_07,5,10uM_PeakTension,0.54070130638965952,3.0096322307420031,1.5350757945020208,False,unrounded_binary64; exact equality uses fixed candidate order
Rat_02,TTP,1uM_PeakTension,1,Rat_01,5,3uM_TTP,0.57160887279326755,0.49815046241957106,1.665168672925633,False,unrounded_binary64; exact equality uses fixed candidate order
Rat_02,TTP,1uM_PeakTension,1,Rat_01,5,10uM_TTP,0.42469205204587462,0.49815046241957106,1.665168672925633,False,unrounded_binary64; exact equality uses fixed candidate order
Rat_02,TTP,1uM_PeakTension,1,Rat_03,5,3uM_TTP,0.82306806463165505,0.57905196892932032,1.665168672925633,False,unrounded_binary64; exact equality uses fixed candidate order
Rat_02,TTP,1uM_PeakTension,1,Rat_03,5,10uM_TTP,0.33503587322698558,0.57905196892932032,1.665168672925633,False,unrounded_binary64; exact equality uses fixed candidate order
Rat_02,TTP,1uM_PeakTension,1,Rat_04,5,3uM_TTP,7.4743361607154579,6.005539047516355,1.665168672925633,False,unrounded_binary64; exact equality uses fixed candidate order
Rat_02,TTP,1uM_PeakTension,1,Rat_04,5,10uM_TTP,4.5367419343172521,6.005539047516355,1.665168672925633,False,unrounded_binary64; exact equality uses fixed candidate order
Rat_02,TTP,1uM_PeakTension,1,Rat_05,5,3uM_TTP,0.68707708695276715,0.84409482896751142,1.665168672925633,False,unrounded_binary64; exact equality uses fixed candidate order
Rat_02,TTP,1uM_PeakTension,1,Rat_05,5,10uM_TTP,1.0011125709822557,0.84409482896751142,1.665168672925633,False,unrounded_binary64; exact equality uses fixed candidate order
Rat_02,TTP,1uM_PeakTension,1,Rat_06,5,3uM_TTP,0.68330367179146612,0.66378724042610404,1.665168672925633,False,unrounded_binary64; exact equality uses fixed candidate order
Rat_02,TTP,1uM_PeakTension,1,Rat_06,5,10uM_TTP,0.64427080906074208,0.66378724042610404,1.665168672925633,False,unrounded_binary64; exact equality uses fixed candidate order
Rat_02,TTP,1uM_PeakTension,1,Rat_07,5,3uM_TTP,1.0036665598217516,1.4003884892949365,1.665168672925633,False,unrounded_binary64; exact equality uses fixed candidate order
Rat_02,TTP,1uM_PeakTension,1,Rat_07,5,10uM_TTP,1.7971104187681213,1.4003884892949365,1.665168672925633,False,unrounded_binary64; exact equality uses fixed candidate order
Rat_02,TTP,1uM_TTP,2,Rat_01,5,3uM_TTP,0.54693068976734038,0.50602698196886253,1.4671397462424354,False,unrounded_binary64; exact equality uses fixed candidate order
Rat_02,TTP,1uM_TTP,2,Rat_01,5,10uM_TTP,0.46512327417038468,0.50602698196886253,1.4671397462424354,False,unrounded_binary64; exact equality uses fixed candidate order
Rat_02,TTP,1uM_TTP,2,Rat_03,5,3uM_TTP,0.33233464689477721,0.16724340734643936,1.4671397462424354,False,unrounded_binary64; exact equality uses fixed candidate order
Rat_02,TTP,1uM_TTP,2,Rat_03,5,10uM_TTP,0.0021521677981015158,0.16724340734643936,1.4671397462424354,False,unrounded_binary64; exact equality uses fixed candidate order
Rat_02,TTP,1uM_TTP,2,Rat_04,5,3uM_TTP,7.5645651882283476,6.7212459732193084,1.4671397462424354,False,unrounded_binary64; exact equality uses fixed candidate order
Rat_02,TTP,1uM_TTP,2,Rat_04,5,10uM_TTP,5.8779267582102692,6.7212459732193084,1.4671397462424354,False,unrounded_binary64; exact equality uses fixed candidate order
Rat_02,TTP,1uM_TTP,2,Rat_05,5,3uM_TTP,0.010109174014644727,0.027902631125710464,1.4671397462424354,False,unrounded_binary64; exact equality uses fixed candidate order
Rat_02,TTP,1uM_TTP,2,Rat_05,5,10uM_TTP,0.045696088236776199,0.027902631125710464,1.4671397462424354,False,unrounded_binary64; exact equality uses fixed candidate order
Rat_02,TTP,1uM_TTP,2,Rat_06,5,3uM_TTP,0.6964013908817317,0.90319997739650759,1.4671397462424354,False,unrounded_binary64; exact equality uses fixed candidate order
Rat_02,TTP,1uM_TTP,2,Rat_06,5,10uM_TTP,1.1099985639112835,0.90319997739650759,1.4671397462424354,False,unrounded_binary64; exact equality uses fixed candidate order
Rat_02,TTP,1uM_TTP,2,Rat_07,5,3uM_TTP,0.067156389226824306,0.47721950639778282,1.4671397462424354,False,unrounded_binary64; exact equality uses fixed candidate order
Rat_02,TTP,1uM_TTP,2,Rat_07,5,10uM_TTP,0.88728262356874132,0.47721950639778282,1.4671397462424354,False,unrounded_binary64; exact equality uses fixed candidate order
Rat_02,TTP,1uM_RT50,3,Rat_01,5,3uM_TTP,0.44290585300576707,0.4037767645545613,1.0436819296642688,True,unrounded_binary64; exact equality uses fixed candidate order
Rat_02,TTP,1uM_RT50,3,Rat_01,5,10uM_TTP,0.36464767610335552,0.4037767645545613,1.0436819296642688,True,unrounded_binary64; exact equality uses fixed candidate order
Rat_02,TTP,1uM_RT50,3,Rat_03,5,3uM_TTP,0.56910945222383225,0.38061265931165561,1.0436819296642688,True,unrounded_binary64; exact equality uses fixed candidate order
Rat_02,TTP,1uM_RT50,3,Rat_03,5,10uM_TTP,0.192115866399479,0.38061265931165561,1.0436819296642688,True,unrounded_binary64; exact equality uses fixed candidate order
Rat_02,TTP,1uM_RT50,3,Rat_04,5,3uM_TTP,8.4539898282977628,4.2566563035007725,1.0436819296642688,True,unrounded_binary64; exact equality uses fixed candidate order
Rat_02,TTP,1uM_RT50,3,Rat_04,5,10uM_TTP,0.05932277870378172,4.2566563035007725,1.0436819296642688,True,unrounded_binary64; exact equality uses fixed candidate order
Rat_02,TTP,1uM_RT50,3,Rat_05,5,3uM_TTP,0.14121251962813283,0.071112643004500292,1.0436819296642688,True,unrounded_binary64; exact equality uses fixed candidate order
Rat_02,TTP,1uM_RT50,3,Rat_05,5,10uM_TTP,0.001012766380867764,0.071112643004500292,1.0436819296642688,True,unrounded_binary64; exact equality uses fixed candidate order
Rat_02,TTP,1uM_RT50,3,Rat_06,5,3uM_TTP,0.43866360095684925,0.66339339661517704,1.0436819296642688,True,unrounded_binary64; exact equality uses fixed candidate order
Rat_02,TTP,1uM_RT50,3,Rat_06,5,10uM_TTP,0.88812319227350489,0.66339339661517704,1.0436819296642688,True,unrounded_binary64; exact equality uses fixed candidate order
Rat_02,TTP,1uM_RT50,3,Rat_07,5,3uM_TTP,0.58164852876147921,0.48653981099894628,1.0436819296642688,True,unrounded_binary64; exact equality uses fixed candidate order
Rat_02,TTP,1uM_RT50,3,Rat_07,5,10uM_TTP,0.39143109323641329,0.48653981099894628,1.0436819296642688,True,unrounded_binary64; exact equality uses fixed candidate order
Rat_02,RT50,1uM_PeakTension,1,Rat_01,5,3uM_RT50,0.68039703911273208,0.38324140483715557,1.4404215730108836,False,unrounded_binary64; exact equality uses fixed candidate order
Rat_02,RT50,1uM_PeakTension,1,Rat_01,5,10uM_RT50,0.086085770561579095,0.38324140483715557,1.4404215730108836,False,unrounded_binary64; exact equality uses fixed candidate order
Rat_02,RT50,1uM_PeakTension,1,Rat_03,5,3uM_RT50,0.67441288852011505,0.57501022340166885,1.4404215730108836,False,unrounded_binary64; exact equality uses fixed candidate order
Rat_02,RT50,1uM_PeakTension,1,Rat_03,5,10uM_RT50,0.47560755828322271,0.57501022340166885,1.4404215730108836,False,unrounded_binary64; exact equality uses fixed candidate order
Rat_02,RT50,1uM_PeakTension,1,Rat_04,5,3uM_RT50,6.2221566682689744,4.6440302145395131,1.4404215730108836,False,unrounded_binary64; exact equality uses fixed candidate order
Rat_02,RT50,1uM_PeakTension,1,Rat_04,5,10uM_RT50,3.0659037608100519,4.6440302145395131,1.4404215730108836,False,unrounded_binary64; exact equality uses fixed candidate order
Rat_02,RT50,1uM_PeakTension,1,Rat_05,5,3uM_RT50,0.48751933272644876,0.82581030837142544,1.4404215730108836,False,unrounded_binary64; exact equality uses fixed candidate order
Rat_02,RT50,1uM_PeakTension,1,Rat_05,5,10uM_RT50,1.164101284016402,0.82581030837142544,1.4404215730108836,False,unrounded_binary64; exact equality uses fixed candidate order
Rat_02,RT50,1uM_PeakTension,1,Rat_06,5,3uM_RT50,0.42765084281652277,0.61313395836155626,1.4404215730108836,False,unrounded_binary64; exact equality uses fixed candidate order
Rat_02,RT50,1uM_PeakTension,1,Rat_06,5,10uM_RT50,0.79861707390658976,0.61313395836155626,1.4404215730108836,False,unrounded_binary64; exact equality uses fixed candidate order
Rat_02,RT50,1uM_PeakTension,1,Rat_07,5,3uM_RT50,1.2607817328772004,1.6013033285539813,1.4404215730108836,False,unrounded_binary64; exact equality uses fixed candidate order
Rat_02,RT50,1uM_PeakTension,1,Rat_07,5,10uM_RT50,1.9418249242307621,1.6013033285539813,1.4404215730108836,False,unrounded_binary64; exact equality uses fixed candidate order
Rat_02,RT50,1uM_TTP,2,Rat_01,5,3uM_RT50,0.70749283688445153,0.4355622645487105,1.670236283570137,False,unrounded_binary64; exact equality uses fixed candidate order
Rat_02,RT50,1uM_TTP,2,Rat_01,5,10uM_RT50,0.16363169221296947,0.4355622645487105,1.670236283570137,False,unrounded_binary64; exact equality uses fixed candidate order
Rat_02,RT50,1uM_TTP,2,Rat_03,5,3uM_RT50,0.3012240236121787,0.27291640082031543,1.670236283570137,False,unrounded_binary64; exact equality uses fixed candidate order
Rat_02,RT50,1uM_TTP,2,Rat_03,5,10uM_RT50,0.24460877802845218,0.27291640082031543,1.670236283570137,False,unrounded_binary64; exact equality uses fixed candidate order
Rat_02,RT50,1uM_TTP,2,Rat_04,5,3uM_RT50,10.402833695175426,7.0038951757540051,1.670236283570137,False,unrounded_binary64; exact equality uses fixed candidate order
Rat_02,RT50,1uM_TTP,2,Rat_04,5,10uM_RT50,3.6049566563325852,7.0038951757540051,1.670236283570137,False,unrounded_binary64; exact equality uses fixed candidate order
Rat_02,RT50,1uM_TTP,2,Rat_05,5,3uM_RT50,0.39886400597258437,0.22065291764301717,1.670236283570137,False,unrounded_binary64; exact equality uses fixed candidate order
Rat_02,RT50,1uM_TTP,2,Rat_05,5,10uM_RT50,0.042441829313449954,0.22065291764301717,1.670236283570137,False,unrounded_binary64; exact equality uses fixed candidate order
Rat_02,RT50,1uM_TTP,2,Rat_06,5,3uM_RT50,0.88410633563001129,1.178006298878763,1.670236283570137,False,unrounded_binary64; exact equality uses fixed candidate order
Rat_02,RT50,1uM_TTP,2,Rat_06,5,10uM_RT50,1.4719062621275147,1.178006298878763,1.670236283570137,False,unrounded_binary64; exact equality uses fixed candidate order
Rat_02,RT50,1uM_TTP,2,Rat_07,5,3uM_RT50,0.47664080996540042,0.91038464377601003,1.670236283570137,False,unrounded_binary64; exact equality uses fixed candidate order
Rat_02,RT50,1uM_TTP,2,Rat_07,5,10uM_RT50,1.3441284775866196,0.91038464377601003,1.670236283570137,False,unrounded_binary64; exact equality uses fixed candidate order
Rat_02,RT50,1uM_RT50,3,Rat_01,5,3uM_RT50,0.60474210211267743,0.33982930426557123,0.99450109240882734,True,unrounded_binary64; exact equality uses fixed candidate order
Rat_02,RT50,1uM_RT50,3,Rat_01,5,10uM_RT50,0.074916506418465034,0.33982930426557123,0.99450109240882734,True,unrounded_binary64; exact equality uses fixed candidate order
Rat_02,RT50,1uM_RT50,3,Rat_03,5,3uM_RT50,0.50615587602493584,0.45394725064351937,0.99450109240882734,True,unrounded_binary64; exact equality uses fixed candidate order
Rat_02,RT50,1uM_RT50,3,Rat_03,5,10uM_RT50,0.40173862526210291,0.45394725064351937,0.99450109240882734,True,unrounded_binary64; exact equality uses fixed candidate order
Rat_02,RT50,1uM_RT50,3,Rat_04,5,3uM_RT50,5.4288924899542828,3.5869595249116619,0.99450109240882734,True,unrounded_binary64; exact equality uses fixed candidate order
Rat_02,RT50,1uM_RT50,3,Rat_04,5,10uM_RT50,1.7450265598690415,3.5869595249116619,0.99450109240882734,True,unrounded_binary64; exact equality uses fixed candidate order
Rat_02,RT50,1uM_RT50,3,Rat_05,5,3uM_RT50,0.31222324132227608,0.17067521551567205,0.99450109240882734,True,unrounded_binary64; exact equality uses fixed candidate order
Rat_02,RT50,1uM_RT50,3,Rat_05,5,10uM_RT50,0.02912718970906801,0.17067521551567205,0.99450109240882734,True,unrounded_binary64; exact equality uses fixed candidate order
Rat_02,RT50,1uM_RT50,3,Rat_06,5,3uM_RT50,0.65575002910958724,0.95861161548029028,0.99450109240882734,True,unrounded_binary64; exact equality uses fixed candidate order
Rat_02,RT50,1uM_RT50,3,Rat_06,5,10uM_RT50,1.2614732018509933,0.95861161548029028,0.99450109240882734,True,unrounded_binary64; exact equality uses fixed candidate order
Rat_02,RT50,1uM_RT50,3,Rat_07,5,3uM_RT50,0.011359068837392435,0.45698364363624921,0.99450109240882734,True,unrounded_binary64; exact equality uses fixed candidate order
Rat_02,RT50,1uM_RT50,3,Rat_07,5,10uM_RT50,0.90260821843510597,0.45698364363624921,0.99450109240882734,True,unrounded_binary64; exact equality uses fixed candidate order
Rat_03,PeakTension,1uM_PeakTension,1,Rat_01,5,3uM_PeakTension,0.44902710485500463,0.33398661511567634,1.0777095518679509,True,unrounded_binary64; exact equality uses fixed candidate order
Rat_03,PeakTension,1uM_PeakTension,1,Rat_01,5,10uM_PeakTension,0.21894612537634806,0.33398661511567634,1.0777095518679509,True,unrounded_binary64; exact equality uses fixed candidate order
Rat_03,PeakTension,1uM_PeakTension,1,Rat_02,5,3uM_PeakTension,1.0394719749067871,0.7695197802423166,1.0777095518679509,True,unrounded_binary64; exact equality uses fixed candidate order
Rat_03,PeakTension,1uM_PeakTension,1,Rat_02,5,10uM_PeakTension,0.49956758557784597,0.7695197802423166,1.0777095518679509,True,unrounded_binary64; exact equality uses fixed candidate order
Rat_03,PeakTension,1uM_PeakTension,1,Rat_04,5,3uM_PeakTension,0.3324159169028833,2.2163603497716498,1.0777095518679509,True,unrounded_binary64; exact equality uses fixed candidate order
Rat_03,PeakTension,1uM_PeakTension,1,Rat_04,5,10uM_PeakTension,4.100304782640416,2.2163603497716498,1.0777095518679509,True,unrounded_binary64; exact equality uses fixed candidate order
Rat_03,PeakTension,1uM_PeakTension,1,Rat_05,5,3uM_PeakTension,0.9422609925208093,0.68088422320473685,1.0777095518679509,True,unrounded_binary64; exact equality uses fixed candidate order
Rat_03,PeakTension,1uM_PeakTension,1,Rat_05,5,10uM_PeakTension,0.41950745388866434,0.68088422320473685,1.0777095518679509,True,unrounded_binary64; exact equality uses fixed candidate order
Rat_03,PeakTension,1uM_PeakTension,1,Rat_06,5,3uM_PeakTension,0.29347671822982807,0.42425049739918863,1.0777095518679509,True,unrounded_binary64; exact equality uses fixed candidate order
Rat_03,PeakTension,1uM_PeakTension,1,Rat_06,5,10uM_PeakTension,0.55502427656854925,0.42425049739918863,1.0777095518679509,True,unrounded_binary64; exact equality uses fixed candidate order
Rat_03,PeakTension,1uM_PeakTension,1,Rat_07,5,3uM_PeakTension,2.3085131141157089,2.0412558454741374,1.0777095518679509,True,unrounded_binary64; exact equality uses fixed candidate order
Rat_03,PeakTension,1uM_PeakTension,1,Rat_07,5,10uM_PeakTension,1.7739985768325661,2.0412558454741374,1.0777095518679509,True,unrounded_binary64; exact equality uses fixed candidate order
Rat_03,PeakTension,1uM_TTP,2,Rat_01,5,3uM_PeakTension,0.18962684560276588,0.17748193868299345,1.4361399564264861,False,unrounded_binary64; exact equality uses fixed candidate order
Rat_03,PeakTension,1uM_TTP,2,Rat_01,5,10uM_PeakTension,0.16533703176322101,0.17748193868299345,1.4361399564264861,False,unrounded_binary64; exact equality uses fixed candidate order
Rat_03,PeakTension,1uM_TTP,2,Rat_02,5,3uM_PeakTension,1.5489103295825914,1.6499468285674324,1.4361399564264861,False,unrounded_binary64; exact equality uses fixed candidate order
Rat_03,PeakTension,1uM_TTP,2,Rat_02,5,10uM_PeakTension,1.7509833275522733,1.6499468285674324,1.4361399564264861,False,unrounded_binary64; exact equality uses fixed candidate order
Rat_03,PeakTension,1uM_TTP,2,Rat_04,5,3uM_PeakTension,1.5386573889004644,3.3848859340047084,1.4361399564264861,False,unrounded_binary64; exact equality uses fixed candidate order
Rat_03,PeakTension,1uM_TTP,2,Rat_04,5,10uM_PeakTension,5.2311144791089523,3.3848859340047084,1.4361399564264861,False,unrounded_binary64; exact equality uses fixed candidate order
Rat_03,PeakTension,1uM_TTP,2,Rat_05,5,3uM_PeakTension,0.217919686378828,0.35353167761549453,1.4361399564264861,False,unrounded_binary64; exact equality uses fixed candidate order
Rat_03,PeakTension,1uM_TTP,2,Rat_05,5,10uM_PeakTension,0.4891436688521611,0.35353167761549453,1.4361399564264861,False,unrounded_binary64; exact equality uses fixed candidate order
Rat_03,PeakTension,1uM_TTP,2,Rat_06,5,3uM_PeakTension,1.1979815617500102,0.97398215800289689,1.4361399564264861,False,unrounded_binary64; exact equality uses fixed candidate order
Rat_03,PeakTension,1uM_TTP,2,Rat_06,5,10uM_PeakTension,0.74998275425578353,0.97398215800289689,1.4361399564264861,False,unrounded_binary64; exact equality uses fixed candidate order
Rat_03,PeakTension,1uM_TTP,2,Rat_07,5,3uM_PeakTension,3.6426899147121317,2.0770112016853917,1.4361399564264861,False,unrounded_binary64; exact equality uses fixed candidate order
Rat_03,PeakTension,1uM_TTP,2,Rat_07,5,10uM_PeakTension,0.511332488658652,2.0770112016853917,1.4361399564264861,False,unrounded_binary64; exact equality uses fixed candidate order
Rat_03,PeakTension,1uM_RT50,3,Rat_01,5,3uM_PeakTension,0.2899655954553037,0.2339989351854834,1.5070182246214598,False,unrounded_binary64; exact equality uses fixed candidate order
Rat_03,PeakTension,1uM_RT50,3,Rat_01,5,10uM_PeakTension,0.17803227491566309,0.2339989351854834,1.5070182246214598,False,unrounded_binary64; exact equality uses fixed candidate order
Rat_03,PeakTension,1uM_RT50,3,Rat_02,5,3uM_PeakTension,1.2756595827617088,1.6678432655267856,1.5070182246214598,False,unrounded_binary64; exact equality uses fixed candidate order
Rat_03,PeakTension,1uM_RT50,3,Rat_02,5,10uM_PeakTension,2.0600269482918625,1.6678432655267856,1.5070182246214598,False,unrounded_binary64; exact equality uses fixed candidate order
Rat_03,PeakTension,1uM_RT50,3,Rat_04,5,3uM_PeakTension,1.7067697164717255,3.6443733367631799,1.5070182246214598,False,unrounded_binary64; exact equality uses fixed candidate order
Rat_03,PeakTension,1uM_RT50,3,Rat_04,5,10uM_PeakTension,5.5819769570546347,3.6443733367631799,1.5070182246214598,False,unrounded_binary64; exact equality uses fixed candidate order
Rat_03,PeakTension,1uM_RT50,3,Rat_05,5,3uM_PeakTension,0.38670784629647031,0.28250003963300974,1.5070182246214598,False,unrounded_binary64; exact equality uses fixed candidate order
Rat_03,PeakTension,1uM_RT50,3,Rat_05,5,10uM_PeakTension,0.17829223296954921,0.28250003963300974,1.5070182246214598,False,unrounded_binary64; exact equality uses fixed candidate order
Rat_03,PeakTension,1uM_RT50,3,Rat_06,5,3uM_PeakTension,1.2119430247646734,1.1080069894438482,1.5070182246214598,False,unrounded_binary64; exact equality uses fixed candidate order
Rat_03,PeakTension,1uM_RT50,3,Rat_06,5,10uM_PeakTension,1.0040709541230228,1.1080069894438482,1.5070182246214598,False,unrounded_binary64; exact equality uses fixed candidate order
Rat_03,PeakTension,1uM_RT50,3,Rat_07,5,3uM_PeakTension,3.5215290387970066,2.1053867811764531,1.5070182246214598,False,unrounded_binary64; exact equality uses fixed candidate order
Rat_03,PeakTension,1uM_RT50,3,Rat_07,5,10uM_PeakTension,0.68924452355589927,2.1053867811764531,1.5070182246214598,False,unrounded_binary64; exact equality uses fixed candidate order
Rat_03,TTP,1uM_PeakTension,1,Rat_01,5,3uM_TTP,0.90973892328395489,0.74959862026421942,1.4390115908743273,False,unrounded_binary64; exact equality uses fixed candidate order
Rat_03,TTP,1uM_PeakTension,1,Rat_01,5,10uM_TTP,0.58945831724448394,0.74959862026421942,1.4390115908743273,False,unrounded_binary64; exact equality uses fixed candidate order
Rat_03,TTP,1uM_PeakTension,1,Rat_02,5,3uM_TTP,0.54390784858330021,0.50874272200136361,1.4390115908743273,False,unrounded_binary64; exact equality uses fixed candidate order
Rat_03,TTP,1uM_PeakTension,1,Rat_02,5,10uM_TTP,0.47357759541942696,0.50874272200136361,1.4390115908743273,False,unrounded_binary64; exact equality uses fixed candidate order
Rat_03,TTP,1uM_PeakTension,1,Rat_04,5,3uM_TTP,4.4677806100806006,3.9241581527429021,1.4390115908743273,False,unrounded_binary64; exact equality uses fixed candidate order
Rat_03,TTP,1uM_PeakTension,1,Rat_04,5,10uM_TTP,3.3805356954052033,3.9241581527429021,1.4390115908743273,False,unrounded_binary64; exact equality uses fixed candidate order
Rat_03,TTP,1uM_PeakTension,1,Rat_05,5,3uM_TTP,1.0460394746184896,1.1007220198157963,1.4390115908743273,False,unrounded_binary64; exact equality uses fixed candidate order
Rat_03,TTP,1uM_PeakTension,1,Rat_05,5,10uM_TTP,1.1554045650131031,1.1007220198157963,1.4390115908743273,False,unrounded_binary64; exact equality uses fixed candidate order
Rat_03,TTP,1uM_PeakTension,1,Rat_06,5,3uM_TTP,0.22038240033851814,0.24051226139867091,1.4390115908743273,False,unrounded_binary64; exact equality uses fixed candidate order
Rat_03,TTP,1uM_PeakTension,1,Rat_06,5,10uM_TTP,0.26064212245882368,0.24051226139867091,1.4390115908743273,False,unrounded_binary64; exact equality uses fixed candidate order
Rat_03,TTP,1uM_PeakTension,1,Rat_07,5,3uM_TTP,1.7705333047885878,2.1103357690230116,1.4390115908743273,False,unrounded_binary64; exact equality uses fixed candidate order
Rat_03,TTP,1uM_PeakTension,1,Rat_07,5,10uM_TTP,2.4501382332574355,2.1103357690230116,1.4390115908743273,False,unrounded_binary64; exact equality uses fixed candidate order
Rat_03,TTP,1uM_TTP,2,Rat_01,5,3uM_TTP,0.5755176707919879,0.49816260205361762,0.71696047507637672,True,unrounded_binary64; exact equality uses fixed candidate order
Rat_03,TTP,1uM_TTP,2,Rat_01,5,10uM_TTP,0.42080753331524734,0.49816260205361762,0.71696047507637672,True,unrounded_binary64; exact equality uses fixed candidate order
Rat_03,TTP,1uM_TTP,2,Rat_02,5,3uM_TTP,0.54781853491862265,0.43905959829856905,0.71696047507637672,True,unrounded_binary64; exact equality uses fixed candidate order
Rat_03,TTP,1uM_TTP,2,Rat_02,5,10uM_TTP,0.33030066167851546,0.43905959829856905,0.71696047507637672,True,unrounded_binary64; exact equality uses fixed candidate order
Rat_03,TTP,1uM_TTP,2,Rat_04,5,3uM_TTP,2.3089417949751794,1.8456422559694889,0.71696047507637672,True,unrounded_binary64; exact equality uses fixed candidate order
Rat_03,TTP,1uM_TTP,2,Rat_04,5,10uM_TTP,1.3823427169637983,1.8456422559694889,0.71696047507637672,True,unrounded_binary64; exact equality uses fixed candidate order
Rat_03,TTP,1uM_TTP,2,Rat_05,5,3uM_TTP,0.12636986176786441,0.091194638223625085,0.71696047507637672,True,unrounded_binary64; exact equality uses fixed candidate order
Rat_03,TTP,1uM_TTP,2,Rat_05,5,10uM_TTP,0.056019414679385773,0.091194638223625085,0.71696047507637672,True,unrounded_binary64; exact equality uses fixed candidate order
Rat_03,TTP,1uM_TTP,2,Rat_06,5,3uM_TTP,0.70796789951702799,0.94137024986253937,0.71696047507637672,True,unrounded_binary64; exact equality uses fixed candidate order
Rat_03,TTP,1uM_TTP,2,Rat_06,5,10uM_TTP,1.1747726002080507,0.94137024986253937,0.71696047507637672,True,unrounded_binary64; exact equality uses fixed candidate order
Rat_03,TTP,1uM_TTP,2,Rat_07,5,3uM_TTP,0.041333894683080998,0.48633350605042036,0.71696047507637672,True,unrounded_binary64; exact equality uses fixed candidate order
Rat_03,TTP,1uM_TTP,2,Rat_07,5,10uM_TTP,0.9313331174177597,0.48633350605042036,0.71696047507637672,True,unrounded_binary64; exact equality uses fixed candidate order
Rat_03,TTP,1uM_RT50,3,Rat_01,5,3uM_TTP,0.49377480253352246,0.40630506376414266,0.77976312972313477,False,unrounded_binary64; exact equality uses fixed candidate order
Rat_03,TTP,1uM_RT50,3,Rat_01,5,10uM_TTP,0.3188353249947628,0.40630506376414266,0.77976312972313477,False,unrounded_binary64; exact equality uses fixed candidate order
Rat_03,TTP,1uM_RT50,3,Rat_02,5,3uM_TTP,0.97511100760449498,0.90260083502644739,0.77976312972313477,False,unrounded_binary64; exact equality uses fixed candidate order
Rat_03,TTP,1uM_RT50,3,Rat_02,5,10uM_TTP,0.83009066244839969,0.90260083502644739,0.77976312972313477,False,unrounded_binary64; exact equality uses fixed candidate order
Rat_03,TTP,1uM_RT50,3,Rat_04,5,3uM_TTP,2.7065270464112317,2.0247164493456107,0.77976312972313477,False,unrounded_binary64; exact equality uses fixed candidate order
Rat_03,TTP,1uM_RT50,3,Rat_04,5,10uM_TTP,1.3429058522799895,2.0247164493456107,0.77976312972313477,False,unrounded_binary64; exact equality uses fixed candidate order
Rat_03,TTP,1uM_RT50,3,Rat_05,5,3uM_TTP,0.3380409020470298,0.19896022424110818,0.77976312972313477,False,unrounded_binary64; exact equality uses fixed candidate order
Rat_03,TTP,1uM_RT50,3,Rat_05,5,10uM_TTP,0.059879546435186552,0.19896022424110818,0.77976312972313477,False,unrounded_binary64; exact equality uses fixed candidate order
Rat_03,TTP,1uM_RT50,3,Rat_06,5,3uM_TTP,0.40283808413861194,0.65372269018970552,0.77976312972313477,False,unrounded_binary64; exact equality uses fixed candidate order
Rat_03,TTP,1uM_RT50,3,Rat_06,5,10uM_TTP,0.90460729624079916,0.65372269018970552,0.77976312972313477,False,unrounded_binary64; exact equality uses fixed candidate order
Rat_03,TTP,1uM_RT50,3,Rat_07,5,3uM_TTP,0.43342878932921142,0.49227351577179401,0.77976312972313477,False,unrounded_binary64; exact equality uses fixed candidate order
Rat_03,TTP,1uM_RT50,3,Rat_07,5,10uM_TTP,0.55111824221437655,0.49227351577179401,0.77976312972313477,False,unrounded_binary64; exact equality uses fixed candidate order
Rat_03,RT50,1uM_PeakTension,1,Rat_01,5,3uM_RT50,1.0113922512129669,0.67701911414833627,1.2873589232785358,False,unrounded_binary64; exact equality uses fixed candidate order
Rat_03,RT50,1uM_PeakTension,1,Rat_01,5,10uM_RT50,0.34264597708370553,0.67701911414833627,1.2873589232785358,False,unrounded_binary64; exact equality uses fixed candidate order
Rat_03,RT50,1uM_PeakTension,1,Rat_02,5,3uM_RT50,1.0174204539281049,1.0878660197407646,1.2873589232785358,False,unrounded_binary64; exact equality uses fixed candidate order
Rat_03,RT50,1uM_PeakTension,1,Rat_02,5,10uM_RT50,1.1583115855534241,1.0878660197407646,1.2873589232785358,False,unrounded_binary64; exact equality uses fixed candidate order
Rat_03,RT50,1uM_PeakTension,1,Rat_04,5,3uM_RT50,2.8904360554737765,2.3892632704298769,1.2873589232785358,False,unrounded_binary64; exact equality uses fixed candidate order
Rat_03,RT50,1uM_PeakTension,1,Rat_04,5,10uM_RT50,1.888090485385977,2.3892632704298769,1.2873589232785358,False,unrounded_binary64; exact equality uses fixed candidate order
Rat_03,RT50,1uM_PeakTension,1,Rat_05,5,3uM_RT50,0.88421427630501326,1.1601445347482082,1.2873589232785358,False,unrounded_binary64; exact equality uses fixed candidate order
Rat_03,RT50,1uM_PeakTension,1,Rat_05,5,10uM_RT50,1.4360747931914033,1.1601445347482082,1.2873589232785358,False,unrounded_binary64; exact equality uses fixed candidate order
Rat_03,RT50,1uM_PeakTension,1,Rat_06,5,3uM_RT50,0.19402608187359813,0.10814768707996085,1.2873589232785358,False,unrounded_binary64; exact equality uses fixed candidate order
Rat_03,RT50,1uM_PeakTension,1,Rat_06,5,10uM_RT50,0.022269292286323565,0.10814768707996085,1.2873589232785358,False,unrounded_binary64; exact equality uses fixed candidate order
Rat_03,RT50,1uM_PeakTension,1,Rat_07,5,3uM_RT50,1.9714529628364201,2.3017129135240681,1.2873589232785358,False,unrounded_binary64; exact equality uses fixed candidate order
Rat_03,RT50,1uM_PeakTension,1,Rat_07,5,10uM_RT50,2.6319728642117157,2.3017129135240681,1.2873589232785358,False,unrounded_binary64; exact equality uses fixed candidate order
Rat_03,RT50,1uM_TTP,2,Rat_01,5,3uM_RT50,0.79855450742797451,0.53454876901677417,0.60184321222518722,False,unrounded_binary64; exact equality uses fixed candidate order
Rat_03,RT50,1uM_TTP,2,Rat_01,5,10uM_RT50,0.27054303060557389,0.53454876901677417,0.60184321222518722,False,unrounded_binary64; exact equality uses fixed candidate order
Rat_03,RT50,1uM_TTP,2,Rat_02,5,3uM_RT50,0.14537625354863329,0.3559012978238677,0.60184321222518722,False,unrounded_binary64; exact equality uses fixed candidate order
Rat_03,RT50,1uM_TTP,2,Rat_02,5,10uM_RT50,0.56642634209910214,0.3559012978238677,0.60184321222518722,False,unrounded_binary64; exact equality uses fixed candidate order
Rat_03,RT50,1uM_TTP,2,Rat_04,5,3uM_RT50,0.54937545479292993,0.46758614725587161,0.60184321222518722,False,unrounded_binary64; exact equality uses fixed candidate order
Rat_03,RT50,1uM_TTP,2,Rat_04,5,10uM_RT50,0.38579683971881329,0.46758614725587161,0.60184321222518722,False,unrounded_binary64; exact equality uses fixed candidate order
Rat_03,RT50,1uM_TTP,2,Rat_05,5,3uM_RT50,0.32895394400704786,0.18444887926939632,0.60184321222518722,False,unrounded_binary64; exact equality uses fixed candidate order
Rat_03,RT50,1uM_TTP,2,Rat_05,5,10uM_RT50,0.039943814531744795,0.18444887926939632,0.60184321222518722,False,unrounded_binary64; exact equality uses fixed candidate order
Rat_03,RT50,1uM_TTP,2,Rat_06,5,3uM_RT50,0.80617318121794024,1.0218064343889608,0.60184321222518722,False,unrounded_binary64; exact equality uses fixed candidate order
Rat_03,RT50,1uM_TTP,2,Rat_06,5,10uM_RT50,1.2374396875599813,1.0218064343889608,0.60184321222518722,False,unrounded_binary64; exact equality uses fixed candidate order
Rat_03,RT50,1uM_TTP,2,Rat_07,5,3uM_RT50,0.59482903777898544,1.0467677455962521,0.60184321222518722,False,unrounded_binary64; exact equality uses fixed candidate order
Rat_03,RT50,1uM_TTP,2,Rat_07,5,10uM_RT50,1.4987064534135188,1.0467677455962521,0.60184321222518722,False,unrounded_binary64; exact equality uses fixed candidate order
Rat_03,RT50,1uM_RT50,3,Rat_01,5,3uM_RT50,0.68538470830609688,0.4175667959435902,0.44172070974179078,True,unrounded_binary64; exact equality uses fixed candidate order
Rat_03,RT50,1uM_RT50,3,Rat_01,5,10uM_RT50,0.14974888358108349,0.4175667959435902,0.44172070974179078,True,unrounded_binary64; exact equality uses fixed candidate order
Rat_03,RT50,1uM_RT50,3,Rat_02,5,3uM_RT50,0.33759333539734759,0.20123905989286439,0.44172070974179078,True,unrounded_binary64; exact equality uses fixed candidate order
Rat_03,RT50,1uM_RT50,3,Rat_02,5,10uM_RT50,0.064884784388381203,0.20123905989286439,0.44172070974179078,True,unrounded_binary64; exact equality uses fixed candidate order
Rat_03,RT50,1uM_RT50,3,Rat_04,5,3uM_RT50,0.69531885300900742,0.50461624431912422,0.44172070974179078,True,unrounded_binary64; exact equality uses fixed candidate order
Rat_03,RT50,1uM_RT50,3,Rat_04,5,10uM_RT50,0.31391363562924107,0.50461624431912422,0.44172070974179078,True,unrounded_binary64; exact equality uses fixed candidate order
Rat_03,RT50,1uM_RT50,3,Rat_05,5,3uM_RT50,0.1948961308363186,0.13133521261218375,0.44172070974179078,True,unrounded_binary64; exact equality uses fixed candidate order
Rat_03,RT50,1uM_RT50,3,Rat_05,5,10uM_RT50,0.067774294388048897,0.13133521261218375,0.44172070974179078,True,unrounded_binary64; exact equality uses fixed candidate order
Rat_03,RT50,1uM_RT50,3,Rat_06,5,3uM_RT50,0.55618256542627331,0.78802097585206166,0.44172070974179078,True,unrounded_binary64; exact equality uses fixed candidate order
Rat_03,RT50,1uM_RT50,3,Rat_06,5,10uM_RT50,1.01985938627785,0.78802097585206166,0.44172070974179078,True,unrounded_binary64; exact equality uses fixed candidate order
Rat_03,RT50,1uM_RT50,3,Rat_07,5,3uM_RT50,0.15611100166743194,0.60754596983092046,0.44172070974179078,True,unrounded_binary64; exact equality uses fixed candidate order
Rat_03,RT50,1uM_RT50,3,Rat_07,5,10uM_RT50,1.0589809379944091,0.60754596983092046,0.44172070974179078,True,unrounded_binary64; exact equality uses fixed candidate order
Rat_04,PeakTension,1uM_PeakTension,1,Rat_01,5,3uM_PeakTension,0.37363592361680875,0.18962241965251966,1.1308481793040395,True,unrounded_binary64; exact equality uses fixed candidate order
Rat_04,PeakTension,1uM_PeakTension,1,Rat_01,5,10uM_PeakTension,0.0056089156882305723,0.18962241965251966,1.1308481793040395,True,unrounded_binary64; exact equality uses fixed candidate order
Rat_04,PeakTension,1uM_PeakTension,1,Rat_02,5,3uM_PeakTension,0.92819640459735486,0.78631123775218259,1.1308481793040395,True,unrounded_binary64; exact equality uses fixed candidate order
Rat_04,PeakTension,1uM_PeakTension,1,Rat_02,5,10uM_PeakTension,0.64442607090701021,0.78631123775218259,1.1308481793040395,True,unrounded_binary64; exact equality uses fixed candidate order
Rat_04,PeakTension,1uM_PeakTension,1,Rat_03,5,3uM_PeakTension,0.66927782381068535,1.4571881989906625,1.1308481793040395,True,unrounded_binary64; exact equality uses fixed candidate order
Rat_04,PeakTension,1uM_PeakTension,1,Rat_03,5,10uM_PeakTension,2.24509857417064,1.4571881989906625,1.1308481793040395,True,unrounded_binary64; exact equality uses fixed candidate order
Rat_04,PeakTension,1uM_PeakTension,1,Rat_05,5,3uM_PeakTension,0.99995808218983118,0.80821550847985302,1.1308481793040395,True,unrounded_binary64; exact equality uses fixed candidate order
Rat_04,PeakTension,1uM_PeakTension,1,Rat_05,5,10uM_PeakTension,0.61647293476987497,0.80821550847985302,1.1308481793040395,True,unrounded_binary64; exact equality uses fixed candidate order
Rat_04,PeakTension,1uM_PeakTension,1,Rat_06,5,3uM_PeakTension,0.35402671937686186,0.71561235432527948,1.1308481793040395,True,unrounded_binary64; exact equality uses fixed candidate order
Rat_04,PeakTension,1uM_PeakTension,1,Rat_06,5,10uM_PeakTension,1.0771979892736971,0.71561235432527948,1.1308481793040395,True,unrounded_binary64; exact equality uses fixed candidate order
Rat_04,PeakTension,1uM_PeakTension,1,Rat_07,5,3uM_PeakTension,3.9553375497199936,2.8281393566237396,1.1308481793040395,True,unrounded_binary64; exact equality uses fixed candidate order
Rat_04,PeakTension,1uM_PeakTension,1,Rat_07,5,10uM_PeakTension,1.7009411635274851,2.8281393566237396,1.1308481793040395,True,unrounded_binary64; exact equality uses fixed candidate order
Rat_04,PeakTension,1uM_TTP,2,Rat_01,5,3uM_PeakTension,0.065698169968964618,0.2043698205483033,1.4428506832150543,False,unrounded_binary64; exact equality uses fixed candidate order
Rat_04,PeakTension,1uM_TTP,2,Rat_01,5,10uM_PeakTension,0.34304147112764199,0.2043698205483033,1.4428506832150543,False,unrounded_binary64; exact equality uses fixed candidate order
Rat_04,PeakTension,1uM_TTP,2,Rat_02,5,3uM_PeakTension,2.2430894986144403,2.4879921381092469,1.4428506832150543,False,unrounded_binary64; exact equality uses fixed candidate order
Rat_04,PeakTension,1uM_TTP,2,Rat_02,5,10uM_PeakTension,2.7328947776040531,2.4879921381092469,1.4428506832150543,False,unrounded_binary64; exact equality uses fixed candidate order
Rat_04,PeakTension,1uM_TTP,2,Rat_03,5,3uM_PeakTension,0.42960594379066441,1.5015326086686545,1.4428506832150543,False,unrounded_binary64; exact equality uses fixed candidate order
Rat_04,PeakTension,1uM_TTP,2,Rat_03,5,10uM_PeakTension,2.5734592735466446,1.5015326086686545,1.4428506832150543,False,unrounded_binary64; exact equality uses fixed candidate order
Rat_04,PeakTension,1uM_TTP,2,Rat_05,5,3uM_PeakTension,0.33503301954336512,0.37832391720888231,1.4428506832150543,False,unrounded_binary64; exact equality uses fixed candidate order
Rat_04,PeakTension,1uM_TTP,2,Rat_05,5,10uM_PeakTension,0.4216148148743995,0.37832391720888231,1.4428506832150543,False,unrounded_binary64; exact equality uses fixed candidate order
Rat_04,PeakTension,1uM_TTP,2,Rat_06,5,3uM_PeakTension,1.1435667260258533,1.6734896246247315,1.4428506832150543,False,unrounded_binary64; exact equality uses fixed candidate order
Rat_04,PeakTension,1uM_TTP,2,Rat_06,5,10uM_PeakTension,2.2034125232236099,1.6734896246247315,1.4428506832150543,False,unrounded_binary64; exact equality uses fixed candidate order
Rat_04,PeakTension,1uM_TTP,2,Rat_07,5,3uM_PeakTension,4.5009104082825413,2.4113959901305071,1.4428506832150543,False,unrounded_binary64; exact equality uses fixed candidate order
Rat_04,PeakTension,1uM_TTP,2,Rat_07,5,10uM_PeakTension,0.32188157197847334,2.4113959901305071,1.4428506832150543,False,unrounded_binary64; exact equality uses fixed candidate order
Rat_04,PeakTension,1uM_RT50,3,Rat_01,5,3uM_PeakTension,0.058195882776631437,0.16130836605589396,1.4393089846743266,False,unrounded_binary64; exact equality uses fixed candidate order
Rat_04,PeakTension,1uM_RT50,3,Rat_01,5,10uM_PeakTension,0.26442084933515647,0.16130836605589396,1.4393089846743266,False,unrounded_binary64; exact equality uses fixed candidate order
Rat_04,PeakTension,1uM_RT50,3,Rat_02,5,3uM_PeakTension,3.8139872128548964,3.0833536515882427,1.4393089846743266,False,unrounded_binary64; exact equality uses fixed candidate order
Rat_04,PeakTension,1uM_RT50,3,Rat_02,5,10uM_PeakTension,2.3527200903215895,3.0833536515882427,1.4393089846743266,False,unrounded_binary64; exact equality uses fixed candidate order
Rat_04,PeakTension,1uM_RT50,3,Rat_03,5,3uM_PeakTension,0.335172200280549,1.464116607086914,1.4393089846743266,False,unrounded_binary64; exact equality uses fixed candidate order
Rat_04,PeakTension,1uM_RT50,3,Rat_03,5,10uM_PeakTension,2.593061013893279,1.464116607086914,1.4393089846743266,False,unrounded_binary64; exact equality uses fixed candidate order
Rat_04,PeakTension,1uM_RT50,3,Rat_05,5,3uM_PeakTension,0.39148222642938102,0.37757315258463708,1.4393089846743266,False,unrounded_binary64; exact equality uses fixed candidate order
Rat_04,PeakTension,1uM_RT50,3,Rat_05,5,10uM_PeakTension,0.36366407873989309,0.37757315258463708,1.4393089846743266,False,unrounded_binary64; exact equality uses fixed candidate order
Rat_04,PeakTension,1uM_RT50,3,Rat_06,5,3uM_PeakTension,1.0250950621471377,1.5028263120193994,1.4393089846743266,False,unrounded_binary64; exact equality uses fixed candidate order
Rat_04,PeakTension,1uM_RT50,3,Rat_06,5,10uM_PeakTension,1.9805575618916613,1.5028263120193994,1.4393089846743266,False,unrounded_binary64; exact equality uses fixed candidate order
Rat_04,PeakTension,1uM_RT50,3,Rat_07,5,3uM_PeakTension,3.959512831518007,2.0466758187108711,1.4393089846743266,False,unrounded_binary64; exact equality uses fixed candidate order
Rat_04,PeakTension,1uM_RT50,3,Rat_07,5,10uM_PeakTension,0.13383880590373479,2.0466758187108711,1.4393089846743266,False,unrounded_binary64; exact equality uses fixed candidate order
Rat_04,TTP,1uM_PeakTension,1,Rat_01,5,3uM_TTP,0.4523622945544879,0.26276857592467617,0.99998306963342587,True,unrounded_binary64; exact equality uses fixed candidate order
Rat_04,TTP,1uM_PeakTension,1,Rat_01,5,10uM_TTP,0.07317485729486449,0.26276857592467617,0.99998306963342587,True,unrounded_binary64; exact equality uses fixed candidate order
Rat_04,TTP,1uM_PeakTension,1,Rat_02,5,3uM_TTP,2.9118032562678717,2.2193430041364879,0.99998306963342587,True,unrounded_binary64; exact equality uses fixed candidate order
Rat_04,TTP,1uM_PeakTension,1,Rat_02,5,10uM_TTP,1.5268827520051038,2.2193430041364879,0.99998306963342587,True,unrounded_binary64; exact equality uses fixed candidate order
Rat_04,TTP,1uM_PeakTension,1,Rat_03,5,3uM_TTP,0.93966114755883545,0.53376709815146617,0.99998306963342587,True,unrounded_binary64; exact equality uses fixed candidate order
Rat_04,TTP,1uM_PeakTension,1,Rat_03,5,10uM_TTP,0.12787304874409688,0.53376709815146617,0.99998306963342587,True,unrounded_binary64; exact equality uses fixed candidate order
Rat_04,TTP,1uM_PeakTension,1,Rat_05,5,3uM_TTP,1.6660523095623925,1.6386177188517443,0.99998306963342587,True,unrounded_binary64; exact equality uses fixed candidate order
Rat_04,TTP,1uM_PeakTension,1,Rat_05,5,10uM_TTP,1.6111831281410962,1.6386177188517443,0.99998306963342587,True,unrounded_binary64; exact equality uses fixed candidate order
Rat_04,TTP,1uM_PeakTension,1,Rat_06,5,3uM_TTP,0.60490081374247084,0.56328687268395949,0.99998306963342587,True,unrounded_binary64; exact equality uses fixed candidate order
Rat_04,TTP,1uM_PeakTension,1,Rat_06,5,10uM_TTP,0.52167293162544803,0.56328687268395949,0.99998306963342587,True,unrounded_binary64; exact equality uses fixed candidate order
Rat_04,TTP,1uM_PeakTension,1,Rat_07,5,3uM_TTP,0.95958879104339689,0.78211514805222149,0.99998306963342587,True,unrounded_binary64; exact equality uses fixed candidate order
Rat_04,TTP,1uM_PeakTension,1,Rat_07,5,10uM_TTP,0.60464150506104619,0.78211514805222149,0.99998306963342587,True,unrounded_binary64; exact equality uses fixed candidate order
Rat_04,TTP,1uM_TTP,2,Rat_01,5,3uM_TTP,0.74122894574405407,0.62237103917877845,1.1526909456837251,False,unrounded_binary64; exact equality uses fixed candidate order
Rat_04,TTP,1uM_TTP,2,Rat_01,5,10uM_TTP,0.50351313261350295,0.62237103917877845,1.1526909456837251,False,unrounded_binary64; exact equality uses fixed candidate order
Rat_04,TTP,1uM_TTP,2,Rat_02,5,3uM_TTP,3.1226879822444547,3.1081685337217428,1.1526909456837251,False,unrounded_binary64; exact equality uses fixed candidate order
Rat_04,TTP,1uM_TTP,2,Rat_02,5,10uM_TTP,3.093649085199031,3.1081685337217428,1.1526909456837251,False,unrounded_binary64; exact equality uses fixed candidate order
Rat_04,TTP,1uM_TTP,2,Rat_03,5,3uM_TTP,0.71703543233675793,0.36079269086824178,1.1526909456837251,False,unrounded_binary64; exact equality uses fixed candidate order
Rat_04,TTP,1uM_TTP,2,Rat_03,5,10uM_TTP,0.0045499493997255844,0.36079269086824178,1.1526909456837251,False,unrounded_binary64; exact equality uses fixed candidate order
Rat_04,TTP,1uM_TTP,2,Rat_05,5,3uM_TTP,0.407343502194078,0.28486185034483424,1.1526909456837251,False,unrounded_binary64; exact equality uses fixed candidate order
Rat_04,TTP,1uM_TTP,2,Rat_05,5,10uM_TTP,0.16238019849559049,0.28486185034483424,1.1526909456837251,False,unrounded_binary64; exact equality uses fixed candidate order
Rat_04,TTP,1uM_TTP,2,Rat_06,5,3uM_TTP,1.3956431435291017,1.6702159923225304,1.1526909456837251,False,unrounded_binary64; exact equality uses fixed candidate order
Rat_04,TTP,1uM_TTP,2,Rat_06,5,10uM_TTP,1.9447888411159591,1.6702159923225304,1.1526909456837251,False,unrounded_binary64; exact equality uses fixed candidate order
Rat_04,TTP,1uM_TTP,2,Rat_07,5,3uM_TTP,0.20525342588299517,0.86973556766622317,1.1526909456837251,False,unrounded_binary64; exact equality uses fixed candidate order
Rat_04,TTP,1uM_TTP,2,Rat_07,5,10uM_TTP,1.5342177094494511,0.86973556766622317,1.1526909456837251,False,unrounded_binary64; exact equality uses fixed candidate order
Rat_04,TTP,1uM_RT50,3,Rat_01,5,3uM_TTP,0.5239101546286683,0.4322135439222845,1.0734847997882486,False,unrounded_binary64; exact equality uses fixed candidate order
Rat_04,TTP,1uM_RT50,3,Rat_01,5,10uM_TTP,0.34051693321590071,0.4322135439222845,1.0734847997882486,False,unrounded_binary64; exact equality uses fixed candidate order
Rat_04,TTP,1uM_RT50,3,Rat_02,5,3uM_TTP,3.9386221919933746,2.8352946552444971,1.0734847997882486,False,unrounded_binary64; exact equality uses fixed candidate order
Rat_04,TTP,1uM_RT50,3,Rat_02,5,10uM_TTP,1.7319671184956191,2.8352946552444971,1.0734847997882486,False,unrounded_binary64; exact equality uses fixed candidate order
Rat_04,TTP,1uM_RT50,3,Rat_03,5,3uM_TTP,0.92169446142685885,0.52516244451909733,1.0734847997882486,False,unrounded_binary64; exact equality uses fixed candidate order
Rat_04,TTP,1uM_RT50,3,Rat_03,5,10uM_TTP,0.12863042761133586,0.52516244451909733,1.0734847997882486,False,unrounded_binary64; exact equality uses fixed candidate order
Rat_04,TTP,1uM_RT50,3,Rat_05,5,3uM_TTP,0.58128305297529426,0.36174787129978325,1.0734847997882486,False,unrounded_binary64; exact equality uses fixed candidate order
Rat_04,TTP,1uM_RT50,3,Rat_05,5,10uM_TTP,0.1422126896242723,0.36174787129978325,1.0734847997882486,False,unrounded_binary64; exact equality uses fixed candidate order
Rat_04,TTP,1uM_RT50,3,Rat_06,5,3uM_TTP,1.060008100257763,1.3792817853884367,1.0734847997882486,False,unrounded_binary64; exact equality uses fixed candidate order
Rat_04,TTP,1uM_RT50,3,Rat_06,5,10uM_TTP,1.6985554705191104,1.3792817853884367,1.0734847997882486,False,unrounded_binary64; exact equality uses fixed candidate order
Rat_04,TTP,1uM_RT50,3,Rat_07,5,3uM_TTP,0.74443250730518051,0.90720849835539208,1.0734847997882486,False,unrounded_binary64; exact equality uses fixed candidate order
Rat_04,TTP,1uM_RT50,3,Rat_07,5,10uM_TTP,1.0699844894056036,0.90720849835539208,1.0734847997882486,False,unrounded_binary64; exact equality uses fixed candidate order
Rat_04,RT50,1uM_PeakTension,1,Rat_01,5,3uM_RT50,0.51002487460029911,0.3301105838332018,0.88924595161456566,False,unrounded_binary64; exact equality uses fixed candidate order
Rat_04,RT50,1uM_PeakTension,1,Rat_01,5,10uM_RT50,0.15019629306610452,0.3301105838332018,0.88924595161456566,False,unrounded_binary64; exact equality uses fixed candidate order
Rat_04,RT50,1uM_PeakTension,1,Rat_02,5,3uM_RT50,3.5587405903674361,2.843784854105337,0.88924595161456566,False,unrounded_binary64; exact equality uses fixed candidate order
Rat_04,RT50,1uM_PeakTension,1,Rat_02,5,10uM_RT50,2.1288291178432379,2.843784854105337,0.88924595161456566,False,unrounded_binary64; exact equality uses fixed candidate order
Rat_04,RT50,1uM_PeakTension,1,Rat_03,5,3uM_RT50,0.44797886804984738,0.33036055135731379,0.88924595161456566,False,unrounded_binary64; exact equality uses fixed candidate order
Rat_04,RT50,1uM_PeakTension,1,Rat_03,5,10uM_RT50,0.21274223466478023,0.33036055135731379,0.88924595161456566,False,unrounded_binary64; exact equality uses fixed candidate order
Rat_04,RT50,1uM_PeakTension,1,Rat_05,5,3uM_RT50,0.97516211739904668,1.1973542381756548,0.88924595161456566,False,unrounded_binary64; exact equality uses fixed candidate order
Rat_04,RT50,1uM_PeakTension,1,Rat_05,5,10uM_RT50,1.4195463589522628,1.1973542381756548,0.88924595161456566,False,unrounded_binary64; exact equality uses fixed candidate order
Rat_04,RT50,1uM_PeakTension,1,Rat_06,5,3uM_RT50,0.20454426619112173,0.13929454425460677,0.88924595161456566,False,unrounded_binary64; exact equality uses fixed candidate order
Rat_04,RT50,1uM_PeakTension,1,Rat_06,5,10uM_RT50,0.074044822318091813,0.13929454425460677,0.88924595161456566,False,unrounded_binary64; exact equality uses fixed candidate order
Rat_04,RT50,1uM_PeakTension,1,Rat_07,5,3uM_RT50,0.36744367578669257,0.49457093796127977,0.88924595161456566,False,unrounded_binary64; exact equality uses fixed candidate order
Rat_04,RT50,1uM_PeakTension,1,Rat_07,5,10uM_RT50,0.62169820013586696,0.49457093796127977,0.88924595161456566,False,unrounded_binary64; exact equality uses fixed candidate order
Rat_04,RT50,1uM_TTP,2,Rat_01,5,3uM_RT50,0.94336777115282011,0.62134172721854575,1.4754909392140465,False,unrounded_binary64; exact equality uses fixed candidate order
Rat_04,RT50,1uM_TTP,2,Rat_01,5,10uM_RT50,0.29931568328427144,0.62134172721854575,1.4754909392140465,False,unrounded_binary64; exact equality uses fixed candidate order
Rat_04,RT50,1uM_TTP,2,Rat_02,5,3uM_RT50,7.1343536357726576,5.1626592396059205,1.4754909392140465,False,unrounded_binary64; exact equality uses fixed candidate order
Rat_04,RT50,1uM_TTP,2,Rat_02,5,10uM_RT50,3.1909648434391844,5.1626592396059205,1.4754909392140465,False,unrounded_binary64; exact equality uses fixed candidate order
Rat_04,RT50,1uM_TTP,2,Rat_03,5,3uM_RT50,0.43720310724964206,0.35474791543206696,1.4754909392140465,False,unrounded_binary64; exact equality uses fixed candidate order
Rat_04,RT50,1uM_TTP,2,Rat_03,5,10uM_RT50,0.27229272361449192,0.35474791543206696,1.4754909392140465,False,unrounded_binary64; exact equality uses fixed candidate order
Rat_04,RT50,1uM_TTP,2,Rat_05,5,3uM_RT50,0.48558874717563871,0.3007137511451658,1.4754909392140465,False,unrounded_binary64; exact equality uses fixed candidate order
Rat_04,RT50,1uM_TTP,2,Rat_05,5,10uM_RT50,0.11583875511469285,0.3007137511451658,1.4754909392140465,False,unrounded_binary64; exact equality uses fixed candidate order
Rat_04,RT50,1uM_TTP,2,Rat_06,5,3uM_RT50,1.1928230749532749,1.3705949359293224,1.4754909392140465,False,unrounded_binary64; exact equality uses fixed candidate order
Rat_04,RT50,1uM_TTP,2,Rat_06,5,10uM_RT50,1.5483667969053698,1.3705949359293224,1.4754909392140465,False,unrounded_binary64; exact equality uses fixed candidate order
Rat_04,RT50,1uM_TTP,2,Rat_07,5,3uM_RT50,0.66839660155741765,1.0428880659532567,1.4754909392140465,False,unrounded_binary64; exact equality uses fixed candidate order
Rat_04,RT50,1uM_TTP,2,Rat_07,5,10uM_RT50,1.4173795303490959,1.0428880659532567,1.4754909392140465,False,unrounded_binary64; exact equality uses fixed candidate order
Rat_04,RT50,1uM_RT50,3,Rat_01,5,3uM_RT50,0.72178655551319282,0.41499668937905443,0.87557864473293268,True,unrounded_binary64; exact equality uses fixed candidate order
Rat_04,RT50,1uM_RT50,3,Rat_01,5,10uM_RT50,0.10820682324491608,0.41499668937905443,0.87557864473293268,True,unrounded_binary64; exact equality uses fixed candidate order
Rat_04,RT50,1uM_RT50,3,Rat_02,5,3uM_RT50,3.7274859419198205,2.5017269331701648,0.87557864473293268,True,unrounded_binary64; exact equality uses fixed candidate order
Rat_04,RT50,1uM_RT50,3,Rat_02,5,10uM_RT50,1.2759679244205095,2.5017269331701648,0.87557864473293268,True,unrounded_binary64; exact equality uses fixed candidate order
Rat_04,RT50,1uM_RT50,3,Rat_03,5,3uM_RT50,0.61406303826916608,0.52282987086285293,0.87557864473293268,True,unrounded_binary64; exact equality uses fixed candidate order
Rat_04,RT50,1uM_RT50,3,Rat_03,5,10uM_RT50,0.43159670345653983,0.52282987086285293,0.87557864473293268,True,unrounded_binary64; exact equality uses fixed candidate order
Rat_04,RT50,1uM_RT50,3,Rat_05,5,3uM_RT50,0.35825328241522408,0.20568688294946194,0.87557864473293268,True,unrounded_binary64; exact equality uses fixed candidate order
Rat_04,RT50,1uM_RT50,3,Rat_05,5,10uM_RT50,0.053120483483699792,0.20568688294946194,0.87557864473293268,True,unrounded_binary64; exact equality uses fixed candidate order
Rat_04,RT50,1uM_RT50,3,Rat_06,5,3uM_RT50,0.92834552568841477,1.1044106853948834,0.87557864473293268,True,unrounded_binary64; exact equality uses fixed candidate order
Rat_04,RT50,1uM_RT50,3,Rat_06,5,10uM_RT50,1.280475845101352,1.1044106853948834,0.87557864473293268,True,unrounded_binary64; exact equality uses fixed candidate order
Rat_04,RT50,1uM_RT50,3,Rat_07,5,3uM_RT50,0.11891077540180224,0.50382080664117801,0.87557864473293268,True,unrounded_binary64; exact equality uses fixed candidate order
Rat_04,RT50,1uM_RT50,3,Rat_07,5,10uM_RT50,0.88873083788055385,0.50382080664117801,0.87557864473293268,True,unrounded_binary64; exact equality uses fixed candidate order
Rat_05,PeakTension,1uM_PeakTension,1,Rat_01,5,3uM_PeakTension,0.20978573347793894,0.24037019319802991,0.94706084836379079,True,unrounded_binary64; exact equality uses fixed candidate order
Rat_05,PeakTension,1uM_PeakTension,1,Rat_01,5,10uM_PeakTension,0.27095465291812088,0.24037019319802991,0.94706084836379079,True,unrounded_binary64; exact equality uses fixed candidate order
Rat_05,PeakTension,1uM_PeakTension,1,Rat_02,5,3uM_PeakTension,0.61999358196955456,0.56191235172271159,0.94706084836379079,True,unrounded_binary64; exact equality uses fixed candidate order
Rat_05,PeakTension,1uM_PeakTension,1,Rat_02,5,10uM_PeakTension,0.50383112147586873,0.56191235172271159,0.94706084836379079,True,unrounded_binary64; exact equality uses fixed candidate order
Rat_05,PeakTension,1uM_PeakTension,1,Rat_03,5,3uM_PeakTension,0.50021704526865074,0.55054424085004161,0.94706084836379079,True,unrounded_binary64; exact equality uses fixed candidate order
Rat_05,PeakTension,1uM_PeakTension,1,Rat_03,5,10uM_PeakTension,0.60087143643143248,0.55054424085004161,0.94706084836379079,True,unrounded_binary64; exact equality uses fixed candidate order
Rat_05,PeakTension,1uM_PeakTension,1,Rat_04,5,3uM_PeakTension,0.13705050248458978,1.213760792916589,0.94706084836379079,True,unrounded_binary64; exact equality uses fixed candidate order
Rat_05,PeakTension,1uM_PeakTension,1,Rat_04,5,10uM_PeakTension,2.2904710833485882,1.213760792916589,0.94706084836379079,True,unrounded_binary64; exact equality uses fixed candidate order
Rat_05,PeakTension,1uM_PeakTension,1,Rat_06,5,3uM_PeakTension,1.5316776101951068,1.0382370700329251,0.94706084836379079,True,unrounded_binary64; exact equality uses fixed candidate order
Rat_05,PeakTension,1uM_PeakTension,1,Rat_06,5,10uM_PeakTension,0.54479652987074323,1.0382370700329251,0.94706084836379079,True,unrounded_binary64; exact equality uses fixed candidate order
Rat_05,PeakTension,1uM_PeakTension,1,Rat_07,5,3uM_PeakTension,2.2940007626589818,2.0775404414624479,0.94706084836379079,True,unrounded_binary64; exact equality uses fixed candidate order
Rat_05,PeakTension,1uM_PeakTension,1,Rat_07,5,10uM_PeakTension,1.8610801202659144,2.0775404414624479,0.94706084836379079,True,unrounded_binary64; exact equality uses fixed candidate order
Rat_05,PeakTension,1uM_TTP,2,Rat_01,5,3uM_PeakTension,0.13301230422972427,0.082897486466119441,1.4135568645162648,False,unrounded_binary64; exact equality uses fixed candidate order
Rat_05,PeakTension,1uM_TTP,2,Rat_01,5,10uM_PeakTension,0.032782668702514631,0.082897486466119441,1.4135568645162648,False,unrounded_binary64; exact equality uses fixed candidate order
Rat_05,PeakTension,1uM_TTP,2,Rat_02,5,3uM_PeakTension,1.4628996026834966,1.6293572195940254,1.4135568645162648,False,unrounded_binary64; exact equality uses fixed candidate order
Rat_05,PeakTension,1uM_TTP,2,Rat_02,5,10uM_PeakTension,1.7958148365045543,1.6293572195940254,1.4135568645162648,False,unrounded_binary64; exact equality uses fixed candidate order
Rat_05,PeakTension,1uM_TTP,2,Rat_03,5,3uM_PeakTension,0.44255660303258693,0.86635031272293439,1.4135568645162648,False,unrounded_binary64; exact equality uses fixed candidate order
Rat_05,PeakTension,1uM_TTP,2,Rat_03,5,10uM_PeakTension,1.2901440224132819,0.86635031272293439,1.4135568645162648,False,unrounded_binary64; exact equality uses fixed candidate order
Rat_05,PeakTension,1uM_TTP,2,Rat_04,5,3uM_PeakTension,1.6164502975235209,2.6026041236599537,1.4135568645162648,False,unrounded_binary64; exact equality uses fixed candidate order
Rat_05,PeakTension,1uM_TTP,2,Rat_04,5,10uM_PeakTension,3.5887579497963866,2.6026041236599537,1.4135568645162648,False,unrounded_binary64; exact equality uses fixed candidate order
Rat_05,PeakTension,1uM_TTP,2,Rat_06,5,3uM_PeakTension,1.1306432514782021,1.1352177144431943,1.4135568645162648,False,unrounded_binary64; exact equality uses fixed candidate order
Rat_05,PeakTension,1uM_TTP,2,Rat_06,5,10uM_PeakTension,1.1397921774081863,1.1352177144431943,1.4135568645162648,False,unrounded_binary64; exact equality uses fixed candidate order
Rat_05,PeakTension,1uM_TTP,2,Rat_07,5,3uM_PeakTension,4.0801736423973463,2.1649143302113627,1.4135568645162648,False,unrounded_binary64; exact equality uses fixed candidate order
Rat_05,PeakTension,1uM_TTP,2,Rat_07,5,10uM_PeakTension,0.24965501802537909,2.1649143302113627,1.4135568645162648,False,unrounded_binary64; exact equality uses fixed candidate order
Rat_05,PeakTension,1uM_RT50,3,Rat_01,5,3uM_PeakTension,0.26365752972727513,0.14496674832694195,1.4325356461434271,False,unrounded_binary64; exact equality uses fixed candidate order
Rat_05,PeakTension,1uM_RT50,3,Rat_01,5,10uM_PeakTension,0.026275966926608753,0.14496674832694195,1.4325356461434271,False,unrounded_binary64; exact equality uses fixed candidate order
Rat_05,PeakTension,1uM_RT50,3,Rat_02,5,3uM_PeakTension,1.1608079797680124,1.6376705304297752,1.4325356461434271,False,unrounded_binary64; exact equality uses fixed candidate order
Rat_05,PeakTension,1uM_RT50,3,Rat_02,5,10uM_PeakTension,2.1145330810915377,1.6376705304297752,1.4325356461434271,False,unrounded_binary64; exact equality uses fixed candidate order
Rat_05,PeakTension,1uM_RT50,3,Rat_03,5,3uM_PeakTension,0.5152171931841899,0.76031491773890036,1.4325356461434271,False,unrounded_binary64; exact equality uses fixed candidate order
Rat_05,PeakTension,1uM_RT50,3,Rat_03,5,10uM_PeakTension,1.0054126422936107,0.76031491773890036,1.4325356461434271,False,unrounded_binary64; exact equality uses fixed candidate order
Rat_05,PeakTension,1uM_RT50,3,Rat_04,5,3uM_PeakTension,1.7825781977645065,2.6059493720886286,1.4325356461434271,False,unrounded_binary64; exact equality uses fixed candidate order
Rat_05,PeakTension,1uM_RT50,3,Rat_04,5,10uM_PeakTension,3.4293205464127507,2.6059493720886286,1.4325356461434271,False,unrounded_binary64; exact equality uses fixed candidate order
Rat_05,PeakTension,1uM_RT50,3,Rat_06,5,3uM_PeakTension,1.1916529017269777,1.2489988861057075,1.4325356461434271,False,unrounded_binary64; exact equality uses fixed candidate order
Rat_05,PeakTension,1uM_RT50,3,Rat_06,5,10uM_PeakTension,1.3063448704844374,1.2489988861057075,1.4325356461434271,False,unrounded_binary64; exact equality uses fixed candidate order
Rat_05,PeakTension,1uM_RT50,3,Rat_07,5,3uM_PeakTension,4.0120818944808301,2.1973134221706077,1.4325356461434271,False,unrounded_binary64; exact equality uses fixed candidate order
Rat_05,PeakTension,1uM_RT50,3,Rat_07,5,10uM_PeakTension,0.3825449498603854,2.1973134221706077,1.4325356461434271,False,unrounded_binary64; exact equality uses fixed candidate order
Rat_05,TTP,1uM_PeakTension,1,Rat_01,5,3uM_TTP,0.80922173693093391,0.72498425090790963,1.2814087308866593,False,unrounded_binary64; exact equality uses fixed candidate order
Rat_05,TTP,1uM_PeakTension,1,Rat_01,5,10uM_TTP,0.64074676488488524,0.72498425090790963,1.2814087308866593,False,unrounded_binary64; exact equality uses fixed candidate order
Rat_05,TTP,1uM_PeakTension,1,Rat_02,5,3uM_TTP,0.45475106236841739,0.34666407645533093,1.2814087308866593,False,unrounded_binary64; exact equality uses fixed candidate order
Rat_05,TTP,1uM_PeakTension,1,Rat_02,5,10uM_TTP,0.23857709054224441,0.34666407645533093,1.2814087308866593,False,unrounded_binary64; exact equality uses fixed candidate order
Rat_05,TTP,1uM_PeakTension,1,Rat_03,5,3uM_TTP,1.0786869083046846,0.79908935368255651,1.2814087308866593,False,unrounded_binary64; exact equality uses fixed candidate order
Rat_05,TTP,1uM_PeakTension,1,Rat_03,5,10uM_TTP,0.51949179906042853,0.79908935368255651,1.2814087308866593,False,unrounded_binary64; exact equality uses fixed candidate order
Rat_05,TTP,1uM_PeakTension,1,Rat_04,5,3uM_TTP,4.684730155661863,4.052681455382146,1.2814087308866593,False,unrounded_binary64; exact equality uses fixed candidate order
Rat_05,TTP,1uM_PeakTension,1,Rat_04,5,10uM_TTP,3.4206327551024298,4.052681455382146,1.2814087308866593,False,unrounded_binary64; exact equality uses fixed candidate order
Rat_05,TTP,1uM_PeakTension,1,Rat_06,5,3uM_TTP,0.32321099586204532,0.43889237651969037,1.2814087308866593,False,unrounded_binary64; exact equality uses fixed candidate order
Rat_05,TTP,1uM_PeakTension,1,Rat_06,5,10uM_TTP,0.55457375717733548,0.43889237651969037,1.2814087308866593,False,unrounded_binary64; exact equality uses fixed candidate order
Rat_05,TTP,1uM_PeakTension,1,Rat_07,5,3uM_TTP,0.90900848836589265,1.326140872372322,1.2814087308866593,False,unrounded_binary64; exact equality uses fixed candidate order
Rat_05,TTP,1uM_PeakTension,1,Rat_07,5,10uM_TTP,1.7432732563787514,1.326140872372322,1.2814087308866593,False,unrounded_binary64; exact equality uses fixed candidate order
Rat_05,TTP,1uM_TTP,2,Rat_01,5,3uM_TTP,0.52509633352913121,0.48022353743786572,0.77885253981350233,True,unrounded_binary64; exact equality uses fixed candidate order
Rat_05,TTP,1uM_TTP,2,Rat_01,5,10uM_TTP,0.43535074134660023,0.48022353743786572,0.77885253981350233,True,unrounded_binary64; exact equality uses fixed candidate order
Rat_05,TTP,1uM_TTP,2,Rat_02,5,3uM_TTP,0.52624840095468217,0.43276300494853459,0.77885253981350233,True,unrounded_binary64; exact equality uses fixed candidate order
Rat_05,TTP,1uM_TTP,2,Rat_02,5,10uM_TTP,0.33927760894238701,0.43276300494853459,0.77885253981350233,True,unrounded_binary64; exact equality uses fixed candidate order
Rat_05,TTP,1uM_TTP,2,Rat_03,5,3uM_TTP,0.36424353794748249,0.20128327967419221,0.77885253981350233,True,unrounded_binary64; exact equality uses fixed candidate order
Rat_05,TTP,1uM_TTP,2,Rat_03,5,10uM_TTP,0.038323021400901935,0.20128327967419221,0.77885253981350233,True,unrounded_binary64; exact equality uses fixed candidate order
Rat_05,TTP,1uM_TTP,2,Rat_04,5,3uM_TTP,2.4218017103393166,1.9554407066810024,0.77885253981350233,True,unrounded_binary64; exact equality uses fixed candidate order
Rat_05,TTP,1uM_TTP,2,Rat_04,5,10uM_TTP,1.4890797030226881,1.9554407066810024,0.77885253981350233,True,unrounded_binary64; exact equality uses fixed candidate order
Rat_05,TTP,1uM_TTP,2,Rat_06,5,3uM_TTP,0.82487342576187683,1.0445331023072963,0.77885253981350233,True,unrounded_binary64; exact equality uses fixed candidate order
Rat_05,TTP,1uM_TTP,2,Rat_06,5,10uM_TTP,1.2641927788527161,1.0445331023072963,0.77885253981350233,True,unrounded_binary64; exact equality uses fixed candidate order
Rat_05,TTP,1uM_TTP,2,Rat_07,5,3uM_TTP,0.1150297015192228,0.55887160783212186,0.77885253981350233,True,unrounded_binary64; exact equality uses fixed candidate order
Rat_05,TTP,1uM_TTP,2,Rat_07,5,10uM_TTP,1.002713514145021,0.55887160783212186,0.77885253981350233,True,unrounded_binary64; exact equality uses fixed candidate order
Rat_05,TTP,1uM_RT50,3,Rat_01,5,3uM_TTP,0.43833714046181971,0.3760241117032192,0.84873472186042742,False,unrounded_binary64; exact equality uses fixed candidate order
Rat_05,TTP,1uM_RT50,3,Rat_01,5,10uM_TTP,0.31371108294461869,0.3760241117032192,0.84873472186042742,False,unrounded_binary64; exact equality uses fixed candidate order
Rat_05,TTP,1uM_RT50,3,Rat_02,5,3uM_TTP,0.9101910714320246,0.8700463208344853,0.84873472186042742,False,unrounded_binary64; exact equality uses fixed candidate order
Rat_05,TTP,1uM_RT50,3,Rat_02,5,10uM_TTP,0.829901570236946,0.8700463208344853,0.84873472186042742,False,unrounded_binary64; exact equality uses fixed candidate order
Rat_05,TTP,1uM_RT50,3,Rat_03,5,3uM_TTP,0.61982967863381933,0.38350534425967164,0.84873472186042742,False,unrounded_binary64; exact equality uses fixed candidate order
Rat_05,TTP,1uM_RT50,3,Rat_03,5,10uM_TTP,0.14718100988552396,0.38350534425967164,0.84873472186042742,False,unrounded_binary64; exact equality uses fixed candidate order
Rat_05,TTP,1uM_RT50,3,Rat_04,5,3uM_TTP,2.9040271480593405,2.1644582051796406,0.84873472186042742,False,unrounded_binary64; exact equality uses fixed candidate order
Rat_05,TTP,1uM_RT50,3,Rat_04,5,10uM_TTP,1.4248892622999405,2.1644582051796406,0.84873472186042742,False,unrounded_binary64; exact equality uses fixed candidate order
Rat_05,TTP,1uM_RT50,3,Rat_06,5,3uM_TTP,0.4829605177581629,0.73066672263140364,0.84873472186042742,False,unrounded_binary64; exact equality uses fixed candidate order
Rat_05,TTP,1uM_RT50,3,Rat_06,5,10uM_TTP,0.97837292750464444,0.73066672263140364,0.84873472186042742,False,unrounded_binary64; exact equality uses fixed candidate order
Rat_05,TTP,1uM_RT50,3,Rat_07,5,3uM_TTP,0.55228150093143125,0.56770762655414431,0.84873472186042742,False,unrounded_binary64; exact equality uses fixed candidate order
Rat_05,TTP,1uM_RT50,3,Rat_07,5,10uM_TTP,0.58313375217685748,0.56770762655414431,0.84873472186042742,False,unrounded_binary64; exact equality uses fixed candidate order
Rat_05,RT50,1uM_PeakTension,1,Rat_01,5,3uM_RT50,0.87320806123343342,0.62234139916972397,1.1571722761761043,False,unrounded_binary64; exact equality uses fixed candidate order
Rat_05,RT50,1uM_PeakTension,1,Rat_01,5,10uM_RT50,0.37147473710601464,0.62234139916972397,1.1571722761761043,False,unrounded_binary64; exact equality uses fixed candidate order
Rat_05,RT50,1uM_PeakTension,1,Rat_02,5,3uM_RT50,0.92651732680952392,0.90224981780201674,1.1571722761761043,False,unrounded_binary64; exact equality uses fixed candidate order
Rat_05,RT50,1uM_PeakTension,1,Rat_02,5,10uM_RT50,0.87798230879450956,0.90224981780201674,1.1571722761761043,False,unrounded_binary64; exact equality uses fixed candidate order
Rat_05,RT50,1uM_PeakTension,1,Rat_03,5,3uM_RT50,0.84299943229776686,0.77689525180902086,1.1571722761761043,False,unrounded_binary64; exact equality uses fixed candidate order
Rat_05,RT50,1uM_PeakTension,1,Rat_03,5,10uM_RT50,0.71079107132027497,0.77689525180902086,1.1571722761761043,False,unrounded_binary64; exact equality uses fixed candidate order
Rat_05,RT50,1uM_PeakTension,1,Rat_04,5,3uM_RT50,2.8260318665739361,2.356077016636406,1.1571722761761043,False,unrounded_binary64; exact equality uses fixed candidate order
Rat_05,RT50,1uM_PeakTension,1,Rat_04,5,10uM_RT50,1.8861221666988761,2.356077016636406,1.1571722761761043,False,unrounded_binary64; exact equality uses fixed candidate order
Rat_05,RT50,1uM_PeakTension,1,Rat_06,5,3uM_RT50,0.8633802138277018,0.98591780607811486,1.1571722761761043,False,unrounded_binary64; exact equality uses fixed candidate order
Rat_05,RT50,1uM_PeakTension,1,Rat_06,5,10uM_RT50,1.1084553983285279,0.98591780607811486,1.1571722761761043,False,unrounded_binary64; exact equality uses fixed candidate order
Rat_05,RT50,1uM_PeakTension,1,Rat_07,5,3uM_RT50,1.0573155138588932,1.299552365561343,1.1571722761761043,False,unrounded_binary64; exact equality uses fixed candidate order
Rat_05,RT50,1uM_PeakTension,1,Rat_07,5,10uM_RT50,1.5417892172637928,1.299552365561343,1.1571722761761043,False,unrounded_binary64; exact equality uses fixed candidate order
Rat_05,RT50,1uM_TTP,2,Rat_01,5,3uM_RT50,0.62524270089479916,0.42111955008306451,0.58584931869723489,False,unrounded_binary64; exact equality uses fixed candidate order
Rat_05,RT50,1uM_TTP,2,Rat_01,5,10uM_RT50,0.21699639927132985,0.42111955008306451,0.58584931869723489,False,unrounded_binary64; exact equality uses fixed candidate order
Rat_05,RT50,1uM_TTP,2,Rat_02,5,3uM_RT50,0.15822794687236802,0.37003905041401652,0.58584931869723489,False,unrounded_binary64; exact equality uses fixed candidate order
Rat_05,RT50,1uM_TTP,2,Rat_02,5,10uM_RT50,0.58185015395566497,0.37003905041401652,0.58584931869723489,False,unrounded_binary64; exact equality uses fixed candidate order
Rat_05,RT50,1uM_TTP,2,Rat_03,5,3uM_RT50,0.20051918641669622,0.23413530079585632,0.58584931869723489,False,unrounded_binary64; exact equality uses fixed candidate order
Rat_05,RT50,1uM_TTP,2,Rat_03,5,10uM_RT50,0.26775141517501638,0.23413530079585632,0.58584931869723489,False,unrounded_binary64; exact equality uses fixed candidate order
Rat_05,RT50,1uM_TTP,2,Rat_04,5,3uM_RT50,0.33024937863909043,0.38652209482931105,0.58584931869723489,False,unrounded_binary64; exact equality uses fixed candidate order
Rat_05,RT50,1uM_TTP,2,Rat_04,5,10uM_RT50,0.44279481101953166,0.38652209482931105,0.58584931869723489,False,unrounded_binary64; exact equality uses fixed candidate order
Rat_05,RT50,1uM_TTP,2,Rat_06,5,3uM_RT50,1.0181629348388366,1.1958806733718161,0.58584931869723489,False,unrounded_binary64; exact equality uses fixed candidate order
Rat_05,RT50,1uM_TTP,2,Rat_06,5,10uM_RT50,1.3735984119047957,1.1958806733718161,0.58584931869723489,False,unrounded_binary64; exact equality uses fixed candidate order
Rat_05,RT50,1uM_TTP,2,Rat_07,5,3uM_RT50,0.38516299620797606,0.90739924268934491,0.58584931869723489,False,unrounded_binary64; exact equality uses fixed candidate order
Rat_05,RT50,1uM_TTP,2,Rat_07,5,10uM_RT50,1.4296354891707137,0.90739924268934491,0.58584931869723489,False,unrounded_binary64; exact equality uses fixed candidate order
Rat_05,RT50,1uM_RT50,3,Rat_01,5,3uM_RT50,0.49894110747270315,0.28631199321789219,0.47063491819368081,True,unrounded_binary64; exact equality uses fixed candidate order
Rat_05,RT50,1uM_RT50,3,Rat_01,5,10uM_RT50,0.073682878963081233,0.28631199321789219,0.47063491819368081,True,unrounded_binary64; exact equality uses fixed candidate order
Rat_05,RT50,1uM_RT50,3,Rat_02,5,3uM_RT50,0.28392232399906842,0.19582652095315312,0.47063491819368081,True,unrounded_binary64; exact equality uses fixed candidate order
Rat_05,RT50,1uM_RT50,3,Rat_02,5,10uM_RT50,0.10773071790723783,0.19582652095315312,0.47063491819368081,True,unrounded_binary64; exact equality uses fixed candidate order
Rat_05,RT50,1uM_RT50,3,Rat_03,5,3uM_RT50,0.40879228946653096,0.39953290880145592,0.47063491819368081,True,unrounded_binary64; exact equality uses fixed candidate order
Rat_05,RT50,1uM_RT50,3,Rat_03,5,10uM_RT50,0.39027352813638089,0.39953290880145592,0.47063491819368081,True,unrounded_binary64; exact equality uses fixed candidate order
Rat_05,RT50,1uM_RT50,3,Rat_04,5,3uM_RT50,0.67984118692782713,0.47726719258768646,0.47063491819368081,True,unrounded_binary64; exact equality uses fixed candidate order
Rat_05,RT50,1uM_RT50,3,Rat_04,5,10uM_RT50,0.27469319824754579,0.47726719258768646,0.47063491819368081,True,unrounded_binary64; exact equality uses fixed candidate order
Rat_05,RT50,1uM_RT50,3,Rat_06,5,3uM_RT50,0.72301615307389389,0.92955595745518449,0.47063491819368081,True,unrounded_binary64; exact equality uses fixed candidate order
Rat_05,RT50,1uM_RT50,3,Rat_06,5,10uM_RT50,1.1360957618364751,0.92955595745518449,0.47063491819368081,True,unrounded_binary64; exact equality uses fixed candidate order
Rat_05,RT50,1uM_RT50,3,Rat_07,5,3uM_RT50,0.11392129485601446,0.53531493614671288,0.47063491819368081,True,unrounded_binary64; exact equality uses fixed candidate order
Rat_05,RT50,1uM_RT50,3,Rat_07,5,10uM_RT50,0.95670857743741122,0.53531493614671288,0.47063491819368081,True,unrounded_binary64; exact equality uses fixed candidate order
Rat_06,PeakTension,1uM_PeakTension,1,Rat_01,5,3uM_PeakTension,0.30910444627826139,0.36218650124990953,1.1694580484789163,True,unrounded_binary64; exact equality uses fixed candidate order
Rat_06,PeakTension,1uM_PeakTension,1,Rat_01,5,10uM_PeakTension,0.41526855622155767,0.36218650124990953,1.1694580484789163,True,unrounded_binary64; exact equality uses fixed candidate order
Rat_06,PeakTension,1uM_PeakTension,1,Rat_02,5,3uM_PeakTension,1.0523127480235359,1.0722353213137827,1.1694580484789163,True,unrounded_binary64; exact equality uses fixed candidate order
Rat_06,PeakTension,1uM_PeakTension,1,Rat_02,5,10uM_PeakTension,1.0921578946040298,1.0722353213137827,1.1694580484789163,True,unrounded_binary64; exact equality uses fixed candidate order
Rat_06,PeakTension,1uM_PeakTension,1,Rat_03,5,3uM_PeakTension,0.61322576063080769,0.6083825821878559,1.1694580484789163,True,unrounded_binary64; exact equality uses fixed candidate order
Rat_06,PeakTension,1uM_PeakTension,1,Rat_03,5,10uM_PeakTension,0.60353940374490422,0.6083825821878559,1.1694580484789163,True,unrounded_binary64; exact equality uses fixed candidate order
Rat_06,PeakTension,1uM_PeakTension,1,Rat_04,5,3uM_PeakTension,0.18349208592894314,1.5582738108640581,1.1694580484789163,True,unrounded_binary64; exact equality uses fixed candidate order
Rat_06,PeakTension,1uM_PeakTension,1,Rat_04,5,10uM_PeakTension,2.933055535799173,1.5582738108640581,1.1694580484789163,True,unrounded_binary64; exact equality uses fixed candidate order
Rat_06,PeakTension,1uM_PeakTension,1,Rat_05,5,3uM_PeakTension,1.8679136481292611,0.9898772889459142,1.1694580484789163,True,unrounded_binary64; exact equality uses fixed candidate order
Rat_06,PeakTension,1uM_PeakTension,1,Rat_05,5,10uM_PeakTension,0.11184092976256743,0.9898772889459142,1.1694580484789163,True,unrounded_binary64; exact equality uses fixed candidate order
Rat_06,PeakTension,1uM_PeakTension,1,Rat_07,5,3uM_PeakTension,2.8432130314081472,2.4257927863119777,1.1694580484789163,True,unrounded_binary64; exact equality uses fixed candidate order
Rat_06,PeakTension,1uM_PeakTension,1,Rat_07,5,10uM_PeakTension,2.0083725412158082,2.4257927863119777,1.1694580484789163,True,unrounded_binary64; exact equality uses fixed candidate order
Rat_06,PeakTension,1uM_TTP,2,Rat_01,5,3uM_PeakTension,0.31661185092006827,0.28687327728903467,1.4656807081189374,False,unrounded_binary64; exact equality uses fixed candidate order
Rat_06,PeakTension,1uM_TTP,2,Rat_01,5,10uM_PeakTension,0.25713470365800101,0.28687327728903467,1.4656807081189374,False,unrounded_binary64; exact equality uses fixed candidate order
Rat_06,PeakTension,1uM_TTP,2,Rat_02,5,3uM_PeakTension,1.7407273694660819,2.01696396019556,1.4656807081189374,False,unrounded_binary64; exact equality uses fixed candidate order
Rat_06,PeakTension,1uM_TTP,2,Rat_02,5,10uM_PeakTension,2.2932005509250377,2.01696396019556,1.4656807081189374,False,unrounded_binary64; exact equality uses fixed candidate order
Rat_06,PeakTension,1uM_TTP,2,Rat_03,5,3uM_PeakTension,0.72324198471739587,0.92472776756484865,1.4656807081189374,False,unrounded_binary64; exact equality uses fixed candidate order
Rat_06,PeakTension,1uM_TTP,2,Rat_03,5,10uM_PeakTension,1.1262135504123014,0.92472776756484865,1.4656807081189374,False,unrounded_binary64; exact equality uses fixed candidate order
Rat_06,PeakTension,1uM_TTP,2,Rat_04,5,3uM_PeakTension,1.8130668854846328,3.3443279112041866,1.4656807081189374,False,unrounded_binary64; exact equality uses fixed candidate order
Rat_06,PeakTension,1uM_TTP,2,Rat_04,5,10uM_PeakTension,4.87558893692374,3.3443279112041866,1.4656807081189374,False,unrounded_binary64; exact equality uses fixed candidate order
Rat_06,PeakTension,1uM_TTP,2,Rat_05,5,3uM_PeakTension,0.46722419133938881,0.37264955619884155,1.4656807081189374,False,unrounded_binary64; exact equality uses fixed candidate order
Rat_06,PeakTension,1uM_TTP,2,Rat_05,5,10uM_PeakTension,0.27807492105829434,0.37264955619884155,1.4656807081189374,False,unrounded_binary64; exact equality uses fixed candidate order
Rat_06,PeakTension,1uM_TTP,2,Rat_07,5,3uM_PeakTension,3.6874051252942808,1.8485417762611522,1.4656807081189374,False,unrounded_binary64; exact equality uses fixed candidate order
Rat_06,PeakTension,1uM_TTP,2,Rat_07,5,10uM_PeakTension,0.0096784272280238358,1.8485417762611522,1.4656807081189374,False,unrounded_binary64; exact equality uses fixed candidate order
Rat_06,PeakTension,1uM_RT50,3,Rat_01,5,3uM_PeakTension,0.43448449872003558,0.34314705175094468,1.4328430470068907,False,unrounded_binary64; exact equality uses fixed candidate order
Rat_06,PeakTension,1uM_RT50,3,Rat_01,5,10uM_PeakTension,0.25180960478185377,0.34314705175094468,1.4328430470068907,False,unrounded_binary64; exact equality uses fixed candidate order
Rat_06,PeakTension,1uM_RT50,3,Rat_02,5,3uM_PeakTension,1.4324456856279015,2.0817877244455945,1.4328430470068907,False,unrounded_binary64; exact equality uses fixed candidate order
Rat_06,PeakTension,1uM_RT50,3,Rat_02,5,10uM_PeakTension,2.7311297632632878,2.0817877244455945,1.4328430470068907,False,unrounded_binary64; exact equality uses fixed candidate order
Rat_06,PeakTension,1uM_RT50,3,Rat_03,5,3uM_PeakTension,0.71414266300839235,0.80461845275041655,1.4328430470068907,False,unrounded_binary64; exact equality uses fixed candidate order
Rat_06,PeakTension,1uM_RT50,3,Rat_03,5,10uM_PeakTension,0.89509424249244085,0.80461845275041655,1.4328430470068907,False,unrounded_binary64; exact equality uses fixed candidate order
Rat_06,PeakTension,1uM_RT50,3,Rat_04,5,3uM_PeakTension,1.8125263558637539,3.0686071053189621,1.4328430470068907,False,unrounded_binary64; exact equality uses fixed candidate order
Rat_06,PeakTension,1uM_RT50,3,Rat_04,5,10uM_PeakTension,4.3246878547741705,3.0686071053189621,1.4328430470068907,False,unrounded_binary64; exact equality uses fixed candidate order
Rat_06,PeakTension,1uM_RT50,3,Rat_05,5,3uM_PeakTension,0.60045532495622167,0.5216838666706991,1.4328430470068907,False,unrounded_binary64; exact equality uses fixed candidate order
Rat_06,PeakTension,1uM_RT50,3,Rat_05,5,10uM_PeakTension,0.44291240838517643,0.5216838666706991,1.4328430470068907,False,unrounded_binary64; exact equality uses fixed candidate order
Rat_06,PeakTension,1uM_RT50,3,Rat_07,5,3uM_PeakTension,3.4845104859540776,1.7772140811047268,1.4328430470068907,False,unrounded_binary64; exact equality uses fixed candidate order
Rat_06,PeakTension,1uM_RT50,3,Rat_07,5,10uM_PeakTension,0.069917676255375788,1.7772140811047268,1.4328430470068907,False,unrounded_binary64; exact equality uses fixed candidate order
Rat_06,TTP,1uM_PeakTension,1,Rat_01,5,3uM_TTP,0.61598333566675334,0.5372584328599288,1.506088610670395,False,unrounded_binary64; exact equality uses fixed candidate order
Rat_06,TTP,1uM_PeakTension,1,Rat_01,5,10uM_TTP,0.45853353005310432,0.5372584328599288,1.506088610670395,False,unrounded_binary64; exact equality uses fixed candidate order
Rat_06,TTP,1uM_PeakTension,1,Rat_02,5,3uM_TTP,0.84223121171033843,0.78889235342775632,1.506088610670395,False,unrounded_binary64; exact equality uses fixed candidate order
Rat_06,TTP,1uM_PeakTension,1,Rat_02,5,10uM_TTP,0.73555349514517432,0.78889235342775632,1.506088610670395,False,unrounded_binary64; exact equality uses fixed candidate order
Rat_06,TTP,1uM_PeakTension,1,Rat_03,5,3uM_TTP,0.86406664171571834,0.61787010254487229,1.506088610670395,False,unrounded_binary64; exact equality uses fixed candidate order
Rat_06,TTP,1uM_PeakTension,1,Rat_03,5,10uM_TTP,0.37167356337402635,0.61787010254487229,1.506088610670395,False,unrounded_binary64; exact equality uses fixed candidate order
Rat_06,TTP,1uM_PeakTension,1,Rat_04,5,3uM_TTP,4.4831008386538223,4.1970053648889873,1.506088610670395,False,unrounded_binary64; exact equality uses fixed candidate order
Rat_06,TTP,1uM_PeakTension,1,Rat_04,5,10uM_TTP,3.9109098911241533,4.1970053648889873,1.506088610670395,False,unrounded_binary64; exact equality uses fixed candidate order
Rat_06,TTP,1uM_PeakTension,1,Rat_05,5,3uM_TTP,1.0027466728133119,1.182438499269324,1.506088610670395,False,unrounded_binary64; exact equality uses fixed candidate order
Rat_06,TTP,1uM_PeakTension,1,Rat_05,5,10uM_TTP,1.3621303257253363,1.182438499269324,1.506088610670395,False,unrounded_binary64; exact equality uses fixed candidate order
Rat_06,TTP,1uM_PeakTension,1,Rat_07,5,3uM_TTP,1.2539504883578141,1.7130669110314996,1.506088610670395,False,unrounded_binary64; exact equality uses fixed candidate order
Rat_06,TTP,1uM_PeakTension,1,Rat_07,5,10uM_TTP,2.1721833337051848,1.7130669110314996,1.506088610670395,False,unrounded_binary64; exact equality uses fixed candidate order
Rat_06,TTP,1uM_TTP,2,Rat_01,5,3uM_TTP,0.333301473374855,0.2690773824303197,0.5389503063858162,True,unrounded_binary64; exact equality uses fixed candidate order
Rat_06,TTP,1uM_TTP,2,Rat_01,5,10uM_TTP,0.20485329148578438,0.2690773824303197,0.5389503063858162,True,unrounded_binary64; exact equality uses fixed candidate order
Rat_06,TTP,1uM_TTP,2,Rat_02,5,3uM_TTP,0.47400791372358086,0.38601188412706416,0.5389503063858162,True,unrounded_binary64; exact equality uses fixed candidate order
Rat_06,TTP,1uM_TTP,2,Rat_02,5,10uM_TTP,0.29801585453054746,0.38601188412706416,0.5389503063858162,True,unrounded_binary64; exact equality uses fixed candidate order
Rat_06,TTP,1uM_TTP,2,Rat_03,5,3uM_TTP,0.11087536348448877,0.219060861771043,0.5389503063858162,True,unrounded_binary64; exact equality uses fixed candidate order
Rat_06,TTP,1uM_TTP,2,Rat_03,5,10uM_TTP,0.32724636005759722,0.219060861771043,0.5389503063858162,True,unrounded_binary64; exact equality uses fixed candidate order
Rat_06,TTP,1uM_TTP,2,Rat_04,5,3uM_TTP,1.8848055999116609,1.5574600116524839,0.5389503063858162,True,unrounded_binary64; exact equality uses fixed candidate order
Rat_06,TTP,1uM_TTP,2,Rat_04,5,10uM_TTP,1.230114423393307,1.5574600116524839,0.5389503063858162,True,unrounded_binary64; exact equality uses fixed candidate order
Rat_06,TTP,1uM_TTP,2,Rat_05,5,3uM_TTP,0.26477472347478964,0.36677836292744714,0.5389503063858162,True,unrounded_binary64; exact equality uses fixed candidate order
Rat_06,TTP,1uM_TTP,2,Rat_05,5,10uM_TTP,0.4687820023801047,0.36677836292744714,0.5389503063858162,True,unrounded_binary64; exact equality uses fixed candidate order
Rat_06,TTP,1uM_TTP,2,Rat_07,5,3uM_TTP,0.29236611632389131,0.43531333540653944,0.5389503063858162,True,unrounded_binary64; exact equality uses fixed candidate order
Rat_06,TTP,1uM_TTP,2,Rat_07,5,10uM_TTP,0.57826055448918756,0.43531333540653944,0.5389503063858162,True,unrounded_binary64; exact equality uses fixed candidate order
Rat_06,TTP,1uM_RT50,3,Rat_01,5,3uM_TTP,0.26107863628495487,0.18198183168240287,0.6579544622623551,False,unrounded_binary64; exact equality uses fixed candidate order
Rat_06,TTP,1uM_RT50,3,Rat_01,5,10uM_TTP,0.10288502707985085,0.18198183168240287,0.6579544622623551,False,unrounded_binary64; exact equality uses fixed candidate order
Rat_06,TTP,1uM_RT50,3,Rat_02,5,3uM_TTP,0.84145437277218782,0.80709012053803497,0.6579544622623551,False,unrounded_binary64; exact equality uses fixed candidate order
Rat_06,TTP,1uM_RT50,3,Rat_02,5,10uM_TTP,0.77272586830388224,0.80709012053803497,0.6579544622623551,False,unrounded_binary64; exact equality uses fixed candidate order
Rat_06,TTP,1uM_RT50,3,Rat_03,5,3uM_TTP,0.4027846036908499,0.2326595743926087,0.6579544622623551,False,unrounded_binary64; exact equality uses fixed candidate order
Rat_06,TTP,1uM_RT50,3,Rat_03,5,10uM_TTP,0.062534545094367497,0.2326595743926087,0.6579544622623551,False,unrounded_binary64; exact equality uses fixed candidate order
Rat_06,TTP,1uM_RT50,3,Rat_04,5,3uM_TTP,2.6995010680911515,2.1576776583689199,0.6579544622623551,False,unrounded_binary64; exact equality uses fixed candidate order
Rat_06,TTP,1uM_RT50,3,Rat_04,5,10uM_TTP,1.6158542486466885,2.1576776583689199,0.6579544622623551,False,unrounded_binary64; exact equality uses fixed candidate order
Rat_06,TTP,1uM_RT50,3,Rat_05,5,3uM_TTP,0.03192209610994598,0.13936595033660915,0.6579544622623551,False,unrounded_binary64; exact equality uses fixed candidate order
Rat_06,TTP,1uM_RT50,3,Rat_05,5,10uM_TTP,0.24680980456327228,0.13936595033660915,0.6579544622623551,False,unrounded_binary64; exact equality uses fixed candidate order
Rat_06,TTP,1uM_RT50,3,Rat_07,5,3uM_TTP,0.70479031786556456,0.42895163825555532,0.6579544622623551,False,unrounded_binary64; exact equality uses fixed candidate order
Rat_06,TTP,1uM_RT50,3,Rat_07,5,10uM_TTP,0.15311295864554608,0.42895163825555532,0.6579544622623551,False,unrounded_binary64; exact equality uses fixed candidate order
Rat_06,RT50,1uM_PeakTension,1,Rat_01,5,3uM_RT50,0.76385214038926552,0.48823931646039331,1.3569101013896914,False,unrounded_binary64; exact equality uses fixed candidate order
Rat_06,RT50,1uM_PeakTension,1,Rat_01,5,10uM_RT50,0.21262649253152116,0.48823931646039331,1.3569101013896914,False,unrounded_binary64; exact equality uses fixed candidate order
Rat_06,RT50,1uM_PeakTension,1,Rat_02,5,3uM_RT50,1.2079623080464008,1.3746425574131729,1.3569101013896914,False,unrounded_binary64; exact equality uses fixed candidate order
Rat_06,RT50,1uM_PeakTension,1,Rat_02,5,10uM_RT50,1.5413228067799449,1.3746425574131729,1.3569101013896914,False,unrounded_binary64; exact equality uses fixed candidate order
Rat_06,RT50,1uM_PeakTension,1,Rat_03,5,3uM_RT50,0.74484631217860175,0.64635145670166327,1.3569101013896914,False,unrounded_binary64; exact equality uses fixed candidate order
Rat_06,RT50,1uM_PeakTension,1,Rat_03,5,10uM_RT50,0.54785660122472468,0.64635145670166327,1.3569101013896914,False,unrounded_binary64; exact equality uses fixed candidate order
Rat_06,RT50,1uM_PeakTension,1,Rat_04,5,3uM_RT50,2.946856118766954,2.4954275703229989,1.3569101013896914,False,unrounded_binary64; exact equality uses fixed candidate order
Rat_06,RT50,1uM_PeakTension,1,Rat_04,5,10uM_RT50,2.0439990218790434,2.4954275703229989,1.3569101013896914,False,unrounded_binary64; exact equality uses fixed candidate order
Rat_06,RT50,1uM_PeakTension,1,Rat_05,5,3uM_RT50,1.1872142204670555,1.5320435064681939,1.3569101013896914,False,unrounded_binary64; exact equality uses fixed candidate order
Rat_06,RT50,1uM_PeakTension,1,Rat_05,5,10uM_RT50,1.8768727924693325,1.5320435064681939,1.3569101013896914,False,unrounded_binary64; exact equality uses fixed candidate order
Rat_06,RT50,1uM_PeakTension,1,Rat_07,5,3uM_RT50,1.2628069104495458,1.6047562009717264,1.3569101013896914,False,unrounded_binary64; exact equality uses fixed candidate order
Rat_06,RT50,1uM_PeakTension,1,Rat_07,5,10uM_RT50,1.9467054914939073,1.6047562009717264,1.3569101013896914,False,unrounded_binary64; exact equality uses fixed candidate order
Rat_06,RT50,1uM_TTP,2,Rat_01,5,3uM_RT50,0.51233361174875502,0.26232901867223285,0.40669069205462405,False,unrounded_binary64; exact equality uses fixed candidate order
Rat_06,RT50,1uM_TTP,2,Rat_01,5,10uM_RT50,0.012324425595710719,0.26232901867223285,0.40669069205462405,False,unrounded_binary64; exact equality uses fixed candidate order
Rat_06,RT50,1uM_TTP,2,Rat_02,5,3uM_RT50,0.19034669286785183,0.42592281934782883,0.40669069205462405,False,unrounded_binary64; exact equality uses fixed candidate order
Rat_06,RT50,1uM_TTP,2,Rat_02,5,10uM_RT50,0.66149894582780588,0.42592281934782883,0.40669069205462405,False,unrounded_binary64; exact equality uses fixed candidate order
Rat_06,RT50,1uM_TTP,2,Rat_03,5,3uM_RT50,0.071262942682045818,0.074342764567294606,0.40669069205462405,False,unrounded_binary64; exact equality uses fixed candidate order
Rat_06,RT50,1uM_TTP,2,Rat_03,5,10uM_RT50,0.077422586452543393,0.074342764567294606,0.40669069205462405,False,unrounded_binary64; exact equality uses fixed candidate order
Rat_06,RT50,1uM_TTP,2,Rat_04,5,3uM_RT50,0.2741833959674031,0.50359279763336884,0.40669069205462405,False,unrounded_binary64; exact equality uses fixed candidate order
Rat_06,RT50,1uM_TTP,2,Rat_04,5,10uM_RT50,0.73300219929933452,0.50359279763336884,0.40669069205462405,False,unrounded_binary64; exact equality uses fixed candidate order
Rat_06,RT50,1uM_TTP,2,Rat_05,5,3uM_RT50,0.70412273846496232,0.60346207267911534,0.40669069205462405,False,unrounded_binary64; exact equality uses fixed candidate order
Rat_06,RT50,1uM_TTP,2,Rat_05,5,10uM_RT50,0.50280140689326847,0.60346207267911534,0.40669069205462405,False,unrounded_binary64; exact equality uses fixed candidate order
Rat_06,RT50,1uM_TTP,2,Rat_07,5,3uM_RT50,0.25012458295741336,0.57049467942790355,0.40669069205462405,False,unrounded_binary64; exact equality uses fixed candidate order
Rat_06,RT50,1uM_TTP,2,Rat_07,5,10uM_RT50,0.89086477589839386,0.57049467942790355,0.40669069205462405,False,unrounded_binary64; exact equality uses fixed candidate order
Rat_06,RT50,1uM_RT50,3,Rat_01,5,3uM_RT50,0.40883166609854832,0.27144156356617827,0.32328795717483511,True,unrounded_binary64; exact equality uses fixed candidate order
Rat_06,RT50,1uM_RT50,3,Rat_01,5,10uM_RT50,0.13405146103380819,0.27144156356617827,0.32328795717483511,True,unrounded_binary64; exact equality uses fixed candidate order
Rat_06,RT50,1uM_RT50,3,Rat_02,5,3uM_RT50,0.23652698411112347,0.20965801122064145,0.32328795717483511,True,unrounded_binary64; exact equality uses fixed candidate order
Rat_06,RT50,1uM_RT50,3,Rat_02,5,10uM_RT50,0.18278903833015944,0.20965801122064145,0.32328795717483511,True,unrounded_binary64; exact equality uses fixed candidate order
Rat_06,RT50,1uM_RT50,3,Rat_03,5,3uM_RT50,0.31927947385843508,0.2316136427848311,0.32328795717483511,True,unrounded_binary64; exact equality uses fixed candidate order
Rat_06,RT50,1uM_RT50,3,Rat_03,5,10uM_RT50,0.14394781171122711,0.2316136427848311,0.32328795717483511,True,unrounded_binary64; exact equality uses fixed candidate order
Rat_06,RT50,1uM_RT50,3,Rat_04,5,3uM_RT50,0.76293619641521382,0.51161894518122364,0.32328795717483511,True,unrounded_binary64; exact equality uses fixed candidate order
Rat_06,RT50,1uM_RT50,3,Rat_04,5,10uM_RT50,0.26030169394723335,0.51161894518122364,0.32328795717483511,True,unrounded_binary64; exact equality uses fixed candidate order
Rat_06,RT50,1uM_RT50,3,Rat_05,5,3uM_RT50,0.47379860358230752,0.40741513904852372,0.32328795717483511,True,unrounded_binary64; exact equality uses fixed candidate order
Rat_06,RT50,1uM_RT50,3,Rat_05,5,10uM_RT50,0.34103167451473992,0.40741513904852372,0.32328795717483511,True,unrounded_binary64; exact equality uses fixed candidate order
Rat_06,RT50,1uM_RT50,3,Rat_07,5,3uM_RT50,0.20398593099255974,0.30798044124761265,0.32328795717483511,True,unrounded_binary64; exact equality uses fixed candidate order
Rat_06,RT50,1uM_RT50,3,Rat_07,5,10uM_RT50,0.41197495150266555,0.30798044124761265,0.32328795717483511,True,unrounded_binary64; exact equality uses fixed candidate order
Rat_07,PeakTension,1uM_PeakTension,1,Rat_01,5,3uM_PeakTension,0.050768197579475143,0.44080637676086099,0.78959293691212362,True,unrounded_binary64; exact equality uses fixed candidate order
Rat_07,PeakTension,1uM_PeakTension,1,Rat_01,5,10uM_PeakTension,0.83084455594224682,0.44080637676086099,0.78959293691212362,True,unrounded_binary64; exact equality uses fixed candidate order
Rat_07,PeakTension,1uM_PeakTension,1,Rat_02,5,3uM_PeakTension,2.1705902555941856,1.363229105645051,0.78959293691212362,True,unrounded_binary64; exact equality uses fixed candidate order
Rat_07,PeakTension,1uM_PeakTension,1,Rat_02,5,10uM_PeakTension,0.55586795569591652,1.363229105645051,0.78959293691212362,True,unrounded_binary64; exact equality uses fixed candidate order
Rat_07,PeakTension,1uM_PeakTension,1,Rat_03,5,3uM_PeakTension,0.46263296762766487,0.25600717739712642,0.78959293691212362,True,unrounded_binary64; exact equality uses fixed candidate order
Rat_07,PeakTension,1uM_PeakTension,1,Rat_03,5,10uM_PeakTension,0.049381387166587971,0.25600717739712642,0.78959293691212362,True,unrounded_binary64; exact equality uses fixed candidate order
Rat_07,PeakTension,1uM_PeakTension,1,Rat_04,5,3uM_PeakTension,1.1952926634366769,1.4054538912500962,0.78959293691212362,True,unrounded_binary64; exact equality uses fixed candidate order
Rat_07,PeakTension,1uM_PeakTension,1,Rat_04,5,10uM_PeakTension,1.6156151190635155,1.4054538912500962,0.78959293691212362,True,unrounded_binary64; exact equality uses fixed candidate order
Rat_07,PeakTension,1uM_PeakTension,1,Rat_05,5,3uM_PeakTension,1.6393233805736904,1.1378472691851345,0.78959293691212362,True,unrounded_binary64; exact equality uses fixed candidate order
Rat_07,PeakTension,1uM_PeakTension,1,Rat_05,5,10uM_PeakTension,0.6363711577965786,1.1378472691851345,0.78959293691212362,True,unrounded_binary64; exact equality uses fixed candidate order
Rat_07,PeakTension,1uM_PeakTension,1,Rat_06,5,3uM_PeakTension,0.21997217534005795,0.13421380123447274,0.78959293691212362,True,unrounded_binary64; exact equality uses fixed candidate order
Rat_07,PeakTension,1uM_PeakTension,1,Rat_06,5,10uM_PeakTension,0.048455427128887549,0.13421380123447274,0.78959293691212362,True,unrounded_binary64; exact equality uses fixed candidate order
Rat_07,PeakTension,1uM_TTP,2,Rat_01,5,3uM_PeakTension,0.46401987003875755,0.23741009551591921,1.4118257009378439,False,unrounded_binary64; exact equality uses fixed candidate order
Rat_07,PeakTension,1uM_TTP,2,Rat_01,5,10uM_PeakTension,0.010800320993080887,0.23741009551591921,1.4118257009378439,False,unrounded_binary64; exact equality uses fixed candidate order
Rat_07,PeakTension,1uM_TTP,2,Rat_02,5,3uM_PeakTension,3.1265512125675046,2.4332878528142676,1.4118257009378439,False,unrounded_binary64; exact equality uses fixed candidate order
Rat_07,PeakTension,1uM_TTP,2,Rat_02,5,10uM_PeakTension,1.7400244930610305,2.4332878528142676,1.4118257009378439,False,unrounded_binary64; exact equality uses fixed candidate order
Rat_07,PeakTension,1uM_TTP,2,Rat_03,5,3uM_PeakTension,0.12650876064937921,0.69700178271021529,1.4118257009378439,False,unrounded_binary64; exact equality uses fixed candidate order
Rat_07,PeakTension,1uM_TTP,2,Rat_03,5,10uM_PeakTension,1.2674948047710513,0.69700178271021529,1.4118257009378439,False,unrounded_binary64; exact equality uses fixed candidate order
Rat_07,PeakTension,1uM_TTP,2,Rat_04,5,3uM_PeakTension,3.5284007255490848,3.5118135033317057,1.4118257009378439,False,unrounded_binary64; exact equality uses fixed candidate order
Rat_07,PeakTension,1uM_TTP,2,Rat_04,5,10uM_PeakTension,3.4952262811143266,3.5118135033317057,1.4118257009378439,False,unrounded_binary64; exact equality uses fixed candidate order
Rat_07,PeakTension,1uM_TTP,2,Rat_05,5,3uM_PeakTension,1.0338872918214885,0.59748409583911322,1.4118257009378439,False,unrounded_binary64; exact equality uses fixed candidate order
Rat_07,PeakTension,1uM_TTP,2,Rat_05,5,10uM_PeakTension,0.1610808998567379,0.59748409583911322,1.4118257009378439,False,unrounded_binary64; exact equality uses fixed candidate order
Rat_07,PeakTension,1uM_TTP,2,Rat_06,5,3uM_PeakTension,0.97205968628208606,0.99395687541584032,1.4118257009378439,False,unrounded_binary64; exact equality uses fixed candidate order
Rat_07,PeakTension,1uM_TTP,2,Rat_06,5,10uM_PeakTension,1.0158540645495946,0.99395687541584032,1.4118257009378439,False,unrounded_binary64; exact equality uses fixed candidate order
Rat_07,PeakTension,1uM_RT50,3,Rat_01,5,3uM_PeakTension,0.4306415328478479,0.25164535635843788,1.4124620206248351,False,unrounded_binary64; exact equality uses fixed candidate order
Rat_07,PeakTension,1uM_RT50,3,Rat_01,5,10uM_PeakTension,0.072649179869027913,0.25164535635843788,1.4124620206248351,False,unrounded_binary64; exact equality uses fixed candidate order
Rat_07,PeakTension,1uM_RT50,3,Rat_02,5,3uM_PeakTension,3.361417477059323,2.7354293657094337,1.4124620206248351,False,unrounded_binary64; exact equality uses fixed candidate order
Rat_07,PeakTension,1uM_RT50,3,Rat_02,5,10uM_PeakTension,2.1094412543595444,2.7354293657094337,1.4124620206248351,False,unrounded_binary64; exact equality uses fixed candidate order
Rat_07,PeakTension,1uM_RT50,3,Rat_03,5,3uM_PeakTension,0.02158055936036557,0.57263431458622549,1.4124620206248351,False,unrounded_binary64; exact equality uses fixed candidate order
Rat_07,PeakTension,1uM_RT50,3,Rat_03,5,10uM_PeakTension,1.1236880698120855,0.57263431458622549,1.4124620206248351,False,unrounded_binary64; exact equality uses fixed candidate order
Rat_07,PeakTension,1uM_RT50,3,Rat_04,5,3uM_PeakTension,3.2903760880511546,3.349145101948487,1.4124620206248351,False,unrounded_binary64; exact equality uses fixed candidate order
Rat_07,PeakTension,1uM_RT50,3,Rat_04,5,10uM_PeakTension,3.4079141158458195,3.349145101948487,1.4124620206248351,False,unrounded_binary64; exact equality uses fixed candidate order
Rat_07,PeakTension,1uM_RT50,3,Rat_05,5,3uM_PeakTension,0.85015758033329414,0.45582261102346566,1.4124620206248351,False,unrounded_binary64; exact equality uses fixed candidate order
Rat_07,PeakTension,1uM_RT50,3,Rat_05,5,10uM_PeakTension,0.061487641713637152,0.45582261102346566,1.4124620206248351,False,unrounded_binary64; exact equality uses fixed candidate order
Rat_07,PeakTension,1uM_RT50,3,Rat_06,5,3uM_PeakTension,1.0899725644003504,1.1100953741229618,1.4124620206248351,False,unrounded_binary64; exact equality uses fixed candidate order
Rat_07,PeakTension,1uM_RT50,3,Rat_06,5,10uM_PeakTension,1.1302181838455732,1.1100953741229618,1.4124620206248351,False,unrounded_binary64; exact equality uses fixed candidate order
Rat_07,TTP,1uM_PeakTension,1,Rat_01,5,3uM_TTP,1.0359182793477948,1.1196146154639406,1.5065658450540453,False,unrounded_binary64; exact equality uses fixed candidate order
Rat_07,TTP,1uM_PeakTension,1,Rat_01,5,10uM_TTP,1.2033109515800866,1.1196146154639406,1.5065658450540453,False,unrounded_binary64; exact equality uses fixed candidate order
Rat_07,TTP,1uM_PeakTension,1,Rat_02,5,3uM_TTP,0.61794682711095739,0.59522858353128616,1.5065658450540453,False,unrounded_binary64; exact equality uses fixed candidate order
Rat_07,TTP,1uM_PeakTension,1,Rat_02,5,10uM_TTP,0.57251033995161493,0.59522858353128616,1.5065658450540453,False,unrounded_binary64; exact equality uses fixed candidate order
Rat_07,TTP,1uM_PeakTension,1,Rat_03,5,3uM_TTP,1.4104431508115454,1.2880690584278502,1.5065658450540453,False,unrounded_binary64; exact equality uses fixed candidate order
Rat_07,TTP,1uM_PeakTension,1,Rat_03,5,10uM_TTP,1.1656949660441551,1.2880690584278502,1.5065658450540453,False,unrounded_binary64; exact equality uses fixed candidate order
Rat_07,TTP,1uM_PeakTension,1,Rat_04,5,3uM_TTP,4.6304638596656851,4.3106452211928907,1.5065658450540453,False,unrounded_binary64; exact equality uses fixed candidate order
Rat_07,TTP,1uM_PeakTension,1,Rat_04,5,10uM_TTP,3.9908265827200964,4.3106452211928907,1.5065658450540453,False,unrounded_binary64; exact equality uses fixed candidate order
Rat_07,TTP,1uM_PeakTension,1,Rat_05,5,3uM_TTP,0.70452831563188112,0.86285217216043542,1.5065658450540453,False,unrounded_binary64; exact equality uses fixed candidate order
Rat_07,TTP,1uM_PeakTension,1,Rat_05,5,10uM_TTP,1.0211760286889897,0.86285217216043542,1.5065658450540453,False,unrounded_binary64; exact equality uses fixed candidate order
Rat_07,TTP,1uM_PeakTension,1,Rat_06,5,3uM_TTP,0.6947730500482453,0.86298541954786789,1.5065658450540453,False,unrounded_binary64; exact equality uses fixed candidate order
Rat_07,TTP,1uM_PeakTension,1,Rat_06,5,10uM_TTP,1.0311977890474906,0.86298541954786789,1.5065658450540453,False,unrounded_binary64; exact equality uses fixed candidate order
Rat_07,TTP,1uM_TTP,2,Rat_01,5,3uM_TTP,0.46101207071247724,0.56375535054848203,0.70587562235808443,True,unrounded_binary64; exact equality uses fixed candidate order
Rat_07,TTP,1uM_TTP,2,Rat_01,5,10uM_TTP,0.66649863038448676,0.56375535054848203,0.70587562235808443,True,unrounded_binary64; exact equality uses fixed candidate order
Rat_07,TTP,1uM_TTP,2,Rat_02,5,3uM_TTP,0.49480270465293774,0.47174167283811297,0.70587562235808443,True,unrounded_binary64; exact equality uses fixed candidate order
Rat_07,TTP,1uM_TTP,2,Rat_02,5,10uM_TTP,0.4486806410232882,0.47174167283811297,0.70587562235808443,True,unrounded_binary64; exact equality uses fixed candidate order
Rat_07,TTP,1uM_TTP,2,Rat_03,5,3uM_TTP,0.29292692066547193,0.24320059148382209,0.70587562235808443,True,unrounded_binary64; exact equality uses fixed candidate order
Rat_07,TTP,1uM_TTP,2,Rat_03,5,10uM_TTP,0.19347426230217224,0.24320059148382209,0.70587562235808443,True,unrounded_binary64; exact equality uses fixed candidate order
Rat_07,TTP,1uM_TTP,2,Rat_04,5,3uM_TTP,2.0409555868682303,1.9007699879132436,0.70587562235808443,True,unrounded_binary64; exact equality uses fixed candidate order
Rat_07,TTP,1uM_TTP,2,Rat_04,5,10uM_TTP,1.7605843889582569,1.9007699879132436,0.70587562235808443,True,unrounded_binary64; exact equality uses fixed candidate order
Rat_07,TTP,1uM_TTP,2,Rat_05,5,3uM_TTP,0.020481957097949848,0.13121850285674741,0.70587562235808443,True,unrounded_binary64; exact equality uses fixed candidate order
Rat_07,TTP,1uM_TTP,2,Rat_05,5,10uM_TTP,0.24195504861554495,0.13121850285674741,0.70587562235808443,True,unrounded_binary64; exact equality uses fixed candidate order
Rat_07,TTP,1uM_TTP,2,Rat_06,5,3uM_TTP,0.77607525611693107,0.92456762850809859,0.70587562235808443,True,unrounded_binary64; exact equality uses fixed candidate order
Rat_07,TTP,1uM_TTP,2,Rat_06,5,10uM_TTP,1.0730600008992661,0.92456762850809859,0.70587562235808443,True,unrounded_binary64; exact equality uses fixed candidate order
Rat_07,TTP,1uM_RT50,3,Rat_01,5,3uM_TTP,0.25050807611827752,0.35710684270522974,0.78096105942630756,False,unrounded_binary64; exact equality uses fixed candidate order
Rat_07,TTP,1uM_RT50,3,Rat_01,5,10uM_TTP,0.46370560929218202,0.35710684270522974,0.78096105942630756,False,unrounded_binary64; exact equality uses fixed candidate order
Rat_07,TTP,1uM_RT50,3,Rat_02,5,3uM_TTP,0.92423748867356736,0.8992506685130095,0.78096105942630756,False,unrounded_binary64; exact equality uses fixed candidate order
Rat_07,TTP,1uM_RT50,3,Rat_02,5,10uM_TTP,0.87426384835245152,0.8992506685130095,0.78096105942630756,False,unrounded_binary64; exact equality uses fixed candidate order
Rat_07,TTP,1uM_RT50,3,Rat_03,5,3uM_TTP,0.39627878056315841,0.33884743010553497,0.78096105942630756,False,unrounded_binary64; exact equality uses fixed candidate order
Rat_07,TTP,1uM_RT50,3,Rat_03,5,10uM_TTP,0.28141607964791149,0.33884743010553497,0.78096105942630756,False,unrounded_binary64; exact equality uses fixed candidate order
Rat_07,TTP,1uM_RT50,3,Rat_04,5,3uM_TTP,2.3781721333086354,2.1581907253297867,0.78096105942630756,False,unrounded_binary64; exact equality uses fixed candidate order
Rat_07,TTP,1uM_RT50,3,Rat_04,5,10uM_TTP,1.938209317350938,2.1581907253297867,0.78096105942630756,False,unrounded_binary64; exact equality uses fixed candidate order
Rat_07,TTP,1uM_RT50,3,Rat_05,5,3uM_TTP,0.019440843712375942,0.12303441332060863,0.78096105942630756,False,unrounded_binary64; exact equality uses fixed candidate order
Rat_07,TTP,1uM_RT50,3,Rat_05,5,10uM_TTP,0.22662798292884132,0.12303441332060863,0.78096105942630756,False,unrounded_binary64; exact equality uses fixed candidate order
Rat_07,TTP,1uM_RT50,3,Rat_06,5,3uM_TTP,0.65649555960241324,0.8093362765836758,0.78096105942630756,False,unrounded_binary64; exact equality uses fixed candidate order
Rat_07,TTP,1uM_RT50,3,Rat_06,5,10uM_TTP,0.96217699356493847,0.8093362765836758,0.78096105942630756,False,unrounded_binary64; exact equality uses fixed candidate order
Rat_07,RT50,1uM_PeakTension,1,Rat_01,5,3uM_RT50,1.3210942317433338,1.0661752328252878,1.3330545674637442,False,unrounded_binary64; exact equality uses fixed candidate order
Rat_07,RT50,1uM_PeakTension,1,Rat_01,5,10uM_RT50,0.81125623390724177,1.0661752328252878,1.3330545674637442,False,unrounded_binary64; exact equality uses fixed candidate order
Rat_07,RT50,1uM_PeakTension,1,Rat_02,5,3uM_RT50,1.1172191583657745,1.2905673916814504,1.3330545674637442,False,unrounded_binary64; exact equality uses fixed candidate order
Rat_07,RT50,1uM_PeakTension,1,Rat_02,5,10uM_RT50,1.4639156249971264,1.2905673916814504,1.3330545674637442,False,unrounded_binary64; exact equality uses fixed candidate order
Rat_07,RT50,1uM_PeakTension,1,Rat_03,5,3uM_RT50,1.3895445571175926,1.4377355190761456,1.3330545674637442,False,unrounded_binary64; exact equality uses fixed candidate order
Rat_07,RT50,1uM_PeakTension,1,Rat_03,5,10uM_RT50,1.4859264810346986,1.4377355190761456,1.3330545674637442,False,unrounded_binary64; exact equality uses fixed candidate order
Rat_07,RT50,1uM_PeakTension,1,Rat_04,5,3uM_RT50,3.2185154841898425,2.6607729456986862,1.3330545674637442,False,unrounded_binary64; exact equality uses fixed candidate order
Rat_07,RT50,1uM_PeakTension,1,Rat_04,5,10uM_RT50,2.1030304072075303,2.6607729456986862,1.3330545674637442,False,unrounded_binary64; exact equality uses fixed candidate order
Rat_07,RT50,1uM_PeakTension,1,Rat_05,5,3uM_RT50,0.63100647222338113,1.0430581858589267,1.3330545674637442,False,unrounded_binary64; exact equality uses fixed candidate order
Rat_07,RT50,1uM_PeakTension,1,Rat_05,5,10uM_RT50,1.4551098994944724,1.0430581858589267,1.3330545674637442,False,unrounded_binary64; exact equality uses fixed candidate order
Rat_07,RT50,1uM_PeakTension,1,Rat_06,5,3uM_RT50,0.28494983270080965,0.50001812964196857,1.3330545674637442,False,unrounded_binary64; exact equality uses fixed candidate order
Rat_07,RT50,1uM_PeakTension,1,Rat_06,5,10uM_RT50,0.7150864265831276,0.50001812964196857,1.3330545674637442,False,unrounded_binary64; exact equality uses fixed candidate order
Rat_07,RT50,1uM_TTP,2,Rat_01,5,3uM_RT50,0.84778193752038955,0.67470554938270322,0.56996192354676267,False,unrounded_binary64; exact equality uses fixed candidate order
Rat_07,RT50,1uM_TTP,2,Rat_01,5,10uM_RT50,0.50162916124501689,0.67470554938270322,0.56996192354676267,False,unrounded_binary64; exact equality uses fixed candidate order
Rat_07,RT50,1uM_TTP,2,Rat_02,5,3uM_RT50,0.12774645114088218,0.35799212822891135,0.56996192354676267,False,unrounded_binary64; exact equality uses fixed candidate order
Rat_07,RT50,1uM_TTP,2,Rat_02,5,10uM_RT50,0.58823780531694048,0.35799212822891135,0.56996192354676267,False,unrounded_binary64; exact equality uses fixed candidate order
Rat_07,RT50,1uM_TTP,2,Rat_03,5,3uM_RT50,0.45659711151446114,0.56710635208336257,0.56996192354676267,False,unrounded_binary64; exact equality uses fixed candidate order
Rat_07,RT50,1uM_TTP,2,Rat_03,5,10uM_RT50,0.6776155926522639,0.56710635208336257,0.56996192354676267,False,unrounded_binary64; exact equality uses fixed candidate order
Rat_07,RT50,1uM_TTP,2,Rat_04,5,3uM_RT50,0.53771206825688767,0.50831437211417607,0.56996192354676267,False,unrounded_binary64; exact equality uses fixed candidate order
Rat_07,RT50,1uM_TTP,2,Rat_04,5,10uM_RT50,0.47891667597146459,0.50831437211417607,0.56996192354676267,False,unrounded_binary64; exact equality uses fixed candidate order
Rat_07,RT50,1uM_TTP,2,Rat_05,5,3uM_RT50,0.28496059607145985,0.32586121607146545,0.56996192354676267,False,unrounded_binary64; exact equality uses fixed candidate order
Rat_07,RT50,1uM_TTP,2,Rat_05,5,10uM_RT50,0.36676183607147111,0.32586121607146545,0.56996192354676267,False,unrounded_binary64; exact equality uses fixed candidate order
Rat_07,RT50,1uM_TTP,2,Rat_06,5,3uM_RT50,0.77345695385425861,0.98579192339995736,0.56996192354676267,False,unrounded_binary64; exact equality uses fixed candidate order
Rat_07,RT50,1uM_TTP,2,Rat_06,5,10uM_RT50,1.1981268929456561,0.98579192339995736,0.56996192354676267,False,unrounded_binary64; exact equality uses fixed candidate order
Rat_07,RT50,1uM_RT50,3,Rat_01,5,3uM_RT50,0.61987429254945647,0.45080084974410128,0.5038991935078716,True,unrounded_binary64; exact equality uses fixed candidate order
Rat_07,RT50,1uM_RT50,3,Rat_01,5,10uM_RT50,0.28172740693874609,0.45080084974410128,0.5038991935078716,True,unrounded_binary64; exact equality uses fixed candidate order
Rat_07,RT50,1uM_RT50,3,Rat_02,5,3uM_RT50,0.28733588147061578,0.25098944100062792,0.5038991935078716,True,unrounded_binary64; exact equality uses fixed candidate order
Rat_07,RT50,1uM_RT50,3,Rat_02,5,10uM_RT50,0.21464300053064006,0.25098944100062792,0.5038991935078716,True,unrounded_binary64; exact equality uses fixed candidate order
Rat_07,RT50,1uM_RT50,3,Rat_03,5,3uM_RT50,0.52812742741635066,0.62771680001492158,0.5038991935078716,True,unrounded_binary64; exact equality uses fixed candidate order
Rat_07,RT50,1uM_RT50,3,Rat_03,5,10uM_RT50,0.72730617261349262,0.62771680001492158,0.5038991935078716,True,unrounded_binary64; exact equality uses fixed candidate order
Rat_07,RT50,1uM_RT50,3,Rat_04,5,3uM_RT50,0.80258257403817934,0.47177050283645783,0.5038991935078716,True,unrounded_binary64; exact equality uses fixed candidate order
Rat_07,RT50,1uM_RT50,3,Rat_04,5,10uM_RT50,0.14095843163473631,0.47177050283645783,0.5038991935078716,True,unrounded_binary64; exact equality uses fixed candidate order
Rat_07,RT50,1uM_RT50,3,Rat_05,5,3uM_RT50,0.34171844442559168,0.3154573635510084,0.5038991935078716,True,unrounded_binary64; exact equality uses fixed candidate order
Rat_07,RT50,1uM_RT50,3,Rat_05,5,10uM_RT50,0.28919628267642505,0.3154573635510084,0.5038991935078716,True,unrounded_binary64; exact equality uses fixed candidate order
Rat_07,RT50,1uM_RT50,3,Rat_06,5,3uM_RT50,0.69040061185219226,0.90666020390011259,0.5038991935078716,True,unrounded_binary64; exact equality uses fixed candidate order
Rat_07,RT50,1uM_RT50,3,Rat_06,5,10uM_RT50,1.122919795948033,0.90666020390011259,0.5038991935078716,True,unrounded_binary64; exact equality uses fixed candidate order
