domain,target,row_id,parameter_index,sensitivity
P1_pair_plus_0.5,ATP0.1,baseline_0.14678Hz_Re,0,0.5227353454095862
P1_pair_plus_0.5,ATP0.1,baseline_0.14678Hz_Re,1,-0.30709286280572456
P1_pair_plus_0.5,ATP0.1,baseline_0.14678Hz_Re,2,0.9223556234339013
P1_pair_plus_0.5,ATP0.1,baseline_0.14678Hz_Re,3,-0.0933548898185421
P1_pair_plus_0.5,ATP0.1,baseline_0.14678Hz_Re,4,-1.0109523951751243
P1_pair_plus_0.5,ATP0.1,baseline_0.14678Hz_Re,5,0.0014613050991485463
P1_pair_plus_0.5,ATP0.1,baseline_0.14678Hz_Re,6,-0.004129819974885152
P1_pair_plus_0.5,ATP0.1,baseline_0.14678Hz_Re,7,1.7364824882459826
P1_pair_plus_0.5,ATP0.1,baseline_0.14678Hz_Re,8,2.05760985949599
P1_pair_plus_0.5,ATP0.1,baseline_0.14678Hz_Re,9,1.8471640182760038
P1_pair_plus_0.5,ATP0.1,baseline_0.14678Hz_Re,10,-0.0012580021246932915
P1_pair_plus_0.5,ATP0.1,baseline_0.14678Hz_Re,11,-0.0016740722141861395
P1_pair_plus_0.5,ATP0.1,baseline_0.14678Hz_Re,12,0.38976677387836384
P1_pair_plus_0.5,ATP0.1,baseline_0.14678Hz_Re,13,0.22986019536652688
P1_pair_plus_0.5,ATP0.1,baseline_0.14678Hz_Im,0,0.11082130494943775
P1_pair_plus_0.5,ATP0.1,baseline_0.14678Hz_Im,1,-0.13812409995483943
P1_pair_plus_0.5,ATP0.1,baseline_0.14678Hz_Im,2,-0.5408850383969988
P1_pair_plus_0.5,ATP0.1,baseline_0.14678Hz_Im,3,-0.10614225515181984
P1_pair_plus_0.5,ATP0.1,baseline_0.14678Hz_Im,4,1.4921315379418096
P1_pair_plus_0.5,ATP0.1,baseline_0.14678Hz_Im,5,-0.33449435074828227
P1_pair_plus_0.5,ATP0.1,baseline_0.14678Hz_Im,6,0.7652342990188686
P1_pair_plus_0.5,ATP0.1,baseline_0.14678Hz_Im,7,-1.6462804154238062
P1_pair_plus_0.5,ATP0.1,baseline_0.14678Hz_Im,8,-1.0783877140291276
P1_pair_plus_0.5,ATP0.1,baseline_0.14678Hz_Im,9,0.0
P1_pair_plus_0.5,ATP0.1,baseline_0.14678Hz_Im,10,-0.12808436946620816
P1_pair_plus_0.5,ATP0.1,baseline_0.14678Hz_Im,11,-0.15498155054860518
P1_pair_plus_0.5,ATP0.1,baseline_0.14678Hz_Im,12,-0.7125016123543658
P1_pair_plus_0.5,ATP0.1,baseline_0.14678Hz_Im,13,-0.015127076868903798
P1_pair_plus_0.5,ATP0.1,baseline_0.215443Hz_Re,0,0.5474690638163082
P1_pair_plus_0.5,ATP0.1,baseline_0.215443Hz_Re,1,-0.32020809155319796
P1_pair_plus_0.5,ATP0.1,baseline_0.215443Hz_Re,2,0.9629768371599566
P1_pair_plus_0.5,ATP0.1,baseline_0.215443Hz_Re,3,-0.0970346379247644
P1_pair_plus_0.5,ATP0.1,baseline_0.215443Hz_Re,4,-1.0182834272010055
P1_pair_plus_0.5,ATP0.1,baseline_0.215443Hz_Re,5,0.003248053848103893
P1_pair_plus_0.5,ATP0.1,baseline_0.215443Hz_Re,6,-0.009213918494843654
P1_pair_plus_0.5,ATP0.1,baseline_0.215443Hz_Re,7,1.7953931517711295
P1_pair_plus_0.5,ATP0.1,baseline_0.215443Hz_Re,8,2.1217499052594846
P1_pair_plus_0.5,ATP0.1,baseline_0.215443Hz_Re,9,1.9280803798871202
P1_pair_plus_0.5,ATP0.1,baseline_0.215443Hz_Re,10,-0.0028135479057667108
P1_pair_plus_0.5,ATP0.1,baseline_0.215443Hz_Re,11,-0.003742006216000959
P1_pair_plus_0.5,ATP0.1,baseline_0.215443Hz_Re,12,0.39090411809716835
P1_pair_plus_0.5,ATP0.1,baseline_0.215443Hz_Re,13,0.2398294517647059
P1_pair_plus_0.5,ATP0.1,baseline_0.215443Hz_Im,0,0.16890221014032036
P1_pair_plus_0.5,ATP0.1,baseline_0.215443Hz_Im,1,-0.21358174698837826
P1_pair_plus_0.5,ATP0.1,baseline_0.215443Hz_Im,2,-0.8517766676652271
P1_pair_plus_0.5,ATP0.1,baseline_0.215443Hz_Im,3,-0.16746045125026754
P1_pair_plus_0.5,ATP0.1,baseline_0.215443Hz_Im,4,2.2842931807709466
P1_pair_plus_0.5,ATP0.1,baseline_0.215443Hz_Im,5,-0.525450781613257
P1_pair_plus_0.5,ATP0.1,baseline_0.215443Hz_Im,6,1.2014310966534936
P1_pair_plus_0.5,ATP0.1,baseline_0.215443Hz_Im,7,-2.556938770725825
P1_pair_plus_0.5,ATP0.1,baseline_0.215443Hz_Im,8,-1.6601299790974797
P1_pair_plus_0.5,ATP0.1,baseline_0.215443Hz_Im,9,0.0
P1_pair_plus_0.5,ATP0.1,baseline_0.215443Hz_Im,10,-0.19885629956029047
P1_pair_plus_0.5,ATP0.1,baseline_0.215443Hz_Im,11,-0.24035463014326905
P1_pair_plus_0.5,ATP0.1,baseline_0.215443Hz_Im,12,-1.093558302034392
P1_pair_plus_0.5,ATP0.1,baseline_0.215443Hz_Im,13,-0.025301212125405922
P1_pair_plus_0.5,ATP0.1,baseline_0.316228Hz_Re,0,0.5614991582802986
P1_pair_plus_0.5,ATP0.1,baseline_0.316228Hz_Re,1,-0.32522419162184235
P1_pair_plus_0.5,ATP0.1,baseline_0.316228Hz_Re,2,0.9809734618837495
P1_pair_plus_0.5,ATP0.1,baseline_0.316228Hz_Re,3,-0.09808316279169559
P1_pair_plus_0.5,ATP0.1,baseline_0.316228Hz_Re,4,-0.9590751428367738
P1_pair_plus_0.5,ATP0.1,baseline_0.316228Hz_Re,5,0.0069521495449365025
P1_pair_plus_0.5,ATP0.1,baseline_0.316228Hz_Re,6,-0.019883765722816804
P1_pair_plus_0.5,ATP0.1,baseline_0.316228Hz_Re,7,1.7922275472148639
P1_pair_plus_0.5,ATP0.1,baseline_0.316228Hz_Re,8,2.1057644724153946
P1_pair_plus_0.5,ATP0.1,baseline_0.316228Hz_Re,9,1.9643645067457525
P1_pair_plus_0.5,ATP0.1,baseline_0.316228Hz_Re,10,-0.006103779015553811
P1_pair_plus_0.5,ATP0.1,baseline_0.316228Hz_Re,11,-0.008108278226615084
P1_pair_plus_0.5,ATP0.1,baseline_0.316228Hz_Re,12,0.36441137054588063
P1_pair_plus_0.5,ATP0.1,baseline_0.316228Hz_Re,13,0.24394742244027154
P1_pair_plus_0.5,ATP0.1,baseline_0.316228Hz_Im,0,0.27122439294480216
P1_pair_plus_0.5,ATP0.1,baseline_0.316228Hz_Im,1,-0.3544242830111343
P1_pair_plus_0.5,ATP0.1,baseline_0.316228Hz_Im,2,-1.4662754143079935
P1_pair_plus_0.5,ATP0.1,baseline_0.316228Hz_Im,3,-0.28940906036112324
P1_pair_plus_0.5,ATP0.1,baseline_0.316228Hz_Im,4,3.7033425656307624
P1_pair_plus_0.5,ATP0.1,baseline_0.316228Hz_Im,5,-0.9004123095235349
P1_pair_plus_0.5,ATP0.1,baseline_0.316228Hz_Im,6,2.0564507377529573
P1_pair_plus_0.5,ATP0.1,baseline_0.316228Hz_Im,7,-4.277607529301619
P1_pair_plus_0.5,ATP0.1,baseline_0.316228Hz_Im,8,-2.7239870034279074
P1_pair_plus_0.5,ATP0.1,baseline_0.316228Hz_Im,9,0.0
P1_pair_plus_0.5,ATP0.1,baseline_0.316228Hz_Im,10,-0.3323828693613251
P1_pair_plus_0.5,ATP0.1,baseline_0.316228Hz_Im,11,-0.4008107724162712
P1_pair_plus_0.5,ATP0.1,baseline_0.316228Hz_Im,12,-1.7829793482304621
P1_pair_plus_0.5,ATP0.1,baseline_0.316228Hz_Im,13,-0.04853418935635289
P1_pair_plus_0.5,ATP0.1,baseline_0.464159Hz_Re,0,0.5680196046409236
P1_pair_plus_0.5,ATP0.1,baseline_0.464159Hz_Re,1,-0.3218120580239514
P1_pair_plus_0.5,ATP0.1,baseline_0.464159Hz_Re,2,0.9777946543554349
P1_pair_plus_0.5,ATP0.1,baseline_0.464159Hz_Re,3,-0.09689655233735549
P1_pair_plus_0.5,ATP0.1,baseline_0.464159Hz_Re,4,-0.8019023077787678
P1_pair_plus_0.5,ATP0.1,baseline_0.464159Hz_Re,5,0.014180048624190532
P1_pair_plus_0.5,ATP0.1,baseline_0.464159Hz_Re,6,-0.04129887669623855
P1_pair_plus_0.5,ATP0.1,baseline_0.464159Hz_Re,7,1.7151351531685675
P1_pair_plus_0.5,ATP0.1,baseline_0.464159Hz_Re,8,1.9896673252972616
P1_pair_plus_0.5,ATP0.1,baseline_0.464159Hz_Re,9,1.9636497508024318
P1_pair_plus_0.5,ATP0.1,baseline_0.464159Hz_Re,10,-0.012823491535307594
P1_pair_plus_0.5,ATP0.1,baseline_0.464159Hz_Re,11,-0.016991270257449287
P1_pair_plus_0.5,ATP0.1,baseline_0.464159Hz_Re,12,0.2963175197212564
P1_pair_plus_0.5,ATP0.1,baseline_0.464159Hz_Re,13,0.2422700307480596
P1_pair_plus_0.5,ATP0.1,baseline_0.464159Hz_Im,0,0.3266731553042135
P1_pair_plus_0.5,ATP0.1,baseline_0.464159Hz_Im,1,-0.46171624018542795
P1_pair_plus_0.5,ATP0.1,baseline_0.464159Hz_Im,2,-2.0434953088344088
P1_pair_plus_0.5,ATP0.1,baseline_0.464159Hz_Im,3,-0.4066965263227473
P1_pair_plus_0.5,ATP0.1,baseline_0.464159Hz_Im,4,4.552002934177235
P1_pair_plus_0.5,ATP0.1,baseline_0.464159Hz_Im,5,-1.2465851621290547
P1_pair_plus_0.5,ATP0.1,baseline_0.464159Hz_Im,6,2.840850990126764
P1_pair_plus_0.5,ATP0.1,baseline_0.464159Hz_Im,7,-5.6341574626972415
P1_pair_plus_0.5,ATP0.1,baseline_0.464159Hz_Im,8,-3.4363140489879203
P1_pair_plus_0.5,ATP0.1,baseline_0.464159Hz_Im,9,0.0
P1_pair_plus_0.5,ATP0.1,baseline_0.464159Hz_Im,10,-0.4369265281578549
P1_pair_plus_0.5,ATP0.1,baseline_0.464159Hz_Im,11,-0.5242471111888136
P1_pair_plus_0.5,ATP0.1,baseline_0.464159Hz_Im,12,-2.2202396096293597
P1_pair_plus_0.5,ATP0.1,baseline_0.464159Hz_Im,13,-0.0797616753756003
P1_pair_plus_0.5,ATP0.1,baseline_0.681292Hz_Re,0,0.6117546473838331
P1_pair_plus_0.5,ATP0.1,baseline_0.681292Hz_Re,1,-0.32921389929718714
P1_pair_plus_0.5,ATP0.1,baseline_0.681292Hz_Re,2,1.0194098026161669
P1_pair_plus_0.5,ATP0.1,baseline_0.681292Hz_Re,3,-0.10224954594129086
P1_pair_plus_0.5,ATP0.1,baseline_0.681292Hz_Re,4,-0.5433997930515133
P1_pair_plus_0.5,ATP0.1,baseline_0.681292Hz_Re,5,0.028769040905096684
P1_pair_plus_0.5,ATP0.1,baseline_0.681292Hz_Re,6,-0.08734568428536703
P1_pair_plus_0.5,ATP0.1,baseline_0.681292Hz_Re,7,1.6572248169977042
P1_pair_plus_0.5,ATP0.1,baseline_0.681292Hz_Re,8,1.8681282075716508
P1_pair_plus_0.5,ATP0.1,baseline_0.681292Hz_Re,9,2.08098172120863
P1_pair_plus_0.5,ATP0.1,baseline_0.681292Hz_Re,10,-0.02780828620707609
P1_pair_plus_0.5,ATP0.1,baseline_0.681292Hz_Re,11,-0.03664803327474431
P1_pair_plus_0.5,ATP0.1,baseline_0.681292Hz_Re,12,0.18021432373060972
P1_pair_plus_0.5,ATP0.1,baseline_0.681292Hz_Re,13,0.2502138607862747
P1_pair_plus_0.5,ATP0.1,baseline_0.681292Hz_Im,0,0.316353977458661
P1_pair_plus_0.5,ATP0.1,baseline_0.681292Hz_Im,1,-0.5474886853096272
P1_pair_plus_0.5,ATP0.1,baseline_0.681292Hz_Im,2,-2.673412041542811
P1_pair_plus_0.5,ATP0.1,baseline_0.681292Hz_Im,3,-0.5412608014454534
P1_pair_plus_0.5,ATP0.1,baseline_0.681292Hz_Im,4,4.594119384937478
P1_pair_plus_0.5,ATP0.1,baseline_0.681292Hz_Im,5,-1.6261880818713157
P1_pair_plus_0.5,ATP0.1,baseline_0.681292Hz_Im,6,3.692013692635498
P1_pair_plus_0.5,ATP0.1,baseline_0.681292Hz_Im,7,-6.652981446308991
P1_pair_plus_0.5,ATP0.1,baseline_0.681292Hz_Im,8,-3.671041076247494
P1_pair_plus_0.5,ATP0.1,baseline_0.681292Hz_Im,9,0.0
P1_pair_plus_0.5,ATP0.1,baseline_0.681292Hz_Im,10,-0.5135454853255617
P1_pair_plus_0.5,ATP0.1,baseline_0.681292Hz_Im,11,-0.6096209770767302
P1_pair_plus_0.5,ATP0.1,baseline_0.681292Hz_Im,12,-2.314365239719507
P1_pair_plus_0.5,ATP0.1,baseline_0.681292Hz_Im,13,-0.12561628093266108
P1_pair_plus_0.5,ATP0.1,baseline_1Hz_Re,0,0.63620481136617
P1_pair_plus_0.5,ATP0.1,baseline_1Hz_Re,1,-0.3030809901050091
P1_pair_plus_0.5,ATP0.1,baseline_1Hz_Re,2,0.9862176613140149
P1_pair_plus_0.5,ATP0.1,baseline_1Hz_Re,3,-0.11252902973879485
P1_pair_plus_0.5,ATP0.1,baseline_1Hz_Re,4,-0.06937333869583284
P1_pair_plus_0.5,ATP0.1,baseline_1Hz_Re,5,0.04943437910132075
P1_pair_plus_0.5,ATP0.1,baseline_1Hz_Re,6,-0.16642479288009326
P1_pair_plus_0.5,ATP0.1,baseline_1Hz_Re,7,1.4163496562913378
P1_pair_plus_0.5,ATP0.1,baseline_1Hz_Re,8,1.4914407561628094
P1_pair_plus_0.5,ATP0.1,baseline_1Hz_Re,9,2.1572375766609753
P1_pair_plus_0.5,ATP0.1,baseline_1Hz_Re,10,-0.05602250463532243
P1_pair_plus_0.5,ATP0.1,baseline_1Hz_Re,11,-0.07301409095106237
P1_pair_plus_0.5,ATP0.1,baseline_1Hz_Re,12,-0.03294995649660848
P1_pair_plus_0.5,ATP0.1,baseline_1Hz_Re,13,0.23627015273142146
P1_pair_plus_0.5,ATP0.1,baseline_1Hz_Im,0,0.29531933556370404
P1_pair_plus_0.5,ATP0.1,baseline_1Hz_Im,1,-0.8935592463954477
P1_pair_plus_0.5,ATP0.1,baseline_1Hz_Im,2,-4.595088428138716
P1_pair_plus_0.5,ATP0.1,baseline_1Hz_Im,3,-0.9630791061310261
P1_pair_plus_0.5,ATP0.1,baseline_1Hz_Im,4,4.539430954619839
P1_pair_plus_0.5,ATP0.1,baseline_1Hz_Im,5,-2.8680580406170715
P1_pair_plus_0.5,ATP0.1,baseline_1Hz_Im,6,6.4796463456362465
P1_pair_plus_0.5,ATP0.1,baseline_1Hz_Im,7,-9.747704031348725
P1_pair_plus_0.5,ATP0.1,baseline_1Hz_Im,8,-4.1523618295569165
P1_pair_plus_0.5,ATP0.1,baseline_1Hz_Im,9,0.0
P1_pair_plus_0.5,ATP0.1,baseline_1Hz_Im,10,-0.743646827738864
P1_pair_plus_0.5,ATP0.1,baseline_1Hz_Im,11,-0.8629416343941542
P1_pair_plus_0.5,ATP0.1,baseline_1Hz_Im,12,-2.527735705770695
P1_pair_plus_0.5,ATP0.1,baseline_1Hz_Im,13,-0.23376181863543619
P1_pair_plus_0.5,ATP0.1,baseline_1.4678Hz_Re,0,0.6149153700452104
P1_pair_plus_0.5,ATP0.1,baseline_1.4678Hz_Re,1,-0.22047087682164343
P1_pair_plus_0.5,ATP0.1,baseline_1.4678Hz_Re,2,0.8060604747228693
P1_pair_plus_0.5,ATP0.1,baseline_1.4678Hz_Re,3,-0.14945489361650743
P1_pair_plus_0.5,ATP0.1,baseline_1.4678Hz_Re,4,0.48681641062753295
P1_pair_plus_0.5,ATP0.1,baseline_1.4678Hz_Re,5,0.05797669770934987
P1_pair_plus_0.5,ATP0.1,baseline_1.4678Hz_Re,6,-0.26988715493558857
P1_pair_plus_0.5,ATP0.1,baseline_1.4678Hz_Re,7,0.988508825683354
P1_pair_plus_0.5,ATP0.1,baseline_1.4678Hz_Re,8,0.8647636501324384
P1_pair_plus_0.5,ATP0.1,baseline_1.4678Hz_Re,9,2.2432777619485478
P1_pair_plus_0.5,ATP0.1,baseline_1.4678Hz_Re,10,-0.10347602297233748
P1_pair_plus_0.5,ATP0.1,baseline_1.4678Hz_Re,11,-0.13193927270727102
P1_pair_plus_0.5,ATP0.1,baseline_1.4678Hz_Re,12,-0.2970502245069895
P1_pair_plus_0.5,ATP0.1,baseline_1.4678Hz_Re,13,0.18286335374817494
P1_pair_plus_0.5,ATP0.1,baseline_1.4678Hz_Im,0,0.10957635177000212
P1_pair_plus_0.5,ATP0.1,baseline_1.4678Hz_Im,1,-1.2057200088066988
P1_pair_plus_0.5,ATP0.1,baseline_1.4678Hz_Im,2,-4.99743337410985
P1_pair_plus_0.5,ATP0.1,baseline_1.4678Hz_Im,3,-1.1209118437216503
P1_pair_plus_0.5,ATP0.1,baseline_1.4678Hz_Im,4,0.6585226073496653
P1_pair_plus_0.5,ATP0.1,baseline_1.4678Hz_Im,5,-3.4946495362342396
P1_pair_plus_0.5,ATP0.1,baseline_1.4678Hz_Im,6,7.877726685612262
P1_pair_plus_0.5,ATP0.1,baseline_1.4678Hz_Im,7,-8.734938782195556
P1_pair_plus_0.5,ATP0.1,baseline_1.4678Hz_Im,8,-1.347589589650866
P1_pair_plus_0.5,ATP0.1,baseline_1.4678Hz_Im,9,0.0
P1_pair_plus_0.5,ATP0.1,baseline_1.4678Hz_Im,10,-0.6448789661217535
P1_pair_plus_0.5,ATP0.1,baseline_1.4678Hz_Im,11,-0.7133929702973772
P1_pair_plus_0.5,ATP0.1,baseline_1.4678Hz_Im,12,-0.918668461036276
P1_pair_plus_0.5,ATP0.1,baseline_1.4678Hz_Im,13,-0.16625926289037807
P1_pair_plus_0.5,ATP0.1,baseline_2.15443Hz_Re,0,0.4574516323518906
P1_pair_plus_0.5,ATP0.1,baseline_2.15443Hz_Re,1,-0.09407537204797477
P1_pair_plus_0.5,ATP0.1,baseline_2.15443Hz_Re,2,0.36433462624607665
P1_pair_plus_0.5,ATP0.1,baseline_2.15443Hz_Re,3,-0.23280761043409368
P1_pair_plus_0.5,ATP0.1,baseline_2.15443Hz_Re,4,0.695255255678262
P1_pair_plus_0.5,ATP0.1,baseline_2.15443Hz_Re,5,-0.01778948981456807
P1_pair_plus_0.5,ATP0.1,baseline_2.15443Hz_Re,6,-0.2949213412595242
P1_pair_plus_0.5,ATP0.1,baseline_2.15443Hz_Re,7,0.41026067674199135
P1_pair_plus_0.5,ATP0.1,baseline_2.15443Hz_Re,8,0.14931959118058558
P1_pair_plus_0.5,ATP0.1,baseline_2.15443Hz_Re,9,2.2317650675507394
P1_pair_plus_0.5,ATP0.1,baseline_2.15443Hz_Re,10,-0.16003750220594526
P1_pair_plus_0.5,ATP0.1,baseline_2.15443Hz_Re,11,-0.19617799349447293
P1_pair_plus_0.5,ATP0.1,baseline_2.15443Hz_Re,12,-0.4351309771166711
P1_pair_plus_0.5,ATP0.1,baseline_2.15443Hz_Re,13,0.08055560667408201
P1_pair_plus_0.5,ATP0.1,baseline_2.15443Hz_Im,0,0.16459832985482592
P1_pair_plus_0.5,ATP0.1,baseline_2.15443Hz_Im,1,-1.4214840121873349
P1_pair_plus_0.5,ATP0.1,baseline_2.15443Hz_Im,2,-3.2738061804704617
P1_pair_plus_0.5,ATP0.1,baseline_2.15443Hz_Im,3,-0.8330275550583187
P1_pair_plus_0.5,ATP0.1,baseline_2.15443Hz_Im,4,-2.5380876455760593
P1_pair_plus_0.5,ATP0.1,baseline_2.15443Hz_Im,5,-3.0336420736187804
P1_pair_plus_0.5,ATP0.1,baseline_2.15443Hz_Im,6,6.909859743220447
P1_pair_plus_0.5,ATP0.1,baseline_2.15443Hz_Im,7,-4.932747174857255
P1_pair_plus_0.5,ATP0.1,baseline_2.15443Hz_Im,8,2.0590948605181403
P1_pair_plus_0.5,ATP0.1,baseline_2.15443Hz_Im,9,0.0
P1_pair_plus_0.5,ATP0.1,baseline_2.15443Hz_Im,10,-0.3291322890619508
P1_pair_plus_0.5,ATP0.1,baseline_2.15443Hz_Im,11,-0.32891099133181
P1_pair_plus_0.5,ATP0.1,baseline_2.15443Hz_Im,12,0.6417671929770385
P1_pair_plus_0.5,ATP0.1,baseline_2.15443Hz_Im,13,0.12861559148813484
P1_pair_plus_0.5,ATP0.1,baseline_3.16228Hz_Re,0,0.2106213508046295
P1_pair_plus_0.5,ATP0.1,baseline_3.16228Hz_Re,1,-0.09043476402181837
P1_pair_plus_0.5,ATP0.1,baseline_3.16228Hz_Re,2,-0.14080133445837362
P1_pair_plus_0.5,ATP0.1,baseline_3.16228Hz_Re,3,-0.3365873536775865
P1_pair_plus_0.5,ATP0.1,baseline_3.16228Hz_Re,4,0.20985845112786447
P1_pair_plus_0.5,ATP0.1,baseline_3.16228Hz_Re,5,-0.2829767275058792
P1_pair_plus_0.5,ATP0.1,baseline_3.16228Hz_Re,6,-0.04484826634509886
P1_pair_plus_0.5,ATP0.1,baseline_3.16228Hz_Re,7,-0.06462810185903223
P1_pair_plus_0.5,ATP0.1,baseline_3.16228Hz_Re,8,-0.12814418549611517
P1_pair_plus_0.5,ATP0.1,baseline_3.16228Hz_Re,9,2.016754468847637
P1_pair_plus_0.5,ATP0.1,baseline_3.16228Hz_Re,10,-0.19150363845810145
P1_pair_plus_0.5,ATP0.1,baseline_3.16228Hz_Re,11,-0.22093852618532137
P1_pair_plus_0.5,ATP0.1,baseline_3.16228Hz_Re,12,-0.2811566904625806
P1_pair_plus_0.5,ATP0.1,baseline_3.16228Hz_Re,13,0.01654925609884117
P1_pair_plus_0.5,ATP0.1,baseline_3.16228Hz_Im,0,0.5603412525090334
P1_pair_plus_0.5,ATP0.1,baseline_3.16228Hz_Im,1,-1.7790664342709481
P1_pair_plus_0.5,ATP0.1,baseline_3.16228Hz_Im,2,-1.8795591560927247
P1_pair_plus_0.5,ATP0.1,baseline_3.16228Hz_Im,3,-0.5880778854994162
P1_pair_plus_0.5,ATP0.1,baseline_3.16228Hz_Im,4,-3.620772560297691
P1_pair_plus_0.5,ATP0.1,baseline_3.16228Hz_Im,5,-2.8457512108892575
P1_pair_plus_0.5,ATP0.1,baseline_3.16228Hz_Im,6,6.74875782826767
P1_pair_plus_0.5,ATP0.1,baseline_3.16228Hz_Im,7,-2.886217784892064
P1_pair_plus_0.5,ATP0.1,baseline_3.16228Hz_Im,8,4.305070748700235
P1_pair_plus_0.5,ATP0.1,baseline_3.16228Hz_Im,9,0.0
P1_pair_plus_0.5,ATP0.1,baseline_3.16228Hz_Im,10,-0.13791704103205404
P1_pair_plus_0.5,ATP0.1,baseline_3.16228Hz_Im,11,-0.10655142663740234
P1_pair_plus_0.5,ATP0.1,baseline_3.16228Hz_Im,12,1.2532292440470272
P1_pair_plus_0.5,ATP0.1,baseline_3.16228Hz_Im,13,0.43597911172366105
P1_pair_plus_0.5,ATP0.1,baseline_4.64159Hz_Re,0,0.1327270650053336
P1_pair_plus_0.5,ATP0.1,baseline_4.64159Hz_Re,1,-0.33678909479029073
P1_pair_plus_0.5,ATP0.1,baseline_4.64159Hz_Re,2,-0.3914710070551663
P1_pair_plus_0.5,ATP0.1,baseline_4.64159Hz_Re,3,-0.4350606213732177
P1_pair_plus_0.5,ATP0.1,baseline_4.64159Hz_Re,4,-0.7206245658419873
P1_pair_plus_0.5,ATP0.1,baseline_4.64159Hz_Re,5,-0.8074086272125135
P1_pair_plus_0.5,ATP0.1,baseline_4.64159Hz_Re,6,0.6160719119074898
P1_pair_plus_0.5,ATP0.1,baseline_4.64159Hz_Re,7,-0.3107157768300617
P1_pair_plus_0.5,ATP0.1,baseline_4.64159Hz_Re,8,0.3368880323595391
P1_pair_plus_0.5,ATP0.1,baseline_4.64159Hz_Re,9,1.8109972166113761
P1_pair_plus_0.5,ATP0.1,baseline_4.64159Hz_Re,10,-0.19377398954301125
P1_pair_plus_0.5,ATP0.1,baseline_4.64159Hz_Re,11,-0.20756865823923218
P1_pair_plus_0.5,ATP0.1,baseline_4.64159Hz_Re,12,0.07052394594975198
P1_pair_plus_0.5,ATP0.1,baseline_4.64159Hz_Re,13,0.07811175268823689
P1_pair_plus_0.5,ATP0.1,baseline_4.64159Hz_Im,0,1.0367706206437788
P1_pair_plus_0.5,ATP0.1,baseline_4.64159Hz_Im,1,-1.9439688288880317
P1_pair_plus_0.5,ATP0.1,baseline_4.64159Hz_Im,2,-0.8993429662318418
P1_pair_plus_0.5,ATP0.1,baseline_4.64159Hz_Im,3,-0.3573362068021168
P1_pair_plus_0.5,ATP0.1,baseline_4.64159Hz_Im,4,-3.465722270568072
P1_pair_plus_0.5,ATP0.1,baseline_4.64159Hz_Im,5,-2.5661914415220366
P1_pair_plus_0.5,ATP0.1,baseline_4.64159Hz_Im,6,6.720518215486137
P1_pair_plus_0.5,ATP0.1,baseline_4.64159Hz_Im,7,-1.852040256022924
P1_pair_plus_0.5,ATP0.1,baseline_4.64159Hz_Im,8,5.5009590660182175
P1_pair_plus_0.5,ATP0.1,baseline_4.64159Hz_Im,9,0.0
P1_pair_plus_0.5,ATP0.1,baseline_4.64159Hz_Im,10,-0.020967398373095136
P1_pair_plus_0.5,ATP0.1,baseline_4.64159Hz_Im,11,0.01250935541818876
P1_pair_plus_0.5,ATP0.1,baseline_4.64159Hz_Im,12,1.3152010695183236
P1_pair_plus_0.5,ATP0.1,baseline_4.64159Hz_Im,13,0.6195410932274825
P1_pair_plus_0.5,ATP0.1,baseline_6.81292Hz_Re,0,0.2898611827450992
P1_pair_plus_0.5,ATP0.1,baseline_6.81292Hz_Re,1,-0.691657673479451
P1_pair_plus_0.5,ATP0.1,baseline_6.81292Hz_Re,2,-0.3614261796736073
P1_pair_plus_0.5,ATP0.1,baseline_6.81292Hz_Re,3,-0.4333231593989239
P1_pair_plus_0.5,ATP0.1,baseline_6.81292Hz_Re,4,-1.5741575529193417
P1_pair_plus_0.5,ATP0.1,baseline_6.81292Hz_Re,5,-1.346236516230892
P1_pair_plus_0.5,ATP0.1,baseline_6.81292Hz_Re,6,1.5559291339894974
P1_pair_plus_0.5,ATP0.1,baseline_6.81292Hz_Re,7,-0.42195804127453934
P1_pair_plus_0.5,ATP0.1,baseline_6.81292Hz_Re,8,1.2816833459661225
P1_pair_plus_0.5,ATP0.1,baseline_6.81292Hz_Re,9,1.4156119417574329
P1_pair_plus_0.5,ATP0.1,baseline_6.81292Hz_Re,10,-0.14619503579949011
P1_pair_plus_0.5,ATP0.1,baseline_6.81292Hz_Re,11,-0.14614992851491593
P1_pair_plus_0.5,ATP0.1,baseline_6.81292Hz_Re,12,0.4449135476480847
P1_pair_plus_0.5,ATP0.1,baseline_6.81292Hz_Re,13,0.21529148128696105
P1_pair_plus_0.5,ATP0.1,baseline_6.81292Hz_Im,0,1.4137018404358768
P1_pair_plus_0.5,ATP0.1,baseline_6.81292Hz_Im,1,-2.0059696197671784
P1_pair_plus_0.5,ATP0.1,baseline_6.81292Hz_Im,2,-0.4527719458469192
P1_pair_plus_0.5,ATP0.1,baseline_6.81292Hz_Im,3,-0.16782042697727206
P1_pair_plus_0.5,ATP0.1,baseline_6.81292Hz_Im,4,-2.855435096105196
P1_pair_plus_0.5,ATP0.1,baseline_6.81292Hz_Im,5,-2.172266093136699
P1_pair_plus_0.5,ATP0.1,baseline_6.81292Hz_Im,6,7.0289085875918635
P1_pair_plus_0.5,ATP0.1,baseline_6.81292Hz_Im,7,-1.502786122853372
P1_pair_plus_0.5,ATP0.1,baseline_6.81292Hz_Im,8,6.2691141150761345
P1_pair_plus_0.5,ATP0.1,baseline_6.81292Hz_Im,9,0.0
P1_pair_plus_0.5,ATP0.1,baseline_6.81292Hz_Im,10,0.04321230813175702
P1_pair_plus_0.5,ATP0.1,baseline_6.81292Hz_Im,11,0.06626482362825925
P1_pair_plus_0.5,ATP0.1,baseline_6.81292Hz_Im,12,1.1548196850785786
P1_pair_plus_0.5,ATP0.1,baseline_6.81292Hz_Im,13,0.6982324463056243
P1_pair_plus_0.5,ATP0.1,baseline_10Hz_Re,0,0.5720529422159615
P1_pair_plus_0.5,ATP0.1,baseline_10Hz_Re,1,-1.0872616138746238
P1_pair_plus_0.5,ATP0.1,baseline_10Hz_Re,2,-0.3161005603047329
P1_pair_plus_0.5,ATP0.1,baseline_10Hz_Re,3,-0.3865251249735024
P1_pair_plus_0.5,ATP0.1,baseline_10Hz_Re,4,-2.0713115258752524
P1_pair_plus_0.5,ATP0.1,baseline_10Hz_Re,5,-1.7497750886219519
P1_pair_plus_0.5,ATP0.1,baseline_10Hz_Re,6,2.6816431414999897
P1_pair_plus_0.5,ATP0.1,baseline_10Hz_Re,7,-0.5620850805021504
P1_pair_plus_0.5,ATP0.1,baseline_10Hz_Re,8,2.4051330311802843
P1_pair_plus_0.5,ATP0.1,baseline_10Hz_Re,9,1.1416786804829826
P1_pair_plus_0.5,ATP0.1,baseline_10Hz_Re,10,-0.09698507086319806
P1_pair_plus_0.5,ATP0.1,baseline_10Hz_Re,11,-0.09225231401011057
P1_pair_plus_0.5,ATP0.1,baseline_10Hz_Re,12,0.6887405512134847
P1_pair_plus_0.5,ATP0.1,baseline_10Hz_Re,13,0.3696850083834135
P1_pair_plus_0.5,ATP0.1,baseline_10Hz_Im,0,1.8164396292874583
P1_pair_plus_0.5,ATP0.1,baseline_10Hz_Im,1,-2.1506487389411078
P1_pair_plus_0.5,ATP0.1,baseline_10Hz_Im,2,-0.3442431496303299
P1_pair_plus_0.5,ATP0.1,baseline_10Hz_Im,3,0.010632449143344045
P1_pair_plus_0.5,ATP0.1,baseline_10Hz_Im,4,-2.0510853481869873
P1_pair_plus_0.5,ATP0.1,baseline_10Hz_Im,5,-1.6339481965443878
P1_pair_plus_0.5,ATP0.1,baseline_10Hz_Im,6,8.19248983914278
P1_pair_plus_0.5,ATP0.1,baseline_10Hz_Im,7,-1.5824244149253983
P1_pair_plus_0.5,ATP0.1,baseline_10Hz_Im,8,7.507792824834602
P1_pair_plus_0.5,ATP0.1,baseline_10Hz_Im,9,0.0
P1_pair_plus_0.5,ATP0.1,baseline_10Hz_Im,10,0.0833631554675307
P1_pair_plus_0.5,ATP0.1,baseline_10Hz_Im,11,0.09613057114776778
P1_pair_plus_0.5,ATP0.1,baseline_10Hz_Im,12,0.9033144058534502
P1_pair_plus_0.5,ATP0.1,baseline_10Hz_Im,13,0.766098771354251
P1_pair_plus_0.5,ATP0.1,baseline_14.678Hz_Re,0,0.9052399927433895
P1_pair_plus_0.5,ATP0.1,baseline_14.678Hz_Re,1,-1.4964148176366263
P1_pair_plus_0.5,ATP0.1,baseline_14.678Hz_Re,2,-0.3550639218197204
P1_pair_plus_0.5,ATP0.1,baseline_14.678Hz_Re,3,-0.31009123464542654
P1_pair_plus_0.5,ATP0.1,baseline_14.678Hz_Re,4,-2.1440898096969363
P1_pair_plus_0.5,ATP0.1,baseline_14.678Hz_Re,5,-1.9116111867001349
P1_pair_plus_0.5,ATP0.1,baseline_14.678Hz_Re,6,4.012860100455207
P1_pair_plus_0.5,ATP0.1,baseline_14.678Hz_Re,7,-0.7706959657349798
P1_pair_plus_0.5,ATP0.1,baseline_14.678Hz_Re,8,3.682718143127594
P1_pair_plus_0.5,ATP0.1,baseline_14.678Hz_Re,9,1.0009710250002968
P1_pair_plus_0.5,ATP0.1,baseline_14.678Hz_Re,10,-0.059179498390626854
P1_pair_plus_0.5,ATP0.1,baseline_14.678Hz_Re,11,-0.054653789316461136
P1_pair_plus_0.5,ATP0.1,baseline_14.678Hz_Re,12,0.7635793221716368
P1_pair_plus_0.5,ATP0.1,baseline_14.678Hz_Re,13,0.5187219571212154
P1_pair_plus_0.5,ATP0.1,baseline_14.678Hz_Im,0,2.0216811737139295
P1_pair_plus_0.5,ATP0.1,baseline_14.678Hz_Im,1,-1.8978932823099368
P1_pair_plus_0.5,ATP0.1,baseline_14.678Hz_Im,2,-0.2682405154441625
P1_pair_plus_0.5,ATP0.1,baseline_14.678Hz_Im,3,0.18986652290386982
P1_pair_plus_0.5,ATP0.1,baseline_14.678Hz_Im,4,-0.7886361735209845
P1_pair_plus_0.5,ATP0.1,baseline_14.678Hz_Im,5,-0.5633100711222028
P1_pair_plus_0.5,ATP0.1,baseline_14.678Hz_Im,6,8.832525057145268
P1_pair_plus_0.5,ATP0.1,baseline_14.678Hz_Im,7,-1.6507060145443118
P1_pair_plus_0.5,ATP0.1,baseline_14.678Hz_Im,8,8.160066769069552
P1_pair_plus_0.5,ATP0.1,baseline_14.678Hz_Im,9,0.0
P1_pair_plus_0.5,ATP0.1,baseline_14.678Hz_Im,10,0.09878904581039903
P1_pair_plus_0.5,ATP0.1,baseline_14.678Hz_Im,11,0.10319694774274522
P1_pair_plus_0.5,ATP0.1,baseline_14.678Hz_Im,12,0.45183278545302125
P1_pair_plus_0.5,ATP0.1,baseline_14.678Hz_Im,13,0.6804703987839388
P1_pair_plus_0.5,ATP0.1,baseline_21.5443Hz_Re,0,1.302387563262286
P1_pair_plus_0.5,ATP0.1,baseline_21.5443Hz_Re,1,-1.8470808224479993
P1_pair_plus_0.5,ATP0.1,baseline_21.5443Hz_Re,2,-0.4249018992208419
P1_pair_plus_0.5,ATP0.1,baseline_21.5443Hz_Re,3,-0.2256233547104358
P1_pair_plus_0.5,ATP0.1,baseline_21.5443Hz_Re,4,-1.9603428516479224
P1_pair_plus_0.5,ATP0.1,baseline_21.5443Hz_Re,5,-1.825653258324955
P1_pair_plus_0.5,ATP0.1,baseline_21.5443Hz_Re,6,5.664491473211796
P1_pair_plus_0.5,ATP0.1,baseline_21.5443Hz_Re,7,-1.0580720703590174
P1_pair_plus_0.5,ATP0.1,baseline_21.5443Hz_Re,8,5.233896486256384
P1_pair_plus_0.5,ATP0.1,baseline_21.5443Hz_Re,9,0.9800742107213266
P1_pair_plus_0.5,ATP0.1,baseline_21.5443Hz_Re,10,-0.03463763031952283
P1_pair_plus_0.5,ATP0.1,baseline_21.5443Hz_Re,11,-0.031494711860702296
P1_pair_plus_0.5,ATP0.1,baseline_21.5443Hz_Re,12,0.7307097091846514
P1_pair_plus_0.5,ATP0.1,baseline_21.5443Hz_Re,13,0.6419353788533755
P1_pair_plus_0.5,ATP0.1,baseline_21.5443Hz_Im,0,1.9119400166633935
P1_pair_plus_0.5,ATP0.1,baseline_21.5443Hz_Im,1,-1.1313455753558799
P1_pair_plus_0.5,ATP0.1,baseline_21.5443Hz_Im,2,-0.034184355923727594
P1_pair_plus_0.5,ATP0.1,baseline_21.5443Hz_Im,3,0.2860786671554649
P1_pair_plus_0.5,ATP0.1,baseline_21.5443Hz_Im,4,0.2679856950571491
P1_pair_plus_0.5,ATP0.1,baseline_21.5443Hz_Im,5,0.6501386526025499
P1_pair_plus_0.5,ATP0.1,baseline_21.5443Hz_Im,6,8.270047602176867
P1_pair_plus_0.5,ATP0.1,baseline_21.5443Hz_Im,7,-1.529900210472945
P1_pair_plus_0.5,ATP0.1,baseline_21.5443Hz_Im,8,7.659041145435807
P1_pair_plus_0.5,ATP0.1,baseline_21.5443Hz_Im,9,0.0
P1_pair_plus_0.5,ATP0.1,baseline_21.5443Hz_Im,10,0.08926364742922742
P1_pair_plus_0.5,ATP0.1,baseline_21.5443Hz_Im,11,0.0892424397935798
P1_pair_plus_0.5,ATP0.1,baseline_21.5443Hz_Im,12,0.04369305903750841
P1_pair_plus_0.5,ATP0.1,baseline_21.5443Hz_Im,13,0.4212212890930544
P1_pair_plus_0.5,ATP0.1,baseline_31.6228Hz_Re,0,1.602707200420994
P1_pair_plus_0.5,ATP0.1,baseline_31.6228Hz_Re,1,-1.8464389131223056
P1_pair_plus_0.5,ATP0.1,baseline_31.6228Hz_Re,2,-0.37619447548209445
P1_pair_plus_0.5,ATP0.1,baseline_31.6228Hz_Re,3,-0.13681705763879393
P1_pair_plus_0.5,ATP0.1,baseline_31.6228Hz_Re,4,-1.5723993713079307
P1_pair_plus_0.5,ATP0.1,baseline_31.6228Hz_Re,5,-1.366673562630538
P1_pair_plus_0.5,ATP0.1,baseline_31.6228Hz_Re,6,6.925145768454931
P1_pair_plus_0.5,ATP0.1,baseline_31.6228Hz_Re,7,-1.2816511546720477
P1_pair_plus_0.5,ATP0.1,baseline_31.6228Hz_Re,8,6.412852016901559
P1_pair_plus_0.5,ATP0.1,baseline_31.6228Hz_Re,9,0.9493138773297715
P1_pair_plus_0.5,ATP0.1,baseline_31.6228Hz_Re,10,-0.017926596362904945
P1_pair_plus_0.5,ATP0.1,baseline_31.6228Hz_Re,11,-0.016175133987772483
P1_pair_plus_0.5,ATP0.1,baseline_31.6228Hz_Re,12,0.6109457336922475
P1_pair_plus_0.5,ATP0.1,baseline_31.6228Hz_Re,13,0.6477337235466507
P1_pair_plus_0.5,ATP0.1,baseline_31.6228Hz_Im,0,1.8253253841304937
P1_pair_plus_0.5,ATP0.1,baseline_31.6228Hz_Im,1,-0.3554406232675333
P1_pair_plus_0.5,ATP0.1,baseline_31.6228Hz_Im,2,0.2970655147205292
P1_pair_plus_0.5,ATP0.1,baseline_31.6228Hz_Im,3,0.3249131367510927
P1_pair_plus_0.5,ATP0.1,baseline_31.6228Hz_Im,4,0.811231509634247
P1_pair_plus_0.5,ATP0.1,baseline_31.6228Hz_Im,5,1.62443549738267
P1_pair_plus_0.5,ATP0.1,baseline_31.6228Hz_Im,6,7.869783853409195
P1_pair_plus_0.5,ATP0.1,baseline_31.6228Hz_Im,7,-1.4510547558632678
P1_pair_plus_0.5,ATP0.1,baseline_31.6228Hz_Im,8,7.294049771089383
P1_pair_plus_0.5,ATP0.1,baseline_31.6228Hz_Im,9,0.0
P1_pair_plus_0.5,ATP0.1,baseline_31.6228Hz_Im,10,0.07934191741387764
P1_pair_plus_0.5,ATP0.1,baseline_31.6228Hz_Im,11,0.07773078323225491
P1_pair_plus_0.5,ATP0.1,baseline_31.6228Hz_Im,12,-0.17212704612745708
P1_pair_plus_0.5,ATP0.1,baseline_31.6228Hz_Im,13,0.17050542382435194
P1_pair_plus_0.5,ATP0.1,baseline_46.4159Hz_Re,0,1.7711288895938535
P1_pair_plus_0.5,ATP0.1,baseline_46.4159Hz_Re,1,-1.6279527104368083
P1_pair_plus_0.5,ATP0.1,baseline_46.4159Hz_Re,2,-0.23781020752622337
P1_pair_plus_0.5,ATP0.1,baseline_46.4159Hz_Re,3,-0.07424061863048337
P1_pair_plus_0.5,ATP0.1,baseline_46.4159Hz_Re,4,-1.2413448405412808
P1_pair_plus_0.5,ATP0.1,baseline_46.4159Hz_Re,5,-0.8329817479557632
P1_pair_plus_0.5,ATP0.1,baseline_46.4159Hz_Re,6,7.634421029312221
P1_pair_plus_0.5,ATP0.1,baseline_46.4159Hz_Re,7,-1.408194302943144
P1_pair_plus_0.5,ATP0.1,baseline_46.4159Hz_Re,8,7.075268381329102
P1_pair_plus_0.5,ATP0.1,baseline_46.4159Hz_Re,9,0.9145165982715752
P1_pair_plus_0.5,ATP0.1,baseline_46.4159Hz_Re,10,-0.008615252977683951
P1_pair_plus_0.5,ATP0.1,baseline_46.4159Hz_Re,11,-0.00774499735456402
P1_pair_plus_0.5,ATP0.1,baseline_46.4159Hz_Re,12,0.5013143039800383
P1_pair_plus_0.5,ATP0.1,baseline_46.4159Hz_Re,13,0.5827283568127228
P1_pair_plus_0.5,ATP0.1,baseline_46.4159Hz_Im,0,1.6879260344992983
P1_pair_plus_0.5,ATP0.1,baseline_46.4159Hz_Im,1,0.23049731645574664
P1_pair_plus_0.5,ATP0.1,baseline_46.4159Hz_Im,2,0.5694377481546553
P1_pair_plus_0.5,ATP0.1,baseline_46.4159Hz_Im,3,0.32158077942767704
P1_pair_plus_0.5,ATP0.1,baseline_46.4159Hz_Im,4,1.0046627624937798
P1_pair_plus_0.5,ATP0.1,baseline_46.4159Hz_Im,5,2.1889121265550315
P1_pair_plus_0.5,ATP0.1,baseline_46.4159Hz_Im,6,7.26904032593012
P1_pair_plus_0.5,ATP0.1,baseline_46.4159Hz_Im,7,-1.3387228988914757
P1_pair_plus_0.5,ATP0.1,baseline_46.4159Hz_Im,8,6.739113766407455
P1_pair_plus_0.5,ATP0.1,baseline_46.4159Hz_Im,9,0.0
P1_pair_plus_0.5,ATP0.1,baseline_46.4159Hz_Im,10,0.06926818383323763
P1_pair_plus_0.5,ATP0.1,baseline_46.4159Hz_Im,11,0.06722520478064098
P1_pair_plus_0.5,ATP0.1,baseline_46.4159Hz_Im,12,-0.2586268029070027
P1_pair_plus_0.5,ATP0.1,baseline_46.4159Hz_Im,13,-0.016071237274317696
P1_pair_plus_0.5,ATP0.1,baseline_68.1292Hz_Re,0,1.809737868851968
P1_pair_plus_0.5,ATP0.1,baseline_68.1292Hz_Re,1,-1.3810819297743746
P1_pair_plus_0.5,ATP0.1,baseline_68.1292Hz_Re,2,-0.10735325104427317
P1_pair_plus_0.5,ATP0.1,baseline_68.1292Hz_Re,3,-0.038351400721836626
P1_pair_plus_0.5,ATP0.1,baseline_68.1292Hz_Re,4,-1.0169100823631538
P1_pair_plus_0.5,ATP0.1,baseline_68.1292Hz_Re,5,-0.4348345357563232
P1_pair_plus_0.5,ATP0.1,baseline_68.1292Hz_Re,6,7.793324517280097
P1_pair_plus_0.5,ATP0.1,baseline_68.1292Hz_Re,7,-1.4355982961733458
P1_pair_plus_0.5,ATP0.1,baseline_68.1292Hz_Re,8,7.224797624494349
P1_pair_plus_0.5,ATP0.1,baseline_68.1292Hz_Re,9,0.8691046406994473
P1_pair_plus_0.5,ATP0.1,baseline_68.1292Hz_Re,10,-0.003936391457237676
P1_pair_plus_0.5,ATP0.1,baseline_68.1292Hz_Re,11,-0.0035326443992289565
P1_pair_plus_0.5,ATP0.1,baseline_68.1292Hz_Re,12,0.4233152559152131
P1_pair_plus_0.5,ATP0.1,baseline_68.1292Hz_Re,13,0.5060655416055937
P1_pair_plus_0.5,ATP0.1,baseline_68.1292Hz_Im,0,1.4963504895160182
P1_pair_plus_0.5,ATP0.1,baseline_68.1292Hz_Im,1,0.5255835435091782
P1_pair_plus_0.5,ATP0.1,baseline_68.1292Hz_Im,2,0.6858213557059399
P1_pair_plus_0.5,ATP0.1,baseline_68.1292Hz_Im,3,0.29302559361177316
P1_pair_plus_0.5,ATP0.1,baseline_68.1292Hz_Im,4,0.996021911103817
P1_pair_plus_0.5,ATP0.1,baseline_68.1292Hz_Im,5,2.3153903184303104
P1_pair_plus_0.5,ATP0.1,baseline_68.1292Hz_Im,6,6.441145525637459
P1_pair_plus_0.5,ATP0.1,baseline_68.1292Hz_Im,7,-1.185711810824941
P1_pair_plus_0.5,ATP0.1,baseline_68.1292Hz_Im,8,5.972214841265532
P1_pair_plus_0.5,ATP0.1,baseline_68.1292Hz_Im,9,0.0
P1_pair_plus_0.5,ATP0.1,baseline_68.1292Hz_Im,10,0.0592759813677901
P1_pair_plus_0.5,ATP0.1,baseline_68.1292Hz_Im,11,0.05727637013563935
P1_pair_plus_0.5,ATP0.1,baseline_68.1292Hz_Im,12,-0.27091044212390614
P1_pair_plus_0.5,ATP0.1,baseline_68.1292Hz_Im,13,-0.11261131884765517
P1_pair_plus_0.5,ATP0.1,baseline_stress,0,1.3095674771257393
P1_pair_plus_0.5,ATP0.1,baseline_stress,1,-0.7722286790468046
P1_pair_plus_0.5,ATP0.1,baseline_stress,2,2.316958650538936
P1_pair_plus_0.5,ATP0.1,baseline_stress,3,-0.23551485330841612
P1_pair_plus_0.5,ATP0.1,baseline_stress,4,-2.6190535439063467
P1_pair_plus_0.5,ATP0.1,baseline_stress,5,0.0
P1_pair_plus_0.5,ATP0.1,baseline_stress,6,0.0
P1_pair_plus_0.5,ATP0.1,baseline_stress,7,-1.0369937607723756
P1_pair_plus_0.5,ATP0.1,baseline_stress,8,5.225383551410445
P1_pair_plus_0.5,ATP0.1,baseline_stress,9,3.282055029796282
P1_pair_plus_0.5,ATP0.1,baseline_stress,10,0.0
P1_pair_plus_0.5,ATP0.1,baseline_stress,11,0.0
P1_pair_plus_0.5,ATP0.1,baseline_stress,12,1.0133257897670944
P1_pair_plus_0.5,ATP0.1,baseline_stress,13,0.5777141300455924
P1_pair_plus_0.5,ATP1,baseline_0.14678Hz_Re,0,0.5227353454095862
P1_pair_plus_0.5,ATP1,baseline_0.14678Hz_Re,1,-0.30709286280572456
P1_pair_plus_0.5,ATP1,baseline_0.14678Hz_Re,2,0.9223556234339013
P1_pair_plus_0.5,ATP1,baseline_0.14678Hz_Re,3,-0.0933548898185421
P1_pair_plus_0.5,ATP1,baseline_0.14678Hz_Re,4,-1.0109523951751243
P1_pair_plus_0.5,ATP1,baseline_0.14678Hz_Re,5,0.0014613050991485463
P1_pair_plus_0.5,ATP1,baseline_0.14678Hz_Re,6,-0.004129819974885152
P1_pair_plus_0.5,ATP1,baseline_0.14678Hz_Re,7,1.7364824882459826
P1_pair_plus_0.5,ATP1,baseline_0.14678Hz_Re,8,2.05760985949599
P1_pair_plus_0.5,ATP1,baseline_0.14678Hz_Re,9,1.8471640182760038
P1_pair_plus_0.5,ATP1,baseline_0.14678Hz_Re,10,-0.0012580021246932915
P1_pair_plus_0.5,ATP1,baseline_0.14678Hz_Re,11,-0.0016740722141861395
P1_pair_plus_0.5,ATP1,baseline_0.14678Hz_Re,12,0.38976677387836384
P1_pair_plus_0.5,ATP1,baseline_0.14678Hz_Re,13,0.22986019536652688
P1_pair_plus_0.5,ATP1,baseline_0.14678Hz_Im,0,0.11082130494943775
P1_pair_plus_0.5,ATP1,baseline_0.14678Hz_Im,1,-0.13812409995483943
P1_pair_plus_0.5,ATP1,baseline_0.14678Hz_Im,2,-0.5408850383969988
P1_pair_plus_0.5,ATP1,baseline_0.14678Hz_Im,3,-0.10614225515181984
P1_pair_plus_0.5,ATP1,baseline_0.14678Hz_Im,4,1.4921315379418096
P1_pair_plus_0.5,ATP1,baseline_0.14678Hz_Im,5,-0.33449435074828227
P1_pair_plus_0.5,ATP1,baseline_0.14678Hz_Im,6,0.7652342990188686
P1_pair_plus_0.5,ATP1,baseline_0.14678Hz_Im,7,-1.6462804154238062
P1_pair_plus_0.5,ATP1,baseline_0.14678Hz_Im,8,-1.0783877140291276
P1_pair_plus_0.5,ATP1,baseline_0.14678Hz_Im,9,0.0
P1_pair_plus_0.5,ATP1,baseline_0.14678Hz_Im,10,-0.12808436946620816
P1_pair_plus_0.5,ATP1,baseline_0.14678Hz_Im,11,-0.15498155054860518
P1_pair_plus_0.5,ATP1,baseline_0.14678Hz_Im,12,-0.7125016123543658
P1_pair_plus_0.5,ATP1,baseline_0.14678Hz_Im,13,-0.015127076868903798
P1_pair_plus_0.5,ATP1,baseline_0.215443Hz_Re,0,0.5474690638163082
P1_pair_plus_0.5,ATP1,baseline_0.215443Hz_Re,1,-0.32020809155319796
P1_pair_plus_0.5,ATP1,baseline_0.215443Hz_Re,2,0.9629768371599566
P1_pair_plus_0.5,ATP1,baseline_0.215443Hz_Re,3,-0.0970346379247644
P1_pair_plus_0.5,ATP1,baseline_0.215443Hz_Re,4,-1.0182834272010055
P1_pair_plus_0.5,ATP1,baseline_0.215443Hz_Re,5,0.003248053848103893
P1_pair_plus_0.5,ATP1,baseline_0.215443Hz_Re,6,-0.009213918494843654
P1_pair_plus_0.5,ATP1,baseline_0.215443Hz_Re,7,1.7953931517711295
P1_pair_plus_0.5,ATP1,baseline_0.215443Hz_Re,8,2.1217499052594846
P1_pair_plus_0.5,ATP1,baseline_0.215443Hz_Re,9,1.9280803798871202
P1_pair_plus_0.5,ATP1,baseline_0.215443Hz_Re,10,-0.0028135479057667108
P1_pair_plus_0.5,ATP1,baseline_0.215443Hz_Re,11,-0.003742006216000959
P1_pair_plus_0.5,ATP1,baseline_0.215443Hz_Re,12,0.39090411809716835
P1_pair_plus_0.5,ATP1,baseline_0.215443Hz_Re,13,0.2398294517647059
P1_pair_plus_0.5,ATP1,baseline_0.215443Hz_Im,0,0.16890221014032036
P1_pair_plus_0.5,ATP1,baseline_0.215443Hz_Im,1,-0.21358174698837826
P1_pair_plus_0.5,ATP1,baseline_0.215443Hz_Im,2,-0.8517766676652271
P1_pair_plus_0.5,ATP1,baseline_0.215443Hz_Im,3,-0.16746045125026754
P1_pair_plus_0.5,ATP1,baseline_0.215443Hz_Im,4,2.2842931807709466
P1_pair_plus_0.5,ATP1,baseline_0.215443Hz_Im,5,-0.525450781613257
P1_pair_plus_0.5,ATP1,baseline_0.215443Hz_Im,6,1.2014310966534936
P1_pair_plus_0.5,ATP1,baseline_0.215443Hz_Im,7,-2.556938770725825
P1_pair_plus_0.5,ATP1,baseline_0.215443Hz_Im,8,-1.6601299790974797
P1_pair_plus_0.5,ATP1,baseline_0.215443Hz_Im,9,0.0
P1_pair_plus_0.5,ATP1,baseline_0.215443Hz_Im,10,-0.19885629956029047
P1_pair_plus_0.5,ATP1,baseline_0.215443Hz_Im,11,-0.24035463014326905
P1_pair_plus_0.5,ATP1,baseline_0.215443Hz_Im,12,-1.093558302034392
P1_pair_plus_0.5,ATP1,baseline_0.215443Hz_Im,13,-0.025301212125405922
P1_pair_plus_0.5,ATP1,baseline_0.316228Hz_Re,0,0.5614991582802986
P1_pair_plus_0.5,ATP1,baseline_0.316228Hz_Re,1,-0.32522419162184235
P1_pair_plus_0.5,ATP1,baseline_0.316228Hz_Re,2,0.9809734618837495
P1_pair_plus_0.5,ATP1,baseline_0.316228Hz_Re,3,-0.09808316279169559
P1_pair_plus_0.5,ATP1,baseline_0.316228Hz_Re,4,-0.9590751428367738
P1_pair_plus_0.5,ATP1,baseline_0.316228Hz_Re,5,0.0069521495449365025
P1_pair_plus_0.5,ATP1,baseline_0.316228Hz_Re,6,-0.019883765722816804
P1_pair_plus_0.5,ATP1,baseline_0.316228Hz_Re,7,1.7922275472148639
P1_pair_plus_0.5,ATP1,baseline_0.316228Hz_Re,8,2.1057644724153946
P1_pair_plus_0.5,ATP1,baseline_0.316228Hz_Re,9,1.9643645067457525
P1_pair_plus_0.5,ATP1,baseline_0.316228Hz_Re,10,-0.006103779015553811
P1_pair_plus_0.5,ATP1,baseline_0.316228Hz_Re,11,-0.008108278226615084
P1_pair_plus_0.5,ATP1,baseline_0.316228Hz_Re,12,0.36441137054588063
P1_pair_plus_0.5,ATP1,baseline_0.316228Hz_Re,13,0.24394742244027154
P1_pair_plus_0.5,ATP1,baseline_0.316228Hz_Im,0,0.27122439294480216
P1_pair_plus_0.5,ATP1,baseline_0.316228Hz_Im,1,-0.3544242830111343
P1_pair_plus_0.5,ATP1,baseline_0.316228Hz_Im,2,-1.4662754143079935
P1_pair_plus_0.5,ATP1,baseline_0.316228Hz_Im,3,-0.28940906036112324
P1_pair_plus_0.5,ATP1,baseline_0.316228Hz_Im,4,3.7033425656307624
P1_pair_plus_0.5,ATP1,baseline_0.316228Hz_Im,5,-0.9004123095235349
P1_pair_plus_0.5,ATP1,baseline_0.316228Hz_Im,6,2.0564507377529573
P1_pair_plus_0.5,ATP1,baseline_0.316228Hz_Im,7,-4.277607529301619
P1_pair_plus_0.5,ATP1,baseline_0.316228Hz_Im,8,-2.7239870034279074
P1_pair_plus_0.5,ATP1,baseline_0.316228Hz_Im,9,0.0
P1_pair_plus_0.5,ATP1,baseline_0.316228Hz_Im,10,-0.3323828693613251
P1_pair_plus_0.5,ATP1,baseline_0.316228Hz_Im,11,-0.4008107724162712
P1_pair_plus_0.5,ATP1,baseline_0.316228Hz_Im,12,-1.7829793482304621
P1_pair_plus_0.5,ATP1,baseline_0.316228Hz_Im,13,-0.04853418935635289
P1_pair_plus_0.5,ATP1,baseline_0.464159Hz_Re,0,0.5680196046409236
P1_pair_plus_0.5,ATP1,baseline_0.464159Hz_Re,1,-0.3218120580239514
P1_pair_plus_0.5,ATP1,baseline_0.464159Hz_Re,2,0.9777946543554349
P1_pair_plus_0.5,ATP1,baseline_0.464159Hz_Re,3,-0.09689655233735549
P1_pair_plus_0.5,ATP1,baseline_0.464159Hz_Re,4,-0.8019023077787678
P1_pair_plus_0.5,ATP1,baseline_0.464159Hz_Re,5,0.014180048624190532
P1_pair_plus_0.5,ATP1,baseline_0.464159Hz_Re,6,-0.04129887669623855
P1_pair_plus_0.5,ATP1,baseline_0.464159Hz_Re,7,1.7151351531685675
P1_pair_plus_0.5,ATP1,baseline_0.464159Hz_Re,8,1.9896673252972616
P1_pair_plus_0.5,ATP1,baseline_0.464159Hz_Re,9,1.9636497508024318
P1_pair_plus_0.5,ATP1,baseline_0.464159Hz_Re,10,-0.012823491535307594
P1_pair_plus_0.5,ATP1,baseline_0.464159Hz_Re,11,-0.016991270257449287
P1_pair_plus_0.5,ATP1,baseline_0.464159Hz_Re,12,0.2963175197212564
P1_pair_plus_0.5,ATP1,baseline_0.464159Hz_Re,13,0.2422700307480596
P1_pair_plus_0.5,ATP1,baseline_0.464159Hz_Im,0,0.3266731553042135
P1_pair_plus_0.5,ATP1,baseline_0.464159Hz_Im,1,-0.46171624018542795
P1_pair_plus_0.5,ATP1,baseline_0.464159Hz_Im,2,-2.0434953088344088
P1_pair_plus_0.5,ATP1,baseline_0.464159Hz_Im,3,-0.4066965263227473
P1_pair_plus_0.5,ATP1,baseline_0.464159Hz_Im,4,4.552002934177235
P1_pair_plus_0.5,ATP1,baseline_0.464159Hz_Im,5,-1.2465851621290547
P1_pair_plus_0.5,ATP1,baseline_0.464159Hz_Im,6,2.840850990126764
P1_pair_plus_0.5,ATP1,baseline_0.464159Hz_Im,7,-5.6341574626972415
P1_pair_plus_0.5,ATP1,baseline_0.464159Hz_Im,8,-3.4363140489879203
P1_pair_plus_0.5,ATP1,baseline_0.464159Hz_Im,9,0.0
P1_pair_plus_0.5,ATP1,baseline_0.464159Hz_Im,10,-0.4369265281578549
P1_pair_plus_0.5,ATP1,baseline_0.464159Hz_Im,11,-0.5242471111888136
P1_pair_plus_0.5,ATP1,baseline_0.464159Hz_Im,12,-2.2202396096293597
P1_pair_plus_0.5,ATP1,baseline_0.464159Hz_Im,13,-0.0797616753756003
P1_pair_plus_0.5,ATP1,baseline_0.681292Hz_Re,0,0.6117546473838331
P1_pair_plus_0.5,ATP1,baseline_0.681292Hz_Re,1,-0.32921389929718714
P1_pair_plus_0.5,ATP1,baseline_0.681292Hz_Re,2,1.0194098026161669
P1_pair_plus_0.5,ATP1,baseline_0.681292Hz_Re,3,-0.10224954594129086
P1_pair_plus_0.5,ATP1,baseline_0.681292Hz_Re,4,-0.5433997930515133
P1_pair_plus_0.5,ATP1,baseline_0.681292Hz_Re,5,0.028769040905096684
P1_pair_plus_0.5,ATP1,baseline_0.681292Hz_Re,6,-0.08734568428536703
P1_pair_plus_0.5,ATP1,baseline_0.681292Hz_Re,7,1.6572248169977042
P1_pair_plus_0.5,ATP1,baseline_0.681292Hz_Re,8,1.8681282075716508
P1_pair_plus_0.5,ATP1,baseline_0.681292Hz_Re,9,2.08098172120863
P1_pair_plus_0.5,ATP1,baseline_0.681292Hz_Re,10,-0.02780828620707609
P1_pair_plus_0.5,ATP1,baseline_0.681292Hz_Re,11,-0.03664803327474431
P1_pair_plus_0.5,ATP1,baseline_0.681292Hz_Re,12,0.18021432373060972
P1_pair_plus_0.5,ATP1,baseline_0.681292Hz_Re,13,0.2502138607862747
P1_pair_plus_0.5,ATP1,baseline_0.681292Hz_Im,0,0.316353977458661
P1_pair_plus_0.5,ATP1,baseline_0.681292Hz_Im,1,-0.5474886853096272
P1_pair_plus_0.5,ATP1,baseline_0.681292Hz_Im,2,-2.673412041542811
P1_pair_plus_0.5,ATP1,baseline_0.681292Hz_Im,3,-0.5412608014454534
P1_pair_plus_0.5,ATP1,baseline_0.681292Hz_Im,4,4.594119384937478
P1_pair_plus_0.5,ATP1,baseline_0.681292Hz_Im,5,-1.6261880818713157
P1_pair_plus_0.5,ATP1,baseline_0.681292Hz_Im,6,3.692013692635498
P1_pair_plus_0.5,ATP1,baseline_0.681292Hz_Im,7,-6.652981446308991
P1_pair_plus_0.5,ATP1,baseline_0.681292Hz_Im,8,-3.671041076247494
P1_pair_plus_0.5,ATP1,baseline_0.681292Hz_Im,9,0.0
P1_pair_plus_0.5,ATP1,baseline_0.681292Hz_Im,10,-0.5135454853255617
P1_pair_plus_0.5,ATP1,baseline_0.681292Hz_Im,11,-0.6096209770767302
P1_pair_plus_0.5,ATP1,baseline_0.681292Hz_Im,12,-2.314365239719507
P1_pair_plus_0.5,ATP1,baseline_0.681292Hz_Im,13,-0.12561628093266108
P1_pair_plus_0.5,ATP1,baseline_1Hz_Re,0,0.63620481136617
P1_pair_plus_0.5,ATP1,baseline_1Hz_Re,1,-0.3030809901050091
P1_pair_plus_0.5,ATP1,baseline_1Hz_Re,2,0.9862176613140149
P1_pair_plus_0.5,ATP1,baseline_1Hz_Re,3,-0.11252902973879485
P1_pair_plus_0.5,ATP1,baseline_1Hz_Re,4,-0.06937333869583284
P1_pair_plus_0.5,ATP1,baseline_1Hz_Re,5,0.04943437910132075
P1_pair_plus_0.5,ATP1,baseline_1Hz_Re,6,-0.16642479288009326
P1_pair_plus_0.5,ATP1,baseline_1Hz_Re,7,1.4163496562913378
P1_pair_plus_0.5,ATP1,baseline_1Hz_Re,8,1.4914407561628094
P1_pair_plus_0.5,ATP1,baseline_1Hz_Re,9,2.1572375766609753
P1_pair_plus_0.5,ATP1,baseline_1Hz_Re,10,-0.05602250463532243
P1_pair_plus_0.5,ATP1,baseline_1Hz_Re,11,-0.07301409095106237
P1_pair_plus_0.5,ATP1,baseline_1Hz_Re,12,-0.03294995649660848
P1_pair_plus_0.5,ATP1,baseline_1Hz_Re,13,0.23627015273142146
P1_pair_plus_0.5,ATP1,baseline_1Hz_Im,0,0.29531933556370404
P1_pair_plus_0.5,ATP1,baseline_1Hz_Im,1,-0.8935592463954477
P1_pair_plus_0.5,ATP1,baseline_1Hz_Im,2,-4.595088428138716
P1_pair_plus_0.5,ATP1,baseline_1Hz_Im,3,-0.9630791061310261
P1_pair_plus_0.5,ATP1,baseline_1Hz_Im,4,4.539430954619839
P1_pair_plus_0.5,ATP1,baseline_1Hz_Im,5,-2.8680580406170715
P1_pair_plus_0.5,ATP1,baseline_1Hz_Im,6,6.4796463456362465
P1_pair_plus_0.5,ATP1,baseline_1Hz_Im,7,-9.747704031348725
P1_pair_plus_0.5,ATP1,baseline_1Hz_Im,8,-4.1523618295569165
P1_pair_plus_0.5,ATP1,baseline_1Hz_Im,9,0.0
P1_pair_plus_0.5,ATP1,baseline_1Hz_Im,10,-0.743646827738864
P1_pair_plus_0.5,ATP1,baseline_1Hz_Im,11,-0.8629416343941542
P1_pair_plus_0.5,ATP1,baseline_1Hz_Im,12,-2.527735705770695
P1_pair_plus_0.5,ATP1,baseline_1Hz_Im,13,-0.23376181863543619
P1_pair_plus_0.5,ATP1,baseline_1.4678Hz_Re,0,0.6149153700452104
P1_pair_plus_0.5,ATP1,baseline_1.4678Hz_Re,1,-0.22047087682164343
P1_pair_plus_0.5,ATP1,baseline_1.4678Hz_Re,2,0.8060604747228693
P1_pair_plus_0.5,ATP1,baseline_1.4678Hz_Re,3,-0.14945489361650743
P1_pair_plus_0.5,ATP1,baseline_1.4678Hz_Re,4,0.48681641062753295
P1_pair_plus_0.5,ATP1,baseline_1.4678Hz_Re,5,0.05797669770934987
P1_pair_plus_0.5,ATP1,baseline_1.4678Hz_Re,6,-0.26988715493558857
P1_pair_plus_0.5,ATP1,baseline_1.4678Hz_Re,7,0.988508825683354
P1_pair_plus_0.5,ATP1,baseline_1.4678Hz_Re,8,0.8647636501324384
P1_pair_plus_0.5,ATP1,baseline_1.4678Hz_Re,9,2.2432777619485478
P1_pair_plus_0.5,ATP1,baseline_1.4678Hz_Re,10,-0.10347602297233748
P1_pair_plus_0.5,ATP1,baseline_1.4678Hz_Re,11,-0.13193927270727102
P1_pair_plus_0.5,ATP1,baseline_1.4678Hz_Re,12,-0.2970502245069895
P1_pair_plus_0.5,ATP1,baseline_1.4678Hz_Re,13,0.18286335374817494
P1_pair_plus_0.5,ATP1,baseline_1.4678Hz_Im,0,0.10957635177000212
P1_pair_plus_0.5,ATP1,baseline_1.4678Hz_Im,1,-1.2057200088066988
P1_pair_plus_0.5,ATP1,baseline_1.4678Hz_Im,2,-4.99743337410985
P1_pair_plus_0.5,ATP1,baseline_1.4678Hz_Im,3,-1.1209118437216503
P1_pair_plus_0.5,ATP1,baseline_1.4678Hz_Im,4,0.6585226073496653
P1_pair_plus_0.5,ATP1,baseline_1.4678Hz_Im,5,-3.4946495362342396
P1_pair_plus_0.5,ATP1,baseline_1.4678Hz_Im,6,7.877726685612262
P1_pair_plus_0.5,ATP1,baseline_1.4678Hz_Im,7,-8.734938782195556
P1_pair_plus_0.5,ATP1,baseline_1.4678Hz_Im,8,-1.347589589650866
P1_pair_plus_0.5,ATP1,baseline_1.4678Hz_Im,9,0.0
P1_pair_plus_0.5,ATP1,baseline_1.4678Hz_Im,10,-0.6448789661217535
P1_pair_plus_0.5,ATP1,baseline_1.4678Hz_Im,11,-0.7133929702973772
P1_pair_plus_0.5,ATP1,baseline_1.4678Hz_Im,12,-0.918668461036276
P1_pair_plus_0.5,ATP1,baseline_1.4678Hz_Im,13,-0.16625926289037807
P1_pair_plus_0.5,ATP1,baseline_2.15443Hz_Re,0,0.4574516323518906
P1_pair_plus_0.5,ATP1,baseline_2.15443Hz_Re,1,-0.09407537204797477
P1_pair_plus_0.5,ATP1,baseline_2.15443Hz_Re,2,0.36433462624607665
P1_pair_plus_0.5,ATP1,baseline_2.15443Hz_Re,3,-0.23280761043409368
P1_pair_plus_0.5,ATP1,baseline_2.15443Hz_Re,4,0.695255255678262
P1_pair_plus_0.5,ATP1,baseline_2.15443Hz_Re,5,-0.01778948981456807
P1_pair_plus_0.5,ATP1,baseline_2.15443Hz_Re,6,-0.2949213412595242
P1_pair_plus_0.5,ATP1,baseline_2.15443Hz_Re,7,0.41026067674199135
P1_pair_plus_0.5,ATP1,baseline_2.15443Hz_Re,8,0.14931959118058558
P1_pair_plus_0.5,ATP1,baseline_2.15443Hz_Re,9,2.2317650675507394
P1_pair_plus_0.5,ATP1,baseline_2.15443Hz_Re,10,-0.16003750220594526
P1_pair_plus_0.5,ATP1,baseline_2.15443Hz_Re,11,-0.19617799349447293
P1_pair_plus_0.5,ATP1,baseline_2.15443Hz_Re,12,-0.4351309771166711
P1_pair_plus_0.5,ATP1,baseline_2.15443Hz_Re,13,0.08055560667408201
P1_pair_plus_0.5,ATP1,baseline_2.15443Hz_Im,0,0.16459832985482592
P1_pair_plus_0.5,ATP1,baseline_2.15443Hz_Im,1,-1.4214840121873349
P1_pair_plus_0.5,ATP1,baseline_2.15443Hz_Im,2,-3.2738061804704617
P1_pair_plus_0.5,ATP1,baseline_2.15443Hz_Im,3,-0.8330275550583187
P1_pair_plus_0.5,ATP1,baseline_2.15443Hz_Im,4,-2.5380876455760593
P1_pair_plus_0.5,ATP1,baseline_2.15443Hz_Im,5,-3.0336420736187804
P1_pair_plus_0.5,ATP1,baseline_2.15443Hz_Im,6,6.909859743220447
P1_pair_plus_0.5,ATP1,baseline_2.15443Hz_Im,7,-4.932747174857255
P1_pair_plus_0.5,ATP1,baseline_2.15443Hz_Im,8,2.0590948605181403
P1_pair_plus_0.5,ATP1,baseline_2.15443Hz_Im,9,0.0
P1_pair_plus_0.5,ATP1,baseline_2.15443Hz_Im,10,-0.3291322890619508
P1_pair_plus_0.5,ATP1,baseline_2.15443Hz_Im,11,-0.32891099133181
P1_pair_plus_0.5,ATP1,baseline_2.15443Hz_Im,12,0.6417671929770385
P1_pair_plus_0.5,ATP1,baseline_2.15443Hz_Im,13,0.12861559148813484
P1_pair_plus_0.5,ATP1,baseline_3.16228Hz_Re,0,0.2106213508046295
P1_pair_plus_0.5,ATP1,baseline_3.16228Hz_Re,1,-0.09043476402181837
P1_pair_plus_0.5,ATP1,baseline_3.16228Hz_Re,2,-0.14080133445837362
P1_pair_plus_0.5,ATP1,baseline_3.16228Hz_Re,3,-0.3365873536775865
P1_pair_plus_0.5,ATP1,baseline_3.16228Hz_Re,4,0.20985845112786447
P1_pair_plus_0.5,ATP1,baseline_3.16228Hz_Re,5,-0.2829767275058792
P1_pair_plus_0.5,ATP1,baseline_3.16228Hz_Re,6,-0.04484826634509886
P1_pair_plus_0.5,ATP1,baseline_3.16228Hz_Re,7,-0.06462810185903223
P1_pair_plus_0.5,ATP1,baseline_3.16228Hz_Re,8,-0.12814418549611517
P1_pair_plus_0.5,ATP1,baseline_3.16228Hz_Re,9,2.016754468847637
P1_pair_plus_0.5,ATP1,baseline_3.16228Hz_Re,10,-0.19150363845810145
P1_pair_plus_0.5,ATP1,baseline_3.16228Hz_Re,11,-0.22093852618532137
P1_pair_plus_0.5,ATP1,baseline_3.16228Hz_Re,12,-0.2811566904625806
P1_pair_plus_0.5,ATP1,baseline_3.16228Hz_Re,13,0.01654925609884117
P1_pair_plus_0.5,ATP1,baseline_3.16228Hz_Im,0,0.5603412525090334
P1_pair_plus_0.5,ATP1,baseline_3.16228Hz_Im,1,-1.7790664342709481
P1_pair_plus_0.5,ATP1,baseline_3.16228Hz_Im,2,-1.8795591560927247
P1_pair_plus_0.5,ATP1,baseline_3.16228Hz_Im,3,-0.5880778854994162
P1_pair_plus_0.5,ATP1,baseline_3.16228Hz_Im,4,-3.620772560297691
P1_pair_plus_0.5,ATP1,baseline_3.16228Hz_Im,5,-2.8457512108892575
P1_pair_plus_0.5,ATP1,baseline_3.16228Hz_Im,6,6.74875782826767
P1_pair_plus_0.5,ATP1,baseline_3.16228Hz_Im,7,-2.886217784892064
P1_pair_plus_0.5,ATP1,baseline_3.16228Hz_Im,8,4.305070748700235
P1_pair_plus_0.5,ATP1,baseline_3.16228Hz_Im,9,0.0
P1_pair_plus_0.5,ATP1,baseline_3.16228Hz_Im,10,-0.13791704103205404
P1_pair_plus_0.5,ATP1,baseline_3.16228Hz_Im,11,-0.10655142663740234
P1_pair_plus_0.5,ATP1,baseline_3.16228Hz_Im,12,1.2532292440470272
P1_pair_plus_0.5,ATP1,baseline_3.16228Hz_Im,13,0.43597911172366105
P1_pair_plus_0.5,ATP1,baseline_4.64159Hz_Re,0,0.1327270650053336
P1_pair_plus_0.5,ATP1,baseline_4.64159Hz_Re,1,-0.33678909479029073
P1_pair_plus_0.5,ATP1,baseline_4.64159Hz_Re,2,-0.3914710070551663
P1_pair_plus_0.5,ATP1,baseline_4.64159Hz_Re,3,-0.4350606213732177
P1_pair_plus_0.5,ATP1,baseline_4.64159Hz_Re,4,-0.7206245658419873
P1_pair_plus_0.5,ATP1,baseline_4.64159Hz_Re,5,-0.8074086272125135
P1_pair_plus_0.5,ATP1,baseline_4.64159Hz_Re,6,0.6160719119074898
P1_pair_plus_0.5,ATP1,baseline_4.64159Hz_Re,7,-0.3107157768300617
P1_pair_plus_0.5,ATP1,baseline_4.64159Hz_Re,8,0.3368880323595391
P1_pair_plus_0.5,ATP1,baseline_4.64159Hz_Re,9,1.8109972166113761
P1_pair_plus_0.5,ATP1,baseline_4.64159Hz_Re,10,-0.19377398954301125
P1_pair_plus_0.5,ATP1,baseline_4.64159Hz_Re,11,-0.20756865823923218
P1_pair_plus_0.5,ATP1,baseline_4.64159Hz_Re,12,0.07052394594975198
P1_pair_plus_0.5,ATP1,baseline_4.64159Hz_Re,13,0.07811175268823689
P1_pair_plus_0.5,ATP1,baseline_4.64159Hz_Im,0,1.0367706206437788
P1_pair_plus_0.5,ATP1,baseline_4.64159Hz_Im,1,-1.9439688288880317
P1_pair_plus_0.5,ATP1,baseline_4.64159Hz_Im,2,-0.8993429662318418
P1_pair_plus_0.5,ATP1,baseline_4.64159Hz_Im,3,-0.3573362068021168
P1_pair_plus_0.5,ATP1,baseline_4.64159Hz_Im,4,-3.465722270568072
P1_pair_plus_0.5,ATP1,baseline_4.64159Hz_Im,5,-2.5661914415220366
P1_pair_plus_0.5,ATP1,baseline_4.64159Hz_Im,6,6.720518215486137
P1_pair_plus_0.5,ATP1,baseline_4.64159Hz_Im,7,-1.852040256022924
P1_pair_plus_0.5,ATP1,baseline_4.64159Hz_Im,8,5.5009590660182175
P1_pair_plus_0.5,ATP1,baseline_4.64159Hz_Im,9,0.0
P1_pair_plus_0.5,ATP1,baseline_4.64159Hz_Im,10,-0.020967398373095136
P1_pair_plus_0.5,ATP1,baseline_4.64159Hz_Im,11,0.01250935541818876
P1_pair_plus_0.5,ATP1,baseline_4.64159Hz_Im,12,1.3152010695183236
P1_pair_plus_0.5,ATP1,baseline_4.64159Hz_Im,13,0.6195410932274825
P1_pair_plus_0.5,ATP1,baseline_6.81292Hz_Re,0,0.2898611827450992
P1_pair_plus_0.5,ATP1,baseline_6.81292Hz_Re,1,-0.691657673479451
P1_pair_plus_0.5,ATP1,baseline_6.81292Hz_Re,2,-0.3614261796736073
P1_pair_plus_0.5,ATP1,baseline_6.81292Hz_Re,3,-0.4333231593989239
P1_pair_plus_0.5,ATP1,baseline_6.81292Hz_Re,4,-1.5741575529193417
P1_pair_plus_0.5,ATP1,baseline_6.81292Hz_Re,5,-1.346236516230892
P1_pair_plus_0.5,ATP1,baseline_6.81292Hz_Re,6,1.5559291339894974
P1_pair_plus_0.5,ATP1,baseline_6.81292Hz_Re,7,-0.42195804127453934
P1_pair_plus_0.5,ATP1,baseline_6.81292Hz_Re,8,1.2816833459661225
P1_pair_plus_0.5,ATP1,baseline_6.81292Hz_Re,9,1.4156119417574329
P1_pair_plus_0.5,ATP1,baseline_6.81292Hz_Re,10,-0.14619503579949011
P1_pair_plus_0.5,ATP1,baseline_6.81292Hz_Re,11,-0.14614992851491593
P1_pair_plus_0.5,ATP1,baseline_6.81292Hz_Re,12,0.4449135476480847
P1_pair_plus_0.5,ATP1,baseline_6.81292Hz_Re,13,0.21529148128696105
P1_pair_plus_0.5,ATP1,baseline_6.81292Hz_Im,0,1.4137018404358768
P1_pair_plus_0.5,ATP1,baseline_6.81292Hz_Im,1,-2.0059696197671784
P1_pair_plus_0.5,ATP1,baseline_6.81292Hz_Im,2,-0.4527719458469192
P1_pair_plus_0.5,ATP1,baseline_6.81292Hz_Im,3,-0.16782042697727206
P1_pair_plus_0.5,ATP1,baseline_6.81292Hz_Im,4,-2.855435096105196
P1_pair_plus_0.5,ATP1,baseline_6.81292Hz_Im,5,-2.172266093136699
P1_pair_plus_0.5,ATP1,baseline_6.81292Hz_Im,6,7.0289085875918635
P1_pair_plus_0.5,ATP1,baseline_6.81292Hz_Im,7,-1.502786122853372
P1_pair_plus_0.5,ATP1,baseline_6.81292Hz_Im,8,6.2691141150761345
P1_pair_plus_0.5,ATP1,baseline_6.81292Hz_Im,9,0.0
P1_pair_plus_0.5,ATP1,baseline_6.81292Hz_Im,10,0.04321230813175702
P1_pair_plus_0.5,ATP1,baseline_6.81292Hz_Im,11,0.06626482362825925
P1_pair_plus_0.5,ATP1,baseline_6.81292Hz_Im,12,1.1548196850785786
P1_pair_plus_0.5,ATP1,baseline_6.81292Hz_Im,13,0.6982324463056243
P1_pair_plus_0.5,ATP1,baseline_10Hz_Re,0,0.5720529422159615
P1_pair_plus_0.5,ATP1,baseline_10Hz_Re,1,-1.0872616138746238
P1_pair_plus_0.5,ATP1,baseline_10Hz_Re,2,-0.3161005603047329
P1_pair_plus_0.5,ATP1,baseline_10Hz_Re,3,-0.3865251249735024
P1_pair_plus_0.5,ATP1,baseline_10Hz_Re,4,-2.0713115258752524
P1_pair_plus_0.5,ATP1,baseline_10Hz_Re,5,-1.7497750886219519
P1_pair_plus_0.5,ATP1,baseline_10Hz_Re,6,2.6816431414999897
P1_pair_plus_0.5,ATP1,baseline_10Hz_Re,7,-0.5620850805021504
P1_pair_plus_0.5,ATP1,baseline_10Hz_Re,8,2.4051330311802843
P1_pair_plus_0.5,ATP1,baseline_10Hz_Re,9,1.1416786804829826
P1_pair_plus_0.5,ATP1,baseline_10Hz_Re,10,-0.09698507086319806
P1_pair_plus_0.5,ATP1,baseline_10Hz_Re,11,-0.09225231401011057
P1_pair_plus_0.5,ATP1,baseline_10Hz_Re,12,0.6887405512134847
P1_pair_plus_0.5,ATP1,baseline_10Hz_Re,13,0.3696850083834135
P1_pair_plus_0.5,ATP1,baseline_10Hz_Im,0,1.8164396292874583
P1_pair_plus_0.5,ATP1,baseline_10Hz_Im,1,-2.1506487389411078
P1_pair_plus_0.5,ATP1,baseline_10Hz_Im,2,-0.3442431496303299
P1_pair_plus_0.5,ATP1,baseline_10Hz_Im,3,0.010632449143344045
P1_pair_plus_0.5,ATP1,baseline_10Hz_Im,4,-2.0510853481869873
P1_pair_plus_0.5,ATP1,baseline_10Hz_Im,5,-1.6339481965443878
P1_pair_plus_0.5,ATP1,baseline_10Hz_Im,6,8.19248983914278
P1_pair_plus_0.5,ATP1,baseline_10Hz_Im,7,-1.5824244149253983
P1_pair_plus_0.5,ATP1,baseline_10Hz_Im,8,7.507792824834602
P1_pair_plus_0.5,ATP1,baseline_10Hz_Im,9,0.0
P1_pair_plus_0.5,ATP1,baseline_10Hz_Im,10,0.0833631554675307
P1_pair_plus_0.5,ATP1,baseline_10Hz_Im,11,0.09613057114776778
P1_pair_plus_0.5,ATP1,baseline_10Hz_Im,12,0.9033144058534502
P1_pair_plus_0.5,ATP1,baseline_10Hz_Im,13,0.766098771354251
P1_pair_plus_0.5,ATP1,baseline_14.678Hz_Re,0,0.9052399927433895
P1_pair_plus_0.5,ATP1,baseline_14.678Hz_Re,1,-1.4964148176366263
P1_pair_plus_0.5,ATP1,baseline_14.678Hz_Re,2,-0.3550639218197204
P1_pair_plus_0.5,ATP1,baseline_14.678Hz_Re,3,-0.31009123464542654
P1_pair_plus_0.5,ATP1,baseline_14.678Hz_Re,4,-2.1440898096969363
P1_pair_plus_0.5,ATP1,baseline_14.678Hz_Re,5,-1.9116111867001349
P1_pair_plus_0.5,ATP1,baseline_14.678Hz_Re,6,4.012860100455207
P1_pair_plus_0.5,ATP1,baseline_14.678Hz_Re,7,-0.7706959657349798
P1_pair_plus_0.5,ATP1,baseline_14.678Hz_Re,8,3.682718143127594
P1_pair_plus_0.5,ATP1,baseline_14.678Hz_Re,9,1.0009710250002968
P1_pair_plus_0.5,ATP1,baseline_14.678Hz_Re,10,-0.059179498390626854
P1_pair_plus_0.5,ATP1,baseline_14.678Hz_Re,11,-0.054653789316461136
P1_pair_plus_0.5,ATP1,baseline_14.678Hz_Re,12,0.7635793221716368
P1_pair_plus_0.5,ATP1,baseline_14.678Hz_Re,13,0.5187219571212154
P1_pair_plus_0.5,ATP1,baseline_14.678Hz_Im,0,2.0216811737139295
P1_pair_plus_0.5,ATP1,baseline_14.678Hz_Im,1,-1.8978932823099368
P1_pair_plus_0.5,ATP1,baseline_14.678Hz_Im,2,-0.2682405154441625
P1_pair_plus_0.5,ATP1,baseline_14.678Hz_Im,3,0.18986652290386982
P1_pair_plus_0.5,ATP1,baseline_14.678Hz_Im,4,-0.7886361735209845
P1_pair_plus_0.5,ATP1,baseline_14.678Hz_Im,5,-0.5633100711222028
P1_pair_plus_0.5,ATP1,baseline_14.678Hz_Im,6,8.832525057145268
P1_pair_plus_0.5,ATP1,baseline_14.678Hz_Im,7,-1.6507060145443118
P1_pair_plus_0.5,ATP1,baseline_14.678Hz_Im,8,8.160066769069552
P1_pair_plus_0.5,ATP1,baseline_14.678Hz_Im,9,0.0
P1_pair_plus_0.5,ATP1,baseline_14.678Hz_Im,10,0.09878904581039903
P1_pair_plus_0.5,ATP1,baseline_14.678Hz_Im,11,0.10319694774274522
P1_pair_plus_0.5,ATP1,baseline_14.678Hz_Im,12,0.45183278545302125
P1_pair_plus_0.5,ATP1,baseline_14.678Hz_Im,13,0.6804703987839388
P1_pair_plus_0.5,ATP1,baseline_21.5443Hz_Re,0,1.302387563262286
P1_pair_plus_0.5,ATP1,baseline_21.5443Hz_Re,1,-1.8470808224479993
P1_pair_plus_0.5,ATP1,baseline_21.5443Hz_Re,2,-0.4249018992208419
P1_pair_plus_0.5,ATP1,baseline_21.5443Hz_Re,3,-0.2256233547104358
P1_pair_plus_0.5,ATP1,baseline_21.5443Hz_Re,4,-1.9603428516479224
P1_pair_plus_0.5,ATP1,baseline_21.5443Hz_Re,5,-1.825653258324955
P1_pair_plus_0.5,ATP1,baseline_21.5443Hz_Re,6,5.664491473211796
P1_pair_plus_0.5,ATP1,baseline_21.5443Hz_Re,7,-1.0580720703590174
P1_pair_plus_0.5,ATP1,baseline_21.5443Hz_Re,8,5.233896486256384
P1_pair_plus_0.5,ATP1,baseline_21.5443Hz_Re,9,0.9800742107213266
P1_pair_plus_0.5,ATP1,baseline_21.5443Hz_Re,10,-0.03463763031952283
P1_pair_plus_0.5,ATP1,baseline_21.5443Hz_Re,11,-0.031494711860702296
P1_pair_plus_0.5,ATP1,baseline_21.5443Hz_Re,12,0.7307097091846514
P1_pair_plus_0.5,ATP1,baseline_21.5443Hz_Re,13,0.6419353788533755
P1_pair_plus_0.5,ATP1,baseline_21.5443Hz_Im,0,1.9119400166633935
P1_pair_plus_0.5,ATP1,baseline_21.5443Hz_Im,1,-1.1313455753558799
P1_pair_plus_0.5,ATP1,baseline_21.5443Hz_Im,2,-0.034184355923727594
P1_pair_plus_0.5,ATP1,baseline_21.5443Hz_Im,3,0.2860786671554649
P1_pair_plus_0.5,ATP1,baseline_21.5443Hz_Im,4,0.2679856950571491
P1_pair_plus_0.5,ATP1,baseline_21.5443Hz_Im,5,0.6501386526025499
P1_pair_plus_0.5,ATP1,baseline_21.5443Hz_Im,6,8.270047602176867
P1_pair_plus_0.5,ATP1,baseline_21.5443Hz_Im,7,-1.529900210472945
P1_pair_plus_0.5,ATP1,baseline_21.5443Hz_Im,8,7.659041145435807
P1_pair_plus_0.5,ATP1,baseline_21.5443Hz_Im,9,0.0
P1_pair_plus_0.5,ATP1,baseline_21.5443Hz_Im,10,0.08926364742922742
P1_pair_plus_0.5,ATP1,baseline_21.5443Hz_Im,11,0.0892424397935798
P1_pair_plus_0.5,ATP1,baseline_21.5443Hz_Im,12,0.04369305903750841
P1_pair_plus_0.5,ATP1,baseline_21.5443Hz_Im,13,0.4212212890930544
P1_pair_plus_0.5,ATP1,baseline_31.6228Hz_Re,0,1.602707200420994
P1_pair_plus_0.5,ATP1,baseline_31.6228Hz_Re,1,-1.8464389131223056
P1_pair_plus_0.5,ATP1,baseline_31.6228Hz_Re,2,-0.37619447548209445
P1_pair_plus_0.5,ATP1,baseline_31.6228Hz_Re,3,-0.13681705763879393
P1_pair_plus_0.5,ATP1,baseline_31.6228Hz_Re,4,-1.5723993713079307
P1_pair_plus_0.5,ATP1,baseline_31.6228Hz_Re,5,-1.366673562630538
P1_pair_plus_0.5,ATP1,baseline_31.6228Hz_Re,6,6.925145768454931
P1_pair_plus_0.5,ATP1,baseline_31.6228Hz_Re,7,-1.2816511546720477
P1_pair_plus_0.5,ATP1,baseline_31.6228Hz_Re,8,6.412852016901559
P1_pair_plus_0.5,ATP1,baseline_31.6228Hz_Re,9,0.9493138773297715
P1_pair_plus_0.5,ATP1,baseline_31.6228Hz_Re,10,-0.017926596362904945
P1_pair_plus_0.5,ATP1,baseline_31.6228Hz_Re,11,-0.016175133987772483
P1_pair_plus_0.5,ATP1,baseline_31.6228Hz_Re,12,0.6109457336922475
P1_pair_plus_0.5,ATP1,baseline_31.6228Hz_Re,13,0.6477337235466507
P1_pair_plus_0.5,ATP1,baseline_31.6228Hz_Im,0,1.8253253841304937
P1_pair_plus_0.5,ATP1,baseline_31.6228Hz_Im,1,-0.3554406232675333
P1_pair_plus_0.5,ATP1,baseline_31.6228Hz_Im,2,0.2970655147205292
P1_pair_plus_0.5,ATP1,baseline_31.6228Hz_Im,3,0.3249131367510927
P1_pair_plus_0.5,ATP1,baseline_31.6228Hz_Im,4,0.811231509634247
P1_pair_plus_0.5,ATP1,baseline_31.6228Hz_Im,5,1.62443549738267
P1_pair_plus_0.5,ATP1,baseline_31.6228Hz_Im,6,7.869783853409195
P1_pair_plus_0.5,ATP1,baseline_31.6228Hz_Im,7,-1.4510547558632678
P1_pair_plus_0.5,ATP1,baseline_31.6228Hz_Im,8,7.294049771089383
P1_pair_plus_0.5,ATP1,baseline_31.6228Hz_Im,9,0.0
P1_pair_plus_0.5,ATP1,baseline_31.6228Hz_Im,10,0.07934191741387764
P1_pair_plus_0.5,ATP1,baseline_31.6228Hz_Im,11,0.07773078323225491
P1_pair_plus_0.5,ATP1,baseline_31.6228Hz_Im,12,-0.17212704612745708
P1_pair_plus_0.5,ATP1,baseline_31.6228Hz_Im,13,0.17050542382435194
P1_pair_plus_0.5,ATP1,baseline_46.4159Hz_Re,0,1.7711288895938535
P1_pair_plus_0.5,ATP1,baseline_46.4159Hz_Re,1,-1.6279527104368083
P1_pair_plus_0.5,ATP1,baseline_46.4159Hz_Re,2,-0.23781020752622337
P1_pair_plus_0.5,ATP1,baseline_46.4159Hz_Re,3,-0.07424061863048337
P1_pair_plus_0.5,ATP1,baseline_46.4159Hz_Re,4,-1.2413448405412808
P1_pair_plus_0.5,ATP1,baseline_46.4159Hz_Re,5,-0.8329817479557632
P1_pair_plus_0.5,ATP1,baseline_46.4159Hz_Re,6,7.634421029312221
P1_pair_plus_0.5,ATP1,baseline_46.4159Hz_Re,7,-1.408194302943144
P1_pair_plus_0.5,ATP1,baseline_46.4159Hz_Re,8,7.075268381329102
P1_pair_plus_0.5,ATP1,baseline_46.4159Hz_Re,9,0.9145165982715752
P1_pair_plus_0.5,ATP1,baseline_46.4159Hz_Re,10,-0.008615252977683951
P1_pair_plus_0.5,ATP1,baseline_46.4159Hz_Re,11,-0.00774499735456402
P1_pair_plus_0.5,ATP1,baseline_46.4159Hz_Re,12,0.5013143039800383
P1_pair_plus_0.5,ATP1,baseline_46.4159Hz_Re,13,0.5827283568127228
P1_pair_plus_0.5,ATP1,baseline_46.4159Hz_Im,0,1.6879260344992983
P1_pair_plus_0.5,ATP1,baseline_46.4159Hz_Im,1,0.23049731645574664
P1_pair_plus_0.5,ATP1,baseline_46.4159Hz_Im,2,0.5694377481546553
P1_pair_plus_0.5,ATP1,baseline_46.4159Hz_Im,3,0.32158077942767704
P1_pair_plus_0.5,ATP1,baseline_46.4159Hz_Im,4,1.0046627624937798
P1_pair_plus_0.5,ATP1,baseline_46.4159Hz_Im,5,2.1889121265550315
P1_pair_plus_0.5,ATP1,baseline_46.4159Hz_Im,6,7.26904032593012
P1_pair_plus_0.5,ATP1,baseline_46.4159Hz_Im,7,-1.3387228988914757
P1_pair_plus_0.5,ATP1,baseline_46.4159Hz_Im,8,6.739113766407455
P1_pair_plus_0.5,ATP1,baseline_46.4159Hz_Im,9,0.0
P1_pair_plus_0.5,ATP1,baseline_46.4159Hz_Im,10,0.06926818383323763
P1_pair_plus_0.5,ATP1,baseline_46.4159Hz_Im,11,0.06722520478064098
P1_pair_plus_0.5,ATP1,baseline_46.4159Hz_Im,12,-0.2586268029070027
P1_pair_plus_0.5,ATP1,baseline_46.4159Hz_Im,13,-0.016071237274317696
P1_pair_plus_0.5,ATP1,baseline_68.1292Hz_Re,0,1.809737868851968
P1_pair_plus_0.5,ATP1,baseline_68.1292Hz_Re,1,-1.3810819297743746
P1_pair_plus_0.5,ATP1,baseline_68.1292Hz_Re,2,-0.10735325104427317
P1_pair_plus_0.5,ATP1,baseline_68.1292Hz_Re,3,-0.038351400721836626
P1_pair_plus_0.5,ATP1,baseline_68.1292Hz_Re,4,-1.0169100823631538
P1_pair_plus_0.5,ATP1,baseline_68.1292Hz_Re,5,-0.4348345357563232
P1_pair_plus_0.5,ATP1,baseline_68.1292Hz_Re,6,7.793324517280097
P1_pair_plus_0.5,ATP1,baseline_68.1292Hz_Re,7,-1.4355982961733458
P1_pair_plus_0.5,ATP1,baseline_68.1292Hz_Re,8,7.224797624494349
P1_pair_plus_0.5,ATP1,baseline_68.1292Hz_Re,9,0.8691046406994473
P1_pair_plus_0.5,ATP1,baseline_68.1292Hz_Re,10,-0.003936391457237676
P1_pair_plus_0.5,ATP1,baseline_68.1292Hz_Re,11,-0.0035326443992289565
P1_pair_plus_0.5,ATP1,baseline_68.1292Hz_Re,12,0.4233152559152131
P1_pair_plus_0.5,ATP1,baseline_68.1292Hz_Re,13,0.5060655416055937
P1_pair_plus_0.5,ATP1,baseline_68.1292Hz_Im,0,1.4963504895160182
P1_pair_plus_0.5,ATP1,baseline_68.1292Hz_Im,1,0.5255835435091782
P1_pair_plus_0.5,ATP1,baseline_68.1292Hz_Im,2,0.6858213557059399
P1_pair_plus_0.5,ATP1,baseline_68.1292Hz_Im,3,0.29302559361177316
P1_pair_plus_0.5,ATP1,baseline_68.1292Hz_Im,4,0.996021911103817
P1_pair_plus_0.5,ATP1,baseline_68.1292Hz_Im,5,2.3153903184303104
P1_pair_plus_0.5,ATP1,baseline_68.1292Hz_Im,6,6.441145525637459
P1_pair_plus_0.5,ATP1,baseline_68.1292Hz_Im,7,-1.185711810824941
P1_pair_plus_0.5,ATP1,baseline_68.1292Hz_Im,8,5.972214841265532
P1_pair_plus_0.5,ATP1,baseline_68.1292Hz_Im,9,0.0
P1_pair_plus_0.5,ATP1,baseline_68.1292Hz_Im,10,0.0592759813677901
P1_pair_plus_0.5,ATP1,baseline_68.1292Hz_Im,11,0.05727637013563935
P1_pair_plus_0.5,ATP1,baseline_68.1292Hz_Im,12,-0.27091044212390614
P1_pair_plus_0.5,ATP1,baseline_68.1292Hz_Im,13,-0.11261131884765517
P1_pair_plus_0.5,ATP1,baseline_stress,0,1.3095674771257393
P1_pair_plus_0.5,ATP1,baseline_stress,1,-0.7722286790468046
P1_pair_plus_0.5,ATP1,baseline_stress,2,2.316958650538936
P1_pair_plus_0.5,ATP1,baseline_stress,3,-0.23551485330841612
P1_pair_plus_0.5,ATP1,baseline_stress,4,-2.6190535439063467
P1_pair_plus_0.5,ATP1,baseline_stress,5,0.0
P1_pair_plus_0.5,ATP1,baseline_stress,6,0.0
P1_pair_plus_0.5,ATP1,baseline_stress,7,-1.0369937607723756
P1_pair_plus_0.5,ATP1,baseline_stress,8,5.225383551410445
P1_pair_plus_0.5,ATP1,baseline_stress,9,3.282055029796282
P1_pair_plus_0.5,ATP1,baseline_stress,10,0.0
P1_pair_plus_0.5,ATP1,baseline_stress,11,0.0
P1_pair_plus_0.5,ATP1,baseline_stress,12,1.0133257897670944
P1_pair_plus_0.5,ATP1,baseline_stress,13,0.5777141300455924
P1_pair_plus_0.5,Pi0,baseline_0.14678Hz_Re,0,0.5227353454095862
P1_pair_plus_0.5,Pi0,baseline_0.14678Hz_Re,1,-0.30709286280572456
P1_pair_plus_0.5,Pi0,baseline_0.14678Hz_Re,2,0.9223556234339013
P1_pair_plus_0.5,Pi0,baseline_0.14678Hz_Re,3,-0.0933548898185421
P1_pair_plus_0.5,Pi0,baseline_0.14678Hz_Re,4,-1.0109523951751243
P1_pair_plus_0.5,Pi0,baseline_0.14678Hz_Re,5,0.0014613050991485463
P1_pair_plus_0.5,Pi0,baseline_0.14678Hz_Re,6,-0.004129819974885152
P1_pair_plus_0.5,Pi0,baseline_0.14678Hz_Re,7,1.7364824882459826
P1_pair_plus_0.5,Pi0,baseline_0.14678Hz_Re,8,2.05760985949599
P1_pair_plus_0.5,Pi0,baseline_0.14678Hz_Re,9,1.8471640182760038
P1_pair_plus_0.5,Pi0,baseline_0.14678Hz_Re,10,-0.0012580021246932915
P1_pair_plus_0.5,Pi0,baseline_0.14678Hz_Re,11,-0.0016740722141861395
P1_pair_plus_0.5,Pi0,baseline_0.14678Hz_Re,12,0.38976677387836384
P1_pair_plus_0.5,Pi0,baseline_0.14678Hz_Re,13,0.22986019536652688
P1_pair_plus_0.5,Pi0,baseline_0.14678Hz_Im,0,0.11082130494943775
P1_pair_plus_0.5,Pi0,baseline_0.14678Hz_Im,1,-0.13812409995483943
P1_pair_plus_0.5,Pi0,baseline_0.14678Hz_Im,2,-0.5408850383969988
P1_pair_plus_0.5,Pi0,baseline_0.14678Hz_Im,3,-0.10614225515181984
P1_pair_plus_0.5,Pi0,baseline_0.14678Hz_Im,4,1.4921315379418096
P1_pair_plus_0.5,Pi0,baseline_0.14678Hz_Im,5,-0.33449435074828227
P1_pair_plus_0.5,Pi0,baseline_0.14678Hz_Im,6,0.7652342990188686
P1_pair_plus_0.5,Pi0,baseline_0.14678Hz_Im,7,-1.6462804154238062
P1_pair_plus_0.5,Pi0,baseline_0.14678Hz_Im,8,-1.0783877140291276
P1_pair_plus_0.5,Pi0,baseline_0.14678Hz_Im,9,0.0
P1_pair_plus_0.5,Pi0,baseline_0.14678Hz_Im,10,-0.12808436946620816
P1_pair_plus_0.5,Pi0,baseline_0.14678Hz_Im,11,-0.15498155054860518
P1_pair_plus_0.5,Pi0,baseline_0.14678Hz_Im,12,-0.7125016123543658
P1_pair_plus_0.5,Pi0,baseline_0.14678Hz_Im,13,-0.015127076868903798
P1_pair_plus_0.5,Pi0,baseline_0.215443Hz_Re,0,0.5474690638163082
P1_pair_plus_0.5,Pi0,baseline_0.215443Hz_Re,1,-0.32020809155319796
P1_pair_plus_0.5,Pi0,baseline_0.215443Hz_Re,2,0.9629768371599566
P1_pair_plus_0.5,Pi0,baseline_0.215443Hz_Re,3,-0.0970346379247644
P1_pair_plus_0.5,Pi0,baseline_0.215443Hz_Re,4,-1.0182834272010055
P1_pair_plus_0.5,Pi0,baseline_0.215443Hz_Re,5,0.003248053848103893
P1_pair_plus_0.5,Pi0,baseline_0.215443Hz_Re,6,-0.009213918494843654
P1_pair_plus_0.5,Pi0,baseline_0.215443Hz_Re,7,1.7953931517711295
P1_pair_plus_0.5,Pi0,baseline_0.215443Hz_Re,8,2.1217499052594846
P1_pair_plus_0.5,Pi0,baseline_0.215443Hz_Re,9,1.9280803798871202
P1_pair_plus_0.5,Pi0,baseline_0.215443Hz_Re,10,-0.0028135479057667108
P1_pair_plus_0.5,Pi0,baseline_0.215443Hz_Re,11,-0.003742006216000959
P1_pair_plus_0.5,Pi0,baseline_0.215443Hz_Re,12,0.39090411809716835
P1_pair_plus_0.5,Pi0,baseline_0.215443Hz_Re,13,0.2398294517647059
P1_pair_plus_0.5,Pi0,baseline_0.215443Hz_Im,0,0.16890221014032036
P1_pair_plus_0.5,Pi0,baseline_0.215443Hz_Im,1,-0.21358174698837826
P1_pair_plus_0.5,Pi0,baseline_0.215443Hz_Im,2,-0.8517766676652271
P1_pair_plus_0.5,Pi0,baseline_0.215443Hz_Im,3,-0.16746045125026754
P1_pair_plus_0.5,Pi0,baseline_0.215443Hz_Im,4,2.2842931807709466
P1_pair_plus_0.5,Pi0,baseline_0.215443Hz_Im,5,-0.525450781613257
P1_pair_plus_0.5,Pi0,baseline_0.215443Hz_Im,6,1.2014310966534936
P1_pair_plus_0.5,Pi0,baseline_0.215443Hz_Im,7,-2.556938770725825
P1_pair_plus_0.5,Pi0,baseline_0.215443Hz_Im,8,-1.6601299790974797
P1_pair_plus_0.5,Pi0,baseline_0.215443Hz_Im,9,0.0
P1_pair_plus_0.5,Pi0,baseline_0.215443Hz_Im,10,-0.19885629956029047
P1_pair_plus_0.5,Pi0,baseline_0.215443Hz_Im,11,-0.24035463014326905
P1_pair_plus_0.5,Pi0,baseline_0.215443Hz_Im,12,-1.093558302034392
P1_pair_plus_0.5,Pi0,baseline_0.215443Hz_Im,13,-0.025301212125405922
P1_pair_plus_0.5,Pi0,baseline_0.316228Hz_Re,0,0.5614991582802986
P1_pair_plus_0.5,Pi0,baseline_0.316228Hz_Re,1,-0.32522419162184235
P1_pair_plus_0.5,Pi0,baseline_0.316228Hz_Re,2,0.9809734618837495
P1_pair_plus_0.5,Pi0,baseline_0.316228Hz_Re,3,-0.09808316279169559
P1_pair_plus_0.5,Pi0,baseline_0.316228Hz_Re,4,-0.9590751428367738
P1_pair_plus_0.5,Pi0,baseline_0.316228Hz_Re,5,0.0069521495449365025
P1_pair_plus_0.5,Pi0,baseline_0.316228Hz_Re,6,-0.019883765722816804
P1_pair_plus_0.5,Pi0,baseline_0.316228Hz_Re,7,1.7922275472148639
P1_pair_plus_0.5,Pi0,baseline_0.316228Hz_Re,8,2.1057644724153946
P1_pair_plus_0.5,Pi0,baseline_0.316228Hz_Re,9,1.9643645067457525
P1_pair_plus_0.5,Pi0,baseline_0.316228Hz_Re,10,-0.006103779015553811
P1_pair_plus_0.5,Pi0,baseline_0.316228Hz_Re,11,-0.008108278226615084
P1_pair_plus_0.5,Pi0,baseline_0.316228Hz_Re,12,0.36441137054588063
P1_pair_plus_0.5,Pi0,baseline_0.316228Hz_Re,13,0.24394742244027154
P1_pair_plus_0.5,Pi0,baseline_0.316228Hz_Im,0,0.27122439294480216
P1_pair_plus_0.5,Pi0,baseline_0.316228Hz_Im,1,-0.3544242830111343
P1_pair_plus_0.5,Pi0,baseline_0.316228Hz_Im,2,-1.4662754143079935
P1_pair_plus_0.5,Pi0,baseline_0.316228Hz_Im,3,-0.28940906036112324
P1_pair_plus_0.5,Pi0,baseline_0.316228Hz_Im,4,3.7033425656307624
P1_pair_plus_0.5,Pi0,baseline_0.316228Hz_Im,5,-0.9004123095235349
P1_pair_plus_0.5,Pi0,baseline_0.316228Hz_Im,6,2.0564507377529573
P1_pair_plus_0.5,Pi0,baseline_0.316228Hz_Im,7,-4.277607529301619
P1_pair_plus_0.5,Pi0,baseline_0.316228Hz_Im,8,-2.7239870034279074
P1_pair_plus_0.5,Pi0,baseline_0.316228Hz_Im,9,0.0
P1_pair_plus_0.5,Pi0,baseline_0.316228Hz_Im,10,-0.3323828693613251
P1_pair_plus_0.5,Pi0,baseline_0.316228Hz_Im,11,-0.4008107724162712
P1_pair_plus_0.5,Pi0,baseline_0.316228Hz_Im,12,-1.7829793482304621
P1_pair_plus_0.5,Pi0,baseline_0.316228Hz_Im,13,-0.04853418935635289
P1_pair_plus_0.5,Pi0,baseline_0.464159Hz_Re,0,0.5680196046409236
P1_pair_plus_0.5,Pi0,baseline_0.464159Hz_Re,1,-0.3218120580239514
P1_pair_plus_0.5,Pi0,baseline_0.464159Hz_Re,2,0.9777946543554349
P1_pair_plus_0.5,Pi0,baseline_0.464159Hz_Re,3,-0.09689655233735549
P1_pair_plus_0.5,Pi0,baseline_0.464159Hz_Re,4,-0.8019023077787678
P1_pair_plus_0.5,Pi0,baseline_0.464159Hz_Re,5,0.014180048624190532
P1_pair_plus_0.5,Pi0,baseline_0.464159Hz_Re,6,-0.04129887669623855
P1_pair_plus_0.5,Pi0,baseline_0.464159Hz_Re,7,1.7151351531685675
P1_pair_plus_0.5,Pi0,baseline_0.464159Hz_Re,8,1.9896673252972616
P1_pair_plus_0.5,Pi0,baseline_0.464159Hz_Re,9,1.9636497508024318
P1_pair_plus_0.5,Pi0,baseline_0.464159Hz_Re,10,-0.012823491535307594
P1_pair_plus_0.5,Pi0,baseline_0.464159Hz_Re,11,-0.016991270257449287
P1_pair_plus_0.5,Pi0,baseline_0.464159Hz_Re,12,0.2963175197212564
P1_pair_plus_0.5,Pi0,baseline_0.464159Hz_Re,13,0.2422700307480596
P1_pair_plus_0.5,Pi0,baseline_0.464159Hz_Im,0,0.3266731553042135
P1_pair_plus_0.5,Pi0,baseline_0.464159Hz_Im,1,-0.46171624018542795
P1_pair_plus_0.5,Pi0,baseline_0.464159Hz_Im,2,-2.0434953088344088
P1_pair_plus_0.5,Pi0,baseline_0.464159Hz_Im,3,-0.4066965263227473
P1_pair_plus_0.5,Pi0,baseline_0.464159Hz_Im,4,4.552002934177235
P1_pair_plus_0.5,Pi0,baseline_0.464159Hz_Im,5,-1.2465851621290547
P1_pair_plus_0.5,Pi0,baseline_0.464159Hz_Im,6,2.840850990126764
P1_pair_plus_0.5,Pi0,baseline_0.464159Hz_Im,7,-5.6341574626972415
P1_pair_plus_0.5,Pi0,baseline_0.464159Hz_Im,8,-3.4363140489879203
P1_pair_plus_0.5,Pi0,baseline_0.464159Hz_Im,9,0.0
P1_pair_plus_0.5,Pi0,baseline_0.464159Hz_Im,10,-0.4369265281578549
P1_pair_plus_0.5,Pi0,baseline_0.464159Hz_Im,11,-0.5242471111888136
P1_pair_plus_0.5,Pi0,baseline_0.464159Hz_Im,12,-2.2202396096293597
P1_pair_plus_0.5,Pi0,baseline_0.464159Hz_Im,13,-0.0797616753756003
P1_pair_plus_0.5,Pi0,baseline_0.681292Hz_Re,0,0.6117546473838331
P1_pair_plus_0.5,Pi0,baseline_0.681292Hz_Re,1,-0.32921389929718714
P1_pair_plus_0.5,Pi0,baseline_0.681292Hz_Re,2,1.0194098026161669
P1_pair_plus_0.5,Pi0,baseline_0.681292Hz_Re,3,-0.10224954594129086
P1_pair_plus_0.5,Pi0,baseline_0.681292Hz_Re,4,-0.5433997930515133
P1_pair_plus_0.5,Pi0,baseline_0.681292Hz_Re,5,0.028769040905096684
P1_pair_plus_0.5,Pi0,baseline_0.681292Hz_Re,6,-0.08734568428536703
P1_pair_plus_0.5,Pi0,baseline_0.681292Hz_Re,7,1.6572248169977042
P1_pair_plus_0.5,Pi0,baseline_0.681292Hz_Re,8,1.8681282075716508
P1_pair_plus_0.5,Pi0,baseline_0.681292Hz_Re,9,2.08098172120863
P1_pair_plus_0.5,Pi0,baseline_0.681292Hz_Re,10,-0.02780828620707609
P1_pair_plus_0.5,Pi0,baseline_0.681292Hz_Re,11,-0.03664803327474431
P1_pair_plus_0.5,Pi0,baseline_0.681292Hz_Re,12,0.18021432373060972
P1_pair_plus_0.5,Pi0,baseline_0.681292Hz_Re,13,0.2502138607862747
P1_pair_plus_0.5,Pi0,baseline_0.681292Hz_Im,0,0.316353977458661
P1_pair_plus_0.5,Pi0,baseline_0.681292Hz_Im,1,-0.5474886853096272
P1_pair_plus_0.5,Pi0,baseline_0.681292Hz_Im,2,-2.673412041542811
P1_pair_plus_0.5,Pi0,baseline_0.681292Hz_Im,3,-0.5412608014454534
P1_pair_plus_0.5,Pi0,baseline_0.681292Hz_Im,4,4.594119384937478
P1_pair_plus_0.5,Pi0,baseline_0.681292Hz_Im,5,-1.6261880818713157
P1_pair_plus_0.5,Pi0,baseline_0.681292Hz_Im,6,3.692013692635498
P1_pair_plus_0.5,Pi0,baseline_0.681292Hz_Im,7,-6.652981446308991
P1_pair_plus_0.5,Pi0,baseline_0.681292Hz_Im,8,-3.671041076247494
P1_pair_plus_0.5,Pi0,baseline_0.681292Hz_Im,9,0.0
P1_pair_plus_0.5,Pi0,baseline_0.681292Hz_Im,10,-0.5135454853255617
P1_pair_plus_0.5,Pi0,baseline_0.681292Hz_Im,11,-0.6096209770767302
P1_pair_plus_0.5,Pi0,baseline_0.681292Hz_Im,12,-2.314365239719507
P1_pair_plus_0.5,Pi0,baseline_0.681292Hz_Im,13,-0.12561628093266108
P1_pair_plus_0.5,Pi0,baseline_1Hz_Re,0,0.63620481136617
P1_pair_plus_0.5,Pi0,baseline_1Hz_Re,1,-0.3030809901050091
P1_pair_plus_0.5,Pi0,baseline_1Hz_Re,2,0.9862176613140149
P1_pair_plus_0.5,Pi0,baseline_1Hz_Re,3,-0.11252902973879485
P1_pair_plus_0.5,Pi0,baseline_1Hz_Re,4,-0.06937333869583284
P1_pair_plus_0.5,Pi0,baseline_1Hz_Re,5,0.04943437910132075
P1_pair_plus_0.5,Pi0,baseline_1Hz_Re,6,-0.16642479288009326
P1_pair_plus_0.5,Pi0,baseline_1Hz_Re,7,1.4163496562913378
P1_pair_plus_0.5,Pi0,baseline_1Hz_Re,8,1.4914407561628094
P1_pair_plus_0.5,Pi0,baseline_1Hz_Re,9,2.1572375766609753
P1_pair_plus_0.5,Pi0,baseline_1Hz_Re,10,-0.05602250463532243
P1_pair_plus_0.5,Pi0,baseline_1Hz_Re,11,-0.07301409095106237
P1_pair_plus_0.5,Pi0,baseline_1Hz_Re,12,-0.03294995649660848
P1_pair_plus_0.5,Pi0,baseline_1Hz_Re,13,0.23627015273142146
P1_pair_plus_0.5,Pi0,baseline_1Hz_Im,0,0.29531933556370404
P1_pair_plus_0.5,Pi0,baseline_1Hz_Im,1,-0.8935592463954477
P1_pair_plus_0.5,Pi0,baseline_1Hz_Im,2,-4.595088428138716
P1_pair_plus_0.5,Pi0,baseline_1Hz_Im,3,-0.9630791061310261
P1_pair_plus_0.5,Pi0,baseline_1Hz_Im,4,4.539430954619839
P1_pair_plus_0.5,Pi0,baseline_1Hz_Im,5,-2.8680580406170715
P1_pair_plus_0.5,Pi0,baseline_1Hz_Im,6,6.4796463456362465
P1_pair_plus_0.5,Pi0,baseline_1Hz_Im,7,-9.747704031348725
P1_pair_plus_0.5,Pi0,baseline_1Hz_Im,8,-4.1523618295569165
P1_pair_plus_0.5,Pi0,baseline_1Hz_Im,9,0.0
P1_pair_plus_0.5,Pi0,baseline_1Hz_Im,10,-0.743646827738864
P1_pair_plus_0.5,Pi0,baseline_1Hz_Im,11,-0.8629416343941542
P1_pair_plus_0.5,Pi0,baseline_1Hz_Im,12,-2.527735705770695
P1_pair_plus_0.5,Pi0,baseline_1Hz_Im,13,-0.23376181863543619
P1_pair_plus_0.5,Pi0,baseline_1.4678Hz_Re,0,0.6149153700452104
P1_pair_plus_0.5,Pi0,baseline_1.4678Hz_Re,1,-0.22047087682164343
P1_pair_plus_0.5,Pi0,baseline_1.4678Hz_Re,2,0.8060604747228693
P1_pair_plus_0.5,Pi0,baseline_1.4678Hz_Re,3,-0.14945489361650743
P1_pair_plus_0.5,Pi0,baseline_1.4678Hz_Re,4,0.48681641062753295
P1_pair_plus_0.5,Pi0,baseline_1.4678Hz_Re,5,0.05797669770934987
P1_pair_plus_0.5,Pi0,baseline_1.4678Hz_Re,6,-0.26988715493558857
P1_pair_plus_0.5,Pi0,baseline_1.4678Hz_Re,7,0.988508825683354
P1_pair_plus_0.5,Pi0,baseline_1.4678Hz_Re,8,0.8647636501324384
P1_pair_plus_0.5,Pi0,baseline_1.4678Hz_Re,9,2.2432777619485478
P1_pair_plus_0.5,Pi0,baseline_1.4678Hz_Re,10,-0.10347602297233748
P1_pair_plus_0.5,Pi0,baseline_1.4678Hz_Re,11,-0.13193927270727102
P1_pair_plus_0.5,Pi0,baseline_1.4678Hz_Re,12,-0.2970502245069895
P1_pair_plus_0.5,Pi0,baseline_1.4678Hz_Re,13,0.18286335374817494
P1_pair_plus_0.5,Pi0,baseline_1.4678Hz_Im,0,0.10957635177000212
P1_pair_plus_0.5,Pi0,baseline_1.4678Hz_Im,1,-1.2057200088066988
P1_pair_plus_0.5,Pi0,baseline_1.4678Hz_Im,2,-4.99743337410985
P1_pair_plus_0.5,Pi0,baseline_1.4678Hz_Im,3,-1.1209118437216503
P1_pair_plus_0.5,Pi0,baseline_1.4678Hz_Im,4,0.6585226073496653
P1_pair_plus_0.5,Pi0,baseline_1.4678Hz_Im,5,-3.4946495362342396
P1_pair_plus_0.5,Pi0,baseline_1.4678Hz_Im,6,7.877726685612262
P1_pair_plus_0.5,Pi0,baseline_1.4678Hz_Im,7,-8.734938782195556
P1_pair_plus_0.5,Pi0,baseline_1.4678Hz_Im,8,-1.347589589650866
P1_pair_plus_0.5,Pi0,baseline_1.4678Hz_Im,9,0.0
P1_pair_plus_0.5,Pi0,baseline_1.4678Hz_Im,10,-0.6448789661217535
P1_pair_plus_0.5,Pi0,baseline_1.4678Hz_Im,11,-0.7133929702973772
P1_pair_plus_0.5,Pi0,baseline_1.4678Hz_Im,12,-0.918668461036276
P1_pair_plus_0.5,Pi0,baseline_1.4678Hz_Im,13,-0.16625926289037807
P1_pair_plus_0.5,Pi0,baseline_2.15443Hz_Re,0,0.4574516323518906
P1_pair_plus_0.5,Pi0,baseline_2.15443Hz_Re,1,-0.09407537204797477
P1_pair_plus_0.5,Pi0,baseline_2.15443Hz_Re,2,0.36433462624607665
P1_pair_plus_0.5,Pi0,baseline_2.15443Hz_Re,3,-0.23280761043409368
P1_pair_plus_0.5,Pi0,baseline_2.15443Hz_Re,4,0.695255255678262
P1_pair_plus_0.5,Pi0,baseline_2.15443Hz_Re,5,-0.01778948981456807
P1_pair_plus_0.5,Pi0,baseline_2.15443Hz_Re,6,-0.2949213412595242
P1_pair_plus_0.5,Pi0,baseline_2.15443Hz_Re,7,0.41026067674199135
P1_pair_plus_0.5,Pi0,baseline_2.15443Hz_Re,8,0.14931959118058558
P1_pair_plus_0.5,Pi0,baseline_2.15443Hz_Re,9,2.2317650675507394
P1_pair_plus_0.5,Pi0,baseline_2.15443Hz_Re,10,-0.16003750220594526
P1_pair_plus_0.5,Pi0,baseline_2.15443Hz_Re,11,-0.19617799349447293
P1_pair_plus_0.5,Pi0,baseline_2.15443Hz_Re,12,-0.4351309771166711
P1_pair_plus_0.5,Pi0,baseline_2.15443Hz_Re,13,0.08055560667408201
P1_pair_plus_0.5,Pi0,baseline_2.15443Hz_Im,0,0.16459832985482592
P1_pair_plus_0.5,Pi0,baseline_2.15443Hz_Im,1,-1.4214840121873349
P1_pair_plus_0.5,Pi0,baseline_2.15443Hz_Im,2,-3.2738061804704617
P1_pair_plus_0.5,Pi0,baseline_2.15443Hz_Im,3,-0.8330275550583187
P1_pair_plus_0.5,Pi0,baseline_2.15443Hz_Im,4,-2.5380876455760593
P1_pair_plus_0.5,Pi0,baseline_2.15443Hz_Im,5,-3.0336420736187804
P1_pair_plus_0.5,Pi0,baseline_2.15443Hz_Im,6,6.909859743220447
P1_pair_plus_0.5,Pi0,baseline_2.15443Hz_Im,7,-4.932747174857255
P1_pair_plus_0.5,Pi0,baseline_2.15443Hz_Im,8,2.0590948605181403
P1_pair_plus_0.5,Pi0,baseline_2.15443Hz_Im,9,0.0
P1_pair_plus_0.5,Pi0,baseline_2.15443Hz_Im,10,-0.3291322890619508
P1_pair_plus_0.5,Pi0,baseline_2.15443Hz_Im,11,-0.32891099133181
P1_pair_plus_0.5,Pi0,baseline_2.15443Hz_Im,12,0.6417671929770385
P1_pair_plus_0.5,Pi0,baseline_2.15443Hz_Im,13,0.12861559148813484
P1_pair_plus_0.5,Pi0,baseline_3.16228Hz_Re,0,0.2106213508046295
P1_pair_plus_0.5,Pi0,baseline_3.16228Hz_Re,1,-0.09043476402181837
P1_pair_plus_0.5,Pi0,baseline_3.16228Hz_Re,2,-0.14080133445837362
P1_pair_plus_0.5,Pi0,baseline_3.16228Hz_Re,3,-0.3365873536775865
P1_pair_plus_0.5,Pi0,baseline_3.16228Hz_Re,4,0.20985845112786447
P1_pair_plus_0.5,Pi0,baseline_3.16228Hz_Re,5,-0.2829767275058792
P1_pair_plus_0.5,Pi0,baseline_3.16228Hz_Re,6,-0.04484826634509886
P1_pair_plus_0.5,Pi0,baseline_3.16228Hz_Re,7,-0.06462810185903223
P1_pair_plus_0.5,Pi0,baseline_3.16228Hz_Re,8,-0.12814418549611517
P1_pair_plus_0.5,Pi0,baseline_3.16228Hz_Re,9,2.016754468847637
P1_pair_plus_0.5,Pi0,baseline_3.16228Hz_Re,10,-0.19150363845810145
P1_pair_plus_0.5,Pi0,baseline_3.16228Hz_Re,11,-0.22093852618532137
P1_pair_plus_0.5,Pi0,baseline_3.16228Hz_Re,12,-0.2811566904625806
P1_pair_plus_0.5,Pi0,baseline_3.16228Hz_Re,13,0.01654925609884117
P1_pair_plus_0.5,Pi0,baseline_3.16228Hz_Im,0,0.5603412525090334
P1_pair_plus_0.5,Pi0,baseline_3.16228Hz_Im,1,-1.7790664342709481
P1_pair_plus_0.5,Pi0,baseline_3.16228Hz_Im,2,-1.8795591560927247
P1_pair_plus_0.5,Pi0,baseline_3.16228Hz_Im,3,-0.5880778854994162
P1_pair_plus_0.5,Pi0,baseline_3.16228Hz_Im,4,-3.620772560297691
P1_pair_plus_0.5,Pi0,baseline_3.16228Hz_Im,5,-2.8457512108892575
P1_pair_plus_0.5,Pi0,baseline_3.16228Hz_Im,6,6.74875782826767
P1_pair_plus_0.5,Pi0,baseline_3.16228Hz_Im,7,-2.886217784892064
P1_pair_plus_0.5,Pi0,baseline_3.16228Hz_Im,8,4.305070748700235
P1_pair_plus_0.5,Pi0,baseline_3.16228Hz_Im,9,0.0
P1_pair_plus_0.5,Pi0,baseline_3.16228Hz_Im,10,-0.13791704103205404
P1_pair_plus_0.5,Pi0,baseline_3.16228Hz_Im,11,-0.10655142663740234
P1_pair_plus_0.5,Pi0,baseline_3.16228Hz_Im,12,1.2532292440470272
P1_pair_plus_0.5,Pi0,baseline_3.16228Hz_Im,13,0.43597911172366105
P1_pair_plus_0.5,Pi0,baseline_4.64159Hz_Re,0,0.1327270650053336
P1_pair_plus_0.5,Pi0,baseline_4.64159Hz_Re,1,-0.33678909479029073
P1_pair_plus_0.5,Pi0,baseline_4.64159Hz_Re,2,-0.3914710070551663
P1_pair_plus_0.5,Pi0,baseline_4.64159Hz_Re,3,-0.4350606213732177
P1_pair_plus_0.5,Pi0,baseline_4.64159Hz_Re,4,-0.7206245658419873
P1_pair_plus_0.5,Pi0,baseline_4.64159Hz_Re,5,-0.8074086272125135
P1_pair_plus_0.5,Pi0,baseline_4.64159Hz_Re,6,0.6160719119074898
P1_pair_plus_0.5,Pi0,baseline_4.64159Hz_Re,7,-0.3107157768300617
P1_pair_plus_0.5,Pi0,baseline_4.64159Hz_Re,8,0.3368880323595391
P1_pair_plus_0.5,Pi0,baseline_4.64159Hz_Re,9,1.8109972166113761
P1_pair_plus_0.5,Pi0,baseline_4.64159Hz_Re,10,-0.19377398954301125
P1_pair_plus_0.5,Pi0,baseline_4.64159Hz_Re,11,-0.20756865823923218
P1_pair_plus_0.5,Pi0,baseline_4.64159Hz_Re,12,0.07052394594975198
P1_pair_plus_0.5,Pi0,baseline_4.64159Hz_Re,13,0.07811175268823689
P1_pair_plus_0.5,Pi0,baseline_4.64159Hz_Im,0,1.0367706206437788
P1_pair_plus_0.5,Pi0,baseline_4.64159Hz_Im,1,-1.9439688288880317
P1_pair_plus_0.5,Pi0,baseline_4.64159Hz_Im,2,-0.8993429662318418
P1_pair_plus_0.5,Pi0,baseline_4.64159Hz_Im,3,-0.3573362068021168
P1_pair_plus_0.5,Pi0,baseline_4.64159Hz_Im,4,-3.465722270568072
P1_pair_plus_0.5,Pi0,baseline_4.64159Hz_Im,5,-2.5661914415220366
P1_pair_plus_0.5,Pi0,baseline_4.64159Hz_Im,6,6.720518215486137
P1_pair_plus_0.5,Pi0,baseline_4.64159Hz_Im,7,-1.852040256022924
P1_pair_plus_0.5,Pi0,baseline_4.64159Hz_Im,8,5.5009590660182175
P1_pair_plus_0.5,Pi0,baseline_4.64159Hz_Im,9,0.0
P1_pair_plus_0.5,Pi0,baseline_4.64159Hz_Im,10,-0.020967398373095136
P1_pair_plus_0.5,Pi0,baseline_4.64159Hz_Im,11,0.01250935541818876
P1_pair_plus_0.5,Pi0,baseline_4.64159Hz_Im,12,1.3152010695183236
P1_pair_plus_0.5,Pi0,baseline_4.64159Hz_Im,13,0.6195410932274825
P1_pair_plus_0.5,Pi0,baseline_6.81292Hz_Re,0,0.2898611827450992
P1_pair_plus_0.5,Pi0,baseline_6.81292Hz_Re,1,-0.691657673479451
P1_pair_plus_0.5,Pi0,baseline_6.81292Hz_Re,2,-0.3614261796736073
P1_pair_plus_0.5,Pi0,baseline_6.81292Hz_Re,3,-0.4333231593989239
P1_pair_plus_0.5,Pi0,baseline_6.81292Hz_Re,4,-1.5741575529193417
P1_pair_plus_0.5,Pi0,baseline_6.81292Hz_Re,5,-1.346236516230892
P1_pair_plus_0.5,Pi0,baseline_6.81292Hz_Re,6,1.5559291339894974
P1_pair_plus_0.5,Pi0,baseline_6.81292Hz_Re,7,-0.42195804127453934
P1_pair_plus_0.5,Pi0,baseline_6.81292Hz_Re,8,1.2816833459661225
P1_pair_plus_0.5,Pi0,baseline_6.81292Hz_Re,9,1.4156119417574329
P1_pair_plus_0.5,Pi0,baseline_6.81292Hz_Re,10,-0.14619503579949011
P1_pair_plus_0.5,Pi0,baseline_6.81292Hz_Re,11,-0.14614992851491593
P1_pair_plus_0.5,Pi0,baseline_6.81292Hz_Re,12,0.4449135476480847
P1_pair_plus_0.5,Pi0,baseline_6.81292Hz_Re,13,0.21529148128696105
P1_pair_plus_0.5,Pi0,baseline_6.81292Hz_Im,0,1.4137018404358768
P1_pair_plus_0.5,Pi0,baseline_6.81292Hz_Im,1,-2.0059696197671784
P1_pair_plus_0.5,Pi0,baseline_6.81292Hz_Im,2,-0.4527719458469192
P1_pair_plus_0.5,Pi0,baseline_6.81292Hz_Im,3,-0.16782042697727206
P1_pair_plus_0.5,Pi0,baseline_6.81292Hz_Im,4,-2.855435096105196
P1_pair_plus_0.5,Pi0,baseline_6.81292Hz_Im,5,-2.172266093136699
P1_pair_plus_0.5,Pi0,baseline_6.81292Hz_Im,6,7.0289085875918635
P1_pair_plus_0.5,Pi0,baseline_6.81292Hz_Im,7,-1.502786122853372
P1_pair_plus_0.5,Pi0,baseline_6.81292Hz_Im,8,6.2691141150761345
P1_pair_plus_0.5,Pi0,baseline_6.81292Hz_Im,9,0.0
P1_pair_plus_0.5,Pi0,baseline_6.81292Hz_Im,10,0.04321230813175702
P1_pair_plus_0.5,Pi0,baseline_6.81292Hz_Im,11,0.06626482362825925
P1_pair_plus_0.5,Pi0,baseline_6.81292Hz_Im,12,1.1548196850785786
P1_pair_plus_0.5,Pi0,baseline_6.81292Hz_Im,13,0.6982324463056243
P1_pair_plus_0.5,Pi0,baseline_10Hz_Re,0,0.5720529422159615
P1_pair_plus_0.5,Pi0,baseline_10Hz_Re,1,-1.0872616138746238
P1_pair_plus_0.5,Pi0,baseline_10Hz_Re,2,-0.3161005603047329
P1_pair_plus_0.5,Pi0,baseline_10Hz_Re,3,-0.3865251249735024
P1_pair_plus_0.5,Pi0,baseline_10Hz_Re,4,-2.0713115258752524
P1_pair_plus_0.5,Pi0,baseline_10Hz_Re,5,-1.7497750886219519
P1_pair_plus_0.5,Pi0,baseline_10Hz_Re,6,2.6816431414999897
P1_pair_plus_0.5,Pi0,baseline_10Hz_Re,7,-0.5620850805021504
P1_pair_plus_0.5,Pi0,baseline_10Hz_Re,8,2.4051330311802843
P1_pair_plus_0.5,Pi0,baseline_10Hz_Re,9,1.1416786804829826
P1_pair_plus_0.5,Pi0,baseline_10Hz_Re,10,-0.09698507086319806
P1_pair_plus_0.5,Pi0,baseline_10Hz_Re,11,-0.09225231401011057
P1_pair_plus_0.5,Pi0,baseline_10Hz_Re,12,0.6887405512134847
P1_pair_plus_0.5,Pi0,baseline_10Hz_Re,13,0.3696850083834135
P1_pair_plus_0.5,Pi0,baseline_10Hz_Im,0,1.8164396292874583
P1_pair_plus_0.5,Pi0,baseline_10Hz_Im,1,-2.1506487389411078
P1_pair_plus_0.5,Pi0,baseline_10Hz_Im,2,-0.3442431496303299
P1_pair_plus_0.5,Pi0,baseline_10Hz_Im,3,0.010632449143344045
P1_pair_plus_0.5,Pi0,baseline_10Hz_Im,4,-2.0510853481869873
P1_pair_plus_0.5,Pi0,baseline_10Hz_Im,5,-1.6339481965443878
P1_pair_plus_0.5,Pi0,baseline_10Hz_Im,6,8.19248983914278
P1_pair_plus_0.5,Pi0,baseline_10Hz_Im,7,-1.5824244149253983
P1_pair_plus_0.5,Pi0,baseline_10Hz_Im,8,7.507792824834602
P1_pair_plus_0.5,Pi0,baseline_10Hz_Im,9,0.0
P1_pair_plus_0.5,Pi0,baseline_10Hz_Im,10,0.0833631554675307
P1_pair_plus_0.5,Pi0,baseline_10Hz_Im,11,0.09613057114776778
P1_pair_plus_0.5,Pi0,baseline_10Hz_Im,12,0.9033144058534502
P1_pair_plus_0.5,Pi0,baseline_10Hz_Im,13,0.766098771354251
P1_pair_plus_0.5,Pi0,baseline_14.678Hz_Re,0,0.9052399927433895
P1_pair_plus_0.5,Pi0,baseline_14.678Hz_Re,1,-1.4964148176366263
P1_pair_plus_0.5,Pi0,baseline_14.678Hz_Re,2,-0.3550639218197204
P1_pair_plus_0.5,Pi0,baseline_14.678Hz_Re,3,-0.31009123464542654
P1_pair_plus_0.5,Pi0,baseline_14.678Hz_Re,4,-2.1440898096969363
P1_pair_plus_0.5,Pi0,baseline_14.678Hz_Re,5,-1.9116111867001349
P1_pair_plus_0.5,Pi0,baseline_14.678Hz_Re,6,4.012860100455207
P1_pair_plus_0.5,Pi0,baseline_14.678Hz_Re,7,-0.7706959657349798
P1_pair_plus_0.5,Pi0,baseline_14.678Hz_Re,8,3.682718143127594
P1_pair_plus_0.5,Pi0,baseline_14.678Hz_Re,9,1.0009710250002968
P1_pair_plus_0.5,Pi0,baseline_14.678Hz_Re,10,-0.059179498390626854
P1_pair_plus_0.5,Pi0,baseline_14.678Hz_Re,11,-0.054653789316461136
P1_pair_plus_0.5,Pi0,baseline_14.678Hz_Re,12,0.7635793221716368
P1_pair_plus_0.5,Pi0,baseline_14.678Hz_Re,13,0.5187219571212154
P1_pair_plus_0.5,Pi0,baseline_14.678Hz_Im,0,2.0216811737139295
P1_pair_plus_0.5,Pi0,baseline_14.678Hz_Im,1,-1.8978932823099368
P1_pair_plus_0.5,Pi0,baseline_14.678Hz_Im,2,-0.2682405154441625
P1_pair_plus_0.5,Pi0,baseline_14.678Hz_Im,3,0.18986652290386982
P1_pair_plus_0.5,Pi0,baseline_14.678Hz_Im,4,-0.7886361735209845
P1_pair_plus_0.5,Pi0,baseline_14.678Hz_Im,5,-0.5633100711222028
P1_pair_plus_0.5,Pi0,baseline_14.678Hz_Im,6,8.832525057145268
P1_pair_plus_0.5,Pi0,baseline_14.678Hz_Im,7,-1.6507060145443118
P1_pair_plus_0.5,Pi0,baseline_14.678Hz_Im,8,8.160066769069552
P1_pair_plus_0.5,Pi0,baseline_14.678Hz_Im,9,0.0
P1_pair_plus_0.5,Pi0,baseline_14.678Hz_Im,10,0.09878904581039903
P1_pair_plus_0.5,Pi0,baseline_14.678Hz_Im,11,0.10319694774274522
P1_pair_plus_0.5,Pi0,baseline_14.678Hz_Im,12,0.45183278545302125
P1_pair_plus_0.5,Pi0,baseline_14.678Hz_Im,13,0.6804703987839388
P1_pair_plus_0.5,Pi0,baseline_21.5443Hz_Re,0,1.302387563262286
P1_pair_plus_0.5,Pi0,baseline_21.5443Hz_Re,1,-1.8470808224479993
P1_pair_plus_0.5,Pi0,baseline_21.5443Hz_Re,2,-0.4249018992208419
P1_pair_plus_0.5,Pi0,baseline_21.5443Hz_Re,3,-0.2256233547104358
P1_pair_plus_0.5,Pi0,baseline_21.5443Hz_Re,4,-1.9603428516479224
P1_pair_plus_0.5,Pi0,baseline_21.5443Hz_Re,5,-1.825653258324955
P1_pair_plus_0.5,Pi0,baseline_21.5443Hz_Re,6,5.664491473211796
P1_pair_plus_0.5,Pi0,baseline_21.5443Hz_Re,7,-1.0580720703590174
P1_pair_plus_0.5,Pi0,baseline_21.5443Hz_Re,8,5.233896486256384
P1_pair_plus_0.5,Pi0,baseline_21.5443Hz_Re,9,0.9800742107213266
P1_pair_plus_0.5,Pi0,baseline_21.5443Hz_Re,10,-0.03463763031952283
P1_pair_plus_0.5,Pi0,baseline_21.5443Hz_Re,11,-0.031494711860702296
P1_pair_plus_0.5,Pi0,baseline_21.5443Hz_Re,12,0.7307097091846514
P1_pair_plus_0.5,Pi0,baseline_21.5443Hz_Re,13,0.6419353788533755
P1_pair_plus_0.5,Pi0,baseline_21.5443Hz_Im,0,1.9119400166633935
P1_pair_plus_0.5,Pi0,baseline_21.5443Hz_Im,1,-1.1313455753558799
P1_pair_plus_0.5,Pi0,baseline_21.5443Hz_Im,2,-0.034184355923727594
P1_pair_plus_0.5,Pi0,baseline_21.5443Hz_Im,3,0.2860786671554649
P1_pair_plus_0.5,Pi0,baseline_21.5443Hz_Im,4,0.2679856950571491
P1_pair_plus_0.5,Pi0,baseline_21.5443Hz_Im,5,0.6501386526025499
P1_pair_plus_0.5,Pi0,baseline_21.5443Hz_Im,6,8.270047602176867
P1_pair_plus_0.5,Pi0,baseline_21.5443Hz_Im,7,-1.529900210472945
P1_pair_plus_0.5,Pi0,baseline_21.5443Hz_Im,8,7.659041145435807
P1_pair_plus_0.5,Pi0,baseline_21.5443Hz_Im,9,0.0
P1_pair_plus_0.5,Pi0,baseline_21.5443Hz_Im,10,0.08926364742922742
P1_pair_plus_0.5,Pi0,baseline_21.5443Hz_Im,11,0.0892424397935798
P1_pair_plus_0.5,Pi0,baseline_21.5443Hz_Im,12,0.04369305903750841
P1_pair_plus_0.5,Pi0,baseline_21.5443Hz_Im,13,0.4212212890930544
P1_pair_plus_0.5,Pi0,baseline_31.6228Hz_Re,0,1.602707200420994
P1_pair_plus_0.5,Pi0,baseline_31.6228Hz_Re,1,-1.8464389131223056
P1_pair_plus_0.5,Pi0,baseline_31.6228Hz_Re,2,-0.37619447548209445
P1_pair_plus_0.5,Pi0,baseline_31.6228Hz_Re,3,-0.13681705763879393
P1_pair_plus_0.5,Pi0,baseline_31.6228Hz_Re,4,-1.5723993713079307
P1_pair_plus_0.5,Pi0,baseline_31.6228Hz_Re,5,-1.366673562630538
P1_pair_plus_0.5,Pi0,baseline_31.6228Hz_Re,6,6.925145768454931
P1_pair_plus_0.5,Pi0,baseline_31.6228Hz_Re,7,-1.2816511546720477
P1_pair_plus_0.5,Pi0,baseline_31.6228Hz_Re,8,6.412852016901559
P1_pair_plus_0.5,Pi0,baseline_31.6228Hz_Re,9,0.9493138773297715
P1_pair_plus_0.5,Pi0,baseline_31.6228Hz_Re,10,-0.017926596362904945
P1_pair_plus_0.5,Pi0,baseline_31.6228Hz_Re,11,-0.016175133987772483
P1_pair_plus_0.5,Pi0,baseline_31.6228Hz_Re,12,0.6109457336922475
P1_pair_plus_0.5,Pi0,baseline_31.6228Hz_Re,13,0.6477337235466507
P1_pair_plus_0.5,Pi0,baseline_31.6228Hz_Im,0,1.8253253841304937
P1_pair_plus_0.5,Pi0,baseline_31.6228Hz_Im,1,-0.3554406232675333
P1_pair_plus_0.5,Pi0,baseline_31.6228Hz_Im,2,0.2970655147205292
P1_pair_plus_0.5,Pi0,baseline_31.6228Hz_Im,3,0.3249131367510927
P1_pair_plus_0.5,Pi0,baseline_31.6228Hz_Im,4,0.811231509634247
P1_pair_plus_0.5,Pi0,baseline_31.6228Hz_Im,5,1.62443549738267
P1_pair_plus_0.5,Pi0,baseline_31.6228Hz_Im,6,7.869783853409195
P1_pair_plus_0.5,Pi0,baseline_31.6228Hz_Im,7,-1.4510547558632678
P1_pair_plus_0.5,Pi0,baseline_31.6228Hz_Im,8,7.294049771089383
P1_pair_plus_0.5,Pi0,baseline_31.6228Hz_Im,9,0.0
P1_pair_plus_0.5,Pi0,baseline_31.6228Hz_Im,10,0.07934191741387764
P1_pair_plus_0.5,Pi0,baseline_31.6228Hz_Im,11,0.07773078323225491
P1_pair_plus_0.5,Pi0,baseline_31.6228Hz_Im,12,-0.17212704612745708
P1_pair_plus_0.5,Pi0,baseline_31.6228Hz_Im,13,0.17050542382435194
P1_pair_plus_0.5,Pi0,baseline_46.4159Hz_Re,0,1.7711288895938535
P1_pair_plus_0.5,Pi0,baseline_46.4159Hz_Re,1,-1.6279527104368083
P1_pair_plus_0.5,Pi0,baseline_46.4159Hz_Re,2,-0.23781020752622337
P1_pair_plus_0.5,Pi0,baseline_46.4159Hz_Re,3,-0.07424061863048337
P1_pair_plus_0.5,Pi0,baseline_46.4159Hz_Re,4,-1.2413448405412808
P1_pair_plus_0.5,Pi0,baseline_46.4159Hz_Re,5,-0.8329817479557632
P1_pair_plus_0.5,Pi0,baseline_46.4159Hz_Re,6,7.634421029312221
P1_pair_plus_0.5,Pi0,baseline_46.4159Hz_Re,7,-1.408194302943144
P1_pair_plus_0.5,Pi0,baseline_46.4159Hz_Re,8,7.075268381329102
P1_pair_plus_0.5,Pi0,baseline_46.4159Hz_Re,9,0.9145165982715752
P1_pair_plus_0.5,Pi0,baseline_46.4159Hz_Re,10,-0.008615252977683951
P1_pair_plus_0.5,Pi0,baseline_46.4159Hz_Re,11,-0.00774499735456402
P1_pair_plus_0.5,Pi0,baseline_46.4159Hz_Re,12,0.5013143039800383
P1_pair_plus_0.5,Pi0,baseline_46.4159Hz_Re,13,0.5827283568127228
P1_pair_plus_0.5,Pi0,baseline_46.4159Hz_Im,0,1.6879260344992983
P1_pair_plus_0.5,Pi0,baseline_46.4159Hz_Im,1,0.23049731645574664
P1_pair_plus_0.5,Pi0,baseline_46.4159Hz_Im,2,0.5694377481546553
P1_pair_plus_0.5,Pi0,baseline_46.4159Hz_Im,3,0.32158077942767704
P1_pair_plus_0.5,Pi0,baseline_46.4159Hz_Im,4,1.0046627624937798
P1_pair_plus_0.5,Pi0,baseline_46.4159Hz_Im,5,2.1889121265550315
P1_pair_plus_0.5,Pi0,baseline_46.4159Hz_Im,6,7.26904032593012
P1_pair_plus_0.5,Pi0,baseline_46.4159Hz_Im,7,-1.3387228988914757
P1_pair_plus_0.5,Pi0,baseline_46.4159Hz_Im,8,6.739113766407455
P1_pair_plus_0.5,Pi0,baseline_46.4159Hz_Im,9,0.0
P1_pair_plus_0.5,Pi0,baseline_46.4159Hz_Im,10,0.06926818383323763
P1_pair_plus_0.5,Pi0,baseline_46.4159Hz_Im,11,0.06722520478064098
P1_pair_plus_0.5,Pi0,baseline_46.4159Hz_Im,12,-0.2586268029070027
P1_pair_plus_0.5,Pi0,baseline_46.4159Hz_Im,13,-0.016071237274317696
P1_pair_plus_0.5,Pi0,baseline_68.1292Hz_Re,0,1.809737868851968
P1_pair_plus_0.5,Pi0,baseline_68.1292Hz_Re,1,-1.3810819297743746
P1_pair_plus_0.5,Pi0,baseline_68.1292Hz_Re,2,-0.10735325104427317
P1_pair_plus_0.5,Pi0,baseline_68.1292Hz_Re,3,-0.038351400721836626
P1_pair_plus_0.5,Pi0,baseline_68.1292Hz_Re,4,-1.0169100823631538
P1_pair_plus_0.5,Pi0,baseline_68.1292Hz_Re,5,-0.4348345357563232
P1_pair_plus_0.5,Pi0,baseline_68.1292Hz_Re,6,7.793324517280097
P1_pair_plus_0.5,Pi0,baseline_68.1292Hz_Re,7,-1.4355982961733458
P1_pair_plus_0.5,Pi0,baseline_68.1292Hz_Re,8,7.224797624494349
P1_pair_plus_0.5,Pi0,baseline_68.1292Hz_Re,9,0.8691046406994473
P1_pair_plus_0.5,Pi0,baseline_68.1292Hz_Re,10,-0.003936391457237676
P1_pair_plus_0.5,Pi0,baseline_68.1292Hz_Re,11,-0.0035326443992289565
P1_pair_plus_0.5,Pi0,baseline_68.1292Hz_Re,12,0.4233152559152131
P1_pair_plus_0.5,Pi0,baseline_68.1292Hz_Re,13,0.5060655416055937
P1_pair_plus_0.5,Pi0,baseline_68.1292Hz_Im,0,1.4963504895160182
P1_pair_plus_0.5,Pi0,baseline_68.1292Hz_Im,1,0.5255835435091782
P1_pair_plus_0.5,Pi0,baseline_68.1292Hz_Im,2,0.6858213557059399
P1_pair_plus_0.5,Pi0,baseline_68.1292Hz_Im,3,0.29302559361177316
P1_pair_plus_0.5,Pi0,baseline_68.1292Hz_Im,4,0.996021911103817
P1_pair_plus_0.5,Pi0,baseline_68.1292Hz_Im,5,2.3153903184303104
P1_pair_plus_0.5,Pi0,baseline_68.1292Hz_Im,6,6.441145525637459
P1_pair_plus_0.5,Pi0,baseline_68.1292Hz_Im,7,-1.185711810824941
P1_pair_plus_0.5,Pi0,baseline_68.1292Hz_Im,8,5.972214841265532
P1_pair_plus_0.5,Pi0,baseline_68.1292Hz_Im,9,0.0
P1_pair_plus_0.5,Pi0,baseline_68.1292Hz_Im,10,0.0592759813677901
P1_pair_plus_0.5,Pi0,baseline_68.1292Hz_Im,11,0.05727637013563935
P1_pair_plus_0.5,Pi0,baseline_68.1292Hz_Im,12,-0.27091044212390614
P1_pair_plus_0.5,Pi0,baseline_68.1292Hz_Im,13,-0.11261131884765517
P1_pair_plus_0.5,Pi0,baseline_stress,0,1.3095674771257393
P1_pair_plus_0.5,Pi0,baseline_stress,1,-0.7722286790468046
P1_pair_plus_0.5,Pi0,baseline_stress,2,2.316958650538936
P1_pair_plus_0.5,Pi0,baseline_stress,3,-0.23551485330841612
P1_pair_plus_0.5,Pi0,baseline_stress,4,-2.6190535439063467
P1_pair_plus_0.5,Pi0,baseline_stress,5,0.0
P1_pair_plus_0.5,Pi0,baseline_stress,6,0.0
P1_pair_plus_0.5,Pi0,baseline_stress,7,-1.0369937607723756
P1_pair_plus_0.5,Pi0,baseline_stress,8,5.225383551410445
P1_pair_plus_0.5,Pi0,baseline_stress,9,3.282055029796282
P1_pair_plus_0.5,Pi0,baseline_stress,10,0.0
P1_pair_plus_0.5,Pi0,baseline_stress,11,0.0
P1_pair_plus_0.5,Pi0,baseline_stress,12,1.0133257897670944
P1_pair_plus_0.5,Pi0,baseline_stress,13,0.5777141300455924
P1_pair_plus_0.5,Pi5,baseline_0.14678Hz_Re,0,0.5227353454095862
P1_pair_plus_0.5,Pi5,baseline_0.14678Hz_Re,1,-0.30709286280572456
P1_pair_plus_0.5,Pi5,baseline_0.14678Hz_Re,2,0.9223556234339013
P1_pair_plus_0.5,Pi5,baseline_0.14678Hz_Re,3,-0.0933548898185421
P1_pair_plus_0.5,Pi5,baseline_0.14678Hz_Re,4,-1.0109523951751243
P1_pair_plus_0.5,Pi5,baseline_0.14678Hz_Re,5,0.0014613050991485463
P1_pair_plus_0.5,Pi5,baseline_0.14678Hz_Re,6,-0.004129819974885152
P1_pair_plus_0.5,Pi5,baseline_0.14678Hz_Re,7,1.7364824882459826
P1_pair_plus_0.5,Pi5,baseline_0.14678Hz_Re,8,2.05760985949599
P1_pair_plus_0.5,Pi5,baseline_0.14678Hz_Re,9,1.8471640182760038
P1_pair_plus_0.5,Pi5,baseline_0.14678Hz_Re,10,-0.0012580021246932915
P1_pair_plus_0.5,Pi5,baseline_0.14678Hz_Re,11,-0.0016740722141861395
P1_pair_plus_0.5,Pi5,baseline_0.14678Hz_Re,12,0.38976677387836384
P1_pair_plus_0.5,Pi5,baseline_0.14678Hz_Re,13,0.22986019536652688
P1_pair_plus_0.5,Pi5,baseline_0.14678Hz_Im,0,0.11082130494943775
P1_pair_plus_0.5,Pi5,baseline_0.14678Hz_Im,1,-0.13812409995483943
P1_pair_plus_0.5,Pi5,baseline_0.14678Hz_Im,2,-0.5408850383969988
P1_pair_plus_0.5,Pi5,baseline_0.14678Hz_Im,3,-0.10614225515181984
P1_pair_plus_0.5,Pi5,baseline_0.14678Hz_Im,4,1.4921315379418096
P1_pair_plus_0.5,Pi5,baseline_0.14678Hz_Im,5,-0.33449435074828227
P1_pair_plus_0.5,Pi5,baseline_0.14678Hz_Im,6,0.7652342990188686
P1_pair_plus_0.5,Pi5,baseline_0.14678Hz_Im,7,-1.6462804154238062
P1_pair_plus_0.5,Pi5,baseline_0.14678Hz_Im,8,-1.0783877140291276
P1_pair_plus_0.5,Pi5,baseline_0.14678Hz_Im,9,0.0
P1_pair_plus_0.5,Pi5,baseline_0.14678Hz_Im,10,-0.12808436946620816
P1_pair_plus_0.5,Pi5,baseline_0.14678Hz_Im,11,-0.15498155054860518
P1_pair_plus_0.5,Pi5,baseline_0.14678Hz_Im,12,-0.7125016123543658
P1_pair_plus_0.5,Pi5,baseline_0.14678Hz_Im,13,-0.015127076868903798
P1_pair_plus_0.5,Pi5,baseline_0.215443Hz_Re,0,0.5474690638163082
P1_pair_plus_0.5,Pi5,baseline_0.215443Hz_Re,1,-0.32020809155319796
P1_pair_plus_0.5,Pi5,baseline_0.215443Hz_Re,2,0.9629768371599566
P1_pair_plus_0.5,Pi5,baseline_0.215443Hz_Re,3,-0.0970346379247644
P1_pair_plus_0.5,Pi5,baseline_0.215443Hz_Re,4,-1.0182834272010055
P1_pair_plus_0.5,Pi5,baseline_0.215443Hz_Re,5,0.003248053848103893
P1_pair_plus_0.5,Pi5,baseline_0.215443Hz_Re,6,-0.009213918494843654
P1_pair_plus_0.5,Pi5,baseline_0.215443Hz_Re,7,1.7953931517711295
P1_pair_plus_0.5,Pi5,baseline_0.215443Hz_Re,8,2.1217499052594846
P1_pair_plus_0.5,Pi5,baseline_0.215443Hz_Re,9,1.9280803798871202
P1_pair_plus_0.5,Pi5,baseline_0.215443Hz_Re,10,-0.0028135479057667108
P1_pair_plus_0.5,Pi5,baseline_0.215443Hz_Re,11,-0.003742006216000959
P1_pair_plus_0.5,Pi5,baseline_0.215443Hz_Re,12,0.39090411809716835
P1_pair_plus_0.5,Pi5,baseline_0.215443Hz_Re,13,0.2398294517647059
P1_pair_plus_0.5,Pi5,baseline_0.215443Hz_Im,0,0.16890221014032036
P1_pair_plus_0.5,Pi5,baseline_0.215443Hz_Im,1,-0.21358174698837826
P1_pair_plus_0.5,Pi5,baseline_0.215443Hz_Im,2,-0.8517766676652271
P1_pair_plus_0.5,Pi5,baseline_0.215443Hz_Im,3,-0.16746045125026754
P1_pair_plus_0.5,Pi5,baseline_0.215443Hz_Im,4,2.2842931807709466
P1_pair_plus_0.5,Pi5,baseline_0.215443Hz_Im,5,-0.525450781613257
P1_pair_plus_0.5,Pi5,baseline_0.215443Hz_Im,6,1.2014310966534936
P1_pair_plus_0.5,Pi5,baseline_0.215443Hz_Im,7,-2.556938770725825
P1_pair_plus_0.5,Pi5,baseline_0.215443Hz_Im,8,-1.6601299790974797
P1_pair_plus_0.5,Pi5,baseline_0.215443Hz_Im,9,0.0
P1_pair_plus_0.5,Pi5,baseline_0.215443Hz_Im,10,-0.19885629956029047
P1_pair_plus_0.5,Pi5,baseline_0.215443Hz_Im,11,-0.24035463014326905
P1_pair_plus_0.5,Pi5,baseline_0.215443Hz_Im,12,-1.093558302034392
P1_pair_plus_0.5,Pi5,baseline_0.215443Hz_Im,13,-0.025301212125405922
P1_pair_plus_0.5,Pi5,baseline_0.316228Hz_Re,0,0.5614991582802986
P1_pair_plus_0.5,Pi5,baseline_0.316228Hz_Re,1,-0.32522419162184235
P1_pair_plus_0.5,Pi5,baseline_0.316228Hz_Re,2,0.9809734618837495
P1_pair_plus_0.5,Pi5,baseline_0.316228Hz_Re,3,-0.09808316279169559
P1_pair_plus_0.5,Pi5,baseline_0.316228Hz_Re,4,-0.9590751428367738
P1_pair_plus_0.5,Pi5,baseline_0.316228Hz_Re,5,0.0069521495449365025
P1_pair_plus_0.5,Pi5,baseline_0.316228Hz_Re,6,-0.019883765722816804
P1_pair_plus_0.5,Pi5,baseline_0.316228Hz_Re,7,1.7922275472148639
P1_pair_plus_0.5,Pi5,baseline_0.316228Hz_Re,8,2.1057644724153946
P1_pair_plus_0.5,Pi5,baseline_0.316228Hz_Re,9,1.9643645067457525
P1_pair_plus_0.5,Pi5,baseline_0.316228Hz_Re,10,-0.006103779015553811
P1_pair_plus_0.5,Pi5,baseline_0.316228Hz_Re,11,-0.008108278226615084
P1_pair_plus_0.5,Pi5,baseline_0.316228Hz_Re,12,0.36441137054588063
P1_pair_plus_0.5,Pi5,baseline_0.316228Hz_Re,13,0.24394742244027154
P1_pair_plus_0.5,Pi5,baseline_0.316228Hz_Im,0,0.27122439294480216
P1_pair_plus_0.5,Pi5,baseline_0.316228Hz_Im,1,-0.3544242830111343
P1_pair_plus_0.5,Pi5,baseline_0.316228Hz_Im,2,-1.4662754143079935
P1_pair_plus_0.5,Pi5,baseline_0.316228Hz_Im,3,-0.28940906036112324
P1_pair_plus_0.5,Pi5,baseline_0.316228Hz_Im,4,3.7033425656307624
P1_pair_plus_0.5,Pi5,baseline_0.316228Hz_Im,5,-0.9004123095235349
P1_pair_plus_0.5,Pi5,baseline_0.316228Hz_Im,6,2.0564507377529573
P1_pair_plus_0.5,Pi5,baseline_0.316228Hz_Im,7,-4.277607529301619
P1_pair_plus_0.5,Pi5,baseline_0.316228Hz_Im,8,-2.7239870034279074
P1_pair_plus_0.5,Pi5,baseline_0.316228Hz_Im,9,0.0
P1_pair_plus_0.5,Pi5,baseline_0.316228Hz_Im,10,-0.3323828693613251
P1_pair_plus_0.5,Pi5,baseline_0.316228Hz_Im,11,-0.4008107724162712
P1_pair_plus_0.5,Pi5,baseline_0.316228Hz_Im,12,-1.7829793482304621
P1_pair_plus_0.5,Pi5,baseline_0.316228Hz_Im,13,-0.04853418935635289
P1_pair_plus_0.5,Pi5,baseline_0.464159Hz_Re,0,0.5680196046409236
P1_pair_plus_0.5,Pi5,baseline_0.464159Hz_Re,1,-0.3218120580239514
P1_pair_plus_0.5,Pi5,baseline_0.464159Hz_Re,2,0.9777946543554349
P1_pair_plus_0.5,Pi5,baseline_0.464159Hz_Re,3,-0.09689655233735549
P1_pair_plus_0.5,Pi5,baseline_0.464159Hz_Re,4,-0.8019023077787678
P1_pair_plus_0.5,Pi5,baseline_0.464159Hz_Re,5,0.014180048624190532
P1_pair_plus_0.5,Pi5,baseline_0.464159Hz_Re,6,-0.04129887669623855
P1_pair_plus_0.5,Pi5,baseline_0.464159Hz_Re,7,1.7151351531685675
P1_pair_plus_0.5,Pi5,baseline_0.464159Hz_Re,8,1.9896673252972616
P1_pair_plus_0.5,Pi5,baseline_0.464159Hz_Re,9,1.9636497508024318
P1_pair_plus_0.5,Pi5,baseline_0.464159Hz_Re,10,-0.012823491535307594
P1_pair_plus_0.5,Pi5,baseline_0.464159Hz_Re,11,-0.016991270257449287
P1_pair_plus_0.5,Pi5,baseline_0.464159Hz_Re,12,0.2963175197212564
P1_pair_plus_0.5,Pi5,baseline_0.464159Hz_Re,13,0.2422700307480596
P1_pair_plus_0.5,Pi5,baseline_0.464159Hz_Im,0,0.3266731553042135
P1_pair_plus_0.5,Pi5,baseline_0.464159Hz_Im,1,-0.46171624018542795
P1_pair_plus_0.5,Pi5,baseline_0.464159Hz_Im,2,-2.0434953088344088
P1_pair_plus_0.5,Pi5,baseline_0.464159Hz_Im,3,-0.4066965263227473
P1_pair_plus_0.5,Pi5,baseline_0.464159Hz_Im,4,4.552002934177235
P1_pair_plus_0.5,Pi5,baseline_0.464159Hz_Im,5,-1.2465851621290547
P1_pair_plus_0.5,Pi5,baseline_0.464159Hz_Im,6,2.840850990126764
P1_pair_plus_0.5,Pi5,baseline_0.464159Hz_Im,7,-5.6341574626972415
P1_pair_plus_0.5,Pi5,baseline_0.464159Hz_Im,8,-3.4363140489879203
P1_pair_plus_0.5,Pi5,baseline_0.464159Hz_Im,9,0.0
P1_pair_plus_0.5,Pi5,baseline_0.464159Hz_Im,10,-0.4369265281578549
P1_pair_plus_0.5,Pi5,baseline_0.464159Hz_Im,11,-0.5242471111888136
P1_pair_plus_0.5,Pi5,baseline_0.464159Hz_Im,12,-2.2202396096293597
P1_pair_plus_0.5,Pi5,baseline_0.464159Hz_Im,13,-0.0797616753756003
P1_pair_plus_0.5,Pi5,baseline_0.681292Hz_Re,0,0.6117546473838331
P1_pair_plus_0.5,Pi5,baseline_0.681292Hz_Re,1,-0.32921389929718714
P1_pair_plus_0.5,Pi5,baseline_0.681292Hz_Re,2,1.0194098026161669
P1_pair_plus_0.5,Pi5,baseline_0.681292Hz_Re,3,-0.10224954594129086
P1_pair_plus_0.5,Pi5,baseline_0.681292Hz_Re,4,-0.5433997930515133
P1_pair_plus_0.5,Pi5,baseline_0.681292Hz_Re,5,0.028769040905096684
P1_pair_plus_0.5,Pi5,baseline_0.681292Hz_Re,6,-0.08734568428536703
P1_pair_plus_0.5,Pi5,baseline_0.681292Hz_Re,7,1.6572248169977042
P1_pair_plus_0.5,Pi5,baseline_0.681292Hz_Re,8,1.8681282075716508
P1_pair_plus_0.5,Pi5,baseline_0.681292Hz_Re,9,2.08098172120863
P1_pair_plus_0.5,Pi5,baseline_0.681292Hz_Re,10,-0.02780828620707609
P1_pair_plus_0.5,Pi5,baseline_0.681292Hz_Re,11,-0.03664803327474431
P1_pair_plus_0.5,Pi5,baseline_0.681292Hz_Re,12,0.18021432373060972
P1_pair_plus_0.5,Pi5,baseline_0.681292Hz_Re,13,0.2502138607862747
P1_pair_plus_0.5,Pi5,baseline_0.681292Hz_Im,0,0.316353977458661
P1_pair_plus_0.5,Pi5,baseline_0.681292Hz_Im,1,-0.5474886853096272
P1_pair_plus_0.5,Pi5,baseline_0.681292Hz_Im,2,-2.673412041542811
P1_pair_plus_0.5,Pi5,baseline_0.681292Hz_Im,3,-0.5412608014454534
P1_pair_plus_0.5,Pi5,baseline_0.681292Hz_Im,4,4.594119384937478
P1_pair_plus_0.5,Pi5,baseline_0.681292Hz_Im,5,-1.6261880818713157
P1_pair_plus_0.5,Pi5,baseline_0.681292Hz_Im,6,3.692013692635498
P1_pair_plus_0.5,Pi5,baseline_0.681292Hz_Im,7,-6.652981446308991
P1_pair_plus_0.5,Pi5,baseline_0.681292Hz_Im,8,-3.671041076247494
P1_pair_plus_0.5,Pi5,baseline_0.681292Hz_Im,9,0.0
P1_pair_plus_0.5,Pi5,baseline_0.681292Hz_Im,10,-0.5135454853255617
P1_pair_plus_0.5,Pi5,baseline_0.681292Hz_Im,11,-0.6096209770767302
P1_pair_plus_0.5,Pi5,baseline_0.681292Hz_Im,12,-2.314365239719507
P1_pair_plus_0.5,Pi5,baseline_0.681292Hz_Im,13,-0.12561628093266108
P1_pair_plus_0.5,Pi5,baseline_1Hz_Re,0,0.63620481136617
P1_pair_plus_0.5,Pi5,baseline_1Hz_Re,1,-0.3030809901050091
P1_pair_plus_0.5,Pi5,baseline_1Hz_Re,2,0.9862176613140149
P1_pair_plus_0.5,Pi5,baseline_1Hz_Re,3,-0.11252902973879485
P1_pair_plus_0.5,Pi5,baseline_1Hz_Re,4,-0.06937333869583284
P1_pair_plus_0.5,Pi5,baseline_1Hz_Re,5,0.04943437910132075
P1_pair_plus_0.5,Pi5,baseline_1Hz_Re,6,-0.16642479288009326
P1_pair_plus_0.5,Pi5,baseline_1Hz_Re,7,1.4163496562913378
P1_pair_plus_0.5,Pi5,baseline_1Hz_Re,8,1.4914407561628094
P1_pair_plus_0.5,Pi5,baseline_1Hz_Re,9,2.1572375766609753
P1_pair_plus_0.5,Pi5,baseline_1Hz_Re,10,-0.05602250463532243
P1_pair_plus_0.5,Pi5,baseline_1Hz_Re,11,-0.07301409095106237
P1_pair_plus_0.5,Pi5,baseline_1Hz_Re,12,-0.03294995649660848
P1_pair_plus_0.5,Pi5,baseline_1Hz_Re,13,0.23627015273142146
P1_pair_plus_0.5,Pi5,baseline_1Hz_Im,0,0.29531933556370404
P1_pair_plus_0.5,Pi5,baseline_1Hz_Im,1,-0.8935592463954477
P1_pair_plus_0.5,Pi5,baseline_1Hz_Im,2,-4.595088428138716
P1_pair_plus_0.5,Pi5,baseline_1Hz_Im,3,-0.9630791061310261
P1_pair_plus_0.5,Pi5,baseline_1Hz_Im,4,4.539430954619839
P1_pair_plus_0.5,Pi5,baseline_1Hz_Im,5,-2.8680580406170715
P1_pair_plus_0.5,Pi5,baseline_1Hz_Im,6,6.4796463456362465
P1_pair_plus_0.5,Pi5,baseline_1Hz_Im,7,-9.747704031348725
P1_pair_plus_0.5,Pi5,baseline_1Hz_Im,8,-4.1523618295569165
P1_pair_plus_0.5,Pi5,baseline_1Hz_Im,9,0.0
P1_pair_plus_0.5,Pi5,baseline_1Hz_Im,10,-0.743646827738864
P1_pair_plus_0.5,Pi5,baseline_1Hz_Im,11,-0.8629416343941542
P1_pair_plus_0.5,Pi5,baseline_1Hz_Im,12,-2.527735705770695
P1_pair_plus_0.5,Pi5,baseline_1Hz_Im,13,-0.23376181863543619
P1_pair_plus_0.5,Pi5,baseline_1.4678Hz_Re,0,0.6149153700452104
P1_pair_plus_0.5,Pi5,baseline_1.4678Hz_Re,1,-0.22047087682164343
P1_pair_plus_0.5,Pi5,baseline_1.4678Hz_Re,2,0.8060604747228693
P1_pair_plus_0.5,Pi5,baseline_1.4678Hz_Re,3,-0.14945489361650743
P1_pair_plus_0.5,Pi5,baseline_1.4678Hz_Re,4,0.48681641062753295
P1_pair_plus_0.5,Pi5,baseline_1.4678Hz_Re,5,0.05797669770934987
P1_pair_plus_0.5,Pi5,baseline_1.4678Hz_Re,6,-0.26988715493558857
P1_pair_plus_0.5,Pi5,baseline_1.4678Hz_Re,7,0.988508825683354
P1_pair_plus_0.5,Pi5,baseline_1.4678Hz_Re,8,0.8647636501324384
P1_pair_plus_0.5,Pi5,baseline_1.4678Hz_Re,9,2.2432777619485478
P1_pair_plus_0.5,Pi5,baseline_1.4678Hz_Re,10,-0.10347602297233748
P1_pair_plus_0.5,Pi5,baseline_1.4678Hz_Re,11,-0.13193927270727102
P1_pair_plus_0.5,Pi5,baseline_1.4678Hz_Re,12,-0.2970502245069895
P1_pair_plus_0.5,Pi5,baseline_1.4678Hz_Re,13,0.18286335374817494
P1_pair_plus_0.5,Pi5,baseline_1.4678Hz_Im,0,0.10957635177000212
P1_pair_plus_0.5,Pi5,baseline_1.4678Hz_Im,1,-1.2057200088066988
P1_pair_plus_0.5,Pi5,baseline_1.4678Hz_Im,2,-4.99743337410985
P1_pair_plus_0.5,Pi5,baseline_1.4678Hz_Im,3,-1.1209118437216503
P1_pair_plus_0.5,Pi5,baseline_1.4678Hz_Im,4,0.6585226073496653
P1_pair_plus_0.5,Pi5,baseline_1.4678Hz_Im,5,-3.4946495362342396
P1_pair_plus_0.5,Pi5,baseline_1.4678Hz_Im,6,7.877726685612262
P1_pair_plus_0.5,Pi5,baseline_1.4678Hz_Im,7,-8.734938782195556
P1_pair_plus_0.5,Pi5,baseline_1.4678Hz_Im,8,-1.347589589650866
P1_pair_plus_0.5,Pi5,baseline_1.4678Hz_Im,9,0.0
P1_pair_plus_0.5,Pi5,baseline_1.4678Hz_Im,10,-0.6448789661217535
P1_pair_plus_0.5,Pi5,baseline_1.4678Hz_Im,11,-0.7133929702973772
P1_pair_plus_0.5,Pi5,baseline_1.4678Hz_Im,12,-0.918668461036276
P1_pair_plus_0.5,Pi5,baseline_1.4678Hz_Im,13,-0.16625926289037807
P1_pair_plus_0.5,Pi5,baseline_2.15443Hz_Re,0,0.4574516323518906
P1_pair_plus_0.5,Pi5,baseline_2.15443Hz_Re,1,-0.09407537204797477
P1_pair_plus_0.5,Pi5,baseline_2.15443Hz_Re,2,0.36433462624607665
P1_pair_plus_0.5,Pi5,baseline_2.15443Hz_Re,3,-0.23280761043409368
P1_pair_plus_0.5,Pi5,baseline_2.15443Hz_Re,4,0.695255255678262
P1_pair_plus_0.5,Pi5,baseline_2.15443Hz_Re,5,-0.01778948981456807
P1_pair_plus_0.5,Pi5,baseline_2.15443Hz_Re,6,-0.2949213412595242
P1_pair_plus_0.5,Pi5,baseline_2.15443Hz_Re,7,0.41026067674199135
P1_pair_plus_0.5,Pi5,baseline_2.15443Hz_Re,8,0.14931959118058558
P1_pair_plus_0.5,Pi5,baseline_2.15443Hz_Re,9,2.2317650675507394
P1_pair_plus_0.5,Pi5,baseline_2.15443Hz_Re,10,-0.16003750220594526
P1_pair_plus_0.5,Pi5,baseline_2.15443Hz_Re,11,-0.19617799349447293
P1_pair_plus_0.5,Pi5,baseline_2.15443Hz_Re,12,-0.4351309771166711
P1_pair_plus_0.5,Pi5,baseline_2.15443Hz_Re,13,0.08055560667408201
P1_pair_plus_0.5,Pi5,baseline_2.15443Hz_Im,0,0.16459832985482592
P1_pair_plus_0.5,Pi5,baseline_2.15443Hz_Im,1,-1.4214840121873349
P1_pair_plus_0.5,Pi5,baseline_2.15443Hz_Im,2,-3.2738061804704617
P1_pair_plus_0.5,Pi5,baseline_2.15443Hz_Im,3,-0.8330275550583187
P1_pair_plus_0.5,Pi5,baseline_2.15443Hz_Im,4,-2.5380876455760593
P1_pair_plus_0.5,Pi5,baseline_2.15443Hz_Im,5,-3.0336420736187804
P1_pair_plus_0.5,Pi5,baseline_2.15443Hz_Im,6,6.909859743220447
P1_pair_plus_0.5,Pi5,baseline_2.15443Hz_Im,7,-4.932747174857255
P1_pair_plus_0.5,Pi5,baseline_2.15443Hz_Im,8,2.0590948605181403
P1_pair_plus_0.5,Pi5,baseline_2.15443Hz_Im,9,0.0
P1_pair_plus_0.5,Pi5,baseline_2.15443Hz_Im,10,-0.3291322890619508
P1_pair_plus_0.5,Pi5,baseline_2.15443Hz_Im,11,-0.32891099133181
P1_pair_plus_0.5,Pi5,baseline_2.15443Hz_Im,12,0.6417671929770385
P1_pair_plus_0.5,Pi5,baseline_2.15443Hz_Im,13,0.12861559148813484
P1_pair_plus_0.5,Pi5,baseline_3.16228Hz_Re,0,0.2106213508046295
P1_pair_plus_0.5,Pi5,baseline_3.16228Hz_Re,1,-0.09043476402181837
P1_pair_plus_0.5,Pi5,baseline_3.16228Hz_Re,2,-0.14080133445837362
P1_pair_plus_0.5,Pi5,baseline_3.16228Hz_Re,3,-0.3365873536775865
P1_pair_plus_0.5,Pi5,baseline_3.16228Hz_Re,4,0.20985845112786447
P1_pair_plus_0.5,Pi5,baseline_3.16228Hz_Re,5,-0.2829767275058792
P1_pair_plus_0.5,Pi5,baseline_3.16228Hz_Re,6,-0.04484826634509886
P1_pair_plus_0.5,Pi5,baseline_3.16228Hz_Re,7,-0.06462810185903223
P1_pair_plus_0.5,Pi5,baseline_3.16228Hz_Re,8,-0.12814418549611517
P1_pair_plus_0.5,Pi5,baseline_3.16228Hz_Re,9,2.016754468847637
P1_pair_plus_0.5,Pi5,baseline_3.16228Hz_Re,10,-0.19150363845810145
P1_pair_plus_0.5,Pi5,baseline_3.16228Hz_Re,11,-0.22093852618532137
P1_pair_plus_0.5,Pi5,baseline_3.16228Hz_Re,12,-0.2811566904625806
P1_pair_plus_0.5,Pi5,baseline_3.16228Hz_Re,13,0.01654925609884117
P1_pair_plus_0.5,Pi5,baseline_3.16228Hz_Im,0,0.5603412525090334
P1_pair_plus_0.5,Pi5,baseline_3.16228Hz_Im,1,-1.7790664342709481
P1_pair_plus_0.5,Pi5,baseline_3.16228Hz_Im,2,-1.8795591560927247
P1_pair_plus_0.5,Pi5,baseline_3.16228Hz_Im,3,-0.5880778854994162
P1_pair_plus_0.5,Pi5,baseline_3.16228Hz_Im,4,-3.620772560297691
P1_pair_plus_0.5,Pi5,baseline_3.16228Hz_Im,5,-2.8457512108892575
P1_pair_plus_0.5,Pi5,baseline_3.16228Hz_Im,6,6.74875782826767
P1_pair_plus_0.5,Pi5,baseline_3.16228Hz_Im,7,-2.886217784892064
P1_pair_plus_0.5,Pi5,baseline_3.16228Hz_Im,8,4.305070748700235
P1_pair_plus_0.5,Pi5,baseline_3.16228Hz_Im,9,0.0
P1_pair_plus_0.5,Pi5,baseline_3.16228Hz_Im,10,-0.13791704103205404
P1_pair_plus_0.5,Pi5,baseline_3.16228Hz_Im,11,-0.10655142663740234
P1_pair_plus_0.5,Pi5,baseline_3.16228Hz_Im,12,1.2532292440470272
P1_pair_plus_0.5,Pi5,baseline_3.16228Hz_Im,13,0.43597911172366105
P1_pair_plus_0.5,Pi5,baseline_4.64159Hz_Re,0,0.1327270650053336
P1_pair_plus_0.5,Pi5,baseline_4.64159Hz_Re,1,-0.33678909479029073
P1_pair_plus_0.5,Pi5,baseline_4.64159Hz_Re,2,-0.3914710070551663
P1_pair_plus_0.5,Pi5,baseline_4.64159Hz_Re,3,-0.4350606213732177
P1_pair_plus_0.5,Pi5,baseline_4.64159Hz_Re,4,-0.7206245658419873
P1_pair_plus_0.5,Pi5,baseline_4.64159Hz_Re,5,-0.8074086272125135
P1_pair_plus_0.5,Pi5,baseline_4.64159Hz_Re,6,0.6160719119074898
P1_pair_plus_0.5,Pi5,baseline_4.64159Hz_Re,7,-0.3107157768300617
P1_pair_plus_0.5,Pi5,baseline_4.64159Hz_Re,8,0.3368880323595391
P1_pair_plus_0.5,Pi5,baseline_4.64159Hz_Re,9,1.8109972166113761
P1_pair_plus_0.5,Pi5,baseline_4.64159Hz_Re,10,-0.19377398954301125
P1_pair_plus_0.5,Pi5,baseline_4.64159Hz_Re,11,-0.20756865823923218
P1_pair_plus_0.5,Pi5,baseline_4.64159Hz_Re,12,0.07052394594975198
P1_pair_plus_0.5,Pi5,baseline_4.64159Hz_Re,13,0.07811175268823689
P1_pair_plus_0.5,Pi5,baseline_4.64159Hz_Im,0,1.0367706206437788
P1_pair_plus_0.5,Pi5,baseline_4.64159Hz_Im,1,-1.9439688288880317
P1_pair_plus_0.5,Pi5,baseline_4.64159Hz_Im,2,-0.8993429662318418
P1_pair_plus_0.5,Pi5,baseline_4.64159Hz_Im,3,-0.3573362068021168
P1_pair_plus_0.5,Pi5,baseline_4.64159Hz_Im,4,-3.465722270568072
P1_pair_plus_0.5,Pi5,baseline_4.64159Hz_Im,5,-2.5661914415220366
P1_pair_plus_0.5,Pi5,baseline_4.64159Hz_Im,6,6.720518215486137
P1_pair_plus_0.5,Pi5,baseline_4.64159Hz_Im,7,-1.852040256022924
P1_pair_plus_0.5,Pi5,baseline_4.64159Hz_Im,8,5.5009590660182175
P1_pair_plus_0.5,Pi5,baseline_4.64159Hz_Im,9,0.0
P1_pair_plus_0.5,Pi5,baseline_4.64159Hz_Im,10,-0.020967398373095136
P1_pair_plus_0.5,Pi5,baseline_4.64159Hz_Im,11,0.01250935541818876
P1_pair_plus_0.5,Pi5,baseline_4.64159Hz_Im,12,1.3152010695183236
P1_pair_plus_0.5,Pi5,baseline_4.64159Hz_Im,13,0.6195410932274825
P1_pair_plus_0.5,Pi5,baseline_6.81292Hz_Re,0,0.2898611827450992
P1_pair_plus_0.5,Pi5,baseline_6.81292Hz_Re,1,-0.691657673479451
P1_pair_plus_0.5,Pi5,baseline_6.81292Hz_Re,2,-0.3614261796736073
P1_pair_plus_0.5,Pi5,baseline_6.81292Hz_Re,3,-0.4333231593989239
P1_pair_plus_0.5,Pi5,baseline_6.81292Hz_Re,4,-1.5741575529193417
P1_pair_plus_0.5,Pi5,baseline_6.81292Hz_Re,5,-1.346236516230892
P1_pair_plus_0.5,Pi5,baseline_6.81292Hz_Re,6,1.5559291339894974
P1_pair_plus_0.5,Pi5,baseline_6.81292Hz_Re,7,-0.42195804127453934
P1_pair_plus_0.5,Pi5,baseline_6.81292Hz_Re,8,1.2816833459661225
P1_pair_plus_0.5,Pi5,baseline_6.81292Hz_Re,9,1.4156119417574329
P1_pair_plus_0.5,Pi5,baseline_6.81292Hz_Re,10,-0.14619503579949011
P1_pair_plus_0.5,Pi5,baseline_6.81292Hz_Re,11,-0.14614992851491593
P1_pair_plus_0.5,Pi5,baseline_6.81292Hz_Re,12,0.4449135476480847
P1_pair_plus_0.5,Pi5,baseline_6.81292Hz_Re,13,0.21529148128696105
P1_pair_plus_0.5,Pi5,baseline_6.81292Hz_Im,0,1.4137018404358768
P1_pair_plus_0.5,Pi5,baseline_6.81292Hz_Im,1,-2.0059696197671784
P1_pair_plus_0.5,Pi5,baseline_6.81292Hz_Im,2,-0.4527719458469192
P1_pair_plus_0.5,Pi5,baseline_6.81292Hz_Im,3,-0.16782042697727206
P1_pair_plus_0.5,Pi5,baseline_6.81292Hz_Im,4,-2.855435096105196
P1_pair_plus_0.5,Pi5,baseline_6.81292Hz_Im,5,-2.172266093136699
P1_pair_plus_0.5,Pi5,baseline_6.81292Hz_Im,6,7.0289085875918635
P1_pair_plus_0.5,Pi5,baseline_6.81292Hz_Im,7,-1.502786122853372
P1_pair_plus_0.5,Pi5,baseline_6.81292Hz_Im,8,6.2691141150761345
P1_pair_plus_0.5,Pi5,baseline_6.81292Hz_Im,9,0.0
P1_pair_plus_0.5,Pi5,baseline_6.81292Hz_Im,10,0.04321230813175702
P1_pair_plus_0.5,Pi5,baseline_6.81292Hz_Im,11,0.06626482362825925
P1_pair_plus_0.5,Pi5,baseline_6.81292Hz_Im,12,1.1548196850785786
P1_pair_plus_0.5,Pi5,baseline_6.81292Hz_Im,13,0.6982324463056243
P1_pair_plus_0.5,Pi5,baseline_10Hz_Re,0,0.5720529422159615
P1_pair_plus_0.5,Pi5,baseline_10Hz_Re,1,-1.0872616138746238
P1_pair_plus_0.5,Pi5,baseline_10Hz_Re,2,-0.3161005603047329
P1_pair_plus_0.5,Pi5,baseline_10Hz_Re,3,-0.3865251249735024
P1_pair_plus_0.5,Pi5,baseline_10Hz_Re,4,-2.0713115258752524
P1_pair_plus_0.5,Pi5,baseline_10Hz_Re,5,-1.7497750886219519
P1_pair_plus_0.5,Pi5,baseline_10Hz_Re,6,2.6816431414999897
P1_pair_plus_0.5,Pi5,baseline_10Hz_Re,7,-0.5620850805021504
P1_pair_plus_0.5,Pi5,baseline_10Hz_Re,8,2.4051330311802843
P1_pair_plus_0.5,Pi5,baseline_10Hz_Re,9,1.1416786804829826
P1_pair_plus_0.5,Pi5,baseline_10Hz_Re,10,-0.09698507086319806
P1_pair_plus_0.5,Pi5,baseline_10Hz_Re,11,-0.09225231401011057
P1_pair_plus_0.5,Pi5,baseline_10Hz_Re,12,0.6887405512134847
P1_pair_plus_0.5,Pi5,baseline_10Hz_Re,13,0.3696850083834135
P1_pair_plus_0.5,Pi5,baseline_10Hz_Im,0,1.8164396292874583
P1_pair_plus_0.5,Pi5,baseline_10Hz_Im,1,-2.1506487389411078
P1_pair_plus_0.5,Pi5,baseline_10Hz_Im,2,-0.3442431496303299
P1_pair_plus_0.5,Pi5,baseline_10Hz_Im,3,0.010632449143344045
P1_pair_plus_0.5,Pi5,baseline_10Hz_Im,4,-2.0510853481869873
P1_pair_plus_0.5,Pi5,baseline_10Hz_Im,5,-1.6339481965443878
P1_pair_plus_0.5,Pi5,baseline_10Hz_Im,6,8.19248983914278
P1_pair_plus_0.5,Pi5,baseline_10Hz_Im,7,-1.5824244149253983
P1_pair_plus_0.5,Pi5,baseline_10Hz_Im,8,7.507792824834602
P1_pair_plus_0.5,Pi5,baseline_10Hz_Im,9,0.0
P1_pair_plus_0.5,Pi5,baseline_10Hz_Im,10,0.0833631554675307
P1_pair_plus_0.5,Pi5,baseline_10Hz_Im,11,0.09613057114776778
P1_pair_plus_0.5,Pi5,baseline_10Hz_Im,12,0.9033144058534502
P1_pair_plus_0.5,Pi5,baseline_10Hz_Im,13,0.766098771354251
P1_pair_plus_0.5,Pi5,baseline_14.678Hz_Re,0,0.9052399927433895
P1_pair_plus_0.5,Pi5,baseline_14.678Hz_Re,1,-1.4964148176366263
P1_pair_plus_0.5,Pi5,baseline_14.678Hz_Re,2,-0.3550639218197204
P1_pair_plus_0.5,Pi5,baseline_14.678Hz_Re,3,-0.31009123464542654
P1_pair_plus_0.5,Pi5,baseline_14.678Hz_Re,4,-2.1440898096969363
P1_pair_plus_0.5,Pi5,baseline_14.678Hz_Re,5,-1.9116111867001349
P1_pair_plus_0.5,Pi5,baseline_14.678Hz_Re,6,4.012860100455207
P1_pair_plus_0.5,Pi5,baseline_14.678Hz_Re,7,-0.7706959657349798
P1_pair_plus_0.5,Pi5,baseline_14.678Hz_Re,8,3.682718143127594
P1_pair_plus_0.5,Pi5,baseline_14.678Hz_Re,9,1.0009710250002968
P1_pair_plus_0.5,Pi5,baseline_14.678Hz_Re,10,-0.059179498390626854
P1_pair_plus_0.5,Pi5,baseline_14.678Hz_Re,11,-0.054653789316461136
P1_pair_plus_0.5,Pi5,baseline_14.678Hz_Re,12,0.7635793221716368
P1_pair_plus_0.5,Pi5,baseline_14.678Hz_Re,13,0.5187219571212154
P1_pair_plus_0.5,Pi5,baseline_14.678Hz_Im,0,2.0216811737139295
P1_pair_plus_0.5,Pi5,baseline_14.678Hz_Im,1,-1.8978932823099368
P1_pair_plus_0.5,Pi5,baseline_14.678Hz_Im,2,-0.2682405154441625
P1_pair_plus_0.5,Pi5,baseline_14.678Hz_Im,3,0.18986652290386982
P1_pair_plus_0.5,Pi5,baseline_14.678Hz_Im,4,-0.7886361735209845
P1_pair_plus_0.5,Pi5,baseline_14.678Hz_Im,5,-0.5633100711222028
P1_pair_plus_0.5,Pi5,baseline_14.678Hz_Im,6,8.832525057145268
P1_pair_plus_0.5,Pi5,baseline_14.678Hz_Im,7,-1.6507060145443118
P1_pair_plus_0.5,Pi5,baseline_14.678Hz_Im,8,8.160066769069552
P1_pair_plus_0.5,Pi5,baseline_14.678Hz_Im,9,0.0
P1_pair_plus_0.5,Pi5,baseline_14.678Hz_Im,10,0.09878904581039903
P1_pair_plus_0.5,Pi5,baseline_14.678Hz_Im,11,0.10319694774274522
P1_pair_plus_0.5,Pi5,baseline_14.678Hz_Im,12,0.45183278545302125
P1_pair_plus_0.5,Pi5,baseline_14.678Hz_Im,13,0.6804703987839388
P1_pair_plus_0.5,Pi5,baseline_21.5443Hz_Re,0,1.302387563262286
P1_pair_plus_0.5,Pi5,baseline_21.5443Hz_Re,1,-1.8470808224479993
P1_pair_plus_0.5,Pi5,baseline_21.5443Hz_Re,2,-0.4249018992208419
P1_pair_plus_0.5,Pi5,baseline_21.5443Hz_Re,3,-0.2256233547104358
P1_pair_plus_0.5,Pi5,baseline_21.5443Hz_Re,4,-1.9603428516479224
P1_pair_plus_0.5,Pi5,baseline_21.5443Hz_Re,5,-1.825653258324955
P1_pair_plus_0.5,Pi5,baseline_21.5443Hz_Re,6,5.664491473211796
P1_pair_plus_0.5,Pi5,baseline_21.5443Hz_Re,7,-1.0580720703590174
P1_pair_plus_0.5,Pi5,baseline_21.5443Hz_Re,8,5.233896486256384
P1_pair_plus_0.5,Pi5,baseline_21.5443Hz_Re,9,0.9800742107213266
P1_pair_plus_0.5,Pi5,baseline_21.5443Hz_Re,10,-0.03463763031952283
P1_pair_plus_0.5,Pi5,baseline_21.5443Hz_Re,11,-0.031494711860702296
P1_pair_plus_0.5,Pi5,baseline_21.5443Hz_Re,12,0.7307097091846514
P1_pair_plus_0.5,Pi5,baseline_21.5443Hz_Re,13,0.6419353788533755
P1_pair_plus_0.5,Pi5,baseline_21.5443Hz_Im,0,1.9119400166633935
P1_pair_plus_0.5,Pi5,baseline_21.5443Hz_Im,1,-1.1313455753558799
P1_pair_plus_0.5,Pi5,baseline_21.5443Hz_Im,2,-0.034184355923727594
P1_pair_plus_0.5,Pi5,baseline_21.5443Hz_Im,3,0.2860786671554649
P1_pair_plus_0.5,Pi5,baseline_21.5443Hz_Im,4,0.2679856950571491
P1_pair_plus_0.5,Pi5,baseline_21.5443Hz_Im,5,0.6501386526025499
P1_pair_plus_0.5,Pi5,baseline_21.5443Hz_Im,6,8.270047602176867
P1_pair_plus_0.5,Pi5,baseline_21.5443Hz_Im,7,-1.529900210472945
P1_pair_plus_0.5,Pi5,baseline_21.5443Hz_Im,8,7.659041145435807
P1_pair_plus_0.5,Pi5,baseline_21.5443Hz_Im,9,0.0
P1_pair_plus_0.5,Pi5,baseline_21.5443Hz_Im,10,0.08926364742922742
P1_pair_plus_0.5,Pi5,baseline_21.5443Hz_Im,11,0.0892424397935798
P1_pair_plus_0.5,Pi5,baseline_21.5443Hz_Im,12,0.04369305903750841
P1_pair_plus_0.5,Pi5,baseline_21.5443Hz_Im,13,0.4212212890930544
P1_pair_plus_0.5,Pi5,baseline_31.6228Hz_Re,0,1.602707200420994
P1_pair_plus_0.5,Pi5,baseline_31.6228Hz_Re,1,-1.8464389131223056
P1_pair_plus_0.5,Pi5,baseline_31.6228Hz_Re,2,-0.37619447548209445
P1_pair_plus_0.5,Pi5,baseline_31.6228Hz_Re,3,-0.13681705763879393
P1_pair_plus_0.5,Pi5,baseline_31.6228Hz_Re,4,-1.5723993713079307
P1_pair_plus_0.5,Pi5,baseline_31.6228Hz_Re,5,-1.366673562630538
P1_pair_plus_0.5,Pi5,baseline_31.6228Hz_Re,6,6.925145768454931
P1_pair_plus_0.5,Pi5,baseline_31.6228Hz_Re,7,-1.2816511546720477
P1_pair_plus_0.5,Pi5,baseline_31.6228Hz_Re,8,6.412852016901559
P1_pair_plus_0.5,Pi5,baseline_31.6228Hz_Re,9,0.9493138773297715
P1_pair_plus_0.5,Pi5,baseline_31.6228Hz_Re,10,-0.017926596362904945
P1_pair_plus_0.5,Pi5,baseline_31.6228Hz_Re,11,-0.016175133987772483
P1_pair_plus_0.5,Pi5,baseline_31.6228Hz_Re,12,0.6109457336922475
P1_pair_plus_0.5,Pi5,baseline_31.6228Hz_Re,13,0.6477337235466507
P1_pair_plus_0.5,Pi5,baseline_31.6228Hz_Im,0,1.8253253841304937
P1_pair_plus_0.5,Pi5,baseline_31.6228Hz_Im,1,-0.3554406232675333
P1_pair_plus_0.5,Pi5,baseline_31.6228Hz_Im,2,0.2970655147205292
P1_pair_plus_0.5,Pi5,baseline_31.6228Hz_Im,3,0.3249131367510927
P1_pair_plus_0.5,Pi5,baseline_31.6228Hz_Im,4,0.811231509634247
P1_pair_plus_0.5,Pi5,baseline_31.6228Hz_Im,5,1.62443549738267
P1_pair_plus_0.5,Pi5,baseline_31.6228Hz_Im,6,7.869783853409195
P1_pair_plus_0.5,Pi5,baseline_31.6228Hz_Im,7,-1.4510547558632678
P1_pair_plus_0.5,Pi5,baseline_31.6228Hz_Im,8,7.294049771089383
P1_pair_plus_0.5,Pi5,baseline_31.6228Hz_Im,9,0.0
P1_pair_plus_0.5,Pi5,baseline_31.6228Hz_Im,10,0.07934191741387764
P1_pair_plus_0.5,Pi5,baseline_31.6228Hz_Im,11,0.07773078323225491
P1_pair_plus_0.5,Pi5,baseline_31.6228Hz_Im,12,-0.17212704612745708
P1_pair_plus_0.5,Pi5,baseline_31.6228Hz_Im,13,0.17050542382435194
P1_pair_plus_0.5,Pi5,baseline_46.4159Hz_Re,0,1.7711288895938535
P1_pair_plus_0.5,Pi5,baseline_46.4159Hz_Re,1,-1.6279527104368083
P1_pair_plus_0.5,Pi5,baseline_46.4159Hz_Re,2,-0.23781020752622337
P1_pair_plus_0.5,Pi5,baseline_46.4159Hz_Re,3,-0.07424061863048337
P1_pair_plus_0.5,Pi5,baseline_46.4159Hz_Re,4,-1.2413448405412808
P1_pair_plus_0.5,Pi5,baseline_46.4159Hz_Re,5,-0.8329817479557632
P1_pair_plus_0.5,Pi5,baseline_46.4159Hz_Re,6,7.634421029312221
P1_pair_plus_0.5,Pi5,baseline_46.4159Hz_Re,7,-1.408194302943144
P1_pair_plus_0.5,Pi5,baseline_46.4159Hz_Re,8,7.075268381329102
P1_pair_plus_0.5,Pi5,baseline_46.4159Hz_Re,9,0.9145165982715752
P1_pair_plus_0.5,Pi5,baseline_46.4159Hz_Re,10,-0.008615252977683951
P1_pair_plus_0.5,Pi5,baseline_46.4159Hz_Re,11,-0.00774499735456402
P1_pair_plus_0.5,Pi5,baseline_46.4159Hz_Re,12,0.5013143039800383
P1_pair_plus_0.5,Pi5,baseline_46.4159Hz_Re,13,0.5827283568127228
P1_pair_plus_0.5,Pi5,baseline_46.4159Hz_Im,0,1.6879260344992983
P1_pair_plus_0.5,Pi5,baseline_46.4159Hz_Im,1,0.23049731645574664
P1_pair_plus_0.5,Pi5,baseline_46.4159Hz_Im,2,0.5694377481546553
P1_pair_plus_0.5,Pi5,baseline_46.4159Hz_Im,3,0.32158077942767704
P1_pair_plus_0.5,Pi5,baseline_46.4159Hz_Im,4,1.0046627624937798
P1_pair_plus_0.5,Pi5,baseline_46.4159Hz_Im,5,2.1889121265550315
P1_pair_plus_0.5,Pi5,baseline_46.4159Hz_Im,6,7.26904032593012
P1_pair_plus_0.5,Pi5,baseline_46.4159Hz_Im,7,-1.3387228988914757
P1_pair_plus_0.5,Pi5,baseline_46.4159Hz_Im,8,6.739113766407455
P1_pair_plus_0.5,Pi5,baseline_46.4159Hz_Im,9,0.0
P1_pair_plus_0.5,Pi5,baseline_46.4159Hz_Im,10,0.06926818383323763
P1_pair_plus_0.5,Pi5,baseline_46.4159Hz_Im,11,0.06722520478064098
P1_pair_plus_0.5,Pi5,baseline_46.4159Hz_Im,12,-0.2586268029070027
P1_pair_plus_0.5,Pi5,baseline_46.4159Hz_Im,13,-0.016071237274317696
P1_pair_plus_0.5,Pi5,baseline_68.1292Hz_Re,0,1.809737868851968
P1_pair_plus_0.5,Pi5,baseline_68.1292Hz_Re,1,-1.3810819297743746
P1_pair_plus_0.5,Pi5,baseline_68.1292Hz_Re,2,-0.10735325104427317
P1_pair_plus_0.5,Pi5,baseline_68.1292Hz_Re,3,-0.038351400721836626
P1_pair_plus_0.5,Pi5,baseline_68.1292Hz_Re,4,-1.0169100823631538
P1_pair_plus_0.5,Pi5,baseline_68.1292Hz_Re,5,-0.4348345357563232
P1_pair_plus_0.5,Pi5,baseline_68.1292Hz_Re,6,7.793324517280097
P1_pair_plus_0.5,Pi5,baseline_68.1292Hz_Re,7,-1.4355982961733458
P1_pair_plus_0.5,Pi5,baseline_68.1292Hz_Re,8,7.224797624494349
P1_pair_plus_0.5,Pi5,baseline_68.1292Hz_Re,9,0.8691046406994473
P1_pair_plus_0.5,Pi5,baseline_68.1292Hz_Re,10,-0.003936391457237676
P1_pair_plus_0.5,Pi5,baseline_68.1292Hz_Re,11,-0.0035326443992289565
P1_pair_plus_0.5,Pi5,baseline_68.1292Hz_Re,12,0.4233152559152131
P1_pair_plus_0.5,Pi5,baseline_68.1292Hz_Re,13,0.5060655416055937
P1_pair_plus_0.5,Pi5,baseline_68.1292Hz_Im,0,1.4963504895160182
P1_pair_plus_0.5,Pi5,baseline_68.1292Hz_Im,1,0.5255835435091782
P1_pair_plus_0.5,Pi5,baseline_68.1292Hz_Im,2,0.6858213557059399
P1_pair_plus_0.5,Pi5,baseline_68.1292Hz_Im,3,0.29302559361177316
P1_pair_plus_0.5,Pi5,baseline_68.1292Hz_Im,4,0.996021911103817
P1_pair_plus_0.5,Pi5,baseline_68.1292Hz_Im,5,2.3153903184303104
P1_pair_plus_0.5,Pi5,baseline_68.1292Hz_Im,6,6.441145525637459
P1_pair_plus_0.5,Pi5,baseline_68.1292Hz_Im,7,-1.185711810824941
P1_pair_plus_0.5,Pi5,baseline_68.1292Hz_Im,8,5.972214841265532
P1_pair_plus_0.5,Pi5,baseline_68.1292Hz_Im,9,0.0
P1_pair_plus_0.5,Pi5,baseline_68.1292Hz_Im,10,0.0592759813677901
P1_pair_plus_0.5,Pi5,baseline_68.1292Hz_Im,11,0.05727637013563935
P1_pair_plus_0.5,Pi5,baseline_68.1292Hz_Im,12,-0.27091044212390614
P1_pair_plus_0.5,Pi5,baseline_68.1292Hz_Im,13,-0.11261131884765517
P1_pair_plus_0.5,Pi5,baseline_stress,0,1.3095674771257393
P1_pair_plus_0.5,Pi5,baseline_stress,1,-0.7722286790468046
P1_pair_plus_0.5,Pi5,baseline_stress,2,2.316958650538936
P1_pair_plus_0.5,Pi5,baseline_stress,3,-0.23551485330841612
P1_pair_plus_0.5,Pi5,baseline_stress,4,-2.6190535439063467
P1_pair_plus_0.5,Pi5,baseline_stress,5,0.0
P1_pair_plus_0.5,Pi5,baseline_stress,6,0.0
P1_pair_plus_0.5,Pi5,baseline_stress,7,-1.0369937607723756
P1_pair_plus_0.5,Pi5,baseline_stress,8,5.225383551410445
P1_pair_plus_0.5,Pi5,baseline_stress,9,3.282055029796282
P1_pair_plus_0.5,Pi5,baseline_stress,10,0.0
P1_pair_plus_0.5,Pi5,baseline_stress,11,0.0
P1_pair_plus_0.5,Pi5,baseline_stress,12,1.0133257897670944
P1_pair_plus_0.5,Pi5,baseline_stress,13,0.5777141300455924
P1_pair_plus_1.0,ATP0.1,baseline_0.14678Hz_Re,0,1.898311521930651
P1_pair_plus_1.0,ATP0.1,baseline_0.14678Hz_Re,1,-0.10485846424490573
P1_pair_plus_1.0,ATP0.1,baseline_0.14678Hz_Re,2,0.36996412156042874
P1_pair_plus_1.0,ATP0.1,baseline_0.14678Hz_Re,3,-0.075698451729167
P1_pair_plus_1.0,ATP0.1,baseline_0.14678Hz_Re,4,-2.0080875833494716
P1_pair_plus_1.0,ATP0.1,baseline_0.14678Hz_Re,5,-0.002130483256479465
P1_pair_plus_1.0,ATP0.1,baseline_0.14678Hz_Re,6,0.001998957088744646
P1_pair_plus_1.0,ATP0.1,baseline_0.14678Hz_Re,7,2.568082592047105
P1_pair_plus_1.0,ATP0.1,baseline_0.14678Hz_Re,8,2.899546507451056
P1_pair_plus_1.0,ATP0.1,baseline_0.14678Hz_Re,9,3.693725749354115
P1_pair_plus_1.0,ATP0.1,baseline_0.14678Hz_Re,10,0.0015548879517268686
P1_pair_plus_1.0,ATP0.1,baseline_0.14678Hz_Re,11,-0.005031745198280646
P1_pair_plus_1.0,ATP0.1,baseline_0.14678Hz_Re,12,0.846247468277994
P1_pair_plus_1.0,ATP0.1,baseline_0.14678Hz_Re,13,0.07452567851728986
P1_pair_plus_1.0,ATP0.1,baseline_0.14678Hz_Im,0,0.004196274827616975
P1_pair_plus_1.0,ATP0.1,baseline_0.14678Hz_Im,1,-0.08278418452412062
P1_pair_plus_1.0,ATP0.1,baseline_0.14678Hz_Im,2,0.6166093073023404
P1_pair_plus_1.0,ATP0.1,baseline_0.14678Hz_Im,3,-0.7647711643410381
P1_pair_plus_1.0,ATP0.1,baseline_0.14678Hz_Im,4,2.015274688907387
P1_pair_plus_1.0,ATP0.1,baseline_0.14678Hz_Im,5,-0.8049977477941893
P1_pair_plus_1.0,ATP0.1,baseline_0.14678Hz_Im,6,1.737815434113554
P1_pair_plus_1.0,ATP0.1,baseline_0.14678Hz_Im,7,-2.892507017984713
P1_pair_plus_1.0,ATP0.1,baseline_0.14678Hz_Im,8,-1.6520918518253545
P1_pair_plus_1.0,ATP0.1,baseline_0.14678Hz_Im,9,0.0
P1_pair_plus_1.0,ATP0.1,baseline_0.14678Hz_Im,10,-0.2681769713241966
P1_pair_plus_1.0,ATP0.1,baseline_0.14678Hz_Im,11,-0.36575721010234646
P1_pair_plus_1.0,ATP0.1,baseline_0.14678Hz_Im,12,-1.2174233871731222
P1_pair_plus_1.0,ATP0.1,baseline_0.14678Hz_Im,13,0.08588162055400693
P1_pair_plus_1.0,ATP0.1,baseline_0.215443Hz_Re,0,1.9876204666147144
P1_pair_plus_1.0,ATP0.1,baseline_0.215443Hz_Re,1,-0.11155574890509
P1_pair_plus_1.0,ATP0.1,baseline_0.215443Hz_Re,2,0.3907813544756777
P1_pair_plus_1.0,ATP0.1,baseline_0.215443Hz_Re,3,-0.07699352924106506
P1_pair_plus_1.0,ATP0.1,baseline_0.215443Hz_Re,4,-2.0142546802937034
P1_pair_plus_1.0,ATP0.1,baseline_0.215443Hz_Re,5,-0.004737754100148095
P1_pair_plus_1.0,ATP0.1,baseline_0.215443Hz_Re,6,0.004392177466172598
P1_pair_plus_1.0,ATP0.1,baseline_0.215443Hz_Re,7,2.641041837603275
P1_pair_plus_1.0,ATP0.1,baseline_0.215443Hz_Re,8,2.9840894701704808
P1_pair_plus_1.0,ATP0.1,baseline_0.215443Hz_Re,9,3.8555320891031637
P1_pair_plus_1.0,ATP0.1,baseline_0.215443Hz_Re,10,0.0033918364117369033
P1_pair_plus_1.0,ATP0.1,baseline_0.215443Hz_Re,11,-0.011191775195484864
P1_pair_plus_1.0,ATP0.1,baseline_0.215443Hz_Re,12,0.8483814874171712
P1_pair_plus_1.0,ATP0.1,baseline_0.215443Hz_Re,13,0.07905125025686743
P1_pair_plus_1.0,ATP0.1,baseline_0.215443Hz_Im,0,-0.024767151662885564
P1_pair_plus_1.0,ATP0.1,baseline_0.215443Hz_Im,1,-0.12541903545715272
P1_pair_plus_1.0,ATP0.1,baseline_0.215443Hz_Im,2,0.9659846259446602
P1_pair_plus_1.0,ATP0.1,baseline_0.215443Hz_Im,3,-1.2015476222537735
P1_pair_plus_1.0,ATP0.1,baseline_0.215443Hz_Im,4,3.015800728656259
P1_pair_plus_1.0,ATP0.1,baseline_0.215443Hz_Im,5,-1.255406293898531
P1_pair_plus_1.0,ATP0.1,baseline_0.215443Hz_Im,6,2.7109948373849058
P1_pair_plus_1.0,ATP0.1,baseline_0.215443Hz_Im,7,-4.471773675601698
P1_pair_plus_1.0,ATP0.1,baseline_0.215443Hz_Im,8,-2.5315205502973726
P1_pair_plus_1.0,ATP0.1,baseline_0.215443Hz_Im,9,0.0
P1_pair_plus_1.0,ATP0.1,baseline_0.215443Hz_Im,10,-0.4241337882904261
P1_pair_plus_1.0,ATP0.1,baseline_0.215443Hz_Im,11,-0.5643177979353098
P1_pair_plus_1.0,ATP0.1,baseline_0.215443Hz_Im,12,-1.8468386742021001
P1_pair_plus_1.0,ATP0.1,baseline_0.215443Hz_Im,13,0.13276291040975607
P1_pair_plus_1.0,ATP0.1,baseline_0.316228Hz_Re,0,2.0352375173171566
P1_pair_plus_1.0,ATP0.1,baseline_0.316228Hz_Re,1,-0.11797050518680406
P1_pair_plus_1.0,ATP0.1,baseline_0.316228Hz_Re,2,0.4087384578799202
P1_pair_plus_1.0,ATP0.1,baseline_0.316228Hz_Re,3,-0.0744073856306926
P1_pair_plus_1.0,ATP0.1,baseline_0.316228Hz_Re,4,-1.8826074192013207
P1_pair_plus_1.0,ATP0.1,baseline_0.316228Hz_Re,5,-0.010156888974321987
P1_pair_plus_1.0,ATP0.1,baseline_0.316228Hz_Re,6,0.009171385162431989
P1_pair_plus_1.0,ATP0.1,baseline_0.316228Hz_Re,7,2.606902118018617
P1_pair_plus_1.0,ATP0.1,baseline_0.316228Hz_Re,8,2.9500002394433618
P1_pair_plus_1.0,ATP0.1,baseline_0.316228Hz_Re,9,3.9280885119730153
P1_pair_plus_1.0,ATP0.1,baseline_0.316228Hz_Re,10,0.0069666760360576055
P1_pair_plus_1.0,ATP0.1,baseline_0.316228Hz_Re,11,-0.024000088405529137
P1_pair_plus_1.0,ATP0.1,baseline_0.316228Hz_Re,12,0.7918628541325744
P1_pair_plus_1.0,ATP0.1,baseline_0.316228Hz_Re,13,0.08322073687949683
P1_pair_plus_1.0,ATP0.1,baseline_0.316228Hz_Im,0,-0.14693498497919677
P1_pair_plus_1.0,ATP0.1,baseline_0.316228Hz_Im,1,-0.19887583074806867
P1_pair_plus_1.0,ATP0.1,baseline_0.316228Hz_Im,2,1.6446711751383345
P1_pair_plus_1.0,ATP0.1,baseline_0.316228Hz_Im,3,-2.0594530602213723
P1_pair_plus_1.0,ATP0.1,baseline_0.316228Hz_Im,4,4.648238051030429
P1_pair_plus_1.0,ATP0.1,baseline_0.316228Hz_Im,5,-2.118930379135797
P1_pair_plus_1.0,ATP0.1,baseline_0.316228Hz_Im,6,4.578721100423344
P1_pair_plus_1.0,ATP0.1,baseline_0.316228Hz_Im,7,-7.408827929056282
P1_pair_plus_1.0,ATP0.1,baseline_0.316228Hz_Im,8,-4.113396819427351
P1_pair_plus_1.0,ATP0.1,baseline_0.316228Hz_Im,9,0.0
P1_pair_plus_1.0,ATP0.1,baseline_0.316228Hz_Im,10,-0.7365709348006176
P1_pair_plus_1.0,ATP0.1,baseline_0.316228Hz_Im,11,-0.9308960523313202
P1_pair_plus_1.0,ATP0.1,baseline_0.316228Hz_Im,12,-2.9373931826892625
P1_pair_plus_1.0,ATP0.1,baseline_0.316228Hz_Im,13,0.21993095571382068
P1_pair_plus_1.0,ATP0.1,baseline_0.464159Hz_Re,0,2.043373916160718
P1_pair_plus_1.0,ATP0.1,baseline_0.464159Hz_Re,1,-0.12596192253688798
P1_pair_plus_1.0,ATP0.1,baseline_0.464159Hz_Re,2,0.43334329000721533
P1_pair_plus_1.0,ATP0.1,baseline_0.464159Hz_Re,3,-0.06746198892848554
P1_pair_plus_1.0,ATP0.1,baseline_0.464159Hz_Re,4,-1.558161504644495
P1_pair_plus_1.0,ATP0.1,baseline_0.464159Hz_Re,5,-0.02083888084314367
P1_pair_plus_1.0,ATP0.1,baseline_0.464159Hz_Re,6,0.01774193916226352
P1_pair_plus_1.0,ATP0.1,baseline_0.464159Hz_Re,7,2.4379835598331567
P1_pair_plus_1.0,ATP0.1,baseline_0.464159Hz_Re,8,2.767349607712965
P1_pair_plus_1.0,ATP0.1,baseline_0.464159Hz_Re,9,3.9266592330111645
P1_pair_plus_1.0,ATP0.1,baseline_0.464159Hz_Re,10,0.012944074878618038
P1_pair_plus_1.0,ATP0.1,baseline_0.464159Hz_Re,11,-0.04924058520927587
P1_pair_plus_1.0,ATP0.1,baseline_0.464159Hz_Re,12,0.6528219518742162
P1_pair_plus_1.0,ATP0.1,baseline_0.464159Hz_Re,13,0.08860119069531434
P1_pair_plus_1.0,ATP0.1,baseline_0.464159Hz_Im,0,-0.45305452878174884
P1_pair_plus_1.0,ATP0.1,baseline_0.464159Hz_Im,1,-0.23334608661995657
P1_pair_plus_1.0,ATP0.1,baseline_0.464159Hz_Im,2,2.2404942890741353
P1_pair_plus_1.0,ATP0.1,baseline_0.464159Hz_Im,3,-2.8514882093988443
P1_pair_plus_1.0,ATP0.1,baseline_0.464159Hz_Im,4,5.077224870553287
P1_pair_plus_1.0,ATP0.1,baseline_0.464159Hz_Im,5,-2.8455648079850344
P1_pair_plus_1.0,ATP0.1,baseline_0.464159Hz_Im,6,6.156997790107698
P1_pair_plus_1.0,ATP0.1,baseline_0.464159Hz_Im,7,-9.568335354392943
P1_pair_plus_1.0,ATP0.1,baseline_0.464159Hz_Im,8,-5.086367109374823
P1_pair_plus_1.0,ATP0.1,baseline_0.464159Hz_Im,9,0.0
P1_pair_plus_1.0,ATP0.1,baseline_0.464159Hz_Im,10,-1.0444645568208344
P1_pair_plus_1.0,ATP0.1,baseline_0.464159Hz_Im,11,-1.1908957065598358
P1_pair_plus_1.0,ATP0.1,baseline_0.464159Hz_Im,12,-3.472086755174075
P1_pair_plus_1.0,ATP0.1,baseline_0.464159Hz_Im,13,0.2839477194704898
P1_pair_plus_1.0,ATP0.1,baseline_0.681292Hz_Re,0,2.1388745012007604
P1_pair_plus_1.0,ATP0.1,baseline_0.681292Hz_Re,1,-0.14686966622878828
P1_pair_plus_1.0,ATP0.1,baseline_0.681292Hz_Re,2,0.5225035572209435
P1_pair_plus_1.0,ATP0.1,baseline_0.681292Hz_Re,3,-0.06352674746246123
P1_pair_plus_1.0,ATP0.1,baseline_0.681292Hz_Re,4,-1.0736573657910142
P1_pair_plus_1.0,ATP0.1,baseline_0.681292Hz_Re,5,-0.04328346867588095
P1_pair_plus_1.0,ATP0.1,baseline_0.681292Hz_Re,6,0.03212514023687163
P1_pair_plus_1.0,ATP0.1,baseline_0.681292Hz_Re,7,2.252664943136473
P1_pair_plus_1.0,ATP0.1,baseline_0.681292Hz_Re,8,2.5715846891483096
P1_pair_plus_1.0,ATP0.1,baseline_0.681292Hz_Re,9,4.161284916648356
P1_pair_plus_1.0,ATP0.1,baseline_0.681292Hz_Re,10,0.02085625299130811
P1_pair_plus_1.0,ATP0.1,baseline_0.681292Hz_Re,11,-0.10197975139902836
P1_pair_plus_1.0,ATP0.1,baseline_0.681292Hz_Re,12,0.44236980740741666
P1_pair_plus_1.0,ATP0.1,baseline_0.681292Hz_Re,13,0.10474356249012827
P1_pair_plus_1.0,ATP0.1,baseline_0.681292Hz_Im,0,-1.019527912893281
P1_pair_plus_1.0,ATP0.1,baseline_0.681292Hz_Im,1,-0.21395376118560347
P1_pair_plus_1.0,ATP0.1,baseline_0.681292Hz_Im,2,2.802036954552278
P1_pair_plus_1.0,ATP0.1,baseline_0.681292Hz_Im,3,-3.714392201459304
P1_pair_plus_1.0,ATP0.1,baseline_0.681292Hz_Im,4,3.700235497328119
P1_pair_plus_1.0,ATP0.1,baseline_0.681292Hz_Im,5,-3.506739244518719
P1_pair_plus_1.0,ATP0.1,baseline_0.681292Hz_Im,6,7.60664666934474
P1_pair_plus_1.0,ATP0.1,baseline_0.681292Hz_Im,7,-10.883886637935712
P1_pair_plus_1.0,ATP0.1,baseline_0.681292Hz_Im,8,-5.226351098708282
P1_pair_plus_1.0,ATP0.1,baseline_0.681292Hz_Im,9,0.0
P1_pair_plus_1.0,ATP0.1,baseline_0.681292Hz_Im,10,-1.411028850206719
P1_pair_plus_1.0,ATP0.1,baseline_0.681292Hz_Im,11,-1.326731404382997
P1_pair_plus_1.0,ATP0.1,baseline_0.681292Hz_Im,12,-3.2469364105391914
P1_pair_plus_1.0,ATP0.1,baseline_0.681292Hz_Im,13,0.3226630311603529
P1_pair_plus_1.0,ATP0.1,baseline_1Hz_Re,0,2.0427440594605883
P1_pair_plus_1.0,ATP0.1,baseline_1Hz_Re,1,-0.1666699043889608
P1_pair_plus_1.0,ATP0.1,baseline_1Hz_Re,2,0.6980115376808981
P1_pair_plus_1.0,ATP0.1,baseline_1Hz_Re,3,-0.07788524141183473
P1_pair_plus_1.0,ATP0.1,baseline_1Hz_Re,4,-0.31951600898416643
P1_pair_plus_1.0,ATP0.1,baseline_1Hz_Re,5,-0.08196674796678849
P1_pair_plus_1.0,ATP0.1,baseline_1Hz_Re,6,0.04268306263988108
P1_pair_plus_1.0,ATP0.1,baseline_1Hz_Re,7,1.7791591220506218
P1_pair_plus_1.0,ATP0.1,baseline_1Hz_Re,8,2.047096517099334
P1_pair_plus_1.0,ATP0.1,baseline_1Hz_Re,9,4.313771763397867
P1_pair_plus_1.0,ATP0.1,baseline_1Hz_Re,10,0.015508191708590855
P1_pair_plus_1.0,ATP0.1,baseline_1Hz_Re,11,-0.18950108979787214
P1_pair_plus_1.0,ATP0.1,baseline_1Hz_Re,12,0.10582517129265055
P1_pair_plus_1.0,ATP0.1,baseline_1Hz_Re,13,0.1276200420008422
P1_pair_plus_1.0,ATP0.1,baseline_1Hz_Im,0,-2.2378571639558587
P1_pair_plus_1.0,ATP0.1,baseline_1Hz_Im,1,-0.17248110232292999
P1_pair_plus_1.0,ATP0.1,baseline_1Hz_Im,2,4.436231249416167
P1_pair_plus_1.0,ATP0.1,baseline_1Hz_Im,3,-6.495688931651421
P1_pair_plus_1.0,ATP0.1,baseline_1Hz_Im,4,-0.16086092875511326
P1_pair_plus_1.0,ATP0.1,baseline_1Hz_Im,5,-5.640680413332432
P1_pair_plus_1.0,ATP0.1,baseline_1Hz_Im,6,12.288294999340808
P1_pair_plus_1.0,ATP0.1,baseline_1Hz_Im,7,-14.97716705174401
P1_pair_plus_1.0,ATP0.1,baseline_1Hz_Im,8,-5.503198604450698
P1_pair_plus_1.0,ATP0.1,baseline_1Hz_Im,9,0.0
P1_pair_plus_1.0,ATP0.1,baseline_1Hz_Im,10,-2.5681235503061117
P1_pair_plus_1.0,ATP0.1,baseline_1Hz_Im,11,-1.7424050115844023
P1_pair_plus_1.0,ATP0.1,baseline_1Hz_Im,12,-2.773991608950865
P1_pair_plus_1.0,ATP0.1,baseline_1Hz_Im,13,0.44156735143907605
P1_pair_plus_1.0,ATP0.1,baseline_1.4678Hz_Re,0,1.623473061851399
P1_pair_plus_1.0,ATP0.1,baseline_1.4678Hz_Re,1,-0.17208511817745628
P1_pair_plus_1.0,ATP0.1,baseline_1.4678Hz_Re,2,1.0731006972797275
P1_pair_plus_1.0,ATP0.1,baseline_1.4678Hz_Re,3,-0.1965461277286806
P1_pair_plus_1.0,ATP0.1,baseline_1.4678Hz_Re,4,0.3723205250993899
P1_pair_plus_1.0,ATP0.1,baseline_1.4678Hz_Re,5,-0.14690596956690172
P1_pair_plus_1.0,ATP0.1,baseline_1.4678Hz_Re,6,0.020470532047234258
P1_pair_plus_1.0,ATP0.1,baseline_1.4678Hz_Re,7,1.10010359788415
P1_pair_plus_1.0,ATP0.1,baseline_1.4678Hz_Re,8,1.2602850100629226
P1_pair_plus_1.0,ATP0.1,baseline_1.4678Hz_Re,9,4.485824079658585
P1_pair_plus_1.0,ATP0.1,baseline_1.4678Hz_Re,10,-0.052458324883986045
P1_pair_plus_1.0,ATP0.1,baseline_1.4678Hz_Re,11,-0.3102286532552512
P1_pair_plus_1.0,ATP0.1,baseline_1.4678Hz_Re,12,-0.249109201622133
P1_pair_plus_1.0,ATP0.1,baseline_1.4678Hz_Re,13,0.1611340187501753
P1_pair_plus_1.0,ATP0.1,baseline_1.4678Hz_Im,0,-1.8836940475330797
P1_pair_plus_1.0,ATP0.1,baseline_1.4678Hz_Im,1,-0.004352668259155479
P1_pair_plus_1.0,ATP0.1,baseline_1.4678Hz_Im,2,4.196477056456205
P1_pair_plus_1.0,ATP0.1,baseline_1.4678Hz_Im,3,-7.687932983702072
P1_pair_plus_1.0,ATP0.1,baseline_1.4678Hz_Im,4,-7.503827516153193
P1_pair_plus_1.0,ATP0.1,baseline_1.4678Hz_Im,5,-6.130285531463774
P1_pair_plus_1.0,ATP0.1,baseline_1.4678Hz_Im,6,13.446561841543025
P1_pair_plus_1.0,ATP0.1,baseline_1.4678Hz_Im,7,-12.343490773195075
P1_pair_plus_1.0,ATP0.1,baseline_1.4678Hz_Im,8,-1.457306960531146
P1_pair_plus_1.0,ATP0.1,baseline_1.4678Hz_Im,9,0.0
P1_pair_plus_1.0,ATP0.1,baseline_1.4678Hz_Im,10,-3.099066525241722
P1_pair_plus_1.0,ATP0.1,baseline_1.4678Hz_Im,11,-1.2874058080702966
P1_pair_plus_1.0,ATP0.1,baseline_1.4678Hz_Im,12,-0.0804027779577332
P1_pair_plus_1.0,ATP0.1,baseline_1.4678Hz_Im,13,0.3515299524303738
P1_pair_plus_1.0,ATP0.1,baseline_2.15443Hz_Re,0,0.8224768915265911
P1_pair_plus_1.0,ATP0.1,baseline_2.15443Hz_Re,1,-0.13219313605983274
P1_pair_plus_1.0,ATP0.1,baseline_2.15443Hz_Re,2,1.6462654065740876
P1_pair_plus_1.0,ATP0.1,baseline_2.15443Hz_Re,3,-0.6015764347999664
P1_pair_plus_1.0,ATP0.1,baseline_2.15443Hz_Re,4,0.5181139935528378
P1_pair_plus_1.0,ATP0.1,baseline_2.15443Hz_Re,5,-0.2719323005884178
P1_pair_plus_1.0,ATP0.1,baseline_2.15443Hz_Re,6,-0.056847667484483104
P1_pair_plus_1.0,ATP0.1,baseline_2.15443Hz_Re,7,0.3815738694790127
P1_pair_plus_1.0,ATP0.1,baseline_2.15443Hz_Re,8,0.3778273739873938
P1_pair_plus_1.0,ATP0.1,baseline_2.15443Hz_Re,9,4.462802444749059
P1_pair_plus_1.0,ATP0.1,baseline_2.15443Hz_Re,10,-0.2718238791832306
P1_pair_plus_1.0,ATP0.1,baseline_2.15443Hz_Re,11,-0.4150680517955862
P1_pair_plus_1.0,ATP0.1,baseline_2.15443Hz_Re,12,-0.49031685884770576
P1_pair_plus_1.0,ATP0.1,baseline_2.15443Hz_Re,13,0.19227500791529903
P1_pair_plus_1.0,ATP0.1,baseline_2.15443Hz_Im,0,0.3573713720950166
P1_pair_plus_1.0,ATP0.1,baseline_2.15443Hz_Im,1,0.04574769308374193
P1_pair_plus_1.0,ATP0.1,baseline_2.15443Hz_Im,2,2.0657418266956107
P1_pair_plus_1.0,ATP0.1,baseline_2.15443Hz_Im,3,-6.231798910516505
P1_pair_plus_1.0,ATP0.1,baseline_2.15443Hz_Im,4,-10.215086198889223
P1_pair_plus_1.0,ATP0.1,baseline_2.15443Hz_Im,5,-4.880556228048505
P1_pair_plus_1.0,ATP0.1,baseline_2.15443Hz_Im,6,10.84832738296182
P1_pair_plus_1.0,ATP0.1,baseline_2.15443Hz_Im,7,-6.479528811215162
P1_pair_plus_1.0,ATP0.1,baseline_2.15443Hz_Im,8,2.7496623608846966
P1_pair_plus_1.0,ATP0.1,baseline_2.15443Hz_Im,9,0.0
P1_pair_plus_1.0,ATP0.1,baseline_2.15443Hz_Im,10,-2.4459916251884373
P1_pair_plus_1.0,ATP0.1,baseline_2.15443Hz_Im,11,-0.5122613915831131
P1_pair_plus_1.0,ATP0.1,baseline_2.15443Hz_Im,12,1.7445642112923208
P1_pair_plus_1.0,ATP0.1,baseline_2.15443Hz_Im,13,0.1530908536384601
P1_pair_plus_1.0,ATP0.1,baseline_3.16228Hz_Re,0,0.11815690730276883
P1_pair_plus_1.0,ATP0.1,baseline_3.16228Hz_Re,1,-0.05293353769753039
P1_pair_plus_1.0,ATP0.1,baseline_3.16228Hz_Re,2,2.0399371717827464
P1_pair_plus_1.0,ATP0.1,baseline_3.16228Hz_Re,3,-1.4009476476006808
P1_pair_plus_1.0,ATP0.1,baseline_3.16228Hz_Re,4,-0.2126606411745335
P1_pair_plus_1.0,ATP0.1,baseline_3.16228Hz_Re,5,-0.5870641514027497
P1_pair_plus_1.0,ATP0.1,baseline_3.16228Hz_Re,6,-0.028173608690451598
P1_pair_plus_1.0,ATP0.1,baseline_3.16228Hz_Re,7,-0.0939935375643408
P1_pair_plus_1.0,ATP0.1,baseline_3.16228Hz_Re,8,-0.1321859282810145
P1_pair_plus_1.0,ATP0.1,baseline_3.16228Hz_Re,9,4.032851353774625
P1_pair_plus_1.0,ATP0.1,baseline_3.16228Hz_Re,10,-0.6492407086833296
P1_pair_plus_1.0,ATP0.1,baseline_3.16228Hz_Re,11,-0.43209870728144745
P1_pair_plus_1.0,ATP0.1,baseline_3.16228Hz_Re,12,-0.5203329346281649
P1_pair_plus_1.0,ATP0.1,baseline_3.16228Hz_Re,13,0.19205469505845227
P1_pair_plus_1.0,ATP0.1,baseline_3.16228Hz_Im,0,2.565808317034346
P1_pair_plus_1.0,ATP0.1,baseline_3.16228Hz_Im,1,-0.03756301597546141
P1_pair_plus_1.0,ATP0.1,baseline_3.16228Hz_Im,2,0.2179067847274396
P1_pair_plus_1.0,ATP0.1,baseline_3.16228Hz_Im,3,-5.158904013335963
P1_pair_plus_1.0,ATP0.1,baseline_3.16228Hz_Im,4,-11.321007948195126
P1_pair_plus_1.0,ATP0.1,baseline_3.16228Hz_Im,5,-4.540749402459632
P1_pair_plus_1.0,ATP0.1,baseline_3.16228Hz_Im,6,10.481719749766416
P1_pair_plus_1.0,ATP0.1,baseline_3.16228Hz_Im,7,-3.742916510418581
P1_pair_plus_1.0,ATP0.1,baseline_3.16228Hz_Im,8,5.4975202866791575
P1_pair_plus_1.0,ATP0.1,baseline_3.16228Hz_Im,9,0.0
P1_pair_plus_1.0,ATP0.1,baseline_3.16228Hz_Im,10,-1.843446219318423
P1_pair_plus_1.0,ATP0.1,baseline_3.16228Hz_Im,11,-0.12381141254458326
P1_pair_plus_1.0,ATP0.1,baseline_3.16228Hz_Im,12,2.6986891070945873
P1_pair_plus_1.0,ATP0.1,baseline_3.16228Hz_Im,13,0.033819588329819794
P1_pair_plus_1.0,ATP0.1,baseline_4.64159Hz_Re,0,0.1078037555224398
P1_pair_plus_1.0,ATP0.1,baseline_4.64159Hz_Re,1,-0.004488231708510426
P1_pair_plus_1.0,ATP0.1,baseline_4.64159Hz_Re,2,1.8947882704400951
P1_pair_plus_1.0,ATP0.1,baseline_4.64159Hz_Re,3,-2.5400527331687073
P1_pair_plus_1.0,ATP0.1,baseline_4.64159Hz_Re,4,-2.097990771754432
P1_pair_plus_1.0,ATP0.1,baseline_4.64159Hz_Re,5,-1.4094383580687262
P1_pair_plus_1.0,ATP0.1,baseline_4.64159Hz_Re,6,0.6188624676384258
P1_pair_plus_1.0,ATP0.1,baseline_4.64159Hz_Re,7,-0.3330319232608403
P1_pair_plus_1.0,ATP0.1,baseline_4.64159Hz_Re,8,0.19816213217005438
P1_pair_plus_1.0,ATP0.1,baseline_4.64159Hz_Re,9,3.6214039386361914
P1_pair_plus_1.0,ATP0.1,baseline_4.64159Hz_Re,10,-1.0701526231837732
P1_pair_plus_1.0,ATP0.1,baseline_4.64159Hz_Re,11,-0.3899635164117398
P1_pair_plus_1.0,ATP0.1,baseline_4.64159Hz_Re,12,-0.1935111062723038
P1_pair_plus_1.0,ATP0.1,baseline_4.64159Hz_Re,13,0.15977380116716233
P1_pair_plus_1.0,ATP0.1,baseline_4.64159Hz_Im,0,4.284449718072736
P1_pair_plus_1.0,ATP0.1,baseline_4.64159Hz_Im,1,-0.17768691495945174
P1_pair_plus_1.0,ATP0.1,baseline_4.64159Hz_Im,2,-1.1849359236926205
P1_pair_plus_1.0,ATP0.1,baseline_4.64159Hz_Im,3,-3.762475142066179
P1_pair_plus_1.0,ATP0.1,baseline_4.64159Hz_Im,4,-11.534032045323881
P1_pair_plus_1.0,ATP0.1,baseline_4.64159Hz_Im,5,-4.303039701447631
P1_pair_plus_1.0,ATP0.1,baseline_4.64159Hz_Im,6,11.082392328209954
P1_pair_plus_1.0,ATP0.1,baseline_4.64159Hz_Im,7,-2.563701050783962
P1_pair_plus_1.0,ATP0.1,baseline_4.64159Hz_Im,8,7.385155332895187
P1_pair_plus_1.0,ATP0.1,baseline_4.64159Hz_Im,9,0.0
P1_pair_plus_1.0,ATP0.1,baseline_4.64159Hz_Im,10,-1.0953271120772712
P1_pair_plus_1.0,ATP0.1,baseline_4.64159Hz_Im,11,0.06277780366659158
P1_pair_plus_1.0,ATP0.1,baseline_4.64159Hz_Im,12,3.403464165518954
P1_pair_plus_1.0,ATP0.1,baseline_4.64159Hz_Im,13,-0.024696897193976493
P1_pair_plus_1.0,ATP0.1,baseline_6.81292Hz_Re,0,0.8978860932318254
P1_pair_plus_1.0,ATP0.1,baseline_6.81292Hz_Re,1,-0.033839247670641726
P1_pair_plus_1.0,ATP0.1,baseline_6.81292Hz_Re,2,0.9924756659618338
P1_pair_plus_1.0,ATP0.1,baseline_6.81292Hz_Re,3,-3.1171940421792494
P1_pair_plus_1.0,ATP0.1,baseline_6.81292Hz_Re,4,-4.683692452811528
P1_pair_plus_1.0,ATP0.1,baseline_6.81292Hz_Re,5,-2.4701351152733864
P1_pair_plus_1.0,ATP0.1,baseline_6.81292Hz_Re,6,2.2570696312840255
P1_pair_plus_1.0,ATP0.1,baseline_6.81292Hz_Re,7,-0.5276793703878901
P1_pair_plus_1.0,ATP0.1,baseline_6.81292Hz_Re,8,1.49781907380353
P1_pair_plus_1.0,ATP0.1,baseline_6.81292Hz_Re,9,2.8307623083811957
P1_pair_plus_1.0,ATP0.1,baseline_6.81292Hz_Re,10,-1.1224342622240258
P1_pair_plus_1.0,ATP0.1,baseline_6.81292Hz_Re,11,-0.2694676297210208
P1_pair_plus_1.0,ATP0.1,baseline_6.81292Hz_Re,12,0.6860988754908702
P1_pair_plus_1.0,ATP0.1,baseline_6.81292Hz_Re,13,0.09681162387309426
P1_pair_plus_1.0,ATP0.1,baseline_6.81292Hz_Im,0,5.594174293799269
P1_pair_plus_1.0,ATP0.1,baseline_6.81292Hz_Im,1,-0.3060223948025964
P1_pair_plus_1.0,ATP0.1,baseline_6.81292Hz_Im,2,-1.7565504359051685
P1_pair_plus_1.0,ATP0.1,baseline_6.81292Hz_Im,3,-2.1333787294519624
P1_pair_plus_1.0,ATP0.1,baseline_6.81292Hz_Im,4,-11.072159766278842
P1_pair_plus_1.0,ATP0.1,baseline_6.81292Hz_Im,5,-3.679843810600047
P1_pair_plus_1.0,ATP0.1,baseline_6.81292Hz_Im,6,12.43598402982382
P1_pair_plus_1.0,ATP0.1,baseline_6.81292Hz_Im,7,-2.2666383650005173
P1_pair_plus_1.0,ATP0.1,baseline_6.81292Hz_Im,8,8.975677985212371
P1_pair_plus_1.0,ATP0.1,baseline_6.81292Hz_Im,9,0.0
P1_pair_plus_1.0,ATP0.1,baseline_6.81292Hz_Im,10,-0.3597939187027776
P1_pair_plus_1.0,ATP0.1,baseline_6.81292Hz_Im,11,0.144250459044315
P1_pair_plus_1.0,ATP0.1,baseline_6.81292Hz_Im,12,3.914574804131376
P1_pair_plus_1.0,ATP0.1,baseline_6.81292Hz_Im,13,-0.018857171868447153
P1_pair_plus_1.0,ATP0.1,baseline_10Hz_Re,0,2.1324339695372174
P1_pair_plus_1.0,ATP0.1,baseline_10Hz_Re,1,-0.11320289423633055
P1_pair_plus_1.0,ATP0.1,baseline_10Hz_Re,2,0.30128002337370674
P1_pair_plus_1.0,ATP0.1,baseline_10Hz_Re,3,-3.023953725467265
P1_pair_plus_1.0,ATP0.1,baseline_10Hz_Re,4,-6.935583434142244
P1_pair_plus_1.0,ATP0.1,baseline_10Hz_Re,5,-3.194046830445884
P1_pair_plus_1.0,ATP0.1,baseline_10Hz_Re,6,4.6533563343276185
P1_pair_plus_1.0,ATP0.1,baseline_10Hz_Re,7,-0.8294265668951083
P1_pair_plus_1.0,ATP0.1,baseline_10Hz_Re,8,3.3796795087415172
P1_pair_plus_1.0,ATP0.1,baseline_10Hz_Re,9,2.282985104606894
P1_pair_plus_1.0,ATP0.1,baseline_10Hz_Re,10,-0.9031405190818019
P1_pair_plus_1.0,ATP0.1,baseline_10Hz_Re,11,-0.16733508316768564
P1_pair_plus_1.0,ATP0.1,baseline_10Hz_Re,12,1.713085532539793
P1_pair_plus_1.0,ATP0.1,baseline_10Hz_Re,13,0.07228157419270076
P1_pair_plus_1.0,ATP0.1,baseline_10Hz_Im,0,7.004757867212773
P1_pair_plus_1.0,ATP0.1,baseline_10Hz_Im,1,-0.4189083181449504
P1_pair_plus_1.0,ATP0.1,baseline_10Hz_Im,2,-1.8345828839638754
P1_pair_plus_1.0,ATP0.1,baseline_10Hz_Im,3,-0.3598032317420063
P1_pair_plus_1.0,ATP0.1,baseline_10Hz_Im,4,-9.854802075315305
P1_pair_plus_1.0,ATP0.1,baseline_10Hz_Im,5,-2.327921891209783
P1_pair_plus_1.0,ATP0.1,baseline_10Hz_Im,6,14.84291680295957
P1_pair_plus_1.0,ATP0.1,baseline_10Hz_Im,7,-2.468054455695423
P1_pair_plus_1.0,ATP0.1,baseline_10Hz_Im,8,10.980620148282048
P1_pair_plus_1.0,ATP0.1,baseline_10Hz_Im,9,0.0
P1_pair_plus_1.0,ATP0.1,baseline_10Hz_Im,10,0.2526340725950149
P1_pair_plus_1.0,ATP0.1,baseline_10Hz_Im,11,0.19131965292018546
P1_pair_plus_1.0,ATP0.1,baseline_10Hz_Im,12,4.158113547569897
P1_pair_plus_1.0,ATP0.1,baseline_10Hz_Im,13,0.02167877237724269
P1_pair_plus_1.0,ATP0.1,baseline_14.678Hz_Re,0,3.460541114863602
P1_pair_plus_1.0,ATP0.1,baseline_14.678Hz_Re,1,-0.20078588411909234
P1_pair_plus_1.0,ATP0.1,baseline_14.678Hz_Re,2,-0.0028866387502546327
P1_pair_plus_1.0,ATP0.1,baseline_14.678Hz_Re,3,-2.4257759671630907
P1_pair_plus_1.0,ATP0.1,baseline_14.678Hz_Re,4,-7.996187234282636
P1_pair_plus_1.0,ATP0.1,baseline_14.678Hz_Re,5,-3.123349357547766
P1_pair_plus_1.0,ATP0.1,baseline_14.678Hz_Re,6,7.291030285938581
P1_pair_plus_1.0,ATP0.1,baseline_14.678Hz_Re,7,-1.2021070342704832
P1_pair_plus_1.0,ATP0.1,baseline_14.678Hz_Re,8,5.405367049071685
P1_pair_plus_1.0,ATP0.1,baseline_14.678Hz_Re,9,2.001615672941881
P1_pair_plus_1.0,ATP0.1,baseline_14.678Hz_Re,10,-0.6066423624329076
P1_pair_plus_1.0,ATP0.1,baseline_14.678Hz_Re,11,-0.09732992496402913
P1_pair_plus_1.0,ATP0.1,baseline_14.678Hz_Re,12,2.4394933436866495
P1_pair_plus_1.0,ATP0.1,baseline_14.678Hz_Re,13,0.08342989237242193
P1_pair_plus_1.0,ATP0.1,baseline_14.678Hz_Im,0,7.426534029697506
P1_pair_plus_1.0,ATP0.1,baseline_14.678Hz_Im,1,-0.45787339915115405
P1_pair_plus_1.0,ATP0.1,baseline_14.678Hz_Im,2,-1.779017890424228
P1_pair_plus_1.0,ATP0.1,baseline_14.678Hz_Im,3,1.3890152036566403
P1_pair_plus_1.0,ATP0.1,baseline_14.678Hz_Im,4,-6.436054257008549
P1_pair_plus_1.0,ATP0.1,baseline_14.678Hz_Im,5,-0.11427654484919002
P1_pair_plus_1.0,ATP0.1,baseline_14.678Hz_Im,6,15.507696786642986
P1_pair_plus_1.0,ATP0.1,baseline_14.678Hz_Im,7,-2.5020216509519244
P1_pair_plus_1.0,ATP0.1,baseline_14.678Hz_Im,8,11.558815869494586
P1_pair_plus_1.0,ATP0.1,baseline_14.678Hz_Im,9,0.0
P1_pair_plus_1.0,ATP0.1,baseline_14.678Hz_Im,10,0.6393760739076271
P1_pair_plus_1.0,ATP0.1,baseline_14.678Hz_Im,11,0.19759312990252906
P1_pair_plus_1.0,ATP0.1,baseline_14.678Hz_Im,12,3.4267679995814144
P1_pair_plus_1.0,ATP0.1,baseline_14.678Hz_Im,13,0.04254684351501225
P1_pair_plus_1.0,ATP0.1,baseline_21.5443Hz_Re,0,4.8204969518739205
P1_pair_plus_1.0,ATP0.1,baseline_21.5443Hz_Re,1,-0.29100298699624716
P1_pair_plus_1.0,ATP0.1,baseline_21.5443Hz_Re,2,-0.2543977702718081
P1_pair_plus_1.0,ATP0.1,baseline_21.5443Hz_Re,3,-1.7036443180629133
P1_pair_plus_1.0,ATP0.1,baseline_21.5443Hz_Re,4,-8.254504010452024
P1_pair_plus_1.0,ATP0.1,baseline_21.5443Hz_Re,5,-2.5824108671912427
P1_pair_plus_1.0,ATP0.1,baseline_21.5443Hz_Re,6,10.052109354008465
P1_pair_plus_1.0,ATP0.1,baseline_21.5443Hz_Re,7,-1.6184722624101864
P1_pair_plus_1.0,ATP0.1,baseline_21.5443Hz_Re,8,7.4962098918884825
P1_pair_plus_1.0,ATP0.1,baseline_21.5443Hz_Re,9,1.9598288580002785
P1_pair_plus_1.0,ATP0.1,baseline_21.5443Hz_Re,10,-0.37027075130424686
P1_pair_plus_1.0,ATP0.1,baseline_21.5443Hz_Re,11,-0.055183041069994936
P1_pair_plus_1.0,ATP0.1,baseline_21.5443Hz_Re,12,2.8688403125531887
P1_pair_plus_1.0,ATP0.1,baseline_21.5443Hz_Re,13,0.10006507520365913
P1_pair_plus_1.0,ATP0.1,baseline_21.5443Hz_Im,0,6.652707116971967
P1_pair_plus_1.0,ATP0.1,baseline_21.5443Hz_Im,1,-0.4168542169669109
P1_pair_plus_1.0,ATP0.1,baseline_21.5443Hz_Im,2,-1.903310983264461
P1_pair_plus_1.0,ATP0.1,baseline_21.5443Hz_Im,3,2.2728126122917303
P1_pair_plus_1.0,ATP0.1,baseline_21.5443Hz_Im,4,-2.8886420209595083
P1_pair_plus_1.0,ATP0.1,baseline_21.5443Hz_Im,5,1.4552828368596946
P1_pair_plus_1.0,ATP0.1,baseline_21.5443Hz_Im,6,13.827669999355583
P1_pair_plus_1.0,ATP0.1,baseline_21.5443Hz_Im,7,-2.2088749730420076
P1_pair_plus_1.0,ATP0.1,baseline_21.5443Hz_Im,8,10.331516535422303
P1_pair_plus_1.0,ATP0.1,baseline_21.5443Hz_Im,9,0.0
P1_pair_plus_1.0,ATP0.1,baseline_21.5443Hz_Im,10,0.7052540092367109
P1_pair_plus_1.0,ATP0.1,baseline_21.5443Hz_Im,11,0.1668879984872973
P1_pair_plus_1.0,ATP0.1,baseline_21.5443Hz_Im,12,2.2602804249594044
P1_pair_plus_1.0,ATP0.1,baseline_21.5443Hz_Im,13,0.01509651932352085
P1_pair_plus_1.0,ATP0.1,baseline_31.6228Hz_Re,0,5.71299530087721
P1_pair_plus_1.0,ATP0.1,baseline_31.6228Hz_Re,1,-0.35537744795810505
P1_pair_plus_1.0,ATP0.1,baseline_31.6228Hz_Re,2,-0.6705734536982533
P1_pair_plus_1.0,ATP0.1,baseline_31.6228Hz_Re,3,-0.9804536362345572
P1_pair_plus_1.0,ATP0.1,baseline_31.6228Hz_Re,4,-7.654439256943312
P1_pair_plus_1.0,ATP0.1,baseline_31.6228Hz_Re,5,-1.8750954466018042
P1_pair_plus_1.0,ATP0.1,baseline_31.6228Hz_Re,6,11.871593741341611
P1_pair_plus_1.0,ATP0.1,baseline_31.6228Hz_Re,7,-1.8958343811048548
P1_pair_plus_1.0,ATP0.1,baseline_31.6228Hz_Re,8,8.87065386692143
P1_pair_plus_1.0,ATP0.1,baseline_31.6228Hz_Re,9,1.8983182210163816
P1_pair_plus_1.0,ATP0.1,baseline_31.6228Hz_Re,10,-0.19496156191678435
P1_pair_plus_1.0,ATP0.1,baseline_31.6228Hz_Re,11,-0.028028935528112694
P1_pair_plus_1.0,ATP0.1,baseline_31.6228Hz_Re,12,2.9227426758371418
P1_pair_plus_1.0,ATP0.1,baseline_31.6228Hz_Re,13,0.09220939416465511
P1_pair_plus_1.0,ATP0.1,baseline_31.6228Hz_Im,0,6.236858800479083
P1_pair_plus_1.0,ATP0.1,baseline_31.6228Hz_Im,1,-0.38586829200770717
P1_pair_plus_1.0,ATP0.1,baseline_31.6228Hz_Im,2,-2.2483285116337015
P1_pair_plus_1.0,ATP0.1,baseline_31.6228Hz_Im,3,2.6306359843797367
P1_pair_plus_1.0,ATP0.1,baseline_31.6228Hz_Im,4,-0.9622012560495107
P1_pair_plus_1.0,ATP0.1,baseline_31.6228Hz_Im,5,2.2035466234804346
P1_pair_plus_1.0,ATP0.1,baseline_31.6228Hz_Im,6,12.942848593477938
P1_pair_plus_1.0,ATP0.1,baseline_31.6228Hz_Im,7,-2.0602388395962734
P1_pair_plus_1.0,ATP0.1,baseline_31.6228Hz_Im,8,9.678639091559305
P1_pair_plus_1.0,ATP0.1,baseline_31.6228Hz_Im,9,0.0
P1_pair_plus_1.0,ATP0.1,baseline_31.6228Hz_Im,10,0.6760831541274825
P1_pair_plus_1.0,ATP0.1,baseline_31.6228Hz_Im,11,0.1433254700700104
P1_pair_plus_1.0,ATP0.1,baseline_31.6228Hz_Im,12,1.5733321799160647
P1_pair_plus_1.0,ATP0.1,baseline_31.6228Hz_Im,13,-0.026568562372375478
P1_pair_plus_1.0,ATP0.1,baseline_46.4159Hz_Re,0,6.217755423731929
P1_pair_plus_1.0,ATP0.1,baseline_46.4159Hz_Re,1,-0.391244913156008
P1_pair_plus_1.0,ATP0.1,baseline_46.4159Hz_Re,2,-1.1125905995168495
P1_pair_plus_1.0,ATP0.1,baseline_46.4159Hz_Re,3,-0.4696690959260507
P1_pair_plus_1.0,ATP0.1,baseline_46.4159Hz_Re,4,-6.950347528733579
P1_pair_plus_1.0,ATP0.1,baseline_46.4159Hz_Re,5,-1.3440010547594028
P1_pair_plus_1.0,ATP0.1,baseline_46.4159Hz_Re,6,12.903298542199513
P1_pair_plus_1.0,ATP0.1,baseline_46.4159Hz_Re,7,-2.0541112245586746
P1_pair_plus_1.0,ATP0.1,baseline_46.4159Hz_Re,8,9.648874127021756
P1_pair_plus_1.0,ATP0.1,baseline_46.4159Hz_Re,9,1.8287350089352115
P1_pair_plus_1.0,ATP0.1,baseline_46.4159Hz_Re,10,-0.09436539012419586
P1_pair_plus_1.0,ATP0.1,baseline_46.4159Hz_Re,11,-0.013336379156569931
P1_pair_plus_1.0,ATP0.1,baseline_46.4159Hz_Re,12,2.838075397804118
P1_pair_plus_1.0,ATP0.1,baseline_46.4159Hz_Re,13,0.07032012034891011
P1_pair_plus_1.0,ATP0.1,baseline_46.4159Hz_Im,0,5.960107095859256
P1_pair_plus_1.0,ATP0.1,baseline_46.4159Hz_Im,1,-0.33736946003504187
P1_pair_plus_1.0,ATP0.1,baseline_46.4159Hz_Im,2,-2.198804056430248
P1_pair_plus_1.0,ATP0.1,baseline_46.4159Hz_Im,3,2.691613087391076
P1_pair_plus_1.0,ATP0.1,baseline_46.4159Hz_Im,4,0.002481190208847295
P1_pair_plus_1.0,ATP0.1,baseline_46.4159Hz_Im,5,2.689596904748015
P1_pair_plus_1.0,ATP0.1,baseline_46.4159Hz_Im,6,12.36137041502605
P1_pair_plus_1.0,ATP0.1,baseline_46.4159Hz_Im,7,-1.9650603556131683
P1_pair_plus_1.0,ATP0.1,baseline_46.4159Hz_Im,8,9.24676584499462
P1_pair_plus_1.0,ATP0.1,baseline_46.4159Hz_Im,9,0.0
P1_pair_plus_1.0,ATP0.1,baseline_46.4159Hz_Im,10,0.609295537357113
P1_pair_plus_1.0,ATP0.1,baseline_46.4159Hz_Im,11,0.12301115708268638
P1_pair_plus_1.0,ATP0.1,baseline_46.4159Hz_Im,12,1.1775736437513729
P1_pair_plus_1.0,ATP0.1,baseline_46.4159Hz_Im,13,-0.042654317589096984
P1_pair_plus_1.0,ATP0.1,baseline_68.1292Hz_Re,0,6.387045414468772
P1_pair_plus_1.0,ATP0.1,baseline_68.1292Hz_Re,1,-0.3941661643747096
P1_pair_plus_1.0,ATP0.1,baseline_68.1292Hz_Re,2,-1.295417323099457
P1_pair_plus_1.0,ATP0.1,baseline_68.1292Hz_Re,3,-0.15651637390590167
P1_pair_plus_1.0,ATP0.1,baseline_68.1292Hz_Re,4,-6.3112889292060705
P1_pair_plus_1.0,ATP0.1,baseline_68.1292Hz_Re,5,-0.9081405517363804
P1_pair_plus_1.0,ATP0.1,baseline_68.1292Hz_Re,6,13.24742544632773
P1_pair_plus_1.0,ATP0.1,baseline_68.1292Hz_Re,7,-2.106167780135948
P1_pair_plus_1.0,ATP0.1,baseline_68.1292Hz_Re,8,9.909282372499995
P1_pair_plus_1.0,ATP0.1,baseline_68.1292Hz_Re,9,1.7379259007022083
P1_pair_plus_1.0,ATP0.1,baseline_68.1292Hz_Re,10,-0.04324841254010891
P1_pair_plus_1.0,ATP0.1,baseline_68.1292Hz_Re,11,-0.006063251811738723
P1_pair_plus_1.0,ATP0.1,baseline_68.1292Hz_Re,12,2.6953444378641223
P1_pair_plus_1.0,ATP0.1,baseline_68.1292Hz_Re,13,0.056300482720317284
P1_pair_plus_1.0,ATP0.1,baseline_68.1292Hz_Im,0,5.604759296184979
P1_pair_plus_1.0,ATP0.1,baseline_68.1292Hz_Im,1,-0.2623670886992002
P1_pair_plus_1.0,ATP0.1,baseline_68.1292Hz_Im,2,-1.4955997906795913
P1_pair_plus_1.0,ATP0.1,baseline_68.1292Hz_Im,3,2.5632037637723926
P1_pair_plus_1.0,ATP0.1,baseline_68.1292Hz_Im,4,0.4383326023260636
P1_pair_plus_1.0,ATP0.1,baseline_68.1292Hz_Im,5,3.16435863529918
P1_pair_plus_1.0,ATP0.1,baseline_68.1292Hz_Im,6,11.621812915452166
P1_pair_plus_1.0,ATP0.1,baseline_68.1292Hz_Im,7,-1.8465419653335144
P1_pair_plus_1.0,ATP0.1,baseline_68.1292Hz_Im,8,8.694624056260203
P1_pair_plus_1.0,ATP0.1,baseline_68.1292Hz_Im,9,0.0
P1_pair_plus_1.0,ATP0.1,baseline_68.1292Hz_Im,10,0.5287655991281781
P1_pair_plus_1.0,ATP0.1,baseline_68.1292Hz_Im,11,0.10440389446308983
P1_pair_plus_1.0,ATP0.1,baseline_68.1292Hz_Im,12,0.9304718750158257
P1_pair_plus_1.0,ATP0.1,baseline_68.1292Hz_Im,13,-0.015309409695518637
P1_pair_plus_1.0,ATP0.1,baseline_stress,0,4.679225645354279
P1_pair_plus_1.0,ATP0.1,baseline_stress,1,-0.2547817389508822
P1_pair_plus_1.0,ATP0.1,baseline_stress,2,0.9056124287809552
P1_pair_plus_1.0,ATP0.1,baseline_stress,3,-0.1915483289316455
P1_pair_plus_1.0,ATP0.1,baseline_stress,4,-5.13897409821773
P1_pair_plus_1.0,ATP0.1,baseline_stress,5,0.0
P1_pair_plus_1.0,ATP0.1,baseline_stress,6,0.0
P1_pair_plus_1.0,ATP0.1,baseline_stress,7,-1.540836144986457
P1_pair_plus_1.0,ATP0.1,baseline_stress,8,7.258379080443688
P1_pair_plus_1.0,ATP0.1,baseline_stress,9,6.563039911089418
P1_pair_plus_1.0,ATP0.1,baseline_stress,10,0.0
P1_pair_plus_1.0,ATP0.1,baseline_stress,11,0.0
P1_pair_plus_1.0,ATP0.1,baseline_stress,12,2.1666157588029478
P1_pair_plus_1.0,ATP0.1,baseline_stress,13,0.1816372454221948
P1_pair_plus_1.0,ATP1,baseline_0.14678Hz_Re,0,1.898311521930651
P1_pair_plus_1.0,ATP1,baseline_0.14678Hz_Re,1,-0.10485846424490573
P1_pair_plus_1.0,ATP1,baseline_0.14678Hz_Re,2,0.36996412156042874
P1_pair_plus_1.0,ATP1,baseline_0.14678Hz_Re,3,-0.075698451729167
P1_pair_plus_1.0,ATP1,baseline_0.14678Hz_Re,4,-2.0080875833494716
P1_pair_plus_1.0,ATP1,baseline_0.14678Hz_Re,5,-0.002130483256479465
P1_pair_plus_1.0,ATP1,baseline_0.14678Hz_Re,6,0.001998957088744646
P1_pair_plus_1.0,ATP1,baseline_0.14678Hz_Re,7,2.568082592047105
P1_pair_plus_1.0,ATP1,baseline_0.14678Hz_Re,8,2.899546507451056
P1_pair_plus_1.0,ATP1,baseline_0.14678Hz_Re,9,3.693725749354115
P1_pair_plus_1.0,ATP1,baseline_0.14678Hz_Re,10,0.0015548879517268686
P1_pair_plus_1.0,ATP1,baseline_0.14678Hz_Re,11,-0.005031745198280646
P1_pair_plus_1.0,ATP1,baseline_0.14678Hz_Re,12,0.846247468277994
P1_pair_plus_1.0,ATP1,baseline_0.14678Hz_Re,13,0.07452567851728986
P1_pair_plus_1.0,ATP1,baseline_0.14678Hz_Im,0,0.004196274827616975
P1_pair_plus_1.0,ATP1,baseline_0.14678Hz_Im,1,-0.08278418452412062
P1_pair_plus_1.0,ATP1,baseline_0.14678Hz_Im,2,0.6166093073023404
P1_pair_plus_1.0,ATP1,baseline_0.14678Hz_Im,3,-0.7647711643410381
P1_pair_plus_1.0,ATP1,baseline_0.14678Hz_Im,4,2.015274688907387
P1_pair_plus_1.0,ATP1,baseline_0.14678Hz_Im,5,-0.8049977477941893
P1_pair_plus_1.0,ATP1,baseline_0.14678Hz_Im,6,1.737815434113554
P1_pair_plus_1.0,ATP1,baseline_0.14678Hz_Im,7,-2.892507017984713
P1_pair_plus_1.0,ATP1,baseline_0.14678Hz_Im,8,-1.6520918518253545
P1_pair_plus_1.0,ATP1,baseline_0.14678Hz_Im,9,0.0
P1_pair_plus_1.0,ATP1,baseline_0.14678Hz_Im,10,-0.2681769713241966
P1_pair_plus_1.0,ATP1,baseline_0.14678Hz_Im,11,-0.36575721010234646
P1_pair_plus_1.0,ATP1,baseline_0.14678Hz_Im,12,-1.2174233871731222
P1_pair_plus_1.0,ATP1,baseline_0.14678Hz_Im,13,0.08588162055400693
P1_pair_plus_1.0,ATP1,baseline_0.215443Hz_Re,0,1.9876204666147144
P1_pair_plus_1.0,ATP1,baseline_0.215443Hz_Re,1,-0.11155574890509
P1_pair_plus_1.0,ATP1,baseline_0.215443Hz_Re,2,0.3907813544756777
P1_pair_plus_1.0,ATP1,baseline_0.215443Hz_Re,3,-0.07699352924106506
P1_pair_plus_1.0,ATP1,baseline_0.215443Hz_Re,4,-2.0142546802937034
P1_pair_plus_1.0,ATP1,baseline_0.215443Hz_Re,5,-0.004737754100148095
P1_pair_plus_1.0,ATP1,baseline_0.215443Hz_Re,6,0.004392177466172598
P1_pair_plus_1.0,ATP1,baseline_0.215443Hz_Re,7,2.641041837603275
P1_pair_plus_1.0,ATP1,baseline_0.215443Hz_Re,8,2.9840894701704808
P1_pair_plus_1.0,ATP1,baseline_0.215443Hz_Re,9,3.8555320891031637
P1_pair_plus_1.0,ATP1,baseline_0.215443Hz_Re,10,0.0033918364117369033
P1_pair_plus_1.0,ATP1,baseline_0.215443Hz_Re,11,-0.011191775195484864
P1_pair_plus_1.0,ATP1,baseline_0.215443Hz_Re,12,0.8483814874171712
P1_pair_plus_1.0,ATP1,baseline_0.215443Hz_Re,13,0.07905125025686743
P1_pair_plus_1.0,ATP1,baseline_0.215443Hz_Im,0,-0.024767151662885564
P1_pair_plus_1.0,ATP1,baseline_0.215443Hz_Im,1,-0.12541903545715272
P1_pair_plus_1.0,ATP1,baseline_0.215443Hz_Im,2,0.9659846259446602
P1_pair_plus_1.0,ATP1,baseline_0.215443Hz_Im,3,-1.2015476222537735
P1_pair_plus_1.0,ATP1,baseline_0.215443Hz_Im,4,3.015800728656259
P1_pair_plus_1.0,ATP1,baseline_0.215443Hz_Im,5,-1.255406293898531
P1_pair_plus_1.0,ATP1,baseline_0.215443Hz_Im,6,2.7109948373849058
P1_pair_plus_1.0,ATP1,baseline_0.215443Hz_Im,7,-4.471773675601698
P1_pair_plus_1.0,ATP1,baseline_0.215443Hz_Im,8,-2.5315205502973726
P1_pair_plus_1.0,ATP1,baseline_0.215443Hz_Im,9,0.0
P1_pair_plus_1.0,ATP1,baseline_0.215443Hz_Im,10,-0.4241337882904261
P1_pair_plus_1.0,ATP1,baseline_0.215443Hz_Im,11,-0.5643177979353098
P1_pair_plus_1.0,ATP1,baseline_0.215443Hz_Im,12,-1.8468386742021001
P1_pair_plus_1.0,ATP1,baseline_0.215443Hz_Im,13,0.13276291040975607
P1_pair_plus_1.0,ATP1,baseline_0.316228Hz_Re,0,2.0352375173171566
P1_pair_plus_1.0,ATP1,baseline_0.316228Hz_Re,1,-0.11797050518680406
P1_pair_plus_1.0,ATP1,baseline_0.316228Hz_Re,2,0.4087384578799202
P1_pair_plus_1.0,ATP1,baseline_0.316228Hz_Re,3,-0.0744073856306926
P1_pair_plus_1.0,ATP1,baseline_0.316228Hz_Re,4,-1.8826074192013207
P1_pair_plus_1.0,ATP1,baseline_0.316228Hz_Re,5,-0.010156888974321987
P1_pair_plus_1.0,ATP1,baseline_0.316228Hz_Re,6,0.009171385162431989
P1_pair_plus_1.0,ATP1,baseline_0.316228Hz_Re,7,2.606902118018617
P1_pair_plus_1.0,ATP1,baseline_0.316228Hz_Re,8,2.9500002394433618
P1_pair_plus_1.0,ATP1,baseline_0.316228Hz_Re,9,3.9280885119730153
P1_pair_plus_1.0,ATP1,baseline_0.316228Hz_Re,10,0.0069666760360576055
P1_pair_plus_1.0,ATP1,baseline_0.316228Hz_Re,11,-0.024000088405529137
P1_pair_plus_1.0,ATP1,baseline_0.316228Hz_Re,12,0.7918628541325744
P1_pair_plus_1.0,ATP1,baseline_0.316228Hz_Re,13,0.08322073687949683
P1_pair_plus_1.0,ATP1,baseline_0.316228Hz_Im,0,-0.14693498497919677
P1_pair_plus_1.0,ATP1,baseline_0.316228Hz_Im,1,-0.19887583074806867
P1_pair_plus_1.0,ATP1,baseline_0.316228Hz_Im,2,1.6446711751383345
P1_pair_plus_1.0,ATP1,baseline_0.316228Hz_Im,3,-2.0594530602213723
P1_pair_plus_1.0,ATP1,baseline_0.316228Hz_Im,4,4.648238051030429
P1_pair_plus_1.0,ATP1,baseline_0.316228Hz_Im,5,-2.118930379135797
P1_pair_plus_1.0,ATP1,baseline_0.316228Hz_Im,6,4.578721100423344
P1_pair_plus_1.0,ATP1,baseline_0.316228Hz_Im,7,-7.408827929056282
P1_pair_plus_1.0,ATP1,baseline_0.316228Hz_Im,8,-4.113396819427351
P1_pair_plus_1.0,ATP1,baseline_0.316228Hz_Im,9,0.0
P1_pair_plus_1.0,ATP1,baseline_0.316228Hz_Im,10,-0.7365709348006176
P1_pair_plus_1.0,ATP1,baseline_0.316228Hz_Im,11,-0.9308960523313202
P1_pair_plus_1.0,ATP1,baseline_0.316228Hz_Im,12,-2.9373931826892625
P1_pair_plus_1.0,ATP1,baseline_0.316228Hz_Im,13,0.21993095571382068
P1_pair_plus_1.0,ATP1,baseline_0.464159Hz_Re,0,2.043373916160718
P1_pair_plus_1.0,ATP1,baseline_0.464159Hz_Re,1,-0.12596192253688798
P1_pair_plus_1.0,ATP1,baseline_0.464159Hz_Re,2,0.43334329000721533
P1_pair_plus_1.0,ATP1,baseline_0.464159Hz_Re,3,-0.06746198892848554
P1_pair_plus_1.0,ATP1,baseline_0.464159Hz_Re,4,-1.558161504644495
P1_pair_plus_1.0,ATP1,baseline_0.464159Hz_Re,5,-0.02083888084314367
P1_pair_plus_1.0,ATP1,baseline_0.464159Hz_Re,6,0.01774193916226352
P1_pair_plus_1.0,ATP1,baseline_0.464159Hz_Re,7,2.4379835598331567
P1_pair_plus_1.0,ATP1,baseline_0.464159Hz_Re,8,2.767349607712965
P1_pair_plus_1.0,ATP1,baseline_0.464159Hz_Re,9,3.9266592330111645
P1_pair_plus_1.0,ATP1,baseline_0.464159Hz_Re,10,0.012944074878618038
P1_pair_plus_1.0,ATP1,baseline_0.464159Hz_Re,11,-0.04924058520927587
P1_pair_plus_1.0,ATP1,baseline_0.464159Hz_Re,12,0.6528219518742162
P1_pair_plus_1.0,ATP1,baseline_0.464159Hz_Re,13,0.08860119069531434
P1_pair_plus_1.0,ATP1,baseline_0.464159Hz_Im,0,-0.45305452878174884
P1_pair_plus_1.0,ATP1,baseline_0.464159Hz_Im,1,-0.23334608661995657
P1_pair_plus_1.0,ATP1,baseline_0.464159Hz_Im,2,2.2404942890741353
P1_pair_plus_1.0,ATP1,baseline_0.464159Hz_Im,3,-2.8514882093988443
P1_pair_plus_1.0,ATP1,baseline_0.464159Hz_Im,4,5.077224870553287
P1_pair_plus_1.0,ATP1,baseline_0.464159Hz_Im,5,-2.8455648079850344
P1_pair_plus_1.0,ATP1,baseline_0.464159Hz_Im,6,6.156997790107698
P1_pair_plus_1.0,ATP1,baseline_0.464159Hz_Im,7,-9.568335354392943
P1_pair_plus_1.0,ATP1,baseline_0.464159Hz_Im,8,-5.086367109374823
P1_pair_plus_1.0,ATP1,baseline_0.464159Hz_Im,9,0.0
P1_pair_plus_1.0,ATP1,baseline_0.464159Hz_Im,10,-1.0444645568208344
P1_pair_plus_1.0,ATP1,baseline_0.464159Hz_Im,11,-1.1908957065598358
P1_pair_plus_1.0,ATP1,baseline_0.464159Hz_Im,12,-3.472086755174075
P1_pair_plus_1.0,ATP1,baseline_0.464159Hz_Im,13,0.2839477194704898
P1_pair_plus_1.0,ATP1,baseline_0.681292Hz_Re,0,2.1388745012007604
P1_pair_plus_1.0,ATP1,baseline_0.681292Hz_Re,1,-0.14686966622878828
P1_pair_plus_1.0,ATP1,baseline_0.681292Hz_Re,2,0.5225035572209435
P1_pair_plus_1.0,ATP1,baseline_0.681292Hz_Re,3,-0.06352674746246123
P1_pair_plus_1.0,ATP1,baseline_0.681292Hz_Re,4,-1.0736573657910142
P1_pair_plus_1.0,ATP1,baseline_0.681292Hz_Re,5,-0.04328346867588095
P1_pair_plus_1.0,ATP1,baseline_0.681292Hz_Re,6,0.03212514023687163
P1_pair_plus_1.0,ATP1,baseline_0.681292Hz_Re,7,2.252664943136473
P1_pair_plus_1.0,ATP1,baseline_0.681292Hz_Re,8,2.5715846891483096
P1_pair_plus_1.0,ATP1,baseline_0.681292Hz_Re,9,4.161284916648356
P1_pair_plus_1.0,ATP1,baseline_0.681292Hz_Re,10,0.02085625299130811
P1_pair_plus_1.0,ATP1,baseline_0.681292Hz_Re,11,-0.10197975139902836
P1_pair_plus_1.0,ATP1,baseline_0.681292Hz_Re,12,0.44236980740741666
P1_pair_plus_1.0,ATP1,baseline_0.681292Hz_Re,13,0.10474356249012827
P1_pair_plus_1.0,ATP1,baseline_0.681292Hz_Im,0,-1.019527912893281
P1_pair_plus_1.0,ATP1,baseline_0.681292Hz_Im,1,-0.21395376118560347
P1_pair_plus_1.0,ATP1,baseline_0.681292Hz_Im,2,2.802036954552278
P1_pair_plus_1.0,ATP1,baseline_0.681292Hz_Im,3,-3.714392201459304
P1_pair_plus_1.0,ATP1,baseline_0.681292Hz_Im,4,3.700235497328119
P1_pair_plus_1.0,ATP1,baseline_0.681292Hz_Im,5,-3.506739244518719
P1_pair_plus_1.0,ATP1,baseline_0.681292Hz_Im,6,7.60664666934474
P1_pair_plus_1.0,ATP1,baseline_0.681292Hz_Im,7,-10.883886637935712
P1_pair_plus_1.0,ATP1,baseline_0.681292Hz_Im,8,-5.226351098708282
P1_pair_plus_1.0,ATP1,baseline_0.681292Hz_Im,9,0.0
P1_pair_plus_1.0,ATP1,baseline_0.681292Hz_Im,10,-1.411028850206719
P1_pair_plus_1.0,ATP1,baseline_0.681292Hz_Im,11,-1.326731404382997
P1_pair_plus_1.0,ATP1,baseline_0.681292Hz_Im,12,-3.2469364105391914
P1_pair_plus_1.0,ATP1,baseline_0.681292Hz_Im,13,0.3226630311603529
P1_pair_plus_1.0,ATP1,baseline_1Hz_Re,0,2.0427440594605883
P1_pair_plus_1.0,ATP1,baseline_1Hz_Re,1,-0.1666699043889608
P1_pair_plus_1.0,ATP1,baseline_1Hz_Re,2,0.6980115376808981
P1_pair_plus_1.0,ATP1,baseline_1Hz_Re,3,-0.07788524141183473
P1_pair_plus_1.0,ATP1,baseline_1Hz_Re,4,-0.31951600898416643
P1_pair_plus_1.0,ATP1,baseline_1Hz_Re,5,-0.08196674796678849
P1_pair_plus_1.0,ATP1,baseline_1Hz_Re,6,0.04268306263988108
P1_pair_plus_1.0,ATP1,baseline_1Hz_Re,7,1.7791591220506218
P1_pair_plus_1.0,ATP1,baseline_1Hz_Re,8,2.047096517099334
P1_pair_plus_1.0,ATP1,baseline_1Hz_Re,9,4.313771763397867
P1_pair_plus_1.0,ATP1,baseline_1Hz_Re,10,0.015508191708590855
P1_pair_plus_1.0,ATP1,baseline_1Hz_Re,11,-0.18950108979787214
P1_pair_plus_1.0,ATP1,baseline_1Hz_Re,12,0.10582517129265055
P1_pair_plus_1.0,ATP1,baseline_1Hz_Re,13,0.1276200420008422
P1_pair_plus_1.0,ATP1,baseline_1Hz_Im,0,-2.2378571639558587
P1_pair_plus_1.0,ATP1,baseline_1Hz_Im,1,-0.17248110232292999
P1_pair_plus_1.0,ATP1,baseline_1Hz_Im,2,4.436231249416167
P1_pair_plus_1.0,ATP1,baseline_1Hz_Im,3,-6.495688931651421
P1_pair_plus_1.0,ATP1,baseline_1Hz_Im,4,-0.16086092875511326
P1_pair_plus_1.0,ATP1,baseline_1Hz_Im,5,-5.640680413332432
P1_pair_plus_1.0,ATP1,baseline_1Hz_Im,6,12.288294999340808
P1_pair_plus_1.0,ATP1,baseline_1Hz_Im,7,-14.97716705174401
P1_pair_plus_1.0,ATP1,baseline_1Hz_Im,8,-5.503198604450698
P1_pair_plus_1.0,ATP1,baseline_1Hz_Im,9,0.0
P1_pair_plus_1.0,ATP1,baseline_1Hz_Im,10,-2.5681235503061117
P1_pair_plus_1.0,ATP1,baseline_1Hz_Im,11,-1.7424050115844023
P1_pair_plus_1.0,ATP1,baseline_1Hz_Im,12,-2.773991608950865
P1_pair_plus_1.0,ATP1,baseline_1Hz_Im,13,0.44156735143907605
P1_pair_plus_1.0,ATP1,baseline_1.4678Hz_Re,0,1.623473061851399
P1_pair_plus_1.0,ATP1,baseline_1.4678Hz_Re,1,-0.17208511817745628
P1_pair_plus_1.0,ATP1,baseline_1.4678Hz_Re,2,1.0731006972797275
P1_pair_plus_1.0,ATP1,baseline_1.4678Hz_Re,3,-0.1965461277286806
P1_pair_plus_1.0,ATP1,baseline_1.4678Hz_Re,4,0.3723205250993899
P1_pair_plus_1.0,ATP1,baseline_1.4678Hz_Re,5,-0.14690596956690172
P1_pair_plus_1.0,ATP1,baseline_1.4678Hz_Re,6,0.020470532047234258
P1_pair_plus_1.0,ATP1,baseline_1.4678Hz_Re,7,1.10010359788415
P1_pair_plus_1.0,ATP1,baseline_1.4678Hz_Re,8,1.2602850100629226
P1_pair_plus_1.0,ATP1,baseline_1.4678Hz_Re,9,4.485824079658585
P1_pair_plus_1.0,ATP1,baseline_1.4678Hz_Re,10,-0.052458324883986045
P1_pair_plus_1.0,ATP1,baseline_1.4678Hz_Re,11,-0.3102286532552512
P1_pair_plus_1.0,ATP1,baseline_1.4678Hz_Re,12,-0.249109201622133
P1_pair_plus_1.0,ATP1,baseline_1.4678Hz_Re,13,0.1611340187501753
P1_pair_plus_1.0,ATP1,baseline_1.4678Hz_Im,0,-1.8836940475330797
P1_pair_plus_1.0,ATP1,baseline_1.4678Hz_Im,1,-0.004352668259155479
P1_pair_plus_1.0,ATP1,baseline_1.4678Hz_Im,2,4.196477056456205
P1_pair_plus_1.0,ATP1,baseline_1.4678Hz_Im,3,-7.687932983702072
P1_pair_plus_1.0,ATP1,baseline_1.4678Hz_Im,4,-7.503827516153193
P1_pair_plus_1.0,ATP1,baseline_1.4678Hz_Im,5,-6.130285531463774
P1_pair_plus_1.0,ATP1,baseline_1.4678Hz_Im,6,13.446561841543025
P1_pair_plus_1.0,ATP1,baseline_1.4678Hz_Im,7,-12.343490773195075
P1_pair_plus_1.0,ATP1,baseline_1.4678Hz_Im,8,-1.457306960531146
P1_pair_plus_1.0,ATP1,baseline_1.4678Hz_Im,9,0.0
P1_pair_plus_1.0,ATP1,baseline_1.4678Hz_Im,10,-3.099066525241722
P1_pair_plus_1.0,ATP1,baseline_1.4678Hz_Im,11,-1.2874058080702966
P1_pair_plus_1.0,ATP1,baseline_1.4678Hz_Im,12,-0.0804027779577332
P1_pair_plus_1.0,ATP1,baseline_1.4678Hz_Im,13,0.3515299524303738
P1_pair_plus_1.0,ATP1,baseline_2.15443Hz_Re,0,0.8224768915265911
P1_pair_plus_1.0,ATP1,baseline_2.15443Hz_Re,1,-0.13219313605983274
P1_pair_plus_1.0,ATP1,baseline_2.15443Hz_Re,2,1.6462654065740876
P1_pair_plus_1.0,ATP1,baseline_2.15443Hz_Re,3,-0.6015764347999664
P1_pair_plus_1.0,ATP1,baseline_2.15443Hz_Re,4,0.5181139935528378
P1_pair_plus_1.0,ATP1,baseline_2.15443Hz_Re,5,-0.2719323005884178
P1_pair_plus_1.0,ATP1,baseline_2.15443Hz_Re,6,-0.056847667484483104
P1_pair_plus_1.0,ATP1,baseline_2.15443Hz_Re,7,0.3815738694790127
P1_pair_plus_1.0,ATP1,baseline_2.15443Hz_Re,8,0.3778273739873938
P1_pair_plus_1.0,ATP1,baseline_2.15443Hz_Re,9,4.462802444749059
P1_pair_plus_1.0,ATP1,baseline_2.15443Hz_Re,10,-0.2718238791832306
P1_pair_plus_1.0,ATP1,baseline_2.15443Hz_Re,11,-0.4150680517955862
P1_pair_plus_1.0,ATP1,baseline_2.15443Hz_Re,12,-0.49031685884770576
P1_pair_plus_1.0,ATP1,baseline_2.15443Hz_Re,13,0.19227500791529903
P1_pair_plus_1.0,ATP1,baseline_2.15443Hz_Im,0,0.3573713720950166
P1_pair_plus_1.0,ATP1,baseline_2.15443Hz_Im,1,0.04574769308374193
P1_pair_plus_1.0,ATP1,baseline_2.15443Hz_Im,2,2.0657418266956107
P1_pair_plus_1.0,ATP1,baseline_2.15443Hz_Im,3,-6.231798910516505
P1_pair_plus_1.0,ATP1,baseline_2.15443Hz_Im,4,-10.215086198889223
P1_pair_plus_1.0,ATP1,baseline_2.15443Hz_Im,5,-4.880556228048505
P1_pair_plus_1.0,ATP1,baseline_2.15443Hz_Im,6,10.84832738296182
P1_pair_plus_1.0,ATP1,baseline_2.15443Hz_Im,7,-6.479528811215162
P1_pair_plus_1.0,ATP1,baseline_2.15443Hz_Im,8,2.7496623608846966
P1_pair_plus_1.0,ATP1,baseline_2.15443Hz_Im,9,0.0
P1_pair_plus_1.0,ATP1,baseline_2.15443Hz_Im,10,-2.4459916251884373
P1_pair_plus_1.0,ATP1,baseline_2.15443Hz_Im,11,-0.5122613915831131
P1_pair_plus_1.0,ATP1,baseline_2.15443Hz_Im,12,1.7445642112923208
P1_pair_plus_1.0,ATP1,baseline_2.15443Hz_Im,13,0.1530908536384601
P1_pair_plus_1.0,ATP1,baseline_3.16228Hz_Re,0,0.11815690730276883
P1_pair_plus_1.0,ATP1,baseline_3.16228Hz_Re,1,-0.05293353769753039
P1_pair_plus_1.0,ATP1,baseline_3.16228Hz_Re,2,2.0399371717827464
P1_pair_plus_1.0,ATP1,baseline_3.16228Hz_Re,3,-1.4009476476006808
P1_pair_plus_1.0,ATP1,baseline_3.16228Hz_Re,4,-0.2126606411745335
P1_pair_plus_1.0,ATP1,baseline_3.16228Hz_Re,5,-0.5870641514027497
P1_pair_plus_1.0,ATP1,baseline_3.16228Hz_Re,6,-0.028173608690451598
P1_pair_plus_1.0,ATP1,baseline_3.16228Hz_Re,7,-0.0939935375643408
P1_pair_plus_1.0,ATP1,baseline_3.16228Hz_Re,8,-0.1321859282810145
P1_pair_plus_1.0,ATP1,baseline_3.16228Hz_Re,9,4.032851353774625
P1_pair_plus_1.0,ATP1,baseline_3.16228Hz_Re,10,-0.6492407086833296
P1_pair_plus_1.0,ATP1,baseline_3.16228Hz_Re,11,-0.43209870728144745
P1_pair_plus_1.0,ATP1,baseline_3.16228Hz_Re,12,-0.5203329346281649
P1_pair_plus_1.0,ATP1,baseline_3.16228Hz_Re,13,0.19205469505845227
P1_pair_plus_1.0,ATP1,baseline_3.16228Hz_Im,0,2.565808317034346
P1_pair_plus_1.0,ATP1,baseline_3.16228Hz_Im,1,-0.03756301597546141
P1_pair_plus_1.0,ATP1,baseline_3.16228Hz_Im,2,0.2179067847274396
P1_pair_plus_1.0,ATP1,baseline_3.16228Hz_Im,3,-5.158904013335963
P1_pair_plus_1.0,ATP1,baseline_3.16228Hz_Im,4,-11.321007948195126
P1_pair_plus_1.0,ATP1,baseline_3.16228Hz_Im,5,-4.540749402459632
P1_pair_plus_1.0,ATP1,baseline_3.16228Hz_Im,6,10.481719749766416
P1_pair_plus_1.0,ATP1,baseline_3.16228Hz_Im,7,-3.742916510418581
P1_pair_plus_1.0,ATP1,baseline_3.16228Hz_Im,8,5.4975202866791575
P1_pair_plus_1.0,ATP1,baseline_3.16228Hz_Im,9,0.0
P1_pair_plus_1.0,ATP1,baseline_3.16228Hz_Im,10,-1.843446219318423
P1_pair_plus_1.0,ATP1,baseline_3.16228Hz_Im,11,-0.12381141254458326
P1_pair_plus_1.0,ATP1,baseline_3.16228Hz_Im,12,2.6986891070945873
P1_pair_plus_1.0,ATP1,baseline_3.16228Hz_Im,13,0.033819588329819794
P1_pair_plus_1.0,ATP1,baseline_4.64159Hz_Re,0,0.1078037555224398
P1_pair_plus_1.0,ATP1,baseline_4.64159Hz_Re,1,-0.004488231708510426
P1_pair_plus_1.0,ATP1,baseline_4.64159Hz_Re,2,1.8947882704400951
P1_pair_plus_1.0,ATP1,baseline_4.64159Hz_Re,3,-2.5400527331687073
P1_pair_plus_1.0,ATP1,baseline_4.64159Hz_Re,4,-2.097990771754432
P1_pair_plus_1.0,ATP1,baseline_4.64159Hz_Re,5,-1.4094383580687262
P1_pair_plus_1.0,ATP1,baseline_4.64159Hz_Re,6,0.6188624676384258
P1_pair_plus_1.0,ATP1,baseline_4.64159Hz_Re,7,-0.3330319232608403
P1_pair_plus_1.0,ATP1,baseline_4.64159Hz_Re,8,0.19816213217005438
P1_pair_plus_1.0,ATP1,baseline_4.64159Hz_Re,9,3.6214039386361914
P1_pair_plus_1.0,ATP1,baseline_4.64159Hz_Re,10,-1.0701526231837732
P1_pair_plus_1.0,ATP1,baseline_4.64159Hz_Re,11,-0.3899635164117398
P1_pair_plus_1.0,ATP1,baseline_4.64159Hz_Re,12,-0.1935111062723038
P1_pair_plus_1.0,ATP1,baseline_4.64159Hz_Re,13,0.15977380116716233
P1_pair_plus_1.0,ATP1,baseline_4.64159Hz_Im,0,4.284449718072736
P1_pair_plus_1.0,ATP1,baseline_4.64159Hz_Im,1,-0.17768691495945174
P1_pair_plus_1.0,ATP1,baseline_4.64159Hz_Im,2,-1.1849359236926205
P1_pair_plus_1.0,ATP1,baseline_4.64159Hz_Im,3,-3.762475142066179
P1_pair_plus_1.0,ATP1,baseline_4.64159Hz_Im,4,-11.534032045323881
P1_pair_plus_1.0,ATP1,baseline_4.64159Hz_Im,5,-4.303039701447631
P1_pair_plus_1.0,ATP1,baseline_4.64159Hz_Im,6,11.082392328209954
P1_pair_plus_1.0,ATP1,baseline_4.64159Hz_Im,7,-2.563701050783962
P1_pair_plus_1.0,ATP1,baseline_4.64159Hz_Im,8,7.385155332895187
P1_pair_plus_1.0,ATP1,baseline_4.64159Hz_Im,9,0.0
P1_pair_plus_1.0,ATP1,baseline_4.64159Hz_Im,10,-1.0953271120772712
P1_pair_plus_1.0,ATP1,baseline_4.64159Hz_Im,11,0.06277780366659158
P1_pair_plus_1.0,ATP1,baseline_4.64159Hz_Im,12,3.403464165518954
P1_pair_plus_1.0,ATP1,baseline_4.64159Hz_Im,13,-0.024696897193976493
P1_pair_plus_1.0,ATP1,baseline_6.81292Hz_Re,0,0.8978860932318254
P1_pair_plus_1.0,ATP1,baseline_6.81292Hz_Re,1,-0.033839247670641726
P1_pair_plus_1.0,ATP1,baseline_6.81292Hz_Re,2,0.9924756659618338
P1_pair_plus_1.0,ATP1,baseline_6.81292Hz_Re,3,-3.1171940421792494
P1_pair_plus_1.0,ATP1,baseline_6.81292Hz_Re,4,-4.683692452811528
P1_pair_plus_1.0,ATP1,baseline_6.81292Hz_Re,5,-2.4701351152733864
P1_pair_plus_1.0,ATP1,baseline_6.81292Hz_Re,6,2.2570696312840255
P1_pair_plus_1.0,ATP1,baseline_6.81292Hz_Re,7,-0.5276793703878901
P1_pair_plus_1.0,ATP1,baseline_6.81292Hz_Re,8,1.49781907380353
P1_pair_plus_1.0,ATP1,baseline_6.81292Hz_Re,9,2.8307623083811957
P1_pair_plus_1.0,ATP1,baseline_6.81292Hz_Re,10,-1.1224342622240258
P1_pair_plus_1.0,ATP1,baseline_6.81292Hz_Re,11,-0.2694676297210208
P1_pair_plus_1.0,ATP1,baseline_6.81292Hz_Re,12,0.6860988754908702
P1_pair_plus_1.0,ATP1,baseline_6.81292Hz_Re,13,0.09681162387309426
P1_pair_plus_1.0,ATP1,baseline_6.81292Hz_Im,0,5.594174293799269
P1_pair_plus_1.0,ATP1,baseline_6.81292Hz_Im,1,-0.3060223948025964
P1_pair_plus_1.0,ATP1,baseline_6.81292Hz_Im,2,-1.7565504359051685
P1_pair_plus_1.0,ATP1,baseline_6.81292Hz_Im,3,-2.1333787294519624
P1_pair_plus_1.0,ATP1,baseline_6.81292Hz_Im,4,-11.072159766278842
P1_pair_plus_1.0,ATP1,baseline_6.81292Hz_Im,5,-3.679843810600047
P1_pair_plus_1.0,ATP1,baseline_6.81292Hz_Im,6,12.43598402982382
P1_pair_plus_1.0,ATP1,baseline_6.81292Hz_Im,7,-2.2666383650005173
P1_pair_plus_1.0,ATP1,baseline_6.81292Hz_Im,8,8.975677985212371
P1_pair_plus_1.0,ATP1,baseline_6.81292Hz_Im,9,0.0
P1_pair_plus_1.0,ATP1,baseline_6.81292Hz_Im,10,-0.3597939187027776
P1_pair_plus_1.0,ATP1,baseline_6.81292Hz_Im,11,0.144250459044315
P1_pair_plus_1.0,ATP1,baseline_6.81292Hz_Im,12,3.914574804131376
P1_pair_plus_1.0,ATP1,baseline_6.81292Hz_Im,13,-0.018857171868447153
P1_pair_plus_1.0,ATP1,baseline_10Hz_Re,0,2.1324339695372174
P1_pair_plus_1.0,ATP1,baseline_10Hz_Re,1,-0.11320289423633055
P1_pair_plus_1.0,ATP1,baseline_10Hz_Re,2,0.30128002337370674
P1_pair_plus_1.0,ATP1,baseline_10Hz_Re,3,-3.023953725467265
P1_pair_plus_1.0,ATP1,baseline_10Hz_Re,4,-6.935583434142244
P1_pair_plus_1.0,ATP1,baseline_10Hz_Re,5,-3.194046830445884
P1_pair_plus_1.0,ATP1,baseline_10Hz_Re,6,4.6533563343276185
P1_pair_plus_1.0,ATP1,baseline_10Hz_Re,7,-0.8294265668951083
P1_pair_plus_1.0,ATP1,baseline_10Hz_Re,8,3.3796795087415172
P1_pair_plus_1.0,ATP1,baseline_10Hz_Re,9,2.282985104606894
P1_pair_plus_1.0,ATP1,baseline_10Hz_Re,10,-0.9031405190818019
P1_pair_plus_1.0,ATP1,baseline_10Hz_Re,11,-0.16733508316768564
P1_pair_plus_1.0,ATP1,baseline_10Hz_Re,12,1.713085532539793
P1_pair_plus_1.0,ATP1,baseline_10Hz_Re,13,0.07228157419270076
P1_pair_plus_1.0,ATP1,baseline_10Hz_Im,0,7.004757867212773
P1_pair_plus_1.0,ATP1,baseline_10Hz_Im,1,-0.4189083181449504
P1_pair_plus_1.0,ATP1,baseline_10Hz_Im,2,-1.8345828839638754
P1_pair_plus_1.0,ATP1,baseline_10Hz_Im,3,-0.3598032317420063
P1_pair_plus_1.0,ATP1,baseline_10Hz_Im,4,-9.854802075315305
P1_pair_plus_1.0,ATP1,baseline_10Hz_Im,5,-2.327921891209783
P1_pair_plus_1.0,ATP1,baseline_10Hz_Im,6,14.84291680295957
P1_pair_plus_1.0,ATP1,baseline_10Hz_Im,7,-2.468054455695423
P1_pair_plus_1.0,ATP1,baseline_10Hz_Im,8,10.980620148282048
P1_pair_plus_1.0,ATP1,baseline_10Hz_Im,9,0.0
P1_pair_plus_1.0,ATP1,baseline_10Hz_Im,10,0.2526340725950149
P1_pair_plus_1.0,ATP1,baseline_10Hz_Im,11,0.19131965292018546
P1_pair_plus_1.0,ATP1,baseline_10Hz_Im,12,4.158113547569897
P1_pair_plus_1.0,ATP1,baseline_10Hz_Im,13,0.02167877237724269
P1_pair_plus_1.0,ATP1,baseline_14.678Hz_Re,0,3.460541114863602
P1_pair_plus_1.0,ATP1,baseline_14.678Hz_Re,1,-0.20078588411909234
P1_pair_plus_1.0,ATP1,baseline_14.678Hz_Re,2,-0.0028866387502546327
P1_pair_plus_1.0,ATP1,baseline_14.678Hz_Re,3,-2.4257759671630907
P1_pair_plus_1.0,ATP1,baseline_14.678Hz_Re,4,-7.996187234282636
P1_pair_plus_1.0,ATP1,baseline_14.678Hz_Re,5,-3.123349357547766
P1_pair_plus_1.0,ATP1,baseline_14.678Hz_Re,6,7.291030285938581
P1_pair_plus_1.0,ATP1,baseline_14.678Hz_Re,7,-1.2021070342704832
P1_pair_plus_1.0,ATP1,baseline_14.678Hz_Re,8,5.405367049071685
P1_pair_plus_1.0,ATP1,baseline_14.678Hz_Re,9,2.001615672941881
P1_pair_plus_1.0,ATP1,baseline_14.678Hz_Re,10,-0.6066423624329076
P1_pair_plus_1.0,ATP1,baseline_14.678Hz_Re,11,-0.09732992496402913
P1_pair_plus_1.0,ATP1,baseline_14.678Hz_Re,12,2.4394933436866495
P1_pair_plus_1.0,ATP1,baseline_14.678Hz_Re,13,0.08342989237242193
P1_pair_plus_1.0,ATP1,baseline_14.678Hz_Im,0,7.426534029697506
P1_pair_plus_1.0,ATP1,baseline_14.678Hz_Im,1,-0.45787339915115405
P1_pair_plus_1.0,ATP1,baseline_14.678Hz_Im,2,-1.779017890424228
P1_pair_plus_1.0,ATP1,baseline_14.678Hz_Im,3,1.3890152036566403
P1_pair_plus_1.0,ATP1,baseline_14.678Hz_Im,4,-6.436054257008549
P1_pair_plus_1.0,ATP1,baseline_14.678Hz_Im,5,-0.11427654484919002
P1_pair_plus_1.0,ATP1,baseline_14.678Hz_Im,6,15.507696786642986
P1_pair_plus_1.0,ATP1,baseline_14.678Hz_Im,7,-2.5020216509519244
P1_pair_plus_1.0,ATP1,baseline_14.678Hz_Im,8,11.558815869494586
P1_pair_plus_1.0,ATP1,baseline_14.678Hz_Im,9,0.0
P1_pair_plus_1.0,ATP1,baseline_14.678Hz_Im,10,0.6393760739076271
P1_pair_plus_1.0,ATP1,baseline_14.678Hz_Im,11,0.19759312990252906
P1_pair_plus_1.0,ATP1,baseline_14.678Hz_Im,12,3.4267679995814144
P1_pair_plus_1.0,ATP1,baseline_14.678Hz_Im,13,0.04254684351501225
P1_pair_plus_1.0,ATP1,baseline_21.5443Hz_Re,0,4.8204969518739205
P1_pair_plus_1.0,ATP1,baseline_21.5443Hz_Re,1,-0.29100298699624716
P1_pair_plus_1.0,ATP1,baseline_21.5443Hz_Re,2,-0.2543977702718081
P1_pair_plus_1.0,ATP1,baseline_21.5443Hz_Re,3,-1.7036443180629133
P1_pair_plus_1.0,ATP1,baseline_21.5443Hz_Re,4,-8.254504010452024
P1_pair_plus_1.0,ATP1,baseline_21.5443Hz_Re,5,-2.5824108671912427
P1_pair_plus_1.0,ATP1,baseline_21.5443Hz_Re,6,10.052109354008465
P1_pair_plus_1.0,ATP1,baseline_21.5443Hz_Re,7,-1.6184722624101864
P1_pair_plus_1.0,ATP1,baseline_21.5443Hz_Re,8,7.4962098918884825
P1_pair_plus_1.0,ATP1,baseline_21.5443Hz_Re,9,1.9598288580002785
P1_pair_plus_1.0,ATP1,baseline_21.5443Hz_Re,10,-0.37027075130424686
P1_pair_plus_1.0,ATP1,baseline_21.5443Hz_Re,11,-0.055183041069994936
P1_pair_plus_1.0,ATP1,baseline_21.5443Hz_Re,12,2.8688403125531887
P1_pair_plus_1.0,ATP1,baseline_21.5443Hz_Re,13,0.10006507520365913
P1_pair_plus_1.0,ATP1,baseline_21.5443Hz_Im,0,6.652707116971967
P1_pair_plus_1.0,ATP1,baseline_21.5443Hz_Im,1,-0.4168542169669109
P1_pair_plus_1.0,ATP1,baseline_21.5443Hz_Im,2,-1.903310983264461
P1_pair_plus_1.0,ATP1,baseline_21.5443Hz_Im,3,2.2728126122917303
P1_pair_plus_1.0,ATP1,baseline_21.5443Hz_Im,4,-2.8886420209595083
P1_pair_plus_1.0,ATP1,baseline_21.5443Hz_Im,5,1.4552828368596946
P1_pair_plus_1.0,ATP1,baseline_21.5443Hz_Im,6,13.827669999355583
P1_pair_plus_1.0,ATP1,baseline_21.5443Hz_Im,7,-2.2088749730420076
P1_pair_plus_1.0,ATP1,baseline_21.5443Hz_Im,8,10.331516535422303
P1_pair_plus_1.0,ATP1,baseline_21.5443Hz_Im,9,0.0
P1_pair_plus_1.0,ATP1,baseline_21.5443Hz_Im,10,0.7052540092367109
P1_pair_plus_1.0,ATP1,baseline_21.5443Hz_Im,11,0.1668879984872973
P1_pair_plus_1.0,ATP1,baseline_21.5443Hz_Im,12,2.2602804249594044
P1_pair_plus_1.0,ATP1,baseline_21.5443Hz_Im,13,0.01509651932352085
P1_pair_plus_1.0,ATP1,baseline_31.6228Hz_Re,0,5.71299530087721
P1_pair_plus_1.0,ATP1,baseline_31.6228Hz_Re,1,-0.35537744795810505
P1_pair_plus_1.0,ATP1,baseline_31.6228Hz_Re,2,-0.6705734536982533
P1_pair_plus_1.0,ATP1,baseline_31.6228Hz_Re,3,-0.9804536362345572
P1_pair_plus_1.0,ATP1,baseline_31.6228Hz_Re,4,-7.654439256943312
P1_pair_plus_1.0,ATP1,baseline_31.6228Hz_Re,5,-1.8750954466018042
P1_pair_plus_1.0,ATP1,baseline_31.6228Hz_Re,6,11.871593741341611
P1_pair_plus_1.0,ATP1,baseline_31.6228Hz_Re,7,-1.8958343811048548
P1_pair_plus_1.0,ATP1,baseline_31.6228Hz_Re,8,8.87065386692143
P1_pair_plus_1.0,ATP1,baseline_31.6228Hz_Re,9,1.8983182210163816
P1_pair_plus_1.0,ATP1,baseline_31.6228Hz_Re,10,-0.19496156191678435
P1_pair_plus_1.0,ATP1,baseline_31.6228Hz_Re,11,-0.028028935528112694
P1_pair_plus_1.0,ATP1,baseline_31.6228Hz_Re,12,2.9227426758371418
P1_pair_plus_1.0,ATP1,baseline_31.6228Hz_Re,13,0.09220939416465511
P1_pair_plus_1.0,ATP1,baseline_31.6228Hz_Im,0,6.236858800479083
P1_pair_plus_1.0,ATP1,baseline_31.6228Hz_Im,1,-0.38586829200770717
P1_pair_plus_1.0,ATP1,baseline_31.6228Hz_Im,2,-2.2483285116337015
P1_pair_plus_1.0,ATP1,baseline_31.6228Hz_Im,3,2.6306359843797367
P1_pair_plus_1.0,ATP1,baseline_31.6228Hz_Im,4,-0.9622012560495107
P1_pair_plus_1.0,ATP1,baseline_31.6228Hz_Im,5,2.2035466234804346
P1_pair_plus_1.0,ATP1,baseline_31.6228Hz_Im,6,12.942848593477938
P1_pair_plus_1.0,ATP1,baseline_31.6228Hz_Im,7,-2.0602388395962734
P1_pair_plus_1.0,ATP1,baseline_31.6228Hz_Im,8,9.678639091559305
P1_pair_plus_1.0,ATP1,baseline_31.6228Hz_Im,9,0.0
P1_pair_plus_1.0,ATP1,baseline_31.6228Hz_Im,10,0.6760831541274825
P1_pair_plus_1.0,ATP1,baseline_31.6228Hz_Im,11,0.1433254700700104
P1_pair_plus_1.0,ATP1,baseline_31.6228Hz_Im,12,1.5733321799160647
P1_pair_plus_1.0,ATP1,baseline_31.6228Hz_Im,13,-0.026568562372375478
P1_pair_plus_1.0,ATP1,baseline_46.4159Hz_Re,0,6.217755423731929
P1_pair_plus_1.0,ATP1,baseline_46.4159Hz_Re,1,-0.391244913156008
P1_pair_plus_1.0,ATP1,baseline_46.4159Hz_Re,2,-1.1125905995168495
P1_pair_plus_1.0,ATP1,baseline_46.4159Hz_Re,3,-0.4696690959260507
P1_pair_plus_1.0,ATP1,baseline_46.4159Hz_Re,4,-6.950347528733579
P1_pair_plus_1.0,ATP1,baseline_46.4159Hz_Re,5,-1.3440010547594028
P1_pair_plus_1.0,ATP1,baseline_46.4159Hz_Re,6,12.903298542199513
P1_pair_plus_1.0,ATP1,baseline_46.4159Hz_Re,7,-2.0541112245586746
P1_pair_plus_1.0,ATP1,baseline_46.4159Hz_Re,8,9.648874127021756
P1_pair_plus_1.0,ATP1,baseline_46.4159Hz_Re,9,1.8287350089352115
P1_pair_plus_1.0,ATP1,baseline_46.4159Hz_Re,10,-0.09436539012419586
P1_pair_plus_1.0,ATP1,baseline_46.4159Hz_Re,11,-0.013336379156569931
P1_pair_plus_1.0,ATP1,baseline_46.4159Hz_Re,12,2.838075397804118
P1_pair_plus_1.0,ATP1,baseline_46.4159Hz_Re,13,0.07032012034891011
P1_pair_plus_1.0,ATP1,baseline_46.4159Hz_Im,0,5.960107095859256
P1_pair_plus_1.0,ATP1,baseline_46.4159Hz_Im,1,-0.33736946003504187
P1_pair_plus_1.0,ATP1,baseline_46.4159Hz_Im,2,-2.198804056430248
P1_pair_plus_1.0,ATP1,baseline_46.4159Hz_Im,3,2.691613087391076
P1_pair_plus_1.0,ATP1,baseline_46.4159Hz_Im,4,0.002481190208847295
P1_pair_plus_1.0,ATP1,baseline_46.4159Hz_Im,5,2.689596904748015
P1_pair_plus_1.0,ATP1,baseline_46.4159Hz_Im,6,12.36137041502605
P1_pair_plus_1.0,ATP1,baseline_46.4159Hz_Im,7,-1.9650603556131683
P1_pair_plus_1.0,ATP1,baseline_46.4159Hz_Im,8,9.24676584499462
P1_pair_plus_1.0,ATP1,baseline_46.4159Hz_Im,9,0.0
P1_pair_plus_1.0,ATP1,baseline_46.4159Hz_Im,10,0.609295537357113
P1_pair_plus_1.0,ATP1,baseline_46.4159Hz_Im,11,0.12301115708268638
P1_pair_plus_1.0,ATP1,baseline_46.4159Hz_Im,12,1.1775736437513729
P1_pair_plus_1.0,ATP1,baseline_46.4159Hz_Im,13,-0.042654317589096984
P1_pair_plus_1.0,ATP1,baseline_68.1292Hz_Re,0,6.387045414468772
P1_pair_plus_1.0,ATP1,baseline_68.1292Hz_Re,1,-0.3941661643747096
P1_pair_plus_1.0,ATP1,baseline_68.1292Hz_Re,2,-1.295417323099457
P1_pair_plus_1.0,ATP1,baseline_68.1292Hz_Re,3,-0.15651637390590167
P1_pair_plus_1.0,ATP1,baseline_68.1292Hz_Re,4,-6.3112889292060705
P1_pair_plus_1.0,ATP1,baseline_68.1292Hz_Re,5,-0.9081405517363804
P1_pair_plus_1.0,ATP1,baseline_68.1292Hz_Re,6,13.24742544632773
P1_pair_plus_1.0,ATP1,baseline_68.1292Hz_Re,7,-2.106167780135948
P1_pair_plus_1.0,ATP1,baseline_68.1292Hz_Re,8,9.909282372499995
P1_pair_plus_1.0,ATP1,baseline_68.1292Hz_Re,9,1.7379259007022083
P1_pair_plus_1.0,ATP1,baseline_68.1292Hz_Re,10,-0.04324841254010891
P1_pair_plus_1.0,ATP1,baseline_68.1292Hz_Re,11,-0.006063251811738723
P1_pair_plus_1.0,ATP1,baseline_68.1292Hz_Re,12,2.6953444378641223
P1_pair_plus_1.0,ATP1,baseline_68.1292Hz_Re,13,0.056300482720317284
P1_pair_plus_1.0,ATP1,baseline_68.1292Hz_Im,0,5.604759296184979
P1_pair_plus_1.0,ATP1,baseline_68.1292Hz_Im,1,-0.2623670886992002
P1_pair_plus_1.0,ATP1,baseline_68.1292Hz_Im,2,-1.4955997906795913
P1_pair_plus_1.0,ATP1,baseline_68.1292Hz_Im,3,2.5632037637723926
P1_pair_plus_1.0,ATP1,baseline_68.1292Hz_Im,4,0.4383326023260636
P1_pair_plus_1.0,ATP1,baseline_68.1292Hz_Im,5,3.16435863529918
P1_pair_plus_1.0,ATP1,baseline_68.1292Hz_Im,6,11.621812915452166
P1_pair_plus_1.0,ATP1,baseline_68.1292Hz_Im,7,-1.8465419653335144
P1_pair_plus_1.0,ATP1,baseline_68.1292Hz_Im,8,8.694624056260203
P1_pair_plus_1.0,ATP1,baseline_68.1292Hz_Im,9,0.0
P1_pair_plus_1.0,ATP1,baseline_68.1292Hz_Im,10,0.5287655991281781
P1_pair_plus_1.0,ATP1,baseline_68.1292Hz_Im,11,0.10440389446308983
P1_pair_plus_1.0,ATP1,baseline_68.1292Hz_Im,12,0.9304718750158257
P1_pair_plus_1.0,ATP1,baseline_68.1292Hz_Im,13,-0.015309409695518637
P1_pair_plus_1.0,ATP1,baseline_stress,0,4.679225645354279
P1_pair_plus_1.0,ATP1,baseline_stress,1,-0.2547817389508822
P1_pair_plus_1.0,ATP1,baseline_stress,2,0.9056124287809552
P1_pair_plus_1.0,ATP1,baseline_stress,3,-0.1915483289316455
P1_pair_plus_1.0,ATP1,baseline_stress,4,-5.13897409821773
P1_pair_plus_1.0,ATP1,baseline_stress,5,0.0
P1_pair_plus_1.0,ATP1,baseline_stress,6,0.0
P1_pair_plus_1.0,ATP1,baseline_stress,7,-1.540836144986457
P1_pair_plus_1.0,ATP1,baseline_stress,8,7.258379080443688
P1_pair_plus_1.0,ATP1,baseline_stress,9,6.563039911089418
P1_pair_plus_1.0,ATP1,baseline_stress,10,0.0
P1_pair_plus_1.0,ATP1,baseline_stress,11,0.0
P1_pair_plus_1.0,ATP1,baseline_stress,12,2.1666157588029478
P1_pair_plus_1.0,ATP1,baseline_stress,13,0.1816372454221948
P1_pair_plus_1.0,Pi0,baseline_0.14678Hz_Re,0,1.898311521930651
P1_pair_plus_1.0,Pi0,baseline_0.14678Hz_Re,1,-0.10485846424490573
P1_pair_plus_1.0,Pi0,baseline_0.14678Hz_Re,2,0.36996412156042874
P1_pair_plus_1.0,Pi0,baseline_0.14678Hz_Re,3,-0.075698451729167
P1_pair_plus_1.0,Pi0,baseline_0.14678Hz_Re,4,-2.0080875833494716
P1_pair_plus_1.0,Pi0,baseline_0.14678Hz_Re,5,-0.002130483256479465
P1_pair_plus_1.0,Pi0,baseline_0.14678Hz_Re,6,0.001998957088744646
P1_pair_plus_1.0,Pi0,baseline_0.14678Hz_Re,7,2.568082592047105
P1_pair_plus_1.0,Pi0,baseline_0.14678Hz_Re,8,2.899546507451056
P1_pair_plus_1.0,Pi0,baseline_0.14678Hz_Re,9,3.693725749354115
P1_pair_plus_1.0,Pi0,baseline_0.14678Hz_Re,10,0.0015548879517268686
P1_pair_plus_1.0,Pi0,baseline_0.14678Hz_Re,11,-0.005031745198280646
P1_pair_plus_1.0,Pi0,baseline_0.14678Hz_Re,12,0.846247468277994
P1_pair_plus_1.0,Pi0,baseline_0.14678Hz_Re,13,0.07452567851728986
P1_pair_plus_1.0,Pi0,baseline_0.14678Hz_Im,0,0.004196274827616975
P1_pair_plus_1.0,Pi0,baseline_0.14678Hz_Im,1,-0.08278418452412062
P1_pair_plus_1.0,Pi0,baseline_0.14678Hz_Im,2,0.6166093073023404
P1_pair_plus_1.0,Pi0,baseline_0.14678Hz_Im,3,-0.7647711643410381
P1_pair_plus_1.0,Pi0,baseline_0.14678Hz_Im,4,2.015274688907387
P1_pair_plus_1.0,Pi0,baseline_0.14678Hz_Im,5,-0.8049977477941893
P1_pair_plus_1.0,Pi0,baseline_0.14678Hz_Im,6,1.737815434113554
P1_pair_plus_1.0,Pi0,baseline_0.14678Hz_Im,7,-2.892507017984713
P1_pair_plus_1.0,Pi0,baseline_0.14678Hz_Im,8,-1.6520918518253545
P1_pair_plus_1.0,Pi0,baseline_0.14678Hz_Im,9,0.0
P1_pair_plus_1.0,Pi0,baseline_0.14678Hz_Im,10,-0.2681769713241966
P1_pair_plus_1.0,Pi0,baseline_0.14678Hz_Im,11,-0.36575721010234646
P1_pair_plus_1.0,Pi0,baseline_0.14678Hz_Im,12,-1.2174233871731222
P1_pair_plus_1.0,Pi0,baseline_0.14678Hz_Im,13,0.08588162055400693
P1_pair_plus_1.0,Pi0,baseline_0.215443Hz_Re,0,1.9876204666147144
P1_pair_plus_1.0,Pi0,baseline_0.215443Hz_Re,1,-0.11155574890509
P1_pair_plus_1.0,Pi0,baseline_0.215443Hz_Re,2,0.3907813544756777
P1_pair_plus_1.0,Pi0,baseline_0.215443Hz_Re,3,-0.07699352924106506
P1_pair_plus_1.0,Pi0,baseline_0.215443Hz_Re,4,-2.0142546802937034
P1_pair_plus_1.0,Pi0,baseline_0.215443Hz_Re,5,-0.004737754100148095
P1_pair_plus_1.0,Pi0,baseline_0.215443Hz_Re,6,0.004392177466172598
P1_pair_plus_1.0,Pi0,baseline_0.215443Hz_Re,7,2.641041837603275
P1_pair_plus_1.0,Pi0,baseline_0.215443Hz_Re,8,2.9840894701704808
P1_pair_plus_1.0,Pi0,baseline_0.215443Hz_Re,9,3.8555320891031637
P1_pair_plus_1.0,Pi0,baseline_0.215443Hz_Re,10,0.0033918364117369033
P1_pair_plus_1.0,Pi0,baseline_0.215443Hz_Re,11,-0.011191775195484864
P1_pair_plus_1.0,Pi0,baseline_0.215443Hz_Re,12,0.8483814874171712
P1_pair_plus_1.0,Pi0,baseline_0.215443Hz_Re,13,0.07905125025686743
P1_pair_plus_1.0,Pi0,baseline_0.215443Hz_Im,0,-0.024767151662885564
P1_pair_plus_1.0,Pi0,baseline_0.215443Hz_Im,1,-0.12541903545715272
P1_pair_plus_1.0,Pi0,baseline_0.215443Hz_Im,2,0.9659846259446602
P1_pair_plus_1.0,Pi0,baseline_0.215443Hz_Im,3,-1.2015476222537735
P1_pair_plus_1.0,Pi0,baseline_0.215443Hz_Im,4,3.015800728656259
P1_pair_plus_1.0,Pi0,baseline_0.215443Hz_Im,5,-1.255406293898531
P1_pair_plus_1.0,Pi0,baseline_0.215443Hz_Im,6,2.7109948373849058
P1_pair_plus_1.0,Pi0,baseline_0.215443Hz_Im,7,-4.471773675601698
P1_pair_plus_1.0,Pi0,baseline_0.215443Hz_Im,8,-2.5315205502973726
P1_pair_plus_1.0,Pi0,baseline_0.215443Hz_Im,9,0.0
P1_pair_plus_1.0,Pi0,baseline_0.215443Hz_Im,10,-0.4241337882904261
P1_pair_plus_1.0,Pi0,baseline_0.215443Hz_Im,11,-0.5643177979353098
P1_pair_plus_1.0,Pi0,baseline_0.215443Hz_Im,12,-1.8468386742021001
P1_pair_plus_1.0,Pi0,baseline_0.215443Hz_Im,13,0.13276291040975607
P1_pair_plus_1.0,Pi0,baseline_0.316228Hz_Re,0,2.0352375173171566
P1_pair_plus_1.0,Pi0,baseline_0.316228Hz_Re,1,-0.11797050518680406
P1_pair_plus_1.0,Pi0,baseline_0.316228Hz_Re,2,0.4087384578799202
P1_pair_plus_1.0,Pi0,baseline_0.316228Hz_Re,3,-0.0744073856306926
P1_pair_plus_1.0,Pi0,baseline_0.316228Hz_Re,4,-1.8826074192013207
P1_pair_plus_1.0,Pi0,baseline_0.316228Hz_Re,5,-0.010156888974321987
P1_pair_plus_1.0,Pi0,baseline_0.316228Hz_Re,6,0.009171385162431989
P1_pair_plus_1.0,Pi0,baseline_0.316228Hz_Re,7,2.606902118018617
P1_pair_plus_1.0,Pi0,baseline_0.316228Hz_Re,8,2.9500002394433618
P1_pair_plus_1.0,Pi0,baseline_0.316228Hz_Re,9,3.9280885119730153
P1_pair_plus_1.0,Pi0,baseline_0.316228Hz_Re,10,0.0069666760360576055
P1_pair_plus_1.0,Pi0,baseline_0.316228Hz_Re,11,-0.024000088405529137
P1_pair_plus_1.0,Pi0,baseline_0.316228Hz_Re,12,0.7918628541325744
P1_pair_plus_1.0,Pi0,baseline_0.316228Hz_Re,13,0.08322073687949683
P1_pair_plus_1.0,Pi0,baseline_0.316228Hz_Im,0,-0.14693498497919677
P1_pair_plus_1.0,Pi0,baseline_0.316228Hz_Im,1,-0.19887583074806867
P1_pair_plus_1.0,Pi0,baseline_0.316228Hz_Im,2,1.6446711751383345
P1_pair_plus_1.0,Pi0,baseline_0.316228Hz_Im,3,-2.0594530602213723
P1_pair_plus_1.0,Pi0,baseline_0.316228Hz_Im,4,4.648238051030429
P1_pair_plus_1.0,Pi0,baseline_0.316228Hz_Im,5,-2.118930379135797
P1_pair_plus_1.0,Pi0,baseline_0.316228Hz_Im,6,4.578721100423344
P1_pair_plus_1.0,Pi0,baseline_0.316228Hz_Im,7,-7.408827929056282
P1_pair_plus_1.0,Pi0,baseline_0.316228Hz_Im,8,-4.113396819427351
P1_pair_plus_1.0,Pi0,baseline_0.316228Hz_Im,9,0.0
P1_pair_plus_1.0,Pi0,baseline_0.316228Hz_Im,10,-0.7365709348006176
P1_pair_plus_1.0,Pi0,baseline_0.316228Hz_Im,11,-0.9308960523313202
P1_pair_plus_1.0,Pi0,baseline_0.316228Hz_Im,12,-2.9373931826892625
P1_pair_plus_1.0,Pi0,baseline_0.316228Hz_Im,13,0.21993095571382068
P1_pair_plus_1.0,Pi0,baseline_0.464159Hz_Re,0,2.043373916160718
P1_pair_plus_1.0,Pi0,baseline_0.464159Hz_Re,1,-0.12596192253688798
P1_pair_plus_1.0,Pi0,baseline_0.464159Hz_Re,2,0.43334329000721533
P1_pair_plus_1.0,Pi0,baseline_0.464159Hz_Re,3,-0.06746198892848554
P1_pair_plus_1.0,Pi0,baseline_0.464159Hz_Re,4,-1.558161504644495
P1_pair_plus_1.0,Pi0,baseline_0.464159Hz_Re,5,-0.02083888084314367
P1_pair_plus_1.0,Pi0,baseline_0.464159Hz_Re,6,0.01774193916226352
P1_pair_plus_1.0,Pi0,baseline_0.464159Hz_Re,7,2.4379835598331567
P1_pair_plus_1.0,Pi0,baseline_0.464159Hz_Re,8,2.767349607712965
P1_pair_plus_1.0,Pi0,baseline_0.464159Hz_Re,9,3.9266592330111645
P1_pair_plus_1.0,Pi0,baseline_0.464159Hz_Re,10,0.012944074878618038
P1_pair_plus_1.0,Pi0,baseline_0.464159Hz_Re,11,-0.04924058520927587
P1_pair_plus_1.0,Pi0,baseline_0.464159Hz_Re,12,0.6528219518742162
P1_pair_plus_1.0,Pi0,baseline_0.464159Hz_Re,13,0.08860119069531434
P1_pair_plus_1.0,Pi0,baseline_0.464159Hz_Im,0,-0.45305452878174884
P1_pair_plus_1.0,Pi0,baseline_0.464159Hz_Im,1,-0.23334608661995657
P1_pair_plus_1.0,Pi0,baseline_0.464159Hz_Im,2,2.2404942890741353
P1_pair_plus_1.0,Pi0,baseline_0.464159Hz_Im,3,-2.8514882093988443
P1_pair_plus_1.0,Pi0,baseline_0.464159Hz_Im,4,5.077224870553287
P1_pair_plus_1.0,Pi0,baseline_0.464159Hz_Im,5,-2.8455648079850344
P1_pair_plus_1.0,Pi0,baseline_0.464159Hz_Im,6,6.156997790107698
P1_pair_plus_1.0,Pi0,baseline_0.464159Hz_Im,7,-9.568335354392943
P1_pair_plus_1.0,Pi0,baseline_0.464159Hz_Im,8,-5.086367109374823
P1_pair_plus_1.0,Pi0,baseline_0.464159Hz_Im,9,0.0
P1_pair_plus_1.0,Pi0,baseline_0.464159Hz_Im,10,-1.0444645568208344
P1_pair_plus_1.0,Pi0,baseline_0.464159Hz_Im,11,-1.1908957065598358
P1_pair_plus_1.0,Pi0,baseline_0.464159Hz_Im,12,-3.472086755174075
P1_pair_plus_1.0,Pi0,baseline_0.464159Hz_Im,13,0.2839477194704898
P1_pair_plus_1.0,Pi0,baseline_0.681292Hz_Re,0,2.1388745012007604
P1_pair_plus_1.0,Pi0,baseline_0.681292Hz_Re,1,-0.14686966622878828
P1_pair_plus_1.0,Pi0,baseline_0.681292Hz_Re,2,0.5225035572209435
P1_pair_plus_1.0,Pi0,baseline_0.681292Hz_Re,3,-0.06352674746246123
P1_pair_plus_1.0,Pi0,baseline_0.681292Hz_Re,4,-1.0736573657910142
P1_pair_plus_1.0,Pi0,baseline_0.681292Hz_Re,5,-0.04328346867588095
P1_pair_plus_1.0,Pi0,baseline_0.681292Hz_Re,6,0.03212514023687163
P1_pair_plus_1.0,Pi0,baseline_0.681292Hz_Re,7,2.252664943136473
P1_pair_plus_1.0,Pi0,baseline_0.681292Hz_Re,8,2.5715846891483096
P1_pair_plus_1.0,Pi0,baseline_0.681292Hz_Re,9,4.161284916648356
P1_pair_plus_1.0,Pi0,baseline_0.681292Hz_Re,10,0.02085625299130811
P1_pair_plus_1.0,Pi0,baseline_0.681292Hz_Re,11,-0.10197975139902836
P1_pair_plus_1.0,Pi0,baseline_0.681292Hz_Re,12,0.44236980740741666
P1_pair_plus_1.0,Pi0,baseline_0.681292Hz_Re,13,0.10474356249012827
P1_pair_plus_1.0,Pi0,baseline_0.681292Hz_Im,0,-1.019527912893281
P1_pair_plus_1.0,Pi0,baseline_0.681292Hz_Im,1,-0.21395376118560347
P1_pair_plus_1.0,Pi0,baseline_0.681292Hz_Im,2,2.802036954552278
P1_pair_plus_1.0,Pi0,baseline_0.681292Hz_Im,3,-3.714392201459304
P1_pair_plus_1.0,Pi0,baseline_0.681292Hz_Im,4,3.700235497328119
P1_pair_plus_1.0,Pi0,baseline_0.681292Hz_Im,5,-3.506739244518719
P1_pair_plus_1.0,Pi0,baseline_0.681292Hz_Im,6,7.60664666934474
P1_pair_plus_1.0,Pi0,baseline_0.681292Hz_Im,7,-10.883886637935712
P1_pair_plus_1.0,Pi0,baseline_0.681292Hz_Im,8,-5.226351098708282
P1_pair_plus_1.0,Pi0,baseline_0.681292Hz_Im,9,0.0
P1_pair_plus_1.0,Pi0,baseline_0.681292Hz_Im,10,-1.411028850206719
P1_pair_plus_1.0,Pi0,baseline_0.681292Hz_Im,11,-1.326731404382997
P1_pair_plus_1.0,Pi0,baseline_0.681292Hz_Im,12,-3.2469364105391914
P1_pair_plus_1.0,Pi0,baseline_0.681292Hz_Im,13,0.3226630311603529
P1_pair_plus_1.0,Pi0,baseline_1Hz_Re,0,2.0427440594605883
P1_pair_plus_1.0,Pi0,baseline_1Hz_Re,1,-0.1666699043889608
P1_pair_plus_1.0,Pi0,baseline_1Hz_Re,2,0.6980115376808981
P1_pair_plus_1.0,Pi0,baseline_1Hz_Re,3,-0.07788524141183473
P1_pair_plus_1.0,Pi0,baseline_1Hz_Re,4,-0.31951600898416643
P1_pair_plus_1.0,Pi0,baseline_1Hz_Re,5,-0.08196674796678849
P1_pair_plus_1.0,Pi0,baseline_1Hz_Re,6,0.04268306263988108
P1_pair_plus_1.0,Pi0,baseline_1Hz_Re,7,1.7791591220506218
P1_pair_plus_1.0,Pi0,baseline_1Hz_Re,8,2.047096517099334
P1_pair_plus_1.0,Pi0,baseline_1Hz_Re,9,4.313771763397867
P1_pair_plus_1.0,Pi0,baseline_1Hz_Re,10,0.015508191708590855
P1_pair_plus_1.0,Pi0,baseline_1Hz_Re,11,-0.18950108979787214
P1_pair_plus_1.0,Pi0,baseline_1Hz_Re,12,0.10582517129265055
P1_pair_plus_1.0,Pi0,baseline_1Hz_Re,13,0.1276200420008422
P1_pair_plus_1.0,Pi0,baseline_1Hz_Im,0,-2.2378571639558587
P1_pair_plus_1.0,Pi0,baseline_1Hz_Im,1,-0.17248110232292999
P1_pair_plus_1.0,Pi0,baseline_1Hz_Im,2,4.436231249416167
P1_pair_plus_1.0,Pi0,baseline_1Hz_Im,3,-6.495688931651421
P1_pair_plus_1.0,Pi0,baseline_1Hz_Im,4,-0.16086092875511326
P1_pair_plus_1.0,Pi0,baseline_1Hz_Im,5,-5.640680413332432
P1_pair_plus_1.0,Pi0,baseline_1Hz_Im,6,12.288294999340808
P1_pair_plus_1.0,Pi0,baseline_1Hz_Im,7,-14.97716705174401
P1_pair_plus_1.0,Pi0,baseline_1Hz_Im,8,-5.503198604450698
P1_pair_plus_1.0,Pi0,baseline_1Hz_Im,9,0.0
P1_pair_plus_1.0,Pi0,baseline_1Hz_Im,10,-2.5681235503061117
P1_pair_plus_1.0,Pi0,baseline_1Hz_Im,11,-1.7424050115844023
P1_pair_plus_1.0,Pi0,baseline_1Hz_Im,12,-2.773991608950865
P1_pair_plus_1.0,Pi0,baseline_1Hz_Im,13,0.44156735143907605
P1_pair_plus_1.0,Pi0,baseline_1.4678Hz_Re,0,1.623473061851399
P1_pair_plus_1.0,Pi0,baseline_1.4678Hz_Re,1,-0.17208511817745628
P1_pair_plus_1.0,Pi0,baseline_1.4678Hz_Re,2,1.0731006972797275
P1_pair_plus_1.0,Pi0,baseline_1.4678Hz_Re,3,-0.1965461277286806
P1_pair_plus_1.0,Pi0,baseline_1.4678Hz_Re,4,0.3723205250993899
P1_pair_plus_1.0,Pi0,baseline_1.4678Hz_Re,5,-0.14690596956690172
P1_pair_plus_1.0,Pi0,baseline_1.4678Hz_Re,6,0.020470532047234258
P1_pair_plus_1.0,Pi0,baseline_1.4678Hz_Re,7,1.10010359788415
P1_pair_plus_1.0,Pi0,baseline_1.4678Hz_Re,8,1.2602850100629226
P1_pair_plus_1.0,Pi0,baseline_1.4678Hz_Re,9,4.485824079658585
P1_pair_plus_1.0,Pi0,baseline_1.4678Hz_Re,10,-0.052458324883986045
P1_pair_plus_1.0,Pi0,baseline_1.4678Hz_Re,11,-0.3102286532552512
P1_pair_plus_1.0,Pi0,baseline_1.4678Hz_Re,12,-0.249109201622133
P1_pair_plus_1.0,Pi0,baseline_1.4678Hz_Re,13,0.1611340187501753
P1_pair_plus_1.0,Pi0,baseline_1.4678Hz_Im,0,-1.8836940475330797
P1_pair_plus_1.0,Pi0,baseline_1.4678Hz_Im,1,-0.004352668259155479
P1_pair_plus_1.0,Pi0,baseline_1.4678Hz_Im,2,4.196477056456205
P1_pair_plus_1.0,Pi0,baseline_1.4678Hz_Im,3,-7.687932983702072
P1_pair_plus_1.0,Pi0,baseline_1.4678Hz_Im,4,-7.503827516153193
P1_pair_plus_1.0,Pi0,baseline_1.4678Hz_Im,5,-6.130285531463774
P1_pair_plus_1.0,Pi0,baseline_1.4678Hz_Im,6,13.446561841543025
P1_pair_plus_1.0,Pi0,baseline_1.4678Hz_Im,7,-12.343490773195075
P1_pair_plus_1.0,Pi0,baseline_1.4678Hz_Im,8,-1.457306960531146
P1_pair_plus_1.0,Pi0,baseline_1.4678Hz_Im,9,0.0
P1_pair_plus_1.0,Pi0,baseline_1.4678Hz_Im,10,-3.099066525241722
P1_pair_plus_1.0,Pi0,baseline_1.4678Hz_Im,11,-1.2874058080702966
P1_pair_plus_1.0,Pi0,baseline_1.4678Hz_Im,12,-0.0804027779577332
P1_pair_plus_1.0,Pi0,baseline_1.4678Hz_Im,13,0.3515299524303738
P1_pair_plus_1.0,Pi0,baseline_2.15443Hz_Re,0,0.8224768915265911
P1_pair_plus_1.0,Pi0,baseline_2.15443Hz_Re,1,-0.13219313605983274
P1_pair_plus_1.0,Pi0,baseline_2.15443Hz_Re,2,1.6462654065740876
P1_pair_plus_1.0,Pi0,baseline_2.15443Hz_Re,3,-0.6015764347999664
P1_pair_plus_1.0,Pi0,baseline_2.15443Hz_Re,4,0.5181139935528378
P1_pair_plus_1.0,Pi0,baseline_2.15443Hz_Re,5,-0.2719323005884178
P1_pair_plus_1.0,Pi0,baseline_2.15443Hz_Re,6,-0.056847667484483104
P1_pair_plus_1.0,Pi0,baseline_2.15443Hz_Re,7,0.3815738694790127
P1_pair_plus_1.0,Pi0,baseline_2.15443Hz_Re,8,0.3778273739873938
P1_pair_plus_1.0,Pi0,baseline_2.15443Hz_Re,9,4.462802444749059
P1_pair_plus_1.0,Pi0,baseline_2.15443Hz_Re,10,-0.2718238791832306
P1_pair_plus_1.0,Pi0,baseline_2.15443Hz_Re,11,-0.4150680517955862
P1_pair_plus_1.0,Pi0,baseline_2.15443Hz_Re,12,-0.49031685884770576
P1_pair_plus_1.0,Pi0,baseline_2.15443Hz_Re,13,0.19227500791529903
P1_pair_plus_1.0,Pi0,baseline_2.15443Hz_Im,0,0.3573713720950166
P1_pair_plus_1.0,Pi0,baseline_2.15443Hz_Im,1,0.04574769308374193
P1_pair_plus_1.0,Pi0,baseline_2.15443Hz_Im,2,2.0657418266956107
P1_pair_plus_1.0,Pi0,baseline_2.15443Hz_Im,3,-6.231798910516505
P1_pair_plus_1.0,Pi0,baseline_2.15443Hz_Im,4,-10.215086198889223
P1_pair_plus_1.0,Pi0,baseline_2.15443Hz_Im,5,-4.880556228048505
P1_pair_plus_1.0,Pi0,baseline_2.15443Hz_Im,6,10.84832738296182
P1_pair_plus_1.0,Pi0,baseline_2.15443Hz_Im,7,-6.479528811215162
P1_pair_plus_1.0,Pi0,baseline_2.15443Hz_Im,8,2.7496623608846966
P1_pair_plus_1.0,Pi0,baseline_2.15443Hz_Im,9,0.0
P1_pair_plus_1.0,Pi0,baseline_2.15443Hz_Im,10,-2.4459916251884373
P1_pair_plus_1.0,Pi0,baseline_2.15443Hz_Im,11,-0.5122613915831131
P1_pair_plus_1.0,Pi0,baseline_2.15443Hz_Im,12,1.7445642112923208
P1_pair_plus_1.0,Pi0,baseline_2.15443Hz_Im,13,0.1530908536384601
P1_pair_plus_1.0,Pi0,baseline_3.16228Hz_Re,0,0.11815690730276883
P1_pair_plus_1.0,Pi0,baseline_3.16228Hz_Re,1,-0.05293353769753039
P1_pair_plus_1.0,Pi0,baseline_3.16228Hz_Re,2,2.0399371717827464
P1_pair_plus_1.0,Pi0,baseline_3.16228Hz_Re,3,-1.4009476476006808
P1_pair_plus_1.0,Pi0,baseline_3.16228Hz_Re,4,-0.2126606411745335
P1_pair_plus_1.0,Pi0,baseline_3.16228Hz_Re,5,-0.5870641514027497
P1_pair_plus_1.0,Pi0,baseline_3.16228Hz_Re,6,-0.028173608690451598
P1_pair_plus_1.0,Pi0,baseline_3.16228Hz_Re,7,-0.0939935375643408
P1_pair_plus_1.0,Pi0,baseline_3.16228Hz_Re,8,-0.1321859282810145
P1_pair_plus_1.0,Pi0,baseline_3.16228Hz_Re,9,4.032851353774625
P1_pair_plus_1.0,Pi0,baseline_3.16228Hz_Re,10,-0.6492407086833296
P1_pair_plus_1.0,Pi0,baseline_3.16228Hz_Re,11,-0.43209870728144745
P1_pair_plus_1.0,Pi0,baseline_3.16228Hz_Re,12,-0.5203329346281649
P1_pair_plus_1.0,Pi0,baseline_3.16228Hz_Re,13,0.19205469505845227
P1_pair_plus_1.0,Pi0,baseline_3.16228Hz_Im,0,2.565808317034346
P1_pair_plus_1.0,Pi0,baseline_3.16228Hz_Im,1,-0.03756301597546141
P1_pair_plus_1.0,Pi0,baseline_3.16228Hz_Im,2,0.2179067847274396
P1_pair_plus_1.0,Pi0,baseline_3.16228Hz_Im,3,-5.158904013335963
P1_pair_plus_1.0,Pi0,baseline_3.16228Hz_Im,4,-11.321007948195126
P1_pair_plus_1.0,Pi0,baseline_3.16228Hz_Im,5,-4.540749402459632
P1_pair_plus_1.0,Pi0,baseline_3.16228Hz_Im,6,10.481719749766416
P1_pair_plus_1.0,Pi0,baseline_3.16228Hz_Im,7,-3.742916510418581
P1_pair_plus_1.0,Pi0,baseline_3.16228Hz_Im,8,5.4975202866791575
P1_pair_plus_1.0,Pi0,baseline_3.16228Hz_Im,9,0.0
P1_pair_plus_1.0,Pi0,baseline_3.16228Hz_Im,10,-1.843446219318423
P1_pair_plus_1.0,Pi0,baseline_3.16228Hz_Im,11,-0.12381141254458326
P1_pair_plus_1.0,Pi0,baseline_3.16228Hz_Im,12,2.6986891070945873
P1_pair_plus_1.0,Pi0,baseline_3.16228Hz_Im,13,0.033819588329819794
P1_pair_plus_1.0,Pi0,baseline_4.64159Hz_Re,0,0.1078037555224398
P1_pair_plus_1.0,Pi0,baseline_4.64159Hz_Re,1,-0.004488231708510426
P1_pair_plus_1.0,Pi0,baseline_4.64159Hz_Re,2,1.8947882704400951
P1_pair_plus_1.0,Pi0,baseline_4.64159Hz_Re,3,-2.5400527331687073
P1_pair_plus_1.0,Pi0,baseline_4.64159Hz_Re,4,-2.097990771754432
P1_pair_plus_1.0,Pi0,baseline_4.64159Hz_Re,5,-1.4094383580687262
P1_pair_plus_1.0,Pi0,baseline_4.64159Hz_Re,6,0.6188624676384258
P1_pair_plus_1.0,Pi0,baseline_4.64159Hz_Re,7,-0.3330319232608403
P1_pair_plus_1.0,Pi0,baseline_4.64159Hz_Re,8,0.19816213217005438
P1_pair_plus_1.0,Pi0,baseline_4.64159Hz_Re,9,3.6214039386361914
P1_pair_plus_1.0,Pi0,baseline_4.64159Hz_Re,10,-1.0701526231837732
P1_pair_plus_1.0,Pi0,baseline_4.64159Hz_Re,11,-0.3899635164117398
P1_pair_plus_1.0,Pi0,baseline_4.64159Hz_Re,12,-0.1935111062723038
P1_pair_plus_1.0,Pi0,baseline_4.64159Hz_Re,13,0.15977380116716233
P1_pair_plus_1.0,Pi0,baseline_4.64159Hz_Im,0,4.284449718072736
P1_pair_plus_1.0,Pi0,baseline_4.64159Hz_Im,1,-0.17768691495945174
P1_pair_plus_1.0,Pi0,baseline_4.64159Hz_Im,2,-1.1849359236926205
P1_pair_plus_1.0,Pi0,baseline_4.64159Hz_Im,3,-3.762475142066179
P1_pair_plus_1.0,Pi0,baseline_4.64159Hz_Im,4,-11.534032045323881
P1_pair_plus_1.0,Pi0,baseline_4.64159Hz_Im,5,-4.303039701447631
P1_pair_plus_1.0,Pi0,baseline_4.64159Hz_Im,6,11.082392328209954
P1_pair_plus_1.0,Pi0,baseline_4.64159Hz_Im,7,-2.563701050783962
P1_pair_plus_1.0,Pi0,baseline_4.64159Hz_Im,8,7.385155332895187
P1_pair_plus_1.0,Pi0,baseline_4.64159Hz_Im,9,0.0
P1_pair_plus_1.0,Pi0,baseline_4.64159Hz_Im,10,-1.0953271120772712
P1_pair_plus_1.0,Pi0,baseline_4.64159Hz_Im,11,0.06277780366659158
P1_pair_plus_1.0,Pi0,baseline_4.64159Hz_Im,12,3.403464165518954
P1_pair_plus_1.0,Pi0,baseline_4.64159Hz_Im,13,-0.024696897193976493
P1_pair_plus_1.0,Pi0,baseline_6.81292Hz_Re,0,0.8978860932318254
P1_pair_plus_1.0,Pi0,baseline_6.81292Hz_Re,1,-0.033839247670641726
P1_pair_plus_1.0,Pi0,baseline_6.81292Hz_Re,2,0.9924756659618338
P1_pair_plus_1.0,Pi0,baseline_6.81292Hz_Re,3,-3.1171940421792494
P1_pair_plus_1.0,Pi0,baseline_6.81292Hz_Re,4,-4.683692452811528
P1_pair_plus_1.0,Pi0,baseline_6.81292Hz_Re,5,-2.4701351152733864
P1_pair_plus_1.0,Pi0,baseline_6.81292Hz_Re,6,2.2570696312840255
P1_pair_plus_1.0,Pi0,baseline_6.81292Hz_Re,7,-0.5276793703878901
P1_pair_plus_1.0,Pi0,baseline_6.81292Hz_Re,8,1.49781907380353
P1_pair_plus_1.0,Pi0,baseline_6.81292Hz_Re,9,2.8307623083811957
P1_pair_plus_1.0,Pi0,baseline_6.81292Hz_Re,10,-1.1224342622240258
P1_pair_plus_1.0,Pi0,baseline_6.81292Hz_Re,11,-0.2694676297210208
P1_pair_plus_1.0,Pi0,baseline_6.81292Hz_Re,12,0.6860988754908702
P1_pair_plus_1.0,Pi0,baseline_6.81292Hz_Re,13,0.09681162387309426
P1_pair_plus_1.0,Pi0,baseline_6.81292Hz_Im,0,5.594174293799269
P1_pair_plus_1.0,Pi0,baseline_6.81292Hz_Im,1,-0.3060223948025964
P1_pair_plus_1.0,Pi0,baseline_6.81292Hz_Im,2,-1.7565504359051685
P1_pair_plus_1.0,Pi0,baseline_6.81292Hz_Im,3,-2.1333787294519624
P1_pair_plus_1.0,Pi0,baseline_6.81292Hz_Im,4,-11.072159766278842
P1_pair_plus_1.0,Pi0,baseline_6.81292Hz_Im,5,-3.679843810600047
P1_pair_plus_1.0,Pi0,baseline_6.81292Hz_Im,6,12.43598402982382
P1_pair_plus_1.0,Pi0,baseline_6.81292Hz_Im,7,-2.2666383650005173
P1_pair_plus_1.0,Pi0,baseline_6.81292Hz_Im,8,8.975677985212371
P1_pair_plus_1.0,Pi0,baseline_6.81292Hz_Im,9,0.0
P1_pair_plus_1.0,Pi0,baseline_6.81292Hz_Im,10,-0.3597939187027776
P1_pair_plus_1.0,Pi0,baseline_6.81292Hz_Im,11,0.144250459044315
P1_pair_plus_1.0,Pi0,baseline_6.81292Hz_Im,12,3.914574804131376
P1_pair_plus_1.0,Pi0,baseline_6.81292Hz_Im,13,-0.018857171868447153
P1_pair_plus_1.0,Pi0,baseline_10Hz_Re,0,2.1324339695372174
P1_pair_plus_1.0,Pi0,baseline_10Hz_Re,1,-0.11320289423633055
P1_pair_plus_1.0,Pi0,baseline_10Hz_Re,2,0.30128002337370674
P1_pair_plus_1.0,Pi0,baseline_10Hz_Re,3,-3.023953725467265
P1_pair_plus_1.0,Pi0,baseline_10Hz_Re,4,-6.935583434142244
P1_pair_plus_1.0,Pi0,baseline_10Hz_Re,5,-3.194046830445884
P1_pair_plus_1.0,Pi0,baseline_10Hz_Re,6,4.6533563343276185
P1_pair_plus_1.0,Pi0,baseline_10Hz_Re,7,-0.8294265668951083
P1_pair_plus_1.0,Pi0,baseline_10Hz_Re,8,3.3796795087415172
P1_pair_plus_1.0,Pi0,baseline_10Hz_Re,9,2.282985104606894
P1_pair_plus_1.0,Pi0,baseline_10Hz_Re,10,-0.9031405190818019
P1_pair_plus_1.0,Pi0,baseline_10Hz_Re,11,-0.16733508316768564
P1_pair_plus_1.0,Pi0,baseline_10Hz_Re,12,1.713085532539793
P1_pair_plus_1.0,Pi0,baseline_10Hz_Re,13,0.07228157419270076
P1_pair_plus_1.0,Pi0,baseline_10Hz_Im,0,7.004757867212773
P1_pair_plus_1.0,Pi0,baseline_10Hz_Im,1,-0.4189083181449504
P1_pair_plus_1.0,Pi0,baseline_10Hz_Im,2,-1.8345828839638754
P1_pair_plus_1.0,Pi0,baseline_10Hz_Im,3,-0.3598032317420063
P1_pair_plus_1.0,Pi0,baseline_10Hz_Im,4,-9.854802075315305
P1_pair_plus_1.0,Pi0,baseline_10Hz_Im,5,-2.327921891209783
P1_pair_plus_1.0,Pi0,baseline_10Hz_Im,6,14.84291680295957
P1_pair_plus_1.0,Pi0,baseline_10Hz_Im,7,-2.468054455695423
P1_pair_plus_1.0,Pi0,baseline_10Hz_Im,8,10.980620148282048
P1_pair_plus_1.0,Pi0,baseline_10Hz_Im,9,0.0
P1_pair_plus_1.0,Pi0,baseline_10Hz_Im,10,0.2526340725950149
P1_pair_plus_1.0,Pi0,baseline_10Hz_Im,11,0.19131965292018546
P1_pair_plus_1.0,Pi0,baseline_10Hz_Im,12,4.158113547569897
P1_pair_plus_1.0,Pi0,baseline_10Hz_Im,13,0.02167877237724269
P1_pair_plus_1.0,Pi0,baseline_14.678Hz_Re,0,3.460541114863602
P1_pair_plus_1.0,Pi0,baseline_14.678Hz_Re,1,-0.20078588411909234
P1_pair_plus_1.0,Pi0,baseline_14.678Hz_Re,2,-0.0028866387502546327
P1_pair_plus_1.0,Pi0,baseline_14.678Hz_Re,3,-2.4257759671630907
P1_pair_plus_1.0,Pi0,baseline_14.678Hz_Re,4,-7.996187234282636
P1_pair_plus_1.0,Pi0,baseline_14.678Hz_Re,5,-3.123349357547766
P1_pair_plus_1.0,Pi0,baseline_14.678Hz_Re,6,7.291030285938581
P1_pair_plus_1.0,Pi0,baseline_14.678Hz_Re,7,-1.2021070342704832
P1_pair_plus_1.0,Pi0,baseline_14.678Hz_Re,8,5.405367049071685
P1_pair_plus_1.0,Pi0,baseline_14.678Hz_Re,9,2.001615672941881
P1_pair_plus_1.0,Pi0,baseline_14.678Hz_Re,10,-0.6066423624329076
P1_pair_plus_1.0,Pi0,baseline_14.678Hz_Re,11,-0.09732992496402913
P1_pair_plus_1.0,Pi0,baseline_14.678Hz_Re,12,2.4394933436866495
P1_pair_plus_1.0,Pi0,baseline_14.678Hz_Re,13,0.08342989237242193
P1_pair_plus_1.0,Pi0,baseline_14.678Hz_Im,0,7.426534029697506
P1_pair_plus_1.0,Pi0,baseline_14.678Hz_Im,1,-0.45787339915115405
P1_pair_plus_1.0,Pi0,baseline_14.678Hz_Im,2,-1.779017890424228
P1_pair_plus_1.0,Pi0,baseline_14.678Hz_Im,3,1.3890152036566403
P1_pair_plus_1.0,Pi0,baseline_14.678Hz_Im,4,-6.436054257008549
P1_pair_plus_1.0,Pi0,baseline_14.678Hz_Im,5,-0.11427654484919002
P1_pair_plus_1.0,Pi0,baseline_14.678Hz_Im,6,15.507696786642986
P1_pair_plus_1.0,Pi0,baseline_14.678Hz_Im,7,-2.5020216509519244
P1_pair_plus_1.0,Pi0,baseline_14.678Hz_Im,8,11.558815869494586
P1_pair_plus_1.0,Pi0,baseline_14.678Hz_Im,9,0.0
P1_pair_plus_1.0,Pi0,baseline_14.678Hz_Im,10,0.6393760739076271
P1_pair_plus_1.0,Pi0,baseline_14.678Hz_Im,11,0.19759312990252906
P1_pair_plus_1.0,Pi0,baseline_14.678Hz_Im,12,3.4267679995814144
P1_pair_plus_1.0,Pi0,baseline_14.678Hz_Im,13,0.04254684351501225
P1_pair_plus_1.0,Pi0,baseline_21.5443Hz_Re,0,4.8204969518739205
P1_pair_plus_1.0,Pi0,baseline_21.5443Hz_Re,1,-0.29100298699624716
P1_pair_plus_1.0,Pi0,baseline_21.5443Hz_Re,2,-0.2543977702718081
P1_pair_plus_1.0,Pi0,baseline_21.5443Hz_Re,3,-1.7036443180629133
P1_pair_plus_1.0,Pi0,baseline_21.5443Hz_Re,4,-8.254504010452024
P1_pair_plus_1.0,Pi0,baseline_21.5443Hz_Re,5,-2.5824108671912427
P1_pair_plus_1.0,Pi0,baseline_21.5443Hz_Re,6,10.052109354008465
P1_pair_plus_1.0,Pi0,baseline_21.5443Hz_Re,7,-1.6184722624101864
P1_pair_plus_1.0,Pi0,baseline_21.5443Hz_Re,8,7.4962098918884825
P1_pair_plus_1.0,Pi0,baseline_21.5443Hz_Re,9,1.9598288580002785
P1_pair_plus_1.0,Pi0,baseline_21.5443Hz_Re,10,-0.37027075130424686
P1_pair_plus_1.0,Pi0,baseline_21.5443Hz_Re,11,-0.055183041069994936
P1_pair_plus_1.0,Pi0,baseline_21.5443Hz_Re,12,2.8688403125531887
P1_pair_plus_1.0,Pi0,baseline_21.5443Hz_Re,13,0.10006507520365913
P1_pair_plus_1.0,Pi0,baseline_21.5443Hz_Im,0,6.652707116971967
P1_pair_plus_1.0,Pi0,baseline_21.5443Hz_Im,1,-0.4168542169669109
P1_pair_plus_1.0,Pi0,baseline_21.5443Hz_Im,2,-1.903310983264461
P1_pair_plus_1.0,Pi0,baseline_21.5443Hz_Im,3,2.2728126122917303
P1_pair_plus_1.0,Pi0,baseline_21.5443Hz_Im,4,-2.8886420209595083
P1_pair_plus_1.0,Pi0,baseline_21.5443Hz_Im,5,1.4552828368596946
P1_pair_plus_1.0,Pi0,baseline_21.5443Hz_Im,6,13.827669999355583
P1_pair_plus_1.0,Pi0,baseline_21.5443Hz_Im,7,-2.2088749730420076
P1_pair_plus_1.0,Pi0,baseline_21.5443Hz_Im,8,10.331516535422303
P1_pair_plus_1.0,Pi0,baseline_21.5443Hz_Im,9,0.0
P1_pair_plus_1.0,Pi0,baseline_21.5443Hz_Im,10,0.7052540092367109
P1_pair_plus_1.0,Pi0,baseline_21.5443Hz_Im,11,0.1668879984872973
P1_pair_plus_1.0,Pi0,baseline_21.5443Hz_Im,12,2.2602804249594044
P1_pair_plus_1.0,Pi0,baseline_21.5443Hz_Im,13,0.01509651932352085
P1_pair_plus_1.0,Pi0,baseline_31.6228Hz_Re,0,5.71299530087721
P1_pair_plus_1.0,Pi0,baseline_31.6228Hz_Re,1,-0.35537744795810505
P1_pair_plus_1.0,Pi0,baseline_31.6228Hz_Re,2,-0.6705734536982533
P1_pair_plus_1.0,Pi0,baseline_31.6228Hz_Re,3,-0.9804536362345572
P1_pair_plus_1.0,Pi0,baseline_31.6228Hz_Re,4,-7.654439256943312
P1_pair_plus_1.0,Pi0,baseline_31.6228Hz_Re,5,-1.8750954466018042
P1_pair_plus_1.0,Pi0,baseline_31.6228Hz_Re,6,11.871593741341611
P1_pair_plus_1.0,Pi0,baseline_31.6228Hz_Re,7,-1.8958343811048548
P1_pair_plus_1.0,Pi0,baseline_31.6228Hz_Re,8,8.87065386692143
P1_pair_plus_1.0,Pi0,baseline_31.6228Hz_Re,9,1.8983182210163816
P1_pair_plus_1.0,Pi0,baseline_31.6228Hz_Re,10,-0.19496156191678435
P1_pair_plus_1.0,Pi0,baseline_31.6228Hz_Re,11,-0.028028935528112694
P1_pair_plus_1.0,Pi0,baseline_31.6228Hz_Re,12,2.9227426758371418
P1_pair_plus_1.0,Pi0,baseline_31.6228Hz_Re,13,0.09220939416465511
P1_pair_plus_1.0,Pi0,baseline_31.6228Hz_Im,0,6.236858800479083
P1_pair_plus_1.0,Pi0,baseline_31.6228Hz_Im,1,-0.38586829200770717
P1_pair_plus_1.0,Pi0,baseline_31.6228Hz_Im,2,-2.2483285116337015
P1_pair_plus_1.0,Pi0,baseline_31.6228Hz_Im,3,2.6306359843797367
P1_pair_plus_1.0,Pi0,baseline_31.6228Hz_Im,4,-0.9622012560495107
P1_pair_plus_1.0,Pi0,baseline_31.6228Hz_Im,5,2.2035466234804346
P1_pair_plus_1.0,Pi0,baseline_31.6228Hz_Im,6,12.942848593477938
P1_pair_plus_1.0,Pi0,baseline_31.6228Hz_Im,7,-2.0602388395962734
P1_pair_plus_1.0,Pi0,baseline_31.6228Hz_Im,8,9.678639091559305
P1_pair_plus_1.0,Pi0,baseline_31.6228Hz_Im,9,0.0
P1_pair_plus_1.0,Pi0,baseline_31.6228Hz_Im,10,0.6760831541274825
P1_pair_plus_1.0,Pi0,baseline_31.6228Hz_Im,11,0.1433254700700104
P1_pair_plus_1.0,Pi0,baseline_31.6228Hz_Im,12,1.5733321799160647
P1_pair_plus_1.0,Pi0,baseline_31.6228Hz_Im,13,-0.026568562372375478
P1_pair_plus_1.0,Pi0,baseline_46.4159Hz_Re,0,6.217755423731929
P1_pair_plus_1.0,Pi0,baseline_46.4159Hz_Re,1,-0.391244913156008
P1_pair_plus_1.0,Pi0,baseline_46.4159Hz_Re,2,-1.1125905995168495
P1_pair_plus_1.0,Pi0,baseline_46.4159Hz_Re,3,-0.4696690959260507
P1_pair_plus_1.0,Pi0,baseline_46.4159Hz_Re,4,-6.950347528733579
P1_pair_plus_1.0,Pi0,baseline_46.4159Hz_Re,5,-1.3440010547594028
P1_pair_plus_1.0,Pi0,baseline_46.4159Hz_Re,6,12.903298542199513
P1_pair_plus_1.0,Pi0,baseline_46.4159Hz_Re,7,-2.0541112245586746
P1_pair_plus_1.0,Pi0,baseline_46.4159Hz_Re,8,9.648874127021756
P1_pair_plus_1.0,Pi0,baseline_46.4159Hz_Re,9,1.8287350089352115
P1_pair_plus_1.0,Pi0,baseline_46.4159Hz_Re,10,-0.09436539012419586
P1_pair_plus_1.0,Pi0,baseline_46.4159Hz_Re,11,-0.013336379156569931
P1_pair_plus_1.0,Pi0,baseline_46.4159Hz_Re,12,2.838075397804118
P1_pair_plus_1.0,Pi0,baseline_46.4159Hz_Re,13,0.07032012034891011
P1_pair_plus_1.0,Pi0,baseline_46.4159Hz_Im,0,5.960107095859256
P1_pair_plus_1.0,Pi0,baseline_46.4159Hz_Im,1,-0.33736946003504187
P1_pair_plus_1.0,Pi0,baseline_46.4159Hz_Im,2,-2.198804056430248
P1_pair_plus_1.0,Pi0,baseline_46.4159Hz_Im,3,2.691613087391076
P1_pair_plus_1.0,Pi0,baseline_46.4159Hz_Im,4,0.002481190208847295
P1_pair_plus_1.0,Pi0,baseline_46.4159Hz_Im,5,2.689596904748015
P1_pair_plus_1.0,Pi0,baseline_46.4159Hz_Im,6,12.36137041502605
P1_pair_plus_1.0,Pi0,baseline_46.4159Hz_Im,7,-1.9650603556131683
P1_pair_plus_1.0,Pi0,baseline_46.4159Hz_Im,8,9.24676584499462
P1_pair_plus_1.0,Pi0,baseline_46.4159Hz_Im,9,0.0
P1_pair_plus_1.0,Pi0,baseline_46.4159Hz_Im,10,0.609295537357113
P1_pair_plus_1.0,Pi0,baseline_46.4159Hz_Im,11,0.12301115708268638
P1_pair_plus_1.0,Pi0,baseline_46.4159Hz_Im,12,1.1775736437513729
P1_pair_plus_1.0,Pi0,baseline_46.4159Hz_Im,13,-0.042654317589096984
P1_pair_plus_1.0,Pi0,baseline_68.1292Hz_Re,0,6.387045414468772
P1_pair_plus_1.0,Pi0,baseline_68.1292Hz_Re,1,-0.3941661643747096
P1_pair_plus_1.0,Pi0,baseline_68.1292Hz_Re,2,-1.295417323099457
P1_pair_plus_1.0,Pi0,baseline_68.1292Hz_Re,3,-0.15651637390590167
P1_pair_plus_1.0,Pi0,baseline_68.1292Hz_Re,4,-6.3112889292060705
P1_pair_plus_1.0,Pi0,baseline_68.1292Hz_Re,5,-0.9081405517363804
P1_pair_plus_1.0,Pi0,baseline_68.1292Hz_Re,6,13.24742544632773
P1_pair_plus_1.0,Pi0,baseline_68.1292Hz_Re,7,-2.106167780135948
P1_pair_plus_1.0,Pi0,baseline_68.1292Hz_Re,8,9.909282372499995
P1_pair_plus_1.0,Pi0,baseline_68.1292Hz_Re,9,1.7379259007022083
P1_pair_plus_1.0,Pi0,baseline_68.1292Hz_Re,10,-0.04324841254010891
P1_pair_plus_1.0,Pi0,baseline_68.1292Hz_Re,11,-0.006063251811738723
P1_pair_plus_1.0,Pi0,baseline_68.1292Hz_Re,12,2.6953444378641223
P1_pair_plus_1.0,Pi0,baseline_68.1292Hz_Re,13,0.056300482720317284
P1_pair_plus_1.0,Pi0,baseline_68.1292Hz_Im,0,5.604759296184979
P1_pair_plus_1.0,Pi0,baseline_68.1292Hz_Im,1,-0.2623670886992002
P1_pair_plus_1.0,Pi0,baseline_68.1292Hz_Im,2,-1.4955997906795913
P1_pair_plus_1.0,Pi0,baseline_68.1292Hz_Im,3,2.5632037637723926
P1_pair_plus_1.0,Pi0,baseline_68.1292Hz_Im,4,0.4383326023260636
P1_pair_plus_1.0,Pi0,baseline_68.1292Hz_Im,5,3.16435863529918
P1_pair_plus_1.0,Pi0,baseline_68.1292Hz_Im,6,11.621812915452166
P1_pair_plus_1.0,Pi0,baseline_68.1292Hz_Im,7,-1.8465419653335144
P1_pair_plus_1.0,Pi0,baseline_68.1292Hz_Im,8,8.694624056260203
P1_pair_plus_1.0,Pi0,baseline_68.1292Hz_Im,9,0.0
P1_pair_plus_1.0,Pi0,baseline_68.1292Hz_Im,10,0.5287655991281781
P1_pair_plus_1.0,Pi0,baseline_68.1292Hz_Im,11,0.10440389446308983
P1_pair_plus_1.0,Pi0,baseline_68.1292Hz_Im,12,0.9304718750158257
P1_pair_plus_1.0,Pi0,baseline_68.1292Hz_Im,13,-0.015309409695518637
P1_pair_plus_1.0,Pi0,baseline_stress,0,4.679225645354279
P1_pair_plus_1.0,Pi0,baseline_stress,1,-0.2547817389508822
P1_pair_plus_1.0,Pi0,baseline_stress,2,0.9056124287809552
P1_pair_plus_1.0,Pi0,baseline_stress,3,-0.1915483289316455
P1_pair_plus_1.0,Pi0,baseline_stress,4,-5.13897409821773
P1_pair_plus_1.0,Pi0,baseline_stress,5,0.0
P1_pair_plus_1.0,Pi0,baseline_stress,6,0.0
P1_pair_plus_1.0,Pi0,baseline_stress,7,-1.540836144986457
P1_pair_plus_1.0,Pi0,baseline_stress,8,7.258379080443688
P1_pair_plus_1.0,Pi0,baseline_stress,9,6.563039911089418
P1_pair_plus_1.0,Pi0,baseline_stress,10,0.0
P1_pair_plus_1.0,Pi0,baseline_stress,11,0.0
P1_pair_plus_1.0,Pi0,baseline_stress,12,2.1666157588029478
P1_pair_plus_1.0,Pi0,baseline_stress,13,0.1816372454221948
P1_pair_plus_1.0,Pi5,baseline_0.14678Hz_Re,0,1.898311521930651
P1_pair_plus_1.0,Pi5,baseline_0.14678Hz_Re,1,-0.10485846424490573
P1_pair_plus_1.0,Pi5,baseline_0.14678Hz_Re,2,0.36996412156042874
P1_pair_plus_1.0,Pi5,baseline_0.14678Hz_Re,3,-0.075698451729167
P1_pair_plus_1.0,Pi5,baseline_0.14678Hz_Re,4,-2.0080875833494716
P1_pair_plus_1.0,Pi5,baseline_0.14678Hz_Re,5,-0.002130483256479465
P1_pair_plus_1.0,Pi5,baseline_0.14678Hz_Re,6,0.001998957088744646
P1_pair_plus_1.0,Pi5,baseline_0.14678Hz_Re,7,2.568082592047105
P1_pair_plus_1.0,Pi5,baseline_0.14678Hz_Re,8,2.899546507451056
P1_pair_plus_1.0,Pi5,baseline_0.14678Hz_Re,9,3.693725749354115
P1_pair_plus_1.0,Pi5,baseline_0.14678Hz_Re,10,0.0015548879517268686
P1_pair_plus_1.0,Pi5,baseline_0.14678Hz_Re,11,-0.005031745198280646
P1_pair_plus_1.0,Pi5,baseline_0.14678Hz_Re,12,0.846247468277994
P1_pair_plus_1.0,Pi5,baseline_0.14678Hz_Re,13,0.07452567851728986
P1_pair_plus_1.0,Pi5,baseline_0.14678Hz_Im,0,0.004196274827616975
P1_pair_plus_1.0,Pi5,baseline_0.14678Hz_Im,1,-0.08278418452412062
P1_pair_plus_1.0,Pi5,baseline_0.14678Hz_Im,2,0.6166093073023404
P1_pair_plus_1.0,Pi5,baseline_0.14678Hz_Im,3,-0.7647711643410381
P1_pair_plus_1.0,Pi5,baseline_0.14678Hz_Im,4,2.015274688907387
P1_pair_plus_1.0,Pi5,baseline_0.14678Hz_Im,5,-0.8049977477941893
P1_pair_plus_1.0,Pi5,baseline_0.14678Hz_Im,6,1.737815434113554
P1_pair_plus_1.0,Pi5,baseline_0.14678Hz_Im,7,-2.892507017984713
P1_pair_plus_1.0,Pi5,baseline_0.14678Hz_Im,8,-1.6520918518253545
P1_pair_plus_1.0,Pi5,baseline_0.14678Hz_Im,9,0.0
P1_pair_plus_1.0,Pi5,baseline_0.14678Hz_Im,10,-0.2681769713241966
P1_pair_plus_1.0,Pi5,baseline_0.14678Hz_Im,11,-0.36575721010234646
P1_pair_plus_1.0,Pi5,baseline_0.14678Hz_Im,12,-1.2174233871731222
P1_pair_plus_1.0,Pi5,baseline_0.14678Hz_Im,13,0.08588162055400693
P1_pair_plus_1.0,Pi5,baseline_0.215443Hz_Re,0,1.9876204666147144
P1_pair_plus_1.0,Pi5,baseline_0.215443Hz_Re,1,-0.11155574890509
P1_pair_plus_1.0,Pi5,baseline_0.215443Hz_Re,2,0.3907813544756777
P1_pair_plus_1.0,Pi5,baseline_0.215443Hz_Re,3,-0.07699352924106506
P1_pair_plus_1.0,Pi5,baseline_0.215443Hz_Re,4,-2.0142546802937034
P1_pair_plus_1.0,Pi5,baseline_0.215443Hz_Re,5,-0.004737754100148095
P1_pair_plus_1.0,Pi5,baseline_0.215443Hz_Re,6,0.004392177466172598
P1_pair_plus_1.0,Pi5,baseline_0.215443Hz_Re,7,2.641041837603275
P1_pair_plus_1.0,Pi5,baseline_0.215443Hz_Re,8,2.9840894701704808
P1_pair_plus_1.0,Pi5,baseline_0.215443Hz_Re,9,3.8555320891031637
P1_pair_plus_1.0,Pi5,baseline_0.215443Hz_Re,10,0.0033918364117369033
P1_pair_plus_1.0,Pi5,baseline_0.215443Hz_Re,11,-0.011191775195484864
P1_pair_plus_1.0,Pi5,baseline_0.215443Hz_Re,12,0.8483814874171712
P1_pair_plus_1.0,Pi5,baseline_0.215443Hz_Re,13,0.07905125025686743
P1_pair_plus_1.0,Pi5,baseline_0.215443Hz_Im,0,-0.024767151662885564
P1_pair_plus_1.0,Pi5,baseline_0.215443Hz_Im,1,-0.12541903545715272
P1_pair_plus_1.0,Pi5,baseline_0.215443Hz_Im,2,0.9659846259446602
P1_pair_plus_1.0,Pi5,baseline_0.215443Hz_Im,3,-1.2015476222537735
P1_pair_plus_1.0,Pi5,baseline_0.215443Hz_Im,4,3.015800728656259
P1_pair_plus_1.0,Pi5,baseline_0.215443Hz_Im,5,-1.255406293898531
P1_pair_plus_1.0,Pi5,baseline_0.215443Hz_Im,6,2.7109948373849058
P1_pair_plus_1.0,Pi5,baseline_0.215443Hz_Im,7,-4.471773675601698
P1_pair_plus_1.0,Pi5,baseline_0.215443Hz_Im,8,-2.5315205502973726
P1_pair_plus_1.0,Pi5,baseline_0.215443Hz_Im,9,0.0
P1_pair_plus_1.0,Pi5,baseline_0.215443Hz_Im,10,-0.4241337882904261
P1_pair_plus_1.0,Pi5,baseline_0.215443Hz_Im,11,-0.5643177979353098
P1_pair_plus_1.0,Pi5,baseline_0.215443Hz_Im,12,-1.8468386742021001
P1_pair_plus_1.0,Pi5,baseline_0.215443Hz_Im,13,0.13276291040975607
P1_pair_plus_1.0,Pi5,baseline_0.316228Hz_Re,0,2.0352375173171566
P1_pair_plus_1.0,Pi5,baseline_0.316228Hz_Re,1,-0.11797050518680406
P1_pair_plus_1.0,Pi5,baseline_0.316228Hz_Re,2,0.4087384578799202
P1_pair_plus_1.0,Pi5,baseline_0.316228Hz_Re,3,-0.0744073856306926
P1_pair_plus_1.0,Pi5,baseline_0.316228Hz_Re,4,-1.8826074192013207
P1_pair_plus_1.0,Pi5,baseline_0.316228Hz_Re,5,-0.010156888974321987
P1_pair_plus_1.0,Pi5,baseline_0.316228Hz_Re,6,0.009171385162431989
P1_pair_plus_1.0,Pi5,baseline_0.316228Hz_Re,7,2.606902118018617
P1_pair_plus_1.0,Pi5,baseline_0.316228Hz_Re,8,2.9500002394433618
P1_pair_plus_1.0,Pi5,baseline_0.316228Hz_Re,9,3.9280885119730153
P1_pair_plus_1.0,Pi5,baseline_0.316228Hz_Re,10,0.0069666760360576055
P1_pair_plus_1.0,Pi5,baseline_0.316228Hz_Re,11,-0.024000088405529137
P1_pair_plus_1.0,Pi5,baseline_0.316228Hz_Re,12,0.7918628541325744
P1_pair_plus_1.0,Pi5,baseline_0.316228Hz_Re,13,0.08322073687949683
P1_pair_plus_1.0,Pi5,baseline_0.316228Hz_Im,0,-0.14693498497919677
P1_pair_plus_1.0,Pi5,baseline_0.316228Hz_Im,1,-0.19887583074806867
P1_pair_plus_1.0,Pi5,baseline_0.316228Hz_Im,2,1.6446711751383345
P1_pair_plus_1.0,Pi5,baseline_0.316228Hz_Im,3,-2.0594530602213723
P1_pair_plus_1.0,Pi5,baseline_0.316228Hz_Im,4,4.648238051030429
P1_pair_plus_1.0,Pi5,baseline_0.316228Hz_Im,5,-2.118930379135797
P1_pair_plus_1.0,Pi5,baseline_0.316228Hz_Im,6,4.578721100423344
P1_pair_plus_1.0,Pi5,baseline_0.316228Hz_Im,7,-7.408827929056282
P1_pair_plus_1.0,Pi5,baseline_0.316228Hz_Im,8,-4.113396819427351
P1_pair_plus_1.0,Pi5,baseline_0.316228Hz_Im,9,0.0
P1_pair_plus_1.0,Pi5,baseline_0.316228Hz_Im,10,-0.7365709348006176
P1_pair_plus_1.0,Pi5,baseline_0.316228Hz_Im,11,-0.9308960523313202
P1_pair_plus_1.0,Pi5,baseline_0.316228Hz_Im,12,-2.9373931826892625
P1_pair_plus_1.0,Pi5,baseline_0.316228Hz_Im,13,0.21993095571382068
P1_pair_plus_1.0,Pi5,baseline_0.464159Hz_Re,0,2.043373916160718
P1_pair_plus_1.0,Pi5,baseline_0.464159Hz_Re,1,-0.12596192253688798
P1_pair_plus_1.0,Pi5,baseline_0.464159Hz_Re,2,0.43334329000721533
P1_pair_plus_1.0,Pi5,baseline_0.464159Hz_Re,3,-0.06746198892848554
P1_pair_plus_1.0,Pi5,baseline_0.464159Hz_Re,4,-1.558161504644495
P1_pair_plus_1.0,Pi5,baseline_0.464159Hz_Re,5,-0.02083888084314367
P1_pair_plus_1.0,Pi5,baseline_0.464159Hz_Re,6,0.01774193916226352
P1_pair_plus_1.0,Pi5,baseline_0.464159Hz_Re,7,2.4379835598331567
P1_pair_plus_1.0,Pi5,baseline_0.464159Hz_Re,8,2.767349607712965
P1_pair_plus_1.0,Pi5,baseline_0.464159Hz_Re,9,3.9266592330111645
P1_pair_plus_1.0,Pi5,baseline_0.464159Hz_Re,10,0.012944074878618038
P1_pair_plus_1.0,Pi5,baseline_0.464159Hz_Re,11,-0.04924058520927587
P1_pair_plus_1.0,Pi5,baseline_0.464159Hz_Re,12,0.6528219518742162
P1_pair_plus_1.0,Pi5,baseline_0.464159Hz_Re,13,0.08860119069531434
P1_pair_plus_1.0,Pi5,baseline_0.464159Hz_Im,0,-0.45305452878174884
P1_pair_plus_1.0,Pi5,baseline_0.464159Hz_Im,1,-0.23334608661995657
P1_pair_plus_1.0,Pi5,baseline_0.464159Hz_Im,2,2.2404942890741353
P1_pair_plus_1.0,Pi5,baseline_0.464159Hz_Im,3,-2.8514882093988443
P1_pair_plus_1.0,Pi5,baseline_0.464159Hz_Im,4,5.077224870553287
P1_pair_plus_1.0,Pi5,baseline_0.464159Hz_Im,5,-2.8455648079850344
P1_pair_plus_1.0,Pi5,baseline_0.464159Hz_Im,6,6.156997790107698
P1_pair_plus_1.0,Pi5,baseline_0.464159Hz_Im,7,-9.568335354392943
P1_pair_plus_1.0,Pi5,baseline_0.464159Hz_Im,8,-5.086367109374823
P1_pair_plus_1.0,Pi5,baseline_0.464159Hz_Im,9,0.0
P1_pair_plus_1.0,Pi5,baseline_0.464159Hz_Im,10,-1.0444645568208344
P1_pair_plus_1.0,Pi5,baseline_0.464159Hz_Im,11,-1.1908957065598358
P1_pair_plus_1.0,Pi5,baseline_0.464159Hz_Im,12,-3.472086755174075
P1_pair_plus_1.0,Pi5,baseline_0.464159Hz_Im,13,0.2839477194704898
P1_pair_plus_1.0,Pi5,baseline_0.681292Hz_Re,0,2.1388745012007604
P1_pair_plus_1.0,Pi5,baseline_0.681292Hz_Re,1,-0.14686966622878828
P1_pair_plus_1.0,Pi5,baseline_0.681292Hz_Re,2,0.5225035572209435
P1_pair_plus_1.0,Pi5,baseline_0.681292Hz_Re,3,-0.06352674746246123
P1_pair_plus_1.0,Pi5,baseline_0.681292Hz_Re,4,-1.0736573657910142
P1_pair_plus_1.0,Pi5,baseline_0.681292Hz_Re,5,-0.04328346867588095
P1_pair_plus_1.0,Pi5,baseline_0.681292Hz_Re,6,0.03212514023687163
P1_pair_plus_1.0,Pi5,baseline_0.681292Hz_Re,7,2.252664943136473
P1_pair_plus_1.0,Pi5,baseline_0.681292Hz_Re,8,2.5715846891483096
P1_pair_plus_1.0,Pi5,baseline_0.681292Hz_Re,9,4.161284916648356
P1_pair_plus_1.0,Pi5,baseline_0.681292Hz_Re,10,0.02085625299130811
P1_pair_plus_1.0,Pi5,baseline_0.681292Hz_Re,11,-0.10197975139902836
P1_pair_plus_1.0,Pi5,baseline_0.681292Hz_Re,12,0.44236980740741666
P1_pair_plus_1.0,Pi5,baseline_0.681292Hz_Re,13,0.10474356249012827
P1_pair_plus_1.0,Pi5,baseline_0.681292Hz_Im,0,-1.019527912893281
P1_pair_plus_1.0,Pi5,baseline_0.681292Hz_Im,1,-0.21395376118560347
P1_pair_plus_1.0,Pi5,baseline_0.681292Hz_Im,2,2.802036954552278
P1_pair_plus_1.0,Pi5,baseline_0.681292Hz_Im,3,-3.714392201459304
P1_pair_plus_1.0,Pi5,baseline_0.681292Hz_Im,4,3.700235497328119
P1_pair_plus_1.0,Pi5,baseline_0.681292Hz_Im,5,-3.506739244518719
P1_pair_plus_1.0,Pi5,baseline_0.681292Hz_Im,6,7.60664666934474
P1_pair_plus_1.0,Pi5,baseline_0.681292Hz_Im,7,-10.883886637935712
P1_pair_plus_1.0,Pi5,baseline_0.681292Hz_Im,8,-5.226351098708282
P1_pair_plus_1.0,Pi5,baseline_0.681292Hz_Im,9,0.0
P1_pair_plus_1.0,Pi5,baseline_0.681292Hz_Im,10,-1.411028850206719
P1_pair_plus_1.0,Pi5,baseline_0.681292Hz_Im,11,-1.326731404382997
P1_pair_plus_1.0,Pi5,baseline_0.681292Hz_Im,12,-3.2469364105391914
P1_pair_plus_1.0,Pi5,baseline_0.681292Hz_Im,13,0.3226630311603529
P1_pair_plus_1.0,Pi5,baseline_1Hz_Re,0,2.0427440594605883
P1_pair_plus_1.0,Pi5,baseline_1Hz_Re,1,-0.1666699043889608
P1_pair_plus_1.0,Pi5,baseline_1Hz_Re,2,0.6980115376808981
P1_pair_plus_1.0,Pi5,baseline_1Hz_Re,3,-0.07788524141183473
P1_pair_plus_1.0,Pi5,baseline_1Hz_Re,4,-0.31951600898416643
P1_pair_plus_1.0,Pi5,baseline_1Hz_Re,5,-0.08196674796678849
P1_pair_plus_1.0,Pi5,baseline_1Hz_Re,6,0.04268306263988108
P1_pair_plus_1.0,Pi5,baseline_1Hz_Re,7,1.7791591220506218
P1_pair_plus_1.0,Pi5,baseline_1Hz_Re,8,2.047096517099334
P1_pair_plus_1.0,Pi5,baseline_1Hz_Re,9,4.313771763397867
P1_pair_plus_1.0,Pi5,baseline_1Hz_Re,10,0.015508191708590855
P1_pair_plus_1.0,Pi5,baseline_1Hz_Re,11,-0.18950108979787214
P1_pair_plus_1.0,Pi5,baseline_1Hz_Re,12,0.10582517129265055
P1_pair_plus_1.0,Pi5,baseline_1Hz_Re,13,0.1276200420008422
P1_pair_plus_1.0,Pi5,baseline_1Hz_Im,0,-2.2378571639558587
P1_pair_plus_1.0,Pi5,baseline_1Hz_Im,1,-0.17248110232292999
P1_pair_plus_1.0,Pi5,baseline_1Hz_Im,2,4.436231249416167
P1_pair_plus_1.0,Pi5,baseline_1Hz_Im,3,-6.495688931651421
P1_pair_plus_1.0,Pi5,baseline_1Hz_Im,4,-0.16086092875511326
P1_pair_plus_1.0,Pi5,baseline_1Hz_Im,5,-5.640680413332432
P1_pair_plus_1.0,Pi5,baseline_1Hz_Im,6,12.288294999340808
P1_pair_plus_1.0,Pi5,baseline_1Hz_Im,7,-14.97716705174401
P1_pair_plus_1.0,Pi5,baseline_1Hz_Im,8,-5.503198604450698
P1_pair_plus_1.0,Pi5,baseline_1Hz_Im,9,0.0
P1_pair_plus_1.0,Pi5,baseline_1Hz_Im,10,-2.5681235503061117
P1_pair_plus_1.0,Pi5,baseline_1Hz_Im,11,-1.7424050115844023
P1_pair_plus_1.0,Pi5,baseline_1Hz_Im,12,-2.773991608950865
P1_pair_plus_1.0,Pi5,baseline_1Hz_Im,13,0.44156735143907605
P1_pair_plus_1.0,Pi5,baseline_1.4678Hz_Re,0,1.623473061851399
P1_pair_plus_1.0,Pi5,baseline_1.4678Hz_Re,1,-0.17208511817745628
P1_pair_plus_1.0,Pi5,baseline_1.4678Hz_Re,2,1.0731006972797275
P1_pair_plus_1.0,Pi5,baseline_1.4678Hz_Re,3,-0.1965461277286806
P1_pair_plus_1.0,Pi5,baseline_1.4678Hz_Re,4,0.3723205250993899
P1_pair_plus_1.0,Pi5,baseline_1.4678Hz_Re,5,-0.14690596956690172
P1_pair_plus_1.0,Pi5,baseline_1.4678Hz_Re,6,0.020470532047234258
P1_pair_plus_1.0,Pi5,baseline_1.4678Hz_Re,7,1.10010359788415
P1_pair_plus_1.0,Pi5,baseline_1.4678Hz_Re,8,1.2602850100629226
P1_pair_plus_1.0,Pi5,baseline_1.4678Hz_Re,9,4.485824079658585
P1_pair_plus_1.0,Pi5,baseline_1.4678Hz_Re,10,-0.052458324883986045
P1_pair_plus_1.0,Pi5,baseline_1.4678Hz_Re,11,-0.3102286532552512
P1_pair_plus_1.0,Pi5,baseline_1.4678Hz_Re,12,-0.249109201622133
P1_pair_plus_1.0,Pi5,baseline_1.4678Hz_Re,13,0.1611340187501753
P1_pair_plus_1.0,Pi5,baseline_1.4678Hz_Im,0,-1.8836940475330797
P1_pair_plus_1.0,Pi5,baseline_1.4678Hz_Im,1,-0.004352668259155479
P1_pair_plus_1.0,Pi5,baseline_1.4678Hz_Im,2,4.196477056456205
P1_pair_plus_1.0,Pi5,baseline_1.4678Hz_Im,3,-7.687932983702072
P1_pair_plus_1.0,Pi5,baseline_1.4678Hz_Im,4,-7.503827516153193
P1_pair_plus_1.0,Pi5,baseline_1.4678Hz_Im,5,-6.130285531463774
P1_pair_plus_1.0,Pi5,baseline_1.4678Hz_Im,6,13.446561841543025
P1_pair_plus_1.0,Pi5,baseline_1.4678Hz_Im,7,-12.343490773195075
P1_pair_plus_1.0,Pi5,baseline_1.4678Hz_Im,8,-1.457306960531146
P1_pair_plus_1.0,Pi5,baseline_1.4678Hz_Im,9,0.0
P1_pair_plus_1.0,Pi5,baseline_1.4678Hz_Im,10,-3.099066525241722
P1_pair_plus_1.0,Pi5,baseline_1.4678Hz_Im,11,-1.2874058080702966
P1_pair_plus_1.0,Pi5,baseline_1.4678Hz_Im,12,-0.0804027779577332
P1_pair_plus_1.0,Pi5,baseline_1.4678Hz_Im,13,0.3515299524303738
P1_pair_plus_1.0,Pi5,baseline_2.15443Hz_Re,0,0.8224768915265911
P1_pair_plus_1.0,Pi5,baseline_2.15443Hz_Re,1,-0.13219313605983274
P1_pair_plus_1.0,Pi5,baseline_2.15443Hz_Re,2,1.6462654065740876
P1_pair_plus_1.0,Pi5,baseline_2.15443Hz_Re,3,-0.6015764347999664
P1_pair_plus_1.0,Pi5,baseline_2.15443Hz_Re,4,0.5181139935528378
P1_pair_plus_1.0,Pi5,baseline_2.15443Hz_Re,5,-0.2719323005884178
P1_pair_plus_1.0,Pi5,baseline_2.15443Hz_Re,6,-0.056847667484483104
P1_pair_plus_1.0,Pi5,baseline_2.15443Hz_Re,7,0.3815738694790127
P1_pair_plus_1.0,Pi5,baseline_2.15443Hz_Re,8,0.3778273739873938
P1_pair_plus_1.0,Pi5,baseline_2.15443Hz_Re,9,4.462802444749059
P1_pair_plus_1.0,Pi5,baseline_2.15443Hz_Re,10,-0.2718238791832306
P1_pair_plus_1.0,Pi5,baseline_2.15443Hz_Re,11,-0.4150680517955862
P1_pair_plus_1.0,Pi5,baseline_2.15443Hz_Re,12,-0.49031685884770576
P1_pair_plus_1.0,Pi5,baseline_2.15443Hz_Re,13,0.19227500791529903
P1_pair_plus_1.0,Pi5,baseline_2.15443Hz_Im,0,0.3573713720950166
P1_pair_plus_1.0,Pi5,baseline_2.15443Hz_Im,1,0.04574769308374193
P1_pair_plus_1.0,Pi5,baseline_2.15443Hz_Im,2,2.0657418266956107
P1_pair_plus_1.0,Pi5,baseline_2.15443Hz_Im,3,-6.231798910516505
P1_pair_plus_1.0,Pi5,baseline_2.15443Hz_Im,4,-10.215086198889223
P1_pair_plus_1.0,Pi5,baseline_2.15443Hz_Im,5,-4.880556228048505
P1_pair_plus_1.0,Pi5,baseline_2.15443Hz_Im,6,10.84832738296182
P1_pair_plus_1.0,Pi5,baseline_2.15443Hz_Im,7,-6.479528811215162
P1_pair_plus_1.0,Pi5,baseline_2.15443Hz_Im,8,2.7496623608846966
P1_pair_plus_1.0,Pi5,baseline_2.15443Hz_Im,9,0.0
P1_pair_plus_1.0,Pi5,baseline_2.15443Hz_Im,10,-2.4459916251884373
P1_pair_plus_1.0,Pi5,baseline_2.15443Hz_Im,11,-0.5122613915831131
P1_pair_plus_1.0,Pi5,baseline_2.15443Hz_Im,12,1.7445642112923208
P1_pair_plus_1.0,Pi5,baseline_2.15443Hz_Im,13,0.1530908536384601
P1_pair_plus_1.0,Pi5,baseline_3.16228Hz_Re,0,0.11815690730276883
P1_pair_plus_1.0,Pi5,baseline_3.16228Hz_Re,1,-0.05293353769753039
P1_pair_plus_1.0,Pi5,baseline_3.16228Hz_Re,2,2.0399371717827464
P1_pair_plus_1.0,Pi5,baseline_3.16228Hz_Re,3,-1.4009476476006808
P1_pair_plus_1.0,Pi5,baseline_3.16228Hz_Re,4,-0.2126606411745335
P1_pair_plus_1.0,Pi5,baseline_3.16228Hz_Re,5,-0.5870641514027497
P1_pair_plus_1.0,Pi5,baseline_3.16228Hz_Re,6,-0.028173608690451598
P1_pair_plus_1.0,Pi5,baseline_3.16228Hz_Re,7,-0.0939935375643408
P1_pair_plus_1.0,Pi5,baseline_3.16228Hz_Re,8,-0.1321859282810145
P1_pair_plus_1.0,Pi5,baseline_3.16228Hz_Re,9,4.032851353774625
P1_pair_plus_1.0,Pi5,baseline_3.16228Hz_Re,10,-0.6492407086833296
P1_pair_plus_1.0,Pi5,baseline_3.16228Hz_Re,11,-0.43209870728144745
P1_pair_plus_1.0,Pi5,baseline_3.16228Hz_Re,12,-0.5203329346281649
P1_pair_plus_1.0,Pi5,baseline_3.16228Hz_Re,13,0.19205469505845227
P1_pair_plus_1.0,Pi5,baseline_3.16228Hz_Im,0,2.565808317034346
P1_pair_plus_1.0,Pi5,baseline_3.16228Hz_Im,1,-0.03756301597546141
P1_pair_plus_1.0,Pi5,baseline_3.16228Hz_Im,2,0.2179067847274396
P1_pair_plus_1.0,Pi5,baseline_3.16228Hz_Im,3,-5.158904013335963
P1_pair_plus_1.0,Pi5,baseline_3.16228Hz_Im,4,-11.321007948195126
P1_pair_plus_1.0,Pi5,baseline_3.16228Hz_Im,5,-4.540749402459632
P1_pair_plus_1.0,Pi5,baseline_3.16228Hz_Im,6,10.481719749766416
P1_pair_plus_1.0,Pi5,baseline_3.16228Hz_Im,7,-3.742916510418581
P1_pair_plus_1.0,Pi5,baseline_3.16228Hz_Im,8,5.4975202866791575
P1_pair_plus_1.0,Pi5,baseline_3.16228Hz_Im,9,0.0
P1_pair_plus_1.0,Pi5,baseline_3.16228Hz_Im,10,-1.843446219318423
P1_pair_plus_1.0,Pi5,baseline_3.16228Hz_Im,11,-0.12381141254458326
P1_pair_plus_1.0,Pi5,baseline_3.16228Hz_Im,12,2.6986891070945873
P1_pair_plus_1.0,Pi5,baseline_3.16228Hz_Im,13,0.033819588329819794
P1_pair_plus_1.0,Pi5,baseline_4.64159Hz_Re,0,0.1078037555224398
P1_pair_plus_1.0,Pi5,baseline_4.64159Hz_Re,1,-0.004488231708510426
P1_pair_plus_1.0,Pi5,baseline_4.64159Hz_Re,2,1.8947882704400951
P1_pair_plus_1.0,Pi5,baseline_4.64159Hz_Re,3,-2.5400527331687073
P1_pair_plus_1.0,Pi5,baseline_4.64159Hz_Re,4,-2.097990771754432
P1_pair_plus_1.0,Pi5,baseline_4.64159Hz_Re,5,-1.4094383580687262
P1_pair_plus_1.0,Pi5,baseline_4.64159Hz_Re,6,0.6188624676384258
P1_pair_plus_1.0,Pi5,baseline_4.64159Hz_Re,7,-0.3330319232608403
P1_pair_plus_1.0,Pi5,baseline_4.64159Hz_Re,8,0.19816213217005438
P1_pair_plus_1.0,Pi5,baseline_4.64159Hz_Re,9,3.6214039386361914
P1_pair_plus_1.0,Pi5,baseline_4.64159Hz_Re,10,-1.0701526231837732
P1_pair_plus_1.0,Pi5,baseline_4.64159Hz_Re,11,-0.3899635164117398
P1_pair_plus_1.0,Pi5,baseline_4.64159Hz_Re,12,-0.1935111062723038
P1_pair_plus_1.0,Pi5,baseline_4.64159Hz_Re,13,0.15977380116716233
P1_pair_plus_1.0,Pi5,baseline_4.64159Hz_Im,0,4.284449718072736
P1_pair_plus_1.0,Pi5,baseline_4.64159Hz_Im,1,-0.17768691495945174
P1_pair_plus_1.0,Pi5,baseline_4.64159Hz_Im,2,-1.1849359236926205
P1_pair_plus_1.0,Pi5,baseline_4.64159Hz_Im,3,-3.762475142066179
P1_pair_plus_1.0,Pi5,baseline_4.64159Hz_Im,4,-11.534032045323881
P1_pair_plus_1.0,Pi5,baseline_4.64159Hz_Im,5,-4.303039701447631
P1_pair_plus_1.0,Pi5,baseline_4.64159Hz_Im,6,11.082392328209954
P1_pair_plus_1.0,Pi5,baseline_4.64159Hz_Im,7,-2.563701050783962
P1_pair_plus_1.0,Pi5,baseline_4.64159Hz_Im,8,7.385155332895187
P1_pair_plus_1.0,Pi5,baseline_4.64159Hz_Im,9,0.0
P1_pair_plus_1.0,Pi5,baseline_4.64159Hz_Im,10,-1.0953271120772712
P1_pair_plus_1.0,Pi5,baseline_4.64159Hz_Im,11,0.06277780366659158
P1_pair_plus_1.0,Pi5,baseline_4.64159Hz_Im,12,3.403464165518954
P1_pair_plus_1.0,Pi5,baseline_4.64159Hz_Im,13,-0.024696897193976493
P1_pair_plus_1.0,Pi5,baseline_6.81292Hz_Re,0,0.8978860932318254
P1_pair_plus_1.0,Pi5,baseline_6.81292Hz_Re,1,-0.033839247670641726
P1_pair_plus_1.0,Pi5,baseline_6.81292Hz_Re,2,0.9924756659618338
P1_pair_plus_1.0,Pi5,baseline_6.81292Hz_Re,3,-3.1171940421792494
P1_pair_plus_1.0,Pi5,baseline_6.81292Hz_Re,4,-4.683692452811528
P1_pair_plus_1.0,Pi5,baseline_6.81292Hz_Re,5,-2.4701351152733864
P1_pair_plus_1.0,Pi5,baseline_6.81292Hz_Re,6,2.2570696312840255
P1_pair_plus_1.0,Pi5,baseline_6.81292Hz_Re,7,-0.5276793703878901
P1_pair_plus_1.0,Pi5,baseline_6.81292Hz_Re,8,1.49781907380353
P1_pair_plus_1.0,Pi5,baseline_6.81292Hz_Re,9,2.8307623083811957
P1_pair_plus_1.0,Pi5,baseline_6.81292Hz_Re,10,-1.1224342622240258
P1_pair_plus_1.0,Pi5,baseline_6.81292Hz_Re,11,-0.2694676297210208
P1_pair_plus_1.0,Pi5,baseline_6.81292Hz_Re,12,0.6860988754908702
P1_pair_plus_1.0,Pi5,baseline_6.81292Hz_Re,13,0.09681162387309426
P1_pair_plus_1.0,Pi5,baseline_6.81292Hz_Im,0,5.594174293799269
P1_pair_plus_1.0,Pi5,baseline_6.81292Hz_Im,1,-0.3060223948025964
P1_pair_plus_1.0,Pi5,baseline_6.81292Hz_Im,2,-1.7565504359051685
P1_pair_plus_1.0,Pi5,baseline_6.81292Hz_Im,3,-2.1333787294519624
P1_pair_plus_1.0,Pi5,baseline_6.81292Hz_Im,4,-11.072159766278842
P1_pair_plus_1.0,Pi5,baseline_6.81292Hz_Im,5,-3.679843810600047
P1_pair_plus_1.0,Pi5,baseline_6.81292Hz_Im,6,12.43598402982382
P1_pair_plus_1.0,Pi5,baseline_6.81292Hz_Im,7,-2.2666383650005173
P1_pair_plus_1.0,Pi5,baseline_6.81292Hz_Im,8,8.975677985212371
P1_pair_plus_1.0,Pi5,baseline_6.81292Hz_Im,9,0.0
P1_pair_plus_1.0,Pi5,baseline_6.81292Hz_Im,10,-0.3597939187027776
P1_pair_plus_1.0,Pi5,baseline_6.81292Hz_Im,11,0.144250459044315
P1_pair_plus_1.0,Pi5,baseline_6.81292Hz_Im,12,3.914574804131376
P1_pair_plus_1.0,Pi5,baseline_6.81292Hz_Im,13,-0.018857171868447153
P1_pair_plus_1.0,Pi5,baseline_10Hz_Re,0,2.1324339695372174
P1_pair_plus_1.0,Pi5,baseline_10Hz_Re,1,-0.11320289423633055
P1_pair_plus_1.0,Pi5,baseline_10Hz_Re,2,0.30128002337370674
P1_pair_plus_1.0,Pi5,baseline_10Hz_Re,3,-3.023953725467265
P1_pair_plus_1.0,Pi5,baseline_10Hz_Re,4,-6.935583434142244
P1_pair_plus_1.0,Pi5,baseline_10Hz_Re,5,-3.194046830445884
P1_pair_plus_1.0,Pi5,baseline_10Hz_Re,6,4.6533563343276185
P1_pair_plus_1.0,Pi5,baseline_10Hz_Re,7,-0.8294265668951083
P1_pair_plus_1.0,Pi5,baseline_10Hz_Re,8,3.3796795087415172
P1_pair_plus_1.0,Pi5,baseline_10Hz_Re,9,2.282985104606894
P1_pair_plus_1.0,Pi5,baseline_10Hz_Re,10,-0.9031405190818019
P1_pair_plus_1.0,Pi5,baseline_10Hz_Re,11,-0.16733508316768564
P1_pair_plus_1.0,Pi5,baseline_10Hz_Re,12,1.713085532539793
P1_pair_plus_1.0,Pi5,baseline_10Hz_Re,13,0.07228157419270076
P1_pair_plus_1.0,Pi5,baseline_10Hz_Im,0,7.004757867212773
P1_pair_plus_1.0,Pi5,baseline_10Hz_Im,1,-0.4189083181449504
P1_pair_plus_1.0,Pi5,baseline_10Hz_Im,2,-1.8345828839638754
P1_pair_plus_1.0,Pi5,baseline_10Hz_Im,3,-0.3598032317420063
P1_pair_plus_1.0,Pi5,baseline_10Hz_Im,4,-9.854802075315305
P1_pair_plus_1.0,Pi5,baseline_10Hz_Im,5,-2.327921891209783
P1_pair_plus_1.0,Pi5,baseline_10Hz_Im,6,14.84291680295957
P1_pair_plus_1.0,Pi5,baseline_10Hz_Im,7,-2.468054455695423
P1_pair_plus_1.0,Pi5,baseline_10Hz_Im,8,10.980620148282048
P1_pair_plus_1.0,Pi5,baseline_10Hz_Im,9,0.0
P1_pair_plus_1.0,Pi5,baseline_10Hz_Im,10,0.2526340725950149
P1_pair_plus_1.0,Pi5,baseline_10Hz_Im,11,0.19131965292018546
P1_pair_plus_1.0,Pi5,baseline_10Hz_Im,12,4.158113547569897
P1_pair_plus_1.0,Pi5,baseline_10Hz_Im,13,0.02167877237724269
P1_pair_plus_1.0,Pi5,baseline_14.678Hz_Re,0,3.460541114863602
P1_pair_plus_1.0,Pi5,baseline_14.678Hz_Re,1,-0.20078588411909234
P1_pair_plus_1.0,Pi5,baseline_14.678Hz_Re,2,-0.0028866387502546327
P1_pair_plus_1.0,Pi5,baseline_14.678Hz_Re,3,-2.4257759671630907
P1_pair_plus_1.0,Pi5,baseline_14.678Hz_Re,4,-7.996187234282636
P1_pair_plus_1.0,Pi5,baseline_14.678Hz_Re,5,-3.123349357547766
P1_pair_plus_1.0,Pi5,baseline_14.678Hz_Re,6,7.291030285938581
P1_pair_plus_1.0,Pi5,baseline_14.678Hz_Re,7,-1.2021070342704832
P1_pair_plus_1.0,Pi5,baseline_14.678Hz_Re,8,5.405367049071685
P1_pair_plus_1.0,Pi5,baseline_14.678Hz_Re,9,2.001615672941881
P1_pair_plus_1.0,Pi5,baseline_14.678Hz_Re,10,-0.6066423624329076
P1_pair_plus_1.0,Pi5,baseline_14.678Hz_Re,11,-0.09732992496402913
P1_pair_plus_1.0,Pi5,baseline_14.678Hz_Re,12,2.4394933436866495
P1_pair_plus_1.0,Pi5,baseline_14.678Hz_Re,13,0.08342989237242193
P1_pair_plus_1.0,Pi5,baseline_14.678Hz_Im,0,7.426534029697506
P1_pair_plus_1.0,Pi5,baseline_14.678Hz_Im,1,-0.45787339915115405
P1_pair_plus_1.0,Pi5,baseline_14.678Hz_Im,2,-1.779017890424228
P1_pair_plus_1.0,Pi5,baseline_14.678Hz_Im,3,1.3890152036566403
P1_pair_plus_1.0,Pi5,baseline_14.678Hz_Im,4,-6.436054257008549
P1_pair_plus_1.0,Pi5,baseline_14.678Hz_Im,5,-0.11427654484919002
P1_pair_plus_1.0,Pi5,baseline_14.678Hz_Im,6,15.507696786642986
P1_pair_plus_1.0,Pi5,baseline_14.678Hz_Im,7,-2.5020216509519244
P1_pair_plus_1.0,Pi5,baseline_14.678Hz_Im,8,11.558815869494586
P1_pair_plus_1.0,Pi5,baseline_14.678Hz_Im,9,0.0
P1_pair_plus_1.0,Pi5,baseline_14.678Hz_Im,10,0.6393760739076271
P1_pair_plus_1.0,Pi5,baseline_14.678Hz_Im,11,0.19759312990252906
P1_pair_plus_1.0,Pi5,baseline_14.678Hz_Im,12,3.4267679995814144
P1_pair_plus_1.0,Pi5,baseline_14.678Hz_Im,13,0.04254684351501225
P1_pair_plus_1.0,Pi5,baseline_21.5443Hz_Re,0,4.8204969518739205
P1_pair_plus_1.0,Pi5,baseline_21.5443Hz_Re,1,-0.29100298699624716
P1_pair_plus_1.0,Pi5,baseline_21.5443Hz_Re,2,-0.2543977702718081
P1_pair_plus_1.0,Pi5,baseline_21.5443Hz_Re,3,-1.7036443180629133
P1_pair_plus_1.0,Pi5,baseline_21.5443Hz_Re,4,-8.254504010452024
P1_pair_plus_1.0,Pi5,baseline_21.5443Hz_Re,5,-2.5824108671912427
P1_pair_plus_1.0,Pi5,baseline_21.5443Hz_Re,6,10.052109354008465
P1_pair_plus_1.0,Pi5,baseline_21.5443Hz_Re,7,-1.6184722624101864
P1_pair_plus_1.0,Pi5,baseline_21.5443Hz_Re,8,7.4962098918884825
P1_pair_plus_1.0,Pi5,baseline_21.5443Hz_Re,9,1.9598288580002785
P1_pair_plus_1.0,Pi5,baseline_21.5443Hz_Re,10,-0.37027075130424686
P1_pair_plus_1.0,Pi5,baseline_21.5443Hz_Re,11,-0.055183041069994936
P1_pair_plus_1.0,Pi5,baseline_21.5443Hz_Re,12,2.8688403125531887
P1_pair_plus_1.0,Pi5,baseline_21.5443Hz_Re,13,0.10006507520365913
P1_pair_plus_1.0,Pi5,baseline_21.5443Hz_Im,0,6.652707116971967
P1_pair_plus_1.0,Pi5,baseline_21.5443Hz_Im,1,-0.4168542169669109
P1_pair_plus_1.0,Pi5,baseline_21.5443Hz_Im,2,-1.903310983264461
P1_pair_plus_1.0,Pi5,baseline_21.5443Hz_Im,3,2.2728126122917303
P1_pair_plus_1.0,Pi5,baseline_21.5443Hz_Im,4,-2.8886420209595083
P1_pair_plus_1.0,Pi5,baseline_21.5443Hz_Im,5,1.4552828368596946
P1_pair_plus_1.0,Pi5,baseline_21.5443Hz_Im,6,13.827669999355583
P1_pair_plus_1.0,Pi5,baseline_21.5443Hz_Im,7,-2.2088749730420076
P1_pair_plus_1.0,Pi5,baseline_21.5443Hz_Im,8,10.331516535422303
P1_pair_plus_1.0,Pi5,baseline_21.5443Hz_Im,9,0.0
P1_pair_plus_1.0,Pi5,baseline_21.5443Hz_Im,10,0.7052540092367109
P1_pair_plus_1.0,Pi5,baseline_21.5443Hz_Im,11,0.1668879984872973
P1_pair_plus_1.0,Pi5,baseline_21.5443Hz_Im,12,2.2602804249594044
P1_pair_plus_1.0,Pi5,baseline_21.5443Hz_Im,13,0.01509651932352085
P1_pair_plus_1.0,Pi5,baseline_31.6228Hz_Re,0,5.71299530087721
P1_pair_plus_1.0,Pi5,baseline_31.6228Hz_Re,1,-0.35537744795810505
P1_pair_plus_1.0,Pi5,baseline_31.6228Hz_Re,2,-0.6705734536982533
P1_pair_plus_1.0,Pi5,baseline_31.6228Hz_Re,3,-0.9804536362345572
P1_pair_plus_1.0,Pi5,baseline_31.6228Hz_Re,4,-7.654439256943312
P1_pair_plus_1.0,Pi5,baseline_31.6228Hz_Re,5,-1.8750954466018042
P1_pair_plus_1.0,Pi5,baseline_31.6228Hz_Re,6,11.871593741341611
P1_pair_plus_1.0,Pi5,baseline_31.6228Hz_Re,7,-1.8958343811048548
P1_pair_plus_1.0,Pi5,baseline_31.6228Hz_Re,8,8.87065386692143
P1_pair_plus_1.0,Pi5,baseline_31.6228Hz_Re,9,1.8983182210163816
P1_pair_plus_1.0,Pi5,baseline_31.6228Hz_Re,10,-0.19496156191678435
P1_pair_plus_1.0,Pi5,baseline_31.6228Hz_Re,11,-0.028028935528112694
P1_pair_plus_1.0,Pi5,baseline_31.6228Hz_Re,12,2.9227426758371418
P1_pair_plus_1.0,Pi5,baseline_31.6228Hz_Re,13,0.09220939416465511
P1_pair_plus_1.0,Pi5,baseline_31.6228Hz_Im,0,6.236858800479083
P1_pair_plus_1.0,Pi5,baseline_31.6228Hz_Im,1,-0.38586829200770717
P1_pair_plus_1.0,Pi5,baseline_31.6228Hz_Im,2,-2.2483285116337015
P1_pair_plus_1.0,Pi5,baseline_31.6228Hz_Im,3,2.6306359843797367
P1_pair_plus_1.0,Pi5,baseline_31.6228Hz_Im,4,-0.9622012560495107
P1_pair_plus_1.0,Pi5,baseline_31.6228Hz_Im,5,2.2035466234804346
P1_pair_plus_1.0,Pi5,baseline_31.6228Hz_Im,6,12.942848593477938
P1_pair_plus_1.0,Pi5,baseline_31.6228Hz_Im,7,-2.0602388395962734
P1_pair_plus_1.0,Pi5,baseline_31.6228Hz_Im,8,9.678639091559305
P1_pair_plus_1.0,Pi5,baseline_31.6228Hz_Im,9,0.0
P1_pair_plus_1.0,Pi5,baseline_31.6228Hz_Im,10,0.6760831541274825
P1_pair_plus_1.0,Pi5,baseline_31.6228Hz_Im,11,0.1433254700700104
P1_pair_plus_1.0,Pi5,baseline_31.6228Hz_Im,12,1.5733321799160647
P1_pair_plus_1.0,Pi5,baseline_31.6228Hz_Im,13,-0.026568562372375478
P1_pair_plus_1.0,Pi5,baseline_46.4159Hz_Re,0,6.217755423731929
P1_pair_plus_1.0,Pi5,baseline_46.4159Hz_Re,1,-0.391244913156008
P1_pair_plus_1.0,Pi5,baseline_46.4159Hz_Re,2,-1.1125905995168495
P1_pair_plus_1.0,Pi5,baseline_46.4159Hz_Re,3,-0.4696690959260507
P1_pair_plus_1.0,Pi5,baseline_46.4159Hz_Re,4,-6.950347528733579
P1_pair_plus_1.0,Pi5,baseline_46.4159Hz_Re,5,-1.3440010547594028
P1_pair_plus_1.0,Pi5,baseline_46.4159Hz_Re,6,12.903298542199513
P1_pair_plus_1.0,Pi5,baseline_46.4159Hz_Re,7,-2.0541112245586746
P1_pair_plus_1.0,Pi5,baseline_46.4159Hz_Re,8,9.648874127021756
P1_pair_plus_1.0,Pi5,baseline_46.4159Hz_Re,9,1.8287350089352115
P1_pair_plus_1.0,Pi5,baseline_46.4159Hz_Re,10,-0.09436539012419586
P1_pair_plus_1.0,Pi5,baseline_46.4159Hz_Re,11,-0.013336379156569931
P1_pair_plus_1.0,Pi5,baseline_46.4159Hz_Re,12,2.838075397804118
P1_pair_plus_1.0,Pi5,baseline_46.4159Hz_Re,13,0.07032012034891011
P1_pair_plus_1.0,Pi5,baseline_46.4159Hz_Im,0,5.960107095859256
P1_pair_plus_1.0,Pi5,baseline_46.4159Hz_Im,1,-0.33736946003504187
P1_pair_plus_1.0,Pi5,baseline_46.4159Hz_Im,2,-2.198804056430248
P1_pair_plus_1.0,Pi5,baseline_46.4159Hz_Im,3,2.691613087391076
P1_pair_plus_1.0,Pi5,baseline_46.4159Hz_Im,4,0.002481190208847295
P1_pair_plus_1.0,Pi5,baseline_46.4159Hz_Im,5,2.689596904748015
P1_pair_plus_1.0,Pi5,baseline_46.4159Hz_Im,6,12.36137041502605
P1_pair_plus_1.0,Pi5,baseline_46.4159Hz_Im,7,-1.9650603556131683
P1_pair_plus_1.0,Pi5,baseline_46.4159Hz_Im,8,9.24676584499462
P1_pair_plus_1.0,Pi5,baseline_46.4159Hz_Im,9,0.0
P1_pair_plus_1.0,Pi5,baseline_46.4159Hz_Im,10,0.609295537357113
P1_pair_plus_1.0,Pi5,baseline_46.4159Hz_Im,11,0.12301115708268638
P1_pair_plus_1.0,Pi5,baseline_46.4159Hz_Im,12,1.1775736437513729
P1_pair_plus_1.0,Pi5,baseline_46.4159Hz_Im,13,-0.042654317589096984
P1_pair_plus_1.0,Pi5,baseline_68.1292Hz_Re,0,6.387045414468772
P1_pair_plus_1.0,Pi5,baseline_68.1292Hz_Re,1,-0.3941661643747096
P1_pair_plus_1.0,Pi5,baseline_68.1292Hz_Re,2,-1.295417323099457
P1_pair_plus_1.0,Pi5,baseline_68.1292Hz_Re,3,-0.15651637390590167
P1_pair_plus_1.0,Pi5,baseline_68.1292Hz_Re,4,-6.3112889292060705
P1_pair_plus_1.0,Pi5,baseline_68.1292Hz_Re,5,-0.9081405517363804
P1_pair_plus_1.0,Pi5,baseline_68.1292Hz_Re,6,13.24742544632773
P1_pair_plus_1.0,Pi5,baseline_68.1292Hz_Re,7,-2.106167780135948
P1_pair_plus_1.0,Pi5,baseline_68.1292Hz_Re,8,9.909282372499995
P1_pair_plus_1.0,Pi5,baseline_68.1292Hz_Re,9,1.7379259007022083
P1_pair_plus_1.0,Pi5,baseline_68.1292Hz_Re,10,-0.04324841254010891
P1_pair_plus_1.0,Pi5,baseline_68.1292Hz_Re,11,-0.006063251811738723
P1_pair_plus_1.0,Pi5,baseline_68.1292Hz_Re,12,2.6953444378641223
P1_pair_plus_1.0,Pi5,baseline_68.1292Hz_Re,13,0.056300482720317284
P1_pair_plus_1.0,Pi5,baseline_68.1292Hz_Im,0,5.604759296184979
P1_pair_plus_1.0,Pi5,baseline_68.1292Hz_Im,1,-0.2623670886992002
P1_pair_plus_1.0,Pi5,baseline_68.1292Hz_Im,2,-1.4955997906795913
P1_pair_plus_1.0,Pi5,baseline_68.1292Hz_Im,3,2.5632037637723926
P1_pair_plus_1.0,Pi5,baseline_68.1292Hz_Im,4,0.4383326023260636
P1_pair_plus_1.0,Pi5,baseline_68.1292Hz_Im,5,3.16435863529918
P1_pair_plus_1.0,Pi5,baseline_68.1292Hz_Im,6,11.621812915452166
P1_pair_plus_1.0,Pi5,baseline_68.1292Hz_Im,7,-1.8465419653335144
P1_pair_plus_1.0,Pi5,baseline_68.1292Hz_Im,8,8.694624056260203
P1_pair_plus_1.0,Pi5,baseline_68.1292Hz_Im,9,0.0
P1_pair_plus_1.0,Pi5,baseline_68.1292Hz_Im,10,0.5287655991281781
P1_pair_plus_1.0,Pi5,baseline_68.1292Hz_Im,11,0.10440389446308983
P1_pair_plus_1.0,Pi5,baseline_68.1292Hz_Im,12,0.9304718750158257
P1_pair_plus_1.0,Pi5,baseline_68.1292Hz_Im,13,-0.015309409695518637
P1_pair_plus_1.0,Pi5,baseline_stress,0,4.679225645354279
P1_pair_plus_1.0,Pi5,baseline_stress,1,-0.2547817389508822
P1_pair_plus_1.0,Pi5,baseline_stress,2,0.9056124287809552
P1_pair_plus_1.0,Pi5,baseline_stress,3,-0.1915483289316455
P1_pair_plus_1.0,Pi5,baseline_stress,4,-5.13897409821773
P1_pair_plus_1.0,Pi5,baseline_stress,5,0.0
P1_pair_plus_1.0,Pi5,baseline_stress,6,0.0
P1_pair_plus_1.0,Pi5,baseline_stress,7,-1.540836144986457
P1_pair_plus_1.0,Pi5,baseline_stress,8,7.258379080443688
P1_pair_plus_1.0,Pi5,baseline_stress,9,6.563039911089418
P1_pair_plus_1.0,Pi5,baseline_stress,10,0.0
P1_pair_plus_1.0,Pi5,baseline_stress,11,0.0
P1_pair_plus_1.0,Pi5,baseline_stress,12,2.1666157588029478
P1_pair_plus_1.0,Pi5,baseline_stress,13,0.1816372454221948
